id,minute,result,X,Y,xG,player,h_a,player_id,situation,season,shotType,match_id,h_team,a_team,h_goals,a_goals,date,player_assisted,lastAction
103,15,SavedShot,0.7280000305175781,0.40099998474121096,0.01869720034301281,Nabil Fekir,h,3667,OpenPlay,2014,LeftFoot,6193,Lyon,Rennes,2,0,2014-08-10 16:00:00,Arnold Mvuemba,Pass
105,21,BlockedShot,0.9419999694824219,0.3320000076293945,0.0796947032213211,Nabil Fekir,h,3667,OpenPlay,2014,RightFoot,6193,Lyon,Rennes,2,0,2014-08-10 16:00:00,Mohamed Yattara,Pass
790,8,BlockedShot,0.855999984741211,0.544000015258789,0.086742103099823,Nabil Fekir,h,3667,SetPiece,2014,LeftFoot,6145,Lyon,Monaco,2,1,2014-09-12 19:30:00,Arnold Mvuemba,Pass
798,29,Goal,0.8880000305175781,0.47,0.40408700704574585,Nabil Fekir,h,3667,OpenPlay,2014,LeftFoot,6145,Lyon,Monaco,2,1,2014-09-12 19:30:00,Steed Malbranque,Throughball
1400,39,BlockedShot,0.8169999694824219,0.539000015258789,0.0565996989607811,Nabil Fekir,a,3667,OpenPlay,2014,LeftFoot,6164,Paris Saint Germain,Lyon,1,1,2014-09-21 20:00:00,Steed Malbranque,Pass
1659,37,BlockedShot,0.710999984741211,0.47900001525878905,0.044049300253391266,Nabil Fekir,h,3667,DirectFreekick,2014,LeftFoot,6169,Lyon,Lorient,4,0,2014-09-24 18:00:00,,Standard
1660,38,Goal,0.9230000305175782,0.2929999923706055,0.06273119896650314,Nabil Fekir,h,3667,OpenPlay,2014,RightFoot,6169,Lyon,Lorient,4,0,2014-09-24 18:00:00,Christophe Jallet,Pass
1666,67,Goal,0.8730000305175781,0.49700000762939456,0.3457919955253601,Nabil Fekir,h,3667,OpenPlay,2014,LeftFoot,6169,Lyon,Lorient,4,0,2014-09-24 18:00:00,Corentin Tolisso,Chipped
2351,8,SavedShot,0.9330000305175781,0.6830000305175781,0.11924900114536285,Nabil Fekir,a,3667,OpenPlay,2014,LeftFoot,6183,Nantes,Lyon,1,1,2014-09-28 16:00:00,Alexandre Lacazette,Throughball
1226,2,SavedShot,0.7809999847412109,0.30200000762939455,0.021275300532579422,Nabil Fekir,h,3667,OpenPlay,2014,LeftFoot,6122,Lyon,Lille,3,0,2014-10-05 16:00:00,Alexandre Lacazette,Pass
7696,28,SavedShot,0.8859999847412109,0.29399999618530276,0.05371129885315895,Nabil Fekir,h,3667,OpenPlay,2014,LeftFoot,6133,Lyon,Montpellier,5,1,2014-10-19 20:00:00,Christophe Jallet,HeadPass
7700,37,Goal,0.8930000305175781,0.5990000152587891,0.36340299248695374,Nabil Fekir,h,3667,OpenPlay,2014,LeftFoot,6133,Lyon,Montpellier,5,1,2014-10-19 20:00:00,Alexandre Lacazette,Pass
7702,40,MissedShots,0.789000015258789,0.5259999847412109,0.026944000273942947,Nabil Fekir,h,3667,FromCorner,2014,LeftFoot,6133,Lyon,Montpellier,5,1,2014-10-19 20:00:00,,None
2016,29,SavedShot,0.9419999694824219,0.7230000305175781,0.03920409828424454,Nabil Fekir,h,3667,OpenPlay,2014,LeftFoot,6143,Lyon,Marseille,1,0,2014-10-26 20:00:00,Jordan Ferri,Chipped
2017,40,MissedShots,0.8169999694824219,0.6090000152587891,0.04637809842824936,Nabil Fekir,h,3667,OpenPlay,2014,RightFoot,6143,Lyon,Marseille,1,0,2014-10-26 20:00:00,Alexandre Lacazette,Pass
4218,13,BlockedShot,0.92,0.49900001525878906,0.14581499993801117,Nabil Fekir,a,3667,OpenPlay,2014,LeftFoot,6081,Nice,Lyon,1,3,2014-11-01 19:00:00,Steed Malbranque,Rebound
4221,20,BlockedShot,0.795,0.55,0.04051730036735535,Nabil Fekir,a,3667,OpenPlay,2014,LeftFoot,6081,Nice,Lyon,1,3,2014-11-01 19:00:00,Alexandre Lacazette,Pass
4823,12,SavedShot,0.764000015258789,0.39799999237060546,0.09319289773702621,Nabil Fekir,h,3667,OpenPlay,2014,LeftFoot,6091,Lyon,Guingamp,3,1,2014-11-09 13:00:00,Clinton N&#039;Jie,TakeOn
4825,17,MissedShots,0.6990000152587891,0.34700000762939454,0.03353149816393852,Nabil Fekir,h,3667,DirectFreekick,2014,LeftFoot,6091,Lyon,Guingamp,3,1,2014-11-09 13:00:00,,Standard
4826,19,Goal,0.845,0.48200000762939454,0.06114799901843071,Nabil Fekir,h,3667,OpenPlay,2014,LeftFoot,6091,Lyon,Guingamp,3,1,2014-11-09 13:00:00,Christophe Jallet,Cross
4844,86,Goal,0.855999984741211,0.36900001525878906,0.2577430009841919,Nabil Fekir,h,3667,OpenPlay,2014,LeftFoot,6091,Lyon,Guingamp,3,1,2014-11-09 13:00:00,Maxime Gonalons,Pass
4063,24,SavedShot,0.9230000305175782,0.49900001525878906,0.5174990296363831,Nabil Fekir,a,3667,OpenPlay,2014,LeftFoot,6113,Saint-Etienne,Lyon,3,0,2014-11-30 20:00:00,Christophe Jallet,Pass
4695,22,BlockedShot,0.7280000305175781,0.35700000762939454,0.011094899848103523,Nabil Fekir,h,3667,OpenPlay,2014,LeftFoot,6045,Lyon,Reims,2,1,2014-12-04 20:00:00,Mohamed Yattara,TakeOn
4698,34,SavedShot,0.5559999847412109,0.59,0.00559822004288435,Nabil Fekir,h,3667,OpenPlay,2014,LeftFoot,6045,Lyon,Reims,2,1,2014-12-04 20:00:00,Samuel Umtiti,TakeOn
4701,36,MissedShots,0.8030000305175782,0.3920000076293945,0.042432401329278946,Nabil Fekir,h,3667,OpenPlay,2014,LeftFoot,6045,Lyon,Reims,2,1,2014-12-04 20:00:00,,BallRecovery
4703,47,SavedShot,0.8959999847412109,0.5720000076293945,0.11228600144386292,Nabil Fekir,h,3667,OpenPlay,2014,LeftFoot,6045,Lyon,Reims,2,1,2014-12-04 20:00:00,Alexandre Lacazette,Pass
4704,54,BlockedShot,0.7219999694824218,0.22200000762939454,0.029339199885725975,Nabil Fekir,h,3667,DirectFreekick,2014,LeftFoot,6045,Lyon,Reims,2,1,2014-12-04 20:00:00,,Standard
4718,93,SavedShot,0.8780000305175781,0.23,0.022801000624895096,Nabil Fekir,h,3667,OpenPlay,2014,LeftFoot,6045,Lyon,Reims,2,1,2014-12-04 20:00:00,,TakeOn
5553,84,MissedShots,0.9459999847412109,0.6719999694824219,0.0666273981332779,Nabil Fekir,a,3667,OpenPlay,2014,LeftFoot,6052,Evian Thonon Gaillard,Lyon,2,3,2014-12-07 13:00:00,Rachid Ghezzal,Pass
3851,3,SavedShot,0.845999984741211,0.7069999694824218,0.035453300923109055,Nabil Fekir,h,3667,OpenPlay,2014,LeftFoot,6056,Lyon,Caen,3,0,2014-12-12 19:30:00,Yassine Benzia,Pass
3853,11,SavedShot,0.845,0.509000015258789,0.1100509986281395,Nabil Fekir,h,3667,OpenPlay,2014,RightFoot,6056,Lyon,Caen,3,0,2014-12-12 19:30:00,Yassine Benzia,LayOff
3860,32,MissedShots,0.7619999694824219,0.695,0.02226340025663376,Nabil Fekir,h,3667,OpenPlay,2014,LeftFoot,6056,Lyon,Caen,3,0,2014-12-12 19:30:00,,BallRecovery
3872,69,MissedShots,0.9690000152587891,0.6480000305175782,0.10124000161886215,Nabil Fekir,h,3667,OpenPlay,2014,LeftFoot,6056,Lyon,Caen,3,0,2014-12-12 19:30:00,Corentin Tolisso,TakeOn
3874,75,SavedShot,0.885,0.5,0.7600950002670288,Nabil Fekir,h,3667,Penalty,2014,LeftFoot,6056,Lyon,Caen,3,0,2014-12-12 19:30:00,,Standard
3875,75,MissedShots,0.8880000305175781,0.44799999237060545,0.40204599499702454,Nabil Fekir,h,3667,SetPiece,2014,LeftFoot,6056,Lyon,Caen,3,0,2014-12-12 19:30:00,,Rebound
3878,85,SavedShot,0.875999984741211,0.3820000076293945,0.09460049867630005,Nabil Fekir,h,3667,OpenPlay,2014,LeftFoot,6056,Lyon,Caen,3,0,2014-12-12 19:30:00,Christophe Jallet,HeadPass
4643,0,MissedShots,0.5940000152587891,0.32299999237060545,0.008133449591696262,Nabil Fekir,a,3667,OpenPlay,2014,LeftFoot,6075,Bordeaux,Lyon,0,5,2014-12-21 20:00:00,,BallRecovery
4654,43,MissedShots,0.8969999694824219,0.31799999237060544,0.0944627970457077,Nabil Fekir,a,3667,OpenPlay,2014,LeftFoot,6075,Bordeaux,Lyon,0,5,2014-12-21 20:00:00,Clinton N&#039;Jie,Pass
4655,47,MissedShots,0.8690000152587891,0.38,0.09272939711809158,Nabil Fekir,a,3667,OpenPlay,2014,LeftFoot,6075,Bordeaux,Lyon,0,5,2014-12-21 20:00:00,Jordan Ferri,Pass
4662,60,MissedShots,0.7380000305175781,0.54,0.02944980002939701,Nabil Fekir,a,3667,OpenPlay,2014,LeftFoot,6075,Bordeaux,Lyon,0,5,2014-12-21 20:00:00,Jordan Ferri,Pass
4664,66,BlockedShot,0.7919999694824219,0.19600000381469726,0.040535300970077515,Nabil Fekir,a,3667,DirectFreekick,2014,LeftFoot,6075,Bordeaux,Lyon,0,5,2014-12-21 20:00:00,,Standard
4668,80,Goal,0.924000015258789,0.48700000762939455,0.6840140223503113,Nabil Fekir,a,3667,OpenPlay,2014,LeftFoot,6075,Bordeaux,Lyon,0,5,2014-12-21 20:00:00,Anthony Lopes,TakeOn
2946,47,Goal,0.8619999694824219,0.3139999961853027,0.13226699829101562,Nabil Fekir,h,3667,OpenPlay,2014,RightFoot,6006,Lyon,Toulouse,3,0,2015-01-11 16:00:00,Rachid Ghezzal,Throughball
4041,7,SavedShot,0.925,0.7340000152587891,0.03814589977264404,Nabil Fekir,a,3667,OpenPlay,2014,LeftFoot,6010,Lens,Lyon,0,2,2015-01-17 16:00:00,Corentin Tolisso,Pass
4047,47,MissedShots,0.7819999694824219,0.39,0.09256409853696823,Nabil Fekir,a,3667,OpenPlay,2014,RightFoot,6010,Lens,Lyon,0,2,2015-01-17 16:00:00,Alexandre Lacazette,HeadPass
4049,49,BlockedShot,0.8469999694824218,0.23200000762939454,0.044139500707387924,Nabil Fekir,a,3667,OpenPlay,2014,LeftFoot,6010,Lens,Lyon,0,2,2015-01-17 16:00:00,Christophe Jallet,TakeOn
4053,70,SavedShot,0.9719999694824218,0.3139999961853027,0.10115200281143188,Nabil Fekir,a,3667,OpenPlay,2014,LeftFoot,6010,Lens,Lyon,0,2,2015-01-17 16:00:00,,TakeOn
5429,18,BlockedShot,0.885,0.40200000762939453,0.0748078003525734,Nabil Fekir,h,3667,OpenPlay,2014,LeftFoot,6025,Lyon,Metz,2,0,2015-01-25 13:00:00,,None
5440,66,MissedShots,0.7869999694824219,0.5979999923706054,0.044439900666475296,Nabil Fekir,h,3667,OpenPlay,2014,RightFoot,6025,Lyon,Metz,2,0,2015-01-25 13:00:00,Mouhamadou Dabo,Pass
2479,14,SavedShot,0.9340000152587891,0.66,0.08721599727869034,Nabil Fekir,a,3667,OpenPlay,2014,LeftFoot,5962,Monaco,Lyon,0,0,2015-02-01 20:00:00,Jordan Ferri,TakeOn
2488,59,MissedShots,0.919000015258789,0.6179999923706054,0.36642301082611084,Nabil Fekir,a,3667,OpenPlay,2014,LeftFoot,5962,Monaco,Lyon,0,0,2015-02-01 20:00:00,Yoann Gourcuff,Throughball
4370,30,SavedShot,0.8780000305175781,0.32599998474121095,0.11699999868869781,Nabil Fekir,a,3667,OpenPlay,2014,RightFoot,5981,Lorient,Lyon,1,1,2015-02-15 20:00:00,Corentin Tolisso,Throughball
4378,58,MissedShots,0.8480000305175781,0.6769999694824219,0.04513559862971306,Nabil Fekir,a,3667,OpenPlay,2014,LeftFoot,5981,Lorient,Lyon,1,1,2015-02-15 20:00:00,Clinton N&#039;Jie,Pass
4385,88,MissedShots,0.894000015258789,0.27399999618530274,0.03991980105638504,Nabil Fekir,a,3667,OpenPlay,2014,LeftFoot,5981,Lorient,Lyon,1,1,2015-02-15 20:00:00,Christophe Jallet,Pass
3563,4,MissedShots,0.9259999847412109,0.46700000762939453,0.4194509983062744,Nabil Fekir,h,3667,OpenPlay,2014,RightFoot,5989,Lyon,Nantes,1,0,2015-02-22 16:00:00,Mouhamadou Dabo,Cross
3570,39,ShotOnPost,0.7440000152587891,0.2520000076293945,0.036680299788713455,Nabil Fekir,h,3667,DirectFreekick,2014,LeftFoot,5989,Lyon,Nantes,1,0,2015-02-22 16:00:00,,Standard
3572,46,BlockedShot,0.8390000152587891,0.47099998474121096,0.05922510102391243,Nabil Fekir,h,3667,SetPiece,2014,LeftFoot,5989,Lyon,Nantes,1,0,2015-02-22 16:00:00,,Rebound
3574,47,MissedShots,0.7240000152587891,0.46700000762939453,0.050173401832580566,Nabil Fekir,h,3667,DirectFreekick,2014,LeftFoot,5989,Lyon,Nantes,1,0,2015-02-22 16:00:00,,Standard
3578,66,Goal,0.9030000305175782,0.52,0.09632710367441177,Nabil Fekir,h,3667,OpenPlay,2014,RightFoot,5989,Lyon,Nantes,1,0,2015-02-22 16:00:00,,None
1856,20,SavedShot,0.8290000152587891,0.52,0.06893990188837051,Nabil Fekir,a,3667,OpenPlay,2014,LeftFoot,5939,Montpellier,Lyon,1,5,2015-03-08 20:00:00,Yoann Gourcuff,Pass
1859,39,Goal,0.8919999694824219,0.33099998474121095,0.06482700258493423,Nabil Fekir,a,3667,OpenPlay,2014,LeftFoot,5939,Montpellier,Lyon,1,5,2015-03-08 20:00:00,Yoann Gourcuff,Pass
1863,66,MissedShots,0.725999984741211,0.49900001525878906,0.01951639913022518,Nabil Fekir,a,3667,OpenPlay,2014,LeftFoot,5939,Montpellier,Lyon,1,5,2015-03-08 20:00:00,Yoann Gourcuff,Pass
1867,71,Goal,0.8959999847412109,0.600999984741211,0.3809199929237366,Nabil Fekir,a,3667,OpenPlay,2014,LeftFoot,5939,Montpellier,Lyon,1,5,2015-03-08 20:00:00,Yoann Gourcuff,Pass
8322,11,MissedShots,0.769000015258789,0.27700000762939453,0.04880499839782715,Nabil Fekir,a,3667,DirectFreekick,2014,LeftFoot,5886,Guingamp,Lyon,1,3,2015-04-04 16:00:00,,Standard
8324,25,Goal,0.764000015258789,0.59,0.025845199823379517,Nabil Fekir,a,3667,OpenPlay,2014,LeftFoot,5886,Guingamp,Lyon,1,3,2015-04-04 16:00:00,Alexandre Lacazette,Pass
8329,46,MissedShots,0.6409999847412109,0.425,0.015403700061142445,Nabil Fekir,a,3667,OpenPlay,2014,LeftFoot,5886,Guingamp,Lyon,1,3,2015-04-04 16:00:00,Clinton N&#039;Jie,HeadPass
8332,74,SavedShot,0.9230000305175782,0.46,0.5487390160560608,Nabil Fekir,a,3667,OpenPlay,2014,RightFoot,5886,Guingamp,Lyon,1,3,2015-04-04 16:00:00,Steed Malbranque,Pass
8290,45,SavedShot,0.759000015258789,0.6140000152587891,0.06457159668207169,Nabil Fekir,h,3667,DirectFreekick,2014,LeftFoot,5904,Lyon,SC Bastia,2,0,2015-04-15 17:30:00,,Standard
8293,63,MissedShots,0.8230000305175781,0.4229999923706055,0.0642922967672348,Nabil Fekir,h,3667,OpenPlay,2014,RightFoot,5904,Lyon,SC Bastia,2,0,2015-04-15 17:30:00,Alexandre Lacazette,Pass
6196,8,SavedShot,0.7190000152587891,0.2589999961853027,0.03166769817471504,Nabil Fekir,h,3667,DirectFreekick,2014,LeftFoot,5914,Lyon,Saint-Etienne,2,2,2015-04-19 20:00:00,,Standard
6198,11,BlockedShot,0.88,0.2929999923706055,0.03396270051598549,Nabil Fekir,h,3667,OpenPlay,2014,LeftFoot,5914,Lyon,Saint-Etienne,2,2,2015-04-19 20:00:00,,Rebound
6199,11,SavedShot,0.924000015258789,0.275,0.034313101321458817,Nabil Fekir,h,3667,OpenPlay,2014,RightFoot,5914,Lyon,Saint-Etienne,2,2,2015-04-19 20:00:00,,Rebound
6203,15,ShotOnPost,0.8530000305175781,0.595999984741211,0.08037610352039337,Nabil Fekir,h,3667,OpenPlay,2014,LeftFoot,5914,Lyon,Saint-Etienne,2,2,2015-04-19 20:00:00,Alexandre Lacazette,Pass
6207,25,MissedShots,0.8859999847412109,0.5579999923706055,0.12637199461460114,Nabil Fekir,h,3667,OpenPlay,2014,LeftFoot,5914,Lyon,Saint-Etienne,2,2,2015-04-19 20:00:00,Henri Bedimo,Pass
6215,45,MissedShots,0.7430000305175781,0.45,0.021433699876070023,Nabil Fekir,h,3667,OpenPlay,2014,LeftFoot,5914,Lyon,Saint-Etienne,2,2,2015-04-19 20:00:00,Jordan Ferri,Pass
6796,31,SavedShot,0.9059999847412109,0.48,0.49845099449157715,Nabil Fekir,a,3667,OpenPlay,2014,LeftFoot,5924,Reims,Lyon,2,4,2015-04-26 20:00:00,Henri Bedimo,TakeOn
6810,79,MissedShots,0.81,0.8369999694824218,0.03858429938554764,Nabil Fekir,a,3667,DirectFreekick,2014,LeftFoot,5924,Reims,Lyon,2,4,2015-04-26 20:00:00,,Standard
7169,74,SavedShot,0.759000015258789,0.325,0.05353109911084175,Nabil Fekir,h,3667,DirectFreekick,2014,LeftFoot,5846,Lyon,Evian Thonon Gaillard,2,0,2015-05-02 16:00:00,,Standard
7171,78,MissedShots,0.8919999694824219,0.285,0.047738999128341675,Nabil Fekir,h,3667,OpenPlay,2014,LeftFoot,5846,Lyon,Evian Thonon Gaillard,2,0,2015-05-02 16:00:00,,None
7172,82,BlockedShot,0.9619999694824218,0.34,0.08799439668655396,Nabil Fekir,h,3667,OpenPlay,2014,RightFoot,5846,Lyon,Evian Thonon Gaillard,2,0,2015-05-02 16:00:00,Maxime Gonalons,Pass
7175,91,SavedShot,0.915,0.32299999237060545,0.08902929723262787,Nabil Fekir,h,3667,OpenPlay,2014,LeftFoot,5846,Lyon,Evian Thonon Gaillard,2,0,2015-05-02 16:00:00,Steed Malbranque,Pass
7176,92,BlockedShot,0.815,0.49599998474121093,0.1367180049419403,Nabil Fekir,h,3667,OpenPlay,2014,LeftFoot,5846,Lyon,Evian Thonon Gaillard,2,0,2015-05-02 16:00:00,Jordan Ferri,Chipped
6182,63,SavedShot,0.779000015258789,0.39799999237060546,0.027505600824952126,Nabil Fekir,a,3667,OpenPlay,2014,LeftFoot,5856,Caen,Lyon,3,0,2015-05-09 16:00:00,Jordan Ferri,Pass
6185,71,SavedShot,0.9390000152587891,0.6980000305175781,0.05399689823389053,Nabil Fekir,a,3667,OpenPlay,2014,LeftFoot,5856,Caen,Lyon,3,0,2015-05-09 16:00:00,Clément Grenier,Pass
6820,8,Goal,0.9309999847412109,0.61,0.3569670021533966,Nabil Fekir,h,3667,OpenPlay,2014,LeftFoot,5870,Lyon,Bordeaux,1,1,2015-05-16 20:00:00,Jordan Ferri,TakeOn
6833,74,SavedShot,0.895,0.7680000305175781,0.029563099145889282,Nabil Fekir,h,3667,OpenPlay,2014,LeftFoot,5870,Lyon,Bordeaux,1,1,2015-05-16 20:00:00,Henri Bedimo,Pass
6834,76,SavedShot,0.7659999847412109,0.18299999237060546,0.03308890014886856,Nabil Fekir,h,3667,DirectFreekick,2014,LeftFoot,5870,Lyon,Bordeaux,1,1,2015-05-16 20:00:00,,Standard
7429,12,MissedShots,0.7319999694824219,0.43400001525878906,0.02234400063753128,Nabil Fekir,a,3667,OpenPlay,2014,RightFoot,5884,Rennes,Lyon,0,1,2015-05-23 20:00:00,Maxime Gonalons,Pass
61421,5,BlockedShot,0.774000015258789,0.32799999237060545,0.019574999809265137,Nabil Fekir,h,3667,OpenPlay,2015,LeftFoot,1878,Lyon,Lorient,0,0,2015-08-09 23:00:00,Rafael,Pass
61427,9,MissedShots,0.7069999694824218,0.505,0.042454298585653305,Nabil Fekir,h,3667,DirectFreekick,2015,LeftFoot,1878,Lyon,Lorient,0,0,2015-08-09 23:00:00,,Standard
61434,19,MissedShots,0.735,0.565,0.013215799815952778,Nabil Fekir,h,3667,OpenPlay,2015,LeftFoot,1878,Lyon,Lorient,0,0,2015-08-09 23:00:00,Alexandre Lacazette,TakeOn
61446,57,MissedShots,0.84,0.555,0.06297960132360458,Nabil Fekir,h,3667,OpenPlay,2015,LeftFoot,1878,Lyon,Lorient,0,0,2015-08-09 23:00:00,,None
61447,63,MissedShots,0.8569999694824219,0.27399999618530274,0.03106449916958809,Nabil Fekir,h,3667,OpenPlay,2015,LeftFoot,1878,Lyon,Lorient,0,0,2015-08-09 23:00:00,,None
61603,5,SavedShot,0.7140000152587891,0.46,0.018138499930500984,Nabil Fekir,a,3667,OpenPlay,2015,LeftFoot,1885,Guingamp,Lyon,0,1,2015-08-15 22:00:00,Jordan Ferri,Pass
61607,25,MissedShots,0.7280000305175781,0.27799999237060546,0.03543670102953911,Nabil Fekir,a,3667,DirectFreekick,2015,LeftFoot,1885,Guingamp,Lyon,0,1,2015-08-15 22:00:00,,Standard
61612,49,SavedShot,0.715,0.4109999847412109,0.04303690046072006,Nabil Fekir,a,3667,DirectFreekick,2015,LeftFoot,1885,Guingamp,Lyon,0,1,2015-08-15 22:00:00,,Standard
61871,11,Goal,0.87,0.49700000762939456,0.07098790258169174,Nabil Fekir,h,3667,OpenPlay,2015,LeftFoot,1890,Lyon,Rennes,1,2,2015-08-22 19:00:00,,None
61873,18,MissedShots,0.8980000305175782,0.28600000381469726,0.040382299572229385,Nabil Fekir,h,3667,OpenPlay,2015,LeftFoot,1890,Lyon,Rennes,1,2,2015-08-22 19:00:00,Corentin Tolisso,Pass
61874,20,MissedShots,0.9309999847412109,0.5679999923706055,0.11772199720144272,Nabil Fekir,h,3667,OpenPlay,2015,LeftFoot,1890,Lyon,Rennes,1,2,2015-08-22 19:00:00,Henri Bedimo,Chipped
61882,59,BlockedShot,0.8009999847412109,0.669000015258789,0.08217959851026535,Nabil Fekir,h,3667,DirectFreekick,2015,LeftFoot,1890,Lyon,Rennes,1,2,2015-08-22 19:00:00,,Standard
61884,61,SavedShot,0.7440000152587891,0.315,0.015847500413656235,Nabil Fekir,h,3667,OpenPlay,2015,LeftFoot,1890,Lyon,Rennes,1,2,2015-08-22 19:00:00,Alexandre Lacazette,Pass
62572,17,Goal,0.8780000305175781,0.685,0.050226401537656784,Nabil Fekir,a,3667,OpenPlay,2015,LeftFoot,1900,Caen,Lyon,0,4,2015-08-29 19:00:00,Corentin Tolisso,Pass
62586,43,Goal,0.9169999694824219,0.345,0.07739060372114182,Nabil Fekir,a,3667,OpenPlay,2015,LeftFoot,1900,Caen,Lyon,0,4,2015-08-29 19:00:00,Corentin Tolisso,Chipped
62590,56,Goal,0.8480000305175781,0.52,0.11941300332546234,Nabil Fekir,a,3667,OpenPlay,2015,LeftFoot,1900,Caen,Lyon,0,4,2015-08-29 19:00:00,Mathieu Valbuena,Pass
68371,90,MissedShots,0.8830000305175781,0.5520000076293945,0.3812730014324188,Nabil Fekir,a,3667,OpenPlay,2015,LeftFoot,2189,Montpellier,Lyon,0,2,2016-04-08 22:30:00,Maxime Gonalons,Chipped
68040,85,MissedShots,0.7909999847412109,0.3160000038146973,0.06972160190343857,Nabil Fekir,h,3667,DirectFreekick,2015,LeftFoot,2199,Lyon,Nice,1,1,2016-04-15 22:30:00,,Standard
68256,83,SavedShot,0.8590000152587891,0.4520000076293945,0.108644999563694,Nabil Fekir,h,3667,OpenPlay,2015,RightFoot,2237,Lyon,Monaco,6,1,2016-05-07 23:00:00,Rafael,Cross
68943,7,MissedShots,0.8769999694824219,0.624000015258789,0.3469649851322174,Nabil Fekir,a,3667,OpenPlay,2015,LeftFoot,2246,Reims,Lyon,4,1,2016-05-14 23:00:00,Alexandre Lacazette,Throughball
103221,16,BlockedShot,0.8780000305175781,0.33599998474121096,0.04852350056171417,Nabil Fekir,h,3667,OpenPlay,2016,LeftFoot,2259,Lyon,Caen,2,0,2016-08-19 22:45:00,,Rebound
103227,34,SavedShot,0.8209999847412109,0.3320000076293945,0.04724229872226715,Nabil Fekir,h,3667,OpenPlay,2016,LeftFoot,2259,Lyon,Caen,2,0,2016-08-19 22:45:00,Maxwel Cornet,Pass
103228,39,BlockedShot,0.8280000305175781,0.445,0.06935209780931473,Nabil Fekir,h,3667,OpenPlay,2016,LeftFoot,2259,Lyon,Caen,2,0,2016-08-19 22:45:00,Sergi Darder,Pass
103233,46,BlockedShot,0.8190000152587891,0.4640000152587891,0.07621929794549942,Nabil Fekir,h,3667,OpenPlay,2016,LeftFoot,2259,Lyon,Caen,2,0,2016-08-19 22:45:00,Maxwel Cornet,Pass
103236,61,MissedShots,0.8490000152587891,0.37599998474121094,0.0440526008605957,Nabil Fekir,h,3667,OpenPlay,2016,LeftFoot,2259,Lyon,Caen,2,0,2016-08-19 22:45:00,Maxwel Cornet,Chipped
103562,32,MissedShots,0.855999984741211,0.3390000152587891,0.04873320087790489,Nabil Fekir,a,3667,OpenPlay,2016,LeftFoot,2270,Dijon,Lyon,4,2,2016-08-27 19:00:00,Alexandre Lacazette,Pass
104367,35,Goal,0.885,0.5,0.7600950002670288,Nabil Fekir,h,3667,Penalty,2016,LeftFoot,2307,Lyon,Montpellier,5,1,2016-09-21 21:00:00,,Standard
104369,41,SavedShot,0.9030000305175782,0.6719999694824219,0.06764189898967743,Nabil Fekir,h,3667,OpenPlay,2016,LeftFoot,2307,Lyon,Montpellier,5,1,2016-09-21 21:00:00,Corentin Tolisso,Pass
104375,51,SavedShot,0.8590000152587891,0.6020000076293945,0.09055309742689133,Nabil Fekir,h,3667,OpenPlay,2016,RightFoot,2307,Lyon,Montpellier,5,1,2016-09-21 21:00:00,Sergi Darder,Pass
104377,56,Goal,0.9019999694824219,0.3940000152587891,0.3691740036010742,Nabil Fekir,h,3667,OpenPlay,2016,LeftFoot,2307,Lyon,Montpellier,5,1,2016-09-21 21:00:00,Rafael,Pass
104083,15,BlockedShot,0.8859999847412109,0.3089999961853027,0.044358499348163605,Nabil Fekir,a,3667,FromCorner,2016,LeftFoot,2310,Lorient,Lyon,1,0,2016-09-24 19:00:00,Emanuel Mammana,TakeOn
104089,36,SavedShot,0.855999984741211,0.35700000762939454,0.056753501296043396,Nabil Fekir,a,3667,OpenPlay,2016,LeftFoot,2310,Lorient,Lyon,1,0,2016-09-24 19:00:00,Rafael,Pass
104091,43,SavedShot,0.9409999847412109,0.4279999923706055,0.40190500020980835,Nabil Fekir,a,3667,OpenPlay,2016,LeftFoot,2310,Lorient,Lyon,1,0,2016-09-24 19:00:00,Corentin Tolisso,TakeOn
104097,62,SavedShot,0.845999984741211,0.42200000762939455,0.024587199091911316,Nabil Fekir,a,3667,SetPiece,2016,LeftFoot,2310,Lorient,Lyon,1,0,2016-09-24 19:00:00,,Aerial
104458,2,SavedShot,0.905,0.31799999237060544,0.2630690038204193,Nabil Fekir,h,3667,OpenPlay,2016,RightFoot,2328,Lyon,Saint-Etienne,2,0,2016-10-02 22:45:00,Corentin Tolisso,Pass
104478,77,SavedShot,0.865999984741211,0.6580000305175782,0.06375090032815933,Nabil Fekir,h,3667,OpenPlay,2016,RightFoot,2328,Lyon,Saint-Etienne,2,0,2016-10-02 22:45:00,Rachid Ghezzal,Pass
105290,13,MissedShots,0.8190000152587891,0.5840000152587891,0.056922800838947296,Nabil Fekir,h,3667,OpenPlay,2016,LeftFoot,2836,Lyon,SC Bastia,2,1,2016-11-05 23:00:00,Jérémy Morel,Pass
105291,16,BlockedShot,0.86,0.3820000076293945,0.061928100883960724,Nabil Fekir,h,3667,OpenPlay,2016,LeftFoot,2836,Lyon,SC Bastia,2,1,2016-11-05 23:00:00,,None
105294,24,BlockedShot,0.9390000152587891,0.34200000762939453,0.07429199665784836,Nabil Fekir,h,3667,OpenPlay,2016,LeftFoot,2836,Lyon,SC Bastia,2,1,2016-11-05 23:00:00,,BallTouch
105295,25,BlockedShot,0.8959999847412109,0.35900001525878905,0.07914809882640839,Nabil Fekir,h,3667,OpenPlay,2016,LeftFoot,2836,Lyon,SC Bastia,2,1,2016-11-05 23:00:00,Alexandre Lacazette,Pass
105298,30,SavedShot,0.7319999694824219,0.6409999847412109,0.04579579830169678,Nabil Fekir,h,3667,DirectFreekick,2016,LeftFoot,2836,Lyon,SC Bastia,2,1,2016-11-05 23:00:00,,Standard
106473,59,SavedShot,0.93,0.67,0.07092320173978806,Nabil Fekir,h,3667,OpenPlay,2016,LeftFoot,2862,Lyon,Paris Saint Germain,1,2,2016-11-27 23:45:00,Alexandre Lacazette,Pass
106476,77,BlockedShot,0.8269999694824218,0.3129999923706055,0.031727999448776245,Nabil Fekir,h,3667,OpenPlay,2016,LeftFoot,2862,Lyon,Paris Saint Germain,1,2,2016-11-27 23:45:00,,None
108051,80,Goal,0.91,0.725999984741211,0.456496000289917,Nabil Fekir,a,3667,OpenPlay,2016,LeftFoot,2867,Nantes,Lyon,0,6,2016-11-30 22:00:00,Sergi Darder,TakeOn
108053,89,BlockedShot,0.8440000152587891,0.5540000152587891,0.05499440059065819,Nabil Fekir,a,3667,FromCorner,2016,LeftFoot,2867,Nantes,Lyon,0,6,2016-11-30 22:00:00,,None
107206,48,BlockedShot,0.8159999847412109,0.6079999923706054,0.0798363983631134,Nabil Fekir,h,3667,OpenPlay,2016,LeftFoot,3246,Lyon,Rennes,1,0,2016-12-11 18:00:00,,TakeOn
108375,10,SavedShot,0.7040000152587891,0.4,0.03818809986114502,Nabil Fekir,a,3667,DirectFreekick,2016,LeftFoot,3258,Monaco,Lyon,1,3,2016-12-18 23:45:00,,Standard
108389,54,SavedShot,0.8880000305175781,0.3609999847412109,0.09791629761457443,Nabil Fekir,a,3667,OpenPlay,2016,RightFoot,3258,Monaco,Lyon,1,3,2016-12-18 23:45:00,Alexandre Lacazette,Pass
105937,10,MissedShots,0.874000015258789,0.6769999694824219,0.0403871014714241,Nabil Fekir,h,3667,OpenPlay,2016,LeftFoot,3262,Lyon,Angers,2,0,2016-12-21 23:50:00,Rachid Ghezzal,Cross
105953,64,MissedShots,0.6730000305175782,0.5129999923706055,0.011414900422096252,Nabil Fekir,h,3667,OpenPlay,2016,LeftFoot,3262,Lyon,Angers,2,0,2016-12-21 23:50:00,Alexandre Lacazette,LayOff
105956,69,MissedShots,0.7559999847412109,0.24600000381469728,0.039130799472332,Nabil Fekir,h,3667,DirectFreekick,2016,LeftFoot,3262,Lyon,Angers,2,0,2016-12-21 23:50:00,,Standard
105958,83,Goal,0.84,0.5659999847412109,0.33924400806427,Nabil Fekir,h,3667,OpenPlay,2016,RightFoot,3262,Lyon,Angers,2,0,2016-12-21 23:50:00,Alexandre Lacazette,Pass
107457,17,BlockedShot,0.784000015258789,0.3340000152587891,0.017993900924921036,Nabil Fekir,a,3667,FromCorner,2016,LeftFoot,4113,Caen,Lyon,3,2,2017-01-15 20:00:00,,None
107470,64,MissedShots,0.8480000305175781,0.5690000152587891,0.07319629937410355,Nabil Fekir,a,3667,OpenPlay,2016,LeftFoot,4113,Caen,Lyon,3,2,2017-01-15 20:00:00,Maxwel Cornet,Pass
106440,25,SavedShot,0.8480000305175781,0.4540000152587891,0.0944892019033432,Nabil Fekir,h,3667,OpenPlay,2016,LeftFoot,4133,Lyon,Lille,1,2,2017-01-28 19:00:00,Alexandre Lacazette,Pass
106446,48,MissedShots,0.855,0.46799999237060547,0.06324300169944763,Nabil Fekir,h,3667,OpenPlay,2016,LeftFoot,4133,Lyon,Lille,1,2,2017-01-28 19:00:00,,None
108409,42,Goal,0.899000015258789,0.3320000076293945,0.29488998651504517,Nabil Fekir,h,3667,OpenPlay,2016,RightFoot,4149,Lyon,Nancy,4,0,2017-02-08 21:00:00,Alexandre Lacazette,Pass
108417,71,MissedShots,0.875999984741211,0.4909999847412109,0.13174399733543396,Nabil Fekir,h,3667,OpenPlay,2016,LeftFoot,4149,Lyon,Nancy,4,0,2017-02-08 21:00:00,Alexandre Lacazette,Pass
108420,80,BlockedShot,0.8169999694824219,0.54,0.0826478973031044,Nabil Fekir,h,3667,OpenPlay,2016,LeftFoot,4149,Lyon,Nancy,4,0,2017-02-08 21:00:00,Maxwel Cornet,Pass
110726,22,BlockedShot,0.7290000152587891,0.2539999961853027,0.033314298838377,Nabil Fekir,a,3667,DirectFreekick,2016,LeftFoot,4164,Guingamp,Lyon,2,1,2017-02-11 16:00:00,,Standard
110742,81,BlockedShot,0.875,0.33599998474121096,0.06001110002398491,Nabil Fekir,a,3667,OpenPlay,2016,LeftFoot,4164,Guingamp,Lyon,2,1,2017-02-11 16:00:00,Alexandre Lacazette,Pass
111134,81,BlockedShot,0.8930000305175781,0.67,0.07135610282421112,Nabil Fekir,h,3667,OpenPlay,2016,LeftFoot,4169,Lyon,Dijon,4,2,2017-02-19 16:00:00,Maxwel Cornet,Pass
111137,86,MissedShots,0.825,0.5029999923706054,0.0866478979587555,Nabil Fekir,h,3667,OpenPlay,2016,LeftFoot,4169,Lyon,Dijon,4,2,2017-02-19 16:00:00,Memphis Depay,Pass
111138,89,Goal,0.8690000152587891,0.31799999237060544,0.052229899913072586,Nabil Fekir,h,3667,OpenPlay,2016,LeftFoot,4169,Lyon,Dijon,4,2,2017-02-19 16:00:00,Christophe Jallet,TakeOn
111139,91,MissedShots,0.5179999923706055,0.575999984741211,0.010803500190377235,Nabil Fekir,h,3667,OpenPlay,2016,LeftFoot,4169,Lyon,Dijon,4,2,2017-02-19 16:00:00,Lucas Tousart,Pass
108673,10,SavedShot,0.88,0.6859999847412109,0.0543362982571125,Nabil Fekir,h,3667,OpenPlay,2016,LeftFoot,4180,Lyon,Metz,5,0,2017-02-26 16:00:00,Corentin Tolisso,BallRecovery
108677,18,MissedShots,0.845,0.4779999923706055,0.13348199427127838,Nabil Fekir,h,3667,OpenPlay,2016,RightFoot,4180,Lyon,Metz,5,0,2017-02-26 16:00:00,Memphis Depay,TakeOn
108699,75,MissedShots,0.919000015258789,0.6990000152587891,0.0753604993224144,Nabil Fekir,h,3667,OpenPlay,2016,LeftFoot,4180,Lyon,Metz,5,0,2017-02-26 16:00:00,Memphis Depay,Pass
108964,15,SavedShot,0.9669999694824218,0.649000015258789,0.08224020153284073,Nabil Fekir,h,3667,OpenPlay,2016,LeftFoot,4203,Lyon,Toulouse,4,0,2017-03-12 16:00:00,Memphis Depay,Pass
108969,40,MissedShots,0.7919999694824219,0.6430000305175781,0.038535699248313904,Nabil Fekir,h,3667,OpenPlay,2016,LeftFoot,4203,Lyon,Toulouse,4,0,2017-03-12 16:00:00,Memphis Depay,Pass
109519,36,BlockedShot,0.715,0.669000015258789,0.014905599877238274,Nabil Fekir,a,3667,OpenPlay,2016,LeftFoot,4213,Paris Saint Germain,Lyon,2,1,2017-03-19 20:00:00,Corentin Tolisso,Pass
109526,49,MissedShots,0.8830000305175781,0.62,0.06064650043845177,Nabil Fekir,a,3667,OpenPlay,2016,LeftFoot,4213,Paris Saint Germain,Lyon,2,1,2017-03-19 20:00:00,,None
109242,85,MissedShots,0.845,0.24600000381469728,0.02182839997112751,Nabil Fekir,a,3667,OpenPlay,2016,LeftFoot,4220,Rennes,Lyon,1,1,2017-04-02 14:00:00,,None
109243,90,BlockedShot,0.8580000305175781,0.425,0.07660029828548431,Nabil Fekir,a,3667,OpenPlay,2016,RightFoot,4220,Rennes,Lyon,1,1,2017-04-02 14:00:00,Alexandre Lacazette,Pass
106682,4,BlockedShot,0.7880000305175782,0.23299999237060548,0.046695198863744736,Nabil Fekir,a,3667,DirectFreekick,2016,LeftFoot,3231,Metz,Lyon,0,3,2017-04-05 18:00:00,,Standard
106686,22,ShotOnPost,0.774000015258789,0.7030000305175781,0.017913199961185455,Nabil Fekir,a,3667,OpenPlay,2016,LeftFoot,3231,Metz,Lyon,0,3,2017-04-05 18:00:00,Maxime Gonalons,HeadPass
106701,65,SavedShot,0.925,0.6780000305175782,0.12792900204658508,Nabil Fekir,a,3667,OpenPlay,2016,LeftFoot,3231,Metz,Lyon,0,3,2017-04-05 18:00:00,Alexandre Lacazette,Throughball
106709,83,MissedShots,0.8930000305175781,0.649000015258789,0.3269740045070648,Nabil Fekir,a,3667,OpenPlay,2016,LeftFoot,3231,Metz,Lyon,0,3,2017-04-05 18:00:00,Alexandre Lacazette,Pass
110142,33,MissedShots,0.8080000305175781,0.735999984741211,0.022281300276517868,Nabil Fekir,h,3667,FromCorner,2016,LeftFoot,4230,Lyon,Lorient,1,4,2017-04-08 19:00:00,Memphis Depay,Pass
110143,39,MissedShots,0.8040000152587891,0.3060000038146973,0.0749552994966507,Nabil Fekir,h,3667,DirectFreekick,2016,LeftFoot,4230,Lyon,Lorient,1,4,2017-04-08 19:00:00,,Standard
110150,60,SavedShot,0.9,0.4520000076293945,0.11799299716949463,Nabil Fekir,h,3667,OpenPlay,2016,LeftFoot,4230,Lyon,Lorient,1,4,2017-04-08 19:00:00,Jordan Ferri,Pass
110704,40,Goal,0.740999984741211,0.21799999237060547,0.03225930035114288,Nabil Fekir,a,3667,DirectFreekick,2016,LeftFoot,4259,Angers,Lyon,1,2,2017-04-28 19:45:00,,Standard
111499,26,BlockedShot,0.95,0.509000015258789,0.6309040188789368,Nabil Fekir,h,3667,OpenPlay,2016,LeftFoot,4270,Lyon,Nantes,3,2,2017-05-07 16:00:00,Alexandre Lacazette,Pass
111500,27,BlockedShot,0.8590000152587891,0.615999984741211,0.047822799533605576,Nabil Fekir,h,3667,FromCorner,2016,LeftFoot,4270,Lyon,Nantes,3,2,2017-05-07 16:00:00,Memphis Depay,Pass
111502,45,BlockedShot,0.76,0.40099998474121096,0.06778399646282196,Nabil Fekir,h,3667,DirectFreekick,2016,LeftFoot,4270,Lyon,Nantes,3,2,2017-05-07 16:00:00,,Standard
111503,45,BlockedShot,0.7780000305175782,0.40400001525878904,0.018651099875569344,Nabil Fekir,h,3667,SetPiece,2016,LeftFoot,4270,Lyon,Nantes,3,2,2017-05-07 16:00:00,,Rebound
111505,64,Goal,0.885,0.5,0.7600950002670288,Nabil Fekir,h,3667,Penalty,2016,LeftFoot,4270,Lyon,Nantes,3,2,2017-05-07 16:00:00,,Standard
111962,16,Goal,0.9519999694824218,0.46799999237060547,0.6541810035705566,Nabil Fekir,a,3667,OpenPlay,2016,RightFoot,4277,Montpellier,Lyon,1,3,2017-05-14 20:00:00,Alexandre Lacazette,Pass
110334,8,SavedShot,0.9390000152587891,0.7609999847412109,0.020865699276328087,Nabil Fekir,h,3667,FromCorner,2016,LeftFoot,4289,Lyon,Nice,3,3,2017-05-20 20:00:00,Memphis Depay,TakeOn
110337,19,SavedShot,0.7930000305175782,0.40599998474121096,0.03606079891324043,Nabil Fekir,h,3667,OpenPlay,2016,RightFoot,4289,Lyon,Nice,3,3,2017-05-20 20:00:00,Alexandre Lacazette,Pass
110341,34,BlockedShot,0.7419999694824219,0.3029999923706055,0.04271889850497246,Nabil Fekir,h,3667,DirectFreekick,2016,LeftFoot,4289,Lyon,Nice,3,3,2017-05-20 20:00:00,,Standard
161817,58,Goal,0.885,0.5,0.7600950002670288,Nabil Fekir,h,3667,Penalty,2017,LeftFoot,8567,Lyon,Strasbourg,4,0,2017-08-05 19:00:00,,Standard
161823,90,Goal,0.8419999694824218,0.41,0.09947820007801056,Nabil Fekir,h,3667,OpenPlay,2017,LeftFoot,8567,Lyon,Strasbourg,4,0,2017-08-05 19:00:00,Maxwel Cornet,Pass
162187,1,MissedShots,0.970999984741211,0.725999984741211,0.04161649942398071,Nabil Fekir,a,3667,OpenPlay,2017,LeftFoot,8576,Rennes,Lyon,1,2,2017-08-11 19:45:00,Memphis Depay,TakeOn
162199,40,SavedShot,0.845999984741211,0.519000015258789,0.09169360250234604,Nabil Fekir,a,3667,OpenPlay,2017,LeftFoot,8576,Rennes,Lyon,1,2,2017-08-11 19:45:00,Bertrand Traoré,Pass
162213,81,MissedShots,0.66,0.3270000076293945,0.015735799446702003,Nabil Fekir,a,3667,OpenPlay,2017,LeftFoot,8576,Rennes,Lyon,1,2,2017-08-11 19:45:00,Bertrand Traoré,Pass
162304,9,Goal,0.49700000762939456,0.6619999694824219,0.007142410147935152,Nabil Fekir,h,3667,OpenPlay,2017,RightFoot,8586,Lyon,Bordeaux,3,3,2017-08-19 16:00:00,,BallRecovery
162322,82,MissedShots,0.9269999694824219,0.26,0.13260099291801453,Nabil Fekir,h,3667,OpenPlay,2017,RightFoot,8586,Lyon,Bordeaux,3,3,2017-08-19 16:00:00,Kenny Tete,Throughball
162705,15,BlockedShot,0.7530000305175781,0.7530000305175781,0.009295839816331863,Nabil Fekir,a,3667,OpenPlay,2017,LeftFoot,8601,Nantes,Lyon,0,0,2017-08-26 16:15:00,Ferland Mendy,TakeOn
162718,63,ShotOnPost,0.8859999847412109,0.565,0.33528199791908264,Nabil Fekir,a,3667,OpenPlay,2017,RightFoot,8601,Nantes,Lyon,0,0,2017-08-26 16:15:00,,TakeOn
162833,36,BlockedShot,0.7190000152587891,0.34,0.03885959833860397,Nabil Fekir,h,3667,DirectFreekick,2017,LeftFoot,8607,Lyon,Guingamp,2,1,2017-09-10 16:00:00,,Standard
162834,46,BlockedShot,0.7909999847412109,0.6990000152587891,0.06064759939908981,Nabil Fekir,h,3667,OpenPlay,2017,LeftFoot,8607,Lyon,Guingamp,2,1,2017-09-10 16:00:00,Christopher Martins Pereira,TakeOn
162842,71,Goal,0.845999984741211,0.505,0.3333840072154999,Nabil Fekir,h,3667,OpenPlay,2017,LeftFoot,8607,Lyon,Guingamp,2,1,2017-09-10 16:00:00,Memphis Depay,TakeOn
163118,2,BlockedShot,0.7559999847412109,0.765,0.013090900145471096,Nabil Fekir,a,3667,OpenPlay,2017,LeftFoot,8624,Paris Saint Germain,Lyon,2,0,2017-09-17 20:00:00,Memphis Depay,Pass
163123,28,MissedShots,0.7519999694824219,0.3609999847412109,0.019604099914431572,Nabil Fekir,a,3667,OpenPlay,2017,LeftFoot,8624,Paris Saint Germain,Lyon,2,0,2017-09-17 20:00:00,Tanguy NDombele Alvaro,Pass
163128,49,SavedShot,0.92,0.295,0.056992899626493454,Nabil Fekir,a,3667,OpenPlay,2017,LeftFoot,8624,Paris Saint Germain,Lyon,2,0,2017-09-17 20:00:00,,TakeOn
163473,3,BlockedShot,0.730999984741211,0.4,0.049609798938035965,Nabil Fekir,h,3667,DirectFreekick,2017,LeftFoot,8629,Lyon,Dijon,3,3,2017-09-23 19:00:00,,Standard
163477,19,Goal,0.9690000152587891,0.5109999847412109,0.7551829814910889,Nabil Fekir,h,3667,OpenPlay,2017,LeftFoot,8629,Lyon,Dijon,3,3,2017-09-23 19:00:00,,Rebound
163483,41,MissedShots,0.815,0.3320000076293945,0.03836970031261444,Nabil Fekir,h,3667,OpenPlay,2017,LeftFoot,8629,Lyon,Dijon,3,3,2017-09-23 19:00:00,Lucas Tousart,BallRecovery
163489,49,MissedShots,0.8519999694824218,0.5709999847412109,0.10165199637413025,Nabil Fekir,h,3667,OpenPlay,2017,LeftFoot,8629,Lyon,Dijon,3,3,2017-09-23 19:00:00,,TakeOn
163497,74,SavedShot,0.7930000305175782,0.24399999618530274,0.05093109980225563,Nabil Fekir,h,3667,DirectFreekick,2017,LeftFoot,8629,Lyon,Dijon,3,3,2017-09-23 19:00:00,,Standard
163501,84,MissedShots,0.7140000152587891,0.5529999923706055,0.044498298317193985,Nabil Fekir,h,3667,DirectFreekick,2017,LeftFoot,8629,Lyon,Dijon,3,3,2017-09-23 19:00:00,,Standard
163893,21,SavedShot,0.5220000076293946,0.2620000076293945,0.007924029603600502,Nabil Fekir,a,3667,OpenPlay,2017,LeftFoot,8636,Angers,Lyon,3,3,2017-10-01 16:00:00,Tanguy NDombele Alvaro,BallRecovery
163896,35,BlockedShot,0.7959999847412109,0.629000015258789,0.033273398876190186,Nabil Fekir,a,3667,OpenPlay,2017,RightFoot,8636,Angers,Lyon,3,3,2017-10-01 16:00:00,Mariano,Pass
163904,47,SavedShot,0.855999984741211,0.5279999923706055,0.44756799936294556,Nabil Fekir,a,3667,OpenPlay,2017,LeftFoot,8636,Angers,Lyon,3,3,2017-10-01 16:00:00,Memphis Depay,Throughball
163911,77,BlockedShot,0.9269999694824219,0.17799999237060546,0.06565099954605103,Nabil Fekir,a,3667,DirectFreekick,2017,LeftFoot,8636,Angers,Lyon,3,3,2017-10-01 16:00:00,,Standard
163912,89,MissedShots,0.925,0.55,0.058169201016426086,Nabil Fekir,a,3667,SetPiece,2017,Head,8636,Angers,Lyon,3,3,2017-10-01 16:00:00,Memphis Depay,Aerial
163861,22,Goal,0.875,0.5129999923706055,0.11545500159263611,Nabil Fekir,h,3667,OpenPlay,2017,LeftFoot,8649,Lyon,Monaco,3,2,2017-10-13 19:45:00,Ferland Mendy,Pass
163863,28,BlockedShot,0.815,0.6759999847412109,0.06161230057477951,Nabil Fekir,h,3667,OpenPlay,2017,RightFoot,8649,Lyon,Monaco,3,2,2017-10-13 19:45:00,Ferland Mendy,LayOff
163887,94,Goal,0.725999984741211,0.44299999237060544,0.05020660161972046,Nabil Fekir,h,3667,DirectFreekick,2017,LeftFoot,8649,Lyon,Monaco,3,2,2017-10-13 19:45:00,,Standard
164560,5,Goal,0.9540000152587891,0.664000015258789,0.07560420036315918,Nabil Fekir,h,3667,OpenPlay,2017,LeftFoot,8670,Lyon,Metz,2,0,2017-10-29 14:00:00,Fernando Marçal,Pass
164562,19,Goal,0.9169999694824219,0.44299999237060544,0.47930699586868286,Nabil Fekir,h,3667,OpenPlay,2017,LeftFoot,8670,Lyon,Metz,2,0,2017-10-29 14:00:00,Kenny Tete,Pass
164578,88,BlockedShot,0.8490000152587891,0.27899999618530275,0.0264957994222641,Nabil Fekir,h,3667,FromCorner,2017,LeftFoot,8670,Lyon,Metz,2,0,2017-10-29 14:00:00,Maxwel Cornet,Pass
164445,24,Goal,0.8040000152587891,0.44299999237060544,0.09421449899673462,Nabil Fekir,a,3667,OpenPlay,2017,LeftFoot,8684,Saint-Etienne,Lyon,0,5,2017-11-05 20:00:00,Bertrand Traoré,LayOff
164462,76,SavedShot,0.889000015258789,0.53,0.5298810005187988,Nabil Fekir,a,3667,OpenPlay,2017,LeftFoot,8684,Saint-Etienne,Lyon,0,5,2017-11-05 20:00:00,Mariano,Throughball
164463,76,SavedShot,0.9180000305175782,0.48400001525878905,0.06136300042271614,Nabil Fekir,a,3667,OpenPlay,2017,Head,8684,Saint-Etienne,Lyon,0,5,2017-11-05 20:00:00,,Aerial
164464,83,Goal,0.9059999847412109,0.41,0.4906190037727356,Nabil Fekir,a,3667,OpenPlay,2017,LeftFoot,8684,Saint-Etienne,Lyon,0,5,2017-11-05 20:00:00,,None
165523,34,BlockedShot,0.875999984741211,0.6719999694824219,0.0474482998251915,Nabil Fekir,h,3667,OpenPlay,2017,LeftFoot,8709,Lyon,Lille,1,2,2017-11-29 18:00:00,,None
165527,46,BlockedShot,0.8159999847412109,0.17,0.041147999465465546,Nabil Fekir,h,3667,DirectFreekick,2017,LeftFoot,8709,Lyon,Lille,1,2,2017-11-29 18:00:00,,Standard
165529,55,SavedShot,0.885,0.5,0.7600950002670288,Nabil Fekir,h,3667,Penalty,2017,LeftFoot,8709,Lyon,Lille,1,2,2017-11-29 18:00:00,,Standard
165531,59,BlockedShot,0.7809999847412109,0.5320000076293945,0.027243999764323235,Nabil Fekir,h,3667,SetPiece,2017,LeftFoot,8709,Lyon,Lille,1,2,2017-11-29 18:00:00,Maxwel Cornet,Pass
165534,77,MissedShots,0.759000015258789,0.43099998474121093,0.022216999903321266,Nabil Fekir,h,3667,OpenPlay,2017,LeftFoot,8709,Lyon,Lille,1,2,2017-11-29 18:00:00,,None
165536,83,SavedShot,0.91,0.46299999237060546,0.37636598944664,Nabil Fekir,h,3667,OpenPlay,2017,LeftFoot,8709,Lyon,Lille,1,2,2017-11-29 18:00:00,Maxwel Cornet,Cross
165539,86,SavedShot,0.8880000305175781,0.45599998474121095,0.05215020105242729,Nabil Fekir,h,3667,OpenPlay,2017,LeftFoot,8709,Lyon,Lille,1,2,2017-11-29 18:00:00,,Aerial
165669,20,MissedShots,0.8680000305175781,0.455,0.07890640199184418,Nabil Fekir,a,3667,OpenPlay,2017,LeftFoot,8721,Caen,Lyon,1,2,2017-12-03 16:00:00,Maxwel Cornet,Chipped
165672,27,SavedShot,0.925,0.41,0.371616005897522,Nabil Fekir,a,3667,OpenPlay,2017,RightFoot,8721,Caen,Lyon,1,2,2017-12-03 16:00:00,Houssem Aouar,Rebound
165692,88,MissedShots,0.8830000305175781,0.555,0.46559199690818787,Nabil Fekir,a,3667,OpenPlay,2017,LeftFoot,8721,Caen,Lyon,1,2,2017-12-03 16:00:00,Memphis Depay,Pass
179439,89,MissedShots,0.7519999694824219,0.6969999694824218,0.017054500058293343,Nabil Fekir,a,3667,SetPiece,2017,LeftFoot,8725,Amiens,Lyon,1,2,2017-12-10 14:00:00,Fernando Marçal,Pass
185419,5,Goal,0.6890000152587891,0.425,0.03455189988017082,Nabil Fekir,h,3667,DirectFreekick,2017,LeftFoot,8737,Lyon,Marseille,2,0,2017-12-17 20:00:00,,Standard
183298,5,SavedShot,0.7519999694824219,0.34900001525878904,0.018797200173139572,Nabil Fekir,a,3667,OpenPlay,2017,LeftFoot,8746,Toulouse,Lyon,1,2,2017-12-20 19:50:00,Tanguy NDombele Alvaro,Pass
183302,17,SavedShot,0.7330000305175781,0.4570000076293945,0.05490630120038986,Nabil Fekir,a,3667,DirectFreekick,2017,LeftFoot,8746,Toulouse,Lyon,1,2,2017-12-20 19:50:00,,Standard
183305,23,Goal,0.885,0.5,0.7600950002670288,Nabil Fekir,a,3667,Penalty,2017,LeftFoot,8746,Toulouse,Lyon,1,2,2017-12-20 19:50:00,,Standard
187967,18,SavedShot,0.8190000152587891,0.27700000762939453,0.024553900584578514,Nabil Fekir,h,3667,FromCorner,2017,LeftFoot,8757,Lyon,Angers,1,1,2018-01-14 16:00:00,Memphis Depay,Pass
187974,46,Goal,0.9230000305175782,0.305,0.27057701349258423,Nabil Fekir,h,3667,OpenPlay,2017,LeftFoot,8757,Lyon,Angers,1,1,2018-01-14 16:00:00,Maxwel Cornet,Pass
187985,84,SavedShot,0.705,0.639000015258789,0.036088600754737854,Nabil Fekir,h,3667,DirectFreekick,2017,LeftFoot,8757,Lyon,Angers,1,1,2018-01-14 16:00:00,,Standard
188343,9,SavedShot,0.8419999694824218,0.505,0.09002940356731415,Nabil Fekir,a,3667,OpenPlay,2017,LeftFoot,8768,Guingamp,Lyon,0,2,2018-01-17 18:00:00,Ferland Mendy,Pass
188348,25,Goal,0.8830000305175781,0.43900001525878907,0.11402600258588791,Nabil Fekir,a,3667,OpenPlay,2017,RightFoot,8768,Guingamp,Lyon,0,2,2018-01-17 18:00:00,Maxwel Cornet,Pass
188353,36,MissedShots,0.7519999694824219,0.3160000038146973,0.020448800176382065,Nabil Fekir,a,3667,OpenPlay,2017,LeftFoot,8768,Guingamp,Lyon,0,2,2018-01-17 18:00:00,Tanguy NDombele Alvaro,Pass
188365,73,MissedShots,0.735,0.27700000762939453,0.03721129894256592,Nabil Fekir,a,3667,DirectFreekick,2017,LeftFoot,8768,Guingamp,Lyon,0,2,2018-01-17 18:00:00,,Standard
188368,79,SavedShot,0.7680000305175781,0.2879999923706055,0.05056989938020706,Nabil Fekir,a,3667,DirectFreekick,2017,LeftFoot,8768,Guingamp,Lyon,0,2,2018-01-17 18:00:00,,Standard
189513,1,Goal,0.7280000305175781,0.22399999618530272,0.030466200783848763,Nabil Fekir,h,3667,DirectFreekick,2017,LeftFoot,8777,Lyon,Paris Saint Germain,2,1,2018-01-21 20:00:00,,Standard
189522,34,SavedShot,0.725999984741211,0.27600000381469725,0.03473329916596413,Nabil Fekir,h,3667,DirectFreekick,2017,LeftFoot,8777,Lyon,Paris Saint Germain,2,1,2018-01-21 20:00:00,,Standard
190436,61,BlockedShot,0.8109999847412109,0.28600000381469726,0.07194879651069641,Nabil Fekir,a,3667,DirectFreekick,2017,LeftFoot,8786,Bordeaux,Lyon,3,1,2018-01-28 00:00:00,,Standard
194534,48,SavedShot,0.7519999694824219,0.34700000762939454,0.053773101419210434,Nabil Fekir,a,3667,DirectFreekick,2017,LeftFoot,8804,Monaco,Lyon,3,2,2018-02-04 20:00:00,,Standard
194288,19,MissedShots,0.89,0.41900001525878905,0.04187069833278656,Nabil Fekir,h,3667,OpenPlay,2017,Head,8809,Lyon,Rennes,0,2,2018-02-11 20:00:00,Kenny Tete,Cross
194290,36,MissedShots,0.865999984741211,0.30100000381469727,0.043850600719451904,Nabil Fekir,h,3667,OpenPlay,2017,LeftFoot,8809,Lyon,Rennes,0,2,2018-02-11 20:00:00,Tanguy NDombele Alvaro,Pass
194291,37,SavedShot,0.769000015258789,0.30100000381469727,0.017628800123929977,Nabil Fekir,h,3667,OpenPlay,2017,LeftFoot,8809,Lyon,Rennes,0,2,2018-02-11 20:00:00,Bertrand Traoré,Pass
194294,46,SavedShot,0.735,0.534000015258789,0.015957200899720192,Nabil Fekir,h,3667,OpenPlay,2017,LeftFoot,8809,Lyon,Rennes,0,2,2018-02-11 20:00:00,,BallRecovery
194302,74,MissedShots,0.8009999847412109,0.34700000762939454,0.027298400178551674,Nabil Fekir,h,3667,OpenPlay,2017,LeftFoot,8809,Lyon,Rennes,0,2,2018-02-11 20:00:00,Maxwel Cornet,TakeOn
194303,79,MissedShots,0.9159999847412109,0.6170000076293946,0.01266380026936531,Nabil Fekir,h,3667,FromCorner,2017,Head,8809,Lyon,Rennes,0,2,2018-02-11 20:00:00,Maxwel Cornet,Aerial
196824,87,SavedShot,0.9059999847412109,0.3160000038146973,0.04701339825987816,Nabil Fekir,a,3667,OpenPlay,2017,LeftFoot,8818,Lille,Lyon,2,2,2018-02-18 16:00:00,,Rebound
208571,86,SavedShot,0.8030000305175782,0.6790000152587891,0.03761100023984909,Nabil Fekir,h,3667,OpenPlay,2017,RightFoot,8889,Lyon,Amiens,3,0,2018-04-14 15:00:00,Jérémy Morel,Pass
210195,7,BlockedShot,0.845999984741211,0.4470000076293945,0.09105709940195084,Nabil Fekir,a,3667,OpenPlay,2017,LeftFoot,8902,Dijon,Lyon,2,5,2018-04-20 00:00:00,,BallRecovery
210198,14,MissedShots,0.9169999694824219,0.33,0.010897899977862835,Nabil Fekir,a,3667,FromCorner,2017,Head,8902,Dijon,Lyon,2,5,2018-04-20 00:00:00,Memphis Depay,Cross
210199,15,SavedShot,0.9680000305175781,0.34200000762939453,0.3223620057106018,Nabil Fekir,a,3667,OpenPlay,2017,RightFoot,8902,Dijon,Lyon,2,5,2018-04-20 00:00:00,Tanguy NDombele Alvaro,Throughball
210209,33,SavedShot,0.8580000305175781,0.4620000076293945,0.09382110089063644,Nabil Fekir,a,3667,OpenPlay,2017,LeftFoot,8902,Dijon,Lyon,2,5,2018-04-20 00:00:00,Rafael,Pass
210215,47,ShotOnPost,0.915,0.305,0.055814098566770554,Nabil Fekir,a,3667,OpenPlay,2017,RightFoot,8902,Dijon,Lyon,2,5,2018-04-20 00:00:00,Bertrand Traoré,TakeOn
210220,52,Goal,0.915,0.5070000076293946,0.165910005569458,Nabil Fekir,a,3667,OpenPlay,2017,LeftFoot,8902,Dijon,Lyon,2,5,2018-04-20 00:00:00,Tanguy NDombele Alvaro,TakeOn
210224,59,SavedShot,0.905,0.3220000076293945,0.13218000531196594,Nabil Fekir,a,3667,OpenPlay,2017,LeftFoot,8902,Dijon,Lyon,2,5,2018-04-20 00:00:00,Bertrand Traoré,Throughball
211761,7,MissedShots,0.909000015258789,0.7380000305175781,0.052142299711704254,Nabil Fekir,h,3667,OpenPlay,2017,LeftFoot,8909,Lyon,Nantes,2,0,2018-04-28 18:00:00,Memphis Depay,TakeOn
211764,17,MissedShots,0.740999984741211,0.34900001525878904,0.048622798174619675,Nabil Fekir,h,3667,DirectFreekick,2017,LeftFoot,8909,Lyon,Nantes,2,0,2018-04-28 18:00:00,,Standard
211775,46,MissedShots,0.7659999847412109,0.2520000076293945,0.018213100731372833,Nabil Fekir,h,3667,OpenPlay,2017,RightFoot,8909,Lyon,Nantes,2,0,2018-04-28 18:00:00,Bertrand Traoré,Pass
211779,54,SavedShot,0.7959999847412109,0.375,0.041300300508737564,Nabil Fekir,h,3667,OpenPlay,2017,RightFoot,8909,Lyon,Nantes,2,0,2018-04-28 18:00:00,Bertrand Traoré,Pass
211787,70,SavedShot,0.88,0.40200000762939453,0.1266549974679947,Nabil Fekir,h,3667,OpenPlay,2017,LeftFoot,8909,Lyon,Nantes,2,0,2018-04-28 18:00:00,Bertrand Traoré,Pass
215066,49,Goal,0.885,0.5,0.7600950002670288,Nabil Fekir,a,3667,Penalty,2017,LeftFoot,8930,Strasbourg,Lyon,3,2,2018-05-12 20:00:00,,Standard
215072,90,SavedShot,0.874000015258789,0.75,0.024177899584174156,Nabil Fekir,a,3667,OpenPlay,2017,LeftFoot,8930,Strasbourg,Lyon,3,2,2018-05-12 20:00:00,Houssem Aouar,TakeOn
216127,9,MissedShots,0.78,0.6,0.027384700253605843,Nabil Fekir,h,3667,OpenPlay,2017,LeftFoot,8936,Lyon,Nice,3,2,2018-05-19 19:00:00,Lucas Tousart,TakeOn
216128,12,BlockedShot,0.8390000152587891,0.5070000076293946,0.08358360081911087,Nabil Fekir,h,3667,OpenPlay,2017,LeftFoot,8936,Lyon,Nice,3,2,2018-05-19 19:00:00,Rafael,Pass
216137,44,BlockedShot,0.8619999694824219,0.6719999694824219,0.0311404000967741,Nabil Fekir,h,3667,SetPiece,2017,RightFoot,8936,Lyon,Nice,3,2,2018-05-19 19:00:00,Memphis Depay,Pass
219848,81,BlockedShot,0.9030000305175782,0.6809999847412109,0.08906389772891998,Nabil Fekir,h,3667,OpenPlay,2018,RightFoot,10663,Lyon,Strasbourg,2,0,2018-08-24 21:45:00,Memphis Depay,Pass
219849,84,MissedShots,0.8469999694824218,0.24399999618530274,0.032361000776290894,Nabil Fekir,h,3667,OpenPlay,2018,LeftFoot,10663,Lyon,Strasbourg,2,0,2018-08-24 21:45:00,Bertrand Traoré,Pass
221343,2,MissedShots,0.8780000305175781,0.649000015258789,0.06018739938735962,Nabil Fekir,h,3667,OpenPlay,2018,LeftFoot,10673,Lyon,Nice,0,1,2018-08-31 21:45:00,,None
221351,21,MissedShots,0.755,0.575,0.019824400544166565,Nabil Fekir,h,3667,OpenPlay,2018,LeftFoot,10673,Lyon,Nice,0,1,2018-08-31 21:45:00,Lucas Tousart,Pass
221355,42,BlockedShot,0.8019999694824219,0.35400001525878905,0.09235700219869614,Nabil Fekir,h,3667,DirectFreekick,2018,LeftFoot,10673,Lyon,Nice,0,1,2018-08-31 21:45:00,,Standard
221362,54,SavedShot,0.7480000305175781,0.345,0.01781729981303215,Nabil Fekir,h,3667,OpenPlay,2018,LeftFoot,10673,Lyon,Nice,0,1,2018-08-31 21:45:00,Rafael,Pass
221363,56,ShotOnPost,0.960999984741211,0.40900001525878904,0.4539240002632141,Nabil Fekir,h,3667,OpenPlay,2018,LeftFoot,10673,Lyon,Nice,0,1,2018-08-31 21:45:00,,None
221371,71,SavedShot,0.794000015258789,0.620999984741211,0.021916799247264862,Nabil Fekir,h,3667,OpenPlay,2018,LeftFoot,10673,Lyon,Nice,0,1,2018-08-31 21:45:00,Memphis Depay,HeadPass
221373,74,MissedShots,0.7619999694824219,0.7240000152587891,0.01565220020711422,Nabil Fekir,h,3667,OpenPlay,2018,LeftFoot,10673,Lyon,Nice,0,1,2018-08-31 21:45:00,Maxwel Cornet,Pass
221375,85,SavedShot,0.865999984741211,0.4620000076293945,0.07404550164937973,Nabil Fekir,h,3667,OpenPlay,2018,RightFoot,10673,Lyon,Nice,0,1,2018-08-31 21:45:00,,Rebound
221378,88,SavedShot,0.8569999694824219,0.7330000305175781,0.03316099941730499,Nabil Fekir,h,3667,OpenPlay,2018,LeftFoot,10673,Lyon,Nice,0,1,2018-08-31 21:45:00,Maxwel Cornet,Pass
223650,6,BlockedShot,0.8080000305175781,0.2989999961853027,0.022201700136065483,Nabil Fekir,a,3667,OpenPlay,2018,LeftFoot,10685,Caen,Lyon,2,2,2018-09-15 15:00:00,Houssem Aouar,TakeOn
223653,11,MissedShots,0.87,0.45099998474121095,0.02888539992272854,Nabil Fekir,a,3667,OpenPlay,2018,Head,10685,Caen,Lyon,2,2,2018-09-15 15:00:00,Rafael,Cross
223660,25,BlockedShot,0.91,0.34,0.06291370093822479,Nabil Fekir,a,3667,OpenPlay,2018,RightFoot,10685,Caen,Lyon,2,2,2018-09-15 15:00:00,,None
223662,30,BlockedShot,0.774000015258789,0.6719999694824219,0.062366701662540436,Nabil Fekir,a,3667,DirectFreekick,2018,LeftFoot,10685,Caen,Lyon,2,2,2018-09-15 15:00:00,,Standard
223667,44,Goal,0.7719999694824219,0.3609999847412109,0.06881359964609146,Nabil Fekir,a,3667,DirectFreekick,2018,LeftFoot,10685,Caen,Lyon,2,2,2018-09-15 15:00:00,,Standard
223668,49,MissedShots,0.7919999694824219,0.6840000152587891,0.026463499292731285,Nabil Fekir,a,3667,OpenPlay,2018,LeftFoot,10685,Caen,Lyon,2,2,2018-09-15 15:00:00,Moussa Dembele,HeadPass
226091,1,BlockedShot,0.865999984741211,0.43099998474121093,0.05359559878706932,Nabil Fekir,h,3667,FromCorner,2018,LeftFoot,10702,Lyon,Marseille,4,2,2018-09-23 19:00:00,Memphis Depay,Pass
226095,35,MissedShots,0.784000015258789,0.35700000762939454,0.07700130343437195,Nabil Fekir,h,3667,DirectFreekick,2018,LeftFoot,10702,Lyon,Marseille,4,2,2018-09-23 19:00:00,,Standard
226105,56,SavedShot,0.8080000305175781,0.5179999923706055,0.06949000060558319,Nabil Fekir,h,3667,OpenPlay,2018,RightFoot,10702,Lyon,Marseille,4,2,2018-09-23 19:00:00,Memphis Depay,Pass
226109,70,BlockedShot,0.8180000305175781,0.47900001525878905,0.08181039988994598,Nabil Fekir,h,3667,OpenPlay,2018,LeftFoot,10702,Lyon,Marseille,4,2,2018-09-23 19:00:00,Bertrand Traoré,Pass
226111,73,Goal,0.885,0.5,0.7600950002670288,Nabil Fekir,h,3667,Penalty,2018,LeftFoot,10702,Lyon,Marseille,4,2,2018-09-23 19:00:00,,Standard
226114,84,BlockedShot,0.8080000305175781,0.24899999618530275,0.05818789824843407,Nabil Fekir,h,3667,DirectFreekick,2018,LeftFoot,10702,Lyon,Marseille,4,2,2018-09-23 19:00:00,,Standard
228323,6,BlockedShot,0.7659999847412109,0.6780000305175782,0.020697500556707382,Nabil Fekir,h,3667,OpenPlay,2018,LeftFoot,10716,Lyon,Nantes,1,1,2018-09-29 18:00:00,Bertrand Traoré,Pass
228336,46,ShotOnPost,0.8419999694824218,0.635,0.06413870304822922,Nabil Fekir,h,3667,OpenPlay,2018,LeftFoot,10716,Lyon,Nantes,1,1,2018-09-29 18:00:00,Memphis Depay,Pass
228338,48,SavedShot,0.9130000305175782,0.720999984741211,0.04746370017528534,Nabil Fekir,h,3667,OpenPlay,2018,LeftFoot,10716,Lyon,Nantes,1,1,2018-09-29 18:00:00,,Rebound
228344,66,SavedShot,0.9,0.720999984741211,0.040523599833250046,Nabil Fekir,h,3667,OpenPlay,2018,LeftFoot,10716,Lyon,Nantes,1,1,2018-09-29 18:00:00,Houssem Aouar,Pass
228350,73,MissedShots,0.7780000305175782,0.315,0.021250100806355476,Nabil Fekir,h,3667,OpenPlay,2018,LeftFoot,10716,Lyon,Nantes,1,1,2018-09-29 18:00:00,Bertrand Traoré,Pass
228351,80,SavedShot,0.885,0.5,0.7600290179252625,Nabil Fekir,h,3667,Penalty,2018,LeftFoot,10716,Lyon,Nantes,1,1,2018-09-29 18:00:00,,Standard
261235,28,SavedShot,0.795,0.3,0.021240299567580223,Nabil Fekir,h,3667,OpenPlay,2018,LeftFoot,10755,Lyon,Bordeaux,1,1,2018-11-03 16:00:00,Memphis Depay,Pass
261659,9,MissedShots,0.9390000152587891,0.38,0.04738679900765419,Nabil Fekir,h,3667,OpenPlay,2018,Head,10776,Lyon,Saint-Etienne,1,0,2018-11-23 19:45:00,Ferland Mendy,Cross
261953,82,BlockedShot,0.9230000305175782,0.7340000152587891,0.04506149888038635,Nabil Fekir,a,3667,OpenPlay,2018,LeftFoot,10784,Lille,Lyon,2,2,2018-12-01 16:00:00,Ferland Mendy,Pass
261958,93,BlockedShot,0.8680000305175781,0.2560000038146973,0.023785300552845,Nabil Fekir,a,3667,OpenPlay,2018,LeftFoot,10784,Lille,Lyon,2,2,2018-12-01 16:00:00,Martin Terrier,TakeOn
262391,2,BlockedShot,0.8119999694824219,0.4909999847412109,0.05768689885735512,Nabil Fekir,h,3667,OpenPlay,2018,RightFoot,10794,Lyon,Rennes,0,2,2018-12-05 18:00:00,Bertrand Traoré,BallTouch
262395,15,SavedShot,0.759000015258789,0.20899999618530274,0.034876998513936996,Nabil Fekir,h,3667,DirectFreekick,2018,LeftFoot,10794,Lyon,Rennes,0,2,2018-12-05 18:00:00,,Standard
262396,16,MissedShots,0.7580000305175781,0.54,0.023855900391936302,Nabil Fekir,h,3667,OpenPlay,2018,LeftFoot,10794,Lyon,Rennes,0,2,2018-12-05 18:00:00,Tanguy NDombele Alvaro,Pass
262404,55,SavedShot,0.865999984741211,0.36,0.07023890316486359,Nabil Fekir,h,3667,OpenPlay,2018,RightFoot,10794,Lyon,Rennes,0,2,2018-12-05 18:00:00,Memphis Depay,Pass
262410,72,SavedShot,0.894000015258789,0.629000015258789,0.08472450077533722,Nabil Fekir,h,3667,OpenPlay,2018,LeftFoot,10794,Lyon,Rennes,0,2,2018-12-05 18:00:00,Ferland Mendy,Pass
262414,82,SavedShot,0.8519999694824218,0.30100000381469727,0.041747499257326126,Nabil Fekir,h,3667,OpenPlay,2018,RightFoot,10794,Lyon,Rennes,0,2,2018-12-05 18:00:00,Bertrand Traoré,Pass
262622,33,Goal,0.8730000305175781,0.48200000762939454,0.1171329990029335,Nabil Fekir,h,3667,OpenPlay,2018,RightFoot,10817,Lyon,Monaco,3,0,2018-12-16 12:00:00,Kenny Tete,Pass
262623,43,SavedShot,0.735999984741211,0.29700000762939455,0.0398796983063221,Nabil Fekir,h,3667,DirectFreekick,2018,LeftFoot,10817,Lyon,Monaco,3,0,2018-12-16 12:00:00,,Standard
262831,56,BlockedShot,0.8030000305175782,0.6530000305175782,0.04848429933190346,Nabil Fekir,a,3667,OpenPlay,2018,LeftFoot,10827,Montpellier,Lyon,1,1,2018-12-22 19:00:00,,TakeOn
262833,66,Goal,0.875,0.3629999923706055,0.07689639925956726,Nabil Fekir,a,3667,OpenPlay,2018,LeftFoot,10827,Montpellier,Lyon,1,1,2018-12-22 19:00:00,Kenny Tete,Pass
282343,86,Goal,0.7809999847412109,0.3920000076293945,0.08408500254154205,Nabil Fekir,a,3667,DirectFreekick,2018,LeftFoot,10812,Toulouse,Lyon,2,2,2019-01-16 18:00:00,,Standard
282345,92,BlockedShot,0.765,0.3509999847412109,0.01891460083425045,Nabil Fekir,a,3667,SetPiece,2018,LeftFoot,10812,Toulouse,Lyon,2,2,2019-01-16 18:00:00,Memphis Depay,Pass
282347,94,BlockedShot,0.8980000305175782,0.629000015258789,0.09380599856376648,Nabil Fekir,a,3667,OpenPlay,2018,LeftFoot,10812,Toulouse,Lyon,2,2,2019-01-16 18:00:00,Ferland Mendy,Pass
282635,4,BlockedShot,0.8280000305175781,0.544000015258789,0.06530220061540604,Nabil Fekir,a,3667,OpenPlay,2018,LeftFoot,10852,Saint-Etienne,Lyon,1,2,2019-01-20 20:00:00,Memphis Depay,Pass
282641,33,SavedShot,0.865,0.6580000305175782,0.050112199038267136,Nabil Fekir,a,3667,OpenPlay,2018,LeftFoot,10852,Saint-Etienne,Lyon,1,2,2019-01-20 20:00:00,Maxwel Cornet,Pass
282645,45,SavedShot,0.914000015258789,0.5,0.04395980015397072,Nabil Fekir,a,3667,OpenPlay,2018,Head,10852,Saint-Etienne,Lyon,1,2,2019-01-20 20:00:00,,None
282653,64,Goal,0.885,0.5,0.7600950002670288,Nabil Fekir,a,3667,Penalty,2018,LeftFoot,10852,Saint-Etienne,Lyon,1,2,2019-01-20 20:00:00,,Standard
282657,85,SavedShot,0.8680000305175781,0.7130000305175781,0.04696730151772499,Nabil Fekir,a,3667,OpenPlay,2018,LeftFoot,10852,Saint-Etienne,Lyon,1,2,2019-01-20 20:00:00,Houssem Aouar,TakeOn
282884,10,SavedShot,0.8190000152587891,0.55,0.056842099875211716,Nabil Fekir,a,3667,OpenPlay,2018,LeftFoot,10853,Amiens,Lyon,0,1,2019-01-27 16:00:00,Houssem Aouar,Pass
282895,46,SavedShot,0.7619999694824219,0.6229999923706054,0.02480350062251091,Nabil Fekir,a,3667,OpenPlay,2018,LeftFoot,10853,Amiens,Lyon,0,1,2019-01-27 16:00:00,Memphis Depay,Pass
282898,51,SavedShot,0.9019999694824219,0.66,0.0922107994556427,Nabil Fekir,a,3667,OpenPlay,2018,LeftFoot,10853,Amiens,Lyon,0,1,2019-01-27 16:00:00,Houssem Aouar,Pass
282900,53,BlockedShot,0.8080000305175781,0.5109999847412109,0.08411429822444916,Nabil Fekir,a,3667,OpenPlay,2018,LeftFoot,10853,Amiens,Lyon,0,1,2019-01-27 16:00:00,Moussa Dembele,LayOff
283052,19,SavedShot,0.7140000152587891,0.575,0.013636499643325806,Nabil Fekir,h,3667,OpenPlay,2018,LeftFoot,10872,Lyon,Paris Saint Germain,2,1,2019-02-03 20:00:00,,BallRecovery
283055,25,BlockedShot,0.935,0.3139999961853027,0.05792659893631935,Nabil Fekir,h,3667,OpenPlay,2018,RightFoot,10872,Lyon,Paris Saint Germain,2,1,2019-02-03 20:00:00,Tanguy NDombele Alvaro,Pass
283056,29,SavedShot,0.9259999847412109,0.6669999694824219,0.32881298661231995,Nabil Fekir,h,3667,OpenPlay,2018,LeftFoot,10872,Lyon,Paris Saint Germain,2,1,2019-02-03 20:00:00,Houssem Aouar,Pass
283062,48,Goal,0.885,0.5,0.7600950002670288,Nabil Fekir,h,3667,Penalty,2018,LeftFoot,10872,Lyon,Paris Saint Germain,2,1,2019-02-03 20:00:00,,Standard
283329,46,SavedShot,0.7980000305175782,0.7230000305175781,0.021976999938488007,Nabil Fekir,a,3667,OpenPlay,2018,LeftFoot,10878,Nice,Lyon,1,0,2019-02-10 20:00:00,Memphis Depay,Pass
283337,73,MissedShots,0.750999984741211,0.705,0.04490330070257187,Nabil Fekir,a,3667,DirectFreekick,2018,LeftFoot,10878,Nice,Lyon,1,0,2019-02-10 20:00:00,,Standard
283403,26,SavedShot,0.88,0.7,0.04516280069947243,Nabil Fekir,h,3667,OpenPlay,2018,LeftFoot,10887,Lyon,Guingamp,2,1,2019-02-15 19:45:00,,None
283407,34,Goal,0.779000015258789,0.33,0.019281800836324692,Nabil Fekir,h,3667,OpenPlay,2018,LeftFoot,10887,Lyon,Guingamp,2,1,2019-02-15 19:45:00,Houssem Aouar,Chipped
284049,34,Goal,0.885,0.5,0.7600950002670288,Nabil Fekir,h,3667,Penalty,2018,LeftFoot,10909,Lyon,Toulouse,5,1,2019-03-03 16:00:00,,Standard
287093,9,MissedShots,0.75,0.345,0.01060550007969141,Nabil Fekir,h,3667,OpenPlay,2018,LeftFoot,10926,Lyon,Montpellier,3,2,2019-03-17 13:30:00,Bertrand Traoré,TakeOn
287097,23,SavedShot,0.7040000152587891,0.46599998474121096,0.040841199457645416,Nabil Fekir,h,3667,DirectFreekick,2018,LeftFoot,10926,Lyon,Montpellier,3,2,2019-03-17 13:30:00,,Standard
287105,47,MissedShots,0.9469999694824218,0.6669999694824219,0.07460720092058182,Nabil Fekir,h,3667,OpenPlay,2018,LeftFoot,10926,Lyon,Montpellier,3,2,2019-03-17 13:30:00,Bertrand Traoré,Pass
287113,70,MissedShots,0.885,0.5,0.7600950002670288,Nabil Fekir,h,3667,Penalty,2018,LeftFoot,10926,Lyon,Montpellier,3,2,2019-03-17 13:30:00,,Standard
287209,12,SavedShot,0.715999984741211,0.67,0.037011899054050446,Nabil Fekir,a,3667,DirectFreekick,2018,LeftFoot,10937,Rennes,Lyon,0,1,2019-03-29 19:45:00,,Standard
287215,24,MissedShots,0.855,0.41200000762939454,0.08317159861326218,Nabil Fekir,a,3667,OpenPlay,2018,LeftFoot,10937,Rennes,Lyon,0,1,2019-03-29 19:45:00,Tanguy NDombele Alvaro,Pass
287231,71,BlockedShot,0.9259999847412109,0.7030000305175781,0.05286389961838722,Nabil Fekir,a,3667,OpenPlay,2018,LeftFoot,10937,Rennes,Lyon,0,1,2019-03-29 19:45:00,Memphis Depay,Pass
292044,13,MissedShots,0.7280000305175781,0.22299999237060547,0.030384600162506104,Nabil Fekir,h,3667,DirectFreekick,2018,LeftFoot,10951,Lyon,Dijon,1,3,2019-04-06 16:00:00,,Standard
292054,42,MissedShots,0.82,0.3,0.08364660292863846,Nabil Fekir,h,3667,DirectFreekick,2018,LeftFoot,10951,Lyon,Dijon,1,3,2019-04-06 16:00:00,,Standard
292060,56,MissedShots,0.8219999694824218,0.6430000305175781,0.026768099516630173,Nabil Fekir,h,3667,OpenPlay,2018,LeftFoot,10951,Lyon,Dijon,1,3,2019-04-06 16:00:00,Moussa Dembele,HeadPass
292069,79,BlockedShot,0.9290000152587891,0.485,0.13484600186347961,Nabil Fekir,h,3667,SetPiece,2018,LeftFoot,10951,Lyon,Dijon,1,3,2019-04-06 16:00:00,Jason Denayer,Rebound
292071,82,SavedShot,0.7280000305175781,0.67,0.04097000136971474,Nabil Fekir,h,3667,DirectFreekick,2018,LeftFoot,10951,Lyon,Dijon,1,3,2019-04-06 16:00:00,,Standard
294746,2,BlockedShot,0.789000015258789,0.6079999923706054,0.026176700368523598,Nabil Fekir,h,3667,OpenPlay,2018,RightFoot,10965,Lyon,Angers,2,1,2019-04-19 19:45:00,Memphis Depay,Pass
294747,4,MissedShots,0.720999984741211,0.49400001525878906,0.018573900684714317,Nabil Fekir,h,3667,OpenPlay,2018,LeftFoot,10965,Lyon,Angers,2,1,2019-04-19 19:45:00,Memphis Depay,Pass
294763,55,MissedShots,0.92,0.710999984741211,0.07363910228013992,Nabil Fekir,h,3667,OpenPlay,2018,LeftFoot,10965,Lyon,Angers,2,1,2019-04-19 19:45:00,Martin Terrier,Pass
294770,68,MissedShots,0.7680000305175781,0.17399999618530274,0.03239449858665466,Nabil Fekir,h,3667,DirectFreekick,2018,LeftFoot,10965,Lyon,Angers,2,1,2019-04-19 19:45:00,,Standard
297787,11,BlockedShot,0.835999984741211,0.49900001525878906,0.11147399991750717,Nabil Fekir,a,3667,OpenPlay,2018,LeftFoot,10981,Bordeaux,Lyon,2,3,2019-04-26 19:45:00,Maxwel Cornet,Pass
297800,63,SavedShot,0.85,0.2610000038146973,0.028480300679802895,Nabil Fekir,a,3667,OpenPlay,2018,LeftFoot,10981,Bordeaux,Lyon,2,3,2019-04-26 19:45:00,Kenny Tete,Pass
300301,7,BlockedShot,0.8369999694824218,0.525,0.08406180143356323,Nabil Fekir,h,3667,OpenPlay,2018,LeftFoot,10989,Lyon,Lille,2,2,2019-05-05 20:00:00,Tanguy NDombele Alvaro,Pass
300304,12,SavedShot,0.8180000305175781,0.26399999618530273,0.03927670046687126,Nabil Fekir,h,3667,OpenPlay,2018,RightFoot,10989,Lyon,Lille,2,2,2019-05-05 20:00:00,Memphis Depay,TakeOn
300317,42,SavedShot,0.7709999847412109,0.39599998474121095,0.03265009820461273,Nabil Fekir,h,3667,OpenPlay,2018,RightFoot,10989,Lyon,Lille,2,2,2019-05-05 20:00:00,Bertrand Traoré,Pass
300323,73,SavedShot,0.9080000305175782,0.5429999923706055,0.46751299500465393,Nabil Fekir,h,3667,OpenPlay,2018,RightFoot,10989,Lyon,Lille,2,2,2019-05-05 20:00:00,,None
300326,76,SavedShot,0.960999984741211,0.7140000152587891,0.04425090178847313,Nabil Fekir,h,3667,OpenPlay,2018,LeftFoot,10989,Lyon,Lille,2,2,2019-05-05 20:00:00,Memphis Depay,Pass
300329,85,SavedShot,0.7859999847412109,0.500999984741211,0.10825400054454803,Nabil Fekir,h,3667,DirectFreekick,2018,LeftFoot,10989,Lyon,Lille,2,2,2019-05-05 20:00:00,,Standard
301824,59,SavedShot,0.8590000152587891,0.42200000762939455,0.10296399891376495,Nabil Fekir,a,3667,OpenPlay,2018,LeftFoot,11002,Marseille,Lyon,0,3,2019-05-12 20:00:00,Léo Dubois,Pass
301830,68,BlockedShot,0.7780000305175782,0.4909999847412109,0.09681670367717743,Nabil Fekir,a,3667,DirectFreekick,2018,LeftFoot,11002,Marseille,Lyon,0,3,2019-05-12 20:00:00,,Standard
301831,68,BlockedShot,0.8,0.40599998474121096,0.024853700771927834,Nabil Fekir,a,3667,SetPiece,2018,RightFoot,11002,Marseille,Lyon,0,3,2019-05-12 20:00:00,,Rebound
311262,23,BlockedShot,0.8080000305175781,0.425,0.04566989839076996,Nabil Fekir,h,3667,OpenPlay,2019,LeftFoot,12031,Real Betis,Real Valladolid,1,2,2019-08-18 20:00:00,Cristian Tello,Pass
311266,36,MissedShots,0.8859999847412109,0.18399999618530274,0.06642179936170578,Nabil Fekir,h,3667,DirectFreekick,2019,LeftFoot,12031,Real Betis,Real Valladolid,1,2,2019-08-18 20:00:00,,Standard
311267,41,MissedShots,0.845,0.48900001525878906,0.06018710136413574,Nabil Fekir,h,3667,FromCorner,2019,RightFoot,12031,Real Betis,Real Valladolid,1,2,2019-08-18 20:00:00,,None
311271,53,MissedShots,0.9290000152587891,0.25799999237060545,0.0328080989420414,Nabil Fekir,h,3667,OpenPlay,2019,RightFoot,12031,Real Betis,Real Valladolid,1,2,2019-08-18 20:00:00,William Carvalho,Pass
311274,59,MissedShots,0.8519999694824218,0.40599998474121096,0.07233940064907074,Nabil Fekir,h,3667,OpenPlay,2019,LeftFoot,12031,Real Betis,Real Valladolid,1,2,2019-08-18 20:00:00,,Dispossessed
311277,78,BlockedShot,0.7780000305175782,0.6040000152587891,0.028567999601364136,Nabil Fekir,h,3667,OpenPlay,2019,LeftFoot,12031,Real Betis,Real Valladolid,1,2,2019-08-18 20:00:00,Cristian Tello,Pass
313473,14,Goal,0.8719999694824219,0.6370000076293946,0.06672459840774536,Nabil Fekir,a,3667,OpenPlay,2019,LeftFoot,12042,Barcelona,Real Betis,5,2,2019-08-25 20:00:00,Loren Morón,Pass
313477,32,SavedShot,0.720999984741211,0.2670000076293945,0.03546750172972679,Nabil Fekir,a,3667,DirectFreekick,2019,LeftFoot,12042,Barcelona,Real Betis,5,2,2019-08-25 20:00:00,,Standard
313487,70,BlockedShot,0.765,0.355,0.021944399923086166,Nabil Fekir,a,3667,OpenPlay,2019,LeftFoot,12042,Barcelona,Real Betis,5,2,2019-08-25 20:00:00,Joaquín,TakeOn
316235,47,BlockedShot,0.77,0.7080000305175781,0.02231699973344803,Nabil Fekir,h,3667,OpenPlay,2019,RightFoot,12048,Real Betis,Leganes,2,1,2019-08-31 19:00:00,William Carvalho,Pass
316243,60,Goal,0.919000015258789,0.47200000762939454,0.5036219954490662,Nabil Fekir,h,3667,OpenPlay,2019,LeftFoot,12048,Real Betis,Leganes,2,1,2019-08-31 19:00:00,Sergio Canales,Pass
318336,74,MissedShots,0.7090000152587891,0.585,0.018152199685573578,Nabil Fekir,h,3667,OpenPlay,2019,LeftFoot,12055,Real Betis,Getafe,1,1,2019-09-15 19:00:00,Borja Iglesias,Pass
320128,6,SavedShot,0.8819999694824219,0.2989999961853027,0.02603450044989586,Nabil Fekir,a,3667,SetPiece,2019,RightFoot,12067,Osasuna,Real Betis,0,0,2019-09-20 19:00:00,Sergio Canales,Pass
323804,91,BlockedShot,0.755,0.29200000762939454,0.05030839890241623,Nabil Fekir,h,3667,DirectFreekick,2019,LeftFoot,12094,Real Betis,Eibar,1,1,2019-10-04 20:00:00,,Standard
326214,43,SavedShot,0.885,0.7480000305175781,0.024095699191093445,Nabil Fekir,a,3667,SetPiece,2019,LeftFoot,12111,Real Sociedad,Real Betis,3,1,2019-10-20 13:00:00,Sergio Canales,Pass
326217,51,SavedShot,0.750999984741211,0.30100000381469727,0.016327200457453728,Nabil Fekir,a,3667,OpenPlay,2019,LeftFoot,12111,Real Sociedad,Real Betis,3,1,2019-10-20 13:00:00,Joaquín,Pass
326227,82,SavedShot,0.955999984741211,0.26799999237060546,0.032989900559186935,Nabil Fekir,a,3667,OpenPlay,2019,LeftFoot,12111,Real Sociedad,Real Betis,3,1,2019-10-20 13:00:00,Cristian Tello,Pass
326229,89,BlockedShot,0.7430000305175781,0.46599998474121096,0.01775740087032318,Nabil Fekir,a,3667,OpenPlay,2019,LeftFoot,12111,Real Sociedad,Real Betis,3,1,2019-10-20 13:00:00,Joaquín,Pass
327690,75,BlockedShot,0.7869999694824219,0.26,0.014307900331914425,Nabil Fekir,a,3667,OpenPlay,2019,LeftFoot,12116,Granada,Real Betis,1,0,2019-10-27 13:00:00,,None
328475,83,SavedShot,0.7609999847412109,0.485,0.036712899804115295,Nabil Fekir,h,3667,FromCorner,2019,RightFoot,12126,Real Betis,Celta Vigo,2,1,2019-10-30 20:00:00,Loren Morón,Pass
328477,89,Goal,0.865,0.54,0.0688558965921402,Nabil Fekir,h,3667,SetPiece,2019,LeftFoot,12126,Real Betis,Celta Vigo,2,1,2019-10-30 20:00:00,,None
329602,21,MissedShots,0.8590000152587891,0.67,0.05456259846687317,Nabil Fekir,a,3667,OpenPlay,2019,LeftFoot,12139,Real Madrid,Real Betis,0,0,2019-11-02 20:00:00,Álex Moreno,Pass
329605,31,BlockedShot,0.7440000152587891,0.6170000076293946,0.05969090014696121,Nabil Fekir,a,3667,DirectFreekick,2019,LeftFoot,12139,Real Madrid,Real Betis,0,0,2019-11-02 20:00:00,,Standard
329606,31,BlockedShot,0.7290000152587891,0.5529999923706055,0.013272600248456001,Nabil Fekir,a,3667,SetPiece,2019,RightFoot,12139,Real Madrid,Real Betis,0,0,2019-11-02 20:00:00,,Rebound
329609,32,MissedShots,0.585,0.7869999694824219,0.00754988007247448,Nabil Fekir,a,3667,OpenPlay,2019,LeftFoot,12139,Real Madrid,Real Betis,0,0,2019-11-02 20:00:00,Zouhair Feddal,BallRecovery
329626,81,SavedShot,0.7290000152587891,0.6519999694824219,0.03259120136499405,Nabil Fekir,a,3667,OpenPlay,2019,LeftFoot,12139,Real Madrid,Real Betis,0,0,2019-11-02 20:00:00,Borja Iglesias,Pass
331679,3,MissedShots,0.5979999923706054,0.07900000095367432,0.007191179785877466,Nabil Fekir,h,3667,OpenPlay,2019,LeftFoot,12147,Real Betis,Sevilla,1,2,2019-11-10 20:00:00,,BallRecovery
331685,18,MissedShots,0.9119999694824219,0.425,0.11545699834823608,Nabil Fekir,h,3667,SetPiece,2019,LeftFoot,12147,Real Betis,Sevilla,1,2,2019-11-10 20:00:00,Aissa Mandi,Pass
332178,26,SavedShot,0.7530000305175781,0.59,0.020295100286602974,Nabil Fekir,h,3667,OpenPlay,2019,RightFoot,12153,Real Betis,Valencia,2,1,2019-11-23 15:00:00,Joaquín,Pass
332184,41,SavedShot,0.7230000305175781,0.42700000762939455,0.016226600855588913,Nabil Fekir,h,3667,OpenPlay,2019,LeftFoot,12153,Real Betis,Valencia,2,1,2019-11-23 15:00:00,Emerson,Pass
332185,44,SavedShot,0.9,0.34900001525878904,0.07154320180416107,Nabil Fekir,h,3667,OpenPlay,2019,RightFoot,12153,Real Betis,Valencia,2,1,2019-11-23 15:00:00,Emerson,Pass
332186,49,MissedShots,0.8540000152587891,0.4490000152587891,0.07133679836988449,Nabil Fekir,h,3667,OpenPlay,2019,LeftFoot,12153,Real Betis,Valencia,2,1,2019-11-23 15:00:00,,None
332188,53,MissedShots,0.9680000305175781,0.645,0.03805429860949516,Nabil Fekir,h,3667,FromCorner,2019,LeftFoot,12153,Real Betis,Valencia,2,1,2019-11-23 15:00:00,Sergio Canales,Cross
332189,59,MissedShots,0.8640000152587891,0.6530000305175782,0.05233050137758255,Nabil Fekir,h,3667,OpenPlay,2019,RightFoot,12153,Real Betis,Valencia,2,1,2019-11-23 15:00:00,Sergio Canales,Pass
332192,67,SavedShot,0.8490000152587891,0.7240000152587891,0.03078009933233261,Nabil Fekir,h,3667,OpenPlay,2019,LeftFoot,12153,Real Betis,Valencia,2,1,2019-11-23 15:00:00,Sergio Canales,Pass
332198,83,ShotOnPost,0.7909999847412109,0.605,0.049021098762750626,Nabil Fekir,h,3667,OpenPlay,2019,LeftFoot,12153,Real Betis,Valencia,2,1,2019-11-23 15:00:00,,TakeOn
332202,90,MissedShots,0.87,0.3060000038146973,0.045036301016807556,Nabil Fekir,h,3667,OpenPlay,2019,LeftFoot,12153,Real Betis,Valencia,2,1,2019-11-23 15:00:00,Joaquín,TakeOn
333817,2,MissedShots,0.855999984741211,0.5729999923706055,0.06569109857082367,Nabil Fekir,a,3667,OpenPlay,2019,RightFoot,12169,Mallorca,Real Betis,1,2,2019-11-30 17:30:00,Andrés Guardado,BallRecovery
333827,32,Goal,0.7559999847412109,0.3609999847412109,0.027866000309586525,Nabil Fekir,a,3667,OpenPlay,2019,LeftFoot,12169,Mallorca,Real Betis,1,2,2019-11-30 17:30:00,Andrés Guardado,Pass
333835,57,SavedShot,0.9019999694824219,0.35700000762939454,0.0967566967010498,Nabil Fekir,a,3667,OpenPlay,2019,LeftFoot,12169,Mallorca,Real Betis,1,2,2019-11-30 17:30:00,Emerson,Pass
337668,32,SavedShot,0.889000015258789,0.7340000152587891,0.03958750143647194,Nabil Fekir,a,3667,OpenPlay,2019,LeftFoot,12187,Espanyol,Real Betis,2,2,2019-12-15 15:00:00,Joaquín,GoodSkill
339281,24,BlockedShot,0.9,0.2520000076293945,0.04070959985256195,Nabil Fekir,h,3667,FromCorner,2019,LeftFoot,12194,Real Betis,Atletico Madrid,1,2,2019-12-22 15:00:00,Sergio Canales,Pass
339294,80,MissedShots,0.6969999694824218,0.4490000152587891,0.01498270034790039,Nabil Fekir,h,3667,OpenPlay,2019,LeftFoot,12194,Real Betis,Atletico Madrid,1,2,2019-12-22 15:00:00,Diego Lainez,Pass
339296,84,BlockedShot,0.794000015258789,0.34,0.028485799208283424,Nabil Fekir,h,3667,OpenPlay,2019,LeftFoot,12194,Real Betis,Atletico Madrid,1,2,2019-12-22 15:00:00,,BallRecovery
353853,12,MissedShots,0.855999984741211,0.7630000305175781,0.026812799274921417,Nabil Fekir,a,3667,OpenPlay,2019,LeftFoot,12203,Alaves,Real Betis,1,1,2020-01-05 15:00:00,Andrés Guardado,Pass
353857,36,MissedShots,0.855999984741211,0.6880000305175781,0.03273729979991913,Nabil Fekir,a,3667,FromCorner,2019,RightFoot,12203,Alaves,Real Betis,1,1,2020-01-05 15:00:00,Joaquín,Pass
353858,40,MissedShots,0.915,0.34700000762939454,0.2628389894962311,Nabil Fekir,a,3667,OpenPlay,2019,LeftFoot,12203,Alaves,Real Betis,1,1,2020-01-05 15:00:00,Borja Iglesias,Chipped
353860,46,MissedShots,0.919000015258789,0.605999984741211,0.07529769837856293,Nabil Fekir,a,3667,OpenPlay,2019,LeftFoot,12203,Alaves,Real Betis,1,1,2020-01-05 15:00:00,Sergio Canales,Chipped
356306,7,MissedShots,0.7469999694824219,0.345,0.015750300139188766,Nabil Fekir,a,3667,OpenPlay,2019,LeftFoot,12227,Getafe,Real Betis,1,0,2020-01-26 15:00:00,Joaquín,Chipped
356313,34,MissedShots,0.8680000305175781,0.7069999694824218,0.04700440168380737,Nabil Fekir,a,3667,OpenPlay,2019,LeftFoot,12227,Getafe,Real Betis,1,0,2020-01-26 15:00:00,,Tackle
357066,6,Goal,0.7880000305175782,0.605999984741211,0.03505440056324005,Nabil Fekir,a,3667,FromCorner,2019,LeftFoot,12234,Eibar,Real Betis,1,1,2020-02-02 13:00:00,Sergio Canales,Pass
357072,61,SavedShot,0.8230000305175781,0.34900001525878904,0.040766600519418716,Nabil Fekir,a,3667,OpenPlay,2019,LeftFoot,12234,Eibar,Real Betis,1,1,2020-02-02 13:00:00,Joaquín,Pass
357081,86,SavedShot,0.9230000305175782,0.42700000762939455,0.06864850223064423,Nabil Fekir,a,3667,FromCorner,2019,RightFoot,12234,Eibar,Real Betis,1,1,2020-02-02 13:00:00,Loren Morón,Cross
357082,87,SavedShot,0.7980000305175782,0.580999984741211,0.040992800146341324,Nabil Fekir,a,3667,OpenPlay,2019,LeftFoot,12234,Eibar,Real Betis,1,1,2020-02-02 13:00:00,,TakeOn
358674,3,BlockedShot,0.8819999694824219,0.6179999923706054,0.1064469963312149,Nabil Fekir,h,3667,OpenPlay,2019,RightFoot,12251,Real Betis,Barcelona,2,3,2020-02-09 20:00:00,,TakeOn
358678,25,Goal,0.8319999694824218,0.625,0.04891210049390793,Nabil Fekir,h,3667,OpenPlay,2019,LeftFoot,12251,Real Betis,Barcelona,2,3,2020-02-09 20:00:00,,None
358680,45,BlockedShot,0.8159999847412109,0.505,0.10733900219202042,Nabil Fekir,h,3667,OpenPlay,2019,RightFoot,12251,Real Betis,Barcelona,2,3,2020-02-09 20:00:00,,TakeOn
359710,7,BlockedShot,0.9419999694824219,0.505,0.11430799961090088,Nabil Fekir,h,3667,OpenPlay,2019,Head,12266,Real Betis,Mallorca,3,3,2020-02-21 20:00:00,Andrés Guardado,Aerial
359716,19,MissedShots,0.904000015258789,0.38799999237060545,0.035809800028800964,Nabil Fekir,h,3667,OpenPlay,2019,Head,12266,Real Betis,Mallorca,3,3,2020-02-21 20:00:00,Joaquín,Cross
359720,34,Goal,0.885,0.5,0.7432780265808105,Nabil Fekir,h,3667,Penalty,2019,LeftFoot,12266,Real Betis,Mallorca,3,3,2020-02-21 20:00:00,,Standard
359729,66,MissedShots,0.9359999847412109,0.6859999847412109,0.0708812028169632,Nabil Fekir,h,3667,OpenPlay,2019,LeftFoot,12266,Real Betis,Mallorca,3,3,2020-02-21 20:00:00,Joaquín,Pass
359731,71,MissedShots,0.7669999694824219,0.36400001525878906,0.021045399829745293,Nabil Fekir,h,3667,OpenPlay,2019,LeftFoot,12266,Real Betis,Mallorca,3,3,2020-02-21 20:00:00,Emerson,Pass
359737,79,MissedShots,0.72,0.6370000076293946,0.018385499715805054,Nabil Fekir,h,3667,OpenPlay,2019,LeftFoot,12266,Real Betis,Mallorca,3,3,2020-02-21 20:00:00,Andrés Guardado,Pass
360821,10,BlockedShot,0.9540000152587891,0.639000015258789,0.08080880343914032,Nabil Fekir,a,3667,OpenPlay,2019,LeftFoot,12282,Valencia,Real Betis,2,1,2020-02-29 15:00:00,,Interception
360827,27,MissedShots,0.9719999694824218,0.27899999618530275,0.03645339980721474,Nabil Fekir,a,3667,OpenPlay,2019,RightFoot,12282,Valencia,Real Betis,2,1,2020-02-29 15:00:00,Aissa Mandi,TakeOn
360831,46,ShotOnPost,0.875999984741211,0.5279999923706055,0.1146479994058609,Nabil Fekir,a,3667,OpenPlay,2019,LeftFoot,12282,Valencia,Real Betis,2,1,2020-02-29 15:00:00,Sergio Canales,Pass
360835,70,SavedShot,0.8130000305175781,0.6619999694824219,0.031692199409008026,Nabil Fekir,a,3667,OpenPlay,2019,LeftFoot,12282,Valencia,Real Betis,2,1,2020-02-29 15:00:00,,None
360838,82,BlockedShot,0.8619999694824219,0.710999984741211,0.036487601697444916,Nabil Fekir,a,3667,OpenPlay,2019,LeftFoot,12282,Valencia,Real Betis,2,1,2020-02-29 15:00:00,Loren Morón,BallRecovery
362391,17,BlockedShot,0.885,0.7680000305175781,0.02718920074403286,Nabil Fekir,h,3667,OpenPlay,2019,LeftFoot,12286,Real Betis,Real Madrid,2,1,2020-03-08 20:00:00,Sergio Canales,Pass
362395,35,SavedShot,0.85,0.5790000152587891,0.08586589992046356,Nabil Fekir,h,3667,OpenPlay,2019,LeftFoot,12286,Real Betis,Real Madrid,2,1,2020-03-08 20:00:00,Sergio Canales,Pass
362396,35,MissedShots,0.8959999847412109,0.544000015258789,0.07950279861688614,Nabil Fekir,h,3667,FromCorner,2019,LeftFoot,12286,Real Betis,Real Madrid,2,1,2020-03-08 20:00:00,Sergio Canales,Pass
362399,39,BlockedShot,0.769000015258789,0.30100000381469727,0.022837499156594276,Nabil Fekir,h,3667,FromCorner,2019,LeftFoot,12286,Real Betis,Real Madrid,2,1,2020-03-08 20:00:00,Joaquín,Pass
362402,52,BlockedShot,0.8119999694824219,0.700999984741211,0.026384800672531128,Nabil Fekir,h,3667,OpenPlay,2019,LeftFoot,12286,Real Betis,Real Madrid,2,1,2020-03-08 20:00:00,Joaquín,Pass
364061,67,MissedShots,0.8419999694824218,0.645,0.0572504997253418,Nabil Fekir,a,3667,OpenPlay,2019,LeftFoot,12301,Sevilla,Real Betis,2,0,2020-06-11 20:00:00,Diego Lainez,Pass
364491,22,BlockedShot,0.8130000305175781,0.5370000076293945,0.05897599831223488,Nabil Fekir,h,3667,OpenPlay,2019,LeftFoot,12306,Real Betis,Granada,2,2,2020-06-15 20:00:00,Joaquín,BallTouch
364500,46,SavedShot,0.8,0.27899999618530275,0.02099449932575226,Nabil Fekir,h,3667,OpenPlay,2019,LeftFoot,12306,Real Betis,Granada,2,2,2020-06-15 20:00:00,Aissa Mandi,Pass
365510,24,BlockedShot,0.9180000305175782,0.6179999923706054,0.2749820053577423,Nabil Fekir,a,3667,OpenPlay,2019,RightFoot,12313,Athletic Club,Real Betis,1,0,2020-06-20 15:00:00,Andrés Guardado,TakeOn
365521,82,SavedShot,0.9590000152587891,0.4179999923706055,0.48516300320625305,Nabil Fekir,a,3667,OpenPlay,2019,LeftFoot,12313,Athletic Club,Real Betis,1,0,2020-06-20 15:00:00,,None
365524,90,SavedShot,0.769000015258789,0.6809999847412109,0.06265860050916672,Nabil Fekir,a,3667,DirectFreekick,2019,LeftFoot,12313,Athletic Club,Real Betis,1,0,2020-06-20 15:00:00,,Standard
366639,26,SavedShot,0.7780000305175782,0.3609999847412109,0.07908260077238083,Nabil Fekir,h,3667,DirectFreekick,2019,LeftFoot,12325,Real Betis,Espanyol,1,0,2020-06-25 20:00:00,,Standard
366645,54,SavedShot,0.7780000305175782,0.57,0.03886700049042702,Nabil Fekir,h,3667,OpenPlay,2019,LeftFoot,12325,Real Betis,Espanyol,1,0,2020-06-25 20:00:00,Sergio Canales,Pass
366650,68,SavedShot,0.754000015258789,0.3629999923706055,0.0341935008764267,Nabil Fekir,h,3667,OpenPlay,2019,LeftFoot,12325,Real Betis,Espanyol,1,0,2020-06-25 20:00:00,Guido Rodríguez,TakeOn
367311,7,SavedShot,0.9640000152587891,0.28899999618530275,0.04764210060238838,Nabil Fekir,a,3667,OpenPlay,2019,RightFoot,12339,Levante,Real Betis,4,2,2020-06-28 16:30:00,Antonio Barragán,Pass
367318,23,MissedShots,0.654000015258789,0.7609999847412109,0.008292130194604397,Nabil Fekir,a,3667,OpenPlay,2019,LeftFoot,12339,Levante,Real Betis,4,2,2020-06-28 16:30:00,,BallRecovery
367319,28,SavedShot,0.8769999694824219,0.31799999237060544,0.05376119911670685,Nabil Fekir,a,3667,OpenPlay,2019,LeftFoot,12339,Levante,Real Betis,4,2,2020-06-28 16:30:00,Antonio Barragán,Pass
367322,46,SavedShot,0.9630000305175781,0.725999984741211,0.03219509869813919,Nabil Fekir,a,3667,OpenPlay,2019,LeftFoot,12339,Levante,Real Betis,4,2,2020-06-28 16:30:00,Álex Moreno,Pass
367324,56,MissedShots,0.8130000305175781,0.5629999923706055,0.05292709916830063,Nabil Fekir,a,3667,OpenPlay,2019,LeftFoot,12339,Levante,Real Betis,4,2,2020-06-28 16:30:00,Juanmi,Pass
367329,73,BlockedShot,0.8480000305175781,0.44,0.04054649919271469,Nabil Fekir,a,3667,OpenPlay,2019,RightFoot,12339,Levante,Real Betis,4,2,2020-06-28 16:30:00,Sergio Canales,Chipped
367330,80,BlockedShot,0.9640000152587891,0.29200000762939454,0.03583440184593201,Nabil Fekir,a,3667,OpenPlay,2019,RightFoot,12339,Levante,Real Betis,4,2,2020-06-28 16:30:00,Zouhair Feddal,Chipped
369839,15,MissedShots,0.7569999694824219,0.29700000762939455,0.02058509923517704,Nabil Fekir,h,3667,FromCorner,2019,LeftFoot,12365,Real Betis,Osasuna,3,0,2020-07-08 18:30:00,Joaquín,Pass
369842,43,SavedShot,0.860999984741211,0.6359999847412109,0.1002189964056015,Nabil Fekir,h,3667,OpenPlay,2019,LeftFoot,12365,Real Betis,Osasuna,3,0,2020-07-08 18:30:00,Alfonso,Pass
369846,57,SavedShot,0.955999984741211,0.385,0.10877999663352966,Nabil Fekir,h,3667,OpenPlay,2019,RightFoot,12365,Real Betis,Osasuna,3,0,2020-07-08 18:30:00,Emerson,Pass
369847,62,SavedShot,0.980999984741211,0.165,0.0697747990489006,Nabil Fekir,h,3667,DirectFreekick,2019,LeftFoot,12365,Real Betis,Osasuna,3,0,2020-07-08 18:30:00,,Standard
370630,45,MissedShots,0.705999984741211,0.8330000305175781,0.011146100237965584,Nabil Fekir,a,3667,OpenPlay,2019,LeftFoot,12378,Atletico Madrid,Real Betis,1,0,2020-07-11 20:00:00,Sergio Canales,Pass
370632,49,BlockedShot,0.7969999694824219,0.3659999847412109,0.02719789929687977,Nabil Fekir,a,3667,OpenPlay,2019,RightFoot,12378,Atletico Madrid,Real Betis,1,0,2020-07-11 20:00:00,Sergio Canales,TakeOn
370638,51,SavedShot,0.8540000152587891,0.35700000762939454,0.07360660284757614,Nabil Fekir,a,3667,OpenPlay,2019,RightFoot,12378,Atletico Madrid,Real Betis,1,0,2020-07-11 20:00:00,William Carvalho,Pass
370643,71,MissedShots,0.9069999694824219,0.28600000381469726,0.04113670065999031,Nabil Fekir,a,3667,OpenPlay,2019,RightFoot,12378,Atletico Madrid,Real Betis,1,0,2020-07-11 20:00:00,Emerson,Pass
370645,86,BlockedShot,0.7390000152587891,0.4279999923706055,0.020103000104427338,Nabil Fekir,a,3667,OpenPlay,2019,LeftFoot,12378,Atletico Madrid,Real Betis,1,0,2020-07-11 20:00:00,Joaquín,Pass
372078,39,SavedShot,0.8469999694824218,0.33599998474121096,0.04495399817824364,Nabil Fekir,h,3667,OpenPlay,2019,LeftFoot,12384,Real Betis,Alaves,1,2,2020-07-16 19:00:00,Joaquín,Chipped
372086,58,BlockedShot,0.924000015258789,0.6229999923706054,0.10947400331497192,Nabil Fekir,h,3667,OpenPlay,2019,RightFoot,12384,Real Betis,Alaves,1,2,2020-07-16 19:00:00,Emerson,TakeOn
372550,17,SavedShot,0.6980000305175781,0.5929999923706055,0.016977999359369278,Nabil Fekir,a,3667,OpenPlay,2019,LeftFoot,12400,Real Valladolid,Real Betis,2,0,2020-07-19 16:30:00,Sergio Canales,Pass
372551,20,SavedShot,0.795,0.2989999961853027,0.07251349836587906,Nabil Fekir,a,3667,DirectFreekick,2019,LeftFoot,12400,Real Valladolid,Real Betis,2,0,2020-07-19 16:30:00,,Standard
376741,42,MissedShots,0.764000015258789,0.3,0.021303100511431694,Nabil Fekir,a,3667,OpenPlay,2020,LeftFoot,14139,Alaves,Real Betis,0,1,2020-09-13 12:00:00,Emerson,Pass
378471,9,Goal,0.885,0.5,0.7432780265808105,Nabil Fekir,h,3667,Penalty,2020,LeftFoot,14153,Real Betis,Real Valladolid,2,0,2020-09-20 16:30:00,,Standard
378479,39,SavedShot,0.695,0.42900001525878906,0.025289300829172134,Nabil Fekir,h,3667,OpenPlay,2020,LeftFoot,14153,Real Betis,Real Valladolid,2,0,2020-09-20 16:30:00,William Carvalho,Pass
378480,43,MissedShots,0.775,0.40299999237060546,0.07954970002174377,Nabil Fekir,h,3667,OpenPlay,2020,RightFoot,14153,Real Betis,Real Valladolid,2,0,2020-09-20 16:30:00,Sergio Canales,Pass
379119,3,BlockedShot,0.8769999694824219,0.3579999923706055,0.07587320357561111,Nabil Fekir,h,3667,OpenPlay,2020,LeftFoot,14157,Real Betis,Real Madrid,2,3,2020-09-26 19:00:00,Emerson,Pass
379124,19,MissedShots,0.8440000152587891,0.6840000152587891,0.03921470046043396,Nabil Fekir,h,3667,OpenPlay,2020,LeftFoot,14157,Real Betis,Real Madrid,2,3,2020-09-26 19:00:00,Joaquín,Pass
379136,54,MissedShots,0.8690000152587891,0.2570000076293945,0.029150400310754776,Nabil Fekir,h,3667,OpenPlay,2020,LeftFoot,14157,Real Betis,Real Madrid,2,3,2020-09-26 19:00:00,Joaquín,Pass
380047,43,BlockedShot,0.870999984741211,0.21,0.02576570026576519,Nabil Fekir,a,3667,FromCorner,2020,LeftFoot,14167,Getafe,Real Betis,3,0,2020-09-29 19:30:00,Sergio Canales,Pass
380824,4,BlockedShot,0.835999984741211,0.345,0.06484170258045197,Nabil Fekir,a,3667,OpenPlay,2020,LeftFoot,14822,Valencia,Real Betis,0,2,2020-10-03 19:00:00,Emerson,TakeOn
380827,15,MissedShots,0.7669999694824219,0.315,0.019596999511122704,Nabil Fekir,a,3667,SetPiece,2020,LeftFoot,14822,Valencia,Real Betis,0,2,2020-10-03 19:00:00,Joaquín,Pass
380831,38,SavedShot,0.904000015258789,0.24399999618530274,0.03680000081658363,Nabil Fekir,a,3667,FromCorner,2020,LeftFoot,14822,Valencia,Real Betis,0,2,2020-10-03 19:00:00,Joaquín,Pass
380834,54,MissedShots,0.8119999694824219,0.345,0.045702699571847916,Nabil Fekir,a,3667,OpenPlay,2020,LeftFoot,14822,Valencia,Real Betis,0,2,2020-10-03 19:00:00,Joaquín,Pass
380835,60,SavedShot,0.8069999694824219,0.27399999618530274,0.07104930281639099,Nabil Fekir,a,3667,DirectFreekick,2020,LeftFoot,14822,Valencia,Real Betis,0,2,2020-10-03 19:00:00,,Standard
383576,15,SavedShot,0.7859999847412109,0.20399999618530273,0.013919900171458721,Nabil Fekir,a,3667,OpenPlay,2020,LeftFoot,14835,Atletico Madrid,Real Betis,2,0,2020-10-24 19:00:00,Martín Montoya,Pass
383578,22,MissedShots,0.899000015258789,0.46,0.044336799532175064,Nabil Fekir,a,3667,OpenPlay,2020,Head,14835,Atletico Madrid,Real Betis,2,0,2020-10-24 19:00:00,Sergio Canales,Aerial
383583,50,BlockedShot,0.865,0.524000015258789,0.06973589956760406,Nabil Fekir,a,3667,OpenPlay,2020,LeftFoot,14835,Atletico Madrid,Real Betis,2,0,2020-10-24 19:00:00,Álex Moreno,Chipped
384977,11,BlockedShot,0.8180000305175781,0.3320000076293945,0.045553501695394516,Nabil Fekir,h,3667,OpenPlay,2020,LeftFoot,14847,Real Betis,Elche,3,1,2020-11-01 13:00:00,Joaquín,Pass
384983,30,SavedShot,0.8169999694824219,0.40400001525878904,0.03318050131201744,Nabil Fekir,h,3667,OpenPlay,2020,LeftFoot,14847,Real Betis,Elche,3,1,2020-11-01 13:00:00,,Rebound
384986,45,SavedShot,0.885,0.5,0.7430210113525391,Nabil Fekir,h,3667,Penalty,2020,LeftFoot,14847,Real Betis,Elche,3,1,2020-11-01 13:00:00,,Standard
384988,48,MissedShots,0.865,0.5779999923706055,0.13200299441814423,Nabil Fekir,h,3667,OpenPlay,2020,LeftFoot,14847,Real Betis,Elche,3,1,2020-11-01 13:00:00,Álex Moreno,Pass
389805,47,SavedShot,0.8380000305175781,0.2570000076293945,0.026300599798560143,Nabil Fekir,h,3667,OpenPlay,2020,LeftFoot,14876,Real Betis,Eibar,0,2,2020-11-30 20:00:00,Martín Montoya,Pass
389811,64,MissedShots,0.700999984741211,0.455,0.043068401515483856,Nabil Fekir,h,3667,DirectFreekick,2020,LeftFoot,14876,Real Betis,Eibar,0,2,2020-11-30 20:00:00,,Standard
390838,1,SavedShot,0.8730000305175781,0.3529999923706055,0.05312729999423027,Nabil Fekir,a,3667,OpenPlay,2020,RightFoot,14888,Osasuna,Real Betis,0,2,2020-12-06 15:15:00,Loren Morón,Chipped
390847,59,MissedShots,0.8290000152587891,0.24399999618530274,0.02336760051548481,Nabil Fekir,a,3667,OpenPlay,2020,RightFoot,14888,Osasuna,Real Betis,0,2,2020-12-06 15:15:00,Emerson,Pass
390851,66,MissedShots,0.7769999694824219,0.6680000305175782,0.01785529963672161,Nabil Fekir,a,3667,OpenPlay,2020,LeftFoot,14888,Osasuna,Real Betis,0,2,2020-12-06 15:15:00,,None
392236,17,BlockedShot,0.745999984741211,0.4879999923706055,0.07030689716339111,Nabil Fekir,h,3667,DirectFreekick,2020,LeftFoot,14899,Real Betis,Villarreal,1,1,2020-12-13 15:15:00,,Standard
392237,18,MissedShots,0.755,0.35700000762939454,0.014218199998140335,Nabil Fekir,h,3667,OpenPlay,2020,LeftFoot,14899,Real Betis,Villarreal,1,1,2020-12-13 15:15:00,Aitor Ruibal,TakeOn
392242,33,SavedShot,0.7609999847412109,0.23,0.041708800941705704,Nabil Fekir,h,3667,DirectFreekick,2020,LeftFoot,14899,Real Betis,Villarreal,1,1,2020-12-13 15:15:00,,Standard
392246,56,BlockedShot,0.855,0.30700000762939456,0.0400237999856472,Nabil Fekir,h,3667,OpenPlay,2020,RightFoot,14899,Real Betis,Villarreal,1,1,2020-12-13 15:15:00,Cristian Tello,Pass
392250,80,SavedShot,0.8180000305175781,0.5459999847412109,0.0612667016685009,Nabil Fekir,h,3667,OpenPlay,2020,LeftFoot,14899,Real Betis,Villarreal,1,1,2020-12-13 15:15:00,Aitor Ruibal,Pass
394632,24,BlockedShot,0.755,0.62,0.021276399493217468,Nabil Fekir,a,3667,OpenPlay,2020,LeftFoot,14913,Granada,Real Betis,2,0,2020-12-20 15:15:00,Guido Rodríguez,Pass
394637,61,BlockedShot,0.725,0.5590000152587891,0.011913199909031391,Nabil Fekir,a,3667,OpenPlay,2020,LeftFoot,14913,Granada,Real Betis,2,0,2020-12-20 15:15:00,Antonio Sanabria,TakeOn
394639,64,MissedShots,0.7830000305175782,0.26899999618530274,0.015401399694383144,Nabil Fekir,a,3667,FromCorner,2020,LeftFoot,14913,Granada,Real Betis,2,0,2020-12-20 15:15:00,,None
394641,70,BlockedShot,0.7390000152587891,0.39,0.01718050055205822,Nabil Fekir,a,3667,OpenPlay,2020,LeftFoot,14913,Granada,Real Betis,2,0,2020-12-20 15:15:00,William Carvalho,Pass
394643,72,BlockedShot,0.855999984741211,0.3160000038146973,0.05025859922170639,Nabil Fekir,a,3667,OpenPlay,2020,LeftFoot,14913,Granada,Real Betis,2,0,2020-12-20 15:15:00,Emerson,Pass
395588,49,MissedShots,0.9159999847412109,0.7190000152587891,0.03364270180463791,Nabil Fekir,h,3667,OpenPlay,2020,LeftFoot,14918,Real Betis,Cadiz,1,0,2020-12-23 21:00:00,Andrés Guardado,Pass
395590,61,BlockedShot,0.7680000305175781,0.32,0.02254669927060604,Nabil Fekir,h,3667,OpenPlay,2020,LeftFoot,14918,Real Betis,Cadiz,1,0,2020-12-23 21:00:00,Aitor Ruibal,TakeOn
396026,42,BlockedShot,0.875999984741211,0.6409999847412109,0.07158640027046204,Nabil Fekir,a,3667,OpenPlay,2020,RightFoot,14930,Levante,Real Betis,4,3,2020-12-29 20:30:00,Juan Miranda,Pass
396028,44,BlockedShot,0.7980000305175782,0.325,0.021246999502182007,Nabil Fekir,a,3667,OpenPlay,2020,LeftFoot,14930,Levante,Real Betis,4,3,2020-12-29 20:30:00,Emerson,Pass
396029,44,ShotOnPost,0.7659999847412109,0.485,0.025352099910378456,Nabil Fekir,a,3667,OpenPlay,2020,LeftFoot,14930,Levante,Real Betis,4,3,2020-12-29 20:30:00,Antonio Sanabria,Pass
396465,10,BlockedShot,0.735999984741211,0.750999984741211,0.018017200753092766,Nabil Fekir,h,3667,OpenPlay,2020,LeftFoot,14939,Real Betis,Sevilla,1,1,2021-01-02 15:15:00,Aitor Ruibal,Pass
396468,23,MissedShots,0.8630000305175781,0.4809999847412109,0.10512299835681915,Nabil Fekir,h,3667,OpenPlay,2020,LeftFoot,14939,Real Betis,Sevilla,1,1,2021-01-02 15:15:00,Diego Lainez,Pass
396479,74,SavedShot,0.885,0.5,0.7432780265808105,Nabil Fekir,h,3667,Penalty,2020,LeftFoot,14939,Real Betis,Sevilla,1,1,2021-01-02 15:15:00,,Standard
396480,74,MissedShots,0.909000015258789,0.534000015258789,0.11642800271511078,Nabil Fekir,h,3667,SetPiece,2020,LeftFoot,14939,Real Betis,Sevilla,1,1,2021-01-02 15:15:00,,Rebound
398539,4,SavedShot,0.8630000305175781,0.425,0.09550800174474716,Nabil Fekir,a,3667,OpenPlay,2020,LeftFoot,14952,SD Huesca,Real Betis,0,2,2021-01-11 20:00:00,Loren Morón,Pass
398548,48,MissedShots,0.905,0.72,0.045575499534606934,Nabil Fekir,a,3667,OpenPlay,2020,LeftFoot,14952,SD Huesca,Real Betis,0,2,2021-01-11 20:00:00,Sergio Canales,Pass
398557,79,SavedShot,0.86,0.45,0.36437299847602844,Nabil Fekir,a,3667,OpenPlay,2020,LeftFoot,14952,SD Huesca,Real Betis,0,2,2021-01-11 20:00:00,Rodrigo Sánchez,Pass
398559,85,BlockedShot,0.7519999694824219,0.33299999237060546,0.0562409982085228,Nabil Fekir,a,3667,DirectFreekick,2020,LeftFoot,14952,SD Huesca,Real Betis,0,2,2021-01-11 20:00:00,,Standard
400067,6,BlockedShot,0.75,0.634000015258789,0.01884550042450428,Nabil Fekir,h,3667,OpenPlay,2020,LeftFoot,14961,Real Betis,Celta Vigo,2,1,2021-01-20 20:00:00,Diego Lainez,TakeOn
400073,17,BlockedShot,0.855999984741211,0.6459999847412109,0.050992000848054886,Nabil Fekir,h,3667,OpenPlay,2020,RightFoot,14961,Real Betis,Celta Vigo,2,1,2021-01-20 20:00:00,Aitor Ruibal,Pass
400076,18,SavedShot,0.75,0.34799999237060547,0.01839659921824932,Nabil Fekir,h,3667,OpenPlay,2020,LeftFoot,14961,Real Betis,Celta Vigo,2,1,2021-01-20 20:00:00,Emerson,Pass
400081,42,MissedShots,0.8080000305175781,0.295,0.026088399812579155,Nabil Fekir,h,3667,OpenPlay,2020,LeftFoot,14961,Real Betis,Celta Vigo,2,1,2021-01-20 20:00:00,,BallRecovery
400589,12,SavedShot,0.825999984741211,0.16700000762939454,0.04676689952611923,Nabil Fekir,a,3667,DirectFreekick,2020,LeftFoot,14970,Real Sociedad,Real Betis,2,2,2021-01-23 17:30:00,,Standard
400593,26,SavedShot,0.750999984741211,0.3270000076293945,0.016416899859905243,Nabil Fekir,a,3667,OpenPlay,2020,LeftFoot,14970,Real Sociedad,Real Betis,2,2,2021-01-23 17:30:00,Diego Lainez,Pass
400596,42,BlockedShot,0.8019999694824219,0.47900001525878905,0.046968501061201096,Nabil Fekir,a,3667,OpenPlay,2020,LeftFoot,14970,Real Sociedad,Real Betis,2,2,2021-01-23 17:30:00,Diego Lainez,Pass
402421,83,BlockedShot,0.9080000305175782,0.36700000762939455,0.33454498648643494,Nabil Fekir,h,3667,OpenPlay,2020,LeftFoot,14979,Real Betis,Osasuna,1,0,2021-02-01 20:00:00,Sergio Canales,Pass
403976,62,SavedShot,0.7980000305175782,0.29700000762939455,0.024637900292873383,Nabil Fekir,h,3667,OpenPlay,2020,LeftFoot,14991,Real Betis,Barcelona,2,3,2021-02-07 20:00:00,Paul Akouokou,Pass
404994,35,MissedShots,0.9519999694824218,0.7319999694824219,0.04110810160636902,Nabil Fekir,a,3667,OpenPlay,2020,LeftFoot,15007,Villarreal,Real Betis,1,2,2021-02-14 20:00:00,Sergio Canales,Chipped
404997,44,Goal,0.9109999847412109,0.65,0.10139600187540054,Nabil Fekir,a,3667,OpenPlay,2020,RightFoot,15007,Villarreal,Real Betis,1,2,2021-02-14 20:00:00,,TakeOn
404998,45,MissedShots,0.6940000152587891,0.500999984741211,0.022376099601387978,Nabil Fekir,a,3667,OpenPlay,2020,LeftFoot,15007,Villarreal,Real Betis,1,2,2021-02-14 20:00:00,Aitor Ruibal,Pass
404999,47,BlockedShot,0.86,0.575,0.06348899751901627,Nabil Fekir,a,3667,OpenPlay,2020,RightFoot,15007,Villarreal,Real Betis,1,2,2021-02-14 20:00:00,Sergio Canales,HeadPass
405010,84,MissedShots,0.8290000152587891,0.8240000152587891,0.04972020164132118,Nabil Fekir,a,3667,DirectFreekick,2020,LeftFoot,15007,Villarreal,Real Betis,1,2,2021-02-14 20:00:00,,Standard
409407,26,MissedShots,0.8009999847412109,0.3189999961853027,0.027065200731158257,Nabil Fekir,h,3667,OpenPlay,2020,RightFoot,15030,Real Betis,Alaves,3,2,2021-03-08 20:00:00,Emerson,Pass
409409,32,BlockedShot,0.769000015258789,0.595999984741211,0.03741440176963806,Nabil Fekir,h,3667,OpenPlay,2020,LeftFoot,15030,Real Betis,Alaves,3,2,2021-03-08 20:00:00,,TakeOn
409410,34,BlockedShot,0.845999984741211,0.7390000152587891,0.026003200560808182,Nabil Fekir,h,3667,OpenPlay,2020,LeftFoot,15030,Real Betis,Alaves,3,2,2021-03-08 20:00:00,Sergio Canales,Pass
409414,49,BlockedShot,0.794000015258789,0.36400001525878906,0.032275501638650894,Nabil Fekir,h,3667,OpenPlay,2020,RightFoot,15030,Real Betis,Alaves,3,2,2021-03-08 20:00:00,Juanmi,Pass
409419,63,BlockedShot,0.9230000305175782,0.295,0.04565420001745224,Nabil Fekir,h,3667,FromCorner,2020,LeftFoot,15030,Real Betis,Alaves,3,2,2021-03-08 20:00:00,Joaquín,Pass
409420,63,BlockedShot,0.8030000305175782,0.34,0.031401101499795914,Nabil Fekir,h,3667,OpenPlay,2020,LeftFoot,15030,Real Betis,Alaves,3,2,2021-03-08 20:00:00,Emerson,Pass
409421,69,SavedShot,0.7609999847412109,0.34599998474121096,0.016337400302290916,Nabil Fekir,h,3667,OpenPlay,2020,LeftFoot,15030,Real Betis,Alaves,3,2,2021-03-08 20:00:00,,None
410759,24,MissedShots,0.955999984741211,0.2929999923706055,0.04596300050616264,Nabil Fekir,a,3667,OpenPlay,2020,LeftFoot,15047,Sevilla,Real Betis,1,0,2021-03-14 20:00:00,Sergio Canales,Chipped
410763,34,MissedShots,0.8580000305175781,0.41700000762939454,0.05023479834198952,Nabil Fekir,a,3667,OpenPlay,2020,LeftFoot,15047,Sevilla,Real Betis,1,0,2021-03-14 20:00:00,Andrés Guardado,Cross
410768,63,BlockedShot,0.7659999847412109,0.3559999847412109,0.06907270103693008,Nabil Fekir,a,3667,DirectFreekick,2020,LeftFoot,15047,Sevilla,Real Betis,1,0,2021-03-14 20:00:00,,Standard
410772,77,MissedShots,0.7819999694824219,0.62,0.030002299696207047,Nabil Fekir,a,3667,OpenPlay,2020,LeftFoot,15047,Sevilla,Real Betis,1,0,2021-03-14 20:00:00,Sergio Canales,TakeOn
410776,93,MissedShots,0.8019999694824219,0.37400001525878906,0.04653939977288246,Nabil Fekir,a,3667,OpenPlay,2020,LeftFoot,15047,Sevilla,Real Betis,1,0,2021-03-14 20:00:00,Aissa Mandi,TakeOn
411163,12,SavedShot,0.8190000152587891,0.28100000381469725,0.02708359993994236,Nabil Fekir,h,3667,OpenPlay,2020,RightFoot,15050,Real Betis,Levante,2,0,2021-03-19 20:00:00,,Dispossessed
411168,27,SavedShot,0.9430000305175781,0.6840000152587891,0.04956439882516861,Nabil Fekir,h,3667,FromCorner,2020,LeftFoot,15050,Real Betis,Levante,2,0,2021-03-19 20:00:00,Sergio Canales,TakeOn
411177,69,Goal,0.9540000152587891,0.3579999923706055,0.29157400131225586,Nabil Fekir,h,3667,OpenPlay,2020,RightFoot,15050,Real Betis,Levante,2,0,2021-03-19 20:00:00,Aissa Mandi,TakeOn
411180,78,MissedShots,0.8909999847412109,0.47400001525878904,0.5099390149116516,Nabil Fekir,h,3667,OpenPlay,2020,LeftFoot,15050,Real Betis,Levante,2,0,2021-03-19 20:00:00,Sergio Canales,Pass
413177,58,SavedShot,0.725,0.37099998474121093,0.014757799915969372,Nabil Fekir,a,3667,OpenPlay,2020,LeftFoot,15067,Elche,Real Betis,1,1,2021-04-04 14:15:00,Emerson,Pass
413183,82,MissedShots,0.7709999847412109,0.29700000762939455,0.0189605001360178,Nabil Fekir,a,3667,OpenPlay,2020,LeftFoot,15067,Elche,Real Betis,1,1,2021-04-04 14:15:00,Joaquín,Pass
416004,11,Goal,0.8440000152587891,0.504000015258789,0.041814498603343964,Nabil Fekir,h,3667,FromCorner,2020,LeftFoot,15102,Real Betis,Valencia,2,2,2021-04-18 16:30:00,Joaquín,Cross
418925,19,BlockedShot,0.8109999847412109,0.37,0.03694919869303703,Nabil Fekir,a,3667,OpenPlay,2020,RightFoot,15110,Real Valladolid,Real Betis,1,1,2021-05-02 12:00:00,Sergio Canales,Pass
421609,44,SavedShot,0.93,0.7169999694824218,0.04544080048799515,Nabil Fekir,a,3667,OpenPlay,2020,LeftFoot,15130,Eibar,Real Betis,1,1,2021-05-13 18:00:00,Cristian Tello,Pass
422632,77,MissedShots,0.82,0.5309999847412109,0.07905779778957367,Nabil Fekir,h,3667,OpenPlay,2020,LeftFoot,15142,Real Betis,SD Huesca,1,0,2021-05-16 16:30:00,,BallRecovery
423694,24,MissedShots,0.9830000305175781,0.3120000076293945,0.03957749903202057,Nabil Fekir,a,3667,OpenPlay,2020,LeftFoot,15148,Celta Vigo,Real Betis,2,3,2021-05-22 16:00:00,Emerson,Pass
423704,68,Goal,0.8209999847412109,0.2720000076293945,0.07797250151634216,Nabil Fekir,a,3667,DirectFreekick,2020,LeftFoot,15148,Celta Vigo,Real Betis,2,3,2021-05-22 16:00:00,,Standard
426100,65,MissedShots,0.9369999694824219,0.6890000152587891,0.050156500190496445,Nabil Fekir,a,3667,OpenPlay,2021,LeftFoot,17138,Mallorca,Real Betis,1,1,2021-08-14 17:30:00,Sergio Canales,Pass
426732,37,ShotOnPost,0.8,0.6,0.061594199389219284,Nabil Fekir,h,3667,OpenPlay,2021,LeftFoot,17146,Real Betis,Cadiz,1,1,2021-08-20 19:00:00,,TakeOn
426733,45,SavedShot,0.8769999694824219,0.35400001525878905,0.0742231011390686,Nabil Fekir,h,3667,OpenPlay,2021,LeftFoot,17146,Real Betis,Cadiz,1,1,2021-08-20 19:00:00,Juanmi,TakeOn
426738,57,SavedShot,0.8069999694824219,0.6840000152587891,0.03848319873213768,Nabil Fekir,h,3667,OpenPlay,2021,LeftFoot,17146,Real Betis,Cadiz,1,1,2021-08-20 19:00:00,Sergio Canales,TakeOn
429019,10,SavedShot,0.749000015258789,0.23600000381469727,0.03919890150427818,Nabil Fekir,h,3667,DirectFreekick,2021,LeftFoot,17161,Real Betis,Real Madrid,0,1,2021-08-28 20:00:00,,Standard
429021,30,MissedShots,0.7559999847412109,0.5120000076293946,0.02578040026128292,Nabil Fekir,h,3667,OpenPlay,2021,RightFoot,17161,Real Betis,Real Madrid,0,1,2021-08-28 20:00:00,Andrés Guardado,Pass
429031,62,BlockedShot,0.799000015258789,0.6619999694824219,0.025995800271630287,Nabil Fekir,h,3667,OpenPlay,2021,LeftFoot,17161,Real Betis,Real Madrid,0,1,2021-08-28 20:00:00,Víctor Ruiz,Pass
430914,4,SavedShot,0.83,0.4640000152587891,0.3317340016365051,Nabil Fekir,a,3667,OpenPlay,2021,RightFoot,17169,Granada,Real Betis,1,2,2021-09-13 20:00:00,Rodrigo Sánchez,Throughball
430921,33,BlockedShot,0.749000015258789,0.7280000305175781,0.020035799592733383,Nabil Fekir,a,3667,OpenPlay,2021,LeftFoot,17169,Granada,Real Betis,1,2,2021-09-13 20:00:00,Guido Rodríguez,Pass
430935,55,BlockedShot,0.7959999847412109,0.275,0.02880910038948059,Nabil Fekir,a,3667,OpenPlay,2021,LeftFoot,17169,Granada,Real Betis,1,2,2021-09-13 20:00:00,Rodrigo Sánchez,Pass
432131,42,MissedShots,0.9019999694824219,0.639000015258789,0.07629600167274475,Nabil Fekir,h,3667,OpenPlay,2021,RightFoot,17179,Real Betis,Espanyol,2,2,2021-09-19 16:30:00,Sergio Canales,Pass
432132,44,ShotOnPost,0.970999984741211,0.6120000076293945,0.10046099871397018,Nabil Fekir,h,3667,OpenPlay,2021,LeftFoot,17179,Real Betis,Espanyol,2,2,2021-09-19 16:30:00,Álex Moreno,Pass
432134,48,Goal,0.9080000305175782,0.3629999923706055,0.08966969698667526,Nabil Fekir,h,3667,OpenPlay,2021,LeftFoot,17179,Real Betis,Espanyol,2,2,2021-09-19 16:30:00,Héctor Bellerín,Pass
432137,51,SavedShot,0.8619999694824219,0.42200000762939455,0.10301700234413147,Nabil Fekir,h,3667,OpenPlay,2021,LeftFoot,17179,Real Betis,Espanyol,2,2,2021-09-19 16:30:00,William Carvalho,Pass
432142,71,MissedShots,0.7709999847412109,0.3659999847412109,0.028426000848412514,Nabil Fekir,h,3667,OpenPlay,2021,LeftFoot,17179,Real Betis,Espanyol,2,2,2021-09-19 16:30:00,Héctor Bellerín,Pass
433017,31,SavedShot,0.8180000305175781,0.5420000076293945,0.0940139964222908,Nabil Fekir,a,3667,OpenPlay,2021,LeftFoot,17195,Osasuna,Real Betis,1,3,2021-09-23 17:30:00,Guido Rodríguez,TakeOn
433029,56,SavedShot,0.9790000152587891,0.6759999847412109,0.06358599662780762,Nabil Fekir,a,3667,OpenPlay,2021,LeftFoot,17195,Osasuna,Real Betis,1,3,2021-09-23 17:30:00,Álex Moreno,Pass
433034,71,BlockedShot,0.905,0.33099998474121095,0.08459419757127762,Nabil Fekir,a,3667,OpenPlay,2021,LeftFoot,17195,Osasuna,Real Betis,1,3,2021-09-23 17:30:00,Borja Iglesias,Pass
434409,19,ShotOnPost,0.8130000305175781,0.40900001525878904,0.062046200037002563,Nabil Fekir,h,3667,OpenPlay,2021,LeftFoot,17205,Real Betis,Getafe,2,0,2021-09-26 19:00:00,Sergio Canales,Pass
434411,43,MissedShots,0.6859999847412109,0.580999984741211,0.014749700203537941,Nabil Fekir,h,3667,OpenPlay,2021,LeftFoot,17205,Real Betis,Getafe,2,0,2021-09-26 19:00:00,,BallRecovery
434418,63,SavedShot,0.8009999847412109,0.5609999847412109,0.06624770164489746,Nabil Fekir,h,3667,OpenPlay,2021,LeftFoot,17205,Real Betis,Getafe,2,0,2021-09-26 19:00:00,Willian José,Pass
434421,77,MissedShots,0.885,0.3039999961853027,0.07161130011081696,Nabil Fekir,h,3667,OpenPlay,2021,RightFoot,17205,Real Betis,Getafe,2,0,2021-09-26 19:00:00,Héctor Bellerín,Pass
434427,85,SavedShot,0.86,0.39799999237060546,0.11233200132846832,Nabil Fekir,h,3667,OpenPlay,2021,LeftFoot,17205,Real Betis,Getafe,2,0,2021-09-26 19:00:00,Borja Iglesias,Pass
435784,35,MissedShots,0.8669999694824219,0.53,0.1069519966840744,Nabil Fekir,a,3667,OpenPlay,2021,RightFoot,17209,Villarreal,Real Betis,2,0,2021-10-03 16:30:00,Willian José,Pass
435797,88,SavedShot,0.75,0.3770000076293945,0.011835199780762196,Nabil Fekir,a,3667,OpenPlay,2021,LeftFoot,17209,Villarreal,Real Betis,2,0,2021-10-03 16:30:00,,None
435798,92,BlockedShot,0.7680000305175781,0.3729999923706055,0.07419820129871368,Nabil Fekir,a,3667,DirectFreekick,2021,LeftFoot,17209,Villarreal,Real Betis,2,0,2021-10-03 16:30:00,,Standard
437214,24,SavedShot,0.875999984741211,0.615,0.08820450305938721,Nabil Fekir,a,3667,OpenPlay,2021,LeftFoot,17216,Alaves,Real Betis,0,1,2021-10-18 17:00:00,Álex Moreno,Pass
437222,53,BlockedShot,0.8830000305175781,0.375,0.07608839869499207,Nabil Fekir,a,3667,OpenPlay,2021,LeftFoot,17216,Alaves,Real Betis,0,1,2021-10-18 17:00:00,Rodrigo Sánchez,BallTouch
437232,66,MissedShots,0.8519999694824218,0.3220000076293945,0.061775799840688705,Nabil Fekir,a,3667,OpenPlay,2021,LeftFoot,17216,Alaves,Real Betis,0,1,2021-10-18 17:00:00,William Carvalho,Pass
437239,81,BlockedShot,0.8390000152587891,0.5129999923706055,0.07409379631280899,Nabil Fekir,a,3667,OpenPlay,2021,RightFoot,17216,Alaves,Real Betis,0,1,2021-10-18 17:00:00,William Carvalho,Pass
438587,4,MissedShots,0.7140000152587891,0.3609999847412109,0.014449000358581543,Nabil Fekir,h,3667,OpenPlay,2021,LeftFoot,17233,Real Betis,Rayo Vallecano,3,2,2021-10-24 16:30:00,Rodrigo Sánchez,Pass
438601,60,BlockedShot,0.7609999847412109,0.549000015258789,0.0330112986266613,Nabil Fekir,h,3667,OpenPlay,2021,LeftFoot,17233,Real Betis,Rayo Vallecano,3,2,2021-10-24 16:30:00,Guido Rodríguez,Pass
438602,61,SavedShot,0.815,0.5629999923706055,0.07267449796199799,Nabil Fekir,h,3667,OpenPlay,2021,LeftFoot,17233,Real Betis,Rayo Vallecano,3,2,2021-10-24 16:30:00,Juanmi,BallTouch
439048,24,SavedShot,0.855,0.2620000076293945,0.04699460044503212,Nabil Fekir,h,3667,OpenPlay,2021,LeftFoot,17241,Real Betis,Valencia,4,1,2021-10-27 18:00:00,,BallRecovery
442117,6,SavedShot,0.76,0.29100000381469726,0.015933899208903313,Nabil Fekir,h,3667,OpenPlay,2021,LeftFoot,17258,Real Betis,Sevilla,0,2,2021-11-07 20:00:00,Rodrigo Sánchez,Pass
442118,27,BlockedShot,0.76,0.36200000762939455,0.06630010157823563,Nabil Fekir,h,3667,DirectFreekick,2021,LeftFoot,17258,Real Betis,Sevilla,0,2,2021-11-07 20:00:00,,Standard
442130,77,BlockedShot,0.7559999847412109,0.61,0.02222209982573986,Nabil Fekir,h,3667,OpenPlay,2021,LeftFoot,17258,Real Betis,Sevilla,0,2,2021-11-07 20:00:00,William Carvalho,Pass
443493,16,SavedShot,0.87,0.47099998474121096,0.12008100003004074,Nabil Fekir,a,3667,OpenPlay,2021,LeftFoot,17275,Elche,Real Betis,0,3,2021-11-21 17:30:00,Juanmi,Pass
443496,26,Goal,0.8530000305175781,0.38299999237060545,0.08365190029144287,Nabil Fekir,a,3667,OpenPlay,2021,LeftFoot,17275,Elche,Real Betis,0,3,2021-11-21 17:30:00,,BallRecovery
444459,34,BlockedShot,0.9309999847412109,0.7730000305175782,0.036014001816511154,Nabil Fekir,h,3667,FromCorner,2021,LeftFoot,17278,Real Betis,Levante,3,1,2021-11-28 13:00:00,,Rebound
444465,45,MissedShots,0.8730000305175781,0.36700000762939455,0.08357709646224976,Nabil Fekir,h,3667,OpenPlay,2021,LeftFoot,17278,Real Betis,Levante,3,1,2021-11-28 13:00:00,Sergio Canales,TakeOn
444471,56,SavedShot,0.785,0.7219999694824218,0.01966560073196888,Nabil Fekir,h,3667,OpenPlay,2021,LeftFoot,17278,Real Betis,Levante,3,1,2021-11-28 13:00:00,Sergio Canales,TakeOn
444472,57,BlockedShot,0.7719999694824219,0.4979999923706055,0.030784599483013153,Nabil Fekir,h,3667,OpenPlay,2021,LeftFoot,17278,Real Betis,Levante,3,1,2021-11-28 13:00:00,Aitor Ruibal,Pass
448604,65,Goal,0.835999984741211,0.5109999847412109,0.10520199686288834,Nabil Fekir,h,3667,OpenPlay,2021,RightFoot,17298,Real Betis,Real Sociedad,4,0,2021-12-12 17:30:00,Willian José,Chipped
449794,47,SavedShot,0.72,0.6459999847412109,0.016276199370622635,Nabil Fekir,a,3667,OpenPlay,2021,LeftFoot,17306,Athletic Club,Real Betis,3,2,2021-12-19 15:15:00,Álex Moreno,Pass
449793,47,BlockedShot,0.8630000305175781,0.73,0.030080899596214294,Nabil Fekir,a,3667,OpenPlay,2021,LeftFoot,17306,Athletic Club,Real Betis,3,2,2021-12-19 15:15:00,Sergio Canales,Pass
449796,51,Goal,0.895,0.5429999923706055,0.43207699060440063,Nabil Fekir,a,3667,OpenPlay,2021,LeftFoot,17306,Athletic Club,Real Betis,3,2,2021-12-19 15:15:00,William Carvalho,Pass
449802,79,BlockedShot,0.8380000305175781,0.34,0.03471079841256142,Nabil Fekir,a,3667,OpenPlay,2021,LeftFoot,17306,Athletic Club,Real Betis,3,2,2021-12-19 15:15:00,Héctor Bellerín,Pass
451212,60,SavedShot,0.7019999694824218,0.534000015258789,0.012517400085926056,Nabil Fekir,h,3667,OpenPlay,2021,LeftFoot,17321,Real Betis,Celta Vigo,0,2,2022-01-02 17:30:00,Rodrigo Sánchez,Pass
452422,31,SavedShot,0.8059999847412109,0.6379999923706055,0.03732290118932724,Nabil Fekir,a,3667,OpenPlay,2021,LeftFoot,17334,Rayo Vallecano,Real Betis,1,1,2022-01-09 13:00:00,William Carvalho,Pass
453973,50,BlockedShot,0.8690000152587891,0.34299999237060547,0.0699324980378151,Nabil Fekir,h,3667,OpenPlay,2021,LeftFoot,17339,Real Betis,Alaves,4,0,2022-01-18 20:00:00,Borja Iglesias,Pass
453975,68,BlockedShot,0.9359999847412109,0.740999984741211,0.04193289950489998,Nabil Fekir,h,3667,OpenPlay,2021,LeftFoot,17339,Real Betis,Alaves,4,0,2022-01-18 20:00:00,Sergio Canales,TakeOn
454366,8,MissedShots,0.8780000305175781,0.27600000381469725,0.03405269980430603,Nabil Fekir,a,3667,OpenPlay,2021,LeftFoot,17349,Espanyol,Real Betis,1,4,2022-01-21 20:00:00,Sergio Canales,Pass
454374,46,BlockedShot,0.8380000305175781,0.5690000152587891,0.08974239975214005,Nabil Fekir,a,3667,OpenPlay,2021,LeftFoot,17349,Espanyol,Real Betis,1,4,2022-01-21 20:00:00,Sergio Canales,Pass
456375,28,BlockedShot,0.755,0.600999984741211,0.06931660324335098,Nabil Fekir,h,3667,DirectFreekick,2021,LeftFoot,17358,Real Betis,Villarreal,0,2,2022-02-06 17:30:00,,Standard
456376,30,SavedShot,0.7769999694824219,0.26399999618530273,0.015916399657726288,Nabil Fekir,h,3667,OpenPlay,2021,LeftFoot,17358,Real Betis,Villarreal,0,2,2022-02-06 17:30:00,Héctor Bellerín,Pass
456383,61,MissedShots,0.8980000305175782,0.745,0.03216889873147011,Nabil Fekir,h,3667,OpenPlay,2021,LeftFoot,17358,Real Betis,Villarreal,0,2,2022-02-06 17:30:00,Sergio Canales,Chipped
457606,2,SavedShot,0.97,0.6609999847412109,0.067084401845932,Nabil Fekir,a,3667,OpenPlay,2021,LeftFoot,17371,Levante,Real Betis,2,4,2022-02-13 15:15:00,Borja Iglesias,Pass
457608,13,Goal,0.8019999694824219,0.6680000305175782,0.03437669947743416,Nabil Fekir,a,3667,OpenPlay,2021,LeftFoot,17371,Levante,Real Betis,2,4,2022-02-13 15:15:00,William Carvalho,TakeOn
457624,48,Goal,0.7619999694824219,0.3170000076293945,0.058420199900865555,Nabil Fekir,a,3667,DirectFreekick,2021,LeftFoot,17371,Levante,Real Betis,2,4,2022-02-13 15:15:00,,Standard
457629,64,SavedShot,0.8909999847412109,0.2879999923706055,0.06640700250864029,Nabil Fekir,a,3667,OpenPlay,2021,RightFoot,17371,Levante,Real Betis,2,4,2022-02-13 15:15:00,Héctor Bellerín,Pass
457632,71,BlockedShot,0.8080000305175781,0.52,0.07498949766159058,Nabil Fekir,a,3667,OpenPlay,2021,RightFoot,17371,Levante,Real Betis,2,4,2022-02-13 15:15:00,Willian José,Pass
458982,4,BlockedShot,0.8419999694824218,0.7280000305175781,0.028075600042939186,Nabil Fekir,h,3667,OpenPlay,2021,LeftFoot,17377,Real Betis,Mallorca,2,1,2022-02-20 17:30:00,William Carvalho,Pass
458985,18,MissedShots,0.7369999694824219,0.34700000762939454,0.028912000358104706,Nabil Fekir,h,3667,FromCorner,2021,LeftFoot,17377,Real Betis,Mallorca,2,1,2022-02-20 17:30:00,Héctor Bellerín,Pass
458988,26,SavedShot,0.8230000305175781,0.2879999923706055,0.04181800037622452,Nabil Fekir,h,3667,OpenPlay,2021,LeftFoot,17377,Real Betis,Mallorca,2,1,2022-02-20 17:30:00,William Carvalho,Chipped
458999,77,BlockedShot,0.865,0.31799999237060544,0.04368659853935242,Nabil Fekir,h,3667,OpenPlay,2021,LeftFoot,17377,Real Betis,Mallorca,2,1,2022-02-20 17:30:00,William Carvalho,Pass
461931,78,SavedShot,0.73,0.3060000038146973,0.042615000158548355,Nabil Fekir,h,3667,DirectFreekick,2021,LeftFoot,17398,Real Betis,Atletico Madrid,1,3,2022-03-06 20:00:00,,Standard
461934,90,BlockedShot,0.8,0.3139999961853027,0.015081300400197506,Nabil Fekir,h,3667,FromCorner,2021,LeftFoot,17398,Real Betis,Atletico Madrid,1,3,2022-03-06 20:00:00,,Aerial
463140,8,BlockedShot,0.775,0.17799999237060546,0.017544299364089966,Nabil Fekir,h,3667,SetPiece,2021,LeftFoot,17408,Real Betis,Athletic Club,1,0,2022-03-13 15:15:00,Sergio Canales,Pass
463145,31,MissedShots,0.875999984741211,0.22399999618530272,0.03204039856791496,Nabil Fekir,h,3667,OpenPlay,2021,LeftFoot,17408,Real Betis,Athletic Club,1,0,2022-03-13 15:15:00,Sergio Canales,Pass
466551,51,BlockedShot,0.7759999847412109,0.40900001525878904,0.08905360102653503,Nabil Fekir,a,3667,DirectFreekick,2021,LeftFoot,17437,Cadiz,Real Betis,1,2,2022-04-09 12:00:00,,Standard
466553,62,MissedShots,0.899000015258789,0.8190000152587891,0.06792700290679932,Nabil Fekir,a,3667,DirectFreekick,2021,LeftFoot,17437,Cadiz,Real Betis,1,2,2022-04-09 12:00:00,,Standard
467847,77,MissedShots,0.7440000152587891,0.5579999923706055,0.022632300853729248,Nabil Fekir,a,3667,OpenPlay,2021,LeftFoot,17452,Real Sociedad,Real Betis,0,0,2022-04-15 19:00:00,Aitor Ruibal,Pass
469105,19,BlockedShot,0.9459999847412109,0.43099998474121093,0.4100790023803711,Nabil Fekir,h,3667,OpenPlay,2021,Head,17457,Real Betis,Elche,0,1,2022-04-19 19:00:00,,Rebound
469120,59,MissedShots,0.759000015258789,0.6270000076293946,0.02461880072951317,Nabil Fekir,h,3667,OpenPlay,2021,LeftFoot,17457,Real Betis,Elche,0,1,2022-04-19 19:00:00,Paul Akouokou,Pass
472591,17,BlockedShot,0.7669999694824219,0.30700000762939456,0.02168699912726879,Nabil Fekir,a,3667,OpenPlay,2021,LeftFoot,17469,Getafe,Real Betis,0,0,2022-05-02 19:00:00,Guido Rodríguez,Pass
472594,37,MissedShots,0.7480000305175781,0.255,0.04165690019726753,Nabil Fekir,a,3667,DirectFreekick,2021,LeftFoot,17469,Getafe,Real Betis,0,0,2022-05-02 19:00:00,,Standard
472595,42,SavedShot,0.72,0.3920000076293945,0.015724100172519684,Nabil Fekir,a,3667,OpenPlay,2021,LeftFoot,17469,Getafe,Real Betis,0,0,2022-05-02 19:00:00,Youssouf Sabaly,Pass
473827,64,BlockedShot,0.7759999847412109,0.634000015258789,0.07878509908914566,Nabil Fekir,h,3667,DirectFreekick,2021,LeftFoot,17478,Real Betis,Barcelona,1,2,2022-05-07 19:00:00,,Standard
474980,34,SavedShot,0.749000015258789,0.34299999237060547,0.01634790003299713,Nabil Fekir,a,3667,OpenPlay,2021,LeftFoot,17493,Valencia,Real Betis,0,3,2022-05-10 17:00:00,Sergio Canales,Pass
474987,64,MissedShots,0.7669999694824219,0.49599998474121093,0.04453489929437637,Nabil Fekir,a,3667,OpenPlay,2021,LeftFoot,17493,Valencia,Real Betis,0,3,2022-05-10 17:00:00,,BallRecovery
476621,26,MissedShots,0.9,0.2589999961853027,0.042118899524211884,Nabil Fekir,h,3667,OpenPlay,2021,LeftFoot,17498,Real Betis,Granada,2,0,2022-05-15 17:30:00,William Carvalho,Pass
477037,22,BlockedShot,0.865999984741211,0.7169999694824218,0.03241699934005737,Nabil Fekir,a,3667,OpenPlay,2021,LeftFoot,17510,Real Madrid,Real Betis,0,0,2022-05-20 19:00:00,Marc Bartra,Pass
477039,38,BlockedShot,0.73,0.3659999847412109,0.018421100452542305,Nabil Fekir,a,3667,OpenPlay,2021,LeftFoot,17510,Real Madrid,Real Betis,0,0,2022-05-20 19:00:00,Sergio Canales,Pass
481457,18,BlockedShot,0.8209999847412109,0.40700000762939453,0.1477939933538437,Nabil Fekir,h,3667,DirectFreekick,2022,LeftFoot,18971,Real Betis,Elche,3,0,2022-08-15 19:30:00,,Standard
481461,42,SavedShot,0.6930000305175781,0.12699999809265136,0.02272769995033741,Nabil Fekir,h,3667,DirectFreekick,2022,LeftFoot,18971,Real Betis,Elche,3,0,2022-08-15 19:30:00,,Standard
481465,58,BlockedShot,0.8590000152587891,0.6409999847412109,0.06380400061607361,Nabil Fekir,h,3667,OpenPlay,2022,LeftFoot,18971,Real Betis,Elche,3,0,2022-08-15 19:30:00,,None
482117,46,MissedShots,0.9159999847412109,0.7090000152587891,0.0552607998251915,Nabil Fekir,a,3667,OpenPlay,2022,LeftFoot,18975,Mallorca,Real Betis,1,2,2022-08-20 17:30:00,William Carvalho,Pass
483374,47,MissedShots,0.72,0.4979999923706055,0.05311419814825058,Nabil Fekir,h,3667,DirectFreekick,2022,LeftFoot,18983,Real Betis,Osasuna,1,0,2022-08-26 20:00:00,,Standard
483377,60,MissedShots,0.965,0.31,0.07020699977874756,Nabil Fekir,h,3667,OpenPlay,2022,RightFoot,18983,Real Betis,Osasuna,1,0,2022-08-26 20:00:00,,None
490861,50,BlockedShot,0.8430000305175781,0.6309999847412109,0.05317389965057373,Nabil Fekir,a,3667,OpenPlay,2022,RightFoot,19028,Celta Vigo,Real Betis,1,0,2022-10-02 14:15:00,Sergio Canales,Pass
495714,76,BlockedShot,0.865,0.5320000076293945,0.09369630366563797,Nabil Fekir,h,3667,OpenPlay,2022,LeftFoot,19066,Real Betis,Atletico Madrid,1,2,2022-10-23 14:15:00,Aitor Ruibal,Pass
495718,83,Goal,0.8059999847412109,0.47400001525878904,0.1437460035085678,Nabil Fekir,h,3667,DirectFreekick,2022,LeftFoot,19066,Real Betis,Atletico Madrid,1,2,2022-10-23 14:15:00,,Standard
497534,41,BlockedShot,0.9590000152587891,0.705,0.058286700397729874,Nabil Fekir,a,3667,FromCorner,2022,LeftFoot,19078,Real Sociedad,Real Betis,0,2,2022-10-30 20:00:00,Sergio Canales,TakeOn
498930,18,MissedShots,0.9459999847412109,0.33299999237060546,0.07819460332393646,Nabil Fekir,h,3667,OpenPlay,2022,RightFoot,19083,Real Betis,Sevilla,1,1,2022-11-06 20:00:00,Borja Iglesias,Pass
501386,36,SavedShot,0.830999984741211,0.745,0.13195399940013885,Nabil Fekir,h,3667,OpenPlay,2022,LeftFoot,19107,Real Betis,Athletic Club,0,0,2022-12-29 18:15:00,Andrés Guardado,Throughball
501390,52,MissedShots,0.7669999694824219,0.6480000305175782,0.06887190043926239,Nabil Fekir,h,3667,DirectFreekick,2022,LeftFoot,19107,Real Betis,Athletic Club,0,0,2022-12-29 18:15:00,,Standard
501395,68,MissedShots,0.8630000305175781,0.6990000152587891,0.04130009934306145,Nabil Fekir,h,3667,OpenPlay,2022,LeftFoot,19107,Real Betis,Athletic Club,0,0,2022-12-29 18:15:00,,None
502926,38,BlockedShot,0.7730000305175782,0.6630000305175782,0.02346549928188324,Nabil Fekir,a,3667,OpenPlay,2022,LeftFoot,19117,Rayo Vallecano,Real Betis,1,2,2023-01-08 15:15:00,Luiz Henrique,Pass
502932,66,BlockedShot,0.889000015258789,0.6040000152587891,0.11473800241947174,Nabil Fekir,a,3667,OpenPlay,2022,LeftFoot,19117,Rayo Vallecano,Real Betis,1,2,2023-01-08 15:15:00,Sergio Canales,Pass
506034,72,MissedShots,0.8159999847412109,0.4809999847412109,0.16389599442481995,Nabil Fekir,a,3667,DirectFreekick,2022,LeftFoot,19148,Getafe,Real Betis,0,1,2023-01-28 20:00:00,,Standard
506650,55,SavedShot,0.860999984741211,0.27100000381469724,0.030445700511336327,Nabil Fekir,h,3667,OpenPlay,2022,LeftFoot,19128,Real Betis,Barcelona,1,2,2023-02-01 20:00:00,Luiz Henrique,Pass
507460,66,MissedShots,0.7290000152587891,0.24,0.03461660072207451,Nabil Fekir,h,3667,DirectFreekick,2022,LeftFoot,19155,Real Betis,Celta Vigo,3,4,2023-02-04 20:00:00,,Standard
507465,83,Goal,0.885,0.5,0.7432780265808105,Nabil Fekir,h,3667,Penalty,2022,LeftFoot,19155,Real Betis,Celta Vigo,3,4,2023-02-04 20:00:00,,Standard
509726,13,SavedShot,0.825999984741211,0.4420000076293945,0.07587370276451111,Nabil Fekir,h,3667,OpenPlay,2022,LeftFoot,19173,Real Betis,Real Valladolid,2,1,2023-02-18 15:15:00,Ayoze Pérez,Pass
509737,51,MissedShots,0.759000015258789,0.2979999923706055,0.019205400720238686,Nabil Fekir,h,3667,OpenPlay,2022,LeftFoot,19173,Real Betis,Real Valladolid,2,1,2023-02-18 15:15:00,,None
509738,56,SavedShot,0.6969999694824218,0.49900001525878906,0.042083099484443665,Nabil Fekir,h,3667,DirectFreekick,2022,LeftFoot,19173,Real Betis,Real Valladolid,2,1,2023-02-18 15:15:00,,Standard
509743,65,MissedShots,0.9430000305175781,0.669000015258789,0.0727028027176857,Nabil Fekir,h,3667,OpenPlay,2022,LeftFoot,19173,Real Betis,Real Valladolid,2,1,2023-02-18 15:15:00,William Carvalho,TakeOn
510663,35,BlockedShot,0.7659999847412109,0.505,0.08863899856805801,Nabil Fekir,a,3667,DirectFreekick,2022,LeftFoot,19190,Elche,Real Betis,2,3,2023-02-24 20:00:00,,Standard
550649,86,MissedShots,0.765,0.525,0.049624331295490265,Nabil Fekir,h,3667,OpenPlay,2023,LeftFoot,22816,Real Betis,Las Palmas,1,0,2023-11-26 20:00:00,Borja Iglesias,Pass
559421,54,SavedShot,0.8109999847412109,0.46599998474121096,0.021180571988224983,Nabil Fekir,h,3667,OpenPlay,2023,RightFoot,22891,Real Betis,Barcelona,2,4,2024-01-21 17:30:00,,Aerial
560045,32,MissedShots,0.8030000305175782,0.6709999847412109,0.03824518620967865,Nabil Fekir,a,3667,OpenPlay,2023,LeftFoot,22901,Mallorca,Real Betis,0,1,2024-01-27 20:00:00,Isco,Chipped
560048,45,BlockedShot,0.8540000152587891,0.6580000305175782,0.0443938672542572,Nabil Fekir,a,3667,OpenPlay,2023,RightFoot,22901,Mallorca,Real Betis,0,1,2024-01-27 20:00:00,Isco,Pass
561929,2,BlockedShot,0.92,0.44400001525878907,0.488569438457489,Nabil Fekir,h,3667,OpenPlay,2023,LeftFoot,22906,Real Betis,Getafe,1,1,2024-02-04 17:30:00,Isco,Pass
561936,45,MissedShots,0.7759999847412109,0.29,0.059562504291534424,Nabil Fekir,h,3667,DirectFreekick,2023,LeftFoot,22906,Real Betis,Getafe,1,1,2024-02-04 17:30:00,,Standard
561941,67,MissedShots,0.8809999847412109,0.6569999694824219,0.048161063343286514,Nabil Fekir,h,3667,OpenPlay,2023,LeftFoot,22906,Real Betis,Getafe,1,1,2024-02-04 17:30:00,Juan Miranda,HeadPass
561947,91,BlockedShot,0.8640000152587891,0.6769999694824219,0.0484444759786129,Nabil Fekir,h,3667,OpenPlay,2023,LeftFoot,22906,Real Betis,Getafe,1,1,2024-02-04 17:30:00,,None
562241,10,BlockedShot,0.7919999694824219,0.24100000381469727,0.054522804915905,Nabil Fekir,a,3667,DirectFreekick,2023,LeftFoot,22921,Cadiz,Real Betis,0,2,2024-02-09 20:00:00,,Standard
562244,22,SavedShot,0.8519999694824218,0.46099998474121096,0.08928726613521576,Nabil Fekir,a,3667,OpenPlay,2023,LeftFoot,22921,Cadiz,Real Betis,0,2,2024-02-09 20:00:00,,None
562254,49,BlockedShot,0.8919999694824219,0.6519999694824219,0.05346059054136276,Nabil Fekir,a,3667,FromCorner,2023,LeftFoot,22921,Cadiz,Real Betis,0,2,2024-02-09 20:00:00,,None
564741,61,BlockedShot,0.870999984741211,0.6769999694824219,0.043970994651317596,Nabil Fekir,h,3667,OpenPlay,2023,LeftFoot,22934,Real Betis,Alaves,0,0,2024-02-18 20:00:00,Juan Miranda,Pass
564747,85,BlockedShot,0.9,0.34700000762939454,0.0541057363152504,Nabil Fekir,h,3667,FromCorner,2023,LeftFoot,22934,Real Betis,Alaves,0,0,2024-02-18 20:00:00,Cédric Bakambu,Pass
565757,3,MissedShots,0.705999984741211,0.37799999237060544,0.040948398411273956,Nabil Fekir,h,3667,DirectFreekick,2023,LeftFoot,22944,Real Betis,Athletic Club,3,1,2024-02-25 15:15:00,,Standard
565765,40,MissedShots,0.865,0.13899999618530273,0.04798225685954094,Nabil Fekir,h,3667,DirectFreekick,2023,LeftFoot,22944,Real Betis,Athletic Club,3,1,2024-02-25 15:15:00,,Standard
565767,45,BlockedShot,0.7859999847412109,0.634000015258789,0.040020640939474106,Nabil Fekir,h,3667,OpenPlay,2023,LeftFoot,22944,Real Betis,Athletic Club,3,1,2024-02-25 15:15:00,,None
568947,65,SavedShot,0.915,0.5029999923706054,0.4903782606124878,Nabil Fekir,h,3667,OpenPlay,2023,RightFoot,22957,Real Betis,Villarreal,2,3,2024-03-10 20:00:00,,Rebound
570103,21,BlockedShot,0.885,0.41200000762939454,0.07551497220993042,Nabil Fekir,a,3667,OpenPlay,2023,LeftFoot,22969,Rayo Vallecano,Real Betis,2,0,2024-03-17 17:30:00,,None
573337,49,BlockedShot,0.8980000305175782,0.6090000152587891,0.07081187516450882,Nabil Fekir,h,3667,FromCorner,2023,LeftFoot,22987,Real Betis,Celta Vigo,2,1,2024-04-12 19:00:00,Cédric Bakambu,None
573344,82,Goal,0.88,0.645,0.068607397377491,Nabil Fekir,h,3667,OpenPlay,2023,RightFoot,22987,Real Betis,Celta Vigo,2,1,2024-04-12 19:00:00,Isco,TakeOn
573347,89,MissedShots,0.7119999694824218,0.4909999847412109,0.04884599149227142,Nabil Fekir,h,3667,DirectFreekick,2023,LeftFoot,22987,Real Betis,Celta Vigo,2,1,2024-04-12 19:00:00,,Standard
578784,31,SavedShot,0.735,0.33799999237060546,0.013066516257822514,Nabil Fekir,a,3667,FromCorner,2023,LeftFoot,23020,Osasuna,Real Betis,0,2,2024-05-05 12:00:00,Youssouf Sabaly,HeadPass
578788,43,BlockedShot,0.875999984741211,0.6869999694824219,0.06839706003665924,Nabil Fekir,a,3667,OpenPlay,2023,LeftFoot,23020,Osasuna,Real Betis,0,2,2024-05-05 12:00:00,Willian José,Pass
580636,75,BlockedShot,0.8909999847412109,0.68,0.06630371510982513,Nabil Fekir,h,3667,OpenPlay,2023,LeftFoot,23031,Real Betis,Almeria,3,2,2024-05-12 19:00:00,Isco,Pass
581320,71,SavedShot,0.79,0.41400001525878904,0.10572288185358047,Nabil Fekir,a,3667,DirectFreekick,2023,LeftFoot,23040,Las Palmas,Real Betis,2,2,2024-05-16 17:30:00,,Standard
582579,17,SavedShot,0.93,0.30100000381469727,0.044148292392492294,Nabil Fekir,h,3667,OpenPlay,2023,LeftFoot,23048,Real Betis,Real Sociedad,0,2,2024-05-19 17:00:00,William Carvalho,Pass
582583,35,MissedShots,0.815,0.3129999923706055,0.02484493888914585,Nabil Fekir,h,3667,OpenPlay,2023,LeftFoot,23048,Real Betis,Real Sociedad,0,2,2024-05-19 17:00:00,Pablo Fornals,Pass
584575,52,MissedShots,0.8009999847412109,0.7140000152587891,0.029013115912675858,Nabil Fekir,h,3667,OpenPlay,2024,LeftFoot,26983,Real Betis,Girona,1,1,2024-08-15 19:30:00,Pablo Fornals,Pass
584589,90,MissedShots,0.71,0.5170000076293946,0.014977737329900265,Nabil Fekir,h,3667,OpenPlay,2024,LeftFoot,26983,Real Betis,Girona,1,1,2024-08-15 19:30:00,Ezequiel Ávila,Pass
586993,28,BlockedShot,0.710999984741211,0.3940000152587891,0.017480850219726562,Nabil Fekir,a,3667,OpenPlay,2024,LeftFoot,27000,Alaves,Real Betis,0,0,2024-08-25 17:15:00,William Carvalho,Pass
586994,28,BlockedShot,0.815,0.5720000076293945,0.05627460032701492,Nabil Fekir,a,3667,OpenPlay,2024,LeftFoot,27000,Alaves,Real Betis,0,0,2024-08-25 17:15:00,Marc Roca,Pass
587001,51,MissedShots,0.7869999694824219,0.6890000152587891,0.03821944817900658,Nabil Fekir,a,3667,OpenPlay,2024,LeftFoot,27000,Alaves,Real Betis,0,0,2024-08-25 17:15:00,Aitor Ruibal,Pass
587003,74,SavedShot,0.895,0.3659999847412109,0.29627034068107605,Nabil Fekir,a,3667,OpenPlay,2024,LeftFoot,27000,Alaves,Real Betis,0,0,2024-08-25 17:15:00,Pablo Fornals,Pass
587005,84,MissedShots,0.860999984741211,0.51,0.10210126638412476,Nabil Fekir,a,3667,OpenPlay,2024,LeftFoot,27000,Alaves,Real Betis,0,0,2024-08-25 17:15:00,Ezequiel Ávila,Pass
