id,minute,result,X,Y,xG,player,h_a,player_id,situation,season,shotType,match_id,h_team,a_team,h_goals,a_goals,date,player_assisted,lastAction
24352,57,SavedShot,0.8180000305175781,0.6930000305175781,0.01952820084989071,Kevin De Bruyne,a,447,OpenPlay,2014,RightFoot,5447,Bayern Munich,Wolfsburg,2,1,2014-08-22 19:30:00,Ivica Olic,Chipped
24611,42,SavedShot,0.7190000152587891,0.6930000305175781,0.011610699817538261,Kevin De Bruyne,h,447,OpenPlay,2014,RightFoot,5461,Wolfsburg,Eintracht Frankfurt,2,2,2014-08-30 14:30:00,Robin Knoche,BallRecovery
24619,63,SavedShot,0.88,0.7630000305175781,0.017031699419021606,Kevin De Bruyne,h,447,OpenPlay,2014,RightFoot,5461,Wolfsburg,Eintracht Frankfurt,2,2,2014-08-30 14:30:00,Junior Malanda,TakeOn
24902,23,SavedShot,0.7480000305175781,0.7380000305175781,0.017345000058412552,Kevin De Bruyne,a,447,OpenPlay,2014,LeftFoot,5412,Hoffenheim,Wolfsburg,1,1,2014-09-13 14:30:00,Luiz Gustavo,Pass
24903,24,SavedShot,0.8130000305175781,0.785,0.021865200251340866,Kevin De Bruyne,a,447,OpenPlay,2014,RightFoot,5412,Hoffenheim,Wolfsburg,1,1,2014-09-13 14:30:00,Ricardo Rodríguez,Pass
24904,28,BlockedShot,0.805,0.44099998474121094,0.04952169954776764,Kevin De Bruyne,a,447,OpenPlay,2014,RightFoot,5412,Hoffenheim,Wolfsburg,1,1,2014-09-13 14:30:00,Daniel Caligiuri,Pass
24906,30,MissedShots,0.8019999694824219,0.649000015258789,0.024919899180531502,Kevin De Bruyne,a,447,OpenPlay,2014,RightFoot,5412,Hoffenheim,Wolfsburg,1,1,2014-09-13 14:30:00,Maximilian Arnold,Chipped
24927,63,MissedShots,0.8819999694824219,0.5529999923706055,0.5498030185699463,Kevin De Bruyne,a,447,OpenPlay,2014,LeftFoot,5412,Hoffenheim,Wolfsburg,1,1,2014-09-13 14:30:00,Ivica Olic,Pass
25050,8,MissedShots,0.4590000152587891,0.5520000076293945,0.007563780061900616,Kevin De Bruyne,h,447,OpenPlay,2014,RightFoot,5427,Wolfsburg,Bayer Leverkusen,4,1,2014-09-21 14:30:00,Robin Knoche,BallRecovery
25054,21,ShotOnPost,0.8030000305175782,0.62,0.044843800365924835,Kevin De Bruyne,h,447,OpenPlay,2014,RightFoot,5427,Wolfsburg,Bayer Leverkusen,4,1,2014-09-21 14:30:00,Nicklas Bendtner,Pass
25066,51,MissedShots,0.7959999847412109,0.3770000076293945,0.047164201736450195,Kevin De Bruyne,h,447,OpenPlay,2014,RightFoot,5427,Wolfsburg,Bayer Leverkusen,4,1,2014-09-21 14:30:00,Daniel Caligiuri,Chipped
25438,37,SavedShot,0.75,0.575999984741211,0.026047900319099426,Kevin De Bruyne,a,447,OpenPlay,2014,RightFoot,5437,Hertha Berlin,Wolfsburg,1,0,2014-09-24 19:00:00,Nicklas Bendtner,LayOff
25439,44,BlockedShot,0.8340000152587891,0.485,0.07292810082435608,Kevin De Bruyne,a,447,OpenPlay,2014,LeftFoot,5437,Hertha Berlin,Wolfsburg,1,0,2014-09-24 19:00:00,,TakeOn
25531,43,SavedShot,0.7559999847412109,0.7630000305175781,0.012180300429463387,Kevin De Bruyne,h,447,OpenPlay,2014,RightFoot,5444,Wolfsburg,Werder Bremen,2,1,2014-09-27 17:30:00,Ivica Olic,Pass
25543,83,SavedShot,0.7169999694824218,0.435,0.022134600207209587,Kevin De Bruyne,h,447,OpenPlay,2014,LeftFoot,5444,Wolfsburg,Werder Bremen,2,1,2014-09-27 17:30:00,Luiz Gustavo,Pass
25544,89,SavedShot,0.8669999694824219,0.675,0.06327419728040695,Kevin De Bruyne,h,447,OpenPlay,2014,LeftFoot,5444,Wolfsburg,Werder Bremen,2,1,2014-09-27 17:30:00,Ivan Perisic,Pass
25828,69,SavedShot,0.7580000305175781,0.654000015258789,0.023438699543476105,Kevin De Bruyne,h,447,OpenPlay,2014,RightFoot,5390,Wolfsburg,Augsburg,1,0,2014-10-05 14:30:00,Vieirinha,Chipped
25829,71,BlockedShot,0.8009999847412109,0.3629999923706055,0.04008530080318451,Kevin De Bruyne,h,447,OpenPlay,2014,LeftFoot,5390,Wolfsburg,Augsburg,1,0,2014-10-05 14:30:00,Josuha Guilavogui,Pass
26067,40,ShotOnPost,0.6980000305175781,0.7959999847412109,0.025589099153876305,Kevin De Bruyne,a,447,DirectFreekick,2014,RightFoot,5395,Freiburg,Wolfsburg,1,2,2014-10-18 14:30:00,,Standard
26077,60,SavedShot,0.909000015258789,0.705,0.11186400055885315,Kevin De Bruyne,a,447,OpenPlay,2014,RightFoot,5395,Freiburg,Wolfsburg,1,2,2014-10-18 14:30:00,Ricardo Rodríguez,Chipped
26080,79,MissedShots,0.9059999847412109,0.30100000381469727,0.09546349942684174,Kevin De Bruyne,a,447,OpenPlay,2014,RightFoot,5395,Freiburg,Wolfsburg,1,2,2014-10-18 14:30:00,Vieirinha,TakeOn
26084,85,BlockedShot,0.874000015258789,0.37400001525878906,0.10221700370311737,Kevin De Bruyne,a,447,OpenPlay,2014,RightFoot,5395,Freiburg,Wolfsburg,1,2,2014-10-18 14:30:00,Sebastian Jung,Pass
26252,20,BlockedShot,0.7269999694824218,0.5359999847412109,0.02308719977736473,Kevin De Bruyne,h,447,OpenPlay,2014,RightFoot,5408,Wolfsburg,Mainz 05,3,0,2014-10-26 14:30:00,,BallRecovery
26256,33,MissedShots,0.7959999847412109,0.6930000305175781,0.026997899636626244,Kevin De Bruyne,h,447,OpenPlay,2014,RightFoot,5408,Wolfsburg,Mainz 05,3,0,2014-10-26 14:30:00,Daniel Caligiuri,Pass
26259,50,SavedShot,0.895,0.33299999237060546,0.5123130083084106,Kevin De Bruyne,h,447,OpenPlay,2014,RightFoot,5408,Wolfsburg,Mainz 05,3,0,2014-10-26 14:30:00,Daniel Caligiuri,Throughball
26264,57,SavedShot,0.785,0.3940000152587891,0.02213039994239807,Kevin De Bruyne,h,447,FromCorner,2014,RightFoot,5408,Wolfsburg,Mainz 05,3,0,2014-10-26 14:30:00,,None
26263,57,SavedShot,0.8090000152587891,0.6780000305175782,0.04104290157556534,Kevin De Bruyne,h,447,OpenPlay,2014,RightFoot,5408,Wolfsburg,Mainz 05,3,0,2014-10-26 14:30:00,Daniel Caligiuri,Chipped
26617,47,Goal,0.9490000152587891,0.5659999847412109,0.5857560038566589,Kevin De Bruyne,a,447,OpenPlay,2014,RightFoot,5350,VfB Stuttgart,Wolfsburg,0,4,2014-11-01 14:30:00,Vieirinha,Chipped
26623,62,SavedShot,0.9219999694824219,0.28899999618530275,0.06911610066890717,Kevin De Bruyne,a,447,OpenPlay,2014,RightFoot,5350,VfB Stuttgart,Wolfsburg,0,4,2014-11-01 14:30:00,Josuha Guilavogui,Pass
26751,26,MissedShots,0.785,0.5609999847412109,0.023893600329756737,Kevin De Bruyne,h,447,FromCorner,2014,RightFoot,5363,Wolfsburg,Hamburger SV,2,0,2014-11-09 14:30:00,Aaron Hunt,Goal
26753,31,BlockedShot,0.7609999847412109,0.395,0.029364200308918953,Kevin De Bruyne,h,447,OpenPlay,2014,LeftFoot,5363,Wolfsburg,Hamburger SV,2,0,2014-11-09 14:30:00,Ivica Olic,Pass
26754,31,MissedShots,0.840999984741211,0.4809999847412109,0.09650369733572006,Kevin De Bruyne,h,447,OpenPlay,2014,LeftFoot,5363,Wolfsburg,Hamburger SV,2,0,2014-11-09 14:30:00,Ivan Perisic,Pass
26765,71,BlockedShot,0.8230000305175781,0.720999984741211,0.05724009871482849,Kevin De Bruyne,h,447,OpenPlay,2014,RightFoot,5363,Wolfsburg,Hamburger SV,2,0,2014-11-09 14:30:00,Aaron Hunt,Chipped
26972,87,BlockedShot,0.94,0.7090000152587891,0.044778499752283096,Kevin De Bruyne,a,447,OpenPlay,2014,LeftFoot,5366,Schalke 04,Wolfsburg,3,2,2014-11-22 14:30:00,,None
27555,12,MissedShots,0.7769999694824219,0.47200000762939454,0.05892350152134895,Kevin De Bruyne,h,447,OpenPlay,2014,LeftFoot,5381,Wolfsburg,Borussia M.Gladbach,1,0,2014-11-30 14:30:00,Vieirinha,TakeOn
27568,44,SavedShot,0.759000015258789,0.6959999847412109,0.02299180068075657,Kevin De Bruyne,h,447,OpenPlay,2014,RightFoot,5381,Wolfsburg,Borussia M.Gladbach,1,0,2014-11-30 14:30:00,Ivan Perisic,Pass
27569,47,BlockedShot,0.8969999694824219,0.6880000305175781,0.04483430087566376,Kevin De Bruyne,h,447,OpenPlay,2014,RightFoot,5381,Wolfsburg,Borussia M.Gladbach,1,0,2014-11-30 14:30:00,Diego Benaglio,Pass
27578,69,BlockedShot,0.7140000152587891,0.41900001525878905,0.021353399381041527,Kevin De Bruyne,h,447,OpenPlay,2014,RightFoot,5381,Wolfsburg,Borussia M.Gladbach,1,0,2014-11-30 14:30:00,Maximilian Arnold,Pass
27580,83,SavedShot,0.8930000305175781,0.715,0.05483099818229675,Kevin De Bruyne,h,447,OpenPlay,2014,RightFoot,5381,Wolfsburg,Borussia M.Gladbach,1,0,2014-11-30 14:30:00,Aaron Hunt,Pass
27320,3,Goal,0.8469999694824218,0.5509999847412109,0.2876259982585907,Kevin De Bruyne,a,447,OpenPlay,2014,RightFoot,5314,Hannover 96,Wolfsburg,1,3,2014-12-06 14:30:00,Ivan Perisic,HeadPass
27337,59,SavedShot,0.8580000305175781,0.17600000381469727,0.01096280012279749,Kevin De Bruyne,a,447,OpenPlay,2014,RightFoot,5314,Hannover 96,Wolfsburg,1,3,2014-12-06 14:30:00,Sebastian Jung,TakeOn
27347,89,BlockedShot,0.8069999694824219,0.28,0.05163180083036423,Kevin De Bruyne,a,447,OpenPlay,2014,RightFoot,5314,Hannover 96,Wolfsburg,1,3,2014-12-06 14:30:00,Maximilian Arnold,Chipped
27922,24,MissedShots,0.7769999694824219,0.66,0.014722400344908237,Kevin De Bruyne,h,447,SetPiece,2014,RightFoot,5329,Wolfsburg,Paderborn,1,1,2014-12-14 16:30:00,,None
27925,32,BlockedShot,0.735999984741211,0.6430000305175781,0.021151600405573845,Kevin De Bruyne,h,447,OpenPlay,2014,RightFoot,5329,Wolfsburg,Paderborn,1,1,2014-12-14 16:30:00,,Dispossessed
27926,34,MissedShots,0.8230000305175781,0.4620000076293945,0.07811149954795837,Kevin De Bruyne,h,447,OpenPlay,2014,LeftFoot,5329,Wolfsburg,Paderborn,1,1,2014-12-14 16:30:00,,BallRecovery
27930,58,BlockedShot,0.860999984741211,0.3089999961853027,0.03299510106444359,Kevin De Bruyne,h,447,OpenPlay,2014,RightFoot,5329,Wolfsburg,Paderborn,1,1,2014-12-14 16:30:00,Maximilian Arnold,Chipped
27934,66,MissedShots,0.8580000305175781,0.6370000076293946,0.07062599807977676,Kevin De Bruyne,h,447,OpenPlay,2014,RightFoot,5329,Wolfsburg,Paderborn,1,1,2014-12-14 16:30:00,Ivan Perisic,Pass
27687,3,SavedShot,0.8719999694824219,0.39599998474121095,0.08928009867668152,Kevin De Bruyne,a,447,OpenPlay,2014,RightFoot,5335,Borussia Dortmund,Wolfsburg,2,2,2014-12-17 19:00:00,Vieirinha,Pass
27688,3,MissedShots,0.899000015258789,0.485,0.41509801149368286,Kevin De Bruyne,a,447,OpenPlay,2014,LeftFoot,5335,Borussia Dortmund,Wolfsburg,2,2,2014-12-17 19:00:00,,Rebound
27694,28,Goal,0.7819999694824219,0.49599998474121093,0.10390400141477585,Kevin De Bruyne,a,447,DirectFreekick,2014,RightFoot,5335,Borussia Dortmund,Wolfsburg,2,2,2014-12-17 19:00:00,,Standard
27696,38,MissedShots,0.8580000305175781,0.525,0.11383599787950516,Kevin De Bruyne,a,447,OpenPlay,2014,LeftFoot,5335,Borussia Dortmund,Wolfsburg,2,2,2014-12-17 19:00:00,,TakeOn
28081,57,MissedShots,0.7269999694824218,0.6409999847412109,0.04464830085635185,Kevin De Bruyne,h,447,DirectFreekick,2014,RightFoot,5345,Wolfsburg,FC Cologne,2,1,2014-12-20 17:30:00,,Standard
28442,29,MissedShots,0.7930000305175782,0.7659999847412109,0.023396199569106102,Kevin De Bruyne,h,447,OpenPlay,2014,RightFoot,5305,Wolfsburg,Bayern Munich,4,1,2015-01-30 19:30:00,Luiz Gustavo,Pass
28448,52,Goal,0.835,0.4640000152587891,0.43557101488113403,Kevin De Bruyne,h,447,OpenPlay,2014,RightFoot,5305,Wolfsburg,Bayern Munich,4,1,2015-01-30 19:30:00,Maximilian Arnold,Throughball
28458,72,Goal,0.879000015258789,0.610999984741211,0.14039500057697296,Kevin De Bruyne,h,447,OpenPlay,2014,LeftFoot,5305,Wolfsburg,Bayern Munich,4,1,2015-01-30 19:30:00,Maximilian Arnold,Chipped
28955,18,MissedShots,0.845,0.5879999923706055,0.07651829719543457,Kevin De Bruyne,a,447,OpenPlay,2014,RightFoot,5263,Eintracht Frankfurt,Wolfsburg,1,1,2015-02-03 19:00:00,Luiz Gustavo,Pass
28959,42,SavedShot,0.88,0.28,0.03561589866876602,Kevin De Bruyne,a,447,OpenPlay,2014,RightFoot,5263,Eintracht Frankfurt,Wolfsburg,1,1,2015-02-03 19:00:00,Vieirinha,Pass
28961,54,BlockedShot,0.850999984741211,0.46099998474121096,0.12624800205230713,Kevin De Bruyne,a,447,OpenPlay,2014,LeftFoot,5263,Eintracht Frankfurt,Wolfsburg,1,1,2015-02-03 19:00:00,Daniel Caligiuri,Pass
28972,87,Goal,0.9069999694824219,0.5590000152587891,0.43785399198532104,Kevin De Bruyne,a,447,OpenPlay,2014,LeftFoot,5263,Eintracht Frankfurt,Wolfsburg,1,1,2015-02-03 19:00:00,Marcel Schäfer,Pass
29360,27,Goal,0.8730000305175781,0.5520000076293945,0.22633600234985352,Kevin De Bruyne,h,447,OpenPlay,2014,Head,5276,Wolfsburg,Hoffenheim,3,0,2015-02-07 14:30:00,,Rebound
29375,83,Goal,0.7959999847412109,0.295,0.07779359817504883,Kevin De Bruyne,h,447,OpenPlay,2014,RightFoot,5276,Wolfsburg,Hoffenheim,3,0,2015-02-07 14:30:00,Bas Dost,Pass
29024,41,MissedShots,0.74,0.6869999694824219,0.01427219994366169,Kevin De Bruyne,h,447,OpenPlay,2014,RightFoot,5297,Wolfsburg,Hertha Berlin,2,1,2015-02-22 16:30:00,Ricardo Rodríguez,TakeOn
29025,54,SavedShot,0.850999984741211,0.3770000076293945,0.06599079817533493,Kevin De Bruyne,h,447,OpenPlay,2014,RightFoot,5297,Wolfsburg,Hertha Berlin,2,1,2015-02-22 16:30:00,Vieirinha,Pass
29032,77,SavedShot,0.885,0.32099998474121094,0.04041080176830292,Kevin De Bruyne,h,447,SetPiece,2014,RightFoot,5297,Wolfsburg,Hertha Berlin,2,1,2015-02-22 16:30:00,Naldo,Pass
29488,11,BlockedShot,0.745999984741211,0.4209999847412109,0.01749040000140667,Kevin De Bruyne,a,447,OpenPlay,2014,LeftFoot,5232,Werder Bremen,Wolfsburg,3,5,2015-03-01 16:30:00,Maximilian Arnold,TakeOn
29499,44,MissedShots,0.8030000305175782,0.37400001525878906,0.04523390159010887,Kevin De Bruyne,a,447,OpenPlay,2014,LeftFoot,5232,Werder Bremen,Wolfsburg,3,5,2015-03-01 16:30:00,Vieirinha,TakeOn
29974,11,MissedShots,0.8569999694824219,0.7169999694824218,0.03451180085539818,Kevin De Bruyne,a,447,OpenPlay,2014,RightFoot,5235,Augsburg,Wolfsburg,1,0,2015-03-07 14:30:00,,None
29975,12,MissedShots,0.710999984741211,0.62,0.010393500328063965,Kevin De Bruyne,a,447,OpenPlay,2014,RightFoot,5235,Augsburg,Wolfsburg,1,0,2015-03-07 14:30:00,,None
30845,8,BlockedShot,0.86,0.53,0.10076799988746643,Kevin De Bruyne,h,447,OpenPlay,2014,LeftFoot,5249,Wolfsburg,Freiburg,3,0,2015-03-15 14:30:00,Daniel Caligiuri,Pass
30846,9,MissedShots,0.735999984741211,0.40599998474121096,0.022279100492596626,Kevin De Bruyne,h,447,FromCorner,2014,RightFoot,5249,Wolfsburg,Freiburg,3,0,2015-03-15 14:30:00,Ricardo Rodríguez,Cross
30849,18,Goal,0.8490000152587891,0.5720000076293945,0.06605760008096695,Kevin De Bruyne,h,447,OpenPlay,2014,RightFoot,5249,Wolfsburg,Freiburg,3,0,2015-03-15 14:30:00,,None
30856,29,MissedShots,0.7859999847412109,0.48900001525878906,0.05494320020079613,Kevin De Bruyne,h,447,OpenPlay,2014,RightFoot,5249,Wolfsburg,Freiburg,3,0,2015-03-15 14:30:00,Bas Dost,BallRecovery
30873,66,SavedShot,0.9230000305175782,0.7380000305175781,0.05073180049657822,Kevin De Bruyne,h,447,OpenPlay,2014,LeftFoot,5249,Wolfsburg,Freiburg,3,0,2015-03-15 14:30:00,Ricardo Rodríguez,Pass
30880,86,MissedShots,0.8430000305175781,0.315,0.0918235033750534,Kevin De Bruyne,h,447,OpenPlay,2014,RightFoot,5249,Wolfsburg,Freiburg,3,0,2015-03-15 14:30:00,André Schürrle,Pass
31786,32,SavedShot,0.9719999694824218,0.8019999694824219,0.0791143998503685,Kevin De Bruyne,a,447,DirectFreekick,2014,RightFoot,5258,Mainz 05,Wolfsburg,1,1,2015-03-22 14:30:00,,Standard
31787,57,BlockedShot,0.7780000305175782,0.7340000152587891,0.05126909911632538,Kevin De Bruyne,a,447,DirectFreekick,2014,RightFoot,5258,Mainz 05,Wolfsburg,1,1,2015-03-22 14:30:00,,Standard
31794,71,SavedShot,0.795,0.5979999923706054,0.03440620005130768,Kevin De Bruyne,a,447,OpenPlay,2014,RightFoot,5258,Mainz 05,Wolfsburg,1,1,2015-03-22 14:30:00,Nicklas Bendtner,Pass
32328,24,BlockedShot,0.795,0.8430000305175781,0.035534199327230453,Kevin De Bruyne,h,447,DirectFreekick,2014,RightFoot,5200,Wolfsburg,VfB Stuttgart,3,1,2015-04-04 14:30:00,,Standard
32329,25,MissedShots,0.870999984741211,0.5029999923706054,0.08261530101299286,Kevin De Bruyne,h,447,OpenPlay,2014,RightFoot,5200,Wolfsburg,VfB Stuttgart,3,1,2015-04-04 14:30:00,Vieirinha,OffsidePass
32347,80,BlockedShot,0.749000015258789,0.4229999923706055,0.025661200284957886,Kevin De Bruyne,h,447,OpenPlay,2014,RightFoot,5200,Wolfsburg,VfB Stuttgart,3,1,2015-04-04 14:30:00,André Schürrle,Pass
31371,57,MissedShots,0.7340000152587891,0.47299999237060547,0.020145900547504425,Kevin De Bruyne,a,447,SetPiece,2014,RightFoot,5210,Hamburger SV,Wolfsburg,0,2,2015-04-11 17:30:00,Ricardo Rodríguez,Pass
31373,69,SavedShot,0.9369999694824219,0.710999984741211,0.0659077987074852,Kevin De Bruyne,a,447,OpenPlay,2014,LeftFoot,5210,Hamburger SV,Wolfsburg,0,2,2015-04-11 17:30:00,Maximilian Arnold,Pass
31833,18,MissedShots,0.775,0.8240000152587891,0.017131399363279343,Kevin De Bruyne,h,447,OpenPlay,2014,RightFoot,5221,Wolfsburg,Schalke 04,1,1,2015-04-19 16:30:00,Ricardo Rodríguez,Pass
31842,39,SavedShot,0.740999984741211,0.5790000152587891,0.03815050050616264,Kevin De Bruyne,h,447,OpenPlay,2014,RightFoot,5221,Wolfsburg,Schalke 04,1,1,2015-04-19 16:30:00,Ricardo Rodríguez,Pass
31845,43,SavedShot,0.884000015258789,0.5579999923706055,0.11004199832677841,Kevin De Bruyne,h,447,OpenPlay,2014,RightFoot,5221,Wolfsburg,Schalke 04,1,1,2015-04-19 16:30:00,Ivan Perisic,Pass
31854,66,SavedShot,0.6909999847412109,0.9419999694824219,0.02048490010201931,Kevin De Bruyne,h,447,DirectFreekick,2014,RightFoot,5221,Wolfsburg,Schalke 04,1,1,2015-04-19 16:30:00,,Standard
31856,69,SavedShot,0.845999984741211,0.5279999923706055,0.055470000952482224,Kevin De Bruyne,h,447,OpenPlay,2014,RightFoot,5221,Wolfsburg,Schalke 04,1,1,2015-04-19 16:30:00,Daniel Caligiuri,HeadPass
31859,77,Goal,0.7619999694824219,0.49,0.03906660154461861,Kevin De Bruyne,h,447,OpenPlay,2014,RightFoot,5221,Wolfsburg,Schalke 04,1,1,2015-04-19 16:30:00,Daniel Caligiuri,TakeOn
29543,37,MissedShots,0.7619999694824219,0.605999984741211,0.02485490031540394,Kevin De Bruyne,a,447,OpenPlay,2014,RightFoot,5230,Borussia M.Gladbach,Wolfsburg,1,0,2015-04-26 16:30:00,Nicklas Bendtner,LayOff
30587,59,SavedShot,0.675,0.8630000305175781,0.021650299429893494,Kevin De Bruyne,h,447,DirectFreekick,2014,RightFoot,5160,Wolfsburg,Hannover 96,2,2,2015-05-02 14:30:00,,Standard
30591,68,MissedShots,0.7609999847412109,0.28200000762939453,0.01496949978172779,Kevin De Bruyne,h,447,OpenPlay,2014,RightFoot,5160,Wolfsburg,Hannover 96,2,2,2015-05-02 14:30:00,,BallRecovery
30593,72,MissedShots,0.8769999694824219,0.3039999961853027,0.07036259770393372,Kevin De Bruyne,h,447,OpenPlay,2014,RightFoot,5160,Wolfsburg,Hannover 96,2,2,2015-05-02 14:30:00,,TakeOn
30598,84,MissedShots,0.94,0.6859999847412109,0.05523179844021797,Kevin De Bruyne,h,447,OpenPlay,2014,LeftFoot,5160,Wolfsburg,Hannover 96,2,2,2015-05-02 14:30:00,Daniel Caligiuri,Pass
29948,32,MissedShots,0.644000015258789,0.720999984741211,0.010191299952566624,Kevin De Bruyne,a,447,OpenPlay,2014,RightFoot,5175,Paderborn,Wolfsburg,1,3,2015-05-10 14:30:00,Luiz Gustavo,BallRecovery
29951,44,MissedShots,0.895,0.5129999923706055,0.1173039972782135,Kevin De Bruyne,a,447,OpenPlay,2014,RightFoot,5175,Paderborn,Wolfsburg,1,3,2015-05-10 14:30:00,,None
31762,38,MissedShots,0.789000015258789,0.3840000152587891,0.06369820237159729,Kevin De Bruyne,a,447,OpenPlay,2014,RightFoot,5186,FC Cologne,Wolfsburg,2,2,2015-05-23 14:30:00,Bas Dost,LayOff
76147,49,MissedShots,0.875,0.33299999237060546,0.06866510212421417,Kevin De Bruyne,h,447,OpenPlay,2015,RightFoot,1028,Wolfsburg,Eintracht Frankfurt,2,1,2015-08-16 17:30:00,Josuha Guilavogui,Pass
76152,71,SavedShot,0.6919999694824219,0.575,0.01974019967019558,Kevin De Bruyne,h,447,OpenPlay,2015,RightFoot,1028,Wolfsburg,Eintracht Frankfurt,2,1,2015-08-16 17:30:00,Ivan Perisic,Pass
76436,91,BlockedShot,0.93,0.37099998474121093,0.4985550045967102,Kevin De Bruyne,a,447,OpenPlay,2015,RightFoot,1034,FC Cologne,Wolfsburg,1,1,2015-08-22 17:30:00,,None
76435,91,SavedShot,0.8630000305175781,0.38799999237060545,0.28045299649238586,Kevin De Bruyne,a,447,OpenPlay,2015,RightFoot,1034,FC Cologne,Wolfsburg,1,1,2015-08-22 17:30:00,Bas Dost,Pass
57826,46,SavedShot,0.7730000305175782,0.415,0.03537749871611595,Kevin De Bruyne,a,447,OpenPlay,2015,RightFoot,123,Crystal Palace,Manchester City,0,1,2015-09-12 18:00:00,Wilfried Bony,LayOff
58169,46,Goal,0.7909999847412109,0.5629999923706055,0.04622429981827736,Kevin De Bruyne,h,447,OpenPlay,2015,RightFoot,137,Manchester City,West Ham,1,2,2015-09-19 20:30:00,Sergio Agüero,Pass
58170,47,BlockedShot,0.8540000152587891,0.4209999847412109,0.07384230196475983,Kevin De Bruyne,h,447,OpenPlay,2015,RightFoot,137,Manchester City,West Ham,1,2,2015-09-19 20:30:00,Jesús Navas,Pass
58185,80,MissedShots,0.8,0.590999984741211,0.016762100160121918,Kevin De Bruyne,h,447,FromCorner,2015,RightFoot,137,Manchester City,West Ham,1,2,2015-09-19 20:30:00,,Aerial
58187,83,BlockedShot,0.799000015258789,0.5179999923706055,0.0379101000726223,Kevin De Bruyne,h,447,OpenPlay,2015,LeftFoot,137,Manchester City,West Ham,1,2,2015-09-19 20:30:00,Yaya Touré,Pass
58500,8,MissedShots,0.7069999694824218,0.40200000762939453,0.011115199886262417,Kevin De Bruyne,a,447,OpenPlay,2015,RightFoot,141,Tottenham,Manchester City,4,1,2015-09-26 15:45:00,Sergio Agüero,HeadPass
58506,24,Goal,0.91,0.34,0.48639801144599915,Kevin De Bruyne,a,447,OpenPlay,2015,RightFoot,141,Tottenham,Manchester City,4,1,2015-09-26 15:45:00,Yaya Touré,Throughball
58535,87,SavedShot,0.759000015258789,0.7140000152587891,0.04445819929242134,Kevin De Bruyne,a,447,DirectFreekick,2015,RightFoot,141,Tottenham,Manchester City,4,1,2015-09-26 15:45:00,,Standard
58771,7,SavedShot,0.7809999847412109,0.7469999694824219,0.04635170102119446,Kevin De Bruyne,h,447,DirectFreekick,2015,RightFoot,154,Manchester City,Newcastle United,6,1,2015-10-03 18:00:00,,Standard
58788,44,MissedShots,0.8219999694824218,0.2720000076293945,0.021959299221634865,Kevin De Bruyne,h,447,OpenPlay,2015,LeftFoot,154,Manchester City,Newcastle United,6,1,2015-10-03 18:00:00,,None
58792,52,Goal,0.919000015258789,0.3920000076293945,0.12001299858093262,Kevin De Bruyne,h,447,OpenPlay,2015,RightFoot,154,Manchester City,Newcastle United,6,1,2015-10-03 18:00:00,Jesús Navas,Cross
58796,66,MissedShots,0.925,0.705999984741211,0.04557399824261665,Kevin De Bruyne,h,447,FromCorner,2015,RightFoot,154,Manchester City,Newcastle United,6,1,2015-10-03 18:00:00,David Silva,Pass
58971,17,SavedShot,0.7819999694824219,0.6959999847412109,0.019139200448989868,Kevin De Bruyne,h,447,OpenPlay,2015,RightFoot,167,Manchester City,Bournemouth,5,1,2015-10-17 18:00:00,Raheem Sterling,Pass
58975,44,SavedShot,0.7909999847412109,0.53,0.05406320095062256,Kevin De Bruyne,h,447,OpenPlay,2015,RightFoot,167,Manchester City,Bournemouth,5,1,2015-10-17 18:00:00,Raheem Sterling,Pass
58982,59,MissedShots,0.8619999694824219,0.7319999694824219,0.047196801751852036,Kevin De Bruyne,h,447,OpenPlay,2015,RightFoot,167,Manchester City,Bournemouth,5,1,2015-10-17 18:00:00,Wilfried Bony,Pass
59304,77,BlockedShot,0.715,0.4640000152587891,0.04357070103287697,Kevin De Bruyne,a,447,DirectFreekick,2015,RightFoot,179,Manchester United,Manchester City,0,0,2015-10-25 18:05:00,,Standard
59487,52,MissedShots,0.9440000152587891,0.7090000152587891,0.05392279848456383,Kevin De Bruyne,h,447,OpenPlay,2015,LeftFoot,183,Manchester City,Norwich,2,1,2015-10-31 19:00:00,Kelechi Iheanacho,Pass
56194,8,Goal,0.9819999694824219,0.524000015258789,0.9636340141296387,Kevin De Bruyne,h,447,OpenPlay,2015,RightFoot,215,Manchester City,Southampton,3,1,2015-11-28 19:00:00,Raheem Sterling,Pass
55009,13,SavedShot,0.875999984741211,0.4,0.13173800706863403,Kevin De Bruyne,a,447,OpenPlay,2015,RightFoot,221,Stoke,Manchester City,2,0,2015-12-05 16:45:00,Martín Demichelis,TakeOn
55525,17,BlockedShot,0.874000015258789,0.25,0.03805920109152794,Kevin De Bruyne,a,447,FromCorner,2015,LeftFoot,250,Arsenal,Manchester City,2,1,2015-12-22 00:00:00,David Silva,Pass
55526,21,SavedShot,0.815,0.28100000381469725,0.026363499462604523,Kevin De Bruyne,a,447,OpenPlay,2015,LeftFoot,250,Arsenal,Manchester City,2,1,2015-12-22 00:00:00,Bacary Sagna,Pass
55527,31,MissedShots,0.899000015258789,0.32,0.05542889982461929,Kevin De Bruyne,a,447,OpenPlay,2015,RightFoot,250,Arsenal,Manchester City,2,1,2015-12-22 00:00:00,Sergio Agüero,Pass
54689,29,BlockedShot,0.764000015258789,0.6370000076293946,0.02444560080766678,Kevin De Bruyne,h,447,OpenPlay,2015,LeftFoot,258,Manchester City,Sunderland,4,1,2015-12-26 19:00:00,Aleksandar Kolarov,Pass
54700,53,Goal,0.9030000305175782,0.48,0.5429499745368958,Kevin De Bruyne,h,447,OpenPlay,2015,RightFoot,258,Manchester City,Sunderland,4,1,2015-12-26 19:00:00,,None
54707,79,SavedShot,0.8030000305175782,0.6709999847412109,0.032391101121902466,Kevin De Bruyne,h,447,OpenPlay,2015,RightFoot,258,Manchester City,Sunderland,4,1,2015-12-26 19:00:00,Raheem Sterling,Pass
53063,17,SavedShot,0.8590000152587891,0.36700000762939455,0.06457159668207169,Kevin De Bruyne,a,447,OpenPlay,2015,RightFoot,269,Leicester,Manchester City,0,0,2015-12-29 23:45:00,Raheem Sterling,Pass
53066,25,MissedShots,0.8969999694824219,0.6809999847412109,0.06888960301876068,Kevin De Bruyne,a,447,OpenPlay,2015,LeftFoot,269,Leicester,Manchester City,0,0,2015-12-29 23:45:00,David Silva,Pass
52367,18,SavedShot,0.7709999847412109,0.26399999618530273,0.02011450007557869,Kevin De Bruyne,a,447,OpenPlay,2015,RightFoot,278,Watford,Manchester City,1,2,2016-01-02 21:30:00,Fernandinho,Pass
52377,52,BlockedShot,0.8190000152587891,0.7469999694824219,0.022095300257205963,Kevin De Bruyne,a,447,OpenPlay,2015,RightFoot,278,Watford,Manchester City,1,2,2016-01-02 21:30:00,Raheem Sterling,TakeOn
52382,68,SavedShot,0.775,0.595999984741211,0.029686300083994865,Kevin De Bruyne,a,447,OpenPlay,2015,RightFoot,278,Watford,Manchester City,1,2,2016-01-02 21:30:00,David Silva,LayOff
54410,7,MissedShots,0.9180000305175782,0.3290000152587891,0.11539199948310852,Kevin De Bruyne,h,447,OpenPlay,2015,RightFoot,288,Manchester City,Everton,0,0,2016-01-13 23:45:00,Raheem Sterling,Throughball
54430,72,MissedShots,0.774000015258789,0.40599998474121096,0.028320400044322014,Kevin De Bruyne,h,447,OpenPlay,2015,RightFoot,288,Manchester City,Everton,0,0,2016-01-13 23:45:00,Fernando,BallTouch
52957,59,BlockedShot,0.93,0.29100000381469726,0.04690970107913017,Kevin De Bruyne,a,447,OpenPlay,2015,RightFoot,308,West Ham,Manchester City,2,2,2016-01-23 21:30:00,Nicolás Otamendi,Pass
59565,10,SavedShot,0.735,0.66,0.02209479920566082,Kevin De Bruyne,a,447,OpenPlay,2015,RightFoot,386,Bournemouth,Manchester City,0,4,2016-04-02 18:00:00,David Silva,Pass
59568,11,Goal,0.8430000305175781,0.48700000762939455,0.10252399742603302,Kevin De Bruyne,a,447,OpenPlay,2015,RightFoot,386,Bournemouth,Manchester City,0,4,2016-04-02 18:00:00,David Silva,LayOff
59573,16,MissedShots,0.8390000152587891,0.5670000076293945,0.09404879808425903,Kevin De Bruyne,a,447,OpenPlay,2015,RightFoot,386,Bournemouth,Manchester City,0,4,2016-04-02 18:00:00,Gaël Clichy,Pass
59602,45,SavedShot,0.8730000305175781,0.7030000305175781,0.0661299005150795,Kevin De Bruyne,a,447,OpenPlay,2015,RightFoot,386,Bournemouth,Manchester City,0,4,2016-04-02 18:00:00,Sergio Agüero,Chipped
56250,5,SavedShot,0.8580000305175781,0.3,0.038273200392723083,Kevin De Bruyne,a,447,OpenPlay,2015,RightFoot,410,Chelsea,Manchester City,0,3,2016-04-16 20:30:00,Sergio Agüero,Pass
56254,22,SavedShot,0.8430000305175781,0.5629999923706055,0.11959200352430344,Kevin De Bruyne,a,447,OpenPlay,2015,LeftFoot,410,Chelsea,Manchester City,0,3,2016-04-16 20:30:00,Yaya Touré,Throughball
56268,83,MissedShots,0.7780000305175782,0.375,0.04242220148444176,Kevin De Bruyne,a,447,OpenPlay,2015,RightFoot,410,Chelsea,Manchester City,0,3,2016-04-16 20:30:00,Fernandinho,Pass
59783,22,MissedShots,0.8130000305175781,0.445,0.06674200296401978,Kevin De Bruyne,a,447,OpenPlay,2015,RightFoot,415,Newcastle United,Manchester City,1,1,2016-04-19 22:45:00,,BallRecovery
59786,51,BlockedShot,0.875,0.3139999961853027,0.04728090018033981,Kevin De Bruyne,a,447,OpenPlay,2015,RightFoot,415,Newcastle United,Manchester City,1,1,2016-04-19 22:45:00,,None
59792,73,SavedShot,0.7230000305175781,0.47,0.016429999843239784,Kevin De Bruyne,a,447,OpenPlay,2015,RightFoot,415,Newcastle United,Manchester City,1,1,2016-04-19 22:45:00,Sergio Agüero,Pass
56550,45,MissedShots,0.7430000305175781,0.3029999923706055,0.015428800135850906,Kevin De Bruyne,h,447,OpenPlay,2015,RightFoot,446,Manchester City,Arsenal,2,2,2016-05-08 19:00:00,Bacary Sagna,Pass
56552,50,Goal,0.7859999847412109,0.595999984741211,0.03373539820313454,Kevin De Bruyne,h,447,OpenPlay,2015,RightFoot,446,Manchester City,Arsenal,2,2,2016-05-08 19:00:00,,BallRecovery
56558,71,SavedShot,0.8909999847412109,0.794000015258789,0.06802599877119064,Kevin De Bruyne,h,447,DirectFreekick,2015,RightFoot,446,Manchester City,Arsenal,2,2,2016-05-08 19:00:00,,Standard
52174,23,SavedShot,0.9130000305175782,0.715,0.06626469641923904,Kevin De Bruyne,a,447,OpenPlay,2015,LeftFoot,457,Swansea,Manchester City,1,1,2016-05-15 18:00:00,Sergio Agüero,Pass
52180,32,BlockedShot,0.7819999694824219,0.5720000076293945,0.0385885015130043,Kevin De Bruyne,a,447,OpenPlay,2015,RightFoot,457,Swansea,Manchester City,1,1,2016-05-15 18:00:00,Sergio Agüero,Pass
52186,53,BlockedShot,0.8080000305175781,0.5520000076293945,0.05564640089869499,Kevin De Bruyne,a,447,OpenPlay,2015,RightFoot,457,Swansea,Manchester City,1,1,2016-05-15 18:00:00,Fernandinho,LayOff
112270,6,SavedShot,0.9369999694824219,0.8619999694824219,0.050391800701618195,Kevin De Bruyne,h,447,DirectFreekick,2016,RightFoot,467,Manchester City,Sunderland,2,1,2016-08-13 20:30:00,,Standard
112275,35,MissedShots,0.7340000152587891,0.6270000076293946,0.018819499760866165,Kevin De Bruyne,h,447,OpenPlay,2016,RightFoot,467,Manchester City,Sunderland,2,1,2016-08-13 20:30:00,Nolito,Pass
112279,41,MissedShots,0.8090000152587891,0.3120000076293945,0.038474999368190765,Kevin De Bruyne,h,447,OpenPlay,2016,LeftFoot,467,Manchester City,Sunderland,2,1,2016-08-13 20:30:00,,None
112283,67,SavedShot,0.8769999694824219,0.794000015258789,0.0645408034324646,Kevin De Bruyne,h,447,DirectFreekick,2016,RightFoot,467,Manchester City,Sunderland,2,1,2016-08-13 20:30:00,,Standard
112286,79,MissedShots,0.7809999847412109,0.40900001525878904,0.025901999324560165,Kevin De Bruyne,h,447,OpenPlay,2016,RightFoot,467,Manchester City,Sunderland,2,1,2016-08-13 20:30:00,Jesús Navas,Pass
112708,59,BlockedShot,0.789000015258789,0.4620000076293945,0.05074499920010567,Kevin De Bruyne,a,447,OpenPlay,2016,LeftFoot,472,Stoke,Manchester City,1,4,2016-08-20 15:30:00,Sergio Agüero,Pass
113034,25,MissedShots,0.815,0.7480000305175781,0.05937910079956055,Kevin De Bruyne,h,447,DirectFreekick,2016,RightFoot,490,Manchester City,West Ham,3,1,2016-08-28 19:00:00,,Standard
113037,32,BlockedShot,0.8930000305175781,0.5279999923706055,0.14239299297332764,Kevin De Bruyne,h,447,OpenPlay,2016,RightFoot,490,Manchester City,West Ham,3,1,2016-08-28 19:00:00,David Silva,Pass
113252,14,Goal,0.8209999847412109,0.5459999847412109,0.3126940131187439,Kevin De Bruyne,a,447,OpenPlay,2016,RightFoot,491,Manchester United,Manchester City,1,2,2016-09-10 15:30:00,Kelechi Iheanacho,TakeOn
113256,35,ShotOnPost,0.8859999847412109,0.2979999923706055,0.06514009833335876,Kevin De Bruyne,a,447,OpenPlay,2016,LeftFoot,491,Manchester United,Manchester City,1,2,2016-09-10 15:30:00,Kelechi Iheanacho,Dispossessed
113265,60,SavedShot,0.9419999694824219,0.695,0.07506860047578812,Kevin De Bruyne,a,447,OpenPlay,2016,LeftFoot,491,Manchester United,Manchester City,1,2,2016-09-10 15:30:00,Fernandinho,Pass
113273,74,ShotOnPost,0.9169999694824219,0.34900001525878904,0.10284700244665146,Kevin De Bruyne,a,447,OpenPlay,2016,RightFoot,491,Manchester United,Manchester City,1,2,2016-09-10 15:30:00,Leroy Sané,Pass
113275,78,MissedShots,0.7830000305175782,0.675,0.06423889845609665,Kevin De Bruyne,a,447,DirectFreekick,2016,RightFoot,491,Manchester United,Manchester City,1,2,2016-09-10 15:30:00,,Standard
113278,88,MissedShots,0.9119999694824219,0.30100000381469727,0.05110200121998787,Kevin De Bruyne,a,447,SetPiece,2016,RightFoot,491,Manchester United,Manchester City,1,2,2016-09-10 15:30:00,Nicolás Otamendi,TakeOn
113559,0,SavedShot,0.7519999694824219,0.515,0.022497599944472313,Kevin De Bruyne,h,447,OpenPlay,2016,LeftFoot,504,Manchester City,Bournemouth,4,0,2016-09-17 18:00:00,Kelechi Iheanacho,BallRecovery
113562,14,Goal,0.8119999694824219,0.695,0.07677090167999268,Kevin De Bruyne,h,447,DirectFreekick,2016,RightFoot,504,Manchester City,Bournemouth,4,0,2016-09-17 18:00:00,,Standard
113572,50,SavedShot,0.7290000152587891,0.6370000076293946,0.04298210144042969,Kevin De Bruyne,h,447,DirectFreekick,2016,RightFoot,504,Manchester City,Bournemouth,4,0,2016-09-17 18:00:00,,Standard
113574,52,SavedShot,0.875999984741211,0.735999984741211,0.04448449984192848,Kevin De Bruyne,h,447,OpenPlay,2016,LeftFoot,504,Manchester City,Bournemouth,4,0,2016-09-17 18:00:00,,BallRecovery
113923,16,MissedShots,0.759000015258789,0.5129999923706055,0.07244139909744263,Kevin De Bruyne,a,447,DirectFreekick,2016,RightFoot,515,Swansea,Manchester City,1,3,2016-09-24 15:00:00,,Standard
113926,33,MissedShots,0.8159999847412109,0.46,0.06127849966287613,Kevin De Bruyne,a,447,OpenPlay,2016,RightFoot,515,Swansea,Manchester City,1,3,2016-09-24 15:00:00,Ilkay Gündogan,Pass
113933,52,BlockedShot,0.8419999694824218,0.45799999237060546,0.1103919968008995,Kevin De Bruyne,a,447,OpenPlay,2016,LeftFoot,515,Swansea,Manchester City,1,3,2016-09-24 15:00:00,Nicolás Otamendi,TakeOn
113997,13,BlockedShot,0.7959999847412109,0.3390000152587891,0.0179383996874094,Kevin De Bruyne,h,447,OpenPlay,2016,LeftFoot,534,Manchester City,Everton,1,1,2016-10-15 18:00:00,Fernandinho,Chipped
113999,17,BlockedShot,0.8130000305175781,0.6580000305175782,0.09448889642953873,Kevin De Bruyne,h,447,DirectFreekick,2016,RightFoot,534,Manchester City,Everton,1,1,2016-10-15 18:00:00,,Standard
114002,21,BlockedShot,0.815,0.6270000076293946,0.026023000478744507,Kevin De Bruyne,h,447,SetPiece,2016,RightFoot,534,Manchester City,Everton,1,1,2016-10-15 18:00:00,,Rebound
114004,27,BlockedShot,0.8530000305175781,0.32,0.04853019863367081,Kevin De Bruyne,h,447,OpenPlay,2016,RightFoot,534,Manchester City,Everton,1,1,2016-10-15 18:00:00,David Silva,Pass
114005,28,MissedShots,0.8230000305175781,0.3120000076293945,0.031283099204301834,Kevin De Bruyne,h,447,OpenPlay,2016,RightFoot,534,Manchester City,Everton,1,1,2016-10-15 18:00:00,Ilkay Gündogan,Pass
114006,42,SavedShot,0.885,0.5,0.761132001876831,Kevin De Bruyne,h,447,Penalty,2016,RightFoot,534,Manchester City,Everton,1,1,2016-10-15 18:00:00,,Standard
114015,78,MissedShots,0.9580000305175781,0.22799999237060548,0.029768100008368492,Kevin De Bruyne,h,447,OpenPlay,2016,RightFoot,534,Manchester City,Everton,1,1,2016-10-15 18:00:00,Raheem Sterling,Pass
114016,80,SavedShot,0.755,0.6509999847412109,0.01944749988615513,Kevin De Bruyne,h,447,OpenPlay,2016,RightFoot,534,Manchester City,Everton,1,1,2016-10-15 18:00:00,David Silva,Pass
115259,11,BlockedShot,0.7569999694824219,0.5209999847412109,0.07041709870100021,Kevin De Bruyne,h,447,DirectFreekick,2016,RightFoot,2689,Manchester City,Middlesbrough,1,1,2016-11-05 19:00:00,,Standard
115263,22,BlockedShot,0.745,0.7080000305175781,0.015913300216197968,Kevin De Bruyne,h,447,OpenPlay,2016,RightFoot,2689,Manchester City,Middlesbrough,1,1,2016-11-05 19:00:00,David Silva,Pass
115265,23,MissedShots,0.879000015258789,0.6819999694824219,0.05579020082950592,Kevin De Bruyne,h,447,OpenPlay,2016,LeftFoot,2689,Manchester City,Middlesbrough,1,1,2016-11-05 19:00:00,Sergio Agüero,Pass
115287,89,MissedShots,0.825999984741211,0.28700000762939454,0.291595995426178,Kevin De Bruyne,h,447,OpenPlay,2016,RightFoot,2689,Manchester City,Middlesbrough,1,1,2016-11-05 19:00:00,,None
115421,59,MissedShots,0.7530000305175781,0.43900001525878907,0.026132499799132347,Kevin De Bruyne,a,447,OpenPlay,2016,RightFoot,2703,Crystal Palace,Manchester City,1,2,2016-11-19 19:00:00,Raheem Sterling,Pass
115426,79,MissedShots,0.81,0.3160000038146973,0.019411999732255936,Kevin De Bruyne,a,447,SetPiece,2016,LeftFoot,2703,Crystal Palace,Manchester City,1,2,2016-11-19 19:00:00,,None
115656,47,SavedShot,0.9459999847412109,0.32799999237060545,0.11162299662828445,Kevin De Bruyne,h,447,OpenPlay,2016,RightFoot,3105,Manchester City,Chelsea,1,3,2016-12-03 16:30:00,Leroy Sané,Pass
115661,56,ShotOnPost,0.9630000305175781,0.5379999923706055,0.7044730186462402,Kevin De Bruyne,h,447,OpenPlay,2016,LeftFoot,3105,Manchester City,Chelsea,1,3,2016-12-03 16:30:00,Jesús Navas,Pass
116916,14,MissedShots,0.8590000152587891,0.6669999694824219,0.06269989907741547,Kevin De Bruyne,a,447,OpenPlay,2016,LeftFoot,3120,Leicester,Manchester City,4,2,2016-12-10 21:30:00,David Silva,TakeOn
116926,49,BlockedShot,0.825999984741211,0.32799999237060545,0.018966499716043472,Kevin De Bruyne,a,447,OpenPlay,2016,RightFoot,3120,Leicester,Manchester City,4,2,2016-12-10 21:30:00,,Rebound
116927,49,MissedShots,0.845999984741211,0.3940000152587891,0.038206398487091064,Kevin De Bruyne,a,447,OpenPlay,2016,LeftFoot,3120,Leicester,Manchester City,4,2,2016-12-10 21:30:00,,Rebound
118154,7,SavedShot,0.865999984741211,0.3920000076293945,0.07902389764785767,Kevin De Bruyne,h,447,OpenPlay,2016,RightFoot,3132,Manchester City,Watford,2,0,2016-12-15 00:00:00,Raheem Sterling,Pass
118161,38,SavedShot,0.8619999694824219,0.7169999694824218,0.049382101744413376,Kevin De Bruyne,h,447,OpenPlay,2016,RightFoot,3132,Manchester City,Watford,2,0,2016-12-15 00:00:00,Nolito,Pass
118163,47,BlockedShot,0.7619999694824219,0.5220000076293946,0.03367749974131584,Kevin De Bruyne,h,447,OpenPlay,2016,RightFoot,3132,Manchester City,Watford,2,0,2016-12-15 00:00:00,Fernando,Pass
118584,21,MissedShots,0.7380000305175781,0.5570000076293945,0.02002359926700592,Kevin De Bruyne,h,447,OpenPlay,2016,RightFoot,3142,Manchester City,Arsenal,2,1,2016-12-18 20:00:00,Yaya Touré,Pass
118596,69,SavedShot,0.7580000305175781,0.425,0.02359830029308796,Kevin De Bruyne,h,447,OpenPlay,2016,LeftFoot,3142,Manchester City,Arsenal,2,1,2016-12-18 20:00:00,Bacary Sagna,Pass
118598,76,ShotOnPost,0.9619999694824218,0.42700000762939455,0.13533799350261688,Kevin De Bruyne,h,447,OpenPlay,2016,LeftFoot,3142,Manchester City,Arsenal,2,1,2016-12-18 20:00:00,Jesús Navas,Cross
116311,8,BlockedShot,0.7959999847412109,0.29700000762939455,0.02409300021827221,Kevin De Bruyne,a,447,OpenPlay,2016,LeftFoot,3152,Hull,Manchester City,0,3,2016-12-26 21:15:00,Fernandinho,Pass
116325,52,ShotOnPost,0.8330000305175781,0.7340000152587891,0.020052699372172356,Kevin De Bruyne,a,447,OpenPlay,2016,RightFoot,3152,Hull,Manchester City,0,3,2016-12-26 21:15:00,Gaël Clichy,Pass
116329,66,MissedShots,0.895,0.35900001525878905,0.0907427966594696,Kevin De Bruyne,a,447,OpenPlay,2016,RightFoot,3152,Hull,Manchester City,0,3,2016-12-26 21:15:00,David Silva,Pass
117502,41,BlockedShot,0.784000015258789,0.4640000152587891,0.03151790052652359,Kevin De Bruyne,a,447,OpenPlay,2016,LeftFoot,3162,Liverpool,Manchester City,1,0,2016-12-31 21:30:00,,TakeOn
116437,22,MissedShots,0.7759999847412109,0.6730000305175782,0.017745500430464745,Kevin De Bruyne,h,447,OpenPlay,2016,RightFoot,3332,Manchester City,Burnley,2,1,2017-01-02 15:00:00,Raheem Sterling,Pass
116441,36,BlockedShot,0.7709999847412109,0.6969999694824218,0.019025199115276337,Kevin De Bruyne,h,447,OpenPlay,2016,RightFoot,3332,Manchester City,Burnley,2,1,2017-01-02 15:00:00,Yaya Touré,TakeOn
116445,55,MissedShots,0.7580000305175781,0.7580000305175781,0.011885800398886204,Kevin De Bruyne,h,447,OpenPlay,2016,RightFoot,3332,Manchester City,Burnley,2,1,2017-01-02 15:00:00,Gaël Clichy,Pass
116446,56,BlockedShot,0.8680000305175781,0.235,0.020785300061106682,Kevin De Bruyne,h,447,OpenPlay,2016,RightFoot,3332,Manchester City,Burnley,2,1,2017-01-02 15:00:00,Bacary Sagna,Pass
117274,28,BlockedShot,0.7519999694824219,0.40599998474121096,0.05998640134930611,Kevin De Bruyne,a,447,DirectFreekick,2016,RightFoot,3348,Everton,Manchester City,4,0,2017-01-15 17:30:00,,Standard
117280,45,MissedShots,0.7190000152587891,0.519000015258789,0.016572600230574608,Kevin De Bruyne,a,447,OpenPlay,2016,RightFoot,3348,Everton,Manchester City,4,0,2017-01-15 17:30:00,Raheem Sterling,Pass
118491,26,MissedShots,0.919000015258789,0.3039999961853027,0.05764950066804886,Kevin De Bruyne,h,447,OpenPlay,2016,RightFoot,3356,Manchester City,Tottenham,2,2,2017-01-21 20:30:00,Sergio Agüero,BallRecovery
118499,53,Goal,0.9540000152587891,0.495,0.6780229806900024,Kevin De Bruyne,h,447,OpenPlay,2016,LeftFoot,3356,Manchester City,Tottenham,2,2,2017-01-21 20:30:00,,None
118506,82,MissedShots,0.889000015258789,0.27899999618530275,0.04427039995789528,Kevin De Bruyne,h,447,OpenPlay,2016,RightFoot,3356,Manchester City,Tottenham,2,2,2017-01-21 20:30:00,David Silva,Pass
119014,16,Goal,0.855999984741211,0.48900001525878906,0.35113298892974854,Kevin De Bruyne,a,447,OpenPlay,2016,RightFoot,3367,West Ham,Manchester City,0,4,2017-02-01 22:45:00,Gabriel Jesus,Pass
116859,30,BlockedShot,0.8880000305175781,0.32799999237060545,0.03906109929084778,Kevin De Bruyne,h,447,FromCorner,2016,LeftFoot,3378,Manchester City,Swansea,2,1,2017-02-05 13:30:00,David Silva,Pass
116861,33,BlockedShot,0.879000015258789,0.315,0.06447260081768036,Kevin De Bruyne,h,447,OpenPlay,2016,RightFoot,3378,Manchester City,Swansea,2,1,2017-02-05 13:30:00,,None
116864,54,BlockedShot,0.7969999694824219,0.6659999847412109,0.04229360073804855,Kevin De Bruyne,h,447,OpenPlay,2016,RightFoot,3378,Manchester City,Swansea,2,1,2017-02-05 13:30:00,Gabriel Jesus,LayOff
117462,26,BlockedShot,0.9159999847412109,0.33599998474121096,0.05685580149292946,Kevin De Bruyne,a,447,OpenPlay,2016,RightFoot,3389,Bournemouth,Manchester City,0,2,2017-02-13 20:00:00,,Rebound
117470,45,MissedShots,0.7180000305175781,0.425,0.02150290086865425,Kevin De Bruyne,a,447,OpenPlay,2016,RightFoot,3389,Bournemouth,Manchester City,0,2,2017-02-13 20:00:00,David Silva,Pass
119790,85,MissedShots,0.7980000305175782,0.455,0.0561508983373642,Kevin De Bruyne,a,447,OpenPlay,2016,LeftFoot,3404,Sunderland,Manchester City,0,2,2017-03-05 16:00:00,Leroy Sané,Pass
120045,75,ShotOnPost,0.909000015258789,0.43400001525878906,0.10846400260925293,Kevin De Bruyne,h,447,OpenPlay,2016,LeftFoot,3426,Manchester City,Liverpool,1,1,2017-03-19 16:30:00,Sergio Agüero,Rebound
119051,9,ShotOnPost,0.769000015258789,0.47,0.03305260092020035,Kevin De Bruyne,a,447,OpenPlay,2016,RightFoot,3430,Arsenal,Manchester City,2,2,2017-04-02 16:00:00,David Silva,Pass
119068,85,BlockedShot,0.7969999694824219,0.355,0.025747699663043022,Kevin De Bruyne,a,447,OpenPlay,2016,LeftFoot,3430,Arsenal,Manchester City,2,2,2017-04-02 16:00:00,Sergio Agüero,Pass
121299,27,BlockedShot,0.850999984741211,0.33099998474121095,0.05008329823613167,Kevin De Bruyne,a,447,OpenPlay,2016,LeftFoot,3462,Southampton,Manchester City,0,3,2017-04-15 17:30:00,David Silva,Pass
121314,61,MissedShots,0.740999984741211,0.4,0.02159219980239868,Kevin De Bruyne,a,447,OpenPlay,2016,RightFoot,3462,Southampton,Manchester City,0,3,2017-04-15 17:30:00,Leroy Sané,Pass
118601,20,SavedShot,0.779000015258789,0.720999984741211,0.015191299840807915,Kevin De Bruyne,h,447,OpenPlay,2016,RightFoot,3398,Manchester City,Manchester United,0,0,2017-04-27 20:00:00,Aleksandar Kolarov,Pass
118616,57,BlockedShot,0.7969999694824219,0.7269999694824218,0.018422499299049377,Kevin De Bruyne,h,447,OpenPlay,2016,RightFoot,3398,Manchester City,Manchester United,0,0,2017-04-27 20:00:00,Leroy Sané,TakeOn
118620,73,MissedShots,0.7240000152587891,0.585,0.01523509994149208,Kevin De Bruyne,h,447,OpenPlay,2016,RightFoot,3398,Manchester City,Manchester United,0,0,2017-04-27 20:00:00,Leroy Sané,Pass
120988,55,SavedShot,0.7680000305175781,0.585,0.023238200694322586,Kevin De Bruyne,a,447,SetPiece,2016,LeftFoot,3483,Middlesbrough,Manchester City,2,2,2017-04-30 14:05:00,Fernandinho,Pass
120991,62,MissedShots,0.7669999694824219,0.5029999923706054,0.0271099004894495,Kevin De Bruyne,a,447,OpenPlay,2016,RightFoot,3483,Middlesbrough,Manchester City,2,2,2017-04-30 14:05:00,Leroy Sané,Pass
121572,7,MissedShots,0.925,0.25799999237060545,0.02139429934322834,Kevin De Bruyne,h,447,FromCorner,2016,RightFoot,3497,Manchester City,Crystal Palace,5,0,2017-05-06 12:30:00,Yaya Touré,Chipped
121589,52,ShotOnPost,0.7919999694824219,0.7019999694824218,0.06205010041594505,Kevin De Bruyne,h,447,DirectFreekick,2016,RightFoot,3497,Manchester City,Crystal Palace,5,0,2017-05-06 12:30:00,,Standard
121592,57,BlockedShot,0.86,0.59,0.05693329870700836,Kevin De Bruyne,h,447,OpenPlay,2016,LeftFoot,3497,Manchester City,Crystal Palace,5,0,2017-05-06 12:30:00,,Rebound
121593,58,Goal,0.8059999847412109,0.375,0.053438201546669006,Kevin De Bruyne,h,447,OpenPlay,2016,RightFoot,3497,Manchester City,Crystal Palace,5,0,2017-05-06 12:30:00,Gabriel Jesus,Pass
121801,24,BlockedShot,0.749000015258789,0.5720000076293945,0.020865099504590034,Kevin De Bruyne,h,447,OpenPlay,2016,LeftFoot,3503,Manchester City,Leicester,2,1,2017-05-13 12:30:00,Yaya Touré,Pass
121806,43,MissedShots,0.8209999847412109,0.34900001525878904,0.04384149983525276,Kevin De Bruyne,h,447,OpenPlay,2016,LeftFoot,3503,Manchester City,Leicester,2,1,2017-05-13 12:30:00,David Silva,Pass
120843,28,Goal,0.7930000305175782,0.5609999847412109,0.0454695001244545,Kevin De Bruyne,h,447,OpenPlay,2016,RightFoot,3477,Manchester City,West Bromwich Albion,3,1,2017-05-16 20:00:00,Gabriel Jesus,Pass
120845,34,SavedShot,0.7240000152587891,0.3509999847412109,0.019147299230098724,Kevin De Bruyne,h,447,OpenPlay,2016,RightFoot,3477,Manchester City,West Bromwich Albion,3,1,2017-05-16 20:00:00,Yaya Touré,Pass
112607,2,MissedShots,0.8019999694824219,0.31,0.026985300704836845,Kevin De Bruyne,a,447,OpenPlay,2016,RightFoot,3519,Watford,Manchester City,0,5,2017-05-21 15:00:00,Sergio Agüero,Pass
112626,78,MissedShots,0.725,0.53,0.022446900606155396,Kevin De Bruyne,a,447,OpenPlay,2016,RightFoot,3519,Watford,Manchester City,0,5,2017-05-21 15:00:00,Gaël Clichy,Pass
158169,16,SavedShot,0.7580000305175781,0.63,0.058444198220968246,Kevin De Bruyne,a,447,DirectFreekick,2017,RightFoot,7126,Brighton,Manchester City,0,2,2017-08-12 17:30:00,,Standard
158170,31,BlockedShot,0.7569999694824219,0.7169999694824218,0.043251801282167435,Kevin De Bruyne,a,447,DirectFreekick,2017,RightFoot,7126,Brighton,Manchester City,0,2,2017-08-12 17:30:00,,Standard
158183,57,BlockedShot,0.759000015258789,0.3579999923706055,0.01967800036072731,Kevin De Bruyne,a,447,OpenPlay,2017,RightFoot,7126,Brighton,Manchester City,0,2,2017-08-12 17:30:00,David Silva,Pass
158184,66,BlockedShot,0.785,0.33,0.02556370012462139,Kevin De Bruyne,a,447,OpenPlay,2017,LeftFoot,7126,Brighton,Manchester City,0,2,2017-08-12 17:30:00,Kyle Walker,LayOff
158516,15,SavedShot,0.7559999847412109,0.45799999237060546,0.024675600230693817,Kevin De Bruyne,h,447,OpenPlay,2017,RightFoot,7138,Manchester City,Everton,1,1,2017-08-21 20:00:00,Fernandinho,Pass
158527,57,BlockedShot,0.7609999847412109,0.5159999847412109,0.07418949902057648,Kevin De Bruyne,h,447,DirectFreekick,2017,RightFoot,7138,Manchester City,Everton,1,1,2017-08-21 20:00:00,,Standard
158534,74,BlockedShot,0.815,0.48400001525878905,0.036623600870370865,Kevin De Bruyne,h,447,OpenPlay,2017,LeftFoot,7138,Manchester City,Everton,1,1,2017-08-21 20:00:00,Sergio Agüero,Chipped
159380,6,SavedShot,0.765,0.40599998474121096,0.023870199918746948,Kevin De Bruyne,h,447,OpenPlay,2017,RightFoot,7149,Manchester City,Liverpool,5,0,2017-09-09 12:30:00,Sergio Agüero,Pass
159392,64,MissedShots,0.875,0.5479999923706055,0.1330070048570633,Kevin De Bruyne,h,447,OpenPlay,2017,LeftFoot,7149,Manchester City,Liverpool,5,0,2017-09-09 12:30:00,Leroy Sané,Pass
158938,10,MissedShots,0.7930000305175782,0.5779999923706055,0.038144800812006,Kevin De Bruyne,a,447,OpenPlay,2017,RightFoot,7164,Watford,Manchester City,0,6,2017-09-16 15:00:00,David Silva,Pass
158947,35,SavedShot,0.9219999694824219,0.32799999237060545,0.09832370281219482,Kevin De Bruyne,a,447,OpenPlay,2017,RightFoot,7164,Watford,Manchester City,0,6,2017-09-16 15:00:00,Raheem Sterling,Pass
158949,40,MissedShots,0.7380000305175781,0.3920000076293945,0.015470700338482857,Kevin De Bruyne,a,447,SetPiece,2017,RightFoot,7164,Watford,Manchester City,0,6,2017-09-16 15:00:00,David Silva,Pass
160091,3,SavedShot,0.7230000305175781,0.500999984741211,0.047940101474523544,Kevin De Bruyne,a,447,DirectFreekick,2017,RightFoot,7185,Chelsea,Manchester City,0,1,2017-09-30 17:30:00,,Standard
160106,66,Goal,0.8059999847412109,0.5329999923706055,0.05611319839954376,Kevin De Bruyne,a,447,OpenPlay,2017,LeftFoot,7185,Chelsea,Manchester City,0,1,2017-09-30 17:30:00,Gabriel Jesus,LayOff
160526,46,SavedShot,0.8219999694824218,0.42900001525878906,0.06933169811964035,Kevin De Bruyne,h,447,OpenPlay,2017,RightFoot,7194,Manchester City,Stoke,7,2,2017-10-14 15:00:00,Leroy Sané,Pass
160530,47,SavedShot,0.82,0.5129999923706055,0.069165900349617,Kevin De Bruyne,h,447,OpenPlay,2017,LeftFoot,7194,Manchester City,Stoke,7,2,2017-10-14 15:00:00,Nicolás Otamendi,Pass
159499,6,SavedShot,0.799000015258789,0.32,0.025048399344086647,Kevin De Bruyne,h,447,OpenPlay,2017,LeftFoot,7202,Manchester City,Burnley,3,0,2017-10-21 15:00:00,Bernardo Silva,Pass
159502,27,SavedShot,0.9119999694824219,0.5520000076293945,0.44705501198768616,Kevin De Bruyne,h,447,OpenPlay,2017,RightFoot,7202,Manchester City,Burnley,3,0,2017-10-21 15:00:00,David Silva,TakeOn
160171,43,MissedShots,0.7630000305175781,0.40900001525878904,0.029278799891471863,Kevin De Bruyne,a,447,OpenPlay,2017,LeftFoot,7215,West Bromwich Albion,Manchester City,2,3,2017-10-28 15:00:00,David Silva,Pass
160175,51,BlockedShot,0.735,0.5029999923706054,0.054692499339580536,Kevin De Bruyne,a,447,DirectFreekick,2017,RightFoot,7215,West Bromwich Albion,Manchester City,2,3,2017-10-28 15:00:00,,Standard
160176,55,MissedShots,0.7719999694824219,0.654000015258789,0.026907099410891533,Kevin De Bruyne,a,447,OpenPlay,2017,RightFoot,7215,West Bromwich Albion,Manchester City,2,3,2017-10-28 15:00:00,Gabriel Jesus,LayOff
160178,84,MissedShots,0.8980000305175782,0.34799999237060547,0.4147390127182007,Kevin De Bruyne,a,447,OpenPlay,2017,RightFoot,7215,West Bromwich Albion,Manchester City,2,3,2017-10-28 15:00:00,Raheem Sterling,Throughball
160998,17,SavedShot,0.8130000305175781,0.49700000762939456,0.051667600870132446,Kevin De Bruyne,h,447,OpenPlay,2017,RightFoot,7228,Manchester City,Arsenal,3,1,2017-11-05 14:15:00,,None
160999,18,Goal,0.855999984741211,0.6819999694824219,0.051699198782444,Kevin De Bruyne,h,447,OpenPlay,2017,LeftFoot,7228,Manchester City,Arsenal,3,1,2017-11-05 14:15:00,Fernandinho,Pass
160770,48,Goal,0.7680000305175781,0.56,0.029491599649190903,Kevin De Bruyne,a,447,OpenPlay,2017,LeftFoot,7235,Leicester,Manchester City,0,2,2017-11-18 15:00:00,Leroy Sané,Pass
160773,54,MissedShots,0.72,0.5120000076293946,0.026999499648809433,Kevin De Bruyne,a,447,OpenPlay,2017,RightFoot,7235,Leicester,Manchester City,0,2,2017-11-18 15:00:00,Kyle Walker,Pass
161238,39,SavedShot,0.710999984741211,0.5640000152587891,0.014853700064122677,Kevin De Bruyne,h,447,OpenPlay,2017,RightFoot,7257,Manchester City,Southampton,2,1,2017-11-29 20:00:00,Fabian Delph,Pass
161239,42,BlockedShot,0.7030000305175781,0.519000015258789,0.018775800243020058,Kevin De Bruyne,h,447,OpenPlay,2017,RightFoot,7257,Manchester City,Southampton,2,1,2017-11-29 20:00:00,Nicolás Otamendi,Pass
161241,46,Goal,0.8530000305175781,0.915,0.00823878962546587,Kevin De Bruyne,h,447,SetPiece,2017,RightFoot,7257,Manchester City,Southampton,2,1,2017-11-29 20:00:00,,None
161245,55,SavedShot,0.7230000305175781,0.4879999923706055,0.018404200673103333,Kevin De Bruyne,h,447,OpenPlay,2017,RightFoot,7257,Manchester City,Southampton,2,1,2017-11-29 20:00:00,Sergio Agüero,Pass
161253,70,BlockedShot,0.7930000305175782,0.5640000152587891,0.048312701284885406,Kevin De Bruyne,h,447,OpenPlay,2017,RightFoot,7257,Manchester City,Southampton,2,1,2017-11-29 20:00:00,Fernandinho,Pass
160673,55,SavedShot,0.8069999694824219,0.585,0.12282399833202362,Kevin De Bruyne,h,447,DirectFreekick,2017,RightFoot,7262,Manchester City,West Ham,2,1,2017-12-03 16:00:00,,Standard
160677,62,MissedShots,0.7269999694824218,0.42200000762939455,0.015070900321006775,Kevin De Bruyne,h,447,OpenPlay,2017,RightFoot,7262,Manchester City,West Ham,2,1,2017-12-03 16:00:00,Leroy Sané,Pass
160682,69,SavedShot,0.7319999694824219,0.47,0.017920300364494324,Kevin De Bruyne,h,447,OpenPlay,2017,RightFoot,7262,Manchester City,West Ham,2,1,2017-12-03 16:00:00,Leroy Sané,Pass
179263,67,BlockedShot,0.7419999694824219,0.585,0.024104999378323555,Kevin De Bruyne,a,447,OpenPlay,2017,RightFoot,7276,Manchester United,Manchester City,1,2,2017-12-10 16:30:00,,None
179265,69,SavedShot,0.7919999694824219,0.46799999237060547,0.05688200145959854,Kevin De Bruyne,a,447,OpenPlay,2017,LeftFoot,7276,Manchester United,Manchester City,1,2,2017-12-10 16:30:00,Leroy Sané,Pass
185301,13,MissedShots,0.9119999694824219,0.28899999618530275,0.0399710014462471,Kevin De Bruyne,a,447,OpenPlay,2017,RightFoot,7281,Swansea,Manchester City,0,4,2017-12-13 19:45:00,Fabian Delph,Chipped
185307,33,Goal,0.8490000152587891,0.8569999694824219,0.040151000022888184,Kevin De Bruyne,a,447,DirectFreekick,2017,RightFoot,7281,Swansea,Manchester City,0,4,2017-12-13 19:45:00,,Standard
185316,69,SavedShot,0.7269999694824218,0.6530000305175782,0.040614400058984756,Kevin De Bruyne,a,447,DirectFreekick,2017,RightFoot,7281,Swansea,Manchester City,0,4,2017-12-13 19:45:00,,Standard
182708,24,SavedShot,0.7680000305175781,0.4640000152587891,0.04024939984083176,Kevin De Bruyne,h,447,OpenPlay,2017,LeftFoot,7298,Manchester City,Tottenham,4,1,2017-12-16 17:30:00,,BallRecovery
182722,69,Goal,0.924000015258789,0.6990000152587891,0.09234759956598282,Kevin De Bruyne,h,447,OpenPlay,2017,LeftFoot,7298,Manchester City,Tottenham,4,1,2017-12-16 17:30:00,Ilkay Gündogan,Pass
183122,31,MissedShots,0.764000015258789,0.3320000076293945,0.02439739927649498,Kevin De Bruyne,h,447,OpenPlay,2017,LeftFoot,7308,Manchester City,Bournemouth,4,0,2017-12-23 15:00:00,,None
183127,70,MissedShots,0.754000015258789,0.544000015258789,0.024166300892829895,Kevin De Bruyne,h,447,OpenPlay,2017,RightFoot,7308,Manchester City,Bournemouth,4,0,2017-12-23 15:00:00,,None
185722,10,MissedShots,0.8159999847412109,0.5629999923706055,0.05811240151524544,Kevin De Bruyne,a,447,OpenPlay,2017,LeftFoot,7315,Newcastle United,Manchester City,0,1,2017-12-27 19:45:00,Sergio Agüero,Pass
185726,23,MissedShots,0.7430000305175781,0.524000015258789,0.021623900160193443,Kevin De Bruyne,a,447,OpenPlay,2017,LeftFoot,7315,Newcastle United,Manchester City,0,1,2017-12-27 19:45:00,Ilkay Gündogan,Pass
185729,25,MissedShots,0.7959999847412109,0.5779999923706055,0.06122950091958046,Kevin De Bruyne,a,447,OpenPlay,2017,LeftFoot,7315,Newcastle United,Manchester City,0,1,2017-12-27 19:45:00,Nicolás Otamendi,TakeOn
185739,55,MissedShots,0.9,0.62,0.11621899902820587,Kevin De Bruyne,a,447,OpenPlay,2017,LeftFoot,7315,Newcastle United,Manchester City,0,1,2017-12-27 19:45:00,Gabriel Jesus,Pass
185740,65,BlockedShot,0.750999984741211,0.519000015258789,0.02756750024855137,Kevin De Bruyne,a,447,OpenPlay,2017,RightFoot,7315,Newcastle United,Manchester City,0,1,2017-12-27 19:45:00,Danilo,Pass
186190,46,BlockedShot,0.7190000152587891,0.6730000305175782,0.0361642986536026,Kevin De Bruyne,a,447,DirectFreekick,2017,RightFoot,7321,Crystal Palace,Manchester City,0,0,2017-12-31 12:00:00,,Standard
186195,67,BlockedShot,0.7969999694824219,0.7419999694824219,0.053565699607133865,Kevin De Bruyne,a,447,DirectFreekick,2017,RightFoot,7321,Crystal Palace,Manchester City,0,0,2017-12-31 12:00:00,,Standard
186196,68,SavedShot,0.7369999694824219,0.6329999923706054,0.015775300562381744,Kevin De Bruyne,a,447,OpenPlay,2017,RightFoot,7321,Crystal Palace,Manchester City,0,0,2017-12-31 12:00:00,Eliaquim Mangala,TakeOn
186200,80,BlockedShot,0.875,0.4490000152587891,0.10082700103521347,Kevin De Bruyne,a,447,OpenPlay,2017,RightFoot,7321,Crystal Palace,Manchester City,0,0,2017-12-31 12:00:00,Kyle Walker,Pass
186442,17,SavedShot,0.8059999847412109,0.72,0.064068503677845,Kevin De Bruyne,h,447,DirectFreekick,2017,RightFoot,7335,Manchester City,Watford,3,1,2018-01-02 20:00:00,,Standard
186453,49,MissedShots,0.9719999694824218,0.8140000152587891,0.0692673996090889,Kevin De Bruyne,h,447,DirectFreekick,2017,RightFoot,7335,Manchester City,Watford,3,1,2018-01-02 20:00:00,,Standard
186456,66,MissedShots,0.759000015258789,0.3940000152587891,0.02080320008099079,Kevin De Bruyne,h,447,OpenPlay,2017,RightFoot,7335,Manchester City,Watford,3,1,2018-01-02 20:00:00,Raheem Sterling,Pass
186458,77,BlockedShot,0.8019999694824219,0.69,0.024539999663829803,Kevin De Bruyne,h,447,OpenPlay,2017,RightFoot,7335,Manchester City,Watford,3,1,2018-01-02 20:00:00,Leroy Sané,Pass
187941,34,SavedShot,0.7430000305175781,0.40299999237060546,0.017460599541664124,Kevin De Bruyne,a,447,OpenPlay,2017,RightFoot,7343,Liverpool,Manchester City,4,3,2018-01-14 16:00:00,Sergio Agüero,Pass
188916,29,MissedShots,0.8690000152587891,0.8080000305175781,0.05736149847507477,Kevin De Bruyne,h,447,DirectFreekick,2017,RightFoot,7354,Manchester City,Newcastle United,3,1,2018-01-20 17:30:00,,Standard
188920,39,SavedShot,0.835999984741211,0.5579999923706055,0.09069520235061646,Kevin De Bruyne,h,447,OpenPlay,2017,LeftFoot,7354,Manchester City,Newcastle United,3,1,2018-01-20 17:30:00,Sergio Agüero,Pass
188932,74,SavedShot,0.77,0.6140000152587891,0.032844800502061844,Kevin De Bruyne,h,447,OpenPlay,2017,RightFoot,7354,Manchester City,Newcastle United,3,1,2018-01-20 17:30:00,Oleksandr Zinchenko,Pass
188934,80,MissedShots,0.8190000152587891,0.5879999923706055,0.07232780009508133,Kevin De Bruyne,h,447,OpenPlay,2017,RightFoot,7354,Manchester City,Newcastle United,3,1,2018-01-20 17:30:00,Sergio Agüero,Pass
194221,16,BlockedShot,0.7859999847412109,0.6609999847412109,0.0197432991117239,Kevin De Bruyne,h,447,OpenPlay,2017,RightFoot,7366,Manchester City,West Bromwich Albion,3,0,2018-01-31 20:00:00,Bernardo Silva,Pass
194223,27,SavedShot,0.8909999847412109,0.37099998474121093,0.08781290054321289,Kevin De Bruyne,h,447,OpenPlay,2017,RightFoot,7366,Manchester City,West Bromwich Albion,3,0,2018-01-31 20:00:00,,None
194224,30,ShotOnPost,0.82,0.48700000762939455,0.07092209905385971,Kevin De Bruyne,h,447,OpenPlay,2017,RightFoot,7366,Manchester City,West Bromwich Albion,3,0,2018-01-31 20:00:00,,None
194225,35,SavedShot,0.8419999694824218,0.5670000076293945,0.08908289670944214,Kevin De Bruyne,h,447,OpenPlay,2017,RightFoot,7366,Manchester City,West Bromwich Albion,3,0,2018-01-31 20:00:00,Sergio Agüero,Pass
194231,67,Goal,0.8919999694824219,0.5590000152587891,0.5645440220832825,Kevin De Bruyne,h,447,OpenPlay,2017,LeftFoot,7366,Manchester City,West Bromwich Albion,3,0,2018-01-31 20:00:00,Raheem Sterling,Pass
194232,69,SavedShot,0.5609999847412109,0.12800000190734864,0.009667309932410717,Kevin De Bruyne,h,447,OpenPlay,2017,RightFoot,7366,Manchester City,West Bromwich Albion,3,0,2018-01-31 20:00:00,Ilkay Gündogan,Pass
193652,13,BlockedShot,0.7909999847412109,0.35900001525878905,0.04191470146179199,Kevin De Bruyne,a,447,OpenPlay,2017,RightFoot,7372,Burnley,Manchester City,1,1,2018-02-03 12:30:00,,TakeOn
193661,38,SavedShot,0.7809999847412109,0.445,0.043616700917482376,Kevin De Bruyne,a,447,OpenPlay,2017,RightFoot,7372,Burnley,Manchester City,1,1,2018-02-03 12:30:00,Ilkay Gündogan,Pass
193670,59,BlockedShot,0.7390000152587891,0.4929999923706055,0.05720119923353195,Kevin De Bruyne,a,447,DirectFreekick,2017,RightFoot,7372,Burnley,Manchester City,1,1,2018-02-03 12:30:00,,Standard
193902,32,SavedShot,0.9030000305175782,0.7440000152587891,0.030117299407720566,Kevin De Bruyne,h,447,OpenPlay,2017,RightFoot,7382,Manchester City,Leicester,5,1,2018-02-10 17:30:00,Oleksandr Zinchenko,TakeOn
193915,84,MissedShots,0.7480000305175781,0.3659999847412109,0.018194500356912613,Kevin De Bruyne,h,447,OpenPlay,2017,RightFoot,7382,Manchester City,Leicester,5,1,2018-02-10 17:30:00,Bernardo Silva,Pass
198433,88,BlockedShot,0.759000015258789,0.6759999847412109,0.015182900242507458,Kevin De Bruyne,a,447,OpenPlay,2017,RightFoot,7389,Arsenal,Manchester City,0,3,2018-03-01 19:45:00,,Rebound
199449,65,MissedShots,0.779000015258789,0.40299999237060546,0.03853129968047142,Kevin De Bruyne,h,447,OpenPlay,2017,RightFoot,7404,Manchester City,Chelsea,1,0,2018-03-04 16:00:00,David Silva,Pass
201022,40,MissedShots,0.8669999694824219,0.25799999237060545,0.02120240032672882,Kevin De Bruyne,a,447,FromCorner,2017,RightFoot,7416,Stoke,Manchester City,0,2,2018-03-12 20:00:00,,None
204152,38,BlockedShot,0.87,0.63,0.03820440173149109,Kevin De Bruyne,a,447,FromCorner,2017,RightFoot,7433,Everton,Manchester City,1,3,2018-03-31 17:30:00,Leroy Sané,Pass
207037,82,MissedShots,0.8519999694824218,0.710999984741211,0.03397420048713684,Kevin De Bruyne,h,447,OpenPlay,2017,LeftFoot,7445,Manchester City,Manchester United,2,3,2018-04-07 16:30:00,Fabian Delph,Pass
208825,8,MissedShots,0.77,0.3089999961853027,0.01823039911687374,Kevin De Bruyne,a,447,OpenPlay,2017,RightFoot,7457,Tottenham,Manchester City,1,3,2018-04-14 18:45:00,David Silva,Pass
208837,69,BlockedShot,0.7269999694824218,0.445,0.04860210046172142,Kevin De Bruyne,a,447,DirectFreekick,2017,RightFoot,7457,Tottenham,Manchester City,1,3,2018-04-14 18:45:00,,Standard
211059,31,SavedShot,0.799000015258789,0.3220000076293945,0.03224819898605347,Kevin De Bruyne,h,447,OpenPlay,2017,LeftFoot,7465,Manchester City,Swansea,5,0,2018-04-22 15:30:00,Danilo,BallRecovery
211063,47,BlockedShot,0.785,0.40299999237060546,0.034280598163604736,Kevin De Bruyne,h,447,OpenPlay,2017,RightFoot,7465,Manchester City,Swansea,5,0,2018-04-22 15:30:00,Bernardo Silva,Pass
211064,50,MissedShots,0.9130000305175782,0.7169999694824218,0.08139839768409729,Kevin De Bruyne,h,447,OpenPlay,2017,RightFoot,7465,Manchester City,Swansea,5,0,2018-04-22 15:30:00,David Silva,Chipped
211065,53,Goal,0.7609999847412109,0.28899999618530275,0.016600899398326874,Kevin De Bruyne,h,447,OpenPlay,2017,RightFoot,7465,Manchester City,Swansea,5,0,2018-04-22 15:30:00,Danilo,BallRecovery
212344,21,BlockedShot,0.7219999694824218,0.3920000076293945,0.021866999566555023,Kevin De Bruyne,a,447,OpenPlay,2017,LeftFoot,7478,West Ham,Manchester City,1,4,2018-04-29 13:15:00,Kyle Walker,Pass
212350,42,SavedShot,0.7880000305175782,0.5670000076293945,0.05010790005326271,Kevin De Bruyne,a,447,OpenPlay,2017,LeftFoot,7478,West Ham,Manchester City,1,4,2018-04-29 13:15:00,,Dispossessed
212351,45,MissedShots,0.7190000152587891,0.5359999847412109,0.017353400588035583,Kevin De Bruyne,a,447,OpenPlay,2017,RightFoot,7478,West Ham,Manchester City,1,4,2018-04-29 13:15:00,Leroy Sané,Pass
212355,58,MissedShots,0.8619999694824219,0.3820000076293945,0.0893838033080101,Kevin De Bruyne,a,447,OpenPlay,2017,RightFoot,7478,West Ham,Manchester City,1,4,2018-04-29 13:15:00,Raheem Sterling,Pass
212361,76,SavedShot,0.7859999847412109,0.6370000076293946,0.029012000188231468,Kevin De Bruyne,a,447,OpenPlay,2017,RightFoot,7478,West Ham,Manchester City,1,4,2018-04-29 13:15:00,Leroy Sané,Pass
213615,6,MissedShots,0.730999984741211,0.10300000190734863,0.009415949694812298,Kevin De Bruyne,h,447,OpenPlay,2017,RightFoot,7480,Manchester City,Huddersfield,0,0,2018-05-06 13:30:00,Nicolás Otamendi,Pass
213618,12,MissedShots,0.845999984741211,0.54,0.0872277021408081,Kevin De Bruyne,h,447,OpenPlay,2017,LeftFoot,7480,Manchester City,Huddersfield,0,0,2018-05-06 13:30:00,Leroy Sané,Pass
213621,34,SavedShot,0.8619999694824219,0.2929999923706055,0.025453200563788414,Kevin De Bruyne,h,447,FromCorner,2017,LeftFoot,7480,Manchester City,Huddersfield,0,0,2018-05-06 13:30:00,Gabriel Jesus,Pass
215548,20,BlockedShot,0.8440000152587891,0.629000015258789,0.05891750007867813,Kevin De Bruyne,a,447,OpenPlay,2017,LeftFoot,7498,Southampton,Manchester City,0,1,2018-05-13 15:00:00,Leroy Sané,Pass
215562,61,MissedShots,0.7730000305175782,0.36400001525878906,0.02260890044271946,Kevin De Bruyne,a,447,FromCorner,2017,LeftFoot,7498,Southampton,Manchester City,0,1,2018-05-13 15:00:00,Bernardo Silva,Pass
232719,93,SavedShot,0.75,0.6809999847412109,0.014624600298702717,Kevin De Bruyne,a,447,OpenPlay,2018,RightFoot,9206,Arsenal,Manchester City,0,2,2018-08-12 18:00:00,Leroy Sané,TakeOn
249346,72,BlockedShot,0.7780000305175782,0.5570000076293945,0.03427699953317642,Kevin De Bruyne,h,447,OpenPlay,2018,RightFoot,9281,Manchester City,Burnley,5,0,2018-10-20 14:00:00,David Silva,Pass
251586,84,Goal,0.8019999694824219,0.07699999809265137,0.006977559998631477,Kevin De Bruyne,h,447,OpenPlay,2018,RightFoot,9370,Manchester City,Crystal Palace,2,3,2018-12-22 15:00:00,Bernardo Silva,Pass
251800,22,SavedShot,0.7119999694824218,0.6580000305175782,0.011758299544453621,Kevin De Bruyne,a,447,OpenPlay,2018,RightFoot,9382,Leicester,Manchester City,2,1,2018-12-26 15:00:00,Bernardo Silva,Pass
274607,66,MissedShots,0.8190000152587891,0.3609999847412109,0.01855129934847355,Kevin De Bruyne,h,447,OpenPlay,2018,RightFoot,9409,Manchester City,Wolverhampton Wanderers,3,0,2019-01-14 20:00:00,,Aerial
274612,76,SavedShot,0.855,0.649000015258789,0.08006619662046432,Kevin De Bruyne,h,447,OpenPlay,2018,RightFoot,9409,Manchester City,Wolverhampton Wanderers,3,0,2019-01-14 20:00:00,Ilkay Gündogan,Pass
274826,57,MissedShots,0.8669999694824219,0.46900001525878904,0.024410899728536606,Kevin De Bruyne,a,447,OpenPlay,2018,Head,9423,Huddersfield,Manchester City,0,3,2019-01-20 13:30:00,Danilo,Cross
275328,27,MissedShots,0.7580000305175781,0.375,0.01669739931821823,Kevin De Bruyne,h,447,OpenPlay,2018,RightFoot,9439,Manchester City,Arsenal,3,1,2019-02-03 16:30:00,,None
275335,50,SavedShot,0.8569999694824219,0.33599998474121096,0.05793970078229904,Kevin De Bruyne,h,447,OpenPlay,2018,RightFoot,9439,Manchester City,Arsenal,3,1,2019-02-03 16:30:00,Bernardo Silva,Pass
275336,52,SavedShot,0.7930000305175782,0.38799999237060545,0.04356180131435394,Kevin De Bruyne,h,447,OpenPlay,2018,RightFoot,9439,Manchester City,Arsenal,3,1,2019-02-03 16:30:00,Bernardo Silva,Pass
275337,55,SavedShot,0.925,0.664000015258789,0.09709960222244263,Kevin De Bruyne,h,447,OpenPlay,2018,LeftFoot,9439,Manchester City,Arsenal,3,1,2019-02-03 16:30:00,Raheem Sterling,Pass
275340,71,BlockedShot,0.875,0.55,0.12693600356578827,Kevin De Bruyne,h,447,OpenPlay,2018,RightFoot,9439,Manchester City,Arsenal,3,1,2019-02-03 16:30:00,David Silva,Pass
275617,57,SavedShot,0.77,0.605,0.07151439785957336,Kevin De Bruyne,h,447,DirectFreekick,2018,RightFoot,9454,Manchester City,Chelsea,6,0,2019-02-10 16:00:00,,Standard
275619,62,BlockedShot,0.7980000305175782,0.505,0.06506580114364624,Kevin De Bruyne,h,447,OpenPlay,2018,LeftFoot,9454,Manchester City,Chelsea,6,0,2019-02-10 16:00:00,John Stones,Pass
276018,0,MissedShots,0.7390000152587891,0.5029999923706054,0.01956699974834919,Kevin De Bruyne,h,447,OpenPlay,2018,RightFoot,9475,Manchester City,West Ham,1,0,2019-02-27 20:00:00,Sergio Agüero,Pass
276021,5,MissedShots,0.8680000305175781,0.5790000152587891,0.07295800000429153,Kevin De Bruyne,h,447,OpenPlay,2018,LeftFoot,9475,Manchester City,West Ham,1,0,2019-02-27 20:00:00,,None
276038,81,SavedShot,0.7930000305175782,0.59,0.04597939923405647,Kevin De Bruyne,h,447,OpenPlay,2018,RightFoot,9475,Manchester City,West Ham,1,0,2019-02-27 20:00:00,Ilkay Gündogan,Pass
276237,22,BlockedShot,0.7369999694824219,0.3390000152587891,0.0158379003405571,Kevin De Bruyne,a,447,OpenPlay,2018,RightFoot,9486,Bournemouth,Manchester City,0,1,2019-03-02 15:00:00,Sergio Agüero,Pass
287291,6,BlockedShot,0.7759999847412109,0.5790000152587891,0.03908339887857437,Kevin De Bruyne,a,447,OpenPlay,2018,RightFoot,9512,Fulham,Manchester City,0,2,2019-03-30 12:30:00,Raheem Sterling,Pass
287299,15,SavedShot,0.8480000305175781,0.53,0.10770399868488312,Kevin De Bruyne,a,447,OpenPlay,2018,LeftFoot,9512,Fulham,Manchester City,0,2,2019-03-30 12:30:00,Sergio Agüero,Pass
287304,40,BlockedShot,0.6980000305175781,0.549000015258789,0.03668979927897453,Kevin De Bruyne,a,447,DirectFreekick,2018,RightFoot,9512,Fulham,Manchester City,0,2,2019-03-30 12:30:00,,Standard
287308,45,MissedShots,0.77,0.5640000152587891,0.032078299671411514,Kevin De Bruyne,a,447,OpenPlay,2018,LeftFoot,9512,Fulham,Manchester City,0,2,2019-03-30 12:30:00,David Silva,Pass
291304,5,Goal,0.9730000305175781,0.6840000152587891,0.05404970049858093,Kevin De Bruyne,h,447,OpenPlay,2018,LeftFoot,9522,Manchester City,Cardiff,2,0,2019-04-03 19:45:00,Aymeric Laporte,Pass
291320,60,MissedShots,0.7430000305175781,0.59,0.019590800628066063,Kevin De Bruyne,h,447,OpenPlay,2018,RightFoot,9522,Manchester City,Cardiff,2,0,2019-04-03 19:45:00,Leroy Sané,Pass
294157,28,BlockedShot,0.735,0.47,0.021954799070954323,Kevin De Bruyne,a,447,OpenPlay,2018,RightFoot,9534,Crystal Palace,Manchester City,1,3,2019-04-14 14:05:00,David Silva,Pass
294160,44,BlockedShot,0.9230000305175782,0.48200000762939454,0.13616299629211426,Kevin De Bruyne,a,447,OpenPlay,2018,RightFoot,9534,Crystal Palace,Manchester City,1,3,2019-04-14 14:05:00,,BallTouch
294165,55,MissedShots,0.7709999847412109,0.6179999923706054,0.02680630050599575,Kevin De Bruyne,a,447,OpenPlay,2018,RightFoot,9534,Crystal Palace,Manchester City,1,3,2019-04-14 14:05:00,David Silva,Pass
294176,78,MissedShots,0.585,0.39799999237060546,0.010123100131750107,Kevin De Bruyne,a,447,OpenPlay,2018,RightFoot,9534,Crystal Palace,Manchester City,1,3,2019-04-14 14:05:00,,None
294912,33,BlockedShot,0.8580000305175781,0.6859999847412109,0.0588654987514019,Kevin De Bruyne,h,447,OpenPlay,2018,LeftFoot,9540,Manchester City,Tottenham,1,0,2019-04-20 12:30:00,,BallRecovery
294914,34,MissedShots,0.779000015258789,0.515,0.0625704973936081,Kevin De Bruyne,h,447,OpenPlay,2018,RightFoot,9540,Manchester City,Tottenham,1,0,2019-04-20 12:30:00,,TakeOn
301233,86,SavedShot,0.7480000305175781,0.315,0.04473929852247238,Kevin De Bruyne,a,447,DirectFreekick,2018,RightFoot,9576,Brighton,Manchester City,1,4,2019-05-12 14:00:00,,Standard
309927,37,SavedShot,0.855,0.67,0.048480600118637085,Kevin De Bruyne,a,447,OpenPlay,2019,RightFoot,11644,West Ham,Manchester City,0,5,2019-08-10 12:30:00,David Silva,Pass
310769,7,SavedShot,0.8490000152587891,0.3139999961853027,0.04190469905734062,Kevin De Bruyne,h,447,OpenPlay,2019,LeftFoot,11659,Manchester City,Tottenham,2,2,2019-08-17 17:30:00,Rodri,Pass
310777,35,MissedShots,0.9269999694824219,0.3160000038146973,0.09939400106668472,Kevin De Bruyne,h,447,OpenPlay,2019,RightFoot,11659,Manchester City,Tottenham,2,2,2019-08-17 17:30:00,,TakeOn
310781,47,BlockedShot,0.8130000305175781,0.4879999923706055,0.07166440039873123,Kevin De Bruyne,h,447,OpenPlay,2019,RightFoot,11659,Manchester City,Tottenham,2,2,2019-08-17 17:30:00,Kyle Walker,Pass
310783,50,MissedShots,0.815,0.35700000762939454,0.05307209864258766,Kevin De Bruyne,h,447,OpenPlay,2019,LeftFoot,11659,Manchester City,Tottenham,2,2,2019-08-17 17:30:00,Sergio Agüero,Pass
312918,14,MissedShots,0.8630000305175781,0.565,0.09829329699277878,Kevin De Bruyne,a,447,OpenPlay,2019,LeftFoot,11671,Bournemouth,Manchester City,1,3,2019-08-25 14:00:00,Oleksandr Zinchenko,Pass
312922,23,BlockedShot,0.784000015258789,0.40299999237060546,0.0376351997256279,Kevin De Bruyne,a,447,OpenPlay,2019,RightFoot,11671,Bournemouth,Manchester City,1,3,2019-08-25 14:00:00,Sergio Agüero,Pass
312933,52,MissedShots,0.874000015258789,0.42400001525878905,0.11441899836063385,Kevin De Bruyne,a,447,OpenPlay,2019,RightFoot,11671,Bournemouth,Manchester City,1,3,2019-08-25 14:00:00,Sergio Agüero,Pass
315851,1,Goal,0.9209999847412109,0.524000015258789,0.5261250138282776,Kevin De Bruyne,h,447,OpenPlay,2019,RightFoot,11678,Manchester City,Brighton,4,0,2019-08-31 15:00:00,David Silva,Pass
315855,20,MissedShots,0.7780000305175782,0.385,0.037339698523283005,Kevin De Bruyne,h,447,OpenPlay,2019,RightFoot,11678,Manchester City,Brighton,4,0,2019-08-31 15:00:00,David Silva,Pass
315863,50,MissedShots,0.769000015258789,0.4,0.025693200528621674,Kevin De Bruyne,h,447,OpenPlay,2019,LeftFoot,11678,Manchester City,Brighton,4,0,2019-08-31 15:00:00,Riyad Mahrez,Pass
315867,65,MissedShots,0.8919999694824219,0.3659999847412109,0.10795299708843231,Kevin De Bruyne,h,447,OpenPlay,2019,RightFoot,11678,Manchester City,Brighton,4,0,2019-08-31 15:00:00,Riyad Mahrez,Chipped
320447,27,MissedShots,0.8540000152587891,0.34799999237060547,0.06734529882669449,Kevin De Bruyne,h,447,OpenPlay,2019,LeftFoot,11695,Manchester City,Watford,8,0,2019-09-21 14:00:00,Riyad Mahrez,Pass
320454,53,MissedShots,0.7290000152587891,0.64,0.04267989844083786,Kevin De Bruyne,h,447,DirectFreekick,2019,RightFoot,11695,Manchester City,Watford,8,0,2019-09-21 14:00:00,,Standard
320463,84,Goal,0.8540000152587891,0.6880000305175781,0.062420301139354706,Kevin De Bruyne,h,447,OpenPlay,2019,RightFoot,11695,Manchester City,Watford,8,0,2019-09-21 14:00:00,Riyad Mahrez,Pass
320464,87,MissedShots,0.865,0.555,0.4266420006752014,Kevin De Bruyne,h,447,OpenPlay,2019,RightFoot,11695,Manchester City,Watford,8,0,2019-09-21 14:00:00,Sergio Agüero,TakeOn
322848,37,BlockedShot,0.7669999694824219,0.5890000152587891,0.027629200369119644,Kevin De Bruyne,a,447,OpenPlay,2019,RightFoot,11711,Everton,Manchester City,1,3,2019-09-28 16:30:00,Rodri,Pass
322854,48,MissedShots,0.955,0.34599998474121096,0.09866870194673538,Kevin De Bruyne,a,447,OpenPlay,2019,RightFoot,11711,Everton,Manchester City,1,3,2019-09-28 16:30:00,Riyad Mahrez,TakeOn
325894,80,ShotOnPost,0.9569999694824218,0.4329999923706055,0.5020130276679993,Kevin De Bruyne,a,447,OpenPlay,2019,Head,11726,Crystal Palace,Manchester City,0,2,2019-10-19 17:30:00,Ilkay Gündogan,Cross
326918,9,MissedShots,0.735,0.6090000152587891,0.013104000128805637,Kevin De Bruyne,h,447,OpenPlay,2019,RightFoot,11737,Manchester City,Aston Villa,3,0,2019-10-26 12:30:00,,None
326934,59,MissedShots,0.82,0.3060000038146973,0.028900299221277237,Kevin De Bruyne,h,447,OpenPlay,2019,LeftFoot,11737,Manchester City,Aston Villa,3,0,2019-10-26 12:30:00,Gabriel Jesus,Pass
326936,64,Goal,0.8109999847412109,0.8669999694824219,0.020965199917554855,Kevin De Bruyne,h,447,FromCorner,2019,RightFoot,11737,Manchester City,Aston Villa,3,0,2019-10-26 12:30:00,Benjamin Mendy,Pass
329197,10,BlockedShot,0.8580000305175781,0.30700000762939456,0.01645120047032833,Kevin De Bruyne,h,447,OpenPlay,2019,RightFoot,11749,Manchester City,Southampton,2,1,2019-11-02 15:00:00,,Aerial
329200,18,BlockedShot,0.750999984741211,0.6090000152587891,0.05735760182142258,Kevin De Bruyne,h,447,DirectFreekick,2019,RightFoot,11749,Manchester City,Southampton,2,1,2019-11-02 15:00:00,,Standard
329204,25,BlockedShot,0.8569999694824219,0.4379999923706055,0.027930399402976036,Kevin De Bruyne,h,447,OpenPlay,2019,LeftFoot,11749,Manchester City,Southampton,2,1,2019-11-02 15:00:00,,Aerial
329218,79,MissedShots,0.8540000152587891,0.5879999923706055,0.07443729788064957,Kevin De Bruyne,h,447,SetPiece,2019,RightFoot,11749,Manchester City,Southampton,2,1,2019-11-02 15:00:00,Ilkay Gündogan,Pass
331561,47,BlockedShot,0.8830000305175781,0.7280000305175781,0.024894900619983673,Kevin De Bruyne,a,447,FromCorner,2019,RightFoot,11755,Liverpool,Manchester City,3,1,2019-11-10 16:30:00,Bernardo Silva,Pass
331566,58,BlockedShot,0.7880000305175782,0.649000015258789,0.02706659957766533,Kevin De Bruyne,a,447,OpenPlay,2019,RightFoot,11755,Liverpool,Manchester City,3,1,2019-11-10 16:30:00,Ilkay Gündogan,Pass
332397,3,MissedShots,0.9169999694824219,0.3240000152587891,0.06881450116634369,Kevin De Bruyne,h,447,OpenPlay,2019,RightFoot,11769,Manchester City,Chelsea,2,1,2019-11-23 17:30:00,Sergio Agüero,Pass
332406,28,Goal,0.8219999694824218,0.47099998474121096,0.1446319967508316,Kevin De Bruyne,h,447,OpenPlay,2019,LeftFoot,11769,Manchester City,Chelsea,2,1,2019-11-23 17:30:00,,TakeOn
332408,35,MissedShots,0.799000015258789,0.36700000762939455,0.028103899210691452,Kevin De Bruyne,h,447,OpenPlay,2019,LeftFoot,11769,Manchester City,Chelsea,2,1,2019-11-23 17:30:00,Riyad Mahrez,Pass
333425,46,SavedShot,0.8219999694824218,0.54,0.06452610343694687,Kevin De Bruyne,a,447,OpenPlay,2019,RightFoot,11777,Newcastle United,Manchester City,2,2,2019-11-30 12:30:00,Raheem Sterling,Pass
333429,54,MissedShots,0.7859999847412109,0.6990000152587891,0.0209026001393795,Kevin De Bruyne,a,447,OpenPlay,2019,RightFoot,11777,Newcastle United,Manchester City,2,2,2019-11-30 12:30:00,David Silva,Pass
333434,67,SavedShot,0.9159999847412109,0.6120000076293945,0.08936519920825958,Kevin De Bruyne,a,447,OpenPlay,2019,LeftFoot,11777,Newcastle United,Manchester City,2,2,2019-11-30 12:30:00,,Rebound
333438,76,BlockedShot,0.7680000305175781,0.5029999923706054,0.028085699304938316,Kevin De Bruyne,a,447,OpenPlay,2019,LeftFoot,11777,Newcastle United,Manchester City,2,2,2019-11-30 12:30:00,Phil Foden,Pass
333439,78,BlockedShot,0.7559999847412109,0.48900001525878906,0.02456679940223694,Kevin De Bruyne,a,447,OpenPlay,2019,LeftFoot,11777,Newcastle United,Manchester City,2,2,2019-11-30 12:30:00,Ilkay Gündogan,Pass
333440,81,Goal,0.785,0.5990000152587891,0.03166799992322922,Kevin De Bruyne,a,447,OpenPlay,2019,RightFoot,11777,Newcastle United,Manchester City,2,2,2019-11-30 12:30:00,,None
334864,11,SavedShot,0.7909999847412109,0.575,0.07989290356636047,Kevin De Bruyne,a,447,OpenPlay,2019,LeftFoot,11784,Burnley,Manchester City,1,4,2019-12-03 20:15:00,David Silva,BallTouch
334868,35,SavedShot,0.77,0.45799999237060546,0.03416009992361069,Kevin De Bruyne,a,447,OpenPlay,2019,LeftFoot,11784,Burnley,Manchester City,1,4,2019-12-03 20:15:00,David Silva,Chipped
334875,57,MissedShots,0.754000015258789,0.41900001525878905,0.027165699750185013,Kevin De Bruyne,a,447,OpenPlay,2019,RightFoot,11784,Burnley,Manchester City,1,4,2019-12-03 20:15:00,Angelino,Pass
335815,1,BlockedShot,0.9130000305175782,0.664000015258789,0.10222399979829788,Kevin De Bruyne,h,447,OpenPlay,2019,LeftFoot,11797,Manchester City,Manchester United,1,2,2019-12-07 17:30:00,Raheem Sterling,Pass
335817,6,MissedShots,0.8809999847412109,0.3390000152587891,0.05595500022172928,Kevin De Bruyne,h,447,OpenPlay,2019,RightFoot,11797,Manchester City,Manchester United,1,2,2019-12-07 17:30:00,Bernardo Silva,Pass
335831,39,MissedShots,0.8180000305175781,0.79,0.04861550033092499,Kevin De Bruyne,h,447,DirectFreekick,2019,RightFoot,11797,Manchester City,Manchester United,1,2,2019-12-07 17:30:00,,Standard
335834,54,BlockedShot,0.91,0.38,0.10275399684906006,Kevin De Bruyne,h,447,OpenPlay,2019,RightFoot,11797,Manchester City,Manchester United,1,2,2019-12-07 17:30:00,Rodri,Pass
337713,1,Goal,0.875,0.3729999923706055,0.07679379731416702,Kevin De Bruyne,a,447,OpenPlay,2019,RightFoot,11803,Arsenal,Manchester City,0,3,2019-12-15 16:30:00,Gabriel Jesus,Pass
337718,39,Goal,0.805,0.4979999923706055,0.06766030192375183,Kevin De Bruyne,a,447,OpenPlay,2019,LeftFoot,11803,Arsenal,Manchester City,0,3,2019-12-15 16:30:00,Phil Foden,TakeOn
337719,42,SavedShot,0.7559999847412109,0.4929999923706055,0.029122300446033478,Kevin De Bruyne,a,447,OpenPlay,2019,RightFoot,11803,Arsenal,Manchester City,0,3,2019-12-15 16:30:00,Phil Foden,BallTouch
337724,54,BlockedShot,0.8330000305175781,0.5429999923706055,0.09002240002155304,Kevin De Bruyne,a,447,OpenPlay,2019,LeftFoot,11803,Arsenal,Manchester City,0,3,2019-12-15 16:30:00,Ilkay Gündogan,HeadPass
337729,76,SavedShot,0.765,0.4929999923706055,0.0444708988070488,Kevin De Bruyne,a,447,OpenPlay,2019,RightFoot,11803,Arsenal,Manchester City,0,3,2019-12-15 16:30:00,Rodri,Pass
338745,13,ShotOnPost,0.845999984741211,0.3160000038146973,0.033716700971126556,Kevin De Bruyne,h,447,OpenPlay,2019,RightFoot,11817,Manchester City,Leicester,3,1,2019-12-21 17:30:00,Riyad Mahrez,Pass
338754,36,BlockedShot,0.8430000305175781,0.46799999237060547,0.07193490117788315,Kevin De Bruyne,h,447,OpenPlay,2019,RightFoot,11817,Manchester City,Leicester,3,1,2019-12-21 17:30:00,Raheem Sterling,Pass
338755,39,SavedShot,0.8109999847412109,0.49599998474121093,0.06177860125899315,Kevin De Bruyne,h,447,OpenPlay,2019,RightFoot,11817,Manchester City,Leicester,3,1,2019-12-21 17:30:00,Raheem Sterling,Pass
338767,74,SavedShot,0.924000015258789,0.7290000152587891,0.06267660111188889,Kevin De Bruyne,h,447,OpenPlay,2019,LeftFoot,11817,Manchester City,Leicester,3,1,2019-12-21 17:30:00,Benjamin Mendy,Pass
339708,65,MissedShots,0.8430000305175781,0.7340000152587891,0.04913569986820221,Kevin De Bruyne,a,447,OpenPlay,2019,RightFoot,11832,Wolverhampton Wanderers,Manchester City,3,2,2019-12-27 19:45:00,Benjamin Mendy,TakeOn
339948,20,BlockedShot,0.7580000305175781,0.44599998474121094,0.02374730072915554,Kevin De Bruyne,h,447,OpenPlay,2019,LeftFoot,11837,Manchester City,Sheffield United,2,0,2019-12-29 18:00:00,Oleksandr Zinchenko,Pass
339958,46,MissedShots,0.7069999694824218,0.519000015258789,0.014473400078713894,Kevin De Bruyne,h,447,OpenPlay,2019,RightFoot,11837,Manchester City,Sheffield United,2,0,2019-12-29 18:00:00,Bernardo Silva,Pass
339962,54,SavedShot,0.74,0.5020000076293946,0.025761699303984642,Kevin De Bruyne,h,447,OpenPlay,2019,RightFoot,11837,Manchester City,Sheffield United,2,0,2019-12-29 18:00:00,Riyad Mahrez,Pass
339964,74,MissedShots,0.7769999694824219,0.515,0.09169290214776993,Kevin De Bruyne,h,447,DirectFreekick,2019,RightFoot,11837,Manchester City,Sheffield United,2,0,2019-12-29 18:00:00,,Standard
339966,81,Goal,0.86,0.5620000076293945,0.11243999749422073,Kevin De Bruyne,h,447,OpenPlay,2019,RightFoot,11837,Manchester City,Sheffield United,2,0,2019-12-29 18:00:00,Riyad Mahrez,Pass
351589,80,BlockedShot,0.7569999694824219,0.32099998474121094,0.01909790001809597,Kevin De Bruyne,h,447,OpenPlay,2019,LeftFoot,11848,Manchester City,Everton,2,1,2020-01-01 17:30:00,João Cancelo,Pass
351885,2,MissedShots,0.769000015258789,0.6029999923706054,0.02240549959242344,Kevin De Bruyne,h,447,OpenPlay,2019,LeftFoot,11864,Manchester City,Crystal Palace,2,2,2020-01-18 15:00:00,Benjamin Mendy,Pass
351888,13,ShotOnPost,0.7519999694824219,0.590999984741211,0.060366999357938766,Kevin De Bruyne,h,447,DirectFreekick,2019,RightFoot,11864,Manchester City,Crystal Palace,2,2,2020-01-18 15:00:00,,Standard
351903,56,BlockedShot,0.7090000152587891,0.415,0.014305300079286098,Kevin De Bruyne,h,447,OpenPlay,2019,RightFoot,11864,Manchester City,Crystal Palace,2,2,2020-01-18 15:00:00,Ilkay Gündogan,Pass
351906,59,BlockedShot,0.7880000305175782,0.33,0.025718800723552704,Kevin De Bruyne,h,447,OpenPlay,2019,LeftFoot,11864,Manchester City,Crystal Palace,2,2,2020-01-18 15:00:00,João Cancelo,Pass
351909,69,BlockedShot,0.774000015258789,0.61,0.02616639994084835,Kevin De Bruyne,h,447,OpenPlay,2019,RightFoot,11864,Manchester City,Crystal Palace,2,2,2020-01-18 15:00:00,Ilkay Gündogan,Pass
351912,84,MissedShots,0.735999984741211,0.5790000152587891,0.018912699073553085,Kevin De Bruyne,h,447,OpenPlay,2019,RightFoot,11864,Manchester City,Crystal Palace,2,2,2020-01-18 15:00:00,John Stones,Pass
352182,30,BlockedShot,0.7680000305175781,0.515,0.022951899096369743,Kevin De Bruyne,a,447,OpenPlay,2019,RightFoot,11875,Sheffield United,Manchester City,0,1,2020-01-21 19:30:00,Gabriel Jesus,Pass
352186,44,MissedShots,0.779000015258789,0.6630000305175782,0.021227799355983734,Kevin De Bruyne,a,447,OpenPlay,2019,RightFoot,11875,Sheffield United,Manchester City,0,1,2020-01-21 19:30:00,Oleksandr Zinchenko,Pass
352628,7,MissedShots,0.955,0.3270000076293945,0.07806330174207687,Kevin De Bruyne,a,447,OpenPlay,2019,RightFoot,11890,Tottenham,Manchester City,2,0,2020-02-02 16:30:00,Riyad Mahrez,Pass
352631,24,SavedShot,0.7390000152587891,0.5220000076293946,0.021584099158644676,Kevin De Bruyne,a,447,OpenPlay,2019,RightFoot,11890,Tottenham,Manchester City,2,0,2020-02-02 16:30:00,Riyad Mahrez,Pass
352646,88,SavedShot,0.9309999847412109,0.8319999694824218,0.010370000265538692,Kevin De Bruyne,a,447,OpenPlay,2019,RightFoot,11890,Tottenham,Manchester City,2,0,2020-02-02 16:30:00,,Rebound
352649,94,BlockedShot,0.9230000305175782,0.7090000152587891,0.033398598432540894,Kevin De Bruyne,a,447,OpenPlay,2019,RightFoot,11890,Tottenham,Manchester City,2,0,2020-02-02 16:30:00,,None
352875,12,SavedShot,0.7680000305175781,0.4,0.024250300601124763,Kevin De Bruyne,h,447,OpenPlay,2019,RightFoot,11898,Manchester City,West Ham,2,0,2020-02-19 19:30:00,Gabriel Jesus,Pass
352892,61,Goal,0.9309999847412109,0.3390000152587891,0.10161200165748596,Kevin De Bruyne,h,447,OpenPlay,2019,RightFoot,11898,Manchester City,West Ham,2,0,2020-02-19 19:30:00,Bernardo Silva,Pass
353033,23,MissedShots,0.8130000305175781,0.47,0.049720700830221176,Kevin De Bruyne,a,447,OpenPlay,2019,RightFoot,11904,Leicester,Manchester City,0,1,2020-02-22 17:30:00,Riyad Mahrez,Pass
353035,32,MissedShots,0.7069999694824218,0.5640000152587891,0.0393562987446785,Kevin De Bruyne,a,447,DirectFreekick,2019,RightFoot,11904,Leicester,Manchester City,0,1,2020-02-22 17:30:00,,Standard
353042,52,SavedShot,0.85,0.6140000152587891,0.07365729659795761,Kevin De Bruyne,a,447,OpenPlay,2019,RightFoot,11904,Leicester,Manchester City,0,1,2020-02-22 17:30:00,Rodri,Pass
364852,3,SavedShot,0.8130000305175781,0.6309999847412109,0.10875000059604645,Kevin De Bruyne,h,447,DirectFreekick,2019,RightFoot,11917,Manchester City,Arsenal,3,0,2020-06-17 19:15:00,,Standard
364856,31,BlockedShot,0.735,0.5990000152587891,0.018651500344276428,Kevin De Bruyne,h,447,OpenPlay,2019,RightFoot,11917,Manchester City,Arsenal,3,0,2020-06-17 19:15:00,Ilkay Gündogan,Pass
364863,47,BlockedShot,0.855999984741211,0.3029999923706055,0.05151979997754097,Kevin De Bruyne,h,447,OpenPlay,2019,RightFoot,11917,Manchester City,Arsenal,3,0,2020-06-17 19:15:00,Raheem Sterling,Pass
364864,50,Goal,0.885,0.5,0.7611690163612366,Kevin De Bruyne,h,447,Penalty,2019,RightFoot,11917,Manchester City,Arsenal,3,0,2020-06-17 19:15:00,,Standard
364866,68,SavedShot,0.9069999694824219,0.3659999847412109,0.1135609969496727,Kevin De Bruyne,h,447,OpenPlay,2019,RightFoot,11917,Manchester City,Arsenal,3,0,2020-06-17 19:15:00,Raheem Sterling,Pass
366018,67,MissedShots,0.7609999847412109,0.62,0.03223109990358353,Kevin De Bruyne,h,447,OpenPlay,2019,RightFoot,11939,Manchester City,Burnley,5,0,2020-06-22 19:00:00,Oleksandr Zinchenko,Pass
366613,24,BlockedShot,0.7440000152587891,0.38799999237060545,0.016800200566649437,Kevin De Bruyne,a,447,SetPiece,2019,LeftFoot,11946,Chelsea,Manchester City,2,1,2020-06-25 19:15:00,Riyad Mahrez,Pass
366623,54,Goal,0.7119999694824218,0.5309999847412109,0.04238950088620186,Kevin De Bruyne,a,447,DirectFreekick,2019,RightFoot,11946,Chelsea,Manchester City,2,1,2020-06-25 19:15:00,,Standard
368402,9,BlockedShot,0.8590000152587891,0.3509999847412109,0.0804395005106926,Kevin De Bruyne,h,447,OpenPlay,2019,RightFoot,11959,Manchester City,Liverpool,4,0,2020-07-02 19:15:00,,TakeOn
368405,24,Goal,0.885,0.5,0.7611690163612366,Kevin De Bruyne,h,447,Penalty,2019,RightFoot,11959,Manchester City,Liverpool,4,0,2020-07-02 19:15:00,,Standard
368416,60,MissedShots,0.78,0.629000015258789,0.026140499860048294,Kevin De Bruyne,h,447,OpenPlay,2019,RightFoot,11959,Manchester City,Liverpool,4,0,2020-07-02 19:15:00,Riyad Mahrez,Pass
368424,81,MissedShots,0.8440000152587891,0.5520000076293945,0.2179110050201416,Kevin De Bruyne,h,447,OpenPlay,2019,Head,11959,Manchester City,Liverpool,4,0,2020-07-02 19:15:00,Riyad Mahrez,Chipped
369238,73,MissedShots,0.870999984741211,0.6020000076293945,0.07985729724168777,Kevin De Bruyne,a,447,OpenPlay,2019,RightFoot,11970,Southampton,Manchester City,1,0,2020-07-05 18:00:00,David Silva,Pass
369241,76,MissedShots,0.8019999694824219,0.3370000076293945,0.012231499888002872,Kevin De Bruyne,a,447,OpenPlay,2019,RightFoot,11970,Southampton,Manchester City,1,0,2020-07-05 18:00:00,Bernardo Silva,Chipped
369247,96,BlockedShot,0.7809999847412109,0.5790000152587891,0.08765389770269394,Kevin De Bruyne,a,447,DirectFreekick,2019,RightFoot,11970,Southampton,Manchester City,1,0,2020-07-05 18:00:00,,Standard
369712,53,BlockedShot,0.759000015258789,0.56,0.02592170052230358,Kevin De Bruyne,h,447,OpenPlay,2019,RightFoot,11979,Manchester City,Newcastle United,5,0,2020-07-08 17:00:00,Gabriel Jesus,Pass
370587,50,ShotOnPost,0.779000015258789,0.705,0.05464889854192734,Kevin De Bruyne,a,447,DirectFreekick,2019,RightFoot,11985,Brighton,Manchester City,0,5,2020-07-11 19:00:00,,Standard
372988,42,BlockedShot,0.8769999694824219,0.7030000305175781,0.06685920059680939,Kevin De Bruyne,a,447,OpenPlay,2019,LeftFoot,12011,Watford,Manchester City,0,4,2020-07-21 17:00:00,João Cancelo,Pass
372989,45,MissedShots,0.9130000305175782,0.6170000076293946,0.13130700588226318,Kevin De Bruyne,a,447,OpenPlay,2019,RightFoot,12011,Watford,Manchester City,0,4,2020-07-21 17:00:00,Bernardo Silva,Pass
372995,60,SavedShot,0.745,0.3060000038146973,0.04233590140938759,Kevin De Bruyne,a,447,DirectFreekick,2019,RightFoot,12011,Watford,Manchester City,0,4,2020-07-21 17:00:00,,Standard
373742,28,BlockedShot,0.7959999847412109,0.34200000762939453,0.04872019961476326,Kevin De Bruyne,h,447,OpenPlay,2019,LeftFoot,12017,Manchester City,Norwich,5,0,2020-07-26 15:00:00,Eric Garcia,TakeOn
373752,45,Goal,0.789000015258789,0.6790000152587891,0.030040699988603592,Kevin De Bruyne,h,447,OpenPlay,2019,RightFoot,12017,Manchester City,Norwich,5,0,2020-07-26 15:00:00,Kyle Walker,Pass
373771,89,Goal,0.895,0.6719999694824219,0.04561470076441765,Kevin De Bruyne,h,447,OpenPlay,2019,RightFoot,12017,Manchester City,Norwich,5,0,2020-07-26 15:00:00,,Rebound
378527,10,SavedShot,0.7390000152587891,0.6170000076293946,0.049663200974464417,Kevin De Bruyne,a,447,DirectFreekick,2020,RightFoot,14105,Wolverhampton Wanderers,Manchester City,1,3,2020-09-21 19:15:00,,Standard
378529,19,Goal,0.885,0.5,0.7611690163612366,Kevin De Bruyne,a,447,Penalty,2020,RightFoot,14105,Wolverhampton Wanderers,Manchester City,1,3,2020-09-21 19:15:00,,Standard
378534,42,SavedShot,0.9030000305175782,0.6329999923706054,0.24416899681091309,Kevin De Bruyne,a,447,OpenPlay,2020,LeftFoot,14105,Wolverhampton Wanderers,Manchester City,1,3,2020-09-21 19:15:00,Gabriel Jesus,BallRecovery
378546,79,SavedShot,0.6659999847412109,0.7709999847412109,0.02316799946129322,Kevin De Bruyne,a,447,DirectFreekick,2020,RightFoot,14105,Wolverhampton Wanderers,Manchester City,1,3,2020-09-21 19:15:00,,Standard
379609,45,MissedShots,0.8290000152587891,0.6609999847412109,0.042789701372385025,Kevin De Bruyne,h,447,OpenPlay,2020,LeftFoot,14112,Manchester City,Leicester,2,5,2020-09-27 15:30:00,Riyad Mahrez,BallRecovery
379620,80,MissedShots,0.8090000152587891,0.3189999961853027,0.02435469999909401,Kevin De Bruyne,h,447,OpenPlay,2020,RightFoot,14112,Manchester City,Leicester,2,5,2020-09-27 15:30:00,Ferrán Torres,Pass
380688,2,ShotOnPost,0.735999984741211,0.845,0.025970999151468277,Kevin De Bruyne,a,447,DirectFreekick,2020,RightFoot,14469,Leeds,Manchester City,1,1,2020-10-03 16:30:00,,Standard
380689,10,BlockedShot,0.8080000305175781,0.500999984741211,0.05352260172367096,Kevin De Bruyne,a,447,OpenPlay,2020,RightFoot,14469,Leeds,Manchester City,1,1,2020-10-03 16:30:00,,BallRecovery
380695,20,BlockedShot,0.9359999847412109,0.6719999694824219,0.09194819629192352,Kevin De Bruyne,a,447,OpenPlay,2020,LeftFoot,14469,Leeds,Manchester City,1,1,2020-10-03 16:30:00,Raheem Sterling,Pass
380707,63,MissedShots,0.845,0.750999984741211,0.025921199470758438,Kevin De Bruyne,a,447,OpenPlay,2020,RightFoot,14469,Leeds,Manchester City,1,1,2020-10-03 16:30:00,Raheem Sterling,Pass
380714,79,BlockedShot,0.84,0.5370000076293945,0.0765753984451294,Kevin De Bruyne,a,447,OpenPlay,2020,RightFoot,14469,Leeds,Manchester City,1,1,2020-10-03 16:30:00,Raheem Sterling,Pass
383127,79,SavedShot,0.7559999847412109,0.6509999847412109,0.053771600127220154,Kevin De Bruyne,a,447,DirectFreekick,2020,RightFoot,14493,West Ham,Manchester City,1,1,2020-10-24 11:30:00,,Standard
384417,33,SavedShot,0.789000015258789,0.6659999847412109,0.07075800001621246,Kevin De Bruyne,a,447,DirectFreekick,2020,RightFoot,14502,Sheffield United,Manchester City,0,1,2020-10-31 12:30:00,,Standard
384423,54,MissedShots,0.8719999694824219,0.35700000762939454,0.075347900390625,Kevin De Bruyne,a,447,OpenPlay,2020,RightFoot,14502,Sheffield United,Manchester City,0,1,2020-10-31 12:30:00,,None
384428,91,BlockedShot,0.8130000305175781,0.685,0.055502600967884064,Kevin De Bruyne,a,447,OpenPlay,2020,RightFoot,14502,Sheffield United,Manchester City,0,1,2020-10-31 12:30:00,,TakeOn
386776,31,MissedShots,0.730999984741211,0.43099998474121093,0.020107800140976906,Kevin De Bruyne,h,447,OpenPlay,2020,RightFoot,14511,Manchester City,Liverpool,1,1,2020-11-08 16:30:00,Ilkay Gündogan,Pass
386778,41,MissedShots,0.885,0.5,0.7611690163612366,Kevin De Bruyne,h,447,Penalty,2020,RightFoot,14511,Manchester City,Liverpool,1,1,2020-11-08 16:30:00,,Standard
386785,56,MissedShots,0.7580000305175781,0.41,0.02234780043363571,Kevin De Bruyne,h,447,OpenPlay,2020,RightFoot,14511,Manchester City,Liverpool,1,1,2020-11-08 16:30:00,Gabriel Jesus,Pass
386787,73,BlockedShot,0.8,0.645,0.02909019961953163,Kevin De Bruyne,h,447,OpenPlay,2020,RightFoot,14511,Manchester City,Liverpool,1,1,2020-11-08 16:30:00,João Cancelo,Pass
387535,6,BlockedShot,0.835999984741211,0.6079999923706054,0.05904339998960495,Kevin De Bruyne,a,447,OpenPlay,2020,RightFoot,14523,Tottenham,Manchester City,2,0,2020-11-21 17:30:00,João Cancelo,Pass
387537,8,BlockedShot,0.8859999847412109,0.575,0.07616309821605682,Kevin De Bruyne,a,447,OpenPlay,2020,LeftFoot,14523,Tottenham,Manchester City,2,0,2020-11-21 17:30:00,,Rebound
387544,44,BlockedShot,0.759000015258789,0.6270000076293946,0.02013850025832653,Kevin De Bruyne,a,447,OpenPlay,2020,RightFoot,14523,Tottenham,Manchester City,2,0,2020-11-21 17:30:00,Ferrán Torres,Pass
387546,50,MissedShots,0.755,0.509000015258789,0.023736299946904182,Kevin De Bruyne,a,447,OpenPlay,2020,RightFoot,14523,Tottenham,Manchester City,2,0,2020-11-21 17:30:00,Rodri,Pass
387549,57,BlockedShot,0.8530000305175781,0.5740000152587891,0.08101259917020798,Kevin De Bruyne,a,447,OpenPlay,2020,LeftFoot,14523,Tottenham,Manchester City,2,0,2020-11-21 17:30:00,Gabriel Jesus,LayOff
387551,59,BlockedShot,0.8690000152587891,0.36700000762939455,0.04295039921998978,Kevin De Bruyne,a,447,OpenPlay,2020,RightFoot,14523,Tottenham,Manchester City,2,0,2020-11-21 17:30:00,Rodri,BallRecovery
388745,24,SavedShot,0.664000015258789,0.03200000047683716,0.010288700461387634,Kevin De Bruyne,h,447,OpenPlay,2020,RightFoot,14533,Manchester City,Burnley,5,0,2020-11-28 15:00:00,John Stones,Pass
388753,51,MissedShots,0.8090000152587891,0.5,0.06855370104312897,Kevin De Bruyne,h,447,OpenPlay,2020,LeftFoot,14533,Manchester City,Burnley,5,0,2020-11-28 15:00:00,Gabriel Jesus,BallRecovery
388765,89,ShotOnPost,0.9169999694824219,0.355,0.10120599716901779,Kevin De Bruyne,h,447,OpenPlay,2020,RightFoot,14533,Manchester City,Burnley,5,0,2020-11-28 15:00:00,Riyad Mahrez,Pass
390159,12,SavedShot,0.9280000305175782,0.30700000762939456,0.0806794986128807,Kevin De Bruyne,h,447,OpenPlay,2020,RightFoot,14540,Manchester City,Fulham,2,0,2020-12-05 15:00:00,Riyad Mahrez,Pass
390162,25,Goal,0.885,0.5,0.7611690163612366,Kevin De Bruyne,h,447,Penalty,2020,RightFoot,14540,Manchester City,Fulham,2,0,2020-12-05 15:00:00,,Standard
390166,49,ShotOnPost,0.8859999847412109,0.5720000076293945,0.13367000222206116,Kevin De Bruyne,h,447,OpenPlay,2020,LeftFoot,14540,Manchester City,Fulham,2,0,2020-12-05 15:00:00,Gabriel Jesus,Pass
390167,49,MissedShots,0.8530000305175781,0.534000015258789,0.05768140032887459,Kevin De Bruyne,h,447,OpenPlay,2020,RightFoot,14540,Manchester City,Fulham,2,0,2020-12-05 15:00:00,,Aerial
390168,56,SavedShot,0.89,0.5970000076293945,0.3009530007839203,Kevin De Bruyne,h,447,OpenPlay,2020,LeftFoot,14540,Manchester City,Fulham,2,0,2020-12-05 15:00:00,Riyad Mahrez,Pass
390169,64,MissedShots,0.8590000152587891,0.4,0.04827899858355522,Kevin De Bruyne,h,447,FromCorner,2020,RightFoot,14540,Manchester City,Fulham,2,0,2020-12-05 15:00:00,Riyad Mahrez,Pass
391722,34,MissedShots,0.86,0.4520000076293945,0.07244569808244705,Kevin De Bruyne,a,447,OpenPlay,2020,RightFoot,14549,Manchester United,Manchester City,0,0,2020-12-12 17:30:00,,Rebound
391729,67,BlockedShot,0.884000015258789,0.56,0.3785800039768219,Kevin De Bruyne,a,447,OpenPlay,2020,RightFoot,14549,Manchester United,Manchester City,0,0,2020-12-12 17:30:00,Gabriel Jesus,Pass
391730,80,BlockedShot,0.730999984741211,0.45099998474121095,0.051050301641225815,Kevin De Bruyne,a,447,DirectFreekick,2020,RightFoot,14549,Manchester United,Manchester City,0,0,2020-12-12 17:30:00,,Standard
392720,52,MissedShots,0.845,0.515,0.09462849795818329,Kevin De Bruyne,h,447,OpenPlay,2020,RightFoot,14564,Manchester City,West Bromwich Albion,1,1,2020-12-15 20:00:00,Ilkay Gündogan,Pass
392728,67,SavedShot,0.9569999694824218,0.345,0.08518560230731964,Kevin De Bruyne,h,447,OpenPlay,2020,RightFoot,14564,Manchester City,West Bromwich Albion,1,1,2020-12-15 20:00:00,Raheem Sterling,Pass
392732,81,BlockedShot,0.799000015258789,0.3129999923706055,0.016779599711298943,Kevin De Bruyne,h,447,OpenPlay,2020,LeftFoot,14564,Manchester City,West Bromwich Albion,1,1,2020-12-15 20:00:00,,TakeOn
392733,85,SavedShot,0.7480000305175781,0.5609999847412109,0.06081460043787956,Kevin De Bruyne,h,447,DirectFreekick,2020,RightFoot,14564,Manchester City,West Bromwich Albion,1,1,2020-12-15 20:00:00,,Standard
393980,11,BlockedShot,0.749000015258789,0.6079999923706054,0.022309500724077225,Kevin De Bruyne,a,447,OpenPlay,2020,RightFoot,14572,Southampton,Manchester City,0,1,2020-12-19 15:00:00,Ilkay Gündogan,Pass
393994,69,SavedShot,0.82,0.5640000152587891,0.07341580092906952,Kevin De Bruyne,a,447,OpenPlay,2020,RightFoot,14572,Southampton,Manchester City,0,1,2020-12-19 15:00:00,Bernardo Silva,Pass
395717,34,SavedShot,0.8959999847412109,0.3820000076293945,0.37051600217819214,Kevin De Bruyne,h,447,OpenPlay,2020,RightFoot,14581,Manchester City,Newcastle United,2,0,2020-12-26 20:00:00,Ferrán Torres,Chipped
395732,85,BlockedShot,0.8169999694824219,0.4179999923706055,0.07754159718751907,Kevin De Bruyne,h,447,OpenPlay,2020,RightFoot,14581,Manchester City,Newcastle United,2,0,2020-12-26 20:00:00,,TakeOn
396934,15,MissedShots,0.889000015258789,0.41,0.34973499178886414,Kevin De Bruyne,a,447,OpenPlay,2020,RightFoot,14603,Chelsea,Manchester City,1,3,2021-01-03 16:30:00,João Cancelo,Throughball
396943,33,Goal,0.9359999847412109,0.4229999923706055,0.5293840169906616,Kevin De Bruyne,a,447,OpenPlay,2020,RightFoot,14603,Chelsea,Manchester City,1,3,2021-01-03 16:30:00,,Rebound
396947,46,MissedShots,0.8019999694824219,0.37400001525878906,0.04562339931726456,Kevin De Bruyne,a,447,OpenPlay,2020,RightFoot,14603,Chelsea,Manchester City,1,3,2021-01-03 16:30:00,,Dispossessed
396953,61,MissedShots,0.775,0.515,0.04899450019001961,Kevin De Bruyne,a,447,OpenPlay,2020,RightFoot,14603,Chelsea,Manchester City,1,3,2021-01-03 16:30:00,Raheem Sterling,Pass
396956,82,BlockedShot,0.805,0.27899999618530275,0.06323029845952988,Kevin De Bruyne,a,447,DirectFreekick,2020,RightFoot,14603,Chelsea,Manchester City,1,3,2021-01-03 16:30:00,,Standard
398690,13,SavedShot,0.9590000152587891,0.6120000076293945,0.35846999287605286,Kevin De Bruyne,h,447,OpenPlay,2020,RightFoot,14614,Manchester City,Brighton,1,0,2021-01-13 18:00:00,Ilkay Gündogan,Pass
398692,29,BlockedShot,0.889000015258789,0.5579999923706055,0.4553380012512207,Kevin De Bruyne,h,447,SetPiece,2020,RightFoot,14614,Manchester City,Brighton,1,0,2021-01-13 18:00:00,Bernardo Silva,Pass
398693,31,BlockedShot,0.8069999694824219,0.38599998474121094,0.04117079824209213,Kevin De Bruyne,h,447,OpenPlay,2020,LeftFoot,14614,Manchester City,Brighton,1,0,2021-01-13 18:00:00,Riyad Mahrez,Pass
398695,39,SavedShot,0.894000015258789,0.34400001525878904,0.11534100025892258,Kevin De Bruyne,h,447,OpenPlay,2020,RightFoot,14614,Manchester City,Brighton,1,0,2021-01-13 18:00:00,Phil Foden,BallTouch
398705,65,SavedShot,0.825999984741211,0.48200000762939454,0.09019190073013306,Kevin De Bruyne,h,447,OpenPlay,2020,LeftFoot,14614,Manchester City,Brighton,1,0,2021-01-13 18:00:00,Riyad Mahrez,Pass
399533,22,BlockedShot,0.8159999847412109,0.38299999237060545,0.045318301767110825,Kevin De Bruyne,h,447,OpenPlay,2020,LeftFoot,14621,Manchester City,Crystal Palace,4,0,2021-01-17 19:15:00,Ilkay Gündogan,Pass
399536,22,BlockedShot,0.85,0.610999984741211,0.0391697995364666,Kevin De Bruyne,h,447,FromCorner,2020,RightFoot,14621,Manchester City,Crystal Palace,4,0,2021-01-17 19:15:00,,Tackle
399542,61,MissedShots,0.7480000305175781,0.40200000762939453,0.02068440057337284,Kevin De Bruyne,h,447,OpenPlay,2020,RightFoot,14621,Manchester City,Crystal Palace,4,0,2021-01-17 19:15:00,Gabriel Jesus,Pass
399940,7,BlockedShot,0.8219999694824218,0.654000015258789,0.04122209921479225,Kevin De Bruyne,h,447,OpenPlay,2020,RightFoot,14089,Manchester City,Aston Villa,2,0,2021-01-20 20:00:00,Phil Foden,Pass
399947,28,BlockedShot,0.815,0.5109999847412109,0.05658470094203949,Kevin De Bruyne,h,447,OpenPlay,2020,LeftFoot,14089,Manchester City,Aston Villa,2,0,2021-01-20 20:00:00,Ilkay Gündogan,Pass
399957,52,SavedShot,0.784000015258789,0.6680000305175782,0.020862899720668793,Kevin De Bruyne,h,447,OpenPlay,2020,RightFoot,14089,Manchester City,Aston Villa,2,0,2021-01-20 20:00:00,Ilkay Gündogan,Pass
406113,7,MissedShots,0.774000015258789,0.495,0.02938240021467209,Kevin De Bruyne,a,447,FromCorner,2020,RightFoot,14675,Arsenal,Manchester City,0,1,2021-02-21 16:30:00,Bernardo Silva,Pass
406120,47,MissedShots,0.8590000152587891,0.6580000305175782,0.06989020109176636,Kevin De Bruyne,a,447,OpenPlay,2020,LeftFoot,14675,Arsenal,Manchester City,0,1,2021-02-21 16:30:00,Oleksandr Zinchenko,Pass
406126,56,MissedShots,0.7859999847412109,0.5459999847412109,0.024245500564575195,Kevin De Bruyne,a,447,FromCorner,2020,RightFoot,14675,Arsenal,Manchester City,0,1,2021-02-21 16:30:00,,None
406568,55,BlockedShot,0.7269999694824218,0.4,0.013783300295472145,Kevin De Bruyne,h,447,OpenPlay,2020,RightFoot,14689,Manchester City,West Ham,2,1,2021-02-27 12:30:00,Oleksandr Zinchenko,TakeOn
406569,56,BlockedShot,0.759000015258789,0.6370000076293946,0.019794000312685966,Kevin De Bruyne,h,447,OpenPlay,2020,RightFoot,14689,Manchester City,West Ham,2,1,2021-02-27 12:30:00,Sergio Agüero,BallTouch
407732,7,BlockedShot,0.865999984741211,0.6990000152587891,0.046030499041080475,Kevin De Bruyne,h,447,OpenPlay,2020,LeftFoot,14720,Manchester City,Wolverhampton Wanderers,4,1,2021-03-02 20:00:00,,BallRecovery
407736,42,BlockedShot,0.7519999694824219,0.625999984741211,0.021039100363850594,Kevin De Bruyne,h,447,OpenPlay,2020,RightFoot,14720,Manchester City,Wolverhampton Wanderers,4,1,2021-03-02 20:00:00,João Cancelo,Pass
407740,50,SavedShot,0.9019999694824219,0.6659999847412109,0.08964720368385315,Kevin De Bruyne,h,447,OpenPlay,2020,LeftFoot,14720,Manchester City,Wolverhampton Wanderers,4,1,2021-03-02 20:00:00,Raheem Sterling,Pass
407751,70,SavedShot,0.865999984741211,0.6409999847412109,0.05607759952545166,Kevin De Bruyne,h,447,OpenPlay,2020,LeftFoot,14720,Manchester City,Wolverhampton Wanderers,4,1,2021-03-02 20:00:00,,None
409113,27,BlockedShot,0.86,0.664000015258789,0.045604199171066284,Kevin De Bruyne,h,447,OpenPlay,2020,RightFoot,14700,Manchester City,Manchester United,0,2,2021-03-07 16:30:00,Oleksandr Zinchenko,Pass
409118,42,SavedShot,0.730999984741211,0.5709999847412109,0.049729298800230026,Kevin De Bruyne,h,447,DirectFreekick,2020,RightFoot,14700,Manchester City,Manchester United,0,2,2021-03-07 16:30:00,,Standard
409132,88,MissedShots,0.8290000152587891,0.6229999923706054,0.060072701424360275,Kevin De Bruyne,h,447,OpenPlay,2020,RightFoot,14700,Manchester City,Manchester United,0,2,2021-03-07 16:30:00,Ilkay Gündogan,Pass
409134,95,BlockedShot,0.8690000152587891,0.5829999923706055,0.05524440109729767,Kevin De Bruyne,h,447,OpenPlay,2020,LeftFoot,14700,Manchester City,Manchester United,0,2,2021-03-07 16:30:00,,Rebound
409494,14,Goal,0.960999984741211,0.49,0.7178869843482971,Kevin De Bruyne,h,447,OpenPlay,2020,LeftFoot,14761,Manchester City,Southampton,5,2,2021-03-10 18:00:00,,Rebound
409507,50,SavedShot,0.9440000152587891,0.27299999237060546,0.05048409849405289,Kevin De Bruyne,h,447,OpenPlay,2020,RightFoot,14761,Manchester City,Southampton,5,2,2021-03-10 18:00:00,,None
409512,58,Goal,0.8619999694824219,0.4979999923706055,0.4719649851322174,Kevin De Bruyne,h,447,OpenPlay,2020,RightFoot,14761,Manchester City,Southampton,5,2,2021-03-10 18:00:00,Phil Foden,Pass
412756,22,ShotOnPost,0.7830000305175782,0.6630000305175782,0.06745599955320358,Kevin De Bruyne,a,447,DirectFreekick,2020,RightFoot,14730,Leicester,Manchester City,0,2,2021-04-03 16:30:00,,Standard
412759,41,MissedShots,0.754000015258789,0.5059999847412109,0.022648900747299194,Kevin De Bruyne,a,447,OpenPlay,2020,RightFoot,14730,Leicester,Manchester City,0,2,2021-04-03 16:30:00,Rodri,Pass
424074,10,Goal,0.7680000305175781,0.62,0.024200500920414925,Kevin De Bruyne,h,447,OpenPlay,2020,RightFoot,14811,Manchester City,Everton,5,0,2021-05-23 15:00:00,Riyad Mahrez,Pass
424077,22,SavedShot,0.9130000305175782,0.6990000152587891,0.05079910159111023,Kevin De Bruyne,h,447,SetPiece,2020,RightFoot,14811,Manchester City,Everton,5,0,2021-05-23 15:00:00,Gabriel Jesus,BallTouch
426454,83,SavedShot,0.7859999847412109,0.6669999694824219,0.02358339913189411,Kevin De Bruyne,a,447,OpenPlay,2021,RightFoot,16385,Tottenham,Manchester City,1,0,2021-08-15 15:30:00,Jack Grealish,Pass
431389,88,BlockedShot,0.825,0.67,0.03645730018615723,Kevin De Bruyne,h,447,OpenPlay,2021,LeftFoot,16421,Manchester City,Southampton,0,0,2021-09-18 14:00:00,Riyad Mahrez,Pass
433167,30,BlockedShot,0.825999984741211,0.5220000076293946,0.07358869910240173,Kevin De Bruyne,a,447,OpenPlay,2021,LeftFoot,16426,Chelsea,Manchester City,0,1,2021-09-25 11:30:00,Kyle Walker,Pass
433170,38,MissedShots,0.7430000305175781,0.6930000305175781,0.013914800249040127,Kevin De Bruyne,a,447,OpenPlay,2021,RightFoot,16426,Chelsea,Manchester City,0,1,2021-09-25 11:30:00,Jack Grealish,Pass
433172,47,BlockedShot,0.794000015258789,0.5459999847412109,0.032489098608493805,Kevin De Bruyne,a,447,OpenPlay,2021,RightFoot,16426,Chelsea,Manchester City,0,1,2021-09-25 11:30:00,Bernardo Silva,Pass
433179,67,BlockedShot,0.8440000152587891,0.46099998474121096,0.08477549999952316,Kevin De Bruyne,a,447,OpenPlay,2021,LeftFoot,16426,Chelsea,Manchester City,0,1,2021-09-25 11:30:00,,None
435653,23,MissedShots,0.9219999694824219,0.6769999694824219,0.12026400119066238,Kevin De Bruyne,a,447,OpenPlay,2021,LeftFoot,16441,Liverpool,Manchester City,2,2,2021-10-03 15:30:00,João Cancelo,Throughball
435654,33,MissedShots,0.9169999694824219,0.42700000762939455,0.08258020132780075,Kevin De Bruyne,a,447,OpenPlay,2021,Head,16441,Liverpool,Manchester City,2,2,2021-10-03 15:30:00,Phil Foden,Cross
435655,37,BlockedShot,0.8590000152587891,0.375,0.06337790191173553,Kevin De Bruyne,a,447,OpenPlay,2021,RightFoot,16441,Liverpool,Manchester City,2,2,2021-10-03 15:30:00,Gabriel Jesus,Pass
435656,39,BlockedShot,0.86,0.33799999237060546,0.060323700308799744,Kevin De Bruyne,a,447,OpenPlay,2021,LeftFoot,16441,Liverpool,Manchester City,2,2,2021-10-03 15:30:00,Gabriel Jesus,Pass
435664,80,Goal,0.8169999694824219,0.46700000762939453,0.04675069823861122,Kevin De Bruyne,a,447,OpenPlay,2021,LeftFoot,16441,Liverpool,Manchester City,2,2,2021-10-03 15:30:00,,None
436271,69,Goal,0.8780000305175781,0.39299999237060546,0.09160009771585464,Kevin De Bruyne,h,447,OpenPlay,2021,LeftFoot,16451,Manchester City,Burnley,2,0,2021-10-16 14:00:00,,None
439665,47,BlockedShot,0.89,0.265,0.03206780180335045,Kevin De Bruyne,h,447,OpenPlay,2021,RightFoot,16470,Manchester City,Crystal Palace,0,2,2021-10-30 14:00:00,Jack Grealish,Pass
440823,6,BlockedShot,0.775,0.38,0.02320379950106144,Kevin De Bruyne,a,447,OpenPlay,2021,LeftFoot,16483,Manchester United,Manchester City,0,2,2021-11-06 12:30:00,Gabriel Jesus,Pass
440828,28,BlockedShot,0.8869999694824219,0.5359999847412109,0.40555500984191895,Kevin De Bruyne,a,447,OpenPlay,2021,LeftFoot,16483,Manchester United,Manchester City,0,2,2021-11-06 12:30:00,Phil Foden,Pass
440832,33,SavedShot,0.9030000305175782,0.32799999237060545,0.0871874988079071,Kevin De Bruyne,a,447,OpenPlay,2021,RightFoot,16483,Manchester United,Manchester City,0,2,2021-11-06 12:30:00,Gabriel Jesus,Pass
440838,75,MissedShots,0.8780000305175781,0.37099998474121093,0.047854598611593246,Kevin De Bruyne,a,447,OpenPlay,2021,RightFoot,16483,Manchester United,Manchester City,0,2,2021-11-06 12:30:00,,Aerial
446413,88,MissedShots,0.8019999694824219,0.40200000762939453,0.05507630109786987,Kevin De Bruyne,a,447,OpenPlay,2021,RightFoot,16523,Watford,Manchester City,1,3,2021-12-04 17:30:00,Riyad Mahrez,Pass
448914,11,BlockedShot,0.8030000305175782,0.5070000076293946,0.06374070048332214,Kevin De Bruyne,h,447,OpenPlay,2021,RightFoot,16545,Manchester City,Leeds,7,0,2021-12-14 20:00:00,Rodri,Pass
448918,18,MissedShots,0.955999984741211,0.415,0.13821299374103546,Kevin De Bruyne,h,447,OpenPlay,2021,LeftFoot,16545,Manchester City,Leeds,7,0,2021-12-14 20:00:00,Riyad Mahrez,Cross
448919,27,SavedShot,0.7919999694824219,0.524000015258789,0.04440930113196373,Kevin De Bruyne,h,447,OpenPlay,2021,RightFoot,16545,Manchester City,Leeds,7,0,2021-12-14 20:00:00,Phil Foden,Pass
448920,31,Goal,0.935,0.674000015258789,0.12824000418186188,Kevin De Bruyne,h,447,OpenPlay,2021,LeftFoot,16545,Manchester City,Leeds,7,0,2021-12-14 20:00:00,Rodri,Throughball
448923,45,MissedShots,0.8180000305175781,0.610999984741211,0.07114569842815399,Kevin De Bruyne,h,447,OpenPlay,2021,LeftFoot,16545,Manchester City,Leeds,7,0,2021-12-14 20:00:00,Phil Foden,Pass
448926,49,BlockedShot,0.909000015258789,0.2879999923706055,0.06518930196762085,Kevin De Bruyne,h,447,OpenPlay,2021,RightFoot,16545,Manchester City,Leeds,7,0,2021-12-14 20:00:00,Rodri,Pass
448931,61,Goal,0.7519999694824219,0.49400001525878906,0.03186320140957832,Kevin De Bruyne,h,447,OpenPlay,2021,RightFoot,16545,Manchester City,Leeds,7,0,2021-12-14 20:00:00,Ilkay Gündogan,Pass
448941,87,SavedShot,0.6969999694824218,0.6809999847412109,0.03036849945783615,Kevin De Bruyne,h,447,DirectFreekick,2021,RightFoot,16545,Manchester City,Leeds,7,0,2021-12-14 20:00:00,,Standard
448945,92,MissedShots,0.7909999847412109,0.5479999923706055,0.04796779900789261,Kevin De Bruyne,h,447,OpenPlay,2021,RightFoot,16545,Manchester City,Leeds,7,0,2021-12-14 20:00:00,Riyad Mahrez,Pass
449745,50,BlockedShot,0.8419999694824218,0.5640000152587891,0.1045600026845932,Kevin De Bruyne,a,447,OpenPlay,2021,LeftFoot,16550,Newcastle United,Manchester City,0,4,2021-12-19 14:15:00,Gabriel Jesus,Pass
450592,3,BlockedShot,0.860999984741211,0.305,0.03425149992108345,Kevin De Bruyne,h,447,OpenPlay,2021,RightFoot,16560,Manchester City,Leicester,6,3,2021-12-26 15:00:00,Bernardo Silva,Pass
450593,4,Goal,0.8590000152587891,0.44099998474121094,0.07974199950695038,Kevin De Bruyne,h,447,OpenPlay,2021,LeftFoot,16560,Manchester City,Leicester,6,3,2021-12-26 15:00:00,Fernandinho,Chipped
450602,28,BlockedShot,0.8059999847412109,0.295,0.030378900468349457,Kevin De Bruyne,h,447,OpenPlay,2021,LeftFoot,16560,Manchester City,Leicester,6,3,2021-12-26 15:00:00,,BallTouch
450875,47,SavedShot,0.73,0.48700000762939455,0.022381899878382683,Kevin De Bruyne,a,447,OpenPlay,2021,LeftFoot,16567,Brentford,Manchester City,0,1,2021-12-29 20:15:00,Fernandinho,Pass
450877,65,ShotOnPost,0.7859999847412109,0.6759999847412109,0.02401839941740036,Kevin De Bruyne,a,447,OpenPlay,2021,RightFoot,16567,Brentford,Manchester City,0,1,2021-12-29 20:15:00,Bernardo Silva,Pass
450878,65,MissedShots,0.899000015258789,0.7419999694824219,0.050157900899648666,Kevin De Bruyne,a,447,OpenPlay,2021,RightFoot,16567,Brentford,Manchester City,0,1,2021-12-29 20:15:00,,None
450879,67,MissedShots,0.6719999694824219,0.629000015258789,0.010951800271868706,Kevin De Bruyne,a,447,OpenPlay,2021,RightFoot,16567,Brentford,Manchester City,0,1,2021-12-29 20:15:00,Jack Grealish,Pass
450944,18,MissedShots,0.8130000305175781,0.6990000152587891,0.021259399130940437,Kevin De Bruyne,a,447,OpenPlay,2021,RightFoot,16576,Arsenal,Manchester City,1,2,2022-01-01 12:30:00,Gabriel Jesus,Pass
453045,23,SavedShot,0.95,0.6990000152587891,0.06160540133714676,Kevin De Bruyne,h,447,OpenPlay,2021,LeftFoot,16590,Manchester City,Chelsea,1,0,2022-01-15 12:30:00,Jack Grealish,Pass
453047,42,MissedShots,0.9130000305175782,0.674000015258789,0.06490539759397507,Kevin De Bruyne,h,447,OpenPlay,2021,LeftFoot,16590,Manchester City,Chelsea,1,0,2022-01-15 12:30:00,Jack Grealish,Pass
453052,62,SavedShot,0.7719999694824219,0.7580000305175781,0.04139700159430504,Kevin De Bruyne,h,447,DirectFreekick,2021,RightFoot,16590,Manchester City,Chelsea,1,0,2022-01-15 12:30:00,,Standard
453054,69,Goal,0.7469999694824219,0.6329999923706054,0.01683090068399906,Kevin De Bruyne,h,447,OpenPlay,2021,RightFoot,16590,Manchester City,Chelsea,1,0,2022-01-15 12:30:00,João Cancelo,TakeOn
454768,39,BlockedShot,0.8090000152587891,0.6,0.03807489946484566,Kevin De Bruyne,a,447,OpenPlay,2021,RightFoot,16604,Southampton,Manchester City,1,1,2022-01-22 17:30:00,,None
454784,69,ShotOnPost,0.745999984741211,0.5029999923706054,0.02007180079817772,Kevin De Bruyne,a,447,OpenPlay,2021,RightFoot,16604,Southampton,Manchester City,1,1,2022-01-22 17:30:00,,None
454788,87,MissedShots,0.745,0.500999984741211,0.026865599676966667,Kevin De Bruyne,a,447,FromCorner,2021,RightFoot,16604,Southampton,Manchester City,1,1,2022-01-22 17:30:00,Jack Grealish,Pass
454789,95,SavedShot,0.9680000305175781,0.3240000152587891,0.05521409958600998,Kevin De Bruyne,a,447,OpenPlay,2021,RightFoot,16604,Southampton,Manchester City,1,1,2022-01-22 17:30:00,,None
456653,68,Goal,0.8480000305175781,0.345,0.0497175008058548,Kevin De Bruyne,h,447,OpenPlay,2021,RightFoot,16615,Manchester City,Brentford,2,0,2022-02-09 19:45:00,,Rebound
460009,28,SavedShot,0.7480000305175781,0.5209999847412109,0.02327119931578636,Kevin De Bruyne,a,447,OpenPlay,2021,LeftFoot,16641,Everton,Manchester City,0,1,2022-02-26 17:30:00,John Stones,Pass
460019,67,SavedShot,0.8059999847412109,0.5629999923706055,0.04873780161142349,Kevin De Bruyne,a,447,OpenPlay,2021,RightFoot,16641,Everton,Manchester City,0,1,2022-02-26 17:30:00,Ilkay Gündogan,Pass
461794,4,Goal,0.91,0.5329999923706055,0.11338800191879272,Kevin De Bruyne,h,447,OpenPlay,2021,LeftFoot,16650,Manchester City,Manchester United,4,1,2022-03-06 16:30:00,Bernardo Silva,Cross
461796,15,BlockedShot,0.8490000152587891,0.41,0.07947859913110733,Kevin De Bruyne,h,447,OpenPlay,2021,RightFoot,16650,Manchester City,Manchester United,4,1,2022-03-06 16:30:00,,None
461797,16,SavedShot,0.9269999694824219,0.6759999847412109,0.10487700253725052,Kevin De Bruyne,h,447,OpenPlay,2021,LeftFoot,16650,Manchester City,Manchester United,4,1,2022-03-06 16:30:00,Rodri,TakeOn
461803,27,Goal,0.93,0.5020000076293946,0.5623019933700562,Kevin De Bruyne,h,447,OpenPlay,2021,RightFoot,16650,Manchester City,Manchester United,4,1,2022-03-06 16:30:00,,Rebound
461809,47,BlockedShot,0.895,0.6659999847412109,0.0703819990158081,Kevin De Bruyne,h,447,OpenPlay,2021,RightFoot,16650,Manchester City,Manchester United,4,1,2022-03-06 16:30:00,Bernardo Silva,Pass
461814,61,SavedShot,0.7869999694824219,0.575999984741211,0.09562890231609344,Kevin De Bruyne,h,447,DirectFreekick,2021,RightFoot,16650,Manchester City,Manchester United,4,1,2022-03-06 16:30:00,,Standard
463499,13,SavedShot,0.749000015258789,0.39,0.019307099282741547,Kevin De Bruyne,a,447,OpenPlay,2021,LeftFoot,16660,Crystal Palace,Manchester City,0,0,2022-03-14 20:00:00,Bernardo Silva,Pass
463503,25,SavedShot,0.9540000152587891,0.6329999923706054,0.07673320174217224,Kevin De Bruyne,a,447,OpenPlay,2021,RightFoot,16660,Crystal Palace,Manchester City,0,0,2022-03-14 20:00:00,João Cancelo,Chipped
465213,4,Goal,0.9009999847412109,0.3990000152587891,0.11383099853992462,Kevin De Bruyne,a,447,OpenPlay,2021,RightFoot,16684,Burnley,Manchester City,0,2,2022-04-02 14:00:00,Raheem Sterling,Pass
467481,4,Goal,0.775,0.654000015258789,0.02157519944012165,Kevin De Bruyne,h,447,SetPiece,2021,LeftFoot,16690,Manchester City,Liverpool,2,2,2022-04-10 15:30:00,Bernardo Silva,Pass
467486,28,MissedShots,0.899000015258789,0.649000015258789,0.06316419690847397,Kevin De Bruyne,h,447,OpenPlay,2021,RightFoot,16690,Manchester City,Liverpool,2,2,2022-04-10 15:30:00,,None
469540,25,MissedShots,0.7390000152587891,0.580999984741211,0.020627999678254128,Kevin De Bruyne,h,447,OpenPlay,2021,RightFoot,16670,Manchester City,Brighton,3,0,2022-04-20 19:00:00,Phil Foden,Pass
469549,60,SavedShot,0.754000015258789,0.3659999847412109,0.023043200373649597,Kevin De Bruyne,h,447,OpenPlay,2021,LeftFoot,16670,Manchester City,Brighton,3,0,2022-04-20 19:00:00,Riyad Mahrez,Pass
469552,69,BlockedShot,0.7630000305175781,0.6819999694824219,0.02802339941263199,Kevin De Bruyne,h,447,OpenPlay,2021,RightFoot,16670,Manchester City,Brighton,3,0,2022-04-20 19:00:00,João Cancelo,Pass
469993,17,BlockedShot,0.879000015258789,0.735,0.04621649906039238,Kevin De Bruyne,h,447,OpenPlay,2021,RightFoot,16707,Manchester City,Watford,5,1,2022-04-23 14:00:00,Rodri,Pass
474276,5,MissedShots,0.799000015258789,0.7630000305175781,0.049125898629426956,Kevin De Bruyne,h,447,DirectFreekick,2021,RightFoot,16727,Manchester City,Newcastle United,5,0,2022-05-08 15:30:00,,Standard
475273,6,Goal,0.9,0.65,0.3258109986782074,Kevin De Bruyne,a,447,OpenPlay,2021,LeftFoot,16696,Wolverhampton Wanderers,Manchester City,1,5,2022-05-11 19:15:00,Bernardo Silva,Throughball
475277,15,Goal,0.8780000305175781,0.555,0.08470109850168228,Kevin De Bruyne,a,447,OpenPlay,2021,LeftFoot,16696,Wolverhampton Wanderers,Manchester City,1,5,2022-05-11 19:15:00,,None
475278,23,Goal,0.799000015258789,0.405,0.05210369825363159,Kevin De Bruyne,a,447,OpenPlay,2021,LeftFoot,16696,Wolverhampton Wanderers,Manchester City,1,5,2022-05-11 19:15:00,Raheem Sterling,None
475282,44,MissedShots,0.7969999694824219,0.44299999237060544,0.058982301503419876,Kevin De Bruyne,a,447,OpenPlay,2021,RightFoot,16696,Wolverhampton Wanderers,Manchester City,1,5,2022-05-11 19:15:00,Bernardo Silva,Pass
475283,59,Goal,0.8909999847412109,0.45299999237060545,0.5055630207061768,Kevin De Bruyne,a,447,OpenPlay,2021,RightFoot,16696,Wolverhampton Wanderers,Manchester City,1,5,2022-05-11 19:15:00,,None
475293,88,ShotOnPost,0.8619999694824219,0.38799999237060545,0.10142199695110321,Kevin De Bruyne,a,447,OpenPlay,2021,LeftFoot,16696,Wolverhampton Wanderers,Manchester City,1,5,2022-05-11 19:15:00,Riyad Mahrez,Pass
476421,5,BlockedShot,0.8019999694824219,0.715,0.018139900639653206,Kevin De Bruyne,a,447,OpenPlay,2021,RightFoot,16737,West Ham,Manchester City,2,2,2022-05-15 13:00:00,Jack Grealish,Pass
476433,44,SavedShot,0.879000015258789,0.8330000305175781,0.05150289833545685,Kevin De Bruyne,a,447,DirectFreekick,2021,RightFoot,16737,West Ham,Manchester City,2,2,2022-05-15 13:00:00,,Standard
476440,59,MissedShots,0.784000015258789,0.745,0.04784030094742775,Kevin De Bruyne,a,447,DirectFreekick,2021,RightFoot,16737,West Ham,Manchester City,2,2,2022-05-15 13:00:00,,Standard
476443,65,BlockedShot,0.9540000152587891,0.32799999237060545,0.05155859887599945,Kevin De Bruyne,a,447,OpenPlay,2021,RightFoot,16737,West Ham,Manchester City,2,2,2022-05-15 13:00:00,,None
477940,43,BlockedShot,0.9680000305175781,0.34700000762939454,0.05484690144658089,Kevin De Bruyne,h,447,OpenPlay,2021,LeftFoot,16754,Manchester City,Aston Villa,3,2,2022-05-22 15:00:00,Gabriel Jesus,None
477944,47,MissedShots,0.8980000305175782,0.425,0.05072680115699768,Kevin De Bruyne,h,447,OpenPlay,2021,RightFoot,16754,Manchester City,Aston Villa,3,2,2022-05-22 15:00:00,,Aerial
477950,67,MissedShots,0.7919999694824219,0.735,0.05326959863305092,Kevin De Bruyne,h,447,DirectFreekick,2021,RightFoot,16754,Manchester City,Aston Villa,3,2,2022-05-22 15:00:00,,Standard
477953,72,MissedShots,0.8580000305175781,0.5220000076293946,0.13904300332069397,Kevin De Bruyne,h,447,OpenPlay,2021,RightFoot,16754,Manchester City,Aston Villa,3,2,2022-05-22 15:00:00,Raheem Sterling,Pass
477959,80,MissedShots,0.9030000305175782,0.27399999618530274,0.04056769981980324,Kevin De Bruyne,h,447,OpenPlay,2021,RightFoot,16754,Manchester City,Aston Villa,3,2,2022-05-22 15:00:00,,None
479844,8,BlockedShot,0.7659999847412109,0.3370000076293945,0.012449299916625023,Kevin De Bruyne,a,447,OpenPlay,2022,LeftFoot,18211,West Ham,Manchester City,0,2,2022-08-07 15:30:00,Phil Foden,HeadPass
479845,13,MissedShots,0.840999984741211,0.3920000076293945,0.07036030292510986,Kevin De Bruyne,a,447,OpenPlay,2022,RightFoot,18211,West Ham,Manchester City,0,2,2022-08-07 15:30:00,João Cancelo,Pass
480309,8,BlockedShot,0.7519999694824219,0.6990000152587891,0.015573999844491482,Kevin De Bruyne,h,447,OpenPlay,2022,RightFoot,18214,Manchester City,Bournemouth,4,0,2022-08-13 14:00:00,Ilkay Gündogan,TakeOn
480315,30,Goal,0.8680000305175781,0.355,0.08257029950618744,Kevin De Bruyne,h,447,OpenPlay,2022,RightFoot,18214,Manchester City,Bournemouth,4,0,2022-08-13 14:00:00,Phil Foden,Pass
480319,54,SavedShot,0.9259999847412109,0.28700000762939454,0.0762438029050827,Kevin De Bruyne,h,447,OpenPlay,2022,RightFoot,18214,Manchester City,Bournemouth,4,0,2022-08-13 14:00:00,Ilkay Gündogan,Pass
480321,57,MissedShots,0.81,0.63,0.04545750096440315,Kevin De Bruyne,h,447,OpenPlay,2022,RightFoot,18214,Manchester City,Bournemouth,4,0,2022-08-13 14:00:00,Jack Grealish,Pass
482562,9,SavedShot,0.93,0.3139999961853027,0.2828949987888336,Kevin De Bruyne,a,447,OpenPlay,2022,RightFoot,18230,Newcastle United,Manchester City,3,3,2022-08-21 15:30:00,Erling Haaland,Pass
482565,19,SavedShot,0.7580000305175781,0.39099998474121095,0.06186579912900925,Kevin De Bruyne,a,447,DirectFreekick,2022,RightFoot,18230,Newcastle United,Manchester City,3,3,2022-08-21 15:30:00,,Standard
482584,65,MissedShots,0.7609999847412109,0.47200000762939454,0.022128799930214882,Kevin De Bruyne,a,447,OpenPlay,2022,LeftFoot,18230,Newcastle United,Manchester City,3,3,2022-08-21 15:30:00,Bernardo Silva,Pass
483633,43,BlockedShot,0.750999984741211,0.5220000076293946,0.01909790001809597,Kevin De Bruyne,h,447,OpenPlay,2022,RightFoot,18237,Manchester City,Crystal Palace,4,2,2022-08-27 14:00:00,,BallRecovery
483634,43,BlockedShot,0.805,0.5529999923706055,0.02476329915225506,Kevin De Bruyne,h,447,OpenPlay,2022,LeftFoot,18237,Manchester City,Crystal Palace,4,2,2022-08-27 14:00:00,,Rebound
483638,69,BlockedShot,0.7580000305175781,0.28600000381469726,0.013329899869859219,Kevin De Bruyne,h,447,OpenPlay,2022,LeftFoot,18237,Manchester City,Crystal Palace,4,2,2022-08-27 14:00:00,Bernardo Silva,Pass
485215,88,SavedShot,0.9169999694824219,0.34299999237060547,0.4143509864807129,Kevin De Bruyne,h,447,OpenPlay,2022,RightFoot,18246,Manchester City,Nottingham Forest,6,0,2022-08-31 18:30:00,Julián Álvarez,Throughball
486137,8,MissedShots,0.7530000305175781,0.4209999847412109,0.022868599742650986,Kevin De Bruyne,a,447,OpenPlay,2022,RightFoot,18258,Aston Villa,Manchester City,1,1,2022-09-03 16:30:00,Ilkay Gündogan,Pass
486145,66,ShotOnPost,0.799000015258789,0.49599998474121093,0.12742699682712555,Kevin De Bruyne,a,447,DirectFreekick,2022,RightFoot,18258,Aston Villa,Manchester City,1,1,2022-09-03 16:30:00,,Standard
486147,69,BlockedShot,0.715999984741211,0.6270000076293946,0.017929699271917343,Kevin De Bruyne,a,447,OpenPlay,2022,RightFoot,18258,Aston Villa,Manchester City,1,1,2022-09-03 16:30:00,Kyle Walker,Pass
486148,70,MissedShots,0.914000015258789,0.590999984741211,0.43991801142692566,Kevin De Bruyne,a,447,OpenPlay,2022,RightFoot,18258,Aston Villa,Manchester City,1,1,2022-09-03 16:30:00,Erling Haaland,Pass
488559,43,BlockedShot,0.755,0.49599998474121093,0.027442799881100655,Kevin De Bruyne,a,447,OpenPlay,2022,LeftFoot,18274,Wolverhampton Wanderers,Manchester City,0,3,2022-09-17 11:30:00,Jack Grealish,Pass
488560,46,MissedShots,0.7619999694824219,0.6530000305175782,0.029251499101519585,Kevin De Bruyne,a,447,OpenPlay,2022,RightFoot,18274,Wolverhampton Wanderers,Manchester City,0,3,2022-09-17 11:30:00,Phil Foden,Chipped
490631,2,SavedShot,0.9059999847412109,0.4470000076293945,0.1231359988451004,Kevin De Bruyne,h,447,OpenPlay,2022,RightFoot,18289,Manchester City,Manchester United,6,3,2022-10-02 13:00:00,,Rebound
490637,28,MissedShots,0.7930000305175782,0.644000015258789,0.032147299498319626,Kevin De Bruyne,h,447,OpenPlay,2022,RightFoot,18289,Manchester City,Manchester United,6,3,2022-10-02 13:00:00,Jack Grealish,Pass
490642,31,SavedShot,0.740999984741211,0.5720000076293945,0.021319199353456497,Kevin De Bruyne,h,447,OpenPlay,2022,RightFoot,18289,Manchester City,Manchester United,6,3,2022-10-02 13:00:00,Jack Grealish,Pass
493834,19,BlockedShot,0.765,0.49,0.025913499295711517,Kevin De Bruyne,a,447,OpenPlay,2022,RightFoot,18307,Liverpool,Manchester City,1,0,2022-10-16 15:30:00,,None
495018,31,BlockedShot,0.8619999694824219,0.5579999923706055,0.10414499789476395,Kevin De Bruyne,h,447,OpenPlay,2022,LeftFoot,18326,Manchester City,Brighton,3,1,2022-10-22 14:00:00,Jack Grealish,Pass
495031,74,Goal,0.7580000305175781,0.43900001525878907,0.030239500105381012,Kevin De Bruyne,h,447,OpenPlay,2022,RightFoot,18326,Manchester City,Brighton,3,1,2022-10-22 14:00:00,Bernardo Silva,Pass
496248,13,MissedShots,0.8180000305175781,0.6580000305175782,0.034548599272966385,Kevin De Bruyne,a,447,OpenPlay,2022,LeftFoot,18338,Leicester,Manchester City,0,1,2022-10-29 11:30:00,,None
496252,25,BlockedShot,0.7390000152587891,0.47700000762939454,0.018722599372267723,Kevin De Bruyne,a,447,OpenPlay,2022,RightFoot,18338,Leicester,Manchester City,0,1,2022-10-29 11:30:00,Jack Grealish,Pass
496253,27,SavedShot,0.745,0.47400001525878904,0.020135600119829178,Kevin De Bruyne,a,447,OpenPlay,2022,LeftFoot,18338,Leicester,Manchester City,0,1,2022-10-29 11:30:00,Rodri,Pass
496259,48,Goal,0.7319999694824219,0.5890000152587891,0.048865899443626404,Kevin De Bruyne,a,447,DirectFreekick,2022,RightFoot,18338,Leicester,Manchester City,0,1,2022-10-29 11:30:00,,Standard
496263,54,BlockedShot,0.769000015258789,0.615,0.03200159966945648,Kevin De Bruyne,a,447,OpenPlay,2022,LeftFoot,18338,Leicester,Manchester City,0,1,2022-10-29 11:30:00,Ilkay Gündogan,Pass
498055,8,SavedShot,0.72,0.5409999847412109,0.017323199659585953,Kevin De Bruyne,h,447,OpenPlay,2022,RightFoot,18346,Manchester City,Fulham,2,1,2022-11-05 15:00:00,Ilkay Gündogan,Pass
498066,63,MissedShots,0.725999984741211,0.755,0.03082370012998581,Kevin De Bruyne,h,447,DirectFreekick,2022,RightFoot,18346,Manchester City,Fulham,2,1,2022-11-05 15:00:00,,Standard
499892,12,BlockedShot,0.8580000305175781,0.629000015258789,0.10258699953556061,Kevin De Bruyne,h,447,OpenPlay,2022,LeftFoot,18356,Manchester City,Brentford,1,2,2022-11-12 12:30:00,Phil Foden,Pass
499916,82,SavedShot,0.795,0.26600000381469724,0.019717099145054817,Kevin De Bruyne,h,447,OpenPlay,2022,LeftFoot,18356,Manchester City,Brentford,1,2,2022-11-12 12:30:00,John Stones,Pass
501274,5,MissedShots,0.8209999847412109,0.3679999923706055,0.03925130143761635,Kevin De Bruyne,a,447,OpenPlay,2022,RightFoot,18368,Leeds,Manchester City,1,3,2022-12-28 20:00:00,Rico Lewis,Pass
501289,46,MissedShots,0.620999984741211,0.025999999046325682,0.00971728004515171,Kevin De Bruyne,a,447,OpenPlay,2022,RightFoot,18368,Leeds,Manchester City,1,3,2022-12-28 20:00:00,Rodri,Chipped
501298,74,SavedShot,0.8130000305175781,0.4570000076293945,0.07923579961061478,Kevin De Bruyne,a,447,OpenPlay,2022,RightFoot,18368,Leeds,Manchester City,1,3,2022-12-28 20:00:00,Riyad Mahrez,Pass
501724,25,BlockedShot,0.730999984741211,0.500999984741211,0.02499449998140335,Kevin De Bruyne,h,447,OpenPlay,2022,RightFoot,18376,Manchester City,Everton,1,1,2022-12-31 15:00:00,Nathan Aké,Pass
501731,81,MissedShots,0.815,0.4420000076293945,0.054173801094293594,Kevin De Bruyne,h,447,OpenPlay,2022,RightFoot,18376,Manchester City,Everton,1,1,2022-12-31 15:00:00,Riyad Mahrez,Pass
501732,81,BlockedShot,0.8590000152587891,0.5070000076293946,0.11404900252819061,Kevin De Bruyne,h,447,OpenPlay,2022,LeftFoot,18376,Manchester City,Everton,1,1,2022-12-31 15:00:00,Rodri,LayOff
501735,94,SavedShot,0.9080000305175782,0.27899999618530275,0.049570199102163315,Kevin De Bruyne,h,447,OpenPlay,2022,RightFoot,18376,Manchester City,Everton,1,1,2022-12-31 15:00:00,Riyad Mahrez,Pass
502601,43,SavedShot,0.755,0.624000015258789,0.022160900756716728,Kevin De Bruyne,a,447,OpenPlay,2022,LeftFoot,18385,Chelsea,Manchester City,0,1,2023-01-05 20:00:00,Ilkay Gündogan,Pass
502603,45,BlockedShot,0.7880000305175782,0.645,0.025248300284147263,Kevin De Bruyne,a,447,OpenPlay,2022,LeftFoot,18385,Chelsea,Manchester City,0,1,2023-01-05 20:00:00,Erling Haaland,Pass
502607,51,SavedShot,0.8130000305175781,0.3579999923706055,0.03939490020275116,Kevin De Bruyne,a,447,OpenPlay,2022,LeftFoot,18385,Chelsea,Manchester City,0,1,2023-01-05 20:00:00,,BallRecovery
502609,58,MissedShots,0.8569999694824219,0.34200000762939453,0.05126029998064041,Kevin De Bruyne,a,447,OpenPlay,2022,RightFoot,18385,Chelsea,Manchester City,0,1,2023-01-05 20:00:00,Bernardo Silva,Pass
507761,64,MissedShots,0.8209999847412109,0.575999984741211,0.04077399894595146,Kevin De Bruyne,a,447,FromCorner,2022,RightFoot,18420,Tottenham,Manchester City,1,0,2023-02-05 16:30:00,Manuel Akanji,Pass
507769,88,BlockedShot,0.7169999694824218,0.6020000076293945,0.04114510118961334,Kevin De Bruyne,a,447,DirectFreekick,2022,RightFoot,18420,Tottenham,Manchester City,1,0,2023-02-05 16:30:00,,Standard
509278,23,Goal,0.7809999847412109,0.705999984741211,0.2486650049686432,Kevin De Bruyne,a,447,OpenPlay,2022,LeftFoot,18312,Arsenal,Manchester City,1,3,2023-02-15 18:30:00,,BallRecovery
509760,15,BlockedShot,0.7380000305175781,0.64,0.046497199684381485,Kevin De Bruyne,a,447,DirectFreekick,2022,RightFoot,18439,Nottingham Forest,Manchester City,1,1,2023-02-18 15:00:00,,Standard
509762,24,MissedShots,0.7619999694824219,0.7330000305175781,0.013576200231909752,Kevin De Bruyne,a,447,OpenPlay,2022,RightFoot,18439,Nottingham Forest,Manchester City,1,1,2023-02-18 15:00:00,Jack Grealish,Pass
509764,27,MissedShots,0.78,0.6270000076293946,0.017712600529193878,Kevin De Bruyne,a,447,SetPiece,2022,RightFoot,18439,Nottingham Forest,Manchester City,1,1,2023-02-18 15:00:00,,None
509769,50,MissedShots,0.75,0.4,0.02357649989426136,Kevin De Bruyne,a,447,OpenPlay,2022,LeftFoot,18439,Nottingham Forest,Manchester City,1,1,2023-02-18 15:00:00,Phil Foden,Pass
509773,55,SavedShot,0.825999984741211,0.695,0.035003598779439926,Kevin De Bruyne,a,447,OpenPlay,2022,RightFoot,18439,Nottingham Forest,Manchester City,1,1,2023-02-18 15:00:00,Jack Grealish,Pass
509774,61,MissedShots,0.8069999694824219,0.36900001525878906,0.046305101364851,Kevin De Bruyne,a,447,OpenPlay,2022,RightFoot,18439,Nottingham Forest,Manchester City,1,1,2023-02-18 15:00:00,Rodri,Pass
509780,82,MissedShots,0.8280000305175781,0.519000015258789,0.07672999799251556,Kevin De Bruyne,a,447,OpenPlay,2022,RightFoot,18439,Nottingham Forest,Manchester City,1,1,2023-02-18 15:00:00,Jack Grealish,Pass
511875,11,MissedShots,0.78,0.5729999923706055,0.08779600262641907,Kevin De Bruyne,h,447,DirectFreekick,2022,RightFoot,18458,Manchester City,Newcastle United,2,0,2023-03-04 12:30:00,,Standard
511878,26,BlockedShot,0.8109999847412109,0.4909999847412109,0.07349979877471924,Kevin De Bruyne,h,447,OpenPlay,2022,RightFoot,18458,Manchester City,Newcastle United,2,0,2023-03-04 12:30:00,Jack Grealish,Pass
516067,45,Goal,0.9269999694824219,0.5220000076293946,0.5385559797286987,Kevin De Bruyne,h,447,OpenPlay,2022,LeftFoot,18488,Manchester City,Liverpool,4,1,2023-04-01 11:30:00,Riyad Mahrez,Pass
518228,52,BlockedShot,0.7880000305175782,0.625,0.03267959877848625,Kevin De Bruyne,a,447,OpenPlay,2022,RightFoot,18499,Southampton,Manchester City,1,4,2023-04-08 16:30:00,Jack Grealish,Pass
519654,40,MissedShots,0.7909999847412109,0.3139999961853027,0.024135200306773186,Kevin De Bruyne,h,447,OpenPlay,2022,RightFoot,18506,Manchester City,Leicester,3,1,2023-04-15 16:30:00,,None
522166,6,Goal,0.785,0.39299999237060546,0.03065132349729538,Kevin De Bruyne,h,447,OpenPlay,2022,RightFoot,18531,Manchester City,Arsenal,4,1,2023-04-26 19:00:00,Erling Haaland,Pass
522169,25,BlockedShot,0.879000015258789,0.5509999847412109,0.19255094230175018,Kevin De Bruyne,h,447,OpenPlay,2022,LeftFoot,18531,Manchester City,Arsenal,4,1,2023-04-26 19:00:00,Erling Haaland,TakeOn
522176,45,MissedShots,0.9019999694824219,0.3039999961853027,0.0871817022562027,Kevin De Bruyne,h,447,OpenPlay,2022,RightFoot,18531,Manchester City,Arsenal,4,1,2023-04-26 19:00:00,Bernardo Silva,Chipped
522180,53,Goal,0.8930000305175781,0.64,0.09918009489774704,Kevin De Bruyne,h,447,OpenPlay,2022,RightFoot,18531,Manchester City,Arsenal,4,1,2023-04-26 19:00:00,Erling Haaland,Pass
524646,11,BlockedShot,0.7959999847412109,0.3559999847412109,0.025453295558691025,Kevin De Bruyne,h,447,OpenPlay,2022,RightFoot,18546,Manchester City,Leeds,2,1,2023-05-06 14:00:00,Riyad Mahrez,Pass
531930,5,MissedShots,0.7190000152587891,0.3890000152587891,0.01889444887638092,Kevin De Bruyne,a,447,OpenPlay,2023,RightFoot,22275,Burnley,Manchester City,0,3,2023-08-11 19:00:00,Phil Foden,Pass
558230,69,BlockedShot,0.8119999694824219,0.34900001525878904,0.09696456789970398,Kevin De Bruyne,a,447,DirectFreekick,2023,RightFoot,22100,Newcastle United,Manchester City,2,3,2024-01-13 17:30:00,,Standard
558234,73,Goal,0.8030000305175782,0.47200000762939454,0.04277708753943443,Kevin De Bruyne,a,447,OpenPlay,2023,RightFoot,22100,Newcastle United,Manchester City,2,3,2024-01-13 17:30:00,Rodri,Pass
560689,6,BlockedShot,0.750999984741211,0.72,0.04077008366584778,Kevin De Bruyne,h,447,DirectFreekick,2023,RightFoot,22114,Manchester City,Burnley,3,1,2024-01-31 19:30:00,,Standard
560693,17,BlockedShot,0.7709999847412109,0.6869999694824219,0.02028324082493782,Kevin De Bruyne,h,447,OpenPlay,2023,RightFoot,22114,Manchester City,Burnley,3,1,2024-01-31 19:30:00,Jéremy Doku,Pass
560705,69,MissedShots,0.8390000152587891,0.669000015258789,0.05281524732708931,Kevin De Bruyne,h,447,OpenPlay,2023,RightFoot,22114,Manchester City,Burnley,3,1,2024-01-31 19:30:00,Jéremy Doku,Pass
562077,44,SavedShot,0.7759999847412109,0.6569999694824219,0.020896922796964645,Kevin De Bruyne,a,447,OpenPlay,2023,RightFoot,22117,Brentford,Manchester City,1,3,2024-02-05 20:00:00,Phil Foden,TakeOn
562083,56,SavedShot,0.7680000305175781,0.33299999237060546,0.02642230875790119,Kevin De Bruyne,a,447,OpenPlay,2023,RightFoot,22117,Brentford,Manchester City,1,3,2024-02-05 20:00:00,Julián Álvarez,Pass
562093,85,MissedShots,0.85,0.54,0.1038416251540184,Kevin De Bruyne,a,447,OpenPlay,2023,RightFoot,22117,Brentford,Manchester City,1,3,2024-02-05 20:00:00,Jéremy Doku,Cross
562287,99,MissedShots,0.8640000152587891,0.25,0.287160724401474,Kevin De Bruyne,h,447,OpenPlay,2023,RightFoot,22130,Manchester City,Everton,2,0,2024-02-10 12:30:00,Kyle Walker,Chipped
564053,47,MissedShots,0.8069999694824219,0.6919999694824219,0.07450196146965027,Kevin De Bruyne,h,447,DirectFreekick,2023,RightFoot,22140,Manchester City,Chelsea,1,1,2024-02-17 17:30:00,,Standard
567266,15,MissedShots,0.9430000305175781,0.6909999847412109,0.05301754176616669,Kevin De Bruyne,h,447,OpenPlay,2023,LeftFoot,22160,Manchester City,Manchester United,3,1,2024-03-03 15:30:00,Bernardo Silva,Pass
567276,34,MissedShots,0.8769999694824219,0.33599998474121096,0.054419878870248795,Kevin De Bruyne,h,447,OpenPlay,2023,LeftFoot,22160,Manchester City,Manchester United,3,1,2024-03-03 15:30:00,Rodri,Pass
567278,41,MissedShots,0.8130000305175781,0.534000015258789,0.045314971357584,Kevin De Bruyne,h,447,OpenPlay,2023,RightFoot,22160,Manchester City,Manchester United,3,1,2024-03-03 15:30:00,,None
567286,69,BlockedShot,0.7909999847412109,0.4759999847412109,0.11149867624044418,Kevin De Bruyne,h,447,DirectFreekick,2023,RightFoot,22160,Manchester City,Manchester United,3,1,2024-03-03 15:30:00,,Standard
567289,90,MissedShots,0.7819999694824219,0.59,0.019107414409518242,Kevin De Bruyne,h,447,OpenPlay,2023,RightFoot,22160,Manchester City,Manchester United,3,1,2024-03-03 15:30:00,Phil Foden,TakeOn
568699,7,SavedShot,0.769000015258789,0.5679999923706055,0.029836826026439667,Kevin De Bruyne,a,447,OpenPlay,2023,LeftFoot,22171,Liverpool,Manchester City,1,1,2024-03-10 15:45:00,Rodri,BallRecovery
568706,35,BlockedShot,0.774000015258789,0.45099998474121095,0.03476324304938316,Kevin De Bruyne,a,447,OpenPlay,2023,LeftFoot,22171,Liverpool,Manchester City,1,1,2024-03-10 15:45:00,Erling Haaland,Pass
572154,12,Goal,0.874000015258789,0.7140000152587891,0.036434803158044815,Kevin De Bruyne,a,447,OpenPlay,2023,RightFoot,22207,Crystal Palace,Manchester City,2,4,2024-04-06 11:30:00,,None
572164,59,MissedShots,0.769000015258789,0.715999984741211,0.017840420827269554,Kevin De Bruyne,a,447,OpenPlay,2023,RightFoot,22207,Crystal Palace,Manchester City,2,4,2024-04-06 11:30:00,Jack Grealish,Pass
572166,69,Goal,0.850999984741211,0.65,0.07736802846193314,Kevin De Bruyne,a,447,OpenPlay,2023,LeftFoot,22207,Crystal Palace,Manchester City,2,4,2024-04-06 11:30:00,Rodri,Pass
573734,9,MissedShots,0.8680000305175781,0.47400001525878904,0.0597473606467247,Kevin De Bruyne,h,447,FromCorner,2023,RightFoot,22221,Manchester City,Luton,5,1,2024-04-13 14:00:00,Julián Álvarez,Pass
573737,21,SavedShot,0.7909999847412109,0.6880000305175781,0.031738124787807465,Kevin De Bruyne,h,447,OpenPlay,2023,RightFoot,22221,Manchester City,Luton,5,1,2024-04-13 14:00:00,Manuel Akanji,BallRecovery
573744,38,BlockedShot,0.7719999694824219,0.6320000076293946,0.017534218728542328,Kevin De Bruyne,h,447,FromCorner,2023,RightFoot,22221,Manchester City,Luton,5,1,2024-04-13 14:00:00,,None
573746,44,SavedShot,0.83,0.515,0.09278260171413422,Kevin De Bruyne,h,447,OpenPlay,2023,RightFoot,22221,Manchester City,Luton,5,1,2024-04-13 14:00:00,Jéremy Doku,Pass
573752,56,SavedShot,0.874000015258789,0.4159999847412109,0.11490955203771591,Kevin De Bruyne,h,447,OpenPlay,2023,RightFoot,22221,Manchester City,Luton,5,1,2024-04-13 14:00:00,Matheus Nunes,Pass
576424,16,Goal,0.8809999847412109,0.43900001525878907,0.03875957429409027,Kevin De Bruyne,a,447,OpenPlay,2023,Head,22176,Brighton,Manchester City,0,4,2024-04-25 19:00:00,Kyle Walker,Cross
576427,22,BlockedShot,0.7830000305175782,0.5059999847412109,0.036843862384557724,Kevin De Bruyne,a,447,OpenPlay,2023,RightFoot,22176,Brighton,Manchester City,0,4,2024-04-25 19:00:00,Mateo Kovacic,Pass
576432,44,BlockedShot,0.8830000305175781,0.3609999847412109,0.10254170000553131,Kevin De Bruyne,a,447,OpenPlay,2023,RightFoot,22176,Brighton,Manchester City,0,4,2024-04-25 19:00:00,Phil Foden,Pass
577439,8,SavedShot,0.9119999694824219,0.685,0.06622598320245743,Kevin De Bruyne,a,447,OpenPlay,2023,RightFoot,22242,Nottingham Forest,Manchester City,0,2,2024-04-28 15:30:00,Jack Grealish,Pass
577444,23,BlockedShot,0.750999984741211,0.585,0.06042490899562836,Kevin De Bruyne,a,447,DirectFreekick,2023,RightFoot,22242,Nottingham Forest,Manchester City,0,2,2024-04-28 15:30:00,,Standard
577447,35,BlockedShot,0.789000015258789,0.35200000762939454,0.033321917057037354,Kevin De Bruyne,a,447,OpenPlay,2023,LeftFoot,22242,Nottingham Forest,Manchester City,0,2,2024-04-28 15:30:00,Manuel Akanji,Pass
577451,49,BlockedShot,0.7680000305175781,0.44799999237060545,0.034399911761283875,Kevin De Bruyne,a,447,OpenPlay,2023,RightFoot,22242,Nottingham Forest,Manchester City,0,2,2024-04-28 15:30:00,Rodri,Pass
577457,67,SavedShot,0.7230000305175781,0.5320000076293945,0.025109173730015755,Kevin De Bruyne,a,447,OpenPlay,2023,RightFoot,22242,Nottingham Forest,Manchester City,0,2,2024-04-28 15:30:00,Julián Álvarez,Pass
578605,15,MissedShots,0.8519999694824218,0.34799999237060547,0.06553225964307785,Kevin De Bruyne,h,447,OpenPlay,2023,RightFoot,22253,Manchester City,Wolverhampton Wanderers,5,1,2024-05-04 16:30:00,,None
579657,37,BlockedShot,0.8619999694824219,0.6370000076293946,0.09796108305454254,Kevin De Bruyne,a,447,OpenPlay,2023,RightFoot,22258,Fulham,Manchester City,0,4,2024-05-11 11:30:00,Mateo Kovacic,Pass
579662,57,SavedShot,0.7519999694824219,0.4329999923706055,0.02930770069360733,Kevin De Bruyne,a,447,OpenPlay,2023,RightFoot,22258,Fulham,Manchester City,0,4,2024-05-11 11:30:00,Phil Foden,Pass
580958,46,SavedShot,0.860999984741211,0.5379999923706055,0.08430086076259613,Kevin De Bruyne,a,447,OpenPlay,2023,RightFoot,22233,Tottenham,Manchester City,0,2,2024-05-14 19:00:00,Bernardo Silva,BallTouch
581949,6,SavedShot,0.7730000305175782,0.7419999694824219,0.018374506384134293,Kevin De Bruyne,h,447,OpenPlay,2023,RightFoot,22273,Manchester City,West Ham,3,1,2024-05-19 15:00:00,Josko Gvardiol,Pass
581950,9,SavedShot,0.89,0.8180000305175781,0.05846773087978363,Kevin De Bruyne,h,447,DirectFreekick,2023,RightFoot,22273,Manchester City,West Ham,3,1,2024-05-19 15:00:00,,Standard
581958,26,SavedShot,0.8390000152587891,0.6790000152587891,0.04288029298186302,Kevin De Bruyne,h,447,OpenPlay,2023,RightFoot,22273,Manchester City,West Ham,3,1,2024-05-19 15:00:00,Jéremy Doku,Pass
581960,28,BlockedShot,0.895,0.66,0.09068387746810913,Kevin De Bruyne,h,447,OpenPlay,2023,LeftFoot,22273,Manchester City,West Ham,3,1,2024-05-19 15:00:00,Jéremy Doku,Pass
581965,48,MissedShots,0.7769999694824219,0.5370000076293945,0.04655821621417999,Kevin De Bruyne,h,447,OpenPlay,2023,LeftFoot,22273,Manchester City,West Ham,3,1,2024-05-19 15:00:00,,None
581967,55,BlockedShot,0.8080000305175781,0.500999984741211,0.06539952754974365,Kevin De Bruyne,h,447,OpenPlay,2023,LeftFoot,22273,Manchester City,West Ham,3,1,2024-05-19 15:00:00,,BallRecovery
585313,21,MissedShots,0.769000015258789,0.515,0.041203610599040985,Kevin De Bruyne,a,447,OpenPlay,2024,RightFoot,26610,Chelsea,Manchester City,0,2,2024-08-18 15:30:00,Sávio,Pass
585325,72,MissedShots,0.7809999847412109,0.47400001525878904,0.046891916543245316,Kevin De Bruyne,a,447,OpenPlay,2024,RightFoot,26610,Chelsea,Manchester City,0,2,2024-08-18 15:30:00,Bernardo Silva,Pass
586164,13,Goal,0.7780000305175782,0.53,0.30562296509742737,Kevin De Bruyne,h,447,OpenPlay,2024,LeftFoot,26615,Manchester City,Ipswich,4,1,2024-08-24 14:00:00,Sávio,Tackle
586167,28,ShotOnPost,0.715,0.48200000762939454,0.01758681796491146,Kevin De Bruyne,h,447,OpenPlay,2024,RightFoot,26615,Manchester City,Ipswich,4,1,2024-08-24 14:00:00,Mateo Kovacic,Pass
586168,30,MissedShots,0.755,0.51,0.028740236535668373,Kevin De Bruyne,h,447,OpenPlay,2024,LeftFoot,26615,Manchester City,Ipswich,4,1,2024-08-24 14:00:00,Mateo Kovacic,Pass
586170,36,BlockedShot,0.8119999694824219,0.465,0.15162935853004456,Kevin De Bruyne,h,447,DirectFreekick,2024,RightFoot,26615,Manchester City,Ipswich,4,1,2024-08-24 14:00:00,,Standard
589398,8,BlockedShot,0.8480000305175781,0.5570000076293945,0.0759771540760994,Kevin De Bruyne,a,447,OpenPlay,2024,RightFoot,26628,West Ham,Manchester City,1,3,2024-08-31 16:30:00,Jack Grealish,Pass
589402,12,SavedShot,0.89,0.8119999694824219,0.0329662524163723,Kevin De Bruyne,a,447,FromCorner,2024,RightFoot,26628,West Ham,Manchester City,1,3,2024-08-31 16:30:00,Jack Grealish,Pass
589403,17,ShotOnPost,0.85,0.4590000152587891,0.09656071662902832,Kevin De Bruyne,a,447,OpenPlay,2024,RightFoot,26628,West Ham,Manchester City,1,3,2024-08-31 16:30:00,Jéremy Doku,Pass
589406,21,SavedShot,0.8419999694824218,0.7119999694824218,0.033433664590120316,Kevin De Bruyne,a,447,OpenPlay,2024,RightFoot,26628,West Ham,Manchester City,1,3,2024-08-31 16:30:00,Bernardo Silva,BallTouch
589414,44,MissedShots,0.769000015258789,0.36400001525878906,0.06440622359514236,Kevin De Bruyne,a,447,DirectFreekick,2024,RightFoot,26628,West Ham,Manchester City,1,3,2024-08-31 16:30:00,,Standard
589422,66,BlockedShot,0.710999984741211,0.605,0.018483933061361313,Kevin De Bruyne,a,447,OpenPlay,2024,RightFoot,26628,West Ham,Manchester City,1,3,2024-08-31 16:30:00,Bernardo Silva,Pass
590773,25,MissedShots,0.730999984741211,0.43099998474121093,0.018106698989868164,Kevin De Bruyne,h,447,OpenPlay,2024,LeftFoot,26637,Manchester City,Brentford,2,1,2024-09-14 14:00:00,Rico Lewis,Pass
590787,73,BlockedShot,0.8119999694824219,0.465,0.052060868591070175,Kevin De Bruyne,h,447,OpenPlay,2024,LeftFoot,26637,Manchester City,Brentford,2,1,2024-09-14 14:00:00,Rodri,Pass
601661,88,MissedShots,0.8,0.7219999694824218,0.01865529641509056,Kevin De Bruyne,a,447,OpenPlay,2024,RightFoot,26703,Brighton,Manchester City,2,1,2024-11-09 17:30:00,Matheus Nunes,Pass
603123,83,BlockedShot,0.8930000305175781,0.32799999237060545,0.03771701455116272,Kevin De Bruyne,h,447,FromCorner,2024,LeftFoot,26720,Manchester City,Tottenham,0,4,2024-11-23 17:30:00,Bernardo Silva,Pass
604834,82,SavedShot,0.8619999694824219,0.4209999847412109,0.30779051780700684,Kevin De Bruyne,a,447,OpenPlay,2024,RightFoot,26726,Liverpool,Manchester City,2,0,2024-12-01 16:00:00,,BallRecovery
605210,7,BlockedShot,0.9280000305175782,0.38099998474121094,0.025766005739569664,Kevin De Bruyne,h,447,OpenPlay,2024,Head,26739,Manchester City,Nottingham Forest,3,0,2024-12-04 19:30:00,Ilkay Gündogan,Chipped
605218,22,MissedShots,0.8719999694824219,0.3340000152587891,0.06921305507421494,Kevin De Bruyne,h,447,OpenPlay,2024,RightFoot,26739,Manchester City,Nottingham Forest,3,0,2024-12-04 19:30:00,Bernardo Silva,Pass
605221,30,Goal,0.8590000152587891,0.47900001525878905,0.34753966331481934,Kevin De Bruyne,h,447,OpenPlay,2024,RightFoot,26739,Manchester City,Nottingham Forest,3,0,2024-12-04 19:30:00,Jéremy Doku,Pass
605228,59,BlockedShot,0.7880000305175782,0.735999984741211,0.05138583108782768,Kevin De Bruyne,h,447,DirectFreekick,2024,RightFoot,26739,Manchester City,Nottingham Forest,3,0,2024-12-04 19:30:00,,Standard
605230,63,SavedShot,0.874000015258789,0.46700000762939453,0.13640472292900085,Kevin De Bruyne,h,447,OpenPlay,2024,RightFoot,26739,Manchester City,Nottingham Forest,3,0,2024-12-04 19:30:00,,TakeOn
605866,72,BlockedShot,0.799000015258789,0.6769999694824219,0.021478869020938873,Kevin De Bruyne,a,447,OpenPlay,2024,RightFoot,26747,Crystal Palace,Manchester City,2,2,2024-12-07 15:00:00,Matheus Nunes,Pass
607634,42,SavedShot,0.7419999694824219,0.05599999904632568,0.00921700894832611,Kevin De Bruyne,h,447,OpenPlay,2024,RightFoot,26753,Manchester City,Manchester United,1,2,2024-12-15 16:30:00,,BallRecovery
607638,66,MissedShots,0.78,0.445,0.04625250771641731,Kevin De Bruyne,h,447,OpenPlay,2024,LeftFoot,26753,Manchester City,Manchester United,1,2,2024-12-15 16:30:00,,BallTouch
609399,4,MissedShots,0.7269999694824218,0.505,0.01792723499238491,Kevin De Bruyne,a,447,OpenPlay,2024,LeftFoot,26788,Leicester,Manchester City,0,2,2024-12-29 14:30:00,Mateo Kovacic,Pass
609402,11,BlockedShot,0.695,0.5129999923706055,0.03628624603152275,Kevin De Bruyne,a,447,DirectFreekick,2024,RightFoot,26788,Leicester,Manchester City,0,2,2024-12-29 14:30:00,,Standard
610027,96,SavedShot,0.779000015258789,0.575,0.031021079048514366,Kevin De Bruyne,h,447,OpenPlay,2024,RightFoot,26798,Manchester City,West Ham,4,1,2025-01-04 15:00:00,,None
611371,44,MissedShots,0.8830000305175781,0.6990000152587891,0.048937924206256866,Kevin De Bruyne,a,447,OpenPlay,2024,RightFoot,26803,Brentford,Manchester City,2,2,2025-01-14 19:30:00,Mateo Kovacic,Pass
611374,49,MissedShots,0.8540000152587891,0.3340000152587891,0.055151887238025665,Kevin De Bruyne,a,447,OpenPlay,2024,RightFoot,26803,Brentford,Manchester City,2,2,2025-01-14 19:30:00,Bernardo Silva,Pass
611392,82,MissedShots,0.8090000152587891,0.51,0.07044260203838348,Kevin De Bruyne,a,447,OpenPlay,2024,LeftFoot,26803,Brentford,Manchester City,2,2,2025-01-14 19:30:00,Erling Haaland,Pass
612847,36,MissedShots,0.860999984741211,0.6530000305175782,0.08579640090465546,Kevin De Bruyne,a,447,OpenPlay,2024,RightFoot,26816,Ipswich,Manchester City,0,6,2025-01-19 16:30:00,Phil Foden,Pass
612853,58,BlockedShot,0.845,0.4640000152587891,0.053772054612636566,Kevin De Bruyne,a,447,OpenPlay,2024,RightFoot,26816,Ipswich,Manchester City,0,6,2025-01-19 16:30:00,,Rebound
633845,41,BlockedShot,0.8230000305175781,0.3340000152587891,0.0326845683157444,Kevin De Bruyne,h,447,OpenPlay,2024,RightFoot,26859,Manchester City,Liverpool,0,2,2025-02-23 16:30:00,Sávio,Pass
633847,47,MissedShots,0.7659999847412109,0.2989999961853027,0.015151015482842922,Kevin De Bruyne,h,447,OpenPlay,2024,LeftFoot,26859,Manchester City,Liverpool,0,2,2025-02-23 16:30:00,Abduqodir Khusanov,Pass
621049,71,MissedShots,0.8530000305175781,0.5170000076293946,0.07222869247198105,Kevin De Bruyne,a,447,OpenPlay,2024,LeftFoot,26878,Nottingham Forest,Manchester City,1,0,2025-03-08 12:30:00,,None
621050,77,SavedShot,0.794000015258789,0.7530000305175781,0.04970564320683479,Kevin De Bruyne,a,447,DirectFreekick,2024,RightFoot,26878,Nottingham Forest,Manchester City,1,0,2025-03-08 12:30:00,,Standard
626471,17,SavedShot,0.8430000305175781,0.27299999237060546,0.02999855764210224,Kevin De Bruyne,a,447,OpenPlay,2024,LeftFoot,26909,Manchester United,Manchester City,0,0,2025-04-06 15:30:00,Bernardo Silva,Pass
626477,52,SavedShot,0.7959999847412109,0.3340000152587891,0.02742961421608925,Kevin De Bruyne,a,447,OpenPlay,2024,LeftFoot,26909,Manchester United,Manchester City,0,0,2025-04-06 15:30:00,Phil Foden,Pass
626896,12,BlockedShot,0.8730000305175781,0.605999984741211,0.4716760516166687,Kevin De Bruyne,h,447,OpenPlay,2024,RightFoot,26917,Manchester City,Crystal Palace,5,2,2025-04-12 11:30:00,,Rebound
626898,23,BlockedShot,0.7719999694824219,0.43599998474121093,0.030878672376275063,Kevin De Bruyne,h,447,OpenPlay,2024,RightFoot,26917,Manchester City,Crystal Palace,5,2,2025-04-12 11:30:00,Ilkay Gündogan,Pass
626899,23,ShotOnPost,0.7669999694824219,0.43400001525878906,0.014829752966761589,Kevin De Bruyne,h,447,OpenPlay,2024,RightFoot,26917,Manchester City,Crystal Palace,5,2,2025-04-12 11:30:00,,Rebound
626902,32,Goal,0.750999984741211,0.475,0.0653390884399414,Kevin De Bruyne,h,447,DirectFreekick,2024,RightFoot,26917,Manchester City,Crystal Palace,5,2,2025-04-12 11:30:00,,Standard
626903,33,BlockedShot,0.8430000305175781,0.5170000076293946,0.05815199762582779,Kevin De Bruyne,h,447,OpenPlay,2024,LeftFoot,26917,Manchester City,Crystal Palace,5,2,2025-04-12 11:30:00,,None
626908,46,MissedShots,0.9019999694824219,0.37599998474121094,0.3520604074001312,Kevin De Bruyne,h,447,OpenPlay,2024,RightFoot,26917,Manchester City,Crystal Palace,5,2,2025-04-12 11:30:00,James McAtee,Pass
628589,42,BlockedShot,0.860999984741211,0.4420000076293945,0.0714760422706604,Kevin De Bruyne,a,447,OpenPlay,2024,LeftFoot,26925,Everton,Manchester City,0,2,2025-04-19 14:00:00,,None
628596,64,BlockedShot,0.8030000305175782,0.49400001525878906,0.07045239210128784,Kevin De Bruyne,a,447,OpenPlay,2024,LeftFoot,26925,Everton,Manchester City,0,2,2025-04-19 14:00:00,,TakeOn
629585,22,SavedShot,0.9230000305175782,0.590999984741211,0.08180025219917297,Kevin De Bruyne,h,447,OpenPlay,2024,Head,26937,Manchester City,Aston Villa,2,1,2025-04-22 19:00:00,Omar Marmoush,Cross
631168,34,Goal,0.87,0.5159999847412109,0.5310916304588318,Kevin De Bruyne,h,447,OpenPlay,2024,RightFoot,26942,Manchester City,Wolverhampton Wanderers,1,0,2025-05-02 19:00:00,Jéremy Doku,Pass
632785,31,MissedShots,0.795,0.5770000076293945,0.10643362998962402,Kevin De Bruyne,a,447,DirectFreekick,2024,RightFoot,26959,Southampton,Manchester City,0,0,2025-05-10 14:00:00,,Standard
632789,43,BlockedShot,0.7709999847412109,0.4859999847412109,0.0845331996679306,Kevin De Bruyne,a,447,DirectFreekick,2024,RightFoot,26959,Southampton,Manchester City,0,0,2025-05-10 14:00:00,,Standard
632801,75,BlockedShot,0.8619999694824219,0.38299999237060545,0.11620185524225235,Kevin De Bruyne,a,447,OpenPlay,2024,RightFoot,26959,Southampton,Manchester City,0,0,2025-05-10 14:00:00,Sávio,Pass
632808,85,BlockedShot,0.8030000305175782,0.509000015258789,0.035796720534563065,Kevin De Bruyne,a,447,OpenPlay,2024,RightFoot,26959,Southampton,Manchester City,0,0,2025-05-10 14:00:00,,Rebound
632809,86,SavedShot,0.7759999847412109,0.7130000305175781,0.014871764928102493,Kevin De Bruyne,a,447,OpenPlay,2024,RightFoot,26959,Southampton,Manchester City,0,0,2025-05-10 14:00:00,Jéremy Doku,Pass
635697,0,MissedShots,0.7819999694824219,0.475,0.040021125227212906,Kevin De Bruyne,h,447,OpenPlay,2024,RightFoot,26970,Manchester City,Bournemouth,3,1,2025-05-20 19:00:00,Bernardo Silva,HeadPass
635702,24,ShotOnPost,0.9519999694824218,0.46099998474121096,0.6300190091133118,Kevin De Bruyne,h,447,OpenPlay,2024,LeftFoot,26970,Manchester City,Bournemouth,3,1,2025-05-20 19:00:00,Omar Marmoush,Pass
635711,53,BlockedShot,0.9209999847412109,0.34,0.08719342947006226,Kevin De Bruyne,h,447,OpenPlay,2024,LeftFoot,26970,Manchester City,Bournemouth,3,1,2025-05-20 19:00:00,,Dispossessed
638976,0,MissedShots,0.850999984741211,0.49200000762939455,0.06976758688688278,Kevin De Bruyne,a,447,OpenPlay,2025,RightFoot,29845,Sassuolo,Napoli,0,2,2025-08-23 16:30:00,,None
638983,49,BlockedShot,0.7430000305175781,0.5709999847412109,0.05693824589252472,Kevin De Bruyne,a,447,DirectFreekick,2025,RightFoot,29845,Sassuolo,Napoli,0,2,2025-08-23 16:30:00,,Standard
638987,56,Goal,0.8159999847412109,0.9590000152587891,0.02487274445593357,Kevin De Bruyne,a,447,DirectFreekick,2025,RightFoot,29845,Sassuolo,Napoli,0,2,2025-08-23 16:30:00,,Standard
640595,38,MissedShots,0.7969999694824219,0.6480000305175782,0.0284785907715559,Kevin De Bruyne,h,447,OpenPlay,2025,RightFoot,29859,Napoli,Cagliari,1,0,2025-08-30 18:45:00,Leonardo Spinazzola,Pass
641961,5,Goal,0.885,0.5,0.7612988352775574,Kevin De Bruyne,a,447,Penalty,2025,RightFoot,29866,Fiorentina,Napoli,1,3,2025-09-13 18:45:00,,Standard
641968,23,SavedShot,0.860999984741211,0.5459999847412109,0.14712336659431458,Kevin De Bruyne,a,447,OpenPlay,2025,RightFoot,29866,Fiorentina,Napoli,1,3,2025-09-13 18:45:00,Rasmus Højlund,Throughball
644068,12,SavedShot,0.8059999847412109,0.49900001525878906,0.014570668339729309,Kevin De Bruyne,h,447,FromCorner,2025,RightFoot,29883,Napoli,Pisa,3,2,2025-09-22 18:45:00,Matteo Politano,Chipped
644071,22,BlockedShot,0.8959999847412109,0.66,0.0732848048210144,Kevin De Bruyne,h,447,OpenPlay,2025,LeftFoot,29883,Napoli,Pisa,3,2,2025-09-22 18:45:00,Leonardo Spinazzola,Pass
644093,66,MissedShots,0.785,0.34599998474121096,0.021747950464487076,Kevin De Bruyne,h,447,SetPiece,2025,RightFoot,29883,Napoli,Pisa,3,2,2025-09-22 18:45:00,Stanislav Lobotka,Pass
645629,48,BlockedShot,0.735999984741211,0.524000015258789,0.01330817211419344,Kevin De Bruyne,a,447,FromCorner,2025,LeftFoot,29889,AC Milan,Napoli,2,1,2025-09-28 18:45:00,,Aerial
645631,59,Goal,0.885,0.5,0.7612988352775574,Kevin De Bruyne,a,447,Penalty,2025,RightFoot,29889,AC Milan,Napoli,2,1,2025-09-28 18:45:00,,Standard
647767,16,SavedShot,0.7130000305175781,0.47,0.043051138520240784,Kevin De Bruyne,a,447,DirectFreekick,2025,RightFoot,29906,Torino,Napoli,1,0,2025-10-18 16:00:00,,Standard
647769,22,BlockedShot,0.8519999694824218,0.5629999923706055,0.06836403906345367,Kevin De Bruyne,a,447,OpenPlay,2025,RightFoot,29906,Torino,Napoli,1,0,2025-10-18 16:00:00,,None
647789,67,MissedShots,0.8859999847412109,0.5420000076293945,0.10606319457292557,Kevin De Bruyne,a,447,OpenPlay,2025,LeftFoot,29906,Torino,Napoli,1,0,2025-10-18 16:00:00,Noa Lang,Pass
647793,77,BlockedShot,0.7969999694824219,0.425,0.032675083726644516,Kevin De Bruyne,a,447,FromCorner,2025,RightFoot,29906,Torino,Napoli,1,0,2025-10-18 16:00:00,Leonardo Spinazzola,Pass
649068,32,Goal,0.885,0.5,0.7612988352775574,Kevin De Bruyne,h,447,Penalty,2025,RightFoot,29920,Napoli,Inter,3,1,2025-10-25 16:00:00,,Standard
672428,94,MissedShots,0.7630000305175781,0.509000015258789,0.03838205337524414,Kevin De Bruyne,h,447,OpenPlay,2025,LeftFoot,30114,Napoli,Torino,2,1,2026-03-06 19:45:00,,BallRecovery
673983,64,MissedShots,0.75,0.7030000305175781,0.017728181555867195,Kevin De Bruyne,h,447,OpenPlay,2025,RightFoot,30128,Napoli,Lecce,2,1,2026-03-14 17:00:00,Mathías Olivera,Pass
674919,51,SavedShot,0.785,0.29100000381469726,0.024293318390846252,Kevin De Bruyne,a,447,OpenPlay,2025,LeftFoot,30136,Cagliari,Napoli,0,1,2026-03-20 17:30:00,Matteo Politano,Pass
674924,58,BlockedShot,0.8,0.44400001525878907,0.05204739049077034,Kevin De Bruyne,a,447,OpenPlay,2025,LeftFoot,30136,Cagliari,Napoli,0,1,2026-03-20 17:30:00,Matteo Politano,Pass
674925,58,BlockedShot,0.789000015258789,0.40200000762939453,0.03174151852726936,Kevin De Bruyne,a,447,OpenPlay,2025,RightFoot,30136,Cagliari,Napoli,0,1,2026-03-20 17:30:00,,Rebound
674929,75,MissedShots,0.7580000305175781,0.595,0.030645644292235374,Kevin De Bruyne,a,447,OpenPlay,2025,RightFoot,30136,Cagliari,Napoli,0,1,2026-03-20 17:30:00,Scott McTominay,Pass
678317,18,SavedShot,0.8080000305175781,0.46299999237060546,0.06519889086484909,Kevin De Bruyne,a,447,OpenPlay,2025,LeftFoot,30161,Parma Calcio 1913,Napoli,1,1,2026-04-12 13:00:00,Leonardo Spinazzola,TakeOn
679291,21,MissedShots,0.7769999694824219,0.30100000381469727,0.01786491647362709,Kevin De Bruyne,h,447,OpenPlay,2025,LeftFoot,30167,Napoli,Lazio,0,2,2026-04-18 16:00:00,Matteo Politano,Pass
680607,47,Goal,0.9230000305175782,0.42400001525878905,0.12649379670619965,Kevin De Bruyne,h,447,OpenPlay,2025,RightFoot,30180,Napoli,Cremonese,4,0,2026-04-24 18:45:00,,Tackle
680612,59,SavedShot,0.85,0.46299999237060546,0.10954482108354568,Kevin De Bruyne,h,447,OpenPlay,2025,RightFoot,30180,Napoli,Cremonese,4,0,2026-04-24 18:45:00,Miguel Gutiérrez,Pass
