id,minute,result,X,Y,xG,player,h_a,player_id,situation,season,shotType,match_id,h_team,a_team,h_goals,a_goals,date,player_assisted,lastAction
65533,89,MissedShots,0.9130000305175782,0.46799999237060547,0.055541399866342545,Gaetan Laborde,a,3746,OpenPlay,2015,Head,2047,Angers,Bordeaux,1,1,2015-12-13 20:00:00,Andre Biyogo Poko,Aerial
102947,12,Goal,0.9130000305175782,0.575,0.08356750011444092,Gaetan Laborde,h,3746,SetPiece,2016,Head,2251,Bordeaux,Saint-Etienne,3,2,2016-08-13 19:00:00,Thomas Touré,Cross
102950,29,MissedShots,0.96,0.41200000762939454,0.04849569872021675,Gaetan Laborde,h,3746,SetPiece,2016,Head,2251,Bordeaux,Saint-Etienne,3,2,2016-08-13 19:00:00,Thomas Touré,Aerial
102955,41,SavedShot,0.875,0.5029999923706054,0.050075799226760864,Gaetan Laborde,h,3746,SetPiece,2016,Head,2251,Bordeaux,Saint-Etienne,3,2,2016-08-13 19:00:00,Valentin Vada,Chipped
103737,93,BlockedShot,0.9219999694824219,0.33099998474121095,0.07414960116147995,Gaetan Laborde,a,3746,OpenPlay,2016,LeftFoot,2280,Lyon,Bordeaux,1,3,2016-09-10 19:00:00,Abdou Traoré,Pass
103884,77,SavedShot,0.759000015258789,0.600999984741211,0.01867849938571453,Gaetan Laborde,h,3746,OpenPlay,2016,LeftFoot,2295,Bordeaux,Angers,0,1,2016-09-17 22:00:00,Jaroslav Plasil,Cross
104659,3,BlockedShot,0.9030000305175782,0.40799999237060547,0.08145710080862045,Gaetan Laborde,a,3746,OpenPlay,2016,RightFoot,2305,Metz,Bordeaux,0,3,2016-09-21 21:00:00,Youssouf Sabaly,Cross
104661,17,MissedShots,0.8819999694824219,0.649000015258789,0.05987050011754036,Gaetan Laborde,a,3746,OpenPlay,2016,RightFoot,2305,Metz,Bordeaux,0,3,2016-09-21 21:00:00,,None
104673,51,MissedShots,0.794000015258789,0.28,0.024854499846696854,Gaetan Laborde,a,3746,OpenPlay,2016,LeftFoot,2305,Metz,Bordeaux,0,3,2016-09-21 21:00:00,Youssouf Sabaly,Pass
104680,70,Goal,0.86,0.62,0.07086370140314102,Gaetan Laborde,a,3746,OpenPlay,2016,LeftFoot,2305,Metz,Bordeaux,0,3,2016-09-21 21:00:00,,Rebound
104686,88,BlockedShot,0.8080000305175781,0.41200000762939454,0.06807450205087662,Gaetan Laborde,a,3746,OpenPlay,2016,LeftFoot,2305,Metz,Bordeaux,0,3,2016-09-21 21:00:00,Jaroslav Plasil,Pass
104688,90,SavedShot,0.8030000305175782,0.34700000762939454,0.05324869975447655,Gaetan Laborde,a,3746,OpenPlay,2016,LeftFoot,2305,Metz,Bordeaux,0,3,2016-09-21 21:00:00,Jaroslav Plasil,Pass
104110,20,BlockedShot,0.7569999694824219,0.64,0.021518200635910034,Gaetan Laborde,h,3746,OpenPlay,2016,LeftFoot,2311,Bordeaux,Caen,0,0,2016-09-24 22:00:00,Grégory Sertic,Pass
104520,84,SavedShot,0.9490000152587891,0.48700000762939455,0.5726379752159119,Gaetan Laborde,a,3746,OpenPlay,2016,LeftFoot,2320,Paris Saint Germain,Bordeaux,2,0,2016-10-01 19:00:00,,None
106087,65,SavedShot,0.9009999847412109,0.3509999847412109,0.09319330006837845,Gaetan Laborde,a,3746,OpenPlay,2016,LeftFoot,2850,Guingamp,Bordeaux,1,1,2016-11-20 18:00:00,Youssouf Sabaly,Pass
107747,77,Goal,0.8830000305175781,0.5920000076293945,0.395236998796463,Gaetan Laborde,a,3746,OpenPlay,2016,LeftFoot,2869,SC Bastia,Bordeaux,1,1,2016-11-30 22:00:00,Isaac Thelin,TakeOn
108208,3,BlockedShot,0.7880000305175782,0.6680000305175782,0.02635980024933815,Gaetan Laborde,h,3746,OpenPlay,2016,RightFoot,3235,Bordeaux,Lille,0,1,2016-12-03 23:00:00,Grégory Sertic,Chipped
107016,85,MissedShots,0.899000015258789,0.7630000305175781,0.033283401280641556,Gaetan Laborde,h,3746,OpenPlay,2016,RightFoot,3240,Bordeaux,Monaco,0,4,2016-12-10 20:30:00,Jerome Prior,TakeOn
107914,35,SavedShot,0.799000015258789,0.23899999618530274,0.012798800133168697,Gaetan Laborde,a,3746,OpenPlay,2016,LeftFoot,3255,Montpellier,Bordeaux,4,0,2016-12-17 23:00:00,Grégory Sertic,HeadPass
107918,48,MissedShots,0.8690000152587891,0.435,0.0494656004011631,Gaetan Laborde,a,3746,OpenPlay,2016,LeftFoot,3255,Montpellier,Bordeaux,4,0,2016-12-17 23:00:00,Milan Gajic,Cross
105760,32,BlockedShot,0.8769999694824219,0.42200000762939455,0.07836320251226425,Gaetan Laborde,h,3746,OpenPlay,2016,RightFoot,3260,Bordeaux,Nice,0,0,2016-12-21 23:50:00,,None
105770,56,MissedShots,0.795,0.2,0.014810300432145596,Gaetan Laborde,h,3746,OpenPlay,2016,LeftFoot,3260,Bordeaux,Nice,0,0,2016-12-21 23:50:00,Milan Gajic,Pass
105776,81,SavedShot,0.9640000152587891,0.34,0.2578830122947693,Gaetan Laborde,h,3746,FromCorner,2016,RightFoot,3260,Bordeaux,Nice,0,0,2016-12-21 23:50:00,Igor Lewczuk,HeadPass
107270,52,BlockedShot,0.7880000305175782,0.5629999923706055,0.03501829877495766,Gaetan Laborde,a,3746,OpenPlay,2016,RightFoot,4109,Angers,Bordeaux,1,1,2017-01-14 23:00:00,,None
107276,87,MissedShots,0.8969999694824219,0.6229999923706054,0.3337309956550598,Gaetan Laborde,a,3746,OpenPlay,2016,LeftFoot,4109,Angers,Bordeaux,1,1,2017-01-14 23:00:00,,None
107678,7,SavedShot,0.8109999847412109,0.3820000076293945,0.054486099630594254,Gaetan Laborde,h,3746,OpenPlay,2016,LeftFoot,4121,Bordeaux,Toulouse,1,0,2017-01-21 22:00:00,Francois Kamano,Pass
107689,61,MissedShots,0.9330000305175781,0.6659999847412109,0.09383489936590195,Gaetan Laborde,h,3746,OpenPlay,2016,LeftFoot,4121,Bordeaux,Toulouse,1,0,2017-01-21 22:00:00,Théo Pellenard,Pass
107695,68,SavedShot,0.7869999694824219,0.3629999923706055,0.03555630147457123,Gaetan Laborde,h,3746,OpenPlay,2016,LeftFoot,4121,Bordeaux,Toulouse,1,0,2017-01-21 22:00:00,Jérémy Toulalan,Pass
107703,90,MissedShots,0.7780000305175782,0.3370000076293945,0.027887700125575066,Gaetan Laborde,h,3746,OpenPlay,2016,LeftFoot,4121,Bordeaux,Toulouse,1,0,2017-01-21 22:00:00,Diego Rolan,Pass
106065,50,MissedShots,0.9119999694824219,0.5109999847412109,0.36777499318122864,Gaetan Laborde,a,3746,OpenPlay,2016,RightFoot,4129,Nancy,Bordeaux,0,2,2017-01-28 22:00:00,Jérémy Menez,Cross
106067,56,BlockedShot,0.9369999694824219,0.3820000076293945,0.03128509968519211,Gaetan Laborde,a,3746,FromCorner,2016,Head,4129,Nancy,Bordeaux,0,2,2017-01-28 22:00:00,Adam Ounas,Cross
107162,75,MissedShots,0.909000015258789,0.34700000762939454,0.2912290096282959,Gaetan Laborde,h,3746,OpenPlay,2016,LeftFoot,4136,Bordeaux,Rennes,1,1,2017-02-04 19:00:00,Malcom,Pass
107169,87,BlockedShot,0.980999984741211,0.31,0.04278919845819473,Gaetan Laborde,h,3746,OpenPlay,2016,RightFoot,4136,Bordeaux,Rennes,1,1,2017-02-04 19:00:00,,Rebound
108580,79,MissedShots,0.88,0.40400001525878904,0.39094701409339905,Gaetan Laborde,a,3746,OpenPlay,2016,RightFoot,4153,Caen,Bordeaux,0,4,2017-02-07 21:00:00,Youssouf Sabaly,Pass
110900,62,MissedShots,0.799000015258789,0.5659999847412109,0.09078539907932281,Gaetan Laborde,h,3746,OpenPlay,2016,LeftFoot,4166,Bordeaux,Guingamp,3,0,2017-02-19 14:00:00,Malcom,TakeOn
110902,70,Goal,0.9519999694824218,0.46,0.6339340209960938,Gaetan Laborde,h,3746,OpenPlay,2016,RightFoot,4166,Bordeaux,Guingamp,3,0,2017-02-19 14:00:00,Francois Kamano,Pass
111680,90,ShotOnPost,0.8919999694824219,0.48200000762939454,0.3987540006637573,Gaetan Laborde,a,3746,OpenPlay,2016,LeftFoot,4177,Lille,Bordeaux,2,3,2017-02-25 19:00:00,,Rebound
109137,34,MissedShots,0.875999984741211,0.56,0.10779500007629395,Gaetan Laborde,h,3746,OpenPlay,2016,RightFoot,4186,Bordeaux,Lyon,1,1,2017-03-03 19:45:00,Valentin Vada,Rebound
109146,66,SavedShot,0.9159999847412109,0.33599998474121096,0.07881169766187668,Gaetan Laborde,h,3746,OpenPlay,2016,LeftFoot,4186,Bordeaux,Lyon,1,1,2017-03-03 19:45:00,,None
109115,43,MissedShots,0.9219999694824219,0.6170000076293946,0.02737399935722351,Gaetan Laborde,a,3746,FromCorner,2016,Head,4198,Monaco,Bordeaux,2,1,2017-03-11 15:45:00,Valentin Vada,Cross
109004,8,Goal,0.909000015258789,0.6719999694824219,0.30895599722862244,Gaetan Laborde,a,3746,OpenPlay,2016,LeftFoot,4217,Nice,Bordeaux,2,1,2017-04-02 20:00:00,,TakeOn
109010,35,MissedShots,0.9030000305175782,0.4759999847412109,0.07433869689702988,Gaetan Laborde,a,3746,OpenPlay,2016,Head,4217,Nice,Bordeaux,2,1,2017-04-02 20:00:00,Youssouf Sabaly,Cross
109921,16,SavedShot,0.8030000305175782,0.605,0.053782399743795395,Gaetan Laborde,h,3746,OpenPlay,2016,LeftFoot,4227,Bordeaux,Metz,3,0,2017-04-08 19:00:00,,None
109930,42,BlockedShot,0.8859999847412109,0.705999984741211,0.058658599853515625,Gaetan Laborde,h,3746,OpenPlay,2016,LeftFoot,4227,Bordeaux,Metz,3,0,2017-04-08 19:00:00,Younousse Sankhare,Pass
111540,28,MissedShots,0.7280000305175781,0.3970000076293945,0.016391199082136154,Gaetan Laborde,a,3746,OpenPlay,2016,LeftFoot,4242,Nantes,Bordeaux,0,1,2017-04-16 14:00:00,Malcom,Pass
111545,43,SavedShot,0.9359999847412109,0.61,0.03920929878950119,Gaetan Laborde,a,3746,FromCorner,2016,Head,4242,Nantes,Bordeaux,0,1,2017-04-16 14:00:00,Valentin Vada,Cross
111547,57,MissedShots,0.8090000152587891,0.34900001525878904,0.03502019867300987,Gaetan Laborde,a,3746,OpenPlay,2016,RightFoot,4242,Nantes,Bordeaux,0,1,2017-04-16 14:00:00,Youssouf Sabaly,Pass
111943,60,BlockedShot,0.879000015258789,0.2720000076293945,0.041324399411678314,Gaetan Laborde,h,3746,OpenPlay,2016,RightFoot,4248,Bordeaux,SC Bastia,2,0,2017-04-22 19:00:00,Valentin Vada,Pass
111944,62,SavedShot,0.885,0.4370000076293945,0.04790930077433586,Gaetan Laborde,h,3746,SetPiece,2016,Head,4248,Bordeaux,SC Bastia,2,0,2017-04-22 19:00:00,Valentin Vada,Cross
110638,2,BlockedShot,0.7969999694824219,0.515,0.04257410019636154,Gaetan Laborde,a,3746,OpenPlay,2016,LeftFoot,4258,Dijon,Bordeaux,0,0,2017-04-30 16:00:00,,None
110639,5,SavedShot,0.845999984741211,0.5429999923706055,0.0212652999907732,Gaetan Laborde,a,3746,SetPiece,2016,Head,4258,Dijon,Bordeaux,0,0,2017-04-30 16:00:00,Valentin Vada,Cross
110655,67,MissedShots,0.88,0.5729999923706055,0.03797920048236847,Gaetan Laborde,a,3746,SetPiece,2016,Head,4258,Dijon,Bordeaux,0,0,2017-04-30 16:00:00,Adam Ounas,Cross
111238,49,Goal,0.97,0.534000015258789,0.8443940281867981,Gaetan Laborde,a,3746,SetPiece,2016,LeftFoot,4266,Saint-Etienne,Bordeaux,2,2,2017-05-05 19:45:00,Jaroslav Plasil,Pass
111926,88,SavedShot,0.795,0.38799999237060545,0.03341519832611084,Gaetan Laborde,h,3746,OpenPlay,2016,LeftFoot,4276,Bordeaux,Marseille,1,1,2017-05-14 20:00:00,Adam Ounas,Pass
162054,86,SavedShot,0.93,0.7769999694824219,0.04733389988541603,Gaetan Laborde,h,3746,OpenPlay,2017,LeftFoot,8579,Bordeaux,Metz,2,0,2017-08-12 19:00:00,Théo Pellenard,Pass
162599,69,MissedShots,0.879000015258789,0.395,0.03188600018620491,Gaetan Laborde,h,3746,OpenPlay,2017,Head,8597,Bordeaux,Troyes,2,1,2017-08-26 19:00:00,Youssouf Sabaly,Cross
187741,0,MissedShots,0.865,0.4640000152587891,0.03716279938817024,Gaetan Laborde,a,3746,SetPiece,2017,Head,8764,Troyes,Bordeaux,0,1,2018-01-13 19:00:00,Malcom,Cross
187745,12,SavedShot,0.9280000305175782,0.4540000152587891,0.12806299328804016,Gaetan Laborde,a,3746,OpenPlay,2017,Head,8764,Troyes,Bordeaux,0,1,2018-01-13 19:00:00,Younousse Sankhare,Cross
187746,14,Goal,0.9169999694824219,0.52,0.34551501274108887,Gaetan Laborde,a,3746,OpenPlay,2017,Head,8764,Troyes,Bordeaux,0,1,2018-01-13 19:00:00,Malcom,Cross
187751,50,BlockedShot,0.725,0.485,0.025826700031757355,Gaetan Laborde,a,3746,OpenPlay,2017,RightFoot,8764,Troyes,Bordeaux,0,1,2018-01-13 19:00:00,Younousse Sankhare,TakeOn
187754,59,BlockedShot,0.855,0.6609999847412109,0.04819419980049133,Gaetan Laborde,a,3746,SetPiece,2017,RightFoot,8764,Troyes,Bordeaux,0,1,2018-01-13 19:00:00,,BallTouch
188153,11,BlockedShot,0.8680000305175781,0.5059999847412109,0.021874800324440002,Gaetan Laborde,h,3746,OpenPlay,2017,Head,8767,Bordeaux,Caen,0,2,2018-01-16 18:00:00,Youssouf Sabaly,Aerial
188154,19,SavedShot,0.799000015258789,0.26799999237060546,0.018670599907636642,Gaetan Laborde,h,3746,OpenPlay,2017,LeftFoot,8767,Bordeaux,Caen,0,2,2018-01-16 18:00:00,Malcom,Pass
188157,29,BlockedShot,0.8580000305175781,0.6179999923706054,0.07210370153188705,Gaetan Laborde,h,3746,OpenPlay,2017,LeftFoot,8767,Bordeaux,Caen,0,2,2018-01-16 18:00:00,Soualiho Meité,Pass
188164,49,SavedShot,0.7619999694824219,0.710999984741211,0.015349400229752064,Gaetan Laborde,h,3746,OpenPlay,2017,RightFoot,8767,Bordeaux,Caen,0,2,2018-01-16 18:00:00,Maxime Poundje,Pass
188856,10,BlockedShot,0.7980000305175782,0.775,0.018194999545812607,Gaetan Laborde,a,3746,OpenPlay,2017,RightFoot,8780,Nantes,Bordeaux,0,1,2018-01-20 16:00:00,Maxime Poundje,Pass
190432,46,Goal,0.885,0.5,0.7600950002670288,Gaetan Laborde,h,3746,Penalty,2017,LeftFoot,8786,Bordeaux,Lyon,3,1,2018-01-28 00:00:00,,Standard
194618,52,Goal,0.895,0.34700000762939454,0.09232469648122787,Gaetan Laborde,a,3746,OpenPlay,2017,RightFoot,8802,Strasbourg,Bordeaux,0,2,2018-02-03 19:00:00,Nicolas de Preville,Pass
194649,14,MissedShots,0.9319999694824219,0.5729999923706055,0.10349100083112717,Gaetan Laborde,h,3746,FromCorner,2017,LeftFoot,8813,Bordeaux,Amiens,3,2,2018-02-10 19:00:00,,None
194650,14,BlockedShot,0.915,0.615,0.01391380000859499,Gaetan Laborde,h,3746,FromCorner,2017,Head,8813,Bordeaux,Amiens,3,2,2018-02-10 19:00:00,Malcom,Aerial
194652,20,SavedShot,0.8680000305175781,0.43400001525878906,0.10359299927949905,Gaetan Laborde,h,3746,OpenPlay,2017,RightFoot,8813,Bordeaux,Amiens,3,2,2018-02-10 19:00:00,Youssouf Sabaly,Pass
196974,23,MissedShots,0.875999984741211,0.5479999923706055,0.03071730025112629,Gaetan Laborde,a,3746,OpenPlay,2017,OtherBodyPart,8817,Marseille,Bordeaux,1,0,2018-02-18 20:00:00,Malcom,Cross
196978,29,MissedShots,0.8980000305175782,0.5070000076293946,0.021550800651311874,Gaetan Laborde,a,3746,FromCorner,2017,Head,8817,Marseille,Bordeaux,1,0,2018-02-18 20:00:00,Malcom,Aerial
196980,40,SavedShot,0.8930000305175781,0.53,0.02662760019302368,Gaetan Laborde,a,3746,SetPiece,2017,Head,8817,Marseille,Bordeaux,1,0,2018-02-18 20:00:00,Malcom,Aerial
197853,65,MissedShots,0.8059999847412109,0.5220000076293946,0.050426699221134186,Gaetan Laborde,h,3746,OpenPlay,2017,LeftFoot,8832,Bordeaux,Nice,0,0,2018-02-25 14:00:00,Soualiho Meité,Pass
197854,73,MissedShots,0.875,0.44799999237060545,0.07127510011196136,Gaetan Laborde,h,3746,OpenPlay,2017,LeftFoot,8832,Bordeaux,Nice,0,0,2018-02-25 14:00:00,Maxime Poundje,Cross
197855,74,MissedShots,0.8909999847412109,0.504000015258789,0.08041229844093323,Gaetan Laborde,h,3746,OpenPlay,2017,Head,8832,Bordeaux,Nice,0,0,2018-02-25 14:00:00,Maxime Poundje,Cross
197858,81,MissedShots,0.9319999694824219,0.31799999237060544,0.22991499304771423,Gaetan Laborde,h,3746,OpenPlay,2017,RightFoot,8832,Bordeaux,Nice,0,0,2018-02-25 14:00:00,Youssouf Sabaly,Pass
198569,81,BlockedShot,0.8419999694824218,0.674000015258789,0.039085399359464645,Gaetan Laborde,a,3746,OpenPlay,2017,LeftFoot,8841,Monaco,Bordeaux,2,1,2018-03-02 19:45:00,Nicolas de Preville,Pass
201583,56,SavedShot,0.8590000152587891,0.3240000152587891,0.04616450145840645,Gaetan Laborde,h,3746,OpenPlay,2017,LeftFoot,8858,Bordeaux,Rennes,0,2,2018-03-17 16:00:00,Malcom,Pass
204226,81,SavedShot,0.9869999694824219,0.435,0.5709390044212341,Gaetan Laborde,a,3746,OpenPlay,2017,RightFoot,8867,Guingamp,Bordeaux,2,1,2018-04-01 14:00:00,,Rebound
204229,90,MissedShots,0.9319999694824219,0.4779999923706055,0.12457399815320969,Gaetan Laborde,a,3746,OpenPlay,2017,Head,8867,Guingamp,Bordeaux,2,1,2018-04-01 14:00:00,Maxime Poundje,Cross
211258,84,SavedShot,0.9019999694824219,0.5029999923706054,0.036861300468444824,Gaetan Laborde,h,3746,OpenPlay,2017,Head,8903,Bordeaux,Paris Saint Germain,0,1,2018-04-22 00:00:00,Maxime Poundje,Aerial
211995,6,MissedShots,0.8619999694824219,0.45599998474121095,0.3493790030479431,Gaetan Laborde,h,3746,OpenPlay,2017,LeftFoot,8907,Bordeaux,Dijon,3,1,2018-04-28 18:00:00,,None
212003,29,SavedShot,0.885,0.664000015258789,0.3450700044631958,Gaetan Laborde,h,3746,OpenPlay,2017,LeftFoot,8907,Bordeaux,Dijon,3,1,2018-04-28 18:00:00,Maxime Poundje,Throughball
220379,71,MissedShots,0.914000015258789,0.5670000076293945,0.04814239963889122,Gaetan Laborde,h,3746,OpenPlay,2018,Head,10667,Montpellier,Saint-Etienne,0,0,2018-08-25 21:00:00,Andy Delort,Aerial
221993,23,MissedShots,0.94,0.6430000305175781,0.012558099813759327,Gaetan Laborde,a,3746,FromCorner,2018,Head,10678,Reims,Montpellier,0,1,2018-09-01 18:00:00,Florent Mollet,Aerial
221997,46,MissedShots,0.8240000152587891,0.43400001525878906,0.053720299154520035,Gaetan Laborde,a,3746,OpenPlay,2018,RightFoot,10678,Reims,Montpellier,0,1,2018-09-01 18:00:00,,None
223875,40,MissedShots,0.8930000305175781,0.5879999923706055,0.03409339860081673,Gaetan Laborde,h,3746,OpenPlay,2018,Head,10688,Montpellier,Strasbourg,1,1,2018-09-15 18:00:00,Ambroise Oyongo,Cross
223878,44,BlockedShot,0.8669999694824219,0.515,0.02182069979608059,Gaetan Laborde,h,3746,OpenPlay,2018,Head,10688,Montpellier,Strasbourg,1,1,2018-09-15 18:00:00,Andy Delort,CornerAwarded
223886,78,BlockedShot,0.7819999694824219,0.41200000762939454,0.041118599474430084,Gaetan Laborde,h,3746,OpenPlay,2018,LeftFoot,10688,Montpellier,Strasbourg,1,1,2018-09-15 18:00:00,Junior Sambia,Pass
225441,11,BlockedShot,0.7559999847412109,0.38,0.023093100637197495,Gaetan Laborde,h,3746,OpenPlay,2018,LeftFoot,10697,Montpellier,Nice,1,0,2018-09-22 18:00:00,Ruben Aguilar,Pass
225448,34,Goal,0.965999984741211,0.54,0.6573050022125244,Gaetan Laborde,h,3746,OpenPlay,2018,LeftFoot,10697,Montpellier,Nice,1,0,2018-09-22 18:00:00,,Rebound
228738,23,MissedShots,0.88,0.41200000762939454,0.1772480010986328,Gaetan Laborde,h,3746,SetPiece,2018,RightFoot,10718,Montpellier,Nimes,3,0,2018-09-30 15:00:00,Florent Mollet,Cross
228740,38,MissedShots,0.885,0.42700000762939455,0.06560389697551727,Gaetan Laborde,h,3746,OpenPlay,2018,Head,10718,Montpellier,Nimes,3,0,2018-09-30 15:00:00,Florent Mollet,Cross
228746,45,BlockedShot,0.7759999847412109,0.24799999237060547,0.026269499212503433,Gaetan Laborde,h,3746,OpenPlay,2018,LeftFoot,10718,Montpellier,Nimes,3,0,2018-09-30 15:00:00,Ruben Aguilar,HeadPass
228759,77,Goal,0.955999984741211,0.5209999847412109,0.6027659773826599,Gaetan Laborde,h,3746,OpenPlay,2018,Head,10718,Montpellier,Nimes,3,0,2018-09-30 15:00:00,Florent Mollet,Cross
228761,85,SavedShot,0.775,0.46299999237060546,0.0519740991294384,Gaetan Laborde,h,3746,OpenPlay,2018,LeftFoot,10718,Montpellier,Nimes,3,0,2018-09-30 15:00:00,Damien Le Tallec,Pass
260563,16,MissedShots,0.875,0.46,0.023263899609446526,Gaetan Laborde,a,3746,OpenPlay,2018,Head,10726,Guingamp,Montpellier,1,1,2018-10-06 18:00:00,Florent Mollet,Aerial
260564,17,SavedShot,0.8930000305175781,0.57,0.026406100019812584,Gaetan Laborde,a,3746,OpenPlay,2018,Head,10726,Guingamp,Montpellier,1,1,2018-10-06 18:00:00,Ambroise Oyongo,Aerial
260569,44,MissedShots,0.865,0.5690000152587891,0.10654199868440628,Gaetan Laborde,a,3746,OpenPlay,2018,LeftFoot,10726,Guingamp,Montpellier,1,1,2018-10-06 18:00:00,Ambroise Oyongo,Pass
260878,16,Goal,0.9409999847412109,0.485,0.5839239954948425,Gaetan Laborde,h,3746,OpenPlay,2018,Head,10736,Montpellier,Bordeaux,2,0,2018-10-21 13:00:00,,Aerial
260881,38,SavedShot,0.779000015258789,0.46,0.04682080075144768,Gaetan Laborde,h,3746,OpenPlay,2018,LeftFoot,10736,Montpellier,Bordeaux,2,0,2018-10-21 13:00:00,Andy Delort,TakeOn
260890,76,MissedShots,0.779000015258789,0.38,0.03230379894375801,Gaetan Laborde,h,3746,OpenPlay,2018,LeftFoot,10736,Montpellier,Bordeaux,2,0,2018-10-21 13:00:00,Ruben Aguilar,Pass
261092,16,MissedShots,0.8519999694824218,0.575,0.05251089856028557,Gaetan Laborde,a,3746,OpenPlay,2018,LeftFoot,10751,Toulouse,Montpellier,0,3,2018-10-27 18:00:00,Ambroise Oyongo,Cross
261094,20,Goal,0.8059999847412109,0.36700000762939455,0.03925500065088272,Gaetan Laborde,a,3746,OpenPlay,2018,LeftFoot,10751,Toulouse,Montpellier,0,3,2018-10-27 18:00:00,,BallRecovery
261097,25,SavedShot,0.8859999847412109,0.36700000762939455,0.08560290187597275,Gaetan Laborde,a,3746,OpenPlay,2018,RightFoot,10751,Toulouse,Montpellier,0,3,2018-10-27 18:00:00,Florent Mollet,HeadPass
261106,48,MissedShots,0.8919999694824219,0.54,0.0796424001455307,Gaetan Laborde,a,3746,OpenPlay,2018,Head,10751,Toulouse,Montpellier,0,3,2018-10-27 18:00:00,Ambroise Oyongo,Cross
261110,56,MissedShots,0.9290000152587891,0.504000015258789,0.5572440028190613,Gaetan Laborde,a,3746,OpenPlay,2018,LeftFoot,10751,Toulouse,Montpellier,0,3,2018-10-27 18:00:00,Florent Mollet,Cross
261115,73,MissedShots,0.815,0.825999984741211,0.010036200284957886,Gaetan Laborde,a,3746,OpenPlay,2018,LeftFoot,10751,Toulouse,Montpellier,0,3,2018-10-27 18:00:00,,Aerial
261439,47,MissedShots,0.7559999847412109,0.345,0.020462999120354652,Gaetan Laborde,h,3746,OpenPlay,2018,LeftFoot,10756,Montpellier,Marseille,3,0,2018-11-04 20:00:00,Ruben Aguilar,Pass
261440,50,Goal,0.9019999694824219,0.5309999847412109,0.2757109999656677,Gaetan Laborde,h,3746,OpenPlay,2018,Head,10756,Montpellier,Marseille,3,0,2018-11-04 20:00:00,Ruben Aguilar,Cross
261443,61,Goal,0.8719999694824219,0.37099998474121093,0.08244200050830841,Gaetan Laborde,h,3746,OpenPlay,2018,LeftFoot,10756,Montpellier,Marseille,3,0,2018-11-04 20:00:00,,None
261444,62,MissedShots,0.8819999694824219,0.5590000152587891,0.1414629966020584,Gaetan Laborde,h,3746,OpenPlay,2018,RightFoot,10756,Montpellier,Marseille,3,0,2018-11-04 20:00:00,Florent Mollet,Throughball
261448,71,SavedShot,0.8009999847412109,0.629000015258789,0.050115399062633514,Gaetan Laborde,h,3746,OpenPlay,2018,LeftFoot,10756,Montpellier,Marseille,3,0,2018-11-04 20:00:00,Paul Lasne,Pass
261531,74,BlockedShot,0.8380000305175781,0.3089999961853027,0.03402189910411835,Gaetan Laborde,a,3746,OpenPlay,2018,LeftFoot,10763,Angers,Montpellier,1,0,2018-11-10 19:00:00,Ruben Aguilar,Pass
261838,55,SavedShot,0.8590000152587891,0.4520000076293945,0.1826539933681488,Gaetan Laborde,h,3746,OpenPlay,2018,RightFoot,10777,Montpellier,Rennes,2,2,2018-11-25 14:00:00,Ellyes Skhiri,TakeOn
261843,64,MissedShots,0.9159999847412109,0.47200000762939454,0.05526209995150566,Gaetan Laborde,h,3746,SetPiece,2018,Head,10777,Montpellier,Rennes,2,2,2018-11-25 14:00:00,Andy Delort,Aerial
262016,56,MissedShots,0.895,0.4279999923706055,0.02355179935693741,Gaetan Laborde,a,3746,OpenPlay,2018,Head,10786,Monaco,Montpellier,1,2,2018-12-01 19:00:00,Pedro Mendes,Aerial
262022,79,MissedShots,0.865,0.455,0.031185200437903404,Gaetan Laborde,a,3746,OpenPlay,2018,Head,10786,Monaco,Montpellier,1,2,2018-12-01 19:00:00,Pedro Mendes,Cross
262023,80,Goal,0.9330000305175781,0.4779999923706055,0.3924019932746887,Gaetan Laborde,a,3746,OpenPlay,2018,Head,10786,Monaco,Montpellier,1,2,2018-12-01 19:00:00,Andy Delort,Aerial
262264,24,SavedShot,0.9290000152587891,0.3840000152587891,0.08795999735593796,Gaetan Laborde,h,3746,OpenPlay,2018,RightFoot,10793,Montpellier,Lille,0,1,2018-12-04 20:00:00,Andy Delort,Pass
262275,66,SavedShot,0.8190000152587891,0.674000015258789,0.03023809939622879,Gaetan Laborde,h,3746,OpenPlay,2018,LeftFoot,10793,Montpellier,Lille,0,1,2018-12-04 20:00:00,,None
262822,15,SavedShot,0.88,0.28899999618530275,0.03697270154953003,Gaetan Laborde,h,3746,OpenPlay,2018,RightFoot,10827,Montpellier,Lyon,1,1,2018-12-22 19:00:00,Andy Delort,Chipped
262837,80,BlockedShot,0.889000015258789,0.6270000076293946,0.017779100686311722,Gaetan Laborde,h,3746,OpenPlay,2018,Head,10827,Montpellier,Lyon,1,1,2018-12-22 19:00:00,Ambroise Oyongo,TakeOn
282026,7,MissedShots,0.919000015258789,0.4470000076293945,0.13115599751472473,Gaetan Laborde,a,3746,OpenPlay,2018,LeftFoot,10819,Nantes,Montpellier,2,0,2019-01-08 18:00:00,Andy Delort,Throughball
282582,65,MissedShots,0.9290000152587891,0.5179999923706055,0.07204929739236832,Gaetan Laborde,a,3746,OpenPlay,2018,Head,10843,Rennes,Montpellier,0,0,2019-01-20 14:00:00,Andy Delort,Aerial
282863,11,MissedShots,0.745999984741211,0.6719999694824219,0.010775799863040447,Gaetan Laborde,h,3746,OpenPlay,2018,LeftFoot,10854,Montpellier,Caen,2,0,2019-01-27 14:00:00,Andy Delort,Aerial
282865,22,MissedShots,0.9259999847412109,0.509000015258789,0.0712599977850914,Gaetan Laborde,h,3746,OpenPlay,2018,Head,10854,Montpellier,Caen,2,0,2019-01-27 14:00:00,Andy Delort,Aerial
282870,50,Goal,0.97,0.41900001525878905,0.058910101652145386,Gaetan Laborde,h,3746,OpenPlay,2018,Head,10854,Montpellier,Caen,2,0,2019-01-27 14:00:00,,Aerial
283028,30,MissedShots,0.794000015258789,0.3060000038146973,0.02025729976594448,Gaetan Laborde,a,3746,OpenPlay,2018,LeftFoot,10866,Nimes,Montpellier,1,1,2019-02-03 14:00:00,Mathías Suárez,BallTouch
283198,8,SavedShot,0.8059999847412109,0.47200000762939454,0.04501219838857651,Gaetan Laborde,h,3746,OpenPlay,2018,LeftFoot,10876,Montpellier,Monaco,2,2,2019-02-10 14:00:00,Andy Delort,Pass
283201,25,MissedShots,0.904000015258789,0.5359999847412109,0.08996559679508209,Gaetan Laborde,h,3746,OpenPlay,2018,Head,10876,Montpellier,Monaco,2,2,2019-02-10 14:00:00,Junior Sambia,Cross
283212,65,Goal,0.9619999694824218,0.575,0.39718300104141235,Gaetan Laborde,h,3746,OpenPlay,2018,LeftFoot,10876,Montpellier,Monaco,2,2,2019-02-10 14:00:00,,BallTouch
283629,4,MissedShots,0.7619999694824219,0.30100000381469727,0.019360100850462914,Gaetan Laborde,a,3746,OpenPlay,2018,RightFoot,10808,Paris Saint Germain,Montpellier,5,1,2019-02-20 20:00:00,Ellyes Skhiri,Pass
283641,35,MissedShots,0.8190000152587891,0.435,0.04952330142259598,Gaetan Laborde,a,3746,SetPiece,2018,RightFoot,10808,Paris Saint Germain,Montpellier,5,1,2019-02-20 20:00:00,Damien Le Tallec,Pass
283645,49,MissedShots,0.789000015258789,0.53,0.04477950185537338,Gaetan Laborde,a,3746,OpenPlay,2018,RightFoot,10808,Paris Saint Germain,Montpellier,5,1,2019-02-20 20:00:00,Ellyes Skhiri,HeadPass
283802,2,MissedShots,0.92,0.49900001525878906,0.4580549895763397,Gaetan Laborde,h,3746,OpenPlay,2018,Head,10896,Montpellier,Reims,2,4,2019-02-24 14:00:00,Paul Lasne,Aerial
283820,54,Goal,0.8919999694824219,0.34700000762939454,0.06180499866604805,Gaetan Laborde,h,3746,OpenPlay,2018,RightFoot,10896,Montpellier,Reims,2,4,2019-02-24 14:00:00,Andy Delort,Chipped
283828,78,BlockedShot,0.8969999694824219,0.5990000152587891,0.01833459921181202,Gaetan Laborde,h,3746,OpenPlay,2018,Head,10896,Montpellier,Reims,2,4,2019-02-24 14:00:00,Daniel Congré,Aerial
284985,55,SavedShot,0.8880000305175781,0.5129999923706055,0.1425579935312271,Gaetan Laborde,h,3746,OpenPlay,2018,LeftFoot,10919,Montpellier,Angers,2,2,2019-03-10 14:00:00,Andy Delort,Throughball
287099,31,BlockedShot,0.855999984741211,0.549000015258789,0.06102129817008972,Gaetan Laborde,a,3746,OpenPlay,2018,LeftFoot,10926,Lyon,Montpellier,3,2,2019-03-17 13:30:00,Ambroise Oyongo,Cross
287111,62,MissedShots,0.7819999694824219,0.3509999847412109,0.0270834993571043,Gaetan Laborde,a,3746,OpenPlay,2018,LeftFoot,10926,Lyon,Montpellier,3,2,2019-03-17 13:30:00,Ruben Aguilar,Pass
291171,24,BlockedShot,0.9259999847412109,0.37099998474121093,0.11808399856090546,Gaetan Laborde,h,3746,OpenPlay,2018,RightFoot,10940,Montpellier,Guingamp,2,0,2019-04-03 18:00:00,Florent Mollet,Pass
291174,41,BlockedShot,0.8219999694824218,0.31,0.04430460184812546,Gaetan Laborde,h,3746,OpenPlay,2018,LeftFoot,10940,Montpellier,Guingamp,2,0,2019-04-03 18:00:00,Florent Mollet,Chipped
291177,44,SavedShot,0.8230000305175781,0.515,0.039990298449993134,Gaetan Laborde,h,3746,OpenPlay,2018,Head,10940,Montpellier,Guingamp,2,0,2019-04-03 18:00:00,Hilton,Cross
291178,45,MissedShots,0.9019999694824219,0.54,0.14042900502681732,Gaetan Laborde,h,3746,OpenPlay,2018,LeftFoot,10940,Montpellier,Guingamp,2,0,2019-04-03 18:00:00,Florent Mollet,Pass
292688,24,MissedShots,0.9119999694824219,0.445,0.09135399758815765,Gaetan Laborde,a,3746,OpenPlay,2018,Head,10952,Nice,Montpellier,1,0,2019-04-07 16:00:00,Damien Le Tallec,Cross
292703,61,BlockedShot,0.825999984741211,0.625,0.05587749928236008,Gaetan Laborde,a,3746,OpenPlay,2018,RightFoot,10952,Nice,Montpellier,1,0,2019-04-07 16:00:00,Andy Delort,LayOff
292705,71,MissedShots,0.83,0.31,0.032698098570108414,Gaetan Laborde,a,3746,OpenPlay,2018,LeftFoot,10952,Nice,Montpellier,1,0,2019-04-07 16:00:00,Paul Lasne,Pass
294406,15,MissedShots,0.9169999694824219,0.32799999237060545,0.06246519833803177,Gaetan Laborde,h,3746,OpenPlay,2018,RightFoot,10958,Montpellier,Toulouse,2,1,2019-04-14 14:00:00,Ruben Aguilar,Pass
294409,34,BlockedShot,0.865,0.624000015258789,0.08016639947891235,Gaetan Laborde,h,3746,OpenPlay,2018,LeftFoot,10958,Montpellier,Toulouse,2,1,2019-04-14 14:00:00,Andy Delort,Pass
294411,39,MissedShots,0.860999984741211,0.43400001525878906,0.10959099978208542,Gaetan Laborde,h,3746,OpenPlay,2018,RightFoot,10958,Montpellier,Toulouse,2,1,2019-04-14 14:00:00,Ruben Aguilar,LayOff
294412,41,MissedShots,0.825,0.30700000762939456,0.03475629910826683,Gaetan Laborde,h,3746,OpenPlay,2018,LeftFoot,10958,Montpellier,Toulouse,2,1,2019-04-14 14:00:00,Ruben Aguilar,Chipped
294414,47,MissedShots,0.9169999694824219,0.5459999847412109,0.053080398589372635,Gaetan Laborde,h,3746,OpenPlay,2018,Head,10958,Montpellier,Toulouse,2,1,2019-04-14 14:00:00,Andy Delort,Aerial
295614,6,MissedShots,0.904000015258789,0.47299999237060547,0.04482480138540268,Gaetan Laborde,a,3746,OpenPlay,2018,Head,10970,Strasbourg,Montpellier,1,3,2019-04-20 19:00:00,Andy Delort,Aerial
295627,43,SavedShot,0.730999984741211,0.4470000076293945,0.03182309865951538,Gaetan Laborde,a,3746,OpenPlay,2018,LeftFoot,10970,Strasbourg,Montpellier,1,3,2019-04-20 19:00:00,Andy Delort,Pass
298579,84,BlockedShot,0.870999984741211,0.5329999923706055,0.04854569956660271,Gaetan Laborde,h,3746,FromCorner,2018,RightFoot,10977,Montpellier,Paris Saint Germain,3,2,2019-04-30 18:00:00,Junior Sambia,Cross
299864,5,BlockedShot,0.905,0.5779999923706055,0.11524699628353119,Gaetan Laborde,h,3746,SetPiece,2018,RightFoot,10991,Montpellier,Amiens,1,1,2019-05-05 14:00:00,Pedro Mendes,Pass
299874,55,SavedShot,0.9009999847412109,0.5509999847412109,0.044731300324201584,Gaetan Laborde,h,3746,OpenPlay,2018,Head,10991,Montpellier,Amiens,1,1,2019-05-05 14:00:00,,Aerial
299877,72,SavedShot,0.845,0.5270000076293946,0.06851170212030411,Gaetan Laborde,h,3746,SetPiece,2018,LeftFoot,10991,Montpellier,Amiens,1,1,2019-05-05 14:00:00,Andy Delort,HeadPass
300498,2,MissedShots,0.879000015258789,0.605999984741211,0.05069670081138611,Gaetan Laborde,a,3746,OpenPlay,2018,LeftFoot,11001,Saint-Etienne,Montpellier,0,1,2019-05-10 19:45:00,Ambroise Oyongo,Cross
300504,32,MissedShots,0.745,0.5570000076293945,0.02131580002605915,Gaetan Laborde,a,3746,OpenPlay,2018,RightFoot,11001,Saint-Etienne,Montpellier,0,1,2019-05-10 19:45:00,Florent Mollet,Pass
300506,37,SavedShot,0.9690000152587891,0.445,0.6224539875984192,Gaetan Laborde,a,3746,OpenPlay,2018,LeftFoot,11001,Saint-Etienne,Montpellier,0,1,2019-05-10 19:45:00,Andy Delort,Pass
300512,63,Goal,0.8130000305175781,0.36900001525878906,0.03339890018105507,Gaetan Laborde,a,3746,OpenPlay,2018,LeftFoot,11001,Saint-Etienne,Montpellier,0,1,2019-05-10 19:45:00,Ellyes Skhiri,Pass
300514,67,MissedShots,0.8630000305175781,0.48700000762939455,0.3766799867153168,Gaetan Laborde,a,3746,OpenPlay,2018,LeftFoot,11001,Saint-Etienne,Montpellier,0,1,2019-05-10 19:45:00,Andy Delort,Throughball
302871,5,BlockedShot,0.845,0.500999984741211,0.057771001011133194,Gaetan Laborde,h,3746,OpenPlay,2018,RightFoot,11008,Montpellier,Nantes,1,1,2019-05-18 19:00:00,Mathías Suárez,Cross
302883,51,BlockedShot,0.735,0.5720000076293945,0.01985960081219673,Gaetan Laborde,h,3746,OpenPlay,2018,LeftFoot,11008,Montpellier,Nantes,1,1,2019-05-18 19:00:00,Mihailo Ristic,Pass
302892,76,BlockedShot,0.885,0.39799999237060546,0.01892950013279915,Gaetan Laborde,h,3746,OpenPlay,2018,Head,11008,Montpellier,Nantes,1,1,2019-05-18 19:00:00,Ambroise Oyongo,CornerAwarded
303543,71,BlockedShot,0.9019999694824219,0.6120000076293945,0.022545399144291878,Gaetan Laborde,a,3746,FromCorner,2018,Head,11017,Marseille,Montpellier,1,0,2019-05-24 19:05:00,Junior Sambia,Cross
310075,19,MissedShots,0.919000015258789,0.539000015258789,0.05134040117263794,Gaetan Laborde,h,3746,OpenPlay,2019,Head,12712,Montpellier,Rennes,0,1,2019-08-10 19:00:00,Arnaud Souquet,Aerial
310081,39,MissedShots,0.875,0.4779999923706055,0.019287100061774254,Gaetan Laborde,h,3746,OpenPlay,2019,Head,12712,Montpellier,Rennes,0,1,2019-08-10 19:00:00,Mihailo Ristic,Aerial
310084,44,MissedShots,0.9530000305175781,0.615999984741211,0.23476800322532654,Gaetan Laborde,h,3746,OpenPlay,2019,LeftFoot,12712,Montpellier,Rennes,0,1,2019-08-10 19:00:00,Andy Delort,Chipped
310090,52,MissedShots,0.9019999694824219,0.4779999923706055,0.040332499891519547,Gaetan Laborde,h,3746,SetPiece,2019,Head,12712,Montpellier,Rennes,0,1,2019-08-10 19:00:00,Andy Delort,Aerial
310843,9,SavedShot,0.7880000305175782,0.17700000762939452,0.01424620021134615,Gaetan Laborde,a,3746,OpenPlay,2019,LeftFoot,12722,Bordeaux,Montpellier,1,1,2019-08-17 19:00:00,Jordan Ferri,Pass
315271,0,MissedShots,0.92,0.44299999237060544,0.08302690088748932,Gaetan Laborde,h,3746,SetPiece,2019,RightFoot,12736,Montpellier,Lyon,1,0,2019-08-27 18:00:00,Florent Mollet,Cross
315300,86,BlockedShot,0.795,0.655,0.03496209904551506,Gaetan Laborde,h,3746,OpenPlay,2019,LeftFoot,12736,Montpellier,Lyon,1,0,2019-08-27 18:00:00,Jordan Ferri,Pass
316144,60,BlockedShot,0.855999984741211,0.565,0.09030099958181381,Gaetan Laborde,a,3746,OpenPlay,2019,RightFoot,12743,Nantes,Montpellier,1,0,2019-08-31 18:00:00,Ambroise Oyongo,Pass
317601,15,SavedShot,0.8690000152587891,0.49700000762939456,0.0686940997838974,Gaetan Laborde,h,3746,OpenPlay,2019,LeftFoot,12751,Montpellier,Nice,2,1,2019-09-14 18:00:00,Ambroise Oyongo,Cross
317608,29,SavedShot,0.9080000305175782,0.5690000152587891,0.4193339943885803,Gaetan Laborde,h,3746,OpenPlay,2019,LeftFoot,12751,Montpellier,Nice,2,1,2019-09-14 18:00:00,Andy Delort,Pass
317616,59,MissedShots,0.8369999694824218,0.6930000305175781,0.04431910067796707,Gaetan Laborde,h,3746,OpenPlay,2019,RightFoot,12751,Montpellier,Nice,2,1,2019-09-14 18:00:00,Florent Mollet,Pass
323313,64,MissedShots,0.8030000305175782,0.4909999847412109,0.05937600135803223,Gaetan Laborde,a,3746,OpenPlay,2019,LeftFoot,12785,Strasbourg,Montpellier,1,0,2019-09-29 13:00:00,,TakeOn
324356,0,MissedShots,0.8519999694824218,0.51,0.02000279910862446,Gaetan Laborde,h,3746,OpenPlay,2019,Head,12792,Montpellier,Monaco,3,1,2019-10-05 19:00:00,Ambroise Oyongo,Cross
324365,35,SavedShot,0.8930000305175781,0.44299999237060544,0.13309699296951294,Gaetan Laborde,h,3746,OpenPlay,2019,RightFoot,12792,Montpellier,Monaco,3,1,2019-10-05 19:00:00,Damien Le Tallec,Pass
324385,83,SavedShot,0.86,0.41200000762939454,0.124379001557827,Gaetan Laborde,h,3746,OpenPlay,2019,RightFoot,12792,Montpellier,Monaco,3,1,2019-10-05 19:00:00,Souleymane Camara,Pass
325937,8,MissedShots,0.9680000305175781,0.5459999847412109,0.08767080307006836,Gaetan Laborde,a,3746,FromCorner,2019,Head,12799,Reims,Montpellier,1,0,2019-10-19 19:00:00,Florent Mollet,Aerial
327423,1,MissedShots,0.914000015258789,0.5820000076293945,0.21560899913311005,Gaetan Laborde,h,3746,OpenPlay,2019,Head,12817,Montpellier,Angers,0,0,2019-10-26 19:00:00,Andy Delort,Cross
327427,13,MissedShots,0.9119999694824219,0.5970000076293945,0.05738719925284386,Gaetan Laborde,h,3746,OpenPlay,2019,Head,12817,Montpellier,Angers,0,0,2019-10-26 19:00:00,Ambroise Oyongo,Cross
327432,29,MissedShots,0.9390000152587891,0.6179999923706054,0.08615230023860931,Gaetan Laborde,h,3746,OpenPlay,2019,LeftFoot,12817,Montpellier,Angers,0,0,2019-10-26 19:00:00,Hilton,HeadPass
327440,56,ShotOnPost,0.7880000305175782,0.580999984741211,0.018641499802470207,Gaetan Laborde,h,3746,OpenPlay,2019,LeftFoot,12817,Montpellier,Angers,0,0,2019-10-26 19:00:00,Andy Delort,HeadPass
329550,18,MissedShots,0.8859999847412109,0.620999984741211,0.01767430081963539,Gaetan Laborde,a,3746,OpenPlay,2019,Head,12823,Metz,Montpellier,2,2,2019-11-02 19:00:00,Ambroise Oyongo,Aerial
329557,52,MissedShots,0.8209999847412109,0.36900001525878906,0.052609898149967194,Gaetan Laborde,a,3746,OpenPlay,2019,LeftFoot,12823,Metz,Montpellier,2,2,2019-11-02 19:00:00,Florent Mollet,TakeOn
331514,42,Goal,0.9630000305175781,0.4779999923706055,0.8561630249023438,Gaetan Laborde,h,3746,OpenPlay,2019,LeftFoot,12830,Montpellier,Toulouse,3,0,2019-11-10 16:00:00,Andy Delort,Pass
332987,24,SavedShot,0.8819999694824219,0.5279999923706055,0.08773429691791534,Gaetan Laborde,a,3746,OpenPlay,2019,LeftFoot,12845,Saint-Etienne,Montpellier,0,0,2019-11-24 16:00:00,Ambroise Oyongo,Cross
332988,24,MissedShots,0.8830000305175781,0.6,0.3188459873199463,Gaetan Laborde,a,3746,OpenPlay,2019,LeftFoot,12845,Saint-Etienne,Montpellier,0,0,2019-11-24 16:00:00,,Rebound
332995,68,MissedShots,0.9440000152587891,0.29700000762939455,0.0466855987906456,Gaetan Laborde,a,3746,OpenPlay,2019,RightFoot,12845,Saint-Etienne,Montpellier,0,0,2019-11-24 16:00:00,Téji Savanier,Pass
332996,76,SavedShot,0.92,0.5070000076293946,0.3663429915904999,Gaetan Laborde,a,3746,OpenPlay,2019,Head,12845,Saint-Etienne,Montpellier,0,0,2019-11-24 16:00:00,Andy Delort,Cross
333930,0,MissedShots,0.7659999847412109,0.49,0.029452599585056305,Gaetan Laborde,h,3746,OpenPlay,2019,LeftFoot,12856,Montpellier,Amiens,4,2,2019-11-30 19:00:00,Andy Delort,Pass
333940,48,MissedShots,0.9230000305175782,0.47900001525878905,0.13249200582504272,Gaetan Laborde,h,3746,OpenPlay,2019,Head,12856,Montpellier,Amiens,4,2,2019-11-30 19:00:00,Andy Delort,Cross
333945,63,Goal,0.9380000305175781,0.51,0.07103870064020157,Gaetan Laborde,h,3746,FromCorner,2019,Head,12856,Montpellier,Amiens,4,2,2019-11-30 19:00:00,Téji Savanier,Aerial
333954,90,BlockedShot,0.794000015258789,0.47200000762939454,0.059831298887729645,Gaetan Laborde,h,3746,OpenPlay,2019,RightFoot,12856,Montpellier,Amiens,4,2,2019-11-30 19:00:00,Téji Savanier,Pass
334921,12,BlockedShot,0.85,0.7140000152587891,0.030751600861549377,Gaetan Laborde,a,3746,OpenPlay,2019,LeftFoot,12862,Dijon,Montpellier,2,2,2019-12-04 18:00:00,Florent Mollet,Pass
335780,45,MissedShots,0.870999984741211,0.23399999618530273,0.03946460038423538,Gaetan Laborde,h,3746,OpenPlay,2019,RightFoot,12871,Montpellier,Paris Saint Germain,1,3,2019-12-07 16:30:00,,BallTouch
339057,12,Goal,0.845,0.5690000152587891,0.06438689678907394,Gaetan Laborde,h,3746,OpenPlay,2019,RightFoot,12889,Montpellier,Brest,4,0,2019-12-21 19:45:00,,None
339070,55,Goal,0.8119999694824219,0.56,0.3276689946651459,Gaetan Laborde,h,3746,OpenPlay,2019,LeftFoot,12889,Montpellier,Brest,4,0,2019-12-21 19:45:00,,TakeOn
354251,28,MissedShots,0.9109999847412109,0.49,0.04229409992694855,Gaetan Laborde,a,3746,OpenPlay,2019,Head,12900,Amiens,Montpellier,1,2,2020-01-11 19:00:00,Andy Delort,Aerial
354253,49,Goal,0.9280000305175782,0.4879999923706055,0.3923819959163666,Gaetan Laborde,a,3746,SetPiece,2019,Head,12900,Amiens,Montpellier,1,2,2020-01-11 19:00:00,Téji Savanier,Chipped
354256,61,SavedShot,0.9309999847412109,0.5509999847412109,0.06248769909143448,Gaetan Laborde,a,3746,OpenPlay,2019,Head,12900,Amiens,Montpellier,1,2,2020-01-11 19:00:00,Andy Delort,Aerial
354262,92,ShotOnPost,0.865,0.6619999694824219,0.07204779982566833,Gaetan Laborde,a,3746,OpenPlay,2019,LeftFoot,12900,Amiens,Montpellier,1,2,2020-01-11 19:00:00,Florent Mollet,Pass
355980,51,SavedShot,0.8909999847412109,0.3390000152587891,0.2849139869213104,Gaetan Laborde,h,3746,OpenPlay,2019,RightFoot,12912,Montpellier,Dijon,2,1,2020-01-25 19:00:00,Arnaud Souquet,TakeOn
355983,61,MissedShots,0.860999984741211,0.40599998474121096,0.08520589768886566,Gaetan Laborde,h,3746,OpenPlay,2019,LeftFoot,12912,Montpellier,Dijon,2,1,2020-01-25 19:00:00,Andy Delort,None
355988,78,SavedShot,0.9230000305175782,0.6569999694824219,0.31271499395370483,Gaetan Laborde,h,3746,OpenPlay,2019,LeftFoot,12912,Montpellier,Dijon,2,1,2020-01-25 19:00:00,Andy Delort,Pass
355989,83,MissedShots,0.8209999847412109,0.515,0.06449220329523087,Gaetan Laborde,h,3746,OpenPlay,2019,RightFoot,12912,Montpellier,Dijon,2,1,2020-01-25 19:00:00,Andy Delort,Pass
357656,3,SavedShot,0.8230000305175781,0.37099998474121093,0.018026599660515785,Gaetan Laborde,h,3746,SetPiece,2019,LeftFoot,12934,Montpellier,Metz,1,1,2020-02-05 18:00:00,Florent Mollet,Cross
357661,23,MissedShots,0.8380000305175781,0.4229999923706055,0.08198860287666321,Gaetan Laborde,h,3746,OpenPlay,2019,LeftFoot,12934,Montpellier,Metz,1,1,2020-02-05 18:00:00,Andy Delort,BallTouch
357669,46,SavedShot,0.894000015258789,0.69,0.07123059779405594,Gaetan Laborde,h,3746,OpenPlay,2019,RightFoot,12934,Montpellier,Metz,1,1,2020-02-05 18:00:00,,BallRecovery
358392,30,SavedShot,0.885,0.585,0.1028200015425682,Gaetan Laborde,h,3746,OpenPlay,2019,LeftFoot,12941,Montpellier,Saint-Etienne,1,0,2020-02-09 14:00:00,Téji Savanier,Chipped
358393,31,MissedShots,0.9469999694824218,0.5109999847412109,0.10395199805498123,Gaetan Laborde,h,3746,FromCorner,2019,Head,12941,Montpellier,Saint-Etienne,1,0,2020-02-09 14:00:00,Damien Le Tallec,HeadPass
358404,73,MissedShots,0.799000015258789,0.355,0.05817690119147301,Gaetan Laborde,h,3746,OpenPlay,2019,LeftFoot,12941,Montpellier,Saint-Etienne,1,0,2020-02-09 14:00:00,,TakeOn
358409,86,MissedShots,0.9169999694824219,0.46,0.035957399755716324,Gaetan Laborde,h,3746,FromCorner,2019,Head,12941,Montpellier,Saint-Etienne,1,0,2020-02-09 14:00:00,Téji Savanier,Aerial
358752,62,MissedShots,0.9130000305175782,0.4,0.06985630095005035,Gaetan Laborde,a,3746,OpenPlay,2019,RightFoot,12955,Monaco,Montpellier,1,0,2020-02-14 19:45:00,Jordan Ferri,Cross
358760,93,MissedShots,0.895,0.4329999923706055,0.0720696970820427,Gaetan Laborde,a,3746,OpenPlay,2019,LeftFoot,12955,Monaco,Montpellier,1,0,2020-02-14 19:45:00,Florent Mollet,BallTouch
360104,61,MissedShots,0.769000015258789,0.44299999237060544,0.02793719992041588,Gaetan Laborde,a,3746,OpenPlay,2019,RightFoot,12968,Angers,Montpellier,1,0,2020-02-22 19:00:00,Andy Delort,Pass
361090,14,MissedShots,0.9030000305175782,0.45599998474121095,0.041334301233291626,Gaetan Laborde,h,3746,OpenPlay,2019,Head,12977,Montpellier,Strasbourg,3,0,2020-02-29 19:00:00,Andy Delort,Aerial
361101,35,MissedShots,0.9469999694824218,0.5690000152587891,0.5677419900894165,Gaetan Laborde,h,3746,OpenPlay,2019,OtherBodyPart,12977,Montpellier,Strasbourg,3,0,2020-02-29 19:00:00,Andy Delort,Aerial
361103,45,BlockedShot,0.755,0.40200000762939453,0.018780799582600594,Gaetan Laborde,h,3746,OpenPlay,2019,RightFoot,12977,Montpellier,Strasbourg,3,0,2020-02-29 19:00:00,Téji Savanier,Chipped
361105,52,SavedShot,0.879000015258789,0.40599998474121096,0.013975599780678749,Gaetan Laborde,h,3746,OpenPlay,2019,Head,12977,Montpellier,Strasbourg,3,0,2020-02-29 19:00:00,Jordan Ferri,Aerial
361108,58,SavedShot,0.955999984741211,0.49700000762939456,0.7087569832801819,Gaetan Laborde,h,3746,OpenPlay,2019,LeftFoot,12977,Montpellier,Strasbourg,3,0,2020-02-29 19:00:00,,Rebound
361111,60,Goal,0.879000015258789,0.5220000076293946,0.07150749862194061,Gaetan Laborde,h,3746,OpenPlay,2019,Head,12977,Montpellier,Strasbourg,3,0,2020-02-29 19:00:00,Mihailo Ristic,Cross
361116,69,MissedShots,0.775,0.3220000076293945,0.02303129993379116,Gaetan Laborde,h,3746,OpenPlay,2019,LeftFoot,12977,Montpellier,Strasbourg,3,0,2020-02-29 19:00:00,Téji Savanier,Cross
362263,10,SavedShot,0.895,0.23,0.020730499178171158,Gaetan Laborde,a,3746,FromCorner,2019,LeftFoot,12987,Rennes,Montpellier,5,0,2020-03-08 15:00:00,,None
362264,14,BlockedShot,0.865999984741211,0.55,0.056958600878715515,Gaetan Laborde,a,3746,OpenPlay,2019,RightFoot,12987,Rennes,Montpellier,5,0,2020-03-08 15:00:00,Andy Delort,Cross
362268,21,ShotOnPost,0.9480000305175781,0.519000015258789,0.45904600620269775,Gaetan Laborde,a,3746,OpenPlay,2019,Head,12987,Rennes,Montpellier,5,0,2020-03-08 15:00:00,Andy Delort,HeadPass
362270,34,BlockedShot,0.894000015258789,0.66,0.06554470211267471,Gaetan Laborde,a,3746,OpenPlay,2019,RightFoot,12987,Rennes,Montpellier,5,0,2020-03-08 15:00:00,Florent Mollet,Pass
376091,4,MissedShots,0.919000015258789,0.5829999923706055,0.08011409640312195,Gaetan Laborde,a,3746,SetPiece,2020,Head,13994,Rennes,Montpellier,2,1,2020-08-29 15:00:00,Florent Mollet,Cross
376115,82,MissedShots,0.8780000305175781,0.31,0.047985099256038666,Gaetan Laborde,a,3746,OpenPlay,2020,LeftFoot,13994,Rennes,Montpellier,2,1,2020-08-29 15:00:00,,BallRecovery
376117,90,Goal,0.895,0.5559999847412109,0.06546410173177719,Gaetan Laborde,a,3746,OpenPlay,2020,Head,13994,Rennes,Montpellier,2,1,2020-08-29 15:00:00,Ambroise Oyongo,Cross
376545,4,SavedShot,0.9340000152587891,0.5070000076293946,0.08530709892511368,Gaetan Laborde,h,3746,SetPiece,2020,OtherBodyPart,14192,Montpellier,Nice,3,1,2020-09-12 15:00:00,Pedro Mendes,Aerial
376550,14,MissedShots,0.9219999694824219,0.41900001525878905,0.04534580186009407,Gaetan Laborde,h,3746,OpenPlay,2020,Head,14192,Montpellier,Nice,3,1,2020-09-12 15:00:00,Andy Delort,Aerial
376551,15,SavedShot,0.919000015258789,0.67,0.06568670272827148,Gaetan Laborde,h,3746,OpenPlay,2020,LeftFoot,14192,Montpellier,Nice,3,1,2020-09-12 15:00:00,Andy Delort,Chipped
376552,17,Goal,0.88,0.5609999847412109,0.07141579687595367,Gaetan Laborde,h,3746,OpenPlay,2020,LeftFoot,14192,Montpellier,Nice,3,1,2020-09-12 15:00:00,Andy Delort,HeadPass
376554,24,SavedShot,0.92,0.42400001525878905,0.30427199602127075,Gaetan Laborde,h,3746,OpenPlay,2020,Head,14192,Montpellier,Nice,3,1,2020-09-12 15:00:00,Mihailo Ristic,Chipped
376555,24,SavedShot,0.9269999694824219,0.5779999923706055,0.11649399995803833,Gaetan Laborde,h,3746,OpenPlay,2020,LeftFoot,14192,Montpellier,Nice,3,1,2020-09-12 15:00:00,,None
376558,35,BlockedShot,0.865999984741211,0.5640000152587891,0.05145300179719925,Gaetan Laborde,h,3746,FromCorner,2020,LeftFoot,14192,Montpellier,Nice,3,1,2020-09-12 15:00:00,Téji Savanier,HeadPass
377166,7,MissedShots,0.8969999694824219,0.485,0.043804798275232315,Gaetan Laborde,h,3746,OpenPlay,2020,Head,14201,Montpellier,Lyon,2,1,2020-09-15 19:00:00,Mihailo Ristic,Aerial
377931,12,SavedShot,0.7030000305175781,0.5,0.011900999583303928,Gaetan Laborde,h,3746,SetPiece,2020,LeftFoot,14210,Montpellier,Angers,4,1,2020-09-20 13:00:00,Jordan Ferri,BallRecovery
379474,19,SavedShot,0.975999984741211,0.645,0.06236889958381653,Gaetan Laborde,a,3746,FromCorner,2020,LeftFoot,14218,Dijon,Montpellier,2,2,2020-09-27 13:00:00,,Rebound
379484,55,SavedShot,0.9330000305175781,0.4379999923706055,0.13509799540042877,Gaetan Laborde,a,3746,OpenPlay,2020,Head,14218,Dijon,Montpellier,2,2,2020-09-27 13:00:00,Téji Savanier,Cross
380998,11,BlockedShot,0.865999984741211,0.5579999923706055,0.07572410255670547,Gaetan Laborde,h,3746,OpenPlay,2020,LeftFoot,15809,Montpellier,Nimes,0,1,2020-10-04 11:00:00,,None
381000,30,BlockedShot,0.85,0.2720000076293945,0.036622799932956696,Gaetan Laborde,h,3746,OpenPlay,2020,LeftFoot,15809,Montpellier,Nimes,0,1,2020-10-04 11:00:00,Arnaud Souquet,TakeOn
381002,34,BlockedShot,0.9130000305175782,0.43,0.09820009768009186,Gaetan Laborde,h,3746,FromCorner,2020,RightFoot,15809,Montpellier,Nimes,0,1,2020-10-04 11:00:00,Andy Delort,HeadPass
381005,38,SavedShot,0.8830000305175781,0.47299999237060547,0.06893499940633774,Gaetan Laborde,h,3746,OpenPlay,2020,Head,15809,Montpellier,Nimes,0,1,2020-10-04 11:00:00,Mihailo Ristic,Cross
381013,80,MissedShots,0.784000015258789,0.4540000152587891,0.03351379930973053,Gaetan Laborde,h,3746,OpenPlay,2020,LeftFoot,15809,Montpellier,Nimes,0,1,2020-10-04 11:00:00,,None
382464,11,SavedShot,0.8209999847412109,0.6990000152587891,0.03671399876475334,Gaetan Laborde,a,3746,OpenPlay,2020,LeftFoot,15820,Monaco,Montpellier,1,1,2020-10-18 13:00:00,Andy Delort,HeadPass
384931,22,ShotOnPost,0.92,0.5790000152587891,0.2824999988079071,Gaetan Laborde,a,3746,OpenPlay,2020,Head,15843,Saint-Etienne,Montpellier,0,1,2020-11-01 12:00:00,Andy Delort,Cross
384934,42,SavedShot,0.905,0.4279999923706055,0.04503060132265091,Gaetan Laborde,a,3746,OpenPlay,2020,Head,15843,Saint-Etienne,Montpellier,0,1,2020-11-01 12:00:00,Andy Delort,Aerial
384939,73,BlockedShot,0.9209999847412109,0.644000015258789,0.06836219877004623,Gaetan Laborde,a,3746,SetPiece,2020,LeftFoot,15843,Saint-Etienne,Montpellier,0,1,2020-11-01 12:00:00,Joris Chotard,HeadPass
386083,28,MissedShots,0.904000015258789,0.3559999847412109,0.09028039872646332,Gaetan Laborde,a,3746,OpenPlay,2020,RightFoot,15848,Bordeaux,Montpellier,0,2,2020-11-07 16:00:00,Florent Mollet,Pass
386094,69,MissedShots,0.9269999694824219,0.514000015258789,0.14327600598335266,Gaetan Laborde,a,3746,OpenPlay,2020,Head,15848,Bordeaux,Montpellier,0,2,2020-11-07 16:00:00,Andy Delort,Cross
387923,63,MissedShots,0.9230000305175782,0.4329999923706055,0.11363600194454193,Gaetan Laborde,h,3746,OpenPlay,2020,Head,15862,Montpellier,Strasbourg,4,3,2020-11-22 14:00:00,Andy Delort,Cross
387924,67,Goal,0.8369999694824218,0.4420000076293945,0.05040869861841202,Gaetan Laborde,h,3746,OpenPlay,2020,RightFoot,15862,Montpellier,Strasbourg,4,3,2020-11-22 14:00:00,Andy Delort,HeadPass
387925,71,MissedShots,0.9080000305175782,0.6709999847412109,0.07473009824752808,Gaetan Laborde,h,3746,OpenPlay,2020,LeftFoot,15862,Montpellier,Strasbourg,4,3,2020-11-22 14:00:00,,None
387926,74,MissedShots,0.850999984741211,0.4259999847412109,0.05534829944372177,Gaetan Laborde,h,3746,OpenPlay,2020,LeftFoot,15862,Montpellier,Strasbourg,4,3,2020-11-22 14:00:00,Mihailo Ristic,Cross
389344,4,MissedShots,0.875,0.5979999923706054,0.07184469699859619,Gaetan Laborde,a,3746,OpenPlay,2020,RightFoot,15868,Lorient,Montpellier,0,1,2020-11-29 14:00:00,,None
389349,19,MissedShots,0.8569999694824219,0.6830000305175781,0.041863299906253815,Gaetan Laborde,a,3746,SetPiece,2020,RightFoot,15868,Lorient,Montpellier,0,1,2020-11-29 14:00:00,Junior Sambia,Chipped
389348,19,ShotOnPost,0.8859999847412109,0.610999984741211,0.026691799983382225,Gaetan Laborde,a,3746,SetPiece,2020,Head,15868,Lorient,Montpellier,0,1,2020-11-29 14:00:00,Téji Savanier,Cross
389350,22,MissedShots,0.87,0.5740000152587891,0.01723090000450611,Gaetan Laborde,a,3746,OpenPlay,2020,Head,15868,Lorient,Montpellier,0,1,2020-11-29 14:00:00,Stephy Mavididi,Aerial
389352,32,SavedShot,0.8969999694824219,0.5479999923706055,0.04652170091867447,Gaetan Laborde,a,3746,OpenPlay,2020,Head,15868,Lorient,Montpellier,0,1,2020-11-29 14:00:00,Andy Delort,Chipped
390431,54,MissedShots,0.924000015258789,0.395,0.01846279948949814,Gaetan Laborde,h,3746,SetPiece,2020,Head,15881,Montpellier,Paris Saint Germain,1,3,2020-12-05 20:00:00,Téji Savanier,Aerial
390438,79,MissedShots,0.924000015258789,0.5220000076293946,0.1072470024228096,Gaetan Laborde,h,3746,OpenPlay,2020,Head,15881,Montpellier,Paris Saint Germain,1,3,2020-12-05 20:00:00,Téji Savanier,Cross
391843,62,SavedShot,0.909000015258789,0.40700000762939453,0.05859350040555,Gaetan Laborde,a,3746,SetPiece,2020,Head,15887,Lens,Montpellier,2,3,2020-12-12 20:00:00,Andy Delort,Cross
391844,68,Goal,0.925,0.5379999923706055,0.31169798970222473,Gaetan Laborde,a,3746,FromCorner,2020,Head,15887,Lens,Montpellier,2,3,2020-12-12 20:00:00,Florent Mollet,Cross
391846,75,BlockedShot,0.870999984741211,0.385,0.06108520179986954,Gaetan Laborde,a,3746,SetPiece,2020,LeftFoot,15887,Lens,Montpellier,2,3,2020-12-12 20:00:00,,None
393035,58,SavedShot,0.86,0.4229999923706055,0.060603901743888855,Gaetan Laborde,h,3746,OpenPlay,2020,LeftFoot,15902,Montpellier,Metz,0,2,2020-12-16 18:00:00,,None
393042,81,MissedShots,0.9519999694824218,0.605999984741211,0.08944740146398544,Gaetan Laborde,h,3746,FromCorner,2020,LeftFoot,15902,Montpellier,Metz,0,2,2020-12-16 18:00:00,Petar Skuletic,HeadPass
394331,45,Goal,0.9069999694824219,0.40400001525878904,0.05438249930739403,Gaetan Laborde,a,3746,OpenPlay,2020,Head,15906,Brest,Montpellier,2,2,2020-12-20 12:00:00,Andy Delort,Cross
394346,91,SavedShot,0.9130000305175782,0.3120000076293945,0.00858324021100998,Gaetan Laborde,a,3746,OpenPlay,2020,Head,15906,Brest,Montpellier,2,2,2020-12-20 12:00:00,Mihailo Ristic,Cross
395551,56,Goal,0.9569999694824218,0.504000015258789,0.45485401153564453,Gaetan Laborde,h,3746,FromCorner,2020,Head,15917,Montpellier,Lille,2,3,2020-12-23 20:00:00,,None
395559,78,SavedShot,0.875999984741211,0.40400001525878904,0.06696770340204239,Gaetan Laborde,h,3746,SetPiece,2020,LeftFoot,15917,Montpellier,Lille,2,3,2020-12-23 20:00:00,,None
395562,88,BlockedShot,0.77,0.33,0.020323900505900383,Gaetan Laborde,h,3746,OpenPlay,2020,LeftFoot,15917,Montpellier,Lille,2,3,2020-12-23 20:00:00,Joris Chotard,Pass
395563,96,SavedShot,0.9059999847412109,0.395,0.045535098761320114,Gaetan Laborde,h,3746,SetPiece,2020,Head,15917,Montpellier,Lille,2,3,2020-12-23 20:00:00,Florent Mollet,Cross
397575,28,BlockedShot,0.8,0.36900001525878906,0.03060550056397915,Gaetan Laborde,a,3746,OpenPlay,2020,LeftFoot,15929,Marseille,Montpellier,3,1,2021-01-06 20:00:00,Florent Mollet,Pass
397583,48,MissedShots,0.8490000152587891,0.6969999694824218,0.038411401212215424,Gaetan Laborde,a,3746,OpenPlay,2020,LeftFoot,15929,Marseille,Montpellier,3,1,2021-01-06 20:00:00,Joris Chotard,Chipped
398073,5,BlockedShot,0.955,0.544000015258789,0.15242500603199005,Gaetan Laborde,h,3746,OpenPlay,2020,LeftFoot,15941,Montpellier,Nantes,1,1,2021-01-09 20:00:00,,Rebound
401736,11,BlockedShot,0.9219999694824219,0.6409999847412109,0.04142399877309799,Gaetan Laborde,h,3746,FromCorner,2020,LeftFoot,15972,Montpellier,Lens,1,2,2021-01-30 16:00:00,Keagan Dolly,Cross
401741,40,MissedShots,0.924000015258789,0.504000015258789,0.052255600690841675,Gaetan Laborde,h,3746,OpenPlay,2020,Head,15972,Montpellier,Lens,1,2,2021-01-30 16:00:00,Mihailo Ristic,Aerial
401753,83,BlockedShot,0.8680000305175781,0.674000015258789,0.0460985004901886,Gaetan Laborde,h,3746,OpenPlay,2020,LeftFoot,15972,Montpellier,Lens,1,2,2021-01-30 16:00:00,,BallRecovery
402593,69,Goal,0.855999984741211,0.455,0.0625837966799736,Gaetan Laborde,a,3746,OpenPlay,2020,LeftFoot,15979,Metz,Montpellier,1,1,2021-02-03 18:00:00,,None
402602,88,BlockedShot,0.9259999847412109,0.7330000305175781,0.036439199000597,Gaetan Laborde,a,3746,OpenPlay,2020,RightFoot,15979,Metz,Montpellier,1,1,2021-02-03 18:00:00,Nicolas Cozza,Pass
403613,9,MissedShots,0.889000015258789,0.605,0.04418639838695526,Gaetan Laborde,h,3746,FromCorner,2020,RightFoot,15986,Montpellier,Dijon,4,2,2021-02-07 14:00:00,Téji Savanier,Cross
403615,19,MissedShots,0.894000015258789,0.53,0.030060799792408943,Gaetan Laborde,h,3746,OpenPlay,2020,Head,15986,Montpellier,Dijon,4,2,2021-02-07 14:00:00,Andy Delort,Aerial
403624,47,Goal,0.9690000152587891,0.48400001525878905,0.7683249711990356,Gaetan Laborde,h,3746,FromCorner,2020,RightFoot,15986,Montpellier,Dijon,4,2,2021-02-07 14:00:00,,Rebound
403623,47,SavedShot,0.9740000152587891,0.46700000762939453,0.6747810244560242,Gaetan Laborde,h,3746,FromCorner,2020,LeftFoot,15986,Montpellier,Dijon,4,2,2021-02-07 14:00:00,,None
403628,55,Goal,0.9130000305175782,0.40900001525878904,0.3728089928627014,Gaetan Laborde,h,3746,OpenPlay,2020,RightFoot,15986,Montpellier,Dijon,4,2,2021-02-07 14:00:00,Florent Mollet,TakeOn
403637,81,MissedShots,0.875999984741211,0.26799999237060546,0.032633598893880844,Gaetan Laborde,h,3746,OpenPlay,2020,LeftFoot,15986,Montpellier,Dijon,4,2,2021-02-07 14:00:00,Mihailo Ristic,Cross
403639,84,SavedShot,0.8819999694824219,0.4490000152587891,0.05431019887328148,Gaetan Laborde,h,3746,OpenPlay,2020,Head,15986,Montpellier,Dijon,4,2,2021-02-07 14:00:00,Junior Sambia,Cross
404566,21,MissedShots,0.909000015258789,0.2670000076293945,0.049732498824596405,Gaetan Laborde,a,3746,OpenPlay,2020,RightFoot,16000,Lyon,Montpellier,1,2,2021-02-13 20:00:00,Florent Mollet,Pass
405849,44,MissedShots,0.7930000305175782,0.445,0.037864800542593,Gaetan Laborde,h,3746,OpenPlay,2020,RightFoot,16009,Montpellier,Rennes,2,1,2021-02-21 12:00:00,,None
405855,60,SavedShot,0.9330000305175781,0.504000015258789,0.1521800011396408,Gaetan Laborde,h,3746,OpenPlay,2020,LeftFoot,16009,Montpellier,Rennes,2,1,2021-02-21 12:00:00,,Rebound
405856,60,MissedShots,0.9790000152587891,0.534000015258789,0.6407089829444885,Gaetan Laborde,h,3746,OpenPlay,2020,RightFoot,16009,Montpellier,Rennes,2,1,2021-02-21 12:00:00,,BallTouch
407199,10,BlockedShot,0.845999984741211,0.4909999847412109,0.06908509880304337,Gaetan Laborde,a,3746,OpenPlay,2020,LeftFoot,16023,Reims,Montpellier,0,0,2021-02-28 14:00:00,Jordan Ferri,None
407207,53,SavedShot,0.8819999694824219,0.42700000762939455,0.07384900003671646,Gaetan Laborde,a,3746,FromCorner,2020,LeftFoot,16023,Reims,Montpellier,0,0,2021-02-28 14:00:00,Petar Skuletic,HeadPass
408116,2,BlockedShot,0.8919999694824219,0.4879999923706055,0.09208480268716812,Gaetan Laborde,h,3746,OpenPlay,2020,RightFoot,16031,Montpellier,Lorient,1,1,2021-03-03 20:00:00,Stephy Mavididi,Cross
408120,10,MissedShots,0.9,0.46599998474121096,0.1689790040254593,Gaetan Laborde,h,3746,OpenPlay,2020,Head,16031,Montpellier,Lorient,1,1,2021-03-03 20:00:00,Stephy Mavididi,BlockedPass
410261,47,MissedShots,0.8769999694824219,0.5970000076293945,0.027183599770069122,Gaetan Laborde,a,3746,SetPiece,2020,Head,16045,Nimes,Montpellier,1,1,2021-03-14 12:00:00,Téji Savanier,Cross
410267,68,MissedShots,0.8859999847412109,0.16700000762939454,0.015345199964940548,Gaetan Laborde,a,3746,OpenPlay,2020,LeftFoot,16045,Nimes,Montpellier,1,1,2021-03-14 12:00:00,,None
411683,18,BlockedShot,0.8240000152587891,0.4829999923706055,0.04235760122537613,Gaetan Laborde,h,3746,OpenPlay,2020,LeftFoot,16048,Montpellier,Bordeaux,3,1,2021-03-21 14:00:00,Andy Delort,HeadPass
411690,25,MissedShots,0.9330000305175781,0.47200000762939454,0.06100299954414368,Gaetan Laborde,h,3746,FromCorner,2020,Head,16048,Montpellier,Bordeaux,3,1,2021-03-21 14:00:00,Téji Savanier,Aerial
411697,50,SavedShot,0.9,0.3509999847412109,0.07313480228185654,Gaetan Laborde,h,3746,OpenPlay,2020,LeftFoot,16048,Montpellier,Bordeaux,3,1,2021-03-21 14:00:00,,Dispossessed
411704,57,Goal,0.8480000305175781,0.48200000762939454,0.058039501309394836,Gaetan Laborde,h,3746,OpenPlay,2020,LeftFoot,16048,Montpellier,Bordeaux,3,1,2021-03-21 14:00:00,Andy Delort,HeadPass
411705,60,MissedShots,0.8830000305175781,0.41900001525878905,0.04863490164279938,Gaetan Laborde,h,3746,OpenPlay,2020,Head,16048,Montpellier,Bordeaux,3,1,2021-03-21 14:00:00,Florent Mollet,Cross
411714,81,MissedShots,0.8930000305175781,0.48900001525878906,0.2238530069589615,Gaetan Laborde,h,3746,OpenPlay,2020,Head,16048,Montpellier,Bordeaux,3,1,2021-03-21 14:00:00,,Rebound
412886,79,MissedShots,0.894000015258789,0.34200000762939453,0.3293220102787018,Gaetan Laborde,a,3746,OpenPlay,2020,RightFoot,16058,Angers,Montpellier,1,1,2021-04-04 11:00:00,Andy Delort,Throughball
414134,21,BlockedShot,0.9530000305175781,0.6680000305175782,0.07604719698429108,Gaetan Laborde,h,3746,OpenPlay,2020,LeftFoot,16071,Montpellier,Marseille,3,3,2021-04-10 19:00:00,,None
414135,23,MissedShots,0.8619999694824219,0.38,0.07968270033597946,Gaetan Laborde,h,3746,OpenPlay,2020,RightFoot,16071,Montpellier,Marseille,3,3,2021-04-10 19:00:00,,None
414136,37,BlockedShot,0.9159999847412109,0.664000015258789,0.05782710015773773,Gaetan Laborde,h,3746,SetPiece,2020,RightFoot,16071,Montpellier,Marseille,3,3,2021-04-10 19:00:00,,None
414141,46,Goal,0.8830000305175781,0.41700000762939454,0.2499610036611557,Gaetan Laborde,h,3746,OpenPlay,2020,RightFoot,16071,Montpellier,Marseille,3,3,2021-04-10 19:00:00,Jordan Ferri,Chipped
414146,66,SavedShot,0.909000015258789,0.5690000152587891,0.08039280027151108,Gaetan Laborde,h,3746,SetPiece,2020,LeftFoot,16071,Montpellier,Marseille,3,3,2021-04-10 19:00:00,Daniel Congré,None
414147,67,BlockedShot,0.799000015258789,0.40700000762939453,0.03653499856591225,Gaetan Laborde,h,3746,OpenPlay,2020,LeftFoot,16071,Montpellier,Marseille,3,3,2021-04-10 19:00:00,Florent Mollet,Pass
414154,84,BlockedShot,0.850999984741211,0.4570000076293945,0.017504900693893433,Gaetan Laborde,h,3746,OpenPlay,2020,Head,16071,Montpellier,Marseille,3,3,2021-04-10 19:00:00,Florent Mollet,Cross
414159,90,SavedShot,0.975999984741211,0.4329999923706055,0.37786799669265747,Gaetan Laborde,h,3746,FromCorner,2020,LeftFoot,16071,Montpellier,Marseille,3,3,2021-04-10 19:00:00,,End
414160,92,Goal,0.8730000305175781,0.47,0.03654029965400696,Gaetan Laborde,h,3746,OpenPlay,2020,Head,16071,Montpellier,Marseille,3,3,2021-04-10 19:00:00,Arnaud Souquet,Chipped
417591,0,BlockedShot,0.8869999694824219,0.46099998474121096,0.05643109977245331,Gaetan Laborde,a,3746,FromCorner,2020,RightFoot,16089,Nice,Montpellier,3,1,2021-04-25 11:00:00,Téji Savanier,Cross
417593,2,Goal,0.9319999694824219,0.4470000076293945,0.4143590033054352,Gaetan Laborde,a,3746,OpenPlay,2020,Head,16089,Nice,Montpellier,3,1,2021-04-25 11:00:00,Andy Delort,HeadPass
417600,22,MissedShots,0.870999984741211,0.5409999847412109,0.030861299484968185,Gaetan Laborde,a,3746,OpenPlay,2020,Head,16089,Nice,Montpellier,3,1,2021-04-25 11:00:00,Andy Delort,Cross
417615,75,BlockedShot,0.9119999694824219,0.7040000152587891,0.008485999889671803,Gaetan Laborde,a,3746,SetPiece,2020,Head,16089,Nice,Montpellier,3,1,2021-04-25 11:00:00,Téji Savanier,OffsidePass
417617,78,SavedShot,0.9019999694824219,0.41,0.28533899784088135,Gaetan Laborde,a,3746,OpenPlay,2020,LeftFoot,16089,Nice,Montpellier,3,1,2021-04-25 11:00:00,Andy Delort,Cross
417619,82,ShotOnPost,0.8809999847412109,0.37599998474121094,0.07288379967212677,Gaetan Laborde,a,3746,OpenPlay,2020,RightFoot,16089,Nice,Montpellier,3,1,2021-04-25 11:00:00,Sepe Elye Wahi,Pass
419202,2,BlockedShot,0.8880000305175781,0.28,0.030840199440717697,Gaetan Laborde,h,3746,OpenPlay,2020,LeftFoot,16102,Montpellier,Saint-Etienne,1,2,2021-05-02 15:05:00,,Rebound
420514,35,Goal,0.9209999847412109,0.48400001525878905,0.049549899995326996,Gaetan Laborde,a,3746,FromCorner,2020,Head,16115,Strasbourg,Montpellier,2,3,2021-05-09 13:00:00,Junior Sambia,Aerial
420518,48,Goal,0.885,0.47200000762939454,0.08373130112886429,Gaetan Laborde,a,3746,OpenPlay,2020,LeftFoot,16115,Strasbourg,Montpellier,2,3,2021-05-09 13:00:00,,Aerial
424495,29,Goal,0.935,0.3970000076293945,0.43709900975227356,Gaetan Laborde,a,3746,SetPiece,2020,RightFoot,16131,Nantes,Montpellier,1,2,2021-05-23 19:00:00,,None
424500,55,MissedShots,0.8530000305175781,0.40400001525878904,0.07103440165519714,Gaetan Laborde,a,3746,OpenPlay,2020,LeftFoot,16131,Nantes,Montpellier,1,2,2021-05-23 19:00:00,Mihailo Ristic,BallTouch
424509,88,BlockedShot,0.8419999694824218,0.605,0.07377550005912781,Gaetan Laborde,a,3746,OpenPlay,2020,LeftFoot,16131,Nantes,Montpellier,1,2,2021-05-23 19:00:00,,None
424510,88,SavedShot,0.914000015258789,0.5,0.12858399748802185,Gaetan Laborde,a,3746,OpenPlay,2020,RightFoot,16131,Nantes,Montpellier,1,2,2021-05-23 19:00:00,,None
425485,33,Goal,0.8590000152587891,0.22700000762939454,0.034940898418426514,Gaetan Laborde,h,3746,FromCorner,2021,LeftFoot,17831,Montpellier,Marseille,2,3,2021-08-08 18:45:00,Nicolas Cozza,Pass
425499,75,BlockedShot,0.8030000305175782,0.3039999961853027,0.025550099089741707,Gaetan Laborde,h,3746,OpenPlay,2021,LeftFoot,17831,Montpellier,Marseille,2,3,2021-08-08 18:45:00,Jordan Ferri,Chipped
426329,40,BlockedShot,0.8019999694824219,0.35400001525878905,0.03383810073137283,Gaetan Laborde,a,3746,OpenPlay,2021,LeftFoot,17839,Reims,Montpellier,3,3,2021-08-15 13:00:00,,BlockedPass
426331,42,Goal,0.9569999694824218,0.53,0.6574429869651794,Gaetan Laborde,a,3746,OpenPlay,2021,RightFoot,17839,Reims,Montpellier,3,3,2021-08-15 13:00:00,,Rebound
427575,18,MissedShots,0.8730000305175781,0.47900001525878905,0.07834730297327042,Gaetan Laborde,h,3746,OpenPlay,2021,LeftFoot,17849,Montpellier,Lorient,3,1,2021-08-22 13:00:00,Stephy Mavididi,Cross
427579,25,BlockedShot,0.9309999847412109,0.49900001525878906,0.13294599950313568,Gaetan Laborde,h,3746,FromCorner,2021,RightFoot,17849,Montpellier,Lorient,3,1,2021-08-22 13:00:00,Andy Delort,HeadPass
427580,25,BlockedShot,0.955999984741211,0.514000015258789,0.6336910128593445,Gaetan Laborde,h,3746,FromCorner,2021,RightFoot,17849,Montpellier,Lorient,3,1,2021-08-22 13:00:00,,Rebound
427581,26,BlockedShot,0.919000015258789,0.5209999847412109,0.05093580111861229,Gaetan Laborde,h,3746,OpenPlay,2021,Head,17849,Montpellier,Lorient,3,1,2021-08-22 13:00:00,Junior Sambia,Aerial
427584,34,MissedShots,0.7959999847412109,0.33,0.026704000309109688,Gaetan Laborde,h,3746,OpenPlay,2021,RightFoot,17849,Montpellier,Lorient,3,1,2021-08-22 13:00:00,Andy Delort,Pass
427586,37,BlockedShot,0.7390000152587891,0.5220000076293946,0.020807400345802307,Gaetan Laborde,h,3746,OpenPlay,2021,LeftFoot,17849,Montpellier,Lorient,3,1,2021-08-22 13:00:00,Junior Sambia,Pass
427588,38,MissedShots,0.874000015258789,0.5220000076293946,0.013767899945378304,Gaetan Laborde,h,3746,FromCorner,2021,Head,17849,Montpellier,Lorient,3,1,2021-08-22 13:00:00,Andy Delort,Aerial
427596,63,BlockedShot,0.885,0.2589999961853027,0.04700849950313568,Gaetan Laborde,h,3746,OpenPlay,2021,LeftFoot,17849,Montpellier,Lorient,3,1,2021-08-22 13:00:00,Junior Sambia,Chipped
427599,72,SavedShot,0.8340000152587891,0.654000015258789,0.06151580065488815,Gaetan Laborde,h,3746,OpenPlay,2021,RightFoot,17849,Montpellier,Lorient,3,1,2021-08-22 13:00:00,,BallRecovery
429275,48,Goal,0.9580000305175781,0.5279999923706055,0.5948799848556519,Gaetan Laborde,a,3746,OpenPlay,2021,LeftFoot,17860,Lille,Montpellier,2,1,2021-08-29 15:00:00,,None
430312,94,MissedShots,0.9290000152587891,0.5609999847412109,0.09197419881820679,Gaetan Laborde,h,3746,FromCorner,2021,Head,17864,Rennes,Reims,0,2,2021-09-12 13:00:00,Mathys Tel,Cross
431957,52,MissedShots,0.899000015258789,0.44799999237060545,0.09934359788894653,Gaetan Laborde,a,3746,OpenPlay,2021,LeftFoot,17877,Marseille,Rennes,2,0,2021-09-19 15:00:00,,Rebound
431964,79,BlockedShot,0.970999984741211,0.40599998474121096,0.03433949872851372,Gaetan Laborde,a,3746,SetPiece,2021,Head,17877,Marseille,Rennes,2,0,2021-09-19 15:00:00,Benjamin Bourigeaud,Aerial
432636,28,MissedShots,0.8880000305175781,0.34900001525878904,0.08319880068302155,Gaetan Laborde,h,3746,OpenPlay,2021,RightFoot,17889,Rennes,Clermont Foot,6,0,2021-09-22 17:00:00,Benjamin Bourigeaud,Pass
432643,51,MissedShots,0.8319999694824218,0.695,0.0520423986017704,Gaetan Laborde,h,3746,OpenPlay,2021,RightFoot,17889,Rennes,Clermont Foot,6,0,2021-09-22 17:00:00,Flavien Tait,Pass
432645,56,SavedShot,0.9469999694824218,0.5720000076293945,0.14060300588607788,Gaetan Laborde,h,3746,OpenPlay,2021,LeftFoot,17889,Rennes,Clermont Foot,6,0,2021-09-22 17:00:00,Martin Terrier,Pass
432650,63,Goal,0.955999984741211,0.46,0.5243110060691833,Gaetan Laborde,h,3746,OpenPlay,2021,Head,17889,Rennes,Clermont Foot,6,0,2021-09-22 17:00:00,,None
432651,69,BlockedShot,0.9490000152587891,0.6229999923706054,0.048548899590969086,Gaetan Laborde,h,3746,FromCorner,2021,LeftFoot,17889,Rennes,Clermont Foot,6,0,2021-09-22 17:00:00,Benjamin Bourigeaud,Cross
433886,19,SavedShot,0.8669999694824219,0.45099998474121095,0.10732199996709824,Gaetan Laborde,a,3746,OpenPlay,2021,RightFoot,17892,Bordeaux,Rennes,1,1,2021-09-26 11:00:00,Flavien Tait,Pass
433895,55,Goal,0.9519999694824218,0.49599998474121093,0.6407660245895386,Gaetan Laborde,a,3746,OpenPlay,2021,LeftFoot,17892,Bordeaux,Rennes,1,1,2021-09-26 11:00:00,Hamari Traore,Pass
433897,61,MissedShots,0.9330000305175781,0.4640000152587891,0.13500699400901794,Gaetan Laborde,a,3746,OpenPlay,2021,LeftFoot,17892,Bordeaux,Rennes,1,1,2021-09-26 11:00:00,Martin Terrier,Cross
435261,9,SavedShot,0.9,0.355,0.06632570177316666,Gaetan Laborde,h,3746,OpenPlay,2021,LeftFoot,17910,Rennes,Paris Saint Germain,2,0,2021-10-03 11:00:00,,None
435270,44,Goal,0.9230000305175782,0.44299999237060544,0.3525559902191162,Gaetan Laborde,h,3746,OpenPlay,2021,RightFoot,17910,Rennes,Paris Saint Germain,2,0,2021-10-03 11:00:00,Kamaldeen Sulemana,Cross
435278,88,MissedShots,0.7619999694824219,0.3220000076293945,0.031999099999666214,Gaetan Laborde,h,3746,OpenPlay,2021,LeftFoot,17910,Rennes,Paris Saint Germain,2,0,2021-10-03 11:00:00,Baptiste Santamaria,Pass
435281,91,MissedShots,0.8690000152587891,0.4909999847412109,0.049444299191236496,Gaetan Laborde,h,3746,OpenPlay,2021,Head,17910,Rennes,Paris Saint Germain,2,0,2021-10-03 11:00:00,Baptiste Santamaria,Cross
436780,23,Goal,0.9640000152587891,0.45799999237060546,0.5862709879875183,Gaetan Laborde,a,3746,OpenPlay,2021,RightFoot,17917,Metz,Rennes,0,3,2021-10-17 13:00:00,Hamari Traore,Cross
436784,31,SavedShot,0.8159999847412109,0.46799999237060547,0.07379180192947388,Gaetan Laborde,a,3746,OpenPlay,2021,LeftFoot,17917,Metz,Rennes,0,3,2021-10-17 13:00:00,Benjamin Bourigeaud,Pass
436791,51,SavedShot,0.9159999847412109,0.345,0.06534569710493088,Gaetan Laborde,a,3746,OpenPlay,2021,LeftFoot,17917,Metz,Rennes,0,3,2021-10-17 13:00:00,Benjamin Bourigeaud,HeadPass
436793,52,SavedShot,0.9080000305175782,0.5470000076293945,0.4188530147075653,Gaetan Laborde,a,3746,FromCorner,2021,LeftFoot,17917,Metz,Rennes,0,3,2021-10-17 13:00:00,,Rebound
438334,17,SavedShot,0.9490000152587891,0.6,0.055759601294994354,Gaetan Laborde,h,3746,FromCorner,2021,Head,17930,Rennes,Strasbourg,1,0,2021-10-24 13:00:00,Benjamin Bourigeaud,Cross
438336,24,BlockedShot,0.8969999694824219,0.610999984741211,0.07336889952421188,Gaetan Laborde,h,3746,OpenPlay,2021,LeftFoot,17930,Rennes,Strasbourg,1,0,2021-10-24 13:00:00,Kamaldeen Sulemana,Cross
438339,44,MissedShots,0.9009999847412109,0.6309999847412109,0.04171749949455261,Gaetan Laborde,h,3746,FromCorner,2021,LeftFoot,17930,Rennes,Strasbourg,1,0,2021-10-24 13:00:00,Benjamin Bourigeaud,Cross
438343,64,MissedShots,0.8480000305175781,0.43,0.054960500448942184,Gaetan Laborde,h,3746,FromCorner,2021,RightFoot,17930,Rennes,Strasbourg,1,0,2021-10-24 13:00:00,,None
438348,79,BlockedShot,0.9180000305175782,0.40700000762939453,0.0927572026848793,Gaetan Laborde,h,3746,OpenPlay,2021,LeftFoot,17930,Rennes,Strasbourg,1,0,2021-10-24 13:00:00,Hamari Traore,Cross
440206,13,SavedShot,0.9109999847412109,0.625,0.09095200151205063,Gaetan Laborde,a,3746,OpenPlay,2021,LeftFoot,17941,Troyes,Rennes,2,2,2021-10-31 14:00:00,Baptiste Santamaria,Chipped
442059,16,BlockedShot,0.9590000152587891,0.5309999847412109,0.6658009886741638,Gaetan Laborde,h,3746,OpenPlay,2021,LeftFoot,17950,Rennes,Lyon,4,1,2021-11-07 19:45:00,,Rebound
442063,26,SavedShot,0.9590000152587891,0.3160000038146973,0.30493399500846863,Gaetan Laborde,h,3746,OpenPlay,2021,RightFoot,17950,Rennes,Lyon,4,1,2021-11-07 19:45:00,Lovro Majer,Throughball
442064,32,MissedShots,0.904000015258789,0.675,0.06953690201044083,Gaetan Laborde,h,3746,OpenPlay,2021,LeftFoot,17950,Rennes,Lyon,4,1,2021-11-07 19:45:00,Martin Terrier,Pass
442065,39,SavedShot,0.955,0.27600000381469725,0.11110399663448334,Gaetan Laborde,h,3746,OpenPlay,2021,RightFoot,17950,Rennes,Lyon,4,1,2021-11-07 19:45:00,Lovro Majer,Throughball
442067,44,Goal,0.9259999847412109,0.515,0.11384899914264679,Gaetan Laborde,h,3746,FromCorner,2021,Head,17950,Rennes,Lyon,4,1,2021-11-07 19:45:00,Benjamin Bourigeaud,Cross
442068,49,MissedShots,0.8769999694824219,0.51,0.08046550303697586,Gaetan Laborde,h,3746,SetPiece,2021,LeftFoot,17950,Rennes,Lyon,4,1,2021-11-07 19:45:00,Lovro Majer,Chipped
442077,73,MissedShots,0.7980000305175782,0.3,0.03166300058364868,Gaetan Laborde,h,3746,OpenPlay,2021,LeftFoot,17950,Rennes,Lyon,4,1,2021-11-07 19:45:00,Kamaldeen Sulemana,Dispossessed
442871,29,SavedShot,0.87,0.4179999923706055,0.09627749770879745,Gaetan Laborde,h,3746,OpenPlay,2021,RightFoot,17957,Rennes,Montpellier,2,0,2021-11-20 20:00:00,,BlockedPass
442872,45,BlockedShot,0.9469999694824218,0.6480000305175782,0.10478299856185913,Gaetan Laborde,h,3746,OpenPlay,2021,LeftFoot,17957,Rennes,Montpellier,2,0,2021-11-20 20:00:00,Benjamin Bourigeaud,Pass
442875,51,MissedShots,0.914000015258789,0.575,0.0774386003613472,Gaetan Laborde,h,3746,OpenPlay,2021,Head,17957,Rennes,Montpellier,2,0,2021-11-20 20:00:00,Martin Terrier,Cross
442884,60,MissedShots,0.9390000152587891,0.5779999923706055,0.5310930013656616,Gaetan Laborde,h,3746,OpenPlay,2021,LeftFoot,17957,Rennes,Montpellier,2,0,2021-11-20 20:00:00,,Rebound
442885,62,MissedShots,0.9619999694824218,0.37900001525878907,0.10018999874591827,Gaetan Laborde,h,3746,OpenPlay,2021,LeftFoot,17957,Rennes,Montpellier,2,0,2021-11-20 20:00:00,,None
442889,70,BlockedShot,0.9590000152587891,0.4490000152587891,0.14403699338436127,Gaetan Laborde,h,3746,OpenPlay,2021,RightFoot,17957,Rennes,Montpellier,2,0,2021-11-20 20:00:00,Hamari Traore,Cross
442892,76,BlockedShot,0.909000015258789,0.5159999847412109,0.13068799674510956,Gaetan Laborde,h,3746,OpenPlay,2021,LeftFoot,17957,Rennes,Montpellier,2,0,2021-11-20 20:00:00,Martin Terrier,Cross
442895,86,ShotOnPost,0.9119999694824219,0.4759999847412109,0.13505999743938446,Gaetan Laborde,h,3746,OpenPlay,2021,LeftFoot,17957,Rennes,Montpellier,2,0,2021-11-20 20:00:00,Adrien Truffert,Cross
444681,50,BlockedShot,0.8490000152587891,0.4370000076293945,0.06391549855470657,Gaetan Laborde,a,3746,OpenPlay,2021,LeftFoot,17967,Lorient,Rennes,0,2,2021-11-28 14:00:00,,Rebound
444686,74,Goal,0.904000015258789,0.4879999923706055,0.43467700481414795,Gaetan Laborde,a,3746,OpenPlay,2021,LeftFoot,17967,Lorient,Rennes,0,2,2021-11-28 14:00:00,,Rebound
445502,8,BlockedShot,0.84,0.49700000762939456,0.0857739970088005,Gaetan Laborde,h,3746,OpenPlay,2021,LeftFoot,17979,Rennes,Lille,1,2,2021-12-01 20:00:00,Martin Terrier,Pass
446572,5,BlockedShot,0.8090000152587891,0.67,0.0306170005351305,Gaetan Laborde,a,3746,OpenPlay,2021,RightFoot,17983,Saint-Etienne,Rennes,0,5,2021-12-05 12:00:00,Martin Terrier,Pass
446581,42,MissedShots,0.8490000152587891,0.5929999923706055,0.09648329764604568,Gaetan Laborde,a,3746,OpenPlay,2021,LeftFoot,17983,Saint-Etienne,Rennes,0,5,2021-12-05 12:00:00,Martin Terrier,Pass
446588,56,SavedShot,0.889000015258789,0.54,0.11028199642896652,Gaetan Laborde,a,3746,OpenPlay,2021,LeftFoot,17983,Saint-Etienne,Rennes,0,5,2021-12-05 12:00:00,Benjamin Bourigeaud,BallTouch
446592,65,SavedShot,0.884000015258789,0.4640000152587891,0.05456190183758736,Gaetan Laborde,a,3746,FromCorner,2021,LeftFoot,17983,Saint-Etienne,Rennes,0,5,2021-12-05 12:00:00,Lovro Majer,Cross
446596,73,BlockedShot,0.9359999847412109,0.33099998474121095,0.09077359735965729,Gaetan Laborde,a,3746,OpenPlay,2021,RightFoot,17983,Saint-Etienne,Rennes,0,5,2021-12-05 12:00:00,Benjamin Bourigeaud,Pass
448338,6,MissedShots,0.915,0.40599998474121096,0.06151759997010231,Gaetan Laborde,h,3746,SetPiece,2021,Head,17993,Rennes,Nice,1,2,2021-12-12 14:00:00,Benjamin Bourigeaud,Cross
448343,21,BlockedShot,0.8959999847412109,0.5520000076293945,0.09043149650096893,Gaetan Laborde,h,3746,FromCorner,2021,RightFoot,17993,Rennes,Nice,1,2,2021-12-12 14:00:00,,None
448361,69,MissedShots,0.9069999694824219,0.565,0.055286601185798645,Gaetan Laborde,h,3746,FromCorner,2021,Head,17993,Rennes,Nice,1,2,2021-12-12 14:00:00,Lovro Majer,Cross
450474,6,SavedShot,0.8630000305175781,0.445,0.02196349948644638,Gaetan Laborde,a,3746,OpenPlay,2021,Head,18007,Monaco,Rennes,2,1,2021-12-22 19:45:00,Adrien Truffert,Cross
450479,24,MissedShots,0.915,0.75,0.29597100615501404,Gaetan Laborde,a,3746,OpenPlay,2021,LeftFoot,18007,Monaco,Rennes,2,1,2021-12-22 19:45:00,,None
450494,83,SavedShot,0.8219999694824218,0.46,0.051129598170518875,Gaetan Laborde,a,3746,OpenPlay,2021,RightFoot,18007,Monaco,Rennes,2,1,2021-12-22 19:45:00,Kamaldeen Sulemana,BallTouch
453505,4,BlockedShot,0.8530000305175781,0.6680000305175782,0.05257140100002289,Gaetan Laborde,h,3746,OpenPlay,2021,LeftFoot,18028,Rennes,Bordeaux,6,0,2022-01-16 12:00:00,,BallRecovery
453507,12,SavedShot,0.8959999847412109,0.44099998474121094,0.30833700299263,Gaetan Laborde,h,3746,OpenPlay,2021,RightFoot,18028,Rennes,Bordeaux,6,0,2022-01-16 12:00:00,Lorenz Assignon,Chipped
453508,16,MissedShots,0.9259999847412109,0.5279999923706055,0.06587760150432587,Gaetan Laborde,h,3746,OpenPlay,2021,Head,18028,Rennes,Bordeaux,6,0,2022-01-16 12:00:00,,None
453509,22,ShotOnPost,0.9130000305175782,0.590999984741211,0.015905899927020073,Gaetan Laborde,h,3746,FromCorner,2021,Head,18028,Rennes,Bordeaux,6,0,2022-01-16 12:00:00,Benjamin Bourigeaud,Aerial
453515,60,Goal,0.89,0.6020000076293945,0.4493350088596344,Gaetan Laborde,h,3746,OpenPlay,2021,LeftFoot,18028,Rennes,Bordeaux,6,0,2022-01-16 12:00:00,Jéremy Doku,Throughball
453516,64,MissedShots,0.9309999847412109,0.5940000152587891,0.05514439940452576,Gaetan Laborde,h,3746,FromCorner,2021,Head,18028,Rennes,Bordeaux,6,0,2022-01-16 12:00:00,Benjamin Bourigeaud,Cross
453522,80,MissedShots,0.825999984741211,0.45599998474121095,0.04489729925990105,Gaetan Laborde,h,3746,FromCorner,2021,LeftFoot,18028,Rennes,Bordeaux,6,0,2022-01-16 12:00:00,,None
453527,91,BlockedShot,0.9059999847412109,0.48700000762939455,0.5386639833450317,Gaetan Laborde,h,3746,OpenPlay,2021,LeftFoot,18028,Rennes,Bordeaux,6,0,2022-01-16 12:00:00,Andy Diouf,Pass
455119,17,SavedShot,0.889000015258789,0.5609999847412109,0.08360540121793747,Gaetan Laborde,a,3746,OpenPlay,2021,RightFoot,18035,Clermont Foot,Rennes,2,1,2022-01-23 14:00:00,Lorenz Assignon,Cross
455127,46,BlockedShot,0.8969999694824219,0.33599998474121096,0.08394700288772583,Gaetan Laborde,a,3746,OpenPlay,2021,RightFoot,18035,Clermont Foot,Rennes,2,1,2022-01-23 14:00:00,Martin Terrier,Pass
455129,47,MissedShots,0.9069999694824219,0.49599998474121093,0.46174100041389465,Gaetan Laborde,a,3746,OpenPlay,2021,RightFoot,18035,Clermont Foot,Rennes,2,1,2022-01-23 14:00:00,Benjamin Bourigeaud,Pass
455128,47,MissedShots,0.915,0.5029999923706054,0.38450300693511963,Gaetan Laborde,a,3746,OpenPlay,2021,LeftFoot,18035,Clermont Foot,Rennes,2,1,2022-01-23 14:00:00,Benjamin Bourigeaud,Cross
456316,19,Goal,0.935,0.555,0.3590860068798065,Gaetan Laborde,h,3746,OpenPlay,2021,Head,18050,Rennes,Brest,2,0,2022-02-06 16:00:00,Lovro Majer,Chipped
456320,34,SavedShot,0.9369999694824219,0.34700000762939454,0.09787479788064957,Gaetan Laborde,h,3746,OpenPlay,2021,RightFoot,18050,Rennes,Brest,2,0,2022-02-06 16:00:00,Benjamin Bourigeaud,Pass
456321,37,SavedShot,0.9019999694824219,0.5590000152587891,0.1182980015873909,Gaetan Laborde,h,3746,OpenPlay,2021,RightFoot,18050,Rennes,Brest,2,0,2022-02-06 16:00:00,Martin Terrier,HeadPass
456325,47,MissedShots,0.9,0.48200000762939454,0.30673301219940186,Gaetan Laborde,h,3746,OpenPlay,2021,Head,18050,Rennes,Brest,2,0,2022-02-06 16:00:00,Benjamin Bourigeaud,Cross
456771,56,MissedShots,0.9230000305175782,0.509000015258789,0.11037500202655792,Gaetan Laborde,a,3746,FromCorner,2021,Head,18052,Paris Saint Germain,Rennes,1,0,2022-02-11 20:00:00,Benjamin Bourigeaud,Cross
458756,86,Goal,0.885,0.5,0.7600950002670288,Gaetan Laborde,h,3746,Penalty,2021,LeftFoot,18063,Rennes,Troyes,4,1,2022-02-20 14:00:00,,Standard
459421,47,SavedShot,0.795,0.590999984741211,0.035579100251197815,Gaetan Laborde,a,3746,OpenPlay,2021,LeftFoot,18073,Montpellier,Rennes,2,4,2022-02-25 20:00:00,,None
459422,51,Goal,0.885,0.5,0.7600950002670288,Gaetan Laborde,a,3746,Penalty,2021,LeftFoot,18073,Montpellier,Rennes,2,4,2022-02-25 20:00:00,,Standard
461537,8,MissedShots,0.9169999694824219,0.5690000152587891,0.3627380132675171,Gaetan Laborde,h,3746,FromCorner,2021,RightFoot,18083,Rennes,Angers,2,0,2022-03-06 14:00:00,Jonas Martin,HeadPass
461548,43,SavedShot,0.8959999847412109,0.53,0.28857800364494324,Gaetan Laborde,h,3746,OpenPlay,2021,Head,18083,Rennes,Angers,2,0,2022-03-06 14:00:00,Birger Meling,Cross
461553,86,Goal,0.9259999847412109,0.4759999847412109,0.5548700094223022,Gaetan Laborde,h,3746,OpenPlay,2021,LeftFoot,18083,Rennes,Angers,2,0,2022-03-06 14:00:00,Jéremy Doku,Pass
463195,52,SavedShot,0.89,0.33,0.11277899891138077,Gaetan Laborde,a,3746,OpenPlay,2021,RightFoot,18096,Lyon,Rennes,2,4,2022-03-13 16:05:00,Martin Terrier,Pass
463199,67,MissedShots,0.9,0.6140000152587891,0.05649780109524727,Gaetan Laborde,a,3746,FromCorner,2021,LeftFoot,18096,Lyon,Rennes,2,4,2022-03-13 16:05:00,Hamari Traore,Chipped
463201,78,MissedShots,0.8580000305175781,0.3290000152587891,0.07460640370845795,Gaetan Laborde,a,3746,OpenPlay,2021,LeftFoot,18096,Lyon,Rennes,2,4,2022-03-13 16:05:00,Hamari Traore,Pass
465358,51,ShotOnPost,0.8969999694824219,0.6459999847412109,0.07410450279712677,Gaetan Laborde,a,3746,OpenPlay,2021,LeftFoot,18117,Nice,Rennes,1,1,2022-04-02 15:00:00,Martin Terrier,BallRecovery
466796,26,SavedShot,0.76,0.595999984741211,0.02278519980609417,Gaetan Laborde,a,3746,OpenPlay,2021,LeftFoot,18130,Reims,Rennes,2,3,2022-04-09 15:00:00,,BallRecovery
466801,44,MissedShots,0.89,0.5479999923706055,0.12972000241279602,Gaetan Laborde,a,3746,OpenPlay,2021,LeftFoot,18130,Reims,Rennes,2,3,2022-04-09 15:00:00,Benjamin Bourigeaud,Cross
470354,92,Goal,0.935,0.45099998474121095,0.7830389738082886,Gaetan Laborde,h,3746,OpenPlay,2021,RightFoot,18160,Rennes,Lorient,5,0,2022-04-24 11:00:00,Lorenz Assignon,TakeOn
471931,46,MissedShots,0.8769999694824219,0.4779999923706055,0.052787598222494125,Gaetan Laborde,h,3746,FromCorner,2021,RightFoot,18167,Rennes,Saint-Etienne,2,0,2022-04-30 19:00:00,Benjamin Bourigeaud,Cross
471936,65,MissedShots,0.9330000305175781,0.5220000076293946,0.1009029969573021,Gaetan Laborde,h,3746,SetPiece,2021,LeftFoot,18167,Rennes,Saint-Etienne,2,0,2022-04-30 19:00:00,Hamari Traore,HeadPass
475250,18,BlockedShot,0.905,0.5059999847412109,0.07576920092105865,Gaetan Laborde,a,3746,FromCorner,2021,Head,18172,Nantes,Rennes,2,1,2022-05-11 19:00:00,Benjamin Bourigeaud,Cross
475264,62,MissedShots,0.9590000152587891,0.4279999923706055,0.5245580077171326,Gaetan Laborde,a,3746,FromCorner,2021,RightFoot,18172,Nantes,Rennes,2,1,2022-05-11 19:00:00,,None
479813,13,SavedShot,0.9169999694824219,0.4209999847412109,0.1044590026140213,Gaetan Laborde,h,3746,OpenPlay,2022,RightFoot,19656,Rennes,Lorient,0,1,2022-08-07 15:05:00,Martin Terrier,BallTouch
479824,52,SavedShot,0.860999984741211,0.6840000152587891,0.05064789950847626,Gaetan Laborde,h,3746,OpenPlay,2022,LeftFoot,19656,Rennes,Lorient,0,1,2022-08-07 15:05:00,Adrien Truffert,Pass
479826,54,BlockedShot,0.9390000152587891,0.43099998474121093,0.09441030025482178,Gaetan Laborde,h,3746,FromCorner,2022,Head,19656,Rennes,Lorient,0,1,2022-08-07 15:05:00,Benjamin Bourigeaud,Cross
480439,1,SavedShot,0.799000015258789,0.6120000076293945,0.03375919908285141,Gaetan Laborde,a,3746,OpenPlay,2022,LeftFoot,19659,Monaco,Rennes,1,1,2022-08-13 15:00:00,Flavien Tait,Pass
480454,42,BlockedShot,0.8780000305175781,0.5459999847412109,0.06880970299243927,Gaetan Laborde,a,3746,OpenPlay,2022,RightFoot,19659,Monaco,Rennes,1,1,2022-08-13 15:00:00,Hamari Traore,Cross
480457,46,BlockedShot,0.82,0.42200000762939455,0.06332969665527344,Gaetan Laborde,a,3746,OpenPlay,2022,LeftFoot,19659,Monaco,Rennes,1,1,2022-08-13 15:00:00,Benjamin Bourigeaud,TakeOn
480464,58,Goal,0.924000015258789,0.5120000076293946,0.5257310271263123,Gaetan Laborde,a,3746,OpenPlay,2022,LeftFoot,19659,Monaco,Rennes,1,1,2022-08-13 15:00:00,Benjamin Bourigeaud,Rebound
482484,32,BlockedShot,0.9259999847412109,0.5790000152587891,0.06943649798631668,Gaetan Laborde,h,3746,FromCorner,2022,LeftFoot,19676,Rennes,Ajaccio,2,1,2022-08-21 15:05:00,Benjamin Bourigeaud,Cross
484053,71,SavedShot,0.860999984741211,0.5429999923706055,0.09060759842395782,Gaetan Laborde,a,3746,OpenPlay,2022,LeftFoot,19684,Lens,Rennes,2,1,2022-08-27 19:00:00,Flavien Tait,Pass
484058,90,BlockedShot,0.91,0.3609999847412109,0.08523199707269669,Gaetan Laborde,a,3746,OpenPlay,2022,RightFoot,19684,Lens,Rennes,2,1,2022-08-27 19:00:00,Matthis Abline,Pass
484059,90,Goal,0.955999984741211,0.34200000762939453,0.04591729864478111,Gaetan Laborde,a,3746,OpenPlay,2022,RightFoot,19684,Lens,Rennes,2,1,2022-08-27 19:00:00,,Rebound
486846,41,BlockedShot,0.9259999847412109,0.30700000762939456,0.056884098798036575,Gaetan Laborde,h,3746,OpenPlay,2022,RightFoot,19703,Nice,Monaco,0,1,2022-09-04 18:45:00,Andy Delort,HeadPass
486847,44,MissedShots,0.9080000305175782,0.43599998474121093,0.0881635993719101,Gaetan Laborde,h,3746,SetPiece,2022,Head,19703,Nice,Monaco,0,1,2022-09-04 18:45:00,Kephren Thuram,Cross
486854,60,BlockedShot,0.8919999694824219,0.48200000762939454,0.09797319769859314,Gaetan Laborde,h,3746,OpenPlay,2022,LeftFoot,19703,Nice,Monaco,0,1,2022-09-04 18:45:00,Nicolas Pepe,OffsideProvoked
487877,49,MissedShots,0.9230000305175782,0.519000015258789,0.10822899639606476,Gaetan Laborde,a,3746,FromCorner,2022,Head,19708,Ajaccio,Nice,0,1,2022-09-11 13:00:00,Nicolas Pepe,Cross
487883,71,SavedShot,0.8859999847412109,0.6079999923706054,0.10069900006055832,Gaetan Laborde,a,3746,OpenPlay,2022,LeftFoot,19708,Ajaccio,Nice,0,1,2022-09-11 13:00:00,Ross Barkley,Pass
491263,46,Goal,0.9630000305175781,0.544000015258789,0.57607501745224,Gaetan Laborde,a,3746,OpenPlay,2022,RightFoot,19733,Paris Saint Germain,Nice,2,1,2022-10-01 19:00:00,,None
492016,74,ShotOnPost,0.7869999694824219,0.34799999237060547,0.08462449908256531,Gaetan Laborde,h,3746,OpenPlay,2022,LeftFoot,19742,Nice,Troyes,3,2,2022-10-09 13:00:00,Ross Barkley,Pass
495723,3,SavedShot,0.81,0.47400001525878904,0.03231009840965271,Gaetan Laborde,h,3746,OpenPlay,2022,RightFoot,19763,Nice,Nantes,1,1,2022-10-23 15:05:00,Kephren Thuram,Chipped
495732,48,SavedShot,0.795,0.5420000076293945,0.042142998427152634,Gaetan Laborde,h,3746,OpenPlay,2022,LeftFoot,19763,Nice,Nantes,1,1,2022-10-23 15:05:00,Kephren Thuram,Pass
495738,77,SavedShot,0.885,0.465,0.12218599766492844,Gaetan Laborde,h,3746,OpenPlay,2022,RightFoot,19763,Nice,Nantes,1,1,2022-10-23 15:05:00,Billal Brahimi,TakeOn
497327,51,BlockedShot,0.8819999694824219,0.7430000305175781,0.028845099732279778,Gaetan Laborde,a,3746,OpenPlay,2022,LeftFoot,19770,Lorient,Nice,1,2,2022-10-30 16:05:00,Nicolas Pepe,Pass
497332,68,Goal,0.8730000305175781,0.2620000076293945,0.03221559897065163,Gaetan Laborde,a,3746,OpenPlay,2022,LeftFoot,19770,Lorient,Nice,1,2,2022-10-30 16:05:00,Hichem Boudaoui,Pass
498598,9,SavedShot,0.7680000305175781,0.5840000152587891,0.027200400829315186,Gaetan Laborde,h,3746,OpenPlay,2022,RightFoot,19783,Nice,Brest,1,0,2022-11-06 14:00:00,Nicolas Pepe,Pass
498600,25,ShotOnPost,0.9080000305175782,0.5370000076293945,0.09750699996948242,Gaetan Laborde,h,3746,OpenPlay,2022,Head,19783,Nice,Brest,1,0,2022-11-06 14:00:00,Jordan Lotomba,Cross
498609,53,Goal,0.8419999694824218,0.6880000305175781,0.1088080033659935,Gaetan Laborde,h,3746,OpenPlay,2022,OtherBodyPart,19783,Nice,Brest,1,0,2022-11-06 14:00:00,Sofiane Diop,None
498611,57,SavedShot,0.7659999847412109,0.3529999923706055,0.02709590084850788,Gaetan Laborde,h,3746,OpenPlay,2022,LeftFoot,19783,Nice,Brest,1,0,2022-11-06 14:00:00,Aaron Ramsey,Pass
498612,60,SavedShot,0.8969999694824219,0.43200000762939456,0.11337999999523163,Gaetan Laborde,h,3746,OpenPlay,2022,RightFoot,19783,Nice,Brest,1,0,2022-11-06 14:00:00,,None
499807,24,MissedShots,0.91,0.5420000076293945,0.08205199986696243,Gaetan Laborde,a,3746,FromCorner,2022,Head,19792,Lyon,Nice,1,1,2022-11-11 20:00:00,Jordan Lotomba,Cross
499808,25,BlockedShot,0.845,0.48,0.08983109891414642,Gaetan Laborde,a,3746,OpenPlay,2022,LeftFoot,19792,Lyon,Nice,1,1,2022-11-11 20:00:00,Hichem Boudaoui,Pass
501431,27,SavedShot,0.9159999847412109,0.519000015258789,0.05858350172638893,Gaetan Laborde,h,3746,SetPiece,2022,Head,19802,Nice,Lens,0,0,2022-12-29 20:00:00,Pablo Rosario,Aerial
502118,10,MissedShots,0.8830000305175781,0.47,0.05659500136971474,Gaetan Laborde,a,3746,FromCorner,2022,Head,19816,Rennes,Nice,2,1,2023-01-02 20:00:00,Pablo Rosario,Cross
503326,27,SavedShot,0.8419999694824218,0.4,0.08240929991006851,Gaetan Laborde,h,3746,OpenPlay,2022,LeftFoot,19823,Nice,Montpellier,6,1,2023-01-11 20:00:00,Hichem Boudaoui,Pass
503333,58,SavedShot,0.9069999694824219,0.515,0.2319280058145523,Gaetan Laborde,h,3746,SetPiece,2022,Head,19823,Nice,Montpellier,6,1,2023-01-11 20:00:00,Sofiane Diop,Cross
503340,86,BlockedShot,0.9290000152587891,0.5459999847412109,0.13729199767112732,Gaetan Laborde,h,3746,OpenPlay,2022,LeftFoot,19823,Nice,Montpellier,6,1,2023-01-11 20:00:00,Andy Delort,HeadPass
504073,3,SavedShot,0.7780000305175782,0.55,0.033750299364328384,Gaetan Laborde,a,3746,OpenPlay,2022,LeftFoot,19836,Reims,Nice,0,0,2023-01-15 14:00:00,Sofiane Diop,Pass
504080,47,MissedShots,0.879000015258789,0.42700000762939455,0.10419599711894989,Gaetan Laborde,a,3746,OpenPlay,2022,RightFoot,19836,Reims,Nice,0,0,2023-01-15 14:00:00,Nicolas Pepe,Pass
506065,12,MissedShots,0.9469999694824218,0.41,0.09512390196323395,Gaetan Laborde,h,3746,OpenPlay,2022,LeftFoot,19842,Nice,Lille,1,0,2023-01-29 12:00:00,Sofiane Diop,Cross
506066,14,SavedShot,0.7530000305175781,0.4209999847412109,0.02135460078716278,Gaetan Laborde,h,3746,OpenPlay,2022,RightFoot,19842,Nice,Lille,1,0,2023-01-29 12:00:00,Aaron Ramsey,Pass
506076,33,Goal,0.885,0.5570000076293945,0.3703179955482483,Gaetan Laborde,h,3746,OpenPlay,2022,LeftFoot,19842,Nice,Lille,1,0,2023-01-29 12:00:00,Badredine Bouanani,Pass
506749,10,MissedShots,0.9230000305175782,0.505,0.41123801469802856,Gaetan Laborde,a,3746,OpenPlay,2022,Head,19854,Lens,Nice,0,1,2023-02-01 20:00:00,,Rebound
506752,17,BlockedShot,0.8780000305175781,0.639000015258789,0.07247350364923477,Gaetan Laborde,a,3746,OpenPlay,2022,LeftFoot,19854,Lens,Nice,0,1,2023-02-01 20:00:00,Aaron Ramsey,BallTouch
506759,46,SavedShot,0.805,0.16299999237060547,0.017109500244259834,Gaetan Laborde,a,3746,OpenPlay,2022,LeftFoot,19854,Lens,Nice,0,1,2023-02-01 20:00:00,Antoine Mendy,Pass
506761,56,Goal,0.980999984741211,0.52,0.9325609803199768,Gaetan Laborde,a,3746,FromCorner,2022,LeftFoot,19854,Lens,Nice,0,1,2023-02-01 20:00:00,,Rebound
506770,90,SavedShot,0.88,0.5129999923706055,0.10589999705553055,Gaetan Laborde,a,3746,OpenPlay,2022,LeftFoot,19854,Lens,Nice,0,1,2023-02-01 20:00:00,,None
507883,37,SavedShot,0.7759999847412109,0.37099998474121093,0.018392100930213928,Gaetan Laborde,a,3746,OpenPlay,2022,LeftFoot,19862,Marseille,Nice,1,3,2023-02-05 19:45:00,,Rebound
507888,43,Goal,0.924000015258789,0.35,0.3068139851093292,Gaetan Laborde,a,3746,OpenPlay,2022,RightFoot,19862,Marseille,Nice,1,3,2023-02-05 19:45:00,,Rebound
509789,26,BlockedShot,0.7759999847412109,0.38799999237060545,0.024228600785136223,Gaetan Laborde,h,3746,OpenPlay,2022,LeftFoot,19880,Nice,Reims,0,0,2023-02-18 16:00:00,,Rebound
509793,33,BlockedShot,0.875999984741211,0.29700000762939455,0.04113059863448143,Gaetan Laborde,h,3746,OpenPlay,2022,LeftFoot,19880,Nice,Reims,0,0,2023-02-18 16:00:00,Aaron Ramsey,Pass
511812,14,MissedShots,0.7730000305175782,0.27,0.02101540006697178,Gaetan Laborde,h,3746,OpenPlay,2022,LeftFoot,19899,Nice,Auxerre,1,1,2023-03-03 20:00:00,Jordan Lotomba,Pass
511814,20,MissedShots,0.7569999694824219,0.45099998474121095,0.026548700407147408,Gaetan Laborde,h,3746,OpenPlay,2022,LeftFoot,19899,Nice,Auxerre,1,1,2023-03-03 20:00:00,Pablo Rosario,Pass
511815,22,SavedShot,0.8469999694824218,0.4759999847412109,0.0968542993068695,Gaetan Laborde,h,3746,OpenPlay,2022,LeftFoot,19899,Nice,Auxerre,1,1,2023-03-03 20:00:00,Kephren Thuram,Pass
511818,41,SavedShot,0.885,0.5,0.7600950002670288,Gaetan Laborde,h,3746,Penalty,2022,LeftFoot,19899,Nice,Auxerre,1,1,2023-03-03 20:00:00,,Standard
511819,45,Goal,0.8880000305175781,0.47099998474121096,0.06041879951953888,Gaetan Laborde,h,3746,OpenPlay,2022,Head,19899,Nice,Auxerre,1,1,2023-03-03 20:00:00,Jordan Lotomba,Cross
511824,50,BlockedShot,0.855,0.7230000305175781,0.03439459949731827,Gaetan Laborde,h,3746,FromCorner,2022,LeftFoot,19899,Nice,Auxerre,1,1,2023-03-03 20:00:00,,Rebound
515527,22,BlockedShot,0.850999984741211,0.4590000152587891,0.06085750088095665,Gaetan Laborde,h,3746,OpenPlay,2022,RightFoot,19920,Nice,Lorient,1,1,2023-03-19 14:00:00,Kephren Thuram,HeadPass
515542,76,Goal,0.9569999694824218,0.49200000762939455,0.6678529977798462,Gaetan Laborde,h,3746,OpenPlay,2022,LeftFoot,19920,Nice,Lorient,1,1,2023-03-19 14:00:00,Pablo Rosario,Rebound
516929,56,SavedShot,0.8969999694824219,0.48400001525878905,0.08604700118303299,Gaetan Laborde,a,3746,OpenPlay,2022,Head,19930,Angers,Nice,1,1,2023-04-02 13:00:00,Nicolas Pepe,Cross
518408,80,MissedShots,0.8159999847412109,0.565,0.04846179857850075,Gaetan Laborde,h,3746,OpenPlay,2022,LeftFoot,19943,Nice,Paris Saint Germain,0,2,2023-04-08 19:00:00,Terem Igobor Moffi,Pass
519994,64,SavedShot,0.8440000152587891,0.4929999923706055,0.07837489992380142,Gaetan Laborde,a,3746,OpenPlay,2022,RightFoot,19955,Brest,Nice,1,0,2023-04-16 13:00:00,Terem Igobor Moffi,Pass
521323,37,MissedShots,0.8290000152587891,0.7119999694824218,0.02681904286146164,Gaetan Laborde,h,3746,OpenPlay,2022,RightFoot,19964,Nice,Clermont Foot,1,2,2023-04-23 13:00:00,,None
521325,40,Goal,0.919000015258789,0.5520000076293945,0.4662768244743347,Gaetan Laborde,h,3746,OpenPlay,2022,RightFoot,19964,Nice,Clermont Foot,1,2,2023-04-23 13:00:00,,Rebound
521326,43,MissedShots,0.8959999847412109,0.664000015258789,0.05757886916399002,Gaetan Laborde,h,3746,OpenPlay,2022,LeftFoot,19964,Nice,Clermont Foot,1,2,2023-04-23 13:00:00,Badredine Bouanani,Chipped
521327,45,SavedShot,0.865999984741211,0.7609999847412109,0.02737445943057537,Gaetan Laborde,h,3746,OpenPlay,2022,LeftFoot,19964,Nice,Clermont Foot,1,2,2023-04-23 13:00:00,Terem Igobor Moffi,Chipped
521329,51,BlockedShot,0.904000015258789,0.67,0.04948928952217102,Gaetan Laborde,h,3746,OpenPlay,2022,LeftFoot,19964,Nice,Clermont Foot,1,2,2023-04-23 13:00:00,Hichem Boudaoui,Chipped
521333,69,SavedShot,0.9269999694824219,0.6730000305175782,0.3235571086406708,Gaetan Laborde,h,3746,OpenPlay,2022,LeftFoot,19964,Nice,Clermont Foot,1,2,2023-04-23 13:00:00,Terem Igobor Moffi,Throughball
523255,58,BlockedShot,0.9259999847412109,0.5840000152587891,0.12579402327537537,Gaetan Laborde,a,3746,OpenPlay,2022,LeftFoot,19977,Troyes,Nice,0,1,2023-04-30 13:00:00,Aaron Ramsey,BallTouch
523258,65,SavedShot,0.9080000305175782,0.44799999237060545,0.12212473899126053,Gaetan Laborde,a,3746,OpenPlay,2022,Head,19977,Troyes,Nice,0,1,2023-04-30 13:00:00,Badredine Bouanani,Cross
524713,46,BlockedShot,0.8069999694824219,0.4909999847412109,0.05069580674171448,Gaetan Laborde,h,3746,OpenPlay,2022,RightFoot,19983,Nice,Rennes,2,1,2023-05-06 15:00:00,Terem Igobor Moffi,Pass
524714,49,Goal,0.970999984741211,0.5570000076293945,0.5465264320373535,Gaetan Laborde,h,3746,OpenPlay,2022,LeftFoot,19983,Nice,Rennes,2,1,2023-05-06 15:00:00,Badredine Bouanani,Cross
526098,41,MissedShots,0.7169999694824218,0.4929999923706055,0.04703395068645477,Gaetan Laborde,a,3746,DirectFreekick,2022,LeftFoot,19994,Strasbourg,Nice,2,0,2023-05-13 15:00:00,,Standard
527990,77,SavedShot,0.7809999847412109,0.6790000152587891,0.02292538993060589,Gaetan Laborde,h,3746,OpenPlay,2022,RightFoot,20003,Nice,Toulouse,0,0,2023-05-21 13:00:00,Ross Barkley,Pass
527996,85,MissedShots,0.909000015258789,0.5979999923706054,0.5363229513168335,Gaetan Laborde,h,3746,OpenPlay,2022,LeftFoot,20003,Nice,Toulouse,0,0,2023-05-21 13:00:00,,None
529482,20,MissedShots,0.965,0.615,0.0306448582559824,Gaetan Laborde,a,3746,FromCorner,2022,Head,20011,Montpellier,Nice,2,3,2023-05-27 19:00:00,Ross Barkley,Cross
529483,24,SavedShot,0.8590000152587891,0.6419999694824219,0.04384899139404297,Gaetan Laborde,a,3746,OpenPlay,2022,LeftFoot,20011,Montpellier,Nice,2,3,2023-05-27 19:00:00,,None
529491,50,SavedShot,0.7619999694824219,0.3509999847412109,0.018658777698874474,Gaetan Laborde,a,3746,OpenPlay,2022,LeftFoot,20011,Montpellier,Nice,2,3,2023-05-27 19:00:00,Ross Barkley,Pass
529493,53,SavedShot,0.7390000152587891,0.5570000076293945,0.01529877632856369,Gaetan Laborde,a,3746,OpenPlay,2022,LeftFoot,20011,Montpellier,Nice,2,3,2023-05-27 19:00:00,Ross Barkley,BallRecovery
529498,66,SavedShot,0.9119999694824219,0.4809999847412109,0.3963894546031952,Gaetan Laborde,a,3746,OpenPlay,2022,LeftFoot,20011,Montpellier,Nice,2,3,2023-05-27 19:00:00,Ross Barkley,BallTouch
529499,66,Goal,0.9590000152587891,0.5059999847412109,0.6363017559051514,Gaetan Laborde,a,3746,OpenPlay,2022,Head,20011,Montpellier,Nice,2,3,2023-05-27 19:00:00,,Aerial
529502,78,Goal,0.9730000305175781,0.4640000152587891,0.9711501002311707,Gaetan Laborde,a,3746,OpenPlay,2022,RightFoot,20011,Montpellier,Nice,2,3,2023-05-27 19:00:00,Terem Igobor Moffi,TakeOn
529507,92,SavedShot,0.95,0.47900001525878905,0.6573451161384583,Gaetan Laborde,a,3746,OpenPlay,2022,RightFoot,20011,Montpellier,Nice,2,3,2023-05-27 19:00:00,,Rebound
529511,95,MissedShots,0.7959999847412109,0.39,0.0414612852036953,Gaetan Laborde,a,3746,OpenPlay,2022,LeftFoot,20011,Montpellier,Nice,2,3,2023-05-27 19:00:00,Jordan Lotomba,Pass
530650,2,BlockedShot,0.8959999847412109,0.3840000152587891,0.04154316708445549,Gaetan Laborde,h,3746,FromCorner,2022,RightFoot,20023,Nice,Lyon,3,1,2023-06-03 17:00:00,Dante,HeadPass
530659,26,BlockedShot,0.855,0.5479999923706055,0.1025894284248352,Gaetan Laborde,h,3746,OpenPlay,2022,LeftFoot,20023,Nice,Lyon,3,1,2023-06-03 17:00:00,Melvin Bard,Pass
530662,27,Goal,0.97,0.5079999923706054,0.8504070043563843,Gaetan Laborde,h,3746,OpenPlay,2022,Head,20023,Nice,Lyon,3,1,2023-06-03 17:00:00,,Rebound
532290,9,SavedShot,0.9840000152587891,0.29,0.045610278844833374,Gaetan Laborde,h,3746,OpenPlay,2023,LeftFoot,23377,Nice,Lille,1,1,2023-08-12 18:00:00,,TakeOn
532293,17,Goal,0.8919999694824219,0.40099998474121096,0.39776697754859924,Gaetan Laborde,h,3746,OpenPlay,2023,RightFoot,23377,Nice,Lille,1,1,2023-08-12 18:00:00,Terem Igobor Moffi,Pass
533746,4,MissedShots,0.945,0.38599998474121094,0.026538582518696785,Gaetan Laborde,a,3746,OpenPlay,2023,Head,23381,Lorient,Nice,1,1,2023-08-20 13:00:00,Melvin Bard,Aerial
533757,36,BlockedShot,0.7290000152587891,0.46900001525878904,0.01778610236942768,Gaetan Laborde,a,3746,OpenPlay,2023,LeftFoot,23381,Lorient,Nice,1,1,2023-08-20 13:00:00,Kephren Thuram,Tackle
533758,45,MissedShots,0.8169999694824219,0.32799999237060545,0.09487395733594894,Gaetan Laborde,a,3746,DirectFreekick,2023,LeftFoot,23381,Lorient,Nice,1,1,2023-08-20 13:00:00,,Standard
533772,81,BlockedShot,0.96,0.6469999694824219,0.06572363525629044,Gaetan Laborde,a,3746,OpenPlay,2023,LeftFoot,23381,Lorient,Nice,1,1,2023-08-20 13:00:00,,None
535616,15,MissedShots,0.7859999847412109,0.28600000381469726,0.020859720185399055,Gaetan Laborde,h,3746,OpenPlay,2023,LeftFoot,23394,Nice,Lyon,0,0,2023-08-27 18:45:00,Terem Igobor Moffi,Pass
535632,63,SavedShot,0.92,0.28,0.03600745275616646,Gaetan Laborde,h,3746,OpenPlay,2023,LeftFoot,23394,Nice,Lyon,0,0,2023-08-27 18:45:00,Morgan Sanson,Rebound
536949,33,SavedShot,0.885,0.45799999237060546,0.366534024477005,Gaetan Laborde,h,3746,OpenPlay,2023,RightFoot,23402,Nice,Strasbourg,2,0,2023-09-03 15:05:00,Sofiane Diop,Rebound
536951,35,SavedShot,0.8830000305175781,0.43900001525878907,0.3662114441394806,Gaetan Laborde,h,3746,OpenPlay,2023,LeftFoot,23402,Nice,Strasbourg,2,0,2023-09-03 15:05:00,,None
537275,46,BlockedShot,0.9119999694824219,0.27399999618530274,0.04737608879804611,Gaetan Laborde,a,3746,OpenPlay,2023,LeftFoot,23407,Paris Saint Germain,Nice,2,3,2023-09-15 19:00:00,Morgan Sanson,Pass
537277,52,Goal,0.9630000305175781,0.395,0.524187445640564,Gaetan Laborde,a,3746,OpenPlay,2023,RightFoot,23407,Paris Saint Germain,Nice,2,3,2023-09-15 19:00:00,Terem Igobor Moffi,Pass
538804,21,SavedShot,0.895,0.5940000152587891,0.03982911258935928,Gaetan Laborde,a,3746,OpenPlay,2023,Head,23417,Monaco,Nice,0,1,2023-09-22 19:00:00,Sofiane Diop,Cross
541781,14,MissedShots,0.7469999694824219,0.47299999237060547,0.01983119174838066,Gaetan Laborde,h,3746,OpenPlay,2023,LeftFoot,23430,Nice,Brest,0,0,2023-10-01 13:00:00,,None
541784,18,SavedShot,0.879000015258789,0.46700000762939453,0.0519120879471302,Gaetan Laborde,h,3746,OpenPlay,2023,LeftFoot,23430,Nice,Brest,0,0,2023-10-01 13:00:00,,Aerial
541794,72,BlockedShot,0.8640000152587891,0.2989999961853027,0.04110555350780487,Gaetan Laborde,h,3746,OpenPlay,2023,LeftFoot,23430,Nice,Brest,0,0,2023-10-01 13:00:00,,None
542768,52,BlockedShot,0.8490000152587891,0.42,0.09771259129047394,Gaetan Laborde,a,3746,OpenPlay,2023,LeftFoot,23440,Metz,Nice,0,1,2023-10-07 15:00:00,Jeremie Boga,Pass
544323,49,MissedShots,0.7980000305175782,0.34900001525878904,0.03224935010075569,Gaetan Laborde,h,3746,OpenPlay,2023,LeftFoot,23449,Nice,Marseille,1,0,2023-10-21 19:00:00,Jean-Clair Todibo,BallRecovery
544325,54,SavedShot,0.9,0.34700000762939454,0.01042872853577137,Gaetan Laborde,h,3746,OpenPlay,2023,Head,23449,Nice,Marseille,1,0,2023-10-21 19:00:00,Jeremie Boga,Aerial
544328,70,BlockedShot,0.789000015258789,0.41900001525878905,0.03455778583884239,Gaetan Laborde,h,3746,OpenPlay,2023,LeftFoot,23449,Nice,Marseille,1,0,2023-10-21 19:00:00,Pablo Rosario,Pass
545118,9,ShotOnPost,0.9830000305175781,0.365,0.03108498454093933,Gaetan Laborde,a,3746,OpenPlay,2023,RightFoot,23455,Clermont Foot,Nice,0,1,2023-10-27 19:00:00,Jeremie Boga,Cross
545119,11,BlockedShot,0.8909999847412109,0.32799999237060545,0.06757564097642899,Gaetan Laborde,a,3746,OpenPlay,2023,LeftFoot,23455,Clermont Foot,Nice,0,1,2023-10-27 19:00:00,Hichem Boudaoui,Pass
545122,36,MissedShots,0.885,0.5,0.7600951194763184,Gaetan Laborde,a,3746,Penalty,2023,LeftFoot,23455,Clermont Foot,Nice,0,1,2023-10-27 19:00:00,,Standard
547684,40,MissedShots,0.9690000152587891,0.39,0.0691036731004715,Gaetan Laborde,h,3746,OpenPlay,2023,LeftFoot,23468,Nice,Rennes,2,0,2023-11-05 19:45:00,Kephren Thuram,Cross
547689,46,BlockedShot,0.909000015258789,0.3340000152587891,0.07168873399496078,Gaetan Laborde,h,3746,OpenPlay,2023,LeftFoot,23468,Nice,Rennes,2,0,2023-11-05 19:45:00,Terem Igobor Moffi,Pass
547690,49,MissedShots,0.7909999847412109,0.5709999847412109,0.05334873124957085,Gaetan Laborde,h,3746,OpenPlay,2023,LeftFoot,23468,Nice,Rennes,2,0,2023-11-05 19:45:00,,BallRecovery
547691,59,MissedShots,0.840999984741211,0.315,0.053655002266168594,Gaetan Laborde,h,3746,OpenPlay,2023,LeftFoot,23468,Nice,Rennes,2,0,2023-11-05 19:45:00,,None
548028,70,MissedShots,0.7780000305175782,0.355,0.02235831879079342,Gaetan Laborde,a,3746,OpenPlay,2023,LeftFoot,23477,Montpellier,Nice,0,0,2023-11-10 20:00:00,Morgan Sanson,Pass
548034,89,SavedShot,0.909000015258789,0.3029999923706055,0.052215803414583206,Gaetan Laborde,a,3746,OpenPlay,2023,RightFoot,23477,Montpellier,Nice,0,0,2023-11-10 20:00:00,Hichem Boudaoui,Pass
548037,93,BlockedShot,0.845,0.24399999618530274,0.02304232306778431,Gaetan Laborde,a,3746,OpenPlay,2023,LeftFoot,23477,Montpellier,Nice,0,0,2023-11-10 20:00:00,Jean-Clair Todibo,TakeOn
550169,36,MissedShots,0.885,0.515,0.06193314120173454,Gaetan Laborde,h,3746,OpenPlay,2023,Head,23484,Nice,Toulouse,1,0,2023-11-26 12:00:00,Jordan Lotomba,Cross
550172,48,BlockedShot,0.9180000305175782,0.395,0.07674077153205872,Gaetan Laborde,h,3746,OpenPlay,2023,RightFoot,23484,Nice,Toulouse,1,0,2023-11-26 12:00:00,Jordan Lotomba,Cross
550175,56,MissedShots,0.9109999847412109,0.2979999923706055,0.06269527971744537,Gaetan Laborde,h,3746,OpenPlay,2023,RightFoot,23484,Nice,Toulouse,1,0,2023-11-26 12:00:00,Morgan Sanson,Pass
551375,69,MissedShots,0.965,0.6809999847412109,0.049845825880765915,Gaetan Laborde,a,3746,OpenPlay,2023,RightFoot,23494,Nantes,Nice,1,0,2023-12-02 20:00:00,,None
553311,25,MissedShots,0.9369999694824219,0.6819999694824219,0.0639144778251648,Gaetan Laborde,h,3746,OpenPlay,2023,LeftFoot,23502,Nice,Reims,2,1,2023-12-10 12:00:00,,BallRecovery
553319,54,Goal,0.8390000152587891,0.5409999847412109,0.10110598802566528,Gaetan Laborde,h,3746,OpenPlay,2023,LeftFoot,23502,Nice,Reims,2,1,2023-12-10 12:00:00,,None
554371,42,BlockedShot,0.8280000305175781,0.395,0.03733241185545921,Gaetan Laborde,a,3746,FromCorner,2023,LeftFoot,23513,Le Havre,Nice,3,1,2023-12-16 16:00:00,,None
554378,90,SavedShot,0.9519999694824218,0.534000015258789,0.6253761649131775,Gaetan Laborde,a,3746,OpenPlay,2023,RightFoot,23513,Le Havre,Nice,3,1,2023-12-16 16:00:00,Romain Perraud,Pass
555561,40,MissedShots,0.870999984741211,0.35200000762939454,0.06233227252960205,Gaetan Laborde,h,3746,OpenPlay,2023,LeftFoot,23519,Nice,Lens,2,0,2023-12-20 20:00:00,Pablo Rosario,HeadPass
555564,49,MissedShots,0.9059999847412109,0.4909999847412109,0.11727865040302277,Gaetan Laborde,h,3746,OpenPlay,2023,Head,23519,Nice,Lens,2,0,2023-12-20 20:00:00,Morgan Sanson,Cross
555568,50,SavedShot,0.8090000152587891,0.6769999694824219,0.022796953096985817,Gaetan Laborde,h,3746,OpenPlay,2023,LeftFoot,23519,Nice,Lens,2,0,2023-12-20 20:00:00,,TakeOn
558308,32,SavedShot,0.909000015258789,0.5829999923706055,0.06461575627326965,Gaetan Laborde,a,3746,OpenPlay,2023,Head,23524,Rennes,Nice,2,0,2024-01-13 20:00:00,Alexis Claude Maurice,Cross
559874,5,SavedShot,0.9480000305175781,0.2989999961853027,0.05129008740186691,Gaetan Laborde,h,3746,OpenPlay,2023,LeftFoot,23538,Nice,Metz,1,0,2024-01-27 16:00:00,,None
559875,21,SavedShot,0.725999984741211,0.500999984741211,0.051812924444675446,Gaetan Laborde,h,3746,DirectFreekick,2023,LeftFoot,23538,Nice,Metz,1,0,2024-01-27 16:00:00,,Standard
559879,39,SavedShot,0.8519999694824218,0.5279999923706055,0.06268225610256195,Gaetan Laborde,h,3746,FromCorner,2023,RightFoot,23538,Nice,Metz,1,0,2024-01-27 16:00:00,Jordan Lotomba,HeadPass
561828,11,MissedShots,0.9030000305175782,0.4570000076293945,0.04327157139778137,Gaetan Laborde,a,3746,OpenPlay,2023,Head,23550,Brest,Nice,0,0,2024-02-04 16:05:00,Kephren Thuram,Aerial
561832,34,BlockedShot,0.885,0.47900001525878905,0.09172558784484863,Gaetan Laborde,a,3746,OpenPlay,2023,LeftFoot,23550,Brest,Nice,0,0,2024-02-04 16:05:00,Melvin Bard,Cross
561837,53,BlockedShot,0.870999984741211,0.625999984741211,0.0835670456290245,Gaetan Laborde,a,3746,OpenPlay,2023,LeftFoot,23550,Brest,Nice,0,0,2024-02-04 16:05:00,Jordan Lotomba,Pass
563265,6,MissedShots,0.7630000305175781,0.37099998474121093,0.019017165526747704,Gaetan Laborde,h,3746,OpenPlay,2023,LeftFoot,23555,Nice,Monaco,2,3,2024-02-11 19:45:00,,None
563266,14,BlockedShot,0.8490000152587891,0.29700000762939455,0.02961486019194126,Gaetan Laborde,h,3746,SetPiece,2023,LeftFoot,23555,Nice,Monaco,2,3,2024-02-11 19:45:00,Hichem Boudaoui,Pass
563277,36,Goal,0.885,0.5,0.7600951194763184,Gaetan Laborde,h,3746,Penalty,2023,LeftFoot,23555,Nice,Monaco,2,3,2024-02-11 19:45:00,,Standard
563279,47,BlockedShot,0.9009999847412109,0.4229999923706055,0.10672350972890854,Gaetan Laborde,h,3746,OpenPlay,2023,LeftFoot,23555,Nice,Monaco,2,3,2024-02-11 19:45:00,,Rebound
563523,5,BlockedShot,0.8919999694824219,0.55,0.12816396355628967,Gaetan Laborde,a,3746,OpenPlay,2023,LeftFoot,23564,Lyon,Nice,1,0,2024-02-16 20:00:00,,TakeOn
563527,17,MissedShots,0.765,0.5379999923706055,0.019946934655308723,Gaetan Laborde,a,3746,FromCorner,2023,LeftFoot,23564,Lyon,Nice,1,0,2024-02-16 20:00:00,,None
563529,19,BlockedShot,0.8869999694824219,0.46599998474121096,0.04181958734989166,Gaetan Laborde,a,3746,FromCorner,2023,Head,23564,Lyon,Nice,1,0,2024-02-16 20:00:00,Mohamed Ali-Cho,Cross
567007,80,SavedShot,0.955,0.57,0.5340010523796082,Gaetan Laborde,a,3746,OpenPlay,2023,RightFoot,23579,Toulouse,Nice,2,1,2024-03-03 12:00:00,Kephren Thuram,Pass
567678,15,MissedShots,0.870999984741211,0.48700000762939455,0.03999324515461922,Gaetan Laborde,h,3746,OpenPlay,2023,Head,23592,Nice,Montpellier,1,2,2024-03-08 20:00:00,Kephren Thuram,Cross
574745,59,SavedShot,0.855999984741211,0.3390000152587891,0.06695227324962616,Gaetan Laborde,h,3746,OpenPlay,2023,LeftFoot,23635,Nice,Lorient,3,0,2024-04-19 19:00:00,Hichem Boudaoui,BallRecovery
574754,87,SavedShot,0.8109999847412109,0.529000015258789,0.10599804669618607,Gaetan Laborde,h,3746,OpenPlay,2023,RightFoot,23635,Nice,Lorient,3,0,2024-04-19 19:00:00,Jean-Clair Todibo,Pass
576149,79,MissedShots,0.9519999694824218,0.509000015258789,0.13551560044288635,Gaetan Laborde,a,3746,FromCorner,2023,Head,23623,Marseille,Nice,2,2,2024-04-24 19:00:00,Jeremie Boga,Cross
581143,71,SavedShot,0.8780000305175781,0.41200000762939454,0.29462292790412903,Gaetan Laborde,h,3746,OpenPlay,2023,RightFoot,23653,Nice,Paris Saint Germain,1,2,2024-05-15 19:00:00,Hichem Boudaoui,BlockedPass
582798,9,Goal,0.9580000305175781,0.425,0.5300782322883606,Gaetan Laborde,a,3746,OpenPlay,2023,RightFoot,23673,Lille,Nice,2,2,2024-05-19 19:00:00,Jeremie Boga,Pass
582803,32,MissedShots,0.88,0.610999984741211,0.041839197278022766,Gaetan Laborde,a,3746,FromCorner,2023,LeftFoot,23673,Lille,Nice,2,2,2024-05-19 19:00:00,Tom Louchet,Cross
585189,37,BlockedShot,0.88,0.7390000152587891,0.06797809153795242,Gaetan Laborde,a,3746,OpenPlay,2024,LeftFoot,28052,Auxerre,Nice,2,1,2024-08-18 13:00:00,Hichem Boudaoui,Pass
597704,76,MissedShots,0.7280000305175781,0.3820000076293945,0.016664676368236542,Gaetan Laborde,a,3746,OpenPlay,2024,LeftFoot,28116,Nantes,Nice,1,1,2024-10-20 15:00:00,Pablo Rosario,Pass
597707,87,MissedShots,0.850999984741211,0.6519999694824219,0.11823014169931412,Gaetan Laborde,a,3746,OpenPlay,2024,LeftFoot,28116,Nantes,Nice,1,1,2024-10-20 15:00:00,Sofiane Diop,Throughball
599128,70,Goal,0.8569999694824219,0.524000015258789,0.3603329658508301,Gaetan Laborde,h,3746,OpenPlay,2024,LeftFoot,28128,Nice,Monaco,2,1,2024-10-27 16:00:00,,BallRecovery
601968,83,BlockedShot,0.899000015258789,0.6320000076293946,0.07542411983013153,Gaetan Laborde,h,3746,OpenPlay,2024,RightFoot,28141,Nice,Lille,2,2,2024-11-10 14:00:00,Evann Guessand,Pass
603692,92,SavedShot,0.899000015258789,0.4379999923706055,0.5625407099723816,Gaetan Laborde,h,3746,OpenPlay,2024,RightFoot,28149,Nice,Strasbourg,2,1,2024-11-24 19:45:00,Evann Guessand,Pass
604892,77,BlockedShot,0.8719999694824219,0.3110000038146973,0.05456087365746498,Gaetan Laborde,a,3746,OpenPlay,2024,LeftFoot,28163,Lyon,Nice,4,1,2024-12-01 16:00:00,Badredine Bouanani,Pass
604898,85,SavedShot,0.8680000305175781,0.5120000076293946,0.09407152235507965,Gaetan Laborde,a,3746,OpenPlay,2024,LeftFoot,28163,Lyon,Nice,4,1,2024-12-01 16:00:00,Rares Ilie,Pass
606064,21,BlockedShot,0.9440000152587891,0.63,0.019269313663244247,Gaetan Laborde,h,3746,FromCorner,2024,Head,28165,Nice,Le Havre,2,1,2024-12-07 18:00:00,Sofiane Diop,BallTouch
606071,46,BlockedShot,0.855999984741211,0.44799999237060545,0.07215119153261185,Gaetan Laborde,h,3746,OpenPlay,2024,RightFoot,28165,Nice,Le Havre,2,1,2024-12-07 18:00:00,,Rebound
606073,48,MissedShots,0.93,0.605,0.3524819016456604,Gaetan Laborde,h,3746,OpenPlay,2024,LeftFoot,28165,Nice,Le Havre,2,1,2024-12-07 18:00:00,Tanguy NDombele Alvaro,Rebound
606074,54,Goal,0.885,0.5,0.7600951194763184,Gaetan Laborde,h,3746,Penalty,2024,LeftFoot,28165,Nice,Le Havre,2,1,2024-12-07 18:00:00,,Standard
606084,87,SavedShot,0.86,0.2620000076293945,0.08610902726650238,Gaetan Laborde,h,3746,OpenPlay,2024,RightFoot,28165,Nice,Le Havre,2,1,2024-12-07 18:00:00,Evann Guessand,Pass
607465,16,Goal,0.7809999847412109,0.37099998474121093,0.049116991460323334,Gaetan Laborde,a,3746,OpenPlay,2024,LeftFoot,28179,Montpellier,Nice,2,2,2024-12-15 14:00:00,Evann Guessand,Pass
607471,36,MissedShots,0.795,0.525,0.029943495988845825,Gaetan Laborde,a,3746,OpenPlay,2024,LeftFoot,28179,Montpellier,Nice,2,2,2024-12-15 14:00:00,Sofiane Diop,HeadPass
607474,38,SavedShot,0.955999984741211,0.6840000152587891,0.0634436085820198,Gaetan Laborde,a,3746,OpenPlay,2024,LeftFoot,28179,Montpellier,Nice,2,2,2024-12-15 14:00:00,,Rebound
607478,45,SavedShot,0.960999984741211,0.40299999237060546,0.41393858194351196,Gaetan Laborde,a,3746,OpenPlay,2024,LeftFoot,28179,Montpellier,Nice,2,2,2024-12-15 14:00:00,,None
607490,75,BlockedShot,0.884000015258789,0.3039999961853027,0.10385699570178986,Gaetan Laborde,a,3746,OpenPlay,2024,RightFoot,28179,Montpellier,Nice,2,2,2024-12-15 14:00:00,Yaël Nandjou,BallRecovery
607493,85,BlockedShot,0.8059999847412109,0.4209999847412109,0.06724520027637482,Gaetan Laborde,a,3746,OpenPlay,2024,LeftFoot,28179,Montpellier,Nice,2,2,2024-12-15 14:00:00,,TakeOn
609834,49,Goal,0.9269999694824219,0.524000015258789,0.4211650788784027,Gaetan Laborde,h,3746,OpenPlay,2024,LeftFoot,28191,Nice,Rennes,3,2,2025-01-03 20:00:00,Evann Guessand,Cross
609841,69,MissedShots,0.785,0.39099998474121095,0.02477763034403324,Gaetan Laborde,h,3746,OpenPlay,2024,LeftFoot,28191,Nice,Rennes,3,2,2025-01-03 20:00:00,Antoine Mendy,Cross
610868,4,MissedShots,0.8619999694824219,0.6179999923706054,0.012746289372444153,Gaetan Laborde,a,3746,OpenPlay,2024,Head,28195,Reims,Nice,2,4,2025-01-11 18:00:00,Melvin Bard,Cross
610877,23,BlockedShot,0.9419999694824219,0.5070000076293946,0.5294058918952942,Gaetan Laborde,a,3746,OpenPlay,2024,Head,28195,Reims,Nice,2,4,2025-01-11 18:00:00,,Rebound
610881,43,Goal,0.885,0.5,0.7600951194763184,Gaetan Laborde,a,3746,Penalty,2024,LeftFoot,28195,Reims,Nice,2,4,2025-01-11 18:00:00,,Standard
610886,63,Goal,0.935,0.6170000076293946,0.366129606962204,Gaetan Laborde,a,3746,OpenPlay,2024,LeftFoot,28195,Reims,Nice,2,4,2025-01-11 18:00:00,Sofiane Diop,Throughball
612022,2,SavedShot,0.8619999694824219,0.7080000305175781,0.037022531032562256,Gaetan Laborde,a,3746,OpenPlay,2024,RightFoot,28203,Lille,Nice,2,1,2025-01-17 20:05:00,Mohamed Ali-Cho,Pass
612027,27,MissedShots,0.9340000152587891,0.5459999847412109,0.13474595546722412,Gaetan Laborde,a,3746,OpenPlay,2024,Head,28203,Lille,Nice,2,1,2025-01-17 20:05:00,Jonathan Clauss,Cross
612031,42,BlockedShot,0.8059999847412109,0.5129999923706055,0.06443819403648376,Gaetan Laborde,a,3746,OpenPlay,2024,LeftFoot,28203,Lille,Nice,2,1,2025-01-17 20:05:00,Evann Guessand,Pass
612034,46,MissedShots,0.9730000305175781,0.3970000076293945,0.041291579604148865,Gaetan Laborde,a,3746,FromCorner,2024,Head,28203,Lille,Nice,2,1,2025-01-17 20:05:00,Jonathan Clauss,Cross
614144,15,MissedShots,0.8830000305175781,0.6569999694824219,0.12395823746919632,Gaetan Laborde,h,3746,OpenPlay,2024,LeftFoot,28217,Nice,Marseille,2,0,2025-01-26 19:45:00,Mohamed Ali-Cho,TakeOn
614148,29,BlockedShot,0.9180000305175782,0.5579999923706055,0.028040209785103798,Gaetan Laborde,h,3746,FromCorner,2024,Head,28217,Nice,Marseille,2,0,2025-01-26 19:45:00,Jonathan Clauss,Aerial
614150,35,MissedShots,0.8780000305175781,0.504000015258789,0.09859426319599152,Gaetan Laborde,h,3746,OpenPlay,2024,LeftFoot,28217,Nice,Marseille,2,0,2025-01-26 19:45:00,Mohamed Ali-Cho,Cross
615410,17,Goal,0.885,0.5,0.7600951194763184,Gaetan Laborde,a,3746,Penalty,2024,LeftFoot,28225,Toulouse,Nice,1,1,2025-02-02 14:00:00,,Standard
615412,28,SavedShot,0.9330000305175781,0.4520000076293945,0.1474631279706955,Gaetan Laborde,a,3746,OpenPlay,2024,LeftFoot,28225,Toulouse,Nice,1,1,2025-02-02 14:00:00,Evann Guessand,Cross
616150,9,Goal,0.885,0.5,0.7600951194763184,Gaetan Laborde,h,3746,Penalty,2024,LeftFoot,28236,Nice,Lens,2,0,2025-02-08 16:00:00,,Standard
616167,58,BlockedShot,0.805,0.49400001525878906,0.0672788992524147,Gaetan Laborde,h,3746,OpenPlay,2024,RightFoot,28236,Nice,Lens,2,0,2025-02-08 16:00:00,Baptiste Santamaria,Pass
617777,15,Goal,0.8030000305175782,0.4129999923706055,0.040214765816926956,Gaetan Laborde,a,3746,OpenPlay,2024,LeftFoot,28244,Le Havre,Nice,1,3,2025-02-16 16:15:00,Evann Guessand,Pass
617783,30,MissedShots,0.8540000152587891,0.34900001525878904,0.06917125731706619,Gaetan Laborde,a,3746,OpenPlay,2024,RightFoot,28244,Le Havre,Nice,1,3,2025-02-16 16:15:00,Evann Guessand,Pass
619069,33,MissedShots,0.86,0.46900001525878904,0.10969617962837219,Gaetan Laborde,h,3746,OpenPlay,2024,RightFoot,28253,Nice,Montpellier,2,0,2025-02-23 16:15:00,Evann Guessand,Pass
619071,38,BlockedShot,0.9569999694824218,0.605,0.06791485100984573,Gaetan Laborde,h,3746,FromCorner,2024,RightFoot,28253,Nice,Montpellier,2,0,2025-02-23 16:15:00,Jonathan Clauss,CornerAwarded
619083,79,SavedShot,0.799000015258789,0.5570000076293945,0.10013694316148758,Gaetan Laborde,h,3746,OpenPlay,2024,RightFoot,28253,Nice,Montpellier,2,0,2025-02-23 16:15:00,Sofiane Diop,TakeOn
620057,5,SavedShot,0.9540000152587891,0.5890000152587891,0.47540992498397827,Gaetan Laborde,a,3746,SetPiece,2024,RightFoot,28259,Saint-Etienne,Nice,1,3,2025-03-01 16:00:00,,Rebound
620066,42,SavedShot,0.9119999694824219,0.55,0.03570794686675072,Gaetan Laborde,a,3746,FromCorner,2024,Head,28259,Saint-Etienne,Nice,1,3,2025-03-01 16:00:00,Baptiste Santamaria,BallTouch
622178,4,BlockedShot,0.8769999694824219,0.5420000076293945,0.07949452102184296,Gaetan Laborde,h,3746,SetPiece,2024,RightFoot,28268,Nice,Lyon,0,2,2025-03-09 19:45:00,Jonathan Clauss,Chipped
622179,4,MissedShots,0.8819999694824219,0.5620000076293945,0.062113840132951736,Gaetan Laborde,h,3746,FromCorner,2024,RightFoot,28268,Nice,Lyon,0,2,2025-03-09 19:45:00,Mohamed Ali-Cho,CornerAwarded
622186,31,BlockedShot,0.975,0.46799999237060547,0.6647935509681702,Gaetan Laborde,h,3746,OpenPlay,2024,Head,28268,Nice,Lyon,0,2,2025-03-09 19:45:00,Melvin Bard,Cross
622189,41,BlockedShot,0.8180000305175781,0.4909999847412109,0.047905333340168,Gaetan Laborde,h,3746,SetPiece,2024,LeftFoot,28268,Nice,Lyon,0,2,2025-03-09 19:45:00,Dante,None
622190,42,MissedShots,0.925,0.6469999694824219,0.06892817467451096,Gaetan Laborde,h,3746,SetPiece,2024,LeftFoot,28268,Nice,Lyon,0,2,2025-03-09 19:45:00,Hichem Boudaoui,Chipped
622297,25,MissedShots,0.8919999694824219,0.41900001525878905,0.11652074754238129,Gaetan Laborde,h,3746,OpenPlay,2024,RightFoot,28274,Nice,Auxerre,1,1,2025-03-14 19:45:00,Hichem Boudaoui,Pass
622301,36,BlockedShot,0.8809999847412109,0.32299999237060545,0.08439650386571884,Gaetan Laborde,h,3746,OpenPlay,2024,RightFoot,28274,Nice,Auxerre,1,1,2025-03-14 19:45:00,Hichem Boudaoui,Pass
622305,47,BlockedShot,0.9309999847412109,0.46,0.10510392487049103,Gaetan Laborde,h,3746,FromCorner,2024,RightFoot,28274,Nice,Auxerre,1,1,2025-03-14 19:45:00,Sofiane Diop,HeadPass
622315,66,MissedShots,0.9269999694824219,0.4329999923706055,0.03869739547371864,Gaetan Laborde,h,3746,FromCorner,2024,Head,28274,Nice,Auxerre,1,1,2025-03-14 19:45:00,Melvin Bard,Aerial
622318,72,MissedShots,0.8219999694824218,0.34,0.06966015696525574,Gaetan Laborde,h,3746,OpenPlay,2024,LeftFoot,28274,Nice,Auxerre,1,1,2025-03-14 19:45:00,Tom Louchet,Pass
624458,77,MissedShots,0.9319999694824219,0.46900001525878904,0.058986227959394455,Gaetan Laborde,a,3746,FromCorner,2024,Head,28290,Monaco,Nice,2,1,2025-03-29 20:05:00,Baptiste Santamaria,Aerial
625377,12,SavedShot,0.909000015258789,0.3970000076293945,0.043294757604599,Gaetan Laborde,h,3746,OpenPlay,2024,Head,28292,Nice,Nantes,1,2,2025-04-04 18:45:00,Ali Abdi,Cross
625379,19,SavedShot,0.8669999694824219,0.3659999847412109,0.07252386212348938,Gaetan Laborde,h,3746,OpenPlay,2024,LeftFoot,28292,Nice,Nantes,1,2,2025-04-04 18:45:00,Jeremie Boga,Pass
625380,20,SavedShot,0.8780000305175781,0.634000015258789,0.2590811252593994,Gaetan Laborde,h,3746,OpenPlay,2024,LeftFoot,28292,Nice,Nantes,1,2,2025-04-04 18:45:00,Ali Abdi,Pass
625384,31,BlockedShot,0.87,0.545,0.07339829951524734,Gaetan Laborde,h,3746,FromCorner,2024,LeftFoot,28292,Nice,Nantes,1,2,2025-04-04 18:45:00,,None
625390,51,MissedShots,0.9080000305175782,0.5,0.04684733971953392,Gaetan Laborde,h,3746,OpenPlay,2024,Head,28292,Nice,Nantes,1,2,2025-04-04 18:45:00,,Aerial
625395,70,BlockedShot,0.9009999847412109,0.41200000762939454,0.07361001521348953,Gaetan Laborde,h,3746,OpenPlay,2024,LeftFoot,28292,Nice,Nantes,1,2,2025-04-04 18:45:00,,None
627464,15,BlockedShot,0.925,0.6559999847412109,0.07463714480400085,Gaetan Laborde,a,3746,OpenPlay,2024,LeftFoot,28304,Strasbourg,Nice,2,2,2025-04-12 19:05:00,,BallTouch
627471,36,BlockedShot,0.91,0.46700000762939453,0.04481503367424011,Gaetan Laborde,a,3746,OpenPlay,2024,Head,28304,Strasbourg,Nice,2,2,2025-04-12 19:05:00,Jeremie Boga,End
627479,68,MissedShots,0.855999984741211,0.28700000762939454,0.03735465928912163,Gaetan Laborde,a,3746,OpenPlay,2024,LeftFoot,28304,Strasbourg,Nice,2,2,2025-04-12 19:05:00,Jonathan Clauss,HeadPass
627485,85,MissedShots,0.8540000152587891,0.4540000152587891,0.061864353716373444,Gaetan Laborde,a,3746,OpenPlay,2024,LeftFoot,28304,Strasbourg,Nice,2,2,2025-04-12 19:05:00,,None
629218,16,BlockedShot,0.8440000152587891,0.62,0.06078571081161499,Gaetan Laborde,h,3746,OpenPlay,2024,RightFoot,28310,Nice,Angers,2,1,2025-04-20 15:15:00,Jeremie Boga,BallTouch
629222,46,BlockedShot,0.7680000305175781,0.509000015258789,0.04288714379072189,Gaetan Laborde,h,3746,OpenPlay,2024,LeftFoot,28310,Nice,Angers,2,1,2025-04-20 15:15:00,,BallRecovery
629225,51,BlockedShot,0.9030000305175782,0.4209999847412109,0.08640149980783463,Gaetan Laborde,h,3746,FromCorner,2024,LeftFoot,28310,Nice,Angers,2,1,2025-04-20 15:15:00,,None
629229,57,MissedShots,0.925,0.455,0.10016430169343948,Gaetan Laborde,h,3746,FromCorner,2024,Head,28310,Nice,Angers,2,1,2025-04-20 15:15:00,Jonathan Clauss,Cross
629235,76,MissedShots,0.749000015258789,0.5520000076293945,0.029146835207939148,Gaetan Laborde,h,3746,OpenPlay,2024,RightFoot,28310,Nice,Angers,2,1,2025-04-20 15:15:00,Melvin Bard,Pass
630032,56,BlockedShot,0.9230000305175782,0.5840000152587891,0.1124163344502449,Gaetan Laborde,a,3746,OpenPlay,2024,RightFoot,28324,Paris Saint Germain,Nice,1,3,2025-04-25 18:45:00,Ali Abdi,HeadPass
631135,1,BlockedShot,0.899000015258789,0.41900001525878905,0.08559085428714752,Gaetan Laborde,h,3746,OpenPlay,2024,RightFoot,28332,Nice,Reims,1,0,2025-05-02 18:45:00,,None
634713,10,ShotOnPost,0.879000015258789,0.3509999847412109,0.05020243301987648,Gaetan Laborde,h,3746,OpenPlay,2024,LeftFoot,28350,Nice,Brest,6,0,2025-05-17 19:00:00,Badredine Bouanani,Chipped
634716,18,Goal,0.960999984741211,0.5120000076293946,0.7196572422981262,Gaetan Laborde,h,3746,OpenPlay,2024,RightFoot,28350,Nice,Brest,6,0,2025-05-17 19:00:00,Evann Guessand,Pass
634730,74,Goal,0.925,0.42700000762939455,0.4045141041278839,Gaetan Laborde,h,3746,OpenPlay,2024,LeftFoot,28350,Nice,Brest,6,0,2025-05-17 19:00:00,Melvin Bard,Cross
