id,minute,result,X,Y,xG,player,h_a,player_id,situation,season,shotType,match_id,h_team,a_team,h_goals,a_goals,date,player_assisted,lastAction
38338,87,MissedShots,0.9419999694824219,0.5709999847412109,0.29517999291419983,Iñaki Williams,a,2399,SetPiece,2014,Head,5645,Deportivo La Coruna,Athletic Club,1,0,2015-01-03 21:00:00,Beñat,Cross
38045,77,SavedShot,0.94,0.6759999847412109,0.09174049645662308,Iñaki Williams,a,2399,OpenPlay,2014,RightFoot,5665,Villarreal,Athletic Club,2,0,2015-01-17 19:00:00,Aduriz,Throughball
40114,64,BlockedShot,0.909000015258789,0.39,0.10521899908781052,Iñaki Williams,h,2399,OpenPlay,2014,RightFoot,5634,Athletic Club,Rayo Vallecano,1,0,2015-02-22 16:00:00,De Marcos,Pass
40119,79,SavedShot,0.89,0.41200000762939454,0.11016499996185303,Iñaki Williams,h,2399,OpenPlay,2014,RightFoot,5634,Athletic Club,Rayo Vallecano,1,0,2015-02-22 16:00:00,De Marcos,Pass
40120,81,MissedShots,0.915,0.5940000152587891,0.03186589851975441,Iñaki Williams,h,2399,OpenPlay,2014,Head,5634,Athletic Club,Rayo Vallecano,1,0,2015-02-22 16:00:00,Ibai Gómez,Aerial
39803,5,SavedShot,0.795,0.46799999237060547,0.11633899807929993,Iñaki Williams,a,2399,OpenPlay,2014,RightFoot,5567,Eibar,Athletic Club,0,1,2015-03-01 16:00:00,Ibai Gómez,Throughball
40225,46,BlockedShot,0.8080000305175781,0.655,0.040010999888181686,Iñaki Williams,h,2399,OpenPlay,2014,RightFoot,5573,Athletic Club,Real Madrid,1,0,2015-03-07 17:00:00,Muniain,Pass
39752,10,BlockedShot,0.855999984741211,0.2589999961853027,0.04316889867186546,Iñaki Williams,h,2399,OpenPlay,2014,RightFoot,5595,Athletic Club,Almeria,2,1,2015-03-21 21:00:00,,None
39761,34,BlockedShot,0.9169999694824219,0.42700000762939455,0.09095069766044617,Iñaki Williams,h,2399,FromCorner,2014,LeftFoot,5595,Athletic Club,Almeria,2,1,2015-03-21 21:00:00,,None
39769,57,MissedShots,0.9159999847412109,0.485,0.1379069983959198,Iñaki Williams,h,2399,OpenPlay,2014,Head,5595,Athletic Club,Almeria,2,1,2015-03-21 21:00:00,Ibai Gómez,Cross
40304,17,SavedShot,0.9,0.28600000381469726,0.03666450083255768,Iñaki Williams,a,2399,OpenPlay,2014,RightFoot,5506,Sevilla,Athletic Club,2,0,2015-04-04 15:00:00,Muniain,Pass
40315,60,BlockedShot,0.8130000305175781,0.725999984741211,0.025220299139618874,Iñaki Williams,a,2399,OpenPlay,2014,RightFoot,5506,Sevilla,Athletic Club,2,0,2015-04-04 15:00:00,Balenziaga,TakeOn
40317,71,BlockedShot,0.815,0.664000015258789,0.021649999544024467,Iñaki Williams,a,2399,OpenPlay,2014,RightFoot,5506,Sevilla,Athletic Club,2,0,2015-04-04 15:00:00,Beñat,Chipped
40318,72,MissedShots,0.9340000152587891,0.36700000762939455,0.012351499870419502,Iñaki Williams,a,2399,FromCorner,2014,Head,5506,Sevilla,Athletic Club,2,0,2015-04-04 15:00:00,Beñat,Aerial
38880,42,MissedShots,0.985999984741211,0.37900001525878907,0.07357200235128403,Iñaki Williams,h,2399,FromCorner,2014,RightFoot,5522,Athletic Club,Valencia,1,1,2015-04-09 19:00:00,Gurpegi,Rebound
38881,45,BlockedShot,0.8119999694824219,0.24700000762939453,0.022043300792574883,Iñaki Williams,h,2399,OpenPlay,2014,LeftFoot,5522,Athletic Club,Valencia,1,1,2015-04-09 19:00:00,San José,Pass
39131,64,SavedShot,0.845999984741211,0.7180000305175781,0.033837299793958664,Iñaki Williams,a,2399,OpenPlay,2014,RightFoot,5531,Espanyol,Athletic Club,1,0,2015-04-12 16:00:00,Markel Susaeta,Pass
39362,47,MissedShots,0.8830000305175781,0.30200000762939455,0.0639704018831253,Iñaki Williams,h,2399,OpenPlay,2014,RightFoot,5539,Athletic Club,Getafe,4,0,2015-04-18 21:00:00,Andoni Iraola,Pass
39369,65,MissedShots,0.9569999694824218,0.5170000076293946,0.0990753024816513,Iñaki Williams,h,2399,FromCorner,2014,Head,5539,Athletic Club,Getafe,4,0,2015-04-18 21:00:00,Andoni Iraola,Rebound
36100,15,BlockedShot,0.7859999847412109,0.365,0.024922199547290802,Iñaki Williams,a,2399,OpenPlay,2014,LeftFoot,5545,Cordoba,Athletic Club,0,1,2015-04-24 19:45:00,,None
36130,78,MissedShots,0.8290000152587891,0.5870000076293945,0.0908232033252716,Iñaki Williams,a,2399,OpenPlay,2014,RightFoot,5545,Cordoba,Athletic Club,0,1,2015-04-24 19:45:00,Beñat,Pass
36577,79,BlockedShot,0.8119999694824219,0.7369999694824219,0.016878699883818626,Iñaki Williams,h,2399,OpenPlay,2014,RightFoot,5556,Athletic Club,Real Sociedad,1,1,2015-04-28 21:00:00,Andoni Iraola,Chipped
36579,88,BlockedShot,0.88,0.5940000152587891,0.07364699989557266,Iñaki Williams,h,2399,OpenPlay,2014,RightFoot,5556,Athletic Club,Real Sociedad,1,1,2015-04-28 21:00:00,,None
37364,4,SavedShot,0.8109999847412109,0.6659999847412109,0.02428390085697174,Iñaki Williams,h,2399,OpenPlay,2014,RightFoot,5479,Athletic Club,Deportivo La Coruna,1,1,2015-05-09 21:00:00,Borja Viguera,Rebound
36354,69,BlockedShot,0.9569999694824218,0.5790000152587891,0.13385899364948273,Iñaki Williams,a,2399,FromCorner,2014,LeftFoot,5486,Elche,Athletic Club,2,3,2015-05-17 18:00:00,,Rebound
36356,70,MissedShots,0.8730000305175781,0.3509999847412109,0.06518550217151642,Iñaki Williams,a,2399,OpenPlay,2014,LeftFoot,5486,Elche,Athletic Club,2,3,2015-05-17 18:00:00,Mikel Rico,Pass
36363,89,BlockedShot,0.9419999694824219,0.28600000381469726,0.05262430012226105,Iñaki Williams,a,2399,OpenPlay,2014,RightFoot,5486,Elche,Athletic Club,2,3,2015-05-17 18:00:00,De Marcos,Pass
36364,91,Goal,0.9169999694824219,0.42700000762939455,0.4117699861526489,Iñaki Williams,a,2399,SetPiece,2014,RightFoot,5486,Elche,Athletic Club,2,3,2015-05-17 18:00:00,San José,HeadPass
36786,4,MissedShots,0.8980000305175782,0.33099998474121095,0.04010539874434471,Iñaki Williams,h,2399,OpenPlay,2014,RightFoot,5498,Athletic Club,Villarreal,4,0,2015-05-23 17:30:00,Iago Herrerín,Pass
36810,73,SavedShot,0.8719999694824219,0.5820000076293945,0.10953299701213837,Iñaki Williams,h,2399,OpenPlay,2014,RightFoot,5498,Athletic Club,Villarreal,4,0,2015-05-23 17:30:00,Aduriz,Pass
85378,0,MissedShots,0.95,0.6969999694824218,0.04767049849033356,Iñaki Williams,h,2399,OpenPlay,2015,RightFoot,1466,Athletic Club,Valencia,3,1,2015-10-04 18:00:00,,Rebound
85381,13,BlockedShot,0.8959999847412109,0.30700000762939456,0.0436319001019001,Iñaki Williams,h,2399,OpenPlay,2015,RightFoot,1466,Athletic Club,Valencia,3,1,2015-10-04 18:00:00,Markel Susaeta,Pass
85389,36,SavedShot,0.7480000305175781,0.31,0.01665719971060753,Iñaki Williams,h,2399,OpenPlay,2015,LeftFoot,1466,Athletic Club,Valencia,3,1,2015-10-04 18:00:00,Raúl García,Pass
85390,39,MissedShots,0.9269999694824219,0.27700000762939453,0.04856979846954346,Iñaki Williams,h,2399,OpenPlay,2015,RightFoot,1466,Athletic Club,Valencia,3,1,2015-10-04 18:00:00,Raúl García,Chipped
85394,62,SavedShot,0.7859999847412109,0.3,0.029327400028705597,Iñaki Williams,h,2399,OpenPlay,2015,RightFoot,1466,Athletic Club,Valencia,3,1,2015-10-04 18:00:00,Balenziaga,Pass
86240,29,Goal,0.8830000305175781,0.37599998474121094,0.04046279937028885,Iñaki Williams,a,2399,OpenPlay,2015,RightFoot,1477,Deportivo La Coruna,Athletic Club,2,2,2015-10-18 22:30:00,Balenziaga,Cross
86736,62,MissedShots,0.8880000305175781,0.27899999618530275,0.0961712971329689,Iñaki Williams,h,2399,OpenPlay,2015,RightFoot,1488,Athletic Club,Sporting Gijon,3,0,2015-10-26 23:30:00,Raúl García,Pass
86064,7,Goal,0.8390000152587891,0.355,0.035237498581409454,Iñaki Williams,a,2399,FromCorner,2015,RightFoot,1498,Real Betis,Athletic Club,1,3,2015-11-01 23:30:00,Etxeita,Pass
86066,16,BlockedShot,0.925,0.30100000381469727,0.07750800251960754,Iñaki Williams,a,2399,OpenPlay,2015,RightFoot,1498,Real Betis,Athletic Club,1,3,2015-11-01 23:30:00,Aduriz,Pass
86070,23,BlockedShot,0.8159999847412109,0.28299999237060547,0.049390099942684174,Iñaki Williams,a,2399,OpenPlay,2015,RightFoot,1498,Real Betis,Athletic Club,1,3,2015-11-01 23:30:00,Raúl García,Pass
86076,44,Goal,0.9530000305175781,0.4779999923706055,0.6030240058898926,Iñaki Williams,a,2399,OpenPlay,2015,RightFoot,1498,Real Betis,Athletic Club,1,3,2015-11-01 23:30:00,Raúl García,Cross
86080,54,BlockedShot,0.9,0.32799999237060545,0.052569299936294556,Iñaki Williams,a,2399,OpenPlay,2015,LeftFoot,1498,Real Betis,Athletic Club,1,3,2015-11-01 23:30:00,,Rebound
86082,55,MissedShots,0.860999984741211,0.3,0.02882079966366291,Iñaki Williams,a,2399,OpenPlay,2015,RightFoot,1498,Real Betis,Athletic Club,1,3,2015-11-01 23:30:00,,Rebound
86569,7,Goal,0.8730000305175781,0.42700000762939455,0.18040500581264496,Iñaki Williams,h,2399,OpenPlay,2015,RightFoot,1505,Athletic Club,Espanyol,2,1,2015-11-08 15:00:00,De Marcos,TakeOn
86578,48,MissedShots,0.8690000152587891,0.2560000038146973,0.035407498478889465,Iñaki Williams,h,2399,OpenPlay,2015,RightFoot,1505,Athletic Club,Espanyol,2,1,2015-11-08 15:00:00,Raúl García,Pass
87482,44,SavedShot,0.7619999694824219,0.45,0.020303800702095032,Iñaki Williams,a,2399,FromCorner,2015,RightFoot,1516,Granada,Athletic Club,2,0,2015-11-22 21:15:00,,None
87485,48,SavedShot,0.9290000152587891,0.33799999237060546,0.33197298645973206,Iñaki Williams,a,2399,OpenPlay,2015,RightFoot,1516,Granada,Athletic Club,2,0,2015-11-22 21:15:00,Aduriz,Throughball
88468,49,BlockedShot,0.8519999694824218,0.36400001525878906,0.09096589684486389,Iñaki Williams,a,2399,OpenPlay,2015,RightFoot,1527,Rayo Vallecano,Athletic Club,0,3,2015-11-29 21:15:00,Aduriz,Pass
87466,37,MissedShots,0.794000015258789,0.710999984741211,0.023098699748516083,Iñaki Williams,h,2399,OpenPlay,2015,RightFoot,1537,Athletic Club,Malaga,0,0,2015-12-06 23:30:00,Balenziaga,TakeOn
87776,21,MissedShots,0.9280000305175782,0.725999984741211,0.04555090144276619,Iñaki Williams,h,2399,OpenPlay,2015,LeftFoot,1556,Athletic Club,Levante,2,0,2015-12-20 21:15:00,Beñat,Chipped
87790,81,Goal,0.9059999847412109,0.47,0.5108569860458374,Iñaki Williams,h,2399,OpenPlay,2015,RightFoot,1556,Athletic Club,Levante,2,0,2015-12-20 21:15:00,Aduriz,Throughball
87281,3,SavedShot,0.799000015258789,0.5220000076293946,0.03348520025610924,Iñaki Williams,a,2399,FromCorner,2015,RightFoot,1565,Celta Vigo,Athletic Club,0,1,2015-12-30 23:30:00,,None
88335,65,Goal,0.9069999694824219,0.3160000038146973,0.06347420066595078,Iñaki Williams,h,2399,OpenPlay,2015,RightFoot,1574,Athletic Club,Las Palmas,2,2,2016-01-03 21:15:00,,Tackle
88336,70,MissedShots,0.8859999847412109,0.29100000381469726,0.05384569987654686,Iñaki Williams,h,2399,OpenPlay,2015,RightFoot,1574,Athletic Club,Las Palmas,2,2,2016-01-03 21:15:00,Gorka Iraizoz,Chipped
87650,37,MissedShots,0.9969999694824219,0.35700000762939454,0.05231200158596039,Iñaki Williams,a,2399,OpenPlay,2015,RightFoot,1579,Sevilla,Athletic Club,2,0,2016-01-09 21:15:00,De Marcos,Pass
87654,67,BlockedShot,0.8380000305175781,0.355,0.03975969925522804,Iñaki Williams,a,2399,OpenPlay,2015,RightFoot,1579,Sevilla,Athletic Club,2,0,2016-01-09 21:15:00,,None
88676,45,BlockedShot,0.7780000305175782,0.3820000076293945,0.013116899877786636,Iñaki Williams,a,2399,OpenPlay,2015,RightFoot,1596,Barcelona,Athletic Club,6,0,2016-01-17 23:30:00,,Rebound
89338,23,Goal,0.9219999694824219,0.55,0.12108399718999863,Iñaki Williams,a,2399,OpenPlay,2015,Head,1610,Getafe,Athletic Club,0,1,2016-01-30 21:15:00,Balenziaga,Cross
89264,6,MissedShots,0.9219999694824219,0.33,0.055792201310396194,Iñaki Williams,h,2399,SetPiece,2015,RightFoot,1621,Athletic Club,Villarreal,0,0,2016-02-06 23:30:00,,None
89265,10,BlockedShot,0.8680000305175781,0.29700000762939455,0.04446360096335411,Iñaki Williams,h,2399,OpenPlay,2015,RightFoot,1621,Athletic Club,Villarreal,0,0,2016-02-06 23:30:00,Íñigo Lekue,Pass
89267,14,MissedShots,0.735999984741211,0.48400001525878905,0.019282499328255653,Iñaki Williams,h,2399,OpenPlay,2015,RightFoot,1621,Athletic Club,Villarreal,0,0,2016-02-06 23:30:00,San José,BallRecovery
89268,32,BlockedShot,0.9730000305175781,0.34200000762939453,0.08354359865188599,Iñaki Williams,h,2399,OpenPlay,2015,RightFoot,1621,Athletic Club,Villarreal,0,0,2016-02-06 23:30:00,,TakeOn
89272,69,MissedShots,0.9030000305175782,0.25,0.0348362997174263,Iñaki Williams,h,2399,OpenPlay,2015,RightFoot,1621,Athletic Club,Villarreal,0,0,2016-02-06 23:30:00,Íñigo Lekue,Pass
90751,82,ShotOnPost,0.975999984741211,0.40400001525878904,0.08384630084037781,Iñaki Williams,h,2399,OpenPlay,2015,RightFoot,1704,Athletic Club,Granada,1,1,2016-04-03 14:00:00,,None
92018,47,MissedShots,0.8830000305175781,0.27700000762939453,0.033233001828193665,Iñaki Williams,h,2399,OpenPlay,2015,RightFoot,1717,Athletic Club,Rayo Vallecano,1,0,2016-04-10 22:30:00,Markel Susaeta,Pass
92020,50,MissedShots,0.875999984741211,0.485,0.02727930061519146,Iñaki Williams,h,2399,OpenPlay,2015,Head,1717,Athletic Club,Rayo Vallecano,1,0,2016-04-10 22:30:00,Muniain,Aerial
92023,60,Goal,0.835999984741211,0.5270000076293946,0.07497449964284897,Iñaki Williams,h,2399,OpenPlay,2015,RightFoot,1717,Athletic Club,Rayo Vallecano,1,0,2016-04-10 22:30:00,Raúl García,Pass
92759,4,MissedShots,0.74,0.3659999847412109,0.01818240061402321,Iñaki Williams,a,2399,OpenPlay,2015,RightFoot,1744,Levante,Athletic Club,2,2,2016-04-24 14:00:00,Borja Viguera,Pass
92737,2,SavedShot,0.9169999694824219,0.27100000381469724,0.044227201491594315,Iñaki Williams,h,2399,OpenPlay,2015,RightFoot,1772,Athletic Club,Sevilla,3,1,2016-05-14 21:30:00,Aduriz,Pass
92747,43,SavedShot,0.9530000305175781,0.7290000152587891,0.06845629960298538,Iñaki Williams,h,2399,OpenPlay,2015,LeftFoot,1772,Athletic Club,Sevilla,3,1,2016-05-14 21:30:00,,BallRecovery
92750,51,MissedShots,0.805,0.31,0.046404700726270676,Iñaki Williams,h,2399,OpenPlay,2015,RightFoot,1772,Athletic Club,Sevilla,3,1,2016-05-14 21:30:00,Aduriz,Pass
92751,53,BlockedShot,0.815,0.31799999237060544,0.04573360085487366,Iñaki Williams,h,2399,OpenPlay,2015,LeftFoot,1772,Athletic Club,Sevilla,3,1,2016-05-14 21:30:00,Aduriz,Pass
135154,21,SavedShot,0.904000015258789,0.25299999237060544,0.03132240101695061,Iñaki Williams,a,2399,OpenPlay,2016,RightFoot,1784,Sporting Gijon,Athletic Club,2,1,2016-08-21 20:15:00,Aduriz,Pass
135167,73,MissedShots,0.6959999847412109,0.3039999961853027,0.010007799603044987,Iñaki Williams,a,2399,OpenPlay,2016,RightFoot,1784,Sporting Gijon,Athletic Club,2,1,2016-08-21 20:15:00,Muniain,Pass
135172,85,MissedShots,0.965999984741211,0.2929999923706055,0.03905560076236725,Iñaki Williams,a,2399,OpenPlay,2016,RightFoot,1784,Sporting Gijon,Athletic Club,2,1,2016-08-21 20:15:00,,None
135388,39,BlockedShot,0.779000015258789,0.645,0.02173680067062378,Iñaki Williams,h,2399,OpenPlay,2016,LeftFoot,1797,Athletic Club,Barcelona,0,1,2016-08-28 22:15:00,,None
135396,65,SavedShot,0.8530000305175781,0.5129999923706055,0.07287990301847458,Iñaki Williams,h,2399,OpenPlay,2016,RightFoot,1797,Athletic Club,Barcelona,0,1,2016-08-28 22:15:00,Aduriz,Pass
135640,80,BlockedShot,0.720999984741211,0.5729999923706055,0.02600950002670288,Iñaki Williams,a,2399,OpenPlay,2016,RightFoot,1808,Deportivo La Coruna,Athletic Club,0,1,2016-09-11 22:30:00,Iturraspe,Pass
135869,19,SavedShot,0.9440000152587891,0.3120000076293945,0.05174579843878746,Iñaki Williams,h,2399,OpenPlay,2016,RightFoot,1815,Athletic Club,Valencia,2,1,2016-09-18 18:15:00,,None
136150,68,BlockedShot,0.885,0.36700000762939455,0.06752510368824005,Iñaki Williams,a,2399,OpenPlay,2016,LeftFoot,1824,Granada,Athletic Club,1,2,2016-09-22 00:00:00,Raúl García,Pass
136375,2,MissedShots,0.85,0.5120000076293946,0.042520299553871155,Iñaki Williams,h,2399,FromCorner,2016,RightFoot,1832,Athletic Club,Sevilla,3,1,2016-09-24 20:30:00,Markel Susaeta,Cross
136377,6,SavedShot,0.8969999694824219,0.26399999618530273,0.03658889979124069,Iñaki Williams,h,2399,OpenPlay,2016,RightFoot,1832,Athletic Club,Sevilla,3,1,2016-09-24 20:30:00,Raúl García,BallRecovery
136392,80,SavedShot,0.764000015258789,0.35200000762939454,0.022251000627875328,Iñaki Williams,h,2399,FromCorner,2016,RightFoot,1832,Athletic Club,Sevilla,3,1,2016-09-24 20:30:00,Saborit,Pass
136646,39,BlockedShot,0.8059999847412109,0.495,0.07078400254249573,Iñaki Williams,a,2399,OpenPlay,2016,LeftFoot,1846,Malaga,Athletic Club,2,1,2016-10-02 20:30:00,Aduriz,BallTouch
137001,19,SavedShot,0.8819999694824219,0.6509999847412109,0.05330049991607666,Iñaki Williams,h,2399,OpenPlay,2016,RightFoot,1855,Athletic Club,Real Sociedad,3,2,2016-10-16 18:15:00,Muniain,Pass
137012,62,SavedShot,0.8959999847412109,0.3340000152587891,0.07733500003814697,Iñaki Williams,h,2399,OpenPlay,2016,RightFoot,1855,Athletic Club,Real Sociedad,3,2,2016-10-16 18:15:00,Iturraspe,Pass
137016,71,Goal,0.8769999694824219,0.5420000076293945,0.42072200775146484,Iñaki Williams,h,2399,OpenPlay,2016,RightFoot,1855,Athletic Club,Real Sociedad,3,2,2016-10-16 18:15:00,Aduriz,Pass
137552,4,SavedShot,0.8009999847412109,0.30700000762939456,0.024630200117826462,Iñaki Williams,a,2399,OpenPlay,2016,RightFoot,1868,Real Madrid,Athletic Club,2,1,2016-10-23 22:45:00,Eraso,Pass
137563,34,BlockedShot,0.799000015258789,0.54,0.018054800108075142,Iñaki Williams,a,2399,OpenPlay,2016,RightFoot,1868,Real Madrid,Athletic Club,2,1,2016-10-23 22:45:00,,Aerial
137568,51,MissedShots,0.84,0.46599998474121096,0.33568501472473145,Iñaki Williams,a,2399,OpenPlay,2016,RightFoot,1868,Real Madrid,Athletic Club,2,1,2016-10-23 22:45:00,Mikel Rico,Throughball
137583,84,SavedShot,0.9440000152587891,0.31,0.30149000883102417,Iñaki Williams,a,2399,OpenPlay,2016,RightFoot,1868,Real Madrid,Athletic Club,2,1,2016-10-23 22:45:00,,None
137089,78,BlockedShot,0.8530000305175781,0.48700000762939455,0.058349400758743286,Iñaki Williams,h,2399,FromCorner,2016,LeftFoot,3314,Athletic Club,Osasuna,1,1,2016-10-30 19:15:00,Muniain,Pass
137093,87,MissedShots,0.9469999694824218,0.4929999923706055,0.5694760084152222,Iñaki Williams,h,2399,OpenPlay,2016,RightFoot,3314,Athletic Club,Osasuna,1,1,2016-10-30 19:15:00,Raúl García,Cross
137853,43,BlockedShot,0.9,0.46599998474121096,0.044256601482629776,Iñaki Williams,h,2399,OpenPlay,2016,Head,2794,Athletic Club,Villarreal,1,0,2016-11-20 23:45:00,Balenziaga,CornerAwarded
137857,60,ShotOnPost,0.9159999847412109,0.3340000152587891,0.506292998790741,Iñaki Williams,h,2399,OpenPlay,2016,RightFoot,2794,Athletic Club,Villarreal,1,0,2016-11-20 23:45:00,Raúl García,TakeOn
138182,19,MissedShots,0.9069999694824219,0.26600000381469724,0.03958360105752945,Iñaki Williams,h,2399,OpenPlay,2016,RightFoot,3168,Athletic Club,Eibar,3,1,2016-12-04 19:15:00,,None
138190,54,Goal,0.93,0.6619999694824219,0.3017539978027344,Iñaki Williams,h,2399,OpenPlay,2016,RightFoot,3168,Athletic Club,Eibar,3,1,2016-12-04 19:15:00,Muniain,TakeOn
138193,65,MissedShots,0.8469999694824218,0.655,0.06956010311841965,Iñaki Williams,h,2399,OpenPlay,2016,RightFoot,3168,Athletic Club,Eibar,3,1,2016-12-04 19:15:00,Sabin,Pass
138195,76,BlockedShot,0.81,0.4929999923706055,0.06660079956054688,Iñaki Williams,h,2399,OpenPlay,2016,RightFoot,3168,Athletic Club,Eibar,3,1,2016-12-04 19:15:00,Muniain,Pass
138196,77,SavedShot,0.905,0.7080000305175781,0.058129098266363144,Iñaki Williams,h,2399,OpenPlay,2016,LeftFoot,3168,Athletic Club,Eibar,3,1,2016-12-04 19:15:00,Balenziaga,Chipped
140376,20,SavedShot,0.875,0.34900001525878904,0.06547129899263382,Iñaki Williams,a,2399,OpenPlay,2016,RightFoot,3181,Real Betis,Athletic Club,1,0,2016-12-11 23:45:00,Raúl García,Pass
140390,85,MissedShots,0.7859999847412109,0.33599998474121096,0.02286580018699169,Iñaki Williams,a,2399,OpenPlay,2016,RightFoot,3181,Real Betis,Athletic Club,1,0,2016-12-11 23:45:00,,Rebound
138908,10,BlockedShot,0.8159999847412109,0.35700000762939454,0.037624701857566833,Iñaki Williams,h,2399,OpenPlay,2016,RightFoot,3191,Athletic Club,Celta Vigo,2,1,2016-12-19 23:45:00,Aduriz,Pass
138909,14,MissedShots,0.9280000305175782,0.4909999847412109,0.08088219910860062,Iñaki Williams,h,2399,OpenPlay,2016,Head,3191,Athletic Club,Celta Vigo,2,1,2016-12-19 23:45:00,Muniain,Aerial
138920,64,SavedShot,0.815,0.485,0.07455380260944366,Iñaki Williams,h,2399,OpenPlay,2016,RightFoot,3191,Athletic Club,Celta Vigo,2,1,2016-12-19 23:45:00,Raúl García,LayOff
138932,87,SavedShot,0.860999984741211,0.759000015258789,0.026960499584674835,Iñaki Williams,h,2399,OpenPlay,2016,LeftFoot,3191,Athletic Club,Celta Vigo,2,1,2016-12-19 23:45:00,Aduriz,Pass
139866,79,MissedShots,0.784000015258789,0.33299999237060546,0.02509010024368763,Iñaki Williams,h,2399,OpenPlay,2016,LeftFoot,3889,Athletic Club,Alaves,0,0,2017-01-08 15:00:00,Muniain,Pass
138693,13,MissedShots,0.955999984741211,0.46299999237060546,0.0997219979763031,Iñaki Williams,h,2399,OpenPlay,2016,Head,3910,Athletic Club,Atletico Madrid,2,2,2017-01-22 18:15:00,De Marcos,Aerial
140115,11,MissedShots,0.88,0.47200000762939454,0.21728600561618805,Iñaki Williams,a,2399,OpenPlay,2016,Head,3926,Barcelona,Athletic Club,3,0,2017-02-04 15:15:00,Aymeric Laporte,Cross
140121,31,SavedShot,0.96,0.635,0.09295590221881866,Iñaki Williams,a,2399,OpenPlay,2016,RightFoot,3926,Barcelona,Athletic Club,3,0,2017-02-04 15:15:00,Muniain,TakeOn
141392,83,BlockedShot,0.8780000305175781,0.285,0.034722600132226944,Iñaki Williams,h,2399,OpenPlay,2016,RightFoot,3937,Athletic Club,Deportivo La Coruna,2,1,2017-02-11 17:30:00,Markel Susaeta,Pass
139131,71,MissedShots,0.769000015258789,0.5709999847412109,0.02479330077767372,Iñaki Williams,a,2399,OpenPlay,2016,RightFoot,3947,Valencia,Athletic Club,2,0,2017-02-19 15:15:00,Raúl García,Pass
139132,74,SavedShot,0.884000015258789,0.3970000076293945,0.2956930100917816,Iñaki Williams,a,2399,OpenPlay,2016,RightFoot,3947,Valencia,Athletic Club,2,0,2017-02-19 15:15:00,Raúl García,TakeOn
140172,61,SavedShot,0.9019999694824219,0.6329999923706054,0.1009960025548935,Iñaki Williams,h,2399,OpenPlay,2016,LeftFoot,3958,Athletic Club,Granada,3,1,2017-02-26 17:30:00,Beñat,Pass
141336,38,MissedShots,0.8719999694824219,0.639000015258789,0.03706340119242668,Iñaki Williams,a,2399,FromCorner,2016,LeftFoot,3972,Sevilla,Athletic Club,1,0,2017-03-02 20:30:00,Beñat,Cross
141337,42,MissedShots,0.715,0.5570000076293945,0.0165995005518198,Iñaki Williams,a,2399,OpenPlay,2016,RightFoot,3972,Sevilla,Athletic Club,1,0,2017-03-02 20:30:00,Muniain,Pass
139325,63,BlockedShot,0.8040000152587891,0.44,0.04672370105981827,Iñaki Williams,h,2399,OpenPlay,2016,RightFoot,3980,Athletic Club,Malaga,1,0,2017-03-05 19:45:00,Asier Villalibre,Pass
139327,70,BlockedShot,0.865999984741211,0.4,0.06686469912528992,Iñaki Williams,h,2399,OpenPlay,2016,RightFoot,3980,Athletic Club,Malaga,1,0,2017-03-05 19:45:00,,None
140090,8,SavedShot,0.759000015258789,0.6120000076293945,0.02465910091996193,Iñaki Williams,a,2399,OpenPlay,2016,RightFoot,3988,Real Sociedad,Athletic Club,0,2,2017-03-12 11:00:00,Raúl García,Pass
140104,55,Goal,0.885,0.69,0.32682400941848755,Iñaki Williams,a,2399,OpenPlay,2016,RightFoot,3988,Real Sociedad,Athletic Club,0,2,2017-03-12 11:00:00,,None
141462,62,SavedShot,0.8980000305175782,0.4329999923706055,0.39357900619506836,Iñaki Williams,h,2399,OpenPlay,2016,RightFoot,3999,Athletic Club,Real Madrid,1,2,2017-03-18 15:15:00,De Marcos,Pass
141468,76,SavedShot,0.9280000305175782,0.27299999237060546,0.047754500061273575,Iñaki Williams,h,2399,OpenPlay,2016,RightFoot,3999,Athletic Club,Real Madrid,1,2,2017-03-18 15:15:00,De Marcos,Pass
142472,38,BlockedShot,0.8919999694824219,0.2879999923706055,0.05154259875416756,Iñaki Williams,a,2399,OpenPlay,2016,RightFoot,4010,Osasuna,Athletic Club,1,2,2017-04-01 15:15:00,Raúl García,Pass
142473,39,BlockedShot,0.8669999694824219,0.43599998474121093,0.058198798447847366,Iñaki Williams,a,2399,FromCorner,2016,RightFoot,4010,Osasuna,Athletic Club,1,2,2017-04-01 15:15:00,Beñat,Pass
142475,43,Goal,0.9059999847412109,0.3970000076293945,0.12129899859428406,Iñaki Williams,a,2399,OpenPlay,2016,RightFoot,4010,Osasuna,Athletic Club,1,2,2017-04-01 15:15:00,De Marcos,Pass
141936,83,MissedShots,0.9169999694824219,0.2620000076293945,0.06189800053834915,Iñaki Williams,h,2399,OpenPlay,2016,RightFoot,4021,Athletic Club,Espanyol,2,0,2017-04-04 18:30:00,De Marcos,Pass
142294,68,SavedShot,0.9159999847412109,0.24700000762939453,0.02561040036380291,Iñaki Williams,a,2399,OpenPlay,2016,RightFoot,4031,Villarreal,Athletic Club,3,1,2017-04-07 19:45:00,Muniain,Pass
141790,33,BlockedShot,0.8419999694824218,0.6680000305175782,0.08894070237874985,Iñaki Williams,h,2399,OpenPlay,2016,RightFoot,4042,Athletic Club,Las Palmas,5,1,2017-04-14 19:45:00,Aymeric Laporte,Chipped
141794,40,BlockedShot,0.975999984741211,0.31799999237060544,0.06182229891419411,Iñaki Williams,h,2399,OpenPlay,2016,RightFoot,4042,Athletic Club,Las Palmas,5,1,2017-04-14 19:45:00,,None
141801,64,SavedShot,0.9119999694824219,0.285,0.06263560056686401,Iñaki Williams,h,2399,OpenPlay,2016,RightFoot,4042,Athletic Club,Las Palmas,5,1,2017-04-14 19:45:00,Muniain,Pass
143814,16,BlockedShot,0.875999984741211,0.295,0.042462099343538284,Iñaki Williams,a,2399,OpenPlay,2016,RightFoot,4073,Celta Vigo,Athletic Club,0,3,2017-04-30 19:45:00,Muniain,Pass
143820,22,SavedShot,0.9030000305175782,0.31799999237060544,0.05506709963083267,Iñaki Williams,a,2399,OpenPlay,2016,RightFoot,4073,Celta Vigo,Athletic Club,0,3,2017-04-30 19:45:00,Muniain,Pass
143823,41,ShotOnPost,0.8680000305175781,0.29200000762939454,0.04713619872927666,Iñaki Williams,a,2399,OpenPlay,2016,RightFoot,4073,Celta Vigo,Athletic Club,0,3,2017-04-30 19:45:00,Muniain,Pass
143827,49,SavedShot,0.895,0.7019999694824218,0.054750699549913406,Iñaki Williams,a,2399,OpenPlay,2016,LeftFoot,4073,Celta Vigo,Athletic Club,0,3,2017-04-30 19:45:00,Raúl García,Pass
143829,57,MissedShots,0.9219999694824219,0.345,0.08673779666423798,Iñaki Williams,a,2399,OpenPlay,2016,RightFoot,4073,Celta Vigo,Athletic Club,0,3,2017-04-30 19:45:00,De Marcos,Pass
143837,86,SavedShot,0.8430000305175781,0.3370000076293945,0.07205220311880112,Iñaki Williams,a,2399,OpenPlay,2016,RightFoot,4073,Celta Vigo,Athletic Club,0,3,2017-04-30 19:45:00,Íñigo Lekue,HeadPass
144108,48,MissedShots,0.86,0.649000015258789,0.04941770061850548,Iñaki Williams,a,2399,OpenPlay,2016,LeftFoot,4083,Alaves,Athletic Club,1,0,2017-05-07 11:00:00,Aduriz,HeadPass
143748,58,MissedShots,0.9280000305175782,0.5059999847412109,0.14295199513435364,Iñaki Williams,a,2399,OpenPlay,2016,Head,4101,Atletico Madrid,Athletic Club,3,1,2017-05-21 15:45:00,Markel Susaeta,Cross
143749,70,Goal,0.8690000152587891,0.47,0.09955179691314697,Iñaki Williams,a,2399,OpenPlay,2016,LeftFoot,4101,Atletico Madrid,Athletic Club,3,1,2017-05-21 15:45:00,De Marcos,Pass
169296,20,MissedShots,0.9330000305175781,0.31799999237060544,0.10621999949216843,Iñaki Williams,h,2399,OpenPlay,2017,RightFoot,7884,Athletic Club,Getafe,0,0,2017-08-20 17:15:00,Muniain,Throughball
169298,23,MissedShots,0.8919999694824219,0.7230000305175781,0.13298599421977997,Iñaki Williams,h,2399,OpenPlay,2017,RightFoot,7884,Athletic Club,Getafe,0,0,2017-08-20 17:15:00,Raúl García,Pass
169311,75,MissedShots,0.9169999694824219,0.3220000076293945,0.22949999570846558,Iñaki Williams,h,2399,OpenPlay,2017,RightFoot,7884,Athletic Club,Getafe,0,0,2017-08-20 17:15:00,Aduriz,Pass
169515,68,MissedShots,0.8619999694824219,0.4490000152587891,0.2576889991760254,Iñaki Williams,a,2399,OpenPlay,2017,RightFoot,7894,Eibar,Athletic Club,0,1,2017-08-27 17:15:00,Kepa,Pass
169747,89,SavedShot,0.8819999694824219,0.3120000076293945,0.07570759952068329,Iñaki Williams,h,2399,OpenPlay,2017,RightFoot,7906,Athletic Club,Girona,2,0,2017-09-10 15:15:00,San José,Pass
169995,9,SavedShot,0.9069999694824219,0.32,0.20547600090503693,Iñaki Williams,a,2399,OpenPlay,2017,RightFoot,7917,Las Palmas,Athletic Club,1,0,2017-09-17 17:30:00,Raúl García,Pass
170005,49,BlockedShot,0.884000015258789,0.3970000076293945,0.0991630032658577,Iñaki Williams,a,2399,OpenPlay,2017,RightFoot,7917,Las Palmas,Athletic Club,1,0,2017-09-17 17:30:00,Sabin,Pass
170700,31,SavedShot,0.9369999694824219,0.2979999923706055,0.05507360026240349,Iñaki Williams,a,2399,OpenPlay,2017,RightFoot,7938,Malaga,Athletic Club,3,3,2017-09-23 17:30:00,Muniain,Pass
170706,50,Goal,0.9380000305175781,0.3120000076293945,0.18925100564956665,Iñaki Williams,a,2399,OpenPlay,2017,RightFoot,7938,Malaga,Athletic Club,3,3,2017-09-23 17:30:00,Muniain,Pass
170708,69,Goal,0.8909999847412109,0.6630000305175782,0.2704260051250458,Iñaki Williams,a,2399,OpenPlay,2017,RightFoot,7938,Malaga,Athletic Club,3,3,2017-09-23 17:30:00,Muniain,Pass
170711,81,SavedShot,0.914000015258789,0.34599998474121096,0.3349420130252838,Iñaki Williams,a,2399,OpenPlay,2017,RightFoot,7938,Malaga,Athletic Club,3,3,2017-09-23 17:30:00,Muniain,Throughball
171210,41,SavedShot,0.8909999847412109,0.295,0.04124150052666664,Iñaki Williams,a,2399,OpenPlay,2017,RightFoot,7948,Valencia,Athletic Club,3,2,2017-10-01 17:30:00,Markel Susaeta,Pass
170800,79,BlockedShot,0.870999984741211,0.345,0.09980600327253342,Iñaki Williams,h,2399,OpenPlay,2017,LeftFoot,7951,Athletic Club,Sevilla,1,0,2017-10-14 12:00:00,,TakeOn
171237,46,SavedShot,0.8819999694824219,0.3340000152587891,0.046669598668813705,Iñaki Williams,a,2399,OpenPlay,2017,RightFoot,7965,Leganes,Athletic Club,1,0,2017-10-22 17:30:00,Iturraspe,Pass
171239,52,MissedShots,0.789000015258789,0.32599998474121095,0.011819000355899334,Iñaki Williams,a,2399,SetPiece,2017,RightFoot,7965,Leganes,Athletic Club,1,0,2017-10-22 17:30:00,,Aerial
171822,18,MissedShots,0.8880000305175781,0.355,0.09449619799852371,Iñaki Williams,h,2399,SetPiece,2017,RightFoot,7977,Athletic Club,Barcelona,0,2,2017-10-28 19:45:00,Iturraspe,Throughball
171840,64,SavedShot,0.899000015258789,0.3509999847412109,0.05885539948940277,Iñaki Williams,h,2399,OpenPlay,2017,RightFoot,7977,Athletic Club,Barcelona,0,2,2017-10-28 19:45:00,,None
172235,81,BlockedShot,0.865,0.6959999847412109,0.04981819912791252,Iñaki Williams,a,2399,OpenPlay,2017,RightFoot,7986,Celta Vigo,Athletic Club,3,1,2017-11-05 15:15:00,Raúl García,Pass
172240,90,MissedShots,0.8519999694824218,0.455,0.01919649913907051,Iñaki Williams,a,2399,OpenPlay,2017,Head,7986,Celta Vigo,Athletic Club,3,1,2017-11-05 15:15:00,Aymeric Laporte,Cross
172475,73,MissedShots,0.8330000305175781,0.265,0.02326519973576069,Iñaki Williams,h,2399,OpenPlay,2017,RightFoot,7996,Athletic Club,Villarreal,1,1,2017-11-19 19:45:00,,None
171513,59,Goal,0.895,0.44099998474121094,0.4064440131187439,Iñaki Williams,a,2399,OpenPlay,2017,RightFoot,8005,Deportivo La Coruna,Athletic Club,2,2,2017-11-26 11:00:00,Raúl García,Throughball
171518,77,ShotOnPost,0.905,0.45799999237060546,0.48297300934791565,Iñaki Williams,a,2399,OpenPlay,2017,LeftFoot,8005,Deportivo La Coruna,Athletic Club,2,2,2017-11-26 11:00:00,,None
172005,27,SavedShot,0.8969999694824219,0.2720000076293945,0.03465389832854271,Iñaki Williams,h,2399,OpenPlay,2017,RightFoot,8015,Athletic Club,Real Madrid,0,0,2017-12-02 19:45:00,Raúl García,Pass
179968,83,SavedShot,0.9209999847412109,0.3189999961853027,0.3371340036392212,Iñaki Williams,a,2399,OpenPlay,2017,RightFoot,8024,Levante,Athletic Club,1,2,2017-12-10 17:30:00,,None
184449,45,MissedShots,0.845999984741211,0.415,0.09653100371360779,Iñaki Williams,a,2399,OpenPlay,2017,RightFoot,8043,Real Betis,Athletic Club,0,2,2017-12-22 18:30:00,Raúl García,Pass
184450,46,MissedShots,0.8859999847412109,0.46299999237060546,0.09505829960107803,Iñaki Williams,a,2399,OpenPlay,2017,Head,8043,Real Betis,Athletic Club,0,2,2017-12-22 18:30:00,Íñigo Lekue,Cross
184455,55,BlockedShot,0.875,0.4209999847412109,0.049122098833322525,Iñaki Williams,a,2399,OpenPlay,2017,RightFoot,8043,Real Betis,Athletic Club,0,2,2017-12-22 18:30:00,,Aerial
187025,7,SavedShot,0.9330000305175781,0.28700000762939454,0.04821629822254181,Iñaki Williams,h,2399,OpenPlay,2017,RightFoot,8052,Athletic Club,Alaves,2,0,2018-01-07 17:30:00,,None
187033,46,MissedShots,0.9259999847412109,0.27600000381469725,0.05459339916706085,Iñaki Williams,h,2399,OpenPlay,2017,RightFoot,8052,Athletic Club,Alaves,2,0,2018-01-07 17:30:00,,TakeOn
187039,76,MissedShots,0.9159999847412109,0.605,0.4017919898033142,Iñaki Williams,h,2399,OpenPlay,2017,RightFoot,8052,Athletic Club,Alaves,2,0,2018-01-07 17:30:00,Aduriz,Pass
187041,87,SavedShot,0.7759999847412109,0.5479999923706055,0.03131520003080368,Iñaki Williams,h,2399,OpenPlay,2017,RightFoot,8052,Athletic Club,Alaves,2,0,2018-01-07 17:30:00,,None
188024,34,Goal,0.9119999694824219,0.5029999923706054,0.31639599800109863,Iñaki Williams,a,2399,OpenPlay,2017,Head,8062,Espanyol,Athletic Club,1,1,2018-01-14 17:30:00,Saborit,Cross
188026,46,SavedShot,0.9319999694824219,0.4159999847412109,0.3537850081920624,Iñaki Williams,a,2399,OpenPlay,2017,Head,8062,Espanyol,Athletic Club,1,1,2018-01-14 17:30:00,Mikel Rico,HeadPass
188437,4,MissedShots,0.8180000305175781,0.509000015258789,0.050448399037122726,Iñaki Williams,a,2399,OpenPlay,2017,RightFoot,8073,Getafe,Athletic Club,2,2,2018-01-19 20:00:00,Raúl García,Pass
188439,12,Goal,0.8780000305175781,0.23,0.024587299674749374,Iñaki Williams,a,2399,OpenPlay,2017,RightFoot,8073,Getafe,Athletic Club,2,2,2018-01-19 20:00:00,Aymeric Laporte,Chipped
188446,32,SavedShot,0.875,0.2879999923706055,0.04620540142059326,Iñaki Williams,a,2399,OpenPlay,2017,RightFoot,8073,Getafe,Athletic Club,2,2,2018-01-19 20:00:00,,Dispossessed
188450,53,SavedShot,0.875999984741211,0.45799999237060546,0.10653399676084518,Iñaki Williams,a,2399,OpenPlay,2017,RightFoot,8073,Getafe,Athletic Club,2,2,2018-01-19 20:00:00,Saborit,Pass
195297,12,MissedShots,0.7480000305175781,0.6659999847412109,0.018892299383878708,Iñaki Williams,a,2399,OpenPlay,2017,RightFoot,8096,Girona,Athletic Club,2,0,2018-02-04 17:30:00,Raúl García,Pass
195300,42,MissedShots,0.865999984741211,0.39099998474121095,0.06667499989271164,Iñaki Williams,a,2399,OpenPlay,2017,RightFoot,8096,Girona,Athletic Club,2,0,2018-02-04 17:30:00,Beñat,Pass
195308,72,BlockedShot,0.9469999694824218,0.3240000152587891,0.049838900566101074,Iñaki Williams,a,2399,OpenPlay,2017,RightFoot,8096,Girona,Athletic Club,2,0,2018-02-04 17:30:00,,None
195554,26,MissedShots,0.9290000152587891,0.40299999237060546,0.08277930319309235,Iñaki Williams,h,2399,OpenPlay,2017,Head,8107,Athletic Club,Las Palmas,0,0,2018-02-09 20:00:00,De Marcos,Cross
195569,86,SavedShot,0.879000015258789,0.32599998474121095,0.27862998843193054,Iñaki Williams,h,2399,OpenPlay,2017,RightFoot,8107,Athletic Club,Las Palmas,0,0,2018-02-09 20:00:00,Mikel Rico,Chipped
196786,42,BlockedShot,0.884000015258789,0.6990000152587891,0.06849440187215805,Iñaki Williams,a,2399,OpenPlay,2017,LeftFoot,8115,Atletico Madrid,Athletic Club,2,0,2018-02-18 15:15:00,Mikel Vesga,TakeOn
196787,43,MissedShots,0.9740000152587891,0.39799999237060546,0.08026669919490814,Iñaki Williams,a,2399,FromCorner,2017,RightFoot,8115,Atletico Madrid,Athletic Club,2,0,2018-02-18 15:15:00,,None
196789,46,MissedShots,0.89,0.53,0.035323500633239746,Iñaki Williams,a,2399,OpenPlay,2017,Head,8115,Atletico Madrid,Athletic Club,2,0,2018-02-18 15:15:00,Markel Susaeta,Aerial
198941,25,BlockedShot,0.894000015258789,0.29100000381469726,0.05765309929847717,Iñaki Williams,a,2399,OpenPlay,2017,RightFoot,8148,Sevilla,Athletic Club,2,0,2018-03-03 15:15:00,Yeray Álvarez,Pass
198944,33,SavedShot,0.8690000152587891,0.3820000076293945,0.06910569965839386,Iñaki Williams,a,2399,OpenPlay,2017,RightFoot,8148,Sevilla,Athletic Club,2,0,2018-03-03 15:15:00,Iñigo Córdoba,Pass
198949,43,MissedShots,0.879000015258789,0.5159999847412109,0.18322600424289703,Iñaki Williams,a,2399,OpenPlay,2017,Head,8148,Sevilla,Athletic Club,2,0,2018-03-03 15:15:00,Markel Susaeta,Cross
198958,87,MissedShots,0.799000015258789,0.4640000152587891,0.05017630010843277,Iñaki Williams,a,2399,OpenPlay,2017,RightFoot,8148,Sevilla,Athletic Club,2,0,2018-03-03 15:15:00,Raúl García,Pass
200899,9,SavedShot,0.89,0.3629999923706055,0.2755039930343628,Iñaki Williams,h,2399,OpenPlay,2017,RightFoot,8157,Athletic Club,Leganes,2,0,2018-03-11 19:45:00,Iñigo Córdoba,Pass
200903,20,MissedShots,0.754000015258789,0.3609999847412109,0.018480399623513222,Iñaki Williams,h,2399,OpenPlay,2017,RightFoot,8157,Athletic Club,Leganes,2,0,2018-03-11 19:45:00,,None
202123,70,BlockedShot,0.8909999847412109,0.639000015258789,0.05155399814248085,Iñaki Williams,a,2399,FromCorner,2017,RightFoot,8167,Barcelona,Athletic Club,2,0,2018-03-18 15:15:00,Saborit,Pass
204758,15,BlockedShot,0.9619999694824218,0.33299999237060546,0.07199860364198685,Iñaki Williams,h,2399,OpenPlay,2017,RightFoot,8176,Athletic Club,Celta Vigo,1,1,2018-03-31 00:00:00,San José,Rebound
204762,33,MissedShots,0.9419999694824219,0.5570000076293945,0.13526399433612823,Iñaki Williams,h,2399,OpenPlay,2017,Head,8176,Athletic Club,Celta Vigo,1,1,2018-03-31 00:00:00,Balenziaga,Cross
204777,93,BlockedShot,0.8680000305175781,0.34900001525878904,0.05636589974164963,Iñaki Williams,h,2399,OpenPlay,2017,RightFoot,8176,Athletic Club,Celta Vigo,1,1,2018-03-31 00:00:00,,None
207743,50,Goal,0.9169999694824219,0.5159999847412109,0.5135509967803955,Iñaki Williams,a,2399,OpenPlay,2017,RightFoot,8181,Villarreal,Athletic Club,1,3,2018-04-09 19:00:00,,Rebound
207747,64,SavedShot,0.96,0.41200000762939454,0.528236985206604,Iñaki Williams,a,2399,SetPiece,2017,RightFoot,8181,Villarreal,Athletic Club,1,3,2018-04-09 19:00:00,Unai Núñez,TakeOn
207752,86,SavedShot,0.9669999694824218,0.4540000152587891,0.5780730247497559,Iñaki Williams,a,2399,OpenPlay,2017,RightFoot,8181,Villarreal,Athletic Club,1,3,2018-04-09 19:00:00,Raúl García,Cross
208850,15,MissedShots,0.925,0.44599998474121094,0.062214601784944534,Iñaki Williams,h,2399,OpenPlay,2017,Head,8195,Athletic Club,Deportivo La Coruna,2,3,2018-04-14 18:45:00,Iñigo Córdoba,Aerial
209965,13,Goal,0.885,0.35400001525878905,0.33056700229644775,Iñaki Williams,a,2399,OpenPlay,2017,RightFoot,8205,Real Madrid,Athletic Club,1,1,2018-04-18 19:30:00,Iñigo Córdoba,Throughball
211313,20,BlockedShot,0.8469999694824218,0.395,0.08560360223054886,Iñaki Williams,h,2399,OpenPlay,2017,LeftFoot,8214,Athletic Club,Levante,1,3,2018-04-23 19:00:00,Iñigo Córdoba,Pass
211319,45,MissedShots,0.8469999694824218,0.3890000152587891,0.05306309834122658,Iñaki Williams,h,2399,OpenPlay,2017,RightFoot,8214,Athletic Club,Levante,1,3,2018-04-23 19:00:00,,None
211324,65,BlockedShot,0.9,0.33799999237060546,0.060996901243925095,Iñaki Williams,h,2399,OpenPlay,2017,RightFoot,8214,Athletic Club,Levante,1,3,2018-04-23 19:00:00,Markel Susaeta,Pass
211328,82,BlockedShot,0.879000015258789,0.3320000076293945,0.07224850356578827,Iñaki Williams,h,2399,OpenPlay,2017,RightFoot,8214,Athletic Club,Levante,1,3,2018-04-23 19:00:00,,TakeOn
211329,84,MissedShots,0.9369999694824219,0.500999984741211,0.33394500613212585,Iñaki Williams,h,2399,OpenPlay,2017,Head,8214,Athletic Club,Levante,1,3,2018-04-23 19:00:00,Iñigo Córdoba,Aerial
211815,59,MissedShots,0.9730000305175781,0.33599998474121096,0.05903260037302971,Iñaki Williams,a,2399,OpenPlay,2017,RightFoot,8223,Real Sociedad,Athletic Club,3,1,2018-04-28 00:00:00,Markel Susaeta,BallTouch
211816,62,ShotOnPost,0.8880000305175781,0.495,0.023953799158334732,Iñaki Williams,a,2399,SetPiece,2017,Head,8223,Real Sociedad,Athletic Club,3,1,2018-04-28 00:00:00,Iturraspe,Aerial
213383,25,ShotOnPost,0.895,0.3770000076293945,0.0694689005613327,Iñaki Williams,h,2399,SetPiece,2017,RightFoot,8233,Athletic Club,Real Betis,2,0,2018-05-05 15:15:00,Iñigo Martínez,HeadPass
213388,59,BlockedShot,0.8830000305175781,0.4,0.09909210354089737,Iñaki Williams,h,2399,OpenPlay,2017,RightFoot,8233,Athletic Club,Real Betis,2,0,2018-05-05 15:15:00,Íñigo Lekue,Pass
214812,19,ShotOnPost,0.8859999847412109,0.35400001525878905,0.07834230363368988,Iñaki Williams,a,2399,OpenPlay,2017,RightFoot,8243,Alaves,Athletic Club,3,1,2018-05-12 17:30:00,Muniain,Pass
214815,32,MissedShots,0.9309999847412109,0.30700000762939456,0.05135440081357956,Iñaki Williams,a,2399,SetPiece,2017,RightFoot,8243,Alaves,Athletic Club,3,1,2018-05-12 17:30:00,Muniain,Chipped
216420,15,BlockedShot,0.8090000152587891,0.22700000762939454,0.011358600109815598,Iñaki Williams,h,2399,OpenPlay,2017,RightFoot,8252,Athletic Club,Espanyol,0,1,2018-05-20 16:00:00,Aduriz,Chipped
216424,30,MissedShots,0.904000015258789,0.5479999923706055,0.06805390119552612,Iñaki Williams,h,2399,FromCorner,2017,Head,8252,Athletic Club,Espanyol,0,1,2018-05-20 16:00:00,Beñat,Cross
216433,67,MissedShots,0.865,0.39099998474121095,0.017357399687170982,Iñaki Williams,h,2399,OpenPlay,2017,Head,8252,Athletic Club,Espanyol,0,1,2018-05-20 16:00:00,De Marcos,Cross
218949,11,MissedShots,0.9169999694824219,0.415,0.16303299367427826,Iñaki Williams,h,2399,SetPiece,2018,Head,9966,Athletic Club,Leganes,2,1,2018-08-20 23:00:00,Markel Susaeta,Cross
218957,29,MissedShots,0.885,0.6469999694824219,0.33947399258613586,Iñaki Williams,h,2399,OpenPlay,2018,RightFoot,9966,Athletic Club,Leganes,2,1,2018-08-20 23:00:00,Muniain,Throughball
218970,74,SavedShot,0.9019999694824219,0.2520000076293945,0.031077999621629715,Iñaki Williams,h,2399,OpenPlay,2018,RightFoot,9966,Athletic Club,Leganes,2,1,2018-08-20 23:00:00,Muniain,Pass
221244,45,ShotOnPost,0.855,0.639000015258789,0.06531219929456711,Iñaki Williams,h,2399,OpenPlay,2018,RightFoot,9976,Athletic Club,SD Huesca,2,2,2018-08-27 23:00:00,Raúl García,Pass
221248,52,BlockedShot,0.8119999694824219,0.5609999847412109,0.053573399782180786,Iñaki Williams,h,2399,OpenPlay,2018,RightFoot,9976,Athletic Club,SD Huesca,2,2,2018-08-27 23:00:00,Dani García,Pass
221256,81,ShotOnPost,0.899000015258789,0.28899999618530275,0.07798460125923157,Iñaki Williams,h,2399,OpenPlay,2018,RightFoot,9976,Athletic Club,SD Huesca,2,2,2018-08-27 23:00:00,Dani García,TakeOn
223937,13,MissedShots,0.8780000305175781,0.29399999618530276,0.0375634990632534,Iñaki Williams,h,2399,OpenPlay,2018,RightFoot,9991,Athletic Club,Real Madrid,1,1,2018-09-15 18:45:00,Raúl García,Pass
223943,31,BlockedShot,0.950999984741211,0.46900001525878904,0.12163999676704407,Iñaki Williams,h,2399,OpenPlay,2018,RightFoot,9991,Athletic Club,Real Madrid,1,1,2018-09-15 18:45:00,De Marcos,Goal
223947,48,MissedShots,0.7859999847412109,0.3129999923706055,0.030576199293136597,Iñaki Williams,h,2399,OpenPlay,2018,RightFoot,9991,Athletic Club,Real Madrid,1,1,2018-09-15 18:45:00,Beñat,Pass
223958,70,MissedShots,0.8159999847412109,0.48,0.04947330057621002,Iñaki Williams,h,2399,OpenPlay,2018,LeftFoot,9991,Athletic Club,Real Madrid,1,1,2018-09-15 18:45:00,,Rebound
226008,6,Goal,0.9619999694824218,0.5029999923706054,0.6726980209350586,Iñaki Williams,a,2399,OpenPlay,2018,RightFoot,10000,Real Betis,Athletic Club,2,2,2018-09-23 18:00:00,Raúl García,Rebound
226643,10,BlockedShot,0.8959999847412109,0.34200000762939453,0.07296240329742432,Iñaki Williams,h,2399,OpenPlay,2018,RightFoot,10015,Athletic Club,Villarreal,0,3,2018-09-26 18:00:00,Ander Capa,Pass
226655,45,MissedShots,0.9259999847412109,0.48200000762939454,0.09099510312080383,Iñaki Williams,h,2399,OpenPlay,2018,Head,10015,Athletic Club,Villarreal,0,3,2018-09-26 18:00:00,Yuri,Aerial
226658,54,SavedShot,0.9569999694824218,0.5429999923706055,0.1355299949645996,Iñaki Williams,h,2399,FromCorner,2018,Head,10015,Athletic Club,Villarreal,0,3,2018-09-26 18:00:00,Beñat,Cross
226661,60,MissedShots,0.8719999694824219,0.45099998474121095,0.07598850131034851,Iñaki Williams,h,2399,OpenPlay,2018,RightFoot,10015,Athletic Club,Villarreal,0,3,2018-09-26 18:00:00,Raúl García,Chipped
226671,89,BlockedShot,0.8680000305175781,0.580999984741211,0.053683698177337646,Iñaki Williams,h,2399,OpenPlay,2018,RightFoot,10015,Athletic Club,Villarreal,0,3,2018-09-26 18:00:00,Gorka Guruzeta,Chipped
228095,11,MissedShots,0.7980000305175782,0.5509999847412109,0.10950999706983566,Iñaki Williams,a,2399,OpenPlay,2018,RightFoot,10020,Barcelona,Athletic Club,1,1,2018-09-29 14:15:00,Raúl García,Throughball
228115,73,BlockedShot,0.860999984741211,0.4929999923706055,0.11058399826288223,Iñaki Williams,a,2399,OpenPlay,2018,RightFoot,10020,Barcelona,Athletic Club,1,1,2018-09-29 14:15:00,Raúl García,Pass
257937,21,BlockedShot,0.875999984741211,0.3,0.045354001224040985,Iñaki Williams,h,2399,OpenPlay,2018,LeftFoot,10035,Athletic Club,Real Sociedad,1,3,2018-10-05 19:00:00,,None
257941,45,SavedShot,0.91,0.46299999237060546,0.11568199843168259,Iñaki Williams,h,2399,OpenPlay,2018,Head,10035,Athletic Club,Real Sociedad,1,3,2018-10-05 19:00:00,Markel Susaeta,Cross
258352,8,MissedShots,0.94,0.43900001525878907,0.07250949740409851,Iñaki Williams,a,2399,OpenPlay,2018,Head,10043,Eibar,Athletic Club,1,1,2018-10-21 14:15:00,De Marcos,Aerial
258355,20,Goal,0.8319999694824218,0.4329999923706055,0.2763400077819824,Iñaki Williams,a,2399,OpenPlay,2018,RightFoot,10043,Eibar,Athletic Club,1,1,2018-10-21 14:15:00,Raúl García,HeadPass
258445,21,MissedShots,0.87,0.3220000076293945,0.057193201035261154,Iñaki Williams,a,2399,OpenPlay,2018,RightFoot,9981,Rayo Vallecano,Athletic Club,1,1,2018-10-24 17:00:00,Aduriz,Pass
258534,80,MissedShots,0.8859999847412109,0.6940000152587891,0.060192398726940155,Iñaki Williams,h,2399,OpenPlay,2018,LeftFoot,10054,Athletic Club,Valencia,0,0,2018-10-27 14:15:00,Raúl García,HeadPass
258967,42,ShotOnPost,0.9169999694824219,0.28600000381469726,0.06045160070061684,Iñaki Williams,a,2399,OpenPlay,2018,RightFoot,10062,Espanyol,Athletic Club,1,0,2018-11-05 20:00:00,De Marcos,TakeOn
258974,72,BlockedShot,0.905,0.6409999847412109,0.07005059719085693,Iñaki Williams,a,2399,OpenPlay,2018,RightFoot,10062,Espanyol,Athletic Club,1,0,2018-11-05 20:00:00,Muniain,Pass
258975,79,BlockedShot,0.9019999694824219,0.3370000076293945,0.06529449671506882,Iñaki Williams,a,2399,OpenPlay,2018,RightFoot,10062,Espanyol,Athletic Club,1,0,2018-11-05 20:00:00,Markel Susaeta,Pass
258977,81,BlockedShot,0.8730000305175781,0.6409999847412109,0.05848019942641258,Iñaki Williams,a,2399,OpenPlay,2018,RightFoot,10062,Espanyol,Athletic Club,1,0,2018-11-05 20:00:00,San José,Pass
259066,35,Goal,0.99,0.52,0.972760021686554,Iñaki Williams,a,2399,OpenPlay,2018,RightFoot,10069,Atletico Madrid,Athletic Club,3,2,2018-11-10 17:30:00,,Rebound
259068,57,SavedShot,0.91,0.43099998474121093,0.46241500973701477,Iñaki Williams,a,2399,OpenPlay,2018,RightFoot,10069,Atletico Madrid,Athletic Club,3,2,2018-11-10 17:30:00,Unai Núñez,Pass
259070,63,Goal,0.8630000305175781,0.45599998474121095,0.5379109978675842,Iñaki Williams,a,2399,OpenPlay,2018,RightFoot,10069,Atletico Madrid,Athletic Club,3,2,2018-11-10 17:30:00,Muniain,Throughball
259366,29,SavedShot,0.9019999694824219,0.515,0.09801530092954636,Iñaki Williams,h,2399,SetPiece,2018,Head,10085,Athletic Club,Getafe,1,1,2018-11-25 11:00:00,Beñat,Cross
259724,63,MissedShots,0.815,0.44099998474121094,0.05388659983873367,Iñaki Williams,a,2399,OpenPlay,2018,RightFoot,10091,Levante,Athletic Club,3,0,2018-12-03 20:00:00,Muniain,Pass
259725,64,BlockedShot,0.895,0.61,0.08371160179376602,Iñaki Williams,a,2399,OpenPlay,2018,RightFoot,10091,Levante,Athletic Club,3,0,2018-12-03 20:00:00,Muniain,Pass
259986,5,SavedShot,0.8859999847412109,0.33799999237060546,0.0713718980550766,Iñaki Williams,h,2399,OpenPlay,2018,RightFoot,10097,Athletic Club,Girona,1,0,2018-12-10 20:00:00,Iñigo Córdoba,Pass
259996,41,MissedShots,0.955999984741211,0.34299999237060547,0.0694831982254982,Iñaki Williams,h,2399,OpenPlay,2018,RightFoot,10097,Athletic Club,Girona,1,0,2018-12-10 20:00:00,,Rebound
259998,42,BlockedShot,0.8969999694824219,0.445,0.08855830132961273,Iñaki Williams,h,2399,OpenPlay,2018,RightFoot,10097,Athletic Club,Girona,1,0,2018-12-10 20:00:00,Aduriz,HeadPass
260001,43,BlockedShot,0.85,0.315,0.045068301260471344,Iñaki Williams,h,2399,OpenPlay,2018,RightFoot,10097,Athletic Club,Girona,1,0,2018-12-10 20:00:00,Ander Capa,Pass
260381,68,BlockedShot,0.759000015258789,0.3529999923706055,0.02476309984922409,Iñaki Williams,h,2399,OpenPlay,2018,LeftFoot,10119,Athletic Club,Real Valladolid,1,1,2018-12-22 19:45:00,,None
280063,49,BlockedShot,0.9319999694824219,0.445,0.1487630009651184,Iñaki Williams,a,2399,OpenPlay,2018,RightFoot,10132,Celta Vigo,Athletic Club,1,2,2019-01-07 20:00:00,,TakeOn
280064,53,Goal,0.9119999694824219,0.6120000076293945,0.31143900752067566,Iñaki Williams,a,2399,OpenPlay,2018,RightFoot,10132,Celta Vigo,Athletic Club,1,2,2019-01-07 20:00:00,Iago Herrerín,Throughball
280220,22,Goal,0.860999984741211,0.6430000305175781,0.1371850073337555,Iñaki Williams,h,2399,OpenPlay,2018,RightFoot,10146,Athletic Club,Sevilla,2,0,2019-01-13 15:15:00,Iñigo Córdoba,Throughball
280229,62,BlockedShot,0.955,0.43099998474121093,0.11978399753570557,Iñaki Williams,h,2399,OpenPlay,2018,RightFoot,10146,Athletic Club,Sevilla,2,0,2019-01-13 15:15:00,De Marcos,Cross
280233,83,Goal,0.8919999694824219,0.3340000152587891,0.5455849766731262,Iñaki Williams,h,2399,OpenPlay,2018,RightFoot,10146,Athletic Club,Sevilla,2,0,2019-01-13 15:15:00,Muniain,TakeOn
280448,89,BlockedShot,0.845,0.509000015258789,0.09061329811811447,Iñaki Williams,a,2399,OpenPlay,2018,RightFoot,10152,Villarreal,Athletic Club,1,1,2019-01-20 15:15:00,Yuri,Pass
280642,56,BlockedShot,0.8980000305175782,0.664000015258789,0.07737059891223907,Iñaki Williams,h,2399,OpenPlay,2018,RightFoot,10165,Athletic Club,Real Betis,1,0,2019-01-27 00:00:00,De Marcos,Pass
281230,23,BlockedShot,0.93,0.40200000762939453,0.11840300261974335,Iñaki Williams,h,2399,OpenPlay,2018,RightFoot,10184,Athletic Club,Barcelona,0,0,2019-02-10 19:45:00,Markel Susaeta,Rebound
281243,70,BlockedShot,0.9430000305175781,0.4329999923706055,0.10346599668264389,Iñaki Williams,h,2399,OpenPlay,2018,RightFoot,10184,Athletic Club,Barcelona,0,0,2019-02-10 19:45:00,De Marcos,Cross
281245,81,SavedShot,0.91,0.47200000762939454,0.49503999948501587,Iñaki Williams,h,2399,OpenPlay,2018,RightFoot,10184,Athletic Club,Barcelona,0,0,2019-02-10 19:45:00,Muniain,Pass
281248,85,SavedShot,0.879000015258789,0.33599998474121096,0.06319420039653778,Iñaki Williams,h,2399,OpenPlay,2018,RightFoot,10184,Athletic Club,Barcelona,0,0,2019-02-10 19:45:00,San José,Pass
281534,30,SavedShot,0.9069999694824219,0.26399999618530273,0.04734240099787712,Iñaki Williams,a,2399,OpenPlay,2018,RightFoot,10192,SD Huesca,Athletic Club,0,1,2019-02-18 20:00:00,Iago Herrerín,Chipped
281539,59,SavedShot,0.879000015258789,0.40400001525878904,0.37724998593330383,Iñaki Williams,a,2399,OpenPlay,2018,RightFoot,10192,SD Huesca,Athletic Club,0,1,2019-02-18 20:00:00,Raúl García,Throughball
281665,84,SavedShot,0.8190000152587891,0.53,0.08659719675779343,Iñaki Williams,h,2399,OpenPlay,2018,RightFoot,10205,Athletic Club,Eibar,1,0,2019-02-23 19:45:00,Kenan Kodro,TakeOn
281982,5,SavedShot,0.735,0.415,0.021066199988126755,Iñaki Williams,a,2399,OpenPlay,2018,RightFoot,10210,Valencia,Athletic Club,2,0,2019-03-03 19:45:00,Raúl García,Pass
284239,21,MissedShots,0.8969999694824219,0.45799999237060546,0.0629585012793541,Iñaki Williams,h,2399,SetPiece,2018,Head,10226,Athletic Club,Espanyol,1,1,2019-03-08 20:00:00,Raúl García,Chipped
286416,58,SavedShot,0.8630000305175781,0.24600000381469728,0.10588099807500839,Iñaki Williams,h,2399,OpenPlay,2018,RightFoot,10227,Athletic Club,Atletico Madrid,2,0,2019-03-16 17:30:00,Raúl García,Throughball
286422,72,Goal,0.9740000152587891,0.47,0.7965930104255676,Iñaki Williams,h,2399,OpenPlay,2018,RightFoot,10227,Athletic Club,Atletico Madrid,2,0,2019-03-16 17:30:00,Iñigo Córdoba,Rebound
286424,83,MissedShots,0.789000015258789,0.5459999847412109,0.04959249868988991,Iñaki Williams,h,2399,OpenPlay,2018,RightFoot,10227,Athletic Club,Atletico Madrid,2,0,2019-03-16 17:30:00,Iñigo Córdoba,Pass
287237,20,SavedShot,0.915,0.4129999923706055,0.11690600216388702,Iñaki Williams,a,2399,OpenPlay,2018,RightFoot,10243,Girona,Athletic Club,1,2,2019-03-29 20:00:00,De Marcos,Pass
287243,52,Goal,0.9469999694824218,0.425,0.3106659948825836,Iñaki Williams,a,2399,OpenPlay,2018,Head,10243,Girona,Athletic Club,1,2,2019-03-29 20:00:00,Yuri,Chipped
287248,76,SavedShot,0.9640000152587891,0.6409999847412109,0.08609040081501007,Iñaki Williams,a,2399,OpenPlay,2018,RightFoot,10243,Girona,Athletic Club,1,2,2019-03-29 20:00:00,Beñat,Chipped
291226,26,Goal,0.889000015258789,0.435,0.12436600029468536,Iñaki Williams,h,2399,OpenPlay,2018,RightFoot,10247,Athletic Club,Levante,3,2,2019-04-03 18:30:00,Iñigo Córdoba,Pass
291228,34,SavedShot,0.9119999694824219,0.5629999923706055,0.5601310133934021,Iñaki Williams,h,2399,OpenPlay,2018,LeftFoot,10247,Athletic Club,Levante,3,2,2019-04-03 18:30:00,San José,Throughball
291229,43,MissedShots,0.9069999694824219,0.45799999237060546,0.04891179874539375,Iñaki Williams,h,2399,OpenPlay,2018,Head,10247,Athletic Club,Levante,3,2,2019-04-03 18:30:00,Iñigo Córdoba,Aerial
291236,65,SavedShot,0.77,0.4490000152587891,0.0377953015267849,Iñaki Williams,h,2399,OpenPlay,2018,RightFoot,10247,Athletic Club,Levante,3,2,2019-04-03 18:30:00,De Marcos,Pass
294040,1,Goal,0.89,0.32099998474121094,0.050538599491119385,Iñaki Williams,h,2399,SetPiece,2018,RightFoot,10267,Athletic Club,Rayo Vallecano,3,2,2019-04-14 13:00:00,Beñat,Chipped
294049,49,Goal,0.870999984741211,0.6090000152587891,0.07979000359773636,Iñaki Williams,h,2399,OpenPlay,2018,RightFoot,10267,Athletic Club,Rayo Vallecano,3,2,2019-04-14 13:00:00,Iñigo Córdoba,Pass
294052,63,SavedShot,0.889000015258789,0.48400001525878905,0.3840950131416321,Iñaki Williams,h,2399,OpenPlay,2018,RightFoot,10267,Athletic Club,Rayo Vallecano,3,2,2019-04-14 13:00:00,Iñigo Córdoba,TakeOn
295946,86,SavedShot,0.94,0.56,0.33001700043678284,Iñaki Williams,a,2399,OpenPlay,2018,Head,10279,Real Madrid,Athletic Club,3,0,2019-04-21 15:15:00,Unai López,Cross
296770,34,MissedShots,0.7680000305175781,0.33299999237060546,0.01995290070772171,Iñaki Williams,a,2399,OpenPlay,2018,RightFoot,10292,Leganes,Athletic Club,0,1,2019-04-24 19:30:00,,BallTouch
296775,78,SavedShot,0.874000015258789,0.43,0.11478199809789658,Iñaki Williams,a,2399,OpenPlay,2018,LeftFoot,10292,Leganes,Athletic Club,0,1,2019-04-24 19:30:00,Balenziaga,TakeOn
297171,65,MissedShots,0.9309999847412109,0.5059999847412109,0.4729740023612976,Iñaki Williams,h,2399,OpenPlay,2018,Head,10301,Athletic Club,Alaves,1,1,2019-04-27 12:00:00,De Marcos,Cross
297174,77,MissedShots,0.9380000305175781,0.46099998474121096,0.4393180012702942,Iñaki Williams,h,2399,OpenPlay,2018,Head,10301,Athletic Club,Alaves,1,1,2019-04-27 12:00:00,Yuri,Cross
300232,77,MissedShots,0.97,0.6020000076293945,0.2576180100440979,Iñaki Williams,a,2399,OpenPlay,2018,RightFoot,10311,Real Valladolid,Athletic Club,1,0,2019-05-05 17:30:00,Raúl García,Chipped
301574,39,Goal,0.9319999694824219,0.5359999847412109,0.49700701236724854,Iñaki Williams,h,2399,OpenPlay,2018,LeftFoot,10317,Athletic Club,Celta Vigo,3,1,2019-05-12 17:30:00,,BallRecovery
310383,6,SavedShot,0.7319999694824219,0.5879999923706055,0.0172285009175539,Iñaki Williams,h,2399,OpenPlay,2019,RightFoot,12026,Athletic Club,Barcelona,1,0,2019-08-16 20:00:00,,BallRecovery
310385,14,SavedShot,0.909000015258789,0.6840000152587891,0.05592399835586548,Iñaki Williams,h,2399,OpenPlay,2019,RightFoot,12026,Athletic Club,Barcelona,1,0,2019-08-16 20:00:00,Yuri,Chipped
310395,55,MissedShots,0.9259999847412109,0.3129999923706055,0.06252340227365494,Iñaki Williams,h,2399,OpenPlay,2019,RightFoot,12026,Athletic Club,Barcelona,1,0,2019-08-16 20:00:00,Raúl García,BallTouch
315479,10,Goal,0.9080000305175782,0.5,0.49364200234413147,Iñaki Williams,h,2399,OpenPlay,2019,RightFoot,12047,Athletic Club,Real Sociedad,2,0,2019-08-30 21:00:00,Ander Capa,Pass
315488,59,MissedShots,0.86,0.28700000762939454,0.05735370144248009,Iñaki Williams,h,2399,OpenPlay,2019,RightFoot,12047,Athletic Club,Real Sociedad,2,0,2019-08-30 21:00:00,Muniain,Pass
321379,65,ShotOnPost,0.8159999847412109,0.7319999694824219,0.03084680065512657,Iñaki Williams,h,2399,OpenPlay,2019,RightFoot,12063,Athletic Club,Alaves,2,0,2019-09-22 16:30:00,Muniain,Pass
321734,71,SavedShot,0.875999984741211,0.725999984741211,0.03329629823565483,Iñaki Williams,a,2399,OpenPlay,2019,RightFoot,12080,Leganes,Athletic Club,1,1,2019-09-25 17:00:00,Yuri,Pass
322337,35,SavedShot,0.9290000152587891,0.715,0.045400798320770264,Iñaki Williams,h,2399,OpenPlay,2019,LeftFoot,12084,Athletic Club,Valencia,0,1,2019-09-28 11:00:00,Iñigo Martínez,BallRecovery
322343,54,ShotOnPost,0.9059999847412109,0.43900001525878907,0.4331130087375641,Iñaki Williams,h,2399,OpenPlay,2019,RightFoot,12084,Athletic Club,Valencia,0,1,2019-09-28 11:00:00,,Rebound
322342,54,SavedShot,0.9059999847412109,0.41900001525878905,0.10173299908638,Iñaki Williams,h,2399,OpenPlay,2019,RightFoot,12084,Athletic Club,Valencia,0,1,2019-09-28 11:00:00,Ander Capa,Pass
322348,66,MissedShots,0.8819999694824219,0.28299999237060547,0.03894620016217232,Iñaki Williams,h,2399,OpenPlay,2019,RightFoot,12084,Athletic Club,Valencia,0,1,2019-09-28 11:00:00,,None
326564,32,Goal,0.909000015258789,0.4420000076293945,0.20300400257110596,Iñaki Williams,h,2399,OpenPlay,2019,RightFoot,12104,Athletic Club,Real Valladolid,1,1,2019-10-20 17:30:00,Unai López,TakeOn
326579,79,BlockedShot,0.9030000305175782,0.3579999923706055,0.1027119979262352,Iñaki Williams,h,2399,OpenPlay,2019,LeftFoot,12104,Athletic Club,Real Valladolid,1,1,2019-10-20 17:30:00,Raúl García,TakeOn
329696,16,MissedShots,0.9819999694824219,0.445,0.4941129982471466,Iñaki Williams,a,2399,FromCorner,2019,Head,12141,Villarreal,Athletic Club,0,0,2019-11-03 13:00:00,Ibai Gómez,Cross
329697,19,BlockedShot,0.9230000305175782,0.28200000762939453,0.04023139923810959,Iñaki Williams,a,2399,OpenPlay,2019,RightFoot,12141,Villarreal,Athletic Club,0,0,2019-11-03 13:00:00,Raúl García,Pass
331196,2,MissedShots,0.9269999694824219,0.5590000152587891,0.1261260062456131,Iñaki Williams,h,2399,OpenPlay,2019,Head,12144,Athletic Club,Levante,2,1,2019-11-10 13:00:00,Yuri,Cross
331210,46,MissedShots,0.9719999694824218,0.6,0.0767780989408493,Iñaki Williams,h,2399,OpenPlay,2019,RightFoot,12144,Athletic Club,Levante,2,1,2019-11-10 13:00:00,Ibai Gómez,Cross
332769,20,Goal,0.875,0.3840000152587891,0.3046160042285919,Iñaki Williams,a,2399,OpenPlay,2019,RightFoot,12159,Osasuna,Athletic Club,1,2,2019-11-24 13:00:00,Oihan Sancet,Pass
332784,89,SavedShot,0.874000015258789,0.3039999961853027,0.2912999987602234,Iñaki Williams,a,2399,OpenPlay,2019,RightFoot,12159,Osasuna,Athletic Club,1,2,2019-11-24 13:00:00,Ander Capa,Chipped
334135,23,SavedShot,0.899000015258789,0.345,0.07844380289316177,Iñaki Williams,h,2399,OpenPlay,2019,LeftFoot,12164,Athletic Club,Granada,2,0,2019-12-01 13:00:00,Oihan Sancet,TakeOn
336154,43,Goal,0.885,0.5,0.743149995803833,Iñaki Williams,a,2399,Penalty,2019,RightFoot,12174,Real Betis,Athletic Club,3,2,2019-12-08 13:00:00,,Standard
339457,19,SavedShot,0.8719999694824219,0.3970000076293945,0.07719510048627853,Iñaki Williams,a,2399,OpenPlay,2019,RightFoot,12200,Real Madrid,Athletic Club,0,0,2019-12-22 20:00:00,Raúl García,Pass
339458,22,SavedShot,0.9230000305175782,0.3579999923706055,0.06976179778575897,Iñaki Williams,a,2399,OpenPlay,2019,RightFoot,12200,Real Madrid,Athletic Club,0,0,2019-12-22 20:00:00,Raúl García,Chipped
339467,55,BlockedShot,0.87,0.624000015258789,0.09841780364513397,Iñaki Williams,a,2399,OpenPlay,2019,RightFoot,12200,Real Madrid,Athletic Club,0,0,2019-12-22 20:00:00,Yuri,Pass
355372,52,BlockedShot,0.9069999694824219,0.4759999847412109,0.504656970500946,Iñaki Williams,h,2399,OpenPlay,2019,RightFoot,12213,Athletic Club,Celta Vigo,1,1,2020-01-19 17:30:00,,None
355599,32,MissedShots,0.9640000152587891,0.5479999923706055,0.15411299467086792,Iñaki Williams,a,2399,OpenPlay,2019,RightFoot,12226,Espanyol,Athletic Club,1,1,2020-01-25 12:00:00,Yuri,Pass
355604,52,SavedShot,0.8969999694824219,0.32,0.07634170353412628,Iñaki Williams,a,2399,OpenPlay,2019,RightFoot,12226,Espanyol,Athletic Club,1,1,2020-01-25 12:00:00,Ander Capa,Pass
358376,70,Goal,0.9369999694824219,0.33,0.33939000964164734,Iñaki Williams,a,2399,OpenPlay,2019,RightFoot,12247,Real Sociedad,Athletic Club,2,1,2020-02-09 13:00:00,Muniain,Pass
359526,69,MissedShots,0.9790000152587891,0.27399999618530274,0.09571029990911484,Iñaki Williams,h,2399,OpenPlay,2019,RightFoot,12253,Athletic Club,Osasuna,0,1,2020-02-16 17:30:00,Yeray Álvarez,TakeOn
359529,78,SavedShot,0.9230000305175782,0.4490000152587891,0.28930601477622986,Iñaki Williams,h,2399,OpenPlay,2019,Head,12253,Athletic Club,Osasuna,0,1,2020-02-16 17:30:00,Iñigo Martínez,Chipped
360211,6,SavedShot,0.9590000152587891,0.4370000076293945,0.06831689924001694,Iñaki Williams,a,2399,FromCorner,2019,Head,12263,Alaves,Athletic Club,2,1,2020-02-23 13:00:00,Yuri,Aerial
361253,53,BlockedShot,0.875,0.3629999923706055,0.0711205005645752,Iñaki Williams,h,2399,OpenPlay,2019,RightFoot,12273,Athletic Club,Villarreal,1,0,2020-03-01 13:00:00,Mikel Vesga,Pass
361256,65,SavedShot,0.885,0.5,0.7430210113525391,Iñaki Williams,h,2399,Penalty,2019,RightFoot,12273,Athletic Club,Villarreal,1,0,2020-03-01 13:00:00,,Standard
362078,75,SavedShot,0.9530000305175781,0.2560000038146973,0.06277420371770859,Iñaki Williams,a,2399,OpenPlay,2019,RightFoot,12289,Real Valladolid,Athletic Club,1,4,2020-03-08 13:00:00,Raúl García,BallTouch
362082,86,Goal,0.8380000305175781,0.534000015258789,0.34723299741744995,Iñaki Williams,a,2399,OpenPlay,2019,LeftFoot,12289,Real Valladolid,Athletic Club,1,4,2020-03-08 13:00:00,,None
364366,24,SavedShot,0.9319999694824219,0.34900001525878904,0.018420999869704247,Iñaki Williams,h,2399,OpenPlay,2019,Head,12293,Athletic Club,Atletico Madrid,1,1,2020-06-14 12:00:00,Ander Capa,Cross
364367,24,BlockedShot,0.7440000152587891,0.5329999923706055,0.02086389996111393,Iñaki Williams,h,2399,OpenPlay,2019,RightFoot,12293,Athletic Club,Atletico Madrid,1,1,2020-06-14 12:00:00,,BallTouch
364726,45,BlockedShot,0.86,0.5579999923706055,0.10822399705648422,Iñaki Williams,a,2399,OpenPlay,2019,RightFoot,12305,Eibar,Athletic Club,2,2,2020-06-17 17:30:00,,TakeOn
364731,68,BlockedShot,0.9119999694824219,0.2670000076293945,0.04538640007376671,Iñaki Williams,a,2399,OpenPlay,2019,RightFoot,12305,Eibar,Athletic Club,2,2,2020-06-17 17:30:00,,BallTouch
365507,1,BlockedShot,0.874000015258789,0.47900001525878905,0.1041100025177002,Iñaki Williams,h,2399,OpenPlay,2019,RightFoot,12313,Athletic Club,Real Betis,1,0,2020-06-20 15:00:00,Raúl García,Pass
365514,46,SavedShot,0.89,0.6509999847412109,0.3306019902229309,Iñaki Williams,h,2399,OpenPlay,2019,RightFoot,12313,Athletic Club,Real Betis,1,0,2020-06-20 15:00:00,Dani García,Throughball
366267,12,MissedShots,0.860999984741211,0.28899999618530275,0.0304080992937088,Iñaki Williams,a,2399,OpenPlay,2019,RightFoot,12324,Barcelona,Athletic Club,1,0,2020-06-23 20:00:00,Íñigo Lekue,Pass
368892,22,MissedShots,0.8619999694824219,0.28100000381469725,0.03361840173602104,Iñaki Williams,h,2399,OpenPlay,2019,RightFoot,12353,Athletic Club,Real Madrid,0,1,2020-07-05 12:00:00,Muniain,Pass
370264,8,MissedShots,0.9480000305175781,0.25799999237060545,0.05121440067887306,Iñaki Williams,h,2399,OpenPlay,2019,RightFoot,12363,Athletic Club,Sevilla,1,2,2020-07-09 20:00:00,Unai Núñez,HeadPass
370805,47,BlockedShot,0.8780000305175781,0.6419999694824219,0.08543500304222107,Iñaki Williams,a,2399,OpenPlay,2019,LeftFoot,12374,Levante,Athletic Club,1,2,2020-07-12 15:00:00,Raúl García,Pass
370806,49,MissedShots,0.799000015258789,0.28299999237060547,0.020569199696183205,Iñaki Williams,a,2399,OpenPlay,2019,RightFoot,12374,Levante,Athletic Club,1,2,2020-07-12 15:00:00,,None
372104,49,MissedShots,0.8440000152587891,0.6609999847412109,0.04577689990401268,Iñaki Williams,h,2399,OpenPlay,2019,RightFoot,12386,Athletic Club,Leganes,0,2,2020-07-16 19:00:00,,None
372769,83,SavedShot,0.8980000305175782,0.28899999618530275,0.051843900233507156,Iñaki Williams,a,2399,OpenPlay,2019,RightFoot,12397,Granada,Athletic Club,4,0,2020-07-19 19:00:00,Muniain,TakeOn
376640,70,MissedShots,0.9109999847412109,0.61,0.041851699352264404,Iñaki Williams,a,2399,OpenPlay,2020,Head,14137,Granada,Athletic Club,2,0,2020-09-12 16:30:00,Jon Morcillo,Cross
376641,74,ShotOnPost,0.9069999694824219,0.485,0.07730250060558319,Iñaki Williams,a,2399,OpenPlay,2020,RightFoot,14137,Granada,Athletic Club,2,0,2020-09-12 16:30:00,Jon Morcillo,Cross
376642,90,MissedShots,0.87,0.25299999237060544,0.027609599754214287,Iñaki Williams,a,2399,OpenPlay,2020,RightFoot,14137,Granada,Athletic Club,2,0,2020-09-12 16:30:00,Unai López,Pass
379313,15,BlockedShot,0.9619999694824218,0.2979999923706055,0.042778901755809784,Iñaki Williams,a,2399,OpenPlay,2020,RightFoot,14158,Eibar,Athletic Club,1,2,2020-09-27 12:00:00,Unai Núñez,Chipped
380237,59,ShotOnPost,0.9180000305175782,0.4329999923706055,0.0850083976984024,Iñaki Williams,h,2399,FromCorner,2020,Head,14164,Athletic Club,Cadiz,0,1,2020-10-01 17:00:00,Muniain,Cross
382412,78,Goal,0.9630000305175781,0.46799999237060547,0.615776002407074,Iñaki Williams,h,2399,OpenPlay,2020,RightFoot,14826,Athletic Club,Levante,2,0,2020-10-18 12:00:00,Jon Morcillo,Cross
382414,82,SavedShot,0.85,0.42700000762939455,0.38336798548698425,Iñaki Williams,h,2399,OpenPlay,2020,RightFoot,14826,Athletic Club,Levante,2,0,2020-10-18 12:00:00,Dani García,BallRecovery
384639,64,SavedShot,0.87,0.590999984741211,0.029411999508738518,Iñaki Williams,h,2399,SetPiece,2020,Head,14846,Athletic Club,Sevilla,2,1,2020-10-31 15:00:00,Yuri,Cross
384642,75,BlockedShot,0.774000015258789,0.3039999961853027,0.020043499767780304,Iñaki Williams,h,2399,OpenPlay,2020,LeftFoot,14846,Athletic Club,Sevilla,2,1,2020-10-31 15:00:00,Muniain,Pass
384645,78,BlockedShot,0.825999984741211,0.725999984741211,0.025850599631667137,Iñaki Williams,h,2399,OpenPlay,2020,RightFoot,14846,Athletic Club,Sevilla,2,1,2020-10-31 15:00:00,Muniain,Pass
386849,32,BlockedShot,0.919000015258789,0.6869999694824219,0.05192369967699051,Iñaki Williams,a,2399,OpenPlay,2020,LeftFoot,14863,Real Valladolid,Athletic Club,2,1,2020-11-08 17:30:00,Muniain,Pass
386854,51,BlockedShot,0.8469999694824218,0.6880000305175781,0.05918779969215393,Iñaki Williams,a,2399,OpenPlay,2020,RightFoot,14863,Real Valladolid,Athletic Club,2,1,2020-11-08 17:30:00,Unai López,TakeOn
386861,78,BlockedShot,0.889000015258789,0.6020000076293945,0.06304609775543213,Iñaki Williams,a,2399,FromCorner,2020,RightFoot,14863,Real Valladolid,Athletic Club,2,1,2020-11-08 17:30:00,Alex Berenguer,Pass
386863,82,BlockedShot,0.8440000152587891,0.7330000305175781,0.027507400140166283,Iñaki Williams,a,2399,OpenPlay,2020,RightFoot,14863,Real Valladolid,Athletic Club,2,1,2020-11-08 17:30:00,Oier Zarraga,Pass
386864,85,Goal,0.885,0.5,0.7430210113525391,Iñaki Williams,a,2399,Penalty,2020,RightFoot,14863,Real Valladolid,Athletic Club,2,1,2020-11-08 17:30:00,,Standard
386867,93,MissedShots,0.9669999694824218,0.629000015258789,0.05042099952697754,Iñaki Williams,a,2399,FromCorner,2020,RightFoot,14863,Real Valladolid,Athletic Club,2,1,2020-11-08 17:30:00,Ander Capa,Chipped
388363,35,BlockedShot,0.8719999694824219,0.3129999923706055,0.08081959933042526,Iñaki Williams,h,2399,OpenPlay,2020,RightFoot,14866,Athletic Club,Real Betis,4,0,2020-11-23 20:00:00,,TakeOn
388365,39,SavedShot,0.9119999694824219,0.34900001525878904,0.09421569854021072,Iñaki Williams,h,2399,OpenPlay,2020,RightFoot,14866,Athletic Club,Real Betis,4,0,2020-11-23 20:00:00,Asier Villalibre,Pass
391438,42,BlockedShot,0.8519999694824218,0.6719999694824219,0.03632599860429764,Iñaki Williams,a,2399,OpenPlay,2020,RightFoot,14895,Valencia,Athletic Club,2,2,2020-12-12 13:00:00,Asier Villalibre,Pass
392739,2,BlockedShot,0.875,0.37099998474121093,0.07515829801559448,Iñaki Williams,a,2399,OpenPlay,2020,RightFoot,14906,Real Madrid,Athletic Club,3,1,2020-12-15 21:00:00,Ander Capa,Pass
392742,12,MissedShots,0.8690000152587891,0.6459999847412109,0.06146850064396858,Iñaki Williams,a,2399,OpenPlay,2020,RightFoot,14906,Real Madrid,Athletic Club,3,1,2020-12-15 21:00:00,De Marcos,Pass
393792,57,MissedShots,0.92,0.624000015258789,0.027832699939608574,Iñaki Williams,h,2399,FromCorner,2020,Head,14907,Athletic Club,SD Huesca,2,0,2020-12-18 20:00:00,Alex Berenguer,Cross
395063,15,MissedShots,0.8180000305175781,0.5479999923706055,0.05453699827194214,Iñaki Williams,a,2399,OpenPlay,2020,RightFoot,14923,Villarreal,Athletic Club,1,1,2020-12-22 21:00:00,Unai Vencedor,Chipped
395064,18,Goal,0.8969999694824219,0.6029999923706054,0.3725860118865967,Iñaki Williams,a,2399,OpenPlay,2020,RightFoot,14923,Villarreal,Athletic Club,1,1,2020-12-22 21:00:00,Yuri,Throughball
396671,34,SavedShot,0.8090000152587891,0.49599998474121093,0.06726229935884476,Iñaki Williams,h,2399,OpenPlay,2020,RightFoot,14938,Athletic Club,Elche,1,0,2021-01-03 13:00:00,Raúl García,TakeOn
396672,61,MissedShots,0.9330000305175781,0.2929999923706055,0.05878689885139465,Iñaki Williams,h,2399,OpenPlay,2020,RightFoot,14938,Athletic Club,Elche,1,0,2021-01-03 13:00:00,Muniain,Pass
396675,71,ShotOnPost,0.895,0.669000015258789,0.08899640291929245,Iñaki Williams,h,2399,OpenPlay,2020,RightFoot,14938,Athletic Club,Elche,1,0,2021-01-03 13:00:00,Mikel Vesga,TakeOn
397633,2,Goal,0.860999984741211,0.6120000076293945,0.12433700263500214,Iñaki Williams,h,2399,OpenPlay,2020,RightFoot,14947,Athletic Club,Barcelona,2,3,2021-01-06 20:00:00,Raúl García,TakeOn
397637,11,SavedShot,0.93,0.3160000038146973,0.12444999814033508,Iñaki Williams,h,2399,OpenPlay,2020,RightFoot,14947,Athletic Club,Barcelona,2,3,2021-01-06 20:00:00,Muniain,Throughball
401112,44,MissedShots,0.76,0.47200000762939454,0.022859100252389908,Iñaki Williams,h,2399,OpenPlay,2020,RightFoot,14969,Athletic Club,Getafe,5,1,2021-01-25 20:00:00,,None
402371,53,MissedShots,0.6509999847412109,0.40400001525878904,0.009730019606649876,Iñaki Williams,a,2399,OpenPlay,2020,RightFoot,14978,Barcelona,Athletic Club,2,1,2021-01-31 20:00:00,Raúl García,BallRecovery
403815,45,BlockedShot,0.8690000152587891,0.6730000305175782,0.14777900278568268,Iñaki Williams,h,2399,OpenPlay,2020,RightFoot,14989,Athletic Club,Valencia,1,1,2021-02-07 15:15:00,Oihan Sancet,TakeOn
403817,48,BlockedShot,0.8009999847412109,0.36900001525878906,0.052640799432992935,Iñaki Williams,h,2399,OpenPlay,2020,RightFoot,14989,Athletic Club,Valencia,1,1,2021-02-07 15:15:00,,BallRecovery
405135,1,SavedShot,0.85,0.545,0.07870429754257202,Iñaki Williams,a,2399,OpenPlay,2020,RightFoot,15002,Cadiz,Athletic Club,0,4,2021-02-15 20:00:00,Raúl García,BallTouch
405136,2,BlockedShot,0.8219999694824218,0.6569999694824219,0.031091000884771347,Iñaki Williams,a,2399,OpenPlay,2020,RightFoot,15002,Cadiz,Athletic Club,0,4,2021-02-15 20:00:00,Raúl García,Pass
405147,45,SavedShot,0.9309999847412109,0.6580000305175782,0.08966860175132751,Iñaki Williams,a,2399,OpenPlay,2020,RightFoot,15002,Cadiz,Athletic Club,0,4,2021-02-15 20:00:00,Muniain,Pass
405150,51,Goal,0.9019999694824219,0.3940000152587891,0.2272839993238449,Iñaki Williams,a,2399,OpenPlay,2020,RightFoot,15002,Cadiz,Athletic Club,0,4,2021-02-15 20:00:00,Unai Núñez,Pass
406242,40,BlockedShot,0.779000015258789,0.519000015258789,0.032011501491069794,Iñaki Williams,h,2399,OpenPlay,2020,RightFoot,15008,Athletic Club,Villarreal,1,1,2021-02-21 20:00:00,Alex Berenguer,BallTouch
406245,45,BlockedShot,0.9159999847412109,0.29200000762939454,0.045052699744701385,Iñaki Williams,h,2399,OpenPlay,2020,RightFoot,15008,Athletic Club,Villarreal,1,1,2021-02-21 20:00:00,Raúl García,Pass
406253,72,SavedShot,0.93,0.5309999847412109,0.42944100499153137,Iñaki Williams,h,2399,OpenPlay,2020,Head,15008,Athletic Club,Villarreal,1,1,2021-02-21 20:00:00,Alex Berenguer,Cross
406463,34,SavedShot,0.9619999694824218,0.605999984741211,0.22261899709701538,Iñaki Williams,a,2399,OpenPlay,2020,RightFoot,15024,Levante,Athletic Club,1,1,2021-02-26 20:00:00,Raúl García,Chipped
406464,41,BlockedShot,0.9819999694824219,0.5990000152587891,0.015294799581170082,Iñaki Williams,a,2399,FromCorner,2020,Head,15024,Levante,Athletic Club,1,1,2021-02-26 20:00:00,Raúl García,Aerial
406470,72,MissedShots,0.909000015258789,0.509000015258789,0.3984139859676361,Iñaki Williams,a,2399,OpenPlay,2020,Head,15024,Levante,Athletic Club,1,1,2021-02-26 20:00:00,,None
411231,13,MissedShots,0.9719999694824218,0.31799999237060544,0.061014000326395035,Iñaki Williams,h,2399,OpenPlay,2020,RightFoot,15048,Athletic Club,Eibar,1,1,2021-03-20 13:00:00,Muniain,Pass
411236,26,MissedShots,0.7980000305175782,0.42700000762939455,0.042305100709199905,Iñaki Williams,h,2399,OpenPlay,2020,RightFoot,15048,Athletic Club,Eibar,1,1,2021-03-20 13:00:00,Alex Berenguer,Pass
411241,46,BlockedShot,0.8859999847412109,0.345,0.11015799641609192,Iñaki Williams,h,2399,OpenPlay,2020,RightFoot,15048,Athletic Club,Eibar,1,1,2021-03-20 13:00:00,Raúl García,Throughball
411247,74,SavedShot,0.8959999847412109,0.40599998474121096,0.04609080031514168,Iñaki Williams,h,2399,OpenPlay,2020,Head,15048,Athletic Club,Eibar,1,1,2021-03-20 13:00:00,Jon Morcillo,Cross
411249,84,SavedShot,0.8919999694824219,0.649000015258789,0.06477289646863937,Iñaki Williams,h,2399,OpenPlay,2020,RightFoot,15048,Athletic Club,Eibar,1,1,2021-03-20 13:00:00,,Rebound
413541,16,MissedShots,0.915,0.34599998474121096,0.07062219828367233,Iñaki Williams,a,2399,OpenPlay,2020,RightFoot,15065,Real Sociedad,Athletic Club,1,1,2021-04-07 19:00:00,Alex Berenguer,Pass
413917,80,MissedShots,0.885,0.7330000305175781,0.02726520039141178,Iñaki Williams,h,2399,OpenPlay,2020,RightFoot,15068,Athletic Club,Alaves,0,0,2021-04-10 14:15:00,Mikel Vesga,TakeOn
416425,83,MissedShots,0.91,0.5279999923706055,0.12848599255084991,Iñaki Williams,a,2399,OpenPlay,2020,Head,15081,Real Betis,Athletic Club,0,0,2021-04-21 18:00:00,Ibai Gómez,Cross
418140,77,BlockedShot,0.8669999694824219,0.7469999694824219,0.02786099910736084,Iñaki Williams,h,2399,OpenPlay,2020,RightFoot,15088,Athletic Club,Atletico Madrid,2,1,2021-04-25 19:00:00,,None
419539,89,Goal,0.8619999694824219,0.5870000076293945,0.3369710147380829,Iñaki Williams,a,2399,OpenPlay,2020,RightFoot,15108,Sevilla,Athletic Club,0,1,2021-05-03 19:00:00,Oihan Sancet,Pass
426669,30,BlockedShot,0.9119999694824219,0.37099998474121093,0.08773569762706757,Iñaki Williams,a,2399,OpenPlay,2021,RightFoot,17145,Elche,Athletic Club,0,0,2021-08-16 20:00:00,Oihan Sancet,Pass
426675,55,MissedShots,0.9269999694824219,0.2520000076293945,0.03700989857316017,Iñaki Williams,a,2399,OpenPlay,2021,RightFoot,17145,Elche,Athletic Club,0,0,2021-08-16 20:00:00,,None
427425,0,BlockedShot,0.9840000152587891,0.43599998474121093,0.10908900201320648,Iñaki Williams,h,2399,OpenPlay,2021,RightFoot,17150,Athletic Club,Barcelona,1,1,2021-08-21 20:00:00,Íñigo Lekue,Cross
427427,9,SavedShot,0.9680000305175781,0.3729999923706055,0.06436379998922348,Iñaki Williams,h,2399,OpenPlay,2021,RightFoot,17150,Athletic Club,Barcelona,1,1,2021-08-21 20:00:00,Oihan Sancet,Chipped
427430,17,BlockedShot,0.88,0.37599998474121094,0.08726000040769577,Iñaki Williams,h,2399,OpenPlay,2021,RightFoot,17150,Athletic Club,Barcelona,1,1,2021-08-21 20:00:00,Oihan Sancet,Pass
427433,30,MissedShots,0.95,0.51,0.14525699615478516,Iñaki Williams,h,2399,OpenPlay,2021,Head,17150,Athletic Club,Barcelona,1,1,2021-08-21 20:00:00,,None
427434,39,SavedShot,0.745,0.6990000152587891,0.009788019582629204,Iñaki Williams,h,2399,OpenPlay,2021,RightFoot,17150,Athletic Club,Barcelona,1,1,2021-08-21 20:00:00,,Aerial
427435,45,SavedShot,0.904000015258789,0.37599998474121094,0.07345700263977051,Iñaki Williams,h,2399,OpenPlay,2021,RightFoot,17150,Athletic Club,Barcelona,1,1,2021-08-21 20:00:00,Alex Berenguer,FormationChange
428769,33,Goal,0.8780000305175781,0.40700000762939453,0.32810500264167786,Iñaki Williams,a,2399,OpenPlay,2021,RightFoot,17158,Celta Vigo,Athletic Club,0,1,2021-08-28 15:00:00,Oihan Sancet,Pass
428774,77,MissedShots,0.955,0.485,0.5935710072517395,Iñaki Williams,a,2399,OpenPlay,2021,RightFoot,17158,Celta Vigo,Athletic Club,0,1,2021-08-28 15:00:00,Raúl García,Cross
430181,29,MissedShots,0.9569999694824218,0.40900001525878904,0.11431100219488144,Iñaki Williams,h,2399,SetPiece,2021,RightFoot,17166,Athletic Club,Mallorca,2,0,2021-09-11 19:00:00,,Rebound
430183,32,BlockedShot,0.8669999694824219,0.750999984741211,0.03203830122947693,Iñaki Williams,h,2399,OpenPlay,2021,RightFoot,17166,Athletic Club,Mallorca,2,0,2021-09-11 19:00:00,Muniain,BallTouch
430197,73,Goal,0.9059999847412109,0.545,0.45169299840927124,Iñaki Williams,h,2399,OpenPlay,2021,RightFoot,17166,Athletic Club,Mallorca,2,0,2021-09-11 19:00:00,Muniain,Pass
430199,78,MissedShots,0.9580000305175781,0.42200000762939455,0.12313999980688095,Iñaki Williams,h,2399,OpenPlay,2021,RightFoot,17166,Athletic Club,Mallorca,2,0,2021-09-11 19:00:00,Nico Williams,Cross
431424,48,MissedShots,0.835,0.615999984741211,0.3442020118236542,Iñaki Williams,a,2399,OpenPlay,2021,RightFoot,17177,Atletico Madrid,Athletic Club,0,0,2021-09-18 14:15:00,Raúl García,TakeOn
433516,14,MissedShots,0.7480000305175781,0.3820000076293945,0.014658800326287746,Iñaki Williams,a,2399,OpenPlay,2021,RightFoot,17199,Valencia,Athletic Club,1,1,2021-09-25 14:15:00,Alex Berenguer,Chipped
433522,41,BlockedShot,0.92,0.49599998474121093,0.11403899639844894,Iñaki Williams,a,2399,FromCorner,2021,RightFoot,17199,Valencia,Athletic Club,1,1,2021-09-25 14:15:00,Iñigo Martínez,HeadPass
433532,79,SavedShot,0.8769999694824219,0.6459999847412109,0.05474580079317093,Iñaki Williams,a,2399,OpenPlay,2021,RightFoot,17199,Valencia,Athletic Club,1,1,2021-09-25 14:15:00,Nicolás Serrano,Cross
433536,95,SavedShot,0.905,0.45099998474121095,0.10338900238275528,Iñaki Williams,a,2399,OpenPlay,2021,Head,17199,Valencia,Athletic Club,1,1,2021-09-25 14:15:00,Mikel Vesga,Cross
434588,52,SavedShot,0.9119999694824219,0.664000015258789,0.10676100105047226,Iñaki Williams,h,2399,OpenPlay,2021,LeftFoot,17211,Athletic Club,Alaves,1,0,2021-10-01 19:00:00,Dani García,Pass
434590,56,MissedShots,0.91,0.6090000152587891,0.12103000283241272,Iñaki Williams,h,2399,OpenPlay,2021,LeftFoot,17211,Athletic Club,Alaves,1,0,2021-10-01 19:00:00,Muniain,Pass
438037,10,BlockedShot,0.8919999694824219,0.6079999923706054,0.09909629821777344,Iñaki Williams,h,2399,OpenPlay,2021,RightFoot,17226,Athletic Club,Villarreal,2,1,2021-10-23 19:00:00,Muniain,Pass
438876,29,MissedShots,0.9290000152587891,0.67,0.07043139636516571,Iñaki Williams,a,2399,OpenPlay,2021,LeftFoot,17243,Espanyol,Athletic Club,1,1,2021-10-26 19:00:00,,BallTouch
438881,40,MissedShots,0.894000015258789,0.48700000762939455,0.07723270356655121,Iñaki Williams,a,2399,OpenPlay,2021,RightFoot,17243,Espanyol,Athletic Club,1,1,2021-10-26 19:00:00,,None
438885,45,BlockedShot,0.9259999847412109,0.33599998474121096,0.09351369738578796,Iñaki Williams,a,2399,OpenPlay,2021,RightFoot,17243,Espanyol,Athletic Club,1,1,2021-10-26 19:00:00,Oihan Sancet,Throughball
438887,51,Goal,0.9669999694824218,0.5209999847412109,0.6983420252799988,Iñaki Williams,a,2399,OpenPlay,2021,RightFoot,17243,Espanyol,Athletic Club,1,1,2021-10-26 19:00:00,Íñigo Lekue,Pass
440566,21,BlockedShot,0.8919999694824219,0.539000015258789,0.08492489904165268,Iñaki Williams,a,2399,OpenPlay,2021,RightFoot,17250,Real Sociedad,Athletic Club,1,1,2021-10-31 20:00:00,Muniain,None
440576,64,BlockedShot,0.889000015258789,0.4620000076293945,0.07467550039291382,Iñaki Williams,a,2399,OpenPlay,2021,RightFoot,17250,Real Sociedad,Athletic Club,1,1,2021-10-31 20:00:00,De Marcos,Cross
440579,67,BlockedShot,0.9059999847412109,0.634000015258789,0.012075399979948997,Iñaki Williams,a,2399,FromCorner,2021,Head,17250,Real Sociedad,Athletic Club,1,1,2021-10-31 20:00:00,Muniain,Aerial
440798,76,MissedShots,0.9459999847412109,0.645,0.04127759858965874,Iñaki Williams,h,2399,FromCorner,2021,RightFoot,17257,Athletic Club,Cadiz,0,1,2021-11-05 20:00:00,Nicolás Serrano,Cross
440799,78,MissedShots,0.8680000305175781,0.48200000762939454,0.01443719957023859,Iñaki Williams,h,2399,OpenPlay,2021,Head,17257,Athletic Club,Cadiz,0,1,2021-11-05 20:00:00,Íñigo Lekue,Aerial
442225,14,BlockedShot,0.914000015258789,0.5870000076293945,0.0838410034775734,Iñaki Williams,a,2399,OpenPlay,2021,LeftFoot,17271,Levante,Athletic Club,0,0,2021-11-19 20:00:00,Raúl García,HeadPass
443726,75,BlockedShot,0.86,0.519000015258789,0.2917720079421997,Iñaki Williams,h,2399,OpenPlay,2021,RightFoot,17277,Athletic Club,Granada,2,2,2021-11-26 20:00:00,Raúl García,HeadPass
445617,22,BlockedShot,0.845,0.6129999923706054,0.05757490172982216,Iñaki Williams,a,2399,OpenPlay,2021,RightFoot,17222,Real Madrid,Athletic Club,1,0,2021-12-01 20:00:00,,None
445623,32,BlockedShot,0.9059999847412109,0.26799999237060546,0.08888170123100281,Iñaki Williams,a,2399,OpenPlay,2021,RightFoot,17222,Real Madrid,Athletic Club,1,0,2021-12-01 20:00:00,Dani García,Chipped
445635,58,BlockedShot,0.8719999694824219,0.4809999847412109,0.07275280356407166,Iñaki Williams,a,2399,OpenPlay,2021,LeftFoot,17222,Real Madrid,Athletic Club,1,0,2021-12-01 20:00:00,,BallTouch
445641,78,MissedShots,0.745,0.4540000152587891,0.020989399403333664,Iñaki Williams,a,2399,OpenPlay,2021,RightFoot,17222,Real Madrid,Athletic Club,1,0,2021-12-01 20:00:00,Oier Zarraga,Pass
447269,44,SavedShot,0.8519999694824218,0.33099998474121095,0.10817000269889832,Iñaki Williams,a,2399,OpenPlay,2021,LeftFoot,17289,Getafe,Athletic Club,0,0,2021-12-06 20:00:00,Nico Williams,TakeOn
447968,8,SavedShot,0.86,0.4909999847412109,0.33765101432800293,Iñaki Williams,h,2399,OpenPlay,2021,RightFoot,17297,Athletic Club,Sevilla,0,1,2021-12-11 20:00:00,Raúl García,Pass
449780,1,Goal,0.870999984741211,0.40299999237060546,0.36345601081848145,Iñaki Williams,h,2399,OpenPlay,2021,RightFoot,17306,Athletic Club,Real Betis,3,2,2021-12-19 15:15:00,Muniain,Throughball
449798,71,Goal,0.9219999694824219,0.7090000152587891,0.03698509931564331,Iñaki Williams,h,2399,OpenPlay,2021,LeftFoot,17306,Athletic Club,Real Betis,3,2,2021-12-19 15:15:00,Oihan Sancet,Pass
449799,73,SavedShot,0.919000015258789,0.6990000152587891,0.04817910119891167,Iñaki Williams,h,2399,OpenPlay,2021,LeftFoot,17306,Athletic Club,Real Betis,3,2,2021-12-19 15:15:00,Alex Berenguer,Pass
450539,60,MissedShots,0.8580000305175781,0.66,0.049414701759815216,Iñaki Williams,h,2399,OpenPlay,2021,RightFoot,17336,Athletic Club,Real Madrid,1,2,2021-12-22 20:30:00,Oihan Sancet,Pass
450546,86,BlockedShot,0.8,0.38599998474121094,0.03416360169649124,Iñaki Williams,h,2399,OpenPlay,2021,RightFoot,17336,Athletic Club,Real Madrid,1,2,2021-12-22 20:30:00,,Dispossessed
451507,41,MissedShots,0.8069999694824219,0.3,0.03197159990668297,Iñaki Williams,a,2399,OpenPlay,2021,RightFoot,17325,Osasuna,Athletic Club,1,3,2022-01-03 20:00:00,De Marcos,Pass
451517,76,BlockedShot,0.8730000305175781,0.6580000305175782,0.09652309864759445,Iñaki Williams,a,2399,OpenPlay,2021,RightFoot,17325,Osasuna,Athletic Club,1,3,2022-01-03 20:00:00,Iñigo Martínez,Chipped
451520,80,BlockedShot,0.8480000305175781,0.5790000152587891,0.11481200158596039,Iñaki Williams,a,2399,OpenPlay,2021,RightFoot,17325,Osasuna,Athletic Club,1,3,2022-01-03 20:00:00,Nico Williams,Pass
452679,35,MissedShots,0.9,0.34599998474121096,0.06857889890670776,Iñaki Williams,a,2399,OpenPlay,2021,RightFoot,17326,Alaves,Athletic Club,0,0,2022-01-09 17:30:00,Muniain,Pass
455409,41,SavedShot,0.8490000152587891,0.24399999618530274,0.030982699245214462,Iñaki Williams,a,2399,OpenPlay,2021,RightFoot,17354,Rayo Vallecano,Athletic Club,0,1,2022-01-23 17:30:00,Raúl García,Pass
455412,46,MissedShots,0.77,0.655,0.042943499982357025,Iñaki Williams,a,2399,OpenPlay,2021,RightFoot,17354,Rayo Vallecano,Athletic Club,0,1,2022-01-23 17:30:00,Raúl García,Pass
456507,72,BlockedShot,0.865999984741211,0.6969999694824218,0.049074798822402954,Iñaki Williams,h,2399,OpenPlay,2021,RightFoot,17356,Athletic Club,Espanyol,2,1,2022-02-07 20:00:00,Mikel Vesga,Pass
457895,74,BlockedShot,0.7819999694824219,0.7119999694824218,0.022348299622535706,Iñaki Williams,a,2399,OpenPlay,2021,RightFoot,17368,Mallorca,Athletic Club,3,2,2022-02-14 20:00:00,Muniain,Pass
457899,83,BlockedShot,0.904000015258789,0.6480000305175782,0.07557140290737152,Iñaki Williams,a,2399,OpenPlay,2021,LeftFoot,17368,Mallorca,Athletic Club,3,2,2022-02-14 20:00:00,Asier Villalibre,BallTouch
459077,24,MissedShots,0.9309999847412109,0.355,0.05168670043349266,Iñaki Williams,h,2399,OpenPlay,2021,RightFoot,17376,Athletic Club,Real Sociedad,4,0,2022-02-20 20:00:00,Alex Berenguer,Cross
459079,27,BlockedShot,0.8119999694824219,0.7190000152587891,0.025566300377249718,Iñaki Williams,h,2399,OpenPlay,2021,RightFoot,17376,Athletic Club,Real Sociedad,4,0,2022-02-20 20:00:00,Muniain,Pass
459088,52,SavedShot,0.884000015258789,0.5520000076293945,0.10540299862623215,Iñaki Williams,h,2399,OpenPlay,2021,RightFoot,17376,Athletic Club,Real Sociedad,4,0,2022-02-20 20:00:00,,Rebound
459096,79,Goal,0.965999984741211,0.5029999923706054,0.873714029788971,Iñaki Williams,h,2399,OpenPlay,2021,RightFoot,17376,Athletic Club,Real Sociedad,4,0,2022-02-20 20:00:00,Alex Berenguer,Pass
460596,84,SavedShot,0.845999984741211,0.5059999847412109,0.07783450186252594,Iñaki Williams,a,2399,OpenPlay,2021,RightFoot,17387,Barcelona,Athletic Club,4,0,2022-02-27 20:00:00,Oihan Sancet,Pass
462053,3,SavedShot,0.9330000305175781,0.49700000762939456,0.1448660045862198,Iñaki Williams,h,2399,OpenPlay,2021,Head,17397,Athletic Club,Levante,3,1,2022-03-07 20:00:00,Unai Vencedor,Cross
462054,11,SavedShot,0.894000015258789,0.41400001525878904,0.3767000138759613,Iñaki Williams,h,2399,OpenPlay,2021,RightFoot,17397,Athletic Club,Levante,3,1,2022-03-07 20:00:00,Mikel Vesga,Pass
462056,14,SavedShot,0.9069999694824219,0.275,0.03632250055670738,Iñaki Williams,h,2399,OpenPlay,2021,RightFoot,17397,Athletic Club,Levante,3,1,2022-03-07 20:00:00,Oihan Sancet,Pass
462057,22,BlockedShot,0.8819999694824219,0.6869999694824219,0.04223790019750595,Iñaki Williams,h,2399,OpenPlay,2021,LeftFoot,17397,Athletic Club,Levante,3,1,2022-03-07 20:00:00,Muniain,Pass
462060,28,MissedShots,0.9590000152587891,0.4470000076293945,0.541903018951416,Iñaki Williams,h,2399,OpenPlay,2021,Head,17397,Athletic Club,Levante,3,1,2022-03-07 20:00:00,De Marcos,Pass
462070,75,Goal,0.8780000305175781,0.30700000762939456,0.4534440040588379,Iñaki Williams,h,2399,OpenPlay,2021,RightFoot,17397,Athletic Club,Levante,3,1,2022-03-07 20:00:00,Alex Berenguer,Throughball
463144,27,MissedShots,0.889000015258789,0.43400001525878906,0.043940600007772446,Iñaki Williams,a,2399,OpenPlay,2021,Head,17408,Real Betis,Athletic Club,1,0,2022-03-13 15:15:00,De Marcos,Chipped
463666,4,BlockedShot,0.9059999847412109,0.2610000038146973,0.028851399198174477,Iñaki Williams,h,2399,OpenPlay,2021,RightFoot,17417,Athletic Club,Getafe,1,1,2022-03-18 20:00:00,Oihan Sancet,Pass
463668,7,SavedShot,0.8619999694824219,0.4209999847412109,0.09752719849348068,Iñaki Williams,h,2399,OpenPlay,2021,RightFoot,17417,Athletic Club,Getafe,1,1,2022-03-18 20:00:00,,TakeOn
463678,33,SavedShot,0.77,0.37,0.02592330053448677,Iñaki Williams,h,2399,OpenPlay,2021,RightFoot,17417,Athletic Club,Getafe,1,1,2022-03-18 20:00:00,De Marcos,Pass
463683,50,MissedShots,0.9330000305175781,0.48900001525878906,0.48240700364112854,Iñaki Williams,h,2399,OpenPlay,2021,Head,17417,Athletic Club,Getafe,1,1,2022-03-18 20:00:00,Alex Berenguer,Aerial
463687,68,SavedShot,0.91,0.4179999923706055,0.2949030101299286,Iñaki Williams,h,2399,OpenPlay,2021,RightFoot,17417,Athletic Club,Getafe,1,1,2022-03-18 20:00:00,Alex Berenguer,Cross
465634,14,SavedShot,0.8830000305175781,0.3729999923706055,0.11154399812221527,Iñaki Williams,h,2399,OpenPlay,2021,RightFoot,17426,Athletic Club,Elche,2,1,2022-04-03 12:00:00,Oihan Sancet,Throughball
465635,24,ShotOnPost,0.905,0.3079999923706055,0.4522469937801361,Iñaki Williams,h,2399,OpenPlay,2021,RightFoot,17426,Athletic Club,Elche,2,1,2022-04-03 12:00:00,Oihan Sancet,Throughball
465639,39,MissedShots,0.915,0.43400001525878906,0.11722400039434433,Iñaki Williams,h,2399,OpenPlay,2021,Head,17426,Athletic Club,Elche,2,1,2022-04-03 12:00:00,Oihan Sancet,Cross
465642,42,MissedShots,0.914000015258789,0.40299999237060546,0.08361650258302689,Iñaki Williams,h,2399,OpenPlay,2021,Head,17426,Athletic Club,Elche,2,1,2022-04-03 12:00:00,Unai Vencedor,Cross
465647,60,SavedShot,0.855,0.5509999847412109,0.09655769914388657,Iñaki Williams,h,2399,OpenPlay,2021,RightFoot,17426,Athletic Club,Elche,2,1,2022-04-03 12:00:00,,BallTouch
466890,3,MissedShots,0.9119999694824219,0.48200000762939454,0.062277499586343765,Iñaki Williams,a,2399,OpenPlay,2021,Head,17444,Villarreal,Athletic Club,1,1,2022-04-09 16:30:00,Unai Vencedor,Aerial
466898,40,BlockedShot,0.8619999694824219,0.610999984741211,0.32592499256134033,Iñaki Williams,a,2399,OpenPlay,2021,RightFoot,17444,Villarreal,Athletic Club,1,1,2022-04-09 16:30:00,Alex Petxarromán,Throughball
466901,56,BlockedShot,0.8319999694824218,0.455,0.1032089963555336,Iñaki Williams,a,2399,OpenPlay,2021,RightFoot,17444,Villarreal,Athletic Club,1,1,2022-04-09 16:30:00,Alex Berenguer,TakeOn
466911,87,MissedShots,0.889000015258789,0.725,0.025023799389600754,Iñaki Williams,a,2399,SetPiece,2021,RightFoot,17444,Villarreal,Athletic Club,1,1,2022-04-09 16:30:00,Balenziaga,Pass
468923,3,MissedShots,0.9280000305175782,0.6730000305175782,0.0640195980668068,Iñaki Williams,h,2399,OpenPlay,2021,LeftFoot,17447,Athletic Club,Celta Vigo,0,2,2022-04-17 16:30:00,Muniain,Pass
468927,13,BlockedShot,0.8580000305175781,0.5270000076293946,0.11713799834251404,Iñaki Williams,h,2399,OpenPlay,2021,RightFoot,17447,Athletic Club,Celta Vigo,0,2,2022-04-17 16:30:00,Alex Berenguer,TakeOn
469654,52,SavedShot,0.9319999694824219,0.27899999618530275,0.06462419778108597,Iñaki Williams,a,2399,OpenPlay,2021,RightFoot,17460,Cadiz,Athletic Club,2,3,2022-04-21 18:00:00,Muniain,Pass
469663,82,MissedShots,0.9590000152587891,0.5579999923706055,0.5202900171279907,Iñaki Williams,a,2399,OpenPlay,2021,Head,17460,Cadiz,Athletic Club,2,3,2022-04-21 18:00:00,Yuri,Cross
471915,55,Goal,0.885,0.5,0.7432780265808105,Iñaki Williams,h,2399,Penalty,2021,RightFoot,17467,Athletic Club,Atletico Madrid,2,0,2022-04-30 19:00:00,,Standard
473445,31,SavedShot,0.950999984741211,0.395,0.3467859923839569,Iñaki Williams,h,2399,OpenPlay,2021,RightFoot,17476,Athletic Club,Valencia,0,0,2022-05-07 14:15:00,De Marcos,Pass
473447,55,SavedShot,0.8730000305175781,0.5670000076293945,0.3804509937763214,Iñaki Williams,h,2399,OpenPlay,2021,RightFoot,17476,Athletic Club,Valencia,0,0,2022-05-07 14:15:00,Muniain,Throughball
473451,70,SavedShot,0.8169999694824219,0.6179999923706054,0.03658730164170265,Iñaki Williams,h,2399,OpenPlay,2021,RightFoot,17476,Athletic Club,Valencia,0,0,2022-05-07 14:15:00,Mikel Vesga,Pass
473454,92,SavedShot,0.8880000305175781,0.53,0.27548399567604065,Iñaki Williams,h,2399,SetPiece,2021,Head,17476,Athletic Club,Valencia,0,0,2022-05-07 14:15:00,Muniain,Chipped
475018,87,MissedShots,0.9219999694824219,0.29600000381469727,0.027652300894260406,Iñaki Williams,a,2399,SetPiece,2021,RightFoot,17488,Granada,Athletic Club,1,0,2022-05-10 18:00:00,Muniain,Pass
476570,12,MissedShots,0.889000015258789,0.3659999847412109,0.06795209646224976,Iñaki Williams,h,2399,OpenPlay,2021,RightFoot,17496,Athletic Club,Osasuna,2,0,2022-05-15 17:30:00,,None
476572,19,SavedShot,0.87,0.47299999237060547,0.3767940104007721,Iñaki Williams,h,2399,OpenPlay,2021,LeftFoot,17496,Athletic Club,Osasuna,2,0,2022-05-15 17:30:00,Alex Berenguer,Pass
476576,41,SavedShot,0.919000015258789,0.2879999923706055,0.12347400188446045,Iñaki Williams,h,2399,OpenPlay,2021,RightFoot,17496,Athletic Club,Osasuna,2,0,2022-05-15 17:30:00,Alex Berenguer,Throughball
476578,44,SavedShot,0.885,0.6890000152587891,0.07898160070180893,Iñaki Williams,h,2399,OpenPlay,2021,RightFoot,17496,Athletic Club,Osasuna,2,0,2022-05-15 17:30:00,Nico Williams,Pass
478281,26,MissedShots,0.9030000305175782,0.2979999923706055,0.05081380158662796,Iñaki Williams,a,2399,OpenPlay,2021,RightFoot,17512,Sevilla,Athletic Club,1,0,2022-05-22 20:00:00,Mikel Vesga,Chipped
478287,48,ShotOnPost,0.9630000305175781,0.4829999923706055,0.15390299260616302,Iñaki Williams,a,2399,OpenPlay,2021,LeftFoot,17512,Sevilla,Athletic Club,1,0,2022-05-22 20:00:00,,Rebound
481317,32,MissedShots,0.9159999847412109,0.3559999847412109,0.04166730120778084,Iñaki Williams,h,2399,OpenPlay,2022,LeftFoot,18969,Athletic Club,Mallorca,0,0,2022-08-15 15:30:00,De Marcos,Cross
481321,47,MissedShots,0.755,0.4640000152587891,0.02598859928548336,Iñaki Williams,h,2399,OpenPlay,2022,RightFoot,18969,Athletic Club,Mallorca,0,0,2022-08-15 15:30:00,Dani Vivian,Pass
484754,11,SavedShot,0.8119999694824219,0.47900001525878905,0.05899690091609955,Iñaki Williams,a,2399,OpenPlay,2022,RightFoot,18990,Cadiz,Athletic Club,0,4,2022-08-29 18:00:00,Nico Williams,BallRecovery
484757,23,Goal,0.965999984741211,0.28200000762939453,0.29533299803733826,Iñaki Williams,a,2399,OpenPlay,2022,RightFoot,18990,Cadiz,Athletic Club,0,4,2022-08-29 18:00:00,,BallRecovery
484759,26,MissedShots,0.9,0.46,0.27222999930381775,Iñaki Williams,a,2399,OpenPlay,2022,Head,18990,Cadiz,Athletic Club,0,4,2022-08-29 18:00:00,De Marcos,Cross
484760,34,SavedShot,0.885,0.5,0.7432780265808105,Iñaki Williams,a,2399,Penalty,2022,RightFoot,18990,Cadiz,Athletic Club,0,4,2022-08-29 18:00:00,,Standard
484761,36,MissedShots,0.76,0.6509999847412109,0.030384600162506104,Iñaki Williams,a,2399,OpenPlay,2022,RightFoot,18990,Cadiz,Athletic Club,0,4,2022-08-29 18:00:00,Íñigo Lekue,Pass
486605,21,MissedShots,0.9280000305175782,0.455,0.5434049963951111,Iñaki Williams,h,2399,OpenPlay,2022,RightFoot,18992,Athletic Club,Espanyol,0,1,2022-09-04 14:15:00,Alex Berenguer,Cross
486611,43,MissedShots,0.965999984741211,0.5640000152587891,0.09318660199642181,Iñaki Williams,h,2399,OpenPlay,2022,Head,18992,Athletic Club,Espanyol,0,1,2022-09-04 14:15:00,De Marcos,Aerial
486612,45,BlockedShot,0.8819999694824219,0.3340000152587891,0.062384799122810364,Iñaki Williams,h,2399,OpenPlay,2022,RightFoot,18992,Athletic Club,Espanyol,0,1,2022-09-04 14:15:00,De Marcos,HeadPass
488036,36,SavedShot,0.7880000305175782,0.35900001525878905,0.045463401824235916,Iñaki Williams,a,2399,OpenPlay,2022,RightFoot,19009,Elche,Athletic Club,1,4,2022-09-11 14:15:00,Muniain,Pass
488038,38,SavedShot,0.9059999847412109,0.46700000762939453,0.37721899151802063,Iñaki Williams,a,2399,OpenPlay,2022,LeftFoot,19009,Elche,Athletic Club,1,4,2022-09-11 14:15:00,Nico Williams,Cross
488987,11,MissedShots,0.8619999694824219,0.32599998474121095,0.04516319930553436,Iñaki Williams,h,2399,OpenPlay,2022,LeftFoot,19012,Athletic Club,Rayo Vallecano,3,2,2022-09-17 19:00:00,Nico Williams,Pass
488988,13,Goal,0.9269999694824219,0.590999984741211,0.28154098987579346,Iñaki Williams,h,2399,OpenPlay,2022,RightFoot,19012,Athletic Club,Rayo Vallecano,3,2,2022-09-17 19:00:00,Dani García,Chipped
489000,49,SavedShot,0.895,0.3820000076293945,0.030099699273705482,Iñaki Williams,h,2399,SetPiece,2022,RightFoot,19012,Athletic Club,Rayo Vallecano,3,2,2022-09-17 19:00:00,Muniain,Cross
489003,65,MissedShots,0.9119999694824219,0.40700000762939453,0.061095401644706726,Iñaki Williams,h,2399,OpenPlay,2022,Head,19012,Athletic Club,Rayo Vallecano,3,2,2022-09-17 19:00:00,Nico Williams,Cross
489743,0,MissedShots,0.85,0.6409999847412109,0.05925630033016205,Iñaki Williams,h,2399,OpenPlay,2022,RightFoot,19031,Athletic Club,Almeria,4,0,2022-09-30 19:00:00,Alex Berenguer,TakeOn
489745,9,Goal,0.914000015258789,0.44299999237060544,0.11813200265169144,Iñaki Williams,h,2399,OpenPlay,2022,Head,19031,Athletic Club,Almeria,4,0,2022-09-30 19:00:00,Nico Williams,Cross
489749,30,BlockedShot,0.7880000305175782,0.7319999694824219,0.02314640022814274,Iñaki Williams,h,2399,OpenPlay,2022,RightFoot,19031,Athletic Club,Almeria,4,0,2022-09-30 19:00:00,Oihan Sancet,BallRecovery
489751,43,BlockedShot,0.8330000305175781,0.6469999694824219,0.06712450087070465,Iñaki Williams,h,2399,OpenPlay,2022,RightFoot,19031,Athletic Club,Almeria,4,0,2022-09-30 19:00:00,Oihan Sancet,Pass
489752,44,BlockedShot,0.8580000305175781,0.35,0.07956430315971375,Iñaki Williams,h,2399,OpenPlay,2022,RightFoot,19031,Athletic Club,Almeria,4,0,2022-09-30 19:00:00,Oihan Sancet,Pass
491789,84,MissedShots,0.8719999694824219,0.46700000762939453,0.10957600176334381,Iñaki Williams,a,2399,OpenPlay,2022,LeftFoot,19040,Sevilla,Athletic Club,1,1,2022-10-08 16:30:00,De Marcos,Pass
491792,86,MissedShots,0.9280000305175782,0.4759999847412109,0.41714099049568176,Iñaki Williams,a,2399,OpenPlay,2022,Head,19040,Sevilla,Athletic Club,1,1,2022-10-08 16:30:00,Muniain,Cross
493339,4,MissedShots,0.924000015258789,0.5170000076293946,0.37739500403404236,Iñaki Williams,h,2399,SetPiece,2022,Head,19042,Athletic Club,Atletico Madrid,0,1,2022-10-15 19:00:00,Muniain,Cross
493346,61,MissedShots,0.8680000305175781,0.45099998474121095,0.03396590054035187,Iñaki Williams,h,2399,OpenPlay,2022,Head,19042,Athletic Club,Atletico Madrid,0,1,2022-10-15 19:00:00,Nico Williams,Cross
493353,94,MissedShots,0.8119999694824219,0.28399999618530275,0.021362299099564552,Iñaki Williams,h,2399,OpenPlay,2022,RightFoot,19042,Athletic Club,Atletico Madrid,0,1,2022-10-15 19:00:00,,None
494207,1,Goal,0.9019999694824219,0.5359999847412109,0.44556599855422974,Iñaki Williams,a,2399,OpenPlay,2022,LeftFoot,19057,Getafe,Athletic Club,2,2,2022-10-18 18:00:00,Ander Herrera,Throughball
494215,39,SavedShot,0.9130000305175782,0.5070000076293946,0.12638600170612335,Iñaki Williams,a,2399,OpenPlay,2022,Head,19057,Getafe,Athletic Club,2,2,2022-10-18 18:00:00,Mikel Vesga,Cross
494231,95,MissedShots,0.9440000152587891,0.3220000076293945,0.062473200261592865,Iñaki Williams,a,2399,OpenPlay,2022,RightFoot,19057,Getafe,Athletic Club,2,2,2022-10-18 18:00:00,Oier Zarraga,Pass
495930,40,BlockedShot,0.759000015258789,0.5059999847412109,0.026612000539898872,Iñaki Williams,a,2399,OpenPlay,2022,RightFoot,19065,Barcelona,Athletic Club,4,0,2022-10-23 19:00:00,Nico Williams,BallTouch
497460,54,SavedShot,0.8959999847412109,0.32799999237060545,0.06655420362949371,Iñaki Williams,h,2399,OpenPlay,2022,RightFoot,19072,Athletic Club,Villarreal,1,0,2022-10-30 17:30:00,Nico Williams,HeadPass
497463,58,Goal,0.8580000305175781,0.5640000152587891,0.35296401381492615,Iñaki Williams,h,2399,OpenPlay,2022,RightFoot,19072,Athletic Club,Villarreal,1,0,2022-10-30 17:30:00,Raúl García,Throughball
497704,21,SavedShot,0.8909999847412109,0.4490000152587891,0.0721345990896225,Iñaki Williams,a,2399,SetPiece,2022,Head,19087,Girona,Athletic Club,2,1,2022-11-04 20:00:00,Alex Berenguer,Cross
499136,57,SavedShot,0.9769999694824218,0.40299999237060546,0.46032899618148804,Iñaki Williams,h,2399,OpenPlay,2022,RightFoot,19092,Athletic Club,Real Valladolid,3,0,2022-11-08 19:00:00,Oihan Sancet,Throughball
503109,74,SavedShot,0.894000015258789,0.6859999847412109,0.2761699855327606,Iñaki Williams,h,2399,OpenPlay,2022,LeftFoot,19112,Athletic Club,Osasuna,0,0,2023-01-09 20:00:00,Yeray Álvarez,Chipped
503822,12,SavedShot,0.9130000305175782,0.3509999847412109,0.04821410030126572,Iñaki Williams,a,2399,OpenPlay,2022,RightFoot,19127,Real Sociedad,Athletic Club,3,1,2023-01-14 20:00:00,Nico Williams,Cross
503826,31,MissedShots,0.9,0.49700000762939456,0.0361551009118557,Iñaki Williams,a,2399,OpenPlay,2022,Head,19127,Real Sociedad,Athletic Club,3,1,2023-01-14 20:00:00,De Marcos,Aerial
505171,21,MissedShots,0.9880000305175781,0.29100000381469726,0.12940600514411926,Iñaki Williams,h,2399,OpenPlay,2022,RightFoot,19132,Athletic Club,Real Madrid,0,2,2023-01-22 20:00:00,Oihan Sancet,Throughball
505176,46,MissedShots,0.7859999847412109,0.33599998474121096,0.02222760021686554,Iñaki Williams,h,2399,OpenPlay,2022,LeftFoot,19132,Athletic Club,Real Madrid,0,2,2023-01-22 20:00:00,,None
508693,77,SavedShot,0.8580000305175781,0.36400001525878906,0.06684859842061996,Iñaki Williams,a,2399,OpenPlay,2022,RightFoot,19166,Valencia,Athletic Club,1,2,2023-02-11 20:00:00,Oihan Sancet,Pass
508699,93,MissedShots,0.9780000305175781,0.610999984741211,0.16697999835014343,Iñaki Williams,a,2399,OpenPlay,2022,RightFoot,19166,Valencia,Athletic Club,1,2,2023-02-11 20:00:00,Oihan Sancet,TakeOn
510413,23,BlockedShot,0.8469999694824218,0.6940000152587891,0.03136049956083298,Iñaki Williams,a,2399,OpenPlay,2022,RightFoot,19179,Atletico Madrid,Athletic Club,1,0,2023-02-19 17:30:00,Muniain,Pass
511203,55,BlockedShot,0.8690000152587891,0.7080000305175781,0.032896701246500015,Iñaki Williams,h,2399,OpenPlay,2022,RightFoot,19184,Athletic Club,Girona,2,3,2023-02-26 13:00:00,,None
511204,56,BlockedShot,0.889000015258789,0.35200000762939454,0.0646514967083931,Iñaki Williams,h,2399,OpenPlay,2022,LeftFoot,19184,Athletic Club,Girona,2,3,2023-02-26 13:00:00,De Marcos,Pass
511208,68,BlockedShot,0.8690000152587891,0.624000015258789,0.07354269921779633,Iñaki Williams,h,2399,OpenPlay,2022,RightFoot,19184,Athletic Club,Girona,2,3,2023-02-26 13:00:00,Alex Berenguer,Pass
511211,78,BlockedShot,0.8690000152587891,0.5029999923706054,0.05953200161457062,Iñaki Williams,h,2399,OpenPlay,2022,RightFoot,19184,Athletic Club,Girona,2,3,2023-02-26 13:00:00,Raúl García,HeadPass
514449,31,SavedShot,0.8909999847412109,0.3079999923706055,0.04591270163655281,Iñaki Williams,h,2399,OpenPlay,2022,LeftFoot,19202,Athletic Club,Barcelona,0,1,2023-03-12 20:00:00,De Marcos,Pass
514691,21,MissedShots,0.975999984741211,0.40799999237060547,0.0832500010728836,Iñaki Williams,a,2399,FromCorner,2022,RightFoot,19218,Real Valladolid,Athletic Club,1,3,2023-03-17 20:00:00,Dani García,Chipped
514692,23,MissedShots,0.865,0.27700000762939453,0.03113050013780594,Iñaki Williams,a,2399,OpenPlay,2022,LeftFoot,19218,Real Valladolid,Athletic Club,1,3,2023-03-17 20:00:00,Nico Williams,Chipped
514698,44,BlockedShot,0.8209999847412109,0.4929999923706055,0.047325801104307175,Iñaki Williams,a,2399,OpenPlay,2022,LeftFoot,19218,Real Valladolid,Athletic Club,1,3,2023-03-17 20:00:00,Nico Williams,Cross
514711,80,SavedShot,0.889000015258789,0.4590000152587891,0.111844003200531,Iñaki Williams,a,2399,OpenPlay,2022,RightFoot,19218,Real Valladolid,Athletic Club,1,3,2023-03-17 20:00:00,Nico Williams,Cross
516449,57,BlockedShot,0.914000015258789,0.31,0.0543041005730629,Iñaki Williams,h,2399,OpenPlay,2022,RightFoot,19222,Athletic Club,Getafe,0,0,2023-04-01 14:15:00,Yuri,Chipped
516451,63,MissedShots,0.9430000305175781,0.2670000076293945,0.03225430101156235,Iñaki Williams,h,2399,OpenPlay,2022,RightFoot,19222,Athletic Club,Getafe,0,0,2023-04-01 14:15:00,Muniain,Pass
518119,21,Goal,0.895,0.3579999923706055,0.05692270025610924,Iñaki Williams,a,2399,OpenPlay,2022,RightFoot,19236,Espanyol,Athletic Club,1,2,2023-04-08 14:15:00,Dani García,Chipped
518127,53,BlockedShot,0.8880000305175781,0.37099998474121093,0.06923220306634903,Iñaki Williams,a,2399,SetPiece,2022,LeftFoot,19236,Espanyol,Athletic Club,1,2,2023-04-08 14:15:00,Gorka Guruzeta,Pass
518131,67,SavedShot,0.865999984741211,0.5529999923706055,0.36814001202583313,Iñaki Williams,a,2399,OpenPlay,2022,RightFoot,19236,Espanyol,Athletic Club,1,2,2023-04-08 14:15:00,Oihan Sancet,CornerAwarded
519550,14,BlockedShot,0.905,0.43099998474121093,0.08120620250701904,Iñaki Williams,h,2399,OpenPlay,2022,RightFoot,19242,Athletic Club,Real Sociedad,2,0,2023-04-15 14:15:00,Oihan Sancet,Cross
519558,31,SavedShot,0.7869999694824219,0.4129999923706055,0.03321800008416176,Iñaki Williams,h,2399,OpenPlay,2022,RightFoot,19242,Athletic Club,Real Sociedad,2,0,2023-04-15 14:15:00,Nico Williams,Pass
519560,32,Goal,0.9540000152587891,0.5279999923706055,0.4089049994945526,Iñaki Williams,h,2399,FromCorner,2022,RightFoot,19242,Athletic Club,Real Sociedad,2,0,2023-04-15 14:15:00,Mikel Vesga,CornerAwarded
519561,42,MissedShots,0.9719999694824218,0.275,0.05625069886445999,Iñaki Williams,h,2399,OpenPlay,2022,RightFoot,19242,Athletic Club,Real Sociedad,2,0,2023-04-15 14:15:00,Oihan Sancet,TakeOn
519568,69,Goal,0.9309999847412109,0.29200000762939454,0.10717199742794037,Iñaki Williams,h,2399,OpenPlay,2022,RightFoot,19242,Athletic Club,Real Sociedad,2,0,2023-04-15 14:15:00,Raúl García,Chipped
520955,13,MissedShots,0.8630000305175781,0.40099998474121096,0.09809795022010803,Iñaki Williams,a,2399,OpenPlay,2022,RightFoot,19254,Almeria,Athletic Club,1,2,2023-04-22 14:15:00,Oihan Sancet,Pass
522400,45,BlockedShot,0.9219999694824219,0.485,0.07517310976982117,Iñaki Williams,h,2399,OpenPlay,2022,Head,19262,Athletic Club,Sevilla,0,1,2023-04-27 20:00:00,Gorka Guruzeta,Aerial
523670,18,MissedShots,0.9009999847412109,0.5159999847412109,0.1171950027346611,Iñaki Williams,a,2399,OpenPlay,2022,Head,19277,Mallorca,Athletic Club,1,1,2023-05-01 17:00:00,Alex Berenguer,Cross
523693,95,Goal,0.885,0.5,0.7432776093482971,Iñaki Williams,a,2399,Penalty,2022,RightFoot,19277,Mallorca,Athletic Club,1,1,2023-05-01 17:00:00,,Standard
524349,73,SavedShot,0.9109999847412109,0.3290000152587891,0.07775509357452393,Iñaki Williams,h,2399,OpenPlay,2022,LeftFoot,19282,Athletic Club,Real Betis,0,1,2023-05-04 20:00:00,Oihan Sancet,TakeOn
526162,6,MissedShots,0.8909999847412109,0.6409999847412109,0.07292203605175018,Iñaki Williams,a,2399,OpenPlay,2022,RightFoot,19297,Villarreal,Athletic Club,5,1,2023-05-13 16:30:00,Oihan Sancet,Pass
526173,38,SavedShot,0.9459999847412109,0.7090000152587891,0.03932725265622139,Iñaki Williams,a,2399,OpenPlay,2022,RightFoot,19297,Villarreal,Athletic Club,5,1,2023-05-13 16:30:00,Ander Herrera,Pass
526175,47,MissedShots,0.7469999694824219,0.38299999237060545,0.020741688087582588,Iñaki Williams,a,2399,OpenPlay,2022,RightFoot,19297,Villarreal,Athletic Club,5,1,2023-05-13 16:30:00,Oihan Sancet,Pass
527517,4,Goal,0.8930000305175781,0.455,0.03302990645170212,Iñaki Williams,h,2399,OpenPlay,2022,Head,19309,Athletic Club,Celta Vigo,2,1,2023-05-20 14:15:00,De Marcos,Aerial
527522,35,MissedShots,0.9530000305175781,0.355,0.038004614412784576,Iñaki Williams,h,2399,FromCorner,2022,LeftFoot,19309,Athletic Club,Celta Vigo,2,1,2023-05-20 14:15:00,Alex Berenguer,Cross
527526,53,MissedShots,0.9359999847412109,0.4929999923706055,0.09171309322118759,Iñaki Williams,h,2399,OpenPlay,2022,OtherBodyPart,19309,Athletic Club,Celta Vigo,2,1,2023-05-20 14:15:00,De Marcos,Aerial
528755,28,SavedShot,0.9280000305175782,0.62,0.07734572887420654,Iñaki Williams,a,2399,OpenPlay,2022,RightFoot,19316,Osasuna,Athletic Club,2,0,2023-05-25 19:30:00,Aitor Paredes,Chipped
528757,43,SavedShot,0.97,0.3609999847412109,0.10672320425510406,Iñaki Williams,a,2399,OpenPlay,2022,RightFoot,19316,Osasuna,Athletic Club,2,0,2023-05-25 19:30:00,Oier Zarraga,Throughball
530013,7,BlockedShot,0.924000015258789,0.435,0.48185670375823975,Iñaki Williams,h,2399,OpenPlay,2022,LeftFoot,19322,Athletic Club,Elche,0,1,2023-05-28 17:00:00,,None
530021,22,MissedShots,0.945,0.6780000305175782,0.02580576390028,Iñaki Williams,h,2399,OpenPlay,2022,RightFoot,19322,Athletic Club,Elche,0,1,2023-05-28 17:00:00,De Marcos,Cross
530024,33,MissedShots,0.745999984741211,0.47,0.023581385612487793,Iñaki Williams,h,2399,OpenPlay,2022,RightFoot,19322,Athletic Club,Elche,0,1,2023-05-28 17:00:00,Muniain,Pass
530033,70,BlockedShot,0.8419999694824218,0.2929999923706055,0.03805660456418991,Iñaki Williams,h,2399,OpenPlay,2022,LeftFoot,19322,Athletic Club,Elche,0,1,2023-05-28 17:00:00,,BallRecovery
530035,71,SavedShot,0.8669999694824219,0.38,0.07154679298400879,Iñaki Williams,h,2399,OpenPlay,2022,RightFoot,19322,Athletic Club,Elche,0,1,2023-05-28 17:00:00,Gorka Guruzeta,Pass
530043,86,BlockedShot,0.81,0.31,0.02702251635491848,Iñaki Williams,h,2399,OpenPlay,2022,RightFoot,19322,Athletic Club,Elche,0,1,2023-05-28 17:00:00,Malcom Adu,Pass
530872,30,BlockedShot,0.7869999694824219,0.7130000305175781,0.03201300650835037,Iñaki Williams,a,2399,FromCorner,2022,RightFoot,19332,Real Madrid,Athletic Club,1,1,2023-06-04 18:00:00,Yuri,Pass
530875,33,BlockedShot,0.8009999847412109,0.59,0.032003503292798996,Iñaki Williams,a,2399,OpenPlay,2022,LeftFoot,19332,Real Madrid,Athletic Club,1,1,2023-06-04 18:00:00,,Rebound
530876,37,SavedShot,0.8919999694824219,0.265,0.033829737454652786,Iñaki Williams,a,2399,OpenPlay,2022,RightFoot,19332,Real Madrid,Athletic Club,1,1,2023-06-04 18:00:00,Ander Herrera,Pass
530882,56,SavedShot,0.8869999694824219,0.4129999923706055,0.39578133821487427,Iñaki Williams,a,2399,OpenPlay,2022,RightFoot,19332,Real Madrid,Athletic Club,1,1,2023-06-04 18:00:00,Oihan Sancet,Throughball
530890,92,SavedShot,0.7669999694824219,0.51,0.02767341211438179,Iñaki Williams,a,2399,OpenPlay,2022,LeftFoot,19332,Real Madrid,Athletic Club,1,1,2023-06-04 18:00:00,Dani Vivian,Pass
533618,10,Goal,0.955,0.4829999923706055,0.5939555764198303,Iñaki Williams,a,2399,OpenPlay,2023,RightFoot,22699,Osasuna,Athletic Club,0,2,2023-08-19 19:30:00,Nico Williams,Cross
535654,47,SavedShot,0.840999984741211,0.36900001525878906,0.04746350273489952,Iñaki Williams,h,2399,OpenPlay,2023,RightFoot,22706,Athletic Club,Real Betis,4,2,2023-08-27 19:30:00,Inigo Ruiz de Galarreta,TakeOn
536914,58,SavedShot,0.8519999694824218,0.37,0.05602216720581055,Iñaki Williams,a,2399,OpenPlay,2023,RightFoot,22721,Mallorca,Athletic Club,0,0,2023-09-03 14:15:00,Oihan Sancet,Pass
537380,51,BlockedShot,0.7719999694824219,0.534000015258789,0.02899777889251709,Iñaki Williams,h,2399,OpenPlay,2023,RightFoot,22725,Athletic Club,Cadiz,3,0,2023-09-16 12:00:00,Oihan Sancet,TakeOn
537386,64,MissedShots,0.8159999847412109,0.34299999237060547,0.05293805152177811,Iñaki Williams,h,2399,OpenPlay,2023,LeftFoot,22725,Athletic Club,Cadiz,3,0,2023-09-16 12:00:00,Oihan Sancet,Pass
537391,75,SavedShot,0.9269999694824219,0.26799999237060546,0.06067328527569771,Iñaki Williams,h,2399,OpenPlay,2023,RightFoot,22725,Athletic Club,Cadiz,3,0,2023-09-16 12:00:00,Oihan Sancet,Pass
537392,76,BlockedShot,0.9130000305175782,0.39099998474121095,0.10264451801776886,Iñaki Williams,h,2399,OpenPlay,2023,RightFoot,22725,Athletic Club,Cadiz,3,0,2023-09-16 12:00:00,Asier Villalibre,HeadPass
537393,76,SavedShot,0.92,0.42400001525878905,0.4922371506690979,Iñaki Williams,h,2399,OpenPlay,2023,LeftFoot,22725,Athletic Club,Cadiz,3,0,2023-09-16 12:00:00,,Rebound
537394,89,Goal,0.9490000152587891,0.5540000152587891,0.5765999555587769,Iñaki Williams,h,2399,OpenPlay,2023,RightFoot,22725,Athletic Club,Cadiz,3,0,2023-09-16 12:00:00,Asier Villalibre,HeadPass
538825,17,Goal,0.8780000305175781,0.42200000762939455,0.3933631181716919,Iñaki Williams,a,2399,OpenPlay,2023,RightFoot,22742,Alaves,Athletic Club,0,2,2023-09-22 19:00:00,Mikel Vesga,Throughball
538839,72,BlockedShot,0.9069999694824219,0.509000015258789,0.5096513628959656,Iñaki Williams,a,2399,OpenPlay,2023,LeftFoot,22742,Alaves,Athletic Club,0,2,2023-09-22 19:00:00,Oihan Sancet,Pass
540378,61,Goal,0.875,0.37099998474121093,0.08008446544408798,Iñaki Williams,h,2399,OpenPlay,2023,LeftFoot,22745,Athletic Club,Getafe,2,2,2023-09-27 17:00:00,De Marcos,TakeOn
540382,78,BlockedShot,0.879000015258789,0.6519999694824219,0.07192688435316086,Iñaki Williams,h,2399,OpenPlay,2023,RightFoot,22745,Athletic Club,Getafe,2,2,2023-09-27 17:00:00,Yeray Álvarez,Chipped
541558,34,MissedShots,0.9519999694824218,0.4909999847412109,0.5379620790481567,Iñaki Williams,a,2399,OpenPlay,2023,RightFoot,22762,Real Sociedad,Athletic Club,3,0,2023-09-30 19:00:00,Nico Williams,Cross
541560,46,MissedShots,0.8780000305175781,0.40599998474121096,0.06538299471139908,Iñaki Williams,a,2399,OpenPlay,2023,RightFoot,22762,Real Sociedad,Athletic Club,3,0,2023-09-30 19:00:00,,None
541564,55,BlockedShot,0.9019999694824219,0.3160000038146973,0.07459154725074768,Iñaki Williams,a,2399,OpenPlay,2023,LeftFoot,22762,Real Sociedad,Athletic Club,3,0,2023-09-30 19:00:00,Muniain,Pass
542338,53,MissedShots,0.93,0.3129999923706055,0.07980992645025253,Iñaki Williams,h,2399,OpenPlay,2023,RightFoot,22770,Athletic Club,Almeria,3,0,2023-10-06 19:00:00,,BallRecovery
542344,64,SavedShot,0.7769999694824219,0.5329999923706055,0.048218246549367905,Iñaki Williams,h,2399,OpenPlay,2023,RightFoot,22770,Athletic Club,Almeria,3,0,2023-10-06 19:00:00,Ander Herrera,BallRecovery
542345,73,MissedShots,0.8969999694824219,0.535,0.09420023113489151,Iñaki Williams,h,2399,OpenPlay,2023,Head,22770,Athletic Club,Almeria,3,0,2023-10-06 19:00:00,De Marcos,Cross
542348,82,SavedShot,0.95,0.3079999923706055,0.07658576220273972,Iñaki Williams,h,2399,OpenPlay,2023,RightFoot,22770,Athletic Club,Almeria,3,0,2023-10-06 19:00:00,Asier Villalibre,Pass
542352,88,MissedShots,0.8480000305175781,0.4370000076293945,0.11292324215173721,Iñaki Williams,h,2399,OpenPlay,2023,LeftFoot,22770,Athletic Club,Almeria,3,0,2023-10-06 19:00:00,Nico Williams,Pass
542355,92,SavedShot,0.9430000305175781,0.3170000076293945,0.09531960636377335,Iñaki Williams,h,2399,OpenPlay,2023,RightFoot,22770,Athletic Club,Almeria,3,0,2023-10-06 19:00:00,Muniain,Chipped
544960,4,SavedShot,0.7680000305175781,0.46799999237060547,0.028628913685679436,Iñaki Williams,a,2399,OpenPlay,2023,RightFoot,22777,Barcelona,Athletic Club,1,0,2023-10-22 19:00:00,Oihan Sancet,Pass
544964,20,BlockedShot,0.8540000152587891,0.34099998474121096,0.04695161432027817,Iñaki Williams,a,2399,OpenPlay,2023,LeftFoot,22777,Barcelona,Athletic Club,1,0,2023-10-22 19:00:00,Gorka Guruzeta,Pass
544965,20,SavedShot,0.8130000305175781,0.45099998474121095,0.05669353902339935,Iñaki Williams,a,2399,OpenPlay,2023,RightFoot,22777,Barcelona,Athletic Club,1,0,2023-10-22 19:00:00,Oihan Sancet,BallTouch
544974,54,MissedShots,0.9230000305175782,0.7230000305175781,0.10215627402067184,Iñaki Williams,a,2399,OpenPlay,2023,LeftFoot,22777,Barcelona,Athletic Club,1,0,2023-10-22 19:00:00,Nico Williams,Throughball
546331,21,SavedShot,0.7819999694824219,0.3770000076293945,0.02758270688354969,Iñaki Williams,h,2399,OpenPlay,2023,LeftFoot,22786,Athletic Club,Valencia,2,2,2023-10-29 17:30:00,Oihan Sancet,Pass
546332,26,SavedShot,0.889000015258789,0.41,0.33410724997520447,Iñaki Williams,h,2399,OpenPlay,2023,RightFoot,22786,Athletic Club,Valencia,2,2,2023-10-29 17:30:00,Dani Vivian,Throughball
546343,80,SavedShot,0.915,0.44799999237060545,0.09355491399765015,Iñaki Williams,h,2399,OpenPlay,2023,Head,22786,Athletic Club,Valencia,2,2,2023-10-29 17:30:00,De Marcos,Cross
547613,5,MissedShots,0.9430000305175781,0.3390000152587891,0.046574667096138,Iñaki Williams,a,2399,OpenPlay,2023,RightFoot,22798,Villarreal,Athletic Club,2,3,2023-11-05 17:30:00,Íñigo Lekue,Cross
547622,29,Goal,0.8069999694824219,0.4209999847412109,0.06836588680744171,Iñaki Williams,a,2399,OpenPlay,2023,RightFoot,22798,Villarreal,Athletic Club,2,3,2023-11-05 17:30:00,Oihan Sancet,Pass
547633,55,SavedShot,0.8730000305175781,0.35700000762939454,0.08379083126783371,Iñaki Williams,a,2399,OpenPlay,2023,LeftFoot,22798,Villarreal,Athletic Club,2,3,2023-11-05 17:30:00,Gorka Guruzeta,Pass
547641,71,MissedShots,0.8209999847412109,0.5509999847412109,0.04682076349854469,Iñaki Williams,a,2399,SetPiece,2023,LeftFoot,22798,Villarreal,Athletic Club,2,3,2023-11-05 17:30:00,,None
547642,72,SavedShot,0.8430000305175781,0.5259999847412109,0.12305207550525665,Iñaki Williams,a,2399,OpenPlay,2023,RightFoot,22798,Villarreal,Athletic Club,2,3,2023-11-05 17:30:00,Alex Berenguer,Pass
548040,11,BlockedShot,0.855999984741211,0.3220000076293945,0.04574522376060486,Iñaki Williams,h,2399,OpenPlay,2023,LeftFoot,22806,Athletic Club,Celta Vigo,4,3,2023-11-10 20:00:00,,None
548053,46,SavedShot,0.86,0.6329999923706054,0.04942524433135986,Iñaki Williams,h,2399,OpenPlay,2023,RightFoot,22806,Athletic Club,Celta Vigo,4,3,2023-11-10 20:00:00,Dani Vivian,Pass
548059,54,BlockedShot,0.9269999694824219,0.32799999237060545,0.16589422523975372,Iñaki Williams,h,2399,OpenPlay,2023,LeftFoot,22806,Athletic Club,Celta Vigo,4,3,2023-11-10 20:00:00,Inigo Ruiz de Galarreta,TakeOn
550726,66,Goal,0.855999984741211,0.45799999237060546,0.10317429900169373,Iñaki Williams,a,2399,OpenPlay,2023,LeftFoot,22821,Girona,Athletic Club,1,1,2023-11-27 20:00:00,Oihan Sancet,Pass
550729,79,SavedShot,0.8109999847412109,0.759000015258789,0.023117173463106155,Iñaki Williams,a,2399,OpenPlay,2023,RightFoot,22821,Girona,Athletic Club,1,1,2023-11-27 20:00:00,Íñigo Lekue,Pass
551006,28,MissedShots,0.8290000152587891,0.3390000152587891,0.06566286832094193,Iñaki Williams,h,2399,OpenPlay,2023,LeftFoot,22826,Athletic Club,Rayo Vallecano,4,0,2023-12-02 15:15:00,Inigo Ruiz de Galarreta,TakeOn
551011,52,MissedShots,0.8719999694824219,0.43200000762939456,0.13012440502643585,Iñaki Williams,h,2399,OpenPlay,2023,RightFoot,22826,Athletic Club,Rayo Vallecano,4,0,2023-12-02 15:15:00,Nico Williams,Pass
551014,63,Goal,0.9490000152587891,0.425,0.46531763672828674,Iñaki Williams,h,2399,OpenPlay,2023,RightFoot,22826,Athletic Club,Rayo Vallecano,4,0,2023-12-02 15:15:00,Gorka Guruzeta,Cross
553892,0,BlockedShot,0.884000015258789,0.42400001525878905,0.10554327070713043,Iñaki Williams,a,2399,OpenPlay,2023,LeftFoot,22842,Granada,Athletic Club,1,1,2023-12-12 15:15:00,Gorka Guruzeta,Pass
553893,5,Goal,0.9130000305175782,0.5570000076293945,0.05060945823788643,Iñaki Williams,a,2399,OpenPlay,2023,Head,22842,Granada,Athletic Club,1,1,2023-12-12 15:15:00,,None
553903,42,ShotOnPost,0.88,0.4229999923706055,0.05782238766551018,Iñaki Williams,a,2399,OpenPlay,2023,Head,22842,Granada,Athletic Club,1,1,2023-12-12 15:15:00,Inigo Ruiz de Galarreta,Cross
553913,73,MissedShots,0.8780000305175781,0.4879999923706055,0.05695001780986786,Iñaki Williams,a,2399,OpenPlay,2023,Head,22842,Granada,Athletic Club,1,1,2023-12-12 15:15:00,Oihan Sancet,Cross
553914,74,BlockedShot,0.8819999694824219,0.22899999618530273,0.02739678882062435,Iñaki Williams,a,2399,OpenPlay,2023,RightFoot,22842,Granada,Athletic Club,1,1,2023-12-12 15:15:00,Oihan Sancet,Pass
554338,11,ShotOnPost,0.8130000305175781,0.4179999923706055,0.07156578451395035,Iñaki Williams,h,2399,OpenPlay,2023,RightFoot,22846,Athletic Club,Atletico Madrid,2,0,2023-12-16 15:15:00,Oihan Sancet,Pass
554345,38,BlockedShot,0.8669999694824219,0.4109999847412109,0.07927779108285904,Iñaki Williams,h,2399,OpenPlay,2023,LeftFoot,22846,Athletic Club,Atletico Madrid,2,0,2023-12-16 15:15:00,Oihan Sancet,Pass
554350,67,SavedShot,0.8959999847412109,0.40700000762939453,0.12376591563224792,Iñaki Williams,h,2399,OpenPlay,2023,LeftFoot,22846,Athletic Club,Atletico Madrid,2,0,2023-12-16 15:15:00,Oihan Sancet,Pass
555759,13,SavedShot,0.93,0.335,0.059834279119968414,Iñaki Williams,h,2399,OpenPlay,2023,RightFoot,22855,Athletic Club,Las Palmas,1,0,2023-12-20 20:30:00,Oihan Sancet,Pass
555772,68,SavedShot,0.759000015258789,0.5459999847412109,0.02605975605547428,Iñaki Williams,h,2399,OpenPlay,2023,RightFoot,22855,Athletic Club,Las Palmas,1,0,2023-12-20 20:30:00,,BallRecovery
555773,68,SavedShot,0.9490000152587891,0.5579999923706055,0.09636051207780838,Iñaki Williams,h,2399,OpenPlay,2023,Head,22855,Athletic Club,Las Palmas,1,0,2023-12-20 20:30:00,Beñat Prados,Aerial
555775,73,SavedShot,0.7759999847412109,0.34,0.019344288855791092,Iñaki Williams,h,2399,OpenPlay,2023,LeftFoot,22855,Athletic Club,Las Palmas,1,0,2023-12-20 20:30:00,,None
560959,39,MissedShots,0.8140000152587891,0.6419999694824219,0.058753788471221924,Iñaki Williams,h,2399,OpenPlay,2023,RightFoot,22905,Athletic Club,Mallorca,4,0,2024-02-02 20:00:00,Oihan Sancet,Pass
560962,52,BlockedShot,0.855,0.3189999961853027,0.060974087566137314,Iñaki Williams,h,2399,OpenPlay,2023,LeftFoot,22905,Athletic Club,Mallorca,4,0,2024-02-02 20:00:00,Gorka Guruzeta,Pass
560963,53,SavedShot,0.84,0.42700000762939455,0.15069089829921722,Iñaki Williams,h,2399,OpenPlay,2023,RightFoot,22905,Athletic Club,Mallorca,4,0,2024-02-02 20:00:00,Inigo Ruiz de Galarreta,Throughball
564782,4,BlockedShot,0.91,0.34599998474121096,0.09644440561532974,Iñaki Williams,h,2399,OpenPlay,2023,RightFoot,22925,Athletic Club,Girona,3,2,2024-02-19 20:00:00,Unai Gómez,Pass
564783,7,MissedShots,0.9069999694824219,0.465,0.5001916289329529,Iñaki Williams,h,2399,OpenPlay,2023,RightFoot,22925,Athletic Club,Girona,3,2,2024-02-19 20:00:00,,None
564786,23,ShotOnPost,0.919000015258789,0.31799999237060544,0.06729098409414291,Iñaki Williams,h,2399,OpenPlay,2023,LeftFoot,22925,Athletic Club,Girona,3,2,2024-02-19 20:00:00,Beñat Prados,Chipped
564788,42,SavedShot,0.8930000305175781,0.5270000076293946,0.09384739398956299,Iñaki Williams,h,2399,OpenPlay,2023,Head,22925,Athletic Club,Girona,3,2,2024-02-19 20:00:00,Yuri,Cross
564794,59,Goal,0.86,0.41900001525878905,0.08907175809144974,Iñaki Williams,h,2399,OpenPlay,2023,RightFoot,22925,Athletic Club,Girona,3,2,2024-02-19 20:00:00,,None
564797,66,SavedShot,0.9619999694824218,0.4829999923706055,0.6756826043128967,Iñaki Williams,h,2399,OpenPlay,2023,LeftFoot,22925,Athletic Club,Girona,3,2,2024-02-19 20:00:00,,None
567502,46,MissedShots,0.93,0.72,0.04016769677400589,Iñaki Williams,h,2399,SetPiece,2023,LeftFoot,22945,Athletic Club,Barcelona,0,0,2024-03-03 20:00:00,Alex Berenguer,Chipped
567503,49,MissedShots,0.8019999694824219,0.610999984741211,0.10586736351251602,Iñaki Williams,h,2399,OpenPlay,2023,RightFoot,22945,Athletic Club,Barcelona,0,0,2024-03-03 20:00:00,Mikel Vesga,Throughball
568684,38,MissedShots,0.745999984741211,0.285,0.02047211118042469,Iñaki Williams,a,2399,OpenPlay,2023,RightFoot,22961,Las Palmas,Athletic Club,0,2,2024-03-10 15:15:00,De Marcos,Pass
569716,33,BlockedShot,0.8730000305175781,0.3320000076293945,0.06725883483886719,Iñaki Williams,h,2399,OpenPlay,2023,RightFoot,22974,Athletic Club,Alaves,2,0,2024-03-16 20:00:00,Gorka Guruzeta,Pass
569717,34,MissedShots,0.7919999694824219,0.7319999694824219,0.02690875716507435,Iñaki Williams,h,2399,OpenPlay,2023,RightFoot,22974,Athletic Club,Alaves,2,0,2024-03-16 20:00:00,Inigo Ruiz de Galarreta,BallTouch
569721,52,SavedShot,0.9159999847412109,0.55,0.1180470883846283,Iñaki Williams,h,2399,OpenPlay,2023,Head,22974,Athletic Club,Alaves,2,0,2024-03-16 20:00:00,Nico Williams,Cross
569727,80,SavedShot,0.855999984741211,0.40700000762939453,0.07848699390888214,Iñaki Williams,h,2399,OpenPlay,2023,RightFoot,22974,Athletic Club,Alaves,2,0,2024-03-16 20:00:00,,None
571568,4,MissedShots,0.8630000305175781,0.3970000076293945,0.03966065123677254,Iñaki Williams,a,2399,FromCorner,2023,RightFoot,22981,Real Madrid,Athletic Club,2,0,2024-03-31 20:00:00,Oihan Sancet,Cross
571577,51,SavedShot,0.905,0.6409999847412109,0.03994565084576607,Iñaki Williams,a,2399,FromCorner,2023,RightFoot,22981,Real Madrid,Athletic Club,2,0,2024-03-31 20:00:00,Alex Berenguer,Cross
571578,52,MissedShots,0.895,0.32,0.05029558390378952,Iñaki Williams,a,2399,OpenPlay,2023,RightFoot,22981,Real Madrid,Athletic Club,2,0,2024-03-31 20:00:00,Beñat Prados,Pass
571580,71,MissedShots,0.8930000305175781,0.39299999237060546,0.032070279121398926,Iñaki Williams,a,2399,SetPiece,2023,Head,22981,Real Madrid,Athletic Club,2,0,2024-03-31 20:00:00,Alex Berenguer,Cross
571582,77,BlockedShot,0.7819999694824219,0.415,0.030189167708158493,Iñaki Williams,a,2399,OpenPlay,2023,LeftFoot,22981,Real Madrid,Athletic Club,2,0,2024-03-31 20:00:00,Muniain,Pass
571583,90,SavedShot,0.8490000152587891,0.600999984741211,0.07445217669010162,Iñaki Williams,a,2399,OpenPlay,2023,RightFoot,22981,Real Madrid,Athletic Club,2,0,2024-03-31 20:00:00,Yuri,Pass
574421,15,MissedShots,0.895,0.425,0.029953762888908386,Iñaki Williams,h,2399,OpenPlay,2023,Head,22985,Athletic Club,Villarreal,1,1,2024-04-14 16:30:00,De Marcos,Aerial
574758,5,OwnGoal,0.025999999046325682,0.5659999847412109,0,Iñaki Williams,h,2399,FromCorner,2023,Head,22996,Athletic Club,Granada,1,1,2024-04-19 19:00:00,,CornerAwarded
574771,57,BlockedShot,0.9180000305175782,0.36400001525878906,0.04322056844830513,Iñaki Williams,h,2399,FromCorner,2023,RightFoot,22996,Athletic Club,Granada,1,1,2024-04-19 19:00:00,Unai Gómez,Cross
574772,61,SavedShot,0.815,0.29100000381469726,0.02586747519671917,Iñaki Williams,h,2399,OpenPlay,2023,LeftFoot,22996,Athletic Club,Granada,1,1,2024-04-19 19:00:00,Gorka Guruzeta,Pass
574775,75,BlockedShot,0.8269999694824218,0.4540000152587891,0.08823278546333313,Iñaki Williams,h,2399,OpenPlay,2023,LeftFoot,22996,Athletic Club,Granada,1,1,2024-04-19 19:00:00,,TakeOn
574778,85,MissedShots,0.915,0.5770000076293945,0.0889085903763771,Iñaki Williams,h,2399,FromCorner,2023,RightFoot,22996,Athletic Club,Granada,1,1,2024-04-19 19:00:00,,None
577059,3,MissedShots,0.905,0.34799999237060547,0.05909419804811478,Iñaki Williams,a,2399,OpenPlay,2023,RightFoot,23011,Atletico Madrid,Athletic Club,3,1,2024-04-27 19:00:00,Aitor Paredes,Chipped
577065,30,MissedShots,0.924000015258789,0.40400001525878904,0.053767673671245575,Iñaki Williams,a,2399,FromCorner,2023,Head,23011,Atletico Madrid,Athletic Club,3,1,2024-04-27 19:00:00,Inigo Ruiz de Galarreta,Cross
578097,22,MissedShots,0.879000015258789,0.415,0.019298411905765533,Iñaki Williams,a,2399,OpenPlay,2023,Head,23017,Getafe,Athletic Club,0,2,2024-05-03 19:00:00,Íñigo Lekue,Aerial
578099,26,Goal,0.8019999694824219,0.7190000152587891,0.03170353174209595,Iñaki Williams,a,2399,FromCorner,2023,RightFoot,23017,Getafe,Athletic Club,0,2,2024-05-03 19:00:00,Nico Williams,Pass
578105,50,Goal,0.9309999847412109,0.5309999847412109,0.6714087724685669,Iñaki Williams,a,2399,OpenPlay,2023,RightFoot,23017,Getafe,Athletic Club,0,2,2024-05-03 19:00:00,Nico Williams,Throughball
578106,54,MissedShots,0.8980000305175782,0.5359999847412109,0.020874328911304474,Iñaki Williams,a,2399,FromCorner,2023,Head,23017,Getafe,Athletic Club,0,2,2024-05-03 19:00:00,Alex Berenguer,Aerial
578122,79,MissedShots,0.7280000305175781,0.710999984741211,0.025439606979489326,Iñaki Williams,a,2399,OpenPlay,2023,RightFoot,23017,Getafe,Athletic Club,0,2,2024-05-03 19:00:00,Unai Simón,Pass
580220,34,SavedShot,0.8930000305175781,0.3170000076293945,0.02991323731839657,Iñaki Williams,h,2399,SetPiece,2023,RightFoot,23025,Athletic Club,Osasuna,2,2,2024-05-11 19:00:00,Alex Berenguer,Pass
580232,57,Goal,0.9109999847412109,0.29399999618530276,0.048622824251651764,Iñaki Williams,h,2399,OpenPlay,2023,RightFoot,23025,Athletic Club,Osasuna,2,2,2024-05-11 19:00:00,Ander Herrera,BallRecovery
582371,40,SavedShot,0.8809999847412109,0.6930000305175781,0.3551531136035919,Iñaki Williams,h,2399,OpenPlay,2023,RightFoot,23045,Athletic Club,Sevilla,2,0,2024-05-19 17:00:00,Inigo Ruiz de Galarreta,Throughball
582380,67,BlockedShot,0.8809999847412109,0.3270000076293945,0.06088480353355408,Iñaki Williams,h,2399,OpenPlay,2023,LeftFoot,23045,Athletic Club,Sevilla,2,0,2024-05-19 17:00:00,,None
582381,69,MissedShots,0.92,0.6909999847412109,0.13010062277317047,Iñaki Williams,h,2399,OpenPlay,2023,LeftFoot,23045,Athletic Club,Sevilla,2,0,2024-05-19 17:00:00,Inigo Ruiz de Galarreta,Throughball
584595,52,MissedShots,0.825,0.3370000076293945,0.043010205030441284,Iñaki Williams,h,2399,OpenPlay,2024,LeftFoot,26982,Athletic Club,Getafe,1,1,2024-08-15 17:00:00,Beñat Prados,Pass
584605,86,BlockedShot,0.79,0.4620000076293945,0.054737284779548645,Iñaki Williams,h,2399,OpenPlay,2024,RightFoot,26982,Athletic Club,Getafe,1,1,2024-08-15 17:00:00,Gorka Guruzeta,LayOff
587294,11,ShotOnPost,0.8469999694824218,0.7440000152587891,0.012620359659194946,Iñaki Williams,h,2399,SetPiece,2024,RightFoot,27006,Athletic Club,Valencia,1,0,2024-08-28 17:00:00,,Aerial
587297,20,SavedShot,0.9209999847412109,0.43099998474121093,0.3163595199584961,Iñaki Williams,h,2399,OpenPlay,2024,Head,27006,Athletic Club,Valencia,1,0,2024-08-28 17:00:00,,Rebound
587302,54,BlockedShot,0.8730000305175781,0.33,0.0664469376206398,Iñaki Williams,h,2399,OpenPlay,2024,LeftFoot,27006,Athletic Club,Valencia,1,0,2024-08-28 17:00:00,Oihan Sancet,Pass
591682,49,MissedShots,0.8119999694824219,0.4809999847412109,0.07133999466896057,Iñaki Williams,a,2399,OpenPlay,2024,LeftFoot,27027,Las Palmas,Athletic Club,2,3,2024-09-15 16:30:00,,BallRecovery
591689,75,MissedShots,0.9590000152587891,0.4540000152587891,0.4590890407562256,Iñaki Williams,a,2399,FromCorner,2024,RightFoot,27027,Las Palmas,Athletic Club,2,3,2024-09-15 16:30:00,Alex Berenguer,Cross
591913,64,BlockedShot,0.9480000305175781,0.4370000076293945,0.13738477230072021,Iñaki Williams,a,2399,OpenPlay,2024,Head,27047,Leganes,Athletic Club,0,2,2024-09-19 17:00:00,Andoni Gorosabel,Cross
591918,74,Goal,0.9159999847412109,0.4490000152587891,0.34454840421676636,Iñaki Williams,a,2399,OpenPlay,2024,LeftFoot,27047,Leganes,Athletic Club,0,2,2024-09-19 17:00:00,Andoni Gorosabel,Cross
594711,19,MissedShots,0.924000015258789,0.5029999923706054,0.5462232828140259,Iñaki Williams,h,2399,OpenPlay,2024,LeftFoot,27052,Athletic Club,Sevilla,1,1,2024-09-29 14:15:00,Nico Williams,Pass
594714,37,SavedShot,0.8109999847412109,0.47400001525878904,0.3641393482685089,Iñaki Williams,h,2399,OpenPlay,2024,LeftFoot,27052,Athletic Club,Sevilla,1,1,2024-09-29 14:15:00,,Interception
596753,27,Goal,0.9080000305175782,0.445,0.4663878381252289,Iñaki Williams,h,2399,OpenPlay,2024,RightFoot,27072,Athletic Club,Espanyol,4,1,2024-10-19 12:00:00,Alex Berenguer,Pass
596754,29,Goal,0.9169999694824219,0.3240000152587891,0.25081855058670044,Iñaki Williams,h,2399,OpenPlay,2024,RightFoot,27072,Athletic Club,Espanyol,4,1,2024-10-19 12:00:00,Alex Berenguer,Pass
599447,39,MissedShots,0.8240000152587891,0.105,0.008720438927412033,Iñaki Williams,a,2399,OpenPlay,2024,RightFoot,27083,Mallorca,Athletic Club,0,0,2024-10-28 20:00:00,,None
599457,71,MissedShots,0.850999984741211,0.34900001525878904,0.04896567761898041,Iñaki Williams,a,2399,OpenPlay,2024,LeftFoot,27083,Mallorca,Athletic Club,0,0,2024-10-28 20:00:00,Mikel Jauregizar,Pass
600888,16,ShotOnPost,0.7859999847412109,0.730999984741211,0.014327592216432095,Iñaki Williams,h,2399,OpenPlay,2024,RightFoot,27092,Athletic Club,Real Betis,1,1,2024-11-03 20:00:00,,None
600890,19,SavedShot,0.9569999694824218,0.46799999237060547,0.5498163104057312,Iñaki Williams,h,2399,OpenPlay,2024,RightFoot,27092,Athletic Club,Real Betis,1,1,2024-11-03 20:00:00,Álvaro Djaló,Cross
600891,36,BlockedShot,0.785,0.32599998474121095,0.024359790608286858,Iñaki Williams,h,2399,OpenPlay,2024,LeftFoot,27092,Athletic Club,Real Betis,1,1,2024-11-03 20:00:00,Álvaro Djaló,Pass
600894,45,MissedShots,0.8480000305175781,0.13800000190734862,0.013908423483371735,Iñaki Williams,h,2399,OpenPlay,2024,RightFoot,27092,Athletic Club,Real Betis,1,1,2024-11-03 20:00:00,Oihan Sancet,Chipped
600904,70,SavedShot,0.9519999694824218,0.3270000076293945,0.07481220364570618,Iñaki Williams,h,2399,OpenPlay,2024,RightFoot,27092,Athletic Club,Real Betis,1,1,2024-11-03 20:00:00,Alex Berenguer,Pass
603697,23,BlockedShot,0.8590000152587891,0.675,0.06995851546525955,Iñaki Williams,h,2399,OpenPlay,2024,RightFoot,27112,Athletic Club,Real Sociedad,1,0,2024-11-24 20:00:00,Nico Williams,Pass
605306,23,BlockedShot,0.8369999694824218,0.24700000762939453,0.025263329967856407,Iñaki Williams,h,2399,OpenPlay,2024,LeftFoot,27162,Athletic Club,Real Madrid,2,1,2024-12-04 20:00:00,Mikel Jauregizar,Pass
606409,25,MissedShots,0.86,0.33599998474121096,0.01706995628774166,Iñaki Williams,h,2399,OpenPlay,2024,Head,27134,Athletic Club,Villarreal,2,0,2024-12-08 15:15:00,,None
606411,32,MissedShots,0.7559999847412109,0.4590000152587891,0.03136745095252991,Iñaki Williams,h,2399,OpenPlay,2024,RightFoot,27134,Athletic Club,Villarreal,2,0,2024-12-08 15:15:00,Gorka Guruzeta,Pass
606413,38,MissedShots,0.895,0.405,0.07941776514053345,Iñaki Williams,h,2399,OpenPlay,2024,RightFoot,27134,Athletic Club,Villarreal,2,0,2024-12-08 15:15:00,De Marcos,Cross
606419,60,MissedShots,0.7609999847412109,0.3559999847412109,0.026963472366333008,Iñaki Williams,h,2399,OpenPlay,2024,LeftFoot,27134,Athletic Club,Villarreal,2,0,2024-12-08 15:15:00,Nico Williams,Pass
606422,65,SavedShot,0.9209999847412109,0.3120000076293945,0.06660991162061691,Iñaki Williams,h,2399,OpenPlay,2024,RightFoot,27134,Athletic Club,Villarreal,2,0,2024-12-08 15:15:00,Inigo Ruiz de Galarreta,Pass
606423,68,Goal,0.8830000305175781,0.34400001525878904,0.09473031014204025,Iñaki Williams,h,2399,OpenPlay,2024,RightFoot,27134,Athletic Club,Villarreal,2,0,2024-12-08 15:15:00,Oihan Sancet,Pass
607561,56,SavedShot,0.8480000305175781,0.29700000762939455,0.03931451588869095,Iñaki Williams,a,2399,OpenPlay,2024,LeftFoot,27149,Alaves,Athletic Club,1,1,2024-12-15 15:15:00,Inigo Ruiz de Galarreta,Pass
608463,14,SavedShot,0.7719999694824219,0.42700000762939455,0.028994550928473473,Iñaki Williams,a,2399,OpenPlay,2024,RightFoot,27159,Osasuna,Athletic Club,1,2,2024-12-21 17:30:00,Oihan Sancet,Pass
608469,41,SavedShot,0.830999984741211,0.700999984741211,0.03055240958929062,Iñaki Williams,a,2399,OpenPlay,2024,RightFoot,27159,Osasuna,Athletic Club,1,2,2024-12-21 17:30:00,Nico Williams,Pass
608477,95,BlockedShot,0.85,0.5570000076293945,0.10493346303701401,Iñaki Williams,a,2399,OpenPlay,2024,RightFoot,27159,Osasuna,Athletic Club,1,2,2024-12-21 17:30:00,Alex Berenguer,Pass
612602,81,MissedShots,0.815,0.4520000076293945,0.07120925933122635,Iñaki Williams,a,2399,OpenPlay,2024,RightFoot,27175,Celta Vigo,Athletic Club,1,2,2025-01-19 13:00:00,Mikel Jauregizar,Pass
614070,15,BlockedShot,0.8340000152587891,0.29200000762939454,0.029424559324979782,Iñaki Williams,h,2399,OpenPlay,2024,LeftFoot,27182,Athletic Club,Leganes,0,0,2025-01-26 17:30:00,Andoni Gorosabel,Pass
614074,33,BlockedShot,0.8809999847412109,0.26799999237060546,0.05732715502381325,Iñaki Williams,h,2399,OpenPlay,2024,RightFoot,27182,Athletic Club,Leganes,0,0,2025-01-26 17:30:00,Alex Berenguer,Pass
614077,45,MissedShots,0.86,0.30700000762939456,0.06307181715965271,Iñaki Williams,h,2399,OpenPlay,2024,LeftFoot,27182,Athletic Club,Leganes,0,0,2025-01-26 17:30:00,Dani Vivian,Pass
614086,55,MissedShots,0.9109999847412109,0.6909999847412109,0.033965814858675,Iñaki Williams,h,2399,FromCorner,2024,RightFoot,27182,Athletic Club,Leganes,0,0,2025-01-26 17:30:00,Alex Berenguer,Cross
615746,11,MissedShots,0.7930000305175782,0.355,0.03185524046421051,Iñaki Williams,a,2399,OpenPlay,2024,LeftFoot,27198,Real Betis,Athletic Club,2,2,2025-02-02 20:00:00,Andoni Gorosabel,Chipped
615751,20,BlockedShot,0.8980000305175782,0.265,0.03554660081863403,Iñaki Williams,a,2399,OpenPlay,2024,LeftFoot,27198,Real Betis,Athletic Club,2,2,2025-02-02 20:00:00,Mikel Jauregizar,Pass
616126,10,BlockedShot,0.7240000152587891,0.37900001525878907,0.015730975195765495,Iñaki Williams,h,2399,OpenPlay,2024,RightFoot,27209,Athletic Club,Girona,3,0,2025-02-08 15:15:00,Oihan Sancet,Pass
616134,31,SavedShot,0.9580000305175781,0.54,0.44191864132881165,Iñaki Williams,h,2399,FromCorner,2024,Head,27209,Athletic Club,Girona,3,0,2025-02-08 15:15:00,Gorka Guruzeta,Rebound
616139,47,MissedShots,0.860999984741211,0.305,0.09990495443344116,Iñaki Williams,h,2399,OpenPlay,2024,RightFoot,27209,Athletic Club,Girona,3,0,2025-02-08 15:15:00,Alex Berenguer,Pass
617551,23,SavedShot,0.925,0.555,0.09696143865585327,Iñaki Williams,a,2399,FromCorner,2024,Head,27221,Espanyol,Athletic Club,1,1,2025-02-16 13:00:00,Mikel Jauregizar,Cross
617568,84,MissedShots,0.8730000305175781,0.549000015258789,0.04679017513990402,Iñaki Williams,a,2399,FromCorner,2024,RightFoot,27221,Espanyol,Athletic Club,1,1,2025-02-16 13:00:00,Nico Williams,Cross
617572,94,SavedShot,0.8340000152587891,0.19399999618530273,0.02182599902153015,Iñaki Williams,a,2399,OpenPlay,2024,LeftFoot,27221,Espanyol,Athletic Club,1,1,2025-02-16 13:00:00,De Marcos,Pass
618840,18,SavedShot,0.8180000305175781,0.5509999847412109,0.0669553130865097,Iñaki Williams,h,2399,OpenPlay,2024,RightFoot,27222,Athletic Club,Real Valladolid,7,1,2025-02-23 13:00:00,Mikel Vesga,Pass
618844,36,SavedShot,0.8669999694824219,0.3290000152587891,0.07216826826334,Iñaki Williams,h,2399,OpenPlay,2024,LeftFoot,27222,Athletic Club,Real Valladolid,7,1,2025-02-23 13:00:00,Dani Vivian,Pass
618866,86,Goal,0.975999984741211,0.5220000076293946,0.9773194193840027,Iñaki Williams,h,2399,OpenPlay,2024,LeftFoot,27222,Athletic Club,Real Valladolid,7,1,2025-02-23 13:00:00,,TakeOn
618868,89,ShotOnPost,0.855999984741211,0.16299999237060547,0.038769859820604324,Iñaki Williams,h,2399,OpenPlay,2024,RightFoot,27222,Athletic Club,Real Valladolid,7,1,2025-02-23 13:00:00,Mikel Vesga,Chipped
620277,10,SavedShot,0.8540000152587891,0.3579999923706055,0.3265507221221924,Iñaki Williams,a,2399,OpenPlay,2024,LeftFoot,27236,Atletico Madrid,Athletic Club,1,0,2025-03-01 20:00:00,Dani Vivian,Throughball
620281,21,BlockedShot,0.835999984741211,0.4909999847412109,0.07178987562656403,Iñaki Williams,a,2399,OpenPlay,2024,LeftFoot,27236,Atletico Madrid,Athletic Club,1,0,2025-03-01 20:00:00,Mikel Jauregizar,Pass
620286,38,MissedShots,0.9009999847412109,0.685,0.049704283475875854,Iñaki Williams,a,2399,OpenPlay,2024,LeftFoot,27236,Atletico Madrid,Athletic Club,1,0,2025-03-01 20:00:00,Mikel Jauregizar,Pass
620297,74,ShotOnPost,0.97,0.42400001525878905,0.5607146620750427,Iñaki Williams,a,2399,SetPiece,2024,RightFoot,27236,Atletico Madrid,Athletic Club,1,0,2025-03-01 20:00:00,,Rebound
620299,81,BlockedShot,0.775,0.57,0.0242882389575243,Iñaki Williams,a,2399,SetPiece,2024,RightFoot,27236,Atletico Madrid,Athletic Club,1,0,2025-03-01 20:00:00,Nico Williams,Pass
622129,69,MissedShots,0.879000015258789,0.27299999237060546,0.03452230244874954,Iñaki Williams,h,2399,OpenPlay,2024,RightFoot,27243,Athletic Club,Mallorca,1,1,2025-03-09 17:30:00,Beñat Prados,Pass
623419,81,SavedShot,0.9,0.345,0.3343753218650818,Iñaki Williams,a,2399,OpenPlay,2024,LeftFoot,27255,Sevilla,Athletic Club,0,1,2025-03-16 15:15:00,Maroan Sannadi,Pass
624859,24,SavedShot,0.9180000305175782,0.5679999923706055,0.025753606110811234,Iñaki Williams,h,2399,FromCorner,2024,Head,27269,Athletic Club,Osasuna,0,0,2025-03-30 17:30:00,Alex Berenguer,Aerial
626627,40,MissedShots,0.9359999847412109,0.5,0.6005645394325256,Iñaki Williams,a,2399,OpenPlay,2024,LeftFoot,27276,Villarreal,Athletic Club,0,0,2025-04-06 19:00:00,Nico Williams,Pass
626628,42,SavedShot,0.8369999694824218,0.4570000076293945,0.030326848849654198,Iñaki Williams,a,2399,OpenPlay,2024,RightFoot,27276,Villarreal,Athletic Club,0,0,2025-04-06 19:00:00,Andoni Gorosabel,Cross
626637,92,BlockedShot,0.8690000152587891,0.25,0.0329582504928112,Iñaki Williams,a,2399,OpenPlay,2024,LeftFoot,27276,Villarreal,Athletic Club,0,0,2025-04-06 19:00:00,Alex Berenguer,Clearance
628109,79,BlockedShot,0.9359999847412109,0.5579999923706055,0.3322891891002655,Iñaki Williams,h,2399,FromCorner,2024,Head,27283,Athletic Club,Rayo Vallecano,3,1,2025-04-13 19:00:00,Maroan Sannadi,HeadPass
629777,4,Goal,0.975,0.4490000152587891,0.9477576017379761,Iñaki Williams,h,2399,OpenPlay,2024,RightFoot,27303,Athletic Club,Las Palmas,1,0,2025-04-23 17:00:00,Inigo Ruiz de Galarreta,TakeOn
629795,91,SavedShot,0.8440000152587891,0.43,0.1042759120464325,Iñaki Williams,h,2399,OpenPlay,2024,LeftFoot,27303,Athletic Club,Las Palmas,1,0,2025-04-23 17:00:00,Gorka Guruzeta,Pass
638284,11,BlockedShot,0.7419999694824219,0.7440000152587891,0.024095412343740463,Iñaki Williams,h,2399,FromCorner,2025,RightFoot,29164,Athletic Club,Sevilla,3,2,2025-08-17 17:30:00,Mikel Jauregizar,Pass
639803,52,MissedShots,0.9230000305175782,0.5559999847412109,0.4826797544956207,Iñaki Williams,h,2399,OpenPlay,2025,RightFoot,29176,Athletic Club,Rayo Vallecano,1,0,2025-08-25 17:30:00,Nico Williams,Throughball
641031,16,SavedShot,0.924000015258789,0.6990000152587891,0.05392651632428169,Iñaki Williams,a,2399,OpenPlay,2025,RightFoot,29186,Real Betis,Athletic Club,1,2,2025-08-31 17:00:00,Nico Williams,Chipped
641032,18,SavedShot,0.875999984741211,0.610999984741211,0.33876916766166687,Iñaki Williams,a,2399,OpenPlay,2025,RightFoot,29186,Real Betis,Athletic Club,1,2,2025-08-31 17:00:00,Alex Berenguer,Throughball
641036,26,MissedShots,0.8619999694824219,0.644000015258789,0.053110238164663315,Iñaki Williams,a,2399,OpenPlay,2025,RightFoot,29186,Real Betis,Athletic Club,1,2,2025-08-31 17:00:00,Oihan Sancet,Pass
641047,66,BlockedShot,0.774000015258789,0.5940000152587891,0.035981982946395874,Iñaki Williams,a,2399,OpenPlay,2025,RightFoot,29186,Real Betis,Athletic Club,1,2,2025-08-31 17:00:00,Mikel Jauregizar,Pass
641048,68,SavedShot,0.835999984741211,0.7390000152587891,0.02759867161512375,Iñaki Williams,a,2399,FromCorner,2025,RightFoot,29186,Real Betis,Athletic Club,1,2,2025-08-31 17:00:00,Alex Berenguer,Cross
641917,45,MissedShots,0.749000015258789,0.6329999923706054,0.0179686788469553,Iñaki Williams,h,2399,OpenPlay,2025,RightFoot,29196,Athletic Club,Alaves,0,1,2025-09-13 16:30:00,Oihan Sancet,BallTouch
641921,60,MissedShots,0.970999984741211,0.445,0.4654717445373535,Iñaki Williams,h,2399,FromCorner,2025,Head,29196,Athletic Club,Alaves,0,1,2025-09-13 16:30:00,Alex Berenguer,Cross
641923,69,SavedShot,0.8719999694824219,0.5329999923706055,0.04086706414818764,Iñaki Williams,h,2399,OpenPlay,2025,Head,29196,Athletic Club,Alaves,0,1,2025-09-13 16:30:00,Roberto Navarro,Cross
643430,11,BlockedShot,0.885,0.32299999237060545,0.05422288551926613,Iñaki Williams,a,2399,OpenPlay,2025,RightFoot,29203,Valencia,Athletic Club,2,0,2025-09-20 19:00:00,Roberto Navarro,Pass
643435,29,SavedShot,0.89,0.6909999847412109,0.07068166881799698,Iñaki Williams,a,2399,OpenPlay,2025,LeftFoot,29203,Valencia,Athletic Club,2,0,2025-09-20 19:00:00,Oihan Sancet,Pass
643438,45,SavedShot,0.9080000305175782,0.565,0.08868209272623062,Iñaki Williams,a,2399,SetPiece,2025,Head,29203,Valencia,Athletic Club,2,0,2025-09-20 19:00:00,Alex Berenguer,Cross
644135,27,BlockedShot,0.7440000152587891,0.41900001525878905,0.021148940548300743,Iñaki Williams,h,2399,OpenPlay,2025,LeftFoot,29217,Athletic Club,Girona,1,1,2025-09-23 17:00:00,Andoni Gorosabel,Pass
644142,63,BlockedShot,0.95,0.335,0.06353706866502762,Iñaki Williams,h,2399,OpenPlay,2025,LeftFoot,29217,Athletic Club,Girona,1,1,2025-09-23 17:00:00,,None
644147,74,BlockedShot,0.8530000305175781,0.5309999847412109,0.04674796760082245,Iñaki Williams,h,2399,OpenPlay,2025,LeftFoot,29217,Athletic Club,Girona,1,1,2025-09-23 17:00:00,Alex Berenguer,Cross
646307,3,MissedShots,0.9280000305175782,0.3170000076293945,0.04141051322221756,Iñaki Williams,h,2399,FromCorner,2025,RightFoot,29229,Athletic Club,Mallorca,2,1,2025-10-04 16:30:00,Yuri,BallTouch
646309,8,Goal,0.885,0.5,0.7432776093482971,Iñaki Williams,h,2399,Penalty,2025,RightFoot,29229,Athletic Club,Mallorca,2,1,2025-10-04 16:30:00,,Standard
646312,18,SavedShot,0.8569999694824219,0.6140000152587891,0.07957952469587326,Iñaki Williams,h,2399,OpenPlay,2025,RightFoot,29229,Athletic Club,Mallorca,2,1,2025-10-04 16:30:00,Nicolás Serrano,Pass
659971,37,BlockedShot,0.815,0.5170000076293946,0.061118386685848236,Iñaki Williams,h,2399,OpenPlay,2025,RightFoot,29318,Athletic Club,Espanyol,1,2,2025-12-22 20:00:00,Alex Berenguer,BallTouch
659975,48,BlockedShot,0.8809999847412109,0.28299999237060547,0.05211862176656723,Iñaki Williams,h,2399,OpenPlay,2025,LeftFoot,29318,Athletic Club,Espanyol,1,2,2025-12-22 20:00:00,Mikel Jauregizar,HeadPass
659976,48,SavedShot,0.8680000305175781,0.345,0.05081932246685028,Iñaki Williams,h,2399,OpenPlay,2025,LeftFoot,29318,Athletic Club,Espanyol,1,2,2025-12-22 20:00:00,,Rebound
661016,16,MissedShots,0.8919999694824219,0.45,0.03663928434252739,Iñaki Williams,a,2399,OpenPlay,2025,Head,29331,Osasuna,Athletic Club,1,1,2026-01-03 15:15:00,Nico Williams,Aerial
661029,49,SavedShot,0.9109999847412109,0.585999984741211,0.07535944879055023,Iñaki Williams,a,2399,OpenPlay,2025,RightFoot,29331,Osasuna,Athletic Club,1,1,2026-01-03 15:15:00,,None
661032,58,BlockedShot,0.9369999694824219,0.41900001525878905,0.1004779040813446,Iñaki Williams,a,2399,FromCorner,2025,RightFoot,29331,Osasuna,Athletic Club,1,1,2026-01-03 15:15:00,Gorka Guruzeta,Pass
663660,94,SavedShot,0.860999984741211,0.34799999237060547,0.03004715032875538,Iñaki Williams,a,2399,OpenPlay,2025,LeftFoot,29349,Mallorca,Athletic Club,3,2,2026-01-17 15:15:00,Yuri,Cross
667750,8,MissedShots,0.9569999694824218,0.4470000076293945,0.6096541881561279,Iñaki Williams,h,2399,OpenPlay,2025,RightFoot,29379,Athletic Club,Levante,4,2,2026-02-08 15:15:00,Aitor Paredes,Throughball
667756,39,BlockedShot,0.8980000305175782,0.3679999923706055,0.0825752466917038,Iñaki Williams,h,2399,OpenPlay,2025,LeftFoot,29379,Athletic Club,Levante,4,2,2026-02-08 15:15:00,Inigo Ruiz de Galarreta,TakeOn
667765,68,MissedShots,0.9230000305175782,0.6120000076293945,0.04716239497065544,Iñaki Williams,h,2399,FromCorner,2025,RightFoot,29379,Athletic Club,Levante,4,2,2026-02-08 15:15:00,Nicolás Serrano,Cross
667767,74,BlockedShot,0.9180000305175782,0.565,0.0410815104842186,Iñaki Williams,h,2399,OpenPlay,2025,Head,29379,Athletic Club,Levante,4,2,2026-02-08 15:15:00,Nicolás Serrano,Aerial
667773,90,MissedShots,0.925,0.29399999618530276,0.08179431408643723,Iñaki Williams,h,2399,OpenPlay,2025,RightFoot,29379,Athletic Club,Levante,4,2,2026-02-08 15:15:00,Nicolás Serrano,Pass
668995,52,MissedShots,0.899000015258789,0.44,0.06474218517541885,Iñaki Williams,a,2399,OpenPlay,2025,Head,29393,Real Oviedo,Athletic Club,1,2,2026-02-15 13:00:00,Andoni Gorosabel,Cross
668998,68,BlockedShot,0.860999984741211,0.5879999923706055,0.02070971578359604,Iñaki Williams,a,2399,OpenPlay,2025,Head,29393,Real Oviedo,Athletic Club,1,2,2026-02-15 13:00:00,Yuri,Cross
669548,27,BlockedShot,0.870999984741211,0.7090000152587891,0.017271749675273895,Iñaki Williams,h,2399,OpenPlay,2025,RightFoot,29399,Athletic Club,Elche,2,1,2026-02-20 20:00:00,,Aerial
669549,36,SavedShot,0.84,0.46,0.34233206510543823,Iñaki Williams,h,2399,OpenPlay,2025,RightFoot,29399,Athletic Club,Elche,2,1,2026-02-20 20:00:00,Yuri,Throughball
669551,47,MissedShots,0.8090000152587891,0.5259999847412109,0.04612697288393974,Iñaki Williams,h,2399,OpenPlay,2025,RightFoot,29399,Athletic Club,Elche,2,1,2026-02-20 20:00:00,Yuri,Pass
670906,46,Goal,0.8640000152587891,0.35,0.04818609356880188,Iñaki Williams,a,2399,OpenPlay,2025,RightFoot,29413,Rayo Vallecano,Athletic Club,1,1,2026-02-28 13:00:00,Alex Berenguer,HeadPass
670912,75,BlockedShot,0.784000015258789,0.42700000762939455,0.03197820112109184,Iñaki Williams,a,2399,OpenPlay,2025,LeftFoot,29413,Rayo Vallecano,Athletic Club,1,1,2026-02-28 13:00:00,Alejandro Rego,Pass
672900,2,SavedShot,0.8980000305175782,0.549000015258789,0.09723667800426483,Iñaki Williams,h,2399,OpenPlay,2025,Head,29418,Athletic Club,Barcelona,0,1,2026-03-07 20:00:00,Alex Berenguer,Cross
672909,57,MissedShots,0.9030000305175782,0.5070000076293946,0.4511484205722809,Iñaki Williams,h,2399,OpenPlay,2025,RightFoot,29418,Athletic Club,Barcelona,0,1,2026-03-07 20:00:00,,Rebound
673674,13,BlockedShot,0.9130000305175782,0.655,0.058777257800102234,Iñaki Williams,a,2399,OpenPlay,2025,LeftFoot,29433,Girona,Athletic Club,3,0,2026-03-14 13:00:00,Oihan Sancet,Pass
673679,32,MissedShots,0.9540000152587891,0.42700000762939455,0.05694913491606712,Iñaki Williams,a,2399,OpenPlay,2025,Head,29433,Girona,Athletic Club,3,0,2026-03-14 13:00:00,Yuri,Aerial
673683,47,MissedShots,0.955,0.33799999237060546,0.06754198670387268,Iñaki Williams,a,2399,FromCorner,2025,RightFoot,29433,Girona,Athletic Club,3,0,2026-03-14 13:00:00,,Rebound
676157,3,SavedShot,0.9490000152587891,0.5170000076293946,0.6335688829421997,Iñaki Williams,h,2399,OpenPlay,2025,LeftFoot,29439,Athletic Club,Real Betis,2,1,2026-03-22 17:30:00,,Rebound
676173,70,MissedShots,0.8590000152587891,0.33599998474121096,0.07224496454000473,Iñaki Williams,h,2399,OpenPlay,2025,LeftFoot,29439,Athletic Club,Real Betis,2,1,2026-03-22 17:30:00,Alex Berenguer,Pass
676910,8,BlockedShot,0.8719999694824219,0.27299999237060546,0.03479621931910515,Iñaki Williams,a,2399,OpenPlay,2025,LeftFoot,29455,Getafe,Athletic Club,2,0,2026-04-05 12:00:00,Alex Berenguer,Pass
678715,59,BlockedShot,0.870999984741211,0.43,0.045106254518032074,Iñaki Williams,h,2399,OpenPlay,2025,RightFoot,29458,Athletic Club,Villarreal,1,2,2026-04-12 19:00:00,Andoni Gorosabel,Cross
682478,42,MissedShots,0.9119999694824219,0.44799999237060545,0.08795878291130066,Iñaki Williams,a,2399,OpenPlay,2025,Head,29491,Alaves,Athletic Club,2,4,2026-05-02 16:30:00,Andoni Gorosabel,Cross
684197,59,SavedShot,0.9369999694824219,0.34299999237060547,0.25701454281806946,Iñaki Williams,h,2399,OpenPlay,2025,RightFoot,29498,Athletic Club,Valencia,0,1,2026-05-10 14:15:00,Andoni Gorosabel,Pass
684919,38,SavedShot,0.975999984741211,0.5459999847412109,0.4615834057331085,Iñaki Williams,a,2399,FromCorner,2025,LeftFoot,29513,Espanyol,Athletic Club,2,0,2026-05-13 17:00:00,,BallTouch
