id,minute,result,X,Y,xG,player,h_a,player_id,situation,season,shotType,match_id,h_team,a_team,h_goals,a_goals,date,player_assisted,lastAction
15835,33,SavedShot,0.7930000305175782,0.38799999237060545,0.03144050016999245,Sadio Mané,h,838,OpenPlay,2014,LeftFoot,4741,Southampton,Queens Park Rangers,2,1,2014-09-27 15:00:00,,None
15841,52,SavedShot,0.8159999847412109,0.69,0.029591599479317665,Sadio Mané,h,838,OpenPlay,2014,RightFoot,4741,Southampton,Queens Park Rangers,2,1,2014-09-27 15:00:00,Morgan Schneiderlin,Pass
15845,56,BlockedShot,0.9359999847412109,0.39799999237060546,0.04564230144023895,Sadio Mané,h,838,FromCorner,2014,Head,4741,Southampton,Queens Park Rangers,2,1,2014-09-27 15:00:00,Steven Davis,Cross
17618,8,BlockedShot,0.9430000305175781,0.6,0.3114140033721924,Sadio Mané,a,838,OpenPlay,2014,RightFoot,4696,Tottenham,Southampton,1,0,2014-10-05 14:05:00,Graziano Pellè,Cross
17627,53,BlockedShot,0.7169999694824218,0.46299999237060546,0.04444440081715584,Sadio Mané,a,838,DirectFreekick,2014,RightFoot,4696,Tottenham,Southampton,1,0,2014-10-05 14:05:00,,Standard
17631,83,MissedShots,0.9369999694824219,0.48700000762939455,0.5254650115966797,Sadio Mané,a,838,OpenPlay,2014,RightFoot,4696,Tottenham,Southampton,1,0,2014-10-05 14:05:00,Ryan Bertrand,Cross
16849,85,BlockedShot,0.9069999694824219,0.49900001525878906,0.14391599595546722,Sadio Mané,h,838,OpenPlay,2014,RightFoot,4703,Southampton,Sunderland,8,0,2014-10-18 15:00:00,Dusan Tadic,Pass
16853,90,SavedShot,0.8069999694824219,0.39,0.05326459929347038,Sadio Mané,h,838,OpenPlay,2014,RightFoot,4703,Southampton,Sunderland,8,0,2014-10-18 15:00:00,Nathaniel Clyne,Pass
15998,3,MissedShots,0.865999984741211,0.6619999694824219,0.05898259952664375,Sadio Mané,h,838,OpenPlay,2014,RightFoot,4710,Southampton,Stoke,1,0,2014-10-25 15:00:00,Steven Davis,Pass
16009,32,Goal,0.895,0.544000015258789,0.11196400225162506,Sadio Mané,h,838,SetPiece,2014,RightFoot,4710,Southampton,Stoke,1,0,2014-10-25 15:00:00,,Rebound
16023,93,MissedShots,0.845999984741211,0.72,0.04009069874882698,Sadio Mané,h,838,OpenPlay,2014,LeftFoot,4710,Southampton,Stoke,1,0,2014-10-25 15:00:00,Graziano Pellè,Pass
17411,69,MissedShots,0.9590000152587891,0.46099998474121096,0.6072610020637512,Sadio Mané,a,838,OpenPlay,2014,LeftFoot,4655,Hull,Southampton,0,1,2014-11-01 15:00:00,Dusan Tadic,Cross
16916,34,MissedShots,0.9540000152587891,0.6880000305175781,0.05316980183124542,Sadio Mané,h,838,OpenPlay,2014,RightFoot,4663,Southampton,Leicester,2,0,2014-11-08 15:00:00,,None
16177,16,MissedShots,0.845999984741211,0.5629999923706055,0.07891090214252472,Sadio Mané,a,838,OpenPlay,2014,RightFoot,4678,Aston Villa,Southampton,1,1,2014-11-24 20:00:00,Ryan Bertrand,Pass
16182,36,SavedShot,0.8380000305175781,0.6270000076293946,0.05695459991693497,Sadio Mané,a,838,OpenPlay,2014,RightFoot,4678,Aston Villa,Southampton,1,1,2014-11-24 20:00:00,Dusan Tadic,Pass
18176,55,MissedShots,0.7190000152587891,0.34,0.008393470197916031,Sadio Mané,h,838,OpenPlay,2014,RightFoot,4687,Southampton,Manchester City,0,3,2014-11-30 13:30:00,Steven Davis,TakeOn
18800,76,MissedShots,0.774000015258789,0.675,0.0237061008810997,Sadio Mané,a,838,OpenPlay,2014,RightFoot,4598,Arsenal,Southampton,1,0,2014-12-03 19:45:00,Toby Alderweireld,Pass
18802,78,BlockedShot,0.7669999694824219,0.5,0.02802100032567978,Sadio Mané,a,838,OpenPlay,2014,RightFoot,4598,Arsenal,Southampton,1,0,2014-12-03 19:45:00,Shane Long,Pass
17727,57,MissedShots,0.8690000152587891,0.600999984741211,0.08969470113515854,Sadio Mané,a,838,OpenPlay,2014,RightFoot,4609,Burnley,Southampton,1,0,2014-12-13 15:00:00,Steven Davis,Pass
17546,3,SavedShot,0.9340000152587891,0.5579999923706055,0.09837140142917633,Sadio Mané,a,838,FromCorner,2014,Head,4635,Crystal Palace,Southampton,1,3,2014-12-26 15:00:00,James Ward-Prowse,Cross
17550,16,Goal,0.909000015258789,0.3320000076293945,0.5168269872665405,Sadio Mané,a,838,OpenPlay,2014,RightFoot,4635,Crystal Palace,Southampton,1,3,2014-12-26 15:00:00,James Ward-Prowse,TakeOn
17565,68,MissedShots,0.7659999847412109,0.56,0.07903499901294708,Sadio Mané,a,838,OpenPlay,2014,RightFoot,4635,Crystal Palace,Southampton,1,3,2014-12-26 15:00:00,Morgan Schneiderlin,TakeOn
18909,16,Goal,0.8590000152587891,0.6120000076293945,0.29197800159454346,Sadio Mané,h,838,OpenPlay,2014,RightFoot,4640,Southampton,Chelsea,1,1,2014-12-28 14:05:00,Dusan Tadic,Chipped
19926,33,Goal,0.9769999694824218,0.17700000762939452,0.022628599777817726,Sadio Mané,h,838,OpenPlay,2014,LeftFoot,4555,Southampton,Arsenal,2,0,2015-01-01 15:00:00,James Ward-Prowse,Chipped
23584,77,SavedShot,0.7609999847412109,0.45,0.02634809911251068,Sadio Mané,h,838,OpenPlay,2014,RightFoot,4514,Southampton,Swansea,0,1,2015-02-01 16:00:00,Steven Davis,BallRecovery
23588,86,BlockedShot,0.925,0.5629999923706055,0.4718889892101288,Sadio Mané,h,838,OpenPlay,2014,LeftFoot,4514,Southampton,Swansea,0,1,2015-02-01 16:00:00,,None
23589,86,BlockedShot,0.9580000305175781,0.6780000305175782,0.049258798360824585,Sadio Mané,h,838,OpenPlay,2014,RightFoot,4514,Southampton,Swansea,0,1,2015-02-01 16:00:00,,Rebound
23409,26,SavedShot,0.7719999694824219,0.544000015258789,0.02816860005259514,Sadio Mané,a,838,OpenPlay,2014,LeftFoot,4520,Queens Park Rangers,Southampton,0,1,2015-02-07 15:00:00,Steven Davis,Pass
23411,32,MissedShots,0.8230000305175781,0.48,0.08061420172452927,Sadio Mané,a,838,OpenPlay,2014,LeftFoot,4520,Queens Park Rangers,Southampton,0,1,2015-02-07 15:00:00,James Ward-Prowse,TakeOn
23413,34,MissedShots,0.89,0.5690000152587891,0.0890875980257988,Sadio Mané,a,838,OpenPlay,2014,LeftFoot,4520,Queens Park Rangers,Southampton,0,1,2015-02-07 15:00:00,Steven Davis,Chipped
23420,60,MissedShots,0.825,0.29,0.03637069836258888,Sadio Mané,a,838,OpenPlay,2014,RightFoot,4520,Queens Park Rangers,Southampton,0,1,2015-02-07 15:00:00,Graziano Pellè,HeadPass
23423,64,BlockedShot,0.9059999847412109,0.3579999923706055,0.08897150307893753,Sadio Mané,a,838,OpenPlay,2014,RightFoot,4520,Queens Park Rangers,Southampton,0,1,2015-02-07 15:00:00,Graziano Pellè,Pass
23428,77,BlockedShot,0.9159999847412109,0.62,0.10597199946641922,Sadio Mané,a,838,OpenPlay,2014,LeftFoot,4520,Queens Park Rangers,Southampton,0,1,2015-02-07 15:00:00,Eljero Elia,Pass
23431,92,Goal,0.9259999847412109,0.5829999923706055,0.12689800560474396,Sadio Mané,a,838,OpenPlay,2014,LeftFoot,4520,Queens Park Rangers,Southampton,0,1,2015-02-07 15:00:00,Maya Yoshida,Pass
24121,12,SavedShot,0.9730000305175781,0.3770000076293945,0.09637690335512161,Sadio Mané,h,838,OpenPlay,2014,RightFoot,4532,Southampton,West Ham,0,0,2015-02-11 19:45:00,Steven Davis,TakeOn
24125,24,MissedShots,0.7140000152587891,0.3820000076293945,0.038919199258089066,Sadio Mané,h,838,DirectFreekick,2014,RightFoot,4532,Southampton,West Ham,0,0,2015-02-11 19:45:00,,Standard
24128,36,MissedShots,0.7719999694824219,0.39599998474121095,0.02800530008971691,Sadio Mané,h,838,OpenPlay,2014,RightFoot,4532,Southampton,West Ham,0,0,2015-02-11 19:45:00,Graziano Pellè,LayOff
24199,59,BlockedShot,0.9130000305175782,0.5929999923706055,0.08516039699316025,Sadio Mané,h,838,OpenPlay,2014,LeftFoot,4544,Southampton,Liverpool,0,2,2015-02-22 16:15:00,Maya Yoshida,Chipped
23851,5,MissedShots,0.94,0.5659999847412109,0.11034400016069412,Sadio Mané,a,838,OpenPlay,2014,RightFoot,4546,West Bromwich Albion,Southampton,1,0,2015-02-28 15:00:00,Ryan Bertrand,Cross
23855,26,MissedShots,0.9009999847412109,0.27899999618530275,0.03262069821357727,Sadio Mané,a,838,OpenPlay,2014,RightFoot,4546,West Bromwich Albion,Southampton,1,0,2015-02-28 15:00:00,Morgan Schneiderlin,TakeOn
23857,31,MissedShots,0.865999984741211,0.49400001525878906,0.0687318965792656,Sadio Mané,a,838,OpenPlay,2014,LeftFoot,4546,West Bromwich Albion,Southampton,1,0,2015-02-28 15:00:00,,None
20435,37,MissedShots,0.74,0.5129999923706055,0.01951020024716854,Sadio Mané,h,838,OpenPlay,2014,LeftFoot,4484,Southampton,Crystal Palace,1,0,2015-03-03 19:45:00,,BallRecovery
20457,82,Goal,0.9269999694824219,0.49900001525878906,0.5441060066223145,Sadio Mané,h,838,OpenPlay,2014,RightFoot,4484,Southampton,Crystal Palace,1,0,2015-03-03 19:45:00,,Rebound
22361,12,SavedShot,0.8819999694824219,0.5459999847412109,0.3924669921398163,Sadio Mané,a,838,OpenPlay,2014,LeftFoot,4499,Chelsea,Southampton,1,1,2015-03-15 13:30:00,Dusan Tadic,Pass
22367,34,SavedShot,0.8169999694824219,0.500999984741211,0.06876719743013382,Sadio Mané,a,838,OpenPlay,2014,RightFoot,4499,Chelsea,Southampton,1,1,2015-03-15 13:30:00,Shane Long,Pass
22371,46,BlockedShot,0.899000015258789,0.43099998474121093,0.10655999928712845,Sadio Mané,a,838,SetPiece,2014,RightFoot,4499,Chelsea,Southampton,1,1,2015-03-15 13:30:00,José Fonte,Rebound
22385,83,MissedShots,0.919000015258789,0.705999984741211,0.05062039941549301,Sadio Mané,a,838,OpenPlay,2014,LeftFoot,4499,Chelsea,Southampton,1,1,2015-03-15 13:30:00,Morgan Schneiderlin,Pass
22497,36,BlockedShot,0.899000015258789,0.4470000076293945,0.06302990019321442,Sadio Mané,h,838,OpenPlay,2014,Head,4506,Southampton,Burnley,2,0,2015-03-21 15:00:00,Dusan Tadic,Cross
22516,75,BlockedShot,0.8019999694824219,0.7230000305175781,0.0304454006254673,Sadio Mané,h,838,OpenPlay,2014,RightFoot,4506,Southampton,Burnley,2,0,2015-03-21 15:00:00,Steven Davis,Pass
21752,21,Goal,0.855,0.4759999847412109,0.36990898847579956,Sadio Mané,a,838,OpenPlay,2014,RightFoot,4402,Sunderland,Southampton,2,1,2015-05-02 15:00:00,,None
21298,15,BlockedShot,0.8769999694824219,0.24200000762939453,0.023508399724960327,Sadio Mané,a,838,OpenPlay,2014,LeftFoot,4412,Leicester,Southampton,2,0,2015-05-09 15:00:00,José Fonte,Pass
21301,24,MissedShots,0.9469999694824218,0.4259999847412109,0.05984330177307129,Sadio Mané,a,838,OpenPlay,2014,Head,4412,Leicester,Southampton,2,0,2015-05-09 15:00:00,Steven Davis,HeadPass
21311,70,SavedShot,0.764000015258789,0.47400001525878904,0.025862999260425568,Sadio Mané,a,838,OpenPlay,2014,RightFoot,4412,Leicester,Southampton,2,0,2015-05-09 15:00:00,Nathaniel Clyne,Pass
21315,93,MissedShots,0.9030000305175782,0.355,0.09045690298080444,Sadio Mané,a,838,OpenPlay,2014,RightFoot,4412,Leicester,Southampton,2,0,2015-05-09 15:00:00,Filip Djuricic,Pass
20609,12,SavedShot,0.9030000305175782,0.4229999923706055,0.4042690098285675,Sadio Mané,h,838,OpenPlay,2014,RightFoot,4419,Southampton,Aston Villa,6,1,2015-05-16 12:45:00,Graziano Pellè,TakeOn
20610,12,Goal,0.9540000152587891,0.4879999923706055,0.6529819965362549,Sadio Mané,h,838,OpenPlay,2014,LeftFoot,4419,Southampton,Aston Villa,6,1,2015-05-16 12:45:00,,Rebound
20611,13,Goal,0.955,0.3659999847412109,0.34637200832366943,Sadio Mané,h,838,OpenPlay,2014,RightFoot,4419,Southampton,Aston Villa,6,1,2015-05-16 12:45:00,Shane Long,Interception
20612,15,Goal,0.850999984741211,0.48700000762939455,0.12318199872970581,Sadio Mané,h,838,OpenPlay,2014,RightFoot,4419,Southampton,Aston Villa,6,1,2015-05-16 12:45:00,Shane Long,Pass
23016,36,BlockedShot,0.7380000305175781,0.44,0.014742500148713589,Sadio Mané,a,838,OpenPlay,2014,RightFoot,4437,Manchester City,Southampton,2,0,2015-05-24 15:00:00,Steven Davis,TakeOn
23024,71,SavedShot,0.9159999847412109,0.4370000076293945,0.2524319887161255,Sadio Mané,a,838,OpenPlay,2014,Head,4437,Manchester City,Southampton,2,0,2015-05-24 15:00:00,Ryan Bertrand,Cross
51631,38,MissedShots,0.8190000152587891,0.6370000076293946,0.05527139827609062,Sadio Mané,a,838,OpenPlay,2015,LeftFoot,87,Newcastle United,Southampton,2,2,2015-08-09 16:30:00,,Interception
51644,90,BlockedShot,0.8590000152587891,0.55,0.14719800651073456,Sadio Mané,a,838,OpenPlay,2015,RightFoot,87,Newcastle United,Southampton,2,2,2015-08-09 16:30:00,Steven Davis,TakeOn
51645,93,MissedShots,0.8469999694824218,0.43900001525878907,0.12079799920320511,Sadio Mané,a,838,OpenPlay,2015,LeftFoot,87,Newcastle United,Southampton,2,2,2015-08-09 16:30:00,Dusan Tadic,TakeOn
51826,11,MissedShots,0.9819999694824219,0.639000015258789,0.06241310015320778,Sadio Mané,h,838,OpenPlay,2015,LeftFoot,92,Southampton,Everton,0,3,2015-08-15 15:45:00,,None
51830,20,SavedShot,0.94,0.6819999694824219,0.07419150322675705,Sadio Mané,h,838,OpenPlay,2015,LeftFoot,92,Southampton,Everton,0,3,2015-08-15 15:45:00,Graziano Pellè,Pass
51843,78,SavedShot,0.740999984741211,0.3220000076293945,0.013678699731826782,Sadio Mané,h,838,OpenPlay,2015,RightFoot,92,Southampton,Everton,0,3,2015-08-15 15:45:00,Victor Wanyama,Pass
57676,12,SavedShot,0.835,0.3,0.03324870020151138,Sadio Mané,h,838,OpenPlay,2015,LeftFoot,119,Southampton,Norwich,3,0,2015-08-30 16:30:00,Steven Davis,Pass
57686,55,SavedShot,0.9230000305175782,0.315,0.07535780221223831,Sadio Mané,h,838,OpenPlay,2015,RightFoot,119,Southampton,Norwich,3,0,2015-08-30 16:30:00,,BallRecovery
58010,73,MissedShots,0.9059999847412109,0.3170000076293945,0.06278099864721298,Sadio Mané,a,838,OpenPlay,2015,RightFoot,125,West Bromwich Albion,Southampton,0,0,2015-09-12 18:00:00,Steven Davis,BallRecovery
58012,81,BlockedShot,0.909000015258789,0.3509999847412109,0.08962160348892212,Sadio Mané,a,838,OpenPlay,2015,RightFoot,125,West Bromwich Albion,Southampton,0,0,2015-09-12 18:00:00,James Ward-Prowse,Pass
58016,90,BlockedShot,0.8180000305175781,0.495,0.04411280155181885,Sadio Mané,a,838,OpenPlay,2015,LeftFoot,125,West Bromwich Albion,Southampton,0,0,2015-09-12 18:00:00,,Rebound
58220,12,SavedShot,0.93,0.4779999923706055,0.40858298540115356,Sadio Mané,h,838,OpenPlay,2015,LeftFoot,139,Southampton,Manchester United,2,3,2015-09-20 19:00:00,James Ward-Prowse,Cross
58452,3,MissedShots,0.7969999694824219,0.34799999237060547,0.029625700786709785,Sadio Mané,h,838,OpenPlay,2015,LeftFoot,142,Southampton,Swansea,3,1,2015-09-26 18:00:00,Victor Wanyama,Pass
58455,7,MissedShots,0.9119999694824219,0.5609999847412109,0.1022230014204979,Sadio Mané,h,838,OpenPlay,2015,LeftFoot,142,Southampton,Swansea,3,1,2015-09-26 18:00:00,,None
58462,36,SavedShot,0.7190000152587891,0.47400001525878904,0.020139100030064583,Sadio Mané,h,838,OpenPlay,2015,RightFoot,142,Southampton,Swansea,3,1,2015-09-26 18:00:00,,BallRecovery
58463,43,MissedShots,0.7819999694824219,0.529000015258789,0.04201069846749306,Sadio Mané,h,838,OpenPlay,2015,RightFoot,142,Southampton,Swansea,3,1,2015-09-26 18:00:00,Steven Davis,Pass
58467,60,Goal,0.8530000305175781,0.47400001525878904,0.07310459762811661,Sadio Mané,h,838,OpenPlay,2015,RightFoot,142,Southampton,Swansea,3,1,2015-09-26 18:00:00,,Rebound
58472,70,BlockedShot,0.8390000152587891,0.56,0.07506690174341202,Sadio Mané,h,838,OpenPlay,2015,RightFoot,142,Southampton,Swansea,3,1,2015-09-26 18:00:00,Dusan Tadic,Cross
58476,76,MissedShots,0.8469999694824218,0.3170000076293945,0.03193740174174309,Sadio Mané,h,838,SetPiece,2015,LeftFoot,142,Southampton,Swansea,3,1,2015-09-26 18:00:00,,None
58702,48,SavedShot,0.895,0.5790000152587891,0.36414000391960144,Sadio Mané,a,838,OpenPlay,2015,RightFoot,157,Chelsea,Southampton,1,3,2015-10-03 20:30:00,Dusan Tadic,Pass
58703,48,BlockedShot,0.955999984741211,0.66,0.07037390023469925,Sadio Mané,a,838,OpenPlay,2015,RightFoot,157,Chelsea,Southampton,1,3,2015-10-03 20:30:00,,Tackle
58704,48,BlockedShot,0.86,0.524000015258789,0.0943496972322464,Sadio Mané,a,838,OpenPlay,2015,RightFoot,157,Chelsea,Southampton,1,3,2015-10-03 20:30:00,Dusan Tadic,Pass
58707,59,Goal,0.87,0.5829999923706055,0.324196994304657,Sadio Mané,a,838,OpenPlay,2015,RightFoot,157,Chelsea,Southampton,1,3,2015-10-03 20:30:00,Graziano Pellè,Pass
59062,11,BlockedShot,0.9480000305175781,0.5520000076293945,0.13790400326251984,Sadio Mané,h,838,OpenPlay,2015,Head,162,Southampton,Leicester,2,2,2015-10-17 18:00:00,Cédric Soares,Cross
59068,35,SavedShot,0.815,0.3659999847412109,0.048066798597574234,Sadio Mané,h,838,OpenPlay,2015,LeftFoot,162,Southampton,Leicester,2,2,2015-10-17 18:00:00,Cédric Soares,Pass
59107,82,MissedShots,0.6309999847412109,0.36900001525878906,0.006345069967210293,Sadio Mané,h,838,OpenPlay,2015,RightFoot,162,Southampton,Leicester,2,2,2015-10-17 18:00:00,José Fonte,TakeOn
59317,80,MissedShots,0.955999984741211,0.33299999237060546,0.05642490088939667,Sadio Mané,a,838,OpenPlay,2015,RightFoot,180,Liverpool,Southampton,1,1,2015-10-25 20:15:00,Cédric Soares,Chipped
59318,85,Goal,0.9930000305175781,0.534000015258789,0.9537320137023926,Sadio Mané,a,838,SetPiece,2015,RightFoot,180,Liverpool,Southampton,1,1,2015-10-25 20:15:00,Gastón Ramírez,HeadPass
52731,11,BlockedShot,0.8490000152587891,0.4209999847412109,0.07977479696273804,Sadio Mané,h,838,OpenPlay,2015,RightFoot,189,Southampton,Bournemouth,2,0,2015-11-01 20:00:00,Dusan Tadic,Pass
52733,14,MissedShots,0.8780000305175781,0.47400001525878904,0.12317000329494476,Sadio Mané,h,838,OpenPlay,2015,RightFoot,189,Southampton,Bournemouth,2,0,2015-11-01 20:00:00,Graziano Pellè,LayOff
52759,9,MissedShots,0.9419999694824219,0.34200000762939453,0.042908601462841034,Sadio Mané,a,838,OpenPlay,2015,RightFoot,196,Sunderland,Southampton,0,1,2015-11-07 19:00:00,Dusan Tadic,Cross
52762,21,SavedShot,0.8669999694824219,0.49599998474121093,0.0829022005200386,Sadio Mané,a,838,OpenPlay,2015,LeftFoot,196,Sunderland,Southampton,0,1,2015-11-07 19:00:00,,None
52767,51,SavedShot,0.73,0.48,0.01603969931602478,Sadio Mané,a,838,OpenPlay,2015,RightFoot,196,Sunderland,Southampton,0,1,2015-11-07 19:00:00,Steven Davis,TakeOn
52768,54,BlockedShot,0.9030000305175782,0.5829999923706055,0.15697400271892548,Sadio Mané,a,838,OpenPlay,2015,LeftFoot,196,Sunderland,Southampton,0,1,2015-11-07 19:00:00,,TakeOn
54576,69,SavedShot,0.7830000305175782,0.42,0.03392070159316063,Sadio Mané,h,838,OpenPlay,2015,LeftFoot,203,Southampton,Stoke,0,1,2015-11-21 19:00:00,Victor Wanyama,Pass
56217,82,SavedShot,0.8430000305175781,0.36900001525878906,0.05950289964675903,Sadio Mané,a,838,OpenPlay,2015,RightFoot,215,Manchester City,Southampton,3,1,2015-11-28 19:00:00,Dusan Tadic,Pass
56218,93,SavedShot,0.8880000305175781,0.34700000762939454,0.07544630020856857,Sadio Mané,a,838,OpenPlay,2015,LeftFoot,215,Manchester City,Southampton,3,1,2015-11-28 19:00:00,Dusan Tadic,Pass
54758,15,MissedShots,0.86,0.5479999923706055,0.0624006986618042,Sadio Mané,h,838,OpenPlay,2015,RightFoot,227,Southampton,Aston Villa,1,1,2015-12-05 19:00:00,Dusan Tadic,Cross
54761,18,MissedShots,0.9819999694824219,0.46599998474121096,0.634423017501831,Sadio Mané,h,838,FromCorner,2015,Head,227,Southampton,Aston Villa,1,1,2015-12-05 19:00:00,James Ward-Prowse,Cross
54769,46,BlockedShot,0.8530000305175781,0.4370000076293945,0.07271820306777954,Sadio Mané,h,838,OpenPlay,2015,RightFoot,227,Southampton,Aston Villa,1,1,2015-12-05 19:00:00,Graziano Pellè,Pass
53563,34,MissedShots,0.865999984741211,0.639000015258789,0.061692800372838974,Sadio Mané,a,838,SetPiece,2015,LeftFoot,234,Crystal Palace,Southampton,1,0,2015-12-12 19:00:00,Victor Wanyama,Pass
53574,68,MissedShots,0.8630000305175781,0.27,0.02327989973127842,Sadio Mané,a,838,FromCorner,2015,LeftFoot,234,Crystal Palace,Southampton,1,0,2015-12-12 19:00:00,Dusan Tadic,Pass
53580,89,BlockedShot,0.8490000152587891,0.5420000076293945,0.0584305003285408,Sadio Mané,a,838,OpenPlay,2015,RightFoot,234,Crystal Palace,Southampton,1,0,2015-12-12 19:00:00,Graziano Pellè,BallTouch
52390,5,BlockedShot,0.92,0.3120000076293945,0.02537669986486435,Sadio Mané,h,838,OpenPlay,2015,RightFoot,242,Southampton,Tottenham,0,2,2015-12-19 19:00:00,Steven Davis,Cross
52391,6,BlockedShot,0.7330000305175781,0.46099998474121096,0.01793540082871914,Sadio Mané,h,838,OpenPlay,2015,RightFoot,242,Southampton,Tottenham,0,2,2015-12-19 19:00:00,Dusan Tadic,Pass
52392,7,SavedShot,0.8490000152587891,0.47099998474121096,0.09493199735879898,Sadio Mané,h,838,OpenPlay,2015,RightFoot,242,Southampton,Tottenham,0,2,2015-12-19 19:00:00,Dusan Tadic,Pass
52395,23,BlockedShot,0.875,0.595999984741211,0.09989109635353088,Sadio Mané,h,838,OpenPlay,2015,LeftFoot,242,Southampton,Tottenham,0,2,2015-12-19 19:00:00,Dusan Tadic,Pass
52411,92,MissedShots,0.865,0.38,0.05105869844555855,Sadio Mané,h,838,FromCorner,2015,LeftFoot,242,Southampton,Tottenham,0,2,2015-12-19 19:00:00,,None
55156,12,BlockedShot,0.795,0.705999984741211,0.01854570023715496,Sadio Mané,h,838,OpenPlay,2015,RightFoot,260,Southampton,Arsenal,4,0,2015-12-26 23:45:00,Steven Davis,TakeOn
54624,41,MissedShots,0.9180000305175782,0.575,0.1216920018196106,Sadio Mané,a,838,OpenPlay,2015,LeftFoot,268,West Ham,Southampton,2,1,2015-12-28 21:30:00,Dusan Tadic,Chipped
54912,20,SavedShot,0.825,0.4929999923706055,0.07801000028848648,Sadio Mané,h,838,OpenPlay,2015,RightFoot,284,Southampton,Watford,2,0,2016-01-13 23:45:00,Matt Targett,Pass
54916,35,ShotOnPost,0.825999984741211,0.4909999847412109,0.31979799270629883,Sadio Mané,h,838,OpenPlay,2015,RightFoot,284,Southampton,Watford,2,0,2016-01-13 23:45:00,,TakeOn
54920,46,BlockedShot,0.915,0.47200000762939454,0.053771600127220154,Sadio Mané,h,838,OpenPlay,2015,Head,284,Southampton,Watford,2,0,2016-01-13 23:45:00,,BallTouch
54923,68,MissedShots,0.9869999694824219,0.5990000152587891,0.3282260000705719,Sadio Mané,h,838,SetPiece,2015,LeftFoot,284,Southampton,Watford,2,0,2016-01-13 23:45:00,Virgil van Dijk,Pass
54924,69,MissedShots,0.8540000152587891,0.44400001525878907,0.09505780041217804,Sadio Mané,h,838,OpenPlay,2015,RightFoot,284,Southampton,Watford,2,0,2016-01-13 23:45:00,Shane Long,Pass
52569,26,BlockedShot,0.9,0.5629999923706055,0.09440019726753235,Sadio Mané,h,838,OpenPlay,2015,Head,294,Southampton,West Bromwich Albion,3,0,2016-01-16 19:00:00,Cédric Soares,Cross
52573,35,BlockedShot,0.914000015258789,0.5929999923706055,0.14114800095558167,Sadio Mané,h,838,OpenPlay,2015,LeftFoot,294,Southampton,West Bromwich Albion,3,0,2016-01-16 19:00:00,Shane Long,Throughball
52579,58,MissedShots,0.924000015258789,0.35900001525878905,0.14006400108337402,Sadio Mané,h,838,OpenPlay,2015,RightFoot,294,Southampton,West Bromwich Albion,3,0,2016-01-16 19:00:00,Shane Long,Throughball
53184,11,SavedShot,0.9630000305175781,0.6840000152587891,0.05734119936823845,Sadio Mané,a,838,OpenPlay,2015,LeftFoot,311,Arsenal,Southampton,0,0,2016-02-02 23:45:00,Shane Long,HeadPass
53189,40,MissedShots,0.875999984741211,0.5529999923706055,0.31214600801467896,Sadio Mané,a,838,FromCorner,2015,LeftFoot,311,Arsenal,Southampton,0,0,2016-02-02 23:45:00,Virgil van Dijk,HeadPass
53194,53,SavedShot,0.7869999694824219,0.41,0.03503499925136566,Sadio Mané,a,838,OpenPlay,2015,RightFoot,311,Arsenal,Southampton,0,0,2016-02-02 23:45:00,,BallRecovery
53199,59,BlockedShot,0.895,0.6859999847412109,0.06012820079922676,Sadio Mané,a,838,OpenPlay,2015,LeftFoot,311,Arsenal,Southampton,0,0,2016-02-02 23:45:00,Dusan Tadic,Pass
60701,16,MissedShots,0.93,0.6880000305175781,0.11947300285100937,Sadio Mané,a,838,OpenPlay,2015,LeftFoot,350,Bournemouth,Southampton,2,0,2016-03-01 23:45:00,Oriol Romeu,Throughball
60715,86,SavedShot,0.9159999847412109,0.3840000152587891,0.30191901326179504,Sadio Mané,a,838,OpenPlay,2015,RightFoot,350,Bournemouth,Southampton,2,0,2016-03-01 23:45:00,Oriol Romeu,Throughball
60498,48,SavedShot,0.885,0.5,0.7611690163612366,Sadio Mané,h,838,Penalty,2015,RightFoot,380,Southampton,Liverpool,3,2,2016-03-20 17:30:00,,Standard
60505,63,Goal,0.91,0.6419999694824219,0.08699110150337219,Sadio Mané,h,838,OpenPlay,2015,LeftFoot,380,Southampton,Liverpool,3,2,2016-03-20 17:30:00,Graziano Pellè,Pass
60514,85,Goal,0.8469999694824218,0.58,0.07922790199518204,Sadio Mané,h,838,OpenPlay,2015,LeftFoot,380,Southampton,Liverpool,3,2,2016-03-20 17:30:00,Graziano Pellè,Pass
59692,31,BlockedShot,0.8690000152587891,0.445,0.3386169970035553,Sadio Mané,a,838,OpenPlay,2015,RightFoot,392,Leicester,Southampton,1,0,2016-04-03 16:30:00,Graziano Pellè,Throughball
59713,77,MissedShots,0.855999984741211,0.28600000381469726,0.03905529901385307,Sadio Mané,a,838,OpenPlay,2015,LeftFoot,392,Leicester,Southampton,1,0,2016-04-03 16:30:00,Dusan Tadic,Pass
60803,6,BlockedShot,0.9109999847412109,0.3820000076293945,0.07290580123662949,Sadio Mané,h,838,OpenPlay,2015,RightFoot,396,Southampton,Newcastle United,3,1,2016-04-09 18:00:00,Dusan Tadic,Cross
60841,74,MissedShots,0.8569999694824219,0.4279999923706055,0.09996569901704788,Sadio Mané,h,838,OpenPlay,2015,LeftFoot,396,Southampton,Newcastle United,3,1,2016-04-09 18:00:00,Graziano Pellè,Pass
56341,30,BlockedShot,0.7969999694824219,0.769000015258789,0.015735000371932983,Sadio Mané,a,838,OpenPlay,2015,RightFoot,407,Everton,Southampton,1,1,2016-04-16 18:00:00,Victor Wanyama,HeadPass
56343,39,MissedShots,0.875999984741211,0.3940000152587891,0.09416849911212921,Sadio Mané,a,838,OpenPlay,2015,RightFoot,407,Everton,Southampton,1,1,2016-04-16 18:00:00,Shane Long,TakeOn
56354,75,Goal,0.924000015258789,0.4909999847412109,0.3967219889163971,Sadio Mané,a,838,OpenPlay,2015,RightFoot,407,Everton,Southampton,1,1,2016-04-16 18:00:00,Dusan Tadic,BallTouch
56358,79,SavedShot,0.965,0.6170000076293946,0.0626617968082428,Sadio Mané,a,838,OpenPlay,2015,RightFoot,407,Everton,Southampton,1,1,2016-04-16 18:00:00,Steven Davis,TakeOn
57122,93,Goal,0.919000015258789,0.48900001525878906,0.37149500846862793,Sadio Mané,a,838,OpenPlay,2015,Head,421,Aston Villa,Southampton,2,4,2016-04-23 18:00:00,Cédric Soares,Cross
57319,1,SavedShot,0.8090000152587891,0.35400001525878905,0.0331760011613369,Sadio Mané,h,838,OpenPlay,2015,LeftFoot,435,Southampton,Manchester City,4,2,2016-05-01 19:30:00,Dusan Tadic,Pass
57320,10,MissedShots,0.774000015258789,0.48900001525878906,0.03911000117659569,Sadio Mané,h,838,OpenPlay,2015,LeftFoot,435,Southampton,Manchester City,4,2,2016-05-01 19:30:00,,TakeOn
57325,27,Goal,0.885,0.33099998474121095,0.47442498803138733,Sadio Mané,h,838,OpenPlay,2015,RightFoot,435,Southampton,Manchester City,4,2,2016-05-01 19:30:00,Dusan Tadic,Throughball
57333,56,Goal,0.9890000152587891,0.45799999237060546,0.930092990398407,Sadio Mané,h,838,FromCorner,2015,LeftFoot,435,Southampton,Manchester City,4,2,2016-05-01 19:30:00,José Fonte,Rebound
57335,67,Goal,0.8859999847412109,0.38,0.42942601442337036,Sadio Mané,h,838,OpenPlay,2015,RightFoot,435,Southampton,Manchester City,4,2,2016-05-01 19:30:00,Dusan Tadic,Throughball
52110,22,MissedShots,0.8730000305175781,0.40799999237060547,0.09997200220823288,Sadio Mané,h,838,OpenPlay,2015,RightFoot,455,Southampton,Crystal Palace,4,1,2016-05-15 18:00:00,Dusan Tadic,Pass
52119,42,Goal,0.8469999694824218,0.48,0.06889870017766953,Sadio Mané,h,838,OpenPlay,2015,LeftFoot,455,Southampton,Crystal Palace,4,1,2016-05-15 18:00:00,,None
52125,59,BlockedShot,0.8019999694824219,0.43900001525878907,0.057117998600006104,Sadio Mané,h,838,OpenPlay,2015,LeftFoot,455,Southampton,Crystal Palace,4,1,2016-05-15 18:00:00,,None
52136,78,MissedShots,0.7880000305175782,0.5379999923706055,0.056980401277542114,Sadio Mané,h,838,OpenPlay,2015,RightFoot,455,Southampton,Crystal Palace,4,1,2016-05-15 18:00:00,James Ward-Prowse,Pass
52137,79,MissedShots,0.9159999847412109,0.34700000762939454,0.14022499322891235,Sadio Mané,h,838,OpenPlay,2015,LeftFoot,455,Southampton,Crystal Palace,4,1,2016-05-15 18:00:00,,TakeOn
112093,24,BlockedShot,0.875999984741211,0.4329999923706055,0.06068050116300583,Sadio Mané,a,838,SetPiece,2016,RightFoot,469,Arsenal,Liverpool,3,4,2016-08-14 19:00:00,Alberto Moreno,Cross
112103,52,BlockedShot,0.835,0.38599998474121094,0.06923799961805344,Sadio Mané,a,838,OpenPlay,2016,LeftFoot,469,Arsenal,Liverpool,3,4,2016-08-14 19:00:00,Philippe Coutinho,Pass
112107,62,Goal,0.8919999694824219,0.365,0.10910599678754807,Sadio Mané,a,838,OpenPlay,2016,LeftFoot,469,Arsenal,Liverpool,3,4,2016-08-14 19:00:00,Adam Lallana,Chipped
113079,12,BlockedShot,0.9,0.3629999923706055,0.09318649768829346,Sadio Mané,a,838,OpenPlay,2016,RightFoot,481,Tottenham,Liverpool,1,1,2016-08-27 15:30:00,Georginio Wijnaldum,Pass
113229,30,Goal,0.9159999847412109,0.519000015258789,0.5392119884490967,Sadio Mané,h,838,OpenPlay,2016,RightFoot,498,Liverpool,Leicester,4,1,2016-09-10 20:30:00,Daniel Sturridge,Pass
113246,86,SavedShot,0.935,0.4370000076293945,0.19082500040531158,Sadio Mané,h,838,OpenPlay,2016,RightFoot,498,Liverpool,Leicester,4,1,2016-09-10 20:30:00,Roberto Firmino,TakeOn
113461,80,BlockedShot,0.8590000152587891,0.2560000038146973,0.03753289952874184,Sadio Mané,a,838,OpenPlay,2016,RightFoot,501,Chelsea,Liverpool,1,2,2016-09-16 23:00:00,Jordan Henderson,Pass
113786,31,BlockedShot,0.754000015258789,0.51,0.03307519853115082,Sadio Mané,h,838,OpenPlay,2016,LeftFoot,516,Liverpool,Hull,5,1,2016-09-24 18:00:00,Roberto Firmino,Pass
113787,31,MissedShots,0.855,0.45799999237060546,0.05290539935231209,Sadio Mané,h,838,FromCorner,2016,RightFoot,516,Liverpool,Hull,5,1,2016-09-24 18:00:00,Philippe Coutinho,Pass
113788,34,MissedShots,0.8959999847412109,0.36900001525878906,0.06070559844374657,Sadio Mané,h,838,FromCorner,2016,LeftFoot,516,Liverpool,Hull,5,1,2016-09-24 18:00:00,,None
113790,35,Goal,0.835999984741211,0.509000015258789,0.10066399723291397,Sadio Mané,h,838,OpenPlay,2016,RightFoot,516,Liverpool,Hull,5,1,2016-09-24 18:00:00,Adam Lallana,Pass
113796,48,BlockedShot,0.835,0.375,0.09743250161409378,Sadio Mané,h,838,OpenPlay,2016,LeftFoot,516,Liverpool,Hull,5,1,2016-09-24 18:00:00,Nathaniel Clyne,TakeOn
113801,56,SavedShot,0.779000015258789,0.40299999237060546,0.028088200837373734,Sadio Mané,h,838,OpenPlay,2016,LeftFoot,516,Liverpool,Hull,5,1,2016-09-24 18:00:00,Nathaniel Clyne,Pass
114484,39,BlockedShot,0.87,0.605999984741211,0.10506299883127213,Sadio Mané,a,838,OpenPlay,2016,LeftFoot,522,Swansea,Liverpool,1,2,2016-10-01 15:30:00,Philippe Coutinho,Throughball
114488,47,BlockedShot,0.955999984741211,0.3609999847412109,0.06219809874892235,Sadio Mané,a,838,OpenPlay,2016,RightFoot,522,Swansea,Liverpool,1,2,2016-10-01 15:30:00,,None
114494,68,BlockedShot,0.8859999847412109,0.53,0.12184000015258789,Sadio Mané,a,838,OpenPlay,2016,LeftFoot,522,Swansea,Liverpool,1,2,2016-10-01 15:30:00,James Milner,Pass
114452,19,Goal,0.9219999694824219,0.42700000762939455,0.3250040113925934,Sadio Mané,h,838,OpenPlay,2016,RightFoot,548,Liverpool,West Bromwich Albion,2,1,2016-10-22 20:30:00,Roberto Firmino,Cross
114474,87,MissedShots,0.9159999847412109,0.5729999923706055,0.14609499275684357,Sadio Mané,h,838,OpenPlay,2016,RightFoot,548,Liverpool,West Bromwich Albion,2,1,2016-10-22 20:30:00,Roberto Firmino,Throughball
114663,26,MissedShots,0.8030000305175782,0.674000015258789,0.03959830105304718,Sadio Mané,a,838,OpenPlay,2016,RightFoot,2683,Crystal Palace,Liverpool,2,4,2016-10-29 20:30:00,,Dispossessed
114667,37,MissedShots,0.904000015258789,0.5370000076293945,0.44599899649620056,Sadio Mané,a,838,OpenPlay,2016,RightFoot,2683,Crystal Palace,Liverpool,2,4,2016-10-29 20:30:00,Nathaniel Clyne,Pass
114672,53,SavedShot,0.88,0.43099998474121093,0.13934099674224854,Sadio Mané,a,838,OpenPlay,2016,RightFoot,2683,Crystal Palace,Liverpool,2,4,2016-10-29 20:30:00,Philippe Coutinho,Throughball
115197,24,SavedShot,0.7919999694824219,0.4809999847412109,0.042811501771211624,Sadio Mané,h,838,OpenPlay,2016,RightFoot,2693,Liverpool,Watford,6,1,2016-11-06 18:15:00,Nathaniel Clyne,Pass
115199,26,Goal,0.914000015258789,0.5659999847412109,0.06935060024261475,Sadio Mané,h,838,FromCorner,2016,Head,2693,Liverpool,Watford,6,1,2016-11-06 18:15:00,Philippe Coutinho,Cross
115210,59,Goal,0.9380000305175781,0.485,0.6296129822731018,Sadio Mané,h,838,OpenPlay,2016,RightFoot,2693,Liverpool,Watford,6,1,2016-11-06 18:15:00,Roberto Firmino,Pass
115615,27,SavedShot,0.8680000305175781,0.5790000152587891,0.10372000187635422,Sadio Mané,a,838,OpenPlay,2016,RightFoot,2698,Southampton,Liverpool,0,0,2016-11-19 19:00:00,Georginio Wijnaldum,Pass
115617,39,BlockedShot,0.9009999847412109,0.3940000152587891,0.1675879955291748,Sadio Mané,a,838,OpenPlay,2016,RightFoot,2698,Southampton,Liverpool,0,0,2016-11-19 19:00:00,Georginio Wijnaldum,TakeOn
115619,48,MissedShots,0.9480000305175781,0.705,0.09171299636363983,Sadio Mané,a,838,OpenPlay,2016,LeftFoot,2698,Southampton,Liverpool,0,0,2016-11-19 19:00:00,Emre Can,TakeOn
115239,48,SavedShot,0.8930000305175781,0.3120000076293945,0.050995200872421265,Sadio Mané,h,838,OpenPlay,2016,LeftFoot,2710,Liverpool,Sunderland,2,0,2016-11-26 19:00:00,,None
115240,49,MissedShots,0.8590000152587891,0.4159999847412109,0.06710989773273468,Sadio Mané,h,838,OpenPlay,2016,LeftFoot,2710,Liverpool,Sunderland,2,0,2016-11-26 19:00:00,,None
115251,72,BlockedShot,0.9530000305175781,0.6029999923706054,0.08243899792432785,Sadio Mané,h,838,FromCorner,2016,RightFoot,2710,Liverpool,Sunderland,2,0,2016-11-26 19:00:00,Dejan Lovren,Pass
115477,19,Goal,0.904000015258789,0.6120000076293945,0.2952190041542053,Sadio Mané,a,838,OpenPlay,2016,RightFoot,3112,Bournemouth,Liverpool,4,3,2016-12-04 17:30:00,Emre Can,Chipped
117044,71,BlockedShot,0.879000015258789,0.37,0.07471589744091034,Sadio Mané,h,838,OpenPlay,2016,LeftFoot,3124,Liverpool,West Ham,2,2,2016-12-11 20:30:00,Nathaniel Clyne,TakeOn
117614,4,MissedShots,0.9530000305175781,0.33799999237060546,0.011632200330495834,Sadio Mané,a,838,FromCorner,2016,Head,3127,Middlesbrough,Liverpool,0,3,2016-12-14 23:45:00,Jordan Henderson,Cross
117624,42,ShotOnPost,0.86,0.5979999923706054,0.09709060192108154,Sadio Mané,a,838,OpenPlay,2016,LeftFoot,3127,Middlesbrough,Liverpool,0,3,2016-12-14 23:45:00,Divock Origi,Pass
117626,45,SavedShot,0.93,0.29100000381469726,0.04288540035486221,Sadio Mané,a,838,OpenPlay,2016,RightFoot,3127,Middlesbrough,Liverpool,0,3,2016-12-14 23:45:00,Nathaniel Clyne,Pass
117627,46,BlockedShot,0.9130000305175782,0.495,0.1342570036649704,Sadio Mané,a,838,OpenPlay,2016,RightFoot,3127,Middlesbrough,Liverpool,0,3,2016-12-14 23:45:00,Roberto Firmino,HeadPass
117629,54,BlockedShot,0.895,0.5109999847412109,0.1217309981584549,Sadio Mané,a,838,OpenPlay,2016,RightFoot,3127,Middlesbrough,Liverpool,0,3,2016-12-14 23:45:00,,None
118523,93,Goal,0.9569999694824218,0.525,0.6565619707107544,Sadio Mané,a,838,OpenPlay,2016,LeftFoot,3144,Everton,Liverpool,0,1,2016-12-20 00:00:00,,Rebound
116477,46,MissedShots,0.86,0.515,0.11324699968099594,Sadio Mané,h,838,OpenPlay,2016,LeftFoot,3153,Liverpool,Stoke,4,1,2016-12-27 21:15:00,Roberto Firmino,Pass
116481,60,BlockedShot,0.865999984741211,0.6,0.09245450049638748,Sadio Mané,h,838,OpenPlay,2016,LeftFoot,3153,Liverpool,Stoke,4,1,2016-12-27 21:15:00,,Dispossessed
116771,18,BlockedShot,0.8069999694824219,0.32799999237060545,0.038581300526857376,Sadio Mané,a,838,OpenPlay,2016,RightFoot,3334,Sunderland,Liverpool,2,2,2017-01-02 19:00:00,Nathaniel Clyne,TakeOn
116779,55,MissedShots,0.9619999694824218,0.49599998474121093,0.6304799914360046,Sadio Mané,a,838,OpenPlay,2016,Head,3334,Sunderland,Liverpool,2,2,2017-01-02 19:00:00,Nathaniel Clyne,Cross
116787,71,Goal,0.9669999694824218,0.5279999923706055,0.6360790133476257,Sadio Mané,a,838,FromCorner,2016,RightFoot,3334,Sunderland,Liverpool,2,2,2017-01-02 19:00:00,,None
116640,4,MissedShots,0.715,0.5220000076293946,0.019359400495886803,Sadio Mané,a,838,OpenPlay,2016,RightFoot,3373,Hull,Liverpool,2,0,2017-02-04 15:00:00,Jordan Henderson,Pass
116653,55,SavedShot,0.9309999847412109,0.4490000152587891,0.09290630370378494,Sadio Mané,a,838,OpenPlay,2016,Head,3373,Hull,Liverpool,2,0,2017-02-04 15:00:00,Adam Lallana,Cross
117640,15,Goal,0.904000015258789,0.49,0.43878600001335144,Sadio Mané,h,838,OpenPlay,2016,RightFoot,3386,Liverpool,Tottenham,2,0,2017-02-11 17:30:00,Georginio Wijnaldum,Throughball
117643,17,Goal,0.955999984741211,0.539000015258789,0.6441439986228943,Sadio Mané,h,838,OpenPlay,2016,RightFoot,3386,Liverpool,Tottenham,2,0,2017-02-11 17:30:00,,Rebound
117644,21,SavedShot,0.894000015258789,0.40700000762939453,0.4350920021533966,Sadio Mané,h,838,OpenPlay,2016,RightFoot,3386,Liverpool,Tottenham,2,0,2017-02-11 17:30:00,,BallTouch
117645,22,SavedShot,0.8809999847412109,0.28200000762939453,0.03860609978437424,Sadio Mané,h,838,FromCorner,2016,RightFoot,3386,Liverpool,Tottenham,2,0,2017-02-11 17:30:00,Joel Matip,Pass
118542,56,BlockedShot,0.8809999847412109,0.36,0.11692599952220917,Sadio Mané,a,838,OpenPlay,2016,LeftFoot,3399,Leicester,Liverpool,3,1,2017-02-27 20:00:00,Nathaniel Clyne,TakeOn
119471,35,MissedShots,0.8009999847412109,0.33,0.0366269014775753,Sadio Mané,h,838,OpenPlay,2016,LeftFoot,3401,Liverpool,Arsenal,3,1,2017-03-04 17:30:00,Nathaniel Clyne,Pass
119472,39,Goal,0.884000015258789,0.3820000076293945,0.10220900177955627,Sadio Mané,h,838,OpenPlay,2016,RightFoot,3401,Liverpool,Arsenal,3,1,2017-03-04 17:30:00,Roberto Firmino,Pass
112666,88,SavedShot,0.889000015258789,0.45,0.11255600303411484,Sadio Mané,h,838,OpenPlay,2016,RightFoot,3419,Liverpool,Burnley,2,1,2017-03-12 16:00:00,Emre Can,Chipped
120027,22,BlockedShot,0.855999984741211,0.39099998474121095,0.04437350109219551,Sadio Mané,a,838,SetPiece,2016,LeftFoot,3426,Manchester City,Liverpool,1,1,2017-03-19 16:30:00,Joel Matip,HeadPass
120028,23,MissedShots,0.8959999847412109,0.5829999923706055,0.09770730137825012,Sadio Mané,a,838,OpenPlay,2016,RightFoot,3426,Manchester City,Liverpool,1,1,2017-03-19 16:30:00,,BallRecovery
120037,46,BlockedShot,0.8519999694824218,0.4540000152587891,0.09167680144309998,Sadio Mané,a,838,OpenPlay,2016,RightFoot,3426,Manchester City,Liverpool,1,1,2017-03-19 16:30:00,Adam Lallana,Pass
119447,7,Goal,0.8719999694824219,0.585,0.10188599675893784,Sadio Mané,h,838,OpenPlay,2016,LeftFoot,3435,Liverpool,Everton,3,1,2017-04-01 12:30:00,Roberto Firmino,Pass
158347,28,Goal,0.915,0.6430000305175781,0.29964500665664673,Sadio Mané,a,838,OpenPlay,2017,RightFoot,7120,Watford,Liverpool,3,3,2017-08-12 12:30:00,Emre Can,Pass
158351,47,MissedShots,0.9019999694824219,0.5279999923706055,0.031223300844430923,Sadio Mané,a,838,OpenPlay,2017,Head,7120,Watford,Liverpool,3,3,2017-08-12 12:30:00,Roberto Firmino,Aerial
158490,34,SavedShot,0.9569999694824218,0.45799999237060546,0.500889003276825,Sadio Mané,h,838,FromCorner,2017,RightFoot,7134,Liverpool,Crystal Palace,1,0,2017-08-19 15:00:00,Andrew Robertson,Cross
158501,69,BlockedShot,0.8530000305175781,0.515,0.0989793986082077,Sadio Mané,h,838,OpenPlay,2017,RightFoot,7134,Liverpool,Crystal Palace,1,0,2017-08-19 15:00:00,Mohamed Salah,TakeOn
158503,69,SavedShot,0.8590000152587891,0.5479999923706055,0.09963420033454895,Sadio Mané,h,838,OpenPlay,2017,LeftFoot,7134,Liverpool,Crystal Palace,1,0,2017-08-19 15:00:00,Jordan Henderson,Pass
158504,72,Goal,0.9169999694824219,0.509000015258789,0.4901829957962036,Sadio Mané,h,838,OpenPlay,2017,RightFoot,7134,Liverpool,Crystal Palace,1,0,2017-08-19 15:00:00,,Tackle
158511,90,SavedShot,0.91,0.6759999847412109,0.07278169691562653,Sadio Mané,h,838,OpenPlay,2017,RightFoot,7134,Liverpool,Crystal Palace,1,0,2017-08-19 15:00:00,Dominic Solanke,Pass
158672,31,MissedShots,0.8490000152587891,0.6309999847412109,0.04175620153546333,Sadio Mané,h,838,OpenPlay,2017,RightFoot,7148,Liverpool,Arsenal,4,0,2017-08-27 16:00:00,Georginio Wijnaldum,HeadPass
158675,39,Goal,0.8830000305175781,0.6719999694824219,0.09303569793701172,Sadio Mané,h,838,OpenPlay,2017,RightFoot,7148,Liverpool,Arsenal,4,0,2017-08-27 16:00:00,Roberto Firmino,Pass
158685,69,SavedShot,0.9059999847412109,0.355,0.08256559818983078,Sadio Mané,h,838,OpenPlay,2017,RightFoot,7148,Liverpool,Arsenal,4,0,2017-08-27 16:00:00,,None
160279,17,MissedShots,0.975999984741211,0.645,0.03886599838733673,Sadio Mané,a,838,OpenPlay,2017,LeftFoot,7188,Newcastle United,Liverpool,1,1,2017-10-01 16:30:00,Joseph Gomez,Cross
160282,22,MissedShots,0.965999984741211,0.655,0.058563798666000366,Sadio Mané,a,838,FromCorner,2017,RightFoot,7188,Newcastle United,Liverpool,1,1,2017-10-01 16:30:00,,Rebound
161417,48,MissedShots,0.7580000305175781,0.43599998474121093,0.024159599095582962,Sadio Mané,a,838,OpenPlay,2017,RightFoot,7227,West Ham,Liverpool,1,4,2017-11-04 17:30:00,Mohamed Salah,Pass
161423,67,MissedShots,0.894000015258789,0.7019999694824218,0.0761047974228859,Sadio Mané,a,838,OpenPlay,2017,LeftFoot,7227,West Ham,Liverpool,1,4,2017-11-04 17:30:00,Roberto Firmino,Pass
161426,73,MissedShots,0.8530000305175781,0.4279999923706055,0.05042880028486252,Sadio Mané,a,838,OpenPlay,2017,RightFoot,7227,West Ham,Liverpool,1,4,2017-11-04 17:30:00,Roberto Firmino,Aerial
160819,30,BlockedShot,0.9180000305175782,0.28899999618530275,0.06972920149564743,Sadio Mané,h,838,OpenPlay,2017,RightFoot,7231,Liverpool,Southampton,3,0,2017-11-18 15:00:00,,TakeOn
160824,46,BlockedShot,0.8490000152587891,0.40099998474121096,0.09243589639663696,Sadio Mané,h,838,OpenPlay,2017,LeftFoot,7231,Liverpool,Southampton,3,0,2017-11-18 15:00:00,Roberto Firmino,Pass
161300,16,Goal,0.935,0.46599998474121096,0.40110400319099426,Sadio Mané,a,838,OpenPlay,2017,RightFoot,7258,Stoke,Liverpool,0,3,2017-11-29 20:00:00,Dominic Solanke,TakeOn
161306,42,ShotOnPost,0.8530000305175781,0.5109999847412109,0.5572289824485779,Sadio Mané,a,838,OpenPlay,2017,RightFoot,7258,Stoke,Liverpool,0,3,2017-11-29 20:00:00,Dominic Solanke,Throughball
161318,81,MissedShots,0.9319999694824219,0.40599998474121096,0.01836100034415722,Sadio Mané,a,838,FromCorner,2017,Head,7258,Stoke,Liverpool,0,3,2017-11-29 20:00:00,Mohamed Salah,Aerial
179233,45,MissedShots,0.9069999694824219,0.6329999923706054,0.36490699648857117,Sadio Mané,h,838,OpenPlay,2017,LeftFoot,7275,Liverpool,Everton,1,1,2017-12-10 14:15:00,Dominic Solanke,TakeOn
179239,57,SavedShot,0.8209999847412109,0.49900001525878906,0.01999399997293949,Sadio Mané,h,838,FromCorner,2017,RightFoot,7275,Liverpool,Everton,1,1,2017-12-10 14:15:00,Mohamed Salah,Chipped
185339,55,MissedShots,0.86,0.5870000076293945,0.09211309999227524,Sadio Mané,h,838,OpenPlay,2017,RightFoot,7287,Liverpool,West Bromwich Albion,0,0,2017-12-13 20:00:00,Roberto Firmino,Pass
185343,64,BlockedShot,0.8959999847412109,0.6730000305175782,0.06847749650478363,Sadio Mané,h,838,OpenPlay,2017,RightFoot,7287,Liverpool,West Bromwich Albion,0,0,2017-12-13 20:00:00,Emre Can,Pass
182884,29,SavedShot,0.815,0.5579999923706055,0.11683499813079834,Sadio Mané,a,838,OpenPlay,2017,RightFoot,7301,Arsenal,Liverpool,3,3,2017-12-22 19:45:00,,TakeOn
182888,43,MissedShots,0.9130000305175782,0.5920000076293945,0.3570750057697296,Sadio Mané,a,838,OpenPlay,2017,RightFoot,7301,Arsenal,Liverpool,3,3,2017-12-22 19:45:00,,Rebound
182895,61,SavedShot,0.92,0.3820000076293945,0.27269798517227173,Sadio Mané,a,838,OpenPlay,2017,RightFoot,7301,Arsenal,Liverpool,3,3,2017-12-22 19:45:00,Philippe Coutinho,Chipped
186020,45,MissedShots,0.84,0.625999984741211,0.05408110097050667,Sadio Mané,h,838,OpenPlay,2017,RightFoot,7323,Liverpool,Leicester,2,1,2017-12-30 15:00:00,Andrew Robertson,Pass
186283,31,MissedShots,0.769000015258789,0.54,0.029273999854922295,Sadio Mané,a,838,OpenPlay,2017,LeftFoot,7332,Burnley,Liverpool,1,2,2018-01-01 15:00:00,Trent Alexander-Arnold,Pass
186292,60,Goal,0.835999984741211,0.495,0.063161700963974,Sadio Mané,a,838,OpenPlay,2017,LeftFoot,7332,Burnley,Liverpool,1,2,2018-01-01 15:00:00,,None
187952,57,BlockedShot,0.8109999847412109,0.595999984741211,0.042229898273944855,Sadio Mané,h,838,OpenPlay,2017,RightFoot,7343,Liverpool,Manchester City,4,3,2018-01-14 16:00:00,,None
187954,60,ShotOnPost,0.8280000305175781,0.565,0.07458510249853134,Sadio Mané,h,838,OpenPlay,2017,RightFoot,7343,Liverpool,Manchester City,4,3,2018-01-14 16:00:00,,BallRecovery
187955,61,Goal,0.8480000305175781,0.585,0.0941568985581398,Sadio Mané,h,838,OpenPlay,2017,LeftFoot,7343,Liverpool,Manchester City,4,3,2018-01-14 16:00:00,Mohamed Salah,Pass
189607,46,MissedShots,0.8959999847412109,0.45,0.48330599069595337,Sadio Mané,a,838,OpenPlay,2017,RightFoot,7357,Swansea,Liverpool,1,0,2018-01-22 20:00:00,Mohamed Salah,Chipped
194068,44,BlockedShot,0.895,0.5279999923706055,0.10097400099039078,Sadio Mané,a,838,OpenPlay,2017,Head,7359,Huddersfield,Liverpool,0,3,2018-01-30 20:00:00,Emre Can,Cross
194070,53,SavedShot,0.875,0.515,0.13314299285411835,Sadio Mané,a,838,OpenPlay,2017,Head,7359,Huddersfield,Liverpool,0,3,2018-01-30 20:00:00,Emre Can,Cross
194072,58,MissedShots,0.8630000305175781,0.6309999847412109,0.07432059943675995,Sadio Mané,a,838,OpenPlay,2017,RightFoot,7359,Huddersfield,Liverpool,0,3,2018-01-30 20:00:00,James Milner,BallRecovery
194073,68,MissedShots,0.8859999847412109,0.4520000076293945,0.2832399904727936,Sadio Mané,a,838,OpenPlay,2017,Head,7359,Huddersfield,Liverpool,0,3,2018-01-30 20:00:00,Emre Can,Throughball
193945,25,MissedShots,0.7319999694824219,0.46,0.0266915000975132,Sadio Mané,a,838,OpenPlay,2017,RightFoot,7384,Southampton,Liverpool,0,2,2018-02-11 16:30:00,Andrew Robertson,Pass
193948,31,MissedShots,0.8430000305175781,0.475,0.10564800351858139,Sadio Mané,a,838,OpenPlay,2017,LeftFoot,7384,Southampton,Liverpool,0,2,2018-02-11 16:30:00,Georginio Wijnaldum,Pass
193951,49,BlockedShot,0.8480000305175781,0.5259999847412109,0.08211710304021835,Sadio Mané,a,838,OpenPlay,2017,RightFoot,7384,Southampton,Liverpool,0,2,2018-02-11 16:30:00,Roberto Firmino,Chipped
193958,73,BlockedShot,0.835,0.5220000076293946,0.12035299837589264,Sadio Mané,a,838,OpenPlay,2017,RightFoot,7384,Southampton,Liverpool,0,2,2018-02-11 16:30:00,Virgil van Dijk,Pass
193960,75,MissedShots,0.88,0.6229999923706054,0.09419599920511246,Sadio Mané,a,838,OpenPlay,2017,LeftFoot,7384,Southampton,Liverpool,0,2,2018-02-11 16:30:00,Roberto Firmino,Pass
197365,18,MissedShots,0.9169999694824219,0.47400001525878904,0.3551729917526245,Sadio Mané,h,838,OpenPlay,2017,Head,7395,Liverpool,West Ham,4,1,2018-02-24 15:00:00,Roberto Firmino,Cross
197375,55,SavedShot,0.865,0.3920000076293945,0.10012499988079071,Sadio Mané,h,838,OpenPlay,2017,RightFoot,7395,Liverpool,West Ham,4,1,2018-02-24 15:00:00,Roberto Firmino,Pass
197380,61,SavedShot,0.82,0.46099998474121096,0.08599159866571426,Sadio Mané,h,838,OpenPlay,2017,RightFoot,7395,Liverpool,West Ham,4,1,2018-02-24 15:00:00,Alex Oxlade-Chamberlain,Pass
197383,72,ShotOnPost,0.9030000305175782,0.5420000076293945,0.5698580145835876,Sadio Mané,h,838,OpenPlay,2017,LeftFoot,7395,Liverpool,West Ham,4,1,2018-02-24 15:00:00,Alex Oxlade-Chamberlain,Throughball
197384,76,Goal,0.96,0.500999984741211,0.8085399866104126,Sadio Mané,h,838,OpenPlay,2017,RightFoot,7395,Liverpool,West Ham,4,1,2018-02-24 15:00:00,Andrew Robertson,Pass
197385,78,MissedShots,0.750999984741211,0.5529999923706055,0.02665410004556179,Sadio Mané,h,838,OpenPlay,2017,LeftFoot,7395,Liverpool,West Ham,4,1,2018-02-24 15:00:00,Andrew Robertson,Pass
199034,41,MissedShots,0.895,0.5979999923706054,0.1137399971485138,Sadio Mané,h,838,OpenPlay,2017,LeftFoot,7403,Liverpool,Newcastle United,2,0,2018-03-03 17:30:00,Roberto Firmino,Pass
199037,54,Goal,0.8859999847412109,0.5279999923706055,0.411206990480423,Sadio Mané,h,838,OpenPlay,2017,RightFoot,7403,Liverpool,Newcastle United,2,0,2018-03-03 17:30:00,Roberto Firmino,Pass
199835,53,BlockedShot,0.745999984741211,0.54,0.019739000126719475,Sadio Mané,a,838,OpenPlay,2017,LeftFoot,7414,Manchester United,Liverpool,2,1,2018-03-10 12:30:00,Alex Oxlade-Chamberlain,Pass
204117,10,MissedShots,0.96,0.515,0.09992890059947968,Sadio Mané,a,838,FromCorner,2017,Head,7432,Crystal Palace,Liverpool,1,2,2018-03-31 12:30:00,Virgil van Dijk,None
204126,42,BlockedShot,0.8690000152587891,0.36900001525878906,0.06321100145578384,Sadio Mané,a,838,OpenPlay,2017,LeftFoot,7432,Crystal Palace,Liverpool,1,2,2018-03-31 12:30:00,Roberto Firmino,Chipped
204128,43,SavedShot,0.9230000305175782,0.40599998474121096,0.04478650167584419,Sadio Mané,a,838,FromCorner,2017,Head,7432,Crystal Palace,Liverpool,1,2,2018-03-31 12:30:00,Mohamed Salah,Cross
204129,48,Goal,0.9519999694824218,0.5279999923706055,0.5635420083999634,Sadio Mané,a,838,OpenPlay,2017,LeftFoot,7432,Crystal Palace,Liverpool,1,2,2018-03-31 12:30:00,James Milner,Cross
206997,43,MissedShots,0.7709999847412109,0.6659999847412109,0.021356400102376938,Sadio Mané,a,838,OpenPlay,2017,RightFoot,7443,Everton,Liverpool,0,0,2018-04-07 11:30:00,Jordan Henderson,Pass
208637,6,SavedShot,0.9119999694824219,0.5029999923706054,0.0724702998995781,Sadio Mané,h,838,OpenPlay,2017,Head,7452,Liverpool,Bournemouth,3,0,2018-04-14 16:30:00,Jordan Henderson,Chipped
208638,6,Goal,0.9359999847412109,0.504000015258789,0.5895019769668579,Sadio Mané,h,838,OpenPlay,2017,RightFoot,7452,Liverpool,Bournemouth,3,0,2018-04-14 16:30:00,,Rebound
208642,20,BlockedShot,0.855,0.4490000152587891,0.08359599858522415,Sadio Mané,h,838,OpenPlay,2017,RightFoot,7452,Liverpool,Bournemouth,3,0,2018-04-14 16:30:00,Jordan Henderson,Chipped
208643,21,MissedShots,0.8469999694824218,0.5420000076293945,0.09953930228948593,Sadio Mané,h,838,OpenPlay,2017,LeftFoot,7452,Liverpool,Bournemouth,3,0,2018-04-14 16:30:00,Georginio Wijnaldum,Pass
208646,44,MissedShots,0.885,0.42700000762939455,0.040026698261499405,Sadio Mané,h,838,OpenPlay,2017,Head,7452,Liverpool,Bournemouth,3,0,2018-04-14 16:30:00,Dejan Lovren,Chipped
208651,69,MissedShots,0.7769999694824219,0.48400001525878905,0.04489880055189133,Sadio Mané,h,838,OpenPlay,2017,LeftFoot,7452,Liverpool,Bournemouth,3,0,2018-04-14 16:30:00,Mohamed Salah,Pass
213988,20,MissedShots,0.8969999694824219,0.425,0.08609790354967117,Sadio Mané,a,838,OpenPlay,2017,RightFoot,7485,Chelsea,Liverpool,1,0,2018-05-06 16:30:00,Nathaniel Clyne,Cross
213989,23,SavedShot,0.7280000305175781,0.5720000076293945,0.019365500658750534,Sadio Mané,a,838,OpenPlay,2017,LeftFoot,7485,Chelsea,Liverpool,1,0,2018-05-06 16:30:00,Trent Alexander-Arnold,Pass
213990,30,SavedShot,0.7759999847412109,0.534000015258789,0.03247150033712387,Sadio Mané,a,838,OpenPlay,2017,RightFoot,7485,Chelsea,Liverpool,1,0,2018-05-06 16:30:00,Andrew Robertson,Pass
213991,30,SavedShot,0.8580000305175781,0.5520000076293945,0.09330680221319199,Sadio Mané,a,838,OpenPlay,2017,RightFoot,7485,Chelsea,Liverpool,1,0,2018-05-06 16:30:00,Roberto Firmino,Pass
215734,18,SavedShot,0.9430000305175781,0.43400001525878906,0.512241005897522,Sadio Mané,h,838,OpenPlay,2017,RightFoot,7495,Liverpool,Brighton,4,0,2018-05-13 15:00:00,Dominic Solanke,Throughball
215742,32,BlockedShot,0.8719999694824219,0.41,0.09896519780158997,Sadio Mané,h,838,OpenPlay,2017,LeftFoot,7495,Liverpool,Brighton,4,0,2018-05-13 15:00:00,Dejan Lovren,HeadPass
215748,41,BlockedShot,0.8419999694824218,0.48700000762939455,0.11056700348854065,Sadio Mané,h,838,OpenPlay,2017,RightFoot,7495,Liverpool,Brighton,4,0,2018-05-13 15:00:00,Roberto Firmino,Pass
232788,16,BlockedShot,0.874000015258789,0.6880000305175781,0.07034079730510712,Sadio Mané,h,838,OpenPlay,2018,RightFoot,9205,Liverpool,West Ham,4,0,2018-08-12 15:30:00,,TakeOn
232798,46,Goal,0.9619999694824218,0.5129999923706055,0.7112550139427185,Sadio Mané,h,838,OpenPlay,2018,RightFoot,9205,Liverpool,West Ham,4,0,2018-08-12 15:30:00,James Milner,Pass
232800,52,Goal,0.865,0.5379999923706055,0.14290200173854828,Sadio Mané,h,838,OpenPlay,2018,RightFoot,9205,Liverpool,West Ham,4,0,2018-08-12 15:30:00,Roberto Firmino,Throughball
232803,67,MissedShots,0.9519999694824218,0.4159999847412109,0.03305390104651451,Sadio Mané,h,838,FromCorner,2018,Head,9205,Liverpool,West Ham,4,0,2018-08-12 15:30:00,Mohamed Salah,Aerial
233052,80,SavedShot,0.874000015258789,0.4179999923706055,0.11372499912977219,Sadio Mané,a,838,OpenPlay,2018,RightFoot,9216,Crystal Palace,Liverpool,0,2,2018-08-20 22:00:00,Mohamed Salah,Pass
233056,92,Goal,0.915,0.3609999847412109,0.6860160231590271,Sadio Mané,a,838,OpenPlay,2018,RightFoot,9216,Crystal Palace,Liverpool,0,2,2018-08-20 22:00:00,Mohamed Salah,TakeOn
233314,4,MissedShots,0.8590000152587891,0.4,0.08379790186882019,Sadio Mané,h,838,OpenPlay,2018,LeftFoot,9223,Liverpool,Brighton,1,0,2018-08-25 19:30:00,Mohamed Salah,Pass
233321,33,SavedShot,0.9209999847412109,0.49400001525878906,0.07874920219182968,Sadio Mané,h,838,OpenPlay,2018,Head,9223,Liverpool,Brighton,1,0,2018-08-25 19:30:00,,None
233646,9,Goal,0.899000015258789,0.5420000076293945,0.1316699981689453,Sadio Mané,a,838,OpenPlay,2018,LeftFoot,9227,Leicester,Liverpool,1,2,2018-09-01 11:30:00,Andrew Robertson,Pass
233663,81,MissedShots,0.9269999694824219,0.4779999923706055,0.13509899377822876,Sadio Mané,a,838,SetPiece,2018,Head,9227,Leicester,Liverpool,1,2,2018-09-01 11:30:00,James Milner,Cross
233919,34,SavedShot,0.9059999847412109,0.585,0.11884500086307526,Sadio Mané,a,838,OpenPlay,2018,LeftFoot,9237,Tottenham,Liverpool,1,2,2018-09-15 11:30:00,Roberto Firmino,Pass
233924,48,SavedShot,0.8730000305175781,0.5220000076293946,0.1274999976158142,Sadio Mané,a,838,OpenPlay,2018,LeftFoot,9237,Tottenham,Liverpool,1,2,2018-09-15 11:30:00,Mohamed Salah,Pass
233934,80,SavedShot,0.845999984741211,0.590999984741211,0.10087700188159943,Sadio Mané,a,838,OpenPlay,2018,LeftFoot,9237,Tottenham,Liverpool,1,2,2018-09-15 11:30:00,Georginio Wijnaldum,Pass
233933,80,MissedShots,0.9259999847412109,0.5770000076293945,0.13437999784946442,Sadio Mané,a,838,OpenPlay,2018,LeftFoot,9237,Tottenham,Liverpool,1,2,2018-09-15 11:30:00,,Rebound
233939,90,MissedShots,0.7680000305175781,0.4759999847412109,0.03641679883003235,Sadio Mané,a,838,OpenPlay,2018,LeftFoot,9237,Tottenham,Liverpool,1,2,2018-09-15 11:30:00,Mohamed Salah,Pass
234187,45,SavedShot,0.7669999694824219,0.5820000076293945,0.03271400183439255,Sadio Mané,h,838,OpenPlay,2018,RightFoot,9249,Liverpool,Southampton,3,0,2018-09-22 14:00:00,,BallRecovery
234313,14,MissedShots,0.795,0.40799999237060547,0.03726150095462799,Sadio Mané,a,838,OpenPlay,2018,RightFoot,9264,Chelsea,Liverpool,1,1,2018-09-29 16:30:00,Roberto Firmino,Pass
234319,43,MissedShots,0.8690000152587891,0.4809999847412109,0.07114370167255402,Sadio Mané,a,838,OpenPlay,2018,LeftFoot,9264,Chelsea,Liverpool,1,1,2018-09-29 16:30:00,Trent Alexander-Arnold,Cross
234322,57,SavedShot,0.9,0.610999984741211,0.08176969736814499,Sadio Mané,a,838,OpenPlay,2018,RightFoot,9264,Chelsea,Liverpool,1,1,2018-09-29 16:30:00,Roberto Firmino,Pass
249478,9,BlockedShot,0.8780000305175781,0.4759999847412109,0.08864159882068634,Sadio Mané,h,838,OpenPlay,2018,LeftFoot,9288,Liverpool,Cardiff,4,1,2018-10-27 14:00:00,,None
249490,65,Goal,0.8969999694824219,0.6659999847412109,0.07546699792146683,Sadio Mané,h,838,OpenPlay,2018,LeftFoot,9288,Liverpool,Cardiff,4,1,2018-10-27 14:00:00,,None
249496,86,Goal,0.865999984741211,0.43599998474121093,0.5596439838409424,Sadio Mané,h,838,OpenPlay,2018,RightFoot,9288,Liverpool,Cardiff,4,1,2018-10-27 14:00:00,Mohamed Salah,Throughball
249893,82,BlockedShot,0.8109999847412109,0.48700000762939455,0.05366060137748718,Sadio Mané,a,838,OpenPlay,2018,RightFoot,9303,Arsenal,Liverpool,1,1,2018-11-03 17:30:00,Xherdan Shaqiri,Pass
250157,3,MissedShots,0.88,0.66,0.07357790321111679,Sadio Mané,h,838,OpenPlay,2018,RightFoot,9313,Liverpool,Fulham,2,0,2018-11-11 12:00:00,Roberto Firmino,Pass
250164,27,MissedShots,0.825999984741211,0.67,0.03658850118517876,Sadio Mané,h,838,OpenPlay,2018,RightFoot,9313,Liverpool,Fulham,2,0,2018-11-11 12:00:00,Andrew Robertson,Pass
250175,52,SavedShot,0.754000015258789,0.4759999847412109,0.03097889944911003,Sadio Mané,h,838,OpenPlay,2018,RightFoot,9313,Liverpool,Fulham,2,0,2018-11-11 12:00:00,Xherdan Shaqiri,Pass
250176,52,MissedShots,0.9259999847412109,0.45599998474121095,0.313834011554718,Sadio Mané,h,838,FromCorner,2018,Head,9313,Liverpool,Fulham,2,0,2018-11-11 12:00:00,Trent Alexander-Arnold,Cross
250273,40,SavedShot,0.8969999694824219,0.4209999847412109,0.11271099746227264,Sadio Mané,a,838,OpenPlay,2018,RightFoot,9318,Watford,Liverpool,0,3,2018-11-24 15:00:00,Xherdan Shaqiri,Pass
250283,88,SavedShot,0.8819999694824219,0.5259999847412109,0.5009899735450745,Sadio Mané,a,838,OpenPlay,2018,RightFoot,9318,Watford,Liverpool,0,3,2018-11-24 15:00:00,Andrew Robertson,Pass
250736,11,MissedShots,0.8859999847412109,0.55,0.30664798617362976,Sadio Mané,h,838,OpenPlay,2018,LeftFoot,9330,Liverpool,Everton,1,0,2018-12-02 16:15:00,Mohamed Salah,Chipped
250737,12,BlockedShot,0.9059999847412109,0.6840000152587891,0.05236579850316048,Sadio Mané,h,838,OpenPlay,2018,LeftFoot,9330,Liverpool,Everton,1,0,2018-12-02 16:15:00,Trent Alexander-Arnold,Chipped
250747,52,MissedShots,0.8880000305175781,0.595999984741211,0.3294450044631958,Sadio Mané,h,838,OpenPlay,2018,LeftFoot,9330,Liverpool,Everton,1,0,2018-12-02 16:15:00,Roberto Firmino,Pass
250749,58,MissedShots,0.7969999694824219,0.56,0.03501660004258156,Sadio Mané,h,838,OpenPlay,2018,RightFoot,9330,Liverpool,Everton,1,0,2018-12-02 16:15:00,Mohamed Salah,Pass
251450,23,Goal,0.924000015258789,0.539000015258789,0.3495039939880371,Sadio Mané,h,838,OpenPlay,2018,LeftFoot,9362,Liverpool,Manchester United,3,1,2018-12-16 16:00:00,Fabinho,Chipped
251454,36,SavedShot,0.8019999694824219,0.37599998474121094,0.03706330060958862,Sadio Mané,h,838,OpenPlay,2018,LeftFoot,9362,Liverpool,Manchester United,3,1,2018-12-16 16:00:00,Fabinho,Pass
251468,68,BlockedShot,0.8109999847412109,0.345,0.03358969837427139,Sadio Mané,h,838,OpenPlay,2018,LeftFoot,9362,Liverpool,Manchester United,3,1,2018-12-16 16:00:00,Georginio Wijnaldum,Pass
251503,84,MissedShots,0.9159999847412109,0.47,0.08765900135040283,Sadio Mané,a,838,FromCorner,2018,Head,9367,Wolverhampton Wanderers,Liverpool,0,2,2018-12-21 20:00:00,James Milner,Cross
251899,64,BlockedShot,0.899000015258789,0.4540000152587891,0.08985230326652527,Sadio Mané,h,838,OpenPlay,2018,RightFoot,9381,Liverpool,Newcastle United,4,0,2018-12-26 15:00:00,,Aerial
251902,78,BlockedShot,0.9590000152587891,0.5979999923706054,0.11911799758672714,Sadio Mané,h,838,OpenPlay,2018,RightFoot,9381,Liverpool,Newcastle United,4,0,2018-12-26 15:00:00,,None
251905,87,MissedShots,0.8419999694824218,0.4540000152587891,0.10816600173711777,Sadio Mané,h,838,OpenPlay,2018,RightFoot,9381,Liverpool,Newcastle United,4,0,2018-12-26 15:00:00,Dejan Lovren,Chipped
263687,22,SavedShot,0.915,0.745,0.040526699274778366,Sadio Mané,h,838,OpenPlay,2018,RightFoot,9391,Liverpool,Arsenal,5,1,2018-12-29 17:30:00,,TakeOn
263688,31,Goal,0.93,0.4540000152587891,0.551593005657196,Sadio Mané,h,838,OpenPlay,2018,RightFoot,9391,Liverpool,Arsenal,5,1,2018-12-29 17:30:00,Mohamed Salah,Pass
274350,17,ShotOnPost,0.8669999694824219,0.4570000076293945,0.36873099207878113,Sadio Mané,a,838,OpenPlay,2018,RightFoot,9400,Manchester City,Liverpool,2,1,2019-01-03 20:00:00,Mohamed Salah,Throughball
274351,19,SavedShot,0.9059999847412109,0.5259999847412109,0.10619000345468521,Sadio Mané,a,838,OpenPlay,2018,RightFoot,9400,Manchester City,Liverpool,2,1,2019-01-03 20:00:00,Trent Alexander-Arnold,Cross
274434,86,BlockedShot,0.8590000152587891,0.5709999847412109,0.11063099652528763,Sadio Mané,a,838,OpenPlay,2018,LeftFoot,9416,Brighton,Liverpool,0,1,2019-01-12 15:00:00,Mohamed Salah,Pass
274653,21,SavedShot,0.9269999694824219,0.4540000152587891,0.09911029785871506,Sadio Mané,h,838,FromCorner,2018,Head,9422,Liverpool,Crystal Palace,4,3,2019-01-19 15:00:00,James Milner,Cross
274669,68,SavedShot,0.9409999847412109,0.3340000152587891,0.0690528005361557,Sadio Mané,h,838,OpenPlay,2018,RightFoot,9422,Liverpool,Crystal Palace,4,3,2019-01-19 15:00:00,,BallTouch
274672,81,SavedShot,0.8119999694824219,0.5120000076293946,0.09813240170478821,Sadio Mané,h,838,OpenPlay,2018,RightFoot,9422,Liverpool,Crystal Palace,4,3,2019-01-19 15:00:00,Roberto Firmino,Pass
274674,89,MissedShots,0.8819999694824219,0.6,0.1392499953508377,Sadio Mané,h,838,OpenPlay,2018,LeftFoot,9422,Liverpool,Crystal Palace,4,3,2019-01-19 15:00:00,Mohamed Salah,BallRecovery
274675,92,Goal,0.9330000305175781,0.6840000152587891,0.07984749972820282,Sadio Mané,h,838,OpenPlay,2018,RightFoot,9422,Liverpool,Crystal Palace,4,3,2019-01-19 15:00:00,Andrew Robertson,Pass
275106,2,Goal,0.865,0.6170000076293946,0.06331899762153625,Sadio Mané,h,838,OpenPlay,2018,RightFoot,9436,Liverpool,Leicester,1,1,2019-01-30 20:00:00,,None
275108,5,MissedShots,0.9219999694824219,0.445,0.08131209760904312,Sadio Mané,h,838,FromCorner,2018,Head,9436,Liverpool,Leicester,1,1,2019-01-30 20:00:00,Xherdan Shaqiri,Cross
275120,93,MissedShots,0.9130000305175782,0.6,0.031502898782491684,Sadio Mané,h,838,FromCorner,2018,Head,9436,Liverpool,Leicester,1,1,2019-01-30 20:00:00,Adam Lallana,Cross
275351,21,Goal,0.9259999847412109,0.46799999237060547,0.4990589916706085,Sadio Mané,a,838,OpenPlay,2018,LeftFoot,9437,West Ham,Liverpool,1,1,2019-02-04 20:00:00,James Milner,Pass
275357,43,SavedShot,0.9459999847412109,0.5479999923706055,0.13820500671863556,Sadio Mané,a,838,SetPiece,2018,Head,9437,West Ham,Liverpool,1,1,2019-02-04 20:00:00,James Milner,Cross
275492,23,Goal,0.9359999847412109,0.47200000762939454,0.11503899842500687,Sadio Mané,h,838,FromCorner,2018,Head,9455,Liverpool,Bournemouth,3,0,2019-02-09 15:00:00,James Milner,Cross
275501,54,BlockedShot,0.86,0.745,0.06125840172171593,Sadio Mané,h,838,OpenPlay,2018,RightFoot,9455,Liverpool,Bournemouth,3,0,2019-02-09 15:00:00,Georginio Wijnaldum,Chipped
275502,55,MissedShots,0.9469999694824218,0.575,0.4004270136356354,Sadio Mané,h,838,OpenPlay,2018,Head,9455,Liverpool,Bournemouth,3,0,2019-02-09 15:00:00,Georginio Wijnaldum,Chipped
276041,8,Goal,0.9359999847412109,0.4909999847412109,0.4568600058555603,Sadio Mané,h,838,OpenPlay,2018,Head,9476,Liverpool,Watford,5,0,2019-02-27 20:00:00,Trent Alexander-Arnold,Cross
276042,11,MissedShots,0.950999984741211,0.610999984741211,0.05523360148072243,Sadio Mané,h,838,FromCorner,2018,RightFoot,9476,Liverpool,Watford,5,0,2019-02-27 20:00:00,Trent Alexander-Arnold,Cross
276043,19,Goal,0.895,0.47900001525878905,0.3235209882259369,Sadio Mané,h,838,OpenPlay,2018,RightFoot,9476,Liverpool,Watford,5,0,2019-02-27 20:00:00,Trent Alexander-Arnold,Cross
276056,62,BlockedShot,0.9069999694824219,0.519000015258789,0.12595100700855255,Sadio Mané,h,838,OpenPlay,2018,RightFoot,9476,Liverpool,Watford,5,0,2019-02-27 20:00:00,,None
284926,16,MissedShots,0.915,0.504000015258789,0.08906760066747665,Sadio Mané,h,838,OpenPlay,2018,Head,9490,Liverpool,Burnley,4,2,2019-03-10 12:00:00,Trent Alexander-Arnold,Cross
284930,28,Goal,0.8969999694824219,0.6090000152587891,0.07868800312280655,Sadio Mané,h,838,OpenPlay,2018,RightFoot,9490,Liverpool,Burnley,4,2,2019-03-10 12:00:00,,None
284940,74,BlockedShot,0.8209999847412109,0.38599998474121094,0.07058150321245193,Sadio Mané,h,838,OpenPlay,2018,RightFoot,9490,Liverpool,Burnley,4,2,2019-03-10 12:00:00,Mohamed Salah,Pass
284943,81,ShotOnPost,0.975,0.509000015258789,0.9504420161247253,Sadio Mané,h,838,OpenPlay,2018,LeftFoot,9490,Liverpool,Burnley,4,2,2019-03-10 12:00:00,Trent Alexander-Arnold,Pass
284948,92,Goal,0.9130000305175782,0.6359999847412109,0.5468649864196777,Sadio Mané,h,838,OpenPlay,2018,LeftFoot,9490,Liverpool,Burnley,4,2,2019-03-10 12:00:00,Daniel Sturridge,TakeOn
286755,25,Goal,0.924000015258789,0.5329999923706055,0.5254849791526794,Sadio Mané,a,838,OpenPlay,2018,RightFoot,9502,Fulham,Liverpool,1,2,2019-03-17 14:15:00,Roberto Firmino,Pass
286766,72,ShotOnPost,0.9569999694824218,0.5659999847412109,0.11754299700260162,Sadio Mané,a,838,FromCorner,2018,Head,9502,Fulham,Liverpool,1,2,2019-03-17 14:15:00,Trent Alexander-Arnold,Cross
288238,19,MissedShots,0.8169999694824219,0.5329999923706055,0.07887469977140427,Sadio Mané,h,838,OpenPlay,2018,RightFoot,9510,Liverpool,Tottenham,2,1,2019-03-31 15:30:00,Georginio Wijnaldum,Pass
288241,36,MissedShots,0.8090000152587891,0.59,0.05956380069255829,Sadio Mané,h,838,OpenPlay,2018,RightFoot,9510,Liverpool,Tottenham,2,1,2019-03-31 15:30:00,Roberto Firmino,Pass
291729,15,SavedShot,0.9319999694824219,0.5129999923706055,0.41273799538612366,Sadio Mané,a,838,OpenPlay,2018,Head,9520,Southampton,Liverpool,1,3,2019-04-05 20:00:00,Mohamed Salah,Cross
291736,38,MissedShots,0.9459999847412109,0.485,0.10561899840831757,Sadio Mané,a,838,OpenPlay,2018,Head,9520,Southampton,Liverpool,1,3,2019-04-05 20:00:00,Roberto Firmino,Aerial
291748,71,MissedShots,0.919000015258789,0.5370000076293945,0.05838549882173538,Sadio Mané,a,838,OpenPlay,2018,Head,9520,Southampton,Liverpool,1,3,2019-04-05 20:00:00,James Milner,Aerial
294279,37,MissedShots,0.8730000305175781,0.4570000076293945,0.14308099448680878,Sadio Mané,h,838,OpenPlay,2018,RightFoot,9531,Liverpool,Chelsea,2,0,2019-04-14 16:30:00,Mohamed Salah,Pass
294283,50,Goal,0.965999984741211,0.539000015258789,0.5867220163345337,Sadio Mané,h,838,OpenPlay,2018,Head,9531,Liverpool,Chelsea,2,0,2019-04-14 16:30:00,Jordan Henderson,Chipped
294293,88,SavedShot,0.93,0.7,0.05680689960718155,Sadio Mané,h,838,OpenPlay,2018,LeftFoot,9531,Liverpool,Chelsea,2,0,2019-04-14 16:30:00,,None
296000,12,MissedShots,0.7330000305175781,0.5179999923706055,0.02001209929585457,Sadio Mané,a,838,OpenPlay,2018,RightFoot,9544,Cardiff,Liverpool,0,2,2019-04-21 16:00:00,Naby Keita,Pass
296004,30,MissedShots,0.9319999694824219,0.4640000152587891,0.1214660033583641,Sadio Mané,a,838,OpenPlay,2018,LeftFoot,9544,Cardiff,Liverpool,0,2,2019-04-21 16:00:00,Trent Alexander-Arnold,Cross
296013,50,MissedShots,0.8780000305175781,0.7230000305175781,0.03456420078873634,Sadio Mané,a,838,OpenPlay,2018,RightFoot,9544,Cardiff,Liverpool,0,2,2019-04-21 16:00:00,Georginio Wijnaldum,Pass
297134,22,Goal,0.9130000305175782,0.5120000076293946,0.33540499210357666,Sadio Mané,h,838,OpenPlay,2018,Head,9551,Liverpool,Huddersfield,5,0,2019-04-26 20:00:00,Andrew Robertson,Cross
297139,48,MissedShots,0.860999984741211,0.66,0.37209999561309814,Sadio Mané,h,838,OpenPlay,2018,RightFoot,9551,Liverpool,Huddersfield,5,0,2019-04-26 20:00:00,Georginio Wijnaldum,Throughball
297144,65,Goal,0.9330000305175781,0.5920000076293945,0.05532069876790047,Sadio Mané,h,838,OpenPlay,2018,Head,9551,Liverpool,Huddersfield,5,0,2019-04-26 20:00:00,Jordan Henderson,Chipped
297148,77,ShotOnPost,0.965999984741211,0.5590000152587891,0.5276380181312561,Sadio Mané,h,838,OpenPlay,2018,Head,9551,Liverpool,Huddersfield,5,0,2019-04-26 20:00:00,Xherdan Shaqiri,Cross
299608,31,SavedShot,0.909000015258789,0.37400001525878906,0.35174399614334106,Sadio Mané,a,838,OpenPlay,2018,RightFoot,9559,Newcastle United,Liverpool,2,3,2019-05-04 18:45:00,Mohamed Salah,Throughball
301353,16,Goal,0.925,0.515,0.5362229943275452,Sadio Mané,h,838,OpenPlay,2018,RightFoot,9571,Liverpool,Wolverhampton Wanderers,2,0,2019-05-12 14:00:00,,None
301369,80,Goal,0.89,0.5329999923706055,0.19108299911022186,Sadio Mané,h,838,OpenPlay,2018,Head,9571,Liverpool,Wolverhampton Wanderers,2,0,2019-05-12 14:00:00,Trent Alexander-Arnold,Cross
310447,45,Goal,0.835,0.6459999847412109,0.04964650049805641,Sadio Mané,a,838,OpenPlay,2019,RightFoot,11658,Southampton,Liverpool,1,2,2019-08-17 15:00:00,James Milner,Pass
310461,74,SavedShot,0.9319999694824219,0.575999984741211,0.2451069951057434,Sadio Mané,a,838,SetPiece,2019,Head,11658,Southampton,Liverpool,1,2,2019-08-17 15:00:00,Trent Alexander-Arnold,Chipped
312703,20,SavedShot,0.8469999694824218,0.385,0.06207529827952385,Sadio Mané,h,838,OpenPlay,2019,RightFoot,11670,Liverpool,Arsenal,3,1,2019-08-24 17:30:00,,BallRecovery
312706,23,MissedShots,0.7730000305175782,0.759000015258789,0.012974999845027924,Sadio Mané,h,838,OpenPlay,2019,RightFoot,11670,Liverpool,Arsenal,3,1,2019-08-24 17:30:00,Andrew Robertson,Pass
312715,45,MissedShots,0.924000015258789,0.47,0.2006399929523468,Sadio Mané,h,838,FromCorner,2019,Head,11670,Liverpool,Arsenal,3,1,2019-08-24 17:30:00,Trent Alexander-Arnold,Aerial
316008,23,BlockedShot,0.865,0.6079999923706054,0.06309430301189423,Sadio Mané,a,838,OpenPlay,2019,RightFoot,11680,Burnley,Liverpool,0,3,2019-08-31 17:30:00,Trent Alexander-Arnold,Chipped
316012,36,Goal,0.86,0.5979999923706054,0.30823901295661926,Sadio Mané,a,838,OpenPlay,2019,RightFoot,11680,Burnley,Liverpool,0,3,2019-08-31 17:30:00,Roberto Firmino,Pass
317026,16,MissedShots,0.8669999694824219,0.43099998474121093,0.024096500128507614,Sadio Mané,h,838,OpenPlay,2019,Head,11683,Liverpool,Newcastle United,3,1,2019-09-14 11:30:00,Alex Oxlade-Chamberlain,Cross
317030,27,Goal,0.8859999847412109,0.6459999847412109,0.07354780286550522,Sadio Mané,h,838,OpenPlay,2019,RightFoot,11683,Liverpool,Newcastle United,3,1,2019-09-14 11:30:00,Andrew Robertson,Pass
317033,39,Goal,0.9730000305175781,0.46599998474121096,0.7119629979133606,Sadio Mané,h,838,OpenPlay,2019,LeftFoot,11683,Liverpool,Newcastle United,3,1,2019-09-14 11:30:00,,None
317050,82,MissedShots,0.9259999847412109,0.40299999237060546,0.016350600868463516,Sadio Mané,h,838,FromCorner,2019,Head,11683,Liverpool,Newcastle United,3,1,2019-09-14 11:30:00,Trent Alexander-Arnold,Aerial
321271,46,MissedShots,0.92,0.500999984741211,0.09864649921655655,Sadio Mané,a,838,FromCorner,2019,Head,11701,Chelsea,Liverpool,1,2,2019-09-22 15:30:00,Fabinho,Cross
322356,16,MissedShots,0.915,0.355,0.04966679960489273,Sadio Mané,a,838,FromCorner,2019,RightFoot,11703,Sheffield United,Liverpool,0,1,2019-09-28 11:30:00,,BallTouch
322360,33,MissedShots,0.8680000305175781,0.4520000076293945,0.2890140116214752,Sadio Mané,a,838,OpenPlay,2019,RightFoot,11703,Sheffield United,Liverpool,0,1,2019-09-28 11:30:00,Virgil van Dijk,Chipped
322364,42,ShotOnPost,0.9469999694824218,0.585,0.6128230094909668,Sadio Mané,a,838,OpenPlay,2019,RightFoot,11703,Sheffield United,Liverpool,0,1,2019-09-28 11:30:00,Roberto Firmino,Pass
322372,71,SavedShot,0.7830000305175782,0.3129999923706055,0.019886799156665802,Sadio Mané,a,838,OpenPlay,2019,LeftFoot,11703,Sheffield United,Liverpool,0,1,2019-09-28 11:30:00,Divock Origi,Cross
324092,29,SavedShot,0.7869999694824219,0.46700000762939453,0.03753580152988434,Sadio Mané,h,838,OpenPlay,2019,LeftFoot,11715,Liverpool,Leicester,2,1,2019-10-05 15:00:00,James Milner,Pass
324094,39,Goal,0.899000015258789,0.6029999923706054,0.31582099199295044,Sadio Mané,h,838,OpenPlay,2019,RightFoot,11715,Liverpool,Leicester,2,1,2019-10-05 15:00:00,James Milner,Throughball
324095,43,SavedShot,0.9009999847412109,0.5609999847412109,0.41376399993896484,Sadio Mané,h,838,OpenPlay,2019,RightFoot,11715,Liverpool,Leicester,2,1,2019-10-05 15:00:00,Roberto Firmino,Pass
328004,19,MissedShots,0.91,0.3820000076293945,0.019691800698637962,Sadio Mané,h,838,FromCorner,2019,Head,11736,Liverpool,Tottenham,2,1,2019-10-27 16:30:00,Trent Alexander-Arnold,Cross
328013,30,MissedShots,0.9119999694824219,0.5359999847412109,0.17332600057125092,Sadio Mané,h,838,OpenPlay,2019,Head,11736,Liverpool,Tottenham,2,1,2019-10-27 16:30:00,Trent Alexander-Arnold,Chipped
329244,15,MissedShots,0.9309999847412109,0.5270000076293946,0.4154849946498871,Sadio Mané,a,838,OpenPlay,2019,Head,11744,Aston Villa,Liverpool,1,2,2019-11-02 15:00:00,Jordan Henderson,Cross
329248,25,MissedShots,0.9359999847412109,0.575999984741211,0.0794244036078453,Sadio Mané,a,838,FromCorner,2019,Head,11744,Aston Villa,Liverpool,1,2,2019-11-02 15:00:00,Trent Alexander-Arnold,Cross
329253,49,SavedShot,0.7980000305175782,0.6020000076293945,0.03516719862818718,Sadio Mané,a,838,OpenPlay,2019,LeftFoot,11744,Aston Villa,Liverpool,1,2,2019-11-02 15:00:00,Adam Lallana,BallRecovery
329255,58,SavedShot,0.9769999694824218,0.580999984741211,0.24935199320316315,Sadio Mané,a,838,OpenPlay,2019,Head,11744,Aston Villa,Liverpool,1,2,2019-11-02 15:00:00,Trent Alexander-Arnold,Chipped
329262,71,MissedShots,0.8090000152587891,0.4759999847412109,0.051480598747730255,Sadio Mané,a,838,OpenPlay,2019,RightFoot,11744,Aston Villa,Liverpool,1,2,2019-11-02 15:00:00,Roberto Firmino,Pass
329271,93,Goal,0.9319999694824219,0.42700000762939455,0.077914297580719,Sadio Mané,a,838,FromCorner,2019,Head,11744,Aston Villa,Liverpool,1,2,2019-11-02 15:00:00,Trent Alexander-Arnold,Cross
331563,50,Goal,0.9690000152587891,0.5629999923706055,0.5319979786872864,Sadio Mané,h,838,OpenPlay,2019,Head,11755,Liverpool,Manchester City,3,1,2019-11-10 16:30:00,Jordan Henderson,Cross
332255,8,BlockedShot,0.9209999847412109,0.49599998474121093,0.14393599331378937,Sadio Mané,a,838,OpenPlay,2019,RightFoot,11767,Crystal Palace,Liverpool,1,2,2019-11-23 15:00:00,Trent Alexander-Arnold,Pass
332264,47,MissedShots,0.8280000305175781,0.43400001525878906,0.11557500064373016,Sadio Mané,a,838,OpenPlay,2019,RightFoot,11767,Crystal Palace,Liverpool,1,2,2019-11-23 15:00:00,Jordan Henderson,Throughball
332265,48,Goal,0.875,0.5020000076293946,0.0919393002986908,Sadio Mané,a,838,OpenPlay,2019,LeftFoot,11767,Crystal Palace,Liverpool,1,2,2019-11-23 15:00:00,Andrew Robertson,Chipped
333648,20,SavedShot,0.9519999694824218,0.39799999237060546,0.36692601442337036,Sadio Mané,h,838,FromCorner,2019,RightFoot,11776,Liverpool,Brighton,2,1,2019-11-30 15:00:00,,Rebound
333660,65,SavedShot,0.889000015258789,0.5670000076293945,0.13510100543498993,Sadio Mané,h,838,OpenPlay,2019,LeftFoot,11776,Liverpool,Brighton,2,1,2019-11-30 15:00:00,Georginio Wijnaldum,Pass
335149,1,MissedShots,0.8930000305175781,0.515,0.04353899881243706,Sadio Mané,h,838,OpenPlay,2019,Head,11792,Liverpool,Everton,5,2,2019-12-04 20:15:00,Andrew Robertson,Aerial
335160,44,Goal,0.8169999694824219,0.5509999847412109,0.10915400087833405,Sadio Mané,h,838,OpenPlay,2019,LeftFoot,11792,Liverpool,Everton,5,2,2019-12-04 20:15:00,Trent Alexander-Arnold,Pass
335168,80,MissedShots,0.8909999847412109,0.5370000076293945,0.44561898708343506,Sadio Mané,h,838,OpenPlay,2019,RightFoot,11792,Liverpool,Everton,5,2,2019-12-04 20:15:00,Jordan Henderson,Throughball
336791,23,MissedShots,0.8590000152587891,0.5479999923706055,0.07173120230436325,Sadio Mané,h,838,OpenPlay,2019,RightFoot,11808,Liverpool,Watford,2,0,2019-12-14 12:30:00,,None
336812,94,SavedShot,0.8919999694824219,0.26399999618530273,0.06596440076828003,Sadio Mané,h,838,OpenPlay,2019,LeftFoot,11808,Liverpool,Watford,2,0,2019-12-14 12:30:00,Trent Alexander-Arnold,HeadPass
339674,0,MissedShots,0.9640000152587891,0.4759999847412109,0.6321070194244385,Sadio Mané,a,838,OpenPlay,2019,LeftFoot,11828,Leicester,Liverpool,0,4,2019-12-26 20:00:00,Mohamed Salah,Cross
339678,19,MissedShots,0.9230000305175782,0.46799999237060547,0.09995249658823013,Sadio Mané,a,838,FromCorner,2019,Head,11828,Leicester,Liverpool,0,4,2019-12-26 20:00:00,Trent Alexander-Arnold,Cross
339680,33,SavedShot,0.9009999847412109,0.56,0.4283510148525238,Sadio Mané,a,838,OpenPlay,2019,RightFoot,11828,Leicester,Liverpool,0,4,2019-12-26 20:00:00,,BallTouch
339931,29,BlockedShot,0.894000015258789,0.4370000076293945,0.12238799780607224,Sadio Mané,h,838,OpenPlay,2019,LeftFoot,11836,Liverpool,Wolverhampton Wanderers,1,0,2019-12-29 16:30:00,Jordan Henderson,Pass
339933,41,Goal,0.9319999694824219,0.5579999923706055,0.5348299741744995,Sadio Mané,h,838,OpenPlay,2019,RightFoot,11836,Liverpool,Wolverhampton Wanderers,1,0,2019-12-29 16:30:00,Adam Lallana,Pass
351620,46,MissedShots,0.9469999694824218,0.505,0.08796410262584686,Sadio Mané,h,838,SetPiece,2019,Head,11847,Liverpool,Sheffield United,2,0,2020-01-02 20:00:00,Andrew Robertson,Aerial
351626,63,SavedShot,0.924000015258789,0.509000015258789,0.5520679950714111,Sadio Mané,h,838,OpenPlay,2019,RightFoot,11847,Liverpool,Sheffield United,2,0,2020-01-02 20:00:00,Mohamed Salah,Throughball
351627,63,Goal,0.9790000152587891,0.4540000152587891,0.7362710237503052,Sadio Mané,h,838,OpenPlay,2019,RightFoot,11847,Liverpool,Sheffield United,2,0,2020-01-02 20:00:00,,Rebound
351630,73,SavedShot,0.9690000152587891,0.675,0.08134820312261581,Sadio Mané,h,838,OpenPlay,2019,RightFoot,11847,Liverpool,Sheffield United,2,0,2020-01-02 20:00:00,Andrew Robertson,Pass
351778,34,MissedShots,0.8830000305175781,0.5379999923706055,0.09216249734163284,Sadio Mané,a,838,OpenPlay,2019,LeftFoot,11854,Tottenham,Liverpool,0,1,2020-01-11 17:30:00,Roberto Firmino,Chipped
351790,64,SavedShot,0.9219999694824219,0.5879999923706055,0.05061579868197441,Sadio Mané,a,838,OpenPlay,2019,Head,11854,Tottenham,Liverpool,0,1,2020-01-11 17:30:00,Trent Alexander-Arnold,Chipped
352073,7,MissedShots,0.8730000305175781,0.519000015258789,0.047548700124025345,Sadio Mané,h,838,SetPiece,2019,Head,11865,Liverpool,Manchester United,2,0,2020-01-19 16:30:00,Trent Alexander-Arnold,Cross
352081,44,SavedShot,0.8519999694824218,0.5729999923706055,0.3139910101890564,Sadio Mané,h,838,OpenPlay,2019,LeftFoot,11865,Liverpool,Manchester United,2,0,2020-01-19 16:30:00,Mohamed Salah,Pass
352084,47,MissedShots,0.919000015258789,0.610999984741211,0.12080399692058563,Sadio Mané,h,838,OpenPlay,2019,RightFoot,11865,Liverpool,Manchester United,2,0,2020-01-19 16:30:00,Roberto Firmino,Pass
352091,62,MissedShots,0.9159999847412109,0.6090000152587891,0.14893700182437897,Sadio Mané,h,838,OpenPlay,2019,LeftFoot,11865,Liverpool,Manchester United,2,0,2020-01-19 16:30:00,Georginio Wijnaldum,Pass
352778,77,Goal,0.9030000305175782,0.5879999923706055,0.09292930364608765,Sadio Mané,a,838,OpenPlay,2019,LeftFoot,11899,Norwich,Liverpool,0,1,2020-02-15 17:30:00,Jordan Henderson,Chipped
353143,24,BlockedShot,0.8959999847412109,0.69,0.061514098197221756,Sadio Mané,h,838,OpenPlay,2019,RightFoot,11911,Liverpool,West Ham,3,2,2020-02-24 20:00:00,Andrew Robertson,GoodSkill
353154,59,BlockedShot,0.885,0.6890000152587891,0.05346250161528587,Sadio Mané,h,838,OpenPlay,2019,LeftFoot,11911,Liverpool,West Ham,3,2,2020-02-24 20:00:00,Andrew Robertson,Pass
353163,80,Goal,0.9690000152587891,0.5220000076293946,0.7355089783668518,Sadio Mané,h,838,OpenPlay,2019,RightFoot,11911,Liverpool,West Ham,3,2,2020-02-24 20:00:00,Trent Alexander-Arnold,Pass
353399,32,Goal,0.8630000305175781,0.534000015258789,0.5638160109519958,Sadio Mané,h,838,OpenPlay,2019,RightFoot,11928,Liverpool,Bournemouth,2,1,2020-03-07 12:30:00,Virgil van Dijk,Throughball
353406,61,BlockedShot,0.759000015258789,0.6079999923706054,0.026189099997282028,Sadio Mané,h,838,OpenPlay,2019,RightFoot,11928,Liverpool,Bournemouth,2,1,2020-03-07 12:30:00,Mohamed Salah,Pass
353410,73,ShotOnPost,0.745,0.715999984741211,0.014518899843096733,Sadio Mané,h,838,OpenPlay,2019,RightFoot,11928,Liverpool,Bournemouth,2,1,2020-03-07 12:30:00,Georginio Wijnaldum,Pass
366446,68,Goal,0.865999984741211,0.67,0.2590090036392212,Sadio Mané,h,838,OpenPlay,2019,RightFoot,11951,Liverpool,Crystal Palace,4,0,2020-06-24 19:15:00,Mohamed Salah,Pass
368403,10,MissedShots,0.91,0.5459999847412109,0.11144600063562393,Sadio Mané,a,838,OpenPlay,2019,Head,11959,Manchester City,Liverpool,4,0,2020-07-02 19:15:00,Trent Alexander-Arnold,Cross
368421,73,BlockedShot,0.8769999694824219,0.6959999847412109,0.05813699960708618,Sadio Mané,a,838,OpenPlay,2019,RightFoot,11959,Manchester City,Liverpool,4,0,2020-07-02 19:15:00,Divock Origi,Pass
369029,32,BlockedShot,0.7330000305175781,0.5790000152587891,0.01345440000295639,Sadio Mané,h,838,OpenPlay,2019,LeftFoot,11966,Liverpool,Aston Villa,2,0,2020-07-05 15:30:00,,None
369035,70,Goal,0.9259999847412109,0.4929999923706055,0.5455809831619263,Sadio Mané,h,838,OpenPlay,2019,LeftFoot,11966,Liverpool,Aston Villa,2,0,2020-07-05 15:30:00,Naby Keita,Pass
369897,92,MissedShots,0.8480000305175781,0.63,0.07825469970703125,Sadio Mané,a,838,OpenPlay,2019,RightFoot,11976,Brighton,Liverpool,1,3,2020-07-08 19:15:00,Andrew Robertson,Pass
370427,46,SavedShot,0.8719999694824219,0.5520000076293945,0.12367299944162369,Sadio Mané,h,838,OpenPlay,2019,LeftFoot,11986,Liverpool,Burnley,1,1,2020-07-11 14:00:00,Mohamed Salah,Pass
370431,57,MissedShots,0.845999984741211,0.6659999847412109,0.05962429940700531,Sadio Mané,h,838,OpenPlay,2019,LeftFoot,11986,Liverpool,Burnley,1,1,2020-07-11 14:00:00,Roberto Firmino,Pass
370439,73,SavedShot,0.7780000305175782,0.6329999923706054,0.02547590062022209,Sadio Mané,h,838,OpenPlay,2019,RightFoot,11986,Liverpool,Burnley,1,1,2020-07-11 14:00:00,Roberto Firmino,Pass
370440,83,BlockedShot,0.769000015258789,0.605999984741211,0.025267399847507477,Sadio Mané,h,838,OpenPlay,2019,LeftFoot,11986,Liverpool,Burnley,1,1,2020-07-11 14:00:00,Roberto Firmino,Pass
371628,19,Goal,0.9269999694824219,0.5179999923706055,0.43400800228118896,Sadio Mané,a,838,OpenPlay,2019,RightFoot,11993,Arsenal,Liverpool,2,1,2020-07-15 19:15:00,Andrew Robertson,Cross
371629,20,SavedShot,0.860999984741211,0.7269999694824218,0.041912101209163666,Sadio Mané,a,838,OpenPlay,2019,RightFoot,11993,Arsenal,Liverpool,2,1,2020-07-15 19:15:00,Joseph Gomez,Chipped
371633,38,MissedShots,0.9030000305175782,0.3970000076293945,0.024378599599003792,Sadio Mané,a,838,FromCorner,2019,Head,11993,Arsenal,Liverpool,2,1,2020-07-15 19:15:00,Andrew Robertson,Cross
371641,50,BlockedShot,0.8619999694824219,0.5670000076293945,0.08228980004787445,Sadio Mané,a,838,OpenPlay,2019,RightFoot,11993,Arsenal,Liverpool,2,1,2020-07-15 19:15:00,Georginio Wijnaldum,Pass
371650,85,MissedShots,0.92,0.674000015258789,0.18516600131988525,Sadio Mané,a,838,OpenPlay,2019,LeftFoot,11993,Arsenal,Liverpool,2,1,2020-07-15 19:15:00,Andrew Robertson,Pass
371651,88,BlockedShot,0.8109999847412109,0.49700000762939456,0.027509400621056557,Sadio Mané,a,838,OpenPlay,2019,RightFoot,11993,Arsenal,Liverpool,2,1,2020-07-15 19:15:00,,TakeOn
373789,88,Goal,0.8540000152587891,0.6630000305175782,0.05680270120501518,Sadio Mané,a,838,OpenPlay,2019,RightFoot,12016,Newcastle United,Liverpool,1,3,2020-07-26 15:00:00,Roberto Firmino,Pass
376611,39,BlockedShot,0.8490000152587891,0.5570000076293945,0.10688000172376633,Sadio Mané,h,838,OpenPlay,2020,RightFoot,14090,Liverpool,Leeds,4,3,2020-09-12 16:30:00,Georginio Wijnaldum,Pass
376612,39,BlockedShot,0.8619999694824219,0.56,0.08808840066194534,Sadio Mané,h,838,OpenPlay,2020,LeftFoot,14090,Liverpool,Leeds,4,3,2020-09-12 16:30:00,,Rebound
376618,61,MissedShots,0.7769999694824219,0.590999984741211,0.056145500391721725,Sadio Mané,h,838,OpenPlay,2020,RightFoot,14090,Liverpool,Leeds,4,3,2020-09-12 16:30:00,Mohamed Salah,Pass
376620,67,BlockedShot,0.8669999694824219,0.33299999237060546,0.046994298696517944,Sadio Mané,h,838,OpenPlay,2020,RightFoot,14090,Liverpool,Leeds,4,3,2020-09-12 16:30:00,Mohamed Salah,Pass
376621,70,BlockedShot,0.7880000305175782,0.6270000076293946,0.025546099990606308,Sadio Mané,h,838,OpenPlay,2020,RightFoot,14090,Liverpool,Leeds,4,3,2020-09-12 16:30:00,Mohamed Salah,TakeOn
387030,49,Goal,0.9180000305175782,0.514000015258789,0.33947598934173584,Sadio Mané,a,838,OpenPlay,2020,Head,14102,Chelsea,Liverpool,0,2,2020-09-20 15:30:00,Roberto Firmino,Chipped
387031,53,Goal,0.9059999847412109,0.49700000762939456,0.470425009727478,Sadio Mané,a,838,OpenPlay,2020,RightFoot,14102,Chelsea,Liverpool,0,2,2020-09-20 15:30:00,,BallRecovery
387041,91,SavedShot,0.7290000152587891,0.6179999923706054,0.021481899544596672,Sadio Mané,a,838,OpenPlay,2020,LeftFoot,14102,Chelsea,Liverpool,0,2,2020-09-20 15:30:00,Mohamed Salah,Pass
379997,14,SavedShot,0.9059999847412109,0.40799999237060547,0.30486100912094116,Sadio Mané,h,838,OpenPlay,2020,RightFoot,14115,Liverpool,Arsenal,3,1,2020-09-28 19:15:00,Trent Alexander-Arnold,Cross
380003,27,Goal,0.9680000305175781,0.519000015258789,0.7971400022506714,Sadio Mané,h,838,OpenPlay,2020,LeftFoot,14115,Liverpool,Arsenal,3,1,2020-09-28 19:15:00,,Rebound
380006,46,MissedShots,0.8019999694824219,0.6609999847412109,0.04303419962525368,Sadio Mané,h,838,OpenPlay,2020,LeftFoot,14115,Liverpool,Arsenal,3,1,2020-09-28 19:15:00,Georginio Wijnaldum,Chipped
380012,63,MissedShots,0.874000015258789,0.539000015258789,0.10873600095510483,Sadio Mané,h,838,OpenPlay,2020,LeftFoot,14115,Liverpool,Arsenal,3,1,2020-09-28 19:15:00,,None
380014,69,SavedShot,0.8909999847412109,0.735,0.0282966997474432,Sadio Mané,h,838,OpenPlay,2020,RightFoot,14115,Liverpool,Arsenal,3,1,2020-09-28 19:15:00,,TakeOn
381674,2,Goal,0.919000015258789,0.5359999847412109,0.5007449984550476,Sadio Mané,a,838,OpenPlay,2020,RightFoot,14477,Everton,Liverpool,2,2,2020-10-17 11:30:00,Andrew Robertson,Pass
381685,33,MissedShots,0.8580000305175781,0.5459999847412109,0.09817469865083694,Sadio Mané,a,838,OpenPlay,2020,RightFoot,14477,Everton,Liverpool,2,2,2020-10-17 11:30:00,Andrew Robertson,Pass
381703,82,SavedShot,0.925,0.38799999237060545,0.32388800382614136,Sadio Mané,a,838,OpenPlay,2020,RightFoot,14477,Everton,Liverpool,2,2,2020-10-17 11:30:00,Mohamed Salah,Pass
381705,82,MissedShots,0.9640000152587891,0.495,0.2039480060338974,Sadio Mané,a,838,OpenPlay,2020,Head,14477,Everton,Liverpool,2,2,2020-10-17 11:30:00,Diogo Jota,None
383631,1,MissedShots,0.86,0.805,0.020636700093746185,Sadio Mané,h,838,OpenPlay,2020,LeftFoot,14490,Liverpool,Sheffield United,2,1,2020-10-24 19:00:00,Andrew Robertson,Pass
383640,40,SavedShot,0.924000015258789,0.5279999923706055,0.30963200330734253,Sadio Mané,h,838,OpenPlay,2020,Head,14490,Liverpool,Sheffield United,2,1,2020-10-24 19:00:00,Jordan Henderson,Cross
383658,86,MissedShots,0.7819999694824219,0.63,0.03596549853682518,Sadio Mané,h,838,OpenPlay,2020,RightFoot,14490,Liverpool,Sheffield United,2,1,2020-10-24 19:00:00,Andrew Robertson,Pass
384743,76,SavedShot,0.8769999694824219,0.4490000152587891,0.08076159656047821,Sadio Mané,h,838,OpenPlay,2020,RightFoot,14499,Liverpool,West Ham,2,1,2020-10-31 17:30:00,,None
388170,1,MissedShots,0.9590000152587891,0.590999984741211,0.02569339983165264,Sadio Mané,h,838,FromCorner,2020,Head,14519,Liverpool,Leicester,3,0,2020-11-22 19:15:00,James Milner,Aerial
388180,38,SavedShot,0.8669999694824219,0.5279999923706055,0.09858950227499008,Sadio Mané,h,838,OpenPlay,2020,RightFoot,14519,Liverpool,Leicester,3,0,2020-11-22 19:15:00,James Milner,Chipped
388186,53,BlockedShot,0.895,0.6519999694824219,0.2391269952058792,Sadio Mané,h,838,OpenPlay,2020,RightFoot,14519,Liverpool,Leicester,3,0,2020-11-22 19:15:00,James Milner,Pass
388196,76,SavedShot,0.889000015258789,0.5479999923706055,0.11046499758958817,Sadio Mané,h,838,OpenPlay,2020,RightFoot,14519,Liverpool,Leicester,3,0,2020-11-22 19:15:00,,Rebound
388198,83,SavedShot,0.7959999847412109,0.6179999923706054,0.05692850053310394,Sadio Mané,h,838,OpenPlay,2020,RightFoot,14519,Liverpool,Leicester,3,0,2020-11-22 19:15:00,Diogo Jota,TakeOn
388199,85,BlockedShot,0.9230000305175782,0.44299999237060544,0.032356198877096176,Sadio Mané,h,838,FromCorner,2020,Head,14519,Liverpool,Leicester,3,0,2020-11-22 19:15:00,James Milner,Aerial
391017,11,MissedShots,0.9130000305175782,0.5420000076293945,0.08859279751777649,Sadio Mané,h,838,OpenPlay,2020,Head,14539,Liverpool,Wolverhampton Wanderers,4,0,2020-12-06 19:15:00,Andrew Robertson,Cross
391021,32,MissedShots,0.9030000305175782,0.41900001525878905,0.04030660167336464,Sadio Mané,h,838,OpenPlay,2020,Head,14539,Liverpool,Wolverhampton Wanderers,4,0,2020-12-06 19:15:00,Jordan Henderson,Aerial
391024,39,BlockedShot,0.7530000305175781,0.54,0.029169900342822075,Sadio Mané,h,838,OpenPlay,2020,RightFoot,14539,Liverpool,Wolverhampton Wanderers,4,0,2020-12-06 19:15:00,Georginio Wijnaldum,Pass
391025,46,SavedShot,0.8469999694824218,0.585999984741211,0.07958430051803589,Sadio Mané,h,838,OpenPlay,2020,RightFoot,14539,Liverpool,Wolverhampton Wanderers,4,0,2020-12-06 19:15:00,Jordan Henderson,Chipped
391026,51,MissedShots,0.860999984741211,0.5479999923706055,0.10987400263547897,Sadio Mané,h,838,OpenPlay,2020,RightFoot,14539,Liverpool,Wolverhampton Wanderers,4,0,2020-12-06 19:15:00,Andrew Robertson,Pass
392320,39,MissedShots,0.9219999694824219,0.5579999923706055,0.23071299493312836,Sadio Mané,a,838,OpenPlay,2020,Head,14547,Fulham,Liverpool,1,1,2020-12-13 16:30:00,Curtis Jones,Chipped
393455,32,SavedShot,0.8469999694824218,0.545,0.0934515967965126,Sadio Mané,h,838,OpenPlay,2020,RightFoot,14563,Liverpool,Tottenham,2,1,2020-12-16 20:00:00,Georginio Wijnaldum,Chipped
393458,40,SavedShot,0.85,0.5540000152587891,0.09288399666547775,Sadio Mané,h,838,OpenPlay,2020,RightFoot,14563,Liverpool,Tottenham,2,1,2020-12-16 20:00:00,Andrew Robertson,Pass
393463,54,MissedShots,0.905,0.675,0.059218600392341614,Sadio Mané,h,838,SetPiece,2020,LeftFoot,14563,Liverpool,Tottenham,2,1,2020-12-16 20:00:00,Trent Alexander-Arnold,Chipped
393470,72,BlockedShot,0.9430000305175781,0.6659999847412109,0.07499819993972778,Sadio Mané,h,838,OpenPlay,2020,LeftFoot,14563,Liverpool,Tottenham,2,1,2020-12-16 20:00:00,Curtis Jones,Pass
393801,5,MissedShots,0.9009999847412109,0.44799999237060545,0.042349498718976974,Sadio Mané,a,838,OpenPlay,2020,Head,14568,Crystal Palace,Liverpool,0,7,2020-12-19 12:30:00,Andrew Robertson,Aerial
393807,34,Goal,0.8480000305175781,0.52,0.1119920015335083,Sadio Mané,a,838,OpenPlay,2020,RightFoot,14568,Crystal Palace,Liverpool,0,7,2020-12-19 12:30:00,Roberto Firmino,Pass
393812,55,BlockedShot,0.86,0.5720000076293945,0.11486099660396576,Sadio Mané,a,838,OpenPlay,2020,LeftFoot,14568,Crystal Palace,Liverpool,0,7,2020-12-19 12:30:00,Andrew Robertson,Pass
395783,11,Goal,0.9019999694824219,0.47200000762939454,0.43131399154663086,Sadio Mané,h,838,OpenPlay,2020,RightFoot,14580,Liverpool,West Bromwich Albion,1,1,2020-12-27 16:30:00,Joel Matip,Throughball
395785,20,MissedShots,0.860999984741211,0.4809999847412109,0.035906899720430374,Sadio Mané,h,838,OpenPlay,2020,Head,14580,Liverpool,West Bromwich Albion,1,1,2020-12-27 16:30:00,Jordan Henderson,Chipped
395786,22,BlockedShot,0.955999984741211,0.5029999923706054,0.14797300100326538,Sadio Mané,h,838,OpenPlay,2020,LeftFoot,14580,Liverpool,West Bromwich Albion,1,1,2020-12-27 16:30:00,Trent Alexander-Arnold,Cross
396147,53,MissedShots,0.9319999694824219,0.4520000076293945,0.10598400235176086,Sadio Mané,a,838,FromCorner,2020,Head,14591,Newcastle United,Liverpool,0,0,2020-12-30 20:00:00,Trent Alexander-Arnold,Cross
397118,33,MissedShots,0.7769999694824219,0.6509999847412109,0.016559399664402008,Sadio Mané,a,838,OpenPlay,2020,RightFoot,14598,Southampton,Liverpool,1,0,2021-01-04 20:00:00,Thiago Alcántara,Chipped
397125,57,BlockedShot,0.9590000152587891,0.615999984741211,0.37476998567581177,Sadio Mané,a,838,OpenPlay,2020,LeftFoot,14598,Southampton,Liverpool,1,0,2021-01-04 20:00:00,,TakeOn
397129,74,SavedShot,0.9209999847412109,0.6890000152587891,0.06250060349702835,Sadio Mané,a,838,OpenPlay,2020,LeftFoot,14598,Southampton,Liverpool,1,0,2021-01-04 20:00:00,Andrew Robertson,Pass
397135,92,MissedShots,0.9369999694824219,0.43099998474121093,0.038434598594903946,Sadio Mané,a,838,FromCorner,2020,Head,14598,Southampton,Liverpool,1,0,2021-01-04 20:00:00,Andrew Robertson,Aerial
399469,47,BlockedShot,0.9269999694824219,0.6179999923706054,0.03090899996459484,Sadio Mané,h,838,OpenPlay,2020,Head,14620,Liverpool,Manchester United,0,0,2021-01-17 16:30:00,Mohamed Salah,Chipped
400171,6,BlockedShot,0.9059999847412109,0.3970000076293945,0.025157399475574493,Sadio Mané,h,838,FromCorner,2020,Head,14613,Liverpool,Burnley,0,1,2021-01-21 20:00:00,Trent Alexander-Arnold,Cross
400189,63,MissedShots,0.865,0.47200000762939454,0.10159999877214432,Sadio Mané,h,838,OpenPlay,2020,RightFoot,14613,Liverpool,Burnley,0,1,2021-01-21 20:00:00,Mohamed Salah,Pass
400195,79,BlockedShot,0.845,0.6370000076293946,0.05727599933743477,Sadio Mané,h,838,OpenPlay,2020,RightFoot,14613,Liverpool,Burnley,0,1,2021-01-21 20:00:00,Andrew Robertson,Pass
401361,1,MissedShots,0.8830000305175781,0.610999984741211,0.3412039875984192,Sadio Mané,a,838,OpenPlay,2020,LeftFoot,14633,Tottenham,Liverpool,1,3,2021-01-28 20:00:00,,None
401363,9,BlockedShot,0.8590000152587891,0.6320000076293946,0.06996320188045502,Sadio Mané,a,838,OpenPlay,2020,RightFoot,14633,Tottenham,Liverpool,1,3,2021-01-28 20:00:00,James Milner,Pass
401366,23,SavedShot,0.9130000305175782,0.534000015258789,0.34400901198387146,Sadio Mané,a,838,OpenPlay,2020,RightFoot,14633,Tottenham,Liverpool,1,3,2021-01-28 20:00:00,Mohamed Salah,Chipped
401367,41,SavedShot,0.8719999694824219,0.4879999923706055,0.11385899782180786,Sadio Mané,a,838,OpenPlay,2020,RightFoot,14633,Tottenham,Liverpool,1,3,2021-01-28 20:00:00,Roberto Firmino,Pass
401368,46,MissedShots,0.8540000152587891,0.47900001525878905,0.01719689927995205,Sadio Mané,a,838,OpenPlay,2020,Head,14633,Tottenham,Liverpool,1,3,2021-01-28 20:00:00,James Milner,Cross
401371,46,SavedShot,0.845,0.6659999847412109,0.06036579981446266,Sadio Mané,a,838,OpenPlay,2020,RightFoot,14633,Tottenham,Liverpool,1,3,2021-01-28 20:00:00,Andrew Robertson,Pass
401376,64,Goal,0.9259999847412109,0.565,0.3462759852409363,Sadio Mané,a,838,OpenPlay,2020,LeftFoot,14633,Tottenham,Liverpool,1,3,2021-01-28 20:00:00,Trent Alexander-Arnold,Cross
403856,23,MissedShots,0.9309999847412109,0.44,0.11716900020837784,Sadio Mané,h,838,OpenPlay,2020,Head,14659,Liverpool,Manchester City,1,4,2021-02-07 16:30:00,Trent Alexander-Arnold,Cross
403861,44,SavedShot,0.9180000305175782,0.590999984741211,0.043351899832487106,Sadio Mané,h,838,FromCorner,2020,Head,14659,Liverpool,Manchester City,1,4,2021-02-07 16:30:00,Trent Alexander-Arnold,Cross
404128,19,BlockedShot,0.9480000305175781,0.49599998474121093,0.16857600212097168,Sadio Mané,a,838,OpenPlay,2020,RightFoot,14670,Leicester,Liverpool,3,1,2021-02-13 12:30:00,,Rebound
404130,25,MissedShots,0.9340000152587891,0.534000015258789,0.07710299640893936,Sadio Mané,a,838,FromCorner,2020,Head,14670,Leicester,Liverpool,3,1,2021-02-13 12:30:00,Jordan Henderson,Chipped
405697,46,SavedShot,0.9,0.48200000762939454,0.031607698649168015,Sadio Mané,h,838,OpenPlay,2020,Head,14680,Liverpool,Everton,0,2,2021-02-20 17:30:00,Andrew Robertson,Aerial
405698,49,MissedShots,0.9280000305175782,0.47200000762939454,0.35991498827934265,Sadio Mané,h,838,OpenPlay,2020,Head,14680,Liverpool,Everton,0,2,2021-02-20 17:30:00,Curtis Jones,Cross
408962,65,MissedShots,0.9219999694824219,0.5179999923706055,0.10919699817895889,Sadio Mané,h,838,FromCorner,2020,LeftFoot,14699,Liverpool,Fulham,0,1,2021-03-07 14:00:00,Xherdan Shaqiri,Cross
408963,69,ShotOnPost,0.909000015258789,0.6040000152587891,0.01988079957664013,Sadio Mané,h,838,OpenPlay,2020,Head,14699,Liverpool,Fulham,0,1,2021-03-07 14:00:00,Naby Keita,Aerial
408966,79,MissedShots,0.9259999847412109,0.5920000076293945,0.060021501034498215,Sadio Mané,h,838,OpenPlay,2020,Head,14699,Liverpool,Fulham,0,1,2021-03-07 14:00:00,Trent Alexander-Arnold,Cross
410779,12,BlockedShot,0.9169999694824219,0.6370000076293946,0.15386399626731873,Sadio Mané,a,838,OpenPlay,2020,RightFoot,14714,Wolverhampton Wanderers,Liverpool,0,1,2021-03-15 20:00:00,Georginio Wijnaldum,TakeOn
410780,19,BlockedShot,0.7709999847412109,0.48,0.03219490125775337,Sadio Mané,a,838,OpenPlay,2020,RightFoot,14714,Wolverhampton Wanderers,Liverpool,0,1,2021-03-15 20:00:00,Diogo Jota,TakeOn
410781,25,BlockedShot,0.8469999694824218,0.585,0.08198440074920654,Sadio Mané,a,838,OpenPlay,2020,LeftFoot,14714,Wolverhampton Wanderers,Liverpool,0,1,2021-03-15 20:00:00,Thiago Alcántara,Pass
410782,37,MissedShots,0.8880000305175781,0.4779999923706055,0.23207099735736847,Sadio Mané,a,838,OpenPlay,2020,Head,14714,Wolverhampton Wanderers,Liverpool,0,1,2021-03-15 20:00:00,Trent Alexander-Arnold,Cross
410792,78,SavedShot,0.7909999847412109,0.610999984741211,0.04029599949717522,Sadio Mané,a,838,OpenPlay,2020,RightFoot,14714,Wolverhampton Wanderers,Liverpool,0,1,2021-03-15 20:00:00,James Milner,Pass
412828,26,SavedShot,0.9030000305175782,0.475,0.0984107032418251,Sadio Mané,a,838,OpenPlay,2020,Head,14725,Arsenal,Liverpool,0,3,2021-04-03 19:00:00,James Milner,Cross
412843,91,MissedShots,0.8980000305175782,0.49400001525878906,0.1989309936761856,Sadio Mané,a,838,SetPiece,2020,Head,14725,Arsenal,Liverpool,0,3,2021-04-03 19:00:00,Trent Alexander-Arnold,Cross
412844,93,SavedShot,0.865999984741211,0.53,0.44228699803352356,Sadio Mané,a,838,OpenPlay,2020,RightFoot,14725,Arsenal,Liverpool,0,3,2021-04-03 19:00:00,Mohamed Salah,Pass
413900,95,SavedShot,0.8830000305175781,0.37900001525878907,0.34054601192474365,Sadio Mané,h,838,OpenPlay,2020,RightFoot,14739,Liverpool,Aston Villa,2,1,2021-04-10 14:00:00,Xherdan Shaqiri,Pass
416149,30,Goal,0.86,0.5279999923706055,0.35497498512268066,Sadio Mané,a,838,OpenPlay,2020,RightFoot,14749,Leeds,Liverpool,1,1,2021-04-19 19:00:00,Trent Alexander-Arnold,Pass
417050,21,BlockedShot,0.9330000305175781,0.6029999923706054,0.02849150076508522,Sadio Mané,h,838,FromCorner,2020,Head,14760,Liverpool,Newcastle United,1,1,2021-04-24 11:30:00,Andrew Robertson,TakeOn
417053,26,BlockedShot,0.8859999847412109,0.40099998474121096,0.11514999717473984,Sadio Mané,h,838,OpenPlay,2020,RightFoot,14760,Liverpool,Newcastle United,1,1,2021-04-24 11:30:00,Mohamed Salah,Pass
417054,28,BlockedShot,0.8959999847412109,0.5220000076293946,0.1277640014886856,Sadio Mané,h,838,OpenPlay,2020,RightFoot,14760,Liverpool,Newcastle United,1,1,2021-04-24 11:30:00,Mohamed Salah,BallRecovery
417059,43,MissedShots,0.9209999847412109,0.49599998474121093,0.13614800572395325,Sadio Mané,h,838,OpenPlay,2020,RightFoot,14760,Liverpool,Newcastle United,1,1,2021-04-24 11:30:00,Trent Alexander-Arnold,Cross
417060,46,MissedShots,0.9540000152587891,0.5359999847412109,0.15364299714565277,Sadio Mané,h,838,OpenPlay,2020,Head,14760,Liverpool,Newcastle United,1,1,2021-04-24 11:30:00,Andrew Robertson,Cross
417071,79,SavedShot,0.915,0.7090000152587891,0.05868539959192276,Sadio Mané,h,838,OpenPlay,2020,LeftFoot,14760,Liverpool,Newcastle United,1,1,2021-04-24 11:30:00,Trent Alexander-Arnold,Chipped
420340,9,MissedShots,0.8430000305175781,0.495,0.07257690280675888,Sadio Mané,h,838,OpenPlay,2020,RightFoot,14780,Liverpool,Southampton,2,0,2021-05-08 19:15:00,Trent Alexander-Arnold,Chipped
420351,30,Goal,0.960999984741211,0.545,0.5736969709396362,Sadio Mané,h,838,OpenPlay,2020,Head,14780,Liverpool,Southampton,2,0,2021-05-08 19:15:00,Mohamed Salah,Aerial
422443,23,MissedShots,0.8880000305175781,0.4620000076293945,0.4062960147857666,Sadio Mané,a,838,OpenPlay,2020,RightFoot,14789,West Bromwich Albion,Liverpool,1,2,2021-05-16 15:30:00,Thiago Alcántara,Pass
422453,41,BlockedShot,0.78,0.575,0.03130260109901428,Sadio Mané,a,838,OpenPlay,2020,RightFoot,14789,West Bromwich Albion,Liverpool,1,2,2021-05-16 15:30:00,Thiago Alcántara,Pass
423340,2,MissedShots,0.9530000305175781,0.5259999847412109,0.6368749737739563,Sadio Mané,a,838,OpenPlay,2020,LeftFoot,14796,Burnley,Liverpool,0,3,2021-05-19 19:15:00,,Rebound
423351,39,BlockedShot,0.889000015258789,0.45599998474121095,0.11985199898481369,Sadio Mané,a,838,OpenPlay,2020,RightFoot,14796,Burnley,Liverpool,0,3,2021-05-19 19:15:00,Mohamed Salah,Pass
423366,85,BlockedShot,0.765,0.5509999847412109,0.033716101199388504,Sadio Mané,a,838,OpenPlay,2020,LeftFoot,14796,Burnley,Liverpool,0,3,2021-05-19 19:15:00,Trent Alexander-Arnold,Pass
424056,31,MissedShots,0.8630000305175781,0.62,0.08254670351743698,Sadio Mané,h,838,OpenPlay,2020,RightFoot,14810,Liverpool,Crystal Palace,2,0,2021-05-23 15:00:00,Georginio Wijnaldum,Pass
424058,35,Goal,0.9630000305175781,0.47,0.744513988494873,Sadio Mané,h,838,FromCorner,2020,LeftFoot,14810,Liverpool,Crystal Palace,2,0,2021-05-23 15:00:00,Roberto Firmino,Pass
424065,73,Goal,0.8540000152587891,0.63,0.08164150267839432,Sadio Mané,h,838,OpenPlay,2020,LeftFoot,14810,Liverpool,Crystal Palace,2,0,2021-05-23 15:00:00,Mohamed Salah,Pass
425985,32,BlockedShot,0.879000015258789,0.5729999923706055,0.026682699099183083,Sadio Mané,a,838,OpenPlay,2021,Head,16383,Norwich,Liverpool,0,3,2021-08-14 16:30:00,Trent Alexander-Arnold,Aerial
425992,48,BlockedShot,0.9230000305175782,0.6969999694824218,0.038525599986314774,Sadio Mané,a,838,OpenPlay,2021,LeftFoot,16383,Norwich,Liverpool,0,3,2021-08-14 16:30:00,Trent Alexander-Arnold,Cross
425999,64,BlockedShot,0.8240000152587891,0.4829999923706055,0.08209940046072006,Sadio Mané,a,838,OpenPlay,2021,RightFoot,16383,Norwich,Liverpool,0,3,2021-08-14 16:30:00,Roberto Firmino,Pass
426779,30,MissedShots,0.91,0.435,0.41745099425315857,Sadio Mané,h,838,OpenPlay,2021,RightFoot,16386,Liverpool,Burnley,2,0,2021-08-21 11:30:00,Trent Alexander-Arnold,Throughball
426785,55,SavedShot,0.8680000305175781,0.46900001525878904,0.12375099956989288,Sadio Mané,h,838,OpenPlay,2021,RightFoot,16386,Liverpool,Burnley,2,0,2021-08-21 11:30:00,Diogo Jota,Pass
426789,59,BlockedShot,0.8519999694824218,0.5059999847412109,0.06856390088796616,Sadio Mané,h,838,FromCorner,2021,RightFoot,16386,Liverpool,Burnley,2,0,2021-08-21 11:30:00,,Rebound
426790,61,SavedShot,0.855,0.5479999923706055,0.11176799982786179,Sadio Mané,h,838,OpenPlay,2021,LeftFoot,16386,Liverpool,Burnley,2,0,2021-08-21 11:30:00,Diogo Jota,Pass
426792,64,SavedShot,0.9119999694824219,0.5609999847412109,0.06751500070095062,Sadio Mané,h,838,FromCorner,2021,Head,16386,Liverpool,Burnley,2,0,2021-08-21 11:30:00,Trent Alexander-Arnold,Cross
426794,68,Goal,0.8690000152587891,0.46799999237060547,0.36232200264930725,Sadio Mané,h,838,OpenPlay,2021,RightFoot,16386,Liverpool,Burnley,2,0,2021-08-21 11:30:00,Trent Alexander-Arnold,Throughball
428815,45,BlockedShot,0.98,0.5720000076293945,0.11661200225353241,Sadio Mané,h,838,FromCorner,2021,LeftFoot,16402,Liverpool,Chelsea,1,1,2021-08-28 16:30:00,,None
428813,45,MissedShots,0.909000015258789,0.575,0.016951100900769234,Sadio Mané,h,838,FromCorner,2021,Head,16402,Liverpool,Chelsea,1,1,2021-08-28 16:30:00,Andrew Robertson,Aerial
428819,55,BlockedShot,0.950999984741211,0.610999984741211,0.08564919978380203,Sadio Mané,h,838,OpenPlay,2021,RightFoot,16402,Liverpool,Chelsea,1,1,2021-08-28 16:30:00,,None
430553,10,BlockedShot,0.799000015258789,0.6040000152587891,0.03903210163116455,Sadio Mané,a,838,OpenPlay,2021,LeftFoot,16414,Leeds,Liverpool,0,3,2021-09-12 15:30:00,Diogo Jota,Pass
430556,18,BlockedShot,0.8119999694824219,0.445,0.05137940123677254,Sadio Mané,a,838,OpenPlay,2021,RightFoot,16414,Leeds,Liverpool,0,3,2021-09-12 15:30:00,Mohamed Salah,Pass
430558,25,MissedShots,0.9580000305175781,0.57,0.563497006893158,Sadio Mané,a,838,OpenPlay,2021,RightFoot,16414,Leeds,Liverpool,0,3,2021-09-12 15:30:00,Diogo Jota,Pass
430563,30,MissedShots,0.8490000152587891,0.32799999237060545,0.053619999438524246,Sadio Mané,a,838,OpenPlay,2021,LeftFoot,16414,Leeds,Liverpool,0,3,2021-09-12 15:30:00,Mohamed Salah,Pass
430569,48,MissedShots,0.8809999847412109,0.6079999923706054,0.11059200018644333,Sadio Mané,a,838,OpenPlay,2021,RightFoot,16414,Leeds,Liverpool,0,3,2021-09-12 15:30:00,Diogo Jota,Pass
430578,74,BlockedShot,0.9080000305175782,0.620999984741211,0.13292400538921356,Sadio Mané,a,838,OpenPlay,2021,LeftFoot,16414,Leeds,Liverpool,0,3,2021-09-12 15:30:00,Mohamed Salah,Pass
430582,78,BlockedShot,0.9,0.6890000152587891,0.07065390050411224,Sadio Mané,a,838,OpenPlay,2021,RightFoot,16414,Leeds,Liverpool,0,3,2021-09-12 15:30:00,Andrew Robertson,Pass
430584,80,SavedShot,0.86,0.46599998474121096,0.3050140142440796,Sadio Mané,a,838,OpenPlay,2021,LeftFoot,16414,Leeds,Liverpool,0,3,2021-09-12 15:30:00,Diogo Jota,Pass
430586,87,BlockedShot,0.885,0.5270000076293946,0.12594600021839142,Sadio Mané,a,838,OpenPlay,2021,RightFoot,16414,Leeds,Liverpool,0,3,2021-09-12 15:30:00,Jordan Henderson,Chipped
430588,91,Goal,0.91,0.524000015258789,0.5469099879264832,Sadio Mané,a,838,OpenPlay,2021,RightFoot,16414,Leeds,Liverpool,0,3,2021-09-12 15:30:00,Thiago Alcántara,Pass
431342,33,BlockedShot,0.8680000305175781,0.53,0.03151300176978111,Sadio Mané,h,838,FromCorner,2021,RightFoot,16420,Liverpool,Crystal Palace,3,0,2021-09-18 14:00:00,,Aerial
431346,42,Goal,0.970999984741211,0.4370000076293945,0.568343997001648,Sadio Mané,h,838,FromCorner,2021,RightFoot,16420,Liverpool,Crystal Palace,3,0,2021-09-18 14:00:00,,Rebound
433682,6,MissedShots,0.98,0.649000015258789,0.05353730171918869,Sadio Mané,a,838,OpenPlay,2021,LeftFoot,16432,Brentford,Liverpool,3,3,2021-09-25 16:30:00,,Rebound
435659,58,Goal,0.8830000305175781,0.375,0.33443400263786316,Sadio Mané,h,838,OpenPlay,2021,RightFoot,16441,Liverpool,Manchester City,2,2,2021-10-03 15:30:00,Mohamed Salah,Throughball
435985,8,Goal,0.8209999847412109,0.4759999847412109,0.3130809962749481,Sadio Mané,a,838,OpenPlay,2021,RightFoot,16455,Watford,Liverpool,0,5,2021-10-16 11:30:00,Mohamed Salah,Throughball
435996,60,MissedShots,0.8290000152587891,0.4520000076293945,0.06358689814805984,Sadio Mané,a,838,OpenPlay,2021,LeftFoot,16455,Watford,Liverpool,0,5,2021-10-16 11:30:00,,None
436000,70,MissedShots,0.889000015258789,0.580999984741211,0.35735100507736206,Sadio Mané,a,838,OpenPlay,2021,LeftFoot,16455,Watford,Liverpool,0,5,2021-10-16 11:30:00,Roberto Firmino,Pass
436004,80,SavedShot,0.89,0.4809999847412109,0.06814400106668472,Sadio Mané,a,838,OpenPlay,2021,Head,16455,Watford,Liverpool,0,5,2021-10-16 11:30:00,James Milner,Cross
438524,80,BlockedShot,0.8380000305175781,0.5220000076293946,0.1082959994673729,Sadio Mané,a,838,OpenPlay,2021,LeftFoot,16463,Manchester United,Liverpool,0,5,2021-10-24 15:30:00,Jordan Henderson,Chipped
439682,23,Goal,0.9230000305175782,0.534000015258789,0.3569659888744354,Sadio Mané,h,838,OpenPlay,2021,Head,16469,Liverpool,Brighton,2,2,2021-10-30 14:00:00,Alex Oxlade-Chamberlain,Cross
439700,90,BlockedShot,0.865999984741211,0.534000015258789,0.07912089675664902,Sadio Mané,h,838,SetPiece,2021,RightFoot,16469,Liverpool,Brighton,2,2,2021-10-30 14:00:00,,BallTouch
441908,28,BlockedShot,0.7030000305175781,0.605999984741211,0.013670399785041809,Sadio Mané,a,838,OpenPlay,2021,RightFoot,16485,West Ham,Liverpool,3,2,2021-11-07 16:30:00,Diogo Jota,Pass
441913,44,BlockedShot,0.8619999694824219,0.4620000076293945,0.10571800172328949,Sadio Mané,a,838,OpenPlay,2021,LeftFoot,16485,West Ham,Liverpool,3,2,2021-11-07 16:30:00,Jordan Henderson,Pass
441917,51,SavedShot,0.8959999847412109,0.5429999923706055,0.3188219964504242,Sadio Mané,a,838,OpenPlay,2021,LeftFoot,16485,West Ham,Liverpool,3,2,2021-11-07 16:30:00,Andrew Robertson,Cross
441929,90,MissedShots,0.96,0.5479999923706055,0.37014999985694885,Sadio Mané,a,838,OpenPlay,2021,Head,16485,West Ham,Liverpool,3,2,2021-11-07 16:30:00,Trent Alexander-Arnold,Chipped
442772,28,SavedShot,0.965999984741211,0.59,0.13063499331474304,Sadio Mané,h,838,OpenPlay,2021,RightFoot,16489,Liverpool,Arsenal,4,0,2021-11-20 17:30:00,,Rebound
442776,38,Goal,0.9259999847412109,0.545,0.3351379930973053,Sadio Mané,h,838,SetPiece,2021,Head,16489,Liverpool,Arsenal,4,0,2021-11-20 17:30:00,Trent Alexander-Arnold,Cross
444095,4,MissedShots,0.9209999847412109,0.46599998474121096,0.0651967003941536,Sadio Mané,h,838,OpenPlay,2021,Head,16503,Liverpool,Southampton,4,0,2021-11-27 15:00:00,Andrew Robertson,Aerial
444103,39,MissedShots,0.9580000305175781,0.6509999847412109,0.026357799768447876,Sadio Mané,h,838,OpenPlay,2021,Head,16503,Liverpool,Southampton,4,0,2021-11-27 15:00:00,Jordan Henderson,Cross
444107,51,SavedShot,0.78,0.72,0.025281399488449097,Sadio Mané,h,838,FromCorner,2021,RightFoot,16503,Liverpool,Southampton,4,0,2021-11-27 15:00:00,Virgil van Dijk,Pass
445701,25,SavedShot,0.740999984741211,0.3970000076293945,0.029446199536323547,Sadio Mané,a,838,OpenPlay,2021,RightFoot,16507,Everton,Liverpool,1,4,2021-12-01 20:15:00,Fabinho,Pass
445705,45,BlockedShot,0.9119999694824219,0.5720000076293945,0.04489300027489662,Sadio Mané,a,838,OpenPlay,2021,Head,16507,Everton,Liverpool,1,4,2021-12-01 20:15:00,Jordan Henderson,Chipped
445708,48,BlockedShot,0.8780000305175781,0.39599998474121095,0.578603982925415,Sadio Mané,a,838,OpenPlay,2021,RightFoot,16507,Everton,Liverpool,1,4,2021-12-01 20:15:00,Trent Alexander-Arnold,Throughball
446203,86,SavedShot,0.905,0.5770000076293945,0.4125930070877075,Sadio Mané,a,838,FromCorner,2021,RightFoot,16525,Wolverhampton Wanderers,Liverpool,0,1,2021-12-04 15:00:00,,None
447676,5,BlockedShot,0.9009999847412109,0.4640000152587891,0.04513829946517944,Sadio Mané,h,838,OpenPlay,2021,Head,16533,Liverpool,Aston Villa,1,0,2021-12-11 15:00:00,Jordan Henderson,Aerial
447686,50,BlockedShot,0.9130000305175782,0.61,0.08453100174665451,Sadio Mané,h,838,OpenPlay,2021,RightFoot,16533,Liverpool,Aston Villa,1,0,2021-12-11 15:00:00,,None
447692,56,MissedShots,0.8119999694824219,0.6709999847412109,0.031199300661683083,Sadio Mané,h,838,OpenPlay,2021,RightFoot,16533,Liverpool,Aston Villa,1,0,2021-12-11 15:00:00,Fabinho,Pass
447697,82,BlockedShot,0.8859999847412109,0.6659999847412109,0.08306120336055756,Sadio Mané,h,838,OpenPlay,2021,RightFoot,16533,Liverpool,Aston Villa,1,0,2021-12-11 15:00:00,Thiago Alcántara,Pass
449189,24,SavedShot,0.9,0.4540000152587891,0.42659199237823486,Sadio Mané,h,838,OpenPlay,2021,LeftFoot,16544,Liverpool,Newcastle United,3,1,2021-12-16 20:00:00,,None
449207,91,BlockedShot,0.9,0.6969999694824218,0.05365559831261635,Sadio Mané,h,838,OpenPlay,2021,RightFoot,16544,Liverpool,Newcastle United,3,1,2021-12-16 20:00:00,,None
449811,22,BlockedShot,0.8780000305175781,0.675,0.05094410106539726,Sadio Mané,a,838,OpenPlay,2021,RightFoot,16552,Tottenham,Liverpool,2,2,2021-12-19 16:30:00,James Milner,Pass
449815,28,MissedShots,0.9740000152587891,0.3970000076293945,0.019673500210046768,Sadio Mané,a,838,SetPiece,2021,Head,16552,Tottenham,Liverpool,2,2,2021-12-19 16:30:00,Andrew Robertson,Aerial
450812,6,BlockedShot,0.7819999694824219,0.39799999237060546,0.02839289978146553,Sadio Mané,a,838,OpenPlay,2021,RightFoot,16573,Leicester,Liverpool,1,0,2021-12-28 20:00:00,Trent Alexander-Arnold,Chipped
450826,54,MissedShots,0.879000015258789,0.56,0.3719269931316376,Sadio Mané,a,838,OpenPlay,2021,RightFoot,16573,Leicester,Liverpool,1,0,2021-12-28 20:00:00,Diogo Jota,Throughball
450827,56,SavedShot,0.77,0.5329999923706055,0.030070999637246132,Sadio Mané,a,838,OpenPlay,2021,RightFoot,16573,Leicester,Liverpool,1,0,2021-12-28 20:00:00,Fabinho,Pass
450833,87,MissedShots,0.92,0.49700000762939456,0.10227400064468384,Sadio Mané,a,838,FromCorner,2021,Head,16573,Leicester,Liverpool,1,0,2021-12-28 20:00:00,Konstantinos Tsimikas,Cross
450835,93,BlockedShot,0.899000015258789,0.6079999923706054,0.07461249828338623,Sadio Mané,a,838,OpenPlay,2021,LeftFoot,16573,Leicester,Liverpool,1,0,2021-12-28 20:00:00,Naby Keita,Pass
451175,8,Goal,0.8919999694824219,0.4979999923706055,0.6765509843826294,Sadio Mané,a,838,OpenPlay,2021,LeftFoot,16578,Chelsea,Liverpool,2,2,2022-01-02 16:30:00,,TakeOn
451190,57,SavedShot,0.874000015258789,0.625999984741211,0.11613000184297562,Sadio Mané,a,838,OpenPlay,2021,RightFoot,16578,Chelsea,Liverpool,2,2,2022-01-02 16:30:00,Mohamed Salah,TakeOn
457400,28,SavedShot,0.9280000305175782,0.6029999923706054,0.3050369918346405,Sadio Mané,a,838,SetPiece,2021,LeftFoot,16617,Burnley,Liverpool,0,1,2022-02-13 14:00:00,Trent Alexander-Arnold,Chipped
457401,28,MissedShots,0.9590000152587891,0.5779999923706055,0.5298529863357544,Sadio Mané,a,838,SetPiece,2021,LeftFoot,16617,Burnley,Liverpool,0,1,2022-02-13 14:00:00,,Rebound
457403,39,BlockedShot,0.9330000305175781,0.5690000152587891,0.08441279828548431,Sadio Mané,a,838,FromCorner,2021,Head,16617,Burnley,Liverpool,0,1,2022-02-13 14:00:00,Trent Alexander-Arnold,Cross
458300,17,SavedShot,0.8040000152587891,0.5029999923706054,0.05952629819512367,Sadio Mané,h,838,OpenPlay,2021,LeftFoot,16631,Liverpool,Norwich,3,1,2022-02-19 15:00:00,Mohamed Salah,TakeOn
458305,27,MissedShots,0.97,0.3920000076293945,0.04135030135512352,Sadio Mané,h,838,OpenPlay,2021,Head,16631,Liverpool,Norwich,3,1,2022-02-19 15:00:00,Naby Keita,Cross
458317,63,Goal,0.924000015258789,0.509000015258789,0.4833430051803589,Sadio Mané,h,838,OpenPlay,2021,RightFoot,16631,Liverpool,Norwich,3,1,2022-02-19 15:00:00,Konstantinos Tsimikas,HeadPass
458325,81,MissedShots,0.955999984741211,0.6759999847412109,0.23372399806976318,Sadio Mané,h,838,OpenPlay,2021,RightFoot,16631,Liverpool,Norwich,3,1,2022-02-19 15:00:00,Luis Díaz,Pass
459208,54,MissedShots,0.6840000152587891,0.6809999847412109,0.031608499586582184,Sadio Mané,h,838,OpenPlay,2021,LeftFoot,16559,Liverpool,Leeds,6,0,2022-02-23 19:45:00,Andrew Robertson,Pass
459216,79,Goal,0.9180000305175782,0.519000015258789,0.5601140260696411,Sadio Mané,h,838,OpenPlay,2021,RightFoot,16559,Liverpool,Leeds,6,0,2022-02-23 19:45:00,Jordan Henderson,Pass
459219,89,Goal,0.9359999847412109,0.52,0.6060649752616882,Sadio Mané,h,838,OpenPlay,2021,LeftFoot,16559,Liverpool,Leeds,6,0,2022-02-23 19:45:00,,None
461242,19,MissedShots,0.7419999694824219,0.47200000762939454,0.02016020007431507,Sadio Mané,h,838,OpenPlay,2021,LeftFoot,16649,Liverpool,West Ham,1,0,2022-03-05 17:30:00,Fabinho,Pass
461246,26,Goal,0.9580000305175781,0.5159999847412109,0.6766660213470459,Sadio Mané,h,838,OpenPlay,2021,RightFoot,16649,Liverpool,West Ham,1,0,2022-03-05 17:30:00,Trent Alexander-Arnold,Rebound
461263,70,BlockedShot,0.8480000305175781,0.495,0.1069130003452301,Sadio Mané,h,838,OpenPlay,2021,LeftFoot,16649,Liverpool,West Ham,1,0,2022-03-05 17:30:00,Naby Keita,Pass
461264,70,BlockedShot,0.8680000305175781,0.649000015258789,0.06092140078544617,Sadio Mané,h,838,OpenPlay,2021,LeftFoot,16649,Liverpool,West Ham,1,0,2022-03-05 17:30:00,,Rebound
461268,91,BlockedShot,0.8640000152587891,0.575,0.09364499896764755,Sadio Mané,h,838,OpenPlay,2021,RightFoot,16649,Liverpool,West Ham,1,0,2022-03-05 17:30:00,,None
462289,7,SavedShot,0.9619999694824218,0.46700000762939453,0.156373992562294,Sadio Mané,a,838,OpenPlay,2021,LeftFoot,16658,Brighton,Liverpool,0,2,2022-03-12 12:30:00,Mohamed Salah,Pass
462293,31,SavedShot,0.8969999694824219,0.575999984741211,0.03397750109434128,Sadio Mané,a,838,FromCorner,2021,Head,16658,Brighton,Liverpool,0,2,2022-03-12 12:30:00,Trent Alexander-Arnold,Cross
462294,32,SavedShot,0.794000015258789,0.5540000152587891,0.05506389960646629,Sadio Mané,a,838,OpenPlay,2021,LeftFoot,16658,Brighton,Liverpool,0,2,2022-03-12 12:30:00,,BallRecovery
462301,56,MissedShots,0.9030000305175782,0.6430000305175781,0.07852289825677872,Sadio Mané,a,838,OpenPlay,2021,LeftFoot,16658,Brighton,Liverpool,0,2,2022-03-12 12:30:00,,Rebound
463606,44,MissedShots,0.8490000152587891,0.59,0.11985599994659424,Sadio Mané,a,838,OpenPlay,2021,LeftFoot,16636,Arsenal,Liverpool,0,2,2022-03-16 20:15:00,Trent Alexander-Arnold,Throughball
464971,78,BlockedShot,0.8719999694824219,0.5279999923706055,0.11775500327348709,Sadio Mané,h,838,OpenPlay,2021,LeftFoot,16680,Liverpool,Watford,2,0,2022-04-02 11:30:00,Diogo Jota,Pass
467489,45,Goal,0.865,0.539000015258789,0.3536289930343628,Sadio Mané,a,838,OpenPlay,2021,RightFoot,16690,Manchester City,Liverpool,2,2,2022-04-10 15:30:00,Mohamed Salah,Throughball
469087,15,BlockedShot,0.8480000305175781,0.35900001525878905,0.07712169736623764,Sadio Mané,h,838,OpenPlay,2021,RightFoot,16669,Liverpool,Manchester United,4,0,2022-04-19 19:00:00,Thiago Alcántara,Pass
469096,67,Goal,0.8680000305175781,0.545,0.14156199991703033,Sadio Mané,h,838,OpenPlay,2021,LeftFoot,16669,Liverpool,Manchester United,4,0,2022-04-19 19:00:00,Luis Díaz,Pass
470756,20,MissedShots,0.7559999847412109,0.41,0.025765299797058105,Sadio Mané,h,838,OpenPlay,2021,RightFoot,16708,Liverpool,Everton,2,0,2022-04-24 15:30:00,Naby Keita,TakeOn
470764,58,MissedShots,0.899000015258789,0.41,0.043887000530958176,Sadio Mané,h,838,OpenPlay,2021,Head,16708,Liverpool,Everton,2,0,2022-04-24 15:30:00,Trent Alexander-Arnold,Cross
471209,33,SavedShot,0.8530000305175781,0.6140000152587891,0.11353199928998947,Sadio Mané,a,838,OpenPlay,2021,RightFoot,16721,Newcastle United,Liverpool,0,1,2022-04-30 11:30:00,Luis Díaz,Pass
471218,62,MissedShots,0.875999984741211,0.42400001525878905,0.1174980029463768,Sadio Mané,a,838,OpenPlay,2021,RightFoot,16721,Newcastle United,Liverpool,0,1,2022-04-30 11:30:00,Joseph Gomez,Pass
471219,63,BlockedShot,0.799000015258789,0.7119999694824218,0.028385300189256668,Sadio Mané,a,838,OpenPlay,2021,RightFoot,16721,Newcastle United,Liverpool,0,1,2022-04-30 11:30:00,Diogo Jota,Pass
473760,2,SavedShot,0.7030000305175781,0.41,0.00995028018951416,Sadio Mané,h,838,OpenPlay,2021,RightFoot,16728,Liverpool,Tottenham,1,1,2022-05-07 18:45:00,Mohamed Salah,LayOff
475030,18,MissedShots,0.904000015258789,0.47900001525878905,0.04589039832353592,Sadio Mané,a,838,OpenPlay,2021,Head,16705,Aston Villa,Liverpool,1,2,2022-05-10 19:00:00,Konstantinos Tsimikas,Aerial
475038,64,Goal,0.9080000305175782,0.534000015258789,0.2864130139350891,Sadio Mané,a,838,OpenPlay,2021,Head,16705,Aston Villa,Liverpool,1,2,2022-05-10 19:00:00,Luis Díaz,Pass
475039,73,MissedShots,0.955999984741211,0.4370000076293945,0.13827000558376312,Sadio Mané,a,838,OpenPlay,2021,RightFoot,16705,Aston Villa,Liverpool,1,2,2022-05-10 19:00:00,,BallTouch
475040,74,BlockedShot,0.935,0.2989999961853027,0.06885790079832077,Sadio Mané,a,838,OpenPlay,2021,RightFoot,16705,Aston Villa,Liverpool,1,2,2022-05-10 19:00:00,Mohamed Salah,BallTouch
477903,23,Goal,0.8830000305175781,0.585,0.3490709960460663,Sadio Mané,h,838,OpenPlay,2021,LeftFoot,16753,Liverpool,Wolverhampton Wanderers,3,1,2022-05-22 15:00:00,Thiago Alcántara,Pass
477908,32,BlockedShot,0.764000015258789,0.545,0.02935810014605522,Sadio Mané,h,838,OpenPlay,2021,RightFoot,16753,Liverpool,Wolverhampton Wanderers,3,1,2022-05-22 15:00:00,Luis Díaz,TakeOn
477909,37,SavedShot,0.870999984741211,0.519000015258789,0.04243909940123558,Sadio Mané,h,838,OpenPlay,2021,Head,16753,Liverpool,Wolverhampton Wanderers,3,1,2022-05-22 15:00:00,Trent Alexander-Arnold,Cross
478989,1,MissedShots,0.8930000305175781,0.4570000076293945,0.04951930046081543,Sadio Mané,a,838,FromCorner,2022,Head,19342,Eintracht Frankfurt,Bayern Munich,1,6,2022-08-05 18:30:00,Joshua Kimmich,Cross
479003,28,Goal,0.915,0.5259999847412109,0.4057140052318573,Sadio Mané,a,838,OpenPlay,2022,Head,19342,Eintracht Frankfurt,Bayern Munich,1,6,2022-08-05 18:30:00,Serge Gnabry,Chipped
479005,32,BlockedShot,0.9059999847412109,0.565,0.5453680157661438,Sadio Mané,a,838,OpenPlay,2022,LeftFoot,19342,Eintracht Frankfurt,Bayern Munich,1,6,2022-08-05 18:30:00,Thomas Müller,Throughball
479006,32,ShotOnPost,0.9530000305175781,0.6229999923706054,0.36897900700569153,Sadio Mané,a,838,OpenPlay,2022,LeftFoot,19342,Eintracht Frankfurt,Bayern Munich,1,6,2022-08-05 18:30:00,,Rebound
479013,73,SavedShot,0.9669999694824218,0.3390000152587891,0.36360201239585876,Sadio Mané,a,838,OpenPlay,2022,RightFoot,19342,Eintracht Frankfurt,Bayern Munich,1,6,2022-08-05 18:30:00,,None
481048,68,MissedShots,0.9669999694824218,0.59,0.09364199638366699,Sadio Mané,h,838,OpenPlay,2022,Head,19359,Bayern Munich,Wolfsburg,2,0,2022-08-14 15:30:00,Benjamin Pavard,Cross
482512,28,SavedShot,0.7569999694824219,0.695,0.02017829939723015,Sadio Mané,a,838,OpenPlay,2022,RightFoot,19368,Bochum,Bayern Munich,0,7,2022-08-21 15:30:00,Leroy Sané,Pass
482519,41,Goal,0.8959999847412109,0.35700000762939454,0.4102399945259094,Sadio Mané,a,838,OpenPlay,2022,LeftFoot,19368,Bochum,Bayern Munich,0,7,2022-08-21 15:30:00,Kingsley Coman,Throughball
482524,59,Goal,0.885,0.5,0.7577769756317139,Sadio Mané,a,838,Penalty,2022,RightFoot,19368,Bochum,Bayern Munich,0,7,2022-08-21 15:30:00,,Standard
483892,0,BlockedShot,0.9,0.705,0.051669199019670486,Sadio Mané,h,838,OpenPlay,2022,LeftFoot,19375,Bayern Munich,Borussia M.Gladbach,1,1,2022-08-27 16:30:00,Marcel Sabitzer,BallTouch
483893,0,SavedShot,0.9440000152587891,0.5609999847412109,0.11560700088739395,Sadio Mané,h,838,FromCorner,2022,Head,19375,Bayern Munich,Borussia M.Gladbach,1,1,2022-08-27 16:30:00,Joshua Kimmich,Cross
483901,39,MissedShots,0.894000015258789,0.5159999847412109,0.08218929916620255,Sadio Mané,h,838,OpenPlay,2022,Head,19375,Bayern Munich,Borussia M.Gladbach,1,1,2022-08-27 16:30:00,Benjamin Pavard,Cross
483905,54,BlockedShot,0.894000015258789,0.5870000076293945,0.07389219850301743,Sadio Mané,h,838,OpenPlay,2022,RightFoot,19375,Bayern Munich,Borussia M.Gladbach,1,1,2022-08-27 16:30:00,Leroy Sané,BallTouch
483908,59,SavedShot,0.8540000152587891,0.6419999694824219,0.05012790113687515,Sadio Mané,h,838,OpenPlay,2022,RightFoot,19375,Bayern Munich,Borussia M.Gladbach,1,1,2022-08-27 16:30:00,,Dispossessed
483909,60,SavedShot,0.9269999694824219,0.5459999847412109,0.5000290274620056,Sadio Mané,h,838,OpenPlay,2022,RightFoot,19375,Bayern Munich,Borussia M.Gladbach,1,1,2022-08-27 16:30:00,Thomas Müller,Pass
483910,60,SavedShot,0.950999984741211,0.5770000076293945,0.48978298902511597,Sadio Mané,h,838,OpenPlay,2022,RightFoot,19375,Bayern Munich,Borussia M.Gladbach,1,1,2022-08-27 16:30:00,,Rebound
485822,20,MissedShots,0.8630000305175781,0.48,0.01059779990464449,Sadio Mané,a,838,SetPiece,2022,Head,19380,Union Berlin,Bayern Munich,1,1,2022-09-03 13:30:00,Joshua Kimmich,Aerial
485829,55,SavedShot,0.914000015258789,0.72,0.046626098453998566,Sadio Mané,a,838,OpenPlay,2022,LeftFoot,19380,Union Berlin,Bayern Munich,1,1,2022-09-03 13:30:00,Alphonso Davies,Pass
485830,57,MissedShots,0.904000015258789,0.580999984741211,0.1194240003824234,Sadio Mané,a,838,OpenPlay,2022,LeftFoot,19380,Union Berlin,Bayern Munich,1,1,2022-09-03 13:30:00,Alphonso Davies,Pass
485837,92,SavedShot,0.885,0.565,0.02044210024178028,Sadio Mané,a,838,OpenPlay,2022,Head,19380,Union Berlin,Bayern Munich,1,1,2022-09-03 13:30:00,Dayotchanculle Upamecano,Aerial
488631,54,SavedShot,0.8569999694824219,0.5429999923706055,0.09717019647359848,Sadio Mané,a,838,OpenPlay,2022,RightFoot,19399,Augsburg,Bayern Munich,1,0,2022-09-17 13:30:00,Jamal Musiala,Pass
489725,38,Goal,0.8430000305175781,0.534000015258789,0.11644300073385239,Sadio Mané,h,838,OpenPlay,2022,LeftFoot,19405,Bayern Munich,Bayer Leverkusen,4,0,2022-09-30 18:30:00,Jamal Musiala,Pass
489731,48,BlockedShot,0.9180000305175782,0.46700000762939453,0.06643310189247131,Sadio Mané,h,838,OpenPlay,2022,Head,19405,Bayern Munich,Bayer Leverkusen,4,0,2022-09-30 18:30:00,Benjamin Pavard,Chipped
489732,54,SavedShot,0.9,0.4540000152587891,0.5003010034561157,Sadio Mané,h,838,OpenPlay,2022,RightFoot,19405,Bayern Munich,Bayer Leverkusen,4,0,2022-09-30 18:30:00,Benjamin Pavard,TakeOn
491752,48,MissedShots,0.9019999694824219,0.43,0.3435159921646118,Sadio Mané,a,838,OpenPlay,2022,Head,19414,Borussia Dortmund,Bayern Munich,2,2,2022-10-08 16:30:00,Leon Goretzka,HeadPass
493954,5,BlockedShot,0.894000015258789,0.3039999961853027,0.05280359834432602,Sadio Mané,h,838,OpenPlay,2022,RightFoot,19423,Bayern Munich,Freiburg,5,0,2022-10-16 17:30:00,Serge Gnabry,Pass
493968,54,Goal,0.8630000305175781,0.4620000076293945,0.3315950036048889,Sadio Mané,h,838,OpenPlay,2022,RightFoot,19423,Bayern Munich,Freiburg,5,0,2022-10-16 17:30:00,Serge Gnabry,Chipped
493972,88,MissedShots,0.725999984741211,0.5790000152587891,0.026545900851488113,Sadio Mané,h,838,OpenPlay,2022,RightFoot,19423,Bayern Munich,Freiburg,5,0,2022-10-16 17:30:00,,TakeOn
494894,83,MissedShots,0.8719999694824219,0.7430000305175781,0.029407700523734093,Sadio Mané,a,838,FromCorner,2022,RightFoot,19436,Hoffenheim,Bayern Munich,0,2,2022-10-22 13:30:00,Joshua Kimmich,Cross
494896,93,MissedShots,0.8719999694824219,0.6530000305175782,0.11554700136184692,Sadio Mané,a,838,OpenPlay,2022,LeftFoot,19436,Hoffenheim,Bayern Munich,0,2,2022-10-22 13:30:00,Alphonso Davies,Pass
496411,2,MissedShots,0.985,0.6090000152587891,0.25330400466918945,Sadio Mané,h,838,OpenPlay,2022,LeftFoot,19441,Bayern Munich,Mainz 05,6,2,2022-10-29 13:30:00,Serge Gnabry,Cross
496416,17,BlockedShot,0.8669999694824219,0.62,0.096834197640419,Sadio Mané,h,838,OpenPlay,2022,RightFoot,19441,Bayern Munich,Mainz 05,6,2,2022-10-29 13:30:00,Leon Goretzka,Pass
496417,20,SavedShot,0.889000015258789,0.4179999923706055,0.015280799940228462,Sadio Mané,h,838,FromCorner,2022,Head,19441,Bayern Munich,Mainz 05,6,2,2022-10-29 13:30:00,Eric Maxim Choupo-Moting,Aerial
496425,42,Goal,0.9330000305175781,0.5220000076293946,0.5908030271530151,Sadio Mané,h,838,SetPiece,2022,LeftFoot,19441,Bayern Munich,Mainz 05,6,2,2022-10-29 13:30:00,,Rebound
496424,42,SavedShot,0.885,0.5,0.7577769756317139,Sadio Mané,h,838,Penalty,2022,RightFoot,19441,Bayern Munich,Mainz 05,6,2,2022-10-29 13:30:00,,Standard
496433,55,MissedShots,0.8490000152587891,0.7230000305175781,0.044686198234558105,Sadio Mané,h,838,OpenPlay,2022,RightFoot,19441,Bayern Munich,Mainz 05,6,2,2022-10-29 13:30:00,Joshua Kimmich,Pass
496434,56,MissedShots,0.8480000305175781,0.57,0.09991879761219025,Sadio Mané,h,838,OpenPlay,2022,RightFoot,19441,Bayern Munich,Mainz 05,6,2,2022-10-29 13:30:00,Eric Maxim Choupo-Moting,Pass
497921,23,SavedShot,0.875,0.7269999694824218,0.04646940156817436,Sadio Mané,a,838,OpenPlay,2022,LeftFoot,19455,Hertha Berlin,Bayern Munich,2,3,2022-11-05 14:30:00,Alphonso Davies,Pass
497931,50,MissedShots,0.9280000305175782,0.46599998474121096,0.05426869913935661,Sadio Mané,a,838,FromCorner,2022,Head,19455,Hertha Berlin,Bayern Munich,2,3,2022-11-05 14:30:00,Joshua Kimmich,Aerial
499165,5,BlockedShot,0.8780000305175781,0.57,0.10888499766588211,Sadio Mané,h,838,OpenPlay,2022,RightFoot,19459,Bayern Munich,Werder Bremen,6,1,2022-11-08 19:30:00,Jamal Musiala,Pass
499167,8,MissedShots,0.8519999694824218,0.7190000152587891,0.040812499821186066,Sadio Mané,h,838,OpenPlay,2022,LeftFoot,19459,Bayern Munich,Werder Bremen,6,1,2022-11-08 19:30:00,Eric Maxim Choupo-Moting,Pass
512374,93,MissedShots,0.9369999694824219,0.5529999923706055,0.39879798889160156,Sadio Mané,a,838,OpenPlay,2022,Head,19548,VfB Stuttgart,Bayern Munich,1,2,2023-03-04 17:30:00,Josip Stanisic,Cross
512375,95,BlockedShot,0.905,0.3679999923706055,0.12884299457073212,Sadio Mané,a,838,OpenPlay,2022,RightFoot,19548,VfB Stuttgart,Bayern Munich,1,2,2023-03-04 17:30:00,Serge Gnabry,Pass
513433,8,MissedShots,0.9319999694824219,0.44099998474121094,0.10092099756002426,Sadio Mané,h,838,FromCorner,2022,Head,19549,Bayern Munich,Augsburg,5,3,2023-03-11 14:30:00,Joshua Kimmich,Cross
513444,38,SavedShot,0.8909999847412109,0.4179999923706055,0.13417699933052063,Sadio Mané,h,838,OpenPlay,2022,LeftFoot,19549,Bayern Munich,Augsburg,5,3,2023-03-11 14:30:00,Serge Gnabry,Pass
513449,51,MissedShots,0.8640000152587891,0.539000015258789,0.12584799528121948,Sadio Mané,h,838,OpenPlay,2022,RightFoot,19549,Bayern Munich,Augsburg,5,3,2023-03-11 14:30:00,Alphonso Davies,Pass
513451,53,MissedShots,0.7519999694824219,0.4259999847412109,0.025708500295877457,Sadio Mané,h,838,OpenPlay,2022,RightFoot,19549,Bayern Munich,Augsburg,5,3,2023-03-11 14:30:00,Leroy Sané,Pass
517902,17,MissedShots,0.9219999694824219,0.664000015258789,0.26414498686790466,Sadio Mané,a,838,OpenPlay,2022,RightFoot,19578,Freiburg,Bayern Munich,0,1,2023-04-08 13:30:00,Thomas Müller,Pass
517914,56,SavedShot,0.8819999694824219,0.5120000076293946,0.17787200212478638,Sadio Mané,a,838,OpenPlay,2022,Head,19578,Freiburg,Bayern Munich,0,1,2023-04-08 13:30:00,Benjamin Pavard,Cross
520707,28,Goal,0.9830000305175781,0.4779999923706055,0.8899896144866943,Sadio Mané,a,838,OpenPlay,2022,Head,19597,Mainz 05,Bayern Munich,3,1,2023-04-22 13:30:00,João Cancelo,Cross
523309,20,MissedShots,0.9319999694824219,0.539000015258789,0.07926137000322342,Sadio Mané,h,838,OpenPlay,2022,Head,19603,Bayern Munich,Hertha Berlin,2,0,2023-04-30 13:30:00,Joshua Kimmich,Aerial
523319,46,MissedShots,0.9540000152587891,0.455,0.5376446843147278,Sadio Mané,h,838,OpenPlay,2022,Head,19603,Bayern Munich,Hertha Berlin,2,0,2023-04-30 13:30:00,Kingsley Coman,Cross
524801,50,MissedShots,0.9330000305175781,0.4329999923706055,0.09148070961236954,Sadio Mané,a,838,FromCorner,2022,Head,19620,Werder Bremen,Bayern Munich,1,2,2023-05-06 16:30:00,Joshua Kimmich,Cross
524802,55,MissedShots,0.919000015258789,0.445,0.4655846059322357,Sadio Mané,a,838,OpenPlay,2022,RightFoot,19620,Werder Bremen,Bayern Munich,1,2,2023-05-06 16:30:00,Serge Gnabry,Pass
