id,minute,result,X,Y,xG,player,h_a,player_id,situation,season,shotType,match_id,h_team,a_team,h_goals,a_goals,date,player_assisted,lastAction
41399,14,BlockedShot,0.740999984741211,0.42900001525878906,0.020529599860310555,Giacomo Bonaventura,h,1121,OpenPlay,2014,RightFoot,5151,Atalanta,Verona,0,0,2014-08-31 17:00:00,Germán Denis,LayOff
41411,54,BlockedShot,0.8919999694824219,0.5770000076293945,0.05215499922633171,Giacomo Bonaventura,h,1121,FromCorner,2014,LeftFoot,5151,Atalanta,Verona,0,0,2014-08-31 17:00:00,Luca Cigarini,Cross
41888,22,MissedShots,0.9619999694824218,0.4759999847412109,0.6116210222244263,Giacomo Bonaventura,a,1121,OpenPlay,2014,Head,5117,Parma,AC Milan,4,5,2014-09-14 19:45:00,Jérémy Menez,Cross
41889,24,Goal,0.8819999694824219,0.5509999847412109,0.11603499948978424,Giacomo Bonaventura,a,1121,OpenPlay,2014,LeftFoot,5117,Parma,AC Milan,4,5,2014-09-14 19:45:00,Keisuke Honda,Pass
42211,38,SavedShot,0.740999984741211,0.41,0.01739400066435337,Giacomo Bonaventura,a,1121,OpenPlay,2014,RightFoot,5129,Empoli,AC Milan,2,2,2014-09-23 19:45:00,Sulley Muntari,Pass
42480,29,MissedShots,0.889000015258789,0.27899999618530275,0.03881010040640831,Giacomo Bonaventura,a,1121,FromCorner,2014,RightFoot,5143,Cesena,AC Milan,1,1,2014-09-28 14:00:00,,TakeOn
42861,17,MissedShots,0.9159999847412109,0.48,0.4488910138607025,Giacomo Bonaventura,h,1121,OpenPlay,2014,LeftFoot,5070,AC Milan,Chievo,2,0,2014-10-04 19:45:00,Fernando Torres,Rebound
42865,29,BlockedShot,0.740999984741211,0.53,0.018823599442839622,Giacomo Bonaventura,h,1121,OpenPlay,2014,RightFoot,5070,AC Milan,Chievo,2,0,2014-10-04 19:45:00,Jérémy Menez,Pass
42872,52,BlockedShot,0.9,0.6020000076293945,0.07318930327892303,Giacomo Bonaventura,h,1121,OpenPlay,2014,RightFoot,5070,AC Milan,Chievo,2,0,2014-10-04 19:45:00,Mattia De Sciglio,Cross
42886,93,BlockedShot,0.9030000305175782,0.5570000076293945,0.14212599396705627,Giacomo Bonaventura,h,1121,OpenPlay,2014,LeftFoot,5070,AC Milan,Chievo,2,0,2014-10-04 19:45:00,Stephan El Shaarawy,Pass
43405,72,BlockedShot,0.7340000152587891,0.295,0.013599700294435024,Giacomo Bonaventura,h,1121,OpenPlay,2014,LeftFoot,5098,AC Milan,Fiorentina,1,1,2014-10-26 19:45:00,Jérémy Menez,Pass
43563,20,MissedShots,0.6930000305175781,0.255,0.009154279716312885,Giacomo Bonaventura,a,1121,OpenPlay,2014,RightFoot,5105,Cagliari,AC Milan,1,1,2014-10-29 19:45:00,Keisuke Honda,Pass
43568,33,Goal,0.750999984741211,0.22100000381469725,0.013091900385916233,Giacomo Bonaventura,a,1121,OpenPlay,2014,RightFoot,5105,Cagliari,AC Milan,1,1,2014-10-29 19:45:00,Ignazio Abate,Pass
44267,25,SavedShot,0.7619999694824219,0.710999984741211,0.03997800126671791,Giacomo Bonaventura,a,1121,OpenPlay,2014,RightFoot,5041,Sampdoria,AC Milan,2,2,2014-11-08 19:45:00,Stephan El Shaarawy,Pass
44284,78,BlockedShot,0.8469999694824218,0.519000015258789,0.09733150154352188,Giacomo Bonaventura,a,1121,OpenPlay,2014,RightFoot,5041,Sampdoria,AC Milan,2,2,2014-11-08 19:45:00,Jérémy Menez,Pass
44287,81,MissedShots,0.764000015258789,0.34900001525878904,0.03232650086283684,Giacomo Bonaventura,a,1121,OpenPlay,2014,RightFoot,5041,Sampdoria,AC Milan,2,2,2014-11-08 19:45:00,Fernando Torres,Pass
44438,48,BlockedShot,0.8580000305175781,0.29,0.046626199036836624,Giacomo Bonaventura,h,1121,OpenPlay,2014,RightFoot,5058,AC Milan,Inter,1,1,2014-11-23 19:45:00,Jérémy Menez,Pass
44439,51,BlockedShot,0.97,0.31,0.07227689772844315,Giacomo Bonaventura,h,1121,OpenPlay,2014,RightFoot,5058,AC Milan,Inter,1,1,2014-11-23 19:45:00,Jérémy Menez,Pass
44682,20,MissedShots,0.75,0.33599998474121096,0.014449800364673138,Giacomo Bonaventura,h,1121,FromCorner,2014,LeftFoot,5063,AC Milan,Udinese,2,0,2014-11-30 14:00:00,,None
44692,60,MissedShots,0.764000015258789,0.740999984741211,0.041958898305892944,Giacomo Bonaventura,h,1121,DirectFreekick,2014,RightFoot,5063,AC Milan,Udinese,2,0,2014-11-30 14:00:00,,Standard
44897,41,SavedShot,0.8590000152587891,0.59,0.06447750329971313,Giacomo Bonaventura,a,1121,OpenPlay,2014,RightFoot,5005,Genoa,AC Milan,1,0,2014-12-07 14:00:00,Nigel de Jong,Pass
44911,88,MissedShots,0.904000015258789,0.5529999923706055,0.4402869939804077,Giacomo Bonaventura,a,1121,OpenPlay,2014,RightFoot,5005,Genoa,AC Milan,1,0,2014-12-07 14:00:00,,None
45242,25,MissedShots,0.7959999847412109,0.6459999847412109,0.04660730063915253,Giacomo Bonaventura,h,1121,OpenPlay,2014,RightFoot,5017,AC Milan,Napoli,2,0,2014-12-14 19:45:00,Riccardo Montolivo,Chipped
45250,51,Goal,0.9519999694824218,0.5359999847412109,0.5521609783172607,Giacomo Bonaventura,h,1121,OpenPlay,2014,Head,5017,AC Milan,Napoli,2,0,2014-12-14 19:45:00,Pablo Armero,Cross
46193,56,SavedShot,0.855,0.69,0.04141620174050331,Giacomo Bonaventura,a,1121,OpenPlay,2014,RightFoot,5023,Roma,AC Milan,0,0,2014-12-20 19:45:00,Jérémy Menez,Pass
46025,6,MissedShots,0.86,0.5690000152587891,0.018523400649428368,Giacomo Bonaventura,h,1121,OpenPlay,2014,Head,4959,AC Milan,Sassuolo,1,2,2015-01-06 14:00:00,Riccardo Montolivo,Cross
46029,30,MissedShots,0.7240000152587891,0.5420000076293945,0.012848899699747562,Giacomo Bonaventura,h,1121,FromCorner,2014,RightFoot,4959,AC Milan,Sassuolo,1,2,2015-01-06 14:00:00,,Aerial
46033,41,MissedShots,0.7669999694824219,0.34900001525878904,0.023367900401353836,Giacomo Bonaventura,h,1121,OpenPlay,2014,RightFoot,4959,AC Milan,Sassuolo,1,2,2015-01-06 14:00:00,Andrea Poli,Pass
46035,65,BlockedShot,0.7809999847412109,0.605999984741211,0.035186298191547394,Giacomo Bonaventura,h,1121,OpenPlay,2014,LeftFoot,4959,AC Milan,Sassuolo,1,2,2015-01-06 14:00:00,Riccardo Montolivo,TakeOn
46038,72,BlockedShot,0.8290000152587891,0.6530000305175782,0.027955299243330956,Giacomo Bonaventura,h,1121,FromCorner,2014,LeftFoot,4959,AC Milan,Sassuolo,1,2,2015-01-06 14:00:00,,None
45632,39,MissedShots,0.8619999694824219,0.6840000152587891,0.030406100675463676,Giacomo Bonaventura,a,1121,SetPiece,2014,RightFoot,4968,Torino,AC Milan,1,1,2015-01-10 19:45:00,,Rebound
45637,57,MissedShots,0.7140000152587891,0.31799999237060544,0.015610200352966785,Giacomo Bonaventura,a,1121,OpenPlay,2014,RightFoot,4968,Torino,AC Milan,1,1,2015-01-10 19:45:00,Andrea Poli,Pass
45996,3,SavedShot,0.76,0.6170000076293946,0.018586499616503716,Giacomo Bonaventura,h,1121,OpenPlay,2014,RightFoot,4980,AC Milan,Atalanta,0,1,2015-01-18 14:00:00,,None
46007,29,MissedShots,0.895,0.5790000152587891,0.0887036994099617,Giacomo Bonaventura,h,1121,OpenPlay,2014,LeftFoot,4980,AC Milan,Atalanta,0,1,2015-01-18 14:00:00,,None
46010,38,BlockedShot,0.7240000152587891,0.539000015258789,0.016398800536990166,Giacomo Bonaventura,h,1121,OpenPlay,2014,RightFoot,4980,AC Milan,Atalanta,0,1,2015-01-18 14:00:00,Stephan El Shaarawy,Pass
46011,43,MissedShots,0.7980000305175782,0.3290000152587891,0.025343099609017372,Giacomo Bonaventura,h,1121,OpenPlay,2014,RightFoot,4980,AC Milan,Atalanta,0,1,2015-01-18 14:00:00,Alessio Cerci,TakeOn
47002,71,MissedShots,0.7909999847412109,0.67,0.0186442993581295,Giacomo Bonaventura,a,1121,OpenPlay,2014,RightFoot,4928,Juventus,AC Milan,3,1,2015-02-07 19:45:00,Luca Antonelli,Pass
47175,16,MissedShots,0.750999984741211,0.6040000152587891,0.02038230001926422,Giacomo Bonaventura,h,1121,OpenPlay,2014,RightFoot,4939,AC Milan,Empoli,1,1,2015-02-15 11:30:00,Luca Antonelli,Pass
47179,54,BlockedShot,0.8540000152587891,0.7340000152587891,0.0385361984372139,Giacomo Bonaventura,h,1121,OpenPlay,2014,RightFoot,4939,AC Milan,Empoli,1,1,2015-02-15 11:30:00,Keisuke Honda,Pass
47638,2,MissedShots,0.7119999694824218,0.51,0.01360270008444786,Giacomo Bonaventura,h,1121,FromCorner,2014,RightFoot,4948,AC Milan,Cesena,2,0,2015-02-22 14:00:00,Adil Rami,None
47642,21,Goal,0.7919999694824219,0.6819999694824219,0.021095899865031242,Giacomo Bonaventura,h,1121,OpenPlay,2014,RightFoot,4948,AC Milan,Cesena,2,0,2015-02-22 14:00:00,Jérémy Menez,Pass
47650,50,BlockedShot,0.8219999694824218,0.600999984741211,0.062435198575258255,Giacomo Bonaventura,h,1121,OpenPlay,2014,RightFoot,4948,AC Milan,Cesena,2,0,2015-02-22 14:00:00,Jérémy Menez,Pass
47651,52,ShotOnPost,0.899000015258789,0.425,0.09508579969406128,Giacomo Bonaventura,h,1121,OpenPlay,2014,RightFoot,4948,AC Milan,Cesena,2,0,2015-02-22 14:00:00,Jérémy Menez,Cross
48003,19,MissedShots,0.755,0.5070000076293946,0.019766900688409805,Giacomo Bonaventura,h,1121,OpenPlay,2014,RightFoot,4890,AC Milan,Verona,2,2,2015-03-07 19:45:00,Luca Antonelli,Pass
48585,55,MissedShots,0.825,0.6090000152587891,0.04735039919614792,Giacomo Bonaventura,a,1121,OpenPlay,2014,RightFoot,4907,Fiorentina,AC Milan,2,1,2015-03-16 18:00:00,,None
48127,26,MissedShots,0.7919999694824219,0.26899999618530274,0.016784999519586563,Giacomo Bonaventura,a,1121,OpenPlay,2014,RightFoot,4832,Palermo,AC Milan,1,2,2015-04-04 14:00:00,Ignazio Abate,Pass
48876,35,MissedShots,0.8019999694824219,0.6980000305175781,0.021668599918484688,Giacomo Bonaventura,h,1121,OpenPlay,2014,RightFoot,4849,AC Milan,Sampdoria,1,1,2015-04-12 19:45:00,,None
48889,80,BlockedShot,0.74,0.4520000076293945,0.01644040085375309,Giacomo Bonaventura,h,1121,OpenPlay,2014,RightFoot,4849,AC Milan,Sampdoria,1,1,2015-04-12 19:45:00,Jérémy Menez,Pass
49223,46,MissedShots,0.765,0.43900001525878907,0.024900900200009346,Giacomo Bonaventura,a,1121,OpenPlay,2014,LeftFoot,4859,Inter,AC Milan,0,0,2015-04-19 19:45:00,,None
50258,45,MissedShots,0.764000015258789,0.8009999847412109,0.03350469842553139,Giacomo Bonaventura,h,1121,DirectFreekick,2014,RightFoot,4878,AC Milan,Genoa,1,3,2015-04-29 19:45:00,,Standard
49847,12,SavedShot,0.7709999847412109,0.37,0.0177776999771595,Giacomo Bonaventura,a,1121,OpenPlay,2014,RightFoot,4786,Napoli,AC Milan,3,0,2015-05-03 19:45:00,Keisuke Honda,TakeOn
49850,38,ShotOnPost,0.91,0.44299999237060544,0.09427379816770554,Giacomo Bonaventura,a,1121,OpenPlay,2014,Head,4786,Napoli,AC Milan,3,0,2015-05-03 19:45:00,Salvatore Bocchetti,Cross
51010,8,MissedShots,0.754000015258789,0.18200000762939453,0.00909871980547905,Giacomo Bonaventura,h,1121,OpenPlay,2014,RightFoot,4790,AC Milan,Roma,2,1,2015-05-09 19:45:00,,None
51018,36,SavedShot,0.9119999694824219,0.505,0.3236440122127533,Giacomo Bonaventura,h,1121,OpenPlay,2014,Head,4790,AC Milan,Roma,2,1,2015-05-09 19:45:00,Marco van Ginkel,Cross
51024,61,MissedShots,0.950999984741211,0.6559999847412109,0.38843101263046265,Giacomo Bonaventura,h,1121,OpenPlay,2014,RightFoot,4790,AC Milan,Roma,2,1,2015-05-09 19:45:00,,BlockedPass
51032,84,BlockedShot,0.8640000152587891,0.6959999847412109,0.055194299668073654,Giacomo Bonaventura,h,1121,OpenPlay,2014,RightFoot,4790,AC Milan,Roma,2,1,2015-05-09 19:45:00,Keisuke Honda,Pass
50232,32,Goal,0.89,0.345,0.08147619664669037,Giacomo Bonaventura,a,1121,OpenPlay,2014,RightFoot,4801,Sassuolo,AC Milan,3,2,2015-05-17 11:30:00,Ignazio Abate,Pass
50236,49,BlockedShot,0.825,0.6409999847412109,0.04071589931845665,Giacomo Bonaventura,a,1121,OpenPlay,2014,RightFoot,4801,Sassuolo,AC Milan,3,2,2015-05-17 11:30:00,Marco van Ginkel,Pass
50530,4,SavedShot,0.759000015258789,0.6990000152587891,0.014039100147783756,Giacomo Bonaventura,a,1121,OpenPlay,2014,RightFoot,4820,Atalanta,AC Milan,1,3,2015-05-30 19:45:00,Stephan El Shaarawy,Pass
50542,37,Goal,0.93,0.47,0.5299990177154541,Giacomo Bonaventura,a,1121,OpenPlay,2014,RightFoot,4820,Atalanta,AC Milan,1,3,2015-05-30 19:45:00,,Rebound
50549,79,Goal,0.9619999694824218,0.534000015258789,0.5214490294456482,Giacomo Bonaventura,a,1121,OpenPlay,2014,RightFoot,4820,Atalanta,AC Milan,1,3,2015-05-30 19:45:00,Andrea Poli,BallTouch
93083,13,BlockedShot,0.8959999847412109,0.585,0.09118340164422989,Giacomo Bonaventura,a,1121,SetPiece,2015,LeftFoot,559,Fiorentina,AC Milan,2,0,2015-08-23 22:45:00,Nigel de Jong,Pass
93089,28,MissedShots,0.9380000305175781,0.5820000076293945,0.26816999912261963,Giacomo Bonaventura,a,1121,OpenPlay,2015,Head,559,Fiorentina,AC Milan,2,0,2015-08-23 22:45:00,Mattia De Sciglio,Cross
93100,86,MissedShots,0.86,0.6229999923706054,0.083201102912426,Giacomo Bonaventura,a,1121,OpenPlay,2015,RightFoot,559,Fiorentina,AC Milan,2,0,2015-08-23 22:45:00,Antonio Nocerino,Pass
93101,94,BlockedShot,0.7090000152587891,0.6480000305175782,0.01099579967558384,Giacomo Bonaventura,a,1121,OpenPlay,2015,RightFoot,559,Fiorentina,AC Milan,2,0,2015-08-23 22:45:00,Nigel de Jong,Pass
93738,21,BlockedShot,0.7190000152587891,0.43400001525878906,0.01034419983625412,Giacomo Bonaventura,a,1121,SetPiece,2015,RightFoot,579,Inter,AC Milan,1,0,2015-09-13 22:45:00,,None
93751,52,BlockedShot,0.7530000305175781,0.4979999923706055,0.021417200565338135,Giacomo Bonaventura,a,1121,OpenPlay,2015,RightFoot,579,Inter,AC Milan,1,0,2015-09-13 22:45:00,Carlos Bacca,Pass
93755,56,BlockedShot,0.7180000305175781,0.525,0.016084300354123116,Giacomo Bonaventura,a,1121,OpenPlay,2015,RightFoot,579,Inter,AC Milan,1,0,2015-09-13 22:45:00,Keisuke Honda,Pass
93758,70,MissedShots,0.885,0.5790000152587891,0.023036500439047813,Giacomo Bonaventura,a,1121,FromCorner,2015,Head,579,Inter,AC Milan,1,0,2015-09-13 22:45:00,Mario Balotelli,Cross
93764,90,MissedShots,0.7190000152587891,0.5529999923706055,0.014120600186288357,Giacomo Bonaventura,a,1121,OpenPlay,2015,RightFoot,579,Inter,AC Milan,1,0,2015-09-13 22:45:00,,BallTouch
93765,93,MissedShots,0.7669999694824219,0.61,0.01570120081305504,Giacomo Bonaventura,a,1121,SetPiece,2015,RightFoot,579,Inter,AC Milan,1,0,2015-09-13 22:45:00,,None
95121,29,SavedShot,0.7319999694824219,0.625999984741211,0.020011000335216522,Giacomo Bonaventura,h,1121,OpenPlay,2015,RightFoot,582,AC Milan,Palermo,3,2,2015-09-19 22:45:00,Juraj Kucka,Pass
95127,39,Goal,0.745999984741211,0.5579999923706055,0.05999499931931496,Giacomo Bonaventura,h,1121,DirectFreekick,2015,RightFoot,582,AC Milan,Palermo,3,2,2015-09-19 22:45:00,,Standard
95133,53,MissedShots,0.784000015258789,0.40400001525878904,0.023305300623178482,Giacomo Bonaventura,h,1121,FromCorner,2015,LeftFoot,582,AC Milan,Palermo,3,2,2015-09-19 22:45:00,Cristian Zapata,Pass
94705,9,Goal,0.9059999847412109,0.565,0.31368398666381836,Giacomo Bonaventura,a,1121,OpenPlay,2015,LeftFoot,591,Udinese,AC Milan,2,3,2015-09-22 22:45:00,Riccardo Montolivo,Chipped
94718,65,MissedShots,0.7519999694824219,0.46700000762939453,0.03009979985654354,Giacomo Bonaventura,a,1121,OpenPlay,2015,LeftFoot,591,Udinese,AC Milan,2,3,2015-09-22 22:45:00,Mario Balotelli,Pass
95830,19,MissedShots,0.7619999694824219,0.5359999847412109,0.026130899786949158,Giacomo Bonaventura,a,1121,OpenPlay,2015,LeftFoot,603,Genoa,AC Milan,1,0,2015-09-27 14:30:00,Mario Balotelli,Pass
95839,48,BlockedShot,0.89,0.2520000076293945,0.029520800337195396,Giacomo Bonaventura,a,1121,FromCorner,2015,LeftFoot,603,Genoa,AC Milan,1,0,2015-09-27 14:30:00,,TakeOn
96386,64,BlockedShot,0.7719999694824219,0.6359999847412109,0.020662400871515274,Giacomo Bonaventura,h,1121,OpenPlay,2015,RightFoot,619,AC Milan,Napoli,0,4,2015-10-04 22:45:00,Riccardo Montolivo,Pass
96391,89,SavedShot,0.7969999694824219,0.38299999237060545,0.09538889676332474,Giacomo Bonaventura,h,1121,DirectFreekick,2015,RightFoot,619,AC Milan,Napoli,0,4,2015-10-04 22:45:00,,Standard
96980,30,MissedShots,0.7830000305175782,0.7630000305175781,0.044070299714803696,Giacomo Bonaventura,a,1121,DirectFreekick,2015,RightFoot,622,Torino,AC Milan,1,1,2015-10-17 22:45:00,,Standard
96987,76,MissedShots,0.8030000305175782,0.4829999923706055,0.05200500041246414,Giacomo Bonaventura,a,1121,OpenPlay,2015,RightFoot,622,Torino,AC Milan,1,1,2015-10-17 22:45:00,Carlos Bacca,Pass
97387,18,MissedShots,0.8190000152587891,0.6659999847412109,0.033663999289274216,Giacomo Bonaventura,h,1121,OpenPlay,2015,RightFoot,636,AC Milan,Sassuolo,2,1,2015-10-25 18:00:00,,None
97401,74,MissedShots,0.795,0.71,0.01722469925880432,Giacomo Bonaventura,h,1121,OpenPlay,2015,RightFoot,636,AC Milan,Sassuolo,2,1,2015-10-25 18:00:00,Carlos Bacca,Pass
97405,80,BlockedShot,0.7930000305175782,0.6630000305175782,0.027380799874663353,Giacomo Bonaventura,h,1121,OpenPlay,2015,RightFoot,636,AC Milan,Sassuolo,2,1,2015-10-25 18:00:00,Luiz Adriano,Chipped
97407,82,SavedShot,0.7719999694824219,0.5829999923706055,0.02957409992814064,Giacomo Bonaventura,h,1121,OpenPlay,2015,RightFoot,636,AC Milan,Sassuolo,2,1,2015-10-25 18:00:00,Andrea Bertolacci,TakeOn
97409,92,MissedShots,0.895,0.6279999923706054,0.10631400346755981,Giacomo Bonaventura,h,1121,OpenPlay,2015,RightFoot,636,AC Milan,Sassuolo,2,1,2015-10-25 18:00:00,Andrea Bertolacci,Pass
97816,28,MissedShots,0.7330000305175781,0.529000015258789,0.017495399340987206,Giacomo Bonaventura,h,1121,OpenPlay,2015,RightFoot,644,AC Milan,Chievo,1,0,2015-10-28 23:45:00,,BallRecovery
97822,46,MissedShots,0.8630000305175781,0.245,0.027389800176024437,Giacomo Bonaventura,h,1121,FromCorner,2015,RightFoot,644,AC Milan,Chievo,1,0,2015-10-28 23:45:00,Alessio Cerci,Cross
97828,59,SavedShot,0.79,0.5520000076293945,0.0485134981572628,Giacomo Bonaventura,h,1121,OpenPlay,2015,LeftFoot,644,AC Milan,Chievo,1,0,2015-10-28 23:45:00,Alessio Cerci,Pass
97833,76,MissedShots,0.8540000152587891,0.49,0.06919310241937637,Giacomo Bonaventura,h,1121,OpenPlay,2015,RightFoot,644,AC Milan,Chievo,1,0,2015-10-28 23:45:00,Alex,Cross
98397,10,MissedShots,0.76,0.81,0.011781900189816952,Giacomo Bonaventura,a,1121,FromCorner,2015,RightFoot,658,Lazio,AC Milan,1,3,2015-11-01 23:45:00,,None
98405,60,MissedShots,0.7519999694824219,0.6419999694824219,0.019471900537610054,Giacomo Bonaventura,a,1121,OpenPlay,2015,LeftFoot,658,Lazio,AC Milan,1,3,2015-11-01 23:45:00,,BallRecovery
99397,21,SavedShot,0.7280000305175781,0.5259999847412109,0.014978200197219849,Giacomo Bonaventura,a,1121,OpenPlay,2015,RightFoot,672,Juventus,AC Milan,1,0,2015-11-21 23:45:00,Carlos Bacca,Pass
99404,51,BlockedShot,0.7340000152587891,0.5129999923706055,0.03736349940299988,Giacomo Bonaventura,a,1121,OpenPlay,2015,RightFoot,672,Juventus,AC Milan,1,0,2015-11-21 23:45:00,Luca Antonelli,TakeOn
99842,15,Goal,0.9819999694824219,0.52,0.9480400085449219,Giacomo Bonaventura,h,1121,OpenPlay,2015,LeftFoot,682,AC Milan,Sampdoria,4,1,2015-11-28 23:45:00,M&#039;Baye Niang,Rebound
99847,31,MissedShots,0.915,0.49599998474121093,0.12881100177764893,Giacomo Bonaventura,h,1121,OpenPlay,2015,RightFoot,682,AC Milan,Sampdoria,4,1,2015-11-28 23:45:00,M&#039;Baye Niang,Cross
99855,56,MissedShots,0.8730000305175781,0.6909999847412109,0.04750889912247658,Giacomo Bonaventura,h,1121,OpenPlay,2015,RightFoot,682,AC Milan,Sampdoria,4,1,2015-11-28 23:45:00,Alessio Cerci,Cross
99858,65,SavedShot,0.9619999694824218,0.6179999923706054,0.11027300357818604,Giacomo Bonaventura,h,1121,OpenPlay,2015,LeftFoot,682,AC Milan,Sampdoria,4,1,2015-11-28 23:45:00,Ignazio Abate,Cross
99859,67,MissedShots,0.77,0.5879999923706055,0.07512079924345016,Giacomo Bonaventura,h,1121,DirectFreekick,2015,RightFoot,682,AC Milan,Sampdoria,4,1,2015-11-28 23:45:00,,Standard
100309,68,SavedShot,0.7180000305175781,0.674000015258789,0.0359501987695694,Giacomo Bonaventura,a,1121,DirectFreekick,2015,RightFoot,700,Carpi,AC Milan,0,0,2015-12-06 23:45:00,,Standard
100310,74,MissedShots,0.754000015258789,0.6519999694824219,0.052827801555395126,Giacomo Bonaventura,a,1121,DirectFreekick,2015,RightFoot,700,Carpi,AC Milan,0,0,2015-12-06 23:45:00,,Standard
100313,82,MissedShots,0.8769999694824219,0.6869999694824219,0.04749910160899162,Giacomo Bonaventura,a,1121,OpenPlay,2015,RightFoot,700,Carpi,AC Milan,0,0,2015-12-06 23:45:00,,None
100318,84,BlockedShot,0.89,0.27700000762939453,0.04194070026278496,Giacomo Bonaventura,a,1121,OpenPlay,2015,RightFoot,700,Carpi,AC Milan,0,0,2015-12-06 23:45:00,Juraj Kucka,Pass
100877,18,BlockedShot,0.894000015258789,0.5940000152587891,0.0792538970708847,Giacomo Bonaventura,h,1121,OpenPlay,2015,RightFoot,704,AC Milan,Verona,1,1,2015-12-13 18:00:00,,None
100881,28,SavedShot,0.8880000305175781,0.545,0.40699899196624756,Giacomo Bonaventura,h,1121,OpenPlay,2015,RightFoot,704,AC Milan,Verona,1,1,2015-12-13 18:00:00,Carlos Bacca,Throughball
100887,47,SavedShot,0.91,0.58,0.03867489844560623,Giacomo Bonaventura,h,1121,OpenPlay,2015,Head,704,AC Milan,Verona,1,1,2015-12-13 18:00:00,M&#039;Baye Niang,Aerial
100893,63,MissedShots,0.735,0.46599998474121096,0.018335899338126183,Giacomo Bonaventura,h,1121,OpenPlay,2015,RightFoot,704,AC Milan,Verona,1,1,2015-12-13 18:00:00,Juraj Kucka,Pass
100895,75,SavedShot,0.9219999694824219,0.6780000305175782,0.05790479853749275,Giacomo Bonaventura,h,1121,OpenPlay,2015,LeftFoot,704,AC Milan,Verona,1,1,2015-12-13 18:00:00,Carlos Bacca,None
100898,85,SavedShot,0.9409999847412109,0.6830000305175781,0.06720919907093048,Giacomo Bonaventura,h,1121,OpenPlay,2015,LeftFoot,704,AC Milan,Verona,1,1,2015-12-13 18:00:00,Andrea Bertolacci,Pass
100901,94,BlockedShot,0.8819999694824219,0.6769999694824219,0.05713430047035217,Giacomo Bonaventura,h,1121,OpenPlay,2015,LeftFoot,704,AC Milan,Verona,1,1,2015-12-13 18:00:00,,Dispossessed
101383,8,SavedShot,0.785,0.32799999237060545,0.020333699882030487,Giacomo Bonaventura,a,1121,OpenPlay,2015,LeftFoot,718,Frosinone,AC Milan,2,4,2015-12-20 21:00:00,Keisuke Honda,Pass
101393,37,BlockedShot,0.759000015258789,0.44799999237060545,0.030923599377274513,Giacomo Bonaventura,a,1121,OpenPlay,2015,RightFoot,718,Frosinone,AC Milan,2,4,2015-12-20 21:00:00,M&#039;Baye Niang,LayOff
101396,47,MissedShots,0.7819999694824219,0.4909999847412109,0.09907720237970352,Giacomo Bonaventura,a,1121,DirectFreekick,2015,RightFoot,718,Frosinone,AC Milan,2,4,2015-12-20 21:00:00,,Standard
101412,92,Goal,0.8819999694824219,0.6140000152587891,0.363662987947464,Giacomo Bonaventura,a,1121,OpenPlay,2015,RightFoot,718,Frosinone,AC Milan,2,4,2015-12-20 21:00:00,Andrea Poli,Throughball
101917,39,SavedShot,0.8819999694824219,0.6170000076293946,0.10346599668264389,Giacomo Bonaventura,h,1121,OpenPlay,2015,RightFoot,727,AC Milan,Bologna,0,1,2016-01-06 18:00:00,M&#039;Baye Niang,TakeOn
101928,67,BlockedShot,0.8380000305175781,0.6170000076293946,0.03804650157690048,Giacomo Bonaventura,h,1121,FromCorner,2015,RightFoot,727,AC Milan,Bologna,0,1,2016-01-06 18:00:00,Carlos Bacca,Pass
102557,21,SavedShot,0.764000015258789,0.6329999923706054,0.023361200466752052,Giacomo Bonaventura,a,1121,OpenPlay,2015,RightFoot,732,Roma,AC Milan,1,1,2016-01-09 23:45:00,Luiz Adriano,Pass
102562,35,SavedShot,0.8109999847412109,0.7419999694824219,0.010757500305771828,Giacomo Bonaventura,a,1121,FromCorner,2015,RightFoot,732,Roma,AC Milan,1,1,2016-01-09 23:45:00,Keisuke Honda,TakeOn
102567,57,MissedShots,0.7909999847412109,0.47400001525878904,0.04050369933247566,Giacomo Bonaventura,a,1121,OpenPlay,2015,RightFoot,732,Roma,AC Milan,1,1,2016-01-09 23:45:00,Kevin-Prince Boateng,Pass
102571,67,MissedShots,0.7330000305175781,0.3609999847412109,0.01515050046145916,Giacomo Bonaventura,a,1121,OpenPlay,2015,RightFoot,732,Roma,AC Milan,1,1,2016-01-09 23:45:00,Kevin-Prince Boateng,Pass
102573,75,BlockedShot,0.830999984741211,0.6909999847412109,0.03396740183234215,Giacomo Bonaventura,a,1121,OpenPlay,2015,LeftFoot,732,Roma,AC Milan,1,1,2016-01-09 23:45:00,Juraj Kucka,Pass
94178,23,MissedShots,0.8080000305175781,0.7069999694824218,0.031415101140737534,Giacomo Bonaventura,a,1121,OpenPlay,2015,RightFoot,752,Empoli,AC Milan,2,2,2016-01-23 23:45:00,Riccardo Montolivo,Pass
94179,25,SavedShot,0.925,0.675,0.06694349646568298,Giacomo Bonaventura,a,1121,OpenPlay,2015,LeftFoot,752,Empoli,AC Milan,2,2,2016-01-23 23:45:00,Andrea Bertolacci,Chipped
94182,37,MissedShots,0.8180000305175781,0.544000015258789,0.16351500153541565,Giacomo Bonaventura,a,1121,DirectFreekick,2015,RightFoot,752,Empoli,AC Milan,2,2,2016-01-23 23:45:00,,Standard
94187,43,BlockedShot,0.7440000152587891,0.41200000762939454,0.02017810009419918,Giacomo Bonaventura,a,1121,OpenPlay,2015,RightFoot,752,Empoli,AC Milan,2,2,2016-01-23 23:45:00,Riccardo Montolivo,Pass
94188,43,MissedShots,0.8590000152587891,0.38799999237060545,0.08529549837112427,Giacomo Bonaventura,a,1121,OpenPlay,2015,LeftFoot,752,Empoli,AC Milan,2,2,2016-01-23 23:45:00,Carlos Bacca,Pass
94189,47,Goal,0.905,0.6270000076293946,0.33990100026130676,Giacomo Bonaventura,a,1121,OpenPlay,2015,LeftFoot,752,Empoli,AC Milan,2,2,2016-01-23 23:45:00,M&#039;Baye Niang,BlockedPass
94543,9,MissedShots,0.7069999694824218,0.61,0.014259099960327148,Giacomo Bonaventura,h,1121,OpenPlay,2015,LeftFoot,770,AC Milan,Inter,3,0,2016-01-31 23:45:00,Alex,Pass
94548,23,MissedShots,0.6880000305175781,0.4420000076293945,0.033622801303863525,Giacomo Bonaventura,h,1121,DirectFreekick,2015,RightFoot,770,AC Milan,Inter,3,0,2016-01-31 23:45:00,,Standard
94554,55,BlockedShot,0.9419999694824219,0.3089999961853027,0.0546329990029335,Giacomo Bonaventura,h,1121,SetPiece,2015,RightFoot,770,AC Milan,Inter,3,0,2016-01-31 23:45:00,Alessio Romagnoli,Pass
95427,13,BlockedShot,0.7169999694824218,0.549000015258789,0.04425770044326782,Giacomo Bonaventura,a,1121,DirectFreekick,2015,RightFoot,776,Palermo,AC Milan,0,2,2016-02-03 23:45:00,,Standard
95429,16,SavedShot,0.7519999694824219,0.7030000305175781,0.017187999561429024,Giacomo Bonaventura,a,1121,OpenPlay,2015,RightFoot,776,Palermo,AC Milan,0,2,2016-02-03 23:45:00,,TakeOn
95446,67,SavedShot,0.8540000152587891,0.425,0.1144699975848198,Giacomo Bonaventura,a,1121,OpenPlay,2015,RightFoot,776,Palermo,AC Milan,0,2,2016-02-03 23:45:00,Keisuke Honda,Pass
96136,12,MissedShots,0.8040000152587891,0.75,0.01426289975643158,Giacomo Bonaventura,h,1121,OpenPlay,2015,RightFoot,796,AC Milan,Genoa,2,1,2016-02-14 15:30:00,,Aerial
96137,22,MissedShots,0.9159999847412109,0.46599998474121096,0.13093900680541992,Giacomo Bonaventura,h,1121,OpenPlay,2015,OtherBodyPart,796,AC Milan,Genoa,2,1,2016-02-14 15:30:00,Mattia De Sciglio,Aerial
96141,53,MissedShots,0.71,0.72,0.009199080057442188,Giacomo Bonaventura,h,1121,OpenPlay,2015,RightFoot,796,AC Milan,Genoa,2,1,2016-02-14 15:30:00,Riccardo Montolivo,Chipped
96142,57,MissedShots,0.725,0.5670000076293945,0.04716850072145462,Giacomo Bonaventura,h,1121,DirectFreekick,2015,RightFoot,796,AC Milan,Genoa,2,1,2016-02-14 15:30:00,,Standard
96143,58,BlockedShot,0.8109999847412109,0.8090000152587891,0.022056100890040398,Giacomo Bonaventura,h,1121,OpenPlay,2015,RightFoot,796,AC Milan,Genoa,2,1,2016-02-14 15:30:00,Luca Antonelli,Pass
96144,60,SavedShot,0.789000015258789,0.5829999923706055,0.06745950132608414,Giacomo Bonaventura,h,1121,OpenPlay,2015,LeftFoot,796,AC Milan,Genoa,2,1,2016-02-14 15:30:00,Keisuke Honda,TakeOn
96146,65,SavedShot,0.9669999694824218,0.61,0.12739300727844238,Giacomo Bonaventura,h,1121,OpenPlay,2015,LeftFoot,796,AC Milan,Genoa,2,1,2016-02-14 15:30:00,Carlos Bacca,Pass
96625,9,BlockedShot,0.924000015258789,0.675,0.07390440255403519,Giacomo Bonaventura,a,1121,OpenPlay,2015,RightFoot,810,Napoli,AC Milan,1,1,2016-02-23 00:00:00,Keisuke Honda,TakeOn
96637,43,Goal,0.9330000305175781,0.6229999923706054,0.37216299772262573,Giacomo Bonaventura,a,1121,OpenPlay,2015,RightFoot,810,Napoli,AC Milan,1,1,2016-02-23 00:00:00,,None
96638,44,MissedShots,0.74,0.534000015258789,0.016884800046682358,Giacomo Bonaventura,a,1121,OpenPlay,2015,LeftFoot,810,Napoli,AC Milan,1,1,2016-02-23 00:00:00,,None
96647,89,BlockedShot,0.745999984741211,0.4909999847412109,0.016668500378727913,Giacomo Bonaventura,a,1121,FromCorner,2015,RightFoot,810,Napoli,AC Milan,1,1,2016-02-23 00:00:00,,None
97219,34,SavedShot,0.8469999694824218,0.6819999694824219,0.04969840124249458,Giacomo Bonaventura,h,1121,OpenPlay,2015,RightFoot,812,AC Milan,Torino,1,0,2016-02-27 23:45:00,Carlos Bacca,LayOff
97229,57,MissedShots,0.8590000152587891,0.6559999847412109,0.07191380113363266,Giacomo Bonaventura,h,1121,OpenPlay,2015,RightFoot,812,AC Milan,Torino,1,0,2016-02-27 23:45:00,Carlos Bacca,Pass
97647,6,SavedShot,0.7580000305175781,0.764000015258789,0.016995400190353394,Giacomo Bonaventura,a,1121,OpenPlay,2015,RightFoot,825,Sassuolo,AC Milan,2,0,2016-03-06 18:00:00,Andrea Bertolacci,Pass
98062,1,BlockedShot,0.7169999694824218,0.5940000152587891,0.01773569919168949,Giacomo Bonaventura,a,1121,OpenPlay,2015,LeftFoot,834,Chievo,AC Milan,0,0,2016-03-13 15:30:00,Andrea Bertolacci,Pass
98076,50,MissedShots,0.8690000152587891,0.7169999694824218,0.03645459935069084,Giacomo Bonaventura,a,1121,OpenPlay,2015,RightFoot,834,Chievo,AC Milan,0,0,2016-03-13 15:30:00,Andrea Bertolacci,Pass
98080,60,BlockedShot,0.81,0.49599998474121093,0.15158000588417053,Giacomo Bonaventura,a,1121,DirectFreekick,2015,RightFoot,834,Chievo,AC Milan,0,0,2016-03-13 15:30:00,,Standard
98659,24,BlockedShot,0.8430000305175781,0.515,0.09500610083341599,Giacomo Bonaventura,h,1121,OpenPlay,2015,LeftFoot,850,AC Milan,Lazio,1,1,2016-03-20 23:45:00,Carlos Bacca,Pass
98660,36,ShotOnPost,0.7530000305175781,0.5170000076293946,0.06754530221223831,Giacomo Bonaventura,h,1121,DirectFreekick,2015,RightFoot,850,AC Milan,Lazio,1,1,2016-03-20 23:45:00,,Standard
98664,50,SavedShot,0.8180000305175781,0.7069999694824218,0.021197600290179253,Giacomo Bonaventura,h,1121,OpenPlay,2015,LeftFoot,850,AC Milan,Lazio,1,1,2016-03-20 23:45:00,Luiz Adriano,Pass
98667,59,SavedShot,0.9269999694824219,0.8680000305175781,0.0480991005897522,Giacomo Bonaventura,h,1121,DirectFreekick,2015,RightFoot,850,AC Milan,Lazio,1,1,2016-03-20 23:45:00,,Standard
98672,67,SavedShot,0.9640000152587891,0.625,0.2764750123023987,Giacomo Bonaventura,h,1121,OpenPlay,2015,RightFoot,850,AC Milan,Lazio,1,1,2016-03-20 23:45:00,Keisuke Honda,Cross
98679,92,BlockedShot,0.720999984741211,0.5179999923706055,0.011583499610424042,Giacomo Bonaventura,h,1121,SetPiece,2015,RightFoot,850,AC Milan,Lazio,1,1,2016-03-20 23:45:00,Jérémy Menez,Chipped
99031,24,MissedShots,0.7180000305175781,0.555,0.01015700027346611,Giacomo Bonaventura,a,1121,SetPiece,2015,RightFoot,858,Atalanta,AC Milan,2,1,2016-04-03 17:00:00,Riccardo Montolivo,Chipped
99044,80,BlockedShot,0.7930000305175782,0.43599998474121093,0.04478919878602028,Giacomo Bonaventura,a,1121,OpenPlay,2015,RightFoot,858,Atalanta,AC Milan,2,1,2016-04-03 17:00:00,Carlos Bacca,LayOff
100525,10,BlockedShot,0.7480000305175781,0.6990000152587891,0.016660600900650024,Giacomo Bonaventura,h,1121,OpenPlay,2015,RightFoot,890,AC Milan,Carpi,0,0,2016-04-21 22:45:00,Luca Antonelli,Pass
100530,39,BlockedShot,0.7180000305175781,0.634000015258789,0.014796200208365917,Giacomo Bonaventura,h,1121,OpenPlay,2015,RightFoot,890,AC Milan,Carpi,0,0,2016-04-21 22:45:00,Andrea Poli,Pass
100533,56,BlockedShot,0.79,0.5870000076293945,0.027935799211263657,Giacomo Bonaventura,h,1121,OpenPlay,2015,RightFoot,890,AC Milan,Carpi,0,0,2016-04-21 22:45:00,Kevin-Prince Boateng,Pass
102829,68,MissedShots,0.860999984741211,0.725999984741211,0.03530599921941757,Giacomo Bonaventura,h,1121,OpenPlay,2015,LeftFoot,923,AC Milan,Roma,1,3,2016-05-14 22:45:00,Mattia De Sciglio,TakeOn
102831,70,SavedShot,0.765,0.4909999847412109,0.05429089814424515,Giacomo Bonaventura,h,1121,OpenPlay,2015,RightFoot,923,AC Milan,Roma,1,3,2016-05-14 22:45:00,Luiz Adriano,Chipped
102843,93,SavedShot,0.8080000305175781,0.76,0.053387898951768875,Giacomo Bonaventura,h,1121,DirectFreekick,2015,RightFoot,923,AC Milan,Roma,1,3,2016-05-14 22:45:00,,Standard
144394,23,BlockedShot,0.8640000152587891,0.6419999694824219,0.06719280034303665,Giacomo Bonaventura,h,1121,OpenPlay,2016,RightFoot,933,AC Milan,Torino,3,2,2016-08-21 20:00:00,Suso,Pass
144984,54,BlockedShot,0.815,0.505,0.05145949870347977,Giacomo Bonaventura,a,1121,OpenPlay,2016,RightFoot,942,Napoli,AC Milan,4,2,2016-08-27 22:45:00,Ignazio Abate,Pass
145492,66,SavedShot,0.9130000305175782,0.59,0.05641939863562584,Giacomo Bonaventura,h,1121,OpenPlay,2016,Head,955,AC Milan,Udinese,0,1,2016-09-11 17:00:00,Mattia De Sciglio,Cross
145496,94,MissedShots,0.835999984741211,0.695,0.024985099211335182,Giacomo Bonaventura,h,1121,SetPiece,2016,LeftFoot,955,AC Milan,Udinese,0,1,2016-09-11 17:00:00,,None
146008,4,BlockedShot,0.7390000152587891,0.39799999237060546,0.015575099736452103,Giacomo Bonaventura,a,1121,OpenPlay,2016,RightFoot,960,Sampdoria,AC Milan,0,1,2016-09-16 22:45:00,Riccardo Montolivo,TakeOn
146495,29,MissedShots,0.6919999694824219,0.625,0.015401899814605713,Giacomo Bonaventura,h,1121,OpenPlay,2016,RightFoot,970,AC Milan,Lazio,2,0,2016-09-20 22:45:00,Suso,Pass
146498,37,SavedShot,0.9330000305175781,0.710999984741211,0.06633239984512329,Giacomo Bonaventura,h,1121,OpenPlay,2016,LeftFoot,970,AC Milan,Lazio,2,0,2016-09-20 22:45:00,M&#039;Baye Niang,Pass
146499,42,SavedShot,0.735999984741211,0.63,0.02089720033109188,Giacomo Bonaventura,h,1121,OpenPlay,2016,LeftFoot,970,AC Milan,Lazio,2,0,2016-09-20 22:45:00,Riccardo Montolivo,Pass
146500,45,BlockedShot,0.8780000305175781,0.524000015258789,0.3782680034637451,Giacomo Bonaventura,h,1121,OpenPlay,2016,RightFoot,970,AC Milan,Lazio,2,0,2016-09-20 22:45:00,Mattia De Sciglio,Pass
146502,46,BlockedShot,0.8009999847412109,0.5790000152587891,0.04341559857130051,Giacomo Bonaventura,h,1121,OpenPlay,2016,RightFoot,970,AC Milan,Lazio,2,0,2016-09-20 22:45:00,Juraj Kucka,Pass
146513,72,BlockedShot,0.7380000305175781,0.3920000076293945,0.024831200018525124,Giacomo Bonaventura,h,1121,OpenPlay,2016,RightFoot,970,AC Milan,Lazio,2,0,2016-09-20 22:45:00,Juraj Kucka,Pass
146948,3,BlockedShot,0.7719999694824219,0.64,0.06593389809131622,Giacomo Bonaventura,a,1121,DirectFreekick,2016,RightFoot,987,Fiorentina,AC Milan,0,0,2016-09-25 22:45:00,,Standard
146957,32,MissedShots,0.7340000152587891,0.55,0.02016640082001686,Giacomo Bonaventura,a,1121,OpenPlay,2016,RightFoot,987,Fiorentina,AC Milan,0,0,2016-09-25 22:45:00,Riccardo Montolivo,Pass
146962,50,BlockedShot,0.9330000305175781,0.5479999923706055,0.10614299774169922,Giacomo Bonaventura,a,1121,OpenPlay,2016,RightFoot,987,Fiorentina,AC Milan,0,0,2016-09-25 22:45:00,,None
147654,8,Goal,0.7680000305175781,0.53,0.030889999121427536,Giacomo Bonaventura,h,1121,OpenPlay,2016,RightFoot,998,AC Milan,Sassuolo,4,3,2016-10-02 20:00:00,Mattia De Sciglio,TakeOn
147659,38,BlockedShot,0.8590000152587891,0.534000015258789,0.07513199746608734,Giacomo Bonaventura,h,1121,OpenPlay,2016,RightFoot,998,AC Milan,Sassuolo,4,3,2016-10-02 20:00:00,,None
147663,47,MissedShots,0.7719999694824219,0.46,0.0191172007471323,Giacomo Bonaventura,h,1121,SetPiece,2016,RightFoot,998,AC Milan,Sassuolo,4,3,2016-10-02 20:00:00,,Rebound
147671,76,SavedShot,0.805,0.6940000152587891,0.07278110086917877,Giacomo Bonaventura,h,1121,DirectFreekick,2016,RightFoot,998,AC Milan,Sassuolo,4,3,2016-10-02 20:00:00,,Standard
147974,39,BlockedShot,0.8440000152587891,0.6480000305175782,0.053102098405361176,Giacomo Bonaventura,a,1121,OpenPlay,2016,RightFoot,1008,Chievo,AC Milan,1,3,2016-10-16 22:45:00,M&#039;Baye Niang,BallTouch
147983,57,BlockedShot,0.8109999847412109,0.7480000305175781,0.05799020081758499,Giacomo Bonaventura,a,1121,DirectFreekick,2016,RightFoot,1008,Chievo,AC Milan,1,3,2016-10-16 22:45:00,,Standard
149076,24,SavedShot,0.7609999847412109,0.5429999923706055,0.03185649961233139,Giacomo Bonaventura,a,1121,OpenPlay,2016,RightFoot,1020,Genoa,AC Milan,3,0,2016-10-25 22:45:00,Keisuke Honda,TakeOn
149079,46,MissedShots,0.769000015258789,0.779000015258789,0.01162640005350113,Giacomo Bonaventura,a,1121,OpenPlay,2016,RightFoot,1020,Genoa,AC Milan,3,0,2016-10-25 22:45:00,,None
149080,50,MissedShots,0.725,0.539000015258789,0.01489030010998249,Giacomo Bonaventura,a,1121,OpenPlay,2016,RightFoot,1020,Genoa,AC Milan,3,0,2016-10-25 22:45:00,,Dispossessed
149093,83,MissedShots,0.754000015258789,0.504000015258789,0.021593399345874786,Giacomo Bonaventura,a,1121,SetPiece,2016,RightFoot,1020,Genoa,AC Milan,3,0,2016-10-25 22:45:00,Suso,Pass
149732,14,SavedShot,0.7759999847412109,0.67,0.018576599657535553,Giacomo Bonaventura,h,1121,OpenPlay,2016,RightFoot,3294,AC Milan,Pescara,1,0,2016-10-30 18:00:00,,None
149741,44,SavedShot,0.785,0.515,0.03805270045995712,Giacomo Bonaventura,h,1121,OpenPlay,2016,LeftFoot,3294,AC Milan,Pescara,1,0,2016-10-30 18:00:00,Suso,Pass
149742,48,Goal,0.81,0.645,0.09818089753389359,Giacomo Bonaventura,h,1121,DirectFreekick,2016,RightFoot,3294,AC Milan,Pescara,1,0,2016-10-30 18:00:00,,Standard
149747,60,MissedShots,0.8390000152587891,0.46799999237060547,0.07211430370807648,Giacomo Bonaventura,h,1121,OpenPlay,2016,RightFoot,3294,AC Milan,Pescara,1,0,2016-10-30 18:00:00,,Rebound
150244,10,MissedShots,0.7440000152587891,0.615999984741211,0.0526713989675045,Giacomo Bonaventura,a,1121,DirectFreekick,2016,RightFoot,2749,Palermo,AC Milan,1,2,2016-11-06 18:00:00,,Standard
150245,12,MissedShots,0.9230000305175782,0.6819999694824219,0.07992629706859589,Giacomo Bonaventura,a,1121,OpenPlay,2016,LeftFoot,2749,Palermo,AC Milan,1,2,2016-11-06 18:00:00,Alessio Romagnoli,TakeOn
150265,77,MissedShots,0.8119999694824219,0.6930000305175781,0.02771100029349327,Giacomo Bonaventura,a,1121,OpenPlay,2016,RightFoot,2749,Palermo,AC Milan,1,2,2016-11-06 18:00:00,Suso,Pass
150860,49,BlockedShot,0.8719999694824219,0.7190000152587891,0.041323598474264145,Giacomo Bonaventura,h,1121,SetPiece,2016,RightFoot,2765,AC Milan,Inter,2,2,2016-11-20 23:45:00,Juraj Kucka,TakeOn
150862,51,BlockedShot,0.845999984741211,0.4490000152587891,0.06276100128889084,Giacomo Bonaventura,h,1121,OpenPlay,2016,RightFoot,2765,AC Milan,Inter,2,2,2016-11-20 23:45:00,Carlos Bacca,TakeOn
151434,25,BlockedShot,0.9030000305175782,0.7169999694824218,0.03264639899134636,Giacomo Bonaventura,a,1121,OpenPlay,2016,RightFoot,2767,Empoli,AC Milan,1,4,2016-11-26 23:45:00,Suso,TakeOn
151439,37,MissedShots,0.7280000305175781,0.5220000076293946,0.022322600707411766,Giacomo Bonaventura,a,1121,FromCorner,2016,RightFoot,2767,Empoli,AC Milan,1,4,2016-11-26 23:45:00,Ignazio Abate,Pass
151454,85,SavedShot,0.8030000305175782,0.759000015258789,0.026651499792933464,Giacomo Bonaventura,a,1121,OpenPlay,2016,RightFoot,2767,Empoli,AC Milan,1,4,2016-11-26 23:45:00,Ignazio Abate,Pass
152916,52,MissedShots,0.8569999694824219,0.5970000076293945,0.08598089963197708,Giacomo Bonaventura,h,1121,OpenPlay,2016,LeftFoot,3088,AC Milan,Atalanta,0,0,2016-12-17 21:00:00,Mario Pasalic,TakeOn
152917,55,MissedShots,0.759000015258789,0.39599998474121095,0.02019519917666912,Giacomo Bonaventura,h,1121,OpenPlay,2016,LeftFoot,3088,AC Milan,Atalanta,0,0,2016-12-17 21:00:00,,None
152926,85,BlockedShot,0.7730000305175782,0.5929999923706055,0.027927899733185768,Giacomo Bonaventura,h,1121,OpenPlay,2016,RightFoot,3088,AC Milan,Atalanta,0,0,2016-12-17 21:00:00,,BallTouch
153928,20,MissedShots,0.7569999694824219,0.7330000305175781,0.01424769964069128,Giacomo Bonaventura,h,1121,OpenPlay,2016,RightFoot,3528,AC Milan,Cagliari,1,0,2017-01-08 21:00:00,Mario Pasalic,Pass
153931,27,MissedShots,0.7859999847412109,0.6309999847412109,0.07930359989404678,Giacomo Bonaventura,h,1121,DirectFreekick,2016,RightFoot,3528,AC Milan,Cagliari,1,0,2017-01-08 21:00:00,,Standard
153939,53,MissedShots,0.7440000152587891,0.53,0.02233020029962063,Giacomo Bonaventura,h,1121,OpenPlay,2016,RightFoot,3528,AC Milan,Cagliari,1,0,2017-01-08 21:00:00,M&#039;Baye Niang,LayOff
153941,57,BlockedShot,0.9230000305175782,0.6819999694824219,0.03903219848871231,Giacomo Bonaventura,h,1121,OpenPlay,2016,LeftFoot,3528,AC Milan,Cagliari,1,0,2017-01-08 21:00:00,M&#039;Baye Niang,Cross
144710,23,BlockedShot,0.8969999694824219,0.47,0.06636740267276764,Giacomo Bonaventura,a,1121,OpenPlay,2016,Head,3539,Torino,AC Milan,2,2,2017-01-16 23:45:00,Suso,Cross
144722,46,MissedShots,0.754000015258789,0.5329999923706055,0.022649399936199188,Giacomo Bonaventura,a,1121,OpenPlay,2016,RightFoot,3539,Torino,AC Milan,2,2,2017-01-16 23:45:00,Manuel Locatelli,Pass
144727,54,MissedShots,0.9330000305175781,0.6809999847412109,0.028360599651932716,Giacomo Bonaventura,a,1121,OpenPlay,2016,LeftFoot,3539,Torino,AC Milan,2,2,2017-01-16 23:45:00,Ignazio Abate,Cross
145749,7,Goal,0.96,0.5129999923706055,0.624638020992279,Giacomo Bonaventura,a,1121,OpenPlay,2016,RightFoot,3558,Udinese,AC Milan,2,1,2017-01-29 17:00:00,Suso,Cross
173323,78,BlockedShot,0.9290000152587891,0.4279999923706055,0.04523500055074692,Giacomo Bonaventura,a,1121,SetPiece,2017,Head,7526,Lazio,AC Milan,4,1,2017-09-10 15:00:00,Ricardo Rodríguez,Card
173325,84,SavedShot,0.779000015258789,0.49599998474121093,0.04111099988222122,Giacomo Bonaventura,a,1121,OpenPlay,2017,LeftFoot,7526,Lazio,AC Milan,4,1,2017-09-10 15:00:00,Leonardo Bonucci,BallRecovery
173452,46,MissedShots,0.955999984741211,0.505,0.1469620019197464,Giacomo Bonaventura,h,1121,OpenPlay,2017,RightFoot,7533,AC Milan,Udinese,2,1,2017-09-17 14:00:00,Davide Calabria,HeadPass
174318,92,MissedShots,0.8319999694824218,0.81,0.016254400834441185,Giacomo Bonaventura,h,1121,FromCorner,2017,RightFoot,7564,AC Milan,Roma,0,2,2017-10-01 17:00:00,Ricardo Rodríguez,Pass
174585,61,SavedShot,0.9119999694824219,0.6459999847412109,0.06830649822950363,Giacomo Bonaventura,a,1121,OpenPlay,2017,RightFoot,7574,Inter,AC Milan,3,2,2017-10-15 19:45:00,Patrick Cutrone,None
174587,64,BlockedShot,0.749000015258789,0.4620000076293945,0.017425600439310074,Giacomo Bonaventura,a,1121,OpenPlay,2017,RightFoot,7574,Inter,AC Milan,3,2,2017-10-15 19:45:00,Ricardo Rodríguez,HeadPass
174592,80,SavedShot,0.9469999694824218,0.6079999923706054,0.08907660096883774,Giacomo Bonaventura,a,1121,OpenPlay,2017,LeftFoot,7574,Inter,AC Milan,3,2,2017-10-15 19:45:00,Fabio Borini,Rebound
174830,30,SavedShot,0.6959999847412109,0.5129999923706055,0.015380400232970715,Giacomo Bonaventura,h,1121,OpenPlay,2017,RightFoot,7583,AC Milan,Genoa,0,0,2017-10-22 14:00:00,Lucas Biglia,Pass
174832,43,MissedShots,0.7390000152587891,0.645,0.015728099271655083,Giacomo Bonaventura,h,1121,OpenPlay,2017,RightFoot,7583,AC Milan,Genoa,0,0,2017-10-22 14:00:00,Franck Kessié,Pass
175830,76,SavedShot,0.7219999694824218,0.5690000152587891,0.014159600250422955,Giacomo Bonaventura,a,1121,OpenPlay,2017,RightFoot,7623,Napoli,AC Milan,2,1,2017-11-18 19:45:00,Fabio Borini,Pass
176236,1,SavedShot,0.7769999694824219,0.6990000152587891,0.05533679947257042,Giacomo Bonaventura,a,1121,DirectFreekick,2017,RightFoot,7639,Benevento,AC Milan,2,2,2017-12-03 11:30:00,,Standard
176237,3,MissedShots,0.919000015258789,0.51,0.06420589983463287,Giacomo Bonaventura,a,1121,OpenPlay,2017,Head,7639,Benevento,AC Milan,2,2,2017-12-03 11:30:00,Franck Kessié,Aerial
176238,10,MissedShots,0.749000015258789,0.5540000152587891,0.02348719909787178,Giacomo Bonaventura,a,1121,OpenPlay,2017,RightFoot,7639,Benevento,AC Milan,2,2,2017-12-03 11:30:00,Nikola Kalinic,LayOff
176245,27,MissedShots,0.73,0.40099998474121096,0.015935000032186508,Giacomo Bonaventura,a,1121,OpenPlay,2017,LeftFoot,7639,Benevento,AC Milan,2,2,2017-12-03 11:30:00,,BallRecovery
176248,37,BlockedShot,0.97,0.5529999923706055,0.14778099954128265,Giacomo Bonaventura,a,1121,OpenPlay,2017,Head,7639,Benevento,AC Milan,2,2,2017-12-03 11:30:00,Franck Kessié,Chipped
176250,37,Goal,0.9769999694824218,0.565,0.1059110015630722,Giacomo Bonaventura,a,1121,OpenPlay,2017,Head,7639,Benevento,AC Milan,2,2,2017-12-03 11:30:00,,Rebound
180179,9,Goal,0.8319999694824218,0.45799999237060546,0.08738569915294647,Giacomo Bonaventura,h,1121,OpenPlay,2017,RightFoot,7654,AC Milan,Bologna,2,1,2017-12-10 19:45:00,Nikola Kalinic,LayOff
180200,75,Goal,0.9159999847412109,0.52,0.06040380150079727,Giacomo Bonaventura,h,1121,OpenPlay,2017,Head,7654,AC Milan,Bologna,2,1,2017-12-10 19:45:00,Fabio Borini,Aerial
184847,45,BlockedShot,0.7819999694824219,0.38,0.019700899720191956,Giacomo Bonaventura,a,1121,FromCorner,2017,LeftFoot,7664,Verona,AC Milan,3,0,2017-12-17 11:30:00,,None
184857,74,MissedShots,0.7609999847412109,0.6079999923706054,0.013474700041115284,Giacomo Bonaventura,a,1121,OpenPlay,2017,RightFoot,7664,Verona,AC Milan,3,0,2017-12-17 11:30:00,Manuel Locatelli,HeadPass
185136,34,SavedShot,0.895,0.6140000152587891,0.06458249688148499,Giacomo Bonaventura,h,1121,OpenPlay,2017,RightFoot,7674,AC Milan,Atalanta,0,2,2017-12-23 17:00:00,,None
185137,34,BlockedShot,0.92,0.705,0.043753501027822495,Giacomo Bonaventura,h,1121,OpenPlay,2017,RightFoot,7674,AC Milan,Atalanta,0,2,2017-12-23 17:00:00,,Rebound
186783,11,BlockedShot,0.9169999694824219,0.35700000762939454,0.014141200110316277,Giacomo Bonaventura,h,1121,FromCorner,2017,Head,7691,AC Milan,Crotone,1,0,2018-01-06 14:00:00,Suso,Cross
186784,15,MissedShots,0.750999984741211,0.6040000152587891,0.020052799955010414,Giacomo Bonaventura,h,1121,OpenPlay,2017,RightFoot,7691,AC Milan,Crotone,1,0,2018-01-06 14:00:00,Lucas Biglia,HeadPass
186789,38,MissedShots,0.8490000152587891,0.49,0.052903998643159866,Giacomo Bonaventura,h,1121,OpenPlay,2017,RightFoot,7691,AC Milan,Crotone,1,0,2018-01-06 14:00:00,Hakan Calhanoglu,Chipped
186790,39,MissedShots,0.925,0.545,0.3330000042915344,Giacomo Bonaventura,h,1121,OpenPlay,2017,Head,7691,AC Milan,Crotone,1,0,2018-01-06 14:00:00,Davide Calabria,Cross
186798,58,SavedShot,0.7759999847412109,0.4540000152587891,0.04328729957342148,Giacomo Bonaventura,h,1121,OpenPlay,2017,LeftFoot,7691,AC Milan,Crotone,1,0,2018-01-06 14:00:00,Patrick Cutrone,LayOff
186808,88,SavedShot,0.815,0.5209999847412109,0.073677197098732,Giacomo Bonaventura,h,1121,OpenPlay,2017,RightFoot,7691,AC Milan,Crotone,1,0,2018-01-06 14:00:00,Suso,Pass
186810,95,MissedShots,0.6980000305175781,0.8769999694824219,0.00965007022023201,Giacomo Bonaventura,h,1121,OpenPlay,2017,LeftFoot,7691,AC Milan,Crotone,1,0,2018-01-06 14:00:00,,BallRecovery
189401,16,MissedShots,0.865999984741211,0.5990000152587891,0.01571590080857277,Giacomo Bonaventura,a,1121,OpenPlay,2017,Head,7704,Cagliari,AC Milan,1,2,2018-01-21 17:00:00,Ricardo Rodríguez,Cross
189403,23,BlockedShot,0.92,0.61,0.02830740064382553,Giacomo Bonaventura,a,1121,FromCorner,2017,Head,7704,Cagliari,AC Milan,1,2,2018-01-21 17:00:00,Hakan Calhanoglu,Cross
189412,47,MissedShots,0.6940000152587891,0.53,0.01693359948694706,Giacomo Bonaventura,a,1121,OpenPlay,2017,LeftFoot,7704,Cagliari,AC Milan,1,2,2018-01-21 17:00:00,Hakan Calhanoglu,HeadPass
189415,52,SavedShot,0.755,0.445,0.028657900169491768,Giacomo Bonaventura,a,1121,OpenPlay,2017,RightFoot,7704,Cagliari,AC Milan,1,2,2018-01-21 17:00:00,Hakan Calhanoglu,Pass
190475,43,Goal,0.919000015258789,0.524000015258789,0.3281159996986389,Giacomo Bonaventura,h,1121,OpenPlay,2017,Head,7716,AC Milan,Lazio,2,1,2018-01-28 14:00:00,Davide Calabria,Cross
190481,67,SavedShot,0.7559999847412109,0.7530000305175781,0.017560599371790886,Giacomo Bonaventura,h,1121,OpenPlay,2017,RightFoot,7716,AC Milan,Lazio,2,1,2018-01-28 14:00:00,Hakan Calhanoglu,Pass
195659,0,SavedShot,0.8690000152587891,0.46,0.0760108008980751,Giacomo Bonaventura,a,1121,OpenPlay,2017,RightFoot,7723,Udinese,AC Milan,1,1,2018-02-04 14:00:00,Ignazio Abate,Cross
195950,7,MissedShots,0.8930000305175781,0.5220000076293946,0.04695430025458336,Giacomo Bonaventura,a,1121,OpenPlay,2017,Head,7737,SPAL 2013,AC Milan,0,4,2018-02-10 14:00:00,Hakan Calhanoglu,Aerial
195957,34,SavedShot,0.9069999694824219,0.43099998474121093,0.1309870034456253,Giacomo Bonaventura,a,1121,OpenPlay,2017,RightFoot,7737,SPAL 2013,AC Milan,0,4,2018-02-10 14:00:00,,Rebound
196941,2,SavedShot,0.919000015258789,0.555,0.056196101009845734,Giacomo Bonaventura,h,1121,FromCorner,2017,Head,7748,AC Milan,Sampdoria,1,0,2018-02-18 19:45:00,Riccardo Montolivo,Chipped
196944,12,Goal,0.879000015258789,0.5220000076293946,0.3653559982776642,Giacomo Bonaventura,h,1121,OpenPlay,2017,RightFoot,7748,AC Milan,Sampdoria,1,0,2018-02-18 19:45:00,Davide Calabria,Pass
198086,51,BlockedShot,0.9059999847412109,0.6659999847412109,0.08607769757509232,Giacomo Bonaventura,a,1121,OpenPlay,2017,RightFoot,7753,Roma,AC Milan,0,2,2018-02-25 19:45:00,Hakan Calhanoglu,Pass
200855,7,MissedShots,0.8059999847412109,0.6329999923706054,0.03472770005464554,Giacomo Bonaventura,a,1121,OpenPlay,2017,RightFoot,7773,Genoa,AC Milan,0,1,2018-03-11 17:00:00,Hakan Calhanoglu,Pass
200867,60,MissedShots,0.815,0.6519999694824219,0.03261119872331619,Giacomo Bonaventura,a,1121,OpenPlay,2017,LeftFoot,7773,Genoa,AC Milan,0,1,2018-03-11 17:00:00,Hakan Calhanoglu,Pass
200871,66,SavedShot,0.789000015258789,0.5370000076293945,0.04935700073838234,Giacomo Bonaventura,a,1121,OpenPlay,2017,LeftFoot,7773,Genoa,AC Milan,0,1,2018-03-11 17:00:00,Suso,TakeOn
202022,62,BlockedShot,0.759000015258789,0.54,0.025772299617528915,Giacomo Bonaventura,h,1121,OpenPlay,2017,RightFoot,7782,AC Milan,Chievo,3,2,2018-03-18 14:00:00,Patrick Cutrone,Pass
202028,81,BlockedShot,0.855,0.6859999847412109,0.049236398190259933,Giacomo Bonaventura,h,1121,OpenPlay,2017,RightFoot,7782,AC Milan,Chievo,3,2,2018-03-18 14:00:00,Lucas Biglia,TakeOn
205000,69,MissedShots,0.9059999847412109,0.6969999694824218,0.046914901584386826,Giacomo Bonaventura,a,1121,OpenPlay,2017,RightFoot,7792,Juventus,AC Milan,3,1,2018-03-31 19:45:00,Hakan Calhanoglu,TakeOn
207825,59,BlockedShot,0.7930000305175782,0.700999984741211,0.02381959930062294,Giacomo Bonaventura,h,1121,OpenPlay,2017,LeftFoot,7808,AC Milan,Sassuolo,1,1,2018-04-08 18:45:00,Lucas Biglia,Pass
207836,95,SavedShot,0.7869999694824219,0.5879999923706055,0.028046300634741783,Giacomo Bonaventura,h,1121,OpenPlay,2017,RightFoot,7808,AC Milan,Sassuolo,1,1,2018-04-08 18:45:00,Franck Kessié,Chipped
209082,3,SavedShot,0.730999984741211,0.42900001525878906,0.016310300678014755,Giacomo Bonaventura,h,1121,OpenPlay,2017,LeftFoot,7813,AC Milan,Napoli,0,0,2018-04-15 13:00:00,Suso,Pass
209940,8,Goal,0.764000015258789,0.5940000152587891,0.021297799423336983,Giacomo Bonaventura,a,1121,OpenPlay,2017,RightFoot,7826,Torino,AC Milan,1,1,2018-04-18 18:45:00,Lucas Biglia,HeadPass
210691,41,SavedShot,0.7809999847412109,0.6120000076293945,0.028816599398851395,Giacomo Bonaventura,h,1121,OpenPlay,2017,LeftFoot,7829,AC Milan,Benevento,0,1,2018-04-21 18:45:00,Lucas Biglia,Pass
210693,43,SavedShot,0.7909999847412109,0.54,0.03851139917969704,Giacomo Bonaventura,h,1121,OpenPlay,2017,LeftFoot,7829,AC Milan,Benevento,0,1,2018-04-21 18:45:00,Lucas Biglia,BallRecovery
210700,63,SavedShot,0.785,0.6359999847412109,0.028510700911283493,Giacomo Bonaventura,h,1121,OpenPlay,2017,RightFoot,7829,AC Milan,Benevento,0,1,2018-04-21 18:45:00,Ricardo Rodríguez,Pass
210703,70,SavedShot,0.799000015258789,0.5029999923706054,0.04681650176644325,Giacomo Bonaventura,h,1121,OpenPlay,2017,RightFoot,7829,AC Milan,Benevento,0,1,2018-04-21 18:45:00,Lucas Biglia,Pass
210705,72,BlockedShot,0.8930000305175781,0.5829999923706055,0.07221119850873947,Giacomo Bonaventura,h,1121,OpenPlay,2017,RightFoot,7829,AC Milan,Benevento,0,1,2018-04-21 18:45:00,,Foul
212271,45,Goal,0.8830000305175781,0.35700000762939454,0.09371449798345566,Giacomo Bonaventura,a,1121,OpenPlay,2017,RightFoot,7844,Bologna,AC Milan,1,2,2018-04-29 13:00:00,Hakan Calhanoglu,Pass
212281,71,ShotOnPost,0.8130000305175781,0.59,0.05928859859704971,Giacomo Bonaventura,a,1121,OpenPlay,2017,RightFoot,7844,Bologna,AC Milan,1,2,2018-04-29 13:00:00,Hakan Calhanoglu,Pass
215824,22,MissedShots,0.725,0.5729999923706055,0.012999899685382843,Giacomo Bonaventura,a,1121,OpenPlay,2017,LeftFoot,7864,Atalanta,AC Milan,1,1,2018-05-13 17:00:00,Nikola Kalinic,LayOff
216561,6,MissedShots,0.8830000305175781,0.415,0.31913501024246216,Giacomo Bonaventura,h,1121,OpenPlay,2017,RightFoot,7873,AC Milan,Fiorentina,5,1,2018-05-20 14:00:00,,Rebound
216564,11,BlockedShot,0.7819999694824219,0.580999984741211,0.02263760007917881,Giacomo Bonaventura,h,1121,OpenPlay,2017,RightFoot,7873,AC Milan,Fiorentina,5,1,2018-05-20 14:00:00,,Rebound
216583,75,Goal,0.84,0.6140000152587891,0.08742830157279968,Giacomo Bonaventura,h,1121,OpenPlay,2017,RightFoot,7873,AC Milan,Fiorentina,5,1,2018-05-20 14:00:00,Hakan Calhanoglu,TakeOn
220473,14,Goal,0.8819999694824219,0.590999984741211,0.06199700012803078,Giacomo Bonaventura,a,1121,OpenPlay,2018,RightFoot,9588,Napoli,AC Milan,3,2,2018-08-25 21:30:00,Fabio Borini,HeadPass
221301,23,BlockedShot,0.7909999847412109,0.68,0.023280300199985504,Giacomo Bonaventura,h,1121,OpenPlay,2018,LeftFoot,9597,AC Milan,Roma,2,1,2018-08-31 21:30:00,Gonzalo Higuaín,Pass
221306,36,BlockedShot,0.7930000305175782,0.5459999847412109,0.037251200526952744,Giacomo Bonaventura,h,1121,OpenPlay,2018,RightFoot,9597,AC Milan,Roma,2,1,2018-08-31 21:30:00,Gonzalo Higuaín,Pass
221310,53,MissedShots,0.885,0.6370000076293946,0.009189270436763763,Giacomo Bonaventura,h,1121,SetPiece,2018,Head,9597,AC Milan,Roma,2,1,2018-08-31 21:30:00,Hakan Calhanoglu,Aerial
224443,17,BlockedShot,0.7859999847412109,0.54,0.030896399170160294,Giacomo Bonaventura,a,1121,FromCorner,2018,LeftFoot,9607,Cagliari,AC Milan,1,1,2018-09-16 18:30:00,Hakan Calhanoglu,Pass
224444,17,MissedShots,0.909000015258789,0.4909999847412109,0.35119301080703735,Giacomo Bonaventura,a,1121,OpenPlay,2018,Head,9607,Cagliari,AC Milan,1,1,2018-09-16 18:30:00,Hakan Calhanoglu,Cross
224448,26,MissedShots,0.9469999694824218,0.555,0.45867499709129333,Giacomo Bonaventura,a,1121,OpenPlay,2018,LeftFoot,9607,Cagliari,AC Milan,1,1,2018-09-16 18:30:00,Davide Calabria,Cross
224450,48,BlockedShot,0.9459999847412109,0.35200000762939454,0.01433509960770607,Giacomo Bonaventura,a,1121,FromCorner,2018,Head,9607,Cagliari,AC Milan,1,1,2018-09-16 18:30:00,Suso,Cross
225978,15,BlockedShot,0.875999984741211,0.624000015258789,0.10593999922275543,Giacomo Bonaventura,h,1121,OpenPlay,2018,RightFoot,9622,AC Milan,Atalanta,2,2,2018-09-23 16:00:00,Hakan Calhanoglu,Pass
225980,18,SavedShot,0.735999984741211,0.6020000076293945,0.022082200273871422,Giacomo Bonaventura,h,1121,OpenPlay,2018,LeftFoot,9622,AC Milan,Atalanta,2,2,2018-09-23 16:00:00,Lucas Biglia,Pass
225984,36,MissedShots,0.9130000305175782,0.43400001525878906,0.06131260097026825,Giacomo Bonaventura,h,1121,SetPiece,2018,Head,9622,AC Milan,Atalanta,2,2,2018-09-23 16:00:00,Hakan Calhanoglu,Chipped
225985,38,ShotOnPost,0.895,0.5479999923706055,0.04041619971394539,Giacomo Bonaventura,h,1121,OpenPlay,2018,Head,9622,AC Milan,Atalanta,2,2,2018-09-23 16:00:00,Hakan Calhanoglu,Aerial
225991,60,Goal,0.9630000305175781,0.44599998474121094,0.12309200316667557,Giacomo Bonaventura,h,1121,OpenPlay,2018,LeftFoot,9622,AC Milan,Atalanta,2,2,2018-09-23 16:00:00,Suso,Cross
227520,5,BlockedShot,0.7530000305175781,0.654000015258789,0.01636520028114319,Giacomo Bonaventura,a,1121,OpenPlay,2018,RightFoot,9629,Empoli,AC Milan,1,1,2018-09-27 19:00:00,Hakan Calhanoglu,Pass
227527,31,SavedShot,0.7669999694824219,0.3940000152587891,0.02503249980509281,Giacomo Bonaventura,a,1121,OpenPlay,2018,RightFoot,9629,Empoli,AC Milan,1,1,2018-09-27 19:00:00,Fabio Borini,Pass
227529,32,SavedShot,0.9569999694824218,0.595999984741211,0.0640920028090477,Giacomo Bonaventura,a,1121,FromCorner,2018,Head,9629,Empoli,AC Milan,1,1,2018-09-27 19:00:00,Hakan Calhanoglu,Cross
227533,42,MissedShots,0.9230000305175782,0.595999984741211,0.07241310179233551,Giacomo Bonaventura,a,1121,OpenPlay,2018,Head,9629,Empoli,AC Milan,1,1,2018-09-27 19:00:00,Hakan Calhanoglu,Cross
228893,54,SavedShot,0.9,0.7130000305175781,0.06880369782447815,Giacomo Bonaventura,a,1121,OpenPlay,2018,RightFoot,9639,Sassuolo,AC Milan,1,4,2018-09-30 18:30:00,Hakan Calhanoglu,Chipped
228894,55,SavedShot,0.9009999847412109,0.4909999847412109,0.5178989768028259,Giacomo Bonaventura,a,1121,OpenPlay,2018,RightFoot,9639,Sassuolo,AC Milan,1,4,2018-09-30 18:30:00,Suso,Pass
252230,3,MissedShots,0.7680000305175781,0.34700000762939454,0.02398820035159588,Giacomo Bonaventura,h,1121,OpenPlay,2018,LeftFoot,9652,AC Milan,Chievo,3,1,2018-10-07 13:00:00,Franck Kessié,Pass
252238,18,SavedShot,0.8059999847412109,0.35900001525878905,0.02751469984650612,Giacomo Bonaventura,h,1121,OpenPlay,2018,RightFoot,9652,AC Milan,Chievo,3,1,2018-10-07 13:00:00,,TakeOn
252240,23,MissedShots,0.9319999694824219,0.40400001525878904,0.06480959802865982,Giacomo Bonaventura,h,1121,FromCorner,2018,LeftFoot,9652,AC Milan,Chievo,3,1,2018-10-07 13:00:00,Suso,Cross
252241,25,MissedShots,0.95,0.5459999847412109,0.466838002204895,Giacomo Bonaventura,h,1121,OpenPlay,2018,LeftFoot,9652,AC Milan,Chievo,3,1,2018-10-07 13:00:00,Suso,Chipped
252254,50,MissedShots,0.8059999847412109,0.5179999923706055,0.03360519930720329,Giacomo Bonaventura,h,1121,FromCorner,2018,LeftFoot,9652,AC Milan,Chievo,3,1,2018-10-07 13:00:00,,None
252257,55,Goal,0.805,0.5770000076293945,0.06104059889912605,Giacomo Bonaventura,h,1121,OpenPlay,2018,LeftFoot,9652,AC Milan,Chievo,3,1,2018-10-07 13:00:00,Suso,Pass
252524,58,MissedShots,0.9019999694824219,0.41700000762939454,0.06020909920334816,Giacomo Bonaventura,a,1121,OpenPlay,2018,Head,9666,Inter,AC Milan,1,0,2018-10-21 18:30:00,Davide Calabria,Cross
252526,62,BlockedShot,0.799000015258789,0.6669999694824219,0.028223499655723572,Giacomo Bonaventura,a,1121,OpenPlay,2018,LeftFoot,9666,Inter,AC Milan,1,0,2018-10-21 18:30:00,Lucas Biglia,Pass
322244,67,MissedShots,0.769000015258789,0.669000015258789,0.0267581008374691,Giacomo Bonaventura,a,1121,OpenPlay,2019,LeftFoot,13138,Torino,AC Milan,2,1,2019-09-26 19:00:00,Ismael Bennacer,Pass
324466,65,SavedShot,0.7630000305175781,0.6609999847412109,0.024289799854159355,Giacomo Bonaventura,a,1121,OpenPlay,2019,RightFoot,13153,Genoa,AC Milan,1,2,2019-10-05 19:45:00,Rafael Leão,Pass
332375,8,BlockedShot,0.8880000305175781,0.5,0.0398343987762928,Giacomo Bonaventura,h,1121,OpenPlay,2019,Head,13213,AC Milan,Napoli,1,1,2019-11-23 17:00:00,Krzysztof Piatek,Aerial
332380,28,Goal,0.8109999847412109,0.49599998474121093,0.05796850100159645,Giacomo Bonaventura,h,1121,OpenPlay,2019,RightFoot,13213,AC Milan,Napoli,1,1,2019-11-23 17:00:00,Rade Krunic,Pass
334238,36,MissedShots,0.8880000305175781,0.6430000305175781,0.06213099882006645,Giacomo Bonaventura,a,1121,OpenPlay,2019,RightFoot,13228,Parma Calcio 1913,AC Milan,0,1,2019-12-01 14:00:00,,None
334239,42,BlockedShot,0.8440000152587891,0.5179999923706055,0.07549569755792618,Giacomo Bonaventura,a,1121,OpenPlay,2019,RightFoot,13228,Parma Calcio 1913,AC Milan,0,1,2019-12-01 14:00:00,Hakan Calhanoglu,BallTouch
334256,85,BlockedShot,0.7140000152587891,0.51,0.014493199996650219,Giacomo Bonaventura,a,1121,OpenPlay,2019,RightFoot,13228,Parma Calcio 1913,AC Milan,0,1,2019-12-01 14:00:00,Rade Krunic,Pass
334257,87,SavedShot,0.775,0.575,0.018258700147271156,Giacomo Bonaventura,a,1121,OpenPlay,2019,LeftFoot,13228,Parma Calcio 1913,AC Milan,0,1,2019-12-01 14:00:00,Rade Krunic,TakeOn
336602,25,BlockedShot,0.8040000152587891,0.615,0.051523398607969284,Giacomo Bonaventura,a,1121,OpenPlay,2019,LeftFoot,13230,Bologna,AC Milan,2,3,2019-12-08 19:45:00,Hakan Calhanoglu,Pass
336606,38,SavedShot,0.9430000305175781,0.715,0.07336760312318802,Giacomo Bonaventura,a,1121,OpenPlay,2019,LeftFoot,13230,Bologna,AC Milan,2,3,2019-12-08 19:45:00,Alessio Romagnoli,Pass
336608,45,Goal,0.8109999847412109,0.49,0.06580159813165665,Giacomo Bonaventura,a,1121,OpenPlay,2019,LeftFoot,13230,Bologna,AC Milan,2,3,2019-12-08 19:45:00,,None
337515,13,SavedShot,0.7759999847412109,0.524000015258789,0.03177740052342415,Giacomo Bonaventura,h,1121,OpenPlay,2019,RightFoot,13246,AC Milan,Sassuolo,0,0,2019-12-15 14:00:00,Suso,Pass
337530,51,BlockedShot,0.9330000305175781,0.6519999694824219,0.0833268016576767,Giacomo Bonaventura,h,1121,OpenPlay,2019,RightFoot,13246,AC Milan,Sassuolo,0,0,2019-12-15 14:00:00,Franck Kessié,Pass
337535,56,MissedShots,0.9359999847412109,0.455,0.05746079981327057,Giacomo Bonaventura,h,1121,FromCorner,2019,Head,13246,AC Milan,Sassuolo,0,0,2019-12-15 14:00:00,Suso,Aerial
337537,59,MissedShots,0.8009999847412109,0.6990000152587891,0.01997929997742176,Giacomo Bonaventura,h,1121,OpenPlay,2019,LeftFoot,13246,AC Milan,Sassuolo,0,0,2019-12-15 14:00:00,Theo Hernández,Pass
337541,69,SavedShot,0.93,0.5579999923706055,0.46069100499153137,Giacomo Bonaventura,h,1121,OpenPlay,2019,LeftFoot,13246,AC Milan,Sassuolo,0,0,2019-12-15 14:00:00,,Rebound
337544,76,BlockedShot,0.8130000305175781,0.5329999923706055,0.05703670158982277,Giacomo Bonaventura,h,1121,OpenPlay,2019,RightFoot,13246,AC Milan,Sassuolo,0,0,2019-12-15 14:00:00,Lucas Paquetá,Pass
339137,33,BlockedShot,0.8730000305175781,0.6580000305175782,0.0592803992331028,Giacomo Bonaventura,a,1121,OpenPlay,2019,RightFoot,13249,Atalanta,AC Milan,5,0,2019-12-22 11:30:00,Suso,Pass
354044,22,BlockedShot,0.8319999694824218,0.5509999847412109,0.046709198504686356,Giacomo Bonaventura,h,1121,FromCorner,2019,RightFoot,13265,AC Milan,Sampdoria,0,0,2020-01-06 14:00:00,,None
354046,36,BlockedShot,0.8480000305175781,0.4329999923706055,0.0884385034441948,Giacomo Bonaventura,h,1121,OpenPlay,2019,RightFoot,13265,AC Milan,Sampdoria,0,0,2020-01-06 14:00:00,Hakan Calhanoglu,Pass
354049,46,MissedShots,0.81,0.6530000305175782,0.02431339956820011,Giacomo Bonaventura,h,1121,SetPiece,2019,RightFoot,13265,AC Milan,Sampdoria,0,0,2020-01-06 14:00:00,,None
357189,48,MissedShots,0.7340000152587891,0.4759999847412109,0.021086199209094048,Giacomo Bonaventura,h,1121,OpenPlay,2019,RightFoot,13305,AC Milan,Verona,1,1,2020-02-02 14:00:00,Theo Hernández,Pass
359611,73,BlockedShot,0.78,0.495,0.045066799968481064,Giacomo Bonaventura,h,1121,OpenPlay,2019,RightFoot,13325,AC Milan,Torino,1,0,2020-02-17 19:45:00,Ante Rebic,Pass
362150,63,MissedShots,0.7730000305175782,0.6170000076293946,0.023521900177001953,Giacomo Bonaventura,h,1121,OpenPlay,2019,RightFoot,13343,AC Milan,Genoa,1,2,2020-03-08 14:00:00,Theo Hernández,Pass
362152,67,SavedShot,0.6409999847412109,0.36700000762939455,0.006766989827156067,Giacomo Bonaventura,h,1121,OpenPlay,2019,RightFoot,13343,AC Milan,Genoa,1,2,2020-03-08 14:00:00,,BallRecovery
362155,76,BlockedShot,0.8490000152587891,0.34599998474121096,0.03367359936237335,Giacomo Bonaventura,h,1121,FromCorner,2019,RightFoot,13343,AC Milan,Genoa,1,2,2020-03-08 14:00:00,Samu Castillejo,Cross
362160,83,BlockedShot,0.845,0.42900001525878906,0.04673980176448822,Giacomo Bonaventura,h,1121,OpenPlay,2019,RightFoot,13343,AC Milan,Genoa,1,2,2020-03-08 14:00:00,Samu Castillejo,TakeOn
365932,14,SavedShot,0.950999984741211,0.355,0.3057990074157715,Giacomo Bonaventura,a,1121,FromCorner,2019,RightFoot,13354,Lecce,AC Milan,1,4,2020-06-22 17:30:00,Theo Hernández,Rebound
365938,40,SavedShot,0.730999984741211,0.49900001525878906,0.019933300092816353,Giacomo Bonaventura,a,1121,OpenPlay,2019,RightFoot,13354,Lecce,AC Milan,1,4,2020-06-22 17:30:00,Hakan Calhanoglu,Pass
365948,54,Goal,0.9159999847412109,0.56,0.4167659878730774,Giacomo Bonaventura,a,1121,OpenPlay,2019,RightFoot,13354,Lecce,AC Milan,1,4,2020-06-22 17:30:00,,Rebound
367383,26,MissedShots,0.835,0.34700000762939454,0.04892760142683983,Giacomo Bonaventura,h,1121,OpenPlay,2019,RightFoot,13363,AC Milan,Roma,2,0,2020-06-28 15:15:00,Ante Rebic,Pass
368271,88,BlockedShot,0.775,0.5329999923706055,0.03342369943857193,Giacomo Bonaventura,a,1121,OpenPlay,2019,RightFoot,13375,SPAL 2013,AC Milan,2,2,2020-07-01 19:45:00,Hakan Calhanoglu,Pass
368274,91,BlockedShot,0.8340000152587891,0.5220000076293946,0.05556190013885498,Giacomo Bonaventura,a,1121,OpenPlay,2019,RightFoot,13375,SPAL 2013,AC Milan,2,2,2020-07-01 19:45:00,,Rebound
368275,92,MissedShots,0.77,0.47299999237060547,0.02057899907231331,Giacomo Bonaventura,a,1121,FromCorner,2019,RightFoot,13375,SPAL 2013,AC Milan,2,2,2020-07-01 19:45:00,,None
368839,55,MissedShots,0.7519999694824219,0.5979999923706054,0.023767299950122833,Giacomo Bonaventura,a,1121,OpenPlay,2019,RightFoot,13379,Lazio,AC Milan,0,3,2020-07-04 19:45:00,Lucas Paquetá,Pass
369570,74,BlockedShot,0.9069999694824219,0.5,0.13166600465774536,Giacomo Bonaventura,h,1121,OpenPlay,2019,RightFoot,13394,AC Milan,Juventus,4,2,2020-07-07 19:45:00,,Dispossessed
371582,50,MissedShots,0.75,0.4179999923706055,0.021172700449824333,Giacomo Bonaventura,h,1121,OpenPlay,2019,LeftFoot,13416,AC Milan,Parma Calcio 1913,3,1,2020-07-15 17:30:00,Rafael Leão,Pass
371589,65,BlockedShot,0.8569999694824219,0.34900001525878904,0.06124050170183182,Giacomo Bonaventura,h,1121,OpenPlay,2019,LeftFoot,13416,AC Milan,Parma Calcio 1913,3,1,2020-07-15 17:30:00,Zlatan Ibrahimovic,Pass
373072,80,SavedShot,0.89,0.5459999847412109,0.3719789981842041,Giacomo Bonaventura,a,1121,OpenPlay,2019,LeftFoot,13435,Sassuolo,AC Milan,1,2,2020-07-21 19:45:00,,Rebound
373073,80,SavedShot,0.9269999694824219,0.5429999923706055,0.4967209994792938,Giacomo Bonaventura,a,1121,OpenPlay,2019,LeftFoot,13435,Sassuolo,AC Milan,1,2,2020-07-21 19:45:00,,Rebound
373536,72,ShotOnPost,0.8019999694824219,0.6359999847412109,0.034359801560640335,Giacomo Bonaventura,h,1121,OpenPlay,2019,RightFoot,13440,AC Milan,Atalanta,1,1,2020-07-24 19:45:00,Rafael Leão,Pass
374176,67,BlockedShot,0.825,0.46599998474121096,0.0935019999742508,Giacomo Bonaventura,a,1121,OpenPlay,2019,RightFoot,13456,Sampdoria,AC Milan,1,4,2020-07-29 17:30:00,Zlatan Ibrahimovic,Pass
374183,83,SavedShot,0.5609999847412109,0.11300000190734863,0.008932660333812237,Giacomo Bonaventura,a,1121,OpenPlay,2019,RightFoot,13456,Sampdoria,AC Milan,1,4,2020-07-29 17:30:00,,BallRecovery
374443,77,MissedShots,0.8319999694824218,0.40900001525878904,0.10662200301885605,Giacomo Bonaventura,h,1121,OpenPlay,2019,RightFoot,13464,AC Milan,Cagliari,3,0,2020-08-01 18:45:00,,TakeOn
377598,3,BlockedShot,0.7930000305175782,0.2929999923706055,0.022158900275826454,Giacomo Bonaventura,h,1121,SetPiece,2020,RightFoot,14116,Fiorentina,Torino,1,0,2020-09-19 16:00:00,Alfred Duncan,Pass
377608,52,BlockedShot,0.8209999847412109,0.3609999847412109,0.03706059977412224,Giacomo Bonaventura,h,1121,OpenPlay,2020,RightFoot,14116,Fiorentina,Torino,1,0,2020-09-19 16:00:00,Federico Chiesa,Pass
377610,63,MissedShots,0.860999984741211,0.38299999237060545,0.07504229992628098,Giacomo Bonaventura,h,1121,OpenPlay,2020,LeftFoot,14116,Fiorentina,Torino,1,0,2020-09-19 16:00:00,Federico Chiesa,Pass
379089,55,BlockedShot,0.7569999694824219,0.3509999847412109,0.01793999969959259,Giacomo Bonaventura,a,1121,OpenPlay,2020,LeftFoot,14126,Inter,Fiorentina,4,3,2020-09-26 18:45:00,Federico Chiesa,Pass
380295,36,SavedShot,0.8059999847412109,0.49,0.04641979932785034,Giacomo Bonaventura,h,1121,OpenPlay,2020,LeftFoot,15446,Fiorentina,Sampdoria,1,2,2020-10-02 18:45:00,,None
380301,44,MissedShots,0.8490000152587891,0.49700000762939456,0.061065901070833206,Giacomo Bonaventura,h,1121,OpenPlay,2020,LeftFoot,15446,Fiorentina,Sampdoria,1,2,2020-10-02 18:45:00,,None
385364,34,BlockedShot,0.755,0.7080000305175781,0.04416380077600479,Giacomo Bonaventura,a,1121,DirectFreekick,2020,RightFoot,15480,Roma,Fiorentina,2,0,2020-11-01 17:00:00,,Standard
391176,51,MissedShots,0.915,0.519000015258789,0.24097800254821777,Giacomo Bonaventura,h,1121,FromCorner,2020,Head,15517,Fiorentina,Genoa,1,1,2020-12-07 19:45:00,José Callejón,Cross
391178,67,BlockedShot,0.9059999847412109,0.56,0.0819844976067543,Giacomo Bonaventura,h,1121,OpenPlay,2020,LeftFoot,15517,Fiorentina,Genoa,1,1,2020-12-07 19:45:00,Franck Ribéry,BallTouch
393293,23,BlockedShot,0.784000015258789,0.41,0.032069601118564606,Giacomo Bonaventura,h,1121,OpenPlay,2020,LeftFoot,15537,Fiorentina,Sassuolo,1,1,2020-12-16 19:45:00,Lorenzo Venuti,Pass
395026,88,MissedShots,0.8780000305175781,0.4520000076293945,0.03308570012450218,Giacomo Bonaventura,a,1121,SetPiece,2020,Head,15558,Juventus,Fiorentina,0,3,2020-12-22 19:45:00,Erick Pulgar,Cross
395027,89,SavedShot,0.7959999847412109,0.6409999847412109,0.04720019921660423,Giacomo Bonaventura,a,1121,OpenPlay,2020,RightFoot,15558,Juventus,Fiorentina,0,3,2020-12-22 19:45:00,Lorenzo Venuti,Pass
397265,70,MissedShots,0.8719999694824219,0.539000015258789,0.04050000011920929,Giacomo Bonaventura,a,1121,SetPiece,2020,Head,15580,Lazio,Fiorentina,2,1,2021-01-06 14:00:00,Cristiano Biraghi,Cross
398418,41,BlockedShot,0.7340000152587891,0.5690000152587891,0.01728690043091774,Giacomo Bonaventura,h,1121,OpenPlay,2020,LeftFoot,15587,Fiorentina,Cagliari,1,0,2021-01-10 17:00:00,Martín Cáceres,Pass
398421,48,BlockedShot,0.7959999847412109,0.5179999923706055,0.020739000290632248,Giacomo Bonaventura,h,1121,OpenPlay,2020,LeftFoot,15587,Fiorentina,Cagliari,1,0,2021-01-10 17:00:00,Martín Cáceres,Cross
398428,66,SavedShot,0.9019999694824219,0.6880000305175781,0.03473740071058273,Giacomo Bonaventura,h,1121,FromCorner,2020,RightFoot,15587,Fiorentina,Cagliari,1,0,2021-01-10 17:00:00,José Callejón,Cross
398432,84,MissedShots,0.7959999847412109,0.34,0.0395875982940197,Giacomo Bonaventura,h,1121,OpenPlay,2020,RightFoot,15587,Fiorentina,Cagliari,1,0,2021-01-10 17:00:00,,Tackle
400609,19,Goal,0.7959999847412109,0.3240000152587891,0.02317879907786846,Giacomo Bonaventura,h,1121,OpenPlay,2020,RightFoot,15607,Fiorentina,Crotone,2,1,2021-01-23 19:45:00,,None
401382,32,BlockedShot,0.7380000305175781,0.3320000076293945,0.027349499985575676,Giacomo Bonaventura,a,1121,OpenPlay,2020,LeftFoot,15625,Torino,Fiorentina,1,1,2021-01-29 19:45:00,Nikola Milenkovic,TakeOn
401386,44,BlockedShot,0.9059999847412109,0.534000015258789,0.08226440101861954,Giacomo Bonaventura,a,1121,OpenPlay,2020,Head,15625,Torino,Fiorentina,1,1,2021-01-29 19:45:00,Cristiano Biraghi,Cross
402932,25,BlockedShot,0.815,0.4490000152587891,0.03656800091266632,Giacomo Bonaventura,h,1121,FromCorner,2020,RightFoot,15629,Fiorentina,Inter,0,2,2021-02-05 19:45:00,,None
402935,36,SavedShot,0.915,0.3029999923706055,0.05567760020494461,Giacomo Bonaventura,h,1121,OpenPlay,2020,RightFoot,15629,Fiorentina,Inter,0,2,2021-02-05 19:45:00,Lucas Martínez Quarta,Pass
402937,39,BlockedShot,0.74,0.355,0.016915500164031982,Giacomo Bonaventura,h,1121,OpenPlay,2020,RightFoot,15629,Fiorentina,Inter,0,2,2021-02-05 19:45:00,Borja Valero,Pass
402942,50,SavedShot,0.86,0.7419999694824219,0.026160800829529762,Giacomo Bonaventura,h,1121,OpenPlay,2020,LeftFoot,15629,Fiorentina,Inter,0,2,2021-02-05 19:45:00,Valentin Eysseric,HeadPass
402955,87,MissedShots,0.749000015258789,0.40599998474121096,0.019430000334978104,Giacomo Bonaventura,h,1121,OpenPlay,2020,RightFoot,15629,Fiorentina,Inter,0,2,2021-02-05 19:45:00,Lucas Martínez Quarta,Pass
404731,34,BlockedShot,0.78,0.46099998474121096,0.030710600316524506,Giacomo Bonaventura,a,1121,OpenPlay,2020,RightFoot,15638,Sampdoria,Fiorentina,2,1,2021-02-14 14:00:00,Christian Kouamé,Pass
404735,51,MissedShots,0.7440000152587891,0.45799999237060546,0.01359300035983324,Giacomo Bonaventura,a,1121,FromCorner,2020,LeftFoot,15638,Sampdoria,Fiorentina,2,1,2021-02-14 14:00:00,,Aerial
404737,53,MissedShots,0.875,0.46,0.08072149753570557,Giacomo Bonaventura,a,1121,OpenPlay,2020,RightFoot,15638,Sampdoria,Fiorentina,2,1,2021-02-14 14:00:00,Lorenzo Venuti,Cross
404738,54,SavedShot,0.7609999847412109,0.3340000152587891,0.01746319979429245,Giacomo Bonaventura,a,1121,OpenPlay,2020,RightFoot,15638,Sampdoria,Fiorentina,2,1,2021-02-14 14:00:00,Christian Kouamé,BallRecovery
404743,73,BlockedShot,0.845,0.345,0.04933889955282211,Giacomo Bonaventura,a,1121,OpenPlay,2020,LeftFoot,15638,Sampdoria,Fiorentina,2,1,2021-02-14 14:00:00,Lorenzo Venuti,Pass
408943,93,BlockedShot,0.870999984741211,0.4279999923706055,0.07265739887952805,Giacomo Bonaventura,h,1121,OpenPlay,2020,RightFoot,15683,Fiorentina,Parma Calcio 1913,3,3,2021-03-07 14:00:00,Cristiano Biraghi,Chipped
411991,13,MissedShots,0.7680000305175781,0.5309999847412109,0.020093899220228195,Giacomo Bonaventura,h,1121,FromCorner,2020,LeftFoot,15701,Fiorentina,AC Milan,2,3,2021-03-21 17:00:00,,None
412007,86,MissedShots,0.7959999847412109,0.4129999923706055,0.03438530117273331,Giacomo Bonaventura,h,1121,OpenPlay,2020,LeftFoot,15701,Fiorentina,AC Milan,2,3,2021-03-21 17:00:00,Lorenzo Venuti,Pass
412374,27,MissedShots,0.745999984741211,0.28700000762939454,0.017039600759744644,Giacomo Bonaventura,a,1121,OpenPlay,2020,RightFoot,15707,Genoa,Fiorentina,1,1,2021-04-03 13:00:00,Franck Ribéry,Pass
412381,65,MissedShots,0.96,0.5479999923706055,0.5373700261116028,Giacomo Bonaventura,a,1121,OpenPlay,2020,Head,15707,Genoa,Fiorentina,1,1,2021-04-03 13:00:00,Lorenzo Venuti,Chipped
414826,60,BlockedShot,0.7719999694824219,0.39,0.02589450031518936,Giacomo Bonaventura,h,1121,OpenPlay,2020,LeftFoot,15716,Fiorentina,Atalanta,2,3,2021-04-11 18:45:00,Martín Cáceres,Pass
415401,30,Goal,0.8119999694824219,0.56,0.08676529675722122,Giacomo Bonaventura,a,1121,OpenPlay,2020,LeftFoot,15727,Sassuolo,Fiorentina,3,1,2021-04-17 16:00:00,Franck Ribéry,Pass
419092,43,ShotOnPost,0.8059999847412109,0.669000015258789,0.020426400005817413,Giacomo Bonaventura,a,1121,SetPiece,2020,RightFoot,15759,Bologna,Fiorentina,3,3,2021-05-02 13:00:00,,None
419093,63,Goal,0.9309999847412109,0.5279999923706055,0.4027630090713501,Giacomo Bonaventura,a,1121,OpenPlay,2020,LeftFoot,15759,Bologna,Fiorentina,3,3,2021-05-02 13:00:00,Lorenzo Venuti,Cross
420293,2,MissedShots,0.9230000305175782,0.47900001525878905,0.13862000405788422,Giacomo Bonaventura,h,1121,OpenPlay,2020,Head,15770,Fiorentina,Lazio,2,0,2021-05-08 18:45:00,Franck Ribéry,Cross
422086,59,SavedShot,0.8159999847412109,0.5609999847412109,0.05025570094585419,Giacomo Bonaventura,h,1121,OpenPlay,2020,LeftFoot,15792,Fiorentina,Napoli,0,2,2021-05-16 10:30:00,Franck Ribéry,Pass
423846,13,BlockedShot,0.8019999694824219,0.51,0.0527660995721817,Giacomo Bonaventura,a,1121,OpenPlay,2020,LeftFoot,15797,Crotone,Fiorentina,0,0,2021-05-22 18:45:00,Franck Ribéry,Pass
423858,52,BlockedShot,0.9259999847412109,0.59,0.08142989873886108,Giacomo Bonaventura,a,1121,FromCorner,2020,RightFoot,15797,Crotone,Fiorentina,0,0,2021-05-22 18:45:00,Franck Ribéry,HeadPass
423865,88,MissedShots,0.750999984741211,0.5220000076293946,0.022381599992513657,Giacomo Bonaventura,a,1121,OpenPlay,2020,RightFoot,15797,Crotone,Fiorentina,0,0,2021-05-22 18:45:00,Borja Valero,Pass
427926,33,SavedShot,0.9590000152587891,0.33299999237060546,0.07118850201368332,Giacomo Bonaventura,a,1121,OpenPlay,2021,RightFoot,16763,Roma,Fiorentina,3,1,2021-08-22 18:45:00,Erick Pulgar,TakeOn
431151,2,BlockedShot,0.785,0.28399999618530275,0.012372899800539017,Giacomo Bonaventura,a,1121,SetPiece,2021,LeftFoot,16787,Genoa,Fiorentina,1,2,2021-09-18 13:00:00,,None
431159,39,SavedShot,0.7719999694824219,0.46900001525878904,0.05678480118513107,Giacomo Bonaventura,a,1121,OpenPlay,2021,RightFoot,16787,Genoa,Fiorentina,1,2,2021-09-18 13:00:00,Erick Pulgar,Pass
431164,47,MissedShots,0.9209999847412109,0.415,0.08976250141859055,Giacomo Bonaventura,a,1121,OpenPlay,2021,LeftFoot,16787,Genoa,Fiorentina,1,2,2021-09-18 13:00:00,Cristiano Biraghi,Cross
431173,88,Goal,0.895,0.4209999847412109,0.126692995429039,Giacomo Bonaventura,a,1121,OpenPlay,2021,RightFoot,16787,Genoa,Fiorentina,1,2,2021-09-18 13:00:00,Riccardo Saponara,Pass
435738,8,BlockedShot,0.8180000305175781,0.3990000152587891,0.05032769963145256,Giacomo Bonaventura,h,1121,OpenPlay,2021,RightFoot,16819,Fiorentina,Napoli,1,2,2021-10-03 16:00:00,Erick Pulgar,Pass
437242,19,BlockedShot,0.7480000305175781,0.475,0.019735800102353096,Giacomo Bonaventura,a,1121,OpenPlay,2021,LeftFoot,16835,Venezia,Fiorentina,1,0,2021-10-18 18:45:00,José Callejón,Pass
437244,21,SavedShot,0.81,0.3659999847412109,0.038982000201940536,Giacomo Bonaventura,a,1121,OpenPlay,2021,RightFoot,16835,Venezia,Fiorentina,1,0,2021-10-18 18:45:00,Sofyan Amrabat,Pass
437247,49,MissedShots,0.720999984741211,0.509000015258789,0.016287600621581078,Giacomo Bonaventura,a,1121,SetPiece,2021,RightFoot,16835,Venezia,Fiorentina,1,0,2021-10-18 18:45:00,Alfred Duncan,Pass
438221,34,BlockedShot,0.700999984741211,0.3940000152587891,0.016940200701355934,Giacomo Bonaventura,h,1121,OpenPlay,2021,RightFoot,16838,Fiorentina,Cagliari,3,0,2021-10-24 13:00:00,Lucas Torreira,Pass
440118,5,MissedShots,0.8080000305175781,0.53,0.05507040023803711,Giacomo Bonaventura,h,1121,OpenPlay,2021,LeftFoot,16858,Fiorentina,Spezia,3,0,2021-10-31 14:00:00,Gaetano Castrovilli,Pass
441199,5,SavedShot,0.9,0.45799999237060546,0.04043830186128616,Giacomo Bonaventura,a,1121,OpenPlay,2021,Head,16868,Juventus,Fiorentina,1,0,2021-11-06 17:00:00,Riccardo Saponara,Aerial
442907,36,MissedShots,0.855999984741211,0.4779999923706055,0.09527180343866348,Giacomo Bonaventura,h,1121,OpenPlay,2021,LeftFoot,16878,Fiorentina,AC Milan,4,3,2021-11-20 19:45:00,,None
443859,37,MissedShots,0.93,0.4879999923706055,0.47922998666763306,Giacomo Bonaventura,a,1121,OpenPlay,2021,Head,16887,Empoli,Fiorentina,2,1,2021-11-27 14:00:00,Riccardo Saponara,Aerial
443863,53,SavedShot,0.8530000305175781,0.44299999237060544,0.0865492969751358,Giacomo Bonaventura,a,1121,OpenPlay,2021,RightFoot,16887,Empoli,Fiorentina,2,1,2021-11-27 14:00:00,Riccardo Saponara,Pass
443871,72,SavedShot,0.8630000305175781,0.35400001525878905,0.08274339884519577,Giacomo Bonaventura,a,1121,OpenPlay,2021,RightFoot,16887,Empoli,Fiorentina,2,1,2021-11-27 14:00:00,Dusan Vlahovic,Pass
445081,37,BlockedShot,0.875999984741211,0.3,0.05023989826440811,Giacomo Bonaventura,h,1121,OpenPlay,2021,LeftFoot,16898,Fiorentina,Sampdoria,3,1,2021-11-30 17:30:00,José Callejón,Pass
445083,39,SavedShot,0.805,0.39,0.06729249656200409,Giacomo Bonaventura,h,1121,OpenPlay,2021,LeftFoot,16898,Fiorentina,Sampdoria,3,1,2021-11-30 17:30:00,Dusan Vlahovic,TakeOn
445084,44,BlockedShot,0.9209999847412109,0.639000015258789,0.0506150983273983,Giacomo Bonaventura,h,1121,FromCorner,2021,RightFoot,16898,Fiorentina,Sampdoria,3,1,2021-11-30 17:30:00,Cristiano Biraghi,Chipped
445088,51,SavedShot,0.7609999847412109,0.544000015258789,0.018574999645352364,Giacomo Bonaventura,h,1121,FromCorner,2021,LeftFoot,16898,Fiorentina,Sampdoria,3,1,2021-11-30 17:30:00,,None
446563,46,BlockedShot,0.8569999694824219,0.3089999961853027,0.0465552993118763,Giacomo Bonaventura,a,1121,OpenPlay,2021,RightFoot,16906,Bologna,Fiorentina,2,3,2021-12-05 11:30:00,Dusan Vlahovic,Pass
447514,30,Goal,0.7909999847412109,0.43099998474121093,0.015108900144696236,Giacomo Bonaventura,h,1121,OpenPlay,2021,RightFoot,16916,Fiorentina,Salernitana,4,0,2021-12-11 14:00:00,,Aerial
447531,87,BlockedShot,0.7909999847412109,0.39099998474121095,0.022250600159168243,Giacomo Bonaventura,h,1121,FromCorner,2021,RightFoot,16916,Fiorentina,Salernitana,4,0,2021-12-11 14:00:00,,None
449653,46,MissedShots,0.9219999694824219,0.485,0.32501599192619324,Giacomo Bonaventura,h,1121,OpenPlay,2021,RightFoot,16929,Fiorentina,Sassuolo,2,2,2021-12-19 11:30:00,Dusan Vlahovic,Cross
449660,54,MissedShots,0.8169999694824219,0.7090000152587891,0.07473330199718475,Giacomo Bonaventura,h,1121,DirectFreekick,2021,RightFoot,16929,Fiorentina,Sassuolo,2,2,2021-12-19 11:30:00,,Standard
449662,60,BlockedShot,0.865,0.53,0.09234549850225449,Giacomo Bonaventura,h,1121,OpenPlay,2021,RightFoot,16929,Fiorentina,Sassuolo,2,2,2021-12-19 11:30:00,Dusan Vlahovic,Pass
450209,29,BlockedShot,0.769000015258789,0.4620000076293945,0.02980330027639866,Giacomo Bonaventura,a,1121,OpenPlay,2021,RightFoot,16938,Verona,Fiorentina,1,1,2021-12-22 17:30:00,Nicolás González,Pass
450210,31,BlockedShot,0.9269999694824219,0.3509999847412109,0.2596389949321747,Giacomo Bonaventura,a,1121,OpenPlay,2021,RightFoot,16938,Verona,Fiorentina,1,1,2021-12-22 17:30:00,,BallRecovery
453944,33,SavedShot,0.95,0.515,0.5633640289306641,Giacomo Bonaventura,h,1121,OpenPlay,2021,Head,16968,Fiorentina,Genoa,6,0,2022-01-17 19:45:00,Cristiano Biraghi,Chipped
453945,33,Goal,0.9780000305175781,0.4979999923706055,0.22919400036334991,Giacomo Bonaventura,h,1121,OpenPlay,2021,RightFoot,16968,Fiorentina,Genoa,6,0,2022-01-17 19:45:00,,Rebound
453951,57,MissedShots,0.7809999847412109,0.40099998474121096,0.02923309989273548,Giacomo Bonaventura,h,1121,OpenPlay,2021,RightFoot,16968,Fiorentina,Genoa,6,0,2022-01-17 19:45:00,Nicolás González,Pass
454872,0,SavedShot,0.8430000305175781,0.46599998474121096,0.29506298899650574,Giacomo Bonaventura,a,1121,OpenPlay,2021,RightFoot,16976,Cagliari,Fiorentina,1,1,2022-01-23 11:30:00,Krzysztof Piatek,Pass
454885,44,MissedShots,0.9590000152587891,0.4759999847412109,0.6093040108680725,Giacomo Bonaventura,a,1121,OpenPlay,2021,Head,16976,Cagliari,Fiorentina,1,1,2022-01-23 11:30:00,Krzysztof Piatek,Cross
454889,54,BlockedShot,0.9009999847412109,0.40400001525878904,0.09853120148181915,Giacomo Bonaventura,a,1121,OpenPlay,2021,RightFoot,16976,Cagliari,Fiorentina,1,1,2022-01-23 11:30:00,Jonathan Ikone,Pass
455974,26,MissedShots,0.8319999694824218,0.5309999847412109,0.08150160312652588,Giacomo Bonaventura,h,1121,OpenPlay,2021,RightFoot,16988,Fiorentina,Lazio,0,3,2022-02-05 19:45:00,Lorenzo Venuti,Pass
460067,65,MissedShots,0.914000015258789,0.6519999694824219,0.05354529991745949,Giacomo Bonaventura,a,1121,OpenPlay,2021,LeftFoot,17023,Sassuolo,Fiorentina,2,1,2022-02-26 19:45:00,Álvaro Odriozola,Cross
462826,23,BlockedShot,0.795,0.3579999923706055,0.024754300713539124,Giacomo Bonaventura,h,1121,SetPiece,2021,RightFoot,17037,Fiorentina,Bologna,1,0,2022-03-13 11:30:00,Cristiano Biraghi,Pass
462832,42,MissedShots,0.835,0.35700000762939454,0.05243679881095886,Giacomo Bonaventura,h,1121,OpenPlay,2021,RightFoot,17037,Fiorentina,Bologna,1,0,2022-03-13 11:30:00,Lucas Torreira,Pass
462833,45,MissedShots,0.769000015258789,0.34599998474121096,0.02371099963784218,Giacomo Bonaventura,h,1121,OpenPlay,2021,RightFoot,17037,Fiorentina,Bologna,1,0,2022-03-13 11:30:00,Nikola Milenkovic,Pass
462834,48,MissedShots,0.7909999847412109,0.41400001525878904,0.02380320057272911,Giacomo Bonaventura,h,1121,FromCorner,2021,LeftFoot,17037,Fiorentina,Bologna,1,0,2022-03-13 11:30:00,,None
474955,10,Goal,0.8590000152587891,0.34,0.07215359807014465,Giacomo Bonaventura,h,1121,OpenPlay,2021,LeftFoot,17106,Fiorentina,Roma,2,0,2022-05-09 18:45:00,Arthur Cabral,Pass
474960,47,BlockedShot,0.7859999847412109,0.35900001525878905,0.026041200384497643,Giacomo Bonaventura,h,1121,OpenPlay,2021,RightFoot,17106,Fiorentina,Roma,2,0,2022-05-09 18:45:00,,None
476839,34,MissedShots,0.905,0.5179999923706055,0.3319939970970154,Giacomo Bonaventura,a,1121,OpenPlay,2021,LeftFoot,17124,Sampdoria,Fiorentina,4,1,2022-05-16 16:30:00,,None
477399,18,BlockedShot,0.845,0.5279999923706055,0.06525730341672897,Giacomo Bonaventura,h,1121,SetPiece,2021,LeftFoot,17127,Fiorentina,Juventus,2,0,2022-05-21 18:45:00,Nicolás González,CornerAwarded
477400,26,BlockedShot,0.8419999694824218,0.36400001525878906,0.06154889985918999,Giacomo Bonaventura,h,1121,OpenPlay,2021,RightFoot,17127,Fiorentina,Juventus,2,0,2022-05-21 18:45:00,Krzysztof Piatek,LayOff
477409,77,BlockedShot,0.9269999694824219,0.33599998474121096,0.059513598680496216,Giacomo Bonaventura,h,1121,FromCorner,2021,LeftFoot,17127,Fiorentina,Juventus,2,0,2022-05-21 18:45:00,,Rebound
481103,9,BlockedShot,0.750999984741211,0.5309999847412109,0.06540250033140182,Giacomo Bonaventura,h,1121,DirectFreekick,2022,RightFoot,18587,Fiorentina,Cremonese,3,2,2022-08-14 16:30:00,,Standard
481108,15,Goal,0.870999984741211,0.46599998474121096,0.11254800111055374,Giacomo Bonaventura,h,1121,OpenPlay,2022,LeftFoot,18587,Fiorentina,Cremonese,3,2,2022-08-14 16:30:00,Christian Kouamé,Pass
481125,58,BlockedShot,0.8369999694824218,0.40700000762939453,0.05007680132985115,Giacomo Bonaventura,h,1121,SetPiece,2022,RightFoot,18587,Fiorentina,Cremonese,3,2,2022-08-14 16:30:00,Cristiano Biraghi,Pass
481127,59,BlockedShot,0.850999984741211,0.49700000762939456,0.08471489697694778,Giacomo Bonaventura,h,1121,OpenPlay,2022,LeftFoot,18587,Fiorentina,Cremonese,3,2,2022-08-14 16:30:00,,Rebound
481135,84,SavedShot,0.8730000305175781,0.39799999237060546,0.0592322014272213,Giacomo Bonaventura,h,1121,OpenPlay,2022,LeftFoot,18587,Fiorentina,Cremonese,3,2,2022-08-14 16:30:00,Riccardo Saponara,Cross
481137,87,BlockedShot,0.8880000305175781,0.4520000076293945,0.11937099695205688,Giacomo Bonaventura,h,1121,OpenPlay,2022,LeftFoot,18587,Fiorentina,Cremonese,3,2,2022-08-14 16:30:00,Riccardo Saponara,Pass
482645,3,BlockedShot,0.8640000152587891,0.315,0.045185599476099014,Giacomo Bonaventura,a,1121,OpenPlay,2022,RightFoot,18597,Empoli,Fiorentina,0,0,2022-08-21 16:30:00,,None
482649,33,MissedShots,0.77,0.34799999237060547,0.020125500857830048,Giacomo Bonaventura,a,1121,OpenPlay,2022,RightFoot,18597,Empoli,Fiorentina,0,0,2022-08-21 16:30:00,Dodô,Pass
482658,87,BlockedShot,0.7869999694824219,0.5820000076293945,0.03380750119686127,Giacomo Bonaventura,a,1121,OpenPlay,2022,LeftFoot,18597,Empoli,Fiorentina,0,0,2022-08-21 16:30:00,Alfred Duncan,Pass
484676,23,BlockedShot,0.8030000305175782,0.625,0.031275201588869095,Giacomo Bonaventura,h,1121,OpenPlay,2022,LeftFoot,18611,Fiorentina,Napoli,0,0,2022-08-28 18:45:00,,Rebound
484686,52,MissedShots,0.789000015258789,0.39099998474121095,0.0325809009373188,Giacomo Bonaventura,h,1121,OpenPlay,2022,RightFoot,18611,Fiorentina,Napoli,0,0,2022-08-28 18:45:00,Antonin Barak,Pass
487977,18,MissedShots,0.7859999847412109,0.37900001525878907,0.024546900764107704,Giacomo Bonaventura,a,1121,OpenPlay,2022,LeftFoot,18633,Bologna,Fiorentina,2,1,2022-09-11 13:00:00,Christian Kouamé,Pass
487995,76,BlockedShot,0.7580000305175781,0.4520000076293945,0.021855099126696587,Giacomo Bonaventura,a,1121,OpenPlay,2022,RightFoot,18633,Bologna,Fiorentina,2,1,2022-09-11 13:00:00,,None
487996,80,MissedShots,0.7269999694824218,0.3559999847412109,0.016882399097085,Giacomo Bonaventura,a,1121,OpenPlay,2022,RightFoot,18633,Bologna,Fiorentina,2,1,2022-09-11 13:00:00,Sofyan Amrabat,Pass
489281,51,SavedShot,0.745,0.455,0.028279200196266174,Giacomo Bonaventura,h,1121,OpenPlay,2022,RightFoot,18644,Fiorentina,Verona,2,0,2022-09-18 13:00:00,Riccardo Sottil,BallTouch
491004,64,MissedShots,0.909000015258789,0.4420000076293945,0.03027700074017048,Giacomo Bonaventura,a,1121,OpenPlay,2022,Head,18652,Atalanta,Fiorentina,1,0,2022-10-02 16:00:00,Cristiano Biraghi,Aerial
492617,36,MissedShots,0.94,0.4,0.05087310075759888,Giacomo Bonaventura,h,1121,FromCorner,2022,Head,18664,Fiorentina,Lazio,0,4,2022-10-10 18:45:00,Cristiano Biraghi,Cross
492631,52,BlockedShot,0.919000015258789,0.41900001525878905,0.06573429703712463,Giacomo Bonaventura,h,1121,FromCorner,2022,RightFoot,18664,Fiorentina,Lazio,0,4,2022-10-10 18:45:00,Cristiano Biraghi,Cross
494143,66,BlockedShot,0.73,0.57,0.013540499843657017,Giacomo Bonaventura,a,1121,OpenPlay,2022,LeftFoot,18677,Lecce,Fiorentina,1,1,2022-10-17 18:45:00,,None
494145,72,BlockedShot,0.7169999694824218,0.43099998474121093,0.013426399789750576,Giacomo Bonaventura,a,1121,OpenPlay,2022,LeftFoot,18677,Lecce,Fiorentina,1,1,2022-10-17 18:45:00,Dodô,Pass
497225,4,BlockedShot,0.745999984741211,0.36900001525878906,0.017361300066113472,Giacomo Bonaventura,a,1121,OpenPlay,2022,RightFoot,18700,Spezia,Fiorentina,1,2,2022-10-30 14:00:00,Luka Jovic,Pass
498668,3,Goal,0.9330000305175781,0.44099998474121094,0.14380300045013428,Giacomo Bonaventura,a,1121,OpenPlay,2022,LeftFoot,18710,Sampdoria,Fiorentina,0,2,2022-11-06 14:00:00,Dodô,Pass
498680,56,MissedShots,0.9330000305175781,0.4829999923706055,0.14339099824428558,Giacomo Bonaventura,a,1121,OpenPlay,2022,Head,18710,Sampdoria,Fiorentina,0,2,2022-11-06 14:00:00,Rolando Mandragora,Cross
498683,86,SavedShot,0.9380000305175781,0.3659999847412109,0.35088399052619934,Giacomo Bonaventura,a,1121,OpenPlay,2022,RightFoot,18710,Sampdoria,Fiorentina,0,2,2022-11-06 14:00:00,Jonathan Ikone,Pass
499556,14,Goal,0.925,0.48,0.5355539917945862,Giacomo Bonaventura,h,1121,OpenPlay,2022,LeftFoot,18713,Fiorentina,Salernitana,2,1,2022-11-09 19:45:00,Jonathan Ikone,Pass
499564,49,BlockedShot,0.7930000305175782,0.34799999237060547,0.0373832993209362,Giacomo Bonaventura,h,1121,OpenPlay,2022,RightFoot,18713,Fiorentina,Salernitana,2,1,2022-11-09 19:45:00,Rolando Mandragora,Pass
499569,71,SavedShot,0.9209999847412109,0.325,0.05429309979081154,Giacomo Bonaventura,h,1121,SetPiece,2022,LeftFoot,18713,Fiorentina,Salernitana,2,1,2022-11-09 19:45:00,,None
502416,93,MissedShots,0.7959999847412109,0.3060000038146973,0.01742370054125786,Giacomo Bonaventura,h,1121,FromCorner,2022,RightFoot,18733,Fiorentina,Monza,1,1,2023-01-04 17:30:00,,None
504236,53,BlockedShot,0.8519999694824218,0.3609999847412109,0.05943239852786064,Giacomo Bonaventura,a,1121,OpenPlay,2022,RightFoot,18758,Roma,Fiorentina,2,0,2023-01-15 19:45:00,Nicolás González,Pass
504237,57,BlockedShot,0.755,0.715,0.016647500917315483,Giacomo Bonaventura,a,1121,OpenPlay,2022,RightFoot,18758,Roma,Fiorentina,2,0,2023-01-15 19:45:00,Nicolás González,Pass
504828,53,SavedShot,0.7919999694824219,0.35700000762939454,0.027449000626802444,Giacomo Bonaventura,h,1121,OpenPlay,2022,RightFoot,18763,Fiorentina,Torino,0,1,2023-01-21 19:45:00,Lorenzo Venuti,Pass
504831,60,BlockedShot,0.8019999694824219,0.34400001525878904,0.02683579921722412,Giacomo Bonaventura,h,1121,OpenPlay,2022,RightFoot,18763,Fiorentina,Torino,0,1,2023-01-21 19:45:00,Jonathan Ikone,Pass
504833,63,BlockedShot,0.774000015258789,0.44299999237060544,0.027213700115680695,Giacomo Bonaventura,h,1121,OpenPlay,2022,LeftFoot,18763,Fiorentina,Torino,0,1,2023-01-21 19:45:00,,None
506323,45,SavedShot,0.7469999694824219,0.38799999237060545,0.018542399629950523,Giacomo Bonaventura,a,1121,OpenPlay,2022,RightFoot,18777,Lazio,Fiorentina,1,1,2023-01-29 17:00:00,Nicolás González,Pass
507817,45,BlockedShot,0.78,0.4640000152587891,0.034443799406290054,Giacomo Bonaventura,h,1121,OpenPlay,2022,LeftFoot,18783,Fiorentina,Bologna,1,2,2023-02-05 17:00:00,Riccardo Saponara,Pass
509071,57,BlockedShot,0.7830000305175782,0.41900001525878905,0.030161399394273758,Giacomo Bonaventura,a,1121,OpenPlay,2022,LeftFoot,18796,Juventus,Fiorentina,1,0,2023-02-12 17:00:00,,None
509077,74,MissedShots,0.875999984741211,0.53,0.046282898634672165,Giacomo Bonaventura,a,1121,OpenPlay,2022,Head,18796,Juventus,Fiorentina,1,0,2023-02-12 17:00:00,Cristiano Biraghi,Cross
510246,75,BlockedShot,0.955,0.43,0.051870398223400116,Giacomo Bonaventura,h,1121,OpenPlay,2022,Head,18803,Fiorentina,Empoli,1,1,2023-02-19 14:00:00,Nicolás González,Aerial
510247,77,BlockedShot,0.7819999694824219,0.28,0.01998160034418106,Giacomo Bonaventura,h,1121,OpenPlay,2022,LeftFoot,18803,Fiorentina,Empoli,1,1,2023-02-19 14:00:00,Dodô,Pass
512408,12,SavedShot,0.8159999847412109,0.634000015258789,0.11152199655771255,Giacomo Bonaventura,h,1121,DirectFreekick,2022,RightFoot,18823,Fiorentina,AC Milan,2,1,2023-03-04 19:45:00,,Standard
512411,25,BlockedShot,0.9030000305175782,0.455,0.19864299893379211,Giacomo Bonaventura,h,1121,OpenPlay,2022,RightFoot,18823,Fiorentina,AC Milan,2,1,2023-03-04 19:45:00,Igor Julio,TakeOn
512422,67,MissedShots,0.8169999694824219,0.34,0.04558340087532997,Giacomo Bonaventura,h,1121,OpenPlay,2022,LeftFoot,18823,Fiorentina,AC Milan,2,1,2023-03-04 19:45:00,Arthur Cabral,Pass
515571,91,SavedShot,0.769000015258789,0.48700000762939455,0.037974998354911804,Giacomo Bonaventura,h,1121,OpenPlay,2022,RightFoot,18843,Fiorentina,Lecce,1,0,2023-03-19 14:00:00,Jonathan Ikone,Pass
516486,1,MissedShots,0.7369999694824219,0.42900001525878906,0.01800989918410778,Giacomo Bonaventura,a,1121,OpenPlay,2022,RightFoot,18855,Inter,Fiorentina,0,1,2023-04-01 16:00:00,Riccardo Saponara,Pass
516506,51,BlockedShot,0.7709999847412109,0.5709999847412109,0.04183730110526085,Giacomo Bonaventura,a,1121,OpenPlay,2022,RightFoot,18855,Inter,Fiorentina,0,1,2023-04-01 16:00:00,,TakeOn
516508,52,Goal,0.975,0.5259999847412109,0.6243320107460022,Giacomo Bonaventura,a,1121,FromCorner,2022,Head,18855,Inter,Fiorentina,0,1,2023-04-01 16:00:00,,Rebound
516509,56,BlockedShot,0.8869999694824219,0.30200000762939455,0.06181449815630913,Giacomo Bonaventura,a,1121,OpenPlay,2022,RightFoot,18855,Inter,Fiorentina,0,1,2023-04-01 16:00:00,Riccardo Saponara,Pass
520418,92,SavedShot,0.9530000305175781,0.5509999847412109,0.2448209971189499,Giacomo Bonaventura,h,1121,FromCorner,2022,Head,18874,Fiorentina,Atalanta,1,1,2023-04-17 18:45:00,Cristiano Biraghi,Aerial
526473,89,Goal,0.855,0.504000015258789,0.36645424365997314,Giacomo Bonaventura,h,1121,OpenPlay,2022,RightFoot,18923,Fiorentina,Udinese,2,0,2023-05-14 13:00:00,Gaetano Castrovilli,TakeOn
533562,10,Goal,0.9440000152587891,0.4159999847412109,0.4183826744556427,Giacomo Bonaventura,a,1121,OpenPlay,2023,RightFoot,22308,Genoa,Fiorentina,1,4,2023-08-19 18:45:00,,Rebound
535515,67,BlockedShot,0.835,0.43599998474121093,0.08704357594251633,Giacomo Bonaventura,h,1121,OpenPlay,2023,LeftFoot,22319,Fiorentina,Lecce,2,2,2023-08-27 16:30:00,Alfred Duncan,Pass
537026,13,MissedShots,0.720999984741211,0.3189999961853027,0.017042726278305054,Giacomo Bonaventura,a,1121,OpenPlay,2023,RightFoot,22332,Inter,Fiorentina,4,0,2023-09-03 16:30:00,Dodô,Pass
538452,34,Goal,0.8959999847412109,0.5059999847412109,0.09060678631067276,Giacomo Bonaventura,h,1121,SetPiece,2023,RightFoot,22341,Fiorentina,Atalanta,3,2,2023-09-17 16:00:00,Nicolás González,HeadPass
538456,39,MissedShots,0.720999984741211,0.3820000076293945,0.014696097932755947,Giacomo Bonaventura,h,1121,OpenPlay,2023,RightFoot,22341,Fiorentina,Atalanta,3,2,2023-09-17 16:00:00,Dodô,Pass
539770,55,BlockedShot,0.8719999694824219,0.435,0.08379623293876648,Giacomo Bonaventura,a,1121,OpenPlay,2023,RightFoot,22349,Udinese,Fiorentina,0,2,2023-09-24 13:00:00,Christian Kouamé,HeadPass
539778,91,Goal,0.8180000305175781,0.4420000076293945,0.06711805611848831,Giacomo Bonaventura,a,1121,OpenPlay,2023,RightFoot,22349,Udinese,Fiorentina,0,2,2023-09-24 13:00:00,,None
540520,35,BlockedShot,0.7709999847412109,0.4929999923706055,0.030347535386681557,Giacomo Bonaventura,a,1121,OpenPlay,2023,RightFoot,22364,Frosinone,Fiorentina,1,1,2023-09-28 16:30:00,M&#039;Bala Nzola,Pass
540521,38,MissedShots,0.745,0.2589999961853027,0.021109689027071,Giacomo Bonaventura,a,1121,OpenPlay,2023,RightFoot,22364,Frosinone,Fiorentina,1,1,2023-09-28 16:30:00,Lucas Martínez Quarta,Pass
540530,59,BlockedShot,0.7980000305175782,0.43400001525878906,0.05412381514906883,Giacomo Bonaventura,a,1121,OpenPlay,2023,RightFoot,22364,Frosinone,Fiorentina,1,1,2023-09-28 16:30:00,Fabiano Parisi,Pass
542122,39,BlockedShot,0.8730000305175781,0.46,0.10665564984083176,Giacomo Bonaventura,h,1121,OpenPlay,2023,RightFoot,22368,Fiorentina,Cagliari,3,0,2023-10-02 18:45:00,Lucas Beltrán,HeadPass
543501,21,BlockedShot,0.8009999847412109,0.590999984741211,0.05308547243475914,Giacomo Bonaventura,a,1121,OpenPlay,2023,LeftFoot,22384,Napoli,Fiorentina,1,3,2023-10-08 18:45:00,Alfred Duncan,Pass
543505,33,BlockedShot,0.795,0.5540000152587891,0.04914872720837593,Giacomo Bonaventura,a,1121,OpenPlay,2023,RightFoot,22384,Napoli,Fiorentina,1,3,2023-10-08 18:45:00,Fabiano Parisi,Pass
543506,36,MissedShots,0.9309999847412109,0.4779999923706055,0.11542486399412155,Giacomo Bonaventura,a,1121,FromCorner,2023,LeftFoot,22384,Napoli,Fiorentina,1,3,2023-10-08 18:45:00,Nikola Milenkovic,HeadPass
543516,62,Goal,0.875,0.53,0.35850709676742554,Giacomo Bonaventura,a,1121,OpenPlay,2023,RightFoot,22384,Napoli,Fiorentina,1,3,2023-10-08 18:45:00,,TakeOn
545019,60,BlockedShot,0.769000015258789,0.3529999923706055,0.022236909717321396,Giacomo Bonaventura,h,1121,OpenPlay,2023,RightFoot,22389,Fiorentina,Empoli,0,2,2023-10-23 18:45:00,Arthur,Pass
545021,63,BlockedShot,0.765,0.44099998474121094,0.02431536465883255,Giacomo Bonaventura,h,1121,OpenPlay,2023,RightFoot,22389,Fiorentina,Empoli,0,2,2023-10-23 18:45:00,,None
546432,10,SavedShot,0.7869999694824219,0.34299999237060547,0.02720431238412857,Giacomo Bonaventura,a,1121,OpenPlay,2023,LeftFoot,22402,Lazio,Fiorentina,1,0,2023-10-30 19:45:00,Lucas Beltrán,Pass
547664,63,MissedShots,0.7290000152587891,0.415,0.01693875528872013,Giacomo Bonaventura,h,1121,OpenPlay,2023,RightFoot,22408,Fiorentina,Juventus,0,1,2023-11-05 19:45:00,Arthur,Pass
547666,66,MissedShots,0.7280000305175781,0.5729999923706055,0.017022376880049706,Giacomo Bonaventura,h,1121,SetPiece,2023,RightFoot,22408,Fiorentina,Juventus,0,1,2023-11-05 19:45:00,Cristiano Biraghi,Pass
547667,69,BlockedShot,0.7980000305175782,0.43099998474121093,0.036894675344228745,Giacomo Bonaventura,h,1121,OpenPlay,2023,LeftFoot,22408,Fiorentina,Juventus,0,1,2023-11-05 19:45:00,,None
548790,16,Goal,0.8690000152587891,0.385,0.09195348620414734,Giacomo Bonaventura,h,1121,OpenPlay,2023,RightFoot,22420,Fiorentina,Bologna,2,1,2023-11-12 14:00:00,M&#039;Bala Nzola,Pass
550023,72,BlockedShot,0.9,0.62,0.06713871657848358,Giacomo Bonaventura,a,1121,FromCorner,2023,RightFoot,22433,AC Milan,Fiorentina,1,0,2023-11-25 19:45:00,,None
551778,8,BlockedShot,0.7859999847412109,0.580999984741211,0.04221264645457268,Giacomo Bonaventura,h,1121,OpenPlay,2023,LeftFoot,22435,Fiorentina,Salernitana,3,0,2023-12-03 14:00:00,Lucas Beltrán,Pass
551780,16,BlockedShot,0.8869999694824219,0.5929999923706055,0.0993797704577446,Giacomo Bonaventura,h,1121,OpenPlay,2023,LeftFoot,22435,Fiorentina,Salernitana,3,0,2023-12-03 14:00:00,,None
551795,55,Goal,0.9130000305175782,0.445,0.5242401361465454,Giacomo Bonaventura,h,1121,OpenPlay,2023,LeftFoot,22435,Fiorentina,Salernitana,3,0,2023-12-03 14:00:00,Riccardo Sottil,Pass
553767,48,SavedShot,0.8159999847412109,0.5540000152587891,0.07172228395938873,Giacomo Bonaventura,a,1121,OpenPlay,2023,RightFoot,22453,Roma,Fiorentina,1,1,2023-12-10 19:45:00,Arthur,TakeOn
553772,62,ShotOnPost,0.8859999847412109,0.37599998474121094,0.056712061166763306,Giacomo Bonaventura,a,1121,FromCorner,2023,LeftFoot,22453,Roma,Fiorentina,1,1,2023-12-10 19:45:00,Jonathan Ikone,Pass
556787,41,MissedShots,0.919000015258789,0.5840000152587891,0.03566864877939224,Giacomo Bonaventura,h,1121,OpenPlay,2023,Head,22477,Fiorentina,Torino,1,0,2023-12-29 17:30:00,Michael Kayode,Aerial
556790,60,BlockedShot,0.8059999847412109,0.445,0.01624595932662487,Giacomo Bonaventura,h,1121,SetPiece,2023,LeftFoot,22477,Fiorentina,Torino,1,0,2023-12-29 17:30:00,,Aerial
557633,63,SavedShot,0.885,0.5,0.7612988352775574,Giacomo Bonaventura,a,1121,Penalty,2023,RightFoot,22490,Sassuolo,Fiorentina,1,0,2024-01-06 19:45:00,,Standard
558692,91,ShotOnPost,0.779000015258789,0.43400001525878906,0.03731722757220268,Giacomo Bonaventura,h,1121,OpenPlay,2023,RightFoot,22496,Fiorentina,Udinese,2,2,2024-01-14 17:00:00,M&#039;Bala Nzola,HeadPass
560413,25,BlockedShot,0.8530000305175781,0.525,0.06214836239814758,Giacomo Bonaventura,h,1121,OpenPlay,2023,LeftFoot,22522,Fiorentina,Inter,0,1,2024-01-28 19:45:00,Lucas Beltrán,Rebound
560416,33,SavedShot,0.9030000305175782,0.48900001525878906,0.4646487534046173,Giacomo Bonaventura,h,1121,OpenPlay,2023,RightFoot,22522,Fiorentina,Inter,0,1,2024-01-28 19:45:00,,None
560417,45,BlockedShot,0.7330000305175781,0.6229999923706054,0.04636268690228462,Giacomo Bonaventura,h,1121,DirectFreekick,2023,RightFoot,22522,Fiorentina,Inter,0,1,2024-01-28 19:45:00,,Standard
560903,40,MissedShots,0.749000015258789,0.27,0.015511054545640945,Giacomo Bonaventura,a,1121,OpenPlay,2023,RightFoot,22534,Lecce,Fiorentina,3,2,2024-02-02 19:45:00,Alfred Duncan,Pass
562841,80,MissedShots,0.8530000305175781,0.605,0.10175251960754395,Giacomo Bonaventura,h,1121,OpenPlay,2023,RightFoot,22537,Fiorentina,Frosinone,5,1,2024-02-11 11:30:00,Cristiano Biraghi,Pass
563451,13,SavedShot,0.8090000152587891,0.4909999847412109,0.0533684566617012,Giacomo Bonaventura,a,1121,OpenPlay,2023,LeftFoot,22505,Bologna,Fiorentina,2,0,2024-02-14 18:00:00,Jonathan Ikone,Pass
564320,80,MissedShots,0.9409999847412109,0.5209999847412109,0.12811119854450226,Giacomo Bonaventura,a,1121,OpenPlay,2023,RightFoot,22553,Empoli,Fiorentina,1,1,2024-02-18 14:00:00,Fabiano Parisi,Cross
564322,92,BlockedShot,0.875,0.6270000076293946,0.028100481256842613,Giacomo Bonaventura,a,1121,OpenPlay,2023,RightFoot,22553,Empoli,Fiorentina,1,1,2024-02-18 14:00:00,,Aerial
565990,17,BlockedShot,0.950999984741211,0.6419999694824219,0.29990720748901367,Giacomo Bonaventura,h,1121,OpenPlay,2023,RightFoot,22557,Fiorentina,Lazio,2,1,2024-02-26 19:45:00,,Rebound
566004,68,Goal,0.93,0.514000015258789,0.5508968830108643,Giacomo Bonaventura,h,1121,OpenPlay,2023,RightFoot,22557,Fiorentina,Lazio,2,1,2024-02-26 19:45:00,,Rebound
566878,4,MissedShots,0.765,0.53,0.01950681582093239,Giacomo Bonaventura,a,1121,FromCorner,2023,LeftFoot,22571,Torino,Fiorentina,0,0,2024-03-02 19:45:00,,None
566890,62,SavedShot,0.909000015258789,0.5379999923706055,0.050229232758283615,Giacomo Bonaventura,a,1121,OpenPlay,2023,Head,22571,Torino,Fiorentina,0,0,2024-03-02 19:45:00,Nicolás González,Aerial
568897,39,BlockedShot,0.8880000305175781,0.34200000762939453,0.08679573237895966,Giacomo Bonaventura,h,1121,OpenPlay,2023,RightFoot,22577,Fiorentina,Roma,2,2,2024-03-10 19:45:00,Nicolás González,Pass
568899,45,BlockedShot,0.6980000305175781,0.47900001525878905,0.00922456942498684,Giacomo Bonaventura,h,1121,SetPiece,2023,LeftFoot,22577,Fiorentina,Roma,2,2,2024-03-10 19:45:00,,None
574539,44,MissedShots,0.8190000152587891,0.5459999847412109,0.04658675193786621,Giacomo Bonaventura,h,1121,OpenPlay,2023,LeftFoot,22623,Fiorentina,Genoa,1,1,2024-04-15 16:30:00,Jonathan Ikone,BallTouch
574547,78,BlockedShot,0.7830000305175782,0.3129999923706055,0.030730340629816055,Giacomo Bonaventura,h,1121,FromCorner,2023,LeftFoot,22623,Fiorentina,Genoa,1,1,2024-04-15 16:30:00,Arthur,Pass
578898,74,BlockedShot,0.8209999847412109,0.6029999923706054,0.08685380220413208,Giacomo Bonaventura,a,1121,OpenPlay,2023,RightFoot,22649,Verona,Fiorentina,2,1,2024-05-05 13:00:00,M&#039;Bala Nzola,Pass
578901,90,MissedShots,0.7669999694824219,0.625999984741211,0.020800750702619553,Giacomo Bonaventura,a,1121,OpenPlay,2023,LeftFoot,22649,Verona,Fiorentina,2,1,2024-05-05 13:00:00,,None
581379,17,MissedShots,0.7319999694824219,0.5870000076293945,0.01293318159878254,Giacomo Bonaventura,h,1121,FromCorner,2023,RightFoot,22666,Fiorentina,Napoli,2,2,2024-05-17 16:00:00,,Aerial
582982,38,Goal,0.8490000152587891,0.38299999237060545,0.07371203601360321,Giacomo Bonaventura,a,1121,OpenPlay,2023,LeftFoot,22676,Cagliari,Fiorentina,2,3,2024-05-24 16:00:00,Gaetano Castrovilli,Pass
