id,minute,result,X,Y,xG,player,h_a,player_id,situation,season,shotType,match_id,h_team,a_team,h_goals,a_goals,date,player_assisted,lastAction
41522,6,Goal,0.850999984741211,0.539000015258789,0.2938610017299652,Paulo Dybala,h,1294,OpenPlay,2014,LeftFoot,5153,Palermo,Sampdoria,1,1,2014-08-31 19:45:00,Edgar Barreto,Chipped
41528,48,MissedShots,0.9030000305175782,0.5820000076293945,0.3722519874572754,Paulo Dybala,h,1294,OpenPlay,2014,RightFoot,5153,Palermo,Sampdoria,1,1,2014-08-31 19:45:00,Francesco Bolzoni,TakeOn
41725,8,SavedShot,0.7480000305175781,0.29399999618530276,0.016405999660491943,Paulo Dybala,a,1294,OpenPlay,2014,LeftFoot,5118,Verona,Palermo,2,1,2014-09-15 19:45:00,Eros Pisano,Pass
41727,17,MissedShots,0.95,0.39799999237060546,0.0949447974562645,Paulo Dybala,a,1294,OpenPlay,2014,RightFoot,5118,Verona,Palermo,2,1,2014-09-15 19:45:00,Eros Pisano,Cross
41736,44,MissedShots,0.76,0.4370000076293945,0.02618570066988468,Paulo Dybala,a,1294,OpenPlay,2014,LeftFoot,5118,Verona,Palermo,2,1,2014-09-15 19:45:00,Franco Vázquez,Pass
41738,52,MissedShots,0.8959999847412109,0.38599998474121094,0.06359180063009262,Paulo Dybala,a,1294,OpenPlay,2014,LeftFoot,5118,Verona,Palermo,2,1,2014-09-15 19:45:00,Francesco Bolzoni,Cross
41744,67,MissedShots,0.9109999847412109,0.68,0.0647801011800766,Paulo Dybala,a,1294,OpenPlay,2014,LeftFoot,5118,Verona,Palermo,2,1,2014-09-15 19:45:00,Franco Vázquez,Pass
41748,74,MissedShots,0.7440000152587891,0.6930000305175781,0.0168124008923769,Paulo Dybala,a,1294,OpenPlay,2014,LeftFoot,5118,Verona,Palermo,2,1,2014-09-15 19:45:00,Luca Rigoni,Pass
41752,82,SavedShot,0.8419999694824218,0.5790000152587891,0.05288799852132797,Paulo Dybala,a,1294,OpenPlay,2014,LeftFoot,5118,Verona,Palermo,2,1,2014-09-15 19:45:00,,None
41754,89,BlockedShot,0.8130000305175781,0.27100000381469724,0.0256011001765728,Paulo Dybala,a,1294,OpenPlay,2014,LeftFoot,5118,Verona,Palermo,2,1,2014-09-15 19:45:00,Luca Rigoni,TakeOn
42083,85,MissedShots,0.805,0.27899999618530275,0.024171799421310425,Paulo Dybala,h,1294,OpenPlay,2014,LeftFoot,5128,Palermo,Inter,1,1,2014-09-21 19:45:00,Robin Quaison,Pass
42393,41,SavedShot,0.915,0.5929999923706055,0.05447389930486679,Paulo Dybala,a,1294,OpenPlay,2014,Head,5135,Napoli,Palermo,3,3,2014-09-24 19:45:00,Edgar Barreto,Cross
42565,6,MissedShots,0.7880000305175782,0.5590000152587891,0.02933420054614544,Paulo Dybala,h,1294,OpenPlay,2014,LeftFoot,5148,Palermo,Lazio,0,4,2014-09-29 20:00:00,Franco Vázquez,Pass
42573,41,SavedShot,0.895,0.47400001525878904,0.09364540129899979,Paulo Dybala,h,1294,OpenPlay,2014,LeftFoot,5148,Palermo,Lazio,0,4,2014-09-29 20:00:00,Edgar Barreto,Chipped
42577,49,SavedShot,0.735999984741211,0.6530000305175782,0.013679400086402893,Paulo Dybala,h,1294,OpenPlay,2014,LeftFoot,5148,Palermo,Lazio,0,4,2014-09-29 20:00:00,,None
42578,50,BlockedShot,0.8530000305175781,0.6959999847412109,0.04181139916181564,Paulo Dybala,h,1294,OpenPlay,2014,RightFoot,5148,Palermo,Lazio,0,4,2014-09-29 20:00:00,Franco Vázquez,Pass
42715,4,BlockedShot,0.7169999694824218,0.3840000152587891,0.01607929915189743,Paulo Dybala,a,1294,OpenPlay,2014,LeftFoot,5071,Empoli,Palermo,3,0,2014-10-05 11:30:00,Francesco Bolzoni,Pass
42725,35,MissedShots,0.879000015258789,0.6680000305175782,0.057343900203704834,Paulo Dybala,a,1294,OpenPlay,2014,LeftFoot,5071,Empoli,Palermo,3,0,2014-10-05 11:30:00,Fabio Daprelà,Pass
42729,45,BlockedShot,0.874000015258789,0.6229999923706054,0.08345229923725128,Paulo Dybala,a,1294,OpenPlay,2014,LeftFoot,5071,Empoli,Palermo,3,0,2014-10-05 11:30:00,Andrea Belotti,Pass
43155,7,SavedShot,0.9419999694824219,0.3770000076293945,0.3505629897117615,Paulo Dybala,h,1294,OpenPlay,2014,RightFoot,5082,Palermo,Cesena,2,1,2014-10-19 14:00:00,Franco Vázquez,Throughball
43156,9,ShotOnPost,0.7919999694824219,0.6709999847412109,0.07170180231332779,Paulo Dybala,h,1294,DirectFreekick,2014,LeftFoot,5082,Palermo,Cesena,2,1,2014-10-19 14:00:00,,Standard
43159,32,Goal,0.895,0.31,0.02397320047020912,Paulo Dybala,h,1294,FromCorner,2014,LeftFoot,5082,Palermo,Cesena,2,1,2014-10-19 14:00:00,Franco Vázquez,TakeOn
43161,58,MissedShots,0.885,0.5579999923706055,0.030995899811387062,Paulo Dybala,h,1294,OpenPlay,2014,Head,5082,Palermo,Cesena,2,1,2014-10-19 14:00:00,Michel Morganella,Aerial
43169,84,MissedShots,0.7809999847412109,0.40700000762939453,0.02769169956445694,Paulo Dybala,h,1294,OpenPlay,2014,LeftFoot,5082,Palermo,Cesena,2,1,2014-10-19 14:00:00,,None
43345,43,MissedShots,0.7140000152587891,0.49900001525878906,0.01702599972486496,Paulo Dybala,a,1294,OpenPlay,2014,LeftFoot,5093,Juventus,Palermo,2,0,2014-10-26 14:00:00,Francesco Bolzoni,Pass
43346,45,BlockedShot,0.7959999847412109,0.36400001525878906,0.029367100447416306,Paulo Dybala,a,1294,OpenPlay,2014,LeftFoot,5093,Juventus,Palermo,2,0,2014-10-26 14:00:00,Luca Rigoni,Pass
43357,77,SavedShot,0.6459999847412109,0.4129999923706055,0.006175220012664795,Paulo Dybala,a,1294,OpenPlay,2014,LeftFoot,5093,Juventus,Palermo,2,0,2014-10-26 14:00:00,Enzo Maresca,Chipped
43706,65,ShotOnPost,0.7659999847412109,0.40799999237060547,0.018405700102448463,Paulo Dybala,h,1294,OpenPlay,2014,LeftFoot,5102,Palermo,Chievo,1,0,2014-10-29 19:45:00,,Rebound
43897,24,SavedShot,0.9059999847412109,0.549000015258789,0.44533398747444153,Paulo Dybala,a,1294,OpenPlay,2014,RightFoot,5037,AC Milan,Palermo,0,2,2014-11-02 19:45:00,Edgar Barreto,Throughball
43898,25,Goal,0.925,0.6619999694824219,0.6033340096473694,Paulo Dybala,a,1294,OpenPlay,2014,LeftFoot,5037,AC Milan,Palermo,0,2,2014-11-02 19:45:00,Edgar Barreto,TakeOn
44210,17,BlockedShot,0.7759999847412109,0.3039999961853027,0.012139899656176567,Paulo Dybala,h,1294,OpenPlay,2014,LeftFoot,5046,Palermo,Udinese,1,1,2014-11-09 14:00:00,Franco Vázquez,Chipped
44215,41,Goal,0.885,0.5,0.7612590193748474,Paulo Dybala,h,1294,Penalty,2014,LeftFoot,5046,Palermo,Udinese,1,1,2014-11-09 14:00:00,,Standard
44225,70,BlockedShot,0.7559999847412109,0.34700000762939454,0.014566300436854362,Paulo Dybala,h,1294,OpenPlay,2014,LeftFoot,5046,Palermo,Udinese,1,1,2014-11-09 14:00:00,Edgar Barreto,TakeOn
44227,72,MissedShots,0.9619999694824218,0.585,0.36629098653793335,Paulo Dybala,h,1294,SetPiece,2014,Head,5046,Palermo,Udinese,1,1,2014-11-09 14:00:00,Andrea Belotti,Cross
44228,78,MissedShots,0.7859999847412109,0.7069999694824218,0.019564399495720863,Paulo Dybala,h,1294,OpenPlay,2014,LeftFoot,5046,Palermo,Udinese,1,1,2014-11-09 14:00:00,Franco Vázquez,Pass
44229,80,MissedShots,0.8490000152587891,0.45799999237060546,0.06923449784517288,Paulo Dybala,h,1294,OpenPlay,2014,LeftFoot,5046,Palermo,Udinese,1,1,2014-11-09 14:00:00,,None
44230,82,ShotOnPost,0.884000015258789,0.590999984741211,0.029173700138926506,Paulo Dybala,h,1294,SetPiece,2014,Head,5046,Palermo,Udinese,1,1,2014-11-09 14:00:00,Achraf Lazaar,Cross
44358,6,Goal,0.8490000152587891,0.2929999923706055,0.033627599477767944,Paulo Dybala,a,1294,OpenPlay,2014,LeftFoot,5059,Genoa,Palermo,1,1,2014-11-24 19:45:00,Franco Vázquez,Pass
44361,23,MissedShots,0.9209999847412109,0.645,0.06975109875202179,Paulo Dybala,a,1294,OpenPlay,2014,LeftFoot,5059,Genoa,Palermo,1,1,2014-11-24 19:45:00,Ivaylo Chochev,Cross
44363,26,BlockedShot,0.9259999847412109,0.40700000762939453,0.3774389922618866,Paulo Dybala,a,1294,OpenPlay,2014,RightFoot,5059,Genoa,Palermo,1,1,2014-11-24 19:45:00,,Rebound
44368,34,SavedShot,0.855,0.5109999847412109,0.2632170021533966,Paulo Dybala,a,1294,OpenPlay,2014,LeftFoot,5059,Genoa,Palermo,1,1,2014-11-24 19:45:00,Edgar Barreto,TakeOn
44378,81,MissedShots,0.8690000152587891,0.24799999237060547,0.020994799211621284,Paulo Dybala,a,1294,FromCorner,2014,LeftFoot,5059,Genoa,Palermo,1,1,2014-11-24 19:45:00,Franco Vázquez,LayOff
44714,36,Goal,0.914000015258789,0.4370000076293945,0.46598199009895325,Paulo Dybala,h,1294,SetPiece,2014,LeftFoot,5064,Palermo,Parma,2,1,2014-11-30 14:00:00,Edgar Barreto,Pass
44715,39,BlockedShot,0.84,0.6409999847412109,0.06949560344219208,Paulo Dybala,h,1294,OpenPlay,2014,RightFoot,5064,Palermo,Parma,2,1,2014-11-30 14:00:00,Edgar Barreto,Pass
44721,68,BlockedShot,0.845,0.19100000381469726,0.05127979815006256,Paulo Dybala,h,1294,DirectFreekick,2014,LeftFoot,5064,Palermo,Parma,2,1,2014-11-30 14:00:00,,Standard
45061,42,Goal,0.9730000305175781,0.615,0.06391389667987823,Paulo Dybala,a,1294,OpenPlay,2014,LeftFoot,5002,Torino,Palermo,2,2,2014-12-06 19:45:00,Achraf Lazaar,Cross
45075,71,MissedShots,0.759000015258789,0.32099998474121094,0.018378499895334244,Paulo Dybala,a,1294,OpenPlay,2014,LeftFoot,5002,Torino,Palermo,2,2,2014-12-06 19:45:00,Michel Morganella,Pass
45275,54,BlockedShot,0.8869999694824219,0.33099998474121095,0.07097899913787842,Paulo Dybala,h,1294,OpenPlay,2014,LeftFoot,5010,Palermo,Sassuolo,2,1,2014-12-13 17:00:00,Luca Rigoni,Pass
45277,58,MissedShots,0.9630000305175781,0.45,0.15483400225639343,Paulo Dybala,h,1294,OpenPlay,2014,RightFoot,5010,Palermo,Sassuolo,2,1,2014-12-13 17:00:00,Luca Rigoni,Pass
45279,68,BlockedShot,0.7930000305175782,0.6370000076293946,0.0838439017534256,Paulo Dybala,h,1294,DirectFreekick,2014,LeftFoot,5010,Palermo,Sassuolo,2,1,2014-12-13 17:00:00,,Standard
45284,78,SavedShot,0.950999984741211,0.6790000152587891,0.03962799906730652,Paulo Dybala,h,1294,SetPiece,2014,LeftFoot,5010,Palermo,Sassuolo,2,1,2014-12-13 17:00:00,Enzo Maresca,Pass
45334,25,BlockedShot,0.8719999694824219,0.3940000152587891,0.08184719830751419,Paulo Dybala,a,1294,SetPiece,2014,LeftFoot,5027,Atalanta,Palermo,3,3,2014-12-21 14:00:00,Edgar Barreto,Pass
45336,32,BlockedShot,0.97,0.38799999237060545,0.07710299640893936,Paulo Dybala,a,1294,FromCorner,2014,LeftFoot,5027,Atalanta,Palermo,3,3,2014-12-21 14:00:00,,None
45342,46,SavedShot,0.7959999847412109,0.7280000305175781,0.01951419934630394,Paulo Dybala,a,1294,SetPiece,2014,LeftFoot,5027,Atalanta,Palermo,3,3,2014-12-21 14:00:00,Franco Vázquez,Pass
45357,88,MissedShots,0.81,0.30100000381469727,0.024205800145864487,Paulo Dybala,a,1294,OpenPlay,2014,LeftFoot,5027,Atalanta,Palermo,3,3,2014-12-21 14:00:00,Franco Vázquez,Chipped
46069,28,SavedShot,0.865999984741211,0.625,0.3605940043926239,Paulo Dybala,h,1294,OpenPlay,2014,LeftFoot,4960,Palermo,Cagliari,5,0,2015-01-06 14:00:00,,TakeOn
46070,32,Goal,0.885,0.5,0.7612990140914917,Paulo Dybala,h,1294,Penalty,2014,LeftFoot,4960,Palermo,Cagliari,5,0,2015-01-06 14:00:00,,Standard
46079,66,BlockedShot,0.960999984741211,0.7090000152587891,0.04068119823932648,Paulo Dybala,h,1294,OpenPlay,2014,LeftFoot,4960,Palermo,Cagliari,5,0,2015-01-06 14:00:00,Franco Vázquez,Cross
46081,70,SavedShot,0.9669999694824218,0.3840000152587891,0.42182499170303345,Paulo Dybala,h,1294,OpenPlay,2014,LeftFoot,4960,Palermo,Cagliari,5,0,2015-01-06 14:00:00,Edgar Barreto,TakeOn
46082,71,Goal,0.9540000152587891,0.5929999923706055,0.41490399837493896,Paulo Dybala,h,1294,OpenPlay,2014,LeftFoot,4960,Palermo,Cagliari,5,0,2015-01-06 14:00:00,Franco Vázquez,Chipped
46044,1,Goal,0.9169999694824219,0.445,0.46278199553489685,Paulo Dybala,h,1294,OpenPlay,2014,LeftFoot,4978,Palermo,Roma,1,1,2015-01-17 19:45:00,Franco Vázquez,Pass
46047,11,BlockedShot,0.909000015258789,0.6840000152587891,0.101282998919487,Paulo Dybala,h,1294,SetPiece,2014,LeftFoot,4978,Palermo,Roma,1,1,2015-01-17 19:45:00,Edgar Barreto,Throughball
46057,59,SavedShot,0.9159999847412109,0.6619999694824219,0.3273630142211914,Paulo Dybala,h,1294,OpenPlay,2014,LeftFoot,4978,Palermo,Roma,1,1,2015-01-17 19:45:00,Edgar Barreto,Throughball
46487,27,BlockedShot,0.895,0.31799999237060544,0.04777289927005768,Paulo Dybala,a,1294,OpenPlay,2014,LeftFoot,4989,Sampdoria,Palermo,1,1,2015-01-25 14:00:00,,None
46496,52,BlockedShot,0.9680000305175781,0.6680000305175782,0.06522060185670853,Paulo Dybala,a,1294,OpenPlay,2014,LeftFoot,4989,Sampdoria,Palermo,1,1,2015-01-25 14:00:00,Edgar Barreto,Pass
46497,52,SavedShot,0.9369999694824219,0.710999984741211,0.048136498779058456,Paulo Dybala,a,1294,SetPiece,2014,LeftFoot,4989,Sampdoria,Palermo,1,1,2015-01-25 14:00:00,Edgar Barreto,Chipped
46501,58,MissedShots,0.8669999694824219,0.34200000762939453,0.056679800152778625,Paulo Dybala,a,1294,OpenPlay,2014,LeftFoot,4989,Sampdoria,Palermo,1,1,2015-01-25 14:00:00,Edgar Barreto,Chipped
46506,66,BlockedShot,0.7980000305175782,0.625,0.03432530164718628,Paulo Dybala,a,1294,OpenPlay,2014,LeftFoot,4989,Sampdoria,Palermo,1,1,2015-01-25 14:00:00,Achraf Lazaar,Pass
46509,76,SavedShot,0.9169999694824219,0.48700000762939455,0.12467700242996216,Paulo Dybala,a,1294,SetPiece,2014,Head,4989,Sampdoria,Palermo,1,1,2015-01-25 14:00:00,Achraf Lazaar,Cross
46510,89,MissedShots,0.97,0.6469999694824219,0.07332470268011093,Paulo Dybala,a,1294,OpenPlay,2014,LeftFoot,4989,Sampdoria,Palermo,1,1,2015-01-25 14:00:00,Fabio Daprelà,TakeOn
46695,17,Goal,0.7280000305175781,0.48700000762939455,0.05078189820051193,Paulo Dybala,h,1294,DirectFreekick,2014,LeftFoot,4924,Palermo,Verona,2,1,2015-02-01 14:00:00,,Standard
46707,66,SavedShot,0.7819999694824219,0.38,0.02013999968767166,Paulo Dybala,h,1294,OpenPlay,2014,LeftFoot,4924,Palermo,Verona,2,1,2015-02-01 14:00:00,Mato Jajalo,TakeOn
47008,13,MissedShots,0.735,0.3820000076293945,0.047827500849962234,Paulo Dybala,a,1294,DirectFreekick,2014,LeftFoot,4934,Inter,Palermo,3,0,2015-02-08 19:45:00,,Standard
47014,25,MissedShots,0.8390000152587891,0.30200000762939455,0.02991590090095997,Paulo Dybala,a,1294,OpenPlay,2014,LeftFoot,4934,Inter,Palermo,3,0,2015-02-08 19:45:00,Mato Jajalo,Chipped
47021,50,MissedShots,0.9590000152587891,0.435,0.5354989767074585,Paulo Dybala,a,1294,OpenPlay,2014,LeftFoot,4934,Inter,Palermo,3,0,2015-02-08 19:45:00,,Rebound
47475,93,MissedShots,0.5840000152587891,0.6719999694824219,0.012115400284528732,Paulo Dybala,h,1294,OpenPlay,2014,LeftFoot,4938,Palermo,Napoli,3,1,2015-02-14 19:45:00,Achraf Lazaar,Pass
47855,6,SavedShot,0.88,0.6759999847412109,0.052292000502347946,Paulo Dybala,a,1294,OpenPlay,2014,LeftFoot,4950,Lazio,Palermo,2,1,2015-02-22 14:00:00,Edgar Barreto,Chipped
47860,25,Goal,0.8580000305175781,0.43099998474121093,0.32082799077033997,Paulo Dybala,a,1294,OpenPlay,2014,LeftFoot,4950,Lazio,Palermo,2,1,2015-02-22 14:00:00,Robin Quaison,Pass
47861,26,MissedShots,0.8719999694824219,0.5529999923706055,0.37478500604629517,Paulo Dybala,a,1294,OpenPlay,2014,LeftFoot,4950,Lazio,Palermo,2,1,2015-02-22 14:00:00,Franco Vázquez,Pass
47878,84,MissedShots,0.865,0.4520000076293945,0.026481499895453453,Paulo Dybala,a,1294,OpenPlay,2014,Head,4950,Lazio,Palermo,2,1,2015-02-22 14:00:00,Andrea Rispoli,Cross
47331,1,MissedShots,0.9530000305175781,0.6819999694824219,0.06017410010099411,Paulo Dybala,h,1294,OpenPlay,2014,LeftFoot,4882,Palermo,Empoli,0,0,2015-03-01 14:00:00,Franco Vázquez,Pass
47332,2,BlockedShot,0.8830000305175781,0.29399999618530276,0.05060970038175583,Paulo Dybala,h,1294,OpenPlay,2014,LeftFoot,4882,Palermo,Empoli,0,0,2015-03-01 14:00:00,Michel Morganella,Pass
47335,10,SavedShot,0.91,0.4370000076293945,0.4304859936237335,Paulo Dybala,h,1294,OpenPlay,2014,LeftFoot,4882,Palermo,Empoli,0,0,2015-03-01 14:00:00,Luca Rigoni,Pass
47345,42,BlockedShot,0.835999984741211,0.385,0.0557744987308979,Paulo Dybala,h,1294,OpenPlay,2014,RightFoot,4882,Palermo,Empoli,0,0,2015-03-01 14:00:00,Franco Vázquez,Chipped
47348,46,MissedShots,0.905,0.5559999847412109,0.07962329685688019,Paulo Dybala,h,1294,OpenPlay,2014,Head,4882,Palermo,Empoli,0,0,2015-03-01 14:00:00,Fabio Daprelà,Cross
47358,69,SavedShot,0.779000015258789,0.30100000381469727,0.018171200528740883,Paulo Dybala,h,1294,OpenPlay,2014,LeftFoot,4882,Palermo,Empoli,0,0,2015-03-01 14:00:00,Franco Vázquez,Pass
47361,84,MissedShots,0.865,0.585,0.06998710334300995,Paulo Dybala,h,1294,OpenPlay,2014,RightFoot,4882,Palermo,Empoli,0,0,2015-03-01 14:00:00,,None
48112,3,MissedShots,0.8919999694824219,0.6619999694824219,0.05917980149388313,Paulo Dybala,a,1294,OpenPlay,2014,LeftFoot,4891,Cesena,Palermo,0,0,2015-03-08 11:30:00,,None
48114,25,SavedShot,0.769000015258789,0.49900001525878906,0.03425480052828789,Paulo Dybala,a,1294,OpenPlay,2014,LeftFoot,4891,Cesena,Palermo,0,0,2015-03-08 11:30:00,Claudio Terzi,Chipped
48478,39,BlockedShot,0.7869999694824219,0.38,0.027813300490379333,Paulo Dybala,h,1294,OpenPlay,2014,LeftFoot,4899,Palermo,Juventus,0,1,2015-03-14 17:00:00,Andrea Rispoli,Chipped
48488,76,BlockedShot,0.725,0.5320000076293945,0.01784770004451275,Paulo Dybala,h,1294,OpenPlay,2014,LeftFoot,4899,Palermo,Juventus,0,1,2015-03-14 17:00:00,Andrea Belotti,LayOff
48490,90,MissedShots,0.7340000152587891,0.534000015258789,0.017136499285697937,Paulo Dybala,h,1294,OpenPlay,2014,LeftFoot,4899,Palermo,Juventus,0,1,2015-03-14 17:00:00,,None
49137,6,MissedShots,0.754000015258789,0.6409999847412109,0.0192073006182909,Paulo Dybala,a,1294,OpenPlay,2014,LeftFoot,4909,Chievo,Palermo,1,0,2015-03-21 17:00:00,Robin Quaison,Pass
49140,12,SavedShot,0.9130000305175782,0.5420000076293945,0.4889329969882965,Paulo Dybala,a,1294,OpenPlay,2014,RightFoot,4909,Chievo,Palermo,1,0,2015-03-21 17:00:00,Robin Quaison,Pass
49160,77,MissedShots,0.8430000305175781,0.730999984741211,0.024048099294304848,Paulo Dybala,a,1294,OpenPlay,2014,LeftFoot,4909,Chievo,Palermo,1,0,2015-03-21 17:00:00,Edgar Barreto,Chipped
49166,92,MissedShots,0.720999984741211,0.4520000076293945,0.017540600150823593,Paulo Dybala,a,1294,OpenPlay,2014,LeftFoot,4909,Chievo,Palermo,1,0,2015-03-21 17:00:00,Enzo Maresca,Pass
48123,12,MissedShots,0.884000015258789,0.26299999237060545,0.03385959938168526,Paulo Dybala,h,1294,OpenPlay,2014,LeftFoot,4832,Palermo,AC Milan,1,2,2015-04-04 14:00:00,Andrea Rispoli,TakeOn
48131,40,BlockedShot,0.9069999694824219,0.4209999847412109,0.08734709769487381,Paulo Dybala,h,1294,OpenPlay,2014,LeftFoot,4832,Palermo,AC Milan,1,2,2015-04-04 14:00:00,Andrea Rispoli,Cross
48135,49,MissedShots,0.7809999847412109,0.5709999847412109,0.04075910151004791,Paulo Dybala,h,1294,OpenPlay,2014,LeftFoot,4832,Palermo,AC Milan,1,2,2015-04-04 14:00:00,,TakeOn
48141,71,Goal,0.885,0.5,0.7612590193748474,Paulo Dybala,h,1294,Penalty,2014,LeftFoot,4832,Palermo,AC Milan,1,2,2015-04-04 14:00:00,,Standard
48144,75,MissedShots,0.9130000305175782,0.45799999237060546,0.10880900174379349,Paulo Dybala,h,1294,OpenPlay,2014,LeftFoot,4832,Palermo,AC Milan,1,2,2015-04-04 14:00:00,Franco Vázquez,Cross
48145,75,MissedShots,0.7859999847412109,0.29600000381469727,0.019505299627780914,Paulo Dybala,h,1294,OpenPlay,2014,LeftFoot,4832,Palermo,AC Milan,1,2,2015-04-04 14:00:00,,BallRecovery
48753,43,ShotOnPost,0.9619999694824218,0.3820000076293945,0.5443829894065857,Paulo Dybala,a,1294,OpenPlay,2014,RightFoot,4846,Udinese,Palermo,1,3,2015-04-12 14:00:00,Franco Vázquez,TakeOn
48756,61,BlockedShot,0.759000015258789,0.28100000381469725,0.025543900206685066,Paulo Dybala,a,1294,OpenPlay,2014,LeftFoot,4846,Udinese,Palermo,1,3,2015-04-12 14:00:00,Ivaylo Chochev,HeadPass
48761,68,MissedShots,0.745999984741211,0.5829999923706055,0.05767809972167015,Paulo Dybala,a,1294,DirectFreekick,2014,LeftFoot,4846,Udinese,Palermo,1,3,2015-04-12 14:00:00,,Standard
49059,13,BlockedShot,0.7659999847412109,0.33599998474121096,0.0571088008582592,Paulo Dybala,h,1294,DirectFreekick,2014,LeftFoot,4856,Palermo,Genoa,2,1,2015-04-19 14:00:00,,Standard
49063,33,MissedShots,0.8530000305175781,0.52,0.11659599840641022,Paulo Dybala,h,1294,OpenPlay,2014,LeftFoot,4856,Palermo,Genoa,2,1,2015-04-19 14:00:00,Ivaylo Chochev,Pass
49071,63,ShotOnPost,0.87,0.285,0.057192400097846985,Paulo Dybala,h,1294,OpenPlay,2014,LeftFoot,4856,Palermo,Genoa,2,1,2015-04-19 14:00:00,Luca Rigoni,Chipped
49078,85,SavedShot,0.8390000152587891,0.485,0.0874812975525856,Paulo Dybala,h,1294,OpenPlay,2014,LeftFoot,4856,Palermo,Genoa,2,1,2015-04-19 14:00:00,Andrea Belotti,HeadPass
51327,43,MissedShots,0.825,0.4779999923706055,0.05086410045623779,Paulo Dybala,a,1294,SetPiece,2014,LeftFoot,4864,Parma,Palermo,1,0,2015-04-26 14:00:00,Giancarlo Gonzalez,Pass
51334,85,SavedShot,0.8469999694824218,0.6329999923706054,0.0441959984600544,Paulo Dybala,a,1294,OpenPlay,2014,LeftFoot,4864,Parma,Palermo,1,0,2015-04-26 14:00:00,Andrea Belotti,Pass
51336,92,BlockedShot,0.7709999847412109,0.6909999847412109,0.05414459854364395,Paulo Dybala,a,1294,DirectFreekick,2014,LeftFoot,4864,Parma,Palermo,1,0,2015-04-26 14:00:00,,Standard
50999,68,MissedShots,0.9619999694824218,0.515,0.6401450037956238,Paulo Dybala,h,1294,OpenPlay,2014,LeftFoot,4874,Palermo,Torino,2,2,2015-04-29 19:45:00,Andrea Belotti,Cross
49972,31,BlockedShot,0.9169999694824219,0.6140000152587891,0.0860987976193428,Paulo Dybala,a,1294,OpenPlay,2014,LeftFoot,4780,Sassuolo,Palermo,0,0,2015-05-02 19:45:00,Franco Vázquez,Chipped
49975,37,MissedShots,0.749000015258789,0.5209999847412109,0.06427670270204544,Paulo Dybala,a,1294,DirectFreekick,2014,LeftFoot,4780,Sassuolo,Palermo,0,0,2015-05-02 19:45:00,,Standard
49979,68,MissedShots,0.9519999694824218,0.5,0.5179200172424316,Paulo Dybala,a,1294,OpenPlay,2014,Head,4780,Sassuolo,Palermo,0,0,2015-05-02 19:45:00,Andrea Rispoli,Pass
49981,74,MissedShots,0.7669999694824219,0.4879999923706055,0.02665329910814762,Paulo Dybala,a,1294,OpenPlay,2014,LeftFoot,4780,Sassuolo,Palermo,0,0,2015-05-02 19:45:00,,None
93554,65,MissedShots,0.8159999847412109,0.3320000076293945,0.09282670170068741,Paulo Dybala,a,1294,DirectFreekick,2015,LeftFoot,563,Roma,Juventus,2,1,2015-08-30 20:00:00,,Standard
93560,84,MissedShots,0.9259999847412109,0.6530000305175782,0.0922107994556427,Paulo Dybala,a,1294,OpenPlay,2015,LeftFoot,563,Roma,Juventus,2,1,2015-08-30 20:00:00,Stefano Sturaro,Pass
93562,86,Goal,0.9159999847412109,0.5259999847412109,0.4284510016441345,Paulo Dybala,a,1294,OpenPlay,2015,LeftFoot,563,Roma,Juventus,2,1,2015-08-30 20:00:00,Roberto Pereyra,Pass
93773,19,MissedShots,0.9169999694824219,0.5279999923706055,0.43678298592567444,Paulo Dybala,h,1294,OpenPlay,2015,LeftFoot,573,Juventus,Chievo,1,1,2015-09-12 22:45:00,Álvaro Morata,HeadPass
93774,26,SavedShot,0.750999984741211,0.6020000076293945,0.016262799501419067,Paulo Dybala,h,1294,OpenPlay,2015,RightFoot,573,Juventus,Chievo,1,1,2015-09-12 22:45:00,Álvaro Morata,BallRecovery
93781,43,MissedShots,0.725,0.345,0.015238800086081028,Paulo Dybala,h,1294,OpenPlay,2015,LeftFoot,573,Juventus,Chievo,1,1,2015-09-12 22:45:00,Roberto Pereyra,Pass
93786,56,MissedShots,0.899000015258789,0.4620000076293945,0.4101110100746155,Paulo Dybala,h,1294,OpenPlay,2015,LeftFoot,573,Juventus,Chievo,1,1,2015-09-12 22:45:00,,Rebound
93793,82,Goal,0.885,0.5,0.7612990140914917,Paulo Dybala,h,1294,Penalty,2015,LeftFoot,573,Juventus,Chievo,1,1,2015-09-12 22:45:00,,Standard
93796,88,MissedShots,0.905,0.5659999847412109,0.07577700167894363,Paulo Dybala,h,1294,OpenPlay,2015,Head,573,Juventus,Chievo,1,1,2015-09-12 22:45:00,Alex Sandro,Cross
95683,47,SavedShot,0.7859999847412109,0.33099998474121095,0.02143939957022667,Paulo Dybala,h,1294,OpenPlay,2015,LeftFoot,599,Juventus,Frosinone,1,1,2015-09-23 22:45:00,Juan Cuadrado,Pass
95696,69,BlockedShot,0.8619999694824219,0.6619999694824219,0.07009810209274292,Paulo Dybala,h,1294,OpenPlay,2015,LeftFoot,599,Juventus,Frosinone,1,1,2015-09-23 22:45:00,Alex Sandro,Pass
95697,71,BlockedShot,0.77,0.45,0.034465398639440536,Paulo Dybala,h,1294,OpenPlay,2015,LeftFoot,599,Juventus,Frosinone,1,1,2015-09-23 22:45:00,Juan Cuadrado,Pass
95698,74,BlockedShot,0.9169999694824219,0.605999984741211,0.06709759682416916,Paulo Dybala,h,1294,OpenPlay,2015,Head,599,Juventus,Frosinone,1,1,2015-09-23 22:45:00,Alex Sandro,Cross
95706,86,MissedShots,0.779000015258789,0.575,0.04100880026817322,Paulo Dybala,h,1294,OpenPlay,2015,LeftFoot,599,Juventus,Frosinone,1,1,2015-09-23 22:45:00,Paul Pogba,Pass
95707,89,MissedShots,0.875,0.3840000152587891,0.051853299140930176,Paulo Dybala,h,1294,FromCorner,2015,LeftFoot,599,Juventus,Frosinone,1,1,2015-09-23 22:45:00,Roberto Pereyra,Pass
95966,58,BlockedShot,0.805,0.710999984741211,0.01926550082862377,Paulo Dybala,a,1294,OpenPlay,2015,LeftFoot,602,Napoli,Juventus,2,1,2015-09-26 22:45:00,Giorgio Chiellini,TakeOn
96315,37,MissedShots,0.7719999694824219,0.5309999847412109,0.031661901623010635,Paulo Dybala,h,1294,OpenPlay,2015,LeftFoot,617,Juventus,Bologna,3,1,2015-10-04 20:00:00,,BallRecovery
96319,51,Goal,0.885,0.5,0.7612990140914917,Paulo Dybala,h,1294,Penalty,2015,LeftFoot,617,Juventus,Bologna,3,1,2015-10-04 20:00:00,,Standard
96323,68,SavedShot,0.9390000152587891,0.6719999694824219,0.08670619875192642,Paulo Dybala,h,1294,OpenPlay,2015,LeftFoot,617,Juventus,Bologna,3,1,2015-10-04 20:00:00,Paul Pogba,Pass
97346,11,SavedShot,0.8690000152587891,0.6680000305175782,0.06247660145163536,Paulo Dybala,h,1294,OpenPlay,2015,LeftFoot,637,Juventus,Atalanta,2,0,2015-10-25 18:00:00,Patrice Evra,Pass
97351,27,Goal,0.7580000305175781,0.524000015258789,0.022273799404501915,Paulo Dybala,h,1294,OpenPlay,2015,LeftFoot,637,Juventus,Atalanta,2,0,2015-10-25 18:00:00,Paul Pogba,Pass
97352,46,MissedShots,0.955999984741211,0.37900001525878907,0.07716809958219528,Paulo Dybala,h,1294,OpenPlay,2015,RightFoot,637,Juventus,Atalanta,2,0,2015-10-25 18:00:00,Paul Pogba,Cross
97353,48,SavedShot,0.855,0.515,0.10325799882411957,Paulo Dybala,h,1294,OpenPlay,2015,RightFoot,637,Juventus,Atalanta,2,0,2015-10-25 18:00:00,Patrice Evra,Pass
97359,65,MissedShots,0.8859999847412109,0.6790000152587891,0.07582739740610123,Paulo Dybala,h,1294,OpenPlay,2015,LeftFoot,637,Juventus,Atalanta,2,0,2015-10-25 18:00:00,Patrice Evra,Pass
97360,68,MissedShots,0.774000015258789,0.37200000762939456,0.07011929899454117,Paulo Dybala,h,1294,DirectFreekick,2015,LeftFoot,637,Juventus,Atalanta,2,0,2015-10-25 18:00:00,,Standard
97361,69,SavedShot,0.8980000305175782,0.5229999923706055,0.5462989807128906,Paulo Dybala,h,1294,OpenPlay,2015,LeftFoot,637,Juventus,Atalanta,2,0,2015-10-25 18:00:00,Paul Pogba,Throughball
97362,75,MissedShots,0.8480000305175781,0.48200000762939454,0.11657500267028809,Paulo Dybala,h,1294,OpenPlay,2015,RightFoot,637,Juventus,Atalanta,2,0,2015-10-25 18:00:00,Kwadwo Asamoah,Pass
97364,90,BlockedShot,0.7719999694824219,0.5829999923706055,0.0460892990231514,Paulo Dybala,h,1294,OpenPlay,2015,LeftFoot,637,Juventus,Atalanta,2,0,2015-10-25 18:00:00,Paul Pogba,LayOff
97929,23,BlockedShot,0.8080000305175781,0.3529999923706055,0.030145300552248955,Paulo Dybala,a,1294,OpenPlay,2015,LeftFoot,648,Sassuolo,Juventus,1,0,2015-10-28 23:45:00,Juan Cuadrado,Pass
98375,32,MissedShots,0.8119999694824219,0.44099998474121094,0.06254729628562927,Paulo Dybala,h,1294,OpenPlay,2015,LeftFoot,651,Juventus,Torino,2,1,2015-10-31 21:00:00,,None
98385,67,BlockedShot,0.85,0.36900001525878906,0.06866540014743805,Paulo Dybala,h,1294,OpenPlay,2015,LeftFoot,651,Juventus,Torino,2,1,2015-10-31 21:00:00,Álvaro Morata,Pass
98390,81,BlockedShot,0.81,0.34799999237060547,0.03326040133833885,Paulo Dybala,h,1294,OpenPlay,2015,LeftFoot,651,Juventus,Torino,2,1,2015-10-31 21:00:00,Paul Pogba,Pass
98746,83,Goal,0.925,0.5379999923706055,0.48770299553871155,Paulo Dybala,a,1294,OpenPlay,2015,LeftFoot,667,Empoli,Juventus,1,3,2015-11-08 18:00:00,,Rebound
99392,2,BlockedShot,0.7759999847412109,0.2720000076293945,0.04861120134592056,Paulo Dybala,h,1294,DirectFreekick,2015,LeftFoot,672,Juventus,AC Milan,1,0,2015-11-21 23:45:00,,Standard
99409,64,Goal,0.9230000305175782,0.5920000076293945,0.4037199914455414,Paulo Dybala,h,1294,OpenPlay,2015,LeftFoot,672,Juventus,AC Milan,1,0,2015-11-21 23:45:00,Alex Sandro,Pass
99410,66,SavedShot,0.765,0.45,0.04748329892754555,Paulo Dybala,h,1294,OpenPlay,2015,LeftFoot,672,Juventus,AC Milan,1,0,2015-11-21 23:45:00,Claudio Marchisio,TakeOn
99894,8,BlockedShot,0.7290000152587891,0.59,0.018304899334907532,Paulo Dybala,a,1294,OpenPlay,2015,LeftFoot,688,Palermo,Juventus,0,3,2015-11-29 23:45:00,Giorgio Chiellini,Pass
99902,37,MissedShots,0.9209999847412109,0.41,0.10067000240087509,Paulo Dybala,a,1294,OpenPlay,2015,RightFoot,688,Palermo,Juventus,0,3,2015-11-29 23:45:00,Stefano Sturaro,Cross
100414,6,MissedShots,0.9630000305175781,0.674000015258789,0.05507659912109375,Paulo Dybala,a,1294,OpenPlay,2015,LeftFoot,691,Lazio,Juventus,0,2,2015-12-04 23:45:00,,None
100417,15,MissedShots,0.754000015258789,0.5529999923706055,0.037195801734924316,Paulo Dybala,a,1294,OpenPlay,2015,LeftFoot,691,Lazio,Juventus,0,2,2015-12-04 23:45:00,Kwadwo Asamoah,TakeOn
100420,31,Goal,0.754000015258789,0.4540000152587891,0.02977849915623665,Paulo Dybala,a,1294,OpenPlay,2015,LeftFoot,691,Lazio,Juventus,0,2,2015-12-04 23:45:00,Mario Mandzukic,Pass
100423,57,MissedShots,0.8919999694824219,0.6990000152587891,0.05917369946837425,Paulo Dybala,a,1294,OpenPlay,2015,LeftFoot,691,Lazio,Juventus,0,2,2015-12-04 23:45:00,Alex Sandro,Pass
100829,13,SavedShot,0.9030000305175782,0.39799999237060546,0.10904700309038162,Paulo Dybala,h,1294,OpenPlay,2015,RightFoot,708,Juventus,Fiorentina,3,1,2015-12-13 23:45:00,Mario Mandzukic,TakeOn
100834,24,BlockedShot,0.9019999694824219,0.6659999847412109,0.0598784014582634,Paulo Dybala,h,1294,OpenPlay,2015,LeftFoot,708,Juventus,Fiorentina,3,1,2015-12-13 23:45:00,Patrice Evra,Pass
100839,58,MissedShots,0.8959999847412109,0.5790000152587891,0.09075789898633957,Paulo Dybala,h,1294,OpenPlay,2015,LeftFoot,708,Juventus,Fiorentina,3,1,2015-12-13 23:45:00,Patrice Evra,Cross
100840,63,BlockedShot,0.74,0.43599998474121093,0.05564400181174278,Paulo Dybala,h,1294,DirectFreekick,2015,LeftFoot,708,Juventus,Fiorentina,3,1,2015-12-13 23:45:00,,Standard
100843,79,SavedShot,0.9069999694824219,0.40200000762939453,0.3563930094242096,Paulo Dybala,h,1294,OpenPlay,2015,LeftFoot,708,Juventus,Fiorentina,3,1,2015-12-13 23:45:00,Paul Pogba,Throughball
100847,90,Goal,0.92,0.53,0.512395977973938,Paulo Dybala,h,1294,OpenPlay,2015,LeftFoot,708,Juventus,Fiorentina,3,1,2015-12-13 23:45:00,Juan Cuadrado,BallTouch
101336,3,MissedShots,0.745,0.3320000076293945,0.015560300089418888,Paulo Dybala,a,1294,OpenPlay,2015,LeftFoot,711,Carpi,Juventus,2,3,2015-12-20 15:30:00,Claudio Marchisio,Pass
101341,17,BlockedShot,0.9540000152587891,0.4209999847412109,0.47346800565719604,Paulo Dybala,a,1294,OpenPlay,2015,RightFoot,711,Carpi,Juventus,2,3,2015-12-20 15:30:00,,Rebound
101872,7,Goal,0.7819999694824219,0.315,0.06136360019445419,Paulo Dybala,h,1294,DirectFreekick,2015,LeftFoot,725,Juventus,Verona,3,0,2016-01-06 18:00:00,,Standard
101884,68,SavedShot,0.9730000305175781,0.6469999694824219,0.08331529796123505,Paulo Dybala,h,1294,OpenPlay,2015,LeftFoot,725,Juventus,Verona,3,0,2016-01-06 18:00:00,Alex Sandro,Cross
101889,88,MissedShots,0.7280000305175781,0.3320000076293945,0.014418600127100945,Paulo Dybala,h,1294,OpenPlay,2015,LeftFoot,725,Juventus,Verona,3,0,2016-01-06 18:00:00,Simone Zaza,Pass
102586,45,BlockedShot,0.78,0.23899999618530274,0.02521499991416931,Paulo Dybala,a,1294,OpenPlay,2015,LeftFoot,739,Sampdoria,Juventus,1,2,2016-01-10 23:45:00,Stephan Lichtsteiner,HeadPass
102592,62,SavedShot,0.7680000305175781,0.5109999847412109,0.04462920129299164,Paulo Dybala,a,1294,OpenPlay,2015,LeftFoot,739,Sampdoria,Juventus,1,2,2016-01-10 23:45:00,Paul Pogba,Pass
94205,14,Goal,0.784000015258789,0.3529999923706055,0.07297720015048981,Paulo Dybala,a,1294,DirectFreekick,2015,LeftFoot,745,Udinese,Juventus,0,4,2016-01-17 18:00:00,,Standard
94208,25,Goal,0.885,0.5,0.7612590193748474,Paulo Dybala,a,1294,Penalty,2015,LeftFoot,745,Udinese,Juventus,0,4,2016-01-17 18:00:00,,Standard
94210,35,MissedShots,0.855999984741211,0.6329999923706054,0.08895940333604813,Paulo Dybala,a,1294,OpenPlay,2015,LeftFoot,745,Udinese,Juventus,0,4,2016-01-17 18:00:00,Kwadwo Asamoah,Pass
94217,57,MissedShots,0.9769999694824218,0.6020000076293945,0.10515700280666351,Paulo Dybala,a,1294,OpenPlay,2015,LeftFoot,745,Udinese,Juventus,0,4,2016-01-17 18:00:00,Mario Mandzukic,Rebound
94273,9,SavedShot,0.8059999847412109,0.345,0.08931469917297363,Paulo Dybala,h,1294,DirectFreekick,2015,LeftFoot,760,Juventus,Roma,1,0,2016-01-24 23:45:00,,Standard
94274,11,BlockedShot,0.7809999847412109,0.6580000305175782,0.02579520083963871,Paulo Dybala,h,1294,OpenPlay,2015,LeftFoot,760,Juventus,Roma,1,0,2016-01-24 23:45:00,Claudio Marchisio,Pass
94280,44,SavedShot,0.7980000305175782,0.34900001525878904,0.030222700908780098,Paulo Dybala,h,1294,OpenPlay,2015,LeftFoot,760,Juventus,Roma,1,0,2016-01-24 23:45:00,Leonardo Bonucci,Pass
94286,76,Goal,0.8969999694824219,0.6409999847412109,0.0861520990729332,Paulo Dybala,h,1294,OpenPlay,2015,LeftFoot,760,Juventus,Roma,1,0,2016-01-24 23:45:00,Paul Pogba,Pass
94570,20,MissedShots,0.835999984741211,0.41200000762939454,0.07949060201644897,Paulo Dybala,a,1294,OpenPlay,2015,LeftFoot,764,Chievo,Juventus,0,4,2016-01-31 15:30:00,Álvaro Morata,Pass
94571,26,SavedShot,0.8630000305175781,0.41200000762939454,0.1066489964723587,Paulo Dybala,a,1294,OpenPlay,2015,LeftFoot,764,Chievo,Juventus,0,4,2016-01-31 15:30:00,Sami Khedira,Pass
94573,26,MissedShots,0.855999984741211,0.5979999923706054,0.08584769815206528,Paulo Dybala,a,1294,OpenPlay,2015,LeftFoot,764,Chievo,Juventus,0,4,2016-01-31 15:30:00,Alex Sandro,Pass
94588,69,MissedShots,0.8030000305175782,0.3509999847412109,0.06269620358943939,Paulo Dybala,a,1294,OpenPlay,2015,LeftFoot,764,Chievo,Juventus,0,4,2016-01-31 15:30:00,Stefano Sturaro,TakeOn
94601,91,MissedShots,0.875999984741211,0.5709999847412109,0.1252949982881546,Paulo Dybala,a,1294,OpenPlay,2015,LeftFoot,764,Chievo,Juventus,0,4,2016-01-31 15:30:00,Álvaro Morata,Pass
95408,12,MissedShots,0.74,0.524000015258789,0.019764600321650505,Paulo Dybala,h,1294,OpenPlay,2015,LeftFoot,775,Juventus,Genoa,1,0,2016-02-03 23:45:00,Leonardo Bonucci,TakeOn
95416,34,BlockedShot,0.73,0.4640000152587891,0.051321499049663544,Paulo Dybala,h,1294,DirectFreekick,2015,LeftFoot,775,Juventus,Genoa,1,0,2016-02-03 23:45:00,,Standard
95424,77,BlockedShot,0.8830000305175781,0.6459999847412109,0.09519749879837036,Paulo Dybala,h,1294,OpenPlay,2015,LeftFoot,775,Juventus,Genoa,1,0,2016-02-03 23:45:00,Juan Cuadrado,Pass
94958,46,BlockedShot,0.7180000305175781,0.509000015258789,0.018972400575876236,Paulo Dybala,a,1294,OpenPlay,2015,LeftFoot,784,Frosinone,Juventus,0,2,2016-02-07 18:00:00,Leonardo Bonucci,Pass
94965,62,BlockedShot,0.8530000305175781,0.7380000305175781,0.027988800778985023,Paulo Dybala,a,1294,OpenPlay,2015,LeftFoot,784,Frosinone,Juventus,0,2,2016-02-07 18:00:00,Claudio Marchisio,Pass
94967,69,BlockedShot,0.7480000305175781,0.4520000076293945,0.022647099569439888,Paulo Dybala,a,1294,OpenPlay,2015,LeftFoot,784,Frosinone,Juventus,0,2,2016-02-07 18:00:00,Claudio Marchisio,Pass
94969,71,ShotOnPost,0.8280000305175781,0.365,0.04672769829630852,Paulo Dybala,a,1294,OpenPlay,2015,LeftFoot,784,Frosinone,Juventus,0,2,2016-02-07 18:00:00,Leonardo Bonucci,Pass
94975,90,Goal,0.8519999694824218,0.38799999237060545,0.09077370166778564,Paulo Dybala,a,1294,OpenPlay,2015,LeftFoot,784,Frosinone,Juventus,0,2,2016-02-07 18:00:00,Álvaro Morata,Pass
95759,9,BlockedShot,0.8219999694824218,0.45599998474121095,0.0704021006822586,Paulo Dybala,h,1294,OpenPlay,2015,LeftFoot,795,Juventus,Napoli,1,0,2016-02-13 23:45:00,Sami Khedira,Pass
95764,28,BlockedShot,0.845999984741211,0.674000015258789,0.04649610072374344,Paulo Dybala,h,1294,OpenPlay,2015,LeftFoot,795,Juventus,Napoli,1,0,2016-02-13 23:45:00,Álvaro Morata,Pass
95768,39,SavedShot,0.8430000305175781,0.5259999847412109,0.06107909977436066,Paulo Dybala,h,1294,OpenPlay,2015,LeftFoot,795,Juventus,Napoli,1,0,2016-02-13 23:45:00,Claudio Marchisio,Rebound
95773,61,MissedShots,0.855999984741211,0.5609999847412109,0.09112949669361115,Paulo Dybala,h,1294,OpenPlay,2015,LeftFoot,795,Juventus,Napoli,1,0,2016-02-13 23:45:00,Paul Pogba,Pass
96596,87,BlockedShot,0.8209999847412109,0.3820000076293945,0.016631100326776505,Paulo Dybala,a,1294,FromCorner,2015,LeftFoot,801,Bologna,Juventus,0,0,2016-02-19 23:45:00,Juan Cuadrado,TakeOn
97129,6,BlockedShot,0.895,0.54,0.4049000144004822,Paulo Dybala,h,1294,OpenPlay,2015,LeftFoot,818,Juventus,Inter,2,0,2016-02-28 23:45:00,Mario Mandzukic,Pass
97137,51,MissedShots,0.8580000305175781,0.5709999847412109,0.07170390337705612,Paulo Dybala,h,1294,OpenPlay,2015,LeftFoot,818,Juventus,Inter,2,0,2016-02-28 23:45:00,Alex Sandro,Cross
98167,0,SavedShot,0.75,0.355,0.01867840066552162,Paulo Dybala,h,1294,OpenPlay,2015,LeftFoot,831,Juventus,Sassuolo,1,0,2016-03-11 23:45:00,Mario Mandzukic,LayOff
98175,29,BlockedShot,0.7709999847412109,0.5529999923706055,0.02963550016283989,Paulo Dybala,h,1294,OpenPlay,2015,LeftFoot,831,Juventus,Sassuolo,1,0,2016-03-11 23:45:00,Alex Sandro,Pass
98176,35,Goal,0.8109999847412109,0.32599998474121095,0.024600200355052948,Paulo Dybala,h,1294,OpenPlay,2015,LeftFoot,831,Juventus,Sassuolo,1,0,2016-03-11 23:45:00,Juan Cuadrado,Pass
98628,4,BlockedShot,0.855999984741211,0.5479999923706055,0.07107599824666977,Paulo Dybala,a,1294,OpenPlay,2015,LeftFoot,847,Torino,Juventus,1,4,2016-03-20 18:00:00,,None
98632,28,BlockedShot,0.7119999694824218,0.5829999923706055,0.040558699518442154,Paulo Dybala,a,1294,DirectFreekick,2015,LeftFoot,847,Torino,Juventus,1,4,2016-03-20 18:00:00,,Standard
100152,46,MissedShots,0.7959999847412109,0.4470000076293945,0.05492579936981201,Paulo Dybala,h,1294,OpenPlay,2015,LeftFoot,876,Juventus,Palermo,4,0,2016-04-17 17:00:00,,None
100665,8,SavedShot,0.9540000152587891,0.45799999237060546,0.620406985282898,Paulo Dybala,h,1294,OpenPlay,2015,LeftFoot,889,Juventus,Lazio,3,0,2016-04-20 22:45:00,Stephan Lichtsteiner,Pass
100672,21,SavedShot,0.9219999694824219,0.5729999923706055,0.09192460030317307,Paulo Dybala,h,1294,OpenPlay,2015,Head,889,Juventus,Lazio,3,0,2016-04-20 22:45:00,Alex Sandro,Cross
100679,37,SavedShot,0.8230000305175781,0.27,0.026633799076080322,Paulo Dybala,h,1294,OpenPlay,2015,LeftFoot,889,Juventus,Lazio,3,0,2016-04-20 22:45:00,Paul Pogba,Pass
100683,51,Goal,0.885,0.5,0.7612990140914917,Paulo Dybala,h,1294,Penalty,2015,LeftFoot,889,Juventus,Lazio,3,0,2016-04-20 22:45:00,,Standard
100684,63,Goal,0.9,0.44400001525878907,0.4932219982147217,Paulo Dybala,h,1294,OpenPlay,2015,RightFoot,889,Juventus,Lazio,3,0,2016-04-20 22:45:00,Sami Khedira,Pass
100686,68,SavedShot,0.7440000152587891,0.5970000076293945,0.03716209903359413,Paulo Dybala,h,1294,OpenPlay,2015,LeftFoot,889,Juventus,Lazio,3,0,2016-04-20 22:45:00,Andrea Barzagli,TakeOn
101072,21,BlockedShot,0.779000015258789,0.3160000038146973,0.021725300699472427,Paulo Dybala,a,1294,OpenPlay,2015,LeftFoot,897,Fiorentina,Juventus,1,2,2016-04-24 22:45:00,Mario Mandzukic,Pass
102156,40,MissedShots,0.8619999694824219,0.5879999923706055,0.076739601790905,Paulo Dybala,a,1294,OpenPlay,2015,LeftFoot,920,Verona,Juventus,2,1,2016-05-08 22:45:00,Simone Zaza,BallRecovery
102159,51,MissedShots,0.6140000152587891,0.5829999923706055,0.00997311994433403,Paulo Dybala,a,1294,OpenPlay,2015,LeftFoot,920,Verona,Juventus,2,1,2016-05-08 22:45:00,Mario Lemina,Pass
102170,68,SavedShot,0.7969999694824219,0.32299999237060545,0.07328669726848602,Paulo Dybala,a,1294,DirectFreekick,2015,LeftFoot,920,Verona,Juventus,2,1,2016-05-08 22:45:00,,Standard
102173,74,BlockedShot,0.7919999694824219,0.4129999923706055,0.029906699433922768,Paulo Dybala,a,1294,OpenPlay,2015,LeftFoot,920,Verona,Juventus,2,1,2016-05-08 22:45:00,Juan Cuadrado,Pass
102174,76,BlockedShot,0.7390000152587891,0.46299999237060546,0.015717599540948868,Paulo Dybala,a,1294,FromCorner,2015,LeftFoot,920,Verona,Juventus,2,1,2016-05-08 22:45:00,,None
102176,93,Goal,0.885,0.5,0.7612990140914917,Paulo Dybala,a,1294,Penalty,2015,LeftFoot,920,Verona,Juventus,2,1,2016-05-08 22:45:00,,Standard
102846,14,Goal,0.885,0.5,0.7612990140914917,Paulo Dybala,h,1294,Penalty,2015,LeftFoot,921,Juventus,Sampdoria,5,0,2016-05-14 19:00:00,,Standard
102847,20,SavedShot,0.9159999847412109,0.7280000305175781,0.05885529890656471,Paulo Dybala,h,1294,OpenPlay,2015,LeftFoot,921,Juventus,Sampdoria,5,0,2016-05-14 19:00:00,,Dispossessed
102850,28,SavedShot,0.8090000152587891,0.515,0.07030689716339111,Paulo Dybala,h,1294,OpenPlay,2015,LeftFoot,921,Juventus,Sampdoria,5,0,2016-05-14 19:00:00,Hernanes,Pass
102857,36,MissedShots,0.7959999847412109,0.43900001525878907,0.05222870036959648,Paulo Dybala,h,1294,OpenPlay,2015,LeftFoot,921,Juventus,Sampdoria,5,0,2016-05-14 19:00:00,,BallRecovery
102858,36,Goal,0.7819999694824219,0.435,0.051911499351263046,Paulo Dybala,h,1294,OpenPlay,2015,LeftFoot,921,Juventus,Sampdoria,5,0,2016-05-14 19:00:00,Hernanes,Pass
144366,1,BlockedShot,0.7580000305175781,0.6659999847412109,0.052504900842905045,Paulo Dybala,h,1294,DirectFreekick,2016,LeftFoot,932,Juventus,Fiorentina,2,1,2016-08-20 22:45:00,,Standard
144370,20,MissedShots,0.755,0.6309999847412109,0.019288500770926476,Paulo Dybala,h,1294,OpenPlay,2016,LeftFoot,932,Juventus,Fiorentina,2,1,2016-08-20 22:45:00,Alex Sandro,Pass
144372,29,MissedShots,0.8480000305175781,0.29200000762939454,0.03486650064587593,Paulo Dybala,h,1294,OpenPlay,2016,LeftFoot,932,Juventus,Fiorentina,2,1,2016-08-20 22:45:00,Dani Alves,Pass
144374,39,BlockedShot,0.8030000305175782,0.39099998474121095,0.052263300865888596,Paulo Dybala,h,1294,OpenPlay,2016,LeftFoot,932,Juventus,Fiorentina,2,1,2016-08-20 22:45:00,,None
144375,40,MissedShots,0.7709999847412109,0.44,0.040876101702451706,Paulo Dybala,h,1294,OpenPlay,2016,LeftFoot,932,Juventus,Fiorentina,2,1,2016-08-20 22:45:00,Kwadwo Asamoah,HeadPass
144377,45,MissedShots,0.904000015258789,0.575999984741211,0.0979762002825737,Paulo Dybala,h,1294,OpenPlay,2016,LeftFoot,932,Juventus,Fiorentina,2,1,2016-08-20 22:45:00,Alex Sandro,Cross
144945,8,SavedShot,0.8730000305175781,0.55,0.032892901450395584,Paulo Dybala,a,1294,OpenPlay,2016,Head,941,Lazio,Juventus,0,1,2016-08-27 20:00:00,Alex Sandro,BlockedPass
144952,56,MissedShots,0.865999984741211,0.6179999923706054,0.05693110078573227,Paulo Dybala,a,1294,OpenPlay,2016,LeftFoot,941,Lazio,Juventus,0,1,2016-08-27 20:00:00,,Rebound
144960,81,MissedShots,0.4909999847412109,0.4420000076293945,0.007240729872137308,Paulo Dybala,a,1294,OpenPlay,2016,LeftFoot,941,Lazio,Juventus,0,1,2016-08-27 20:00:00,Sami Khedira,BallRecovery
145455,35,MissedShots,0.7119999694824218,0.4370000076293945,0.018892599269747734,Paulo Dybala,h,1294,OpenPlay,2016,LeftFoot,951,Juventus,Sassuolo,3,1,2016-09-10 20:00:00,Mario Lemina,Pass
145462,59,SavedShot,0.98,0.3160000038146973,0.044325198978185654,Paulo Dybala,h,1294,OpenPlay,2016,LeftFoot,951,Juventus,Sassuolo,3,1,2016-09-10 20:00:00,Leonardo Bonucci,TakeOn
145922,19,BlockedShot,0.879000015258789,0.425,0.10595899820327759,Paulo Dybala,a,1294,OpenPlay,2016,RightFoot,968,Inter,Juventus,2,1,2016-09-18 20:00:00,Mario Mandzukic,Pass
145931,47,BlockedShot,0.8390000152587891,0.32799999237060545,0.044326700270175934,Paulo Dybala,a,1294,OpenPlay,2016,LeftFoot,968,Inter,Juventus,2,1,2016-09-18 20:00:00,,BallRecovery
145944,90,BlockedShot,0.8580000305175781,0.43900001525878907,0.015657400712370872,Paulo Dybala,a,1294,OpenPlay,2016,Head,968,Inter,Juventus,2,1,2016-09-18 20:00:00,Alex Sandro,Aerial
145945,94,MissedShots,0.8080000305175781,0.435,0.04108300060033798,Paulo Dybala,a,1294,OpenPlay,2016,LeftFoot,968,Inter,Juventus,2,1,2016-09-18 20:00:00,,None
146464,17,MissedShots,0.8530000305175781,0.3529999923706055,0.07791460305452347,Paulo Dybala,h,1294,OpenPlay,2016,LeftFoot,975,Juventus,Cagliari,4,0,2016-09-21 22:45:00,Mario Lemina,Pass
146478,65,BlockedShot,0.745,0.5070000076293946,0.02530360035598278,Paulo Dybala,h,1294,OpenPlay,2016,LeftFoot,975,Juventus,Cagliari,4,0,2016-09-21 22:45:00,Gonzalo Higuaín,Pass
147597,10,SavedShot,0.7980000305175782,0.28899999618530275,0.0629798024892807,Paulo Dybala,a,1294,DirectFreekick,2016,LeftFoot,992,Empoli,Juventus,0,3,2016-10-02 14:30:00,,Standard
147601,20,SavedShot,0.8030000305175782,0.5729999923706055,0.04676299914717674,Paulo Dybala,a,1294,OpenPlay,2016,LeftFoot,992,Empoli,Juventus,0,3,2016-10-02 14:30:00,Juan Cuadrado,Pass
147604,31,MissedShots,0.8130000305175781,0.54,0.04987049847841263,Paulo Dybala,a,1294,OpenPlay,2016,LeftFoot,992,Empoli,Juventus,0,3,2016-10-02 14:30:00,,None
147609,42,BlockedShot,0.9019999694824219,0.5979999923706054,0.08082450181245804,Paulo Dybala,a,1294,OpenPlay,2016,LeftFoot,992,Empoli,Juventus,0,3,2016-10-02 14:30:00,,None
147612,44,MissedShots,0.7559999847412109,0.47,0.024700399488210678,Paulo Dybala,a,1294,OpenPlay,2016,LeftFoot,992,Empoli,Juventus,0,3,2016-10-02 14:30:00,Gianluigi Buffon,Pass
147618,64,Goal,0.8969999694824219,0.5729999923706055,0.11941400170326233,Paulo Dybala,a,1294,OpenPlay,2016,LeftFoot,992,Empoli,Juventus,0,3,2016-10-02 14:30:00,Alex Sandro,Pass
148062,1,MissedShots,0.885,0.33599998474121096,0.07392189651727676,Paulo Dybala,h,1294,OpenPlay,2016,LeftFoot,1002,Juventus,Udinese,2,1,2016-10-15 22:45:00,Juan Cuadrado,Pass
148067,25,BlockedShot,0.7469999694824219,0.5279999923706055,0.020357200875878334,Paulo Dybala,h,1294,OpenPlay,2016,LeftFoot,1002,Juventus,Udinese,2,1,2016-10-15 22:45:00,Mario Mandzukic,LayOff
148072,42,Goal,0.7630000305175781,0.4570000076293945,0.07479439675807953,Paulo Dybala,h,1294,DirectFreekick,2016,LeftFoot,1002,Juventus,Udinese,2,1,2016-10-15 22:45:00,,Standard
148073,45,SavedShot,0.835,0.4470000076293945,0.059800099581480026,Paulo Dybala,h,1294,OpenPlay,2016,LeftFoot,1002,Juventus,Udinese,2,1,2016-10-15 22:45:00,,None
148076,50,Goal,0.885,0.5,0.7612990140914917,Paulo Dybala,h,1294,Penalty,2016,LeftFoot,1002,Juventus,Udinese,2,1,2016-10-15 22:45:00,,Standard
148637,21,SavedShot,0.865999984741211,0.5659999847412109,0.06583040207624435,Paulo Dybala,a,1294,OpenPlay,2016,LeftFoot,1011,AC Milan,Juventus,1,0,2016-10-22 22:45:00,Alex Sandro,Cross
148640,30,MissedShots,0.58,0.775,0.007833699695765972,Paulo Dybala,a,1294,OpenPlay,2016,LeftFoot,1011,AC Milan,Juventus,1,0,2016-10-22 22:45:00,Miralem Pjanic,TakeOn
152872,82,SavedShot,0.7269999694824218,0.4370000076293945,0.019800599664449692,Paulo Dybala,h,1294,OpenPlay,2016,LeftFoot,3089,Juventus,Roma,1,0,2016-12-17 23:45:00,Juan Cuadrado,Pass
153888,32,BlockedShot,0.8380000305175781,0.625999984741211,0.07385890185832977,Paulo Dybala,h,1294,OpenPlay,2016,RightFoot,3529,Juventus,Bologna,3,0,2017-01-08 23:45:00,Gonzalo Higuaín,Pass
153889,40,Goal,0.885,0.5,0.7612990140914917,Paulo Dybala,h,1294,Penalty,2016,LeftFoot,3529,Juventus,Bologna,3,0,2017-01-08 23:45:00,,Standard
153895,69,MissedShots,0.855999984741211,0.6140000152587891,0.11677899956703186,Paulo Dybala,h,1294,OpenPlay,2016,LeftFoot,3529,Juventus,Bologna,3,0,2017-01-08 23:45:00,Sami Khedira,Pass
144677,3,BlockedShot,0.7930000305175782,0.33799999237060546,0.023232899606227875,Paulo Dybala,a,1294,OpenPlay,2016,LeftFoot,3538,Fiorentina,Juventus,2,1,2017-01-15 23:45:00,Juan Cuadrado,Pass
144701,88,MissedShots,0.905,0.6179999923706054,0.09069409966468811,Paulo Dybala,a,1294,OpenPlay,2016,LeftFoot,3538,Fiorentina,Juventus,2,1,2017-01-15 23:45:00,Mario Mandzukic,Pass
145189,4,Goal,0.8059999847412109,0.3390000152587891,0.02433300018310547,Paulo Dybala,h,1294,OpenPlay,2016,LeftFoot,3542,Juventus,Lazio,2,0,2017-01-22 14:30:00,Mario Mandzukic,HeadPass
145200,52,MissedShots,0.8209999847412109,0.55,0.08668330311775208,Paulo Dybala,h,1294,OpenPlay,2016,LeftFoot,3542,Juventus,Lazio,2,0,2017-01-22 14:30:00,Juan Cuadrado,Pass
145202,60,MissedShots,0.9119999694824219,0.46799999237060547,0.5670289993286133,Paulo Dybala,h,1294,OpenPlay,2016,RightFoot,3542,Juventus,Lazio,2,0,2017-01-22 14:30:00,Gonzalo Higuaín,Throughball
145739,53,ShotOnPost,0.7609999847412109,0.47200000762939454,0.031472399830818176,Paulo Dybala,a,1294,OpenPlay,2016,LeftFoot,3557,Sassuolo,Juventus,0,2,2017-01-29 17:00:00,Juan Cuadrado,Pass
146179,2,SavedShot,0.8859999847412109,0.555,0.07393919676542282,Paulo Dybala,h,1294,OpenPlay,2016,LeftFoot,3568,Juventus,Inter,1,0,2017-02-05 19:45:00,Mario Mandzukic,HeadPass
146180,11,ShotOnPost,0.8009999847412109,0.385,0.03680190071463585,Paulo Dybala,h,1294,OpenPlay,2016,LeftFoot,3568,Juventus,Inter,1,0,2017-02-05 19:45:00,Miralem Pjanic,Pass
153398,8,SavedShot,0.774000015258789,0.6140000152587891,0.022717000916600227,Paulo Dybala,a,1294,OpenPlay,2016,LeftFoot,3570,Crotone,Juventus,0,2,2017-02-08 20:00:00,Kwadwo Asamoah,Pass
153401,22,SavedShot,0.7880000305175782,0.5590000152587891,0.03847670182585716,Paulo Dybala,a,1294,OpenPlay,2016,LeftFoot,3570,Crotone,Juventus,0,2,2017-02-08 20:00:00,Gonzalo Higuaín,Pass
153408,44,BlockedShot,0.919000015258789,0.6780000305175782,0.051184698939323425,Paulo Dybala,a,1294,OpenPlay,2016,LeftFoot,3570,Crotone,Juventus,0,2,2017-02-08 20:00:00,,Rebound
153413,68,BlockedShot,0.784000015258789,0.5709999847412109,0.04424929991364479,Paulo Dybala,a,1294,OpenPlay,2016,LeftFoot,3570,Crotone,Juventus,0,2,2017-02-08 20:00:00,Sami Khedira,Pass
146760,34,MissedShots,0.785,0.685,0.022481000050902367,Paulo Dybala,a,1294,OpenPlay,2016,LeftFoot,3580,Cagliari,Juventus,0,2,2017-02-12 19:45:00,Mario Mandzukic,LayOff
146771,74,BlockedShot,0.7580000305175781,0.35200000762939454,0.05565210059285164,Paulo Dybala,a,1294,DirectFreekick,2016,LeftFoot,3580,Cagliari,Juventus,0,2,2017-02-12 19:45:00,,Standard
146775,86,MissedShots,0.789000015258789,0.3890000152587891,0.08839429914951324,Paulo Dybala,a,1294,DirectFreekick,2016,LeftFoot,3580,Cagliari,Juventus,0,2,2017-02-12 19:45:00,,Standard
146779,90,SavedShot,0.9230000305175782,0.42900001525878906,0.3268029987812042,Paulo Dybala,a,1294,OpenPlay,2016,Head,3580,Cagliari,Juventus,0,2,2017-02-12 19:45:00,,Rebound
147291,4,ShotOnPost,0.7290000152587891,0.57,0.04900050163269043,Paulo Dybala,h,1294,DirectFreekick,2016,LeftFoot,3582,Juventus,Palermo,4,1,2017-02-17 19:45:00,,Standard
147298,25,MissedShots,0.7609999847412109,0.59,0.01655549928545952,Paulo Dybala,h,1294,OpenPlay,2016,LeftFoot,3582,Juventus,Palermo,4,1,2017-02-17 19:45:00,Kwadwo Asamoah,Chipped
147301,32,SavedShot,0.7969999694824219,0.36400001525878906,0.054544299840927124,Paulo Dybala,h,1294,OpenPlay,2016,LeftFoot,3582,Juventus,Palermo,4,1,2017-02-17 19:45:00,Dani Alves,TakeOn
147302,39,Goal,0.749000015258789,0.3,0.04315900057554245,Paulo Dybala,h,1294,DirectFreekick,2016,LeftFoot,3582,Juventus,Palermo,4,1,2017-02-17 19:45:00,,Standard
147304,50,BlockedShot,0.8059999847412109,0.3240000152587891,0.04763359948992729,Paulo Dybala,h,1294,OpenPlay,2016,LeftFoot,3582,Juventus,Palermo,4,1,2017-02-17 19:45:00,,TakeOn
147311,88,Goal,0.84,0.52,0.11418099701404572,Paulo Dybala,h,1294,OpenPlay,2016,LeftFoot,3582,Juventus,Palermo,4,1,2017-02-17 19:45:00,Gonzalo Higuaín,Pass
147588,74,BlockedShot,0.8880000305175781,0.4329999923706055,0.107294000685215,Paulo Dybala,h,1294,OpenPlay,2016,LeftFoot,3595,Juventus,Empoli,2,0,2017-02-25 19:45:00,,None
147594,87,MissedShots,0.7930000305175782,0.295,0.022031700238585472,Paulo Dybala,h,1294,OpenPlay,2016,LeftFoot,3595,Juventus,Empoli,2,0,2017-02-25 19:45:00,Dani Alves,Pass
148357,10,MissedShots,0.81,0.5870000076293945,0.027045000344514847,Paulo Dybala,a,1294,OpenPlay,2016,LeftFoot,3606,Udinese,Juventus,1,1,2017-03-05 14:00:00,Mario Mandzukic,HeadPass
148904,9,SavedShot,0.8080000305175781,0.2610000038146973,0.015154999680817127,Paulo Dybala,h,1294,OpenPlay,2016,LeftFoot,3617,Juventus,AC Milan,2,1,2017-03-10 19:45:00,Dani Alves,Chipped
148907,17,BlockedShot,0.9619999694824218,0.6659999847412109,0.08023930341005325,Paulo Dybala,h,1294,OpenPlay,2016,LeftFoot,3617,Juventus,AC Milan,2,1,2017-03-10 19:45:00,Marko Pjaca,Pass
148910,23,SavedShot,0.885,0.34200000762939453,0.0741972029209137,Paulo Dybala,h,1294,OpenPlay,2016,LeftFoot,3617,Juventus,AC Milan,2,1,2017-03-10 19:45:00,Gonzalo Higuaín,Pass
148929,96,Goal,0.885,0.5,0.7612990140914917,Paulo Dybala,h,1294,Penalty,2016,LeftFoot,3617,Juventus,AC Milan,2,1,2017-03-10 19:45:00,,Standard
150401,18,SavedShot,0.7680000305175781,0.47400001525878904,0.02964480035007,Paulo Dybala,h,1294,OpenPlay,2016,LeftFoot,3642,Juventus,Chievo,2,0,2017-04-08 19:45:00,Stefano Sturaro,BallRecovery
150402,21,SavedShot,0.765,0.605999984741211,0.025820499286055565,Paulo Dybala,h,1294,OpenPlay,2016,LeftFoot,3642,Juventus,Chievo,2,0,2017-04-08 19:45:00,Sami Khedira,Pass
150409,44,BlockedShot,0.7730000305175782,0.42200000762939455,0.014906000345945358,Paulo Dybala,h,1294,FromCorner,2016,LeftFoot,3642,Juventus,Chievo,2,0,2017-04-08 19:45:00,,Aerial
150413,53,BlockedShot,0.8619999694824219,0.38799999237060545,0.08838590234518051,Paulo Dybala,h,1294,OpenPlay,2016,LeftFoot,3642,Juventus,Chievo,2,0,2017-04-08 19:45:00,Stephan Lichtsteiner,Pass
150414,55,BlockedShot,0.7809999847412109,0.605999984741211,0.0815557986497879,Paulo Dybala,h,1294,DirectFreekick,2016,LeftFoot,3642,Juventus,Chievo,2,0,2017-04-08 19:45:00,,Standard
150419,73,MissedShots,0.865,0.629000015258789,0.08909600228071213,Paulo Dybala,h,1294,OpenPlay,2016,LeftFoot,3642,Juventus,Chievo,2,0,2017-04-08 19:45:00,Sami Khedira,Pass
151092,44,SavedShot,0.7769999694824219,0.40700000762939453,0.03821590170264244,Paulo Dybala,a,1294,OpenPlay,2016,LeftFoot,3657,Pescara,Juventus,0,2,2017-04-15 14:00:00,Juan Cuadrado,Pass
151592,14,MissedShots,0.7559999847412109,0.375,0.021714000031352043,Paulo Dybala,h,1294,OpenPlay,2016,LeftFoot,3666,Juventus,Genoa,4,0,2017-04-23 19:45:00,Gonzalo Higuaín,Pass
151595,17,Goal,0.8480000305175781,0.44299999237060544,0.09905750304460526,Paulo Dybala,h,1294,OpenPlay,2016,LeftFoot,3666,Juventus,Genoa,4,0,2017-04-23 19:45:00,Sami Khedira,LayOff
151602,43,MissedShots,0.8059999847412109,0.29399999618530276,0.023387299850583076,Paulo Dybala,h,1294,OpenPlay,2016,LeftFoot,3666,Juventus,Genoa,4,0,2017-04-23 19:45:00,Stephan Lichtsteiner,Pass
151616,82,MissedShots,0.769000015258789,0.4620000076293945,0.06007850170135498,Paulo Dybala,h,1294,OpenPlay,2016,LeftFoot,3666,Juventus,Genoa,4,0,2017-04-23 19:45:00,Tomás Rincón,TakeOn
152064,43,MissedShots,0.7730000305175782,0.4329999923706055,0.029782399535179138,Paulo Dybala,a,1294,OpenPlay,2016,LeftFoot,3674,Atalanta,Juventus,2,2,2017-04-28 19:45:00,Dani Alves,Pass
152068,50,SavedShot,0.9230000305175782,0.66,0.0876787006855011,Paulo Dybala,a,1294,OpenPlay,2016,LeftFoot,3674,Atalanta,Juventus,2,2,2017-04-28 19:45:00,Mario Mandzukic,Pass
152752,13,BlockedShot,0.7880000305175782,0.365,0.07988079637289047,Paulo Dybala,h,1294,DirectFreekick,2016,LeftFoot,3691,Juventus,Torino,1,1,2017-05-06 19:45:00,,Standard
152763,42,SavedShot,0.92,0.54,0.4972969889640808,Paulo Dybala,h,1294,OpenPlay,2016,LeftFoot,3691,Juventus,Torino,1,1,2017-05-06 19:45:00,Mario Mandzukic,Pass
153128,73,MissedShots,0.8619999694824219,0.47200000762939454,0.020196299999952316,Paulo Dybala,a,1294,OpenPlay,2016,Head,3695,Roma,Juventus,3,1,2017-05-14 19:45:00,Mario Mandzukic,Cross
153129,76,BlockedShot,0.7580000305175781,0.34200000762939453,0.05390619859099388,Paulo Dybala,a,1294,DirectFreekick,2016,LeftFoot,3695,Roma,Juventus,3,1,2017-05-14 19:45:00,,Standard
153647,20,BlockedShot,0.8109999847412109,0.49900001525878906,0.07476940006017685,Paulo Dybala,h,1294,OpenPlay,2016,LeftFoot,3705,Juventus,Crotone,3,0,2017-05-21 14:00:00,Juan Cuadrado,Pass
153652,38,Goal,0.7530000305175781,0.32099998474121094,0.047976698726415634,Paulo Dybala,h,1294,DirectFreekick,2016,LeftFoot,3705,Juventus,Crotone,3,0,2017-05-21 14:00:00,,Standard
153661,52,MissedShots,0.7390000152587891,0.5320000076293945,0.025763200595974922,Paulo Dybala,h,1294,OpenPlay,2016,LeftFoot,3705,Juventus,Crotone,3,0,2017-05-21 14:00:00,Gonzalo Higuaín,Pass
153663,64,BlockedShot,0.8690000152587891,0.5779999923706055,0.12437999993562698,Paulo Dybala,h,1294,OpenPlay,2016,LeftFoot,3705,Juventus,Crotone,3,0,2017-05-21 14:00:00,Alex Sandro,Pass
154158,26,BlockedShot,0.8469999694824218,0.37900001525878907,0.0675790011882782,Paulo Dybala,a,1294,OpenPlay,2016,LeftFoot,3715,Bologna,Juventus,1,2,2017-05-27 17:00:00,Gonzalo Higuaín,Pass
154167,54,MissedShots,0.915,0.39,0.3654879927635193,Paulo Dybala,a,1294,OpenPlay,2016,LeftFoot,3715,Bologna,Juventus,1,2,2017-05-27 17:00:00,Gonzalo Higuaín,Pass
154171,68,SavedShot,0.845,0.34299999237060547,0.04150019958615303,Paulo Dybala,a,1294,OpenPlay,2016,LeftFoot,3715,Bologna,Juventus,1,2,2017-05-27 17:00:00,Miralem Pjanic,Pass
154172,68,BlockedShot,0.7430000305175781,0.3890000152587891,0.015063200145959854,Paulo Dybala,a,1294,FromCorner,2016,LeftFoot,3715,Bologna,Juventus,1,2,2017-05-27 17:00:00,,None
154174,69,Goal,0.9819999694824219,0.4620000076293945,0.908407986164093,Paulo Dybala,a,1294,OpenPlay,2016,LeftFoot,3715,Bologna,Juventus,1,2,2017-05-27 17:00:00,,Rebound
172687,24,MissedShots,0.7780000305175782,0.48200000762939454,0.046692200005054474,Paulo Dybala,h,1294,OpenPlay,2017,LeftFoot,7499,Juventus,Cagliari,3,0,2017-08-19 17:00:00,,None
172692,42,SavedShot,0.799000015258789,0.30100000381469727,0.06729009747505188,Paulo Dybala,h,1294,DirectFreekick,2017,LeftFoot,7499,Juventus,Cagliari,3,0,2017-08-19 17:00:00,,Standard
172694,45,Goal,0.8630000305175781,0.43900001525878907,0.33756399154663086,Paulo Dybala,h,1294,OpenPlay,2017,LeftFoot,7499,Juventus,Cagliari,3,0,2017-08-19 17:00:00,Miralem Pjanic,Throughball
172695,46,ShotOnPost,0.8230000305175781,0.30700000762939456,0.03607409819960594,Paulo Dybala,h,1294,OpenPlay,2017,LeftFoot,7499,Juventus,Cagliari,3,0,2017-08-19 17:00:00,Juan Cuadrado,Pass
172703,86,BlockedShot,0.789000015258789,0.4490000152587891,0.052685000002384186,Paulo Dybala,h,1294,OpenPlay,2017,LeftFoot,7499,Juventus,Cagliari,3,0,2017-08-19 17:00:00,Douglas Costa,Pass
172704,86,SavedShot,0.825999984741211,0.6669999694824219,0.0331932008266449,Paulo Dybala,h,1294,FromCorner,2017,LeftFoot,7499,Juventus,Cagliari,3,0,2017-08-19 17:00:00,Blaise Matuidi,Pass
172706,93,MissedShots,0.8469999694824218,0.4129999923706055,0.10039400309324265,Paulo Dybala,h,1294,OpenPlay,2017,LeftFoot,7499,Juventus,Cagliari,3,0,2017-08-19 17:00:00,Stephan Lichtsteiner,Pass
172943,13,Goal,0.9,0.5320000076293945,0.3755219876766205,Paulo Dybala,a,1294,OpenPlay,2017,RightFoot,7509,Genoa,Juventus,2,4,2017-08-26 17:00:00,Miralem Pjanic,Pass
172945,20,SavedShot,0.7440000152587891,0.5109999847412109,0.019788900390267372,Paulo Dybala,a,1294,OpenPlay,2017,LeftFoot,7509,Genoa,Juventus,2,4,2017-08-26 17:00:00,,None
172950,41,SavedShot,0.8780000305175781,0.44099998474121094,0.07759519666433334,Paulo Dybala,a,1294,OpenPlay,2017,LeftFoot,7509,Genoa,Juventus,2,4,2017-08-26 17:00:00,Gonzalo Higuaín,Chipped
172955,48,Goal,0.885,0.5,0.7612990140914917,Paulo Dybala,a,1294,Penalty,2017,LeftFoot,7509,Genoa,Juventus,2,4,2017-08-26 17:00:00,,Standard
172964,91,Goal,0.865,0.27899999618530275,0.046703699976205826,Paulo Dybala,a,1294,OpenPlay,2017,LeftFoot,7509,Genoa,Juventus,2,4,2017-08-26 17:00:00,Gonzalo Higuaín,Pass
173289,66,BlockedShot,0.865,0.44099998474121094,0.09183569997549057,Paulo Dybala,h,1294,OpenPlay,2017,LeftFoot,7525,Juventus,Chievo,3,0,2017-09-09 17:00:00,Miralem Pjanic,TakeOn
173290,70,MissedShots,0.845999984741211,0.6940000152587891,0.02997490018606186,Paulo Dybala,h,1294,OpenPlay,2017,LeftFoot,7525,Juventus,Chievo,3,0,2017-09-09 17:00:00,Kwadwo Asamoah,TakeOn
173291,71,BlockedShot,0.9430000305175781,0.35400001525878905,0.11788900196552277,Paulo Dybala,h,1294,OpenPlay,2017,LeftFoot,7525,Juventus,Chievo,3,0,2017-09-09 17:00:00,Stefano Sturaro,Pass
173292,72,MissedShots,0.78,0.555,0.010344600304961205,Paulo Dybala,h,1294,FromCorner,2017,LeftFoot,7525,Juventus,Chievo,3,0,2017-09-09 17:00:00,Miralem Pjanic,Chipped
173296,82,Goal,0.87,0.4279999923706055,0.1457660049200058,Paulo Dybala,h,1294,OpenPlay,2017,LeftFoot,7525,Juventus,Chievo,3,0,2017-09-09 17:00:00,Federico Bernardeschi,TakeOn
173543,15,Goal,0.759000015258789,0.5690000152587891,0.023350000381469727,Paulo Dybala,a,1294,OpenPlay,2017,LeftFoot,7536,Sassuolo,Juventus,1,3,2017-09-17 11:30:00,Mario Mandzukic,Pass
173549,48,Goal,0.8580000305175781,0.4209999847412109,0.10401099920272827,Paulo Dybala,a,1294,OpenPlay,2017,LeftFoot,7536,Sassuolo,Juventus,1,3,2017-09-17 11:30:00,Juan Cuadrado,Pass
173556,62,Goal,0.7909999847412109,0.41,0.09729799628257751,Paulo Dybala,a,1294,DirectFreekick,2017,LeftFoot,7536,Sassuolo,Juventus,1,3,2017-09-17 11:30:00,,Standard
173560,78,BlockedShot,0.865,0.615999984741211,0.10508999973535538,Paulo Dybala,a,1294,OpenPlay,2017,LeftFoot,7536,Sassuolo,Juventus,1,3,2017-09-17 11:30:00,Alex Sandro,Chipped
173786,8,MissedShots,0.7919999694824219,0.5940000152587891,0.09732609987258911,Paulo Dybala,h,1294,DirectFreekick,2017,LeftFoot,7545,Juventus,Fiorentina,1,0,2017-09-20 19:45:00,,Standard
173787,22,BlockedShot,0.764000015258789,0.515,0.026311499997973442,Paulo Dybala,h,1294,OpenPlay,2017,LeftFoot,7545,Juventus,Fiorentina,1,0,2017-09-20 19:45:00,Mario Mandzukic,Pass
173797,66,BlockedShot,0.8640000152587891,0.5570000076293945,0.0915519967675209,Paulo Dybala,h,1294,SetPiece,2017,LeftFoot,7545,Juventus,Fiorentina,1,0,2017-09-20 19:45:00,Juan Cuadrado,Pass
174022,15,Goal,0.8130000305175781,0.5320000076293945,0.05020210146903992,Paulo Dybala,h,1294,OpenPlay,2017,LeftFoot,7554,Juventus,Torino,4,0,2017-09-23 19:45:00,Miralem Pjanic,None
174024,31,BlockedShot,0.8819999694824219,0.49900001525878906,0.12018200010061264,Paulo Dybala,h,1294,OpenPlay,2017,LeftFoot,7554,Juventus,Torino,4,0,2017-09-23 19:45:00,,Dispossessed
174025,32,MissedShots,0.8219999694824218,0.62,0.05152110010385513,Paulo Dybala,h,1294,OpenPlay,2017,LeftFoot,7554,Juventus,Torino,4,0,2017-09-23 19:45:00,Douglas Costa,Pass
174035,67,MissedShots,0.7869999694824219,0.23100000381469726,0.0441369004547596,Paulo Dybala,h,1294,DirectFreekick,2017,LeftFoot,7554,Juventus,Torino,4,0,2017-09-23 19:45:00,,Standard
174037,68,BlockedShot,0.865999984741211,0.45099998474121095,0.07494589686393738,Paulo Dybala,h,1294,FromCorner,2017,LeftFoot,7554,Juventus,Torino,4,0,2017-09-23 19:45:00,,Rebound
174039,74,MissedShots,0.764000015258789,0.5570000076293945,0.032357800751924515,Paulo Dybala,h,1294,OpenPlay,2017,LeftFoot,7554,Juventus,Torino,4,0,2017-09-23 19:45:00,Federico Bernardeschi,GoodSkill
174042,86,MissedShots,0.7930000305175782,0.3970000076293945,0.04479210078716278,Paulo Dybala,h,1294,OpenPlay,2017,LeftFoot,7554,Juventus,Torino,4,0,2017-09-23 19:45:00,Douglas Costa,BallTouch
174043,87,MissedShots,0.7980000305175782,0.590999984741211,0.05774319916963577,Paulo Dybala,h,1294,OpenPlay,2017,LeftFoot,7554,Juventus,Torino,4,0,2017-09-23 19:45:00,Gonzalo Higuaín,LayOff
174045,88,MissedShots,0.899000015258789,0.495,0.13359199464321136,Paulo Dybala,h,1294,OpenPlay,2017,LeftFoot,7554,Juventus,Torino,4,0,2017-09-23 19:45:00,Miralem Pjanic,Chipped
174046,90,Goal,0.909000015258789,0.45599998474121095,0.5005990266799927,Paulo Dybala,h,1294,OpenPlay,2017,LeftFoot,7554,Juventus,Torino,4,0,2017-09-23 19:45:00,Gonzalo Higuaín,Pass
174144,12,MissedShots,0.740999984741211,0.500999984741211,0.01870659925043583,Paulo Dybala,a,1294,OpenPlay,2017,LeftFoot,7559,Atalanta,Juventus,2,2,2017-10-01 19:45:00,,None
174154,36,MissedShots,0.7090000152587891,0.53,0.018971899524331093,Paulo Dybala,a,1294,OpenPlay,2017,LeftFoot,7559,Atalanta,Juventus,2,2,2017-10-01 19:45:00,Federico Bernardeschi,Pass
174161,72,BlockedShot,0.7190000152587891,0.4759999847412109,0.012878700159490108,Paulo Dybala,a,1294,OpenPlay,2017,LeftFoot,7559,Atalanta,Juventus,2,2,2017-10-01 19:45:00,Rodrigo Bentancur,TakeOn
174162,80,BlockedShot,0.8090000152587891,0.509000015258789,0.14901100099086761,Paulo Dybala,a,1294,DirectFreekick,2017,LeftFoot,7559,Atalanta,Juventus,2,2,2017-10-01 19:45:00,,Standard
174163,83,SavedShot,0.885,0.5,0.7612990140914917,Paulo Dybala,a,1294,Penalty,2017,LeftFoot,7559,Atalanta,Juventus,2,2,2017-10-01 19:45:00,,Standard
174164,83,BlockedShot,0.8580000305175781,0.3139999961853027,0.052596598863601685,Paulo Dybala,a,1294,OpenPlay,2017,LeftFoot,7559,Atalanta,Juventus,2,2,2017-10-01 19:45:00,Andrea Barzagli,TakeOn
174621,69,BlockedShot,0.7380000305175781,0.5590000152587891,0.020135000348091125,Paulo Dybala,h,1294,OpenPlay,2017,LeftFoot,7575,Juventus,Lazio,1,2,2017-10-14 17:00:00,Rodrigo Bentancur,TakeOn
174623,90,ShotOnPost,0.794000015258789,0.5870000076293945,0.039369698613882065,Paulo Dybala,h,1294,OpenPlay,2017,LeftFoot,7575,Juventus,Lazio,1,2,2017-10-14 17:00:00,Blaise Matuidi,Pass
174626,96,SavedShot,0.885,0.5,0.7612990140914917,Paulo Dybala,h,1294,Penalty,2017,LeftFoot,7575,Juventus,Lazio,1,2,2017-10-14 17:00:00,,Standard
174936,12,BlockedShot,0.845,0.6869999694824219,0.037675898522138596,Paulo Dybala,a,1294,OpenPlay,2017,LeftFoot,7588,Udinese,Juventus,2,6,2017-10-22 17:00:00,Alex Sandro,Pass
174938,16,BlockedShot,0.740999984741211,0.29200000762939454,0.01791349984705448,Paulo Dybala,a,1294,OpenPlay,2017,LeftFoot,7588,Udinese,Juventus,2,6,2017-10-22 17:00:00,Sami Khedira,Pass
175156,21,Goal,0.7780000305175782,0.34900001525878904,0.06749819964170456,Paulo Dybala,h,1294,DirectFreekick,2017,LeftFoot,7596,Juventus,SPAL 2013,4,1,2017-10-25 19:45:00,,Standard
175169,87,SavedShot,0.8569999694824219,0.6370000076293946,0.09240420162677765,Paulo Dybala,h,1294,OpenPlay,2017,LeftFoot,7596,Juventus,SPAL 2013,4,1,2017-10-25 19:45:00,Douglas Costa,Pass
175170,90,SavedShot,0.905,0.38799999237060545,0.12975400686264038,Paulo Dybala,h,1294,OpenPlay,2017,RightFoot,7596,Juventus,SPAL 2013,4,1,2017-10-25 19:45:00,Miralem Pjanic,Pass
175304,17,SavedShot,0.7569999694824219,0.3970000076293945,0.019960900768637657,Paulo Dybala,a,1294,OpenPlay,2017,LeftFoot,7602,AC Milan,Juventus,0,2,2017-10-28 17:00:00,Juan Cuadrado,Pass
175314,56,MissedShots,0.7580000305175781,0.3129999923706055,0.024192500859498978,Paulo Dybala,a,1294,OpenPlay,2017,LeftFoot,7602,AC Milan,Juventus,0,2,2017-10-28 17:00:00,Juan Cuadrado,TakeOn
175315,58,MissedShots,0.8159999847412109,0.5,0.07118640094995499,Paulo Dybala,a,1294,OpenPlay,2017,LeftFoot,7602,AC Milan,Juventus,0,2,2017-10-28 17:00:00,Gonzalo Higuaín,Pass
175318,76,SavedShot,0.7959999847412109,0.6120000076293945,0.0287896990776062,Paulo Dybala,a,1294,FromCorner,2017,LeftFoot,7602,AC Milan,Juventus,0,2,2017-10-28 17:00:00,Miralem Pjanic,Cross
175662,2,BlockedShot,0.7680000305175781,0.42200000762939455,0.027921799570322037,Paulo Dybala,h,1294,OpenPlay,2017,LeftFoot,7616,Juventus,Benevento,2,1,2017-11-05 14:00:00,Gonzalo Higuaín,LayOff
175672,33,SavedShot,0.8640000152587891,0.46,0.11284500360488892,Paulo Dybala,h,1294,OpenPlay,2017,RightFoot,7616,Juventus,Benevento,2,1,2017-11-05 14:00:00,,TakeOn
175675,40,MissedShots,0.9130000305175782,0.515,0.10525599867105484,Paulo Dybala,h,1294,OpenPlay,2017,LeftFoot,7616,Juventus,Benevento,2,1,2017-11-05 14:00:00,Gonzalo Higuaín,HeadPass
175677,43,BlockedShot,0.759000015258789,0.31799999237060544,0.05017149820923805,Paulo Dybala,h,1294,DirectFreekick,2017,LeftFoot,7616,Juventus,Benevento,2,1,2017-11-05 14:00:00,,Standard
175678,44,SavedShot,0.755,0.34900001525878904,0.05351579934358597,Paulo Dybala,h,1294,DirectFreekick,2017,LeftFoot,7616,Juventus,Benevento,2,1,2017-11-05 14:00:00,,Standard
175879,62,BlockedShot,0.9069999694824219,0.649000015258789,0.06624709814786911,Paulo Dybala,a,1294,OpenPlay,2017,LeftFoot,7625,Sampdoria,Juventus,3,2,2017-11-19 14:00:00,Mario Mandzukic,Pass
175882,75,MissedShots,0.710999984741211,0.4909999847412109,0.042485401034355164,Paulo Dybala,a,1294,DirectFreekick,2017,LeftFoot,7625,Sampdoria,Juventus,3,2,2017-11-19 14:00:00,,Standard
175884,81,BlockedShot,0.7440000152587891,0.5029999923706054,0.02214130014181137,Paulo Dybala,a,1294,OpenPlay,2017,LeftFoot,7625,Sampdoria,Juventus,3,2,2017-11-19 14:00:00,Sami Khedira,Pass
175890,93,Goal,0.8159999847412109,0.355,0.03349560126662254,Paulo Dybala,a,1294,OpenPlay,2017,LeftFoot,7625,Sampdoria,Juventus,3,2,2017-11-19 14:00:00,Douglas Costa,Pass
176110,32,SavedShot,0.779000015258789,0.5979999923706054,0.025324199348688126,Paulo Dybala,h,1294,OpenPlay,2017,LeftFoot,7634,Juventus,Crotone,3,0,2017-11-26 19:45:00,Medhi Benatia,Dispossessed
176115,37,MissedShots,0.7290000152587891,0.425,0.019894300028681755,Paulo Dybala,h,1294,FromCorner,2017,LeftFoot,7634,Juventus,Crotone,3,0,2017-11-26 19:45:00,Douglas Costa,Cross
176118,51,BlockedShot,0.895,0.6480000305175782,0.04239320009946823,Paulo Dybala,h,1294,OpenPlay,2017,LeftFoot,7634,Juventus,Crotone,3,0,2017-11-26 19:45:00,Douglas Costa,Cross
176124,67,MissedShots,0.745999984741211,0.585,0.05746600031852722,Paulo Dybala,h,1294,DirectFreekick,2017,LeftFoot,7634,Juventus,Crotone,3,0,2017-11-26 19:45:00,,Standard
176130,81,SavedShot,0.845999984741211,0.5590000152587891,0.09142670035362244,Paulo Dybala,h,1294,OpenPlay,2017,LeftFoot,7634,Juventus,Crotone,3,0,2017-11-26 19:45:00,Mario Mandzukic,Pass
176428,38,MissedShots,0.754000015258789,0.5920000076293945,0.029096299782395363,Paulo Dybala,a,1294,OpenPlay,2017,LeftFoot,7645,Napoli,Juventus,0,1,2017-12-01 19:45:00,,BallRecovery
180137,87,BlockedShot,0.86,0.54,0.019494500011205673,Paulo Dybala,h,1294,OpenPlay,2017,Head,7652,Juventus,Inter,0,0,2017-12-09 19:45:00,Kwadwo Asamoah,Cross
184771,78,SavedShot,0.8719999694824219,0.6659999847412109,0.1525059938430786,Paulo Dybala,a,1294,OpenPlay,2017,LeftFoot,7661,Bologna,Juventus,0,3,2017-12-17 14:00:00,Gonzalo Higuaín,Throughball
186164,26,BlockedShot,0.764000015258789,0.46,0.03480279818177223,Paulo Dybala,a,1294,OpenPlay,2017,LeftFoot,7684,Verona,Juventus,1,3,2017-12-30 19:45:00,Rodrigo Bentancur,Pass
186173,71,Goal,0.9059999847412109,0.4329999923706055,0.12969399988651276,Paulo Dybala,a,1294,OpenPlay,2017,RightFoot,7684,Verona,Juventus,1,3,2017-12-30 19:45:00,Stephan Lichtsteiner,Pass
186174,76,Goal,0.8690000152587891,0.44299999237060544,0.12901300191879272,Paulo Dybala,a,1294,OpenPlay,2017,RightFoot,7684,Verona,Juventus,1,3,2017-12-30 19:45:00,Giorgio Chiellini,TakeOn
186175,79,SavedShot,0.6919999694824219,0.51,0.035509899258613586,Paulo Dybala,a,1294,DirectFreekick,2017,LeftFoot,7684,Verona,Juventus,1,3,2017-12-30 19:45:00,,Standard
186176,82,MissedShots,0.8159999847412109,0.695,0.06427229940891266,Paulo Dybala,a,1294,OpenPlay,2017,LeftFoot,7684,Verona,Juventus,1,3,2017-12-30 19:45:00,Sami Khedira,Chipped
186941,8,ShotOnPost,0.765,0.4179999923706055,0.07175920158624649,Paulo Dybala,a,1294,DirectFreekick,2017,LeftFoot,7694,Cagliari,Juventus,0,1,2018-01-06 19:45:00,,Standard
196645,66,MissedShots,0.9059999847412109,0.38799999237060545,0.3543339967727661,Paulo Dybala,a,1294,OpenPlay,2017,RightFoot,7746,Torino,Juventus,0,1,2018-02-18 11:30:00,Federico Bernardeschi,Throughball
196647,68,MissedShots,0.9119999694824219,0.5659999847412109,0.4442540109157562,Paulo Dybala,a,1294,OpenPlay,2017,LeftFoot,7746,Torino,Juventus,0,1,2018-02-18 11:30:00,Alex Sandro,Pass
196648,69,SavedShot,0.8080000305175781,0.46299999237060546,0.0650482028722763,Paulo Dybala,a,1294,OpenPlay,2017,LeftFoot,7746,Torino,Juventus,0,1,2018-02-18 11:30:00,Stefano Sturaro,BallTouch
199020,64,MissedShots,0.735999984741211,0.524000015258789,0.020287899300456047,Paulo Dybala,a,1294,SetPiece,2017,LeftFoot,7765,Lazio,Juventus,0,1,2018-03-03 17:00:00,Miralem Pjanic,Pass
199021,65,BlockedShot,0.8009999847412109,0.6990000152587891,0.021054700016975403,Paulo Dybala,a,1294,OpenPlay,2017,LeftFoot,7765,Lazio,Juventus,0,1,2018-03-03 17:00:00,,None
199023,92,Goal,0.9130000305175782,0.580999984741211,0.4492410123348236,Paulo Dybala,a,1294,OpenPlay,2017,LeftFoot,7765,Lazio,Juventus,0,1,2018-03-03 17:00:00,Daniele Rugani,TakeOn
200685,1,BlockedShot,0.88,0.629000015258789,0.08824250102043152,Paulo Dybala,h,1294,OpenPlay,2017,LeftFoot,7778,Juventus,Udinese,2,0,2018-03-11 14:00:00,Kwadwo Asamoah,Pass
200688,19,Goal,0.7930000305175782,0.32799999237060545,0.07209309935569763,Paulo Dybala,h,1294,DirectFreekick,2017,LeftFoot,7778,Juventus,Udinese,2,0,2018-03-11 14:00:00,,Standard
200694,48,Goal,0.8819999694824219,0.4620000076293945,0.40564098954200745,Paulo Dybala,h,1294,OpenPlay,2017,RightFoot,7778,Juventus,Udinese,2,0,2018-03-11 14:00:00,Gonzalo Higuaín,Pass
200696,77,SavedShot,0.904000015258789,0.6580000305175782,0.1185859963297844,Paulo Dybala,h,1294,OpenPlay,2017,LeftFoot,7778,Juventus,Udinese,2,0,2018-03-11 14:00:00,Douglas Costa,Pass
200699,85,MissedShots,0.935,0.635,0.11903300136327744,Paulo Dybala,h,1294,OpenPlay,2017,LeftFoot,7778,Juventus,Udinese,2,0,2018-03-11 14:00:00,Mario Mandzukic,Pass
201101,47,SavedShot,0.789000015258789,0.32,0.1173819974064827,Paulo Dybala,h,1294,OpenPlay,2017,LeftFoot,7756,Juventus,Atalanta,2,0,2018-03-14 17:00:00,Douglas Costa,TakeOn
201107,66,BlockedShot,0.924000015258789,0.6079999923706054,0.15102900564670563,Paulo Dybala,h,1294,OpenPlay,2017,LeftFoot,7756,Juventus,Atalanta,2,0,2018-03-14 17:00:00,Kwadwo Asamoah,TakeOn
201111,88,BlockedShot,0.8159999847412109,0.5459999847412109,0.07863820344209671,Paulo Dybala,h,1294,OpenPlay,2017,RightFoot,7756,Juventus,Atalanta,2,0,2018-03-14 17:00:00,Alex Sandro,Pass
201803,16,MissedShots,0.7909999847412109,0.25799999237060545,0.015873199328780174,Paulo Dybala,a,1294,OpenPlay,2017,LeftFoot,7786,SPAL 2013,Juventus,0,0,2018-03-17 19:45:00,Mattia De Sciglio,Pass
201807,44,MissedShots,0.7580000305175781,0.35400001525878905,0.05599969998002052,Paulo Dybala,a,1294,DirectFreekick,2017,LeftFoot,7786,SPAL 2013,Juventus,0,0,2018-03-17 19:45:00,,Standard
201809,54,MissedShots,0.8230000305175781,0.5609999847412109,0.06597240269184113,Paulo Dybala,a,1294,OpenPlay,2017,LeftFoot,7786,SPAL 2013,Juventus,0,0,2018-03-17 19:45:00,Giorgio Chiellini,Pass
201813,92,BlockedShot,0.8069999694824219,0.6840000152587891,0.01950710080564022,Paulo Dybala,a,1294,FromCorner,2017,LeftFoot,7786,SPAL 2013,Juventus,0,0,2018-03-17 19:45:00,,None
204989,7,Goal,0.7419999694824219,0.505,0.02386320009827614,Paulo Dybala,h,1294,OpenPlay,2017,LeftFoot,7792,Juventus,AC Milan,3,1,2018-03-31 19:45:00,Miralem Pjanic,Pass
208021,15,Goal,0.8530000305175781,0.3170000076293945,0.03724149987101555,Paulo Dybala,a,1294,OpenPlay,2017,LeftFoot,7806,Benevento,Juventus,2,4,2018-04-07 13:00:00,Juan Cuadrado,Pass
208027,30,SavedShot,0.7169999694824218,0.44599998474121094,0.04405739903450012,Paulo Dybala,a,1294,DirectFreekick,2017,LeftFoot,7806,Benevento,Juventus,2,4,2018-04-07 13:00:00,,Standard
208030,47,Goal,0.885,0.5,0.7612180113792419,Paulo Dybala,a,1294,Penalty,2017,LeftFoot,7806,Benevento,Juventus,2,4,2018-04-07 13:00:00,,Standard
208040,73,Goal,0.885,0.5,0.7612990140914917,Paulo Dybala,a,1294,Penalty,2017,LeftFoot,7806,Benevento,Juventus,2,4,2018-04-07 13:00:00,,Standard
209285,6,MissedShots,0.8080000305175781,0.47900001525878905,0.04849740117788315,Paulo Dybala,h,1294,OpenPlay,2017,LeftFoot,7815,Juventus,Sampdoria,3,0,2018-04-15 16:00:00,,None
209287,13,BlockedShot,0.8419999694824218,0.38,0.05404530093073845,Paulo Dybala,h,1294,OpenPlay,2017,LeftFoot,7815,Juventus,Sampdoria,3,0,2018-04-15 16:00:00,Juan Cuadrado,Pass
209290,24,BlockedShot,0.8109999847412109,0.4909999847412109,0.057480599731206894,Paulo Dybala,h,1294,OpenPlay,2017,LeftFoot,7815,Juventus,Sampdoria,3,0,2018-04-15 16:00:00,Juan Cuadrado,Pass
209298,49,BlockedShot,0.8109999847412109,0.4520000076293945,0.0608678013086319,Paulo Dybala,h,1294,OpenPlay,2017,LeftFoot,7815,Juventus,Sampdoria,3,0,2018-04-15 16:00:00,Juan Cuadrado,Pass
212112,74,SavedShot,0.7919999694824219,0.3029999923706055,0.06380730122327805,Paulo Dybala,a,1294,DirectFreekick,2017,LeftFoot,7842,Inter,Juventus,2,3,2018-04-28 18:45:00,,Standard
212113,82,BlockedShot,0.865999984741211,0.585,0.06127940118312836,Paulo Dybala,a,1294,OpenPlay,2017,LeftFoot,7842,Inter,Juventus,2,3,2018-04-28 18:45:00,,None
213516,24,BlockedShot,0.8219999694824218,0.5029999923706054,0.06230949983000755,Paulo Dybala,h,1294,OpenPlay,2017,LeftFoot,7851,Juventus,Bologna,3,1,2018-05-05 19:45:00,,BallRecovery
213529,68,Goal,0.9290000152587891,0.5970000076293945,0.3975360095500946,Paulo Dybala,h,1294,OpenPlay,2017,LeftFoot,7851,Juventus,Bologna,3,1,2018-05-05 19:45:00,Douglas Costa,Pass
215884,33,MissedShots,0.7930000305175782,0.669000015258789,0.026132699102163315,Paulo Dybala,a,1294,OpenPlay,2017,LeftFoot,7862,Roma,Juventus,0,0,2018-05-13 19:45:00,Alex Sandro,Pass
215891,69,BlockedShot,0.7480000305175781,0.4229999923706055,0.059605300426483154,Paulo Dybala,a,1294,DirectFreekick,2017,LeftFoot,7862,Roma,Juventus,0,0,2018-05-13 19:45:00,,Standard
215950,1,MissedShots,0.759000015258789,0.4420000076293945,0.008505299687385559,Paulo Dybala,h,1294,FromCorner,2017,LeftFoot,7874,Juventus,Verona,2,1,2018-05-19 00:00:00,Miralem Pjanic,Chipped
215956,24,SavedShot,0.774000015258789,0.3220000076293945,0.018506599590182304,Paulo Dybala,h,1294,OpenPlay,2017,LeftFoot,7874,Juventus,Verona,2,1,2018-05-19 00:00:00,Stefano Sturaro,Pass
215957,25,MissedShots,0.7680000305175781,0.5179999923706055,0.04377090185880661,Paulo Dybala,h,1294,OpenPlay,2017,LeftFoot,7874,Juventus,Verona,2,1,2018-05-19 00:00:00,Mario Mandzukic,LayOff
215963,39,ShotOnPost,0.8819999694824219,0.6079999923706054,0.08075760304927826,Paulo Dybala,h,1294,OpenPlay,2017,LeftFoot,7874,Juventus,Verona,2,1,2018-05-19 00:00:00,Miralem Pjanic,Pass
215965,48,MissedShots,0.7980000305175782,0.674000015258789,0.01460839994251728,Paulo Dybala,h,1294,FromCorner,2017,LeftFoot,7874,Juventus,Verona,2,1,2018-05-19 00:00:00,,Aerial
215969,55,SavedShot,0.765,0.5429999923706055,0.07669070363044739,Paulo Dybala,h,1294,DirectFreekick,2017,LeftFoot,7874,Juventus,Verona,2,1,2018-05-19 00:00:00,,Standard
218138,4,SavedShot,0.8130000305175781,0.3820000076293945,0.05712049826979637,Paulo Dybala,a,1294,OpenPlay,2018,LeftFoot,9577,Chievo,Juventus,2,3,2018-08-18 19:00:00,,Dispossessed
218148,35,MissedShots,0.7619999694824219,0.5459999847412109,0.025855399668216705,Paulo Dybala,a,1294,FromCorner,2018,LeftFoot,9577,Chievo,Juventus,2,3,2018-08-18 19:00:00,Miralem Pjanic,Pass
218162,73,SavedShot,0.87,0.33599998474121096,0.08547519892454147,Paulo Dybala,a,1294,OpenPlay,2018,LeftFoot,9577,Chievo,Juventus,2,3,2018-08-18 19:00:00,João Cancelo,TakeOn
224130,23,BlockedShot,0.9080000305175782,0.57,0.12918999791145325,Paulo Dybala,h,1294,OpenPlay,2018,LeftFoot,9612,Juventus,Sassuolo,2,1,2018-09-16 13:00:00,Blaise Matuidi,Pass
226034,20,BlockedShot,0.8630000305175781,0.610999984741211,0.08536560088396072,Paulo Dybala,a,1294,OpenPlay,2018,LeftFoot,9620,Frosinone,Juventus,0,2,2018-09-23 18:30:00,Cristiano Ronaldo,Pass
226039,31,BlockedShot,0.845999984741211,0.3659999847412109,0.05729210004210472,Paulo Dybala,a,1294,OpenPlay,2018,LeftFoot,9620,Frosinone,Juventus,0,2,2018-09-23 18:30:00,Juan Cuadrado,Pass
226048,60,BlockedShot,0.7619999694824219,0.345,0.05662279948592186,Paulo Dybala,a,1294,DirectFreekick,2018,LeftFoot,9620,Frosinone,Juventus,0,2,2018-09-23 18:30:00,,Standard
226050,64,BlockedShot,0.875,0.6070000076293945,0.08942010253667831,Paulo Dybala,a,1294,OpenPlay,2018,LeftFoot,9620,Frosinone,Juventus,0,2,2018-09-23 18:30:00,Alex Sandro,Pass
226051,65,SavedShot,0.74,0.44,0.00887709017843008,Paulo Dybala,a,1294,OpenPlay,2018,LeftFoot,9620,Frosinone,Juventus,0,2,2018-09-23 18:30:00,Federico Bernardeschi,Chipped
226882,10,Goal,0.965,0.415,0.13489100337028503,Paulo Dybala,h,1294,OpenPlay,2018,RightFoot,9632,Juventus,Bologna,2,0,2018-09-26 19:00:00,,Rebound
226894,71,MissedShots,0.7240000152587891,0.49900001525878906,0.012715299613773823,Paulo Dybala,h,1294,SetPiece,2018,LeftFoot,9632,Juventus,Bologna,2,0,2018-09-26 19:00:00,,Rebound
228187,43,MissedShots,0.7969999694824219,0.4209999847412109,0.03587159886956215,Paulo Dybala,h,1294,OpenPlay,2018,LeftFoot,9646,Juventus,Napoli,3,1,2018-09-29 16:00:00,Emre Can,Pass
252090,54,MissedShots,0.875,0.415,0.12882700562477112,Paulo Dybala,a,1294,OpenPlay,2018,LeftFoot,9656,Udinese,Juventus,0,2,2018-10-06 16:00:00,,TakeOn
252091,58,BlockedShot,0.855,0.625,0.03586810082197189,Paulo Dybala,a,1294,FromCorner,2018,RightFoot,9656,Udinese,Juventus,0,2,2018-10-06 16:00:00,Miralem Pjanic,Cross
252366,75,MissedShots,0.855999984741211,0.5729999923706055,0.08469069749116898,Paulo Dybala,h,1294,OpenPlay,2018,LeftFoot,9661,Juventus,Genoa,1,1,2018-10-20 16:00:00,Alex Sandro,Pass
252367,86,MissedShots,0.7559999847412109,0.4620000076293945,0.02519950084388256,Paulo Dybala,h,1294,FromCorner,2018,LeftFoot,9661,Juventus,Genoa,1,1,2018-10-20 16:00:00,Miralem Pjanic,Pass
252603,8,MissedShots,0.7240000152587891,0.5320000076293945,0.015833599492907524,Paulo Dybala,a,1294,OpenPlay,2018,LeftFoot,9669,Empoli,Juventus,1,2,2018-10-27 16:00:00,Mattia De Sciglio,BallRecovery
252606,14,BlockedShot,0.8090000152587891,0.33,0.0319816991686821,Paulo Dybala,a,1294,OpenPlay,2018,RightFoot,9669,Empoli,Juventus,1,2,2018-10-27 16:00:00,Miralem Pjanic,Pass
252611,30,MissedShots,0.8690000152587891,0.39,0.061573099344968796,Paulo Dybala,a,1294,SetPiece,2018,RightFoot,9669,Empoli,Juventus,1,2,2018-10-27 16:00:00,,None
252961,0,Goal,0.8730000305175781,0.42900001525878906,0.34701400995254517,Paulo Dybala,h,1294,OpenPlay,2018,RightFoot,9681,Juventus,Cagliari,3,1,2018-11-03 19:30:00,Rodrigo Bentancur,TakeOn
252975,69,MissedShots,0.825,0.5029999923706054,0.07402359694242477,Paulo Dybala,h,1294,OpenPlay,2018,LeftFoot,9681,Juventus,Cagliari,3,1,2018-11-03 19:30:00,Juan Cuadrado,Pass
252980,84,BlockedShot,0.8340000152587891,0.49900001525878906,0.09228350222110748,Paulo Dybala,h,1294,OpenPlay,2018,RightFoot,9681,Juventus,Cagliari,3,1,2018-11-03 19:30:00,Cristiano Ronaldo,Pass
253433,32,BlockedShot,0.8180000305175781,0.600999984741211,0.06662499904632568,Paulo Dybala,a,1294,OpenPlay,2018,LeftFoot,9696,AC Milan,Juventus,0,2,2018-11-11 19:30:00,Cristiano Ronaldo,Pass
253435,33,MissedShots,0.92,0.355,0.08623529970645905,Paulo Dybala,a,1294,OpenPlay,2018,LeftFoot,9696,AC Milan,Juventus,0,2,2018-11-11 19:30:00,,None
253440,56,ShotOnPost,0.77,0.30700000762939456,0.05324159935116768,Paulo Dybala,a,1294,DirectFreekick,2018,LeftFoot,9696,AC Milan,Juventus,0,2,2018-11-11 19:30:00,,Standard
253770,15,BlockedShot,0.765,0.4470000076293945,0.07566720247268677,Paulo Dybala,a,1294,DirectFreekick,2018,LeftFoot,9709,Fiorentina,Juventus,0,3,2018-12-01 17:00:00,,Standard
253780,39,SavedShot,0.7340000152587891,0.524000015258789,0.022292299196124077,Paulo Dybala,a,1294,OpenPlay,2018,LeftFoot,9709,Fiorentina,Juventus,0,3,2018-12-01 17:00:00,Cristiano Ronaldo,Pass
253789,61,BlockedShot,0.8390000152587891,0.42900001525878906,0.09199129790067673,Paulo Dybala,a,1294,OpenPlay,2018,RightFoot,9709,Fiorentina,Juventus,0,3,2018-12-01 17:00:00,Cristiano Ronaldo,Pass
253799,88,MissedShots,0.825,0.655,0.04825330153107643,Paulo Dybala,a,1294,OpenPlay,2018,LeftFoot,9709,Fiorentina,Juventus,0,3,2018-12-01 17:00:00,Douglas Costa,Pass
254016,7,MissedShots,0.8880000305175781,0.544000015258789,0.032130900770425797,Paulo Dybala,h,1294,OpenPlay,2018,Head,9717,Juventus,Inter,1,0,2018-12-07 19:30:00,Cristiano Ronaldo,Aerial
254017,9,SavedShot,0.9069999694824219,0.7030000305175781,0.04873700067400932,Paulo Dybala,h,1294,OpenPlay,2018,LeftFoot,9717,Juventus,Inter,1,0,2018-12-07 19:30:00,,None
254020,27,MissedShots,0.909000015258789,0.40599998474121096,0.051759399473667145,Paulo Dybala,h,1294,OpenPlay,2018,Head,9717,Juventus,Inter,1,0,2018-12-07 19:30:00,Mattia De Sciglio,Cross
254032,52,MissedShots,0.88,0.5320000076293945,0.11782299727201462,Paulo Dybala,h,1294,OpenPlay,2018,LeftFoot,9717,Juventus,Inter,1,0,2018-12-07 19:30:00,Mario Mandzukic,Pass
254345,57,BlockedShot,0.895,0.47200000762939454,0.08876410126686096,Paulo Dybala,a,1294,OpenPlay,2018,RightFoot,9727,Torino,Juventus,0,1,2018-12-15 19:30:00,Mario Mandzukic,HeadPass
254987,10,MissedShots,0.8,0.39099998474121095,0.05051150172948837,Paulo Dybala,a,1294,OpenPlay,2018,LeftFoot,9747,Atalanta,Juventus,2,2,2018-12-26 14:00:00,,None
255005,65,MissedShots,0.71,0.39099998474121095,0.01609550043940544,Paulo Dybala,a,1294,OpenPlay,2018,LeftFoot,9747,Atalanta,Juventus,2,2,2018-12-26 14:00:00,Mattia De Sciglio,Pass
255006,72,BlockedShot,0.8040000152587891,0.5170000076293946,0.04158779978752136,Paulo Dybala,a,1294,OpenPlay,2018,LeftFoot,9747,Atalanta,Juventus,2,2,2018-12-26 14:00:00,,None
263324,23,MissedShots,0.7980000305175782,0.534000015258789,0.05282669886946678,Paulo Dybala,h,1294,OpenPlay,2018,LeftFoot,9760,Juventus,Sampdoria,2,1,2018-12-29 11:30:00,Giorgio Chiellini,Pass
263327,41,SavedShot,0.765,0.2989999961853027,0.021165799349546432,Paulo Dybala,h,1294,OpenPlay,2018,LeftFoot,9760,Juventus,Sampdoria,2,1,2018-12-29 11:30:00,Mattia De Sciglio,Pass
263336,75,MissedShots,0.879000015258789,0.35700000762939454,0.07777799665927887,Paulo Dybala,h,1294,OpenPlay,2018,LeftFoot,9760,Juventus,Sampdoria,2,1,2018-12-29 11:30:00,,None
276631,26,SavedShot,0.7580000305175781,0.3390000152587891,0.027603400871157646,Paulo Dybala,h,1294,FromCorner,2018,LeftFoot,9772,Juventus,Chievo,3,0,2019-01-21 19:30:00,Douglas Costa,Pass
276646,62,SavedShot,0.850999984741211,0.27299999237060546,0.039043400436639786,Paulo Dybala,h,1294,OpenPlay,2018,LeftFoot,9772,Juventus,Chievo,3,0,2019-01-21 19:30:00,Cristiano Ronaldo,Pass
276657,89,MissedShots,0.7809999847412109,0.44599998474121094,0.02261889912188053,Paulo Dybala,h,1294,FromCorner,2018,LeftFoot,9772,Juventus,Chievo,3,0,2019-01-21 19:30:00,,None
276909,71,BlockedShot,0.7830000305175782,0.37099998474121093,0.026625899598002434,Paulo Dybala,a,1294,FromCorner,2018,LeftFoot,9786,Lazio,Juventus,1,2,2019-01-27 19:30:00,Mattia De Sciglio,TakeOn
276910,73,SavedShot,0.8719999694824219,0.605999984741211,0.08023279905319214,Paulo Dybala,a,1294,OpenPlay,2018,LeftFoot,9786,Lazio,Juventus,1,2,2019-01-27 19:30:00,Federico Bernardeschi,Pass
277458,5,Goal,0.750999984741211,0.4640000152587891,0.021068500354886055,Paulo Dybala,h,1294,OpenPlay,2018,LeftFoot,9812,Juventus,Frosinone,3,0,2019-02-15 19:30:00,Cristiano Ronaldo,Pass
277863,66,Goal,0.8690000152587891,0.5479999923706055,0.3493100106716156,Paulo Dybala,a,1294,OpenPlay,2018,LeftFoot,9817,Bologna,Juventus,0,1,2019-02-24 14:00:00,,None
284201,78,SavedShot,0.7190000152587891,0.36900001525878906,0.01629279926419258,Paulo Dybala,h,1294,OpenPlay,2018,LeftFoot,9842,Juventus,Udinese,4,1,2019-03-08 19:30:00,Emre Can,Pass
286619,21,BlockedShot,0.8419999694824218,0.519000015258789,0.09033510088920593,Paulo Dybala,a,1294,OpenPlay,2018,RightFoot,9850,Genoa,Juventus,2,0,2019-03-17 11:30:00,Mario Mandzukic,Pass
286630,66,MissedShots,0.7980000305175782,0.385,0.023561999201774597,Paulo Dybala,a,1294,FromCorner,2018,RightFoot,9850,Genoa,Juventus,2,0,2019-03-17 11:30:00,,None
292111,46,SavedShot,0.725,0.4570000076293945,0.02191849984228611,Paulo Dybala,h,1294,FromCorner,2018,LeftFoot,9886,Juventus,AC Milan,2,1,2019-04-06 17:00:00,Mattia De Sciglio,Pass
292112,47,SavedShot,0.8769999694824219,0.6509999847412109,0.05772620067000389,Paulo Dybala,h,1294,OpenPlay,2018,LeftFoot,9886,Juventus,AC Milan,2,1,2019-04-06 17:00:00,Leonardo Bonucci,Chipped
292117,59,Goal,0.885,0.5,0.7612990140914917,Paulo Dybala,h,1294,Penalty,2018,LeftFoot,9886,Juventus,AC Milan,2,1,2019-04-06 17:00:00,,Standard
293382,8,BlockedShot,0.8230000305175781,0.3840000152587891,0.05294730141758919,Paulo Dybala,a,1294,OpenPlay,2018,RightFoot,9895,SPAL 2013,Juventus,2,1,2019-04-13 14:00:00,Juan Cuadrado,Pass
293395,41,BlockedShot,0.8219999694824218,0.40299999237060546,0.05797399953007698,Paulo Dybala,a,1294,OpenPlay,2018,LeftFoot,9895,SPAL 2013,Juventus,2,1,2019-04-13 14:00:00,João Cancelo,Pass
293405,71,SavedShot,0.795,0.3609999847412109,0.02138650044798851,Paulo Dybala,a,1294,OpenPlay,2018,LeftFoot,9895,SPAL 2013,Juventus,2,1,2019-04-13 14:00:00,,Rebound
301789,15,SavedShot,0.8919999694824219,0.4,0.3544979989528656,Paulo Dybala,a,1294,OpenPlay,2018,LeftFoot,9936,Roma,Juventus,2,0,2019-05-12 19:30:00,Cristiano Ronaldo,Pass
301792,27,SavedShot,0.8480000305175781,0.5029999923706054,0.09203419834375381,Paulo Dybala,a,1294,OpenPlay,2018,LeftFoot,9936,Roma,Juventus,2,0,2019-05-12 19:30:00,Cristiano Ronaldo,Pass
301793,29,BlockedShot,0.7330000305175781,0.44299999237060544,0.017633799463510513,Paulo Dybala,a,1294,OpenPlay,2018,LeftFoot,9936,Roma,Juventus,2,0,2019-05-12 19:30:00,Mattia De Sciglio,Pass
303308,37,MissedShots,0.8119999694824219,0.255,0.018346399068832397,Paulo Dybala,h,1294,OpenPlay,2018,LeftFoot,9940,Juventus,Atalanta,1,1,2019-05-19 18:30:00,Juan Cuadrado,Pass
303311,57,BlockedShot,0.7440000152587891,0.385,0.05279560014605522,Paulo Dybala,h,1294,DirectFreekick,2018,LeftFoot,9940,Juventus,Atalanta,1,1,2019-05-19 18:30:00,,Standard
303314,66,MissedShots,0.7530000305175781,0.4,0.016279499977827072,Paulo Dybala,h,1294,FromCorner,2018,LeftFoot,9940,Juventus,Atalanta,1,1,2019-05-19 18:30:00,,None
303322,83,MissedShots,0.8680000305175781,0.37400001525878906,0.02339169941842556,Paulo Dybala,h,1294,FromCorner,2018,LeftFoot,9940,Juventus,Atalanta,1,1,2019-05-19 18:30:00,,Aerial
304015,15,SavedShot,0.8209999847412109,0.42400001525878905,0.03169830143451691,Paulo Dybala,a,1294,FromCorner,2018,LeftFoot,9954,Sampdoria,Juventus,2,0,2019-05-26 18:30:00,Matheus Pereira,TakeOn
304027,51,MissedShots,0.7980000305175782,0.5670000076293945,0.027402199804782867,Paulo Dybala,a,1294,FromCorner,2018,LeftFoot,9954,Sampdoria,Juventus,2,0,2019-05-26 18:30:00,,None
316221,81,MissedShots,0.9380000305175781,0.73,0.04620790109038353,Paulo Dybala,h,1294,OpenPlay,2019,LeftFoot,13101,Juventus,Napoli,4,3,2019-08-31 18:45:00,Blaise Matuidi,HeadPass
320538,32,MissedShots,0.840999984741211,0.6659999847412109,0.0425884984433651,Paulo Dybala,h,1294,OpenPlay,2019,LeftFoot,13122,Juventus,Verona,2,1,2019-09-21 16:00:00,Leonardo Bonucci,Chipped
320544,52,MissedShots,0.7240000152587891,0.37400001525878906,0.017938200384378433,Paulo Dybala,h,1294,OpenPlay,2019,LeftFoot,13122,Juventus,Verona,2,1,2019-09-21 16:00:00,Cristiano Ronaldo,Pass
321661,8,BlockedShot,0.875999984741211,0.385,0.07286839932203293,Paulo Dybala,a,1294,OpenPlay,2019,LeftFoot,13129,Brescia,Juventus,1,2,2019-09-24 19:00:00,Aaron Ramsey,Pass
321678,59,SavedShot,0.8430000305175781,0.625,0.052696701139211655,Paulo Dybala,a,1294,OpenPlay,2019,LeftFoot,13129,Brescia,Juventus,1,2,2019-09-24 19:00:00,,None
321679,62,BlockedShot,0.7909999847412109,0.41200000762939454,0.0979074016213417,Paulo Dybala,a,1294,DirectFreekick,2019,LeftFoot,13129,Brescia,Juventus,1,2,2019-09-24 19:00:00,,Standard
321683,73,MissedShots,0.78,0.6229999923706054,0.03731890022754669,Paulo Dybala,a,1294,OpenPlay,2019,LeftFoot,13129,Brescia,Juventus,1,2,2019-09-24 19:00:00,,None
322416,33,SavedShot,0.860999984741211,0.33299999237060546,0.1352829933166504,Paulo Dybala,h,1294,OpenPlay,2019,LeftFoot,13140,Juventus,SPAL 2013,2,0,2019-09-28 13:00:00,Juan Cuadrado,TakeOn
322417,37,BlockedShot,0.730999984741211,0.40900001525878904,0.04843800142407417,Paulo Dybala,h,1294,DirectFreekick,2019,LeftFoot,13140,Juventus,SPAL 2013,2,0,2019-09-28 13:00:00,,Standard
322420,50,MissedShots,0.8209999847412109,0.22700000762939454,0.021171899512410164,Paulo Dybala,h,1294,OpenPlay,2019,LeftFoot,13140,Juventus,SPAL 2013,2,0,2019-09-28 13:00:00,Juan Cuadrado,Pass
322424,66,SavedShot,0.8469999694824218,0.625999984741211,0.07772830128669739,Paulo Dybala,h,1294,OpenPlay,2019,LeftFoot,13140,Juventus,SPAL 2013,2,0,2019-09-28 13:00:00,Miralem Pjanic,Pass
322430,88,MissedShots,0.8180000305175781,0.624000015258789,0.06549020111560822,Paulo Dybala,h,1294,OpenPlay,2019,RightFoot,13140,Juventus,SPAL 2013,2,0,2019-09-28 13:00:00,Federico Bernardeschi,Pass
322433,94,MissedShots,0.789000015258789,0.5629999923706055,0.011480200104415417,Paulo Dybala,h,1294,FromCorner,2019,LeftFoot,13140,Juventus,SPAL 2013,2,0,2019-09-28 13:00:00,Miralem Pjanic,Chipped
325087,3,Goal,0.8819999694824219,0.6890000152587891,0.05238280072808266,Paulo Dybala,a,1294,OpenPlay,2019,LeftFoot,13155,Inter,Juventus,1,2,2019-10-06 19:45:00,Miralem Pjanic,Chipped
325101,46,MissedShots,0.8480000305175781,0.7030000305175781,0.03674070164561272,Paulo Dybala,a,1294,OpenPlay,2019,LeftFoot,13155,Inter,Juventus,1,2,2019-10-06 19:45:00,Blaise Matuidi,Pass
325105,55,SavedShot,0.9290000152587891,0.40400001525878904,0.12712399661540985,Paulo Dybala,a,1294,OpenPlay,2019,LeftFoot,13155,Inter,Juventus,1,2,2019-10-06 19:45:00,Sami Khedira,Throughball
325106,55,MissedShots,0.9740000152587891,0.3820000076293945,0.07861170172691345,Paulo Dybala,a,1294,OpenPlay,2019,LeftFoot,13155,Inter,Juventus,1,2,2019-10-06 19:45:00,,Rebound
325107,67,BlockedShot,0.749000015258789,0.5820000076293945,0.022150399163365364,Paulo Dybala,a,1294,OpenPlay,2019,LeftFoot,13155,Inter,Juventus,1,2,2019-10-06 19:45:00,Gonzalo Higuaín,Pass
326955,7,BlockedShot,0.919000015258789,0.495,0.4650239944458008,Paulo Dybala,a,1294,OpenPlay,2019,LeftFoot,13175,Lecce,Juventus,1,1,2019-10-26 14:00:00,,Rebound
326963,23,MissedShots,0.87,0.3609999847412109,0.07123330235481262,Paulo Dybala,a,1294,OpenPlay,2019,LeftFoot,13175,Lecce,Juventus,1,1,2019-10-26 14:00:00,Danilo,Pass
326964,25,SavedShot,0.8469999694824218,0.44299999237060544,0.3500789999961853,Paulo Dybala,a,1294,OpenPlay,2019,LeftFoot,13175,Lecce,Juventus,1,1,2019-10-26 14:00:00,Federico Bernardeschi,Throughball
326966,28,MissedShots,0.8919999694824219,0.28600000381469726,0.02219950035214424,Paulo Dybala,a,1294,FromCorner,2019,LeftFoot,13175,Lecce,Juventus,1,1,2019-10-26 14:00:00,Miralem Pjanic,Chipped
326973,49,Goal,0.885,0.5,0.7612990140914917,Paulo Dybala,a,1294,Penalty,2019,LeftFoot,13175,Lecce,Juventus,1,1,2019-10-26 14:00:00,,Standard
326980,76,MissedShots,0.8530000305175781,0.34200000762939453,0.043601199984550476,Paulo Dybala,a,1294,OpenPlay,2019,LeftFoot,13175,Lecce,Juventus,1,1,2019-10-26 14:00:00,Sami Khedira,Pass
328505,16,SavedShot,0.799000015258789,0.43099998474121093,0.03993299975991249,Paulo Dybala,h,1294,OpenPlay,2019,LeftFoot,13181,Juventus,Genoa,2,1,2019-10-30 20:00:00,,None
328506,17,MissedShots,0.7619999694824219,0.2979999923706055,0.02017189934849739,Paulo Dybala,h,1294,OpenPlay,2019,LeftFoot,13181,Juventus,Genoa,2,1,2019-10-30 20:00:00,Juan Cuadrado,Pass
328510,33,SavedShot,0.9330000305175781,0.41400001525878904,0.4314979910850525,Paulo Dybala,h,1294,OpenPlay,2019,LeftFoot,13181,Juventus,Genoa,2,1,2019-10-30 20:00:00,,BallRecovery
328519,59,BlockedShot,0.7580000305175781,0.3160000038146973,0.01459799986332655,Paulo Dybala,h,1294,OpenPlay,2019,LeftFoot,13181,Juventus,Genoa,2,1,2019-10-30 20:00:00,Cristiano Ronaldo,Pass
328522,64,BlockedShot,0.9059999847412109,0.37,0.06570009887218475,Paulo Dybala,h,1294,OpenPlay,2019,LeftFoot,13181,Juventus,Genoa,2,1,2019-10-30 20:00:00,Juan Cuadrado,Cross
328523,65,SavedShot,0.8540000152587891,0.37099998474121093,0.07432039827108383,Paulo Dybala,h,1294,OpenPlay,2019,LeftFoot,13181,Juventus,Genoa,2,1,2019-10-30 20:00:00,Federico Bernardeschi,Pass
328533,85,MissedShots,0.774000015258789,0.36,0.00902630016207695,Paulo Dybala,h,1294,FromCorner,2019,LeftFoot,13181,Juventus,Genoa,2,1,2019-10-30 20:00:00,Douglas Costa,Chipped
329572,8,BlockedShot,0.835999984741211,0.2610000038146973,0.022851599380373955,Paulo Dybala,a,1294,OpenPlay,2019,LeftFoot,13198,Torino,Juventus,0,1,2019-11-02 19:45:00,Juan Cuadrado,Pass
329577,20,MissedShots,0.7709999847412109,0.44299999237060544,0.03692169860005379,Paulo Dybala,a,1294,OpenPlay,2019,LeftFoot,13198,Torino,Juventus,0,1,2019-11-02 19:45:00,Cristiano Ronaldo,LayOff
329581,31,SavedShot,0.8819999694824219,0.3659999847412109,0.08788769692182541,Paulo Dybala,a,1294,OpenPlay,2019,LeftFoot,13198,Torino,Juventus,0,1,2019-11-02 19:45:00,Federico Bernardeschi,Pass
331668,67,SavedShot,0.759000015258789,0.3160000038146973,0.037279900163412094,Paulo Dybala,h,1294,OpenPlay,2019,LeftFoot,13202,Juventus,AC Milan,1,0,2019-11-10 19:45:00,Gonzalo Higuaín,Pass
331670,76,Goal,0.865999984741211,0.4279999923706055,0.37048599123954773,Paulo Dybala,h,1294,OpenPlay,2019,RightFoot,13202,Juventus,AC Milan,1,0,2019-11-10 19:45:00,Gonzalo Higuaín,TakeOn
331678,93,SavedShot,0.86,0.385,0.08281420171260834,Paulo Dybala,h,1294,OpenPlay,2019,RightFoot,13202,Juventus,AC Milan,1,0,2019-11-10 19:45:00,Miralem Pjanic,BallRecovery
331965,10,MissedShots,0.720999984741211,0.27899999618530275,0.03272340074181557,Paulo Dybala,a,1294,DirectFreekick,2019,LeftFoot,13209,Atalanta,Juventus,1,3,2019-11-23 14:00:00,,Standard
331998,91,Goal,0.87,0.3120000076293945,0.05163779854774475,Paulo Dybala,a,1294,OpenPlay,2019,LeftFoot,13209,Atalanta,Juventus,1,3,2019-11-23 14:00:00,Gonzalo Higuaín,Pass
334112,58,BlockedShot,0.8030000305175782,0.3659999847412109,0.03056189976632595,Paulo Dybala,h,1294,OpenPlay,2019,LeftFoot,13225,Juventus,Sassuolo,2,2,2019-12-01 11:30:00,Miralem Pjanic,TakeOn
334114,65,MissedShots,0.81,0.37900001525878907,0.11039000004529953,Paulo Dybala,h,1294,DirectFreekick,2019,LeftFoot,13225,Juventus,Sassuolo,2,2,2019-12-01 11:30:00,,Standard
334116,69,BlockedShot,0.8859999847412109,0.5840000152587891,0.13739599287509918,Paulo Dybala,h,1294,OpenPlay,2019,RightFoot,13225,Juventus,Sassuolo,2,2,2019-12-01 11:30:00,Gonzalo Higuaín,Pass
334118,72,SavedShot,0.9219999694824219,0.3770000076293945,0.33932000398635864,Paulo Dybala,h,1294,OpenPlay,2019,RightFoot,13225,Juventus,Sassuolo,2,2,2019-12-01 11:30:00,,TakeOn
334122,82,MissedShots,0.789000015258789,0.5359999847412109,0.03950890153646469,Paulo Dybala,h,1294,OpenPlay,2019,LeftFoot,13225,Juventus,Sassuolo,2,2,2019-12-01 11:30:00,Aaron Ramsey,Pass
334124,88,BlockedShot,0.8590000152587891,0.38,0.060108400881290436,Paulo Dybala,h,1294,OpenPlay,2019,RightFoot,13225,Juventus,Sassuolo,2,2,2019-12-01 11:30:00,,None
336009,9,SavedShot,0.86,0.27399999618530274,0.0327983982861042,Paulo Dybala,a,1294,OpenPlay,2019,LeftFoot,13232,Lazio,Juventus,3,1,2019-12-07 19:45:00,Rodrigo Bentancur,Pass
336022,63,MissedShots,0.7559999847412109,0.295,0.009022730402648449,Paulo Dybala,a,1294,SetPiece,2019,LeftFoot,13232,Lazio,Juventus,3,1,2019-12-07 19:45:00,,Aerial
336023,65,SavedShot,0.87,0.38299999237060545,0.07215519994497299,Paulo Dybala,a,1294,OpenPlay,2019,LeftFoot,13232,Lazio,Juventus,3,1,2019-12-07 19:45:00,,BallRecovery
337556,11,BlockedShot,0.8809999847412109,0.6480000305175782,0.09191910177469254,Paulo Dybala,h,1294,OpenPlay,2019,LeftFoot,13245,Juventus,Udinese,3,1,2019-12-15 14:00:00,Gonzalo Higuaín,Pass
337558,14,BlockedShot,0.9169999694824219,0.655,0.09031730145215988,Paulo Dybala,h,1294,OpenPlay,2019,LeftFoot,13245,Juventus,Udinese,3,1,2019-12-15 14:00:00,Mattia De Sciglio,Pass
337566,50,ShotOnPost,0.8190000152587891,0.5929999923706055,0.07265940308570862,Paulo Dybala,h,1294,OpenPlay,2019,LeftFoot,13245,Juventus,Udinese,3,1,2019-12-15 14:00:00,Gonzalo Higuaín,Pass
337570,62,SavedShot,0.7619999694824219,0.56,0.03241590037941933,Paulo Dybala,h,1294,OpenPlay,2019,LeftFoot,13245,Juventus,Udinese,3,1,2019-12-15 14:00:00,Cristiano Ronaldo,Pass
337571,66,BlockedShot,0.805,0.49,0.05069189891219139,Paulo Dybala,h,1294,OpenPlay,2019,LeftFoot,13245,Juventus,Udinese,3,1,2019-12-15 14:00:00,,None
338088,18,Goal,0.8569999694824219,0.28,0.03176639974117279,Paulo Dybala,a,1294,OpenPlay,2019,LeftFoot,13255,Sampdoria,Juventus,1,2,2019-12-18 17:55:00,Alex Sandro,Chipped
354020,27,MissedShots,0.8969999694824219,0.365,0.0696519985795021,Paulo Dybala,h,1294,OpenPlay,2019,LeftFoot,13263,Juventus,Cagliari,4,0,2020-01-06 14:00:00,,None
354026,51,SavedShot,0.9219999694824219,0.645,0.09425760060548782,Paulo Dybala,h,1294,OpenPlay,2019,RightFoot,13263,Juventus,Cagliari,4,0,2020-01-06 14:00:00,Alex Sandro,Pass
354029,62,SavedShot,0.8109999847412109,0.38,0.11232899874448776,Paulo Dybala,h,1294,DirectFreekick,2019,LeftFoot,13263,Juventus,Cagliari,4,0,2020-01-06 14:00:00,,Standard
354031,69,MissedShots,0.4570000076293945,0.6819999694824219,0.008730519562959671,Paulo Dybala,h,1294,OpenPlay,2019,LeftFoot,13263,Juventus,Cagliari,4,0,2020-01-06 14:00:00,,BallRecovery
355391,39,MissedShots,0.8019999694824219,0.5479999923706055,0.04826999828219414,Paulo Dybala,h,1294,OpenPlay,2019,LeftFoot,13283,Juventus,Parma Calcio 1913,2,1,2020-01-19 19:45:00,Cristiano Ronaldo,Pass
355401,69,MissedShots,0.7669999694824219,0.37599998474121094,0.028294099494814873,Paulo Dybala,h,1294,OpenPlay,2019,LeftFoot,13283,Juventus,Parma Calcio 1913,2,1,2020-01-19 19:45:00,Gonzalo Higuaín,Pass
357060,89,BlockedShot,0.980999984741211,0.12,0.04773940145969391,Paulo Dybala,h,1294,DirectFreekick,2019,LeftFoot,13302,Juventus,Fiorentina,3,0,2020-02-02 11:30:00,,Standard
357062,93,BlockedShot,0.9590000152587891,0.6780000305175782,0.10522300004959106,Paulo Dybala,h,1294,OpenPlay,2019,LeftFoot,13302,Juventus,Fiorentina,3,0,2020-02-02 11:30:00,Cristiano Ronaldo,TakeOn
358290,77,MissedShots,0.8190000152587891,0.5690000152587891,0.05605889856815338,Paulo Dybala,a,1294,OpenPlay,2019,LeftFoot,13318,Verona,Juventus,2,1,2020-02-08 19:45:00,Aaron Ramsey,BallTouch
358294,89,MissedShots,0.7859999847412109,0.4929999923706055,0.03869729861617088,Paulo Dybala,a,1294,OpenPlay,2019,LeftFoot,13318,Verona,Juventus,2,1,2020-02-08 19:45:00,Alex Sandro,Pass
359315,17,BlockedShot,0.840999984741211,0.6170000076293946,0.06982699781656265,Paulo Dybala,h,1294,OpenPlay,2019,LeftFoot,13322,Juventus,Brescia,2,0,2020-02-16 14:00:00,Juan Cuadrado,Pass
359319,31,MissedShots,0.9230000305175782,0.53,0.5115600228309631,Paulo Dybala,h,1294,OpenPlay,2019,RightFoot,13322,Juventus,Brescia,2,0,2020-02-16 14:00:00,Gonzalo Higuaín,Pass
359321,37,Goal,0.8059999847412109,0.39799999237060546,0.11385899782180786,Paulo Dybala,h,1294,DirectFreekick,2019,LeftFoot,13322,Juventus,Brescia,2,0,2020-02-16 14:00:00,,Standard
359323,41,SavedShot,0.8290000152587891,0.6409999847412109,0.05833980068564415,Paulo Dybala,h,1294,OpenPlay,2019,LeftFoot,13322,Juventus,Brescia,2,0,2020-02-16 14:00:00,Rodrigo Bentancur,Chipped
359329,54,SavedShot,0.7169999694824218,0.425,0.013849199749529362,Paulo Dybala,h,1294,OpenPlay,2019,LeftFoot,13322,Juventus,Brescia,2,0,2020-02-16 14:00:00,,Rebound
359331,63,MissedShots,0.7319999694824219,0.4759999847412109,0.05284849926829338,Paulo Dybala,h,1294,DirectFreekick,2019,LeftFoot,13322,Juventus,Brescia,2,0,2020-02-16 14:00:00,,Standard
359332,66,BlockedShot,0.865,0.5709999847412109,0.1028280034661293,Paulo Dybala,h,1294,OpenPlay,2019,LeftFoot,13322,Juventus,Brescia,2,0,2020-02-16 14:00:00,Gonzalo Higuaín,Pass
359342,92,ShotOnPost,0.8819999694824219,0.6580000305175782,0.29492199420928955,Paulo Dybala,h,1294,OpenPlay,2019,LeftFoot,13322,Juventus,Brescia,2,0,2020-02-16 14:00:00,Juan Cuadrado,Pass
359941,28,BlockedShot,0.749000015258789,0.3060000038146973,0.04403520002961159,Paulo Dybala,a,1294,DirectFreekick,2019,LeftFoot,13336,SPAL 2013,Juventus,1,2,2020-02-22 17:00:00,,Standard
359943,36,ShotOnPost,0.779000015258789,0.38599998474121094,0.027368100360035896,Paulo Dybala,a,1294,OpenPlay,2019,LeftFoot,13336,SPAL 2013,Juventus,1,2,2020-02-22 17:00:00,Danilo,Pass
362383,66,Goal,0.875999984741211,0.4829999923706055,0.15964600443840027,Paulo Dybala,h,1294,OpenPlay,2019,LeftFoot,13340,Juventus,Inter,2,0,2020-03-08 19:45:00,Aaron Ramsey,TakeOn
366025,6,MissedShots,0.8719999694824219,0.31,0.032585401087999344,Paulo Dybala,a,1294,OpenPlay,2019,LeftFoot,13350,Bologna,Juventus,0,2,2020-06-22 19:45:00,Federico Bernardeschi,BallRecovery
366033,35,Goal,0.805,0.47900001525878905,0.06561040133237839,Paulo Dybala,a,1294,OpenPlay,2019,LeftFoot,13350,Bologna,Juventus,0,2,2020-06-22 19:45:00,Federico Bernardeschi,Pass
366035,39,MissedShots,0.9390000152587891,0.34599998474121096,0.25065600872039795,Paulo Dybala,a,1294,OpenPlay,2019,RightFoot,13350,Bologna,Juventus,0,2,2020-06-22 19:45:00,Cristiano Ronaldo,Cross
366044,54,MissedShots,0.799000015258789,0.534000015258789,0.04406139999628067,Paulo Dybala,a,1294,OpenPlay,2019,RightFoot,13350,Bologna,Juventus,0,2,2020-06-22 19:45:00,,None
366738,50,MissedShots,0.8680000305175781,0.24799999237060547,0.027674600481987,Paulo Dybala,h,1294,FromCorner,2019,LeftFoot,13361,Juventus,Lecce,4,0,2020-06-26 19:45:00,Miralem Pjanic,Pass
366739,52,Goal,0.82,0.5420000076293945,0.05199560150504112,Paulo Dybala,h,1294,OpenPlay,2019,LeftFoot,13361,Juventus,Lecce,4,0,2020-06-26 19:45:00,Cristiano Ronaldo,Pass
367784,4,BlockedShot,0.8109999847412109,0.5159999847412109,0.0492573007941246,Paulo Dybala,a,1294,OpenPlay,2019,LeftFoot,13372,Genoa,Juventus,1,3,2020-06-30 19:45:00,,None
367785,10,BlockedShot,0.83,0.3679999923706055,0.0445811003446579,Paulo Dybala,a,1294,OpenPlay,2019,LeftFoot,13372,Genoa,Juventus,1,3,2020-06-30 19:45:00,,None
367797,49,Goal,0.8630000305175781,0.32799999237060545,0.060218699276447296,Paulo Dybala,a,1294,OpenPlay,2019,LeftFoot,13372,Genoa,Juventus,1,3,2020-06-30 19:45:00,Juan Cuadrado,TakeOn
367803,80,BlockedShot,0.774000015258789,0.28299999237060547,0.05006380006670952,Paulo Dybala,a,1294,DirectFreekick,2019,LeftFoot,13372,Genoa,Juventus,1,3,2020-06-30 19:45:00,,Standard
368615,2,Goal,0.9080000305175782,0.4,0.3939090073108673,Paulo Dybala,h,1294,OpenPlay,2019,LeftFoot,13388,Juventus,Torino,4,1,2020-07-04 15:15:00,Juan Cuadrado,TakeOn
368644,66,SavedShot,0.889000015258789,0.40099998474121096,0.13351699709892273,Paulo Dybala,h,1294,OpenPlay,2019,LeftFoot,13388,Juventus,Torino,4,1,2020-07-04 15:15:00,Douglas Costa,Pass
370602,17,SavedShot,0.870999984741211,0.655,0.05916580185294151,Paulo Dybala,h,1294,OpenPlay,2019,LeftFoot,13403,Juventus,Atalanta,2,2,2020-07-11 19:45:00,Danilo,Pass
370603,32,BlockedShot,0.865,0.6930000305175781,0.041553299874067307,Paulo Dybala,h,1294,OpenPlay,2019,LeftFoot,13403,Juventus,Atalanta,2,2,2020-07-11 19:45:00,Rodrigo Bentancur,Chipped
371743,77,MissedShots,0.74,0.3920000076293945,0.019898099824786186,Paulo Dybala,a,1294,OpenPlay,2019,LeftFoot,13413,Sassuolo,Juventus,3,3,2020-07-15 19:45:00,Rodrigo Bentancur,Pass
371744,78,MissedShots,0.8159999847412109,0.48200000762939454,0.05190819874405861,Paulo Dybala,a,1294,OpenPlay,2019,LeftFoot,13413,Sassuolo,Juventus,3,3,2020-07-15 19:45:00,,None
371746,80,MissedShots,0.8159999847412109,0.4909999847412109,0.044530898332595825,Paulo Dybala,a,1294,OpenPlay,2019,RightFoot,13413,Sassuolo,Juventus,3,3,2020-07-15 19:45:00,,Rebound
372963,45,SavedShot,0.9159999847412109,0.375,0.11432100087404251,Paulo Dybala,h,1294,OpenPlay,2019,LeftFoot,13423,Juventus,Lazio,2,1,2020-07-20 19:45:00,,TakeOn
372972,71,SavedShot,0.9169999694824219,0.3920000076293945,0.12203700095415115,Paulo Dybala,h,1294,OpenPlay,2019,LeftFoot,13423,Juventus,Lazio,2,1,2020-07-20 19:45:00,Leonardo Bonucci,Chipped
373459,13,SavedShot,0.7390000152587891,0.5659999847412109,0.019958600401878357,Paulo Dybala,a,1294,FromCorner,2019,LeftFoot,13438,Udinese,Juventus,2,1,2020-07-23 17:30:00,,Rebound
373468,46,MissedShots,0.874000015258789,0.67,0.07152070105075836,Paulo Dybala,a,1294,OpenPlay,2019,LeftFoot,13438,Udinese,Juventus,2,1,2020-07-23 17:30:00,Adrien Rabiot,Pass
373470,48,MissedShots,0.825,0.47900001525878905,0.07531440258026123,Paulo Dybala,a,1294,OpenPlay,2019,LeftFoot,13438,Udinese,Juventus,2,1,2020-07-23 17:30:00,Cristiano Ronaldo,Pass
373476,61,SavedShot,0.77,0.6170000076293946,0.021804900839924812,Paulo Dybala,a,1294,OpenPlay,2019,LeftFoot,13438,Udinese,Juventus,2,1,2020-07-23 17:30:00,,None
373480,81,MissedShots,0.82,0.4929999923706055,0.0376042015850544,Paulo Dybala,a,1294,FromCorner,2019,LeftFoot,13438,Udinese,Juventus,2,1,2020-07-23 17:30:00,Douglas Costa,Cross
373485,84,MissedShots,0.8640000152587891,0.47900001525878905,0.031816400587558746,Paulo Dybala,a,1294,OpenPlay,2019,Head,13438,Udinese,Juventus,2,1,2020-07-23 17:30:00,Juan Cuadrado,Cross
384094,20,MissedShots,0.8,0.35200000762939454,0.021240800619125366,Paulo Dybala,h,1294,FromCorner,2020,LeftFoot,15471,Juventus,Verona,1,1,2020-10-25 19:45:00,,None
384098,32,BlockedShot,0.970999984741211,0.315,0.052252400666475296,Paulo Dybala,h,1294,OpenPlay,2020,LeftFoot,15471,Juventus,Verona,1,1,2020-10-25 19:45:00,,None
384100,39,BlockedShot,0.7569999694824219,0.5359999847412109,0.020920900627970695,Paulo Dybala,h,1294,SetPiece,2020,LeftFoot,15471,Juventus,Verona,1,1,2020-10-25 19:45:00,Juan Cuadrado,Pass
384105,62,BlockedShot,0.8590000152587891,0.41200000762939454,0.06705640256404877,Paulo Dybala,h,1294,OpenPlay,2020,LeftFoot,15471,Juventus,Verona,1,1,2020-10-25 19:45:00,Álvaro Morata,Pass
384109,69,BlockedShot,0.8059999847412109,0.37599998474121094,0.10353799909353256,Paulo Dybala,h,1294,DirectFreekick,2020,LeftFoot,15471,Juventus,Verona,1,1,2020-10-25 19:45:00,,Standard
384111,75,BlockedShot,0.7580000305175781,0.4570000076293945,0.02177789993584156,Paulo Dybala,h,1294,OpenPlay,2020,LeftFoot,15471,Juventus,Verona,1,1,2020-10-25 19:45:00,Dejan Kulusevski,Pass
384114,80,MissedShots,0.7980000305175782,0.624000015258789,0.029452400282025337,Paulo Dybala,h,1294,OpenPlay,2020,LeftFoot,15471,Juventus,Verona,1,1,2020-10-25 19:45:00,Dejan Kulusevski,Pass
384115,85,MissedShots,0.865999984741211,0.37799999237060544,0.06788259744644165,Paulo Dybala,h,1294,OpenPlay,2020,RightFoot,15471,Juventus,Verona,1,1,2020-10-25 19:45:00,Juan Cuadrado,Pass
384116,92,SavedShot,0.894000015258789,0.5520000076293945,0.12483400106430054,Paulo Dybala,h,1294,OpenPlay,2020,LeftFoot,15471,Juventus,Verona,1,1,2020-10-25 19:45:00,Giacomo Vrioni,Pass
387608,85,MissedShots,0.8540000152587891,0.51,0.12310899794101715,Paulo Dybala,h,1294,OpenPlay,2020,LeftFoot,15499,Juventus,Cagliari,2,0,2020-11-21 19:45:00,Federico Bernardeschi,Pass
387609,89,BlockedShot,0.8809999847412109,0.295,0.03808879852294922,Paulo Dybala,h,1294,OpenPlay,2020,LeftFoot,15499,Juventus,Cagliari,2,0,2020-11-21 19:45:00,Cristiano Ronaldo,Cross
388866,5,BlockedShot,0.8690000152587891,0.3340000152587891,0.0519196018576622,Paulo Dybala,a,1294,OpenPlay,2020,LeftFoot,15507,Benevento,Juventus,1,1,2020-11-28 17:00:00,,None
388872,25,MissedShots,0.8530000305175781,0.44799999237060545,0.3596169948577881,Paulo Dybala,a,1294,OpenPlay,2020,LeftFoot,15507,Benevento,Juventus,1,1,2020-11-28 17:00:00,Aaron Ramsey,Pass
388875,39,BlockedShot,0.8780000305175781,0.5940000152587891,0.10671599954366684,Paulo Dybala,a,1294,OpenPlay,2020,LeftFoot,15507,Benevento,Juventus,1,1,2020-11-28 17:00:00,Gianluca Frabotta,Pass
388876,44,MissedShots,0.774000015258789,0.26399999618530273,0.04626179859042168,Paulo Dybala,a,1294,DirectFreekick,2020,LeftFoot,15507,Benevento,Juventus,1,1,2020-11-28 17:00:00,,Standard
388881,52,MissedShots,0.774000015258789,0.5629999923706055,0.023208199068903923,Paulo Dybala,a,1294,OpenPlay,2020,LeftFoot,15507,Benevento,Juventus,1,1,2020-11-28 17:00:00,Álvaro Morata,Pass
388886,85,SavedShot,0.8530000305175781,0.515,0.06285200268030167,Paulo Dybala,a,1294,OpenPlay,2020,LeftFoot,15507,Benevento,Juventus,1,1,2020-11-28 17:00:00,Federico Bernardeschi,Cross
390291,33,BlockedShot,0.735999984741211,0.29399999618530276,0.03805749863386154,Paulo Dybala,h,1294,DirectFreekick,2020,LeftFoot,15519,Juventus,Torino,2,1,2020-12-05 17:00:00,,Standard
390293,42,SavedShot,0.7919999694824219,0.3170000076293945,0.021087700501084328,Paulo Dybala,h,1294,OpenPlay,2020,LeftFoot,15519,Juventus,Torino,2,1,2020-12-05 17:00:00,Juan Cuadrado,Pass
390306,88,BlockedShot,0.94,0.5979999923706054,0.40792301297187805,Paulo Dybala,h,1294,OpenPlay,2020,LeftFoot,15519,Juventus,Torino,2,1,2020-12-05 17:00:00,Cristiano Ronaldo,Cross
392343,45,SavedShot,0.8040000152587891,0.3770000076293945,0.031998999416828156,Paulo Dybala,a,1294,OpenPlay,2020,LeftFoot,15530,Genoa,Juventus,1,3,2020-12-13 17:00:00,Juan Cuadrado,Pass
392345,56,Goal,0.8480000305175781,0.3729999923706055,0.05704760178923607,Paulo Dybala,a,1294,OpenPlay,2020,LeftFoot,15530,Genoa,Juventus,1,3,2020-12-13 17:00:00,Weston McKennie,HeadPass
392883,84,BlockedShot,0.875999984741211,0.5279999923706055,0.0827684998512268,Paulo Dybala,h,1294,OpenPlay,2020,LeftFoot,15540,Juventus,Atalanta,1,1,2020-12-16 17:30:00,Alex Sandro,Cross
397059,6,BlockedShot,0.845999984741211,0.30100000381469727,0.037699200212955475,Paulo Dybala,h,1294,OpenPlay,2020,LeftFoot,15572,Juventus,Udinese,4,1,2021-01-03 19:45:00,Danilo,Pass
397063,22,SavedShot,0.774000015258789,0.38299999237060545,0.07262720167636871,Paulo Dybala,h,1294,DirectFreekick,2020,LeftFoot,15572,Juventus,Udinese,4,1,2021-01-03 19:45:00,,Standard
397084,87,MissedShots,0.730999984741211,0.504000015258789,0.022649500519037247,Paulo Dybala,h,1294,OpenPlay,2020,LeftFoot,15572,Juventus,Udinese,4,1,2021-01-03 19:45:00,Danilo,Pass
397087,92,Goal,0.904000015258789,0.3629999923706055,0.25040900707244873,Paulo Dybala,h,1294,OpenPlay,2020,RightFoot,15572,Juventus,Udinese,4,1,2021-01-03 19:45:00,Danilo,Pass
397509,1,BlockedShot,0.895,0.57,0.3814550042152405,Paulo Dybala,a,1294,OpenPlay,2020,LeftFoot,15581,AC Milan,Juventus,1,3,2021-01-06 19:45:00,Gianluca Frabotta,Pass
397531,54,BlockedShot,0.82,0.639000015258789,0.04340419918298721,Paulo Dybala,a,1294,OpenPlay,2020,LeftFoot,15581,AC Milan,Juventus,1,3,2021-01-06 19:45:00,Cristiano Ronaldo,Pass
413512,72,Goal,0.8480000305175781,0.3770000076293945,0.08368449658155441,Paulo Dybala,h,1294,OpenPlay,2020,LeftFoot,15455,Juventus,Napoli,2,1,2021-04-07 18:45:00,Rodrigo Bentancur,Pass
413515,90,BlockedShot,0.830999984741211,0.4129999923706055,0.07299820333719254,Paulo Dybala,h,1294,OpenPlay,2020,LeftFoot,15455,Juventus,Napoli,2,1,2021-04-07 18:45:00,Rodrigo Bentancur,BallTouch
414395,88,MissedShots,0.7480000305175781,0.44,0.02203279919922352,Paulo Dybala,h,1294,FromCorner,2020,LeftFoot,15720,Juventus,Genoa,3,1,2021-04-11 13:00:00,Rodrigo Bentancur,Cross
414396,90,BlockedShot,0.8919999694824219,0.34200000762939453,0.10707399994134903,Paulo Dybala,h,1294,OpenPlay,2020,LeftFoot,15720,Juventus,Genoa,3,1,2021-04-11 13:00:00,Weston McKennie,Pass
416617,27,MissedShots,0.7830000305175782,0.4620000076293945,0.03049270063638687,Paulo Dybala,h,1294,OpenPlay,2020,LeftFoot,15742,Juventus,Parma Calcio 1913,3,1,2021-04-21 18:45:00,,BallTouch
416618,35,BlockedShot,0.7780000305175782,0.47900001525878905,0.09306470304727554,Paulo Dybala,h,1294,DirectFreekick,2020,LeftFoot,15742,Juventus,Parma Calcio 1913,3,1,2021-04-21 18:45:00,,Standard
416629,78,SavedShot,0.9130000305175782,0.3390000152587891,0.2615480124950409,Paulo Dybala,h,1294,OpenPlay,2020,RightFoot,15742,Juventus,Parma Calcio 1913,3,1,2021-04-21 18:45:00,Dejan Kulusevski,Pass
419274,33,SavedShot,0.7930000305175782,0.3820000076293945,0.03271250054240227,Paulo Dybala,a,1294,OpenPlay,2020,RightFoot,15762,Udinese,Juventus,1,2,2021-05-02 16:00:00,Rodrigo Bentancur,Pass
419277,40,BlockedShot,0.8180000305175781,0.3270000076293945,0.02367749996483326,Paulo Dybala,a,1294,FromCorner,2020,LeftFoot,15762,Udinese,Juventus,1,2,2021-05-02 16:00:00,Juan Cuadrado,Pass
419281,55,BlockedShot,0.9530000305175781,0.6659999847412109,0.06514649838209152,Paulo Dybala,a,1294,OpenPlay,2020,LeftFoot,15762,Udinese,Juventus,1,2,2021-05-02 16:00:00,Cristiano Ronaldo,Pass
420884,86,MissedShots,0.7730000305175782,0.44,0.02885109931230545,Paulo Dybala,h,1294,FromCorner,2020,LeftFoot,15771,Juventus,AC Milan,0,3,2021-05-09 18:45:00,Juan Cuadrado,Pass
420886,88,BlockedShot,0.8080000305175781,0.46299999237060546,0.052933499217033386,Paulo Dybala,h,1294,OpenPlay,2020,LeftFoot,15771,Juventus,AC Milan,0,3,2021-05-09 18:45:00,Juan Cuadrado,Pass
420887,90,MissedShots,0.8059999847412109,0.539000015258789,0.05430139973759651,Paulo Dybala,h,1294,OpenPlay,2020,LeftFoot,15771,Juventus,AC Milan,0,3,2021-05-09 18:45:00,Juan Cuadrado,Pass
421372,65,Goal,0.8969999694824219,0.3870000076293945,0.4355050027370453,Paulo Dybala,a,1294,OpenPlay,2020,RightFoot,15779,Sassuolo,Juventus,1,3,2021-05-12 18:45:00,Dejan Kulusevski,Pass
421373,73,SavedShot,0.8219999694824218,0.38599998474121094,0.07545530050992966,Paulo Dybala,a,1294,OpenPlay,2020,LeftFoot,15779,Sassuolo,Juventus,1,3,2021-05-12 18:45:00,Dejan Kulusevski,TakeOn
424333,28,BlockedShot,0.9630000305175781,0.39599998474121095,0.2760159969329834,Paulo Dybala,a,1294,OpenPlay,2020,LeftFoot,15799,Bologna,Juventus,1,4,2021-05-23 18:45:00,Juan Cuadrado,TakeOn
424342,49,SavedShot,0.6990000152587891,0.42900001525878906,0.018375499173998833,Paulo Dybala,a,1294,OpenPlay,2020,LeftFoot,15799,Bologna,Juventus,1,4,2021-05-23 18:45:00,Danilo,Pass
424344,51,MissedShots,0.9519999694824218,0.635,0.0931657999753952,Paulo Dybala,a,1294,OpenPlay,2020,LeftFoot,15799,Bologna,Juventus,1,4,2021-05-23 18:45:00,,None
424355,77,SavedShot,0.7040000152587891,0.45,0.015330900438129902,Paulo Dybala,a,1294,OpenPlay,2020,LeftFoot,15799,Bologna,Juventus,1,4,2021-05-23 18:45:00,Juan Cuadrado,BlockedPass
424358,81,MissedShots,0.7440000152587891,0.26799999237060546,0.014313600026071072,Paulo Dybala,a,1294,OpenPlay,2020,LeftFoot,15799,Bologna,Juventus,1,4,2021-05-23 18:45:00,Weston McKennie,Pass
424363,86,ShotOnPost,0.9569999694824218,0.32,0.08963949978351593,Paulo Dybala,a,1294,OpenPlay,2020,RightFoot,15799,Bologna,Juventus,1,4,2021-05-23 18:45:00,Juan Cuadrado,Pass
424366,87,SavedShot,0.85,0.544000015258789,0.08443599939346313,Paulo Dybala,a,1294,OpenPlay,2020,LeftFoot,15799,Bologna,Juventus,1,4,2021-05-23 18:45:00,Arthur,TakeOn
427840,2,Goal,0.9159999847412109,0.425,0.13174299895763397,Paulo Dybala,a,1294,OpenPlay,2021,LeftFoot,16761,Udinese,Juventus,2,2,2021-08-22 16:30:00,Rodrigo Bentancur,Pass
427860,91,SavedShot,0.7709999847412109,0.3629999923706055,0.019718900322914124,Paulo Dybala,a,1294,OpenPlay,2021,LeftFoot,16761,Udinese,Juventus,2,2,2021-08-22 16:30:00,Giorgio Chiellini,TakeOn
427861,91,MissedShots,0.8690000152587891,0.42400001525878905,0.06582970172166824,Paulo Dybala,a,1294,FromCorner,2021,LeftFoot,16761,Udinese,Juventus,2,2,2021-08-22 16:30:00,,None
428973,46,SavedShot,0.7930000305175782,0.5670000076293945,0.041148699820041656,Paulo Dybala,h,1294,OpenPlay,2021,LeftFoot,16771,Juventus,Empoli,0,1,2021-08-28 18:45:00,Álvaro Morata,TakeOn
428976,57,MissedShots,0.7680000305175781,0.5540000152587891,0.026032699272036552,Paulo Dybala,h,1294,OpenPlay,2021,LeftFoot,16771,Juventus,Empoli,0,1,2021-08-28 18:45:00,Juan Cuadrado,Pass
428984,76,BlockedShot,0.8419999694824218,0.5209999847412109,0.07410670071840286,Paulo Dybala,h,1294,OpenPlay,2021,LeftFoot,16771,Juventus,Empoli,0,1,2021-08-28 18:45:00,Manuel Locatelli,Pass
432229,17,MissedShots,0.7069999694824218,0.4929999923706055,0.018799500539898872,Paulo Dybala,h,1294,OpenPlay,2021,RightFoot,16790,Juventus,AC Milan,1,1,2021-09-19 18:45:00,Rodrigo Bentancur,Pass
432502,40,SavedShot,0.7519999694824219,0.500999984741211,0.06697800010442734,Paulo Dybala,a,1294,DirectFreekick,2021,LeftFoot,16804,Spezia,Juventus,2,3,2021-09-22 16:30:00,,Standard
432503,41,SavedShot,0.7269999694824218,0.4879999923706055,0.01995610073208809,Paulo Dybala,a,1294,OpenPlay,2021,LeftFoot,16804,Spezia,Juventus,2,3,2021-09-22 16:30:00,Federico Chiesa,Pass
432504,42,MissedShots,0.794000015258789,0.6329999923706054,0.026584599167108536,Paulo Dybala,a,1294,OpenPlay,2021,LeftFoot,16804,Spezia,Juventus,2,3,2021-09-22 16:30:00,Mattia De Sciglio,Pass
432505,44,SavedShot,0.6790000152587891,0.5159999847412109,0.03190790116786957,Paulo Dybala,a,1294,DirectFreekick,2021,LeftFoot,16804,Spezia,Juventus,2,3,2021-09-22 16:30:00,,Standard
432512,60,SavedShot,0.735,0.44299999237060544,0.01656300015747547,Paulo Dybala,a,1294,OpenPlay,2021,LeftFoot,16804,Spezia,Juventus,2,3,2021-09-22 16:30:00,Federico Chiesa,Dispossessed
432521,70,BlockedShot,0.8630000305175781,0.4640000152587891,0.06933189928531647,Paulo Dybala,a,1294,FromCorner,2021,LeftFoot,16804,Spezia,Juventus,2,3,2021-09-22 16:30:00,,None
433829,5,BlockedShot,0.7980000305175782,0.3340000152587891,0.024785000830888748,Paulo Dybala,h,1294,OpenPlay,2021,LeftFoot,16809,Juventus,Sampdoria,3,2,2021-09-26 10:30:00,Juan Cuadrado,Pass
433831,9,Goal,0.7980000305175782,0.4229999923706055,0.04252609983086586,Paulo Dybala,h,1294,OpenPlay,2021,LeftFoot,16809,Juventus,Sampdoria,3,2,2021-09-26 10:30:00,Manuel Locatelli,Pass
438668,69,BlockedShot,0.750999984741211,0.475,0.021318400278687477,Paulo Dybala,a,1294,OpenPlay,2021,LeftFoot,16840,Inter,Juventus,1,1,2021-10-24 18:45:00,Rodrigo Bentancur,Pass
438669,70,SavedShot,0.75,0.21899999618530275,0.03305080160498619,Paulo Dybala,a,1294,DirectFreekick,2021,LeftFoot,16840,Inter,Juventus,1,1,2021-10-24 18:45:00,,Standard
438670,72,MissedShots,0.7569999694824219,0.5870000076293945,0.02241479977965355,Paulo Dybala,a,1294,OpenPlay,2021,LeftFoot,16840,Inter,Juventus,1,1,2021-10-24 18:45:00,,None
438672,88,Goal,0.885,0.5,0.7612990140914917,Paulo Dybala,a,1294,Penalty,2021,LeftFoot,16840,Inter,Juventus,1,1,2021-10-24 18:45:00,,Standard
438932,36,ShotOnPost,0.7969999694824219,0.47299999237060547,0.04205559939146042,Paulo Dybala,h,1294,OpenPlay,2021,LeftFoot,16848,Juventus,Sassuolo,1,2,2021-10-27 16:30:00,,None
438938,58,SavedShot,0.8719999694824219,0.6020000076293945,0.07514689862728119,Paulo Dybala,h,1294,OpenPlay,2021,LeftFoot,16848,Juventus,Sassuolo,1,2,2021-10-27 16:30:00,Alex Sandro,Pass
439798,15,MissedShots,0.8119999694824219,0.525,0.06652069836854935,Paulo Dybala,a,1294,OpenPlay,2021,RightFoot,16860,Verona,Juventus,2,1,2021-10-30 16:00:00,Álvaro Morata,Pass
439800,34,MissedShots,0.9080000305175782,0.6759999847412109,0.07317789644002914,Paulo Dybala,a,1294,OpenPlay,2021,LeftFoot,16860,Verona,Juventus,2,1,2021-10-30 16:00:00,Álvaro Morata,LayOff
439801,35,MissedShots,0.8590000152587891,0.515,0.018828099593520164,Paulo Dybala,a,1294,OpenPlay,2021,Head,16860,Verona,Juventus,2,1,2021-10-30 16:00:00,Alex Sandro,Cross
439803,42,MissedShots,0.5740000152587891,0.6990000152587891,0.00524928979575634,Paulo Dybala,a,1294,OpenPlay,2021,LeftFoot,16860,Verona,Juventus,2,1,2021-10-30 16:00:00,Arthur,TakeOn
439804,43,ShotOnPost,0.87,0.3820000076293945,0.09041939675807953,Paulo Dybala,a,1294,OpenPlay,2021,LeftFoot,16860,Verona,Juventus,2,1,2021-10-30 16:00:00,Álvaro Morata,Pass
439805,47,MissedShots,0.8180000305175781,0.36700000762939455,0.04516569897532463,Paulo Dybala,a,1294,OpenPlay,2021,LeftFoot,16860,Verona,Juventus,2,1,2021-10-30 16:00:00,Álvaro Morata,Pass
439807,52,MissedShots,0.8069999694824219,0.33,0.021431900560855865,Paulo Dybala,a,1294,OpenPlay,2021,LeftFoot,16860,Verona,Juventus,2,1,2021-10-30 16:00:00,Juan Cuadrado,Pass
439815,89,SavedShot,0.764000015258789,0.5309999847412109,0.025666000321507454,Paulo Dybala,a,1294,OpenPlay,2021,LeftFoot,16860,Verona,Juventus,2,1,2021-10-30 16:00:00,Federico Bernardeschi,Pass
441200,9,MissedShots,0.8969999694824219,0.5990000152587891,0.10666800290346146,Paulo Dybala,h,1294,OpenPlay,2021,LeftFoot,16868,Juventus,Fiorentina,1,0,2021-11-06 17:00:00,Álvaro Morata,Pass
441201,13,BlockedShot,0.855,0.34400001525878904,0.06133490055799484,Paulo Dybala,h,1294,FromCorner,2021,LeftFoot,16868,Juventus,Fiorentina,1,0,2021-11-06 17:00:00,Federico Chiesa,TakeOn
441209,48,MissedShots,0.74,0.395,0.01512600015848875,Paulo Dybala,h,1294,OpenPlay,2021,LeftFoot,16868,Juventus,Fiorentina,1,0,2021-11-06 17:00:00,,None
444199,16,SavedShot,0.9130000305175782,0.3609999847412109,0.160630002617836,Paulo Dybala,h,1294,OpenPlay,2021,LeftFoot,16888,Juventus,Atalanta,0,1,2021-11-27 17:00:00,Weston McKennie,TakeOn
444205,33,MissedShots,0.8230000305175781,0.43900001525878907,0.04629870131611824,Paulo Dybala,h,1294,OpenPlay,2021,LeftFoot,16888,Juventus,Atalanta,0,1,2021-11-27 17:00:00,Weston McKennie,Rebound
444211,59,MissedShots,0.8930000305175781,0.66,0.05353109911084175,Paulo Dybala,h,1294,OpenPlay,2021,LeftFoot,16888,Juventus,Atalanta,0,1,2021-11-27 17:00:00,,Rebound
444218,94,ShotOnPost,0.8069999694824219,0.315,0.07759469747543335,Paulo Dybala,h,1294,DirectFreekick,2021,LeftFoot,16888,Juventus,Atalanta,0,1,2021-11-27 17:00:00,,Standard
445150,3,SavedShot,0.7759999847412109,0.57,0.02068129926919937,Paulo Dybala,a,1294,SetPiece,2021,LeftFoot,16903,Salernitana,Juventus,0,2,2021-11-30 19:45:00,,None
445152,9,SavedShot,0.7440000152587891,0.37,0.017175400629639626,Paulo Dybala,a,1294,OpenPlay,2021,LeftFoot,16903,Salernitana,Juventus,0,2,2021-11-30 19:45:00,Juan Cuadrado,Pass
445154,20,Goal,0.8109999847412109,0.5220000076293946,0.06162109971046448,Paulo Dybala,a,1294,OpenPlay,2021,LeftFoot,16903,Salernitana,Juventus,0,2,2021-11-30 19:45:00,Dejan Kulusevski,Pass
445157,46,BlockedShot,0.8780000305175781,0.3129999923706055,0.05964500084519386,Paulo Dybala,a,1294,OpenPlay,2021,LeftFoot,16903,Salernitana,Juventus,0,2,2021-11-30 19:45:00,Juan Cuadrado,Pass
445159,53,MissedShots,0.7859999847412109,0.654000015258789,0.03530389815568924,Paulo Dybala,a,1294,OpenPlay,2021,LeftFoot,16903,Salernitana,Juventus,0,2,2021-11-30 19:45:00,,None
445160,56,MissedShots,0.82,0.5159999847412109,0.07089109718799591,Paulo Dybala,a,1294,OpenPlay,2021,LeftFoot,16903,Salernitana,Juventus,0,2,2021-11-30 19:45:00,,None
445168,81,MissedShots,0.7380000305175781,0.30100000381469727,0.014331099577248096,Paulo Dybala,a,1294,OpenPlay,2021,LeftFoot,16903,Salernitana,Juventus,0,2,2021-11-30 19:45:00,,None
445169,85,SavedShot,0.8619999694824219,0.3920000076293945,0.43571799993515015,Paulo Dybala,a,1294,OpenPlay,2021,LeftFoot,16903,Salernitana,Juventus,0,2,2021-11-30 19:45:00,Álvaro Morata,Throughball
445171,94,MissedShots,0.885,0.5,0.7612990140914917,Paulo Dybala,a,1294,Penalty,2021,LeftFoot,16903,Salernitana,Juventus,0,2,2021-11-30 19:45:00,,Standard
447128,10,MissedShots,0.735999984741211,0.5659999847412109,0.024039600044488907,Paulo Dybala,h,1294,OpenPlay,2021,LeftFoot,16909,Juventus,Genoa,2,0,2021-12-05 19:45:00,,None
447131,25,BlockedShot,0.82,0.5359999847412109,0.07183440029621124,Paulo Dybala,h,1294,OpenPlay,2021,RightFoot,16909,Juventus,Genoa,2,0,2021-12-05 19:45:00,Manuel Locatelli,Pass
447132,25,MissedShots,0.865,0.4570000076293945,0.09592709690332413,Paulo Dybala,h,1294,OpenPlay,2021,RightFoot,16909,Juventus,Genoa,2,0,2021-12-05 19:45:00,,Rebound
447140,49,MissedShots,0.7480000305175781,0.5429999923706055,0.02592100016772747,Paulo Dybala,h,1294,OpenPlay,2021,LeftFoot,16909,Juventus,Genoa,2,0,2021-12-05 19:45:00,Álvaro Morata,Pass
447145,62,SavedShot,0.7519999694824219,0.615,0.02268430031836033,Paulo Dybala,h,1294,FromCorner,2021,LeftFoot,16909,Juventus,Genoa,2,0,2021-12-05 19:45:00,Juan Cuadrado,Cross
447148,64,SavedShot,0.9159999847412109,0.61,0.4657970070838928,Paulo Dybala,h,1294,OpenPlay,2021,LeftFoot,16909,Juventus,Genoa,2,0,2021-12-05 19:45:00,Álvaro Morata,Pass
447151,81,Goal,0.9219999694824219,0.674000015258789,0.09209579974412918,Paulo Dybala,h,1294,OpenPlay,2021,LeftFoot,16909,Juventus,Genoa,2,0,2021-12-05 19:45:00,Federico Bernardeschi,Pass
447828,7,SavedShot,0.805,0.5170000076293946,0.01759590022265911,Paulo Dybala,a,1294,OpenPlay,2021,LeftFoot,16925,Venezia,Juventus,1,1,2021-12-11 17:00:00,Federico Bernardeschi,Aerial
451864,65,SavedShot,0.74,0.515,0.019685499370098114,Paulo Dybala,h,1294,OpenPlay,2021,LeftFoot,16949,Juventus,Napoli,1,1,2022-01-06 19:45:00,,BallRecovery
451868,96,BlockedShot,0.7390000152587891,0.34900001525878904,0.04582719877362251,Paulo Dybala,h,1294,DirectFreekick,2021,LeftFoot,16949,Juventus,Napoli,1,1,2022-01-06 19:45:00,,Standard
452712,1,SavedShot,0.914000015258789,0.295,0.04733709990978241,Paulo Dybala,a,1294,OpenPlay,2021,LeftFoot,16962,Roma,Juventus,3,4,2022-01-09 17:30:00,Weston McKennie,Chipped
452721,17,Goal,0.8159999847412109,0.4979999923706055,0.05875749886035919,Paulo Dybala,a,1294,OpenPlay,2021,LeftFoot,16962,Roma,Juventus,3,4,2022-01-09 17:30:00,Federico Chiesa,Pass
452731,51,BlockedShot,0.710999984741211,0.53,0.04219239950180054,Paulo Dybala,a,1294,DirectFreekick,2021,LeftFoot,16962,Roma,Juventus,3,4,2022-01-09 17:30:00,,Standard
452732,51,BlockedShot,0.72,0.5129999923706055,0.012399000115692616,Paulo Dybala,a,1294,SetPiece,2021,RightFoot,16962,Roma,Juventus,3,4,2022-01-09 17:30:00,,Rebound
452734,57,MissedShots,0.7240000152587891,0.43900001525878907,0.009683719836175442,Paulo Dybala,a,1294,OpenPlay,2021,LeftFoot,16962,Roma,Juventus,3,4,2022-01-09 17:30:00,,None
453419,18,Goal,0.8869999694824219,0.46,0.3843429982662201,Paulo Dybala,h,1294,OpenPlay,2021,LeftFoot,16969,Juventus,Udinese,2,0,2022-01-15 19:45:00,,None
453423,40,MissedShots,0.74,0.5509999847412109,0.02412240020930767,Paulo Dybala,h,1294,OpenPlay,2021,LeftFoot,16969,Juventus,Udinese,2,0,2022-01-15 19:45:00,Rodrigo Bentancur,Pass
453432,62,BlockedShot,0.7659999847412109,0.5770000076293945,0.014195299707353115,Paulo Dybala,h,1294,FromCorner,2021,LeftFoot,16969,Juventus,Udinese,2,0,2022-01-15 19:45:00,Daniele Rugani,Aerial
453433,64,MissedShots,0.8059999847412109,0.5259999847412109,0.06042790040373802,Paulo Dybala,h,1294,OpenPlay,2021,LeftFoot,16969,Juventus,Udinese,2,0,2022-01-15 19:45:00,Weston McKennie,Pass
455440,23,MissedShots,0.855999984741211,0.3089999961853027,0.057708799839019775,Paulo Dybala,a,1294,OpenPlay,2021,LeftFoot,16982,AC Milan,Juventus,0,0,2022-01-23 19:45:00,,TakeOn
455448,49,BlockedShot,0.774000015258789,0.46700000762939453,0.030994899570941925,Paulo Dybala,a,1294,OpenPlay,2021,LeftFoot,16982,AC Milan,Juventus,0,0,2022-01-23 19:45:00,Rodrigo Bentancur,Pass
455451,56,BlockedShot,0.915,0.6819999694824219,0.0649178996682167,Paulo Dybala,a,1294,OpenPlay,2021,LeftFoot,16982,AC Milan,Juventus,0,0,2022-01-23 19:45:00,Álvaro Morata,Pass
456431,63,SavedShot,0.9330000305175781,0.3509999847412109,0.10272499918937683,Paulo Dybala,h,1294,OpenPlay,2021,LeftFoot,16990,Juventus,Verona,2,0,2022-02-06 19:45:00,Danilo,Pass
457794,13,MissedShots,0.855999984741211,0.41900001525878905,0.06946469843387604,Paulo Dybala,a,1294,OpenPlay,2021,LeftFoot,16996,Atalanta,Juventus,1,1,2022-02-13 19:45:00,Weston McKennie,Chipped
457810,52,MissedShots,0.8140000152587891,0.3579999923706055,0.040414199233055115,Paulo Dybala,a,1294,OpenPlay,2021,LeftFoot,16996,Atalanta,Juventus,1,1,2022-02-13 19:45:00,Weston McKennie,Dispossessed
457822,81,SavedShot,0.7290000152587891,0.33799999237060546,0.014836899936199188,Paulo Dybala,a,1294,OpenPlay,2021,LeftFoot,16996,Atalanta,Juventus,1,1,2022-02-13 19:45:00,Moise Kean,Pass
457981,22,SavedShot,0.8630000305175781,0.46900001525878904,0.10975199937820435,Paulo Dybala,h,1294,OpenPlay,2021,LeftFoot,17010,Juventus,Torino,1,1,2022-02-18 19:45:00,Luca Pellegrini,Pass
457989,52,MissedShots,0.695,0.6919999694824219,0.01827790029346943,Paulo Dybala,h,1294,OpenPlay,2021,LeftFoot,17010,Juventus,Torino,1,1,2022-02-18 19:45:00,Manuel Locatelli,Pass
464521,4,Goal,0.9319999694824219,0.40900001525878904,0.4376870095729828,Paulo Dybala,h,1294,OpenPlay,2021,LeftFoot,17051,Juventus,Salernitana,2,0,2022-03-20 14:00:00,Dusan Vlahovic,Pass
464522,12,MissedShots,0.915,0.539000015258789,0.43145298957824707,Paulo Dybala,h,1294,OpenPlay,2021,LeftFoot,17051,Juventus,Salernitana,2,0,2022-03-20 14:00:00,Juan Cuadrado,Pass
464526,22,SavedShot,0.914000015258789,0.5609999847412109,0.14088000357151031,Paulo Dybala,h,1294,OpenPlay,2021,LeftFoot,17051,Juventus,Salernitana,2,0,2022-03-20 14:00:00,,Rebound
466120,10,MissedShots,0.705,0.35900001525878905,0.012026799842715263,Paulo Dybala,h,1294,OpenPlay,2021,LeftFoot,17059,Juventus,Inter,0,1,2022-04-03 18:45:00,Adrien Rabiot,Pass
466123,27,SavedShot,0.8440000152587891,0.5990000152587891,0.06471340358257294,Paulo Dybala,h,1294,OpenPlay,2021,LeftFoot,17059,Juventus,Inter,0,1,2022-04-03 18:45:00,Dusan Vlahovic,BallRecovery
466132,49,MissedShots,0.710999984741211,0.539000015258789,0.012451300397515297,Paulo Dybala,h,1294,SetPiece,2021,LeftFoot,17059,Juventus,Inter,0,1,2022-04-03 18:45:00,Alex Sandro,BallTouch
466133,55,BlockedShot,0.8680000305175781,0.19,0.05674149841070175,Paulo Dybala,h,1294,DirectFreekick,2021,LeftFoot,17059,Juventus,Inter,0,1,2022-04-03 18:45:00,,Standard
466139,82,SavedShot,0.7280000305175781,0.37,0.016869399696588516,Paulo Dybala,h,1294,OpenPlay,2021,LeftFoot,17059,Juventus,Inter,0,1,2022-04-03 18:45:00,Dusan Vlahovic,Pass
466140,89,MissedShots,0.774000015258789,0.3110000038146973,0.056082598865032196,Paulo Dybala,h,1294,DirectFreekick,2021,LeftFoot,17059,Juventus,Inter,0,1,2022-04-03 18:45:00,,Standard
466945,19,MissedShots,0.7880000305175782,0.43,0.03742630034685135,Paulo Dybala,a,1294,OpenPlay,2021,LeftFoot,17067,Cagliari,Juventus,1,2,2022-04-09 18:45:00,Juan Cuadrado,Pass
466949,30,MissedShots,0.75,0.40900001525878904,0.05935030058026314,Paulo Dybala,a,1294,DirectFreekick,2021,LeftFoot,17067,Cagliari,Juventus,1,2,2022-04-09 18:45:00,,Standard
466951,34,SavedShot,0.8530000305175781,0.4879999923706055,0.06705489754676819,Paulo Dybala,a,1294,SetPiece,2021,LeftFoot,17067,Cagliari,Juventus,1,2,2022-04-09 18:45:00,,None
466956,46,MissedShots,0.8430000305175781,0.5879999923706055,0.04746659845113754,Paulo Dybala,a,1294,FromCorner,2021,LeftFoot,17067,Cagliari,Juventus,1,2,2022-04-09 18:45:00,,None
466957,48,MissedShots,0.88,0.3659999847412109,0.24389800429344177,Paulo Dybala,a,1294,OpenPlay,2021,LeftFoot,17067,Cagliari,Juventus,1,2,2022-04-09 18:45:00,Giorgio Chiellini,Pass
468323,3,MissedShots,0.720999984741211,0.5270000076293946,0.015576300211250782,Paulo Dybala,h,1294,OpenPlay,2021,LeftFoot,17079,Juventus,Bologna,1,1,2022-04-16 16:30:00,Juan Cuadrado,Pass
468328,13,MissedShots,0.735,0.3170000076293945,0.04039429873228073,Paulo Dybala,h,1294,DirectFreekick,2021,LeftFoot,17079,Juventus,Bologna,1,1,2022-04-16 16:30:00,,Standard
468342,57,BlockedShot,0.7609999847412109,0.524000015258789,0.017104899510741234,Paulo Dybala,h,1294,SetPiece,2021,LeftFoot,17079,Juventus,Bologna,1,1,2022-04-16 16:30:00,,Rebound
470948,26,BlockedShot,0.91,0.4570000076293945,0.10232000052928925,Paulo Dybala,a,1294,OpenPlay,2021,RightFoot,17093,Sassuolo,Juventus,1,2,2022-04-25 18:45:00,Mattia De Sciglio,Cross
470949,28,SavedShot,0.5529999923706055,0.36900001525878906,0.007576589938253164,Paulo Dybala,a,1294,OpenPlay,2021,LeftFoot,17093,Sassuolo,Juventus,1,2,2022-04-25 18:45:00,Wojciech Szczesny,Pass
470955,44,Goal,0.9080000305175782,0.34,0.07316219806671143,Paulo Dybala,a,1294,OpenPlay,2021,LeftFoot,17093,Sassuolo,Juventus,1,2,2022-04-25 18:45:00,Denis Zakaria,Pass
472471,83,MissedShots,0.784000015258789,0.32799999237060545,0.031193699687719345,Paulo Dybala,h,1294,OpenPlay,2021,LeftFoot,17099,Juventus,Venezia,2,1,2022-05-01 10:30:00,Matthijs de Ligt,Pass
472766,39,SavedShot,0.7669999694824219,0.4640000152587891,0.028641600161790848,Paulo Dybala,a,1294,OpenPlay,2021,LeftFoot,17107,Genoa,Juventus,2,1,2022-05-06 19:00:00,Fabio Miretti,Pass
472769,47,Goal,0.7780000305175782,0.575,0.02739500068128109,Paulo Dybala,a,1294,OpenPlay,2021,RightFoot,17107,Genoa,Juventus,2,1,2022-05-06 19:00:00,Moise Kean,Pass
472775,67,ShotOnPost,0.7680000305175781,0.34700000762939454,0.02097019925713539,Paulo Dybala,a,1294,OpenPlay,2021,LeftFoot,17107,Genoa,Juventus,2,1,2022-05-06 19:00:00,Dusan Vlahovic,Pass
472780,72,BlockedShot,0.7419999694824219,0.47400001525878904,0.008252070285379887,Paulo Dybala,a,1294,FromCorner,2021,LeftFoot,17107,Genoa,Juventus,2,1,2022-05-06 19:00:00,Fabio Miretti,Chipped
477398,10,BlockedShot,0.8569999694824219,0.395,0.06558780372142792,Paulo Dybala,a,1294,OpenPlay,2021,LeftFoot,17127,Fiorentina,Juventus,2,0,2022-05-21 18:45:00,Federico Bernardeschi,Pass
481221,22,MissedShots,0.7319999694824219,0.4370000076293945,0.05105949938297272,Paulo Dybala,a,1294,DirectFreekick,2022,LeftFoot,18589,Salernitana,Roma,0,1,2022-08-14 18:45:00,,Standard
481229,43,SavedShot,0.8530000305175781,0.5729999923706055,0.3499949872493744,Paulo Dybala,a,1294,OpenPlay,2022,LeftFoot,18589,Salernitana,Roma,0,1,2022-08-14 18:45:00,Nicolo Zaniolo,Throughball
481236,56,MissedShots,0.9459999847412109,0.6559999847412109,0.2684909999370575,Paulo Dybala,a,1294,OpenPlay,2022,LeftFoot,18589,Salernitana,Roma,0,1,2022-08-14 18:45:00,Leonardo Spinazzola,Pass
481240,63,MissedShots,0.9540000152587891,0.34599998474121096,0.08112110197544098,Paulo Dybala,a,1294,OpenPlay,2022,LeftFoot,18589,Salernitana,Roma,0,1,2022-08-14 18:45:00,,None
482998,3,BlockedShot,0.875,0.705,0.042922500520944595,Paulo Dybala,h,1294,FromCorner,2022,LeftFoot,18600,Roma,Cremonese,1,0,2022-08-22 16:30:00,Chris Smalling,Pass
483004,17,SavedShot,0.8430000305175781,0.4779999923706055,0.11193499714136124,Paulo Dybala,h,1294,OpenPlay,2022,LeftFoot,18600,Roma,Cremonese,1,0,2022-08-22 16:30:00,,Rebound
483012,46,SavedShot,0.8690000152587891,0.5220000076293946,0.14218099415302277,Paulo Dybala,h,1294,OpenPlay,2022,LeftFoot,18600,Roma,Cremonese,1,0,2022-08-22 16:30:00,Tammy Abraham,Pass
483019,47,BlockedShot,0.8680000305175781,0.6419999694824219,0.07203999906778336,Paulo Dybala,h,1294,OpenPlay,2022,RightFoot,18600,Roma,Cremonese,1,0,2022-08-22 16:30:00,Lorenzo Pellegrini,Pass
483021,51,BlockedShot,0.915,0.74,0.041951898485422134,Paulo Dybala,h,1294,OpenPlay,2022,LeftFoot,18600,Roma,Cremonese,1,0,2022-08-22 16:30:00,Leonardo Spinazzola,Pass
483024,54,MissedShots,0.9069999694824219,0.5459999847412109,0.4036180078983307,Paulo Dybala,h,1294,OpenPlay,2022,RightFoot,18600,Roma,Cremonese,1,0,2022-08-22 16:30:00,,Rebound
484896,17,Goal,0.8440000152587891,0.6669999694824219,0.05218689888715744,Paulo Dybala,h,1294,OpenPlay,2022,LeftFoot,18613,Roma,Monza,3,0,2022-08-30 18:45:00,Tammy Abraham,HeadPass
484901,31,Goal,0.9269999694824219,0.48400001525878905,0.5234569907188416,Paulo Dybala,h,1294,OpenPlay,2022,RightFoot,18613,Roma,Monza,3,0,2022-08-30 18:45:00,,Rebound
484904,45,SavedShot,0.8130000305175781,0.5029999923706054,0.08413329720497131,Paulo Dybala,h,1294,OpenPlay,2022,LeftFoot,18613,Roma,Monza,3,0,2022-08-30 18:45:00,Lorenzo Pellegrini,Pass
486813,0,MissedShots,0.835999984741211,0.62,0.06063130125403404,Paulo Dybala,a,1294,OpenPlay,2022,LeftFoot,18628,Udinese,Roma,4,0,2022-09-04 18:45:00,Tammy Abraham,Pass
486816,13,SavedShot,0.9119999694824219,0.5640000152587891,0.11576499789953232,Paulo Dybala,a,1294,OpenPlay,2022,LeftFoot,18628,Udinese,Roma,4,0,2022-09-04 18:45:00,Leonardo Spinazzola,Throughball
486820,29,BlockedShot,0.8669999694824219,0.55,0.06758709996938705,Paulo Dybala,a,1294,OpenPlay,2022,LeftFoot,18628,Udinese,Roma,4,0,2022-09-04 18:45:00,,Dispossessed
486833,80,BlockedShot,0.7930000305175782,0.5179999923706055,0.04306560009717941,Paulo Dybala,a,1294,OpenPlay,2022,RightFoot,18628,Udinese,Roma,4,0,2022-09-04 18:45:00,Lorenzo Pellegrini,Pass
488300,6,ShotOnPost,0.9590000152587891,0.47,0.6725559830665588,Paulo Dybala,a,1294,OpenPlay,2022,LeftFoot,18634,Empoli,Roma,1,2,2022-09-12 18:45:00,,Rebound
488303,16,Goal,0.7930000305175782,0.515,0.040226299315690994,Paulo Dybala,a,1294,OpenPlay,2022,LeftFoot,18634,Empoli,Roma,1,2,2022-09-12 18:45:00,,None
488310,34,MissedShots,0.860999984741211,0.27,0.045688800513744354,Paulo Dybala,a,1294,OpenPlay,2022,LeftFoot,18634,Empoli,Roma,1,2,2022-09-12 18:45:00,,None
490291,12,MissedShots,0.8909999847412109,0.2510000038146973,0.0312952995300293,Paulo Dybala,a,1294,OpenPlay,2022,LeftFoot,18655,Inter,Roma,1,2,2022-10-01 16:00:00,Mehmet Zeki Çelik,Pass
490299,38,Goal,0.909000015258789,0.365,0.05931270122528076,Paulo Dybala,a,1294,OpenPlay,2022,LeftFoot,18655,Inter,Roma,1,2,2022-10-01 16:00:00,Leonardo Spinazzola,Cross
492529,47,Goal,0.885,0.5,0.7612990140914917,Paulo Dybala,h,1294,Penalty,2022,LeftFoot,18667,Roma,Lecce,2,1,2022-10-09 18:45:00,,Standard
500645,71,SavedShot,0.825999984741211,0.49400001525878906,0.06683920323848724,Paulo Dybala,h,1294,OpenPlay,2022,RightFoot,18730,Roma,Torino,1,1,2022-11-13 14:00:00,Stephan El Shaarawy,Pass
500648,84,BlockedShot,0.8180000305175781,0.3820000076293945,0.02793929912149906,Paulo Dybala,h,1294,FromCorner,2022,LeftFoot,18730,Roma,Torino,1,1,2022-11-13 14:00:00,Nemanja Matic,Pass
500651,93,ShotOnPost,0.7909999847412109,0.38,0.03186669945716858,Paulo Dybala,h,1294,OpenPlay,2022,LeftFoot,18730,Roma,Torino,1,1,2022-11-13 14:00:00,Benjamin Tahirovic,Pass
502351,40,MissedShots,0.8430000305175781,0.5179999923706055,0.06327520310878754,Paulo Dybala,h,1294,FromCorner,2022,LeftFoot,18736,Roma,Bologna,1,0,2023-01-04 15:30:00,,Rebound
502350,40,BlockedShot,0.845,0.5170000076293946,0.05816109851002693,Paulo Dybala,h,1294,FromCorner,2022,LeftFoot,18736,Roma,Bologna,1,0,2023-01-04 15:30:00,,None
503006,42,MissedShots,0.7340000152587891,0.4909999847412109,0.017172599211335182,Paulo Dybala,a,1294,OpenPlay,2022,LeftFoot,18747,AC Milan,Roma,2,2,2023-01-08 19:45:00,,None
503014,78,BlockedShot,0.81,0.23299999237060548,0.015223699621856213,Paulo Dybala,a,1294,OpenPlay,2022,LeftFoot,18747,AC Milan,Roma,2,2,2023-01-08 19:45:00,Tammy Abraham,Pass
504233,39,Goal,0.815,0.4779999923706055,0.04961320012807846,Paulo Dybala,h,1294,OpenPlay,2022,LeftFoot,18758,Roma,Fiorentina,2,0,2023-01-15 19:45:00,Tammy Abraham,Pass
504243,81,Goal,0.9219999694824219,0.54,0.5155959725379944,Paulo Dybala,h,1294,OpenPlay,2022,LeftFoot,18758,Roma,Fiorentina,2,0,2023-01-15 19:45:00,Tammy Abraham,Pass
505102,25,BlockedShot,0.8169999694824219,0.47,0.16523900628089905,Paulo Dybala,a,1294,DirectFreekick,2022,LeftFoot,18771,Spezia,Roma,0,2,2023-01-22 17:00:00,,Standard
506365,36,MissedShots,0.7759999847412109,0.49700000762939456,0.033962100744247437,Paulo Dybala,a,1294,OpenPlay,2022,RightFoot,18780,Napoli,Roma,2,1,2023-01-29 19:45:00,Lorenzo Pellegrini,Rebound
507282,8,MissedShots,0.885,0.35700000762939454,0.08925840258598328,Paulo Dybala,h,1294,OpenPlay,2022,LeftFoot,18787,Roma,Empoli,2,0,2023-02-04 17:00:00,Bryan Cristante,Pass
507291,46,SavedShot,0.879000015258789,0.3240000152587891,0.03751809895038605,Paulo Dybala,h,1294,FromCorner,2022,LeftFoot,18787,Roma,Empoli,2,0,2023-02-04 17:00:00,Stephan El Shaarawy,HeadPass
508557,16,Goal,0.885,0.5,0.7612990140914917,Paulo Dybala,a,1294,Penalty,2022,LeftFoot,18798,Lecce,Roma,1,1,2023-02-11 17:00:00,,Standard
508563,47,MissedShots,0.7580000305175781,0.3390000152587891,0.01513420045375824,Paulo Dybala,a,1294,FromCorner,2022,LeftFoot,18798,Lecce,Roma,1,1,2023-02-11 17:00:00,,None
508567,56,BlockedShot,0.8480000305175781,0.675,0.04716400057077408,Paulo Dybala,a,1294,OpenPlay,2022,LeftFoot,18798,Lecce,Roma,1,1,2023-02-11 17:00:00,Stephan El Shaarawy,Pass
511668,23,MissedShots,0.7669999694824219,0.3679999923706055,0.0641930028796196,Paulo Dybala,a,1294,DirectFreekick,2022,LeftFoot,18817,Cremonese,Roma,2,1,2023-02-28 17:30:00,,Standard
511672,56,BlockedShot,0.769000015258789,0.5309999847412109,0.024325599893927574,Paulo Dybala,a,1294,OpenPlay,2022,LeftFoot,18817,Cremonese,Roma,2,1,2023-02-28 17:30:00,Lorenzo Pellegrini,Pass
511674,72,SavedShot,0.8169999694824219,0.46700000762939453,0.0317550003528595,Paulo Dybala,a,1294,OpenPlay,2022,LeftFoot,18817,Cremonese,Roma,2,1,2023-02-28 17:30:00,Leonardo Spinazzola,Cross
511679,95,MissedShots,0.7730000305175782,0.3920000076293945,0.02204030007123947,Paulo Dybala,a,1294,OpenPlay,2022,LeftFoot,18817,Cremonese,Roma,2,1,2023-02-28 17:30:00,Rick Karsdorp,Pass
512948,15,BlockedShot,0.8159999847412109,0.5429999923706055,0.06503169983625412,Paulo Dybala,h,1294,OpenPlay,2022,LeftFoot,18827,Roma,Juventus,1,0,2023-03-05 19:45:00,Gianluca Mancini,Pass
512950,26,SavedShot,0.8130000305175781,0.25799999237060545,0.02260579913854599,Paulo Dybala,h,1294,OpenPlay,2022,LeftFoot,18827,Roma,Juventus,1,0,2023-03-05 19:45:00,Bryan Cristante,Pass
514313,49,Goal,0.8130000305175781,0.71,0.020659899339079857,Paulo Dybala,h,1294,SetPiece,2022,LeftFoot,18840,Roma,Sassuolo,3,4,2023-03-12 17:00:00,Stephan El Shaarawy,Pass
514322,77,SavedShot,0.7630000305175781,0.49900001525878906,0.06375209987163544,Paulo Dybala,h,1294,OpenPlay,2022,LeftFoot,18840,Roma,Sassuolo,3,4,2023-03-12 17:00:00,Chris Smalling,BallRecovery
515794,23,BlockedShot,0.8540000152587891,0.45099998474121095,0.06520900130271912,Paulo Dybala,a,1294,SetPiece,2022,RightFoot,18845,Lazio,Roma,1,0,2023-03-19 17:00:00,,None
517145,6,MissedShots,0.8590000152587891,0.46799999237060547,0.13237500190734863,Paulo Dybala,h,1294,OpenPlay,2022,LeftFoot,18860,Roma,Sampdoria,3,0,2023-04-02 16:00:00,Georginio Wijnaldum,TakeOn
517149,30,BlockedShot,0.8380000305175781,0.68,0.02657889947295189,Paulo Dybala,h,1294,FromCorner,2022,LeftFoot,18860,Roma,Sampdoria,3,0,2023-04-02 16:00:00,Nemanja Matic,Pass
517151,32,BlockedShot,0.9059999847412109,0.3920000076293945,0.08076730370521545,Paulo Dybala,h,1294,FromCorner,2022,LeftFoot,18860,Roma,Sampdoria,3,0,2023-04-02 16:00:00,,TakeOn
517160,53,MissedShots,0.7580000305175781,0.47200000762939454,0.01828560046851635,Paulo Dybala,h,1294,FromCorner,2022,LeftFoot,18860,Roma,Sampdoria,3,0,2023-04-02 16:00:00,,None
517163,69,BlockedShot,0.7819999694824219,0.4229999923706055,0.010602300055325031,Paulo Dybala,h,1294,FromCorner,2022,LeftFoot,18860,Roma,Sampdoria,3,0,2023-04-02 16:00:00,Lorenzo Pellegrini,Chipped
517167,78,MissedShots,0.795,0.44099998474121094,0.054004400968551636,Paulo Dybala,h,1294,OpenPlay,2022,LeftFoot,18860,Roma,Sampdoria,3,0,2023-04-02 16:00:00,Lorenzo Pellegrini,Pass
517171,87,Goal,0.885,0.5,0.7612990140914917,Paulo Dybala,h,1294,Penalty,2022,LeftFoot,18860,Roma,Sampdoria,3,0,2023-04-02 16:00:00,,Standard
518266,7,Goal,0.885,0.5,0.7612990140914917,Paulo Dybala,a,1294,Penalty,2022,LeftFoot,18870,Torino,Roma,0,1,2023-04-08 16:30:00,,Standard
521858,67,MissedShots,0.8469999694824218,0.3679999923706055,0.326570600271225,Paulo Dybala,a,1294,OpenPlay,2022,LeftFoot,18882,Atalanta,Roma,3,1,2023-04-24 18:45:00,,None
521862,78,MissedShots,0.740999984741211,0.634000015258789,0.010885465890169144,Paulo Dybala,a,1294,OpenPlay,2022,LeftFoot,18882,Atalanta,Roma,3,1,2023-04-24 18:45:00,,None
521863,79,BlockedShot,0.8630000305175781,0.4259999847412109,0.042879682034254074,Paulo Dybala,a,1294,OpenPlay,2022,LeftFoot,18882,Atalanta,Roma,3,1,2023-04-24 18:45:00,Tammy Abraham,HeadPass
524765,81,MissedShots,0.8380000305175781,0.3270000076293945,0.037138618528842926,Paulo Dybala,h,1294,OpenPlay,2022,LeftFoot,18918,Roma,Inter,0,2,2023-05-06 16:00:00,Nicola Zalewski,Pass
531270,17,MissedShots,0.769000015258789,0.28100000381469725,0.026989495381712914,Paulo Dybala,h,1294,FromCorner,2022,LeftFoot,18958,Roma,Spezia,2,1,2023-06-04 19:00:00,Stephan El Shaarawy,Pass
531276,36,MissedShots,0.775,0.3110000038146973,0.017725061625242233,Paulo Dybala,h,1294,OpenPlay,2022,LeftFoot,18958,Roma,Spezia,2,1,2023-06-04 19:00:00,,None
531281,63,MissedShots,0.8690000152587891,0.62,0.1089763343334198,Paulo Dybala,h,1294,OpenPlay,2022,LeftFoot,18958,Roma,Spezia,2,1,2023-06-04 19:00:00,Bryan Cristante,Pass
531286,84,SavedShot,0.7769999694824219,0.5690000152587891,0.032507020980119705,Paulo Dybala,h,1294,FromCorner,2022,LeftFoot,18958,Roma,Spezia,2,1,2023-06-04 19:00:00,Nemanja Matic,Pass
531288,90,Goal,0.885,0.5,0.7612988352775574,Paulo Dybala,h,1294,Penalty,2022,LeftFoot,18958,Roma,Spezia,2,1,2023-06-04 19:00:00,,Standard
535076,27,SavedShot,0.975999984741211,0.385,0.06143146753311157,Paulo Dybala,a,1294,FromCorner,2023,RightFoot,22318,Verona,Roma,2,1,2023-08-26 18:45:00,Bryan Cristante,Pass
535079,31,SavedShot,0.8380000305175781,0.6179999923706054,0.06080358847975731,Paulo Dybala,a,1294,OpenPlay,2023,LeftFoot,22318,Verona,Roma,2,1,2023-08-26 18:45:00,Lorenzo Pellegrini,Pass
538512,1,Goal,0.885,0.5,0.7612988352775574,Paulo Dybala,h,1294,Penalty,2023,LeftFoot,22342,Roma,Empoli,7,0,2023-09-17 18:45:00,,Standard
538513,6,BlockedShot,0.7780000305175782,0.39,0.019490879029035568,Paulo Dybala,h,1294,OpenPlay,2023,LeftFoot,22342,Roma,Empoli,7,0,2023-09-17 18:45:00,Leonardo Spinazzola,Chipped
538524,47,MissedShots,0.7580000305175781,0.42900001525878906,0.030639367178082466,Paulo Dybala,h,1294,OpenPlay,2023,LeftFoot,22342,Roma,Empoli,7,0,2023-09-17 18:45:00,Renato Sanches,Pass
538525,54,Goal,0.9080000305175782,0.44099998474121094,0.39951378107070923,Paulo Dybala,h,1294,OpenPlay,2023,LeftFoot,22342,Roma,Empoli,7,0,2023-09-17 18:45:00,Bryan Cristante,TakeOn
538526,58,SavedShot,0.7959999847412109,0.3370000076293945,0.07736793160438538,Paulo Dybala,h,1294,DirectFreekick,2023,LeftFoot,22342,Roma,Empoli,7,0,2023-09-17 18:45:00,,Standard
540047,42,MissedShots,0.7480000305175781,0.5270000076293946,0.018047213554382324,Paulo Dybala,a,1294,OpenPlay,2023,LeftFoot,22354,Torino,Roma,1,1,2023-09-24 18:45:00,Rasmus Kristensen,HeadPass
540608,67,MissedShots,0.860999984741211,0.5279999923706055,0.03355869650840759,Paulo Dybala,a,1294,OpenPlay,2023,LeftFoot,22357,Genoa,Roma,4,1,2023-09-28 18:45:00,,Aerial
540616,86,MissedShots,0.8019999694824219,0.595,0.032680340111255646,Paulo Dybala,a,1294,OpenPlay,2023,LeftFoot,22357,Genoa,Roma,4,1,2023-09-28 18:45:00,Stephan El Shaarawy,Pass
540618,91,SavedShot,0.8059999847412109,0.34400001525878904,0.030140547081828117,Paulo Dybala,a,1294,OpenPlay,2023,LeftFoot,22357,Genoa,Roma,4,1,2023-09-28 18:45:00,Houssem Aouar,Pass
541979,61,MissedShots,0.815,0.3320000076293945,0.044077109545469284,Paulo Dybala,h,1294,OpenPlay,2023,LeftFoot,22369,Roma,Frosinone,2,0,2023-10-01 18:45:00,Leandro Paredes,Pass
543399,16,BlockedShot,0.7909999847412109,0.27399999618530274,0.05538420379161835,Paulo Dybala,a,1294,DirectFreekick,2023,LeftFoot,22375,Cagliari,Roma,1,4,2023-10-08 16:00:00,,Standard
543401,17,SavedShot,0.865999984741211,0.46099998474121096,0.3965098261833191,Paulo Dybala,a,1294,OpenPlay,2023,LeftFoot,22375,Cagliari,Roma,1,4,2023-10-08 16:00:00,Romelu Lukaku,Pass
547582,1,BlockedShot,0.8930000305175781,0.5320000076293945,0.43247663974761963,Paulo Dybala,h,1294,OpenPlay,2023,LeftFoot,22412,Roma,Lecce,2,1,2023-11-05 17:00:00,,None
547591,30,BlockedShot,0.8580000305175781,0.5329999923706055,0.03902694582939148,Paulo Dybala,h,1294,OpenPlay,2023,LeftFoot,22412,Roma,Lecce,2,1,2023-11-05 17:00:00,,Aerial
547593,30,MissedShots,0.8219999694824218,0.485,0.07081440836191177,Paulo Dybala,h,1294,OpenPlay,2023,LeftFoot,22412,Roma,Lecce,2,1,2023-11-05 17:00:00,Rick Karsdorp,Pass
547606,78,MissedShots,0.835,0.34700000762939454,0.03208617866039276,Paulo Dybala,h,1294,OpenPlay,2023,LeftFoot,22412,Roma,Lecce,2,1,2023-11-05 17:00:00,Romelu Lukaku,Pass
549172,47,MissedShots,0.8930000305175781,0.5690000152587891,0.04887716472148895,Paulo Dybala,a,1294,OpenPlay,2023,Head,22416,Lazio,Roma,0,0,2023-11-12 17:00:00,Leonardo Spinazzola,Cross
550556,80,Goal,0.86,0.515,0.33992987871170044,Paulo Dybala,h,1294,OpenPlay,2023,LeftFoot,22434,Roma,Udinese,3,1,2023-11-26 17:00:00,Romelu Lukaku,Pass
551963,5,BlockedShot,0.78,0.4279999923706055,0.022675830870866776,Paulo Dybala,a,1294,OpenPlay,2023,LeftFoot,22444,Sassuolo,Roma,1,2,2023-12-03 17:00:00,,Rebound
551964,9,SavedShot,0.81,0.5159999847412109,0.06017786264419556,Paulo Dybala,a,1294,OpenPlay,2023,LeftFoot,22444,Sassuolo,Roma,1,2,2023-12-03 17:00:00,Leonardo Spinazzola,Pass
551970,40,SavedShot,0.8230000305175781,0.48400001525878905,0.0663376897573471,Paulo Dybala,a,1294,OpenPlay,2023,LeftFoot,22444,Sassuolo,Roma,1,2,2023-12-03 17:00:00,Romelu Lukaku,Pass
551978,75,Goal,0.885,0.5,0.7612988352775574,Paulo Dybala,a,1294,Penalty,2023,LeftFoot,22444,Sassuolo,Roma,1,2,2023-12-03 17:00:00,,Standard
553762,13,MissedShots,0.855,0.53,0.10392934828996658,Paulo Dybala,h,1294,OpenPlay,2023,LeftFoot,22453,Roma,Fiorentina,1,1,2023-12-10 19:45:00,Nicola Zalewski,Pass
557131,30,MissedShots,0.8530000305175781,0.43599998474121093,0.08685358613729477,Paulo Dybala,a,1294,OpenPlay,2023,LeftFoot,22480,Juventus,Roma,1,0,2023-12-30 19:45:00,Rasmus Kristensen,Pass
557141,70,SavedShot,0.8019999694824219,0.43200000762939456,0.03222213685512543,Paulo Dybala,a,1294,OpenPlay,2023,LeftFoot,22480,Juventus,Roma,1,0,2023-12-30 19:45:00,Lorenzo Pellegrini,Pass
557744,32,MissedShots,0.894000015258789,0.5359999847412109,0.4049806296825409,Paulo Dybala,h,1294,OpenPlay,2023,RightFoot,22488,Roma,Atalanta,1,1,2024-01-07 19:45:00,Lorenzo Pellegrini,Pass
557747,38,Goal,0.885,0.5,0.7612988352775574,Paulo Dybala,h,1294,Penalty,2023,LeftFoot,22488,Roma,Atalanta,1,1,2024-01-07 19:45:00,,Standard
557749,50,BlockedShot,0.8830000305175781,0.4520000076293945,0.3785460591316223,Paulo Dybala,h,1294,OpenPlay,2023,LeftFoot,22488,Roma,Atalanta,1,1,2024-01-07 19:45:00,Romelu Lukaku,Pass
557752,55,MissedShots,0.8590000152587891,0.4520000076293945,0.06481768935918808,Paulo Dybala,h,1294,FromCorner,2023,LeftFoot,22488,Roma,Atalanta,1,1,2024-01-07 19:45:00,,None
557755,61,SavedShot,0.9330000305175781,0.665,0.08736879378557205,Paulo Dybala,h,1294,OpenPlay,2023,LeftFoot,22488,Roma,Atalanta,1,1,2024-01-07 19:45:00,Rick Karsdorp,Pass
557756,74,BlockedShot,0.769000015258789,0.710999984741211,0.011173473671078682,Paulo Dybala,h,1294,SetPiece,2023,LeftFoot,22488,Roma,Atalanta,1,1,2024-01-07 19:45:00,,None
560483,50,Goal,0.885,0.5,0.7612988352775574,Paulo Dybala,a,1294,Penalty,2023,LeftFoot,22524,Salernitana,Roma,1,2,2024-01-29 19:45:00,,Standard
563318,22,Goal,0.9009999847412109,0.549000015258789,0.40612033009529114,Paulo Dybala,h,1294,OpenPlay,2023,LeftFoot,22533,Roma,Cagliari,4,0,2024-02-05 19:45:00,Lorenzo Pellegrini,Pass
563321,36,MissedShots,0.8540000152587891,0.355,0.03701811656355858,Paulo Dybala,h,1294,FromCorner,2023,LeftFoot,22533,Roma,Cagliari,4,0,2024-02-05 19:45:00,Lorenzo Pellegrini,LayOff
563328,50,Goal,0.885,0.5,0.7612988352775574,Paulo Dybala,h,1294,Penalty,2023,LeftFoot,22533,Roma,Cagliari,4,0,2024-02-05 19:45:00,,Standard
563329,53,BlockedShot,0.855,0.5679999923706055,0.11947393417358398,Paulo Dybala,h,1294,OpenPlay,2023,LeftFoot,22533,Roma,Cagliari,4,0,2024-02-05 19:45:00,Angelino,Pass
563337,69,MissedShots,0.8030000305175782,0.5520000076293945,0.032632213085889816,Paulo Dybala,h,1294,FromCorner,2023,LeftFoot,22533,Roma,Cagliari,4,0,2024-02-05 19:45:00,Leandro Paredes,Cross
562674,40,MissedShots,0.875,0.36200000762939455,0.07811412960290909,Paulo Dybala,h,1294,OpenPlay,2023,RightFoot,22544,Roma,Inter,2,4,2024-02-10 17:00:00,Stephan El Shaarawy,Pass
565970,41,Goal,0.885,0.5,0.7612988352775574,Paulo Dybala,h,1294,Penalty,2023,LeftFoot,22559,Roma,Torino,3,2,2024-02-26 17:30:00,,Standard
565975,56,Goal,0.7219999694824218,0.40900001525878904,0.015360835939645767,Paulo Dybala,h,1294,OpenPlay,2023,LeftFoot,22559,Roma,Torino,3,2,2024-02-26 17:30:00,Bryan Cristante,Pass
565977,68,Goal,0.965,0.6559999847412109,0.2744954228401184,Paulo Dybala,h,1294,OpenPlay,2023,LeftFoot,22559,Roma,Torino,3,2,2024-02-26 17:30:00,Romelu Lukaku,Pass
566793,62,Goal,0.7369999694824219,0.3890000152587891,0.04956147447228432,Paulo Dybala,a,1294,DirectFreekick,2023,LeftFoot,22569,Monza,Roma,1,4,2024-03-02 17:00:00,,Standard
568887,16,MissedShots,0.78,0.5640000152587891,0.03443571552634239,Paulo Dybala,a,1294,OpenPlay,2023,LeftFoot,22577,Fiorentina,Roma,2,2,2024-03-10 19:45:00,Romelu Lukaku,BallTouch
571685,88,BlockedShot,0.8130000305175781,0.4879999923706055,0.031800564378499985,Paulo Dybala,a,1294,OpenPlay,2023,LeftFoot,22600,Lecce,Roma,0,0,2024-04-01 17:00:00,Houssem Aouar,HeadPass
576337,60,BlockedShot,0.8690000152587891,0.39599998474121095,0.06306885182857513,Paulo Dybala,a,1294,SetPiece,2023,LeftFoot,22621,Udinese,Roma,1,2,2024-04-14 16:00:00,Leandro Paredes,Chipped
576349,91,BlockedShot,0.835,0.5020000076293946,0.10973909497261047,Paulo Dybala,a,1294,OpenPlay,2023,LeftFoot,22621,Udinese,Roma,1,2,2024-04-14 16:00:00,Angelino,Pass
575887,24,MissedShots,0.9619999694824218,0.415,0.08589566498994827,Paulo Dybala,h,1294,FromCorner,2023,LeftFoot,22630,Roma,Bologna,1,3,2024-04-22 16:30:00,Leandro Paredes,Cross
575903,92,BlockedShot,0.8630000305175781,0.6469999694824219,0.06564965844154358,Paulo Dybala,h,1294,OpenPlay,2023,LeftFoot,22630,Roma,Bologna,1,3,2024-04-22 16:30:00,Leonardo Spinazzola,Pass
577564,58,Goal,0.885,0.5,0.7612988352775574,Paulo Dybala,a,1294,Penalty,2023,LeftFoot,22636,Napoli,Roma,2,2,2024-04-28 16:00:00,,Standard
577574,87,BlockedShot,0.7180000305175781,0.5329999923706055,0.014120670966804028,Paulo Dybala,a,1294,OpenPlay,2023,LeftFoot,22636,Napoli,Roma,2,2,2024-04-28 16:00:00,Tammy Abraham,BallTouch
579211,37,MissedShots,0.7669999694824219,0.3160000038146973,0.053613971918821335,Paulo Dybala,h,1294,DirectFreekick,2023,LeftFoot,22652,Roma,Juventus,1,1,2024-05-05 18:45:00,,Standard
579215,44,MissedShots,0.785,0.4570000076293945,0.10016259551048279,Paulo Dybala,h,1294,DirectFreekick,2023,LeftFoot,22652,Roma,Juventus,1,1,2024-05-05 18:45:00,,Standard
582638,70,SavedShot,0.8480000305175781,0.4329999923706055,0.08243630826473236,Paulo Dybala,h,1294,OpenPlay,2023,LeftFoot,22672,Roma,Genoa,1,0,2024-05-19 18:45:00,Romelu Lukaku,LayOff
582644,88,BlockedShot,0.8190000152587891,0.519000015258789,0.06636247783899307,Paulo Dybala,h,1294,OpenPlay,2023,LeftFoot,22672,Roma,Genoa,1,0,2024-05-19 18:45:00,Romelu Lukaku,Pass
583575,8,MissedShots,0.8619999694824219,0.5540000152587891,0.10510631650686264,Paulo Dybala,a,1294,OpenPlay,2023,LeftFoot,22677,Empoli,Roma,2,1,2024-05-26 18:45:00,Nicola Zalewski,Pass
583578,16,MissedShots,0.795,0.4879999923706055,0.037554122507572174,Paulo Dybala,a,1294,OpenPlay,2023,LeftFoot,22677,Empoli,Roma,2,1,2024-05-26 18:45:00,Tammy Abraham,BallRecovery
583593,64,MissedShots,0.7680000305175781,0.29100000381469726,0.014492501504719257,Paulo Dybala,a,1294,OpenPlay,2023,LeftFoot,22677,Empoli,Roma,2,1,2024-05-26 18:45:00,Mehmet Zeki Çelik,Pass
585439,73,BlockedShot,0.779000015258789,0.649000015258789,0.06871221959590912,Paulo Dybala,a,1294,DirectFreekick,2024,LeftFoot,27368,Cagliari,Roma,0,0,2024-08-18 18:45:00,,Standard
587038,18,BlockedShot,0.7969999694824219,0.325,0.020466210320591927,Paulo Dybala,h,1294,OpenPlay,2024,LeftFoot,27379,Roma,Empoli,1,2,2024-08-25 18:45:00,Gianluca Mancini,Pass
587050,55,MissedShots,0.769000015258789,0.5159999847412109,0.029258932918310165,Paulo Dybala,h,1294,OpenPlay,2024,LeftFoot,27379,Roma,Empoli,1,2,2024-08-25 18:45:00,Gianluca Mancini,Pass
587052,65,BlockedShot,0.85,0.715,0.040045469999313354,Paulo Dybala,h,1294,OpenPlay,2024,LeftFoot,27379,Roma,Empoli,1,2,2024-08-25 18:45:00,Nicola Zalewski,BallRecovery
587057,68,BlockedShot,0.8159999847412109,0.4759999847412109,0.05214434489607811,Paulo Dybala,h,1294,OpenPlay,2024,LeftFoot,27379,Roma,Empoli,1,2,2024-08-25 18:45:00,Artem Dovbyk,Pass
587069,93,ShotOnPost,0.8040000152587891,0.6120000076293945,0.03833577036857605,Paulo Dybala,h,1294,OpenPlay,2024,LeftFoot,27379,Roma,Empoli,1,2,2024-08-25 18:45:00,Eldor Shomurodov,Pass
590211,86,BlockedShot,0.9169999694824219,0.5990000152587891,0.08719795942306519,Paulo Dybala,a,1294,OpenPlay,2024,LeftFoot,27390,Juventus,Roma,0,0,2024-09-01 18:45:00,,None
591199,28,MissedShots,0.8019999694824219,0.2520000076293945,0.01522143930196762,Paulo Dybala,a,1294,OpenPlay,2024,LeftFoot,27394,Genoa,Roma,1,1,2024-09-15 10:30:00,,None
593190,40,MissedShots,0.899000015258789,0.27600000381469725,0.05267244949936867,Paulo Dybala,h,1294,OpenPlay,2024,RightFoot,27410,Roma,Udinese,3,0,2024-09-22 16:00:00,Lorenzo Pellegrini,Pass
593193,48,Goal,0.885,0.5,0.7612988352775574,Paulo Dybala,h,1294,Penalty,2024,LeftFoot,27410,Roma,Udinese,3,0,2024-09-22 16:00:00,,Standard
593203,73,SavedShot,0.8619999694824219,0.7240000152587891,0.06260423362255096,Paulo Dybala,h,1294,OpenPlay,2024,LeftFoot,27410,Roma,Udinese,3,0,2024-09-22 16:00:00,Artem Dovbyk,HeadPass
597872,68,BlockedShot,0.8859999847412109,0.725999984741211,0.02999761514365673,Paulo Dybala,h,1294,SetPiece,2024,LeftFoot,27441,Roma,Inter,0,1,2024-10-20 18:45:00,,None
599356,2,SavedShot,0.6090000152587891,0.8669999694824219,0.0081095639616251,Paulo Dybala,a,1294,OpenPlay,2024,LeftFoot,27445,Fiorentina,Roma,5,1,2024-10-27 19:45:00,Angelino,Pass
599365,30,BlockedShot,0.899000015258789,0.34,0.05972788482904434,Paulo Dybala,a,1294,OpenPlay,2024,RightFoot,27445,Fiorentina,Roma,5,1,2024-10-27 19:45:00,Mehmet Zeki Çelik,BallTouch
599366,33,BlockedShot,0.8390000152587891,0.46,0.061314236372709274,Paulo Dybala,a,1294,OpenPlay,2024,RightFoot,27445,Fiorentina,Roma,5,1,2024-10-27 19:45:00,Kouadio Kone,BallTouch
599370,43,SavedShot,0.7830000305175782,0.3629999923706055,0.01870192587375641,Paulo Dybala,a,1294,OpenPlay,2024,LeftFoot,27445,Fiorentina,Roma,5,1,2024-10-27 19:45:00,,None
599377,61,SavedShot,0.7419999694824219,0.43200000762939456,0.05656669661402702,Paulo Dybala,a,1294,DirectFreekick,2024,LeftFoot,27445,Fiorentina,Roma,5,1,2024-10-27 19:45:00,,Standard
599674,19,Goal,0.9430000305175781,0.8030000305175782,0.02533007226884365,Paulo Dybala,h,1294,OpenPlay,2024,LeftFoot,27460,Roma,Torino,1,0,2024-10-31 19:45:00,,BallRecovery
599676,24,MissedShots,0.8680000305175781,0.385,0.14381879568099976,Paulo Dybala,h,1294,OpenPlay,2024,LeftFoot,27460,Roma,Torino,1,0,2024-10-31 19:45:00,Gianluca Mancini,TakeOn
599677,28,BlockedShot,0.745999984741211,0.3659999847412109,0.02297637052834034,Paulo Dybala,h,1294,OpenPlay,2024,LeftFoot,27460,Roma,Torino,1,0,2024-10-31 19:45:00,Gianluca Mancini,Pass
599682,59,BlockedShot,0.8590000152587891,0.6859999847412109,0.05981840193271637,Paulo Dybala,h,1294,OpenPlay,2024,LeftFoot,27460,Roma,Torino,1,0,2024-10-31 19:45:00,Angelino,Pass
600824,80,MissedShots,0.7880000305175782,0.40299999237060546,0.09152203798294067,Paulo Dybala,a,1294,DirectFreekick,2024,LeftFoot,27468,Verona,Roma,3,2,2024-11-03 17:00:00,,Standard
600827,90,SavedShot,0.8069999694824219,0.515,0.04963952302932739,Paulo Dybala,a,1294,OpenPlay,2024,LeftFoot,27468,Verona,Roma,3,2,2024-11-03 17:00:00,Bryan Cristante,TakeOn
606088,4,SavedShot,0.8909999847412109,0.4590000152587891,0.06727749109268188,Paulo Dybala,h,1294,OpenPlay,2024,Head,27510,Roma,Lecce,4,1,2024-12-07 19:45:00,Mehmet Zeki Çelik,Cross
606089,9,MissedShots,0.8780000305175781,0.2879999923706055,0.045145511627197266,Paulo Dybala,h,1294,OpenPlay,2024,LeftFoot,27510,Roma,Lecce,4,1,2024-12-07 19:45:00,Gianluca Mancini,Pass
606095,35,BlockedShot,0.924000015258789,0.5229999923706055,0.42387381196022034,Paulo Dybala,h,1294,FromCorner,2024,OtherBodyPart,27510,Roma,Lecce,4,1,2024-12-07 19:45:00,Evan Ndicka,Rebound
606100,54,MissedShots,0.8930000305175781,0.6969999694824218,0.2136385589838028,Paulo Dybala,h,1294,OpenPlay,2024,LeftFoot,27510,Roma,Lecce,4,1,2024-12-07 19:45:00,Alexis Saelemaekers,Pass
606113,93,MissedShots,0.7319999694824219,0.48400001525878905,0.007818087004125118,Paulo Dybala,h,1294,FromCorner,2024,LeftFoot,27510,Roma,Lecce,4,1,2024-12-07 19:45:00,Leandro Paredes,Chipped
607670,44,SavedShot,0.7169999694824218,0.46,0.044573117047548294,Paulo Dybala,a,1294,DirectFreekick,2024,LeftFoot,27512,Como,Roma,2,0,2024-12-15 17:00:00,,Standard
607681,74,MissedShots,0.919000015258789,0.6079999923706054,0.3780139088630676,Paulo Dybala,a,1294,OpenPlay,2024,LeftFoot,27512,Como,Roma,2,0,2024-12-15 17:00:00,Angelino,Pass
608585,7,Goal,0.885,0.5,0.7612988352775574,Paulo Dybala,h,1294,Penalty,2024,LeftFoot,27529,Roma,Parma Calcio 1913,5,0,2024-12-22 11:30:00,,Standard
608590,24,MissedShots,0.9290000152587891,0.4129999923706055,0.13460855185985565,Paulo Dybala,h,1294,OpenPlay,2024,LeftFoot,27529,Roma,Parma Calcio 1913,5,0,2024-12-22 11:30:00,Alexis Saelemaekers,Cross
608599,50,Goal,0.9830000305175781,0.54,0.6494941711425781,Paulo Dybala,h,1294,OpenPlay,2024,LeftFoot,27529,Roma,Parma Calcio 1913,5,0,2024-12-22 11:30:00,Artem Dovbyk,BallTouch
608603,71,SavedShot,0.7290000152587891,0.445,0.04990382492542267,Paulo Dybala,h,1294,DirectFreekick,2024,LeftFoot,27529,Roma,Parma Calcio 1913,5,0,2024-12-22 11:30:00,,Standard
608609,88,MissedShots,0.8880000305175781,0.5690000152587891,0.46845337748527527,Paulo Dybala,h,1294,OpenPlay,2024,LeftFoot,27529,Roma,Parma Calcio 1913,5,0,2024-12-22 11:30:00,Artem Dovbyk,Pass
609609,2,SavedShot,0.8030000305175782,0.6070000076293945,0.04001897946000099,Paulo Dybala,a,1294,OpenPlay,2024,LeftFoot,27538,AC Milan,Roma,1,1,2024-12-29 19:45:00,Angelino,Pass
609617,22,Goal,0.8569999694824219,0.5179999923706055,0.37063929438591003,Paulo Dybala,a,1294,OpenPlay,2024,RightFoot,27538,AC Milan,Roma,1,1,2024-12-29 19:45:00,Artem Dovbyk,Pass
609623,46,MissedShots,0.5620000076293945,0.5359999847412109,0.007174274884164333,Paulo Dybala,a,1294,OpenPlay,2024,LeftFoot,27538,AC Milan,Roma,1,1,2024-12-29 19:45:00,Artem Dovbyk,Pass
609638,83,BlockedShot,0.815,0.5229999923706055,0.04875898361206055,Paulo Dybala,a,1294,OpenPlay,2024,LeftFoot,27538,AC Milan,Roma,1,1,2024-12-29 19:45:00,Lorenzo Pellegrini,Pass
609641,90,MissedShots,0.7469999694824219,0.43200000762939456,0.022644750773906708,Paulo Dybala,a,1294,OpenPlay,2024,LeftFoot,27538,AC Milan,Roma,1,1,2024-12-29 19:45:00,Leandro Paredes,Pass
611191,30,MissedShots,0.9109999847412109,0.33599998474121096,0.05810633674263954,Paulo Dybala,a,1294,FromCorner,2024,LeftFoot,27554,Bologna,Roma,2,2,2025-01-12 17:00:00,,Rebound
611194,34,MissedShots,0.9290000152587891,0.32299999237060545,0.20899473130702972,Paulo Dybala,a,1294,OpenPlay,2024,RightFoot,27554,Bologna,Roma,2,2,2025-01-12 17:00:00,Artem Dovbyk,Pass
611977,8,ShotOnPost,0.7469999694824219,0.36700000762939455,0.052035801112651825,Paulo Dybala,h,1294,DirectFreekick,2024,LeftFoot,27570,Roma,Genoa,3,1,2025-01-17 19:45:00,,Standard
611984,35,BlockedShot,0.885,0.39,0.09961216896772385,Paulo Dybala,h,1294,OpenPlay,2024,LeftFoot,27570,Roma,Genoa,3,1,2025-01-17 19:45:00,Alexis Saelemaekers,Pass
611991,72,SavedShot,0.9640000152587891,0.57,0.13763664662837982,Paulo Dybala,h,1294,OpenPlay,2024,LeftFoot,27570,Roma,Genoa,3,1,2025-01-17 19:45:00,,None
615711,89,BlockedShot,0.755,0.27600000381469725,0.014749026857316494,Paulo Dybala,h,1294,OpenPlay,2024,LeftFoot,27591,Roma,Napoli,1,1,2025-02-02 19:45:00,Alexis Saelemaekers,Pass
616592,5,SavedShot,0.9390000152587891,0.725999984741211,0.04670333117246628,Paulo Dybala,a,1294,OpenPlay,2024,LeftFoot,27600,Venezia,Roma,0,1,2025-02-09 17:00:00,Evan Ndicka,Pass
616606,56,Goal,0.885,0.5,0.7612988352775574,Paulo Dybala,a,1294,Penalty,2024,LeftFoot,27600,Venezia,Roma,0,1,2025-02-09 17:00:00,,Standard
619373,68,MissedShots,0.720999984741211,0.4640000152587891,0.01613670215010643,Paulo Dybala,h,1294,OpenPlay,2024,LeftFoot,27617,Roma,Monza,4,0,2025-02-24 19:45:00,Alexis Saelemaekers,Pass
620666,30,SavedShot,0.9109999847412109,0.39299999237060546,0.11304619908332825,Paulo Dybala,h,1294,OpenPlay,2024,RightFoot,27630,Roma,Como,2,1,2025-03-02 17:00:00,Matìas Soulè Malvano,Pass
639114,75,SavedShot,0.8340000152587891,0.40599998474121096,0.07591257989406586,Paulo Dybala,h,1294,OpenPlay,2025,LeftFoot,29847,Roma,Bologna,1,0,2025-08-23 18:45:00,Wesley,Pass
639119,91,BlockedShot,0.875,0.625999984741211,0.09255213290452957,Paulo Dybala,h,1294,OpenPlay,2025,LeftFoot,29847,Roma,Bologna,1,0,2025-08-23 18:45:00,Neil El Aynaoui,Pass
640584,80,BlockedShot,0.8130000305175781,0.4979999923706055,0.06551111489534378,Paulo Dybala,a,1294,OpenPlay,2025,LeftFoot,29858,Pisa,Roma,0,1,2025-08-30 18:45:00,Artem Dovbyk,Pass
642053,7,BlockedShot,0.765,0.3320000076293945,0.05576687678694725,Paulo Dybala,h,1294,DirectFreekick,2025,LeftFoot,29867,Roma,Torino,0,1,2025-09-14 10:30:00,,Standard
642058,33,BlockedShot,0.7930000305175782,0.37099998474121093,0.03183013200759888,Paulo Dybala,h,1294,OpenPlay,2025,LeftFoot,29867,Roma,Torino,0,1,2025-09-14 10:30:00,Bryan Cristante,Pass
642062,42,BlockedShot,0.8090000152587891,0.4909999847412109,0.08088025450706482,Paulo Dybala,h,1294,OpenPlay,2025,LeftFoot,29867,Roma,Torino,0,1,2025-09-14 10:30:00,Matìas Soulè Malvano,Pass
646617,88,SavedShot,0.7669999694824219,0.49599998474121093,0.03834028169512749,Paulo Dybala,a,1294,OpenPlay,2025,LeftFoot,29896,Fiorentina,Roma,1,2,2025-10-05 13:00:00,Mehmet Zeki Çelik,Pass
647946,51,SavedShot,0.9569999694824218,0.6659999847412109,0.2818079888820648,Paulo Dybala,h,1294,OpenPlay,2025,LeftFoot,29913,Roma,Inter,0,1,2025-10-18 18:45:00,Kouadio Kone,Throughball
647949,54,SavedShot,0.8119999694824219,0.44,0.1436018943786621,Paulo Dybala,h,1294,DirectFreekick,2025,LeftFoot,29913,Roma,Inter,0,1,2025-10-18 18:45:00,,Standard
649586,15,Goal,0.89,0.4859999847412109,0.3940522074699402,Paulo Dybala,a,1294,OpenPlay,2025,RightFoot,29922,Sassuolo,Roma,0,1,2025-10-26 13:00:00,,Rebound
649591,39,MissedShots,0.7659999847412109,0.31,0.05194510146975517,Paulo Dybala,a,1294,DirectFreekick,2025,LeftFoot,29922,Sassuolo,Roma,0,1,2025-10-26 13:00:00,,Standard
650171,47,SavedShot,0.9059999847412109,0.5359999847412109,0.30310335755348206,Paulo Dybala,h,1294,OpenPlay,2025,Head,29933,Roma,Parma Calcio 1913,2,1,2025-10-29 16:30:00,Gianluca Mancini,Chipped
650175,49,SavedShot,0.8109999847412109,0.4979999923706055,0.061806339770555496,Paulo Dybala,h,1294,OpenPlay,2025,RightFoot,29933,Roma,Parma Calcio 1913,2,1,2025-10-29 16:30:00,Bryan Cristante,Pass
650190,92,MissedShots,0.7390000152587891,0.6530000305175782,0.0455775149166584,Paulo Dybala,h,1294,DirectFreekick,2025,LeftFoot,29933,Roma,Parma Calcio 1913,2,1,2025-10-29 16:30:00,,Standard
651751,16,MissedShots,0.879000015258789,0.6079999923706054,0.08749087154865265,Paulo Dybala,a,1294,OpenPlay,2025,LeftFoot,29937,AC Milan,Roma,1,0,2025-11-02 19:45:00,Mehmet Zeki Çelik,Cross
651758,31,MissedShots,0.754000015258789,0.5840000152587891,0.032530978322029114,Paulo Dybala,a,1294,OpenPlay,2025,LeftFoot,29937,AC Milan,Roma,1,0,2025-11-02 19:45:00,Wesley,Pass
651782,81,SavedShot,0.885,0.5,0.7612988352775574,Paulo Dybala,a,1294,Penalty,2025,LeftFoot,29937,AC Milan,Roma,1,0,2025-11-02 19:45:00,,Standard
659513,10,SavedShot,0.855,0.5740000152587891,0.0871470645070076,Paulo Dybala,a,1294,OpenPlay,2025,RightFoot,29999,Juventus,Roma,2,1,2025-12-20 19:45:00,Lorenzo Pellegrini,Pass
659520,37,BlockedShot,0.855999984741211,0.39,0.08259080350399017,Paulo Dybala,a,1294,OpenPlay,2025,LeftFoot,29999,Juventus,Roma,2,1,2025-12-20 19:45:00,Lorenzo Pellegrini,Pass
659521,37,MissedShots,0.9719999694824218,0.5379999923706055,0.1605459451675415,Paulo Dybala,a,1294,OpenPlay,2025,LeftFoot,29999,Juventus,Roma,2,1,2025-12-20 19:45:00,Wesley,Pass
660499,36,MissedShots,0.87,0.7130000305175781,0.05514204874634743,Paulo Dybala,h,1294,OpenPlay,2025,LeftFoot,30010,Roma,Genoa,3,1,2025-12-29 19:45:00,Wesley,Pass
660502,44,SavedShot,0.9059999847412109,0.6730000305175782,0.08860339224338531,Paulo Dybala,h,1294,OpenPlay,2025,LeftFoot,30010,Roma,Genoa,3,1,2025-12-29 19:45:00,Wesley,Pass
661171,0,BlockedShot,0.884000015258789,0.33599998474121096,0.07562752068042755,Paulo Dybala,a,1294,OpenPlay,2025,LeftFoot,30014,Atalanta,Roma,1,0,2026-01-03 19:45:00,Evan Ferguson,Pass
661188,63,BlockedShot,0.9469999694824218,0.45599998474121095,0.5475510358810425,Paulo Dybala,a,1294,OpenPlay,2025,LeftFoot,30014,Atalanta,Roma,1,0,2026-01-03 19:45:00,Wesley,Pass
661192,83,MissedShots,0.8780000305175781,0.705999984741211,0.03475113585591316,Paulo Dybala,a,1294,SetPiece,2025,LeftFoot,30014,Atalanta,Roma,1,0,2026-01-03 19:45:00,,None
661767,5,BlockedShot,0.779000015258789,0.48,0.09443574398756027,Paulo Dybala,a,1294,DirectFreekick,2025,LeftFoot,30027,Lecce,Roma,0,2,2026-01-06 17:00:00,,Standard
661776,60,MissedShots,0.919000015258789,0.4979999923706055,0.4739728569984436,Paulo Dybala,a,1294,OpenPlay,2025,LeftFoot,30027,Lecce,Roma,0,2,2026-01-06 17:00:00,Wesley,Rebound
662511,5,SavedShot,0.8519999694824218,0.27700000762939453,0.033548131585121155,Paulo Dybala,h,1294,OpenPlay,2025,LeftFoot,30041,Roma,Sassuolo,2,0,2026-01-10 17:00:00,Mehmet Zeki Çelik,Pass
662521,47,MissedShots,0.845999984741211,0.5029999923706054,0.0924680158495903,Paulo Dybala,h,1294,OpenPlay,2025,LeftFoot,30041,Roma,Sassuolo,2,0,2026-01-10 17:00:00,Stephan El Shaarawy,Pass
662531,69,BlockedShot,0.88,0.44799999237060545,0.11112237721681595,Paulo Dybala,h,1294,OpenPlay,2025,LeftFoot,30041,Roma,Sassuolo,2,0,2026-01-10 17:00:00,Mehmet Zeki Çelik,Pass
662537,83,SavedShot,0.8119999694824219,0.514000015258789,0.08143474906682968,Paulo Dybala,h,1294,OpenPlay,2025,LeftFoot,30041,Roma,Sassuolo,2,0,2026-01-10 17:00:00,Stephan El Shaarawy,Pass
664245,19,BlockedShot,0.8590000152587891,0.3110000038146973,0.04471072182059288,Paulo Dybala,a,1294,OpenPlay,2025,RightFoot,30050,Torino,Roma,0,2,2026-01-18 17:00:00,Gianluca Mancini,Pass
664246,19,BlockedShot,0.8530000305175781,0.3110000038146973,0.0435989685356617,Paulo Dybala,a,1294,OpenPlay,2025,LeftFoot,30050,Torino,Roma,0,2,2026-01-18 17:00:00,Gianluca Mancini,Pass
664247,21,MissedShots,0.8159999847412109,0.44400001525878907,0.055989090353250504,Paulo Dybala,a,1294,OpenPlay,2025,LeftFoot,30050,Torino,Roma,0,2,2026-01-18 17:00:00,Donyell Malen,BallTouch
664256,71,SavedShot,0.840999984741211,0.40200000762939453,0.08408369868993759,Paulo Dybala,a,1294,OpenPlay,2025,LeftFoot,30050,Torino,Roma,0,2,2026-01-18 17:00:00,Gianluca Mancini,Pass
664257,71,Goal,0.960999984741211,0.4370000076293945,0.5950166583061218,Paulo Dybala,a,1294,OpenPlay,2025,LeftFoot,30050,Torino,Roma,0,2,2026-01-18 17:00:00,Devyne Rensch,Pass
683299,89,SavedShot,0.754000015258789,0.5979999923706054,0.02169565111398697,Paulo Dybala,h,1294,OpenPlay,2025,LeftFoot,30191,Roma,Fiorentina,4,0,2026-05-04 18:45:00,Stephan El Shaarawy,Pass
