id,minute,result,X,Y,xG,player,h_a,player_id,situation,season,shotType,match_id,h_team,a_team,h_goals,a_goals,date,player_assisted,lastAction
41749,75,MissedShots,0.895,0.674000015258789,0.05846010148525238,Andrea Belotti,a,1186,OpenPlay,2014,LeftFoot,5118,Verona,Palermo,2,1,2014-09-15 19:45:00,Edgar Barreto,Chipped
42073,68,BlockedShot,0.8030000305175782,0.5220000076293946,0.05079999938607216,Andrea Belotti,h,1186,OpenPlay,2014,LeftFoot,5128,Palermo,Inter,1,1,2014-09-21 19:45:00,Luca Rigoni,Pass
42082,83,SavedShot,0.77,0.6719999694824219,0.019515199586749077,Andrea Belotti,h,1186,OpenPlay,2014,RightFoot,5128,Palermo,Inter,1,1,2014-09-21 19:45:00,Paulo Dybala,LayOff
42383,5,BlockedShot,0.9080000305175782,0.715999984741211,0.04623030126094818,Andrea Belotti,a,1186,OpenPlay,2014,LeftFoot,5135,Napoli,Palermo,3,3,2014-09-24 19:45:00,Edgar Barreto,Pass
42387,17,Goal,0.9330000305175781,0.4929999923706055,0.06281770020723343,Andrea Belotti,a,1186,FromCorner,2014,Head,5135,Napoli,Palermo,3,3,2014-09-24 19:45:00,Edgar Barreto,Aerial
42401,60,ShotOnPost,0.73,0.37,0.017875900492072105,Andrea Belotti,a,1186,OpenPlay,2014,RightFoot,5135,Napoli,Palermo,3,3,2014-09-24 19:45:00,Luca Rigoni,Pass
42402,60,Goal,0.9259999847412109,0.519000015258789,0.4624190032482147,Andrea Belotti,a,1186,OpenPlay,2014,RightFoot,5135,Napoli,Palermo,3,3,2014-09-24 19:45:00,Paulo Dybala,Cross
42571,37,BlockedShot,0.909000015258789,0.3659999847412109,0.09880659729242325,Andrea Belotti,h,1186,OpenPlay,2014,RightFoot,5148,Palermo,Lazio,0,4,2014-09-29 20:00:00,Edgar Barreto,Pass
42589,77,BlockedShot,0.7859999847412109,0.54,0.04990280047059059,Andrea Belotti,h,1186,OpenPlay,2014,LeftFoot,5148,Palermo,Lazio,0,4,2014-09-29 20:00:00,,TakeOn
42719,15,SavedShot,0.9330000305175781,0.30100000381469727,0.09957359731197357,Andrea Belotti,a,1186,OpenPlay,2014,RightFoot,5071,Empoli,Palermo,3,0,2014-10-05 11:30:00,Francesco Bolzoni,Throughball
43686,6,SavedShot,0.8580000305175781,0.375,0.0959836021065712,Andrea Belotti,h,1186,OpenPlay,2014,LeftFoot,5102,Palermo,Chievo,1,0,2014-10-29 19:45:00,Paulo Dybala,LayOff
43692,24,MissedShots,0.8930000305175781,0.69,0.054936401546001434,Andrea Belotti,h,1186,OpenPlay,2014,RightFoot,5102,Palermo,Chievo,1,0,2014-10-29 19:45:00,,Dispossessed
43696,38,MissedShots,0.759000015258789,0.45799999237060546,0.02715660072863102,Andrea Belotti,h,1186,OpenPlay,2014,RightFoot,5102,Palermo,Chievo,1,0,2014-10-29 19:45:00,Achraf Lazaar,Pass
43697,42,MissedShots,0.9159999847412109,0.580999984741211,0.08706130087375641,Andrea Belotti,h,1186,OpenPlay,2014,Head,5102,Palermo,Chievo,1,0,2014-10-29 19:45:00,Achraf Lazaar,Cross
43703,61,MissedShots,0.9669999694824218,0.43099998474121093,0.4140259921550751,Andrea Belotti,h,1186,OpenPlay,2014,Head,5102,Palermo,Chievo,1,0,2014-10-29 19:45:00,Franco Vázquez,Cross
43917,90,BlockedShot,0.8180000305175781,0.32799999237060545,0.0432123988866806,Andrea Belotti,a,1186,OpenPlay,2014,RightFoot,5037,AC Milan,Palermo,0,2,2014-11-02 19:45:00,,BallRecovery
44720,67,MissedShots,0.754000015258789,0.7069999694824218,0.012171399779617786,Andrea Belotti,h,1186,OpenPlay,2014,RightFoot,5064,Palermo,Parma,2,1,2014-11-30 14:00:00,Franco Vázquez,LayOff
44727,83,SavedShot,0.9059999847412109,0.34700000762939454,0.30369800329208374,Andrea Belotti,h,1186,OpenPlay,2014,RightFoot,5064,Palermo,Parma,2,1,2014-11-30 14:00:00,Franco Vázquez,TakeOn
44729,92,MissedShots,0.8469999694824218,0.534000015258789,0.0911812037229538,Andrea Belotti,h,1186,OpenPlay,2014,RightFoot,5064,Palermo,Parma,2,1,2014-11-30 14:00:00,Paulo Dybala,Pass
45052,5,BlockedShot,0.9069999694824219,0.669000015258789,0.06607729941606522,Andrea Belotti,a,1186,OpenPlay,2014,RightFoot,5002,Torino,Palermo,2,2,2014-12-06 19:45:00,,BallRecovery
45073,63,SavedShot,0.73,0.4329999923706055,0.014059499837458134,Andrea Belotti,a,1186,OpenPlay,2014,LeftFoot,5002,Torino,Palermo,2,2,2014-12-06 19:45:00,,None
45288,92,Goal,0.96,0.6430000305175781,0.11931899935007095,Andrea Belotti,h,1186,OpenPlay,2014,LeftFoot,5010,Palermo,Sassuolo,2,1,2014-12-13 17:00:00,Franco Vázquez,Throughball
46086,86,MissedShots,0.970999984741211,0.5740000152587891,0.14198000729084015,Andrea Belotti,h,1186,OpenPlay,2014,RightFoot,4960,Palermo,Cagliari,5,0,2015-01-06 14:00:00,Achraf Lazaar,Cross
46270,48,SavedShot,0.8469999694824218,0.6709999847412109,0.04434499889612198,Andrea Belotti,a,1186,OpenPlay,2014,RightFoot,4972,Fiorentina,Palermo,4,3,2015-01-11 14:00:00,Franco Vázquez,Pass
46284,80,Goal,0.885,0.5,0.7612990140914917,Andrea Belotti,a,1186,Penalty,2014,RightFoot,4972,Fiorentina,Palermo,4,3,2015-01-11 14:00:00,,Standard
46711,78,Goal,0.965,0.545,0.5921890139579773,Andrea Belotti,h,1186,OpenPlay,2014,Head,4924,Palermo,Verona,2,1,2015-02-01 14:00:00,Franco Vázquez,Cross
49148,58,MissedShots,0.730999984741211,0.6,0.015974799171090126,Andrea Belotti,a,1186,OpenPlay,2014,RightFoot,4909,Chievo,Palermo,1,0,2015-03-21 17:00:00,Franco Vázquez,Pass
49164,82,MissedShots,0.950999984741211,0.5259999847412109,0.11581800132989883,Andrea Belotti,a,1186,OpenPlay,2014,Head,4909,Chievo,Palermo,1,0,2015-03-21 17:00:00,Achraf Lazaar,Cross
49074,75,SavedShot,0.9119999694824219,0.649000015258789,0.1017260029911995,Andrea Belotti,h,1186,OpenPlay,2014,LeftFoot,4856,Palermo,Genoa,2,1,2015-04-19 14:00:00,Achraf Lazaar,Pass
51330,65,SavedShot,0.8819999694824219,0.6329999923706054,0.07364840060472488,Andrea Belotti,a,1186,OpenPlay,2014,LeftFoot,4864,Parma,Palermo,1,0,2015-04-26 14:00:00,Franco Vázquez,Pass
51006,88,SavedShot,0.8859999847412109,0.6680000305175782,0.06612689793109894,Andrea Belotti,h,1186,OpenPlay,2014,RightFoot,4874,Palermo,Torino,2,2,2015-04-29 19:45:00,Paulo Dybala,Pass
49983,87,MissedShots,0.9519999694824218,0.46599998474121096,0.5687860250473022,Andrea Belotti,a,1186,OpenPlay,2014,RightFoot,4780,Sassuolo,Palermo,0,0,2015-05-02 19:45:00,Robin Quaison,Cross
50320,57,ShotOnPost,0.885,0.5,0.7612990140914917,Andrea Belotti,h,1186,Penalty,2014,RightFoot,4793,Palermo,Atalanta,2,3,2015-05-10 14:00:00,,Standard
50323,61,MissedShots,0.925,0.37200000762939456,0.04658830165863037,Andrea Belotti,h,1186,OpenPlay,2014,RightFoot,4793,Palermo,Atalanta,2,3,2015-05-10 14:00:00,Franco Vázquez,Cross
50332,70,SavedShot,0.775,0.669000015258789,0.019189300015568733,Andrea Belotti,h,1186,OpenPlay,2014,RightFoot,4793,Palermo,Atalanta,2,3,2015-05-10 14:00:00,,None
50346,13,SavedShot,0.9440000152587891,0.524000015258789,0.5460919737815857,Andrea Belotti,a,1186,OpenPlay,2014,RightFoot,4802,Cagliari,Palermo,0,1,2015-05-17 14:00:00,Franco Vázquez,Cross
50347,13,MissedShots,0.9719999694824218,0.5770000076293945,0.15681399405002594,Andrea Belotti,a,1186,OpenPlay,2014,RightFoot,4802,Cagliari,Palermo,0,1,2015-05-17 14:00:00,,Rebound
50362,60,BlockedShot,0.7669999694824219,0.6480000305175782,0.028526699170470238,Andrea Belotti,a,1186,OpenPlay,2014,RightFoot,4802,Cagliari,Palermo,0,1,2015-05-17 14:00:00,Franco Vázquez,Pass
50366,63,SavedShot,0.8490000152587891,0.3509999847412109,0.07332830131053925,Andrea Belotti,a,1186,OpenPlay,2014,LeftFoot,4802,Cagliari,Palermo,0,1,2015-05-17 14:00:00,Robin Quaison,Pass
50372,80,MissedShots,0.9069999694824219,0.4829999923706055,0.07502199709415436,Andrea Belotti,a,1186,FromCorner,2014,Head,4802,Cagliari,Palermo,0,1,2015-05-17 14:00:00,Francesco Della Rocca,Cross
50935,64,SavedShot,0.924000015258789,0.47900001525878905,0.11267100274562836,Andrea Belotti,h,1186,OpenPlay,2014,Head,4814,Palermo,Fiorentina,2,3,2015-05-24 14:00:00,Francesco Della Rocca,Cross
50646,69,MissedShots,0.9490000152587891,0.5320000076293945,0.5550230145454407,Andrea Belotti,a,1186,OpenPlay,2014,RightFoot,4823,Roma,Palermo,1,2,2015-05-31 19:45:00,Francesco Della Rocca,Cross
50652,92,MissedShots,0.8619999694824219,0.29399999618530276,0.031208999454975128,Andrea Belotti,a,1186,OpenPlay,2014,RightFoot,4823,Roma,Palermo,1,2,2015-05-31 19:45:00,Franco Vázquez,Chipped
50654,93,Goal,0.9890000152587891,0.5359999847412109,0.794471025466919,Andrea Belotti,a,1186,FromCorner,2014,RightFoot,4823,Roma,Palermo,1,2,2015-05-31 19:45:00,Franco Vázquez,Cross
95243,12,BlockedShot,0.8080000305175781,0.40400001525878904,0.047345101833343506,Andrea Belotti,h,1186,OpenPlay,2015,RightFoot,586,Torino,Sampdoria,2,0,2015-09-20 17:00:00,Bruno Peres,Pass
95247,23,MissedShots,0.975999984741211,0.35700000762939454,0.05384429916739464,Andrea Belotti,h,1186,FromCorner,2015,RightFoot,586,Torino,Sampdoria,2,0,2015-09-20 17:00:00,,None
95254,42,BlockedShot,0.8959999847412109,0.4520000076293945,0.14153499901294708,Andrea Belotti,h,1186,OpenPlay,2015,RightFoot,586,Torino,Sampdoria,2,0,2015-09-20 17:00:00,Bruno Peres,Pass
97377,56,SavedShot,0.7169999694824218,0.6329999923706054,0.011988500133156776,Andrea Belotti,a,1186,OpenPlay,2015,RightFoot,638,Lazio,Torino,3,0,2015-10-25 21:00:00,,Tackle
97948,5,BlockedShot,0.9080000305175782,0.6559999847412109,0.07376810163259506,Andrea Belotti,h,1186,OpenPlay,2015,LeftFoot,649,Torino,Genoa,3,3,2015-10-28 23:45:00,Emiliano Moretti,Pass
97957,37,MissedShots,0.8669999694824219,0.66,0.07509849965572357,Andrea Belotti,h,1186,OpenPlay,2015,RightFoot,649,Torino,Genoa,3,3,2015-10-28 23:45:00,Afriyie Acquah,Pass
97966,70,MissedShots,0.825,0.534000015258789,0.06992190331220627,Andrea Belotti,h,1186,OpenPlay,2015,RightFoot,649,Torino,Genoa,3,3,2015-10-28 23:45:00,Maxi López,Pass
98937,33,MissedShots,0.9180000305175782,0.40200000762939453,0.11258099973201752,Andrea Belotti,h,1186,OpenPlay,2015,RightFoot,663,Torino,Inter,0,1,2015-11-08 15:30:00,Fabio Quagliarella,Cross
98939,45,BlockedShot,0.7580000305175781,0.415,0.02225000038743019,Andrea Belotti,h,1186,OpenPlay,2015,RightFoot,663,Torino,Inter,0,1,2015-11-08 15:30:00,Marco Benassi,Pass
98941,47,SavedShot,0.9669999694824218,0.505,0.7617790102958679,Andrea Belotti,h,1186,FromCorner,2015,RightFoot,663,Torino,Inter,0,1,2015-11-08 15:30:00,,Rebound
99197,3,SavedShot,0.904000015258789,0.39799999237060546,0.2928929924964905,Andrea Belotti,a,1186,OpenPlay,2015,RightFoot,679,Atalanta,Torino,0,1,2015-11-22 18:00:00,Giuseppe Vives,Chipped
99202,23,BlockedShot,0.9230000305175782,0.3609999847412109,0.04414600133895874,Andrea Belotti,a,1186,FromCorner,2015,RightFoot,679,Atalanta,Torino,0,1,2015-11-22 18:00:00,Daniele Baselli,Cross
99204,30,MissedShots,0.764000015258789,0.515,0.027439899742603302,Andrea Belotti,a,1186,OpenPlay,2015,RightFoot,679,Atalanta,Torino,0,1,2015-11-22 18:00:00,Daniele Baselli,Pass
99209,43,ShotOnPost,0.9480000305175781,0.5070000076293946,0.5029659867286682,Andrea Belotti,a,1186,OpenPlay,2015,Head,679,Atalanta,Torino,0,1,2015-11-22 18:00:00,Cristian Molinaro,HeadPass
99220,72,ShotOnPost,0.845999984741211,0.445,0.1258399933576584,Andrea Belotti,a,1186,OpenPlay,2015,LeftFoot,679,Atalanta,Torino,0,1,2015-11-22 18:00:00,Fabio Quagliarella,TakeOn
99223,83,MissedShots,0.8590000152587891,0.4329999923706055,0.08574129641056061,Andrea Belotti,a,1186,OpenPlay,2015,RightFoot,679,Atalanta,Torino,0,1,2015-11-22 18:00:00,Cesare Bovo,Chipped
99985,74,Goal,0.91,0.6430000305175781,0.07301139831542969,Andrea Belotti,h,1186,OpenPlay,2015,LeftFoot,681,Torino,Bologna,2,0,2015-11-28 21:00:00,Emiliano Moretti,Chipped
99987,82,MissedShots,0.8219999694824218,0.544000015258789,0.07365970313549042,Andrea Belotti,h,1186,OpenPlay,2015,RightFoot,681,Torino,Bologna,2,0,2015-11-28 21:00:00,,Dispossessed
100457,3,SavedShot,0.9640000152587891,0.49900001525878906,0.6352869868278503,Andrea Belotti,h,1186,OpenPlay,2015,RightFoot,692,Torino,Roma,1,1,2015-12-05 18:00:00,Daniele Baselli,Cross
100461,45,MissedShots,0.77,0.4879999923706055,0.031124699860811234,Andrea Belotti,h,1186,OpenPlay,2015,RightFoot,692,Torino,Roma,1,1,2015-12-05 18:00:00,Giuseppe Vives,BallRecovery
101509,27,SavedShot,0.875,0.37900001525878907,0.04980950057506561,Andrea Belotti,h,1186,OpenPlay,2015,RightFoot,717,Torino,Udinese,0,1,2015-12-20 21:00:00,Marco Benassi,HeadPass
101521,78,BlockedShot,0.9380000305175781,0.39299999237060546,0.07706859707832336,Andrea Belotti,h,1186,OpenPlay,2015,RightFoot,717,Torino,Udinese,0,1,2015-12-20 21:00:00,,None
101522,79,MissedShots,0.9309999847412109,0.48200000762939454,0.05360820144414902,Andrea Belotti,h,1186,FromCorner,2015,Head,717,Torino,Udinese,0,1,2015-12-20 21:00:00,Daniele Baselli,Foul
101939,7,MissedShots,0.8390000152587891,0.3120000076293945,0.035861898213624954,Andrea Belotti,a,1186,OpenPlay,2015,RightFoot,729,Napoli,Torino,2,1,2016-01-06 23:45:00,Afriyie Acquah,Chipped
102605,11,SavedShot,0.8140000152587891,0.6990000152587891,0.02607649937272072,Andrea Belotti,h,1186,OpenPlay,2015,RightFoot,736,Torino,Empoli,0,1,2016-01-10 18:00:00,Alessandro Gazzi,Pass
102618,57,SavedShot,0.88,0.6530000305175782,0.2071470022201538,Andrea Belotti,h,1186,OpenPlay,2015,LeftFoot,736,Torino,Empoli,0,1,2016-01-10 18:00:00,Marco Benassi,Pass
102621,65,MissedShots,0.720999984741211,0.41700000762939454,0.013545299880206585,Andrea Belotti,h,1186,OpenPlay,2015,RightFoot,736,Torino,Empoli,0,1,2016-01-10 18:00:00,Davide Zappacosta,None
94034,36,Goal,0.9769999694824218,0.45599998474121095,0.7839199900627136,Andrea Belotti,h,1186,OpenPlay,2015,RightFoot,741,Torino,Frosinone,4,2,2016-01-16 21:00:00,,Rebound
94037,40,Goal,0.9269999694824219,0.33,0.050052300095558167,Andrea Belotti,h,1186,FromCorner,2015,RightFoot,741,Torino,Frosinone,4,2,2016-01-16 21:00:00,Nikola Maksimovic,Pass
100954,21,Goal,0.935,0.5220000076293946,0.5766090154647827,Andrea Belotti,a,1186,OpenPlay,2015,LeftFoot,750,Sassuolo,Torino,1,1,2016-01-20 23:45:00,Marco Benassi,Pass
100962,41,BlockedShot,0.710999984741211,0.40799999237060547,0.014184200204908848,Andrea Belotti,a,1186,OpenPlay,2015,LeftFoot,750,Sassuolo,Torino,1,1,2016-01-20 23:45:00,Nikola Maksimovic,Pass
100965,60,SavedShot,0.950999984741211,0.42900001525878906,0.14379900693893433,Andrea Belotti,a,1186,OpenPlay,2015,RightFoot,750,Sassuolo,Torino,1,1,2016-01-20 23:45:00,Ciro Immobile,Pass
100967,69,SavedShot,0.769000015258789,0.37099998474121093,0.02351970039308071,Andrea Belotti,a,1186,OpenPlay,2015,RightFoot,750,Sassuolo,Torino,1,1,2016-01-20 23:45:00,Marco Benassi,TakeOn
94516,15,MissedShots,0.9,0.664000015258789,0.06493960320949554,Andrea Belotti,h,1186,OpenPlay,2015,LeftFoot,766,Torino,Verona,0,0,2016-01-31 18:00:00,Emiliano Moretti,Chipped
94517,27,SavedShot,0.7880000305175782,0.355,0.02793239988386631,Andrea Belotti,h,1186,OpenPlay,2015,RightFoot,766,Torino,Verona,0,0,2016-01-31 18:00:00,,BallRecovery
95510,26,MissedShots,0.815,0.4979999923706055,0.0676703006029129,Andrea Belotti,a,1186,OpenPlay,2015,RightFoot,778,Sampdoria,Torino,2,2,2016-02-03 23:45:00,Josef Martínez,Pass
95519,70,Goal,0.975999984741211,0.515,0.7885310053825378,Andrea Belotti,a,1186,OpenPlay,2015,LeftFoot,778,Sampdoria,Torino,2,2,2016-02-03 23:45:00,,None
95521,78,MissedShots,0.9159999847412109,0.5609999847412109,0.11227399855852127,Andrea Belotti,a,1186,OpenPlay,2015,RightFoot,778,Sampdoria,Torino,2,2,2016-02-03 23:45:00,Daniele Baselli,Cross
95524,93,Goal,0.9490000152587891,0.49700000762939456,0.47998499870300293,Andrea Belotti,a,1186,OpenPlay,2015,Head,778,Sampdoria,Torino,2,2,2016-02-03 23:45:00,Ciro Immobile,Cross
95904,22,MissedShots,0.9,0.5559999847412109,0.5612050294876099,Andrea Belotti,a,1186,OpenPlay,2015,LeftFoot,797,Palermo,Torino,1,3,2016-02-14 18:00:00,Ciro Immobile,Pass
95906,27,MissedShots,0.875,0.385,0.07503709942102432,Andrea Belotti,a,1186,OpenPlay,2015,RightFoot,797,Palermo,Torino,1,3,2016-02-14 18:00:00,Nikola Maksimovic,BallRecovery
95919,53,BlockedShot,0.815,0.4520000076293945,0.06397809833288193,Andrea Belotti,a,1186,OpenPlay,2015,RightFoot,797,Palermo,Torino,1,3,2016-02-14 18:00:00,Ciro Immobile,Pass
95934,84,MissedShots,0.8630000305175781,0.645,0.06707839667797089,Andrea Belotti,a,1186,OpenPlay,2015,LeftFoot,797,Palermo,Torino,1,3,2016-02-14 18:00:00,Gastón Silva,BallRecovery
96481,14,SavedShot,0.9080000305175782,0.39099998474121095,0.03742469847202301,Andrea Belotti,h,1186,OpenPlay,2015,Head,807,Torino,Carpi,0,0,2016-02-21 18:00:00,Bruno Peres,Cross
96486,58,SavedShot,0.9519999694824218,0.34900001525878904,0.06487660109996796,Andrea Belotti,h,1186,OpenPlay,2015,RightFoot,807,Torino,Carpi,0,0,2016-02-21 18:00:00,Ciro Immobile,Chipped
96490,63,SavedShot,0.875,0.23600000381469727,0.02780750021338463,Andrea Belotti,h,1186,OpenPlay,2015,RightFoot,807,Torino,Carpi,0,0,2016-02-21 18:00:00,Marco Benassi,Pass
97210,1,BlockedShot,0.8490000152587891,0.5229999923706055,0.1255989968776703,Andrea Belotti,a,1186,OpenPlay,2015,RightFoot,812,AC Milan,Torino,1,0,2016-02-27 23:45:00,Daniele Baselli,Throughball
97238,85,MissedShots,0.7709999847412109,0.32099998474121094,0.02029149979352951,Andrea Belotti,a,1186,OpenPlay,2015,LeftFoot,812,AC Milan,Torino,1,0,2016-02-27 23:45:00,Nikola Maksimovic,Pass
97620,11,Goal,0.9540000152587891,0.5029999923706054,0.6820570230484009,Andrea Belotti,h,1186,OpenPlay,2015,LeftFoot,824,Torino,Lazio,1,1,2016-03-06 15:30:00,,Rebound
97629,55,MissedShots,0.9430000305175781,0.485,0.442795991897583,Andrea Belotti,h,1186,FromCorner,2015,Head,824,Torino,Lazio,1,1,2016-03-06 15:30:00,Cristian Molinaro,Cross
98638,47,Goal,0.885,0.5,0.7612990140914917,Andrea Belotti,h,1186,Penalty,2015,RightFoot,847,Torino,Juventus,1,4,2016-03-20 18:00:00,,Standard
98648,81,SavedShot,0.875,0.2929999923706055,0.029903199523687363,Andrea Belotti,h,1186,OpenPlay,2015,LeftFoot,847,Torino,Juventus,1,4,2016-03-20 18:00:00,,None
99183,51,SavedShot,0.8919999694824219,0.34400001525878904,0.24977900087833405,Andrea Belotti,a,1186,OpenPlay,2015,RightFoot,859,Inter,Torino,1,2,2016-04-03 22:45:00,Cesare Bovo,Throughball
99186,57,MissedShots,0.915,0.500999984741211,0.39335501194000244,Andrea Belotti,a,1186,OpenPlay,2015,Head,859,Inter,Torino,1,2,2016-04-03 22:45:00,Giuseppe Vives,Throughball
99188,66,MissedShots,0.889000015258789,0.28200000762939453,0.032576099038124084,Andrea Belotti,a,1186,OpenPlay,2015,LeftFoot,859,Inter,Torino,1,2,2016-04-03 22:45:00,Daniele Baselli,TakeOn
99191,72,Goal,0.885,0.5,0.7612990140914917,Andrea Belotti,a,1186,Penalty,2015,RightFoot,859,Inter,Torino,1,2,2016-04-03 22:45:00,,Standard
99192,80,MissedShots,0.970999984741211,0.415,0.14434899389743805,Andrea Belotti,a,1186,OpenPlay,2015,RightFoot,859,Inter,Torino,1,2,2016-04-03 22:45:00,Alexander Farnerud,Pass
99474,40,MissedShots,0.845,0.36400001525878906,0.0714201033115387,Andrea Belotti,h,1186,OpenPlay,2015,RightFoot,867,Torino,Atalanta,2,1,2016-04-10 17:00:00,Afriyie Acquah,Pass
100232,92,Goal,0.885,0.5,0.7612990140914917,Andrea Belotti,a,1186,Penalty,2015,RightFoot,871,Bologna,Torino,0,1,2016-04-16 17:00:00,,Standard
100725,19,SavedShot,0.9030000305175782,0.3820000076293945,0.09905339777469635,Andrea Belotti,a,1186,OpenPlay,2015,RightFoot,883,Roma,Torino,3,2,2016-04-20 22:45:00,Daniele Baselli,Pass
100728,30,ShotOnPost,0.720999984741211,0.5629999923706055,0.019624700769782066,Andrea Belotti,a,1186,OpenPlay,2015,RightFoot,883,Roma,Torino,3,2,2016-04-20 22:45:00,Gastón Silva,Pass
100730,34,Goal,0.885,0.5,0.7612990140914917,Andrea Belotti,a,1186,Penalty,2015,RightFoot,883,Roma,Torino,3,2,2016-04-20 22:45:00,,Standard
100744,74,BlockedShot,0.779000015258789,0.5070000076293946,0.03476230055093765,Andrea Belotti,a,1186,OpenPlay,2015,RightFoot,883,Roma,Torino,3,2,2016-04-20 22:45:00,Joel Obi,Pass
101210,0,MissedShots,0.8330000305175781,0.28600000381469726,0.027382899075746536,Andrea Belotti,h,1186,OpenPlay,2015,RightFoot,893,Torino,Sassuolo,1,3,2016-04-24 17:00:00,,None
101221,48,MissedShots,0.9259999847412109,0.6519999694824219,0.07412370294332504,Andrea Belotti,h,1186,OpenPlay,2015,RightFoot,893,Torino,Sassuolo,1,3,2016-04-24 17:00:00,Josef Martínez,Pass
101226,65,MissedShots,0.919000015258789,0.5629999923706055,0.13554200530052185,Andrea Belotti,h,1186,OpenPlay,2015,LeftFoot,893,Torino,Sassuolo,1,3,2016-04-24 17:00:00,Gastón Silva,Pass
101232,88,SavedShot,0.8769999694824219,0.6790000152587891,0.017294200137257576,Andrea Belotti,h,1186,OpenPlay,2015,Head,893,Torino,Sassuolo,1,3,2016-04-24 17:00:00,Alexander Farnerud,Chipped
101233,89,BlockedShot,0.8059999847412109,0.68,0.023219600319862366,Andrea Belotti,h,1186,SetPiece,2015,RightFoot,893,Torino,Sassuolo,1,3,2016-04-24 17:00:00,Kamil Glik,Tackle
101775,55,Goal,0.8690000152587891,0.40200000762939453,0.3437120020389557,Andrea Belotti,a,1186,OpenPlay,2015,RightFoot,901,Udinese,Torino,1,5,2016-04-30 20:00:00,Josef Martínez,TakeOn
102897,67,BlockedShot,0.8980000305175782,0.45,0.08799160271883011,Andrea Belotti,a,1186,OpenPlay,2015,RightFoot,925,Empoli,Torino,2,1,2016-05-15 20:00:00,Davide Zappacosta,Cross
144400,47,Goal,0.9340000152587891,0.51,0.12559999525547028,Andrea Belotti,a,1186,OpenPlay,2016,Head,933,AC Milan,Torino,3,2,2016-08-21 20:00:00,Cristian Molinaro,Cross
144405,64,BlockedShot,0.8519999694824218,0.43,0.08722860366106033,Andrea Belotti,a,1186,OpenPlay,2016,RightFoot,933,AC Milan,Torino,3,2,2016-08-21 20:00:00,Josef Martínez,Pass
144411,78,MissedShots,0.9269999694824219,0.43,0.027737200260162354,Andrea Belotti,a,1186,FromCorner,2016,Head,933,AC Milan,Torino,3,2,2016-08-21 20:00:00,Josef Martínez,Aerial
144420,95,SavedShot,0.885,0.5,0.7612990140914917,Andrea Belotti,a,1186,Penalty,2016,RightFoot,933,AC Milan,Torino,3,2,2016-08-21 20:00:00,,Standard
145036,8,SavedShot,0.7809999847412109,0.4,0.02343449927866459,Andrea Belotti,h,1186,OpenPlay,2016,LeftFoot,946,Torino,Bologna,5,1,2016-08-28 22:45:00,Lorenzo De Silvestri,TakeOn
145040,19,MissedShots,0.975999984741211,0.3629999923706055,0.0846380963921547,Andrea Belotti,h,1186,OpenPlay,2016,RightFoot,946,Torino,Bologna,5,1,2016-08-28 22:45:00,Lorenzo De Silvestri,Pass
145042,23,BlockedShot,0.8090000152587891,0.5529999923706055,0.045656900852918625,Andrea Belotti,h,1186,OpenPlay,2016,RightFoot,946,Torino,Bologna,5,1,2016-08-28 22:45:00,Adem Ljajic,Pass
145045,27,Goal,0.9530000305175781,0.49900001525878906,0.5219339728355408,Andrea Belotti,h,1186,FromCorner,2016,Head,946,Torino,Bologna,5,1,2016-08-28 22:45:00,Lorenzo De Silvestri,Cross
145049,37,Goal,0.9369999694824219,0.40599998474121096,0.11997000128030777,Andrea Belotti,h,1186,OpenPlay,2016,RightFoot,946,Torino,Bologna,5,1,2016-08-28 22:45:00,Lorenzo De Silvestri,Pass
145053,54,MissedShots,0.9469999694824218,0.5940000152587891,0.13289299607276917,Andrea Belotti,h,1186,OpenPlay,2016,RightFoot,946,Torino,Bologna,5,1,2016-08-28 22:45:00,Josef Martínez,Cross
145060,82,SavedShot,0.885,0.5,0.7612990140914917,Andrea Belotti,h,1186,Penalty,2016,RightFoot,946,Torino,Bologna,5,1,2016-08-28 22:45:00,,Standard
145064,87,Goal,0.9640000152587891,0.4640000152587891,0.712145984172821,Andrea Belotti,h,1186,OpenPlay,2016,RightFoot,946,Torino,Bologna,5,1,2016-08-28 22:45:00,Cristian Molinaro,Pass
146544,82,SavedShot,0.8080000305175781,0.4159999847412109,0.04521699994802475,Andrea Belotti,a,1186,OpenPlay,2016,RightFoot,976,Pescara,Torino,0,0,2016-09-21 22:45:00,Marco Benassi,Pass
147117,7,MissedShots,0.845,0.605,0.0314394012093544,Andrea Belotti,h,1186,OpenPlay,2016,LeftFoot,982,Torino,Roma,3,1,2016-09-25 14:30:00,Antonio Barreca,Cross
147119,7,Goal,0.9569999694824218,0.4209999847412109,0.12902900576591492,Andrea Belotti,h,1186,OpenPlay,2016,Head,982,Torino,Roma,3,1,2016-09-25 14:30:00,Joel Obi,Cross
147130,39,SavedShot,0.8690000152587891,0.6419999694824219,0.09085699915885925,Andrea Belotti,h,1186,OpenPlay,2016,LeftFoot,982,Torino,Roma,3,1,2016-09-25 14:30:00,Lucas Boyé,Pass
147136,64,MissedShots,0.7930000305175782,0.6179999923706054,0.041391000151634216,Andrea Belotti,h,1186,OpenPlay,2016,RightFoot,982,Torino,Roma,3,1,2016-09-25 14:30:00,Iago Falque,Pass
147886,9,MissedShots,0.915,0.37099998474121093,0.02160540036857128,Andrea Belotti,h,1186,OpenPlay,2016,Head,997,Torino,Fiorentina,2,1,2016-10-02 20:00:00,Davide Zappacosta,Cross
147905,69,SavedShot,0.845999984741211,0.3770000076293945,0.07404150068759918,Andrea Belotti,h,1186,OpenPlay,2016,RightFoot,997,Torino,Fiorentina,2,1,2016-10-02 20:00:00,Iago Falque,Cross
147911,84,BlockedShot,0.850999984741211,0.7230000305175781,0.04133540019392967,Andrea Belotti,h,1186,OpenPlay,2016,RightFoot,997,Torino,Fiorentina,2,1,2016-10-02 20:00:00,Marco Benassi,Pass
148716,9,BlockedShot,0.7559999847412109,0.34799999237060547,0.0206822007894516,Andrea Belotti,h,1186,OpenPlay,2016,LeftFoot,1013,Torino,Lazio,2,2,2016-10-23 17:00:00,Adem Ljajic,Pass
148735,79,MissedShots,0.77,0.539000015258789,0.03003709949553013,Andrea Belotti,h,1186,OpenPlay,2016,RightFoot,1013,Torino,Lazio,2,2,2016-10-23 17:00:00,Maxi López,Pass
148739,88,BlockedShot,0.875,0.45099998474121095,0.034510400146245956,Andrea Belotti,h,1186,FromCorner,2016,Head,1013,Torino,Lazio,2,2,2016-10-23 17:00:00,Iago Falque,Cross
149112,62,Goal,0.9059999847412109,0.6079999923706054,0.3680709898471832,Andrea Belotti,a,1186,OpenPlay,2016,LeftFoot,3281,Inter,Torino,2,1,2016-10-26 22:45:00,,None
149789,22,SavedShot,0.874000015258789,0.325,0.32585200667381287,Andrea Belotti,a,1186,OpenPlay,2016,RightFoot,3298,Udinese,Torino,2,2,2016-10-31 22:00:00,Marco Benassi,Throughball
149795,48,MissedShots,0.8469999694824218,0.7080000305175781,0.034275900572538376,Andrea Belotti,a,1186,OpenPlay,2016,RightFoot,3298,Udinese,Torino,2,2,2016-10-31 22:00:00,Antonio Barreca,HeadPass
149808,73,MissedShots,0.875,0.534000015258789,0.02066650055348873,Andrea Belotti,a,1186,OpenPlay,2016,Head,3298,Udinese,Torino,2,2,2016-10-31 22:00:00,Marco Benassi,Aerial
150368,1,SavedShot,0.855999984741211,0.36900001525878906,0.06125029921531677,Andrea Belotti,h,1186,OpenPlay,2016,RightFoot,2746,Torino,Cagliari,5,1,2016-11-05 21:00:00,Mirko Valdifiori,Chipped
150369,1,Goal,0.9330000305175781,0.5029999923706054,0.5824139714241028,Andrea Belotti,h,1186,OpenPlay,2016,LeftFoot,2746,Torino,Cagliari,5,1,2016-11-05 21:00:00,,None
150375,24,BlockedShot,0.8180000305175781,0.43900001525878907,0.03348449990153313,Andrea Belotti,h,1186,OpenPlay,2016,LeftFoot,2746,Torino,Cagliari,5,1,2016-11-05 21:00:00,,Rebound
150376,24,SavedShot,0.8159999847412109,0.43900001525878907,0.032437898218631744,Andrea Belotti,h,1186,OpenPlay,2016,RightFoot,2746,Torino,Cagliari,5,1,2016-11-05 21:00:00,,Rebound
150386,48,BlockedShot,0.8159999847412109,0.495,0.08369000256061554,Andrea Belotti,h,1186,OpenPlay,2016,LeftFoot,2746,Torino,Cagliari,5,1,2016-11-05 21:00:00,Iago Falque,Pass
150391,58,Goal,0.885,0.5,0.7612990140914917,Andrea Belotti,h,1186,Penalty,2016,RightFoot,2746,Torino,Cagliari,5,1,2016-11-05 21:00:00,,Standard
150736,42,BlockedShot,0.7880000305175782,0.3240000152587891,0.024858800694346428,Andrea Belotti,a,1186,OpenPlay,2016,RightFoot,2761,Crotone,Torino,0,2,2016-11-20 18:00:00,Iago Falque,Pass
150740,54,BlockedShot,0.8190000152587891,0.545,0.06544200330972672,Andrea Belotti,a,1186,OpenPlay,2016,RightFoot,2761,Crotone,Torino,0,2,2016-11-20 18:00:00,Adem Ljajic,Pass
150749,79,Goal,0.9159999847412109,0.6469999694824219,0.3337259888648987,Andrea Belotti,a,1186,OpenPlay,2016,LeftFoot,2761,Crotone,Torino,0,2,2016-11-20 18:00:00,Adem Ljajic,Throughball
150752,88,Goal,0.879000015258789,0.6790000152587891,0.07652150094509125,Andrea Belotti,a,1186,OpenPlay,2016,LeftFoot,2761,Crotone,Torino,0,2,2016-11-20 18:00:00,Lucas Boyé,Pass
151348,18,MissedShots,0.9069999694824219,0.34200000762939453,0.08150730282068253,Andrea Belotti,h,1186,OpenPlay,2016,RightFoot,2766,Torino,Chievo,2,1,2016-11-26 21:00:00,Iago Falque,Pass
151349,22,MissedShots,0.895,0.38,0.059525199234485626,Andrea Belotti,h,1186,OpenPlay,2016,RightFoot,2766,Torino,Chievo,2,1,2016-11-26 21:00:00,Davide Zappacosta,Cross
151359,51,MissedShots,0.8180000305175781,0.6229999923706054,0.06725919991731644,Andrea Belotti,h,1186,OpenPlay,2016,LeftFoot,2766,Torino,Chievo,2,1,2016-11-26 21:00:00,Adem Ljajic,Pass
151368,74,MissedShots,0.7759999847412109,0.7030000305175781,0.021555999293923378,Andrea Belotti,h,1186,OpenPlay,2016,RightFoot,2766,Torino,Chievo,2,1,2016-11-26 21:00:00,Adem Ljajic,Pass
151937,16,MissedShots,0.7680000305175781,0.5879999923706055,0.026164500042796135,Andrea Belotti,a,1186,OpenPlay,2016,LeftFoot,3071,Sampdoria,Torino,2,0,2016-12-04 18:00:00,,BallRecovery
151938,17,MissedShots,0.9,0.26399999618530273,0.037455201148986816,Andrea Belotti,a,1186,OpenPlay,2016,RightFoot,3071,Sampdoria,Torino,2,0,2016-12-04 18:00:00,Davide Zappacosta,Chipped
151950,52,MissedShots,0.8919999694824219,0.5320000076293945,0.06637889891862869,Andrea Belotti,a,1186,OpenPlay,2016,Head,3071,Sampdoria,Torino,2,0,2016-12-04 18:00:00,Davide Zappacosta,Cross
151954,68,SavedShot,0.9019999694824219,0.5659999847412109,0.17522600293159485,Andrea Belotti,a,1186,OpenPlay,2016,Head,3071,Sampdoria,Torino,2,0,2016-12-04 18:00:00,Iago Falque,Cross
152496,15,Goal,0.924000015258789,0.445,0.10207799822092056,Andrea Belotti,h,1186,OpenPlay,2016,Head,3079,Torino,Juventus,1,3,2016-12-11 18:00:00,Daniele Baselli,Cross
152930,15,MissedShots,0.8180000305175781,0.68,0.027315400540828705,Andrea Belotti,a,1186,OpenPlay,2016,LeftFoot,3092,Napoli,Torino,5,3,2016-12-18 14:00:00,Marco Benassi,Pass
152947,57,Goal,0.9669999694824218,0.5479999923706055,0.5804280042648315,Andrea Belotti,a,1186,OpenPlay,2016,LeftFoot,3092,Napoli,Torino,5,3,2016-12-18 14:00:00,Marco Benassi,None
153547,35,SavedShot,0.6830000305175781,0.51,0.014613600447773933,Andrea Belotti,h,1186,OpenPlay,2016,RightFoot,3102,Torino,Genoa,1,0,2016-12-22 19:45:00,Leandro Castán,Pass
153554,48,Goal,0.955999984741211,0.49700000762939456,0.6019009947776794,Andrea Belotti,h,1186,SetPiece,2016,RightFoot,3102,Torino,Genoa,1,0,2016-12-22 19:45:00,Adem Ljajic,Cross
153563,91,SavedShot,0.9059999847412109,0.5670000076293945,0.3947499990463257,Andrea Belotti,h,1186,OpenPlay,2016,LeftFoot,3102,Torino,Genoa,1,0,2016-12-22 19:45:00,,TakeOn
154025,31,MissedShots,0.909000015258789,0.3089999961853027,0.05660939961671829,Andrea Belotti,a,1186,OpenPlay,2016,RightFoot,3524,Sassuolo,Torino,0,0,2017-01-08 18:00:00,Mirko Valdifiori,Chipped
154028,36,MissedShots,0.8519999694824218,0.5159999847412109,0.07392650097608566,Andrea Belotti,a,1186,OpenPlay,2016,LeftFoot,3524,Sassuolo,Torino,0,0,2017-01-08 18:00:00,Iago Falque,HeadPass
154034,42,MissedShots,0.9069999694824219,0.4129999923706055,0.29954999685287476,Andrea Belotti,a,1186,OpenPlay,2016,RightFoot,3524,Sassuolo,Torino,0,0,2017-01-08 18:00:00,Davide Zappacosta,Cross
154036,45,MissedShots,0.919000015258789,0.4640000152587891,0.03854009881615639,Andrea Belotti,a,1186,FromCorner,2016,Head,3524,Sassuolo,Torino,0,0,2017-01-08 18:00:00,Mirko Valdifiori,Aerial
154042,69,MissedShots,0.8469999694824218,0.5940000152587891,0.009965499863028526,Andrea Belotti,a,1186,OpenPlay,2016,Head,3524,Sassuolo,Torino,0,0,2017-01-08 18:00:00,Juan Iturbe,Cross
144705,5,SavedShot,0.865,0.3089999961853027,0.11067000031471252,Andrea Belotti,h,1186,OpenPlay,2016,RightFoot,3539,Torino,AC Milan,2,2,2017-01-16 23:45:00,Marco Benassi,Throughball
144709,20,Goal,0.9169999694824219,0.42700000762939455,0.39546799659729004,Andrea Belotti,h,1186,OpenPlay,2016,RightFoot,3539,Torino,AC Milan,2,2,2017-01-16 23:45:00,Adem Ljajic,Rebound
144723,46,BlockedShot,0.9230000305175782,0.43099998474121093,0.10685700178146362,Andrea Belotti,h,1186,OpenPlay,2016,Head,3539,Torino,AC Milan,2,2,2017-01-16 23:45:00,Antonio Barreca,Cross
144737,73,MissedShots,0.9119999694824219,0.42700000762939455,0.10217799991369247,Andrea Belotti,h,1186,OpenPlay,2016,RightFoot,3539,Torino,AC Milan,2,2,2017-01-16 23:45:00,Marco Benassi,Cross
145590,15,BlockedShot,0.7530000305175781,0.519000015258789,0.02569589950144291,Andrea Belotti,h,1186,OpenPlay,2016,LeftFoot,3552,Torino,Atalanta,1,1,2017-01-29 14:30:00,Adem Ljajic,Pass
145615,91,MissedShots,0.9080000305175782,0.28299999237060547,0.04600759968161583,Andrea Belotti,h,1186,OpenPlay,2016,LeftFoot,3552,Torino,Atalanta,1,1,2017-01-29 14:30:00,Adem Ljajic,TakeOn
146318,10,Goal,0.9540000152587891,0.46299999237060546,0.5719429850578308,Andrea Belotti,a,1186,SetPiece,2016,RightFoot,3563,Empoli,Torino,1,1,2017-02-05 14:00:00,Adem Ljajic,Cross
146817,14,Goal,0.8230000305175781,0.42900001525878906,0.1134990006685257,Andrea Belotti,h,1186,OpenPlay,2016,RightFoot,3575,Torino,Pescara,5,3,2017-02-12 14:00:00,Joel Obi,Pass
146825,39,BlockedShot,0.905,0.5359999847412109,0.03226679936051369,Andrea Belotti,h,1186,FromCorner,2016,Head,3575,Torino,Pescara,5,3,2017-02-12 14:00:00,Sasa Lukic,Dispossessed
146826,48,BlockedShot,0.7959999847412109,0.5940000152587891,0.05140620097517967,Andrea Belotti,h,1186,OpenPlay,2016,RightFoot,3575,Torino,Pescara,5,3,2017-02-12 14:00:00,Adem Ljajic,TakeOn
146832,60,Goal,0.925,0.5379999923706055,0.3505139946937561,Andrea Belotti,h,1186,OpenPlay,2016,Head,3575,Torino,Pescara,5,3,2017-02-12 14:00:00,Iago Falque,Cross
146837,79,MissedShots,0.9530000305175781,0.38,0.10403399914503098,Andrea Belotti,h,1186,OpenPlay,2016,RightFoot,3575,Torino,Pescara,5,3,2017-02-12 14:00:00,,None
147338,8,BlockedShot,0.774000015258789,0.605999984741211,0.02688569948077202,Andrea Belotti,a,1186,OpenPlay,2016,RightFoot,3590,Roma,Torino,4,1,2017-02-19 17:00:00,Sasa Lukic,BallRecovery
147355,63,SavedShot,0.8169999694824219,0.5159999847412109,0.041577499359846115,Andrea Belotti,a,1186,OpenPlay,2016,LeftFoot,3590,Roma,Torino,4,1,2017-02-19 17:00:00,,None
147368,92,MissedShots,0.9259999847412109,0.39799999237060546,0.059960201382637024,Andrea Belotti,a,1186,OpenPlay,2016,Head,3590,Roma,Torino,4,1,2017-02-19 17:00:00,Lucas Boyé,Cross
147873,61,ShotOnPost,0.885,0.5,0.7612990140914917,Andrea Belotti,a,1186,Penalty,2016,RightFoot,3600,Fiorentina,Torino,2,2,2017-02-27 19:45:00,,Standard
147875,64,Goal,0.9630000305175781,0.515,0.5333799719810486,Andrea Belotti,a,1186,FromCorner,2016,Head,3600,Fiorentina,Torino,2,2,2017-02-27 19:45:00,Emiliano Moretti,Chipped
147881,84,Goal,0.955,0.4279999923706055,0.40299099683761597,Andrea Belotti,a,1186,OpenPlay,2016,RightFoot,3600,Fiorentina,Torino,2,2,2017-02-27 19:45:00,Daniele Baselli,Chipped
148432,4,SavedShot,0.8680000305175781,0.6270000076293946,0.0688747987151146,Andrea Belotti,h,1186,OpenPlay,2016,LeftFoot,3609,Torino,Palermo,3,1,2017-03-05 14:00:00,,BallRecovery
148444,37,MissedShots,0.9640000152587891,0.6,0.06997209787368774,Andrea Belotti,h,1186,OpenPlay,2016,Head,3609,Torino,Palermo,3,1,2017-03-05 14:00:00,Davide Zappacosta,Cross
148452,72,Goal,0.95,0.5420000076293945,0.4227220118045807,Andrea Belotti,h,1186,FromCorner,2016,Head,3609,Torino,Palermo,3,1,2017-03-05 14:00:00,Juan Iturbe,Cross
148454,75,Goal,0.919000015258789,0.46599998474121096,0.38740500807762146,Andrea Belotti,h,1186,SetPiece,2016,RightFoot,3609,Torino,Palermo,3,1,2017-03-05 14:00:00,Adem Ljajic,Chipped
148455,80,Goal,0.9830000305175781,0.4329999923706055,0.49244898557662964,Andrea Belotti,h,1186,SetPiece,2016,Head,3609,Torino,Palermo,3,1,2017-03-05 14:00:00,Adem Ljajic,Cross
148459,86,MissedShots,0.9459999847412109,0.45599998474121095,0.23061099648475647,Andrea Belotti,h,1186,FromCorner,2016,Head,3609,Torino,Palermo,3,1,2017-03-05 14:00:00,Adem Ljajic,Aerial
148999,85,MissedShots,0.8530000305175781,0.3160000038146973,0.08315770328044891,Andrea Belotti,a,1186,OpenPlay,2016,RightFoot,3620,Lazio,Torino,3,1,2017-03-13 19:45:00,Marco Benassi,TakeOn
149002,91,MissedShots,0.7080000305175781,0.519000015258789,0.04113589972257614,Andrea Belotti,a,1186,DirectFreekick,2016,RightFoot,3620,Lazio,Torino,3,1,2017-03-13 19:45:00,,Standard
149402,49,BlockedShot,0.7780000305175782,0.6819999694824219,0.0179882999509573,Andrea Belotti,h,1186,OpenPlay,2016,RightFoot,3625,Torino,Inter,2,2,2017-03-18 17:00:00,Joe Hart,Pass
149405,55,SavedShot,0.784000015258789,0.6480000305175782,0.020375700667500496,Andrea Belotti,h,1186,OpenPlay,2016,LeftFoot,3625,Torino,Inter,2,2,2017-03-18 17:00:00,Adem Ljajic,Pass
149417,73,MissedShots,0.874000015258789,0.31799999237060544,0.05644550174474716,Andrea Belotti,h,1186,OpenPlay,2016,RightFoot,3625,Torino,Inter,2,2,2017-03-18 17:00:00,Iago Falque,Pass
149422,88,SavedShot,0.94,0.6120000076293945,0.03799530118703842,Andrea Belotti,h,1186,OpenPlay,2016,Head,3625,Torino,Inter,2,2,2017-03-18 17:00:00,Sasa Lukic,Chipped
150077,39,BlockedShot,0.8830000305175781,0.40400001525878904,0.1029909998178482,Andrea Belotti,h,1186,OpenPlay,2016,RightFoot,3641,Torino,Udinese,2,2,2017-04-02 11:30:00,Juan Iturbe,Pass
150078,40,ShotOnPost,0.9269999694824219,0.5029999923706054,0.11323600262403488,Andrea Belotti,h,1186,FromCorner,2016,Head,3641,Torino,Udinese,2,2,2017-04-02 11:30:00,Davide Zappacosta,Cross
150085,62,BlockedShot,0.89,0.38,0.09122209995985031,Andrea Belotti,h,1186,OpenPlay,2016,RightFoot,3641,Torino,Udinese,2,2,2017-04-02 11:30:00,,TakeOn
150086,63,MissedShots,0.9490000152587891,0.5840000152587891,0.07848139852285385,Andrea Belotti,h,1186,FromCorner,2016,Head,3641,Torino,Udinese,2,2,2017-04-02 11:30:00,Juan Iturbe,Cross
150087,66,ShotOnPost,0.9069999694824219,0.6179999923706054,0.012079499661922455,Andrea Belotti,h,1186,FromCorner,2016,Head,3641,Torino,Udinese,2,2,2017-04-02 11:30:00,Juan Iturbe,Aerial
150095,82,Goal,0.925,0.5359999847412109,0.2195809930562973,Andrea Belotti,h,1186,OpenPlay,2016,Head,3641,Torino,Udinese,2,2,2017-04-02 11:30:00,Davide Zappacosta,Chipped
150098,93,MissedShots,0.9569999694824218,0.580999984741211,0.12126199901103973,Andrea Belotti,h,1186,SetPiece,2016,Head,3641,Torino,Udinese,2,2,2017-04-02 11:30:00,Juan Iturbe,Cross
150634,6,MissedShots,0.7069999694824218,0.524000015258789,0.015052399598062038,Andrea Belotti,a,1186,OpenPlay,2016,RightFoot,3651,Cagliari,Torino,2,3,2017-04-09 14:00:00,Cristian Molinaro,Pass
150641,38,Goal,0.9530000305175781,0.534000015258789,0.5168460011482239,Andrea Belotti,a,1186,OpenPlay,2016,Head,3651,Cagliari,Torino,2,3,2017-04-09 14:00:00,Davide Zappacosta,Cross
150642,46,SavedShot,0.8469999694824218,0.5479999923706055,0.10158500075340271,Andrea Belotti,a,1186,OpenPlay,2016,RightFoot,3651,Cagliari,Torino,2,3,2017-04-09 14:00:00,Iago Falque,Pass
150653,85,MissedShots,0.91,0.3970000076293945,0.46462100744247437,Andrea Belotti,a,1186,OpenPlay,2016,RightFoot,3651,Cagliari,Torino,2,3,2017-04-09 14:00:00,Adem Ljajic,Throughball
151024,25,BlockedShot,0.9180000305175782,0.6419999694824219,0.09338700026273727,Andrea Belotti,h,1186,OpenPlay,2016,LeftFoot,3655,Torino,Crotone,1,1,2017-04-15 14:00:00,Daniele Baselli,Pass
151026,34,SavedShot,0.9290000152587891,0.655,0.31066399812698364,Andrea Belotti,h,1186,OpenPlay,2016,RightFoot,3655,Torino,Crotone,1,1,2017-04-15 14:00:00,,None
151027,34,MissedShots,0.9590000152587891,0.674000015258789,0.05040609836578369,Andrea Belotti,h,1186,OpenPlay,2016,LeftFoot,3655,Torino,Crotone,1,1,2017-04-15 14:00:00,,Rebound
151038,61,BlockedShot,0.9459999847412109,0.6329999923706054,0.10257700085639954,Andrea Belotti,h,1186,OpenPlay,2016,LeftFoot,3655,Torino,Crotone,1,1,2017-04-15 14:00:00,Adem Ljajic,Pass
151039,62,MissedShots,0.945,0.44299999237060544,0.11227100342512131,Andrea Belotti,h,1186,FromCorner,2016,Head,3655,Torino,Crotone,1,1,2017-04-15 14:00:00,Davide Zappacosta,Cross
151040,65,Goal,0.885,0.5,0.7612990140914917,Andrea Belotti,h,1186,Penalty,2016,RightFoot,3655,Torino,Crotone,1,1,2017-04-15 14:00:00,,Standard
151047,88,MissedShots,0.9419999694824219,0.44599998474121094,0.11539500206708908,Andrea Belotti,h,1186,FromCorner,2016,Head,3655,Torino,Crotone,1,1,2017-04-15 14:00:00,Davide Zappacosta,Cross
151738,13,MissedShots,0.8130000305175781,0.5029999923706054,0.05863780155777931,Andrea Belotti,a,1186,OpenPlay,2016,LeftFoot,3671,Chievo,Torino,1,3,2017-04-23 14:00:00,Adem Ljajic,Pass
151749,42,MissedShots,0.9130000305175782,0.6530000305175782,0.04784860089421272,Andrea Belotti,a,1186,OpenPlay,2016,RightFoot,3671,Chievo,Torino,1,3,2017-04-23 14:00:00,Davide Zappacosta,Cross
151763,84,MissedShots,0.779000015258789,0.5590000152587891,0.08969700336456299,Andrea Belotti,a,1186,DirectFreekick,2016,RightFoot,3671,Chievo,Torino,1,3,2017-04-23 14:00:00,,Standard
151765,85,MissedShots,0.8009999847412109,0.6079999923706054,0.04208210110664368,Andrea Belotti,a,1186,OpenPlay,2016,RightFoot,3671,Chievo,Torino,1,3,2017-04-23 14:00:00,Antonio Barreca,Pass
152201,12,SavedShot,0.8119999694824219,0.44299999237060544,0.04342230036854744,Andrea Belotti,h,1186,OpenPlay,2016,RightFoot,3679,Torino,Sampdoria,1,1,2017-04-29 19:45:00,,None
152208,34,BlockedShot,0.8080000305175781,0.655,0.027656499296426773,Andrea Belotti,h,1186,OpenPlay,2016,RightFoot,3679,Torino,Sampdoria,1,1,2017-04-29 19:45:00,Lucas Boyé,Pass
152218,58,BlockedShot,0.8430000305175781,0.37099998474121093,0.04937870055437088,Andrea Belotti,h,1186,OpenPlay,2016,RightFoot,3679,Torino,Sampdoria,1,1,2017-04-29 19:45:00,Daniele Baselli,Chipped
152219,58,MissedShots,0.9069999694824219,0.5279999923706055,0.25402501225471497,Andrea Belotti,h,1186,FromCorner,2016,Head,3679,Torino,Sampdoria,1,1,2017-04-29 19:45:00,Davide Zappacosta,Cross
152221,62,BlockedShot,0.8919999694824219,0.544000015258789,0.0858410969376564,Andrea Belotti,h,1186,OpenPlay,2016,RightFoot,3679,Torino,Sampdoria,1,1,2017-04-29 19:45:00,Davide Zappacosta,Cross
152223,69,SavedShot,0.879000015258789,0.415,0.07616720348596573,Andrea Belotti,h,1186,SetPiece,2016,RightFoot,3679,Torino,Sampdoria,1,1,2017-04-29 19:45:00,Adem Ljajic,Chipped
152227,93,BlockedShot,0.87,0.7119999694824218,0.041065800935029984,Andrea Belotti,h,1186,OpenPlay,2016,RightFoot,3679,Torino,Sampdoria,1,1,2017-04-29 19:45:00,Maxi López,Pass
152228,93,MissedShots,0.9730000305175781,0.4420000076293945,0.12599599361419678,Andrea Belotti,h,1186,FromCorner,2016,Head,3679,Torino,Sampdoria,1,1,2017-04-29 19:45:00,Adem Ljajic,Cross
152751,12,MissedShots,0.745999984741211,0.500999984741211,0.020873399451375008,Andrea Belotti,a,1186,OpenPlay,2016,RightFoot,3691,Juventus,Torino,1,1,2017-05-06 19:45:00,Iago Falque,LayOff
152761,32,MissedShots,0.9180000305175782,0.39099998474121095,0.0790541023015976,Andrea Belotti,a,1186,OpenPlay,2016,RightFoot,3691,Juventus,Torino,1,1,2017-05-06 19:45:00,Davide Zappacosta,Cross
153202,25,MissedShots,0.8880000305175781,0.6669999694824219,0.041262298822402954,Andrea Belotti,h,1186,OpenPlay,2016,RightFoot,3698,Torino,Napoli,0,5,2017-05-14 14:00:00,Davide Zappacosta,Cross
153205,38,BlockedShot,0.7019999694824218,0.5429999923706055,0.011951800435781479,Andrea Belotti,h,1186,OpenPlay,2016,RightFoot,3698,Torino,Napoli,0,5,2017-05-14 14:00:00,,None
153206,38,MissedShots,0.7969999694824219,0.5429999923706055,0.04273330047726631,Andrea Belotti,h,1186,OpenPlay,2016,RightFoot,3698,Torino,Napoli,0,5,2017-05-14 14:00:00,Adem Ljajic,Pass
153210,55,BlockedShot,0.8809999847412109,0.57,0.07618100196123123,Andrea Belotti,h,1186,OpenPlay,2016,RightFoot,3698,Torino,Napoli,0,5,2017-05-14 14:00:00,Iago Falque,Cross
153806,85,BlockedShot,0.9059999847412109,0.5570000076293945,0.12544600665569305,Andrea Belotti,a,1186,OpenPlay,2016,RightFoot,3711,Genoa,Torino,2,1,2017-05-21 14:00:00,Danilo Avelar,Pass
154319,33,SavedShot,0.924000015258789,0.6790000152587891,0.07140199840068817,Andrea Belotti,h,1186,OpenPlay,2016,RightFoot,3720,Torino,Sassuolo,5,3,2017-05-28 19:45:00,Mirko Valdifiori,Chipped
154328,51,SavedShot,0.879000015258789,0.27600000381469725,0.038675300776958466,Andrea Belotti,h,1186,OpenPlay,2016,RightFoot,3720,Torino,Sassuolo,5,3,2017-05-28 19:45:00,Iago Falque,Chipped
154333,58,BlockedShot,0.89,0.2620000076293945,0.07662709802389145,Andrea Belotti,h,1186,OpenPlay,2016,RightFoot,3720,Torino,Sassuolo,5,3,2017-05-28 19:45:00,Iago Falque,Chipped
154337,68,MissedShots,0.9630000305175781,0.43,0.13974100351333618,Andrea Belotti,h,1186,OpenPlay,2016,LeftFoot,3720,Torino,Sassuolo,5,3,2017-05-28 19:45:00,Lucas Boyé,Chipped
154341,78,Goal,0.9469999694824218,0.6309999847412109,0.13535399734973907,Andrea Belotti,h,1186,OpenPlay,2016,RightFoot,3720,Torino,Sassuolo,5,3,2017-05-28 19:45:00,Joel Obi,Throughball
154343,84,BlockedShot,0.9490000152587891,0.759000015258789,0.13665300607681274,Andrea Belotti,h,1186,OpenPlay,2016,LeftFoot,3720,Torino,Sassuolo,5,3,2017-05-28 19:45:00,Samuel Gustafson,Throughball
154345,87,BlockedShot,0.8690000152587891,0.5479999923706055,0.12563100457191467,Andrea Belotti,h,1186,OpenPlay,2016,RightFoot,3720,Torino,Sassuolo,5,3,2017-05-28 19:45:00,Joel Obi,Pass
172572,1,MissedShots,0.9169999694824219,0.39099998474121095,0.03800880163908005,Andrea Belotti,a,1186,OpenPlay,2017,Head,7502,Bologna,Torino,1,1,2017-08-20 19:45:00,Davide Zappacosta,Cross
172585,49,BlockedShot,0.9119999694824219,0.6990000152587891,0.05480320006608963,Andrea Belotti,a,1186,OpenPlay,2017,LeftFoot,7502,Bologna,Torino,1,1,2017-08-20 19:45:00,Adem Ljajic,Pass
173075,23,MissedShots,0.8390000152587891,0.629000015258789,0.03406419977545738,Andrea Belotti,h,1186,FromCorner,2017,RightFoot,7511,Torino,Sassuolo,3,0,2017-08-27 17:00:00,Iago Falque,Cross
173083,43,Goal,0.9030000305175782,0.605999984741211,0.0656495988368988,Andrea Belotti,h,1186,OpenPlay,2017,RightFoot,7511,Torino,Sassuolo,3,0,2017-08-27 17:00:00,Lorenzo De Silvestri,Cross
173101,87,BlockedShot,0.9159999847412109,0.6819999694824219,0.0983446016907692,Andrea Belotti,h,1186,OpenPlay,2017,RightFoot,7511,Torino,Sassuolo,3,0,2017-08-27 17:00:00,Adem Ljajic,TakeOn
173103,94,MissedShots,0.8090000152587891,0.41200000762939454,0.0645977035164833,Andrea Belotti,h,1186,OpenPlay,2017,RightFoot,7511,Torino,Sassuolo,3,0,2017-08-27 17:00:00,Joel Obi,Pass
173141,41,SavedShot,0.8419999694824218,0.5629999923706055,0.08153239637613297,Andrea Belotti,a,1186,OpenPlay,2017,RightFoot,7520,Benevento,Torino,0,1,2017-09-10 17:00:00,Iago Falque,Pass
173144,45,BlockedShot,0.7780000305175782,0.6840000152587891,0.01901249960064888,Andrea Belotti,a,1186,OpenPlay,2017,RightFoot,7520,Benevento,Torino,0,1,2017-09-10 17:00:00,Cristian Molinaro,TakeOn
173145,51,MissedShots,0.8730000305175781,0.544000015258789,0.022560400888323784,Andrea Belotti,a,1186,FromCorner,2017,Head,7520,Benevento,Torino,0,1,2017-09-10 17:00:00,M&#039;Baye Niang,Cross
173154,77,SavedShot,0.889000015258789,0.565,0.03221460059285164,Andrea Belotti,a,1186,FromCorner,2017,Head,7520,Benevento,Torino,0,1,2017-09-10 17:00:00,Alex Berenguer,Cross
173593,13,Goal,0.9019999694824219,0.664000015258789,0.07683219760656357,Andrea Belotti,h,1186,OpenPlay,2017,LeftFoot,7538,Torino,Sampdoria,2,2,2017-09-17 14:00:00,Adem Ljajic,Pass
173597,31,SavedShot,0.759000015258789,0.46099998474121096,0.030046600848436356,Andrea Belotti,h,1186,OpenPlay,2017,RightFoot,7538,Torino,Sampdoria,2,2,2017-09-17 14:00:00,Antonio Barreca,Pass
173602,44,MissedShots,0.9290000152587891,0.585,0.10685800015926361,Andrea Belotti,h,1186,OpenPlay,2017,RightFoot,7538,Torino,Sampdoria,2,2,2017-09-17 14:00:00,Adem Ljajic,Chipped
173606,56,MissedShots,0.8490000152587891,0.485,0.08896210044622421,Andrea Belotti,h,1186,OpenPlay,2017,RightFoot,7538,Torino,Sampdoria,2,2,2017-09-17 14:00:00,Iago Falque,Pass
173608,76,MissedShots,0.965,0.43400001525878906,0.4997270107269287,Andrea Belotti,h,1186,SetPiece,2017,RightFoot,7538,Torino,Sampdoria,2,2,2017-09-17 14:00:00,Adem Ljajic,Cross
173856,8,Goal,0.919000015258789,0.5279999923706055,0.46387699246406555,Andrea Belotti,a,1186,OpenPlay,2017,RightFoot,7548,Udinese,Torino,2,3,2017-09-20 19:45:00,,Rebound
173862,38,MissedShots,0.9069999694824219,0.615,0.12514199316501617,Andrea Belotti,a,1186,OpenPlay,2017,RightFoot,7548,Udinese,Torino,2,3,2017-09-20 19:45:00,Iago Falque,Pass
173864,42,MissedShots,0.8230000305175781,0.40599998474121096,0.07006540149450302,Andrea Belotti,a,1186,OpenPlay,2017,RightFoot,7548,Udinese,Torino,2,3,2017-09-20 19:45:00,Adem Ljajic,Pass
173866,50,SavedShot,0.8719999694824219,0.42700000762939455,0.07314009964466095,Andrea Belotti,a,1186,OpenPlay,2017,RightFoot,7548,Udinese,Torino,2,3,2017-09-20 19:45:00,Iago Falque,Cross
173870,66,SavedShot,0.7680000305175781,0.585,0.03207460045814514,Andrea Belotti,a,1186,OpenPlay,2017,RightFoot,7548,Udinese,Torino,2,3,2017-09-20 19:45:00,Adem Ljajic,Pass
174041,83,MissedShots,0.7280000305175781,0.43900001525878907,0.01556320022791624,Andrea Belotti,a,1186,OpenPlay,2017,RightFoot,7554,Juventus,Torino,4,0,2017-09-23 19:45:00,Cristian Ansaldi,Pass
174385,24,BlockedShot,0.87,0.6140000152587891,0.08539029955863953,Andrea Belotti,h,1186,OpenPlay,2017,RightFoot,7567,Torino,Verona,2,2,2017-10-01 14:00:00,Tomás Rincón,Pass
174397,60,SavedShot,0.9519999694824218,0.40400001525878904,0.0982062965631485,Andrea Belotti,h,1186,FromCorner,2017,RightFoot,7567,Torino,Verona,2,2,2017-10-01 14:00:00,,None
174398,60,BlockedShot,0.875999984741211,0.34799999237060547,0.07858750224113464,Andrea Belotti,h,1186,OpenPlay,2017,RightFoot,7567,Torino,Verona,2,2,2017-10-01 14:00:00,Tomás Rincón,Pass
175429,18,SavedShot,0.72,0.5609999847412109,0.015105700120329857,Andrea Belotti,h,1186,OpenPlay,2017,RightFoot,7607,Torino,Cagliari,2,1,2017-10-29 19:45:00,Iago Falque,Pass
175431,21,MissedShots,0.885,0.525,0.08683410286903381,Andrea Belotti,h,1186,OpenPlay,2017,RightFoot,7607,Torino,Cagliari,2,1,2017-10-29 19:45:00,Mirko Valdifiori,Cross
175444,64,MissedShots,0.9690000152587891,0.41200000762939454,0.2577190101146698,Andrea Belotti,h,1186,OpenPlay,2017,Head,7607,Torino,Cagliari,2,1,2017-10-29 19:45:00,Cristian Ansaldi,Cross
175449,72,BlockedShot,0.7930000305175782,0.6719999694824219,0.03392529860138893,Andrea Belotti,h,1186,OpenPlay,2017,RightFoot,7607,Torino,Cagliari,2,1,2017-10-29 19:45:00,Daniele Baselli,Pass
175453,81,MissedShots,0.8780000305175781,0.6530000305175782,0.13488399982452393,Andrea Belotti,h,1186,OpenPlay,2017,RightFoot,7607,Torino,Cagliari,2,1,2017-10-29 19:45:00,Iago Falque,Throughball
175648,52,SavedShot,0.8930000305175781,0.445,0.06444860249757767,Andrea Belotti,a,1186,OpenPlay,2017,Head,7615,Inter,Torino,1,1,2017-11-05 11:30:00,Lorenzo De Silvestri,Cross
175657,75,MissedShots,0.8619999694824219,0.67,0.05998900160193443,Andrea Belotti,a,1186,OpenPlay,2017,LeftFoot,7615,Inter,Torino,1,1,2017-11-05 11:30:00,Daniele Baselli,Chipped
175935,54,MissedShots,0.9269999694824219,0.49900001525878906,0.4050779938697815,Andrea Belotti,h,1186,OpenPlay,2017,Head,7627,Torino,Chievo,1,1,2017-11-19 14:00:00,Cristian Ansaldi,Cross
175938,64,MissedShots,0.894000015258789,0.4929999923706055,0.12109100073575974,Andrea Belotti,h,1186,OpenPlay,2017,LeftFoot,7627,Torino,Chievo,1,1,2017-11-19 14:00:00,,Rebound
175941,71,SavedShot,0.885,0.5,0.7612990140914917,Andrea Belotti,h,1186,Penalty,2017,RightFoot,7627,Torino,Chievo,1,1,2017-11-19 14:00:00,,Standard
175945,80,SavedShot,0.7659999847412109,0.6530000305175782,0.01971540041267872,Andrea Belotti,h,1186,OpenPlay,2017,LeftFoot,7627,Torino,Chievo,1,1,2017-11-19 14:00:00,Adem Ljajic,BallRecovery
176162,16,MissedShots,0.9180000305175782,0.4490000152587891,0.08351589739322662,Andrea Belotti,a,1186,FromCorner,2017,Head,7636,AC Milan,Torino,0,0,2017-11-26 14:00:00,Cristian Ansaldi,Cross
176170,54,BlockedShot,0.730999984741211,0.6179999923706054,0.018115099519491196,Andrea Belotti,a,1186,OpenPlay,2017,RightFoot,7636,AC Milan,Torino,0,0,2017-11-26 14:00:00,Joel Obi,Pass
176181,85,SavedShot,0.885,0.5029999923706054,0.06400450319051743,Andrea Belotti,a,1186,OpenPlay,2017,Head,7636,AC Milan,Torino,0,0,2017-11-26 14:00:00,Cristian Ansaldi,Cross
176529,74,MissedShots,0.7819999694824219,0.6079999923706054,0.027568599209189415,Andrea Belotti,h,1186,OpenPlay,2017,RightFoot,7648,Torino,Atalanta,1,1,2017-12-02 19:45:00,Lucas Boyé,Pass
176530,75,SavedShot,0.9230000305175782,0.7,0.11459500342607498,Andrea Belotti,h,1186,OpenPlay,2017,LeftFoot,7648,Torino,Atalanta,1,1,2017-12-02 19:45:00,Tomás Rincón,Throughball
180138,4,ShotOnPost,0.9630000305175781,0.295,0.05392500013113022,Andrea Belotti,a,1186,OpenPlay,2017,RightFoot,7653,Lazio,Torino,1,3,2017-12-11 20:00:00,Iago Falque,Pass
180149,30,MissedShots,0.92,0.3940000152587891,0.034251999109983444,Andrea Belotti,a,1186,OpenPlay,2017,Head,7653,Lazio,Torino,1,3,2017-12-11 20:00:00,Daniele Baselli,Chipped
180159,49,MissedShots,0.8190000152587891,0.76,0.015690399333834648,Andrea Belotti,a,1186,FromCorner,2017,RightFoot,7653,Lazio,Torino,1,3,2017-12-11 20:00:00,,None
180163,60,SavedShot,0.7759999847412109,0.524000015258789,0.04160450026392937,Andrea Belotti,a,1186,OpenPlay,2017,LeftFoot,7653,Lazio,Torino,1,3,2017-12-11 20:00:00,Iago Falque,Pass
180175,85,BlockedShot,0.9159999847412109,0.46,0.14286600053310394,Andrea Belotti,a,1186,OpenPlay,2017,RightFoot,7653,Lazio,Torino,1,3,2017-12-11 20:00:00,,Rebound
184961,39,MissedShots,0.7380000305175781,0.5070000076293946,0.016793999820947647,Andrea Belotti,h,1186,OpenPlay,2017,LeftFoot,7668,Torino,Napoli,1,3,2017-12-16 17:00:00,Tomás Rincón,Pass
184968,62,Goal,0.8480000305175781,0.48,0.05414640158414841,Andrea Belotti,h,1186,OpenPlay,2017,RightFoot,7668,Torino,Napoli,1,3,2017-12-16 17:00:00,,None
185221,39,MissedShots,0.7969999694824219,0.6,0.05365610122680664,Andrea Belotti,a,1186,OpenPlay,2017,RightFoot,7677,SPAL 2013,Torino,2,2,2017-12-23 14:00:00,Iago Falque,Pass
185226,54,MissedShots,0.95,0.524000015258789,0.1302109956741333,Andrea Belotti,a,1186,FromCorner,2017,Head,7677,SPAL 2013,Torino,2,2,2017-12-23 14:00:00,M&#039;Baye Niang,Cross
185234,86,BlockedShot,0.8159999847412109,0.555,0.06257610023021698,Andrea Belotti,a,1186,OpenPlay,2017,RightFoot,7677,SPAL 2013,Torino,2,2,2017-12-23 14:00:00,Alex Berenguer,Pass
185236,93,SavedShot,0.9180000305175782,0.49599998474121093,0.04436739906668663,Andrea Belotti,a,1186,FromCorner,2017,Head,7677,SPAL 2013,Torino,2,2,2017-12-23 14:00:00,Alex Berenguer,Aerial
190280,77,MissedShots,0.88,0.5729999923706055,0.08919060230255127,Andrea Belotti,h,1186,OpenPlay,2017,OtherBodyPart,7710,Torino,Benevento,3,0,2018-01-28 14:00:00,Cristian Molinaro,Cross
195808,84,MissedShots,0.905,0.3840000152587891,0.3670620024204254,Andrea Belotti,a,1186,SetPiece,2017,RightFoot,7728,Sampdoria,Torino,1,1,2018-02-03 17:00:00,Mirko Valdifiori,Throughball
195986,44,SavedShot,0.8969999694824219,0.6619999694824219,0.26384198665618896,Andrea Belotti,h,1186,SetPiece,2017,RightFoot,7738,Torino,Udinese,2,0,2018-02-11 14:00:00,Nicolas Burdisso,Chipped
195990,65,Goal,0.8919999694824219,0.35700000762939454,0.24007800221443176,Andrea Belotti,h,1186,OpenPlay,2017,RightFoot,7738,Torino,Udinese,2,0,2018-02-11 14:00:00,Lorenzo De Silvestri,TakeOn
196640,25,MissedShots,0.9590000152587891,0.33,0.05529969930648804,Andrea Belotti,h,1186,OpenPlay,2017,RightFoot,7746,Torino,Juventus,0,1,2018-02-18 11:30:00,Iago Falque,Chipped
197902,2,MissedShots,0.9440000152587891,0.33299999237060546,0.06207859888672829,Andrea Belotti,a,1186,OpenPlay,2017,RightFoot,7750,Verona,Torino,2,1,2018-02-25 14:00:00,Iago Falque,Chipped
197908,27,MissedShots,0.895,0.5640000152587891,0.07943390309810638,Andrea Belotti,a,1186,OpenPlay,2017,RightFoot,7750,Verona,Torino,2,1,2018-02-25 14:00:00,M&#039;Baye Niang,HeadPass
197916,64,MissedShots,0.95,0.39799999237060546,0.1283850073814392,Andrea Belotti,a,1186,OpenPlay,2017,RightFoot,7750,Verona,Torino,2,1,2018-02-25 14:00:00,Iago Falque,Pass
197918,75,MissedShots,0.9430000305175781,0.37,0.020106900483369827,Andrea Belotti,a,1186,OpenPlay,2017,Head,7750,Verona,Torino,2,1,2018-02-25 14:00:00,M&#039;Baye Niang,Pass
199737,23,BlockedShot,0.8030000305175782,0.395,0.034877900034189224,Andrea Belotti,a,1186,OpenPlay,2017,LeftFoot,7777,Roma,Torino,3,0,2018-03-09 19:45:00,Iago Falque,Pass
199738,30,BlockedShot,0.9269999694824219,0.36700000762939455,0.08620399981737137,Andrea Belotti,a,1186,OpenPlay,2017,RightFoot,7777,Roma,Torino,3,0,2018-03-09 19:45:00,Iago Falque,BallTouch
199741,34,MissedShots,0.9690000152587891,0.5529999923706055,0.506076991558075,Andrea Belotti,a,1186,FromCorner,2017,LeftFoot,7777,Roma,Torino,3,0,2018-03-09 19:45:00,Iago Falque,Cross
202052,85,Goal,0.9059999847412109,0.44299999237060544,0.08727049827575684,Andrea Belotti,h,1186,SetPiece,2017,RightFoot,7783,Torino,Fiorentina,1,2,2018-03-18 14:00:00,Adem Ljajic,Chipped
205101,44,MissedShots,0.8959999847412109,0.47,0.0181575994938612,Andrea Belotti,a,1186,FromCorner,2017,Head,7797,Cagliari,Torino,0,4,2018-03-31 17:00:00,Daniele Baselli,Aerial
205103,47,BlockedShot,0.9369999694824219,0.544000015258789,0.14688999950885773,Andrea Belotti,a,1186,OpenPlay,2017,RightFoot,7797,Cagliari,Torino,0,4,2018-03-31 17:00:00,,Rebound
205107,60,SavedShot,0.9530000305175781,0.6409999847412109,0.30383801460266113,Andrea Belotti,a,1186,OpenPlay,2017,LeftFoot,7797,Cagliari,Torino,0,4,2018-03-31 17:00:00,Cristian Ansaldi,TakeOn
205112,76,MissedShots,0.8080000305175781,0.7030000305175781,0.028993500396609306,Andrea Belotti,a,1186,OpenPlay,2017,RightFoot,7797,Cagliari,Torino,0,4,2018-03-31 17:00:00,Adem Ljajic,Pass
205174,15,SavedShot,0.9269999694824219,0.524000015258789,0.35642001032829285,Andrea Belotti,h,1186,FromCorner,2017,RightFoot,7761,Torino,Crotone,4,1,2018-04-04 17:30:00,Adem Ljajic,Cross
205175,15,Goal,0.98,0.5129999923706055,0.9354299902915955,Andrea Belotti,h,1186,FromCorner,2017,RightFoot,7761,Torino,Crotone,4,1,2018-04-04 17:30:00,,Rebound
205179,35,Goal,0.9169999694824219,0.4620000076293945,0.38790398836135864,Andrea Belotti,h,1186,SetPiece,2017,RightFoot,7761,Torino,Crotone,4,1,2018-04-04 17:30:00,Adem Ljajic,Cross
205189,67,Goal,0.875999984741211,0.3840000152587891,0.5062419772148132,Andrea Belotti,h,1186,OpenPlay,2017,RightFoot,7761,Torino,Crotone,4,1,2018-04-04 17:30:00,Iago Falque,Throughball
208002,31,MissedShots,0.9159999847412109,0.3629999923706055,0.07811140269041061,Andrea Belotti,h,1186,OpenPlay,2017,RightFoot,7805,Torino,Inter,1,0,2018-04-08 10:30:00,Nicolas Burdisso,Pass
208621,19,MissedShots,0.925,0.6409999847412109,0.3032200038433075,Andrea Belotti,a,1186,OpenPlay,2017,LeftFoot,7817,Chievo,Torino,0,0,2018-04-14 16:00:00,Adem Ljajic,Pass
209938,3,ShotOnPost,0.885,0.5,0.7612990140914917,Andrea Belotti,h,1186,Penalty,2017,RightFoot,7826,Torino,AC Milan,1,1,2018-04-18 18:45:00,,Standard
209942,32,SavedShot,0.86,0.48900001525878906,0.014433399774134159,Andrea Belotti,h,1186,OpenPlay,2017,Head,7826,Torino,AC Milan,1,1,2018-04-18 18:45:00,Lorenzo De Silvestri,Aerial
209947,44,BlockedShot,0.9069999694824219,0.485,0.07635559886693954,Andrea Belotti,h,1186,FromCorner,2017,Head,7826,Torino,AC Milan,1,1,2018-04-18 18:45:00,Adem Ljajic,Cross
209952,69,BlockedShot,0.9019999694824219,0.5029999923706054,0.10798700153827667,Andrea Belotti,h,1186,OpenPlay,2017,RightFoot,7826,Torino,AC Milan,1,1,2018-04-18 18:45:00,,Rebound
210946,3,MissedShots,0.904000015258789,0.66,0.010572399944067001,Andrea Belotti,a,1186,FromCorner,2017,Head,7838,Atalanta,Torino,2,1,2018-04-22 13:00:00,Adem Ljajic,Cross
215504,50,SavedShot,0.9059999847412109,0.5370000076293945,0.023027900606393814,Andrea Belotti,h,1186,FromCorner,2017,Head,7867,Torino,SPAL 2013,2,1,2018-05-13 14:00:00,Adem Ljajic,Aerial
215513,67,Goal,0.9080000305175782,0.5879999923706055,0.4052950143814087,Andrea Belotti,h,1186,OpenPlay,2017,LeftFoot,7867,Torino,SPAL 2013,2,1,2018-05-13 14:00:00,Alex Berenguer,Pass
215515,74,MissedShots,0.9119999694824219,0.5659999847412109,0.13390399515628815,Andrea Belotti,h,1186,OpenPlay,2017,RightFoot,7867,Torino,SPAL 2013,2,1,2018-05-13 14:00:00,Alex Berenguer,Pass
215517,78,MissedShots,0.9309999847412109,0.654000015258789,0.06613239645957947,Andrea Belotti,h,1186,SetPiece,2017,LeftFoot,7867,Torino,SPAL 2013,2,1,2018-05-13 14:00:00,Adem Ljajic,Chipped
216408,52,MissedShots,0.9690000152587891,0.37099998474121093,0.028398700058460236,Andrea Belotti,a,1186,OpenPlay,2017,Head,7878,Genoa,Torino,1,2,2018-05-20 14:00:00,Cristian Ansaldi,Cross
218656,79,SavedShot,0.9080000305175782,0.6609999847412109,0.1477549970149994,Andrea Belotti,h,1186,OpenPlay,2018,LeftFoot,9579,Torino,Roma,0,1,2018-08-19 19:00:00,Iago Falque,Throughball
220983,54,Goal,0.919000015258789,0.57,0.32841700315475464,Andrea Belotti,a,1186,OpenPlay,2018,RightFoot,9595,Inter,Torino,2,2,2018-08-26 21:30:00,Iago Falque,Throughball
220988,72,MissedShots,0.8190000152587891,0.6359999847412109,0.021719999611377716,Andrea Belotti,a,1186,OpenPlay,2018,LeftFoot,9595,Inter,Torino,2,2,2018-08-26 21:30:00,Ola Aina,HeadPass
220986,72,BlockedShot,0.915,0.415,0.08841940015554428,Andrea Belotti,a,1186,OpenPlay,2018,RightFoot,9595,Inter,Torino,2,2,2018-08-26 21:30:00,Lorenzo De Silvestri,Cross
220991,77,MissedShots,0.9180000305175782,0.524000015258789,0.09877920150756836,Andrea Belotti,a,1186,FromCorner,2018,Head,9595,Inter,Torino,2,2,2018-08-26 21:30:00,Iago Falque,Cross
220994,88,SavedShot,0.74,0.34400001525878904,0.013142899610102177,Andrea Belotti,a,1186,OpenPlay,2018,LeftFoot,9595,Inter,Torino,2,2,2018-08-26 21:30:00,Sasa Lukic,Pass
222676,1,SavedShot,0.924000015258789,0.67,0.31656599044799805,Andrea Belotti,h,1186,OpenPlay,2018,RightFoot,9606,Torino,SPAL 2013,1,0,2018-09-02 18:30:00,,None
222681,46,BlockedShot,0.7559999847412109,0.7330000305175781,0.040673401206731796,Andrea Belotti,h,1186,DirectFreekick,2018,RightFoot,9606,Torino,SPAL 2013,1,0,2018-09-02 18:30:00,,Standard
222682,47,SavedShot,0.9169999694824219,0.4520000076293945,0.37981000542640686,Andrea Belotti,h,1186,OpenPlay,2018,RightFoot,9606,Torino,SPAL 2013,1,0,2018-09-02 18:30:00,Lorenzo De Silvestri,Cross
222689,75,MissedShots,0.9540000152587891,0.495,0.6495029926300049,Andrea Belotti,h,1186,OpenPlay,2018,RightFoot,9606,Torino,SPAL 2013,1,0,2018-09-02 18:30:00,Daniele Baselli,Pass
224161,32,SavedShot,0.92,0.48200000762939454,0.09154149889945984,Andrea Belotti,a,1186,OpenPlay,2018,RightFoot,9616,Udinese,Torino,1,1,2018-09-16 13:00:00,,None
224176,89,MissedShots,0.909000015258789,0.5359999847412109,0.10640999674797058,Andrea Belotti,a,1186,OpenPlay,2018,RightFoot,9616,Udinese,Torino,1,1,2018-09-16 13:00:00,Roberto Soriano,Chipped
225638,50,Goal,0.885,0.5,0.7612990140914917,Andrea Belotti,h,1186,Penalty,2018,RightFoot,9626,Torino,Napoli,1,3,2018-09-23 10:30:00,,Standard
226806,13,MissedShots,0.7380000305175781,0.46299999237060546,0.019006600603461266,Andrea Belotti,a,1186,OpenPlay,2018,RightFoot,9627,Atalanta,Torino,0,0,2018-09-26 19:00:00,Daniele Baselli,Pass
226810,48,BlockedShot,0.77,0.67,0.058093901723623276,Andrea Belotti,a,1186,DirectFreekick,2018,RightFoot,9627,Atalanta,Torino,0,0,2018-09-26 19:00:00,,Standard
226821,89,BlockedShot,0.7290000152587891,0.45799999237060546,0.050529200583696365,Andrea Belotti,a,1186,DirectFreekick,2018,RightFoot,9627,Atalanta,Torino,0,0,2018-09-26 19:00:00,,Standard
228565,43,MissedShots,0.9209999847412109,0.49700000762939456,0.04858139902353287,Andrea Belotti,a,1186,FromCorner,2018,Head,9641,Chievo,Torino,0,1,2018-09-30 13:00:00,Simone Edera,Aerial
228570,61,SavedShot,0.725,0.48700000762939455,0.01478319987654686,Andrea Belotti,a,1186,OpenPlay,2018,RightFoot,9641,Chievo,Torino,0,1,2018-09-30 13:00:00,Armando Izzo,Chipped
228571,64,BlockedShot,0.9390000152587891,0.37599998474121094,0.1125200018286705,Andrea Belotti,a,1186,OpenPlay,2018,RightFoot,9641,Chievo,Torino,0,1,2018-09-30 13:00:00,Alex Berenguer,Pass
228573,66,MissedShots,0.9309999847412109,0.28600000381469726,0.04721830040216446,Andrea Belotti,a,1186,OpenPlay,2018,RightFoot,9641,Chievo,Torino,0,1,2018-09-30 13:00:00,Alex Berenguer,Pass
228574,68,BlockedShot,0.8959999847412109,0.624000015258789,0.06092569977045059,Andrea Belotti,a,1186,OpenPlay,2018,RightFoot,9641,Chievo,Torino,0,1,2018-09-30 13:00:00,Alex Berenguer,Cross
228582,93,BlockedShot,0.8690000152587891,0.6270000076293946,0.1076899990439415,Andrea Belotti,a,1186,OpenPlay,2018,RightFoot,9641,Chievo,Torino,0,1,2018-09-30 13:00:00,Iago Falque,Pass
252000,5,SavedShot,0.9169999694824219,0.30700000762939456,0.05887740105390549,Andrea Belotti,h,1186,OpenPlay,2018,RightFoot,9655,Torino,Frosinone,3,2,2018-10-05 18:30:00,Ola Aina,Pass
252002,9,MissedShots,0.7340000152587891,0.4420000076293945,0.014830599538981915,Andrea Belotti,h,1186,OpenPlay,2018,RightFoot,9655,Torino,Frosinone,3,2,2018-10-05 18:30:00,,None
252020,76,BlockedShot,0.8069999694824219,0.6229999923706054,0.10531599819660187,Andrea Belotti,h,1186,DirectFreekick,2018,RightFoot,9655,Torino,Frosinone,3,2,2018-10-05 18:30:00,,Standard
252640,26,MissedShots,0.755,0.5479999923706055,0.032354701310396194,Andrea Belotti,h,1186,OpenPlay,2018,LeftFoot,9675,Torino,Fiorentina,1,1,2018-10-27 18:30:00,,TakeOn
252643,33,BlockedShot,0.764000015258789,0.6379999923706055,0.021177999675273895,Andrea Belotti,h,1186,OpenPlay,2018,RightFoot,9675,Torino,Fiorentina,1,1,2018-10-27 18:30:00,Iago Falque,Pass
252661,89,MissedShots,0.745,0.485,0.020828699693083763,Andrea Belotti,h,1186,OpenPlay,2018,RightFoot,9675,Torino,Fiorentina,1,1,2018-10-27 18:30:00,Roberto Soriano,BallRecovery
253055,6,MissedShots,0.9109999847412109,0.4640000152587891,0.05143919959664345,Andrea Belotti,a,1186,OpenPlay,2018,Head,9685,Sampdoria,Torino,1,4,2018-11-04 14:00:00,Lorenzo De Silvestri,Aerial
253057,11,Goal,0.9230000305175782,0.505,0.06469610333442688,Andrea Belotti,a,1186,OpenPlay,2018,Head,9685,Sampdoria,Torino,1,4,2018-11-04 14:00:00,Lorenzo De Silvestri,Aerial
253064,42,Goal,0.885,0.5,0.7612990140914917,Andrea Belotti,a,1186,Penalty,2018,RightFoot,9685,Sampdoria,Torino,1,4,2018-11-04 14:00:00,,Standard
253067,46,MissedShots,0.8290000152587891,0.38799999237060545,0.06236179918050766,Andrea Belotti,a,1186,OpenPlay,2018,RightFoot,9685,Sampdoria,Torino,1,4,2018-11-04 14:00:00,Lorenzo De Silvestri,HeadPass
253075,70,SavedShot,0.865,0.4520000076293945,0.11313600093126297,Andrea Belotti,a,1186,OpenPlay,2018,LeftFoot,9685,Sampdoria,Torino,1,4,2018-11-04 14:00:00,Ola Aina,Cross
253186,11,MissedShots,0.9669999694824218,0.515,0.7795550227165222,Andrea Belotti,h,1186,OpenPlay,2018,RightFoot,9695,Torino,Parma Calcio 1913,1,2,2018-11-10 14:00:00,,Rebound
253189,25,MissedShots,0.8880000305175781,0.4470000076293945,0.020469099283218384,Andrea Belotti,h,1186,SetPiece,2018,Head,9695,Torino,Parma Calcio 1913,1,2,2018-11-10 14:00:00,Iago Falque,Aerial
253197,58,SavedShot,0.885,0.5320000076293945,0.059830501675605774,Andrea Belotti,h,1186,OpenPlay,2018,Head,9695,Torino,Parma Calcio 1913,1,2,2018-11-10 14:00:00,Tomás Rincón,Cross
253204,80,SavedShot,0.899000015258789,0.44299999237060544,0.03129659965634346,Andrea Belotti,h,1186,OpenPlay,2018,Head,9695,Torino,Parma Calcio 1913,1,2,2018-11-10 14:00:00,Alex Berenguer,Aerial
253725,59,MissedShots,0.9030000305175782,0.4129999923706055,0.09177619963884354,Andrea Belotti,a,1186,OpenPlay,2018,RightFoot,9698,Cagliari,Torino,0,0,2018-11-26 19:30:00,Soualiho Meité,Cross
253726,61,SavedShot,0.95,0.38,0.06763719767332077,Andrea Belotti,a,1186,OpenPlay,2018,RightFoot,9698,Cagliari,Torino,0,0,2018-11-26 19:30:00,Cristian Ansaldi,Cross
253732,80,MissedShots,0.8690000152587891,0.580999984741211,0.09621179848909378,Andrea Belotti,a,1186,OpenPlay,2018,LeftFoot,9698,Cagliari,Torino,0,0,2018-11-26 19:30:00,Vittorio Parigini,Pass
253735,82,BlockedShot,0.8059999847412109,0.509000015258789,0.018753599375486374,Andrea Belotti,a,1186,FromCorner,2018,RightFoot,9698,Cagliari,Torino,0,0,2018-11-26 19:30:00,,Aerial
253736,87,BlockedShot,0.884000015258789,0.24,0.036312900483608246,Andrea Belotti,a,1186,OpenPlay,2018,LeftFoot,9698,Cagliari,Torino,0,0,2018-11-26 19:30:00,Lorenzo De Silvestri,HeadPass
253738,88,SavedShot,0.76,0.3120000076293945,0.018279699608683586,Andrea Belotti,a,1186,OpenPlay,2018,RightFoot,9698,Cagliari,Torino,0,0,2018-11-26 19:30:00,Sasa Lukic,Pass
253910,15,MissedShots,0.8690000152587891,0.4759999847412109,0.025262899696826935,Andrea Belotti,h,1186,OpenPlay,2018,Head,9715,Torino,Genoa,2,1,2018-12-02 14:00:00,Lorenzo De Silvestri,Aerial
253912,21,SavedShot,0.764000015258789,0.4620000076293945,0.012856599874794483,Andrea Belotti,h,1186,OpenPlay,2018,RightFoot,9715,Torino,Genoa,2,1,2018-12-02 14:00:00,,Aerial
253919,45,MissedShots,0.8030000305175782,0.41700000762939454,0.05744760110974312,Andrea Belotti,h,1186,OpenPlay,2018,RightFoot,9715,Torino,Genoa,2,1,2018-12-02 14:00:00,Simone Zaza,BallTouch
253918,49,Goal,0.885,0.5,0.7612590193748474,Andrea Belotti,h,1186,Penalty,2018,RightFoot,9715,Torino,Genoa,2,1,2018-12-02 14:00:00,,Standard
253925,56,SavedShot,0.88,0.3770000076293945,0.061135899275541306,Andrea Belotti,h,1186,OpenPlay,2018,LeftFoot,9715,Torino,Genoa,2,1,2018-12-02 14:00:00,Tomás Rincón,Cross
253931,79,SavedShot,0.9359999847412109,0.585,0.40685200691223145,Andrea Belotti,h,1186,OpenPlay,2018,Head,9715,Torino,Genoa,2,1,2018-12-02 14:00:00,Ola Aina,Aerial
254274,16,MissedShots,0.9130000305175782,0.565,0.1341550052165985,Andrea Belotti,a,1186,OpenPlay,2018,RightFoot,9719,AC Milan,Torino,0,0,2018-12-09 19:30:00,Tomás Rincón,Pass
254281,40,SavedShot,0.8159999847412109,0.34700000762939454,0.03825730085372925,Andrea Belotti,a,1186,OpenPlay,2018,LeftFoot,9719,AC Milan,Torino,0,0,2018-12-09 19:30:00,Iago Falque,Pass
254285,51,BlockedShot,0.865999984741211,0.2979999923706055,0.028236400336027145,Andrea Belotti,a,1186,OpenPlay,2018,RightFoot,9719,AC Milan,Torino,0,0,2018-12-09 19:30:00,Ola Aina,HeadPass
254287,56,MissedShots,0.805,0.6759999847412109,0.01857990026473999,Andrea Belotti,a,1186,OpenPlay,2018,RightFoot,9719,AC Milan,Torino,0,0,2018-12-09 19:30:00,Soualiho Meité,HeadPass
254342,51,BlockedShot,0.740999984741211,0.34900001525878904,0.02040879987180233,Andrea Belotti,h,1186,OpenPlay,2018,RightFoot,9727,Torino,Juventus,0,1,2018-12-15 19:30:00,Soualiho Meité,Pass
254343,53,SavedShot,0.835999984741211,0.36900001525878906,0.04909779876470566,Andrea Belotti,h,1186,OpenPlay,2018,LeftFoot,9727,Torino,Juventus,0,1,2018-12-15 19:30:00,,None
254347,63,BlockedShot,0.9169999694824219,0.37099998474121093,0.020183099433779716,Andrea Belotti,h,1186,OpenPlay,2018,Head,9727,Torino,Juventus,0,1,2018-12-15 19:30:00,Cristian Ansaldi,Aerial
254696,53,Goal,0.885,0.34,0.06205739825963974,Andrea Belotti,a,1186,OpenPlay,2018,RightFoot,9741,Sassuolo,Torino,1,1,2018-12-22 14:00:00,Simone Zaza,Chipped
255109,3,MissedShots,0.8059999847412109,0.5129999923706055,0.047504398971796036,Andrea Belotti,h,1186,OpenPlay,2018,RightFoot,9756,Torino,Empoli,3,0,2018-12-26 17:00:00,,None
255113,18,SavedShot,0.875999984741211,0.3120000076293945,0.04618129879236221,Andrea Belotti,h,1186,OpenPlay,2018,RightFoot,9756,Torino,Empoli,3,0,2018-12-26 17:00:00,Simone Zaza,TakeOn
255116,27,ShotOnPost,0.8480000305175781,0.5609999847412109,0.08486030250787735,Andrea Belotti,h,1186,OpenPlay,2018,LeftFoot,9756,Torino,Empoli,3,0,2018-12-26 17:00:00,Iago Falque,Pass
255120,52,SavedShot,0.9619999694824218,0.534000015258789,0.1575479954481125,Andrea Belotti,h,1186,OpenPlay,2018,LeftFoot,9756,Torino,Empoli,3,0,2018-12-26 17:00:00,Simone Zaza,Pass
263427,31,BlockedShot,0.8169999694824219,0.500999984741211,0.0653596967458725,Andrea Belotti,a,1186,OpenPlay,2018,RightFoot,9761,Lazio,Torino,1,1,2018-12-29 14:00:00,Daniele Baselli,Pass
263429,47,Goal,0.885,0.5,0.7612180113792419,Andrea Belotti,a,1186,Penalty,2018,RightFoot,9761,Lazio,Torino,1,1,2018-12-29 14:00:00,,Standard
263430,57,MissedShots,0.99,0.39599998474121095,0.06589119881391525,Andrea Belotti,a,1186,SetPiece,2018,RightFoot,9761,Lazio,Torino,1,1,2018-12-29 14:00:00,Daniele Baselli,Chipped
263441,81,BlockedShot,0.899000015258789,0.625999984741211,0.09436380118131638,Andrea Belotti,a,1186,OpenPlay,2018,RightFoot,9761,Lazio,Torino,1,1,2018-12-29 14:00:00,Iago Falque,Pass
276367,50,BlockedShot,0.8280000305175781,0.629000015258789,0.04263459891080856,Andrea Belotti,a,1186,OpenPlay,2018,RightFoot,9774,Roma,Torino,3,2,2019-01-19 14:00:00,Cristian Ansaldi,Pass
276375,83,MissedShots,0.8830000305175781,0.565,0.42591598629951477,Andrea Belotti,a,1186,OpenPlay,2018,RightFoot,9774,Roma,Torino,3,2,2019-01-19 14:00:00,Alex Berenguer,Chipped
276879,42,MissedShots,0.8059999847412109,0.45799999237060546,0.06065699830651283,Andrea Belotti,h,1186,OpenPlay,2018,LeftFoot,9781,Torino,Inter,1,0,2019-01-27 17:00:00,,None
276882,52,SavedShot,0.8880000305175781,0.24100000381469727,0.03771020099520683,Andrea Belotti,h,1186,OpenPlay,2018,RightFoot,9781,Torino,Inter,1,0,2019-01-27 17:00:00,Cristian Ansaldi,Pass
276883,55,MissedShots,0.925,0.555,0.058613598346710205,Andrea Belotti,h,1186,OpenPlay,2018,Head,9781,Torino,Inter,1,0,2019-01-27 17:00:00,Ola Aina,Aerial
277045,16,MissedShots,0.855999984741211,0.515,0.044856999069452286,Andrea Belotti,a,1186,FromCorner,2018,RightFoot,9787,SPAL 2013,Torino,0,0,2019-02-03 11:30:00,Sasa Lukic,Cross
277046,19,SavedShot,0.7580000305175781,0.44099998474121094,0.02600969932973385,Andrea Belotti,a,1186,OpenPlay,2018,RightFoot,9787,SPAL 2013,Torino,0,0,2019-02-03 11:30:00,Tomás Rincón,Pass
277378,18,SavedShot,0.9369999694824219,0.48700000762939455,0.4071049988269806,Andrea Belotti,h,1186,FromCorner,2018,Head,9806,Torino,Udinese,1,0,2019-02-10 14:00:00,Sasa Lukic,Cross
277388,59,BlockedShot,0.894000015258789,0.26799999237060546,0.047953199595212936,Andrea Belotti,h,1186,OpenPlay,2018,LeftFoot,9806,Torino,Udinese,1,0,2019-02-10 14:00:00,Ola Aina,Pass
277389,61,BlockedShot,0.855,0.42700000762939455,0.09755419939756393,Andrea Belotti,h,1186,OpenPlay,2018,RightFoot,9806,Torino,Udinese,1,0,2019-02-10 14:00:00,Iago Falque,Pass
277704,82,MissedShots,0.9,0.5179999923706055,0.04442090168595314,Andrea Belotti,a,1186,OpenPlay,2018,Head,9813,Napoli,Torino,0,0,2019-02-17 19:30:00,Daniele Baselli,Aerial
277706,87,BlockedShot,0.8619999694824219,0.645,0.06113319844007492,Andrea Belotti,a,1186,OpenPlay,2018,RightFoot,9813,Napoli,Torino,0,0,2019-02-17 19:30:00,,BallRecovery
277767,1,MissedShots,0.795,0.67,0.02659429982304573,Andrea Belotti,h,1186,OpenPlay,2018,RightFoot,9826,Torino,Atalanta,2,0,2019-02-23 14:00:00,,Dispossessed
277777,32,MissedShots,0.96,0.425,0.1394439935684204,Andrea Belotti,h,1186,OpenPlay,2018,RightFoot,9826,Torino,Atalanta,2,0,2019-02-23 14:00:00,Lorenzo De Silvestri,Pass
277789,82,SavedShot,0.8830000305175781,0.575999984741211,0.02345540001988411,Andrea Belotti,h,1186,FromCorner,2018,Head,9826,Torino,Atalanta,2,0,2019-02-23 14:00:00,Alex Berenguer,Cross
278091,55,BlockedShot,0.785,0.27100000381469724,0.015675099566578865,Andrea Belotti,h,1186,OpenPlay,2018,RightFoot,9828,Torino,Chievo,3,0,2019-03-03 11:30:00,Iago Falque,Pass
278092,59,MissedShots,0.8590000152587891,0.55,0.017364200204610825,Andrea Belotti,h,1186,OpenPlay,2018,Head,9828,Torino,Chievo,3,0,2019-03-03 11:30:00,Lorenzo De Silvestri,Aerial
278093,66,MissedShots,0.9780000305175781,0.42400001525878905,0.3688240051269531,Andrea Belotti,h,1186,SetPiece,2018,Head,9828,Torino,Chievo,3,0,2019-03-03 11:30:00,Alex Berenguer,Cross
278097,75,Goal,0.7280000305175781,0.41900001525878905,0.018010299652814865,Andrea Belotti,h,1186,OpenPlay,2018,RightFoot,9828,Torino,Chievo,3,0,2019-03-03 11:30:00,Simone Zaza,LayOff
285039,4,SavedShot,0.8580000305175781,0.4520000076293945,0.1007860004901886,Andrea Belotti,a,1186,OpenPlay,2018,LeftFoot,9840,Frosinone,Torino,1,2,2019-03-10 14:00:00,Simone Zaza,Pass
285053,55,Goal,0.904000015258789,0.42200000762939455,0.020472999662160873,Andrea Belotti,a,1186,SetPiece,2018,Head,9840,Frosinone,Torino,1,2,2019-03-10 14:00:00,Iago Falque,Aerial
285058,76,Goal,0.960999984741211,0.5579999923706055,0.1230200007557869,Andrea Belotti,a,1186,OpenPlay,2018,RightFoot,9840,Frosinone,Torino,1,2,2019-03-10 14:00:00,Ola Aina,HeadPass
285065,93,MissedShots,0.8819999694824219,0.6580000305175782,0.31771498918533325,Andrea Belotti,a,1186,OpenPlay,2018,LeftFoot,9840,Frosinone,Torino,1,2,2019-03-10 14:00:00,Alex Berenguer,Pass
286512,3,MissedShots,0.9440000152587891,0.565,0.5035369992256165,Andrea Belotti,h,1186,OpenPlay,2018,LeftFoot,9855,Torino,Bologna,2,3,2019-03-16 19:30:00,,Rebound
286516,11,MissedShots,0.9030000305175782,0.29100000381469726,0.08451320230960846,Andrea Belotti,h,1186,OpenPlay,2018,RightFoot,9855,Torino,Bologna,2,3,2019-03-16 19:30:00,Daniele Baselli,Pass
286529,55,MissedShots,0.9519999694824218,0.6759999847412109,0.05182719975709915,Andrea Belotti,h,1186,OpenPlay,2018,LeftFoot,9855,Torino,Bologna,2,3,2019-03-16 19:30:00,,Rebound
286533,69,SavedShot,0.8930000305175781,0.5829999923706055,0.27322399616241455,Andrea Belotti,h,1186,OpenPlay,2018,RightFoot,9855,Torino,Bologna,2,3,2019-03-16 19:30:00,Cristian Ansaldi,Chipped
288110,81,BlockedShot,0.8630000305175781,0.5670000076293945,0.0824287012219429,Andrea Belotti,a,1186,OpenPlay,2018,LeftFoot,9859,Fiorentina,Torino,1,1,2019-03-31 13:00:00,,Dispossessed
291390,32,Goal,0.9130000305175782,0.61,0.017111999914050102,Andrea Belotti,h,1186,OpenPlay,2018,Head,9876,Torino,Sampdoria,2,1,2019-04-03 20:00:00,Lorenzo De Silvestri,Aerial
291396,45,Goal,0.9259999847412109,0.580999984741211,0.12292999774217606,Andrea Belotti,h,1186,OpenPlay,2018,RightFoot,9876,Torino,Sampdoria,2,1,2019-04-03 20:00:00,,None
291397,47,MissedShots,0.8119999694824219,0.3529999923706055,0.03834310173988342,Andrea Belotti,h,1186,OpenPlay,2018,LeftFoot,9876,Torino,Sampdoria,2,1,2019-04-03 20:00:00,Armando Izzo,Pass
291399,52,SavedShot,0.8109999847412109,0.43099998474121093,0.05910800024867058,Andrea Belotti,h,1186,OpenPlay,2018,LeftFoot,9876,Torino,Sampdoria,2,1,2019-04-03 20:00:00,Lorenzo De Silvestri,TakeOn
293077,12,MissedShots,0.8719999694824219,0.4229999923706055,0.018789000809192657,Andrea Belotti,a,1186,OpenPlay,2018,Head,9883,Parma Calcio 1913,Torino,0,0,2019-04-06 14:00:00,Tomás Rincón,Pass
293080,20,BlockedShot,0.8959999847412109,0.32599998474121095,0.0945701003074646,Andrea Belotti,a,1186,OpenPlay,2018,RightFoot,9883,Parma Calcio 1913,Torino,0,0,2019-04-06 14:00:00,Tomás Rincón,Pass
293081,21,SavedShot,0.8819999694824219,0.49599998474121093,0.0558881014585495,Andrea Belotti,a,1186,FromCorner,2018,RightFoot,9883,Parma Calcio 1913,Torino,0,0,2019-04-06 14:00:00,Daniele Baselli,Cross
293095,85,MissedShots,0.93,0.7190000152587891,0.04671480134129524,Andrea Belotti,a,1186,OpenPlay,2018,LeftFoot,9883,Parma Calcio 1913,Torino,0,0,2019-04-06 14:00:00,Vittorio Parigini,Pass
295006,76,MissedShots,0.8969999694824219,0.34,0.08919540047645569,Andrea Belotti,a,1186,OpenPlay,2018,RightFoot,9900,Genoa,Torino,0,1,2019-04-20 14:00:00,Cristian Ansaldi,Pass
298355,30,BlockedShot,0.884000015258789,0.549000015258789,0.11984600126743317,Andrea Belotti,h,1186,OpenPlay,2018,LeftFoot,9911,Torino,AC Milan,2,0,2019-04-28 19:30:00,Alex Berenguer,Pass
298356,32,BlockedShot,0.89,0.5479999923706055,0.08529769629240036,Andrea Belotti,h,1186,OpenPlay,2018,RightFoot,9911,Torino,AC Milan,2,0,2019-04-28 19:30:00,Cristian Ansaldi,Cross
298358,38,SavedShot,0.865999984741211,0.40099998474121096,0.05385719984769821,Andrea Belotti,h,1186,FromCorner,2018,RightFoot,9911,Torino,AC Milan,2,0,2019-04-28 19:30:00,Cristian Ansaldi,Pass
298362,57,Goal,0.885,0.5,0.7612990140914917,Andrea Belotti,h,1186,Penalty,2018,RightFoot,9911,Torino,AC Milan,2,0,2019-04-28 19:30:00,,Standard
298368,69,MissedShots,0.8959999847412109,0.4929999923706055,0.029992500320076942,Andrea Belotti,h,1186,OpenPlay,2018,Head,9911,Torino,AC Milan,2,0,2019-04-28 19:30:00,Sasa Lukic,Aerial
298913,13,SavedShot,0.8640000152587891,0.3340000152587891,0.05019349977374077,Andrea Belotti,a,1186,OpenPlay,2018,RightFoot,9922,Juventus,Torino,1,1,2019-05-03 19:30:00,Alex Berenguer,Pass
298919,22,BlockedShot,0.8119999694824219,0.3820000076293945,0.051336899399757385,Andrea Belotti,a,1186,OpenPlay,2018,RightFoot,9922,Juventus,Torino,1,1,2019-05-03 19:30:00,Soualiho Meité,Pass
298932,71,BlockedShot,0.8130000305175781,0.27700000762939453,0.020601099357008934,Andrea Belotti,a,1186,SetPiece,2018,RightFoot,9922,Juventus,Torino,1,1,2019-05-03 19:30:00,Daniele Baselli,Pass
298937,80,MissedShots,0.8540000152587891,0.710999984741211,0.04479299858212471,Andrea Belotti,a,1186,OpenPlay,2018,RightFoot,9922,Juventus,Torino,1,1,2019-05-03 19:30:00,Bremer,Chipped
301026,16,ShotOnPost,0.885,0.5,0.7611770033836365,Andrea Belotti,h,1186,Penalty,2018,RightFoot,9927,Torino,Sassuolo,3,2,2019-05-12 11:30:00,,Standard
301033,46,SavedShot,0.879000015258789,0.580999984741211,0.06840830296278,Andrea Belotti,h,1186,OpenPlay,2018,RightFoot,9927,Torino,Sassuolo,3,2,2019-05-12 11:30:00,Lorenzo De Silvestri,Cross
301037,55,Goal,0.9669999694824218,0.5220000076293946,0.7836170196533203,Andrea Belotti,h,1186,OpenPlay,2018,RightFoot,9927,Torino,Sassuolo,3,2,2019-05-12 11:30:00,Lorenzo De Silvestri,Pass
301052,81,Goal,0.8730000305175781,0.49700000762939456,0.08329469710588455,Andrea Belotti,h,1186,OpenPlay,2018,RightFoot,9927,Torino,Sassuolo,3,2,2019-05-12 11:30:00,Lorenzo De Silvestri,Cross
303127,24,BlockedShot,0.769000015258789,0.34599998474121096,0.015275100246071815,Andrea Belotti,a,1186,OpenPlay,2018,RightFoot,9938,Empoli,Torino,4,1,2019-05-19 13:00:00,Daniele Baselli,TakeOn
303130,34,SavedShot,0.915,0.575,0.09115950018167496,Andrea Belotti,a,1186,OpenPlay,2018,LeftFoot,9938,Empoli,Torino,4,1,2019-05-19 13:00:00,Lorenzo De Silvestri,Cross
303131,34,MissedShots,0.899000015258789,0.5579999923706055,0.025339800864458084,Andrea Belotti,a,1186,OpenPlay,2018,Head,9938,Empoli,Torino,4,1,2019-05-19 13:00:00,Lorenzo De Silvestri,Aerial
303132,40,SavedShot,0.9219999694824219,0.31,0.05534990131855011,Andrea Belotti,a,1186,OpenPlay,2018,RightFoot,9938,Empoli,Torino,4,1,2019-05-19 13:00:00,Tomás Rincón,Pass
303133,41,ShotOnPost,0.955,0.49,0.4887380003929138,Andrea Belotti,a,1186,FromCorner,2018,Head,9938,Empoli,Torino,4,1,2019-05-19 13:00:00,Daniele Baselli,Cross
303142,61,BlockedShot,0.9030000305175782,0.37,0.07706940174102783,Andrea Belotti,a,1186,OpenPlay,2018,LeftFoot,9938,Empoli,Torino,4,1,2019-05-19 13:00:00,Iago Falque,Chipped
303154,93,MissedShots,0.72,0.6880000305175781,0.03530009835958481,Andrea Belotti,a,1186,DirectFreekick,2018,RightFoot,9938,Empoli,Torino,4,1,2019-05-19 13:00:00,,Standard
303987,27,BlockedShot,0.845999984741211,0.710999984741211,0.049771301448345184,Andrea Belotti,h,1186,OpenPlay,2018,RightFoot,9956,Torino,Lazio,3,1,2019-05-26 13:00:00,,TakeOn
303991,46,MissedShots,0.9009999847412109,0.37599998474121094,0.011850900016725063,Andrea Belotti,h,1186,FromCorner,2018,Head,9956,Torino,Lazio,3,1,2019-05-26 13:00:00,Iago Falque,Aerial
304002,73,MissedShots,0.9469999694824218,0.42400001525878905,0.06901349872350693,Andrea Belotti,h,1186,OpenPlay,2018,Head,9956,Torino,Lazio,3,1,2019-05-26 13:00:00,Ola Aina,Aerial
313423,40,MissedShots,0.8159999847412109,0.3220000076293945,0.04491639882326126,Andrea Belotti,h,1186,OpenPlay,2019,LeftFoot,13096,Torino,Sassuolo,2,1,2019-08-25 19:45:00,,BallRecovery
313430,54,MissedShots,0.775,0.6580000305175782,0.027856599539518356,Andrea Belotti,h,1186,OpenPlay,2019,RightFoot,13096,Torino,Sassuolo,2,1,2019-08-25 19:45:00,Sasa Lukic,Pass
313432,59,SavedShot,0.874000015258789,0.3579999923706055,0.1176529973745346,Andrea Belotti,h,1186,OpenPlay,2019,RightFoot,13096,Torino,Sassuolo,2,1,2019-08-25 19:45:00,Tomás Rincón,Pass
313434,64,BlockedShot,0.879000015258789,0.38299999237060545,0.11548899859189987,Andrea Belotti,h,1186,OpenPlay,2019,RightFoot,13096,Torino,Sassuolo,2,1,2019-08-25 19:45:00,Lorenzo De Silvestri,Pass
316735,26,BlockedShot,0.875999984741211,0.54,0.028125299140810966,Andrea Belotti,a,1186,FromCorner,2019,Head,13104,Atalanta,Torino,2,3,2019-09-01 19:45:00,Daniele Baselli,Cross
316739,36,BlockedShot,0.8730000305175781,0.700999984741211,0.04211200028657913,Andrea Belotti,a,1186,OpenPlay,2019,RightFoot,13104,Atalanta,Torino,2,3,2019-09-01 19:45:00,Ola Aina,Pass
318401,17,MissedShots,0.8069999694824219,0.6840000152587891,0.025287000462412834,Andrea Belotti,h,1186,OpenPlay,2019,RightFoot,13118,Torino,Lecce,1,2,2019-09-16 18:45:00,Ola Aina,Pass
318410,57,Goal,0.885,0.5,0.7612990140914917,Andrea Belotti,h,1186,Penalty,2019,RightFoot,13118,Torino,Lecce,1,2,2019-09-16 18:45:00,,Standard
318420,77,SavedShot,0.8540000152587891,0.3559999847412109,0.09050910174846649,Andrea Belotti,h,1186,OpenPlay,2019,RightFoot,13118,Torino,Lecce,1,2,2019-09-16 18:45:00,Simone Zaza,Pass
318429,90,SavedShot,0.95,0.44099998474121094,0.13558000326156616,Andrea Belotti,h,1186,OpenPlay,2019,RightFoot,13118,Torino,Lecce,1,2,2019-09-16 18:45:00,,Rebound
322236,47,MissedShots,0.7580000305175781,0.6120000076293945,0.23154999315738678,Andrea Belotti,h,1186,OpenPlay,2019,RightFoot,13138,Torino,AC Milan,2,1,2019-09-26 19:00:00,Lyanco,Chipped
322245,71,Goal,0.8059999847412109,0.685,0.0240068007260561,Andrea Belotti,h,1186,OpenPlay,2019,RightFoot,13138,Torino,AC Milan,2,1,2019-09-26 19:00:00,Tomás Rincón,Chipped
322248,75,Goal,0.9580000305175781,0.5029999923706054,0.675616979598999,Andrea Belotti,h,1186,OpenPlay,2019,RightFoot,13138,Torino,AC Milan,2,1,2019-09-26 19:00:00,,Rebound
323683,9,SavedShot,0.860999984741211,0.715,0.04093620181083679,Andrea Belotti,a,1186,FromCorner,2019,RightFoot,13145,Parma Calcio 1913,Torino,3,2,2019-09-30 18:45:00,Cristian Ansaldi,Pass
323694,42,Goal,0.885,0.5,0.7612990140914917,Andrea Belotti,a,1186,Penalty,2019,RightFoot,13145,Parma Calcio 1913,Torino,3,2,2019-09-30 18:45:00,,Standard
325032,67,MissedShots,0.919000015258789,0.615999984741211,0.07636799663305283,Andrea Belotti,h,1186,FromCorner,2019,RightFoot,13158,Torino,Napoli,0,0,2019-10-06 17:00:00,,None
326311,46,BlockedShot,0.8490000152587891,0.40400001525878904,0.05326659977436066,Andrea Belotti,a,1186,OpenPlay,2019,RightFoot,13168,Udinese,Torino,1,0,2019-10-20 14:00:00,,None
326312,46,SavedShot,0.8919999694824219,0.5309999847412109,0.0828310027718544,Andrea Belotti,a,1186,OpenPlay,2019,RightFoot,13168,Udinese,Torino,1,0,2019-10-20 14:00:00,Daniele Baselli,Cross
326324,86,MissedShots,0.850999984741211,0.509000015258789,0.07693929970264435,Andrea Belotti,a,1186,OpenPlay,2019,RightFoot,13168,Udinese,Torino,1,0,2019-10-20 14:00:00,Iago Falque,Pass
327752,36,SavedShot,0.9459999847412109,0.3659999847412109,0.3395250141620636,Andrea Belotti,h,1186,OpenPlay,2019,RightFoot,13178,Torino,Cagliari,1,1,2019-10-27 14:00:00,,BallRecovery
328541,14,MissedShots,0.8419999694824218,0.49900001525878906,0.06511600315570831,Andrea Belotti,a,1186,OpenPlay,2019,RightFoot,13182,Lazio,Torino,4,0,2019-10-30 20:00:00,Armando Izzo,Chipped
328547,27,BlockedShot,0.74,0.3990000152587891,0.0156823992729187,Andrea Belotti,a,1186,OpenPlay,2019,RightFoot,13182,Lazio,Torino,4,0,2019-10-30 20:00:00,,None
328551,34,BlockedShot,0.81,0.42200000762939455,0.05176660045981407,Andrea Belotti,a,1186,OpenPlay,2019,LeftFoot,13182,Lazio,Torino,4,0,2019-10-30 20:00:00,Armando Izzo,Pass
328556,47,ShotOnPost,0.9109999847412109,0.5379999923706055,0.35093700885772705,Andrea Belotti,a,1186,OpenPlay,2019,RightFoot,13182,Lazio,Torino,4,0,2019-10-30 20:00:00,,Rebound
328568,89,OwnGoal,0.02799999952316284,0.42700000762939455,0,Andrea Belotti,a,1186,FromCorner,2019,Head,13182,Lazio,Torino,4,0,2019-10-30 20:00:00,,CornerAwarded
329579,24,SavedShot,0.8290000152587891,0.3340000152587891,0.04014449939131737,Andrea Belotti,h,1186,OpenPlay,2019,LeftFoot,13198,Torino,Juventus,0,1,2019-11-02 19:45:00,Ola Aina,Pass
330462,16,Goal,0.885,0.5,0.7612990140914917,Andrea Belotti,a,1186,Penalty,2019,RightFoot,13199,Brescia,Torino,0,4,2019-11-09 14:00:00,,Standard
330463,24,BlockedShot,0.855999984741211,0.509000015258789,0.11203700304031372,Andrea Belotti,a,1186,OpenPlay,2019,RightFoot,13199,Brescia,Torino,0,4,2019-11-09 14:00:00,Sasa Lukic,Pass
330464,25,Goal,0.885,0.5,0.7612990140914917,Andrea Belotti,a,1186,Penalty,2019,RightFoot,13199,Brescia,Torino,0,4,2019-11-09 14:00:00,,Standard
330477,67,SavedShot,0.9069999694824219,0.639000015258789,0.1397619992494583,Andrea Belotti,a,1186,OpenPlay,2019,LeftFoot,13199,Brescia,Torino,0,4,2019-11-09 14:00:00,Ola Aina,Throughball
330481,76,SavedShot,0.87,0.4520000076293945,0.1308480054140091,Andrea Belotti,a,1186,OpenPlay,2019,LeftFoot,13199,Brescia,Torino,0,4,2019-11-09 14:00:00,Alex Berenguer,Pass
330484,86,SavedShot,0.7019999694824218,0.39799999237060546,0.036088500171899796,Andrea Belotti,a,1186,DirectFreekick,2019,RightFoot,13199,Brescia,Torino,0,4,2019-11-09 14:00:00,,Standard
337416,74,MissedShots,0.7040000152587891,0.5579999923706055,0.01643720082938671,Andrea Belotti,a,1186,OpenPlay,2019,LeftFoot,13244,Verona,Torino,3,3,2019-12-15 11:30:00,Simone Zaza,LayOff
337423,91,BlockedShot,0.8590000152587891,0.34200000762939453,0.054788101464509964,Andrea Belotti,a,1186,OpenPlay,2019,RightFoot,13244,Verona,Torino,3,3,2019-12-15 11:30:00,Soualiho Meité,Pass
338818,15,BlockedShot,0.8159999847412109,0.3120000076293945,0.04236859828233719,Andrea Belotti,h,1186,OpenPlay,2019,RightFoot,13257,Torino,SPAL 2013,1,2,2019-12-21 19:45:00,Tomás Rincón,Tackle
338824,31,SavedShot,0.875999984741211,0.3270000076293945,0.10752899944782257,Andrea Belotti,h,1186,OpenPlay,2019,LeftFoot,13257,Torino,SPAL 2013,1,2,2019-12-21 19:45:00,Tomás Rincón,Pass
338834,63,BlockedShot,0.8490000152587891,0.6669999694824219,0.049562301486730576,Andrea Belotti,h,1186,OpenPlay,2019,RightFoot,13257,Torino,SPAL 2013,1,2,2019-12-21 19:45:00,,Dispossessed
353894,7,SavedShot,0.875999984741211,0.295,0.3080950081348419,Andrea Belotti,a,1186,OpenPlay,2019,RightFoot,13267,Roma,Torino,0,2,2020-01-05 19:45:00,Simone Verdi,Throughball
353895,7,MissedShots,0.860999984741211,0.39799999237060546,0.0429903008043766,Andrea Belotti,a,1186,OpenPlay,2019,LeftFoot,13267,Roma,Torino,0,2,2020-01-05 19:45:00,Tomás Rincón,Cross
353904,35,MissedShots,0.8809999847412109,0.625999984741211,0.010262100026011467,Andrea Belotti,a,1186,FromCorner,2019,Head,13267,Roma,Torino,0,2,2020-01-05 19:45:00,Sasa Lukic,Aerial
353908,46,Goal,0.875,0.6809999847412109,0.04841440171003342,Andrea Belotti,a,1186,OpenPlay,2019,LeftFoot,13267,Roma,Torino,0,2,2020-01-05 19:45:00,Tomás Rincón,Chipped
353910,48,SavedShot,0.8619999694824219,0.705999984741211,0.04513220116496086,Andrea Belotti,a,1186,OpenPlay,2019,RightFoot,13267,Roma,Torino,0,2,2020-01-05 19:45:00,Alex Berenguer,Pass
353928,81,MissedShots,0.9030000305175782,0.7230000305175781,0.050745800137519836,Andrea Belotti,a,1186,OpenPlay,2019,RightFoot,13267,Roma,Torino,0,2,2020-01-05 19:45:00,Sasa Lukic,Pass
353929,85,Goal,0.885,0.5,0.7612990140914917,Andrea Belotti,a,1186,Penalty,2019,RightFoot,13267,Roma,Torino,0,2,2020-01-05 19:45:00,,Standard
354476,15,BlockedShot,0.9490000152587891,0.649000015258789,0.05098230019211769,Andrea Belotti,h,1186,OpenPlay,2019,LeftFoot,13277,Torino,Bologna,1,0,2020-01-12 14:00:00,Soualiho Meité,Cross
354482,50,BlockedShot,0.750999984741211,0.485,0.030842799693346024,Andrea Belotti,h,1186,OpenPlay,2019,LeftFoot,13277,Torino,Bologna,1,0,2020-01-12 14:00:00,Lorenzo De Silvestri,TakeOn
354493,74,MissedShots,0.909000015258789,0.6990000152587891,0.0884476974606514,Andrea Belotti,h,1186,OpenPlay,2019,LeftFoot,13277,Torino,Bologna,1,0,2020-01-12 14:00:00,Alex Berenguer,Pass
354943,21,SavedShot,0.8859999847412109,0.7440000152587891,0.0370602011680603,Andrea Belotti,a,1186,OpenPlay,2019,LeftFoot,13288,Sassuolo,Torino,2,1,2020-01-18 17:00:00,Simone Verdi,Pass
354944,21,MissedShots,0.8719999694824219,0.6309999847412109,0.015167100355029106,Andrea Belotti,a,1186,OpenPlay,2019,Head,13288,Sassuolo,Torino,2,1,2020-01-18 17:00:00,Ola Aina,Cross
354946,25,MissedShots,0.8540000152587891,0.2979999923706055,0.05698410049080849,Andrea Belotti,a,1186,OpenPlay,2019,LeftFoot,13288,Sassuolo,Torino,2,1,2020-01-18 17:00:00,Alex Berenguer,Chipped
354952,48,MissedShots,0.924000015258789,0.51,0.3432199954986572,Andrea Belotti,a,1186,FromCorner,2019,Head,13288,Sassuolo,Torino,2,1,2020-01-18 17:00:00,Simone Verdi,Cross
356044,9,BlockedShot,0.9130000305175782,0.6990000152587891,0.07760760188102722,Andrea Belotti,h,1186,OpenPlay,2019,LeftFoot,13297,Torino,Atalanta,0,7,2020-01-25 19:45:00,Alex Berenguer,Pass
356061,49,SavedShot,0.895,0.674000015258789,0.07290779799222946,Andrea Belotti,h,1186,OpenPlay,2019,LeftFoot,13297,Torino,Atalanta,0,7,2020-01-25 19:45:00,Diego Laxalt,Pass
356066,55,SavedShot,0.8419999694824218,0.29100000381469726,0.03290469944477081,Andrea Belotti,h,1186,OpenPlay,2019,LeftFoot,13297,Torino,Atalanta,0,7,2020-01-25 19:45:00,Diego Laxalt,TakeOn
356069,61,BlockedShot,0.754000015258789,0.3189999961853027,0.048093199729919434,Andrea Belotti,h,1186,DirectFreekick,2019,RightFoot,13297,Torino,Atalanta,0,7,2020-01-25 19:45:00,,Standard
357322,44,BlockedShot,0.799000015258789,0.524000015258789,0.1262660026550293,Andrea Belotti,a,1186,DirectFreekick,2019,RightFoot,13304,Lecce,Torino,4,0,2020-02-02 17:00:00,,Standard
357333,81,MissedShots,0.9180000305175782,0.49900001525878906,0.135793998837471,Andrea Belotti,a,1186,OpenPlay,2019,Head,13304,Lecce,Torino,4,0,2020-02-02 17:00:00,Ola Aina,Cross
357334,83,SavedShot,0.9059999847412109,0.3770000076293945,0.10520800203084946,Andrea Belotti,a,1186,SetPiece,2019,RightFoot,13304,Lecce,Torino,4,0,2020-02-02 17:00:00,Alex Berenguer,Throughball
358095,2,BlockedShot,0.8440000152587891,0.705999984741211,0.03452010080218315,Andrea Belotti,h,1186,OpenPlay,2019,RightFoot,13317,Torino,Sampdoria,1,3,2020-02-08 17:00:00,Alex Berenguer,Pass
358097,14,BlockedShot,0.8719999694824219,0.4759999847412109,0.07840439677238464,Andrea Belotti,h,1186,OpenPlay,2019,RightFoot,13317,Torino,Sampdoria,1,3,2020-02-08 17:00:00,Tomás Rincón,Cross
359608,56,SavedShot,0.875999984741211,0.375,0.011886700056493282,Andrea Belotti,a,1186,FromCorner,2019,Head,13325,AC Milan,Torino,1,0,2020-02-17 19:45:00,Simone Edera,Cross
361143,78,MissedShots,0.7819999694824219,0.42900001525878906,0.043598901480436325,Andrea Belotti,a,1186,OpenPlay,2019,LeftFoot,13344,Napoli,Torino,2,1,2020-02-29 19:45:00,,TakeOn
365597,47,SavedShot,0.885,0.5,0.7612990140914917,Andrea Belotti,h,1186,Penalty,2019,RightFoot,13337,Torino,Parma Calcio 1913,1,1,2020-06-20 17:30:00,,Standard
365601,57,SavedShot,0.8680000305175781,0.3629999923706055,0.008915330283343792,Andrea Belotti,h,1186,OpenPlay,2019,Head,13337,Torino,Parma Calcio 1913,1,1,2020-06-20 17:30:00,Lorenzo De Silvestri,Aerial
365607,75,SavedShot,0.9030000305175782,0.5179999923706055,0.043002400547266006,Andrea Belotti,h,1186,OpenPlay,2019,Head,13337,Torino,Parma Calcio 1913,1,1,2020-06-20 17:30:00,Ola Aina,Aerial
365608,81,BlockedShot,0.7280000305175781,0.5670000076293945,0.048677898943424225,Andrea Belotti,h,1186,DirectFreekick,2019,RightFoot,13337,Torino,Parma Calcio 1913,1,1,2020-06-20 17:30:00,,Standard
365610,92,BlockedShot,0.8619999694824219,0.49700000762939456,0.060934800654649734,Andrea Belotti,h,1186,SetPiece,2019,RightFoot,13337,Torino,Parma Calcio 1913,1,1,2020-06-20 17:30:00,Salvatore Sirigu,Pass
366212,5,MissedShots,0.9119999694824219,0.5659999847412109,0.039147600531578064,Andrea Belotti,h,1186,OpenPlay,2019,Head,13357,Torino,Udinese,1,0,2020-06-23 19:45:00,Lorenzo De Silvestri,Aerial
366216,15,Goal,0.9480000305175781,0.669000015258789,0.2927129864692688,Andrea Belotti,h,1186,OpenPlay,2019,LeftFoot,13357,Torino,Udinese,1,0,2020-06-23 19:45:00,Simone Edera,Pass
366227,85,MissedShots,0.955999984741211,0.49900001525878906,0.539654016494751,Andrea Belotti,h,1186,SetPiece,2019,Head,13357,Torino,Udinese,1,0,2020-06-23 19:45:00,Alex Berenguer,Aerial
366229,88,SavedShot,0.8730000305175781,0.6940000152587891,0.05958050116896629,Andrea Belotti,h,1186,OpenPlay,2019,LeftFoot,13357,Torino,Udinese,1,0,2020-06-23 19:45:00,Sasa Lukic,Pass
367248,36,SavedShot,0.9069999694824219,0.42700000762939455,0.3686249852180481,Andrea Belotti,a,1186,OpenPlay,2019,RightFoot,13360,Cagliari,Torino,4,2,2020-06-27 17:30:00,Alex Berenguer,Pass
367253,49,MissedShots,0.8730000305175781,0.63,0.00939716026186943,Andrea Belotti,a,1186,OpenPlay,2019,Head,13360,Cagliari,Torino,4,2,2020-06-27 17:30:00,Armando Izzo,Cross
367260,64,Goal,0.8680000305175781,0.52,0.04869860038161278,Andrea Belotti,a,1186,FromCorner,2019,RightFoot,13360,Cagliari,Torino,4,2,2020-06-27 17:30:00,Simone Verdi,Cross
367262,77,MissedShots,0.9069999694824219,0.355,0.03995310142636299,Andrea Belotti,a,1186,FromCorner,2019,RightFoot,13360,Cagliari,Torino,4,2,2020-06-27 17:30:00,Simone Verdi,Cross
367675,4,Goal,0.885,0.5,0.7612990140914917,Andrea Belotti,h,1186,Penalty,2019,RightFoot,13374,Torino,Lazio,1,2,2020-06-30 17:30:00,,Standard
367676,9,BlockedShot,0.764000015258789,0.62,0.028224099427461624,Andrea Belotti,h,1186,OpenPlay,2019,LeftFoot,13374,Torino,Lazio,1,2,2020-06-30 17:30:00,Simone Verdi,Pass
368630,50,Goal,0.885,0.5,0.7612990140914917,Andrea Belotti,a,1186,Penalty,2019,RightFoot,13388,Juventus,Torino,4,1,2020-07-04 15:15:00,,Standard
368651,88,MissedShots,0.8969999694824219,0.545,0.06788460165262222,Andrea Belotti,a,1186,OpenPlay,2019,RightFoot,13388,Juventus,Torino,4,1,2020-07-04 15:15:00,Cristian Ansaldi,Cross
369984,9,BlockedShot,0.7190000152587891,0.49400001525878906,0.015065699815750122,Andrea Belotti,h,1186,OpenPlay,2019,RightFoot,13397,Torino,Brescia,3,1,2020-07-08 19:45:00,Simone Zaza,BallRecovery
369991,32,MissedShots,0.8540000152587891,0.48400001525878905,0.06532350182533264,Andrea Belotti,h,1186,OpenPlay,2019,LeftFoot,13397,Torino,Brescia,3,1,2020-07-08 19:45:00,Simone Zaza,BallTouch
369997,41,MissedShots,0.895,0.6509999847412109,0.06265100091695786,Andrea Belotti,h,1186,OpenPlay,2019,LeftFoot,13397,Torino,Brescia,3,1,2020-07-08 19:45:00,Tomás Rincón,Chipped
370003,52,ShotOnPost,0.970999984741211,0.3940000152587891,0.05591319873929024,Andrea Belotti,h,1186,OpenPlay,2019,Head,13397,Torino,Brescia,3,1,2020-07-08 19:45:00,Cristian Ansaldi,Cross
370008,57,Goal,0.960999984741211,0.49599998474121093,0.6684229969978333,Andrea Belotti,h,1186,OpenPlay,2019,Head,13397,Torino,Brescia,3,1,2020-07-08 19:45:00,,Rebound
370009,60,MissedShots,0.9790000152587891,0.629000015258789,0.0255133006721735,Andrea Belotti,h,1186,SetPiece,2019,Head,13397,Torino,Brescia,3,1,2020-07-08 19:45:00,Simone Verdi,Chipped
370014,85,BlockedShot,0.8240000152587891,0.37099998474121093,0.04719499871134758,Andrea Belotti,h,1186,OpenPlay,2019,LeftFoot,13397,Torino,Brescia,3,1,2020-07-08 19:45:00,Sasa Lukic,Pass
371259,15,BlockedShot,0.855999984741211,0.30100000381469727,0.038114599883556366,Andrea Belotti,a,1186,OpenPlay,2019,RightFoot,13404,Inter,Torino,3,1,2020-07-13 19:45:00,,None
371260,16,Goal,0.975999984741211,0.54,0.6633530259132385,Andrea Belotti,a,1186,FromCorner,2019,LeftFoot,13404,Inter,Torino,3,1,2020-07-13 19:45:00,,None
371273,53,BlockedShot,0.7569999694824219,0.5070000076293946,0.02140210010111332,Andrea Belotti,a,1186,OpenPlay,2019,RightFoot,13404,Inter,Torino,3,1,2020-07-13 19:45:00,Simone Verdi,Pass
371275,57,MissedShots,0.9419999694824219,0.4640000152587891,0.08560869842767715,Andrea Belotti,a,1186,OpenPlay,2019,Head,13404,Inter,Torino,3,1,2020-07-13 19:45:00,Cristian Ansaldi,Chipped
371277,64,ShotOnPost,0.9269999694824219,0.48200000762939454,0.34312498569488525,Andrea Belotti,a,1186,OpenPlay,2019,Head,13404,Inter,Torino,3,1,2020-07-13 19:45:00,Ola Aina,Cross
371915,53,MissedShots,0.965999984741211,0.644000015258789,0.03795170038938522,Andrea Belotti,h,1186,FromCorner,2019,RightFoot,13411,Torino,Genoa,3,0,2020-07-16 17:30:00,Simone Verdi,Cross
371923,89,Goal,0.805,0.534000015258789,0.06558950245380402,Andrea Belotti,h,1186,OpenPlay,2019,LeftFoot,13411,Torino,Genoa,3,0,2020-07-16 17:30:00,,BallRecovery
372624,17,BlockedShot,0.7290000152587891,0.6940000152587891,0.03727409988641739,Andrea Belotti,a,1186,DirectFreekick,2019,RightFoot,13421,Fiorentina,Torino,2,0,2020-07-19 17:30:00,,Standard
372639,73,ShotOnPost,0.904000015258789,0.5059999847412109,0.036869000643491745,Andrea Belotti,a,1186,OpenPlay,2019,Head,13421,Fiorentina,Torino,2,0,2020-07-19 17:30:00,Cristian Ansaldi,Aerial
372642,78,MissedShots,0.899000015258789,0.4929999923706055,0.054150599986314774,Andrea Belotti,a,1186,OpenPlay,2019,Head,13421,Fiorentina,Torino,2,0,2020-07-19 17:30:00,Cristian Ansaldi,Aerial
373337,80,SavedShot,0.9319999694824219,0.5479999923706055,0.14536799490451813,Andrea Belotti,h,1186,OpenPlay,2019,RightFoot,13437,Torino,Verona,1,1,2020-07-22 19:45:00,Alex Berenguer,Pass
373338,81,MissedShots,0.9340000152587891,0.445,0.32669898867607117,Andrea Belotti,h,1186,FromCorner,2019,Head,13437,Torino,Verona,1,1,2020-07-22 19:45:00,Simone Verdi,Cross
373340,90,ShotOnPost,0.9530000305175781,0.43599998474121093,0.20249499380588531,Andrea Belotti,h,1186,FromCorner,2019,Head,13437,Torino,Verona,1,1,2020-07-22 19:45:00,Alex Berenguer,Aerial
373341,93,BlockedShot,0.7380000305175781,0.6509999847412109,0.018803900107741356,Andrea Belotti,h,1186,OpenPlay,2019,RightFoot,13437,Torino,Verona,1,1,2020-07-22 19:45:00,Nicolas N&#039;Koulou,Pass
373913,35,BlockedShot,0.8440000152587891,0.3609999847412109,0.05933209881186485,Andrea Belotti,a,1186,OpenPlay,2019,RightFoot,13445,SPAL 2013,Torino,1,1,2020-07-26 17:30:00,Simone Zaza,Pass
373917,51,MissedShots,0.97,0.42200000762939455,0.4746350049972534,Andrea Belotti,a,1186,OpenPlay,2019,RightFoot,13445,SPAL 2013,Torino,1,1,2020-07-26 17:30:00,,Rebound
373920,54,BlockedShot,0.88,0.7080000305175781,0.03831019997596741,Andrea Belotti,a,1186,OpenPlay,2019,RightFoot,13445,SPAL 2013,Torino,1,1,2020-07-26 17:30:00,Tomás Rincón,Pass
374578,39,BlockedShot,0.764000015258789,0.67,0.020123299211263657,Andrea Belotti,a,1186,OpenPlay,2019,LeftFoot,13463,Bologna,Torino,1,1,2020-08-02 18:45:00,Simone Verdi,Pass
374596,92,SavedShot,0.9069999694824219,0.5320000076293945,0.13606099784374237,Andrea Belotti,a,1186,OpenPlay,2019,LeftFoot,13463,Bologna,Torino,1,1,2020-08-02 18:45:00,Christian Celesia,Pass
377605,44,BlockedShot,0.8080000305175781,0.7030000305175781,0.016497299075126648,Andrea Belotti,a,1186,SetPiece,2020,RightFoot,14116,Fiorentina,Torino,1,0,2020-09-19 16:00:00,Karol Linetty,Rebound
377604,44,BlockedShot,0.7969999694824219,0.705,0.06425239890813828,Andrea Belotti,a,1186,DirectFreekick,2020,RightFoot,14116,Fiorentina,Torino,1,0,2020-09-19 16:00:00,,Standard
378670,10,Goal,0.9630000305175781,0.6619999694824219,0.31592699885368347,Andrea Belotti,h,1186,OpenPlay,2020,LeftFoot,14123,Torino,Atalanta,2,4,2020-09-26 13:00:00,Tomás Rincón,Throughball
378682,42,Goal,0.92,0.5329999923706055,0.13603399693965912,Andrea Belotti,h,1186,OpenPlay,2020,Head,14123,Torino,Atalanta,2,4,2020-09-26 13:00:00,Mergim Vojvoda,Cross
378693,93,BlockedShot,0.799000015258789,0.519000015258789,0.029797999188303947,Andrea Belotti,h,1186,OpenPlay,2020,RightFoot,14123,Torino,Atalanta,2,4,2020-09-26 13:00:00,Simone Verdi,TakeOn
382501,3,Goal,0.885,0.5,0.7612990140914917,Andrea Belotti,h,1186,Penalty,2020,RightFoot,15462,Torino,Cagliari,2,3,2020-10-18 13:00:00,,Standard
382506,15,BlockedShot,0.909000015258789,0.6079999923706054,0.012399899773299694,Andrea Belotti,h,1186,SetPiece,2020,Head,15462,Torino,Cagliari,2,3,2020-10-18 13:00:00,Sasa Lukic,Aerial
382513,48,Goal,0.96,0.6430000305175781,0.06015089899301529,Andrea Belotti,h,1186,OpenPlay,2020,LeftFoot,15462,Torino,Cagliari,2,3,2020-10-18 13:00:00,Federico Bonazzoli,None
382521,82,MissedShots,0.95,0.5640000152587891,0.05432819947600365,Andrea Belotti,h,1186,OpenPlay,2020,Head,15462,Torino,Cagliari,2,3,2020-10-18 13:00:00,Tomás Rincón,Aerial
382524,93,SavedShot,0.9209999847412109,0.6580000305175782,0.04597130045294762,Andrea Belotti,h,1186,OpenPlay,2020,RightFoot,15462,Torino,Cagliari,2,3,2020-10-18 13:00:00,Sasa Lukic,Cross
382983,40,BlockedShot,0.7809999847412109,0.6120000076293945,0.036004699766635895,Andrea Belotti,a,1186,OpenPlay,2020,RightFoot,15475,Sassuolo,Torino,3,3,2020-10-23 18:45:00,Ricardo Rodríguez,Pass
382988,53,SavedShot,0.935,0.47900001525878905,0.06278809905052185,Andrea Belotti,a,1186,FromCorner,2020,Head,15475,Sassuolo,Torino,3,3,2020-10-23 18:45:00,Simone Verdi,Aerial
382991,56,SavedShot,0.9369999694824219,0.5170000076293946,0.06601840257644653,Andrea Belotti,a,1186,FromCorner,2020,Head,15475,Sassuolo,Torino,3,3,2020-10-23 18:45:00,Simone Verdi,Aerial
382993,58,SavedShot,0.845999984741211,0.6840000152587891,0.05571319907903671,Andrea Belotti,a,1186,OpenPlay,2020,LeftFoot,15475,Sassuolo,Torino,3,3,2020-10-23 18:45:00,Karol Linetty,Pass
383000,76,Goal,0.894000015258789,0.5509999847412109,0.09248189628124237,Andrea Belotti,a,1186,OpenPlay,2020,RightFoot,15475,Sassuolo,Torino,3,3,2020-10-23 18:45:00,,None
385166,24,Goal,0.885,0.5,0.7612590193748474,Andrea Belotti,h,1186,Penalty,2020,RightFoot,15483,Torino,Lazio,3,4,2020-11-01 14:00:00,,Standard
385168,36,BlockedShot,0.825,0.6990000152587891,0.03943980112671852,Andrea Belotti,h,1186,OpenPlay,2020,LeftFoot,15483,Torino,Lazio,3,4,2020-11-01 14:00:00,Soualiho Meité,Pass
385170,50,BlockedShot,0.8530000305175781,0.4640000152587891,0.07119540125131607,Andrea Belotti,h,1186,OpenPlay,2020,LeftFoot,15483,Torino,Lazio,3,4,2020-11-01 14:00:00,,None
385621,61,MissedShots,0.87,0.47,0.12850399315357208,Andrea Belotti,a,1186,OpenPlay,2020,RightFoot,15448,Genoa,Torino,1,2,2020-11-04 18:00:00,Sasa Lukic,Pass
385624,69,MissedShots,0.795,0.6179999923706054,0.05028510093688965,Andrea Belotti,a,1186,OpenPlay,2020,RightFoot,15448,Genoa,Torino,1,2,2020-11-04 18:00:00,Sasa Lukic,Pass
386566,33,BlockedShot,0.8430000305175781,0.6480000305175782,0.05822930112481117,Andrea Belotti,h,1186,OpenPlay,2020,RightFoot,15495,Torino,Crotone,0,0,2020-11-08 14:00:00,Simone Verdi,Pass
389751,24,Goal,0.9580000305175781,0.5379999923706055,0.6339600086212158,Andrea Belotti,h,1186,OpenPlay,2020,RightFoot,15515,Torino,Sampdoria,2,2,2020-11-30 17:30:00,Wilfried Stephane Singo,Pass
389755,38,BlockedShot,0.825999984741211,0.6459999847412109,0.045076001435518265,Andrea Belotti,h,1186,OpenPlay,2020,RightFoot,15515,Torino,Sampdoria,2,2,2020-11-30 17:30:00,Soualiho Meité,Chipped
389764,65,BlockedShot,0.905,0.36400001525878906,0.057107698172330856,Andrea Belotti,h,1186,OpenPlay,2020,RightFoot,15515,Torino,Sampdoria,2,2,2020-11-30 17:30:00,Wilfried Stephane Singo,Cross
390294,45,MissedShots,0.889000015258789,0.32,0.04157600179314613,Andrea Belotti,a,1186,OpenPlay,2020,RightFoot,15519,Juventus,Torino,2,1,2020-12-05 17:00:00,Cristian Ansaldi,Cross
391701,35,MissedShots,0.7959999847412109,0.725,0.05794240161776543,Andrea Belotti,h,1186,DirectFreekick,2020,RightFoot,15535,Torino,Udinese,2,3,2020-12-12 17:00:00,,Standard
391707,65,Goal,0.9480000305175781,0.4859999847412109,0.6132569909095764,Andrea Belotti,h,1186,OpenPlay,2020,LeftFoot,15535,Torino,Udinese,2,3,2020-12-12 17:00:00,Federico Bonazzoli,Pass
393678,5,BlockedShot,0.9059999847412109,0.6769999694824219,0.07388059794902802,Andrea Belotti,a,1186,OpenPlay,2020,RightFoot,15542,Roma,Torino,3,1,2020-12-17 19:45:00,Sasa Lukic,Pass
393680,11,SavedShot,0.8919999694824219,0.4879999923706055,0.07837290316820145,Andrea Belotti,a,1186,OpenPlay,2020,Head,15542,Roma,Torino,3,1,2020-12-17 19:45:00,Mergim Vojvoda,Cross
393683,21,SavedShot,0.7369999694824219,0.669000015258789,0.042788900434970856,Andrea Belotti,a,1186,DirectFreekick,2020,RightFoot,15542,Roma,Torino,3,1,2020-12-17 19:45:00,,Standard
393691,58,BlockedShot,0.8980000305175782,0.6769999694824219,0.05713440105319023,Andrea Belotti,a,1186,OpenPlay,2020,RightFoot,15542,Roma,Torino,3,1,2020-12-17 19:45:00,Jacopo Segre,Pass
393697,71,SavedShot,0.7980000305175782,0.534000015258789,0.043014898896217346,Andrea Belotti,a,1186,OpenPlay,2020,RightFoot,15542,Roma,Torino,3,1,2020-12-17 19:45:00,,BallRecovery
393700,72,Goal,0.9069999694824219,0.514000015258789,0.12578299641609192,Andrea Belotti,a,1186,OpenPlay,2020,RightFoot,15542,Roma,Torino,3,1,2020-12-17 19:45:00,,Rebound
393701,75,BlockedShot,0.7719999694824219,0.6329999923706054,0.021543100476264954,Andrea Belotti,a,1186,OpenPlay,2020,LeftFoot,15542,Roma,Torino,3,1,2020-12-17 19:45:00,Karol Linetty,Pass
393702,76,MissedShots,0.9059999847412109,0.51,0.08486519753932953,Andrea Belotti,a,1186,SetPiece,2020,LeftFoot,15542,Roma,Torino,3,1,2020-12-17 19:45:00,Simone Edera,Cross
394295,9,MissedShots,0.960999984741211,0.47299999237060547,0.5826830267906189,Andrea Belotti,h,1186,OpenPlay,2020,RightFoot,15555,Torino,Bologna,1,1,2020-12-20 11:30:00,Tomás Rincón,Cross
394297,17,BlockedShot,0.8819999694824219,0.519000015258789,0.014605100266635418,Andrea Belotti,h,1186,FromCorner,2020,Head,15555,Torino,Bologna,1,1,2020-12-20 11:30:00,Amer Gojak,Aerial
394299,20,SavedShot,0.86,0.7240000152587891,0.035958100110292435,Andrea Belotti,h,1186,OpenPlay,2020,RightFoot,15555,Torino,Bologna,1,1,2020-12-20 11:30:00,Ricardo Rodríguez,Chipped
394305,45,SavedShot,0.715999984741211,0.6179999923706054,0.011133099906146526,Andrea Belotti,h,1186,OpenPlay,2020,RightFoot,15555,Torino,Bologna,1,1,2020-12-20 11:30:00,,Rebound
394304,45,BlockedShot,0.6619999694824219,0.6809999847412109,0.01140270009636879,Andrea Belotti,h,1186,OpenPlay,2020,RightFoot,15555,Torino,Bologna,1,1,2020-12-20 11:30:00,Sasa Lukic,Pass
394310,64,BlockedShot,0.8059999847412109,0.549000015258789,0.03908580169081688,Andrea Belotti,h,1186,OpenPlay,2020,RightFoot,15555,Torino,Bologna,1,1,2020-12-20 11:30:00,Simone Verdi,Chipped
395415,22,MissedShots,0.7030000305175781,0.47900001525878905,0.016997000202536583,Andrea Belotti,a,1186,OpenPlay,2020,RightFoot,15560,Napoli,Torino,1,1,2020-12-23 19:45:00,Karol Linetty,Pass
395416,25,BlockedShot,0.8330000305175781,0.6780000305175782,0.047599900513887405,Andrea Belotti,a,1186,OpenPlay,2020,RightFoot,15560,Napoli,Torino,1,1,2020-12-23 19:45:00,Ricardo Rodríguez,TakeOn
395427,55,BlockedShot,0.7959999847412109,0.6759999847412109,0.02612360008060932,Andrea Belotti,a,1186,OpenPlay,2020,RightFoot,15560,Napoli,Torino,1,1,2020-12-23 19:45:00,Simone Verdi,Pass
395432,84,SavedShot,0.8980000305175782,0.6880000305175781,0.07900059968233109,Andrea Belotti,a,1186,OpenPlay,2020,LeftFoot,15560,Napoli,Torino,1,1,2020-12-23 19:45:00,Karol Linetty,Pass
396808,70,MissedShots,0.774000015258789,0.720999984741211,0.049242399632930756,Andrea Belotti,a,1186,DirectFreekick,2020,RightFoot,15573,Parma Calcio 1913,Torino,0,3,2021-01-03 14:00:00,,Standard
396809,72,SavedShot,0.8809999847412109,0.620999984741211,0.10312200337648392,Andrea Belotti,a,1186,OpenPlay,2020,LeftFoot,15573,Parma Calcio 1913,Torino,0,3,2021-01-03 14:00:00,Tomás Rincón,Pass
396814,78,MissedShots,0.745,0.47400001525878904,0.02800389938056469,Andrea Belotti,a,1186,OpenPlay,2020,RightFoot,15573,Parma Calcio 1913,Torino,0,3,2021-01-03 14:00:00,Karol Linetty,Chipped
397275,6,BlockedShot,0.7440000152587891,0.6419999694824219,0.014102299697697163,Andrea Belotti,h,1186,OpenPlay,2020,LeftFoot,15585,Torino,Verona,1,1,2021-01-06 14:00:00,Sasa Lukic,TakeOn
397277,15,SavedShot,0.7369999694824219,0.715,0.016734300181269646,Andrea Belotti,h,1186,OpenPlay,2020,LeftFoot,15585,Torino,Verona,1,1,2021-01-06 14:00:00,Amer Gojak,Pass
397280,34,BlockedShot,0.8880000305175781,0.32599998474121095,0.053940899670124054,Andrea Belotti,h,1186,OpenPlay,2020,RightFoot,15585,Torino,Verona,1,1,2021-01-06 14:00:00,Sasa Lukic,Pass
397281,34,BlockedShot,0.8530000305175781,0.36400001525878906,0.04489469900727272,Andrea Belotti,h,1186,OpenPlay,2020,LeftFoot,15585,Torino,Verona,1,1,2021-01-06 14:00:00,,Rebound
397293,71,BlockedShot,0.7759999847412109,0.4420000076293945,0.028671199455857277,Andrea Belotti,h,1186,OpenPlay,2020,RightFoot,15585,Torino,Verona,1,1,2021-01-06 14:00:00,Sasa Lukic,Pass
397963,69,BlockedShot,0.85,0.6659999847412109,0.05589599907398224,Andrea Belotti,a,1186,OpenPlay,2020,RightFoot,15590,AC Milan,Torino,2,0,2021-01-09 19:45:00,Simone Verdi,Pass
397964,71,SavedShot,0.9119999694824219,0.555,0.023086000233888626,Andrea Belotti,a,1186,FromCorner,2020,Head,15590,AC Milan,Torino,2,0,2021-01-09 19:45:00,Simone Verdi,Aerial
399055,17,MissedShots,0.8480000305175781,0.47200000762939454,0.08170240372419357,Andrea Belotti,h,1186,SetPiece,2020,RightFoot,15605,Torino,Spezia,0,0,2021-01-16 17:00:00,Simone Verdi,Pass
399063,80,MissedShots,0.909000015258789,0.445,0.06158540025353432,Andrea Belotti,h,1186,FromCorner,2020,Head,15605,Torino,Spezia,0,0,2021-01-16 17:00:00,Amer Gojak,Cross
399064,81,BlockedShot,0.9330000305175781,0.5570000076293945,0.06441819667816162,Andrea Belotti,h,1186,OpenPlay,2020,Head,15605,Torino,Spezia,0,0,2021-01-16 17:00:00,Cristian Ansaldi,Aerial
399068,92,SavedShot,0.915,0.524000015258789,0.11688099801540375,Andrea Belotti,h,1186,OpenPlay,2020,Head,15605,Torino,Spezia,0,0,2021-01-16 17:00:00,Cristian Ansaldi,Cross
400258,50,BlockedShot,0.7669999694824219,0.37900001525878907,0.03366139903664589,Andrea Belotti,a,1186,OpenPlay,2020,RightFoot,15606,Benevento,Torino,2,2,2021-01-22 19:45:00,Simone Zaza,TakeOn
400261,57,SavedShot,0.9159999847412109,0.6630000305175782,0.08038940280675888,Andrea Belotti,a,1186,OpenPlay,2020,LeftFoot,15606,Benevento,Torino,2,2,2021-01-22 19:45:00,,TakeOn
401383,35,MissedShots,0.91,0.37,0.0448572002351284,Andrea Belotti,h,1186,FromCorner,2020,RightFoot,15625,Torino,Fiorentina,1,1,2021-01-29 19:45:00,Cristian Ansaldi,Cross
401390,56,MissedShots,0.784000015258789,0.29200000762939454,0.01847519911825657,Andrea Belotti,h,1186,OpenPlay,2020,LeftFoot,15625,Torino,Fiorentina,1,1,2021-01-29 19:45:00,Wilfried Stephane Singo,TakeOn
401391,61,MissedShots,0.8119999694824219,0.4879999923706055,0.1558780074119568,Andrea Belotti,h,1186,DirectFreekick,2020,RightFoot,15625,Torino,Fiorentina,1,1,2021-01-29 19:45:00,,Standard
401398,82,MissedShots,0.9169999694824219,0.4520000076293945,0.07880890369415283,Andrea Belotti,h,1186,FromCorner,2020,Head,15625,Torino,Fiorentina,1,1,2021-01-29 19:45:00,Simone Verdi,Cross
401399,87,Goal,0.955999984741211,0.555,0.5103669762611389,Andrea Belotti,h,1186,OpenPlay,2020,LeftFoot,15625,Torino,Fiorentina,1,1,2021-01-29 19:45:00,Simone Verdi,Cross
403058,38,MissedShots,0.8619999694824219,0.5109999847412109,0.01969509944319725,Andrea Belotti,a,1186,FromCorner,2020,Head,15634,Atalanta,Torino,3,3,2021-02-06 14:00:00,Rolando Mandragora,Cross
403060,41,Goal,0.9059999847412109,0.53,0.4732930064201355,Andrea Belotti,a,1186,SetPiece,2020,LeftFoot,15634,Atalanta,Torino,3,3,2021-02-06 14:00:00,,Rebound
403059,41,SavedShot,0.885,0.5,0.7612990140914917,Andrea Belotti,a,1186,Penalty,2020,RightFoot,15634,Atalanta,Torino,3,3,2021-02-06 14:00:00,,Standard
403065,50,BlockedShot,0.7830000305175782,0.445,0.03426690027117729,Andrea Belotti,a,1186,OpenPlay,2020,RightFoot,15634,Atalanta,Torino,3,3,2021-02-06 14:00:00,Tomás Rincón,Chipped
404170,26,BlockedShot,0.855,0.47299999237060547,0.08271980285644531,Andrea Belotti,h,1186,OpenPlay,2020,LeftFoot,15639,Torino,Genoa,0,0,2021-02-13 14:00:00,,BallRecovery
404172,45,MissedShots,0.7130000305175781,0.5890000152587891,0.013497400097548962,Andrea Belotti,h,1186,OpenPlay,2020,RightFoot,15639,Torino,Genoa,0,0,2021-02-13 14:00:00,,BallTouch
404174,51,SavedShot,0.904000015258789,0.4540000152587891,0.050326500087976456,Andrea Belotti,h,1186,OpenPlay,2020,Head,15639,Torino,Genoa,0,0,2021-02-13 14:00:00,,Aerial
404177,60,MissedShots,0.7390000152587891,0.4490000152587891,0.05591920018196106,Andrea Belotti,h,1186,DirectFreekick,2020,RightFoot,15639,Torino,Genoa,0,0,2021-02-13 14:00:00,,Standard
405273,5,MissedShots,0.7330000305175781,0.42200000762939455,0.05053360015153885,Andrea Belotti,a,1186,DirectFreekick,2020,RightFoot,15653,Cagliari,Torino,0,1,2021-02-19 19:45:00,,Standard
405294,83,SavedShot,0.9259999847412109,0.5579999923706055,0.6318849921226501,Andrea Belotti,a,1186,OpenPlay,2020,LeftFoot,15653,Cagliari,Torino,0,1,2021-02-19 19:45:00,Wilfried Stephane Singo,Pass
410829,40,SavedShot,0.725999984741211,0.6220000076293946,0.014927700161933899,Andrea Belotti,h,1186,OpenPlay,2020,RightFoot,15665,Torino,Sassuolo,3,2,2021-03-17 14:00:00,Sasa Lukic,Pass
410830,43,MissedShots,0.94,0.66,0.03728460147976875,Andrea Belotti,h,1186,OpenPlay,2020,RightFoot,15665,Torino,Sassuolo,3,2,2021-03-17 14:00:00,Cristian Ansaldi,Cross
410832,45,MissedShots,0.774000015258789,0.63,0.011224400252103806,Andrea Belotti,h,1186,OpenPlay,2020,LeftFoot,15665,Torino,Sassuolo,3,2,2021-03-17 14:00:00,,Aerial
411640,31,MissedShots,0.9390000152587891,0.59,0.0849509984254837,Andrea Belotti,a,1186,OpenPlay,2020,Head,15705,Sampdoria,Torino,1,0,2021-03-21 14:00:00,Armando Izzo,Cross
411643,49,BlockedShot,0.7919999694824219,0.605,0.09373579919338226,Andrea Belotti,a,1186,DirectFreekick,2020,RightFoot,15705,Sampdoria,Torino,1,0,2021-03-21 14:00:00,,Standard
411645,53,MissedShots,0.7559999847412109,0.5829999923706055,0.022701000794768333,Andrea Belotti,a,1186,OpenPlay,2020,RightFoot,15705,Sampdoria,Torino,1,0,2021-03-21 14:00:00,Antonio Sanabria,Pass
411648,72,MissedShots,0.9580000305175781,0.42400001525878905,0.10278499871492386,Andrea Belotti,a,1186,OpenPlay,2020,Head,15705,Sampdoria,Torino,1,0,2021-03-21 14:00:00,Cristian Ansaldi,Cross
411649,77,BlockedShot,0.955999984741211,0.41900001525878905,0.24062000215053558,Andrea Belotti,a,1186,OpenPlay,2020,Head,15705,Sampdoria,Torino,1,0,2021-03-21 14:00:00,Simone Zaza,Chipped
414087,60,Goal,0.885,0.5,0.7612990140914917,Andrea Belotti,a,1186,Penalty,2020,RightFoot,15725,Udinese,Torino,0,1,2021-04-10 18:45:00,,Standard
415969,5,MissedShots,0.7959999847412109,0.6419999694824219,0.04180220142006874,Andrea Belotti,h,1186,OpenPlay,2020,LeftFoot,15732,Torino,Roma,3,1,2021-04-18 16:00:00,,TakeOn
415970,7,MissedShots,0.9519999694824218,0.62,0.06892839819192886,Andrea Belotti,h,1186,OpenPlay,2020,RightFoot,15732,Torino,Roma,3,1,2021-04-18 16:00:00,Cristian Ansaldi,Cross
415979,22,SavedShot,0.8980000305175782,0.49700000762939456,0.03172139823436737,Andrea Belotti,h,1186,OpenPlay,2020,Head,15732,Torino,Roma,3,1,2021-04-18 16:00:00,Cristian Ansaldi,Aerial
415980,26,MissedShots,0.8540000152587891,0.6680000305175782,0.05253089964389801,Andrea Belotti,h,1186,OpenPlay,2020,RightFoot,15732,Torino,Roma,3,1,2021-04-18 16:00:00,Bremer,Pass
415984,39,SavedShot,0.8380000305175781,0.5309999847412109,0.044077400118112564,Andrea Belotti,h,1186,FromCorner,2020,LeftFoot,15732,Torino,Roma,3,1,2021-04-18 16:00:00,Bremer,BallTouch
415995,70,SavedShot,0.874000015258789,0.45099998474121095,0.08752070367336273,Andrea Belotti,h,1186,OpenPlay,2020,RightFoot,15732,Torino,Roma,3,1,2021-04-18 16:00:00,Rolando Mandragora,Chipped
416000,86,BlockedShot,0.8580000305175781,0.37,0.058757100254297256,Andrea Belotti,h,1186,SetPiece,2020,RightFoot,15732,Torino,Roma,3,1,2021-04-18 16:00:00,Daniele Baselli,BallTouch
416001,88,MissedShots,0.8090000152587891,0.28299999237060547,0.031058600172400475,Andrea Belotti,h,1186,OpenPlay,2020,RightFoot,15732,Torino,Roma,3,1,2021-04-18 16:00:00,Simone Zaza,Pass
416570,23,SavedShot,0.9119999694824219,0.43099998474121093,0.40468698740005493,Andrea Belotti,a,1186,OpenPlay,2020,RightFoot,15745,Bologna,Torino,1,1,2021-04-21 18:45:00,Simone Verdi,Throughball
416585,67,MissedShots,0.7340000152587891,0.42400001525878905,0.013658000156283379,Andrea Belotti,a,1186,OpenPlay,2020,RightFoot,15745,Bologna,Torino,1,1,2021-04-21 18:45:00,,None
418172,12,BlockedShot,0.8859999847412109,0.5659999847412109,0.08176960051059723,Andrea Belotti,h,1186,OpenPlay,2020,LeftFoot,15750,Torino,Napoli,0,2,2021-04-26 16:30:00,Simone Verdi,Cross
418183,40,MissedShots,0.895,0.295,0.05926959961652756,Andrea Belotti,h,1186,OpenPlay,2020,RightFoot,15750,Torino,Napoli,0,2,2021-04-26 16:30:00,Wilfried Stephane Singo,Pass
418193,61,MissedShots,0.7230000305175781,0.5279999923706055,0.018062399700284004,Andrea Belotti,h,1186,SetPiece,2020,RightFoot,15750,Torino,Napoli,0,2,2021-04-26 16:30:00,Rolando Mandragora,Pass
418194,63,SavedShot,0.9630000305175781,0.3579999923706055,0.021738199517130852,Andrea Belotti,h,1186,OpenPlay,2020,Head,15750,Torino,Napoli,0,2,2021-04-26 16:30:00,Cristian Ansaldi,Aerial
419493,12,MissedShots,0.8380000305175781,0.315,0.03535789996385574,Andrea Belotti,h,1186,OpenPlay,2020,RightFoot,15763,Torino,Parma Calcio 1913,1,0,2021-05-03 18:45:00,Sasa Lukic,Pass
419500,53,BlockedShot,0.8619999694824219,0.6370000076293946,0.036089301109313965,Andrea Belotti,h,1186,OpenPlay,2020,LeftFoot,15763,Torino,Parma Calcio 1913,1,0,2021-05-03 18:45:00,Armando Izzo,Cross
419502,53,SavedShot,0.965999984741211,0.5220000076293946,0.1455570012331009,Andrea Belotti,h,1186,FromCorner,2020,Head,15763,Torino,Parma Calcio 1913,1,0,2021-05-03 18:45:00,,Aerial
419505,73,ShotOnPost,0.860999984741211,0.625,0.07550729811191559,Andrea Belotti,h,1186,OpenPlay,2020,RightFoot,15763,Torino,Parma Calcio 1913,1,0,2021-05-03 18:45:00,,None
420609,59,SavedShot,0.9069999694824219,0.72,0.10150200128555298,Andrea Belotti,a,1186,OpenPlay,2020,LeftFoot,15775,Verona,Torino,1,1,2021-05-09 13:00:00,Daniele Baselli,Chipped
421793,54,Goal,0.885,0.5,0.7612990140914917,Andrea Belotti,a,1186,Penalty,2020,RightFoot,15795,Spezia,Torino,4,1,2021-05-15 13:00:00,,Standard
424231,74,SavedShot,0.9290000152587891,0.44099998474121094,0.43153199553489685,Andrea Belotti,h,1186,OpenPlay,2020,RightFoot,15796,Torino,Benevento,1,1,2021-05-23 18:45:00,Wilfried Stephane Singo,HeadPass
427379,78,Goal,0.7919999694824219,0.69,0.023720700293779373,Andrea Belotti,h,1186,OpenPlay,2021,RightFoot,16758,Torino,Atalanta,1,2,2021-08-21 18:45:00,Karol Linetty,Pass
437351,64,MissedShots,0.8119999694824219,0.47,0.0491751991212368,Andrea Belotti,h,1186,SetPiece,2021,RightFoot,16845,Torino,Genoa,3,2,2021-10-22 16:30:00,Cristian Ansaldi,Pass
438855,52,SavedShot,0.9080000305175782,0.34,0.0645356997847557,Andrea Belotti,a,1186,OpenPlay,2021,RightFoot,16850,AC Milan,Torino,1,0,2021-10-26 18:45:00,Karol Linetty,Pass
439968,56,MissedShots,0.8130000305175781,0.47900001525878905,0.07609099894762039,Andrea Belotti,h,1186,OpenPlay,2021,RightFoot,16865,Torino,Sampdoria,3,0,2021-10-30 18:45:00,Dennis Praet,Pass
439973,70,BlockedShot,0.774000015258789,0.4370000076293945,0.05124109983444214,Andrea Belotti,h,1186,OpenPlay,2021,RightFoot,16865,Torino,Sampdoria,3,0,2021-10-30 18:45:00,Dennis Praet,Pass
439974,70,ShotOnPost,0.9019999694824219,0.5359999847412109,0.10003600269556046,Andrea Belotti,h,1186,FromCorner,2021,RightFoot,16865,Torino,Sampdoria,3,0,2021-10-30 18:45:00,,None
439979,92,Goal,0.914000015258789,0.32,0.0754787027835846,Andrea Belotti,h,1186,OpenPlay,2021,RightFoot,16865,Torino,Sampdoria,3,0,2021-10-30 18:45:00,Bremer,Pass
443581,6,MissedShots,0.9009999847412109,0.5370000076293945,0.04073359817266464,Andrea Belotti,h,1186,OpenPlay,2021,Head,16885,Torino,Udinese,2,1,2021-11-22 19:45:00,Mergim Vojvoda,Aerial
443588,38,BlockedShot,0.865,0.31799999237060544,0.08079899847507477,Andrea Belotti,h,1186,OpenPlay,2021,RightFoot,16885,Torino,Udinese,2,1,2021-11-22 19:45:00,Josip Brekalo,Pass
443591,46,BlockedShot,0.875,0.6020000076293945,0.09690459817647934,Andrea Belotti,h,1186,OpenPlay,2021,LeftFoot,16885,Torino,Udinese,2,1,2021-11-22 19:45:00,,BallRecovery
443592,47,SavedShot,0.9,0.6359999847412109,0.014660799875855446,Andrea Belotti,h,1186,FromCorner,2021,Head,16885,Torino,Udinese,2,1,2021-11-22 19:45:00,Dennis Praet,Cross
443605,74,BlockedShot,0.855999984741211,0.4759999847412109,0.10823000222444534,Andrea Belotti,h,1186,OpenPlay,2021,RightFoot,16885,Torino,Udinese,2,1,2021-11-22 19:45:00,Karol Linetty,Pass
444850,27,BlockedShot,0.8830000305175781,0.5790000152587891,0.0474294014275074,Andrea Belotti,a,1186,FromCorner,2021,RightFoot,16891,Roma,Torino,1,0,2021-11-28 17:00:00,Josip Brekalo,Cross
444857,50,MissedShots,0.845,0.49900001525878906,0.01630309969186783,Andrea Belotti,a,1186,OpenPlay,2021,Head,16891,Roma,Torino,1,0,2021-11-28 17:00:00,Koffi Djidji,Cross
444859,52,BlockedShot,0.9059999847412109,0.524000015258789,0.0664265975356102,Andrea Belotti,a,1186,SetPiece,2021,Head,16891,Roma,Torino,1,0,2021-11-28 17:00:00,Josip Brekalo,Chipped
457268,75,BlockedShot,0.9490000152587891,0.5420000076293945,0.062484800815582275,Andrea Belotti,h,1186,OpenPlay,2021,Head,17005,Torino,Venezia,1,2,2022-02-12 19:45:00,Mergim Vojvoda,Aerial
457272,101,MissedShots,0.9169999694824219,0.5729999923706055,0.02597450092434883,Andrea Belotti,h,1186,FromCorner,2021,Head,17005,Torino,Venezia,1,2,2022-02-12 19:45:00,Josip Brekalo,Aerial
457273,102,MissedShots,0.95,0.43099998474121093,0.05238429829478264,Andrea Belotti,h,1186,OpenPlay,2021,Head,17005,Torino,Venezia,1,2,2022-02-12 19:45:00,Cristian Ansaldi,Aerial
457984,31,BlockedShot,0.7269999694824218,0.504000015258789,0.05030659958720207,Andrea Belotti,a,1186,DirectFreekick,2021,RightFoot,17010,Juventus,Torino,1,1,2022-02-18 19:45:00,,Standard
457985,45,MissedShots,0.92,0.5779999923706055,0.058715999126434326,Andrea Belotti,a,1186,FromCorner,2021,Head,17010,Juventus,Torino,1,1,2022-02-18 19:45:00,Rolando Mandragora,Cross
457991,61,Goal,0.935,0.5379999923706055,0.44824498891830444,Andrea Belotti,a,1186,OpenPlay,2021,LeftFoot,17010,Juventus,Torino,1,1,2022-02-18 19:45:00,Josip Brekalo,Cross
460146,13,MissedShots,0.7,0.5159999847412109,0.013169200159609318,Andrea Belotti,h,1186,OpenPlay,2021,RightFoot,17025,Torino,Cagliari,1,2,2022-02-27 11:30:00,,BallRecovery
460147,15,SavedShot,0.7930000305175782,0.740999984741211,0.01509230025112629,Andrea Belotti,h,1186,OpenPlay,2021,LeftFoot,17025,Torino,Cagliari,1,2,2022-02-27 11:30:00,,None
460156,53,Goal,0.9259999847412109,0.5970000076293945,0.4424409866333008,Andrea Belotti,h,1186,SetPiece,2021,RightFoot,17025,Torino,Cagliari,1,2,2022-02-27 11:30:00,,None
460160,66,MissedShots,0.9569999694824218,0.38,0.02658109925687313,Andrea Belotti,h,1186,FromCorner,2021,Head,17025,Torino,Cagliari,1,2,2022-02-27 11:30:00,Cristian Ansaldi,Cross
460161,67,SavedShot,0.91,0.6859999847412109,0.048351701349020004,Andrea Belotti,h,1186,OpenPlay,2021,LeftFoot,17025,Torino,Cagliari,1,2,2022-02-27 11:30:00,,None
461648,16,MissedShots,0.7559999847412109,0.6469999694824219,0.017319900915026665,Andrea Belotti,a,1186,OpenPlay,2021,RightFoot,17026,Bologna,Torino,0,0,2022-03-06 14:00:00,Ricardo Rodríguez,Pass
461657,49,MissedShots,0.85,0.34700000762939454,0.05432220175862312,Andrea Belotti,a,1186,OpenPlay,2021,RightFoot,17026,Bologna,Torino,0,0,2022-03-06 14:00:00,Tommaso Pobega,Pass
461660,54,MissedShots,0.9080000305175782,0.49,0.07817620038986206,Andrea Belotti,a,1186,FromCorner,2021,Head,17026,Bologna,Torino,0,0,2022-03-06 14:00:00,Rolando Mandragora,Cross
463398,3,MissedShots,0.9080000305175782,0.6559999847412109,0.12200800329446793,Andrea Belotti,h,1186,OpenPlay,2021,LeftFoot,17044,Torino,Inter,1,1,2022-03-13 19:45:00,Josip Brekalo,Throughball
463400,11,SavedShot,0.855,0.5520000076293945,0.05567049980163574,Andrea Belotti,h,1186,OpenPlay,2021,RightFoot,17044,Torino,Inter,1,1,2022-03-13 19:45:00,Alessandro Buongiorno,Cross
463403,13,SavedShot,0.8590000152587891,0.37900001525878907,0.14945200085639954,Andrea Belotti,h,1186,OpenPlay,2021,RightFoot,17044,Torino,Inter,1,1,2022-03-13 19:45:00,Tommaso Pobega,TakeOn
463405,20,MissedShots,0.8909999847412109,0.5329999923706055,0.10688400268554688,Andrea Belotti,h,1186,OpenPlay,2021,RightFoot,17044,Torino,Inter,1,1,2022-03-13 19:45:00,Mergim Vojvoda,Cross
463700,34,MissedShots,0.9169999694824219,0.40099998474121096,0.07572679966688156,Andrea Belotti,a,1186,OpenPlay,2021,RightFoot,17049,Genoa,Torino,1,0,2022-03-18 20:00:00,Wilfried Stephane Singo,Cross
463702,41,MissedShots,0.9209999847412109,0.6459999847412109,0.07104820013046265,Andrea Belotti,a,1186,OpenPlay,2021,LeftFoot,17049,Genoa,Torino,1,0,2022-03-18 20:00:00,Sasa Lukic,Pass
463705,59,SavedShot,0.9159999847412109,0.534000015258789,0.034617699682712555,Andrea Belotti,a,1186,FromCorner,2021,Head,17049,Genoa,Torino,1,0,2022-03-18 20:00:00,Josip Brekalo,Aerial
465511,17,Goal,0.885,0.5,0.7612990140914917,Andrea Belotti,a,1186,Penalty,2021,RightFoot,17062,Salernitana,Torino,0,1,2022-04-02 18:45:00,,Standard
465514,25,SavedShot,0.9019999694824219,0.5420000076293945,0.4521940052509308,Andrea Belotti,a,1186,OpenPlay,2021,LeftFoot,17062,Salernitana,Torino,0,1,2022-04-02 18:45:00,,None
465516,29,MissedShots,0.8880000305175781,0.45099998474121095,0.03775030001997948,Andrea Belotti,a,1186,OpenPlay,2021,Head,17062,Salernitana,Torino,0,1,2022-04-02 18:45:00,Marko Pjaca,Aerial
465528,91,ShotOnPost,0.7619999694824219,0.27700000762939453,0.022356899455189705,Andrea Belotti,a,1186,OpenPlay,2021,RightFoot,17062,Salernitana,Torino,0,1,2022-04-02 18:45:00,Sasa Lukic,Pass
467646,12,MissedShots,0.9430000305175781,0.4279999923706055,0.12986800074577332,Andrea Belotti,h,1186,OpenPlay,2021,Head,17074,Torino,AC Milan,0,0,2022-04-10 18:45:00,Mergim Vojvoda,Cross
467653,51,BlockedShot,0.7419999694824219,0.3609999847412109,0.014264499768614769,Andrea Belotti,h,1186,OpenPlay,2021,LeftFoot,17074,Torino,AC Milan,0,0,2022-04-10 18:45:00,Wilfried Stephane Singo,Pass
467656,64,BlockedShot,0.8580000305175781,0.49400001525878906,0.08449260145425797,Andrea Belotti,h,1186,OpenPlay,2021,RightFoot,17074,Torino,AC Milan,0,0,2022-04-10 18:45:00,Ricardo Rodríguez,Chipped
467659,71,MissedShots,0.9219999694824219,0.585,0.017608899623155594,Andrea Belotti,h,1186,FromCorner,2021,Head,17074,Torino,AC Milan,0,0,2022-04-10 18:45:00,Ricardo Rodríguez,Aerial
467661,75,MissedShots,0.9219999694824219,0.6919999694824219,0.05116359889507294,Andrea Belotti,h,1186,OpenPlay,2021,LeftFoot,17074,Torino,AC Milan,0,0,2022-04-10 18:45:00,Mergim Vojvoda,Pass
468407,19,MissedShots,0.9269999694824219,0.5329999923706055,0.10586900264024734,Andrea Belotti,a,1186,FromCorner,2021,Head,17080,Lazio,Torino,1,1,2022-04-16 18:45:00,Ricardo Rodríguez,Cross
472100,77,Goal,0.885,0.5,0.7612990140914917,Andrea Belotti,a,1186,Penalty,2021,RightFoot,17098,Empoli,Torino,1,3,2022-05-01 13:00:00,,Standard
472103,86,Goal,0.885,0.5,0.7612990140914917,Andrea Belotti,a,1186,Penalty,2021,RightFoot,17098,Empoli,Torino,1,3,2022-05-01 13:00:00,,Standard
472106,93,MissedShots,0.9030000305175782,0.6509999847412109,0.32903000712394714,Andrea Belotti,a,1186,OpenPlay,2021,LeftFoot,17098,Empoli,Torino,1,3,2022-05-01 13:00:00,Cristian Ansaldi,Chipped
472107,95,Goal,0.9290000152587891,0.5570000076293945,0.5270249843597412,Andrea Belotti,a,1186,OpenPlay,2021,RightFoot,17098,Empoli,Torino,1,3,2022-05-01 13:00:00,Josip Brekalo,Pass
472993,7,SavedShot,0.8680000305175781,0.539000015258789,0.03051060065627098,Andrea Belotti,h,1186,OpenPlay,2021,Head,17114,Torino,Napoli,0,1,2022-05-07 13:00:00,Mergim Vojvoda,Cross
473000,43,BlockedShot,0.8490000152587891,0.6079999923706054,0.0740090012550354,Andrea Belotti,h,1186,OpenPlay,2021,RightFoot,17114,Torino,Napoli,0,1,2022-05-07 13:00:00,Mergim Vojvoda,Pass
473009,66,MissedShots,0.9259999847412109,0.365,0.09737119823694229,Andrea Belotti,h,1186,OpenPlay,2021,RightFoot,17114,Torino,Napoli,0,1,2022-05-07 13:00:00,Karol Linetty,Pass
473013,88,SavedShot,0.725,0.41,0.04562599956989288,Andrea Belotti,h,1186,DirectFreekick,2021,RightFoot,17114,Torino,Napoli,0,1,2022-05-07 13:00:00,,Standard
475849,48,SavedShot,0.92,0.47400001525878904,0.34577199816703796,Andrea Belotti,a,1186,SetPiece,2021,Head,17119,Verona,Torino,0,1,2022-05-14 16:00:00,Josip Brekalo,Chipped
475853,71,SavedShot,0.7580000305175781,0.3320000076293945,0.022707700729370117,Andrea Belotti,a,1186,OpenPlay,2021,LeftFoot,17119,Verona,Torino,0,1,2022-05-14 16:00:00,Josip Brekalo,Pass
477011,30,MissedShots,0.9230000305175782,0.26799999237060546,0.0359438993036747,Andrea Belotti,h,1186,OpenPlay,2021,RightFoot,17134,Torino,Roma,0,3,2022-05-20 18:45:00,Tommaso Pobega,Pass
477021,56,MissedShots,0.9209999847412109,0.4809999847412109,0.047113098204135895,Andrea Belotti,h,1186,FromCorner,2021,Head,17134,Torino,Roma,0,3,2022-05-20 18:45:00,Marko Pjaca,Aerial
484919,83,SavedShot,0.9590000152587891,0.4229999923706055,0.5300179719924927,Andrea Belotti,h,1186,OpenPlay,2022,RightFoot,18613,Roma,Monza,3,0,2022-08-30 18:45:00,Leonardo Spinazzola,Cross
488329,94,SavedShot,0.860999984741211,0.37099998474121093,0.5117560029029846,Andrea Belotti,a,1186,OpenPlay,2022,RightFoot,18634,Empoli,Roma,1,2,2022-09-12 18:45:00,,Aerial
492535,73,BlockedShot,0.9259999847412109,0.5209999847412109,0.07681729644536972,Andrea Belotti,h,1186,OpenPlay,2022,Head,18667,Roma,Lecce,2,1,2022-10-09 18:45:00,Nicola Zalewski,Aerial
494128,54,SavedShot,0.889000015258789,0.37599998474121094,0.30405500531196594,Andrea Belotti,a,1186,OpenPlay,2022,RightFoot,18679,Sampdoria,Roma,0,1,2022-10-17 16:30:00,Tammy Abraham,Chipped
494132,82,MissedShots,0.955999984741211,0.529000015258789,0.6056399941444397,Andrea Belotti,a,1186,OpenPlay,2022,RightFoot,18679,Sampdoria,Roma,0,1,2022-10-17 16:30:00,Bryan Cristante,Cross
497561,63,SavedShot,0.8730000305175781,0.3,0.042510900646448135,Andrea Belotti,a,1186,OpenPlay,2022,RightFoot,18694,Verona,Roma,1,3,2022-10-31 17:30:00,Stephan El Shaarawy,Pass
497564,78,BlockedShot,0.8809999847412109,0.32099998474121094,0.04867599904537201,Andrea Belotti,a,1186,OpenPlay,2022,RightFoot,18694,Verona,Roma,1,3,2022-10-31 17:30:00,Lorenzo Pellegrini,Pass
499319,91,MissedShots,0.870999984741211,0.24700000762939453,0.029540300369262695,Andrea Belotti,a,1186,OpenPlay,2022,RightFoot,18719,Sassuolo,Roma,1,1,2022-11-09 17:30:00,Tammy Abraham,Pass
500650,91,ShotOnPost,0.885,0.5,0.7612990140914917,Andrea Belotti,h,1186,Penalty,2022,RightFoot,18730,Roma,Torino,1,1,2022-11-13 14:00:00,,Standard
510481,88,SavedShot,0.9569999694824218,0.500999984741211,0.4812319874763489,Andrea Belotti,h,1186,FromCorner,2022,Head,18806,Roma,Verona,1,0,2023-02-19 19:45:00,Ibañez,HeadPass
515795,23,SavedShot,0.8909999847412109,0.46700000762939453,0.02310970053076744,Andrea Belotti,a,1186,SetPiece,2022,Head,18845,Lazio,Roma,1,0,2023-03-19 17:00:00,Gianluca Mancini,Aerial
517173,92,MissedShots,0.870999984741211,0.6090000152587891,0.11410000175237656,Andrea Belotti,h,1186,OpenPlay,2022,RightFoot,18860,Roma,Sampdoria,3,0,2023-04-02 16:00:00,Paulo Dybala,Pass
520329,32,MissedShots,0.9330000305175781,0.41200000762939454,0.020962800830602646,Andrea Belotti,h,1186,FromCorner,2022,Head,18878,Roma,Udinese,3,0,2023-04-16 18:45:00,Lorenzo Pellegrini,Aerial
520338,58,SavedShot,0.919000015258789,0.4640000152587891,0.5751829743385315,Andrea Belotti,h,1186,OpenPlay,2022,RightFoot,18878,Roma,Udinese,3,0,2023-04-16 18:45:00,Edoardo Bove,Pass
522855,32,MissedShots,0.899000015258789,0.6179999923706054,0.08563567698001862,Andrea Belotti,h,1186,OpenPlay,2022,RightFoot,18898,Roma,AC Milan,1,1,2023-04-29 16:00:00,,BallTouch
522853,32,BlockedShot,0.8930000305175781,0.6659999847412109,0.07000212371349335,Andrea Belotti,h,1186,OpenPlay,2022,RightFoot,18898,Roma,AC Milan,1,1,2023-04-29 16:00:00,Nemanja Matic,Pass
526754,23,SavedShot,0.914000015258789,0.4129999923706055,0.38035866618156433,Andrea Belotti,a,1186,OpenPlay,2022,RightFoot,18922,Bologna,Roma,0,0,2023-05-14 16:00:00,Ola Solbakken,Pass
528391,89,MissedShots,0.955999984741211,0.6480000305175782,0.011457020416855812,Andrea Belotti,h,1186,OpenPlay,2022,Head,18938,Roma,Salernitana,2,2,2023-05-22 16:30:00,Bryan Cristante,Aerial
529217,45,SavedShot,0.879000015258789,0.2979999923706055,0.05446453392505646,Andrea Belotti,a,1186,OpenPlay,2022,RightFoot,18943,Fiorentina,Roma,2,1,2023-05-27 16:00:00,Ola Solbakken,Pass
531273,22,BlockedShot,0.82,0.37099998474121093,0.10056496411561966,Andrea Belotti,h,1186,OpenPlay,2022,LeftFoot,18958,Roma,Spezia,2,1,2023-06-04 19:00:00,Gianluca Mancini,Throughball
533896,16,Goal,0.8919999694824219,0.53,0.3792804479598999,Andrea Belotti,h,1186,OpenPlay,2023,LeftFoot,22309,Roma,Salernitana,2,2,2023-08-20 16:30:00,Diego Llorente,TakeOn
533897,19,BlockedShot,0.8530000305175781,0.45099998474121095,0.07554589211940765,Andrea Belotti,h,1186,OpenPlay,2023,LeftFoot,22309,Roma,Salernitana,2,2,2023-08-20 16:30:00,Edoardo Bove,HeadPass
533906,74,BlockedShot,0.8980000305175782,0.6359999847412109,0.07491932064294815,Andrea Belotti,h,1186,OpenPlay,2023,RightFoot,22309,Roma,Salernitana,2,2,2023-08-20 16:30:00,Nicola Zalewski,Pass
533908,81,Goal,0.9459999847412109,0.51,0.45660600066185,Andrea Belotti,h,1186,FromCorner,2023,Head,22309,Roma,Salernitana,2,2,2023-08-20 16:30:00,Leandro Paredes,Cross
535071,9,MissedShots,0.8980000305175782,0.46099998474121096,0.01987447217106819,Andrea Belotti,a,1186,FromCorner,2023,Head,22318,Verona,Roma,2,1,2023-08-26 18:45:00,Rasmus Kristensen,Aerial
535085,55,SavedShot,0.9390000152587891,0.44,0.40554264187812805,Andrea Belotti,a,1186,OpenPlay,2023,Head,22318,Verona,Roma,2,1,2023-08-26 18:45:00,,Goal
538532,84,BlockedShot,0.8919999694824219,0.6980000305175781,0.06568015366792679,Andrea Belotti,h,1186,OpenPlay,2023,LeftFoot,22342,Roma,Empoli,7,0,2023-09-17 18:45:00,,BallRecovery
540060,87,SavedShot,0.9540000152587891,0.57,0.13402590155601501,Andrea Belotti,a,1186,OpenPlay,2023,Head,22354,Torino,Roma,1,1,2023-09-24 18:45:00,Nicola Zalewski,Cross
540610,76,BlockedShot,0.7730000305175782,0.4929999923706055,0.034621771425008774,Andrea Belotti,a,1186,OpenPlay,2023,RightFoot,22357,Genoa,Roma,4,1,2023-09-28 18:45:00,Paulo Dybala,Pass
543410,50,Goal,0.8590000152587891,0.4620000076293945,0.552817702293396,Andrea Belotti,a,1186,OpenPlay,2023,RightFoot,22375,Cagliari,Roma,1,4,2023-10-08 16:00:00,Leandro Paredes,TakeOn
544414,27,MissedShots,0.7390000152587891,0.639000015258789,0.014733483083546162,Andrea Belotti,h,1186,OpenPlay,2023,RightFoot,22394,Roma,Monza,1,0,2023-10-22 10:30:00,Romelu Lukaku,Pass
544420,45,SavedShot,0.95,0.44799999237060545,0.46233850717544556,Andrea Belotti,h,1186,OpenPlay,2023,Head,22394,Roma,Monza,1,0,2023-10-22 10:30:00,Leonardo Spinazzola,Cross
544422,50,BlockedShot,0.840999984741211,0.48400001525878905,0.08995520323514938,Andrea Belotti,h,1186,OpenPlay,2023,RightFoot,22394,Roma,Monza,1,0,2023-10-22 10:30:00,Edoardo Bove,Pass
555002,30,SavedShot,0.865,0.46799999237060547,0.024834521114826202,Andrea Belotti,a,1186,OpenPlay,2023,Head,22456,Bologna,Roma,2,0,2023-12-17 17:00:00,Rasmus Kristensen,Cross
555015,79,SavedShot,0.86,0.3579999923706055,0.2437128722667694,Andrea Belotti,a,1186,OpenPlay,2023,RightFoot,22456,Bologna,Roma,2,0,2023-12-17 17:00:00,Sardar Azmoun,HeadPass
560907,45,BlockedShot,0.7719999694824219,0.6359999847412109,0.02162572555243969,Andrea Belotti,a,1186,OpenPlay,2023,RightFoot,22534,Lecce,Fiorentina,3,2,2024-02-02 19:45:00,,None
560918,87,ShotOnPost,0.9169999694824219,0.5609999847412109,0.12020518630743027,Andrea Belotti,a,1186,OpenPlay,2023,RightFoot,22534,Lecce,Fiorentina,3,2,2024-02-02 19:45:00,Nicolás González,HeadPass
562816,1,BlockedShot,0.8469999694824218,0.6680000305175782,0.039719440042972565,Andrea Belotti,h,1186,OpenPlay,2023,LeftFoot,22537,Fiorentina,Frosinone,5,1,2024-02-11 11:30:00,Nicolás González,Pass
562823,15,Goal,0.9359999847412109,0.415,0.43658721446990967,Andrea Belotti,h,1186,OpenPlay,2023,RightFoot,22537,Fiorentina,Frosinone,5,1,2024-02-11 11:30:00,Jonathan Ikone,Pass
562833,51,BlockedShot,0.85,0.35900001525878905,0.07222219556570053,Andrea Belotti,h,1186,OpenPlay,2023,RightFoot,22537,Fiorentina,Frosinone,5,1,2024-02-11 11:30:00,Nicolás González,Pass
565985,9,BlockedShot,0.8,0.5870000076293945,0.038258619606494904,Andrea Belotti,h,1186,OpenPlay,2023,LeftFoot,22557,Fiorentina,Lazio,2,1,2024-02-26 19:45:00,,None
565991,23,ShotOnPost,0.95,0.5329999923706055,0.4405803382396698,Andrea Belotti,h,1186,FromCorner,2023,Head,22557,Fiorentina,Lazio,2,1,2024-02-26 19:45:00,Cristiano Biraghi,Cross
565993,39,BlockedShot,0.9480000305175781,0.5479999923706055,0.12862782180309296,Andrea Belotti,h,1186,SetPiece,2023,Head,22557,Fiorentina,Lazio,2,1,2024-02-26 19:45:00,Arthur,Cross
565996,47,MissedShots,0.8590000152587891,0.6480000305175782,0.04755135998129845,Andrea Belotti,h,1186,OpenPlay,2023,RightFoot,22557,Fiorentina,Lazio,2,1,2024-02-26 19:45:00,,None
566895,80,MissedShots,0.895,0.55,0.08418478071689606,Andrea Belotti,a,1186,OpenPlay,2023,RightFoot,22571,Torino,Fiorentina,0,0,2024-03-02 19:45:00,Cristiano Biraghi,Cross
566897,91,BlockedShot,0.7980000305175782,0.3870000076293945,0.03351045027375221,Andrea Belotti,a,1186,OpenPlay,2023,LeftFoot,22571,Torino,Fiorentina,0,0,2024-03-02 19:45:00,,None
566899,92,MissedShots,0.835,0.4979999923706055,0.06677484512329102,Andrea Belotti,a,1186,OpenPlay,2023,RightFoot,22571,Torino,Fiorentina,0,0,2024-03-02 19:45:00,M&#039;Bala Nzola,Pass
568891,23,SavedShot,0.93,0.7140000152587891,0.07206269353628159,Andrea Belotti,h,1186,OpenPlay,2023,LeftFoot,22577,Fiorentina,Roma,2,2,2024-03-10 19:45:00,Luca Ranieri,BallRecovery
568896,37,MissedShots,0.955,0.40400001525878904,0.07798504084348679,Andrea Belotti,h,1186,OpenPlay,2023,RightFoot,22577,Fiorentina,Roma,2,2,2024-03-10 19:45:00,,Aerial
568898,39,SavedShot,0.9059999847412109,0.5479999923706055,0.02052311599254608,Andrea Belotti,h,1186,FromCorner,2023,Head,22577,Fiorentina,Roma,2,2,2024-03-10 19:45:00,Maxime Lopez,Aerial
568900,45,MissedShots,0.8769999694824219,0.4540000152587891,0.024904899299144745,Andrea Belotti,h,1186,FromCorner,2023,Head,22577,Fiorentina,Roma,2,2,2024-03-10 19:45:00,Cristiano Biraghi,Cross
568902,50,BlockedShot,0.7619999694824219,0.7440000152587891,0.021651890128850937,Andrea Belotti,h,1186,OpenPlay,2023,RightFoot,22577,Fiorentina,Roma,2,2,2024-03-10 19:45:00,Giacomo Bonaventura,Pass
571011,26,SavedShot,0.914000015258789,0.37,0.3210693597793579,Andrea Belotti,h,1186,OpenPlay,2023,RightFoot,22601,Fiorentina,AC Milan,1,2,2024-03-30 19:45:00,Jonathan Ikone,Pass
571013,27,BlockedShot,0.7419999694824219,0.36400001525878906,0.01646764762699604,Andrea Belotti,h,1186,OpenPlay,2023,RightFoot,22601,Fiorentina,AC Milan,1,2,2024-03-30 19:45:00,Alfred Duncan,BallRecovery
571014,29,BlockedShot,0.9030000305175782,0.38,0.0833960622549057,Andrea Belotti,h,1186,OpenPlay,2023,RightFoot,22601,Fiorentina,AC Milan,1,2,2024-03-30 19:45:00,Jonathan Ikone,BallTouch
571027,63,SavedShot,0.805,0.42200000762939455,0.047120753675699234,Andrea Belotti,h,1186,OpenPlay,2023,RightFoot,22601,Fiorentina,AC Milan,1,2,2024-03-30 19:45:00,Alfred Duncan,Pass
571028,65,SavedShot,0.94,0.5509999847412109,0.4094330072402954,Andrea Belotti,h,1186,SetPiece,2023,Head,22601,Fiorentina,AC Milan,1,2,2024-03-30 19:45:00,Nikola Milenkovic,HeadPass
571030,67,BlockedShot,0.9059999847412109,0.3270000076293945,0.06432634592056274,Andrea Belotti,h,1186,OpenPlay,2023,RightFoot,22601,Fiorentina,AC Milan,1,2,2024-03-30 19:45:00,Lucas Beltrán,Pass
573179,24,BlockedShot,0.9119999694824219,0.6409999847412109,0.06521511822938919,Andrea Belotti,a,1186,SetPiece,2023,RightFoot,22605,Juventus,Fiorentina,1,0,2024-04-07 18:45:00,,None
574524,4,MissedShots,0.960999984741211,0.43,0.49141332507133484,Andrea Belotti,h,1186,OpenPlay,2023,Head,22623,Fiorentina,Genoa,1,1,2024-04-15 16:30:00,,Aerial
574531,30,BlockedShot,0.9269999694824219,0.5990000152587891,0.0456472709774971,Andrea Belotti,h,1186,FromCorner,2023,Head,22623,Fiorentina,Genoa,1,1,2024-04-15 16:30:00,Alfred Duncan,Cross
578902,96,MissedShots,0.785,0.4540000152587891,0.030970044434070587,Andrea Belotti,a,1186,OpenPlay,2023,RightFoot,22649,Verona,Fiorentina,2,1,2024-05-05 13:00:00,M&#039;Bala Nzola,BallTouch
581399,82,BlockedShot,0.8919999694824219,0.6580000305175782,0.0768391340970993,Andrea Belotti,h,1186,OpenPlay,2023,LeftFoot,22666,Fiorentina,Napoli,2,2,2024-05-17 16:00:00,Giacomo Bonaventura,Pass
582973,19,SavedShot,0.899000015258789,0.45599998474121095,0.29773300886154175,Andrea Belotti,a,1186,SetPiece,2023,Head,22676,Cagliari,Fiorentina,2,3,2024-05-24 16:00:00,Cristiano Biraghi,Aerial
582974,23,BlockedShot,0.92,0.44400001525878907,0.1383616030216217,Andrea Belotti,a,1186,OpenPlay,2023,RightFoot,22676,Cagliari,Fiorentina,2,3,2024-05-24 16:00:00,Jonathan Ikone,Pass
583723,5,Goal,0.899000015258789,0.5790000152587891,0.20972201228141785,Andrea Belotti,a,1186,OpenPlay,2023,Head,22585,Atalanta,Fiorentina,2,3,2024-06-02 16:00:00,Gaetano Castrovilli,Cross
583731,45,Goal,0.960999984741211,0.514000015258789,0.4636715054512024,Andrea Belotti,a,1186,FromCorner,2023,RightFoot,22585,Atalanta,Fiorentina,2,3,2024-06-02 16:00:00,Lucas Martínez Quarta,BallTouch
585634,44,BlockedShot,0.9230000305175782,0.5179999923706055,0.10753493756055832,Andrea Belotti,a,1186,OpenPlay,2024,Head,27371,Juventus,Como,3,0,2024-08-19 18:45:00,Marco Sala,Cross
587137,31,BlockedShot,0.7880000305175782,0.47299999237060547,0.04127271845936775,Andrea Belotti,a,1186,OpenPlay,2024,RightFoot,27380,Cagliari,Como,1,1,2024-08-26 16:30:00,Patrick Cutrone,BallTouch
590149,3,MissedShots,0.9180000305175782,0.40599998474121096,0.027546314522624016,Andrea Belotti,a,1186,OpenPlay,2024,Head,27391,Udinese,Como,1,0,2024-09-01 18:45:00,Lucas Da Cunha,Aerial
590153,31,MissedShots,0.9269999694824219,0.605,0.052302829921245575,Andrea Belotti,a,1186,OpenPlay,2024,Head,27391,Udinese,Como,1,0,2024-09-01 18:45:00,Alberto Moreno,Cross
590551,83,MissedShots,0.9209999847412109,0.515,0.35337695479393005,Andrea Belotti,h,1186,SetPiece,2024,Head,27397,Como,Bologna,2,2,2024-09-14 13:00:00,Nico Paz,Cross
590552,89,MissedShots,0.794000015258789,0.9009999847412109,0.11918703466653824,Andrea Belotti,h,1186,OpenPlay,2024,LeftFoot,27397,Como,Bologna,2,2,2024-09-14 13:00:00,Lucas Da Cunha,Throughball
594650,88,Goal,0.970999984741211,0.5029999923706054,0.668473482131958,Andrea Belotti,h,1186,OpenPlay,2024,LeftFoot,27414,Como,Verona,3,2,2024-09-29 13:00:00,Luca Mazzitelli,HeadPass
600965,4,MissedShots,0.924000015258789,0.3129999923706055,0.05593978613615036,Andrea Belotti,a,1186,OpenPlay,2024,RightFoot,27462,Empoli,Como,1,0,2024-11-04 17:30:00,Gabriel Strefezza,HeadPass
600967,36,SavedShot,0.8919999694824219,0.37400001525878906,0.011405562050640583,Andrea Belotti,a,1186,FromCorner,2024,Head,27462,Empoli,Como,1,0,2024-11-04 17:30:00,Lucas Da Cunha,Aerial
603389,86,MissedShots,0.8819999694824219,0.5270000076293946,0.0885893851518631,Andrea Belotti,h,1186,OpenPlay,2024,LeftFoot,27482,Como,Fiorentina,0,2,2024-11-24 14:00:00,,BallTouch
604000,72,BlockedShot,0.955999984741211,0.6609999847412109,0.05071767047047615,Andrea Belotti,h,1186,FromCorner,2024,LeftFoot,27496,Como,Monza,1,1,2024-11-30 14:00:00,Yannick Engelhardt,Pass
604008,94,MissedShots,0.9309999847412109,0.4540000152587891,0.13279828429222107,Andrea Belotti,h,1186,OpenPlay,2024,Head,27496,Como,Monza,1,1,2024-11-30 14:00:00,Simone Verdi,Cross
606559,23,MissedShots,0.899000015258789,0.5929999923706055,0.07272011041641235,Andrea Belotti,a,1186,FromCorner,2024,LeftFoot,27511,Venezia,Como,2,2,2024-12-08 17:00:00,Yannick Engelhardt,HeadPass
606565,55,Goal,0.9209999847412109,0.3970000076293945,0.11804831773042679,Andrea Belotti,a,1186,OpenPlay,2024,RightFoot,27511,Venezia,Como,2,2,2024-12-08 17:00:00,Ignace Van der Brempt,Pass
609018,70,BlockedShot,0.799000015258789,0.669000015258789,0.04726691544055939,Andrea Belotti,a,1186,OpenPlay,2024,RightFoot,27531,Inter,Como,2,0,2024-12-23 19:45:00,Lucas Da Cunha,Pass
610481,74,MissedShots,0.9740000152587891,0.5929999923706055,0.08791426569223404,Andrea Belotti,a,1186,OpenPlay,2024,RightFoot,27559,Lazio,Como,1,1,2025-01-10 19:45:00,Lucas Da Cunha,Cross
611331,91,MissedShots,0.9530000305175781,0.5570000076293945,0.5073830485343933,Andrea Belotti,h,1186,OpenPlay,2024,RightFoot,27543,Como,AC Milan,1,2,2025-01-14 17:30:00,Alieu Fadera,Cross
611332,91,MissedShots,0.9359999847412109,0.5970000076293945,0.02750059776008129,Andrea Belotti,h,1186,OpenPlay,2024,Head,27543,Como,AC Milan,1,2,2025-01-14 17:30:00,Simone Verdi,Aerial
613214,76,BlockedShot,0.785,0.41900001525878905,0.012732338160276413,Andrea Belotti,h,1186,OpenPlay,2024,RightFoot,27581,Como,Atalanta,1,2,2025-01-25 14:00:00,,Aerial
641417,32,SavedShot,0.9640000152587891,0.4540000152587891,0.4901624023914337,Andrea Belotti,h,1186,FromCorner,2025,Head,29864,Cagliari,Parma Calcio 1913,2,0,2025-09-13 13:00:00,Adam Obert,Cross
641426,55,SavedShot,0.860999984741211,0.3940000152587891,0.09719520062208176,Andrea Belotti,h,1186,OpenPlay,2025,RightFoot,29864,Cagliari,Parma Calcio 1913,2,0,2025-09-13 13:00:00,Sebastiano Esposito,Pass
642773,17,MissedShots,0.9359999847412109,0.5270000076293946,0.34433409571647644,Andrea Belotti,a,1186,FromCorner,2025,Head,29882,Lecce,Cagliari,1,2,2025-09-19 18:45:00,Matteo Prati,Rebound
642779,32,Goal,0.925,0.5159999847412109,0.5120537281036377,Andrea Belotti,a,1186,OpenPlay,2025,RightFoot,29882,Lecce,Cagliari,1,2,2025-09-19 18:45:00,Marco Palestra,Pass
642786,47,MissedShots,0.9009999847412109,0.3940000152587891,0.1055847778916359,Andrea Belotti,a,1186,OpenPlay,2025,LeftFoot,29882,Lecce,Cagliari,1,2,2025-09-19 18:45:00,Alessandro Deiola,Pass
642791,70,Goal,0.885,0.5,0.7612988352775574,Andrea Belotti,a,1186,Penalty,2025,RightFoot,29882,Lecce,Cagliari,1,2,2025-09-19 18:45:00,,Standard
