element,fixture,opponent_team,total_points,was_home,kickoff_time,team_h_score,team_a_score,round,modified,minutes,goals_scored,assists,clean_sheets,goals_conceded,own_goals,penalties_saved,penalties_missed,yellow_cards,red_cards,saves,bonus,bps,influence,creativity,threat,ict_index,clearances_blocks_interceptions,recoveries,tackles,defensive_contribution,starts,expected_goals,expected_assists,expected_goal_involvements,expected_goals_conceded,value,transfers_balance,selected,transfers_in,transfers_out,id,position,name,team
116,122,3,8,True,2025-11-29T15:00:00Z,3.0,1.0,13,False,73,0,0,1,0,0,0,0,0,0,0,0,17,16.4,2.3,6.0,2.5,8,4,2,10,1,0.21,0.04,0.25,0.14,40,-121,40615,849,970,116,DEF,Aaron Hickey,Brentford
674,125,9,2,False,2025-11-29T17:30:00Z,1.0,4.0,13,False,90,0,0,0,1,0,0,0,0,0,1,0,5,7.8,0.0,0.0,0.8,0,5,0,0,1,0.0,0.0,0.0,0.99,48,-472,72018,653,1125,674,GKP,Aaron Ramsdale,Newcastle
211,122,5,0,False,2025-11-29T15:00:00Z,3.0,1.0,13,False,0,0,0,0,0,0,0,0,0,0,0,0,0,0.0,0.0,0.0,0.0,0,0,0,0,0,0.0,0.0,0.0,0.0,44,-9082,236480,0,9082,211,MID,Aaron Ramsey,Burnley
610,130,12,1,True,2025-11-30T14:05:00Z,0.0,2.0,13,False,90,0,0,0,2,0,0,0,0,0,0,0,6,12.6,8.3,2.0,2.3,5,3,1,6,1,0.0,0.04,0.04,1.24,42,-15212,678763,3883,19095,610,DEF,Aaron Wan-Bissaka,West Ham
234,123,1,0,True,2025-11-30T16:30:00Z,1.0,1.0,13,False,0,0,0,0,0,0,0,0,0,0,0,0,0,0.0,0.0,0.0,0.0,0,0,0,0,0,0.0,0.0,0.0,0.0,40,-59,7351,0,59,234,DEF,Aarón Anselmino,Chelsea
165,127,16,0,False,2025-11-30T14:05:00Z,0.0,2.0,13,False,0,0,0,0,0,0,0,0,0,0,0,0,0,0.0,0.0,0.0,0.0,0,0,0,0,0,0.0,0.0,0.0,0.0,54,-15,1515,0,15,165,MID,Abdallah Sima,Brighton
554,128,4,0,True,2025-11-29T15:00:00Z,3.0,2.0,13,False,0,0,0,0,0,0,0,0,0,0,0,0,0,0.0,0.0,0.0,0.0,0,0,0,0,0,0.0,0.0,0.0,0.0,43,-2744,66027,2296,5040,554,MID,Abdoullah Ba,Sunderland
406,126,11,0,True,2025-11-29T15:00:00Z,3.0,2.0,13,False,0,0,0,0,0,0,0,0,0,0,0,0,0,0.0,0.0,0.0,0.0,0,0,0,0,0,0.0,0.0,0.0,0.0,54,-190,34161,523,713,406,DEF,Abdukodir Khusanov,Man City
326,129,18,0,False,2025-11-29T20:00:00Z,1.0,2.0,13,False,0,0,0,0,0,0,0,0,0,0,0,0,0,0.0,0.0,0.0,0.0,0,0,0,0,0,0.0,0.0,0.0,0.0,52,-615,18699,196,811,326,MID,Adama Traoré Diarra,West Ham
667,125,15,0,True,2025-11-29T17:30:00Z,1.0,4.0,13,False,0,0,0,0,0,0,0,0,0,0,0,0,0,0.0,0.0,0.0,0.0,0,0,0,0,0,0.0,0.0,0.0,0.0,43,-103,6867,41,144,667,DEF,Adam Aznou,Everton
73,128,17,1,False,2025-11-29T15:00:00Z,3.0,2.0,13,False,79,0,0,0,3,0,0,0,0,0,0,0,-1,5.8,2.5,2.0,1.0,2,0,1,3,1,0.0,0.01,0.01,1.2,44,-49,20598,335,384,73,DEF,Adam Smith,Bournemouth
153,127,16,0,False,2025-11-30T14:05:00Z,0.0,2.0,13,False,0,0,0,0,0,0,0,0,0,0,0,0,0,0.0,0.0,0.0,0.0,0,0,0,0,0,0.0,0.0,0.0,0.0,44,-18,816,26,44,153,DEF,Adam Webster,Brighton
273,124,14,4,True,2025-11-30T12:00:00Z,1.0,2.0,13,False,77,0,0,0,2,0,0,0,0,0,0,0,19,16.0,15.8,17.0,4.9,3,7,3,13,1,0.13,0.04,0.17,1.1,50,243,55370,2010,1767,273,MID,Adam Wharton,Crystal Palace
176,127,16,0,False,2025-11-30T14:05:00Z,0.0,2.0,13,False,0,0,0,0,0,0,0,0,0,0,0,0,0,0.0,0.0,0.0,0.0,0,0,0,0,0,0.0,0.0,0.0,0.0,45,-51,2776,0,51,176,MID,Adrian Mazilu,Brighton
74,128,17,1,False,2025-11-29T15:00:00Z,3.0,2.0,13,False,90,0,0,0,3,0,0,0,0,0,0,0,4,20.6,13.3,21.0,5.5,4,10,3,7,1,0.04,0.01,0.05,1.28,45,-15028,295201,6495,21523,74,DEF,Adrien Truffert,Bournemouth
562,128,4,0,True,2025-11-29T15:00:00Z,3.0,2.0,13,False,0,0,0,0,0,0,0,0,0,0,0,0,0,0.0,0.0,0.0,0.0,0,0,0,0,0,0.0,0.0,0.0,0.0,43,-1043,48995,939,1982,562,FWD,Ahmed Abdullahi,Sunderland
752,130,12,0,True,2025-11-30T14:05:00Z,0.0,2.0,13,False,0,0,0,0,0,0,0,0,0,0,0,0,0,0.0,0.0,0.0,0.0,0,0,0,0,0,0.0,0.0,0.0,0.0,40,-5,886,80,85,752,DEF,Airidas Golambeckis,West Ham
533,128,4,0,True,2025-11-29T15:00:00Z,3.0,2.0,13,False,0,0,0,0,0,0,0,0,0,0,0,0,0,0.0,0.0,0.0,0.0,0,0,0,0,0,0.0,0.0,0.0,0.0,40,-6,504,24,30,533,DEF,Aji Alese,Sunderland
555,128,4,0,True,2025-11-29T15:00:00Z,3.0,2.0,13,False,0,0,0,0,0,0,0,0,0,0,0,0,0,0.0,0.0,0.0,0.0,0,0,0,0,0,0.0,0.0,0.0,0.0,45,-95,4444,0,95,555,MID,Alan Browne,Sunderland
29,123,7,0,False,2025-11-30T16:30:00Z,1.0,1.0,13,False,0,0,0,0,0,0,0,0,0,0,0,0,0,0.0,0.0,0.0,0.0,0,0,0,0,0,0.0,0.0,0.0,0.0,45,-125,7038,0,125,29,MID,Albert Sambi Lokonga,Arsenal
453,123,1,1,True,2025-11-30T16:30:00Z,1.0,1.0,13,False,45,0,0,0,1,0,0,0,0,0,0,0,4,0.6,1.7,0.0,0.2,0,1,0,1,0,0.0,0.02,0.02,1.01,64,-39508,109467,2798,42306,453,MID,Alejandro Garnacho Ferreyra,Chelsea
499,130,19,7,False,2025-11-30T14:05:00Z,0.0,2.0,13,False,67,1,0,1,0,0,0,0,0,0,0,1,36,39.2,0.5,53.0,9.3,1,1,2,4,1,0.73,0.02,0.75,0.15,104,4908,590261,24241,19333,499,FWD,Alexander Isak,Liverpool
386,130,19,3,False,2025-11-30T14:05:00Z,0.0,2.0,13,False,90,0,0,1,0,0,0,0,0,0,0,0,15,19.8,2.3,7.0,2.9,1,5,2,8,1,0.02,0.03,0.05,0.29,63,-2894,153478,2939,5833,386,MID,Alexis Mac Allister,Liverpool
340,126,13,0,False,2025-11-29T15:00:00Z,3.0,2.0,13,False,0,0,0,0,0,0,0,0,0,0,0,0,0,0.0,0.0,0.0,0.0,0,0,0,0,0,0.0,0.0,0.0,0.0,39,51,21085,334,283,340,GKP,Alex Cairns,Leeds
324,129,18,2,False,2025-11-29T20:00:00Z,1.0,2.0,13,False,86,0,0,0,1,0,0,0,0,0,0,0,14,11.8,1.2,0.0,1.3,2,4,2,8,1,0.0,0.01,0.01,0.86,64,-21251,154651,1767,23018,324,MID,Alex Iwobi,Fulham
481,125,9,0,False,2025-11-29T17:30:00Z,1.0,4.0,13,False,0,0,0,0,0,0,0,0,0,0,0,0,0,0.0,0.0,0.0,0.0,0,0,0,0,0,0.0,0.0,0.0,0.0,39,-1252,74518,559,1811,481,DEF,Alex Murphy,Newcastle
70,128,17,0,False,2025-11-29T15:00:00Z,3.0,2.0,13,False,0,0,0,0,0,0,0,0,0,0,0,0,0,0.0,0.0,0.0,0.0,0,0,0,0,0,0.0,0.0,0.0,0.0,40,-131,8692,0,131,70,GKP,Alex Paulsen,Bournemouth
90,128,17,0,False,2025-11-29T15:00:00Z,3.0,2.0,13,False,45,0,0,0,1,0,0,0,1,0,0,0,-7,0.0,0.5,4.0,0.0,2,2,0,4,1,0.07,0.0,0.07,1.06,50,-2461,35955,605,3066,90,MID,Alex Scott,Bournemouth
641,121,2,0,False,2025-11-30T14:05:00Z,1.0,0.0,13,False,0,0,0,0,0,0,0,0,0,0,0,0,0,0.0,0.0,0.0,0.0,0,0,0,0,0,0.0,0.0,0.0,0.0,39,-3332,169084,704,4036,641,DEF,Alfie Pond,Wolves
366,130,19,6,False,2025-11-30T14:05:00Z,0.0,2.0,13,False,90,0,0,1,0,0,0,0,0,0,0,0,20,4.4,0.0,0.0,0.4,1,6,0,0,1,0.0,0.0,0.0,0.29,54,-6403,674286,5657,12060,366,GKP,Alisson Becker,Liverpool
600,130,12,2,True,2025-11-30T14:05:00Z,0.0,2.0,13,False,90,0,0,0,2,0,0,0,0,0,3,0,9,23.2,0.0,0.0,2.3,2,7,0,0,1,0.0,0.0,0.0,1.24,43,-2047,258294,4325,6372,600,GKP,Alphonse Areola,West Ham
431,124,8,0,False,2025-11-30T12:00:00Z,1.0,2.0,13,False,0,0,0,0,0,0,0,0,0,0,0,0,0,0.0,0.0,0.0,0.0,0,0,0,0,0,0.0,0.0,0.0,0.0,48,-640,42191,242,882,431,GKP,Altay Bayındır,Man Utd
59,121,20,1,True,2025-11-30T14:05:00Z,1.0,0.0,13,False,15,0,0,0,0,0,0,0,0,0,0,0,5,6.2,0.4,0.0,0.7,3,1,1,5,0,0.0,0.0,0.0,0.2,48,-2293,81808,1767,4060,59,MID,Amadou Onana,Aston Villa
452,124,8,2,False,2025-11-30T12:00:00Z,1.0,2.0,13,False,90,0,0,0,1,0,0,0,0,0,0,0,7,6.6,24.2,3.0,3.4,1,1,2,4,1,0.03,0.04,0.07,1.72,63,-4245,235336,12341,16586,452,MID,Amad Diallo,Man Utd
378,130,19,0,False,2025-11-30T14:05:00Z,0.0,2.0,13,False,0,0,0,0,0,0,0,0,0,0,0,0,0,0.0,0.0,0.0,0.0,0,0,0,0,0,0.0,0.0,0.0,0.0,38,-1403,44096,598,2001,378,DEF,Amara Nallo,Liverpool
697,128,17,7,False,2025-11-29T15:00:00Z,3.0,2.0,13,False,70,1,0,0,3,0,0,0,0,0,0,0,30,40.2,14.5,23.0,7.8,0,4,4,8,1,0.36,0.01,0.37,1.2,54,-98,4300,109,207,697,MID,Amine Adli,Bournemouth
327,129,18,0,False,2025-11-29T20:00:00Z,1.0,2.0,13,False,0,0,0,0,0,0,0,0,0,0,0,0,0,0.0,0.0,0.0,0.0,0,0,0,0,0,0.0,0.0,0.0,0.0,53,-96,8174,0,96,327,MID,Andreas Hoelgebaum Pereira,Fulham
177,127,16,0,False,2025-11-30T14:05:00Z,0.0,2.0,13,False,0,0,0,0,0,0,0,0,0,0,0,0,0,0.0,0.0,0.0,0.0,0,0,0,0,0,0.0,0.0,0.0,0.0,45,-41,2251,0,41,177,MID,Andrew Moran,Brighton
372,130,19,1,False,2025-11-30T14:05:00Z,0.0,2.0,13,False,5,0,0,0,0,0,0,0,0,0,0,0,3,2.8,0.2,2.0,0.5,1,0,0,1,0,0.0,0.0,0.0,0.15,58,-771,126783,2730,3501,372,DEF,Andrew Robertson,Liverpool
246,123,1,0,True,2025-11-30T16:30:00Z,1.0,1.0,13,False,0,0,0,0,0,0,0,0,0,0,0,0,0,0.0,0.0,0.0,0.0,0,0,0,0,0,0.0,0.0,0.0,0.0,45,260,37853,1947,1687,246,MID,Andrey Nascimento dos Santos,Chelsea
711,123,7,0,False,2025-11-30T16:30:00Z,1.0,1.0,13,False,0,0,0,0,0,0,0,0,0,0,0,0,0,0.0,0.0,0.0,0.0,0,0,0,0,0,0.0,0.0,0.0,0.0,45,-29,1517,34,63,711,MID,Andre Harriman-Annous,Arsenal
42,121,20,0,True,2025-11-30T14:05:00Z,1.0,0.0,13,False,0,0,0,0,0,0,0,0,0,0,0,0,0,0.0,0.0,0.0,0.0,0,0,0,0,0,0.0,0.0,0.0,0.0,39,-732,28880,140,872,42,DEF,Andrés García,Aston Villa
432,124,8,0,False,2025-11-30T12:00:00Z,1.0,2.0,13,False,0,0,0,0,0,0,0,0,0,0,0,0,0,0.0,0.0,0.0,0.0,0,0,0,0,0,0.0,0.0,0.0,0.0,49,-164,19436,0,164,432,GKP,André Onana,Man Utd
643,121,2,3,False,2025-11-30T14:05:00Z,1.0,0.0,13,False,90,0,0,0,1,0,0,0,1,0,0,0,21,23.2,39.6,0.0,6.3,5,8,5,18,1,0.0,0.08,0.08,1.0,53,-185,8669,97,282,643,MID,André Trindade da Costa Neto,Wolves
621,130,12,0,True,2025-11-30T14:05:00Z,0.0,2.0,13,False,0,0,0,0,0,0,0,0,0,0,0,0,0,0.0,0.0,0.0,0.0,0,0,0,0,0,0.0,0.0,0.0,0.0,44,-1815,37918,128,1943,621,MID,Andy Irving,West Ham
675,127,6,0,True,2025-11-30T14:05:00Z,0.0,2.0,13,False,0,0,0,0,0,0,0,0,0,0,0,0,0,0.0,0.0,0.0,0.0,0,0,0,0,0,0.0,0.0,0.0,0.0,40,-3312,168296,54,3366,675,GKP,Angus Gunn,Nott'm Forest
486,125,9,5,False,2025-11-29T17:30:00Z,1.0,4.0,13,False,70,0,1,0,1,0,0,0,0,0,0,0,22,25.8,14.0,9.0,4.9,0,1,3,4,1,0.07,0.03,0.1,0.84,66,-13140,397772,1529,14669,486,MID,Anthony Elanga,Newcastle
485,125,9,1,False,2025-11-29T17:30:00Z,1.0,4.0,13,False,1,0,0,0,0,0,0,0,0,0,0,0,3,0.0,0.3,0.0,0.0,0,0,0,0,0,0.0,0.0,0.0,0.05,72,-13747,180694,6780,20527,485,MID,Anthony Gordon,Newcastle
528,128,4,0,True,2025-11-29T15:00:00Z,3.0,2.0,13,False,0,0,0,0,0,0,0,0,0,0,0,0,0,0.0,0.0,0.0,0.0,0,0,0,0,0,0.0,0.0,0.0,0.0,43,-339,23539,181,520,528,GKP,Anthony Patterson,Sunderland
82,128,17,1,False,2025-11-29T15:00:00Z,3.0,2.0,13,False,90,0,0,0,3,0,0,0,1,0,0,0,6,5.0,52.8,23.0,8.1,0,4,1,5,1,0.1,0.5,0.6,1.28,79,-817471,6281152,35405,852876,82,MID,Antoine Semenyo,Man City
316,129,18,0,False,2025-11-29T20:00:00Z,1.0,2.0,13,False,0,0,0,0,0,0,0,0,0,0,0,0,0,0.0,0.0,0.0,0.0,0,0,0,0,0,0.0,0.0,0.0,0.0,49,-1690,55333,34,1724,316,DEF,Antonee Robinson,Fulham
122,122,3,0,True,2025-11-29T15:00:00Z,3.0,1.0,13,False,0,0,0,0,0,0,0,0,0,0,0,0,0,0.0,0.0,0.0,0.0,0,0,0,0,0,0.0,0.0,0.0,0.0,52,-76,3917,19,95,122,MID,Antoni Milambo,Brentford
454,124,8,0,False,2025-11-30T12:00:00Z,1.0,2.0,13,False,0,0,0,0,0,0,0,0,0,0,0,0,0,0.0,0.0,0.0,0.0,0,0,0,0,0,0.0,0.0,0.0,0.0,59,-35,7643,0,35,454,MID,Antony dos Santos,Man Utd
660,126,13,0,False,2025-11-29T15:00:00Z,3.0,2.0,13,False,0,0,0,0,0,0,0,0,0,0,0,0,0,0.0,0.0,0.0,0.0,0,0,0,0,0,0.0,0.0,0.0,0.0,48,-41661,172014,1030,42691,660,MID,Anton Stach,Leeds
567,129,10,0,True,2025-11-29T20:00:00Z,1.0,2.0,13,False,0,0,0,0,0,0,0,0,0,0,0,0,0,0.0,0.0,0.0,0.0,0,0,0,0,0,0.0,0.0,0.0,0.0,39,-2368,244924,1685,4053,567,GKP,Antonín Kinský,Spurs
492,125,9,0,False,2025-11-29T17:30:00Z,1.0,4.0,13,False,0,0,0,0,0,0,0,0,0,0,0,0,0,0.0,0.0,0.0,0.0,0,0,0,0,0,0.0,0.0,0.0,0.0,49,-18,2844,0,18,492,MID,Antoñito Cordero Campillo,Newcastle
591,129,10,1,True,2025-11-29T20:00:00Z,1.0,2.0,13,False,59,0,0,0,2,0,0,0,0,0,0,0,8,3.0,2.1,3.0,0.8,3,5,0,8,1,0.02,0.01,0.03,0.32,48,-127,11469,91,218,591,MID,Archie Gray,Spurs
680,122,5,1,False,2025-11-29T15:00:00Z,3.0,1.0,13,False,9,0,0,0,2,0,0,0,0,0,0,0,2,0.0,1.5,2.0,0.4,0,0,0,0,0,0.0,0.01,0.01,0.76,52,64,14712,506,442,680,FWD,Armando Broja,Burnley
696,127,6,1,True,2025-11-30T14:05:00Z,0.0,2.0,13,False,15,0,0,0,1,0,0,0,0,0,0,0,3,1.0,1.3,0.0,0.2,0,1,1,2,0,0.0,0.0,0.0,0.09,60,164,15534,692,528,696,FWD,Arnaud Kalimuendo,Nott'm Forest
678,128,4,0,True,2025-11-29T15:00:00Z,3.0,2.0,13,False,0,0,0,0,0,0,0,0,0,0,0,0,0,0.0,0.0,0.0,0.0,0,0,0,0,0,0.0,0.0,0.0,0.0,39,-1939,90443,412,2351,678,DEF,Arthur Masuaku,Sunderland
274,124,14,0,True,2025-11-30T12:00:00Z,1.0,2.0,13,False,0,0,0,0,0,0,0,0,0,0,0,0,0,0.0,0.0,0.0,0.0,0,0,0,0,0,0.0,0.0,0.0,0.0,44,-133,6152,59,192,274,MID,Asher Agbinone,Crystal Palace
218,122,5,0,False,2025-11-29T15:00:00Z,3.0,1.0,13,False,0,0,0,0,0,0,0,0,0,0,0,0,0,0.0,0.0,0.0,0.0,0,0,0,0,0,0.0,0.0,0.0,0.0,43,-3333,155567,2920,6253,218,FWD,Ashley Barnes,Burnley
576,129,10,0,True,2025-11-29T20:00:00Z,1.0,2.0,13,False,0,0,0,0,0,0,0,0,0,0,0,0,0,0.0,0.0,0.0,0.0,0,0,0,0,0,0.0,0.0,0.0,0.0,40,-13,1587,0,13,576,DEF,Ashley Phillips,Spurs
198,122,5,0,False,2025-11-29T15:00:00Z,3.0,1.0,13,False,90,0,0,0,3,0,0,0,1,0,0,0,-9,9.4,0.3,0.0,1.0,7,2,0,7,1,0.0,0.01,0.01,3.06,39,-3212,224409,2873,6085,198,DEF,Axel Tuanzebe,Burnley
447,124,8,0,False,2025-11-30T12:00:00Z,1.0,2.0,13,False,0,0,0,0,0,0,0,0,0,0,0,0,0,0.0,0.0,0.0,0.0,0,0,0,0,0,0.0,0.0,0.0,0.0,38,-224,189997,6250,6474,447,DEF,Ayden Heaven,Man Utd
685,128,17,1,False,2025-11-29T15:00:00Z,3.0,2.0,13,False,90,0,0,0,3,0,0,0,0,0,0,0,5,17.4,1.8,4.0,2.3,4,2,3,7,1,0.02,0.01,0.03,1.28,45,-3117,48892,585,3702,685,DEF,Bafodé Diakité,Bournemouth
139,127,16,7,False,2025-11-30T14:05:00Z,0.0,2.0,13,False,90,0,0,1,0,0,0,0,0,0,3,0,33,31.2,0.0,0.0,3.1,1,12,0,0,1,0.0,0.0,0.0,0.71,44,8871,512399,19081,10210,139,GKP,Bart Verbruggen,Brighton
193,122,5,0,False,2025-11-29T15:00:00Z,3.0,1.0,13,False,0,0,0,0,0,0,0,0,0,0,0,0,0,0.0,0.0,0.0,0.0,0,0,0,0,0,0.0,0.0,0.0,0.0,40,-167,8548,108,275,193,DEF,Bashir Humphreys,Burnley
639,121,2,0,False,2025-11-30T14:05:00Z,1.0,0.0,13,False,0,0,0,0,0,0,0,0,0,0,0,0,0,0.0,0.0,0.0,0.0,0,0,0,0,0,0.0,0.0,0.0,0.0,40,-12,911,0,12,639,DEF,Bastien Meupiyou Menadjou,Wolves
114,122,3,0,True,2025-11-29T15:00:00Z,3.0,1.0,13,False,0,0,0,0,0,0,0,0,0,0,0,0,0,0.0,0.0,0.0,0.0,0,0,0,0,0,0.0,0.0,0.0,0.0,39,-414,28334,159,573,114,DEF,Benjamin Arthur,Brentford
115,122,3,0,True,2025-11-29T15:00:00Z,3.0,1.0,13,False,0,0,0,0,0,0,0,0,0,0,0,0,0,0.0,0.0,0.0,0.0,0,0,0,0,0,0.0,0.0,0.0,0.0,40,-232,11245,0,232,115,DEF,Benjamin Fredrick,Brentford
664,129,18,0,False,2025-11-29T20:00:00Z,1.0,2.0,13,False,0,0,0,0,0,0,0,0,0,0,0,0,0,0.0,0.0,0.0,0.0,0,0,0,0,0,0.0,0.0,0.0,0.0,39,5379,111994,6955,1576,664,GKP,Benjamin Lecomte,Fulham
681,124,8,0,False,2025-11-30T12:00:00Z,1.0,2.0,13,False,0,0,0,0,0,0,0,0,0,0,0,0,0,0.0,0.0,0.0,0.0,0,0,0,0,0,0.0,0.0,0.0,0.0,72,-50924,426332,203,51127,681,FWD,Benjamin Sesko,Man Utd
11,123,7,0,False,2025-11-30T16:30:00Z,1.0,1.0,13,False,0,0,0,0,0,0,0,0,0,0,0,0,0,0.0,0.0,0.0,0.0,0,0,0,0,0,0.0,0.0,0.0,0.0,53,-560,50047,751,1311,11,DEF,Benjamin White,Arsenal
229,123,1,0,True,2025-11-30T16:30:00Z,1.0,1.0,13,False,0,0,0,0,0,0,0,0,0,0,0,0,0,0.0,0.0,0.0,0.0,0,0,0,0,0,0.0,0.0,0.0,0.0,44,26,2006,75,49,229,DEF,Benoît Badiashile Mukinayi,Chelsea
60,121,20,0,True,2025-11-30T14:05:00Z,1.0,0.0,13,False,0,0,0,0,0,0,0,0,0,0,0,0,0,0.0,0.0,0.0,0.0,0,0,0,0,0,0.0,0.0,0.0,0.0,45,-783,39332,598,1381,60,MID,Ben Broggio,Aston Villa
571,129,10,0,True,2025-11-29T20:00:00Z,1.0,2.0,13,False,0,0,0,0,0,0,0,0,0,0,0,0,0,0.0,0.0,0.0,0.0,0,0,0,0,0,0.0,0.0,0.0,0.0,43,-59,8254,52,111,571,DEF,Ben Davies,Spurs
391,128,17,0,False,2025-11-29T15:00:00Z,3.0,2.0,13,False,0,0,0,0,0,0,0,0,0,0,0,0,0,0.0,0.0,0.0,0.0,0,0,0,0,0,0.0,0.0,0.0,0.0,49,-363,4900,14,377,391,MID,Ben Gannon-Doak,Bournemouth
96,128,17,0,False,2025-11-29T15:00:00Z,3.0,2.0,13,False,0,0,0,0,0,0,0,0,0,0,0,0,0,0.0,0.0,0.0,0.0,0,0,0,0,0,0.0,0.0,0.0,0.0,45,-82,4560,0,82,96,MID,Ben Winterburn,Bournemouth
416,126,11,1,True,2025-11-29T15:00:00Z,3.0,2.0,13,False,88,0,0,0,2,0,0,0,1,0,0,0,5,3.6,20.8,7.0,3.1,1,2,0,3,1,0.07,0.13,0.2,1.42,63,347,66178,2503,2156,416,MID,Bernardo Mota Veiga de Carvalho e Silva,Man City
314,129,18,1,False,2025-11-29T20:00:00Z,1.0,2.0,13,False,90,0,0,0,1,0,0,0,1,0,0,0,2,2.8,0.0,0.0,0.3,3,7,0,0,1,0.0,0.0,0.0,0.86,50,-10123,181694,1373,11496,314,GKP,Bernd Leno,Fulham
735,128,4,8,True,2025-11-29T15:00:00Z,3.0,2.0,13,False,62,1,0,0,2,0,0,0,0,0,0,1,31,46.6,22.6,33.0,10.2,0,6,2,8,1,0.07,0.07,0.14,1.53,55,76,7398,859,783,735,MID,Bertrand Traoré,Sunderland
530,128,4,0,True,2025-11-29T15:00:00Z,3.0,2.0,13,False,0,0,0,0,0,0,0,0,0,0,0,0,0,0.0,0.0,0.0,0.0,0,0,0,0,0,0.0,0.0,0.0,0.0,39,-51,17836,298,349,530,GKP,Blondy Nna Noukeu,Sunderland
259,124,14,0,True,2025-11-30T12:00:00Z,1.0,2.0,13,False,0,0,0,0,0,0,0,0,0,0,0,0,0,0.0,0.0,0.0,0.0,0,0,0,0,0,0.0,0.0,0.0,0.0,48,-629,14390,147,776,259,DEF,Borna Sosa,Crystal Palace
58,121,20,11,True,2025-11-30T14:05:00Z,1.0,0.0,13,False,87,1,0,1,0,0,0,0,0,0,0,3,35,44.4,4.3,7.0,5.6,0,1,3,4,1,0.09,0.03,0.12,0.29,49,185,22129,1202,1017,58,MID,Boubacar Kamara,Aston Villa
649,121,2,0,False,2025-11-30T14:05:00Z,1.0,0.0,13,False,0,0,0,0,0,0,0,0,0,0,0,0,0,0.0,0.0,0.0,0.0,0,0,0,0,0,0.0,0.0,0.0,0.0,50,0,123,0,0,649,MID,Boubacar Traoré,Wolves
702,121,20,0,True,2025-11-30T14:05:00Z,1.0,0.0,13,False,0,0,0,0,0,0,0,0,0,0,0,0,0,0.0,0.0,0.0,0.0,0,0,0,0,0,0.0,0.0,0.0,0.0,44,-98,9027,147,245,702,MID,Bradley Burrowes,Aston Villa
162,127,16,1,False,2025-11-30T14:05:00Z,0.0,2.0,13,False,6,0,0,0,0,0,0,0,0,0,0,0,1,0.0,0.1,0.0,0.0,0,2,0,2,0,0.0,0.0,0.0,0.01,54,-28,6032,134,162,162,MID,Brajan Gruda,Brighton
566,129,10,0,True,2025-11-29T20:00:00Z,1.0,2.0,13,False,0,0,0,0,0,0,0,0,0,0,0,0,0,0.0,0.0,0.0,0.0,0,0,0,0,0,0.0,0.0,0.0,0.0,39,-274,41058,395,669,566,GKP,Brandon Austin,Spurs
13,123,7,0,False,2025-11-30T16:30:00Z,1.0,1.0,13,False,0,0,0,0,0,0,0,0,0,0,0,0,0,0.0,0.0,0.0,0.0,0,0,0,0,0,0.0,0.0,0.0,0.0,38,16,82332,1798,1782,13,DEF,Brayden Clarke,Arsenal
350,126,13,1,False,2025-11-29T15:00:00Z,3.0,2.0,13,False,1,0,0,0,0,0,0,0,0,0,0,0,5,4.2,0.1,0.0,0.4,0,0,2,2,0,0.0,0.0,0.0,0.0,54,-2143,20331,1449,3592,350,MID,Brenden Aaronson,Leeds
580,129,10,0,True,2025-11-29T20:00:00Z,1.0,2.0,13,False,0,0,0,0,0,0,0,0,0,0,0,0,0,0.0,0.0,0.0,0.0,0,0,0,0,0,0.0,0.0,0.0,0.0,66,-9886,350089,1940,11826,580,MID,Brennan Johnson,Crystal Palace
730,128,4,6,True,2025-11-29T15:00:00Z,3.0,2.0,13,False,27,1,0,0,0,0,0,0,0,0,0,1,31,36.2,0.3,34.0,7.1,0,2,0,2,0,0.13,0.0,0.13,0.17,55,623,18772,2623,2000,730,FWD,Brian Brobbey,Sunderland
449,124,8,11,False,2025-11-30T12:00:00Z,1.0,2.0,13,False,90,0,2,0,1,0,0,0,0,0,0,3,37,64.0,52.2,1.0,11.7,7,2,2,11,1,0.01,0.43,0.44,1.83,89,-39158,1983312,45640,84798,449,MID,Bruno Borges Fernandes,Man Utd
488,125,9,4,False,2025-11-29T17:30:00Z,1.0,4.0,13,False,89,0,0,0,1,0,0,0,0,0,0,0,20,19.2,9.9,0.0,2.9,6,6,2,14,1,0.0,0.07,0.07,0.94,66,89512,540758,101285,11773,488,MID,Bruno Guimarães Rodriguez Moura,Newcastle
590,129,10,0,True,2025-11-29T20:00:00Z,1.0,2.0,13,False,0,0,0,0,0,0,0,0,0,0,0,0,0,0.0,0.0,0.0,0.0,0,0,0,0,0,0.0,0.0,0.0,0.0,49,-50,3645,0,50,590,MID,Bryan Gil Salvatierra,Spurs
119,124,8,1,False,2025-11-30T12:00:00Z,1.0,2.0,13,False,90,0,0,0,1,0,0,0,1,0,0,0,3,2.2,2.9,53.0,5.8,0,7,0,7,1,0.41,0.01,0.42,1.72,86,38396,4383075,188671,150275,119,MID,Bryan Mbeumo,Man Utd
16,123,7,5,False,2025-11-30T16:30:00Z,1.0,1.0,13,False,90,0,1,0,1,0,0,0,0,0,0,0,21,22.0,16.6,27.0,6.6,0,4,0,4,1,0.19,0.58,0.77,0.79,101,-35019,2073709,82727,117746,16,MID,Bukayo Saka,Arsenal
265,124,14,0,True,2025-11-30T12:00:00Z,1.0,2.0,13,False,0,0,0,0,0,0,0,0,0,0,0,0,0,0.0,0.0,0.0,0.0,0,0,0,0,0,0.0,0.0,0.0,0.0,40,-11,1556,19,30,265,DEF,Caleb Kporha,Crystal Palace
69,128,17,0,False,2025-11-29T15:00:00Z,3.0,2.0,13,False,0,0,0,0,0,0,0,0,0,0,0,0,0,0.0,0.0,0.0,0.0,0,0,0,0,0,0.0,0.0,0.0,0.0,40,-178,24413,122,300,69,GKP,Callan McKenna,Bournemouth
306,125,15,0,True,2025-11-29T17:30:00Z,1.0,4.0,13,False,0,0,0,0,0,0,0,0,0,0,0,0,0,0.0,0.0,0.0,0.0,0,0,0,0,0,0.0,0.0,0.0,0.0,44,-182,8792,129,311,306,MID,Callum Bates,Everton
516,127,6,1,True,2025-11-30T14:05:00Z,0.0,2.0,13,False,45,0,0,0,1,0,0,0,0,0,0,0,4,7.0,3.0,5.0,1.5,3,3,1,7,0,0.01,0.04,0.05,0.41,57,-667,76247,1986,2653,516,MID,Callum Hudson-Odoi,Nott'm Forest
626,130,12,0,True,2025-11-30T14:05:00Z,0.0,2.0,13,False,0,0,0,0,0,0,0,0,0,0,0,0,0,0.0,0.0,0.0,0.0,0,0,0,0,0,0.0,0.0,0.0,0.0,44,-1710,79465,528,2238,626,FWD,Callum Marshall,West Ham
595,129,10,0,True,2025-11-29T20:00:00Z,1.0,2.0,13,False,0,0,0,0,0,0,0,0,0,0,0,0,0,0.0,0.0,0.0,0.0,0,0,0,0,0,0.0,0.0,0.0,0.0,44,-456,23525,104,560,595,MID,Callum Olusesi,Spurs
671,130,12,2,True,2025-11-30T14:05:00Z,0.0,2.0,13,False,77,0,0,0,1,0,0,0,0,0,0,0,5,0.0,0.3,9.0,0.8,1,0,0,1,1,0.08,0.01,0.09,0.9,58,39483,105707,43597,4114,671,FWD,Callum Wilson,West Ham
318,129,18,4,False,2025-11-29T20:00:00Z,1.0,2.0,13,False,90,0,0,0,1,0,0,0,0,0,0,0,8,18.6,0.0,0.0,1.9,6,0,4,10,1,0.0,0.0,0.0,0.86,45,-1123,68531,3895,5018,318,DEF,Calvin Bassey,Fulham
380,130,19,0,False,2025-11-30T14:05:00Z,0.0,2.0,13,False,0,0,0,0,0,0,0,0,0,0,0,0,0,0.0,0.0,0.0,0.0,0,0,0,0,0,0.0,0.0,0.0,0.0,38,-188,34564,1167,1355,380,DEF,Calvin Ramsay,Liverpool
101,122,3,2,True,2025-11-29T15:00:00Z,3.0,1.0,13,False,90,0,0,0,1,0,0,0,0,0,1,0,7,10.8,0.0,0.0,1.1,1,9,0,0,1,0.0,0.0,0.0,0.95,45,9265,1052670,24328,15063,101,GKP,Caoimhín Kelleher,Brentford
301,125,15,1,True,2025-11-29T17:30:00Z,1.0,4.0,13,False,45,0,0,0,1,0,0,0,0,0,0,0,1,2.8,4.7,8.0,1.6,1,0,0,1,0,0.09,0.01,0.1,0.79,52,-225,10706,137,362,301,MID,Carlos Alcaraz Durán,Everton
167,127,16,1,False,2025-11-30T14:05:00Z,0.0,2.0,13,False,6,0,0,0,0,0,0,0,0,0,0,0,3,5.0,0.1,0.0,0.5,3,0,0,3,0,0.0,0.0,0.0,0.01,47,-8400,240641,3168,11568,167,MID,Carlos Baleba,Brighton
457,124,8,4,False,2025-11-30T12:00:00Z,1.0,2.0,13,False,90,0,0,0,1,0,0,0,0,0,0,0,15,20.0,2.2,46.0,6.8,6,7,3,16,1,0.65,0.02,0.67,1.83,55,-9172,167233,14998,24170,457,MID,Carlos Henrique Casimiro,Man Utd
503,127,6,0,True,2025-11-30T14:05:00Z,0.0,2.0,13,False,0,0,0,0,0,0,0,0,0,0,0,0,0,0.0,0.0,0.0,0.0,0,0,0,0,0,0.0,0.0,0.0,0.0,40,-189,9854,0,189,503,GKP,Carlos Miguel dos Santos Pereira,Nott'm Forest
141,127,16,0,False,2025-11-30T14:05:00Z,0.0,2.0,13,False,0,0,0,0,0,0,0,0,0,0,0,0,0,0.0,0.0,0.0,0.0,0,0,0,0,0,0.0,0.0,0.0,0.0,40,-6,274,0,6,141,GKP,Carl Rushworth,Brighton
262,124,14,0,True,2025-11-30T12:00:00Z,1.0,2.0,13,False,0,0,0,0,0,0,0,0,0,0,0,0,0,0.0,0.0,0.0,0.0,0,0,0,0,0,0.0,0.0,0.0,0.0,40,-6,1853,108,114,262,DEF,Chadi Riad Dnanou,Crystal Palace
181,127,16,0,False,2025-11-30T14:05:00Z,0.0,2.0,13,False,0,0,0,0,0,0,0,0,0,0,0,0,0,0.0,0.0,0.0,0.0,0,0,0,0,0,0.0,0.0,0.0,0.0,48,-795,40656,860,1655,181,FWD,Charalampos Kostoulas,Brighton
359,126,13,0,False,2025-11-29T15:00:00Z,3.0,2.0,13,False,0,0,0,0,0,0,0,0,0,0,0,0,0,0.0,0.0,0.0,0.0,0,0,0,0,0,0.0,0.0,0.0,0.0,45,-5,480,0,5,359,MID,Charlie Crew,Leeds
156,127,16,0,False,2025-11-30T14:05:00Z,0.0,2.0,13,False,0,0,0,0,0,0,0,0,0,0,0,0,0,0.0,0.0,0.0,0.0,0,0,0,0,0,0.0,0.0,0.0,0.0,39,-275,17909,102,377,156,DEF,Charlie Tasker,Brighton
268,124,14,0,True,2025-11-30T12:00:00Z,1.0,2.0,13,False,0,0,0,0,0,0,0,0,0,0,0,0,0,0.0,0.0,0.0,0.0,0,0,0,0,0,0.0,0.0,0.0,0.0,49,3,371,13,10,268,MID,Cheick Doucouré,Crystal Palace
553,128,4,2,True,2025-11-29T15:00:00Z,3.0,2.0,13,False,62,0,0,0,2,0,0,0,0,0,0,0,4,0.0,1.7,19.0,1.6,0,2,0,2,1,0.14,0.02,0.16,1.53,50,-2291,29461,403,2694,553,MID,Chemsdine Talbi,Sunderland
467,124,8,0,False,2025-11-30T12:00:00Z,1.0,2.0,13,False,0,0,0,0,0,0,0,0,0,0,0,0,0,0.0,0.0,0.0,0.0,0,0,0,0,0,0.0,0.0,0.0,0.0,43,-5537,173383,1311,6848,467,FWD,Chido Obi,Man Utd
732,124,14,1,True,2025-11-30T12:00:00Z,1.0,2.0,13,False,12,0,0,0,0,0,0,0,0,0,0,0,3,0.2,0.8,0.0,0.1,0,0,0,0,0,0.0,0.0,0.0,0.09,55,-67,4362,247,314,732,FWD,Christantus Uche,Crystal Palace
24,123,7,0,False,2025-11-30T16:30:00Z,1.0,1.0,13,False,0,0,0,0,0,0,0,0,0,0,0,0,0,0.0,0.0,0.0,0.0,0,0,0,0,0,0.0,0.0,0.0,0.0,52,-392,17188,121,513,24,MID,Christian Nørgaard,Arsenal
240,123,1,0,True,2025-11-30T16:30:00Z,1.0,1.0,13,False,0,0,0,0,0,0,0,0,0,0,0,0,0,0.0,0.0,0.0,0.0,0,0,0,0,0,0.0,0.0,0.0,0.0,59,-66,10753,0,66,240,MID,Christopher Nkunku,Chelsea
79,128,17,0,False,2025-11-29T15:00:00Z,3.0,2.0,13,False,0,0,0,0,0,0,0,0,0,0,0,0,0,0.0,0.0,0.0,0.0,0,0,0,0,0,0.0,0.0,0.0,0.0,40,-169,10131,0,169,79,DEF,Chris Mepham,Bournemouth
261,124,14,1,True,2025-11-30T12:00:00Z,1.0,2.0,13,False,90,0,0,0,2,0,0,0,0,0,0,0,2,17.8,11.3,12.0,4.1,7,1,2,9,1,0.04,0.03,0.07,1.19,46,3716,416389,16136,12420,261,DEF,Chris Richards,Crystal Palace
551,128,4,0,True,2025-11-29T15:00:00Z,3.0,2.0,13,False,0,0,0,0,0,0,0,0,0,0,0,0,0,0.0,0.0,0.0,0.0,0,0,0,0,0,0.0,0.0,0.0,0.0,48,-230,5814,38,268,551,MID,Chris Rigg,Sunderland
525,127,6,0,True,2025-11-30T14:05:00Z,0.0,2.0,13,False,0,0,0,0,0,0,0,0,0,0,0,0,0,0.0,0.0,0.0,0.0,0,0,0,0,0,0.0,0.0,0.0,0.0,72,-24870,687082,142,25012,525,FWD,Chris Wood,Nott'm Forest
425,126,11,0,True,2025-11-29T15:00:00Z,3.0,2.0,13,False,0,0,0,0,0,0,0,0,0,0,0,0,0,0.0,0.0,0.0,0.0,0,0,0,0,0,0.0,0.0,0.0,0.0,54,-7,1283,0,7,425,MID,Claudio Echeverri,Man City
307,125,15,0,True,2025-11-29T17:30:00Z,1.0,4.0,13,False,0,0,0,0,0,0,0,0,0,0,0,0,0,0.0,0.0,0.0,0.0,0,0,0,0,0,0.0,0.0,0.0,0.0,44,-44,5187,91,135,307,MID,Coby Ebere,Everton
384,130,19,14,False,2025-11-30T14:05:00Z,0.0,2.0,13,False,90,1,1,1,0,0,0,0,0,0,0,3,41,54.2,33.9,30.0,11.8,1,3,0,4,1,0.36,0.5,0.86,0.29,75,-137697,1634331,53631,191328,384,MID,Cody Gakpo,Liverpool
235,123,1,0,True,2025-11-30T16:30:00Z,1.0,1.0,13,False,0,0,0,0,0,0,0,0,0,0,0,0,0,0.0,0.0,0.0,0.0,0,0,0,0,0,0.0,0.0,0.0,0.0,103,18157,1129700,31665,13508,235,MID,Cole Palmer,Chelsea
186,122,5,0,False,2025-11-29T15:00:00Z,3.0,1.0,13,False,0,0,0,0,0,0,0,0,0,0,0,0,0,0.0,0.0,0.0,0.0,0,0,0,0,0,0.0,0.0,0.0,0.0,44,-36,3935,41,77,186,DEF,Connor Roberts,Burnley
375,130,19,0,False,2025-11-30T14:05:00Z,0.0,2.0,13,False,0,0,0,0,0,0,0,0,0,0,0,0,0,0.0,0.0,0.0,0.0,0,0,0,0,0,0.0,0.0,0.0,0.0,50,-10001,27601,59,10060,375,DEF,Conor Bradley,Liverpool
662,123,7,1,False,2025-11-30T16:30:00Z,1.0,1.0,13,False,90,0,0,0,1,0,0,0,1,0,0,0,9,12.4,5.0,0.0,1.7,3,1,2,5,1,0.0,0.03,0.03,0.79,54,-1465,25577,1560,3025,662,DEF,Cristhian Mosquera,Arsenal
569,129,10,0,True,2025-11-29T20:00:00Z,1.0,2.0,13,False,0,0,0,0,0,0,0,0,0,0,0,0,0,0.0,0.0,0.0,0.0,0,0,0,0,0,0.0,0.0,0.0,0.0,50,-42017,444533,1606,43623,569,DEF,Cristian Romero,Spurs
615,130,12,0,True,2025-11-30T14:05:00Z,0.0,2.0,13,False,0,0,0,0,0,0,0,0,0,0,0,0,0,0.0,0.0,0.0,0.0,0,0,0,0,0,0.0,0.0,0.0,0.0,55,-3208,12140,332,3540,615,MID,Crysencio Summerville,West Ham
388,130,19,1,False,2025-11-30T14:05:00Z,0.0,2.0,13,False,15,0,0,0,0,0,0,0,0,0,0,0,5,4.6,10.8,0.0,1.5,0,0,1,1,0,0.0,0.01,0.01,0.15,54,-36,9345,236,272,388,MID,Curtis Jones,Liverpool
271,124,14,4,True,2025-11-30T12:00:00Z,1.0,2.0,13,False,84,0,0,0,2,0,0,0,0,0,0,0,13,15.0,1.3,17.0,3.3,4,6,2,12,1,0.13,0.01,0.14,1.19,50,-1093,18682,618,1711,271,MID,Daichi Kamada,Crystal Palace
599,129,10,0,True,2025-11-29T20:00:00Z,1.0,2.0,13,False,0,0,0,0,0,0,0,0,0,0,0,0,0,0.0,0.0,0.0,0.0,0,0,0,0,0,0.0,0.0,0.0,0.0,43,-1489,81230,1093,2582,599,FWD,Dane Scarlett,Spurs
83,122,3,12,True,2025-11-29T15:00:00Z,3.0,1.0,13,False,90,1,1,0,1,0,0,0,0,0,0,2,38,42.8,27.3,36.0,10.6,2,1,1,4,1,0.77,0.23,1.0,0.95,60,19822,148412,25649,5827,83,MID,Dango Ouattara,Brentford
99,128,17,0,False,2025-11-29T15:00:00Z,3.0,2.0,13,False,0,0,0,0,0,0,0,0,0,0,0,0,0,0.0,0.0,0.0,0.0,0,0,0,0,0,0.0,0.0,0.0,0.0,44,-613,21225,0,613,99,FWD,Daniel Adu-Adjei,Bournemouth
531,128,4,3,True,2025-11-29T15:00:00Z,3.0,2.0,13,False,90,0,0,0,2,0,0,0,0,0,0,0,6,30.6,13.4,10.0,5.4,9,3,1,10,1,0.07,0.0,0.07,1.7,46,6428,412585,21790,15362,531,DEF,Daniel Ballard,Sunderland
629,121,2,0,False,2025-11-30T14:05:00Z,1.0,0.0,13,False,0,0,0,0,0,0,0,0,0,0,0,0,0,0.0,0.0,0.0,0.0,0,0,0,0,0,0.0,0.0,0.0,0.0,40,-2130,71393,109,2239,629,GKP,Daniel Bentley,Wolves
353,126,13,1,False,2025-11-29T15:00:00Z,3.0,2.0,13,False,45,0,0,0,2,0,0,0,0,0,0,0,5,5.0,0.5,2.0,0.8,1,0,2,3,1,0.0,0.02,0.02,2.67,53,-225,15809,278,503,353,MID,Daniel James,Leeds
256,124,14,1,True,2025-11-30T12:00:00Z,1.0,2.0,13,False,90,0,0,0,2,0,0,0,0,0,0,0,0,10.8,1.1,2.0,1.4,5,5,2,7,1,0.0,0.01,0.01,1.19,59,460735,2831805,480950,20215,256,DEF,Daniel Muñoz Mejía,Crystal Palace
178,127,16,2,False,2025-11-30T14:05:00Z,0.0,2.0,13,False,64,0,0,1,0,0,0,0,0,0,0,0,9,7.6,3.4,13.0,2.4,3,2,2,7,1,0.07,0.01,0.08,0.49,66,177645,1367284,225469,47824,178,FWD,Danny Welbeck,Brighton
476,125,9,5,False,2025-11-29T17:30:00Z,1.0,4.0,13,False,90,0,1,0,1,0,0,0,0,0,0,0,23,43.8,20.8,9.0,7.4,8,2,1,9,1,0.07,0.01,0.08,0.99,51,-30990,890899,17064,48054,476,DEF,Dan Burn,Newcastle
669,127,6,1,True,2025-11-30T14:05:00Z,0.0,2.0,13,False,45,0,0,0,1,0,0,0,0,0,0,0,0,7.0,10.6,7.0,2.5,1,2,0,3,1,0.06,0.01,0.07,1.12,56,-3117,134644,2977,6094,669,MID,Dan Ndoye,Nott'm Forest
549,128,4,0,True,2025-11-29T15:00:00Z,3.0,2.0,13,False,0,0,0,0,0,0,0,0,0,0,0,0,0,0.0,0.0,0.0,0.0,0,0,0,0,0,0.0,0.0,0.0,0.0,48,-60,3853,59,119,549,MID,Dan Neil,Sunderland
204,122,5,0,False,2025-11-29T15:00:00Z,3.0,1.0,13,False,0,0,0,0,0,0,0,0,0,0,0,0,0,0.0,0.0,0.0,0.0,0,0,0,0,0,0.0,0.0,0.0,0.0,49,-17,1676,0,17,204,MID,Darko Churlinov,Burnley
361,126,13,0,False,2025-11-29T15:00:00Z,3.0,2.0,13,False,0,0,0,0,0,0,0,0,0,0,0,0,0,0.0,0.0,0.0,0.0,0,0,0,0,0,0.0,0.0,0.0,0.0,45,-83,3597,0,83,361,MID,Darko Gyabi,Leeds
397,130,19,0,False,2025-11-30T14:05:00Z,0.0,2.0,13,False,0,0,0,0,0,0,0,0,0,0,0,0,0,0.0,0.0,0.0,0.0,0,0,0,0,0,0.0,0.0,0.0,0.0,65,-31,8292,0,31,397,FWD,Darwin Núñez Ribeiro,Liverpool
86,128,17,0,False,2025-11-29T15:00:00Z,3.0,2.0,13,False,19,0,0,0,0,0,0,0,1,0,0,0,4,7.6,5.9,21.0,3.5,0,0,1,1,0,0.03,0.13,0.16,0.07,50,-997,25349,437,1434,86,MID,David Brooks,Bournemouth
509,127,6,0,True,2025-11-30T14:05:00Z,0.0,2.0,13,False,0,0,0,0,0,0,0,0,0,0,0,0,0,0.0,0.0,0.0,0.0,0,0,0,0,0,0.0,0.0,0.0,0.0,45,-31,2857,0,31,509,DEF,David Mota Veiga Teixeira do Carmo,Nott'm Forest
682,121,2,1,False,2025-11-30T14:05:00Z,1.0,0.0,13,False,76,0,0,0,1,0,0,0,1,0,0,0,-2,5.0,15.3,6.0,2.6,2,2,0,2,1,0.0,0.03,0.03,0.89,43,-97,7883,83,180,682,DEF,David Møller Wolfe,Wolves
280,124,14,0,True,2025-11-30T12:00:00Z,1.0,2.0,13,False,0,0,0,0,0,0,0,0,0,0,0,0,0,0.0,0.0,0.0,0.0,0,0,0,0,0,0.0,0.0,0.0,0.0,45,-1,166,0,1,280,MID,David Ozoh,Crystal Palace
1,123,7,3,False,2025-11-30T16:30:00Z,1.0,1.0,13,False,90,0,0,0,1,0,0,0,0,0,3,0,12,20.0,0.0,0.0,2.0,0,7,0,0,1,0.0,0.0,0.0,0.79,59,-37310,3844111,41034,78344,1,GKP,David Raya Martín,Arsenal
253,124,14,2,True,2025-11-30T12:00:00Z,1.0,2.0,13,False,90,0,0,0,2,0,0,0,0,0,4,0,16,30.0,0.0,0.0,3.0,4,12,0,0,1,0.0,0.0,0.0,1.19,50,10286,1002730,29965,19679,253,GKP,Dean Henderson,Crystal Palace
21,123,7,4,False,2025-11-30T16:30:00Z,1.0,1.0,13,False,90,0,0,0,1,0,0,0,0,0,0,0,16,28.0,19.3,0.0,4.7,6,4,2,12,1,0.0,0.07,0.07,0.79,70,143384,2830785,214309,70925,21,MID,Declan Rice,Arsenal
583,129,10,0,True,2025-11-29T20:00:00Z,1.0,2.0,13,False,0,0,0,0,0,0,0,0,0,0,0,0,0,0.0,0.0,0.0,0.0,0,0,0,0,0,0.0,0.0,0.0,0.0,64,-15,1561,29,44,583,MID,Dejan Kulusevski,Spurs
535,128,4,0,True,2025-11-29T15:00:00Z,3.0,2.0,13,False,0,0,0,0,0,0,0,0,0,0,0,0,0,0.0,0.0,0.0,0.0,0,0,0,0,0,0.0,0.0,0.0,0.0,40,-31,1470,16,47,535,DEF,Dennis Cirkin,Sunderland
435,124,8,0,False,2025-11-30T12:00:00Z,1.0,2.0,13,False,0,0,0,0,0,0,0,0,0,0,0,0,0,0.0,0.0,0.0,0.0,0,0,0,0,0,0.0,0.0,0.0,0.0,39,-60,13630,159,219,435,GKP,Dermot Mee,Man Utd
574,129,10,0,True,2025-11-29T20:00:00Z,1.0,2.0,13,False,84,0,0,0,2,0,0,0,1,0,0,0,1,14.8,23.3,7.0,4.5,4,2,1,5,1,0.08,0.04,0.12,0.45,44,205,53134,1468,1263,574,DEF,Destiny Udogie,Spurs
144,127,16,0,False,2025-11-30T14:05:00Z,0.0,2.0,13,False,0,0,0,0,0,0,0,0,0,0,0,0,0,0.0,0.0,0.0,0.0,0,0,0,0,0,0.0,0.0,0.0,0.0,43,-103,6321,43,146,144,DEF,Diego Coppola,Brighton
169,127,16,3,False,2025-11-30T14:05:00Z,0.0,2.0,13,False,83,0,0,1,0,0,0,0,0,0,0,0,14,20.8,16.8,25.0,6.3,5,4,2,11,1,0.12,0.25,0.37,0.7,49,-1907,37733,3941,5848,169,MID,Diego Gómez Amarilla,Brighton
439,124,8,0,False,2025-11-30T12:00:00Z,1.0,2.0,13,False,0,0,0,0,0,0,0,0,0,0,0,0,0,0.0,0.0,0.0,0.0,0,0,0,0,0,0.0,0.0,0.0,0.0,42,-70,6861,50,120,439,DEF,Diego León Blanco,Man Utd
734,127,6,0,True,2025-11-30T14:05:00Z,0.0,2.0,13,False,0,0,0,0,0,0,0,0,0,0,0,0,0,0.0,0.0,0.0,0.0,0,0,0,0,0,0.0,0.0,0.0,0.0,59,-75,1379,10,85,734,MID,Dilane Bakwa,Nott'm Forest
440,124,8,2,False,2025-11-30T12:00:00Z,1.0,2.0,13,False,90,0,0,0,1,0,0,0,0,0,0,0,8,5.4,2.9,9.0,1.7,4,6,1,5,1,0.07,0.02,0.09,1.83,44,-4389,116254,952,5341,440,DEF,Diogo Dalot Teixeira,Man Utd
739,126,11,0,True,2025-11-29T15:00:00Z,3.0,2.0,13,False,0,0,0,0,0,0,0,0,0,0,0,0,0,0.0,0.0,0.0,0.0,0,0,0,0,0,0.0,0.0,0.0,0.0,45,-63,2245,44,107,739,MID,Divine Mukasa,Man City
573,129,10,0,True,2025-11-29T20:00:00Z,1.0,2.0,13,False,0,0,0,0,0,0,0,0,0,0,0,0,0,0.0,0.0,0.0,0.0,0,0,0,0,0,0.0,0.0,0.0,0.0,45,-6375,178446,2287,8662,573,DEF,Djed Spence,Spurs
691,126,13,7,False,2025-11-29T15:00:00Z,3.0,2.0,13,False,45,1,0,0,1,0,0,0,0,0,0,2,30,35.0,0.3,21.0,5.6,1,1,0,2,0,0.13,0.0,0.13,0.43,55,-14974,94498,1956,16930,691,FWD,Dominic Calvert-Lewin,Leeds
94,128,17,0,False,2025-11-29T15:00:00Z,3.0,2.0,13,False,0,0,0,0,0,0,0,0,0,0,0,0,0,0.0,0.0,0.0,0.0,0,0,0,0,0,0.0,0.0,0.0,0.0,45,-100,4582,0,100,94,MID,Dominic Sadi,Bournemouth
596,129,10,0,True,2025-11-29T20:00:00Z,1.0,2.0,13,False,0,0,0,0,0,0,0,0,0,0,0,0,0,0.0,0.0,0.0,0.0,0,0,0,0,0,0.0,0.0,0.0,0.0,72,-1083,113586,86,1169,596,FWD,Dominic Solanke-Mitchell,Spurs
387,130,19,3,False,2025-11-30T14:05:00Z,0.0,2.0,13,False,90,0,0,1,0,0,0,0,0,0,0,0,15,5.2,19.1,0.0,2.4,0,5,2,7,1,0.0,0.07,0.07,0.29,66,-15047,731435,43981,59028,387,MID,Dominik Szoboszlai,Liverpool
53,121,20,3,True,2025-11-30T14:05:00Z,1.0,0.0,13,False,74,0,0,1,0,0,0,0,0,0,0,0,8,1.4,1.8,40.0,4.3,0,0,0,0,1,0.5,0.02,0.52,0.29,51,24635,136294,29293,4658,53,MID,Donyell Malen,Aston Villa
699,127,6,0,True,2025-11-30T14:05:00Z,0.0,2.0,13,False,0,0,0,0,0,0,0,0,0,0,0,0,0,0.0,0.0,0.0,0.0,0,0,0,0,0,0.0,0.0,0.0,0.0,50,-347,4944,16,363,699,MID,Douglas Luiz Soares de Paulo,Aston Villa
300,125,15,1,True,2025-11-29T17:30:00Z,1.0,4.0,13,False,10,0,0,0,0,0,0,0,0,0,0,0,3,1.2,4.6,0.0,0.6,0,1,0,1,0,0.0,0.02,0.02,0.0,55,-299,15157,236,535,300,MID,Dwight McNeil,Everton
247,123,1,0,True,2025-11-30T16:30:00Z,1.0,1.0,13,False,0,0,0,0,0,0,0,0,0,0,0,0,0,0.0,0.0,0.0,0.0,0,0,0,0,0,0.0,0.0,0.0,0.0,43,-277,10402,348,625,247,MID,Dário Luís Essugo,Chelsea
266,123,7,2,False,2025-11-30T16:30:00Z,1.0,1.0,13,False,71,0,0,0,1,0,0,0,0,0,0,0,14,6.6,12.4,0.0,1.9,2,3,1,6,1,0.0,0.03,0.03,0.62,77,640470,2321961,665258,24788,266,MID,Eberechi Eze,Arsenal
284,124,14,0,True,2025-11-30T12:00:00Z,1.0,2.0,13,False,52,0,0,0,2,0,0,0,1,0,0,0,2,4.0,10.8,18.0,3.3,1,1,2,4,0,0.2,0.0,0.2,0.33,54,921,43845,2712,1791,284,FWD,Eddie Nketiah,Crystal Palace
399,126,11,0,True,2025-11-29T15:00:00Z,3.0,2.0,13,False,0,0,0,0,0,0,0,0,0,0,0,0,0,0.0,0.0,0.0,0.0,0,0,0,0,0,0.0,0.0,0.0,0.0,53,-1131,111973,0,1131,399,GKP,Ederson Santana de Moraes,Man City
616,130,12,0,True,2025-11-30T14:05:00Z,0.0,2.0,13,False,0,0,0,0,0,0,0,0,0,0,0,0,0,0.0,0.0,0.0,0.0,0,0,0,0,0,0.0,0.0,0.0,0.0,49,-69,6383,0,69,616,MID,Edson Álvarez Velázquez,West Ham
154,127,16,0,False,2025-11-30T14:05:00Z,0.0,2.0,13,False,0,0,0,0,0,0,0,0,0,0,0,0,0,0.0,0.0,0.0,0.0,0,0,0,0,0,0.0,0.0,0.0,0.0,40,-7,677,0,7,154,DEF,Eiran Cashin,Brighton
561,128,4,0,True,2025-11-29T15:00:00Z,3.0,2.0,13,False,0,0,0,0,0,0,0,0,0,0,0,0,0,0.0,0.0,0.0,0.0,0,0,0,0,0,0.0,0.0,0.0,0.0,53,-2368,77515,748,3116,561,FWD,Eliezer Mayenda Dossou,Sunderland
705,125,15,0,True,2025-11-29T17:30:00Z,1.0,4.0,13,False,0,0,0,0,0,0,0,0,0,0,0,0,0,0.0,0.0,0.0,0.0,0,0,0,0,0,0.0,0.0,0.0,0.0,39,-205,21639,254,459,705,DEF,Elijah Campbell,Everton
102,122,3,0,True,2025-11-29T15:00:00Z,3.0,1.0,13,False,0,0,0,0,0,0,0,0,0,0,0,0,0,0.0,0.0,0.0,0.0,0,0,0,0,0,0.0,0.0,0.0,0.0,40,-378,34257,161,539,102,GKP,Ellery Balcombe,Brentford
517,127,6,6,True,2025-11-30T14:05:00Z,0.0,2.0,13,False,90,0,0,0,2,0,0,0,0,0,0,2,36,37.2,92.3,11.0,14.1,3,13,2,18,1,0.02,0.15,0.17,1.53,53,70418,452905,77089,6671,517,MID,Elliot Anderson,Nott'm Forest
433,124,8,0,False,2025-11-30T12:00:00Z,1.0,2.0,13,False,0,0,0,0,0,0,0,0,0,0,0,0,0,0.0,0.0,0.0,0.0,0,0,0,0,0,0.0,0.0,0.0,0.0,40,-3,224,0,3,433,GKP,Elyh Harrison,Man Utd
603,130,12,1,True,2025-11-30T14:05:00Z,0.0,2.0,13,False,90,0,0,0,2,0,0,0,0,0,0,0,5,11.0,12.2,2.0,2.5,6,4,0,6,1,0.0,0.01,0.01,1.24,43,-22923,322476,1516,24439,603,DEF,El Hadji Malick Diouf,West Ham
604,130,12,0,True,2025-11-30T14:05:00Z,0.0,2.0,13,False,0,0,0,0,0,0,0,0,0,0,0,0,0,0.0,0.0,0.0,0.0,0,0,0,0,0,0.0,0.0,0.0,0.0,44,-125,7438,0,125,604,DEF,Emerson Palmieri dos Santos,West Ham
325,129,18,1,False,2025-11-29T20:00:00Z,1.0,2.0,13,False,22,0,0,0,0,0,0,0,0,0,0,0,8,6.4,0.5,7.0,1.4,0,0,3,3,0,0.09,0.01,0.1,0.36,56,-1501,49696,661,2162,325,MID,Emile Smith Rowe,Fulham
50,121,20,1,True,2025-11-30T14:05:00Z,1.0,0.0,13,False,53,0,0,0,0,0,0,0,0,0,0,0,1,0.4,13.6,4.0,1.8,0,0,0,0,1,0.0,0.04,0.04,0.27,53,1660,85660,12598,10938,50,MID,Emiliano Buendía Stati,Aston Villa
32,121,20,7,True,2025-11-30T14:05:00Z,1.0,0.0,13,False,90,0,0,1,0,0,0,0,0,0,4,0,30,31.4,0.0,0.0,3.1,1,4,0,0,1,0.0,0.0,0.0,0.49,50,59659,687113,68967,9308,32,GKP,Emiliano Martínez Romero,Aston Villa
479,125,9,0,False,2025-11-29T17:30:00Z,1.0,4.0,13,False,0,0,0,0,0,0,0,0,0,0,0,0,0,0.0,0.0,0.0,0.0,0,0,0,0,0,0.0,0.0,0.0,0.0,43,-112,5663,34,146,479,DEF,Emil Krafth,Newcastle
631,121,2,2,False,2025-11-30T14:05:00Z,1.0,0.0,13,False,90,0,0,0,1,0,0,0,0,0,0,0,10,18.6,0.8,6.0,2.5,6,2,2,8,1,0.02,0.01,0.03,1.0,43,-438,19720,111,549,631,DEF,Emmanuel Agbadou,Wolves
392,130,19,0,False,2025-11-30T14:05:00Z,0.0,2.0,13,False,0,0,0,0,0,0,0,0,0,0,0,0,0,0.0,0.0,0.0,0.0,0,0,0,0,0,0.0,0.0,0.0,0.0,49,-147,11698,112,259,392,MID,Endo Wataru,Liverpool
98,128,17,1,False,2025-11-29T15:00:00Z,3.0,2.0,13,False,10,0,0,0,0,0,0,0,0,0,0,0,3,0.0,1.3,3.0,0.3,0,0,0,0,0,0.05,0.04,0.09,0.07,54,1349,5014,1656,307,98,FWD,Enes Ünal,Bournemouth
203,122,5,0,False,2025-11-29T15:00:00Z,3.0,1.0,13,False,0,0,0,0,0,0,0,0,0,0,0,0,0,0.0,0.0,0.0,0.0,0,0,0,0,0,0.0,0.0,0.0,0.0,48,-47,5191,68,115,203,MID,Enock Agyei,Burnley
652,121,2,0,False,2025-11-30T14:05:00Z,1.0,0.0,13,False,0,0,0,0,0,0,0,0,0,0,0,0,0,0.0,0.0,0.0,0.0,0,0,0,0,0,0.0,0.0,0.0,0.0,44,-5036,164057,462,5498,652,MID,Enso González Medina,Wolves
56,121,20,0,True,2025-11-30T14:05:00Z,1.0,0.0,13,False,0,0,0,0,0,0,0,0,0,0,0,0,0,0.0,0.0,0.0,0.0,0,0,0,0,0,0.0,0.0,0.0,0.0,50,0,48,0,0,56,MID,Enzo Barrenechea,Aston Villa
237,123,1,2,True,2025-11-30T16:30:00Z,1.0,1.0,13,False,90,0,0,0,1,0,0,0,0,0,0,0,8,14.4,11.3,9.0,3.5,0,4,4,8,1,0.11,0.05,0.16,1.26,67,-56,1553883,77968,78024,237,MID,Enzo Fernández,Chelsea
547,128,4,13,True,2025-11-29T15:00:00Z,3.0,2.0,13,False,85,1,1,0,2,0,0,0,0,0,0,3,39,54.6,41.0,22.0,11.8,2,6,1,9,1,0.81,0.19,1.0,1.67,49,-1551,45792,1890,3441,547,MID,Enzo Le Fée,Sunderland
523,127,6,0,True,2025-11-30T14:05:00Z,0.0,2.0,13,False,0,0,0,0,0,0,0,0,0,0,0,0,0,0.0,0.0,0.0,0.0,0,0,0,0,0,0.0,0.0,0.0,0.0,45,-175,7347,0,175,523,MID,Eric da Silva Moreira,Nott'm Forest
430,126,11,2,True,2025-11-29T15:00:00Z,3.0,2.0,13,False,90,0,0,0,2,0,0,0,0,0,0,0,9,16.6,10.6,31.0,5.8,4,0,1,5,1,0.13,0.01,0.14,1.54,149,129287,9068878,136029,6742,430,FWD,Erling Haaland,Man City
238,123,1,1,True,2025-11-30T16:30:00Z,1.0,1.0,13,False,45,0,0,0,0,0,0,0,0,0,0,0,2,1.8,31.0,9.0,4.2,0,0,0,0,1,0.11,0.03,0.14,0.25,65,15842,364319,49713,33871,238,MID,Estêvão Almeida de Oliveira Gonçalves,Chelsea
354,126,13,2,False,2025-11-29T15:00:00Z,3.0,2.0,13,False,90,0,0,0,3,0,0,0,0,0,0,0,14,8.4,3.3,4.0,1.6,1,4,0,5,1,0.15,0.02,0.17,3.1,49,-95,8132,358,453,354,MID,Ethan Ampadu,Leeds
25,123,7,0,False,2025-11-30T16:30:00Z,1.0,1.0,13,False,0,0,0,0,0,0,0,0,0,0,0,0,0,0.0,0.0,0.0,0.0,0,0,0,0,0,0.0,0.0,0.0,0.0,51,-445,17392,155,600,25,MID,Ethan Nwaneri,Arsenal
111,122,3,0,True,2025-11-29T15:00:00Z,3.0,1.0,13,False,0,0,0,0,0,0,0,0,0,0,0,0,0,0.0,0.0,0.0,0.0,0,0,0,0,0,0.0,0.0,0.0,0.0,43,-212,14236,266,478,111,DEF,Ethan Pinnock,Brentford
468,124,8,0,False,2025-11-30T12:00:00Z,1.0,2.0,13,False,0,0,0,0,0,0,0,0,0,0,0,0,0,0.0,0.0,0.0,0.0,0,0,0,0,0,0.0,0.0,0.0,0.0,45,-160,11408,0,160,468,FWD,Ethan Wheatley,Man Utd
184,122,5,0,False,2025-11-29T15:00:00Z,3.0,1.0,13,False,0,0,0,0,0,0,0,0,0,0,0,0,0,0.0,0.0,0.0,0.0,0,0,0,0,0,0.0,0.0,0.0,0.0,40,-536,26704,0,536,184,GKP,Etienne Green,Burnley
677,121,20,0,True,2025-11-30T14:05:00Z,1.0,0.0,13,False,0,0,0,0,0,0,0,0,0,0,0,0,0,0.0,0.0,0.0,0.0,0,0,0,0,0,0.0,0.0,0.0,0.0,62,62,5145,370,308,677,MID,Evann Guessand,Crystal Palace
179,127,16,0,False,2025-11-30T14:05:00Z,0.0,2.0,13,False,0,0,0,0,0,0,0,0,0,0,0,0,0,0.0,0.0,0.0,0.0,0,0,0,0,0,0.0,0.0,0.0,0.0,55,-3,1002,0,3,179,FWD,Evan Ferguson,Brighton
747,130,12,0,True,2025-11-30T14:05:00Z,0.0,2.0,13,False,0,0,0,0,0,0,0,0,0,0,0,0,0,0.0,0.0,0.0,0.0,0,0,0,0,0,0.0,0.0,0.0,0.0,40,-22,1309,76,98,747,DEF,Ezra Mayers,West Ham
38,121,20,8,True,2025-11-30T14:05:00Z,1.0,0.0,13,False,90,0,0,1,0,0,0,0,0,0,0,2,32,27.2,22.3,2.0,5.2,7,3,2,9,1,0.0,0.03,0.03,0.49,44,-4908,998811,18629,23537,38,DEF,Ezri Konsa Ngoyo,Aston Villa
474,125,9,1,False,2025-11-29T17:30:00Z,1.0,4.0,13,False,1,0,0,0,0,0,0,0,0,0,0,0,3,0.2,0.0,0.0,0.0,0,0,0,0,0,0.0,0.0,0.0,0.05,53,3721,219611,8316,4595,474,DEF,Fabian Schär,Newcastle
168,123,1,0,True,2025-11-30T16:30:00Z,1.0,1.0,13,False,0,0,0,0,0,0,0,0,0,0,0,0,0,0.0,0.0,0.0,0.0,0,0,0,0,0,0.0,0.0,0.0,0.0,47,-379,10382,82,461,168,MID,Facundo Buonanotte,Leeds
385,130,19,0,False,2025-11-30T14:05:00Z,0.0,2.0,13,False,0,0,0,0,0,0,0,0,0,0,0,0,0,0.0,0.0,0.0,0.0,0,0,0,0,0,0.0,0.0,0.0,0.0,64,-1178,37037,454,1632,385,MID,Federico Chiesa,Liverpool
511,127,6,3,True,2025-11-30T14:05:00Z,0.0,2.0,13,False,90,0,0,0,2,0,0,0,0,0,0,0,20,32.0,1.6,2.0,3.6,7,4,6,13,1,0.0,0.02,0.02,1.53,43,-106,9341,147,253,511,DEF,Felipe Rodrigues da Silva,Nott'm Forest
148,127,16,7,False,2025-11-30T14:05:00Z,0.0,2.0,13,False,90,0,0,1,0,0,0,0,0,0,0,1,34,15.2,1.8,21.0,3.8,4,7,3,7,1,0.17,0.01,0.18,0.71,44,-506,23396,1567,2073,148,DEF,Ferdi Kadıoğlu,Brighton
645,121,2,0,False,2025-11-30T14:05:00Z,1.0,0.0,13,False,0,0,0,0,0,0,0,0,0,0,0,0,0,0.0,0.0,0.0,0.0,0,0,0,0,0,0.0,0.0,0.0,0.0,52,-62,3694,17,79,645,MID,Fer López González,Wolves
221,123,1,0,True,2025-11-30T16:30:00Z,1.0,1.0,13,False,0,0,0,0,0,0,0,0,0,0,0,0,0,0.0,0.0,0.0,0.0,0,0,0,0,0,0.0,0.0,0.0,0.0,43,-311,21489,132,443,221,GKP,Filip Jörgensen,Chelsea
35,121,20,0,True,2025-11-30T14:05:00Z,1.0,0.0,13,False,0,0,0,0,0,0,0,0,0,0,0,0,0,0.0,0.0,0.0,0.0,0,0,0,0,0,0.0,0.0,0.0,0.0,40,-20,1271,0,20,35,GKP,Filip Marschall,Aston Villa
722,122,5,5,False,2025-11-29T15:00:00Z,3.0,1.0,13,False,74,0,0,1,0,0,0,0,0,0,0,0,18,20.2,4.3,0.0,2.5,6,4,5,15,1,0.0,0.01,0.01,1.52,50,-554,6112,231,785,722,MID,Florentino Ibrain Morris Luís,Burnley
382,130,19,3,False,2025-11-30T14:05:00Z,0.0,2.0,13,False,74,0,0,1,0,0,0,0,0,0,0,0,14,8.8,21.6,19.0,4.9,1,3,0,4,1,0.06,0.14,0.2,0.15,80,-42978,807295,475,43453,382,MID,Florian Wirtz,Liverpool
97,128,17,5,False,2025-11-29T15:00:00Z,3.0,2.0,13,False,79,0,1,0,3,0,0,0,0,0,0,0,15,3.2,1.3,59.0,6.4,1,3,0,4,1,0.95,0.01,0.96,1.2,70,5992,186973,15483,9491,97,FWD,Francisco Evanilson de Lima Barbosa,Bournemouth
282,124,14,0,True,2025-11-30T12:00:00Z,1.0,2.0,13,False,0,0,0,0,0,0,0,0,0,0,0,0,0,0.0,0.0,0.0,0.0,0,0,0,0,0,0.0,0.0,0.0,0.0,45,-29,2228,0,29,282,MID,Franco Umeh-Chibueze,Crystal Palace
128,122,3,0,True,2025-11-29T15:00:00Z,3.0,1.0,13,False,0,0,0,0,0,0,0,0,0,0,0,0,0,0.0,0.0,0.0,0.0,0,0,0,0,0,0.0,0.0,0.0,0.0,49,-103,6560,61,164,128,MID,Frank Onyeka,Brentford
623,130,12,2,True,2025-11-30T14:05:00Z,0.0,2.0,13,False,87,0,0,0,1,0,0,0,0,0,0,0,16,6.8,3.4,0.0,1.0,2,3,1,6,1,0.0,0.01,0.01,0.9,44,1343,89073,5085,3742,623,MID,Freddie Potts,West Ham
369,130,19,0,False,2025-11-30T14:05:00Z,0.0,2.0,13,False,0,0,0,0,0,0,0,0,0,0,0,0,0,0.0,0.0,0.0,0.0,0,0,0,0,0,0.0,0.0,0.0,0.0,39,-281,26237,247,528,369,GKP,Freddie Woodman,Liverpool
23,123,7,0,False,2025-11-30T16:30:00Z,1.0,1.0,13,False,0,0,0,0,0,0,0,0,0,0,0,0,0,0.0,0.0,0.0,0.0,0,0,0,0,0,0.0,0.0,0.0,0.0,54,-17,2583,0,17,23,MID,Fábio Ferreira Vieira,Arsenal
123,122,3,0,True,2025-11-29T15:00:00Z,3.0,1.0,13,False,0,0,0,0,0,0,0,0,0,0,0,0,0,0.0,0.0,0.0,0.0,0,0,0,0,0,0.0,0.0,0.0,0.0,48,-1580,21613,117,1697,123,MID,Fábio Freitas Gouveia Carvalho,Brentford
655,121,2,0,False,2025-11-30T14:05:00Z,1.0,0.0,13,False,0,0,0,0,0,0,0,0,0,0,0,0,0,0.0,0.0,0.0,0.0,0,0,0,0,0,0.0,0.0,0.0,0.0,49,-278,23467,0,278,655,FWD,Fábio Soares Silva,Wolves
5,123,7,0,False,2025-11-30T16:30:00Z,1.0,1.0,13,False,0,0,0,0,0,0,0,0,0,0,0,0,0,0.0,0.0,0.0,0.0,0,0,0,0,0,0.0,0.0,0.0,0.0,64,-1020768,2713183,3915,1024683,5,DEF,Gabriel dos Santos Magalhães,Arsenal
31,123,7,0,False,2025-11-30T16:30:00Z,1.0,1.0,13,False,0,0,0,0,0,0,0,0,0,0,0,0,0,0.0,0.0,0.0,0.0,0,0,0,0,0,0.0,0.0,0.0,0.0,64,-80,5228,115,195,31,FWD,Gabriel Fernando de Jesus,Arsenal
347,126,13,1,False,2025-11-29T15:00:00Z,3.0,2.0,13,False,21,0,0,0,1,0,0,0,0,0,0,0,5,6.2,0.5,6.0,1.3,1,0,2,3,0,0.01,0.01,0.02,0.36,40,-27248,490511,2111,29359,347,DEF,Gabriel Gudmundsson,Leeds
19,123,7,1,False,2025-11-30T16:30:00Z,1.0,1.0,13,False,56,0,0,0,1,0,0,0,0,0,0,0,3,2.2,1.3,9.0,1.3,0,0,0,0,1,0.11,0.01,0.12,0.52,68,271,102790,2608,2337,19,MID,Gabriel Martinelli Silva,Arsenal
223,123,1,0,True,2025-11-30T16:30:00Z,1.0,1.0,13,False,0,0,0,0,0,0,0,0,0,0,0,0,0,0.0,0.0,0.0,0.0,0,0,0,0,0,0.0,0.0,0.0,0.0,39,86,21643,423,337,223,GKP,Gabriel Słonina,Chelsea
496,125,9,0,False,2025-11-29T17:30:00Z,1.0,4.0,13,False,0,0,0,0,0,0,0,0,0,0,0,0,0,0.0,0.0,0.0,0.0,0,0,0,0,0,0.0,0.0,0.0,0.0,44,-94,4849,0,94,496,MID,Garang Kuol,Newcastle
620,130,12,0,True,2025-11-30T14:05:00Z,0.0,2.0,13,False,0,0,0,0,0,0,0,0,0,0,0,0,0,0.0,0.0,0.0,0.0,0,0,0,0,0,0.0,0.0,0.0,0.0,45,-76,5723,78,154,620,MID,George Earthy,West Ham
754,121,20,0,True,2025-11-30T14:05:00Z,1.0,0.0,13,False,0,0,0,0,0,0,0,0,0,0,0,0,0,0.0,0.0,0.0,0.0,0,0,0,0,0,0.0,0.0,0.0,0.0,45,40,86,47,7,754,MID,George Hemmings,Aston Villa
158,127,16,4,False,2025-11-30T14:05:00Z,0.0,2.0,13,False,55,0,1,0,0,0,0,0,0,0,0,0,13,4.6,4.1,20.0,2.9,2,3,1,6,1,0.41,0.07,0.48,0.45,57,-4622,47233,1025,5647,158,MID,Georginio Rutter,Brighton
736,126,11,5,True,2025-11-29T15:00:00Z,3.0,2.0,13,False,90,0,0,0,2,0,1,0,1,0,1,0,9,33.0,0.0,0.0,3.3,1,9,0,0,1,0.0,0.0,0.0,1.54,57,72926,1389834,97430,24504,736,GKP,Gianluigi Donnarumma,Man City
367,130,19,0,False,2025-11-30T14:05:00Z,0.0,2.0,13,False,0,0,0,0,0,0,0,0,0,0,0,0,0,0.0,0.0,0.0,0.0,0,0,0,0,0,0.0,0.0,0.0,0.0,43,-16350,124583,2930,19280,367,GKP,Giorgi Mamardashvili,Liverpool
692,130,19,0,False,2025-11-30T14:05:00Z,0.0,2.0,13,False,0,0,0,0,0,0,0,0,0,0,0,0,0,0.0,0.0,0.0,0.0,0,0,0,0,0,0.0,0.0,0.0,0.0,49,-14,1757,21,35,692,DEF,Giovanni Leoni,Liverpool
647,121,2,0,False,2025-11-30T14:05:00Z,1.0,0.0,13,False,0,0,0,0,0,0,0,0,0,0,0,0,0,0.0,0.0,0.0,0.0,0,0,0,0,0,0.0,0.0,0.0,0.0,55,-3,419,0,3,647,MID,Gonçalo Manuel Ganchinho Guedes,Wolves
668,128,4,5,True,2025-11-29T15:00:00Z,3.0,2.0,13,False,90,0,1,0,2,0,0,0,0,0,0,0,19,28.2,35.6,0.0,6.4,1,5,0,6,1,0.0,0.09,0.09,1.7,52,-7612,812417,38655,46267,668,MID,Granit Xhaka,Sunderland
565,129,10,1,True,2025-11-29T20:00:00Z,1.0,2.0,13,False,90,0,0,0,2,0,0,0,0,0,1,0,0,3.6,0.0,0.0,0.4,3,6,0,0,1,0.0,0.0,0.0,0.45,50,-18716,1136056,10674,29390,565,GKP,Guglielmo Vicario,Spurs
618,130,12,0,True,2025-11-30T14:05:00Z,0.0,2.0,13,False,0,0,0,0,0,0,0,0,0,0,0,0,0,0.0,0.0,0.0,0.0,0,0,0,0,0,0.0,0.0,0.0,0.0,48,-99,5717,39,138,618,MID,Guido Rodríguez,West Ham
127,122,3,0,True,2025-11-29T15:00:00Z,3.0,1.0,13,False,0,0,0,0,0,0,0,0,0,0,0,0,0,0.0,0.0,0.0,0.0,0,0,0,0,0,0.0,0.0,0.0,0.0,49,30,1401,80,50,127,MID,Gustavo Nunes Fernandes Gomes,Brentford
544,128,4,0,True,2025-11-29T15:00:00Z,3.0,2.0,13,False,0,0,0,0,0,0,0,0,0,0,0,0,0,0.0,0.0,0.0,0.0,0,0,0,0,0,0.0,0.0,0.0,0.0,53,-103,4944,12,115,544,MID,Habib Diarra,Sunderland
93,128,17,0,False,2025-11-29T15:00:00Z,3.0,2.0,13,False,0,0,0,0,0,0,0,0,0,0,0,0,0,0.0,0.0,0.0,0.0,0,0,0,0,0,0.0,0.0,0.0,0.0,45,-1472,43749,0,1472,93,MID,Hamed Traorè,Bournemouth
188,122,5,0,False,2025-11-29T15:00:00Z,3.0,1.0,13,False,0,0,0,0,0,0,0,0,0,0,0,0,0,0.0,0.0,0.0,0.0,0,0,0,0,0,0.0,0.0,0.0,0.0,38,100,33483,783,683,188,DEF,Hannes Delcroix,Burnley
207,122,5,0,False,2025-11-29T15:00:00Z,3.0,1.0,13,False,59,0,0,0,0,0,0,0,1,0,0,0,1,0.4,2.5,6.0,0.9,0,2,1,3,1,0.09,0.03,0.12,1.35,48,-388,15495,304,692,207,MID,Hannibal Mejbri,Burnley
305,125,15,0,True,2025-11-29T17:30:00Z,1.0,4.0,13,False,0,0,0,0,0,0,0,0,0,0,0,0,0,0.0,0.0,0.0,0.0,0,0,0,0,0,0.0,0.0,0.0,0.0,45,-180,6325,0,180,305,MID,Harrison Armstrong,Everton
482,125,9,0,False,2025-11-29T17:30:00Z,1.0,4.0,13,False,0,0,0,0,0,0,0,0,0,0,0,0,0,0.0,0.0,0.0,0.0,0,0,0,0,0,0.0,0.0,0.0,0.0,39,-174,15996,58,232,482,DEF,Harrison Ashby,Newcastle
557,128,4,0,True,2025-11-29T15:00:00Z,3.0,2.0,13,False,0,0,0,0,0,0,0,0,0,0,0,0,0,0.0,0.0,0.0,0.0,0,0,0,0,0,0.0,0.0,0.0,0.0,44,-179,7171,86,265,557,MID,Harrison Jones,Sunderland
336,129,18,0,False,2025-11-29T20:00:00Z,1.0,2.0,13,False,0,0,0,0,0,0,0,0,0,0,0,0,0,0.0,0.0,0.0,0.0,0,0,0,0,0,0.0,0.0,0.0,0.0,43,599,37549,2598,1999,336,MID,Harrison Reed,Fulham
445,124,8,0,False,2025-11-30T12:00:00Z,1.0,2.0,13,False,0,0,0,0,0,0,0,0,0,0,0,0,0,0.0,0.0,0.0,0.0,0,0,0,0,0,0.0,0.0,0.0,0.0,40,-185,9922,0,185,445,DEF,Harry Amass,Man Utd
741,126,13,0,False,2025-11-29T15:00:00Z,3.0,2.0,13,False,0,0,0,0,0,0,0,0,0,0,0,0,0,0.0,0.0,0.0,0.0,0,0,0,0,0,0.0,0.0,0.0,0.0,45,37,10773,851,814,741,FWD,Harry Gray,Leeds
442,124,8,0,False,2025-11-30T12:00:00Z,1.0,2.0,13,False,0,0,0,0,0,0,0,0,0,0,0,0,0,0.0,0.0,0.0,0.0,0,0,0,0,0,0.0,0.0,0.0,0.0,44,-8708,80389,144,8852,442,DEF,Harry Maguire,Man Utd
289,125,15,0,True,2025-11-29T17:30:00Z,1.0,4.0,13,False,0,0,0,0,0,0,0,0,0,0,0,0,0,0.0,0.0,0.0,0.0,0,0,0,0,0,0.0,0.0,0.0,0.0,39,-1,15062,180,181,289,GKP,Harry Tyrer,Everton
329,129,18,10,False,2025-11-29T20:00:00Z,1.0,2.0,13,False,67,1,0,0,1,0,0,0,0,0,0,3,32,41.2,4.8,12.0,5.8,2,6,2,10,1,0.15,0.03,0.18,0.5,52,-4226,44702,1616,5842,329,MID,Harry Wilson,Fulham
487,125,9,2,False,2025-11-29T17:30:00Z,1.0,4.0,13,False,70,0,0,0,1,0,0,0,0,0,0,0,3,8.8,6.1,28.0,4.3,3,2,0,5,1,0.27,0.05,0.32,0.84,63,145089,223846,149073,3984,487,MID,Harvey Barnes,Newcastle
389,121,20,0,True,2025-11-30T14:05:00Z,1.0,0.0,13,False,0,0,0,0,0,0,0,0,0,0,0,0,0,0.0,0.0,0.0,0.0,0,0,0,0,0,0.0,0.0,0.0,0.0,53,-1645,26621,269,1914,389,MID,Harvey Elliott,Aston Villa
190,122,5,0,False,2025-11-29T15:00:00Z,3.0,1.0,13,False,0,0,0,0,0,0,0,0,0,0,0,0,0,0.0,0.0,0.0,0.0,0,0,0,0,0,0.0,0.0,0.0,0.0,40,-5997,122526,325,6322,190,DEF,Hjalmar Ekdal,Burnley
633,121,2,1,False,2025-11-30T14:05:00Z,1.0,0.0,13,False,13,0,0,0,0,0,0,0,0,0,0,0,3,3.0,0.3,0.0,0.3,1,1,0,1,0,0.0,0.0,0.0,0.11,44,-564,10332,91,655,633,DEF,Hugo Bueno López,Wolves
661,130,19,1,False,2025-11-30T14:05:00Z,0.0,2.0,13,False,22,0,0,0,0,0,0,0,0,0,0,0,-2,1.0,2.1,5.0,0.8,1,0,1,2,0,0.04,0.01,0.05,0.15,85,-256762,1675923,17149,273911,661,FWD,Hugo Ekitiké,Liverpool
642,121,2,0,False,2025-11-30T14:05:00Z,1.0,0.0,13,False,0,0,0,0,0,0,0,0,0,0,0,0,0,0.0,0.0,0.0,0.0,0,0,0,0,0,0.0,0.0,0.0,0.0,57,-503,13220,225,728,642,MID,Hwang Hee-chan,Wolves
105,122,3,0,True,2025-11-29T15:00:00Z,3.0,1.0,13,False,0,0,0,0,0,0,0,0,0,0,0,0,0,0.0,0.0,0.0,0.0,0,0,0,0,0,0.0,0.0,0.0,0.0,39,-1152,92322,774,1926,105,GKP,Hákon Rafn Valdimarsson,Brentford
39,121,20,0,True,2025-11-30T14:05:00Z,1.0,0.0,13,False,0,0,0,0,0,0,0,0,0,0,0,0,0,0.0,0.0,0.0,0.0,0,0,0,0,0,0.0,0.0,0.0,0.0,42,-612,53901,779,1391,39,DEF,Ian Maatsen,Aston Villa
550,128,4,0,True,2025-11-29T15:00:00Z,3.0,2.0,13,False,0,0,0,0,0,0,0,0,0,0,0,0,0,0.0,0.0,0.0,0.0,0,0,0,0,0,0.0,0.0,0.0,0.0,48,-30,2925,28,58,550,MID,Ian Poveda-Ocampo,Sunderland
374,130,19,8,False,2025-11-30T14:05:00Z,0.0,2.0,13,False,90,0,0,1,0,0,0,0,0,0,0,0,27,30.4,1.1,0.0,3.2,12,4,1,13,1,0.0,0.01,0.01,0.29,54,-18514,365281,7995,26509,374,DEF,Ibrahima Konaté,Liverpool
521,127,6,4,True,2025-11-30T14:05:00Z,0.0,2.0,13,False,73,0,0,0,1,0,0,0,0,0,0,0,18,22.6,3.3,5.0,3.1,5,6,4,15,1,0.02,0.03,0.05,1.44,49,62,7388,259,197,521,MID,Ibrahim Sangaré,Nott'm Forest
302,125,15,0,True,2025-11-29T17:30:00Z,1.0,4.0,13,False,0,0,0,0,0,0,0,0,0,0,0,0,0,0.0,0.0,0.0,0.0,0,0,0,0,0,0.0,0.0,0.0,0.0,54,-3029,14491,283,3312,302,MID,Idrissa Gana Gueye,Everton
526,127,6,2,True,2025-11-30T14:05:00Z,0.0,2.0,13,False,74,0,0,0,1,0,0,0,0,0,0,0,11,14.0,14.7,51.0,8.0,1,3,0,4,1,0.19,0.02,0.21,1.44,58,10493,100151,15760,5267,526,FWD,Igor Jesus Maciel da Cruz,Nott'm Forest
149,130,12,0,True,2025-11-30T14:05:00Z,0.0,2.0,13,False,0,0,0,0,0,0,0,0,0,0,0,0,0,0.0,0.0,0.0,0.0,0,0,0,0,0,0.0,0.0,0.0,0.0,45,-43,8607,272,315,149,DEF,Igor Julio dos Santos de Paulo,Brighton
136,122,3,13,True,2025-11-29T15:00:00Z,3.0,1.0,13,False,90,2,0,0,1,0,0,0,0,0,0,3,46,67.2,1.0,64.0,13.2,4,1,0,5,1,1.17,0.01,1.18,0.95,66,951719,3000349,967569,15850,136,FWD,Igor Thiago Nascimento Rodrigues,Brentford
356,126,13,2,False,2025-11-29T15:00:00Z,3.0,2.0,13,False,90,0,0,0,3,0,0,0,0,0,0,0,15,15.8,31.2,0.0,4.7,2,5,4,11,1,0.0,0.21,0.21,3.1,48,-1,4335,92,93,356,MID,Ilia Gruev,Leeds
299,125,15,2,True,2025-11-29T17:30:00Z,1.0,4.0,13,False,79,0,0,0,4,0,0,0,0,0,0,0,19,16.2,19.1,9.0,4.4,1,6,2,9,1,0.02,0.07,0.09,1.91,66,-33891,1347474,42576,76467,299,MID,Iliman Ndiaye,Everton
339,126,13,0,False,2025-11-29T15:00:00Z,3.0,2.0,13,False,0,0,0,0,0,0,0,0,0,0,0,0,0,0.0,0.0,0.0,0.0,0,0,0,0,0,0.0,0.0,0.0,0.0,43,-825,47424,129,954,339,GKP,Illan Meslier,Leeds
71,128,17,0,False,2025-11-29T15:00:00Z,3.0,2.0,13,False,0,0,0,0,0,0,0,0,0,0,0,0,0,0.0,0.0,0.0,0.0,0,0,0,0,0,0.0,0.0,0.0,0.0,50,-16,3091,0,16,71,DEF,Illia Zabarnyi,Bournemouth
495,125,9,0,False,2025-11-29T17:30:00Z,1.0,4.0,13,False,0,0,0,0,0,0,0,0,0,0,0,0,0,0.0,0.0,0.0,0.0,0,0,0,0,0,0.0,0.0,0.0,0.0,45,-22,859,0,22,495,MID,Isaac Hayden,Newcastle
308,125,15,0,True,2025-11-29T17:30:00Z,1.0,4.0,13,False,0,0,0,0,0,0,0,0,0,0,0,0,0,0.0,0.0,0.0,0.0,0,0,0,0,0,0.0,0.0,0.0,0.0,45,-39,2282,0,39,308,MID,Isaac Heath,Everton
349,126,13,0,False,2025-11-29T15:00:00Z,3.0,2.0,13,False,0,0,0,0,0,0,0,0,0,0,0,0,0,0.0,0.0,0.0,0.0,0,0,0,0,0,0.0,0.0,0.0,0.0,40,-169,9346,0,169,349,DEF,Isaac Schmidt,Leeds
267,124,14,1,True,2025-11-30T12:00:00Z,1.0,2.0,13,False,37,0,0,0,0,0,0,0,0,0,0,0,2,1.2,10.8,4.0,1.6,0,1,0,1,1,0.0,0.04,0.04,0.86,67,-112924,1473475,34670,147594,267,MID,Ismaïla Sarr,Crystal Palace
28,123,7,0,False,2025-11-30T16:30:00Z,1.0,1.0,13,False,0,0,0,0,0,0,0,0,0,0,0,0,0,0.0,0.0,0.0,0.0,0,0,0,0,0,0.0,0.0,0.0,0.0,45,-276,14125,0,276,28,MID,Ismeal Kabia,Arsenal
320,129,18,0,False,2025-11-29T20:00:00Z,1.0,2.0,13,False,0,0,0,0,0,0,0,0,0,0,0,0,0,0.0,0.0,0.0,0.0,0,0,0,0,0,0.0,0.0,0.0,0.0,43,-278,8657,87,365,320,DEF,Issa Diop,Fulham
137,122,3,0,True,2025-11-29T15:00:00Z,3.0,1.0,13,False,0,0,0,0,0,0,0,0,0,0,0,0,0,0.0,0.0,0.0,0.0,0,0,0,0,0,0.0,0.0,0.0,0.0,44,-963,49344,918,1881,137,FWD,Iwan Morgan,Brentford
695,121,2,2,False,2025-11-30T14:05:00Z,1.0,0.0,13,False,90,0,0,0,1,0,0,0,0,0,0,0,14,16.6,29.4,4.0,5.0,4,3,0,4,1,0.0,0.13,0.13,1.0,45,-13,2895,111,124,695,DEF,Jackson Tchatchoua,Wolves
462,124,8,0,False,2025-11-30T12:00:00Z,1.0,2.0,13,False,0,0,0,0,0,0,0,0,0,0,0,0,0,0.0,0.0,0.0,0.0,0,0,0,0,0,0.0,0.0,0.0,0.0,43,150,8039,486,336,462,MID,Jack Fletcher,Man Utd
419,125,15,2,True,2025-11-29T17:30:00Z,1.0,4.0,13,False,79,0,0,0,4,0,0,0,0,0,0,0,11,9.0,25.5,8.0,4.3,0,4,2,6,1,0.0,0.41,0.41,1.91,67,-157174,1706780,19741,176915,419,MID,Jack Grealish,Everton
352,126,13,0,False,2025-11-29T15:00:00Z,3.0,2.0,13,False,0,0,0,0,0,0,0,0,0,0,0,0,0,0.0,0.0,0.0,0.0,0,0,0,0,0,0.0,0.0,0.0,0.0,51,-202,7294,117,319,352,MID,Jack Harrison,Leeds
163,127,16,1,False,2025-11-30T14:05:00Z,0.0,2.0,13,False,34,0,0,0,0,0,0,0,0,0,0,0,3,7.6,0.4,0.0,0.8,2,1,1,4,0,0.0,0.0,0.0,0.27,51,323,3924,390,67,163,MID,Jack Hinshelwood,Brighton
464,124,8,0,False,2025-11-30T12:00:00Z,1.0,2.0,13,False,0,0,0,0,0,0,0,0,0,0,0,0,0,0.0,0.0,0.0,0.0,0,0,0,0,0,0.0,0.0,0.0,0.0,45,-31,2393,0,31,464,MID,Jack Moorhouse,Man Utd
202,122,5,1,False,2025-11-29T15:00:00Z,3.0,1.0,13,False,15,0,0,0,3,0,0,0,0,0,0,0,3,0.6,1.3,0.0,0.2,0,1,0,1,0,0.0,0.04,0.04,1.55,53,-76,4076,102,178,202,MID,Jacob Bruun Larsen,Burnley
489,125,9,0,False,2025-11-29T17:30:00Z,1.0,4.0,13,False,0,0,0,0,0,0,0,0,0,0,0,0,0,0.0,0.0,0.0,0.0,0,0,0,0,0,0.0,0.0,0.0,0.0,61,-1366,138401,7983,9349,489,MID,Jacob Murphy,Newcastle
52,125,9,1,False,2025-11-29T17:30:00Z,1.0,4.0,13,False,19,0,0,0,0,0,0,0,0,0,0,0,2,6.8,12.3,19.0,3.8,1,0,0,1,0,0.22,0.03,0.25,0.15,53,-375,25663,349,724,52,MID,Jacob Ramsey,Newcastle
155,127,16,0,False,2025-11-30T14:05:00Z,0.0,2.0,13,False,0,0,0,0,0,0,0,0,0,0,0,0,0,0.0,0.0,0.0,0.0,0,0,0,0,0,0.0,0.0,0.0,0.0,40,-248,13085,0,248,155,DEF,Jacob Slater,Brighton
456,121,20,1,True,2025-11-30T14:05:00Z,1.0,0.0,13,False,2,0,0,0,0,0,0,0,0,0,0,0,2,3.2,10.3,2.0,1.6,1,0,0,1,0,0.0,0.0,0.0,0.2,58,-77,23650,843,920,456,MID,Jadon Sancho,Aston Villa
200,122,5,4,False,2025-11-29T15:00:00Z,3.0,1.0,13,False,15,0,1,0,3,0,0,0,0,0,0,0,13,0.2,1.3,2.0,0.4,0,0,0,0,0,0.0,0.0,0.0,1.55,55,-82475,520283,5471,87946,200,MID,Jaidon Anthony,Burnley
510,127,6,0,True,2025-11-30T14:05:00Z,0.0,2.0,13,False,0,0,0,0,0,0,0,0,0,0,0,0,0,0.0,0.0,0.0,0.0,0,0,0,0,0,0.0,0.0,0.0,0.0,43,-83,7406,70,153,510,DEF,Jair Paula da Cunha Filho,Nott'm Forest
344,126,13,1,False,2025-11-29T15:00:00Z,3.0,2.0,13,False,45,0,0,0,1,0,0,0,0,0,0,0,-2,4.2,0.0,8.0,1.2,2,2,2,4,0,0.12,0.0,0.12,0.43,39,-562,19885,458,1020,344,DEF,Jaka Bijol,Leeds
293,125,15,0,True,2025-11-29T17:30:00Z,1.0,4.0,13,False,90,0,0,0,4,0,0,0,0,0,0,0,-5,14.6,2.8,8.0,2.5,3,4,2,5,1,0.0,0.01,0.01,1.91,49,-657,49340,980,1637,293,DEF,Jake O'Brien,Everton
9,123,7,0,False,2025-11-30T16:30:00Z,1.0,1.0,13,False,0,0,0,0,0,0,0,0,0,0,0,0,0,0.0,0.0,0.0,0.0,0,0,0,0,0,0.0,0.0,0.0,0.0,54,-41,6468,0,41,9,DEF,Jakub Kiwior,Arsenal
480,125,9,0,False,2025-11-29T17:30:00Z,1.0,4.0,13,False,0,0,0,0,0,0,0,0,0,0,0,0,0,0.0,0.0,0.0,0.0,0,0,0,0,0,0.0,0.0,0.0,0.0,43,-92,7745,67,159,480,DEF,Jamaal Lascelles,Newcastle
62,121,20,0,True,2025-11-30T14:05:00Z,1.0,0.0,13,False,0,0,0,0,0,0,0,0,0,0,0,0,0,0.0,0.0,0.0,0.0,0,0,0,0,0,0.0,0.0,0.0,0.0,45,-162,7914,119,281,62,MID,Jamaldeen Jimoh-Aloba,Aston Villa
303,125,15,2,True,2025-11-29T17:30:00Z,1.0,4.0,13,False,90,0,0,0,4,0,0,0,0,0,0,0,16,10.2,10.2,4.0,2.4,0,4,2,6,1,0.02,0.06,0.08,1.91,50,-4977,88606,2415,7392,303,MID,James Garner,Everton
77,128,17,0,False,2025-11-29T15:00:00Z,3.0,2.0,13,False,0,0,0,0,0,0,0,0,0,0,0,0,0,0.0,0.0,0.0,0.0,0,0,0,0,0,0.0,0.0,0.0,0.0,40,-3264,96725,849,4113,77,DEF,James Hill,Bournemouth
706,126,13,1,False,2025-11-29T15:00:00Z,3.0,2.0,13,False,68,0,0,0,2,0,0,0,0,0,0,0,3,15.8,0.4,2.0,1.8,5,2,0,5,1,0.0,0.0,0.0,2.73,39,-294,28839,615,909,706,DEF,James Justin,Leeds
581,129,10,0,True,2025-11-29T20:00:00Z,1.0,2.0,13,False,0,0,0,0,0,0,0,0,0,0,0,0,0,0.0,0.0,0.0,0.0,0,0,0,0,0,0.0,0.0,0.0,0.0,68,-72,15524,60,132,581,MID,James Maddison,Spurs
426,127,6,1,True,2025-11-30T14:05:00Z,0.0,2.0,13,False,5,0,0,0,1,0,0,0,0,0,0,0,3,0.2,1.7,2.0,0.4,0,0,0,0,0,0.0,0.0,0.0,0.09,51,-214,11309,178,392,426,MID,James McAtee,Nott'm Forest
394,130,19,0,False,2025-11-30T14:05:00Z,0.0,2.0,13,False,0,0,0,0,0,0,0,0,0,0,0,0,0,0.0,0.0,0.0,0.0,0,0,0,0,0,0.0,0.0,0.0,0.0,44,-58,2895,0,58,394,MID,James McConnell,Liverpool
170,127,16,0,False,2025-11-30T14:05:00Z,0.0,2.0,13,False,0,0,0,0,0,0,0,0,0,0,0,0,0,0.0,0.0,0.0,0.0,0,0,0,0,0,0.0,0.0,0.0,0.0,49,-609,13139,28,637,170,MID,James Milner,Brighton
750,129,10,0,True,2025-11-29T20:00:00Z,1.0,2.0,13,False,0,0,0,0,0,0,0,0,0,0,0,0,0,0.0,0.0,0.0,0.0,0,0,0,0,0,0.0,0.0,0.0,0.0,40,35,874,88,53,750,DEF,James Rowswell,Spurs
291,125,15,3,True,2025-11-29T17:30:00Z,1.0,4.0,13,False,90,0,1,0,4,0,0,0,0,0,0,0,25,39.6,23.2,6.0,6.9,5,3,2,7,1,0.0,0.16,0.16,1.91,54,-841,687584,19357,20198,291,DEF,James Tarkowski,Everton
182,126,11,0,True,2025-11-29T15:00:00Z,3.0,2.0,13,False,0,0,0,0,0,0,0,0,0,0,0,0,0,0.0,0.0,0.0,0.0,0,0,0,0,0,0.0,0.0,0.0,0.0,46,-2211,136285,246,2457,182,GKP,James Trafford,Man City
614,130,12,0,True,2025-11-30T14:05:00Z,0.0,2.0,13,False,0,0,0,0,0,0,0,0,0,0,0,0,0,0.0,0.0,0.0,0.0,0,0,0,0,0,0.0,0.0,0.0,0.0,56,-538,22770,292,830,614,MID,James Ward-Prowse,Burnley
688,121,20,0,True,2025-11-30T14:05:00Z,1.0,0.0,13,False,0,0,0,0,0,0,0,0,0,0,0,0,0,0.0,0.0,0.0,0.0,0,0,0,0,0,0.0,0.0,0.0,0.0,40,-480,58453,122,602,688,GKP,James Wright,Aston Villa
239,123,1,0,True,2025-11-30T16:30:00Z,1.0,1.0,13,False,0,0,0,0,0,0,0,0,0,0,0,0,0,0.0,0.0,0.0,0.0,0,0,0,0,0,0.0,0.0,0.0,0.0,61,-290,15426,541,831,239,MID,Jamie Bynoe-Gittens,Chelsea
151,127,16,6,False,2025-11-30T14:05:00Z,0.0,2.0,13,False,90,0,0,1,0,0,0,0,0,0,0,0,25,13.4,1.1,0.0,1.5,4,2,0,4,1,0.0,0.01,0.01,0.71,44,-2620,183281,8839,11459,151,DEF,Jan Paul van Hecke,Brighton
290,125,15,0,True,2025-11-29T17:30:00Z,1.0,4.0,13,False,0,0,0,0,0,0,0,0,0,0,0,0,0,0.0,0.0,0.0,0.0,0,0,0,0,0,0.0,0.0,0.0,0.0,53,-261,19291,73,334,290,DEF,Jarrad Branthwaite,Everton
624,130,12,2,True,2025-11-30T14:05:00Z,0.0,2.0,13,False,90,0,0,0,2,0,0,0,0,0,0,0,4,1.4,4.6,13.0,1.9,0,3,2,5,1,0.12,0.03,0.15,1.24,76,-60746,773535,19632,80378,624,FWD,Jarrod Bowen,West Ham
138,127,16,0,False,2025-11-30T14:05:00Z,0.0,2.0,13,False,0,0,0,0,0,0,0,0,0,0,0,0,0,0.0,0.0,0.0,0.0,0,0,0,0,0,0.0,0.0,0.0,0.0,43,-480,33852,165,645,138,GKP,Jason Steele,Brighton
461,124,8,0,False,2025-11-30T12:00:00Z,1.0,2.0,13,False,0,0,0,0,0,0,0,0,0,0,0,0,0,0.0,0.0,0.0,0.0,0,0,0,0,0,0.0,0.0,0.0,0.0,44,-68,4782,32,100,461,MID,Jayce Fitzgerald,Man Utd
723,124,14,0,True,2025-11-30T12:00:00Z,1.0,2.0,13,False,0,0,0,0,0,0,0,0,0,0,0,0,0,0.0,0.0,0.0,0.0,0,0,0,0,0,0.0,0.0,0.0,0.0,45,-57,2305,151,208,723,DEF,Jaydee Canvot,Crystal Palace
342,126,13,1,False,2025-11-29T15:00:00Z,3.0,2.0,13,False,90,0,0,0,3,0,0,0,0,0,0,0,0,7.2,8.0,0.0,1.5,2,6,1,3,1,0.0,0.01,0.01,3.1,45,-1147,22568,672,1819,342,DEF,Jayden Bogle,Leeds
398,130,19,0,False,2025-11-30T14:05:00Z,0.0,2.0,13,False,0,0,0,0,0,0,0,0,0,0,0,0,0,0.0,0.0,0.0,0.0,0,0,0,0,0,0.0,0.0,0.0,0.0,43,-238,14468,85,323,398,FWD,Jayden Danns,Liverpool
118,122,3,0,True,2025-11-29T15:00:00Z,3.0,1.0,13,False,0,0,0,0,0,0,0,0,0,0,0,0,0,0.0,0.0,0.0,0.0,0,0,0,0,0,0.0,0.0,0.0,0.0,40,-89,6074,0,89,118,DEF,Jayden Meghoma,Brentford
213,122,5,0,False,2025-11-29T15:00:00Z,3.0,1.0,13,False,0,0,0,0,0,0,0,0,0,0,0,0,0,0.0,0.0,0.0,0.0,0,0,0,0,0,0.0,0.0,0.0,0.0,45,-136,5653,163,299,213,MID,Jaydon Banel,Burnley
558,128,4,0,True,2025-11-29T15:00:00Z,3.0,2.0,13,False,0,0,0,0,0,0,0,0,0,0,0,0,0,0.0,0.0,0.0,0.0,0,0,0,0,0,0.0,0.0,0.0,0.0,44,-684,26196,348,1032,558,MID,Jay Matete,Sunderland
609,130,12,1,True,2025-11-30T14:05:00Z,0.0,2.0,13,False,90,0,0,0,2,0,0,0,0,0,0,0,8,14.0,1.3,0.0,1.5,5,8,0,5,1,0.0,0.01,0.01,1.24,43,-52,12455,346,398,609,DEF,Jean-Clair Todibo,West Ham
283,124,14,6,True,2025-11-30T12:00:00Z,1.0,2.0,13,False,90,1,0,0,2,0,0,0,0,0,0,0,17,35.0,2.3,30.0,6.7,4,1,0,5,1,1.02,0.01,1.03,1.19,81,-67829,3560843,135178,203007,283,FWD,Jean-Philippe Mateta,Crystal Palace
644,121,2,2,False,2025-11-30T14:05:00Z,1.0,0.0,13,False,68,0,0,0,1,0,0,0,0,0,0,0,13,3.8,2.3,7.0,1.3,0,1,3,4,1,0.03,0.02,0.05,0.54,52,-146,5608,40,186,644,MID,Jean-Ricner Bellegarde,Wolves
272,124,14,0,True,2025-11-30T12:00:00Z,1.0,2.0,13,False,5,0,0,0,0,0,0,0,1,0,0,0,-1,0.0,1.2,0.0,0.0,0,0,0,0,0,0.0,0.01,0.01,0.0,49,-270,8921,338,608,272,MID,Jefferson Lerma Solís,Crystal Palace
309,125,15,0,True,2025-11-29T17:30:00Z,1.0,4.0,13,False,0,0,0,0,0,0,0,0,0,0,0,0,0,0.0,0.0,0.0,0.0,0,0,0,0,0,0.0,0.0,0.0,0.0,45,-2,98,0,2,309,MID,Jenson Metcalfe,Everton
542,128,4,0,True,2025-11-29T15:00:00Z,3.0,2.0,13,False,0,0,0,0,0,0,0,0,0,0,0,0,0,0.0,0.0,0.0,0.0,0,0,0,0,0,0.0,0.0,0.0,0.0,40,-282,13282,0,282,542,DEF,Jenson Seelt,Sunderland
370,130,19,0,False,2025-11-30T14:05:00Z,0.0,2.0,13,False,0,0,0,0,0,0,0,0,0,0,0,0,0,0.0,0.0,0.0,0.0,0,0,0,0,0,0.0,0.0,0.0,0.0,57,-14707,594092,81,14788,370,DEF,Jeremie Frimpong,Liverpool
171,127,16,0,False,2025-11-30T14:05:00Z,0.0,2.0,13,False,0,0,0,0,0,0,0,0,0,0,0,0,0,0.0,0.0,0.0,0.0,0,0,0,0,0,0.0,0.0,0.0,0.0,49,-13,2061,0,13,171,MID,Jeremy Sarmiento Morante,Brighton
278,124,14,0,True,2025-11-30T12:00:00Z,1.0,2.0,13,False,0,0,0,0,0,0,0,0,0,0,0,0,0,0.0,0.0,0.0,0.0,0,0,0,0,0,0.0,0.0,0.0,0.0,44,-122,4411,0,122,278,MID,Jesurun Rak-Sakyi,Crystal Palace
663,121,2,1,False,2025-11-30T14:05:00Z,1.0,0.0,13,False,87,0,0,0,1,0,0,0,1,0,0,0,5,1.0,5.0,13.0,1.9,2,5,1,8,1,0.09,0.02,0.11,0.97,50,-1250,20974,70,1320,663,MID,Jhon Arias,Wolves
317,129,18,4,False,2025-11-29T20:00:00Z,1.0,2.0,13,False,90,0,0,0,1,0,0,0,0,0,0,0,18,33.0,0.4,2.0,3.5,14,3,1,15,1,0.0,0.0,0.0,0.86,45,-719,307970,14685,15404,317,DEF,Joachim Andersen,Fulham
490,125,9,2,False,2025-11-29T17:30:00Z,1.0,4.0,13,False,90,0,0,0,1,0,0,0,0,0,0,0,15,5.6,6.5,2.0,1.4,1,6,1,8,1,0.03,0.02,0.05,0.99,59,575,36248,1829,1254,490,MID,Joelinton Cássio Apolinário de Lira,Newcastle
534,128,4,0,True,2025-11-29T15:00:00Z,3.0,2.0,13,False,0,0,0,0,0,0,0,0,0,0,0,0,0,0.0,0.0,0.0,0.0,0,0,0,0,0,0.0,0.0,0.0,0.0,39,-1073,52425,365,1438,534,DEF,Joe Anderson,Sunderland
34,121,20,0,True,2025-11-30T14:05:00Z,1.0,0.0,13,False,0,0,0,0,0,0,0,0,0,0,0,0,0,0.0,0.0,0.0,0.0,0,0,0,0,0,0.0,0.0,0.0,0.0,40,-238,14539,0,238,34,GKP,Joe Gauci,Aston Villa
360,126,13,0,False,2025-11-29T15:00:00Z,3.0,2.0,13,False,0,0,0,0,0,0,0,0,0,0,0,0,0,0.0,0.0,0.0,0.0,0,0,0,0,0,0.0,0.0,0.0,0.0,45,-13,1121,0,13,360,MID,Joe Gelhardt,Leeds
376,130,19,11,False,2025-11-30T14:05:00Z,0.0,2.0,13,False,90,0,1,1,0,0,0,0,0,0,0,2,39,31.0,16.6,6.0,5.4,6,3,0,6,1,0.0,0.31,0.31,0.29,49,-112,18081,354,466,376,DEF,Joe Gomez,Liverpool
653,121,2,0,False,2025-11-30T14:05:00Z,1.0,0.0,13,False,0,0,0,0,0,0,0,0,0,0,0,0,0,0.0,0.0,0.0,0.0,0,0,0,0,0,0.0,0.0,0.0,0.0,45,-69,3937,0,69,653,MID,Joe Hodge,Wolves
175,127,16,0,False,2025-11-30T14:05:00Z,0.0,2.0,13,False,0,0,0,0,0,0,0,0,0,0,0,0,0,0.0,0.0,0.0,0.0,0,0,0,0,0,0.0,0.0,0.0,0.0,45,-277,10564,175,452,175,MID,Joe Knight,Brighton
348,126,13,0,False,2025-11-29T15:00:00Z,3.0,2.0,13,False,90,0,0,0,3,0,0,0,1,0,0,0,3,22.0,0.7,2.0,2.5,6,3,3,9,1,0.0,0.01,0.01,3.1,41,-32941,698563,8347,41288,348,DEF,Joe Rodon,Leeds
498,125,9,0,False,2025-11-29T17:30:00Z,1.0,4.0,13,False,0,0,0,0,0,0,0,0,0,0,0,0,0,0.0,0.0,0.0,0.0,0,0,0,0,0,0.0,0.0,0.0,0.0,45,-4,691,0,4,498,MID,Joe White,Newcastle
494,125,9,1,False,2025-11-29T17:30:00Z,1.0,4.0,13,False,19,0,0,0,0,0,0,0,0,0,0,0,6,3.2,11.5,4.0,1.9,0,2,0,2,0,0.0,0.04,0.04,0.15,50,-80,8102,201,281,494,MID,Joe Willock,Newcastle
199,122,5,0,False,2025-11-29T15:00:00Z,3.0,1.0,13,False,0,0,0,0,0,0,0,0,0,0,0,0,0,0.0,0.0,0.0,0.0,0,0,0,0,0,0.0,0.0,0.0,0.0,39,-689,23014,53,742,199,DEF,Joe Worrall,Burnley
54,121,20,9,True,2025-11-30T14:05:00Z,1.0,0.0,13,False,90,0,1,1,0,0,0,0,0,0,0,1,31,35.4,50.1,11.0,9.7,3,11,2,16,1,0.02,0.1,0.12,0.49,54,-257,80022,4238,4495,54,MID,John McGinn,Aston Villa
753,125,9,0,False,2025-11-29T17:30:00Z,1.0,4.0,13,False,0,0,0,0,0,0,0,0,0,0,0,0,0,0.0,0.0,0.0,0.0,0,0,0,0,0,0.0,0.0,0.0,0.0,40,100,329,110,10,753,GKP,John Ruddy,Newcastle
409,126,11,1,True,2025-11-29T15:00:00Z,3.0,2.0,13,False,1,0,0,0,0,0,0,0,0,0,0,0,3,0.2,0.0,0.0,0.0,0,1,0,0,0,0.0,0.0,0.0,0.0,54,-395,88838,1522,1917,409,DEF,John Stones,Man City
715,127,6,0,True,2025-11-30T14:05:00Z,0.0,2.0,13,False,0,0,0,0,0,0,0,0,0,0,0,0,0,0.0,0.0,0.0,0.0,0,0,0,0,0,0.0,0.0,0.0,0.0,40,-476,41489,155,631,715,GKP,John Victor Maciel Furtado,Nott'm Forest
737,129,18,0,False,2025-11-29T20:00:00Z,1.0,2.0,13,False,0,0,0,0,0,0,0,0,0,0,0,0,0,0.0,0.0,0.0,0.0,0,0,0,0,0,0.0,0.0,0.0,0.0,45,-272,8396,246,518,737,FWD,Jonah Kusi-Asare,Fulham
194,122,5,0,False,2025-11-29T15:00:00Z,3.0,1.0,13,False,0,0,0,0,0,0,0,0,0,0,0,0,0,0.0,0.0,0.0,0.0,0,0,0,0,0,0.0,0.0,0.0,0.0,40,-163,8482,35,198,194,DEF,Jordan Beyer,Burnley
124,122,3,8,True,2025-11-29T15:00:00Z,3.0,1.0,13,False,90,0,1,0,1,0,0,0,0,0,0,1,26,28.2,17.0,2.0,4.7,3,9,1,13,1,0.0,0.09,0.09,0.95,50,-1313,48602,1381,2694,124,MID,Jordan Henderson,Brentford
287,125,15,1,True,2025-11-29T17:30:00Z,1.0,4.0,13,False,90,0,0,0,4,0,0,0,0,0,3,0,-2,20.4,0.0,0.0,2.0,2,5,0,0,1,0.0,0.0,0.0,1.91,55,22351,1201630,36161,13810,287,GKP,Jordan Pickford,Everton
321,129,18,0,False,2025-11-29T20:00:00Z,1.0,2.0,13,False,0,0,0,0,0,0,0,0,0,0,0,0,0,0.0,0.0,0.0,0.0,0,0,0,0,0,0.0,0.0,0.0,0.0,43,-76,4825,38,114,321,DEF,Jorge Cuenca Barreno,Fulham
672,123,1,0,True,2025-11-30T16:30:00Z,1.0,1.0,13,False,0,0,0,0,0,0,0,0,0,0,0,0,0,0.0,0.0,0.0,0.0,0,0,0,0,0,0.0,0.0,0.0,0.0,47,-441,21565,165,606,672,DEF,Jorrel Hato,Chelsea
466,124,8,9,False,2025-11-30T12:00:00Z,1.0,2.0,13,False,90,1,0,0,1,0,0,0,0,0,0,3,37,43.4,18.5,19.0,8.1,2,3,2,7,1,0.03,0.01,0.04,1.83,58,1058,47592,2433,1375,466,FWD,Joshua Zirkzee,Man Utd
233,123,1,0,True,2025-11-30T16:30:00Z,1.0,1.0,13,False,0,0,0,0,0,0,0,0,0,0,0,0,0,0.0,0.0,0.0,0.0,0,0,0,0,0,0.0,0.0,0.0,0.0,39,-19909,232457,1965,21874,233,DEF,Josh Acheampong,Chelsea
205,122,5,2,False,2025-11-29T15:00:00Z,3.0,1.0,13,False,80,0,0,0,1,0,0,0,0,0,0,0,10,4.0,2.1,0.0,0.6,1,4,1,6,1,0.0,0.01,0.01,2.31,50,-8796,293534,13028,21824,205,MID,Josh Cullen,Burnley
748,122,3,0,True,2025-11-29T15:00:00Z,3.0,1.0,13,False,0,0,0,0,0,0,0,0,0,0,0,0,0,0.0,0.0,0.0,0.0,0,0,0,0,0,0.0,0.0,0.0,0.0,50,-31,215,12,43,748,MID,Josh Dasilva,Brentford
335,129,18,5,False,2025-11-29T20:00:00Z,1.0,2.0,13,False,67,0,1,0,1,0,0,0,0,0,0,0,17,19.8,11.6,2.0,3.3,2,5,1,8,1,0.0,0.0,0.0,0.5,45,-26641,441089,10054,36695,335,MID,Josh King,Fulham
209,122,5,1,False,2025-11-29T15:00:00Z,3.0,1.0,13,False,15,0,0,0,3,0,0,0,0,0,0,0,7,6.4,15.7,0.0,2.2,0,0,1,1,0,0.0,0.03,0.03,1.55,49,-40,3632,33,73,209,MID,Josh Laurent,Burnley
15,123,7,0,False,2025-11-30T16:30:00Z,1.0,1.0,13,False,0,0,0,0,0,0,0,0,0,0,0,0,0,0.0,0.0,0.0,0.0,0,0,0,0,0,0.0,0.0,0.0,0.0,38,-389,26426,247,636,15,DEF,Josh Nichols,Arsenal
628,121,2,0,False,2025-11-30T14:05:00Z,1.0,0.0,13,False,0,0,0,0,0,0,0,0,0,0,0,0,0,0.0,0.0,0.0,0.0,0,0,0,0,0,0.0,0.0,0.0,0.0,43,-3142,137095,310,3452,628,GKP,José Malheiro de Sá,Wolves
673,129,10,1,True,2025-11-29T20:00:00Z,1.0,2.0,13,False,59,0,0,0,2,0,0,0,0,0,0,0,8,7.4,3.2,2.0,1.3,4,1,1,6,1,0.0,0.05,0.05,0.32,55,22678,248302,33090,10412,673,MID,João Maria Lobo Alves Palhares Costa Palhinha Gonçalves,Spurs
518,127,6,0,True,2025-11-30T14:05:00Z,0.0,2.0,13,False,0,0,0,0,0,0,0,0,0,0,0,0,0,0.0,0.0,0.0,0.0,0,0,0,0,0,0.0,0.0,0.0,0.0,54,-45,5204,0,45,518,MID,João Pedro Ferreira da Silva,Nott'm Forest
249,123,1,1,True,2025-11-30T16:30:00Z,1.0,1.0,13,False,54,0,0,0,0,0,0,0,0,0,0,0,2,2.6,1.2,37.0,4.1,0,1,0,1,1,0.15,0.03,0.18,0.27,75,-627832,5287025,50230,678062,249,FWD,João Pedro Junqueira de Jesus,Chelsea
646,121,2,4,False,2025-11-30T14:05:00Z,1.0,0.0,13,False,90,0,0,0,1,0,0,0,0,0,0,0,18,12.0,9.7,19.0,4.1,2,9,3,14,1,0.17,0.02,0.19,1.0,53,-270,10742,157,427,646,MID,João Victor Gomes da Silva,Wolves
362,126,13,0,False,2025-11-29T15:00:00Z,3.0,2.0,13,False,0,0,0,0,0,0,0,0,0,0,0,0,0,0.0,0.0,0.0,0.0,0,0,0,0,0,0.0,0.0,0.0,0.0,50,-1249,47425,442,1691,362,FWD,Joël Piroe,Leeds
152,127,16,1,False,2025-11-30T14:05:00Z,0.0,2.0,13,False,6,0,0,0,0,0,0,0,0,0,0,0,4,6.0,0.0,0.0,0.6,2,0,1,3,0,0.0,0.0,0.0,0.01,43,-78,13560,193,271,152,DEF,Joël Veltman,Brighton
403,126,11,6,True,2025-11-29T15:00:00Z,3.0,2.0,13,False,90,1,0,0,2,0,0,0,1,0,0,0,13,40.2,14.3,48.0,10.3,3,6,1,4,1,0.77,0.17,0.94,1.54,58,56384,726821,72622,16238,403,DEF,Joško Gvardiol,Man City
104,122,3,0,True,2025-11-29T15:00:00Z,3.0,1.0,13,False,0,0,0,0,0,0,0,0,0,0,0,0,0,0.0,0.0,0.0,0.0,0,0,0,0,0,0.0,0.0,0.0,0.0,39,1744,21055,2216,472,104,GKP,Julian Eyestone,Brentford
161,127,16,0,False,2025-11-30T14:05:00Z,0.0,2.0,13,False,0,0,0,0,0,0,0,0,0,0,0,0,0,0.0,0.0,0.0,0.0,0,0,0,0,0,0.0,0.0,0.0,0.0,54,-7,1213,0,7,161,MID,Julio Enciso Espínola,Brighton
80,128,17,0,False,2025-11-29T15:00:00Z,3.0,2.0,13,False,0,0,0,0,0,0,0,0,0,0,0,0,0,0.0,0.0,0.0,0.0,0,0,0,0,0,0.0,0.0,0.0,0.0,40,-374,27802,300,674,80,DEF,Julio Soler Barreto,Bournemouth
78,128,17,0,False,2025-11-29T15:00:00Z,3.0,2.0,13,False,0,0,0,0,0,0,0,0,0,0,0,0,0,0.0,0.0,0.0,0.0,0,0,0,0,0,0.0,0.0,0.0,0.0,39,-1560,83157,374,1934,78,DEF,Julián Araujo Zúñiga,Bournemouth
745,129,10,0,True,2025-11-29T20:00:00Z,1.0,2.0,13,False,0,0,0,0,0,0,0,0,0,0,0,0,0,0.0,0.0,0.0,0.0,0,0,0,0,0,0.0,0.0,0.0,0.0,40,-35,2026,55,90,745,DEF,Jun'ai Byfield,Spurs
100,128,17,1,False,2025-11-29T15:00:00Z,3.0,2.0,13,False,10,0,0,0,0,0,0,0,0,0,0,0,2,0.0,2.0,2.0,0.3,0,0,0,0,0,0.0,0.0,0.0,0.07,46,-28157,553817,25527,53684,100,FWD,Junior Kroupi,Bournemouth
8,123,7,2,False,2025-11-30T16:30:00Z,1.0,1.0,13,False,90,0,0,0,1,0,0,0,0,0,0,0,8,10.2,3.1,6.0,1.9,3,4,3,6,1,0.3,0.03,0.33,0.79,63,323189,3857248,370539,47350,8,DEF,Jurriën Timber,Arsenal
276,124,14,1,True,2025-11-30T12:00:00Z,1.0,2.0,13,False,5,0,0,0,0,0,0,0,0,0,0,0,3,0.0,0.3,2.0,0.2,0,0,0,0,0,0.06,0.0,0.06,0.0,43,-2240,155081,5993,8233,276,MID,Justin Devenny,Crystal Palace
81,128,17,1,False,2025-11-29T15:00:00Z,3.0,2.0,13,False,19,0,0,0,0,0,0,0,0,0,0,0,2,1.4,2.8,2.0,0.6,0,0,0,0,0,0.0,0.02,0.02,0.07,70,-17391,94510,148,17539,81,MID,Justin Kluivert,Bournemouth
418,126,11,2,True,2025-11-29T15:00:00Z,3.0,2.0,13,False,90,0,0,0,2,0,0,0,0,0,0,0,20,21.4,59.8,18.0,9.9,0,4,2,6,1,0.0,0.68,0.68,1.54,66,267458,1322902,299695,32237,418,MID,Jérémy Doku,Man City
654,121,2,2,False,2025-11-30T14:05:00Z,1.0,0.0,13,False,90,0,0,0,1,0,0,0,0,0,0,0,-1,7.6,2.3,21.0,3.1,1,1,0,2,1,0.11,0.0,0.11,1.0,63,-6430,132615,1508,7938,654,FWD,Jørgen Strand Larsen,Crystal Palace
63,121,20,0,True,2025-11-30T14:05:00Z,1.0,0.0,13,False,0,0,0,0,0,0,0,0,0,0,0,0,0,0.0,0.0,0.0,0.0,0,0,0,0,0,0.0,0.0,0.0,0.0,44,-2319,71842,595,2914,63,MID,Kadan Young,Aston Villa
281,124,14,0,True,2025-11-30T12:00:00Z,1.0,2.0,13,False,0,0,0,0,0,0,0,0,0,0,0,0,0,0.0,0.0,0.0,0.0,0,0,0,0,0,0.0,0.0,0.0,0.0,45,-137,5682,86,223,281,MID,Kaden Rodney,Crystal Palace
611,130,12,0,True,2025-11-30T14:05:00Z,0.0,2.0,13,False,0,0,0,0,0,0,0,0,0,0,0,0,0,0.0,0.0,0.0,0.0,0,0,0,0,0,0.0,0.0,0.0,0.0,40,-171,9877,0,171,611,DEF,Kaelan Casey,West Ham
30,123,7,0,False,2025-11-30T16:30:00Z,1.0,1.0,13,False,0,0,0,0,0,0,0,0,0,0,0,0,0,0.0,0.0,0.0,0.0,0,0,0,0,0,0.0,0.0,0.0,0.0,73,-125,41495,164,289,30,FWD,Kai Havertz,Arsenal
429,126,11,0,True,2025-11-29T15:00:00Z,3.0,2.0,13,False,0,0,0,0,0,0,0,0,0,0,0,0,0,0.0,0.0,0.0,0.0,0,0,0,0,0,0.0,0.0,0.0,0.0,48,-50,8090,97,147,429,MID,Kalvin Phillips,Man City
341,126,13,0,False,2025-11-29T15:00:00Z,3.0,2.0,13,False,0,0,0,0,0,0,0,0,0,0,0,0,0,0.0,0.0,0.0,0.0,0,0,0,0,0,0.0,0.0,0.0,0.0,40,-5381,269287,940,6321,341,GKP,Karl Darlow,Leeds
3,123,7,0,False,2025-11-30T16:30:00Z,1.0,1.0,13,False,0,0,0,0,0,0,0,0,0,0,0,0,0,0.0,0.0,0.0,0.0,0,0,0,0,0,0.0,0.0,0.0,0.0,40,-773,32283,0,773,3,GKP,Karl Hein,Arsenal
107,122,3,1,True,2025-11-29T15:00:00Z,3.0,1.0,13,False,1,0,0,0,0,0,0,0,0,0,0,0,2,0.2,0.0,0.0,0.0,0,0,0,0,0,0.0,0.0,0.0,0.0,48,-405,37576,894,1299,107,DEF,Keane Lewis-Potter,Brentford
248,123,1,0,True,2025-11-30T16:30:00Z,1.0,1.0,13,False,0,0,0,0,0,0,0,0,0,0,0,0,0,0.0,0.0,0.0,0.0,0,0,0,0,0,0.0,0.0,0.0,0.0,45,-4,599,0,4,248,MID,Kendry Páez Andrade,Chelsea
322,129,18,12,False,2025-11-29T20:00:00Z,1.0,2.0,13,False,90,1,0,0,1,0,0,0,0,0,0,2,30,66.6,0.6,11.0,7.8,12,3,6,18,1,0.06,0.0,0.06,0.86,45,-2100,20089,761,2861,322,DEF,Kenny Tete,Fulham
2,123,7,0,False,2025-11-30T16:30:00Z,1.0,1.0,13,False,0,0,0,0,0,0,0,0,0,0,0,0,0,0.0,0.0,0.0,0.0,0,0,0,0,0,0.0,0.0,0.0,0.0,42,-1178,54420,238,1416,2,GKP,Kepa Arrizabalaga Revuelta,Arsenal
570,129,10,3,True,2025-11-29T20:00:00Z,1.0,2.0,13,False,90,0,0,0,2,0,0,0,0,0,0,0,13,33.0,1.7,0.0,3.5,7,6,3,10,1,0.0,0.01,0.01,0.45,43,-6,23243,586,592,570,DEF,Kevin Danso,Spurs
731,129,18,1,False,2025-11-29T20:00:00Z,1.0,2.0,13,False,9,0,0,0,0,0,0,0,0,0,0,0,6,7.4,0.1,7.0,1.5,1,1,1,3,0,0.04,0.0,0.04,0.26,59,-780,7076,233,1013,731,MID,Kevin Santos Lopes de Macedo,Fulham
120,122,3,3,True,2025-11-29T15:00:00Z,3.0,1.0,13,False,74,0,0,1,0,0,0,0,0,0,0,0,6,16.6,26.1,8.0,5.1,6,1,0,7,1,0.0,0.06,0.06,0.14,70,53943,437776,64703,10760,120,MID,Kevin Schade,Brentford
638,121,2,0,False,2025-11-30T14:05:00Z,1.0,0.0,13,False,0,0,0,0,0,0,0,0,0,0,0,0,0,0.0,0.0,0.0,0.0,0,0,0,0,0,0.0,0.0,0.0,0.0,39,-2572,109500,228,2800,638,DEF,Ki-Jana Hoever,Wolves
746,130,19,0,False,2025-11-30T14:05:00Z,0.0,2.0,13,False,0,0,0,0,0,0,0,0,0,0,0,0,0,0.0,0.0,0.0,0.0,0,0,0,0,0,0.0,0.0,0.0,0.0,45,-2,507,45,47,746,MID,Kieran Morrison,Liverpool
478,125,9,0,False,2025-11-29T17:30:00Z,1.0,4.0,13,False,0,0,0,0,0,0,0,0,0,0,0,0,0,0.0,0.0,0.0,0.0,0,0,0,0,0,0.0,0.0,0.0,0.0,50,-32490,258520,1757,34247,478,DEF,Kieran Trippier,Newcastle
242,125,15,7,True,2025-11-29T17:30:00Z,1.0,4.0,13,False,90,1,0,0,4,0,0,0,0,0,0,0,30,42.2,18.1,51.0,11.1,1,6,3,10,1,0.51,0.26,0.77,1.91,49,37509,378941,48164,10655,242,MID,Kiernan Dewsbury-Hall,Everton
117,122,3,0,True,2025-11-29T15:00:00Z,3.0,1.0,13,False,0,0,0,0,0,0,0,0,0,0,0,0,0,0.0,0.0,0.0,0.0,0,0,0,0,0,0.0,0.0,0.0,0.0,39,-239,12154,0,239,117,DEF,Kim Ji-soo,Brentford
142,127,16,0,False,2025-11-30T14:05:00Z,0.0,2.0,13,False,0,0,0,0,0,0,0,0,0,0,0,0,0,0.0,0.0,0.0,0.0,0,0,0,0,0,0.0,0.0,0.0,0.0,40,0,255,0,0,142,GKP,Kjell Scherpen,Brighton
458,124,8,1,False,2025-11-30T12:00:00Z,1.0,2.0,13,False,1,0,0,0,0,0,0,0,0,0,0,0,3,2.0,0.0,0.0,0.2,1,0,0,1,0,0.0,0.0,0.0,0.11,47,-1201,51666,617,1818,458,MID,Kobbie Mainoo,Man Utd
606,130,12,3,True,2025-11-30T14:05:00Z,0.0,2.0,13,False,90,0,0,0,2,0,0,0,0,0,0,0,12,20.4,0.4,2.0,2.3,6,3,4,10,1,0.0,0.0,0.0,1.24,44,-214,5642,19,233,606,DEF,Konstantinos Mavropanos,West Ham
377,130,19,0,False,2025-11-30T14:05:00Z,0.0,2.0,13,False,0,0,0,0,0,0,0,0,0,0,0,0,0,0.0,0.0,0.0,0.0,0,0,0,0,0,0.0,0.0,0.0,0.0,48,-86,6607,0,86,377,DEF,Konstantinos Tsimikas,Liverpool
108,122,3,0,True,2025-11-29T15:00:00Z,3.0,1.0,13,False,0,0,0,0,0,0,0,0,0,0,0,0,0,0.0,0.0,0.0,0.0,0,0,0,0,0,0.0,0.0,0.0,0.0,44,891,21943,1393,502,108,DEF,Kristoffer Ajer,Brentford
602,130,12,0,True,2025-11-30T14:05:00Z,0.0,2.0,13,False,0,0,0,0,0,0,0,0,0,0,0,0,0,0.0,0.0,0.0,0.0,0,0,0,0,0,0.0,0.0,0.0,0.0,39,204,32121,650,446,602,GKP,Krisztián Hegyi,West Ham
659,130,12,0,True,2025-11-30T14:05:00Z,0.0,2.0,13,False,0,0,0,0,0,0,0,0,0,0,0,0,0,0.0,0.0,0.0,0.0,0,0,0,0,0,0.0,0.0,0.0,0.0,43,-1130,34224,316,1446,659,DEF,Kyle Walker-Peters,West Ham
187,122,5,3,False,2025-11-29T15:00:00Z,3.0,1.0,13,False,90,0,0,0,3,0,0,0,0,0,0,0,10,22.6,1.3,0.0,2.4,8,4,4,12,1,0.0,0.01,0.01,3.06,44,-6223,186500,2570,8793,187,DEF,Kyle Walker,Burnley
709,121,2,0,False,2025-11-30T14:05:00Z,1.0,0.0,13,False,0,0,0,0,0,0,0,0,0,0,0,0,0,0.0,0.0,0.0,0.0,0,0,0,0,0,0.0,0.0,0.0,0.0,45,-325,6457,221,546,709,DEF,Ladislav Krejcí,Wolves
44,121,20,1,True,2025-11-30T14:05:00Z,1.0,0.0,13,False,2,0,0,0,0,0,0,0,0,0,0,0,3,2.4,0.2,0.0,0.3,1,1,0,1,0,0.0,0.0,0.0,0.2,40,-2367,73224,869,3236,44,DEF,Lamare Bogarde,Aston Villa
743,123,1,0,True,2025-11-30T16:30:00Z,1.0,1.0,13,False,0,0,0,0,0,0,0,0,0,0,0,0,0,0.0,0.0,0.0,0.0,0,0,0,0,0,0.0,0.0,0.0,0.0,45,-42,1068,43,85,743,MID,Landon Emenalo,Chelsea
357,126,13,0,False,2025-11-29T15:00:00Z,3.0,2.0,13,False,0,0,0,0,0,0,0,0,0,0,0,0,0,0.0,0.0,0.0,0.0,0,0,0,0,0,0.0,0.0,0.0,0.0,49,-18,2011,0,18,357,MID,Largie Ramazani,Leeds
61,121,20,0,True,2025-11-30T14:05:00Z,1.0,0.0,13,False,0,0,0,0,0,0,0,0,0,0,0,0,0,0.0,0.0,0.0,0.0,0,0,0,0,0,0.0,0.0,0.0,0.0,45,-267,11065,0,267,61,MID,Leander Dendoncker,Aston Villa
20,123,7,0,False,2025-11-30T16:30:00Z,1.0,1.0,13,False,0,0,0,0,0,0,0,0,0,0,0,0,0,0.0,0.0,0.0,0.0,0,0,0,0,0,0.0,0.0,0.0,0.0,69,13882,129751,36751,22869,20,MID,Leandro Trossard,Arsenal
444,124,8,1,False,2025-11-30T12:00:00Z,1.0,2.0,13,False,53,0,0,0,1,0,0,0,0,0,0,0,-4,5.0,0.8,2.0,0.8,4,2,2,6,1,0.0,0.0,0.0,1.59,44,-5237,196579,1355,6592,444,DEF,Leny Yoro,Man Utd
49,121,20,0,True,2025-11-30T14:05:00Z,1.0,0.0,13,False,0,0,0,0,0,0,0,0,0,0,0,0,0,0.0,0.0,0.0,0.0,0,0,0,0,0,0.0,0.0,0.0,0.0,55,-114,10073,0,114,49,MID,Leon Bailey,Aston Villa
657,121,2,0,False,2025-11-30T14:05:00Z,1.0,0.0,13,False,0,0,0,0,0,0,0,0,0,0,0,0,0,0.0,0.0,0.0,0.0,0,0,0,0,0,0.0,0.0,0.0,0.0,44,-68,3587,68,136,657,FWD,Leon Chiwome,Wolves
536,128,4,0,True,2025-11-29T15:00:00Z,3.0,2.0,13,False,0,0,0,0,0,0,0,0,0,0,0,0,0,0.0,0.0,0.0,0.0,0,0,0,0,0,0.0,0.0,0.0,0.0,40,5,572,22,17,536,DEF,Leo Fuhr Hjelde,Sunderland
676,122,5,1,False,2025-11-29T15:00:00Z,3.0,1.0,13,False,30,0,0,0,3,0,0,0,0,0,0,0,6,5.6,0.4,0.0,0.6,2,1,1,4,0,0.0,0.0,0.0,1.72,50,-1460,16364,618,2078,676,MID,Lesley Ugochukwu,Burnley
227,123,1,0,True,2025-11-30T16:30:00Z,1.0,1.0,13,False,0,0,0,0,0,0,0,0,0,0,0,0,0,0.0,0.0,0.0,0.0,0,0,0,0,0,0.0,0.0,0.0,0.0,48,-91,14050,31,122,227,DEF,Levi Samuels Colwill,Chelsea
88,128,17,-2,False,2025-11-29T15:00:00Z,3.0,2.0,13,False,45,0,0,0,2,0,0,0,0,1,0,0,-3,3.8,2.8,4.0,1.1,5,3,0,8,0,0.0,0.02,0.02,0.22,49,113,3627,310,197,88,MID,Lewis Cook,Bournemouth
57,121,20,0,True,2025-11-30T14:05:00Z,1.0,0.0,13,False,0,0,0,0,0,0,0,0,0,0,0,0,0,0.0,0.0,0.0,0.0,0,0,0,0,0,0.0,0.0,0.0,0.0,50,-33,3311,0,33,57,MID,Lewis Dobbin,Aston Villa
146,127,16,6,False,2025-11-30T14:05:00Z,0.0,2.0,13,False,90,0,0,1,0,0,0,0,0,0,0,0,29,24.4,0.8,2.0,2.7,7,6,0,7,1,0.0,0.01,0.01,0.71,45,-3366,141698,3340,6706,146,DEF,Lewis Dunk,Brighton
473,125,9,5,False,2025-11-29T17:30:00Z,1.0,4.0,13,False,89,0,1,0,1,0,0,0,0,0,0,0,30,39.4,34.7,6.0,8.0,2,2,2,4,1,0.04,0.49,0.53,0.94,52,4056,97811,5542,1486,473,DEF,Lewis Hall,Newcastle
497,125,9,15,False,2025-11-29T17:30:00Z,1.0,4.0,13,False,90,1,1,0,1,0,0,0,0,0,0,3,57,66.0,37.3,19.0,12.2,2,8,2,12,1,0.13,0.52,0.65,0.99,44,-12830,234504,2117,14947,497,MID,Lewis Miley,Newcastle
520,127,6,0,True,2025-11-30T14:05:00Z,0.0,2.0,13,False,0,0,0,0,0,0,0,0,0,0,0,0,0,0.0,0.0,0.0,0.0,0,0,0,0,0,0.0,0.0,0.0,0.0,50,-1,107,0,1,520,MID,Lewis O'Brien,Nott'm Forest
622,130,12,0,True,2025-11-30T14:05:00Z,0.0,2.0,13,False,0,0,0,0,0,0,0,0,0,0,0,0,0,0.0,0.0,0.0,0.0,0,0,0,0,0,0.0,0.0,0.0,0.0,44,-138,7868,0,138,622,MID,Lewis Orford,West Ham
250,123,1,1,True,2025-11-30T16:30:00Z,1.0,1.0,13,False,35,0,0,0,1,0,0,0,0,0,0,0,3,2.0,0.4,9.0,1.1,0,1,0,1,0,0.03,0.0,0.03,0.99,62,-1317,126689,4899,6216,250,FWD,Liam Delap,Chelsea
45,121,20,0,True,2025-11-30T14:05:00Z,1.0,0.0,13,False,0,0,0,0,0,0,0,0,0,0,0,0,0,0.0,0.0,0.0,0.0,0,0,0,0,0,0.0,0.0,0.0,0.0,39,-625,37779,252,877,45,DEF,Lino da Cruz Sousa,Aston Villa
437,124,8,1,False,2025-11-30T12:00:00Z,1.0,2.0,13,False,8,0,0,0,0,0,0,0,0,0,0,0,3,2.0,0.0,0.0,0.2,1,1,0,1,0,0.0,0.0,0.0,0.11,48,435,9964,574,139,437,DEF,Lisandro Martínez,Man Utd
210,122,5,3,False,2025-11-29T15:00:00Z,3.0,1.0,13,False,74,0,0,1,0,0,0,0,0,0,0,0,7,7.2,2.8,8.0,1.8,0,2,4,6,1,0.0,0.01,0.01,1.52,49,-75,4705,120,195,210,MID,Loum Tchaouna,Burnley
586,129,10,5,True,2025-11-29T20:00:00Z,1.0,2.0,13,False,76,0,1,0,2,0,0,0,0,0,0,0,24,25.4,15.3,7.0,4.8,1,5,2,8,1,0.04,0.03,0.07,0.41,54,-1286,30388,557,1843,586,MID,Lucas Bergvall,Spurs
37,121,20,7,True,2025-11-30T14:05:00Z,1.0,0.0,13,False,90,0,0,1,0,0,0,0,0,0,0,1,31,11.8,35.6,3.0,5.0,4,5,0,4,1,0.08,0.09,0.17,0.49,45,13558,278393,20703,7145,37,DEF,Lucas Digne,Aston Villa
665,126,13,3,False,2025-11-29T15:00:00Z,3.0,2.0,13,False,90,0,0,0,3,0,0,0,0,0,6,0,13,49.0,0.0,0.0,4.9,1,8,0,0,1,0.0,0.0,0.0,3.1,45,77,30064,1212,1135,665,GKP,Lucas Estella Perri,Leeds
195,122,5,0,False,2025-11-29T15:00:00Z,3.0,1.0,13,False,0,0,0,0,0,0,0,0,0,0,0,0,0,0.0,0.0,0.0,0.0,0,0,0,0,0,0.0,0.0,0.0,0.0,38,1917,35863,2523,606,195,DEF,Lucas Pires Silva,Burnley
612,130,12,-1,True,2025-11-30T14:05:00Z,0.0,2.0,13,False,83,0,0,0,2,0,0,0,0,1,0,0,1,0.0,6.9,1.0,0.6,1,7,0,8,1,0.01,0.02,0.03,0.9,59,-13384,229893,8152,21536,612,MID,Lucas Tolentino Coelho de Lima,West Ham
208,122,5,0,False,2025-11-29T15:00:00Z,3.0,1.0,13,False,0,0,0,0,0,0,0,0,0,0,0,0,0,0.0,0.0,0.0,0.0,0,0,0,0,0,0.0,0.0,0.0,0.0,50,-16,1463,0,16,208,MID,Luca Koleosho,Burnley
383,130,19,0,False,2025-11-30T14:05:00Z,0.0,2.0,13,False,0,0,0,0,0,0,0,0,0,0,0,0,0,0.0,0.0,0.0,0.0,0,0,0,0,0,0.0,0.0,0.0,0.0,80,-21,5700,0,21,383,MID,Luis Díaz Marulanda,Liverpool
729,127,6,0,True,2025-11-30T14:05:00Z,0.0,2.0,13,False,0,0,0,0,0,0,0,0,0,0,0,0,0,0.0,0.0,0.0,0.0,0,0,0,0,0,0.0,0.0,0.0,0.0,45,0,50,0,0,729,DEF,Luis Eduardo Soares da Silva,Nott'm Forest
619,130,12,1,True,2025-11-30T14:05:00Z,0.0,2.0,13,False,22,0,0,0,1,0,0,0,0,0,0,0,6,3.6,0.8,0.0,0.4,0,1,1,2,0,0.0,0.02,0.02,0.38,49,-28,2559,29,57,619,MID,Luis Guilherme Lira dos Santos,West Ham
91,128,17,0,False,2025-11-29T15:00:00Z,3.0,2.0,13,False,0,0,0,0,0,0,0,0,0,0,0,0,0,0.0,0.0,0.0,0.0,0,0,0,0,0,0.0,0.0,0.0,0.0,50,-17,1364,0,17,91,MID,Luis Sinisterra Lucumí,Bournemouth
738,130,12,0,True,2025-11-30T14:05:00Z,0.0,2.0,13,False,0,0,0,0,0,0,0,0,0,0,0,0,0,0.0,0.0,0.0,0.0,0,0,0,0,0,0.0,0.0,0.0,0.0,45,-203,4101,56,259,738,GKP,Lukasz Fabianski,West Ham
365,126,13,4,False,2025-11-29T15:00:00Z,3.0,2.0,13,False,81,1,0,0,2,0,0,1,0,0,0,0,22,35.2,0.4,54.0,9.0,1,1,1,3,1,1.01,0.0,1.01,2.73,50,5757,87335,9395,3638,365,FWD,Lukas Nmecha,Leeds
578,129,10,0,True,2025-11-29T20:00:00Z,1.0,2.0,13,False,0,0,0,0,0,0,0,0,0,0,0,0,0,0.0,0.0,0.0,0.0,0,0,0,0,0,0.0,0.0,0.0,0.0,39,-941,48195,0,941,578,DEF,Luka Vušković,Spurs
334,129,18,0,False,2025-11-29T20:00:00Z,1.0,2.0,13,False,0,0,0,0,0,0,0,0,0,0,0,0,0,0.0,0.0,0.0,0.0,0,0,0,0,0,0.0,0.0,0.0,0.0,45,-3,204,0,3,334,MID,Luke Harris,Fulham
539,128,4,0,True,2025-11-29T15:00:00Z,3.0,2.0,13,False,0,0,0,0,0,0,0,0,0,0,0,0,0,0.0,0.0,0.0,0.0,0,0,0,0,0,0.0,0.0,0.0,0.0,40,-76,6629,173,249,539,DEF,Luke O'Nien,Sunderland
443,124,8,1,False,2025-11-30T12:00:00Z,1.0,2.0,13,False,81,0,0,0,1,0,0,0,1,0,0,0,6,16.8,2.0,0.0,1.9,7,3,1,8,1,0.0,0.01,0.01,1.72,45,-1465,62175,2311,3776,443,DEF,Luke Shaw,Man Utd
724,128,4,1,True,2025-11-29T15:00:00Z,3.0,2.0,13,False,4,0,0,0,0,0,0,0,0,0,0,0,3,1.2,0.0,0.0,0.1,1,0,0,1,0,0.0,0.0,0.0,0.03,45,30,3704,250,220,724,DEF,Lutsharel Geertruida,Sunderland
563,128,4,0,True,2025-11-29T15:00:00Z,3.0,2.0,13,False,0,0,0,0,0,0,0,0,0,0,0,0,0,0.0,0.0,0.0,0.0,0,0,0,0,0,0.0,0.0,0.0,0.0,44,-245,12277,0,245,563,FWD,Luís Hemir Silva Semedo,Sunderland
217,122,5,2,False,2025-11-29T15:00:00Z,3.0,1.0,13,False,74,0,0,1,0,0,0,0,0,0,0,0,9,6.0,0.4,6.0,1.2,2,3,2,7,1,0.0,0.0,0.0,1.52,50,-13896,174735,2798,16694,217,FWD,Lyle Foster,Burnley
679,130,12,0,True,2025-11-30T14:05:00Z,0.0,2.0,13,False,0,0,0,0,0,0,0,0,0,0,0,0,0,0.0,0.0,0.0,0.0,0,0,0,0,0,0.0,0.0,0.0,0.0,43,-637,28189,67,704,679,GKP,Mads Hermansen,West Ham
112,122,3,0,True,2025-11-29T15:00:00Z,3.0,1.0,13,False,0,0,0,0,0,0,0,0,0,0,0,0,0,0.0,0.0,0.0,0.0,0,0,0,0,0,0.0,0.0,0.0,0.0,45,-21,1986,0,21,112,DEF,Mads Roerslev Rasmussen,Brentford
277,124,14,0,True,2025-11-30T12:00:00Z,1.0,2.0,13,False,0,0,0,0,0,0,0,0,0,0,0,0,0,0.0,0.0,0.0,0.0,0,0,0,0,0,0.0,0.0,0.0,0.0,45,-6,394,0,6,277,MID,Malcolm Ebiowei,Crystal Palace
14,123,7,0,False,2025-11-30T16:30:00Z,1.0,1.0,13,False,0,0,0,0,0,0,0,0,0,0,0,0,0,0.0,0.0,0.0,0.0,0,0,0,0,0,0.0,0.0,0.0,0.0,39,-344,14422,0,344,14,DEF,Maldini Kacurri,Arsenal
684,125,9,16,False,2025-11-29T17:30:00Z,1.0,4.0,13,False,90,2,0,0,1,0,0,0,0,0,0,2,40,85.0,0.7,66.0,15.2,5,4,1,6,1,0.39,0.01,0.4,0.99,49,4709,60794,7276,2567,684,DEF,Malick Thiaw,Newcastle
174,127,16,0,False,2025-11-30T14:05:00Z,0.0,2.0,13,False,0,0,0,0,0,0,0,0,0,0,0,0,0,0.0,0.0,0.0,0.0,0,0,0,0,0,0.0,0.0,0.0,0.0,50,-1,665,0,1,174,MID,Malick Yalcouyé,Brighton
228,123,1,2,True,2025-11-30T16:30:00Z,1.0,1.0,13,False,90,0,0,0,1,0,0,0,0,0,0,0,6,14.2,11.8,0.0,2.6,3,3,3,6,1,0.0,0.01,0.01,1.26,49,-5412,189865,11318,16730,228,DEF,Malo Gusto,Chelsea
231,123,1,0,True,2025-11-30T16:30:00Z,1.0,1.0,13,False,0,0,0,0,0,0,0,0,0,0,0,0,0,0.0,0.0,0.0,0.0,0,0,0,0,0,0.0,0.0,0.0,0.0,45,-12,920,0,12,231,DEF,Mamadou Sarr,Chelsea
589,129,10,0,True,2025-11-29T20:00:00Z,1.0,2.0,13,False,0,0,0,0,0,0,0,0,0,0,0,0,0,0.0,0.0,0.0,0.0,0,0,0,0,0,0.0,0.0,0.0,0.0,54,-3,885,0,3,589,MID,Manor Solomon,Spurs
404,126,11,0,True,2025-11-29T15:00:00Z,3.0,2.0,13,False,0,0,0,0,0,0,0,0,0,0,0,0,0,0.0,0.0,0.0,0.0,0,0,0,0,0,0.0,0.0,0.0,0.0,54,-304,35258,0,304,404,DEF,Manuel Akanji,Man City
201,122,5,0,False,2025-11-29T15:00:00Z,3.0,1.0,13,False,0,0,0,0,0,0,0,0,0,0,0,0,0,0.0,0.0,0.0,0.0,0,0,0,0,0,0.0,0.0,0.0,0.0,54,-27,2047,0,27,201,MID,Manuel Benson Hedilazio,Burnley
459,124,8,0,False,2025-11-30T12:00:00Z,1.0,2.0,13,False,0,0,0,0,0,0,0,0,0,0,0,0,0,0.0,0.0,0.0,0.0,0,0,0,0,0,0.0,0.0,0.0,0.0,47,-434,16625,290,724,459,MID,Manuel Ugarte Ribeiro,Man Utd
72,128,17,2,False,2025-11-29T15:00:00Z,3.0,2.0,13,False,90,0,0,0,3,0,0,0,1,0,0,0,10,38.0,39.9,2.0,8.0,11,6,3,14,1,0.0,0.35,0.35,1.28,50,-40521,3111797,53912,94433,72,DEF,Marcos Senesi Barón,Bournemouth
33,121,20,0,True,2025-11-30T14:05:00Z,1.0,0.0,13,False,0,0,0,0,0,0,0,0,0,0,0,0,0,0.0,0.0,0.0,0.0,0,0,0,0,0,0.0,0.0,0.0,0.0,43,-1128,56538,183,1311,33,GKP,Marco Bizot,Aston Villa
401,126,11,0,True,2025-11-29T15:00:00Z,3.0,2.0,13,False,0,0,0,0,0,0,0,0,0,0,0,0,0,0.0,0.0,0.0,0.0,0,0,0,0,0,0.0,0.0,0.0,0.0,40,-243,14111,61,304,401,GKP,Marcus Bettinelli,Man City
206,122,5,0,False,2025-11-29T15:00:00Z,3.0,1.0,13,False,0,0,0,0,0,0,0,0,0,0,0,0,0,0.0,0.0,0.0,0.0,0,0,0,0,0,0.0,0.0,0.0,0.0,47,-188,7037,106,294,206,MID,Marcus Edwards,Burnley
451,124,8,0,False,2025-11-30T12:00:00Z,1.0,2.0,13,False,0,0,0,0,0,0,0,0,0,0,0,0,0,0.0,0.0,0.0,0.0,0,0,0,0,0,0.0,0.0,0.0,0.0,70,-13,2059,0,13,451,MID,Marcus Rashford,Man Utd
84,128,17,1,False,2025-11-29T15:00:00Z,3.0,2.0,13,False,90,0,0,0,3,0,0,0,1,0,0,0,10,11.8,50.0,17.0,7.9,1,3,1,5,1,0.2,0.13,0.33,1.28,55,19485,264633,32964,13479,84,MID,Marcus Tavernier,Bournemouth
224,123,1,1,True,2025-11-30T16:30:00Z,1.0,1.0,13,False,90,0,0,0,1,0,0,0,1,0,0,0,1,18.6,24.5,4.0,4.7,7,0,1,8,1,0.0,0.2,0.2,1.26,61,11900,2823266,83110,71210,224,DEF,Marc Cucurella Saseta,Chelsea
252,123,1,0,True,2025-11-30T16:30:00Z,1.0,1.0,13,False,0,0,0,0,0,0,0,0,0,0,0,0,0,0.0,0.0,0.0,0.0,0,0,0,0,0,0.0,0.0,0.0,0.0,42,-11994,961982,26003,37997,252,FWD,Marc Guiu Paz,Chelsea
260,124,14,0,True,2025-11-30T12:00:00Z,1.0,2.0,13,False,90,0,0,0,2,0,0,0,1,0,0,0,3,10.4,15.6,2.0,2.8,5,5,0,5,1,0.0,0.05,0.05,1.19,51,42173,4279023,101257,59084,260,DEF,Marc Guéhi,Man City
524,127,6,0,True,2025-11-30T14:05:00Z,0.0,2.0,13,False,0,0,0,0,0,0,0,0,0,0,0,0,0,0.0,0.0,0.0,0.0,0,0,0,0,0,0.0,0.0,0.0,0.0,45,-36,2422,0,36,524,MID,Marko Stamenić,Nott'm Forest
471,125,9,0,False,2025-11-29T17:30:00Z,1.0,4.0,13,False,0,0,0,0,0,0,0,0,0,0,0,0,0,0.0,0.0,0.0,0.0,0,0,0,0,0,0.0,0.0,0.0,0.0,39,-3,17472,224,227,471,GKP,Mark Gillespie,Newcastle
288,125,15,0,True,2025-11-29T17:30:00Z,1.0,4.0,13,False,0,0,0,0,0,0,0,0,0,0,0,0,0,0.0,0.0,0.0,0.0,0,0,0,0,0,0.0,0.0,0.0,0.0,44,-77,14520,136,213,288,GKP,Mark Travers,Everton
648,121,2,0,False,2025-11-30T14:05:00Z,1.0,0.0,13,False,0,0,0,0,0,0,0,0,0,0,0,0,0,0.0,0.0,0.0,0.0,0,0,0,0,0,0.0,0.0,0.0,0.0,54,-1183,9888,228,1411,648,MID,Marshall Munetsi,Wolves
333,129,18,0,False,2025-11-29T20:00:00Z,1.0,2.0,13,False,0,0,0,0,0,0,0,0,0,0,0,0,0,0.0,0.0,0.0,0.0,0,0,0,0,0,0.0,0.0,0.0,0.0,45,-67,3424,0,67,333,MID,Martial Godo,Fulham
470,122,5,1,False,2025-11-29T15:00:00Z,3.0,1.0,13,False,90,0,0,0,3,0,0,0,0,0,1,0,0,7.2,0.0,0.0,0.7,1,13,0,0,1,0.0,0.01,0.01,3.06,40,-18128,4177393,20357,38485,470,GKP,Martin Dúbravka,Burnley
313,125,15,0,True,2025-11-29T17:30:00Z,1.0,4.0,13,False,0,0,0,0,0,0,0,0,0,0,0,0,0,0.0,0.0,0.0,0.0,0,0,0,0,0,0.0,0.0,0.0,0.0,44,-317,16211,0,317,313,FWD,Martin Sherif,Everton
17,123,7,1,False,2025-11-30T16:30:00Z,1.0,1.0,13,False,33,0,0,0,0,0,0,0,0,0,0,0,3,1.4,2.8,0.0,0.4,0,2,0,2,0,0.0,0.04,0.04,0.27,78,406,169500,2085,1679,17,MID,Martin Ødegaard,Arsenal
26,123,7,0,False,2025-11-30T16:30:00Z,1.0,1.0,13,False,56,0,0,0,1,0,0,0,1,0,0,0,1,2.2,11.4,0.0,1.4,1,3,0,4,1,0.0,0.01,0.01,0.52,54,-23999,332164,6998,30997,26,MID,Martín Zubimendi Ibáñez,Arsenal
455,124,8,8,False,2025-11-30T12:00:00Z,1.0,2.0,13,False,90,1,0,0,1,0,0,0,0,0,0,1,31,41.2,16.3,13.0,7.1,1,6,1,8,1,0.09,0.01,0.1,1.83,59,-812,31094,845,1657,455,MID,Mason Mount,Man Utd
75,128,17,0,False,2025-11-29T15:00:00Z,3.0,2.0,13,False,0,0,0,0,0,0,0,0,0,0,0,0,0,0.0,0.0,0.0,0.0,0,0,0,0,0,0.0,0.0,0.0,0.0,39,-1142,29138,34,1176,75,DEF,Matai Akinmboni,Bournemouth
364,126,13,0,False,2025-11-29T15:00:00Z,3.0,2.0,13,False,0,0,0,0,0,0,0,0,0,0,0,0,0,0.0,0.0,0.0,0.0,0,0,0,0,0,0.0,0.0,0.0,0.0,50,-5,1303,0,5,364,FWD,Mateo Joseph Fernández-Regatillo,Leeds
422,126,11,0,True,2025-11-29T15:00:00Z,3.0,2.0,13,False,0,0,0,0,0,0,0,0,0,0,0,0,0,0.0,0.0,0.0,0.0,0,0,0,0,0,0.0,0.0,0.0,0.0,59,-128,2712,13,141,422,MID,Mateo Kovačić,Man City
708,130,12,2,True,2025-11-30T14:05:00Z,0.0,2.0,13,False,90,0,0,0,2,0,0,0,0,0,0,0,18,15.2,44.4,2.0,6.2,1,3,2,6,1,0.02,0.18,0.2,1.24,55,-1069,7157,686,1755,708,MID,Mateus Gonçalo Espanha Fernandes,West Ham
749,121,2,1,False,2025-11-30T14:05:00Z,1.0,0.0,13,False,13,0,0,0,0,0,0,0,0,0,0,0,4,3.2,0.2,7.0,1.0,0,0,0,0,0,0.03,0.0,0.03,0.11,45,198,2675,476,278,749,FWD,Mateus Mané,Wolves
279,124,14,0,True,2025-11-30T12:00:00Z,1.0,2.0,13,False,0,0,0,0,0,0,0,0,0,0,0,0,0,0.0,0.0,0.0,0.0,0,0,0,0,0,0.0,0.0,0.0,0.0,45,-13,849,0,13,279,MID,Matheus França de Oliveira,Crystal Palace
407,126,11,3,True,2025-11-29T15:00:00Z,3.0,2.0,13,False,90,0,1,0,2,0,0,0,1,0,0,0,7,23.4,16.3,4.0,4.4,4,7,0,4,1,0.0,0.27,0.27,1.54,53,35686,177336,41208,5522,407,DEF,Matheus Nunes,Man City
450,124,8,0,False,2025-11-30T12:00:00Z,1.0,2.0,13,False,0,0,0,0,0,0,0,0,0,0,0,0,0,0.0,0.0,0.0,0.0,0,0,0,0,0,0.0,0.0,0.0,0.0,79,-89407,478419,7853,97260,450,MID,Matheus Santos Carneiro da Cunha,Man Utd
126,122,3,2,True,2025-11-29T15:00:00Z,3.0,1.0,13,False,84,0,0,0,1,0,0,0,0,0,0,0,10,4.4,4.3,2.0,1.1,0,5,1,6,1,0.0,0.02,0.02,0.93,49,-308,9907,211,519,126,MID,Mathias Jensen,Brentford
584,129,10,1,True,2025-11-29T20:00:00Z,1.0,2.0,13,False,5,0,0,0,0,0,0,0,0,0,0,0,3,0.2,0.2,0.0,0.0,0,0,0,0,0,0.0,0.0,0.0,0.0,63,-351,14956,531,882,584,MID,Mathys Tel,Spurs
173,127,16,4,False,2025-11-30T14:05:00Z,0.0,2.0,13,False,90,0,0,1,0,0,0,0,1,0,0,0,20,41.0,34.6,11.0,8.7,17,4,4,25,1,0.17,0.03,0.2,0.71,49,-1858,43931,2637,4495,173,MID,Mats Wieffer,Brighton
103,122,3,0,True,2025-11-29T15:00:00Z,3.0,1.0,13,False,0,0,0,0,0,0,0,0,0,0,0,0,0,0.0,0.0,0.0,0.0,0,0,0,0,0,0.0,0.0,0.0,0.0,40,-106,17100,92,198,103,GKP,Matthew Cox,Brentford
436,124,8,2,False,2025-11-30T12:00:00Z,1.0,2.0,13,False,90,0,0,0,1,0,0,0,0,0,0,0,6,10.8,0.4,11.0,2.2,5,2,1,6,1,0.06,0.0,0.06,1.83,50,931,430190,16141,15210,436,DEF,Matthijs de Ligt,Man Utd
36,121,20,6,True,2025-11-30T14:05:00Z,1.0,0.0,13,False,90,0,0,1,0,0,0,0,0,0,0,0,28,14.0,6.0,21.0,4.1,3,2,2,5,1,0.03,0.03,0.06,0.49,46,96505,1131281,115420,18915,36,DEF,Matty Cash,Aston Villa
632,121,2,0,False,2025-11-30T14:05:00Z,1.0,0.0,13,False,0,0,0,0,0,0,0,0,0,0,0,0,0,0.0,0.0,0.0,0.0,0,0,0,0,0,0.0,0.0,0.0,0.0,44,-453,10757,10,463,632,DEF,Matt Doherty,Wolves
164,127,16,0,False,2025-11-30T14:05:00Z,0.0,2.0,13,False,0,0,0,0,0,0,0,0,0,0,0,0,0,0.0,0.0,0.0,0.0,0,0,0,0,0,0.0,0.0,0.0,0.0,55,-629,46187,0,629,164,MID,Matt O'Riley,Brighton
484,125,9,0,False,2025-11-29T17:30:00Z,1.0,4.0,13,False,0,0,0,0,0,0,0,0,0,0,0,0,0,0.0,0.0,0.0,0.0,0,0,0,0,0,0.0,0.0,0.0,0.0,40,-498,22184,0,498,484,DEF,Matt Targett,Newcastle
504,127,6,0,True,2025-11-30T14:05:00Z,0.0,2.0,13,False,0,0,0,0,0,0,0,0,0,0,0,0,0,0.0,0.0,0.0,0.0,0,0,0,0,0,0.0,0.0,0.0,0.0,40,-178,12145,0,178,504,GKP,Matt Turner,Nott'm Forest
502,127,6,2,True,2025-11-30T14:05:00Z,0.0,2.0,13,False,90,0,0,0,2,0,0,0,0,0,3,0,10,26.8,0.0,0.0,2.7,0,7,1,0,1,0.0,0.0,0.0,1.53,47,-4543,945731,10703,15246,502,GKP,Matz Sels,Nott'm Forest
257,124,14,3,True,2025-11-30T12:00:00Z,1.0,2.0,13,False,90,0,0,0,2,0,0,0,0,0,0,0,10,22.8,0.6,4.0,2.7,12,3,2,14,1,0.08,0.0,0.08,1.19,50,99838,623238,109997,10159,257,DEF,Maxence Lacroix,Crystal Palace
191,122,5,3,False,2025-11-29T15:00:00Z,3.0,1.0,13,False,90,0,0,0,3,0,0,0,0,0,0,0,6,21.4,0.7,0.0,2.2,9,2,2,11,1,0.0,0.0,0.0,3.06,39,-17360,1480835,18160,35520,191,DEF,Maxime Estève,Burnley
605,130,12,0,True,2025-11-30T14:05:00Z,0.0,2.0,13,False,0,0,0,0,0,0,0,0,0,0,0,0,0,0.0,0.0,0.0,0.0,0,0,0,0,0,0.0,0.0,0.0,0.0,43,-1575,20529,192,1767,605,DEF,Maximilian Kilman,West Ham
145,127,16,15,False,2025-11-30T14:05:00Z,0.0,2.0,13,False,83,1,0,1,0,0,0,0,0,0,0,3,49,49.8,55.5,21.0,12.6,3,2,0,3,1,0.4,0.29,0.69,0.7,43,-8981,208632,575,9556,145,DEF,Maxim De Cuyper,Brighton
617,130,12,0,True,2025-11-30T14:05:00Z,0.0,2.0,13,False,0,0,0,0,0,0,0,0,0,0,0,0,0,0.0,0.0,0.0,0.0,0,0,0,0,0,0.0,0.0,0.0,0.0,49,-23,2060,0,23,617,MID,Maxwel Cornet,West Ham
700,123,7,0,False,2025-11-30T16:30:00Z,1.0,1.0,13,False,0,0,0,0,0,0,0,0,0,0,0,0,0,0.0,0.0,0.0,0.0,0,0,0,0,0,0.0,0.0,0.0,0.0,43,-530,64558,4826,5356,700,MID,Max Dowman,Arsenal
183,122,5,0,False,2025-11-29T15:00:00Z,3.0,1.0,13,False,0,0,0,0,0,0,0,0,0,0,0,0,0,0.0,0.0,0.0,0.0,0,0,0,0,0,0.0,0.0,0.0,0.0,43,-166,14720,128,294,183,GKP,Max Weiß,Burnley
728,125,15,0,True,2025-11-29T17:30:00Z,1.0,4.0,13,False,0,0,0,0,0,0,0,0,0,0,0,0,0,0.0,0.0,0.0,0.0,0,0,0,0,0,0.0,0.0,0.0,0.0,50,-62,958,11,73,728,MID,Merlin Röhl,Everton
110,122,3,2,True,2025-11-29T15:00:00Z,3.0,1.0,13,False,90,0,0,0,1,0,0,0,0,0,0,0,7,13.8,16.9,4.0,3.5,7,3,2,9,1,0.0,0.12,0.12,0.95,45,7825,92032,11071,3246,110,DEF,Michael Kayode,Brentford
295,125,15,2,True,2025-11-29T17:30:00Z,1.0,4.0,13,False,90,0,0,0,4,0,0,0,0,0,0,0,5,29.0,1.4,2.0,3.2,10,6,1,11,1,0.04,0.01,0.05,1.91,45,83232,281848,89427,6195,295,DEF,Michael Keane,Everton
219,122,5,0,False,2025-11-29T15:00:00Z,3.0,1.0,13,False,0,0,0,0,0,0,0,0,0,0,0,0,0,0.0,0.0,0.0,0.0,0,0,0,0,0,0.0,0.0,0.0,0.0,44,-360,16587,0,360,219,FWD,Michael Obafemi,Burnley
575,129,10,0,True,2025-11-29T20:00:00Z,1.0,2.0,13,False,90,0,0,0,2,0,0,0,1,0,0,0,0,17.0,1.3,3.0,2.1,5,4,2,7,1,0.05,0.01,0.06,0.45,48,19027,4194245,102708,83681,575,DEF,Micky van de Ven,Spurs
22,123,7,9,False,2025-11-30T16:30:00Z,1.0,1.0,13,False,90,1,0,0,1,0,0,0,0,0,0,2,28,34.2,2.3,35.0,7.2,2,1,1,4,1,0.65,0.02,0.67,0.79,59,-1418,117316,10669,12087,22,MID,Mikel Merino Zazón,Arsenal
592,129,10,0,True,2025-11-29T20:00:00Z,1.0,2.0,13,False,0,0,0,0,0,0,0,0,0,0,0,0,0,0.0,0.0,0.0,0.0,0,0,0,0,0,0.0,0.0,0.0,0.0,50,-2,445,0,2,592,MID,Mikey Moore,Spurs
222,123,1,0,True,2025-11-30T16:30:00Z,1.0,1.0,13,False,0,0,0,0,0,0,0,0,0,0,0,0,0,0.0,0.0,0.0,0.0,0,0,0,0,0,0.0,0.0,0.0,0.0,40,-1,392,0,1,222,GKP,Mike Penders,Chelsea
214,122,5,0,False,2025-11-29T15:00:00Z,3.0,1.0,13,False,0,0,0,0,0,0,0,0,0,0,0,0,0,0.0,0.0,0.0,0.0,0,0,0,0,0,0.0,0.0,0.0,0.0,44,-310,8911,144,454,214,MID,Mike Trésor Ndayishimiye,Burnley
121,122,3,4,True,2025-11-29T15:00:00Z,3.0,1.0,13,False,90,0,0,0,1,0,0,0,0,0,0,0,20,17.0,41.3,16.0,7.4,2,9,1,12,1,0.17,0.22,0.39,0.95,58,-12,80299,4272,4284,121,MID,Mikkel Damsgaard,Brentford
546,128,4,0,True,2025-11-29T15:00:00Z,3.0,2.0,13,False,0,0,0,0,0,0,0,0,0,0,0,0,0,0.0,0.0,0.0,0.0,0,0,0,0,0,0.0,0.0,0.0,0.0,49,-17,2087,0,17,546,MID,Milan Aleksić,Sunderland
371,130,19,6,False,2025-11-30T14:05:00Z,0.0,2.0,13,False,84,0,0,1,0,0,0,0,0,0,0,0,24,13.4,12.2,2.0,2.8,3,3,2,5,1,0.0,0.01,0.01,0.15,57,-13753,394411,2840,16593,371,DEF,Milos Kerkez,Liverpool
483,125,9,0,False,2025-11-29T17:30:00Z,1.0,4.0,13,False,0,0,0,0,0,0,0,0,0,0,0,0,0,0.0,0.0,0.0,0.0,0,0,0,0,0,0.0,0.0,0.0,0.0,38,6470,66007,7573,1103,483,DEF,Miodrag Pivaš,Newcastle
157,127,16,0,False,2025-11-30T14:05:00Z,0.0,2.0,13,False,0,0,0,0,0,0,0,0,0,0,0,0,0,0.0,0.0,0.0,0.0,0,0,0,0,0,0.0,0.0,0.0,0.0,61,-10483,231744,102,10585,157,MID,Mitoma Kaoru,Brighton
381,130,19,0,False,2025-11-30T14:05:00Z,0.0,2.0,13,False,0,0,0,0,0,0,0,0,0,0,0,0,0,0.0,0.0,0.0,0.0,0,0,0,0,0,0.0,0.0,0.0,0.0,142,-170817,3002382,17752,188569,381,MID,Mohamed Salah,Liverpool
582,129,10,8,True,2025-11-29T20:00:00Z,1.0,2.0,13,False,90,1,0,0,2,0,0,0,0,0,0,1,28,42.0,34.1,23.0,9.9,0,7,0,7,1,0.02,0.09,0.11,0.45,65,-125772,2084088,27123,152895,582,MID,Mohammed Kudus,Spurs
241,123,1,-2,True,2025-11-30T16:30:00Z,1.0,1.0,13,False,37,0,0,0,1,0,0,0,0,1,0,0,-3,0.0,1.8,0.0,0.0,2,4,0,6,1,0.0,0.01,0.01,0.13,60,-251215,2634610,34252,285467,241,MID,Moisés Caicedo Corozo,Chelsea
515,127,6,2,True,2025-11-30T14:05:00Z,0.0,2.0,13,False,84,0,0,0,1,0,0,0,0,0,0,0,6,2.2,25.8,19.0,4.7,1,1,0,2,1,0.28,0.05,0.33,1.44,73,81958,511416,108983,27025,515,MID,Morgan Gibbs-White,Nott'm Forest
47,121,20,3,True,2025-11-30T14:05:00Z,1.0,0.0,13,False,90,0,0,1,0,0,0,0,0,0,0,0,3,0.0,2.9,23.0,2.5,0,3,1,4,1,0.08,0.04,0.12,0.49,69,584606,1640019,592998,8392,47,MID,Morgan Rogers,Aston Villa
506,127,6,0,True,2025-11-30T14:05:00Z,0.0,2.0,13,False,0,0,0,0,0,0,0,0,0,0,0,0,0,0.0,0.0,0.0,0.0,0,0,0,0,0,0.0,0.0,0.0,0.0,53,43362,291801,50331,6969,506,DEF,Murillo Costa dos Santos,Nott'm Forest
245,123,1,0,True,2025-11-30T16:30:00Z,1.0,1.0,13,False,0,0,0,0,0,0,0,0,0,0,0,0,0,0.0,0.0,0.0,0.0,0,0,0,0,0,0.0,0.0,0.0,0.0,49,3,1015,29,26,245,MID,Mykhailo Mudryk,Chelsea
10,123,7,0,False,2025-11-30T16:30:00Z,1.0,1.0,13,False,45,0,0,0,1,0,0,0,1,0,0,0,-1,0.4,2.2,0.0,0.3,2,3,1,3,0,0.0,0.02,0.02,0.48,51,-4045,194570,1262,5307,10,DEF,Myles Lewis-Skelly,Arsenal
133,122,3,0,True,2025-11-29T15:00:00Z,3.0,1.0,13,False,0,0,0,0,0,0,0,0,0,0,0,0,0,0.0,0.0,0.0,0.0,0,0,0,0,0,0.0,0.0,0.0,0.0,44,-111,4842,56,167,133,MID,Myles Peart-Harris,Brentford
275,124,14,0,True,2025-11-30T12:00:00Z,1.0,2.0,13,False,0,0,0,0,0,0,0,0,0,0,0,0,0,0.0,0.0,0.0,0.0,0,0,0,0,0,0.0,0.0,0.0,0.0,44,-165,5413,37,202,275,MID,Naouirou Ahamada,Crystal Palace
263,124,14,0,True,2025-11-30T12:00:00Z,1.0,2.0,13,False,0,0,0,0,0,0,0,0,0,0,0,0,0,0.0,0.0,0.0,0.0,0,0,0,0,0,0.0,0.0,0.0,0.0,38,832,68895,2427,1595,263,DEF,Nathaniel Clyne,Crystal Palace
405,126,11,0,True,2025-11-29T15:00:00Z,3.0,2.0,13,False,0,0,0,0,0,0,0,0,0,0,0,0,0,0.0,0.0,0.0,0.0,0,0,0,0,0,0.0,0.0,0.0,0.0,53,-908,76919,768,1676,405,DEF,Nathan Aké,Man City
106,122,3,4,True,2025-11-29T15:00:00Z,3.0,1.0,13,False,90,0,0,0,1,0,0,0,0,0,0,0,13,43.4,10.7,18.0,7.2,21,10,1,22,1,0.64,0.01,0.65,0.95,49,9275,209914,14293,5018,106,DEF,Nathan Collins,Brentford
658,121,2,0,False,2025-11-30T14:05:00Z,1.0,0.0,13,False,0,0,0,0,0,0,0,0,0,0,0,0,0,0.0,0.0,0.0,0.0,0,0,0,0,0,0.0,0.0,0.0,0.0,43,-2933,224060,3614,6547,658,FWD,Nathan Fraser,Wolves
296,125,15,0,True,2025-11-29T17:30:00Z,1.0,4.0,13,False,0,0,0,0,0,0,0,0,0,0,0,0,0,0.0,0.0,0.0,0.0,0,0,0,0,0,0.0,0.0,0.0,0.0,44,-21,1945,20,41,296,DEF,Nathan Patterson,Everton
607,130,12,0,True,2025-11-30T14:05:00Z,0.0,2.0,13,False,0,0,0,0,0,0,0,0,0,0,0,0,0,0.0,0.0,0.0,0.0,0,0,0,0,0,0.0,0.0,0.0,0.0,44,-68,5779,0,68,607,DEF,Nayef Aguerd,West Ham
564,128,4,0,True,2025-11-29T15:00:00Z,3.0,2.0,13,False,0,0,0,0,0,0,0,0,0,0,0,0,0,0.0,0.0,0.0,0.0,0,0,0,0,0,0.0,0.0,0.0,0.0,44,-210,11979,0,210,564,FWD,Nazarii Rusyn,Sunderland
508,127,6,1,True,2025-11-30T14:05:00Z,0.0,2.0,13,False,90,0,0,0,2,0,0,0,0,0,0,0,7,13.8,2.0,2.0,1.8,3,6,5,8,1,0.0,0.01,0.01,1.53,47,16491,420691,21752,5261,508,DEF,Neco Williams,Nott'm Forest
559,128,4,0,True,2025-11-29T15:00:00Z,3.0,2.0,13,False,0,0,0,0,0,0,0,0,0,0,0,0,0,0.0,0.0,0.0,0.0,0,0,0,0,0,0.0,0.0,0.0,0.0,44,-141,4772,0,141,559,MID,Nectarios Triantis,Sunderland
744,127,16,0,False,2025-11-30T14:05:00Z,0.0,2.0,13,False,0,0,0,0,0,0,0,0,0,0,0,0,0,0.0,0.0,0.0,0.0,0,0,0,0,0,0.0,0.0,0.0,0.0,45,-4,1030,85,89,744,MID,Nehemiah Oriola,Brighton
537,128,4,0,True,2025-11-29T15:00:00Z,3.0,2.0,13,False,0,0,0,0,0,0,0,0,0,0,0,0,0,0.0,0.0,0.0,0.0,0,0,0,0,0,0.0,0.0,0.0,0.0,40,-184,10159,0,184,537,DEF,Niall Huggins,Sunderland
469,125,9,0,False,2025-11-29T17:30:00Z,1.0,4.0,13,False,0,0,0,0,0,0,0,0,0,0,0,0,0,0.0,0.0,0.0,0.0,0,0,0,0,0,0.0,0.0,0.0,0.0,52,-8825,1329849,25760,34585,469,GKP,Nick Pope,Newcastle
714,125,9,7,False,2025-11-29T17:30:00Z,1.0,4.0,13,False,89,1,0,0,1,0,0,0,0,0,0,1,33,41.2,13.3,29.0,8.4,2,2,0,4,1,0.59,0.11,0.7,0.94,74,-43893,2302961,150550,194443,714,FWD,Nick Woltemade,Newcastle
625,130,12,1,True,2025-11-30T14:05:00Z,0.0,2.0,13,False,12,0,0,0,1,0,0,0,0,0,0,0,3,1.2,10.5,5.0,1.7,0,0,0,0,0,0.07,0.03,0.1,0.34,56,-414,82382,675,1089,625,FWD,Niclas Füllkrug,West Ham
251,123,1,0,True,2025-11-30T16:30:00Z,1.0,1.0,13,False,0,0,0,0,0,0,0,0,0,0,0,0,0,0.0,0.0,0.0,0.0,0,0,0,0,0,0.0,0.0,0.0,0.0,65,-50,9654,0,50,251,FWD,Nicolas Jackson,Chelsea
519,127,6,1,True,2025-11-30T14:05:00Z,0.0,2.0,13,False,45,0,0,0,1,0,0,0,0,0,0,0,11,11.4,29.4,2.0,4.3,2,2,1,5,1,0.03,0.05,0.08,1.12,50,55,1714,120,65,519,MID,Nicolás Domínguez,Nott'm Forest
716,127,6,1,True,2025-11-30T14:05:00Z,0.0,2.0,13,False,90,0,0,0,2,0,0,0,0,0,0,0,4,7.4,2.3,24.0,3.4,3,2,0,3,1,0.04,0.02,0.06,1.53,45,13944,25766,14681,737,716,DEF,Nicolò Savona,Nott'm Forest
423,126,11,4,True,2025-11-29T15:00:00Z,3.0,2.0,13,False,90,0,0,0,2,0,0,0,0,0,0,0,19,14.4,7.1,14.0,3.6,4,8,1,13,1,0.15,0.05,0.2,1.54,59,2024,17926,3163,1139,423,MID,Nico González Iglesias,Man City
411,126,11,4,True,2025-11-29T15:00:00Z,3.0,2.0,13,False,90,0,1,0,2,0,0,0,0,0,0,0,20,43.4,33.9,76.0,15.3,8,3,0,8,1,0.89,0.21,1.1,1.54,51,329256,1072018,342912,13656,411,DEF,Nico O'Reilly,Man City
505,127,6,1,True,2025-11-30T14:05:00Z,0.0,2.0,13,False,90,0,0,0,2,0,0,0,0,0,0,0,3,11.6,0.8,5.0,1.7,5,5,0,5,1,0.03,0.01,0.04,1.53,52,12441,487083,18882,6441,505,DEF,Nikola Milenković,Nott'm Forest
698,126,13,1,False,2025-11-29T15:00:00Z,3.0,2.0,13,False,8,0,0,0,1,0,0,0,0,0,0,0,3,0.0,0.0,2.0,0.2,0,0,0,0,0,0.0,0.0,0.0,0.36,55,-2831,17718,765,3596,698,MID,Noah Okafor,Leeds
552,128,4,2,True,2025-11-29T15:00:00Z,3.0,2.0,13,False,90,0,0,0,2,0,0,0,0,0,0,0,6,2.6,2.0,2.0,0.7,1,2,0,3,1,0.0,0.01,0.01,1.7,50,-41,8424,544,585,552,MID,Noah Sadiki,Sunderland
18,123,7,1,False,2025-11-30T16:30:00Z,1.0,1.0,13,False,33,0,0,0,0,0,0,0,0,0,0,0,2,0.0,2.1,4.0,0.6,0,0,0,0,0,0.0,0.03,0.03,0.27,68,2668,74828,3452,784,18,MID,Noni Madueke,Arsenal
311,125,15,1,True,2025-11-29T17:30:00Z,1.0,4.0,13,False,3,0,0,0,0,0,0,0,0,0,0,0,1,0.0,0.3,2.0,0.1,0,2,0,2,0,0.0,0.0,0.0,0.0,51,-16463,355832,5077,21540,311,FWD,Norberto Bercique Gomes Betuncal,Everton
66,128,17,0,False,2025-11-29T15:00:00Z,3.0,2.0,13,False,0,0,0,0,0,0,0,0,0,0,0,0,0,0.0,0.0,0.0,0.0,0,0,0,0,0,0.0,0.0,0.0,0.0,45,-140,8505,0,140,66,GKP,Norberto Murara Neto,Bournemouth
694,128,4,0,True,2025-11-29T15:00:00Z,3.0,2.0,13,False,90,0,0,0,2,0,0,0,1,0,0,0,5,11.4,12.1,0.0,2.4,5,8,4,9,1,0.0,0.0,0.0,1.7,42,15465,809556,35565,20100,694,DEF,Nordi Mukiele,Sunderland
438,124,8,1,False,2025-11-30T12:00:00Z,1.0,2.0,13,False,36,0,0,0,0,0,0,0,0,0,0,0,8,16.2,10.3,0.0,2.7,6,1,1,7,0,0.0,0.0,0.0,0.24,49,15,23945,732,717,438,DEF,Noussair Mazraoui,Man Utd
285,124,14,0,True,2025-11-30T12:00:00Z,1.0,2.0,13,False,0,0,0,0,0,0,0,0,0,0,0,0,0,0.0,0.0,0.0,0.0,0,0,0,0,0,0.0,0.0,0.0,0.0,50,-453,29504,0,453,285,FWD,Odsonne Édouard,Crystal Palace
472,125,9,0,False,2025-11-29T17:30:00Z,1.0,4.0,13,False,0,0,0,0,0,0,0,0,0,0,0,0,0,0.0,0.0,0.0,0.0,0,0,0,0,0,0.0,0.0,0.0,0.0,40,-26,2056,0,26,472,GKP,Odysseas Vlachodimos,Newcastle
507,127,6,0,True,2025-11-30T14:05:00Z,0.0,2.0,13,False,0,0,0,0,0,0,0,0,0,0,0,0,0,0.0,0.0,0.0,0.0,0,0,0,0,0,0.0,0.0,0.0,0.0,47,-8504,279886,34,8538,507,DEF,Ola Aina,Nott'm Forest
12,127,6,0,True,2025-11-30T14:05:00Z,0.0,2.0,13,False,0,0,0,0,0,0,0,0,0,0,0,0,0,0.0,0.0,0.0,0.0,0,0,0,0,0,0.0,0.0,0.0,0.0,49,-733,27744,46,779,12,DEF,Oleksandr Zinchenko,Nott'm Forest
197,122,5,0,False,2025-11-29T15:00:00Z,3.0,1.0,13,False,0,0,0,0,0,0,0,0,0,0,0,0,0,0.0,0.0,0.0,0.0,0,0,0,0,0,0.0,0.0,0.0,0.0,39,-262,16806,67,329,197,DEF,Oliver Sonne,Burnley
143,127,16,0,False,2025-11-30T14:05:00Z,0.0,2.0,13,False,0,0,0,0,0,0,0,0,0,0,0,0,0,0.0,0.0,0.0,0.0,0,0,0,0,0,0.0,0.0,0.0,0.0,42,-126,9574,71,197,143,DEF,Olivier Boscagli,Brighton
608,130,12,0,True,2025-11-30T14:05:00Z,0.0,2.0,13,False,0,0,0,0,0,0,0,0,0,0,0,0,0,0.0,0.0,0.0,0.0,0,0,0,0,0,0.0,0.0,0.0,0.0,44,-78,3569,6,84,608,DEF,Ollie Scarles,West Ham
64,121,20,1,True,2025-11-30T14:05:00Z,1.0,0.0,13,False,36,0,0,0,0,0,0,0,0,0,0,0,3,3.4,11.1,2.0,1.7,0,2,1,3,0,0.0,0.04,0.04,0.22,85,40402,895426,60746,20344,64,FWD,Ollie Watkins,Aston Villa
212,122,5,0,False,2025-11-29T15:00:00Z,3.0,1.0,13,False,0,0,0,0,0,0,0,0,0,0,0,0,0,0.0,0.0,0.0,0.0,0,0,0,0,0,0.0,0.0,0.0,0.0,45,-24,943,0,24,212,MID,Oluwaseun Adewumi,Burnley
693,127,6,1,True,2025-11-30T14:05:00Z,0.0,2.0,13,False,45,0,0,0,1,0,0,0,0,0,0,0,13,16.0,47.8,12.0,7.6,0,3,1,4,0,0.03,0.12,0.15,0.41,54,552,4496,703,151,693,MID,Omari Hutchinson,Nott'm Forest
683,128,4,0,True,2025-11-29T15:00:00Z,3.0,2.0,13,False,90,0,0,0,2,0,0,0,1,0,0,0,-2,12.2,0.3,4.0,1.7,8,2,1,9,1,0.0,0.0,0.0,1.7,41,-23355,549674,4221,27576,683,DEF,Omar Alderete,Sunderland
413,126,11,1,True,2025-11-29T15:00:00Z,3.0,2.0,13,False,1,0,0,0,0,0,0,0,0,0,0,0,0,3.0,0.0,17.0,2.0,0,0,0,0,0,0.13,0.0,0.13,0.12,83,312,327059,6678,6366,413,MID,Omar Marmoush,Man City
512,127,6,0,True,2025-11-30T14:05:00Z,0.0,2.0,13,False,0,0,0,0,0,0,0,0,0,0,0,0,0,0.0,0.0,0.0,0.0,0,0,0,0,0,0.0,0.0,0.0,0.0,45,-28,2655,0,28,512,DEF,Omar Richards,Nott'm Forest
424,126,11,0,True,2025-11-29T15:00:00Z,3.0,2.0,13,False,0,0,0,0,0,0,0,0,0,0,0,0,0,0.0,0.0,0.0,0.0,0,0,0,0,0,0.0,0.0,0.0,0.0,53,-1208,30305,449,1657,424,MID,Oscar Bobb,Fulham
76,128,17,0,False,2025-11-29T15:00:00Z,3.0,2.0,13,False,0,0,0,0,0,0,0,0,0,0,0,0,0,0.0,0.0,0.0,0.0,0,0,0,0,0,0.0,0.0,0.0,0.0,39,-336,19986,105,441,76,DEF,Owen Bevan,Bournemouth
189,122,5,0,False,2025-11-29T15:00:00Z,3.0,1.0,13,False,0,0,0,0,0,0,0,0,0,0,0,0,0,0.0,0.0,0.0,0.0,0,0,0,0,0,0.0,0.0,0.0,0.0,40,-22,1781,0,22,189,DEF,Owen Dodgson,Burnley
593,129,10,1,True,2025-11-29T20:00:00Z,1.0,2.0,13,False,13,0,0,0,0,0,0,0,0,0,0,0,3,2.2,0.0,0.0,0.2,1,1,0,2,0,0.0,0.0,0.0,0.04,48,-10014,182554,3899,13913,593,MID,Pape Matar Sarr,Spurs
132,122,3,0,True,2025-11-29T15:00:00Z,3.0,1.0,13,False,0,0,0,0,0,0,0,0,0,0,0,0,0,0.0,0.0,0.0,0.0,0,0,0,0,0,0.0,0.0,0.0,0.0,45,5,2059,99,94,132,MID,Paris Maghoma,Brentford
343,126,13,3,False,2025-11-29T15:00:00Z,3.0,2.0,13,False,90,0,0,0,3,0,0,0,0,0,0,0,1,21.2,0.2,9.0,3.0,9,1,1,10,1,0.11,0.0,0.11,3.1,44,-1552,32089,260,1812,343,DEF,Pascal Struijk,Leeds
363,126,13,0,False,2025-11-29T15:00:00Z,3.0,2.0,13,False,0,0,0,0,0,0,0,0,0,0,0,0,0,0.0,0.0,0.0,0.0,0,0,0,0,0,0.0,0.0,0.0,0.0,49,-869,48306,0,869,363,FWD,Patrick Bamford,Leeds
441,124,8,1,False,2025-11-30T12:00:00Z,1.0,2.0,13,False,1,0,0,0,0,0,0,0,0,0,0,0,4,0.0,0.3,0.0,0.0,0,0,0,0,0,0.0,0.0,0.0,0.11,42,-13009,331277,2747,15756,441,DEF,Patrick Dorgu,Man Utd
545,128,4,0,True,2025-11-29T15:00:00Z,3.0,2.0,13,False,0,0,0,0,0,0,0,0,0,0,0,0,0,0.0,0.0,0.0,0.0,0,0,0,0,0,0.0,0.0,0.0,0.0,54,-14,1680,0,14,545,MID,Patrick Roberts,Sunderland
41,121,20,6,True,2025-11-30T14:05:00Z,1.0,0.0,13,False,90,0,0,1,0,0,0,0,0,0,0,0,24,14.4,3.1,7.0,2.5,4,5,1,5,1,0.12,0.02,0.14,0.49,43,6719,66011,8368,1649,41,DEF,Pau Torres,Aston Villa
640,121,2,0,False,2025-11-30T14:05:00Z,1.0,0.0,13,False,0,0,0,0,0,0,0,0,0,0,0,0,0,0.0,0.0,0.0,0.0,0,0,0,0,0,0.0,0.0,0.0,0.0,40,-1212,55467,0,1212,640,DEF,Pedro Cardoso de Lima,Wolves
236,123,1,2,True,2025-11-30T16:30:00Z,1.0,1.0,13,False,90,0,0,0,1,0,0,0,0,0,0,0,3,2.4,5.8,14.0,2.2,3,2,1,6,1,0.2,0.05,0.25,1.26,71,98763,886254,137888,39125,236,MID,Pedro Lomba Neto,Chelsea
568,129,10,1,True,2025-11-29T20:00:00Z,1.0,2.0,13,False,90,0,0,0,2,0,0,0,0,0,0,0,19,28.8,50.3,9.0,8.8,4,6,3,7,1,0.06,0.43,0.49,0.45,54,-51893,2046061,29595,81488,568,DEF,Pedro Porro Sauceda,Spurs
147,127,16,0,False,2025-11-30T14:05:00Z,0.0,2.0,13,False,0,0,0,0,0,0,0,0,0,0,0,0,0,0.0,0.0,0.0,0.0,0,0,0,0,0,0.0,0.0,0.0,0.0,45,-11,1239,0,11,147,DEF,Pervis Estupiñán Tenorio,Brighton
89,128,17,0,False,2025-11-29T15:00:00Z,3.0,2.0,13,False,0,0,0,0,0,0,0,0,0,0,0,0,0,0.0,0.0,0.0,0.0,0,0,0,0,0,0.0,0.0,0.0,0.0,49,-29,2968,0,29,89,MID,Philip Billing,Bournemouth
414,126,11,15,True,2025-11-29T15:00:00Z,3.0,2.0,13,False,90,2,0,0,2,0,0,0,0,0,0,3,51,76.6,33.6,56.0,16.6,1,1,0,2,1,0.7,0.22,0.92,1.54,80,99752,881629,127510,27758,414,MID,Phil Foden,Man City
725,123,7,1,False,2025-11-30T16:30:00Z,1.0,1.0,13,False,90,0,0,0,1,0,0,0,1,0,0,0,9,14.0,2.1,0.0,1.6,4,6,2,6,1,0.0,0.43,0.43,0.79,54,2819,9982,3569,750,725,DEF,Piero Hincapié,Arsenal
556,128,4,0,True,2025-11-29T15:00:00Z,3.0,2.0,13,False,0,0,0,0,0,0,0,0,0,0,0,0,0,0.0,0.0,0.0,0.0,0,0,0,0,0,0.0,0.0,0.0,0.0,45,-12,772,0,12,556,MID,Pierre Ekwah Elimby,Sunderland
192,122,5,3,False,2025-11-29T15:00:00Z,3.0,1.0,13,False,90,0,0,0,3,0,0,0,0,0,0,0,8,24.2,11.3,1.0,3.7,7,6,5,12,1,0.02,0.01,0.03,3.06,40,-980,124874,6063,7043,192,DEF,Quilindschy Hartman,Burnley
572,129,10,0,True,2025-11-29T20:00:00Z,1.0,2.0,13,False,0,0,0,0,0,0,0,0,0,0,0,0,0,0.0,0.0,0.0,0.0,0,0,0,0,0,0.0,0.0,0.0,0.0,45,-16,632,15,31,572,DEF,Radu Drăgușin,Spurs
726,129,10,1,True,2025-11-29T20:00:00Z,1.0,2.0,13,False,90,0,0,0,2,0,0,0,1,0,0,0,-10,0.0,6.8,27.0,2.9,1,2,1,4,1,0.4,0.02,0.42,0.45,69,18403,57040,20586,2183,726,FWD,Randal Kolo Muani,Spurs
465,124,8,0,False,2025-11-30T12:00:00Z,1.0,2.0,13,False,0,0,0,0,0,0,0,0,0,0,0,0,0,0.0,0.0,0.0,0.0,0,0,0,0,0,0.0,0.0,0.0,0.0,63,-225,34337,0,225,465,FWD,Rasmus Højlund,Man Utd
402,126,11,0,True,2025-11-29T15:00:00Z,3.0,2.0,13,False,0,0,0,0,0,0,0,0,0,0,0,0,0,0.0,0.0,0.0,0.0,0,0,0,0,0,0.0,0.0,0.0,0.0,57,-9379,568214,4768,14147,402,DEF,Rayan Aït-Nouri,Man City
417,126,11,4,True,2025-11-29T15:00:00Z,3.0,2.0,13,False,15,0,1,0,0,0,0,0,0,0,0,0,13,19.6,12.3,4.0,3.6,1,1,0,2,0,0.0,0.1,0.1,0.13,64,80070,527439,90036,9966,417,MID,Rayan Cherki,Man City
337,129,18,1,False,2025-11-29T20:00:00Z,1.0,2.0,13,False,90,0,0,0,1,0,0,0,1,0,0,0,10,9.4,2.3,0.0,1.2,3,3,1,7,1,0.0,0.01,0.01,0.86,62,-3543,108629,4891,8434,337,FWD,Raúl Jiménez Rodríguez,Fulham
225,123,1,8,True,2025-11-30T16:30:00Z,1.0,1.0,13,False,90,0,1,0,1,0,0,0,0,0,0,3,30,28.2,35.3,2.0,6.6,2,2,1,3,1,0.02,0.16,0.18,1.26,56,-104055,933650,15567,119622,225,DEF,Reece James,Chelsea
298,125,15,0,True,2025-11-29T17:30:00Z,1.0,4.0,13,False,0,0,0,0,0,0,0,0,0,0,0,0,0,0.0,0.0,0.0,0.0,0,0,0,0,0,0.0,0.0,0.0,0.0,39,-258,17432,62,320,298,DEF,Reece Welch,Everton
541,128,4,4,True,2025-11-29T15:00:00Z,3.0,2.0,13,False,90,0,1,0,2,0,0,0,0,0,0,0,8,12.8,1.7,6.0,2.1,3,8,2,5,1,0.03,0.01,0.04,1.7,40,-9115,531008,3578,12693,541,DEF,Reinildo Mandava,Sunderland
27,122,3,1,True,2025-11-29T15:00:00Z,3.0,1.0,13,False,15,0,0,0,1,0,0,0,0,0,0,0,3,7.2,0.2,0.0,0.7,2,2,0,4,0,0.0,0.0,0.0,0.8,48,-126,13053,184,310,27,MID,Reiss Nelson,Brentford
255,124,14,0,True,2025-11-30T12:00:00Z,1.0,2.0,13,False,0,0,0,0,0,0,0,0,0,0,0,0,0,0.0,0.0,0.0,0.0,0,0,0,0,0,0.0,0.0,0.0,0.0,39,-7,14379,224,231,255,GKP,Remi Matthews,Crystal Palace
687,128,17,0,False,2025-11-29T15:00:00Z,3.0,2.0,13,False,0,0,0,0,0,0,0,0,0,0,0,0,0,0.0,0.0,0.0,0.0,0,0,0,0,0,0.0,0.0,0.0,0.0,44,-301,16393,96,397,687,MID,Remy Rees-Dottin,Bournemouth
379,130,19,0,False,2025-11-30T14:05:00Z,0.0,2.0,13,False,0,0,0,0,0,0,0,0,0,0,0,0,0,0.0,0.0,0.0,0.0,0,0,0,0,0,0.0,0.0,0.0,0.0,38,-522,32056,630,1152,379,DEF,Rhys Williams,Liverpool
7,123,7,0,False,2025-11-30T16:30:00Z,1.0,1.0,13,False,45,0,0,0,0,0,0,0,1,0,0,0,5,15.0,1.2,0.0,1.6,6,3,3,9,1,0.0,0.01,0.01,0.31,58,-33961,1786523,47042,81003,7,DEF,Riccardo Calafiori,Arsenal
597,129,10,1,True,2025-11-29T20:00:00Z,1.0,2.0,13,False,59,0,0,0,2,0,0,0,0,0,0,0,3,3.2,1.8,8.0,1.3,1,3,1,5,1,0.0,0.01,0.01,0.32,64,47564,1008468,71211,23647,597,FWD,Richarlison de Andrade,Spurs
109,122,3,1,True,2025-11-29T15:00:00Z,3.0,1.0,13,False,16,0,0,0,1,0,0,0,0,0,0,0,-1,1.0,0.6,2.0,0.4,1,0,0,1,0,0.0,0.0,0.0,0.8,43,-148,13653,223,371,109,DEF,Rico Henry,Brentford
410,126,11,0,True,2025-11-29T15:00:00Z,3.0,2.0,13,False,0,0,0,0,0,0,0,0,0,0,0,0,0,0.0,0.0,0.0,0.0,0,0,0,0,0,0.0,0.0,0.0,0.0,48,-5629,188263,967,6596,410,DEF,Rico Lewis,Man City
690,124,14,0,True,2025-11-30T12:00:00Z,1.0,2.0,13,False,0,0,0,0,0,0,0,0,0,0,0,0,0,0.0,0.0,0.0,0.0,0,0,0,0,0,0.0,0.0,0.0,0.0,44,-2185,45200,26,2211,690,MID,Rio Cardines,Crystal Palace
686,130,19,0,False,2025-11-30T14:05:00Z,0.0,2.0,13,False,0,0,0,0,0,0,0,0,0,0,0,0,0,0.0,0.0,0.0,0.0,0,0,0,0,0,0.0,0.0,0.0,0.0,44,-2961,56095,954,3915,686,MID,Rio Ngumoha,Liverpool
220,123,1,3,True,2025-11-30T16:30:00Z,1.0,1.0,13,False,90,0,0,0,1,0,0,0,0,0,3,0,16,22.8,10.0,0.0,3.3,2,11,0,0,1,0.0,0.01,0.01,1.26,48,-38722,1622447,13768,52490,220,GKP,Robert Lynch Sánchez,Chelsea
670,128,4,1,True,2025-11-29T15:00:00Z,3.0,2.0,13,False,90,0,0,0,2,0,0,0,1,0,4,0,11,35.4,0.0,0.0,3.5,1,8,0,0,1,0.0,0.02,0.02,1.7,47,23743,992839,44431,20688,670,GKP,Robin Roefs,Sunderland
264,124,14,0,True,2025-11-30T12:00:00Z,1.0,2.0,13,False,0,0,0,0,0,0,0,0,0,0,0,0,0,0.0,0.0,0.0,0.0,0,0,0,0,0,0.0,0.0,0.0,0.0,40,-39,2350,0,39,264,DEF,Rob Holding,Crystal Palace
421,126,11,0,True,2025-11-29T15:00:00Z,3.0,2.0,13,False,0,0,0,0,0,0,0,0,0,0,0,0,0,0.0,0.0,0.0,0.0,0,0,0,0,0,0.0,0.0,0.0,0.0,63,-1009,52907,31,1040,421,MID,Rodrigo 'Rodri' Hernandez Cascante,Man City
585,129,10,1,True,2025-11-29T20:00:00Z,1.0,2.0,13,False,30,0,0,0,0,0,0,0,0,0,0,0,2,4.8,26.2,4.0,3.5,0,2,0,2,0,0.0,0.14,0.14,0.13,53,-4330,39051,526,4856,585,MID,Rodrigo Bentancur,Spurs
635,121,2,0,False,2025-11-30T14:05:00Z,1.0,0.0,13,False,0,0,0,0,0,0,0,0,0,0,0,0,0,0.0,0.0,0.0,0.0,0,0,0,0,0,0.0,0.0,0.0,0.0,44,-401,8059,19,420,635,DEF,Rodrigo Martins Gomes,Wolves
338,129,18,0,False,2025-11-29T20:00:00Z,1.0,2.0,13,False,0,0,0,0,0,0,0,0,0,0,0,0,0,0.0,0.0,0.0,0.0,0,0,0,0,0,0.0,0.0,0.0,0.0,54,-6682,109510,69,6751,338,FWD,Rodrigo Muniz Carvalho,Fulham
548,128,4,0,True,2025-11-29T15:00:00Z,3.0,2.0,13,False,27,0,0,0,0,0,0,0,1,0,0,0,1,1.4,4.4,2.0,0.8,2,2,0,4,0,0.0,0.21,0.21,0.17,49,8,533,22,14,548,MID,Romaine Mundle,Sunderland
269,124,14,0,True,2025-11-30T12:00:00Z,1.0,2.0,13,False,0,0,0,0,0,0,0,0,0,0,0,0,0,0.0,0.0,0.0,0.0,0,0,0,0,0,0.0,0.0,0.0,0.0,47,-411,17230,183,594,269,MID,Romain Esse,Crystal Palace
92,128,17,0,False,2025-11-29T15:00:00Z,3.0,2.0,13,False,0,0,0,0,0,0,0,0,0,0,0,0,0,0.0,0.0,0.0,0.0,0,0,0,0,0,0.0,0.0,0.0,0.0,45,-187,8910,0,187,92,MID,Romain Faivre,Bournemouth
297,125,15,0,True,2025-11-29T17:30:00Z,1.0,4.0,13,False,0,0,0,0,0,0,0,0,0,0,0,0,0,0.0,0.0,0.0,0.0,0,0,0,0,0,0.0,0.0,0.0,0.0,39,-291,22375,105,396,297,DEF,Roman Dixon,Everton
130,122,3,0,True,2025-11-29T15:00:00Z,3.0,1.0,13,False,0,0,0,0,0,0,0,0,0,0,0,0,0,0.0,0.0,0.0,0.0,0,0,0,0,0,0.0,0.0,0.0,0.0,45,-231,12660,244,475,130,MID,Romelle Donovan,Brentford
244,123,1,0,True,2025-11-30T16:30:00Z,1.0,1.0,13,False,0,0,0,0,0,0,0,0,0,0,0,0,0,0.0,0.0,0.0,0.0,0,0,0,0,0,0.0,0.0,0.0,0.0,49,-173,2349,5,178,244,MID,Roméo Lavia,Chelsea
55,121,20,1,True,2025-11-30T14:05:00Z,1.0,0.0,13,False,12,0,0,0,0,0,0,0,0,0,0,0,3,0.0,0.3,0.0,0.0,0,0,0,0,0,0.0,0.0,0.0,0.0,48,843,7452,1155,312,55,MID,Ross Barkley,Aston Villa
87,128,17,0,False,2025-11-29T15:00:00Z,3.0,2.0,13,False,0,0,0,0,0,0,0,0,0,0,0,0,0,0.0,0.0,0.0,0.0,0,0,0,0,0,0.0,0.0,0.0,0.0,50,-727,8888,132,859,87,MID,Ryan Christie,Bournemouth
390,130,19,3,False,2025-11-30T14:05:00Z,0.0,2.0,13,False,90,0,0,1,0,0,0,0,0,0,0,0,14,10.0,4.2,0.0,1.4,3,5,0,8,1,0.0,0.03,0.03,0.29,56,-54753,590155,19756,74509,390,MID,Ryan Gravenberch,Liverpool
742,126,11,0,True,2025-11-29T15:00:00Z,3.0,2.0,13,False,0,0,0,0,0,0,0,0,0,0,0,0,0,0.0,0.0,0.0,0.0,0,0,0,0,0,0.0,0.0,0.0,0.0,45,-33,1007,37,70,742,MID,Ryan McAidoo,Man City
328,129,18,4,False,2025-11-29T20:00:00Z,1.0,2.0,13,False,90,0,0,0,1,0,0,0,0,0,0,0,15,28.0,0.9,2.0,3.1,9,5,4,18,1,0.0,0.06,0.06,0.86,54,-12224,91362,6487,18711,328,MID,Ryan Sessegnon,Fulham
134,122,3,0,True,2025-11-29T15:00:00Z,3.0,1.0,13,False,0,0,0,0,0,0,0,0,0,0,0,0,0,0.0,0.0,0.0,0.0,0,0,0,0,0,0.0,0.0,0.0,0.0,45,-11,552,0,11,134,MID,Ryan Trevitt,Brentford
522,127,6,1,True,2025-11-30T14:05:00Z,0.0,2.0,13,False,16,0,0,0,1,0,0,0,0,0,0,0,3,0.8,0.5,4.0,0.5,0,0,0,0,0,0.0,0.0,0.0,0.09,47,85,12674,751,666,522,MID,Ryan Yates,Nott'm Forest
408,126,11,1,True,2025-11-29T15:00:00Z,3.0,2.0,13,False,90,0,0,0,2,0,0,0,0,0,0,0,2,8.6,3.8,1.0,1.3,1,2,0,1,1,0.03,0.02,0.05,1.54,55,102608,694910,110264,7656,408,DEF,Rúben dos Santos Gato Alves Dias,Man City
323,129,18,0,False,2025-11-29T20:00:00Z,1.0,2.0,13,False,0,0,0,0,0,0,0,0,0,0,0,0,0,0.0,0.0,0.0,0.0,0,0,0,0,0,0.0,0.0,0.0,0.0,39,-356,17335,71,427,323,DEF,Samuel Amissah,Fulham
727,129,18,5,False,2025-11-29T20:00:00Z,1.0,2.0,13,False,80,0,1,0,1,0,0,0,0,0,0,0,17,22.0,22.3,21.0,6.5,3,5,0,8,1,0.11,0.69,0.8,0.61,53,182,2813,323,141,727,MID,Samuel Chukwueze,Fulham
51,121,20,0,True,2025-11-30T14:05:00Z,1.0,0.0,13,False,0,0,0,0,0,0,0,0,0,0,0,0,0,0.0,0.0,0.0,0.0,0,0,0,0,0,0.0,0.0,0.0,0.0,55,-25,2596,0,25,51,MID,Samuel Iling-Junior,Aston Villa
346,126,13,0,False,2025-11-29T15:00:00Z,3.0,2.0,13,False,0,0,0,0,0,0,0,0,0,0,0,0,0,0.0,0.0,0.0,0.0,0,0,0,0,0,0.0,0.0,0.0,0.0,39,-711,27496,159,870,346,DEF,Sam Byram,Leeds
355,126,13,0,False,2025-11-29T15:00:00Z,3.0,2.0,13,False,0,0,0,0,0,0,0,0,0,0,0,0,0,0.0,0.0,0.0,0.0,0,0,0,0,0,0.0,0.0,0.0,0.0,49,-36,4521,0,36,355,MID,Sam Greenwood,Leeds
627,121,2,3,False,2025-11-30T14:05:00Z,1.0,0.0,13,False,90,0,0,0,1,0,0,0,0,0,5,0,16,35.0,0.0,0.0,3.5,0,5,0,0,1,0.0,0.0,0.0,1.0,45,-296,18111,311,607,627,GKP,Sam Johnstone,Wolves
703,121,20,0,True,2025-11-30T14:05:00Z,1.0,0.0,13,False,0,0,0,0,0,0,0,0,0,0,0,0,0,0.0,0.0,0.0,0.0,0,0,0,0,0,0.0,0.0,0.0,0.0,40,-350,29145,41,391,703,GKP,Sam Proctor,Aston Villa
330,129,18,2,False,2025-11-29T20:00:00Z,1.0,2.0,13,False,90,0,0,0,1,0,0,0,0,0,0,0,9,8.8,1.4,0.0,1.0,4,4,1,9,1,0.0,0.0,0.0,0.86,49,-282,8431,148,430,330,MID,Sander Berge,Fulham
491,125,9,1,False,2025-11-29T17:30:00Z,1.0,4.0,13,False,1,0,0,0,0,0,0,0,0,0,0,0,3,0.2,0.2,0.0,0.0,0,1,0,1,0,0.0,0.0,0.0,0.05,54,-1868,153316,4817,6685,491,MID,Sandro Tonali,Newcastle
636,121,2,0,False,2025-11-30T14:05:00Z,1.0,0.0,13,False,0,0,0,0,0,0,0,0,0,0,0,0,0,0.0,0.0,0.0,0.0,0,0,0,0,0,0.0,0.0,0.0,0.0,44,-687,9831,103,790,636,DEF,Santiago Ignacio Bueno,Wolves
656,121,2,0,False,2025-11-30T14:05:00Z,1.0,0.0,13,False,0,0,0,0,0,0,0,0,0,0,0,0,0,0.0,0.0,0.0,0.0,0,0,0,0,0,0.0,0.0,0.0,0.0,49,-77,6662,0,77,656,FWD,Saša Kalajdžić,Wolves
332,129,18,1,False,2025-11-29T20:00:00Z,1.0,2.0,13,False,22,0,0,0,0,0,0,0,0,0,0,0,8,15.2,10.1,0.0,2.5,2,3,3,8,0,0.0,0.0,0.0,0.36,50,-507,8288,93,600,332,MID,Saša Lukić,Fulham
493,126,13,0,False,2025-11-29T15:00:00Z,3.0,2.0,13,False,0,0,0,0,0,0,0,0,0,0,0,0,0,0.0,0.0,0.0,0.0,0,0,0,0,0,0.0,0.0,0.0,0.0,49,-28620,87112,509,29129,493,MID,Sean Longstaff,Leeds
501,125,9,0,False,2025-11-29T17:30:00Z,1.0,4.0,13,False,0,0,0,0,0,0,0,0,0,0,0,0,0,0.0,0.0,0.0,0.0,0,0,0,0,0,0.0,0.0,0.0,0.0,44,-321,28952,419,740,501,FWD,Sean Neave,Newcastle
345,126,13,0,False,2025-11-29T15:00:00Z,3.0,2.0,13,False,0,0,0,0,0,0,0,0,0,0,0,0,0,0.0,0.0,0.0,0.0,0,0,0,0,0,0.0,0.0,0.0,0.0,39,-142,8897,102,244,345,DEF,Sebastiaan Bornauw,Leeds
733,124,8,2,False,2025-11-30T12:00:00Z,1.0,2.0,13,False,90,0,0,0,1,0,0,0,0,0,2,0,11,22.0,0.0,0.0,2.2,1,5,0,0,1,0.0,0.0,0.0,1.83,50,-4992,187026,6584,11576,733,GKP,Senne Lammens,Man Utd
113,122,3,2,True,2025-11-29T15:00:00Z,3.0,1.0,13,False,90,0,0,0,1,0,0,0,0,0,0,0,14,19.2,10.7,8.0,3.8,8,3,0,8,1,0.09,0.01,0.1,0.95,45,15820,204156,18717,2897,113,DEF,Sepp van den Berg,Brentford
689,125,9,0,False,2025-11-29T17:30:00Z,1.0,4.0,13,False,0,0,0,0,0,0,0,0,0,0,0,0,0,0.0,0.0,0.0,0.0,0,0,0,0,0,0.0,0.0,0.0,0.0,44,-870,30501,107,977,689,MID,Seung-Soo Park,Newcastle
755,124,8,0,False,2025-11-30T12:00:00Z,1.0,2.0,13,False,0,0,0,0,0,0,0,0,0,0,0,0,0,0.0,0.0,0.0,0.0,0,0,0,0,0,0.0,0.0,0.0,0.0,45,42,114,45,3,755,MID,Shea Lacey,Man Utd
196,122,5,0,False,2025-11-29T15:00:00Z,3.0,1.0,13,False,0,0,0,0,0,0,0,0,0,0,0,0,0,0.0,0.0,0.0,0.0,0,0,0,0,0,0.0,0.0,0.0,0.0,40,-96,5673,0,96,196,DEF,Shurandy Sambo,Burnley
543,128,4,0,True,2025-11-29T15:00:00Z,3.0,2.0,13,False,0,0,0,0,0,0,0,0,0,0,0,0,0,0.0,0.0,0.0,0.0,0,0,0,0,0,0.0,0.0,0.0,0.0,50,-2237,58046,316,2553,543,MID,Simon Adingra,Sunderland
529,128,4,0,True,2025-11-29T15:00:00Z,3.0,2.0,13,False,0,0,0,0,0,0,0,0,0,0,0,0,0,0.0,0.0,0.0,0.0,0,0,0,0,0,0.0,0.0,0.0,0.0,39,-74,49357,555,629,529,GKP,Simon Moore,Sunderland
159,127,16,0,False,2025-11-30T14:05:00Z,0.0,2.0,13,False,0,0,0,0,0,0,0,0,0,0,0,0,0,0.0,0.0,0.0,0.0,0,0,0,0,0,0.0,0.0,0.0,0.0,58,8,922,28,20,159,MID,Solly March,Brighton
579,129,10,0,True,2025-11-29T20:00:00Z,1.0,2.0,13,False,0,0,0,0,0,0,0,0,0,0,0,0,0,0.0,0.0,0.0,0.0,0,0,0,0,0,0.0,0.0,0.0,0.0,85,-48,15802,0,48,579,MID,Son Heung-min,Spurs
718,130,12,1,True,2025-11-30T14:05:00Z,0.0,2.0,13,False,67,0,0,0,1,0,0,0,1,0,0,0,7,6.6,11.5,0.0,1.8,1,3,2,6,1,0.0,0.01,0.01,0.86,50,-34,1588,29,63,718,MID,Soungoutou Magassa,West Ham
180,127,16,5,False,2025-11-30T14:05:00Z,0.0,2.0,13,False,25,1,0,0,0,0,0,0,0,0,0,0,27,38.2,0.0,19.0,5.7,1,3,0,4,0,0.09,0.0,0.09,0.22,53,-334,13268,298,632,180,FWD,Stefanos Tzimas,Brighton
393,130,19,0,False,2025-11-30T14:05:00Z,0.0,2.0,13,False,0,0,0,0,0,0,0,0,0,0,0,0,0,0.0,0.0,0.0,0.0,0,0,0,0,0,0.0,0.0,0.0,0.0,43,-170,5210,91,261,393,MID,Stefan Bajčetić Maquieira,Liverpool
400,126,11,0,True,2025-11-29T15:00:00Z,3.0,2.0,13,False,0,0,0,0,0,0,0,0,0,0,0,0,0,0.0,0.0,0.0,0.0,0,0,0,0,0,0.0,0.0,0.0,0.0,48,-202,21264,88,290,400,GKP,Stefan Ortega Moreno,Nott'm Forest
740,126,11,0,True,2025-11-29T15:00:00Z,3.0,2.0,13,False,0,0,0,0,0,0,0,0,0,0,0,0,0,0.0,0.0,0.0,0.0,0,0,0,0,0,0.0,0.0,0.0,0.0,40,-85,4307,92,177,740,DEF,Stephen Mfuni,Man City
315,129,18,0,False,2025-11-29T20:00:00Z,1.0,2.0,13,False,0,0,0,0,0,0,0,0,0,0,0,0,0,0.0,0.0,0.0,0.0,0,0,0,0,0,0.0,0.0,0.0,0.0,40,-13,569,0,13,315,GKP,Steven Benda,Fulham
475,125,9,0,False,2025-11-29T17:30:00Z,1.0,4.0,13,False,0,0,0,0,0,0,0,0,0,0,0,0,0,0.0,0.0,0.0,0.0,0,0,0,0,0,0.0,0.0,0.0,0.0,49,-4672,67718,811,5483,475,DEF,Sven Botman,Newcastle
428,126,11,0,True,2025-11-29T15:00:00Z,3.0,2.0,13,False,0,0,0,0,0,0,0,0,0,0,0,0,0,0.0,0.0,0.0,0.0,0,0,0,0,0,0.0,0.0,0.0,0.0,50,-10,1539,0,10,428,MID,Sverre Nypan,Man City
415,126,11,0,True,2025-11-29T15:00:00Z,3.0,2.0,13,False,0,0,0,0,0,0,0,0,0,0,0,0,0,0.0,0.0,0.0,0.0,0,0,0,0,0,0.0,0.0,0.0,0.0,69,-198,58546,1908,2106,415,MID,Sávio Moreira de Oliveira,Man City
294,125,15,0,True,2025-11-29T17:30:00Z,1.0,4.0,13,False,0,0,0,0,0,0,0,0,0,0,0,0,0,0.0,0.0,0.0,0.0,0,0,0,0,0,0.0,0.0,0.0,0.0,43,-513,14505,116,629,294,DEF,Séamus Coleman,Everton
463,124,8,0,False,2025-11-30T12:00:00Z,1.0,2.0,13,False,0,0,0,0,0,0,0,0,0,0,0,0,0,0.0,0.0,0.0,0.0,0,0,0,0,0,0.0,0.0,0.0,0.0,44,-191,9978,86,277,463,MID,Sékou Koné,Man Utd
527,127,6,0,True,2025-11-30T14:05:00Z,0.0,2.0,13,False,0,0,0,0,0,0,0,0,0,0,0,0,0,0.0,0.0,0.0,0.0,0,0,0,0,0,0.0,0.0,0.0,0.0,52,-2960,40256,25,2985,527,FWD,Taiwo Awoniyi,Nott'm Forest
577,129,10,0,True,2025-11-29T20:00:00Z,1.0,2.0,13,False,0,0,0,0,0,0,0,0,0,0,0,0,0,0.0,0.0,0.0,0.0,0,0,0,0,0,0.0,0.0,0.0,0.0,40,-92,6443,18,110,577,DEF,Takai Kōta,Spurs
358,126,13,4,False,2025-11-29T15:00:00Z,3.0,2.0,13,False,90,0,0,0,3,0,0,0,0,0,0,0,13,13.4,5.4,4.0,2.3,3,5,5,13,1,0.0,0.26,0.26,3.1,48,-279,14237,261,540,358,MID,Tanaka Ao,Leeds
150,127,16,0,False,2025-11-30T14:05:00Z,0.0,2.0,13,False,0,0,0,0,0,0,0,0,0,0,0,0,0,0.0,0.0,0.0,0.0,0,0,0,0,0,0.0,0.0,0.0,0.0,44,-259,12207,0,259,150,DEF,Tariq Lamptey,Brighton
650,121,2,1,False,2025-11-30T14:05:00Z,1.0,0.0,13,False,21,0,0,0,0,0,0,0,0,0,0,0,1,0.0,0.0,0.0,0.0,0,1,1,2,0,0.0,0.0,0.0,0.45,43,574,34837,1933,1359,650,MID,Tawanda Chirewa,Wolves
310,125,15,2,True,2025-11-29T17:30:00Z,1.0,4.0,13,False,86,0,0,0,4,0,0,0,0,0,0,0,3,0.0,13.3,24.0,3.4,0,1,0,1,1,0.29,0.03,0.32,1.91,57,1328,41940,2683,1355,310,FWD,Thierno Barry,Everton
427,126,11,3,True,2025-11-29T15:00:00Z,3.0,2.0,13,False,74,0,0,0,2,0,0,0,0,0,0,1,26,10.4,20.0,13.0,4.3,2,2,1,5,1,0.22,0.26,0.48,1.41,54,-234357,1917020,11111,245468,427,MID,Tijjani Reijnders,Man City
319,129,18,1,False,2025-11-29T20:00:00Z,1.0,2.0,13,False,3,0,0,0,0,0,0,0,0,0,0,0,3,0.0,0.0,0.0,0.0,0,0,0,0,0,0.0,0.0,0.0,0.0,43,-591,12454,127,718,319,DEF,Timothy Castagne,Fulham
540,128,4,0,True,2025-11-29T15:00:00Z,3.0,2.0,13,False,0,0,0,0,0,0,0,0,0,0,0,0,0,0.0,0.0,0.0,0.0,0,0,0,0,0,0.0,0.0,0.0,0.0,39,-1282,50069,129,1411,540,DEF,Timothée Pembélé,Sunderland
304,125,15,1,True,2025-11-29T17:30:00Z,1.0,4.0,13,False,45,0,0,0,3,0,0,0,0,0,0,0,1,0.0,4.3,0.0,0.3,0,1,1,2,1,0.0,0.02,0.02,1.12,49,-10,3919,65,75,304,MID,Tim Iroegbunam,Everton
477,125,9,2,False,2025-11-29T17:30:00Z,1.0,4.0,13,False,90,0,0,0,1,0,0,0,0,0,0,0,16,21.2,14.5,8.0,4.4,5,4,4,9,1,0.09,0.04,0.13,0.99,49,14178,345290,18490,4312,477,DEF,Tino Livramento,Newcastle
460,124,8,0,False,2025-11-30T12:00:00Z,1.0,2.0,13,False,0,0,0,0,0,0,0,0,0,0,0,0,0,0.0,0.0,0.0,0.0,0,0,0,0,0,0.0,0.0,0.0,0.0,45,-73,3748,0,73,460,MID,Toby Collyer,Man Utd
720,121,2,1,False,2025-11-30T14:05:00Z,1.0,0.0,13,False,2,0,0,0,0,0,0,0,0,0,0,0,3,2.0,0.0,0.0,0.2,1,0,0,1,0,0.0,0.0,0.0,0.03,55,-268,6144,238,506,720,FWD,Tolu Arokodare,Wolves
4,123,7,0,False,2025-11-30T16:30:00Z,1.0,1.0,13,False,0,0,0,0,0,0,0,0,0,0,0,0,0,0.0,0.0,0.0,0.0,0,0,0,0,0,0.0,0.0,0.0,0.0,40,-369,25190,280,649,4,GKP,Tommy Setford,Arsenal
331,129,18,0,False,2025-11-29T20:00:00Z,1.0,2.0,13,False,0,0,0,0,0,0,0,0,0,0,0,0,0,0.0,0.0,0.0,0.0,0,0,0,0,0,0.0,0.0,0.0,0.0,49,-73,3497,29,102,331,MID,Tom Cairney,Fulham
651,121,2,0,False,2025-11-30T14:05:00Z,1.0,0.0,13,False,0,0,0,0,0,0,0,0,0,0,0,0,0,0.0,0.0,0.0,0.0,0,0,0,0,0,0.0,0.0,0.0,0.0,43,1482,47646,3009,1527,651,MID,Tom Edozie,Wolves
434,124,8,0,False,2025-11-30T12:00:00Z,1.0,2.0,13,False,0,0,0,0,0,0,0,0,0,0,0,0,0,0.0,0.0,0.0,0.0,0,0,0,0,0,0.0,0.0,0.0,0.0,39,11,36238,534,523,434,GKP,Tom Heaton,Man Utd
630,125,15,0,True,2025-11-29T17:30:00Z,1.0,4.0,13,False,0,0,0,0,0,0,0,0,0,0,0,0,0,0.0,0.0,0.0,0.0,0,0,0,0,0,0.0,0.0,0.0,0.0,39,-576,178361,2291,2867,630,GKP,Tom King,Everton
140,127,16,0,False,2025-11-30T14:05:00Z,0.0,2.0,13,False,0,0,0,0,0,0,0,0,0,0,0,0,0,0.0,0.0,0.0,0.0,0,0,0,0,0,0.0,0.0,0.0,0.0,40,-408,40535,170,578,140,GKP,Tom McGill,Brighton
172,127,16,0,False,2025-11-30T14:05:00Z,0.0,2.0,13,False,0,0,0,0,0,0,0,0,0,0,0,0,0,0.0,0.0,0.0,0.0,0,0,0,0,0,0.0,0.0,0.0,0.0,48,-51,3727,51,102,172,MID,Tom Watson,Brighton
613,130,12,1,True,2025-11-30T14:05:00Z,0.0,2.0,13,False,2,0,0,0,1,0,0,0,0,0,0,0,3,0.2,0.1,2.0,0.2,0,0,0,0,0,0.0,0.0,0.0,0.34,57,-1539,36290,2570,4109,613,MID,Tomáš Souček,West Ham
232,123,1,0,True,2025-11-30T16:30:00Z,1.0,1.0,13,False,0,0,0,0,0,0,0,0,0,0,0,0,0,0.0,0.0,0.0,0.0,0,0,0,0,0,0.0,0.0,0.0,0.0,42,83,44452,1652,1569,232,DEF,Tosin Adarabioyo,Chelsea
637,121,2,4,False,2025-11-30T14:05:00Z,1.0,0.0,13,False,90,0,0,0,1,0,0,0,0,0,0,0,19,34.2,12.9,0.0,4.7,9,1,3,12,1,0.0,0.01,0.01,1.0,43,-148,12571,154,302,637,DEF,Toti Gomes,Wolves
532,128,4,0,True,2025-11-29T15:00:00Z,3.0,2.0,13,False,27,0,0,0,0,0,0,0,1,0,0,0,5,15.4,15.6,2.0,3.3,4,1,3,7,0,0.0,0.04,0.04,0.17,45,-1389,47622,1368,2757,532,DEF,Trai Hume,Sunderland
710,121,20,0,True,2025-11-30T14:05:00Z,1.0,0.0,13,False,0,0,0,0,0,0,0,0,0,0,0,0,0,0.0,0.0,0.0,0.0,0,0,0,0,0,0.0,0.0,0.0,0.0,39,-1280,30080,260,1540,710,DEF,Travis Patterson,Aston Villa
226,123,1,9,True,2025-11-30T16:30:00Z,1.0,1.0,13,False,90,1,0,0,1,0,0,0,0,0,0,1,26,44.2,0.3,33.0,7.8,6,4,1,7,1,0.07,0.0,0.07,1.26,51,-19591,1000963,28079,47670,226,DEF,Trevoh Chalobah,Chelsea
396,130,19,0,False,2025-11-30T14:05:00Z,0.0,2.0,13,False,0,0,0,0,0,0,0,0,0,0,0,0,0,0.0,0.0,0.0,0.0,0,0,0,0,0,0.0,0.0,0.0,0.0,43,-4029,64127,820,4849,396,MID,Trey Nyoni,Liverpool
701,121,20,0,True,2025-11-30T14:05:00Z,1.0,0.0,13,False,0,0,0,0,0,0,0,0,0,0,0,0,0,0.0,0.0,0.0,0.0,0,0,0,0,0,0.0,0.0,0.0,0.0,40,-175,10334,0,175,701,DEF,Triston Rowe,Aston Villa
85,128,17,9,False,2025-11-29T15:00:00Z,3.0,2.0,13,False,70,1,0,0,3,0,0,0,0,0,0,2,33,39.8,1.8,13.0,5.5,1,3,2,6,1,0.03,0.01,0.04,1.2,50,-560,60878,3047,3607,85,MID,Tyler Adams,Bournemouth
707,125,15,1,True,2025-11-29T17:30:00Z,1.0,4.0,13,False,10,0,0,0,0,0,0,0,0,0,0,0,6,7.0,11.3,2.0,2.0,2,0,1,3,0,0.0,0.01,0.01,0.0,54,-88,2907,51,139,707,MID,Tyler Dibling,Everton
446,124,8,0,False,2025-11-30T12:00:00Z,1.0,2.0,13,False,0,0,0,0,0,0,0,0,0,0,0,0,0,0.0,0.0,0.0,0.0,0,0,0,0,0,0.0,0.0,0.0,0.0,38,103,18551,562,459,446,DEF,Tyler Fredricson,Man Utd
395,130,19,0,False,2025-11-30T14:05:00Z,0.0,2.0,13,False,0,0,0,0,0,0,0,0,0,0,0,0,0,0.0,0.0,0.0,0.0,0,0,0,0,0,0.0,0.0,0.0,0.0,45,-3,286,0,3,395,MID,Tyler Morton,Liverpool
704,125,15,0,True,2025-11-29T17:30:00Z,1.0,4.0,13,False,0,0,0,0,0,0,0,0,0,0,0,0,0,0.0,0.0,0.0,0.0,0,0,0,0,0,0.0,0.0,0.0,0.0,45,-107,7267,0,107,704,MID,Tyler Onyango,Everton
448,124,8,0,False,2025-11-30T12:00:00Z,1.0,2.0,13,False,0,0,0,0,0,0,0,0,0,0,0,0,0,0.0,0.0,0.0,0.0,0,0,0,0,0,0.0,0.0,0.0,0.0,38,2462,67139,4622,2160,448,DEF,Tyrell Malacia,Man Utd
258,124,14,1,True,2025-11-30T12:00:00Z,1.0,2.0,13,False,84,0,0,0,2,0,0,0,0,0,0,0,-2,5.2,1.1,2.0,0.8,5,1,0,5,1,0.0,0.0,0.0,1.19,50,1321,318438,9811,8490,258,DEF,Tyrick Mitchell,Crystal Palace
243,123,1,0,True,2025-11-30T16:30:00Z,1.0,1.0,13,False,0,0,0,0,0,0,0,0,0,0,0,0,0,0.0,0.0,0.0,0.0,0,0,0,0,0,0.0,0.0,0.0,0.0,49,-169,7203,96,265,243,MID,Tyrique George,Everton
40,121,20,0,True,2025-11-30T14:05:00Z,1.0,0.0,13,False,0,0,0,0,0,0,0,0,0,0,0,0,0,0.0,0.0,0.0,0.0,0,0,0,0,0,0.0,0.0,0.0,0.0,44,-5258,87886,35,5293,40,DEF,Tyrone Mings,Aston Villa
721,128,17,0,False,2025-11-29T15:00:00Z,3.0,2.0,13,False,0,0,0,0,0,0,0,0,0,0,0,0,0,0.0,0.0,0.0,0.0,0,0,0,0,0,0.0,0.0,0.0,0.0,45,-159,4486,112,271,721,DEF,Veljko Milosavljevic,Bournemouth
719,121,20,0,True,2025-11-30T14:05:00Z,1.0,0.0,13,False,0,0,0,0,0,0,0,0,0,0,0,0,0,0.0,0.0,0.0,0.0,0,0,0,0,0,0.0,0.0,0.0,0.0,45,49,5281,284,235,719,DEF,Victor Lindelöf,Aston Villa
666,123,7,0,False,2025-11-30T16:30:00Z,1.0,1.0,13,False,18,0,0,0,0,0,0,0,1,0,0,0,0,0.0,0.3,2.0,0.2,0,0,0,0,0,0.0,0.0,0.0,0.17,88,-144049,1339971,2949,146998,666,FWD,Viktor Gyökeres,Arsenal
373,130,19,6,False,2025-11-30T14:05:00Z,0.0,2.0,13,False,90,0,0,1,0,0,0,0,0,0,0,0,28,19.4,0.8,4.0,2.4,7,3,0,7,1,0.04,0.01,0.05,0.29,60,-100962,3177009,52712,153674,373,DEF,Virgil van Dijk,Liverpool
292,125,15,2,True,2025-11-29T17:30:00Z,1.0,4.0,13,False,90,0,0,0,4,0,0,0,0,0,0,0,3,22.4,8.7,0.0,3.1,8,3,3,11,1,0.0,0.14,0.14,1.91,49,3219,48204,4604,1385,292,DEF,Vitalii Mykolenko,Everton
125,122,3,0,True,2025-11-29T15:00:00Z,3.0,1.0,13,False,0,0,0,0,0,0,0,0,0,0,0,0,0,0.0,0.0,0.0,0.0,0,0,0,0,0,0.0,0.0,0.0,0.0,49,-7,1960,72,79,125,MID,Vitaly Janelt,Brentford
412,126,11,0,True,2025-11-29T15:00:00Z,3.0,2.0,13,False,0,0,0,0,0,0,0,0,0,0,0,0,0,0.0,0.0,0.0,0.0,0,0,0,0,0,0.0,0.0,0.0,0.0,50,-5,605,0,5,412,DEF,Vitor de Oliveira Nunes dos Reis,Man City
185,122,5,0,False,2025-11-29T15:00:00Z,3.0,1.0,13,False,0,0,0,0,0,0,0,0,0,0,0,0,0,0.0,0.0,0.0,0.0,0,0,0,0,0,0.0,0.0,0.0,0.0,39,447,31882,806,359,185,GKP,Václav Hladký,Burnley
254,124,14,0,True,2025-11-30T12:00:00Z,1.0,2.0,13,False,0,0,0,0,0,0,0,0,0,0,0,0,0,0.0,0.0,0.0,0.0,0,0,0,0,0,0.0,0.0,0.0,0.0,40,-443,38205,156,599,254,GKP,Walter Benítez,Crystal Palace
230,123,1,4,True,2025-11-30T16:30:00Z,1.0,1.0,13,False,90,0,0,0,1,0,0,0,0,0,0,0,15,15.2,0.4,6.0,2.2,12,6,1,13,1,0.12,0.0,0.12,1.26,44,-1643,26767,1031,2674,230,DEF,Wesley Fofana,Chelsea
601,130,12,0,True,2025-11-30T14:05:00Z,0.0,2.0,13,False,0,0,0,0,0,0,0,0,0,0,0,0,0,0.0,0.0,0.0,0.0,0,0,0,0,0,0.0,0.0,0.0,0.0,40,-694,36542,0,694,601,GKP,Wes Foderingham,West Ham
351,126,13,1,False,2025-11-29T15:00:00Z,3.0,2.0,13,False,45,0,0,0,2,0,0,0,0,0,0,0,9,6.8,11.3,0.0,1.8,0,3,3,6,1,0.0,0.03,0.03,2.67,52,-178,10494,130,308,351,MID,Wilfried Gnonto,Leeds
500,125,9,0,False,2025-11-29T17:30:00Z,1.0,4.0,13,False,0,0,0,0,0,0,0,0,0,0,0,0,0,0.0,0.0,0.0,0.0,0,0,0,0,0,0.0,0.0,0.0,0.0,54,-1845,29853,73,1918,500,FWD,William Osula,Newcastle
6,123,7,0,False,2025-11-30T16:30:00Z,1.0,1.0,13,False,0,0,0,0,0,0,0,0,0,0,0,0,0,0.0,0.0,0.0,0.0,0,0,0,0,0,0.0,0.0,0.0,0.0,60,43523,1600156,74221,30698,6,DEF,William Saliba,Arsenal
514,127,6,0,True,2025-11-30T14:05:00Z,0.0,2.0,13,False,0,0,0,0,0,0,0,0,0,0,0,0,0,0.0,0.0,0.0,0.0,0,0,0,0,0,0.0,0.0,0.0,0.0,39,-1162,53051,166,1328,514,DEF,Willy Boly,Nott'm Forest
68,128,17,0,False,2025-11-29T15:00:00Z,3.0,2.0,13,False,0,0,0,0,0,0,0,0,0,0,0,0,0,0.0,0.0,0.0,0.0,0,0,0,0,0,0.0,0.0,0.0,0.0,40,-1100,120714,480,1580,68,GKP,Will Dennis,Bournemouth
270,124,14,1,True,2025-11-30T12:00:00Z,1.0,2.0,13,False,12,0,0,0,0,0,0,0,0,0,0,0,4,0.2,1.2,2.0,0.3,0,0,0,0,0,0.0,0.01,0.01,0.09,48,-582,11008,111,693,270,MID,Will Hughes,Crystal Palace
598,129,10,0,True,2025-11-29T20:00:00Z,1.0,2.0,13,False,0,0,0,0,0,0,0,0,0,0,0,0,0,0.0,0.0,0.0,0.0,0,0,0,0,0,0.0,0.0,0.0,0.0,45,-31,3012,0,31,598,FWD,Will Lankshear,Spurs
560,128,4,2,True,2025-11-29T15:00:00Z,3.0,2.0,13,False,62,0,0,0,2,0,0,0,0,0,0,0,6,2.0,5.5,21.0,2.9,1,0,0,1,1,0.03,0.0,0.03,1.53,56,-22115,413826,24987,47102,560,FWD,Wilson Isidor,Sunderland
588,129,10,1,True,2025-11-29T20:00:00Z,1.0,2.0,13,False,30,0,0,0,0,0,0,0,0,0,0,0,0,0.0,1.9,9.0,1.0,0,1,0,1,0,0.09,0.01,0.1,0.13,53,178,5170,422,244,588,MID,Wilson Odobert,Spurs
717,129,10,1,True,2025-11-29T20:00:00Z,1.0,2.0,13,False,30,0,0,0,0,0,0,0,0,0,0,0,2,1.8,1.7,9.0,1.3,0,0,0,0,0,0.1,0.01,0.11,0.13,66,-9571,149927,2613,12184,717,MID,Xavi Simons,Spurs
594,129,10,0,True,2025-11-29T20:00:00Z,1.0,2.0,13,False,0,0,0,0,0,0,0,0,0,0,0,0,0,0.0,0.0,0.0,0.0,0,0,0,0,0,0.0,0.0,0.0,0.0,45,-17,1569,0,17,594,MID,Yang Min-hyeok,Spurs
160,127,16,3,False,2025-11-30T14:05:00Z,0.0,2.0,13,False,83,0,0,1,0,0,0,0,0,0,0,0,7,12.0,32.1,17.0,6.1,1,5,1,7,1,0.01,0.12,0.13,0.7,62,296807,983581,322549,25742,160,MID,Yankuba Minteh,Brighton
166,127,16,3,False,2025-11-30T14:05:00Z,0.0,2.0,13,False,90,0,0,1,0,0,0,0,0,0,0,0,13,4.6,1.5,2.0,0.8,1,7,3,11,1,0.09,0.01,0.1,0.71,49,-1693,32471,670,2363,166,MID,Yasin Ayari,Brighton
46,121,20,0,True,2025-11-30T14:05:00Z,1.0,0.0,13,False,0,0,0,0,0,0,0,0,0,0,0,0,0,0.0,0.0,0.0,0.0,0,0,0,0,0,0.0,0.0,0.0,0.0,40,-318,16492,0,318,46,DEF,Yasin Özcan,Aston Villa
129,122,3,1,True,2025-11-29T15:00:00Z,3.0,1.0,13,False,5,0,0,0,0,0,0,0,0,0,0,0,3,0.2,0.3,0.0,0.1,0,1,0,1,0,0.0,0.0,0.0,0.02,50,-68,9488,398,466,129,MID,Yehor Yarmoliuk,Brentford
634,121,2,1,False,2025-11-30T14:05:00Z,1.0,0.0,13,False,76,0,0,0,1,0,0,0,1,0,0,0,3,8.0,11.4,22.0,4.1,2,2,1,3,1,0.05,0.01,0.06,0.89,43,-70,6322,59,129,634,DEF,Yerson Mosquera Valdelamar,Wolves
135,125,9,0,False,2025-11-29T17:30:00Z,1.0,4.0,13,False,0,0,0,0,0,0,0,0,0,0,0,0,0,0.0,0.0,0.0,0.0,0,0,0,0,0,0.0,0.0,0.0,0.0,73,-800,59552,117,917,135,FWD,Yoane Wissa,Newcastle
48,121,20,3,True,2025-11-30T14:05:00Z,1.0,0.0,13,False,74,0,0,1,0,0,0,0,0,0,0,0,23,30.4,30.6,29.0,9.0,5,2,4,11,1,0.07,0.4,0.47,0.29,59,2588,77962,3809,1221,48,MID,Youri Tielemans,Aston Villa
312,125,15,0,True,2025-11-29T17:30:00Z,1.0,4.0,13,False,0,0,0,0,0,0,0,0,0,0,0,0,0,0.0,0.0,0.0,0.0,0,0,0,0,0,0.0,0.0,0.0,0.0,49,-88,8843,0,88,312,FWD,Youssef Ramalho Chermiti,Everton
131,122,3,0,True,2025-11-29T15:00:00Z,3.0,1.0,13,False,0,0,0,0,0,0,0,0,0,0,0,0,0,0.0,0.0,0.0,0.0,0,0,0,0,0,0.0,0.0,0.0,0.0,44,-873,21707,128,1001,131,MID,Yunus Emre Konak,Brentford
751,129,10,0,True,2025-11-29T20:00:00Z,1.0,2.0,13,False,0,0,0,0,0,0,0,0,0,0,0,0,0,0.0,0.0,0.0,0.0,0,0,0,0,0,0.0,0.0,0.0,0.0,45,16,263,55,39,751,MID,Yusuf Akhamrich,Spurs
587,129,10,0,True,2025-11-29T20:00:00Z,1.0,2.0,13,False,0,0,0,0,0,0,0,0,0,0,0,0,0,0.0,0.0,0.0,0.0,0,0,0,0,0,0.0,0.0,0.0,0.0,52,-60,5014,18,78,587,MID,Yves Bissouma,Spurs
712,124,14,2,True,2025-11-30T12:00:00Z,1.0,2.0,13,False,77,0,0,0,2,0,0,0,0,0,0,0,4,5.8,42.2,7.0,5.5,1,4,1,6,1,0.18,0.27,0.45,1.1,58,3335,22292,4913,1578,712,MID,Yéremy Pino Santos,Crystal Palace
513,127,6,0,True,2025-11-30T14:05:00Z,0.0,2.0,13,False,0,0,0,0,0,0,0,0,0,0,0,0,0,0.0,0.0,0.0,0.0,0,0,0,0,0,0.0,0.0,0.0,0.0,39,-369,22825,89,458,513,DEF,Zach Abbott,Nott'm Forest
286,124,14,0,True,2025-11-30T12:00:00Z,1.0,2.0,13,False,0,0,0,0,0,0,0,0,0,0,0,0,0,0.0,0.0,0.0,0.0,0,0,0,0,0,0.0,0.0,0.0,0.0,45,-656,38439,906,1562,286,FWD,Zach Marsh,Crystal Palace
95,128,17,0,False,2025-11-29T15:00:00Z,3.0,2.0,13,False,0,0,0,0,0,0,0,0,0,0,0,0,0,0.0,0.0,0.0,0.0,0,0,0,0,0,0.0,0.0,0.0,0.0,44,-401,9115,0,401,95,MID,Zain Silcott-Duberry,Bournemouth
538,128,4,0,True,2025-11-29T15:00:00Z,3.0,2.0,13,False,0,0,0,0,0,0,0,0,0,0,0,0,0,0.0,0.0,0.0,0.0,0,0,0,0,0,0.0,0.0,0.0,0.0,39,-619,31320,142,761,538,DEF,Zak Johnson,Sunderland
216,122,5,0,False,2025-11-29T15:00:00Z,3.0,1.0,13,False,0,0,0,0,0,0,0,0,0,0,0,0,0,0.0,0.0,0.0,0.0,0,0,0,0,0,0.0,0.0,0.0,0.0,48,-37,2807,47,84,216,FWD,Zeki Amdouni,Burnley
215,122,5,6,False,2025-11-29T15:00:00Z,3.0,1.0,13,False,90,1,0,0,3,0,0,0,0,0,0,0,21,39.0,1.2,31.0,7.1,2,0,0,2,1,0.85,0.02,0.87,3.06,53,847,45964,6248,5401,215,FWD,Zian Flemming,Burnley
65,121,20,0,True,2025-11-30T14:05:00Z,1.0,0.0,13,False,0,0,0,0,0,0,0,0,0,0,0,0,0,0.0,0.0,0.0,0.0,0,0,0,0,0,0.0,0.0,0.0,0.0,45,-763,42865,0,763,65,FWD,Zépiqueno Redmond,Aston Villa
713,128,17,0,False,2025-11-29T15:00:00Z,3.0,2.0,13,False,0,0,0,0,0,0,0,0,0,0,0,0,0,0.0,0.0,0.0,0.0,0,0,0,0,0,0.0,0.0,0.0,0.0,45,-71,3731,150,221,713,DEF,Álex Jiménez Sánchez,Bournemouth
43,121,20,0,True,2025-11-30T14:05:00Z,1.0,0.0,13,False,0,0,0,0,0,0,0,0,0,0,0,0,0,0.0,0.0,0.0,0.0,0,0,0,0,0,0.0,0.0,0.0,0.0,40,-8333,267528,0,8333,43,DEF,Álex Moreno Lopera,Aston Villa
368,130,19,0,False,2025-11-30T14:05:00Z,0.0,2.0,13,False,0,0,0,0,0,0,0,0,0,0,0,0,0,0.0,0.0,0.0,0.0,0,0,0,0,0,0.0,0.0,0.0,0.0,39,-694,46533,139,833,368,GKP,Ármin Pécsi,Liverpool
67,128,17,2,False,2025-11-29T15:00:00Z,3.0,2.0,13,False,90,0,0,0,3,0,0,0,0,0,3,0,5,22.6,0.0,0.0,2.3,1,8,0,0,1,0.0,0.0,0.0,1.28,45,-11596,703573,10369,21965,67,GKP,Đorđe Petrović,Bournemouth
420,126,11,0,True,2025-11-29T15:00:00Z,3.0,2.0,13,False,0,0,0,0,0,0,0,0,0,0,0,0,0,0.0,0.0,0.0,0.0,0,0,0,0,0,0.0,0.0,0.0,0.0,63,-46,8268,0,46,420,MID,İlkay Gündoğan,Man City
