element,fixture,opponent_team,total_points,was_home,kickoff_time,team_h_score,team_a_score,round,modified,minutes,goals_scored,assists,clean_sheets,goals_conceded,own_goals,penalties_saved,penalties_missed,yellow_cards,red_cards,saves,bonus,bps,influence,creativity,threat,ict_index,clearances_blocks_interceptions,recoveries,tackles,defensive_contribution,starts,expected_goals,expected_assists,expected_goal_involvements,expected_goals_conceded,value,transfers_balance,selected,transfers_in,transfers_out,id,position,name,team
116,182,18,0,True,2026-01-01T20:00:00Z,0.0,0.0,19,False,0,0,0,0,0,0,0,0,0,0,0,0,0,0.0,0.0,0.0,0.0,0,0,0,0,0,0.0,0.0,0.0,0.0,40,-2228,65909,2220,4448,116,DEF,Aaron Hickey,Brentford
674,183,3,0,False,2025-12-30T19:30:00Z,1.0,3.0,19,False,0,0,0,0,0,0,0,0,0,0,0,0,0,0.0,0.0,0.0,0.0,0,0,0,0,0,0.0,0.0,0.0,0.0,48,9257,146597,13364,4107,674,GKP,Aaron Ramsdale,Newcastle
211,183,15,0,True,2025-12-30T19:30:00Z,1.0,3.0,19,False,0,0,0,0,0,0,0,0,0,0,0,0,0,0.0,0.0,0.0,0.0,0,0,0,0,0,0.0,0.0,0.0,0.0,44,-3458,197548,0,3458,211,MID,Aaron Ramsey,Burnley
610,190,6,0,True,2025-12-30T19:30:00Z,2.0,2.0,19,False,0,0,0,0,0,0,0,0,0,0,0,0,0,0.0,0.0,0.0,0.0,0,0,0,0,0,0.0,0.0,0.0,0.0,42,-22480,519792,79,22559,610,DEF,Aaron Wan-Bissaka,West Ham
234,184,4,0,True,2025-12-30T19:30:00Z,2.0,2.0,19,False,0,0,0,0,0,0,0,0,0,0,0,0,0,0.0,0.0,0.0,0.0,0,0,0,0,0,0.0,0.0,0.0,0.0,40,-36,6997,0,36,234,DEF,Aarón Anselmino,Chelsea
165,190,19,0,False,2025-12-30T19:30:00Z,2.0,2.0,19,False,0,0,0,0,0,0,0,0,0,0,0,0,0,0.0,0.0,0.0,0.0,0,0,0,0,0,0.0,0.0,0.0,0.0,54,-4,1464,0,4,165,MID,Abdallah Sima,Brighton
554,189,13,0,True,2026-01-01T20:00:00Z,0.0,0.0,19,False,0,0,0,0,0,0,0,0,0,0,0,0,0,0.0,0.0,0.0,0.0,0,0,0,0,0,0.0,0.0,0.0,0.0,43,-1659,51095,493,2152,554,MID,Abdoullah Ba,Sunderland
406,189,17,0,False,2026-01-01T20:00:00Z,0.0,0.0,19,False,0,0,0,0,0,0,0,0,0,0,0,0,0,0.0,0.0,0.0,0.0,0,0,0,0,0,0.0,0.0,0.0,0.0,54,-211,33685,267,478,406,DEF,Abdukodir Khusanov,Man City
326,185,8,1,False,2026-01-01T17:30:00Z,1.0,1.0,19,False,5,0,0,0,0,0,0,0,0,0,0,0,2,0.0,0.3,2.0,0.2,0,0,0,0,0,0.0,0.0,0.0,0.0,51,-196,18140,261,457,326,MID,Adama Traoré Diarra,West Ham
667,188,16,0,False,2025-12-30T19:30:00Z,0.0,2.0,19,False,0,0,0,0,0,0,0,0,0,0,0,0,0,0.0,0.0,0.0,0.0,0,0,0,0,0,0.0,0.0,0.0,0.0,42,-46,6898,69,115,667,DEF,Adam Aznou,Everton
73,184,7,1,False,2025-12-30T19:30:00Z,2.0,2.0,19,False,1,0,0,0,0,0,0,0,0,0,0,0,3,0.0,0.0,0.0,0.0,0,0,0,0,0,0.0,0.0,0.0,0.22,44,-696,23168,308,1004,73,DEF,Adam Smith,Bournemouth
153,190,19,0,False,2025-12-30T19:30:00Z,2.0,2.0,19,False,0,0,0,0,0,0,0,0,0,0,0,0,0,0.0,0.0,0.0,0.0,0,0,0,0,0,0.0,0.0,0.0,0.0,44,5,841,20,15,153,DEF,Adam Webster,Brighton
273,185,10,2,True,2026-01-01T17:30:00Z,1.0,1.0,19,False,90,0,0,0,1,0,0,0,0,0,0,0,13,10.0,2.5,4.0,1.7,3,4,2,9,1,0.0,0.1,0.1,1.91,50,1916,113949,9492,7576,273,MID,Adam Wharton,Crystal Palace
176,190,19,0,False,2025-12-30T19:30:00Z,2.0,2.0,19,False,0,0,0,0,0,0,0,0,0,0,0,0,0,0.0,0.0,0.0,0.0,0,0,0,0,0,0.0,0.0,0.0,0.0,45,-22,2497,0,22,176,MID,Adrian Mazilu,Brighton
74,184,7,3,False,2025-12-30T19:30:00Z,2.0,2.0,19,False,90,0,0,0,2,0,0,0,0,0,0,0,14,32.8,6.3,6.0,4.5,11,4,3,14,1,0.1,0.03,0.13,2.31,45,-31899,252985,3115,35014,74,DEF,Adrien Truffert,Bournemouth
562,189,13,0,True,2026-01-01T20:00:00Z,0.0,0.0,19,False,0,0,0,0,0,0,0,0,0,0,0,0,0,0.0,0.0,0.0,0.0,0,0,0,0,0,0.0,0.0,0.0,0.0,43,-822,47414,638,1460,562,FWD,Ahmed Abdullahi,Sunderland
752,190,6,0,True,2025-12-30T19:30:00Z,2.0,2.0,19,False,0,0,0,0,0,0,0,0,0,0,0,0,0,0.0,0.0,0.0,0.0,0,0,0,0,0,0.0,0.0,0.0,0.0,40,-28,2124,78,106,752,DEF,Airidas Golambeckis,West Ham
533,189,13,0,True,2026-01-01T20:00:00Z,0.0,0.0,19,False,0,0,0,0,0,0,0,0,0,0,0,0,0,0.0,0.0,0.0,0.0,0,0,0,0,0,0.0,0.0,0.0,0.0,40,-5,481,12,17,533,DEF,Aji Alese,Sunderland
555,189,13,0,True,2026-01-01T20:00:00Z,0.0,0.0,19,False,0,0,0,0,0,0,0,0,0,0,0,0,0,0.0,0.0,0.0,0.0,0,0,0,0,0,0.0,0.0,0.0,0.0,45,-42,4015,0,42,555,MID,Alan Browne,Sunderland
29,181,2,0,True,2025-12-30T20:15:00Z,4.0,1.0,19,False,0,0,0,0,0,0,0,0,0,0,0,0,0,0.0,0.0,0.0,0.0,0,0,0,0,0,0.0,0.0,0.0,0.0,45,-30,6604,0,30,29,MID,Albert Sambi Lokonga,Arsenal
453,184,4,4,True,2025-12-30T19:30:00Z,2.0,2.0,19,False,45,0,1,0,2,0,0,0,0,0,0,0,12,23.2,36.3,10.0,7.0,1,1,0,2,1,0.0,0.19,0.19,2.77,64,102,72784,5194,5092,453,MID,Alejandro Garnacho Ferreyra,Chelsea
499,186,11,0,True,2026-01-01T17:30:00Z,0.0,0.0,19,False,0,0,0,0,0,0,0,0,0,0,0,0,0,0.0,0.0,0.0,0.0,0,0,0,0,0,0.0,0.0,0.0,0.0,103,-12500,490441,119,12619,499,FWD,Alexander Isak,Liverpool
386,186,11,1,True,2026-01-01T17:30:00Z,0.0,0.0,19,False,24,0,0,0,0,0,0,0,0,0,0,0,3,2.6,4.3,2.0,0.9,1,1,0,2,0,0.02,0.06,0.08,0.16,62,-3026,180286,5651,8677,386,MID,Alexis Mac Allister,Liverpool
340,186,12,0,False,2026-01-01T17:30:00Z,0.0,0.0,19,False,0,0,0,0,0,0,0,0,0,0,0,0,0,0.0,0.0,0.0,0.0,0,0,0,0,0,0.0,0.0,0.0,0.0,39,-189,20227,148,337,340,GKP,Alex Cairns,Leeds
324,185,8,0,False,2026-01-01T17:30:00Z,1.0,1.0,19,False,0,0,0,0,0,0,0,0,0,0,0,0,0,0.0,0.0,0.0,0.0,0,0,0,0,0,0.0,0.0,0.0,0.0,63,-6770,96993,31,6801,324,MID,Alex Iwobi,Fulham
481,183,3,0,False,2025-12-30T19:30:00Z,1.0,3.0,19,False,0,0,0,0,0,0,0,0,0,0,0,0,0,0.0,0.0,0.0,0.0,0,0,0,0,0,0.0,0.0,0.0,0.0,38,-1551,93968,2002,3553,481,DEF,Alex Murphy,Newcastle
70,184,7,0,False,2025-12-30T19:30:00Z,2.0,2.0,19,False,0,0,0,0,0,0,0,0,0,0,0,0,0,0.0,0.0,0.0,0.0,0,0,0,0,0,0.0,0.0,0.0,0.0,40,-126,7632,0,126,70,GKP,Alex Paulsen,Bournemouth
90,184,7,2,False,2025-12-30T19:30:00Z,2.0,2.0,19,False,90,0,0,0,2,0,0,0,0,0,0,0,7,8.8,11.8,4.0,2.5,8,3,0,11,1,0.04,0.01,0.05,2.31,50,-1740,30680,695,2435,90,MID,Alex Scott,Bournemouth
641,187,14,0,False,2025-12-30T20:15:00Z,1.0,1.0,19,False,0,0,0,0,0,0,0,0,0,0,0,0,0,0.0,0.0,0.0,0.0,0,0,0,0,0,0.0,0.0,0.0,0.0,39,-2643,150398,448,3091,641,DEF,Alfie Pond,Wolves
366,186,11,6,True,2026-01-01T17:30:00Z,0.0,0.0,19,False,90,0,0,1,0,0,0,0,0,0,2,0,25,12.8,0.0,0.0,1.3,2,7,0,0,1,0.0,0.0,0.0,0.68,54,4011,796786,18309,14298,366,GKP,Alisson Becker,Liverpool
600,190,6,2,True,2025-12-30T19:30:00Z,2.0,2.0,19,False,90,0,0,0,2,0,0,0,0,0,5,0,10,33.2,0.0,0.0,3.3,2,10,0,0,1,0.0,0.0,0.0,2.94,43,1717,277278,7578,5861,600,GKP,Alphonse Areola,West Ham
431,187,20,0,True,2025-12-30T20:15:00Z,1.0,1.0,19,False,0,0,0,0,0,0,0,0,0,0,0,0,0,0.0,0.0,0.0,0.0,0,0,0,0,0,0.0,0.0,0.0,0.0,48,26,41868,718,692,431,GKP,Altay Bayındır,Man Utd
59,181,1,1,False,2025-12-30T20:15:00Z,4.0,1.0,19,False,45,0,0,0,0,0,0,0,0,0,0,0,5,5.8,2.3,2.0,1.0,2,0,0,2,1,0.0,0.0,0.0,0.46,48,1549,105423,6764,5215,59,MID,Amadou Onana,Aston Villa
452,187,20,0,True,2025-12-30T20:15:00Z,1.0,1.0,19,False,0,0,0,0,0,0,0,0,0,0,0,0,0,0.0,0.0,0.0,0.0,0,0,0,0,0,0.0,0.0,0.0,0.0,63,-6695,125320,173,6868,452,MID,Amad Diallo,Man Utd
378,186,11,0,True,2026-01-01T17:30:00Z,0.0,0.0,19,False,0,0,0,0,0,0,0,0,0,0,0,0,0,0.0,0.0,0.0,0.0,0,0,0,0,0,0.0,0.0,0.0,0.0,37,20222,110724,23607,3385,378,DEF,Amara Nallo,Liverpool
697,184,7,1,False,2025-12-30T19:30:00Z,2.0,2.0,19,False,12,0,0,0,0,0,0,0,0,0,0,0,7,2.8,10.8,4.0,1.8,0,0,0,0,0,0.0,0.13,0.13,0.28,54,-151,5226,123,274,697,MID,Amine Adli,Bournemouth
327,185,8,0,False,2026-01-01T17:30:00Z,1.0,1.0,19,False,0,0,0,0,0,0,0,0,0,0,0,0,0,0.0,0.0,0.0,0.0,0,0,0,0,0,0.0,0.0,0.0,0.0,53,-39,7750,0,39,327,MID,Andreas Hoelgebaum Pereira,Fulham
177,190,19,0,False,2025-12-30T19:30:00Z,2.0,2.0,19,False,0,0,0,0,0,0,0,0,0,0,0,0,0,0.0,0.0,0.0,0.0,0,0,0,0,0,0.0,0.0,0.0,0.0,45,-11,2087,0,11,177,MID,Andrew Moran,Brighton
372,186,11,6,True,2026-01-01T17:30:00Z,0.0,0.0,19,False,65,0,0,1,0,0,0,0,0,0,0,0,26,9.8,30.7,0.0,4.1,0,1,1,1,1,0.0,0.02,0.02,0.52,58,-685,125997,1622,2307,372,DEF,Andrew Robertson,Liverpool
246,184,4,1,True,2025-12-30T19:30:00Z,2.0,2.0,19,False,3,0,0,0,0,0,0,0,0,0,0,0,3,0.4,1.6,8.0,1.0,0,0,0,0,0,0.0,0.33,0.33,0.24,45,-924,37308,859,1783,246,MID,Andrey Nascimento dos Santos,Chelsea
711,181,2,0,True,2025-12-30T20:15:00Z,4.0,1.0,19,False,0,0,0,0,0,0,0,0,0,0,0,0,0,0.0,0.0,0.0,0.0,0,0,0,0,0,0.0,0.0,0.0,0.0,45,-23,1747,28,51,711,MID,Andre Harriman-Annous,Arsenal
42,181,1,0,False,2025-12-30T20:15:00Z,4.0,1.0,19,False,29,0,0,0,2,0,0,0,0,0,0,0,-6,0.6,1.4,0.0,0.2,0,2,0,0,0,0.0,0.01,0.01,1.43,39,-392,28456,392,784,42,DEF,Andrés García,Aston Villa
432,187,20,0,True,2025-12-30T20:15:00Z,1.0,1.0,19,False,0,0,0,0,0,0,0,0,0,0,0,0,0,0.0,0.0,0.0,0.0,0,0,0,0,0,0.0,0.0,0.0,0.0,49,-68,18763,0,68,432,GKP,André Onana,Man Utd
643,187,14,0,False,2025-12-30T20:15:00Z,1.0,1.0,19,False,0,0,0,0,0,0,0,0,0,0,0,0,0,0.0,0.0,0.0,0.0,0,0,0,0,0,0.0,0.0,0.0,0.0,53,-513,8578,74,587,643,MID,André Trindade da Costa Neto,Wolves
621,190,6,0,True,2025-12-30T19:30:00Z,2.0,2.0,19,False,0,0,0,0,0,0,0,0,0,0,0,0,0,0.0,0.0,0.0,0.0,0,0,0,0,0,0.0,0.0,0.0,0.0,43,238,37827,1488,1250,621,MID,Andy Irving,West Ham
675,188,9,0,True,2025-12-30T19:30:00Z,0.0,2.0,19,False,0,0,0,0,0,0,0,0,0,0,0,0,0,0.0,0.0,0.0,0.0,0,0,0,0,0,0.0,0.0,0.0,0.0,40,-1290,152582,271,1561,675,GKP,Angus Gunn,Nott'm Forest
486,183,3,0,False,2025-12-30T19:30:00Z,1.0,3.0,19,False,0,0,0,0,0,0,0,0,0,0,0,0,0,0.0,0.0,0.0,0.0,0,0,0,0,0,0.0,0.0,0.0,0.0,65,-10390,354430,414,10804,486,MID,Anthony Elanga,Newcastle
485,183,3,5,False,2025-12-30T19:30:00Z,1.0,3.0,19,False,79,0,1,0,1,0,0,0,0,0,0,0,14,5.4,3.0,8.0,1.6,1,2,3,6,1,0.09,0.02,0.11,0.95,74,162130,768816,187741,25611,485,MID,Anthony Gordon,Newcastle
528,189,13,0,True,2026-01-01T20:00:00Z,0.0,0.0,19,False,0,0,0,0,0,0,0,0,0,0,0,0,0,0.0,0.0,0.0,0.0,0,0,0,0,0,0.0,0.0,0.0,0.0,42,-299,22849,188,487,528,GKP,Anthony Patterson,Sunderland
82,184,7,5,False,2025-12-30T19:30:00Z,2.0,2.0,19,False,90,0,1,0,2,0,0,0,0,0,0,0,7,5.2,5.1,36.0,4.6,4,4,0,8,1,0.28,0.01,0.29,2.31,77,-75807,5796140,162989,238796,82,MID,Antoine Semenyo,Man City
316,185,8,2,False,2026-01-01T17:30:00Z,1.0,1.0,19,False,90,0,0,0,1,0,0,0,0,0,0,0,18,23.0,42.3,2.0,6.7,2,5,3,5,1,0.0,0.21,0.21,1.62,49,8406,89349,10758,2352,316,DEF,Antonee Robinson,Fulham
122,182,18,0,True,2026-01-01T20:00:00Z,0.0,0.0,19,False,0,0,0,0,0,0,0,0,0,0,0,0,0,0.0,0.0,0.0,0.0,0,0,0,0,0,0.0,0.0,0.0,0.0,52,-23,3680,7,30,122,MID,Antoni Milambo,Brentford
454,187,20,0,True,2025-12-30T20:15:00Z,1.0,1.0,19,False,0,0,0,0,0,0,0,0,0,0,0,0,0,0.0,0.0,0.0,0.0,0,0,0,0,0,0.0,0.0,0.0,0.0,59,-21,7466,0,21,454,MID,Antony dos Santos,Man Utd
660,186,12,5,False,2026-01-01T17:30:00Z,0.0,0.0,19,False,90,0,0,1,0,0,0,0,0,0,0,0,9,12.8,20.3,9.0,4.2,3,7,2,12,1,0.16,0.04,0.2,1.96,49,17328,369043,39672,22344,660,MID,Anton Stach,Leeds
567,182,5,0,False,2026-01-01T20:00:00Z,0.0,0.0,19,False,0,0,0,0,0,0,0,0,0,0,0,0,0,0.0,0.0,0.0,0.0,0,0,0,0,0,0.0,0.0,0.0,0.0,39,-3137,225078,995,4132,567,GKP,Antonín Kinský,Spurs
492,183,3,0,False,2025-12-30T19:30:00Z,1.0,3.0,19,False,0,0,0,0,0,0,0,0,0,0,0,0,0,0.0,0.0,0.0,0.0,0,0,0,0,0,0.0,0.0,0.0,0.0,49,-18,2736,0,18,492,MID,Antoñito Cordero Campillo,Newcastle
591,182,5,3,False,2026-01-01T20:00:00Z,0.0,0.0,19,False,90,0,0,1,0,0,0,0,0,0,0,0,7,9.6,5.3,11.0,2.6,1,4,0,5,1,0.25,0.01,0.26,0.83,48,1895,15714,2207,312,591,MID,Archie Gray,Spurs
680,183,15,7,True,2025-12-30T19:30:00Z,1.0,3.0,19,False,90,0,1,0,3,0,0,0,0,0,0,0,28,29.8,22.2,7.0,5.9,3,7,2,12,1,0.05,0.04,0.09,2.31,52,606,24870,2733,2127,680,FWD,Armando Broja,Burnley
696,188,9,0,True,2025-12-30T19:30:00Z,0.0,2.0,19,False,0,0,0,0,0,0,0,0,0,0,0,0,0,0.0,0.0,0.0,0.0,0,0,0,0,0,0.0,0.0,0.0,0.0,60,-224,17117,257,481,696,FWD,Arnaud Kalimuendo,Nott'm Forest
678,189,13,0,True,2026-01-01T20:00:00Z,0.0,0.0,19,False,0,0,0,0,0,0,0,0,0,0,0,0,0,0.0,0.0,0.0,0.0,0,0,0,0,0,0.0,0.0,0.0,0.0,39,-2475,72569,25,2500,678,DEF,Arthur Masuaku,Sunderland
274,185,10,0,True,2026-01-01T17:30:00Z,1.0,1.0,19,False,0,0,0,0,0,0,0,0,0,0,0,0,0,0.0,0.0,0.0,0.0,0,0,0,0,0,0.0,0.0,0.0,0.0,43,-3,7025,196,199,274,MID,Asher Agbinone,Crystal Palace
218,183,15,1,True,2025-12-30T19:30:00Z,1.0,3.0,19,False,2,0,0,0,1,0,0,0,0,0,0,0,3,0.0,0.0,7.0,0.7,0,0,0,0,0,0.11,0.0,0.11,0.07,43,-3525,151925,2499,6024,218,FWD,Ashley Barnes,Burnley
576,182,5,0,False,2026-01-01T20:00:00Z,0.0,0.0,19,False,0,0,0,0,0,0,0,0,0,0,0,0,0,0.0,0.0,0.0,0.0,0,0,0,0,0,0.0,0.0,0.0,0.0,40,-7,1490,0,7,576,DEF,Ashley Phillips,Spurs
198,183,15,0,True,2025-12-30T19:30:00Z,1.0,3.0,19,False,0,0,0,0,0,0,0,0,0,0,0,0,0,0.0,0.0,0.0,0.0,0,0,0,0,0,0.0,0.0,0.0,0.0,39,-8145,138212,49,8194,198,DEF,Axel Tuanzebe,Burnley
447,187,20,2,True,2025-12-30T20:15:00Z,1.0,1.0,19,False,74,0,0,0,1,0,0,0,0,0,0,0,14,17.2,2.8,7.0,2.7,3,5,4,7,1,0.04,0.04,0.08,1.11,38,105937,381416,111787,5850,447,DEF,Ayden Heaven,Man Utd
685,184,7,0,False,2025-12-30T19:30:00Z,2.0,2.0,19,False,0,0,0,0,0,0,0,0,0,0,0,0,0,0.0,0.0,0.0,0.0,0,0,0,0,0,0.0,0.0,0.0,0.0,44,-3481,45083,488,3969,685,DEF,Bafodé Diakité,Bournemouth
139,190,19,1,False,2025-12-30T19:30:00Z,2.0,2.0,19,False,90,0,0,0,2,0,0,0,0,0,2,0,13,22.8,0.0,0.0,2.3,1,9,0,0,1,0.0,0.0,0.0,2.06,44,39401,744975,52622,13221,139,GKP,Bart Verbruggen,Brighton
193,183,15,2,True,2025-12-30T19:30:00Z,1.0,3.0,19,False,75,0,0,0,1,0,0,0,0,0,0,0,20,20.2,4.2,4.0,2.8,6,6,0,6,0,0.0,0.08,0.08,1.33,39,429,8560,540,111,193,DEF,Bashir Humphreys,Burnley
639,187,14,0,False,2025-12-30T20:15:00Z,1.0,1.0,19,False,0,0,0,0,0,0,0,0,0,0,0,0,0,0.0,0.0,0.0,0.0,0,0,0,0,0,0.0,0.0,0.0,0.0,40,-10,837,0,10,639,DEF,Bastien Meupiyou Menadjou,Wolves
769,187,20,1,True,2025-12-30T20:15:00Z,1.0,1.0,19,False,15,0,0,0,0,0,0,0,0,0,0,0,3,2.2,11.7,0.0,1.4,0,0,0,0,0,0.0,0.01,0.01,0.05,45,9,135,24,15,769,MID,Bendito Mantato,Man Utd
114,182,18,0,True,2026-01-01T20:00:00Z,0.0,0.0,19,False,0,0,0,0,0,0,0,0,0,0,0,0,0,0.0,0.0,0.0,0.0,0,0,0,0,0,0.0,0.0,0.0,0.0,39,-461,27216,166,627,114,DEF,Benjamin Arthur,Brentford
115,182,18,0,True,2026-01-01T20:00:00Z,0.0,0.0,19,False,0,0,0,0,0,0,0,0,0,0,0,0,0,0.0,0.0,0.0,0.0,0,0,0,0,0,0.0,0.0,0.0,0.0,40,-122,10099,0,122,115,DEF,Benjamin Fredrick,Brentford
664,185,8,0,False,2026-01-01T17:30:00Z,1.0,1.0,19,False,0,0,0,0,0,0,0,0,0,0,0,0,0,0.0,0.0,0.0,0.0,0,0,0,0,0,0.0,0.0,0.0,0.0,39,-471,94148,1105,1576,664,GKP,Benjamin Lecomte,Fulham
681,187,20,2,True,2025-12-30T20:15:00Z,1.0,1.0,19,False,90,0,0,0,1,0,0,0,0,0,0,0,2,13.6,1.7,83.0,9.8,1,2,1,4,1,0.44,0.0,0.44,1.16,72,30086,437072,35523,5437,681,FWD,Benjamin Sesko,Man Utd
11,181,2,1,True,2025-12-30T20:15:00Z,4.0,1.0,19,False,7,0,0,0,1,0,0,0,0,0,0,0,-1,3.0,10.3,0.0,1.3,1,0,0,1,0,0.0,0.01,0.01,2.0,51,-33351,79888,40,33391,11,DEF,Benjamin White,Arsenal
229,184,4,0,True,2025-12-30T19:30:00Z,2.0,2.0,19,False,0,0,0,0,0,0,0,0,0,0,0,0,0,0.0,0.0,0.0,0.0,0,0,0,0,0,0.0,0.0,0.0,0.0,44,145,2928,233,88,229,DEF,Benoît Badiashile Mukinayi,Chelsea
60,181,1,0,False,2025-12-30T20:15:00Z,4.0,1.0,19,False,0,0,0,0,0,0,0,0,0,0,0,0,0,0.0,0.0,0.0,0.0,0,0,0,0,0,0.0,0.0,0.0,0.0,45,-355,38032,622,977,60,MID,Ben Broggio,Aston Villa
780,185,10,0,True,2026-01-01T17:30:00Z,1.0,1.0,19,False,0,0,0,0,0,0,0,0,0,0,0,0,0,0.0,0.0,0.0,0.0,0,0,0,0,0,0.0,0.0,0.0,0.0,45,0,0,0,0,780,FWD,Ben Casey,Crystal Palace
571,182,5,0,False,2026-01-01T20:00:00Z,0.0,0.0,19,False,0,0,0,0,0,0,0,0,0,0,0,0,0,0.0,0.0,0.0,0.0,0,0,0,0,0,0.0,0.0,0.0,0.0,43,0,9022,116,116,571,DEF,Ben Davies,Spurs
391,184,7,0,False,2025-12-30T19:30:00Z,2.0,2.0,19,False,0,0,0,0,0,0,0,0,0,0,0,0,0,0.0,0.0,0.0,0.0,0,0,0,0,0,0.0,0.0,0.0,0.0,48,-49,4166,15,64,391,MID,Ben Gannon-Doak,Bournemouth
96,184,7,0,False,2025-12-30T19:30:00Z,2.0,2.0,19,False,0,0,0,0,0,0,0,0,0,0,0,0,0,0.0,0.0,0.0,0.0,0,0,0,0,0,0.0,0.0,0.0,0.0,45,-38,4101,0,38,96,MID,Ben Winterburn,Bournemouth
416,189,17,3,False,2026-01-01T20:00:00Z,0.0,0.0,19,False,84,0,0,1,0,0,0,0,0,0,0,0,11,9.4,5.7,17.0,3.2,2,2,0,4,1,0.05,0.03,0.08,0.8,62,-669,66960,1806,2475,416,MID,Bernardo Mota Veiga de Carvalho e Silva,Man City
314,185,8,2,False,2026-01-01T17:30:00Z,1.0,1.0,19,False,90,0,0,0,1,0,0,0,0,0,1,0,12,16.4,0.0,0.0,1.6,3,7,0,0,1,0.0,0.0,0.0,1.62,49,-5090,223691,2371,7461,314,GKP,Bernd Leno,Fulham
735,189,13,0,True,2026-01-01T20:00:00Z,0.0,0.0,19,False,0,0,0,0,0,0,0,0,0,0,0,0,0,0.0,0.0,0.0,0.0,0,0,0,0,0,0.0,0.0,0.0,0.0,55,-444,4726,15,459,735,MID,Bertrand Traoré,Sunderland
530,189,13,0,True,2026-01-01T20:00:00Z,0.0,0.0,19,False,0,0,0,0,0,0,0,0,0,0,0,0,0,0.0,0.0,0.0,0.0,0,0,0,0,0,0.0,0.0,0.0,0.0,39,-150,17240,139,289,530,GKP,Blondy Nna Noukeu,Sunderland
259,185,10,1,True,2026-01-01T17:30:00Z,1.0,1.0,19,False,1,0,0,0,0,0,0,0,0,0,0,0,2,0.0,0.0,0.0,0.0,0,0,0,0,0,0.0,0.0,0.0,0.17,48,136,14549,405,269,259,DEF,Borna Sosa,Crystal Palace
58,181,1,0,False,2025-12-30T20:15:00Z,4.0,1.0,19,False,0,0,0,0,0,0,0,0,0,0,0,0,0,0.0,0.0,0.0,0.0,0,0,0,0,0,0.0,0.0,0.0,0.0,49,-19216,59873,1613,20829,58,MID,Boubacar Kamara,Aston Villa
649,187,14,0,False,2025-12-30T20:15:00Z,1.0,1.0,19,False,0,0,0,0,0,0,0,0,0,0,0,0,0,0.0,0.0,0.0,0.0,0,0,0,0,0,0.0,0.0,0.0,0.0,50,-1,122,0,1,649,MID,Boubacar Traoré,Wolves
702,181,1,0,False,2025-12-30T20:15:00Z,4.0,1.0,19,False,0,0,0,0,0,0,0,0,0,0,0,0,0,0.0,0.0,0.0,0.0,0,0,0,0,0,0.0,0.0,0.0,0.0,44,-47,8955,96,143,702,MID,Bradley Burrowes,Aston Villa
779,188,16,0,False,2025-12-30T19:30:00Z,0.0,2.0,19,False,0,0,0,0,0,0,0,0,0,0,0,0,0,0.0,0.0,0.0,0.0,0,0,0,0,0,0.0,0.0,0.0,0.0,45,0,0,0,0,779,FWD,Braiden Graham,Everton
162,190,19,1,False,2025-12-30T19:30:00Z,2.0,2.0,19,False,32,0,0,0,0,0,0,0,0,0,0,0,-1,6.0,12.3,6.0,2.4,1,2,0,3,0,0.0,0.08,0.08,0.4,54,166,7231,446,280,162,MID,Brajan Gruda,Brighton
566,182,5,0,False,2026-01-01T20:00:00Z,0.0,0.0,19,False,0,0,0,0,0,0,0,0,0,0,0,0,0,0.0,0.0,0.0,0.0,0,0,0,0,0,0.0,0.0,0.0,0.0,39,-395,39976,231,626,566,GKP,Brandon Austin,Spurs
13,181,2,0,True,2025-12-30T20:15:00Z,4.0,1.0,19,False,0,0,0,0,0,0,0,0,0,0,0,0,0,0.0,0.0,0.0,0.0,0,0,0,0,0,0.0,0.0,0.0,0.0,38,-546,75097,1228,1774,13,DEF,Brayden Clarke,Arsenal
350,186,12,3,False,2026-01-01T17:30:00Z,0.0,0.0,19,False,69,0,0,1,0,0,0,0,0,0,0,0,5,1.6,3.7,2.0,0.7,0,3,1,4,1,0.0,0.02,0.02,1.86,54,444,16818,1503,1059,350,MID,Brenden Aaronson,Leeds
580,182,5,0,False,2026-01-01T20:00:00Z,0.0,0.0,19,False,0,0,0,0,0,0,0,0,0,0,0,0,0,0.0,0.0,0.0,0.0,0,0,0,0,0,0.0,0.0,0.0,0.0,65,-2383,308769,1293,3676,580,MID,Brennan Johnson,Crystal Palace
730,189,13,1,True,2026-01-01T20:00:00Z,0.0,0.0,19,False,57,0,0,0,0,0,0,0,0,0,0,0,1,4.4,12.3,21.0,3.8,0,1,0,1,1,0.25,0.03,0.28,1.01,55,-2542,35658,2515,5057,730,FWD,Brian Brobbey,Sunderland
449,187,20,0,True,2025-12-30T20:15:00Z,1.0,1.0,19,False,0,0,0,0,0,0,0,0,0,0,0,0,0,0.0,0.0,0.0,0.0,0,0,0,0,0,0.0,0.0,0.0,0.0,91,-592718,1598448,2778,595496,449,MID,Bruno Borges Fernandes,Man Utd
488,183,3,10,False,2025-12-30T19:30:00Z,1.0,3.0,19,False,90,1,0,0,1,0,0,0,0,0,0,3,46,58.2,46.5,43.0,14.8,3,2,5,10,1,0.49,0.19,0.68,1.09,70,-8214,1734705,129766,137980,488,MID,Bruno Guimarães Rodriguez Moura,Newcastle
590,182,5,0,False,2026-01-01T20:00:00Z,0.0,0.0,19,False,0,0,0,0,0,0,0,0,0,0,0,0,0,0.0,0.0,0.0,0.0,0,0,0,0,0,0.0,0.0,0.0,0.0,49,-9,3506,0,9,590,MID,Bryan Gil Salvatierra,Spurs
119,187,20,0,True,2025-12-30T20:15:00Z,1.0,1.0,19,False,0,0,0,0,0,0,0,0,0,0,0,0,0,0.0,0.0,0.0,0.0,0,0,0,0,0,0.0,0.0,0.0,0.0,81,-114437,1241055,583,115020,119,MID,Bryan Mbeumo,Man Utd
16,181,2,6,True,2025-12-30T20:15:00Z,4.0,1.0,19,False,82,0,1,1,0,0,0,0,0,0,0,0,10,0.0,13.0,15.0,2.7,0,3,1,4,1,0.38,0.02,0.4,0.67,103,-72704,2647811,73133,145837,16,MID,Bukayo Saka,Arsenal
265,185,10,0,True,2026-01-01T17:30:00Z,1.0,1.0,19,False,0,0,0,0,0,0,0,0,0,0,0,0,0,0.0,0.0,0.0,0.0,0,0,0,0,0,0.0,0.0,0.0,0.0,40,1,1481,23,22,265,DEF,Caleb Kporha,Crystal Palace
69,184,7,0,False,2025-12-30T19:30:00Z,2.0,2.0,19,False,0,0,0,0,0,0,0,0,0,0,0,0,0,0.0,0.0,0.0,0.0,0,0,0,0,0,0.0,0.0,0.0,0.0,39,835,33594,1485,650,69,GKP,Callan McKenna,Bournemouth
306,188,16,0,False,2025-12-30T19:30:00Z,0.0,2.0,19,False,0,0,0,0,0,0,0,0,0,0,0,0,0,0.0,0.0,0.0,0.0,0,0,0,0,0,0.0,0.0,0.0,0.0,43,-32,10015,358,390,306,MID,Callum Bates,Everton
516,188,9,2,True,2025-12-30T19:30:00Z,0.0,2.0,19,False,74,0,0,0,1,0,0,0,0,0,0,0,14,2.0,12.1,16.0,3.0,0,2,1,3,1,0.16,0.1,0.26,0.67,57,13111,134824,20000,6889,516,MID,Callum Hudson-Odoi,Nott'm Forest
626,190,6,0,True,2025-12-30T19:30:00Z,2.0,2.0,19,False,0,0,0,0,0,0,0,0,0,0,0,0,0,0.0,0.0,0.0,0.0,0,0,0,0,0,0.0,0.0,0.0,0.0,43,-538,80600,1194,1732,626,FWD,Callum Marshall,West Ham
595,182,5,0,False,2026-01-01T20:00:00Z,0.0,0.0,19,False,0,0,0,0,0,0,0,0,0,0,0,0,0,0.0,0.0,0.0,0.0,0,0,0,0,0,0.0,0.0,0.0,0.0,43,-77,26584,587,664,595,MID,Callum Olusesi,Spurs
671,190,6,5,True,2025-12-30T19:30:00Z,2.0,2.0,19,False,62,0,1,0,2,0,0,0,0,0,0,0,11,0.0,0.3,14.0,1.3,0,2,0,2,1,0.21,0.0,0.21,2.45,58,-7079,91198,3099,10178,671,FWD,Callum Wilson,West Ham
318,185,8,0,False,2026-01-01T17:30:00Z,1.0,1.0,19,False,0,0,0,0,0,0,0,0,0,0,0,0,0,0.0,0.0,0.0,0.0,0,0,0,0,0,0.0,0.0,0.0,0.0,45,-5221,47692,50,5271,318,DEF,Calvin Bassey,Fulham
380,186,11,0,True,2026-01-01T17:30:00Z,0.0,0.0,19,False,0,0,0,0,0,0,0,0,0,0,0,0,0,0.0,0.0,0.0,0.0,0,0,0,0,0,0.0,0.0,0.0,0.0,38,-740,31441,172,912,380,DEF,Calvin Ramsay,Liverpool
101,182,18,6,True,2026-01-01T20:00:00Z,0.0,0.0,19,False,90,0,0,1,0,0,0,0,0,0,2,0,27,20.2,0.0,0.0,2.0,0,10,0,0,1,0.0,0.02,0.02,1.01,45,13639,1074172,34719,21080,101,GKP,Caoimhín Kelleher,Brentford
301,188,16,0,False,2025-12-30T19:30:00Z,0.0,2.0,19,False,0,0,0,0,0,0,0,0,0,0,0,0,0,0.0,0.0,0.0,0.0,0,0,0,0,0,0.0,0.0,0.0,0.0,52,-321,17756,1373,1694,301,MID,Carlos Alcaraz Durán,Everton
167,190,19,0,False,2025-12-30T19:30:00Z,2.0,2.0,19,False,0,0,0,0,0,0,0,0,0,0,0,0,0,0.0,0.0,0.0,0.0,0,0,0,0,0,0.0,0.0,0.0,0.0,46,-6726,173659,203,6929,167,MID,Carlos Baleba,Brighton
457,187,20,6,True,2025-12-30T20:15:00Z,1.0,1.0,19,False,90,0,0,0,1,0,0,0,0,0,0,2,23,23.4,24.1,0.0,4.8,4,2,6,12,1,0.0,0.22,0.22,1.16,55,43042,183806,50745,7703,457,MID,Carlos Henrique Casimiro,Man Utd
503,188,9,0,True,2025-12-30T19:30:00Z,0.0,2.0,19,False,0,0,0,0,0,0,0,0,0,0,0,0,0,0.0,0.0,0.0,0.0,0,0,0,0,0,0.0,0.0,0.0,0.0,40,-148,8635,0,148,503,GKP,Carlos Miguel dos Santos Pereira,Nott'm Forest
141,190,19,0,False,2025-12-30T19:30:00Z,2.0,2.0,19,False,0,0,0,0,0,0,0,0,0,0,0,0,0,0.0,0.0,0.0,0.0,0,0,0,0,0,0.0,0.0,0.0,0.0,40,-4,255,0,4,141,GKP,Carl Rushworth,Brighton
262,185,10,0,True,2026-01-01T17:30:00Z,1.0,1.0,19,False,0,0,0,0,0,0,0,0,0,0,0,0,0,0.0,0.0,0.0,0.0,0,0,0,0,0,0.0,0.0,0.0,0.0,40,-34,1967,15,49,262,DEF,Chadi Riad Dnanou,Crystal Palace
181,190,19,0,False,2025-12-30T19:30:00Z,2.0,2.0,19,False,7,0,0,0,0,0,0,0,1,0,0,0,-2,0.0,0.6,0.0,0.0,0,1,0,1,0,0.0,0.0,0.0,0.12,48,-872,43331,1036,1908,181,FWD,Charalampos Kostoulas,Brighton
359,186,12,0,False,2026-01-01T17:30:00Z,0.0,0.0,19,False,0,0,0,0,0,0,0,0,0,0,0,0,0,0.0,0.0,0.0,0.0,0,0,0,0,0,0.0,0.0,0.0,0.0,45,-3,440,0,3,359,MID,Charlie Crew,Leeds
763,189,17,0,False,2026-01-01T20:00:00Z,0.0,0.0,19,False,0,0,0,0,0,0,0,0,0,0,0,0,0,0.0,0.0,0.0,0.0,0,0,0,0,0,0.0,0.0,0.0,0.0,45,16,179,47,31,763,MID,Charlie Gray,Man City
156,190,19,0,False,2025-12-30T19:30:00Z,2.0,2.0,19,False,0,0,0,0,0,0,0,0,0,0,0,0,0,0.0,0.0,0.0,0.0,0,0,0,0,0,0.0,0.0,0.0,0.0,39,-312,17708,149,461,156,DEF,Charlie Tasker,Brighton
268,185,10,0,True,2026-01-01T17:30:00Z,1.0,1.0,19,False,0,0,0,0,0,0,0,0,0,0,0,0,0,0.0,0.0,0.0,0.0,0,0,0,0,0,0.0,0.0,0.0,0.0,49,-2,374,6,8,268,MID,Cheick Doucouré,Crystal Palace
553,189,13,0,True,2026-01-01T20:00:00Z,0.0,0.0,19,False,0,0,0,0,0,0,0,0,0,0,0,0,0,0.0,0.0,0.0,0.0,0,0,0,0,0,0.0,0.0,0.0,0.0,49,-1064,19237,23,1087,553,MID,Chemsdine Talbi,Sunderland
467,187,20,0,True,2025-12-30T20:15:00Z,1.0,1.0,19,False,0,0,0,0,0,0,0,0,0,0,0,0,0,0.0,0.0,0.0,0.0,0,0,0,0,0,0.0,0.0,0.0,0.0,42,4106,238443,16454,12348,467,FWD,Chido Obi,Man Utd
732,185,10,1,True,2026-01-01T17:30:00Z,1.0,1.0,19,False,8,0,0,0,0,0,0,0,0,0,0,0,2,0.0,0.0,0.0,0.0,0,0,0,0,0,0.0,0.0,0.0,0.68,55,33,6022,440,407,732,FWD,Christantus Uche,Crystal Palace
24,181,2,1,True,2025-12-30T20:15:00Z,4.0,1.0,19,False,17,0,0,0,1,0,0,0,0,0,0,0,4,8.2,0.3,0.0,0.9,3,1,0,4,0,0.0,0.0,0.0,2.11,51,-55,16940,220,275,24,MID,Christian Nørgaard,Arsenal
240,184,4,0,True,2025-12-30T19:30:00Z,2.0,2.0,19,False,0,0,0,0,0,0,0,0,0,0,0,0,0,0.0,0.0,0.0,0.0,0,0,0,0,0,0.0,0.0,0.0,0.0,59,-27,10496,0,27,240,MID,Christopher Nkunku,Chelsea
79,184,7,0,False,2025-12-30T19:30:00Z,2.0,2.0,19,False,0,0,0,0,0,0,0,0,0,0,0,0,0,0.0,0.0,0.0,0.0,0,0,0,0,0,0.0,0.0,0.0,0.0,40,-111,9112,0,111,79,DEF,Chris Mepham,Bournemouth
261,185,10,0,True,2026-01-01T17:30:00Z,1.0,1.0,19,False,0,0,0,0,0,0,0,0,0,0,0,0,0,0.0,0.0,0.0,0.0,0,0,0,0,0,0.0,0.0,0.0,0.0,45,-122557,321340,944,123501,261,DEF,Chris Richards,Crystal Palace
551,189,13,0,True,2026-01-01T20:00:00Z,0.0,0.0,19,False,0,0,0,0,0,0,0,0,0,0,0,0,0,0.0,0.0,0.0,0.0,0,0,0,0,0,0.0,0.0,0.0,0.0,47,13,6213,221,208,551,MID,Chris Rigg,Sunderland
525,188,9,0,True,2025-12-30T19:30:00Z,0.0,2.0,19,False,0,0,0,0,0,0,0,0,0,0,0,0,0,0.0,0.0,0.0,0.0,0,0,0,0,0,0.0,0.0,0.0,0.0,72,-5444,622882,59,5503,525,FWD,Chris Wood,Nott'm Forest
425,189,17,0,False,2026-01-01T20:00:00Z,0.0,0.0,19,False,0,0,0,0,0,0,0,0,0,0,0,0,0,0.0,0.0,0.0,0.0,0,0,0,0,0,0.0,0.0,0.0,0.0,54,-8,1251,0,8,425,MID,Claudio Echeverri,Man City
307,188,16,0,False,2025-12-30T19:30:00Z,0.0,2.0,19,False,0,0,0,0,0,0,0,0,0,0,0,0,0,0.0,0.0,0.0,0.0,0,0,0,0,0,0.0,0.0,0.0,0.0,44,-23,5368,113,136,307,MID,Coby Ebere,Everton
384,186,11,1,True,2026-01-01T17:30:00Z,0.0,0.0,19,False,24,0,0,0,0,0,0,0,0,0,0,0,1,0.0,2.3,4.0,0.5,0,0,0,0,0,0.03,0.02,0.05,0.16,73,7369,685088,21014,13645,384,MID,Cody Gakpo,Liverpool
235,184,4,7,True,2025-12-30T19:30:00Z,2.0,2.0,19,False,62,1,0,0,2,0,0,0,0,0,0,0,29,43.8,23.8,26.0,9.4,2,3,1,6,1,0.82,0.06,0.88,2.9,104,36786,1607872,64412,27626,235,MID,Cole Palmer,Chelsea
186,183,15,0,True,2025-12-30T19:30:00Z,1.0,3.0,19,False,0,0,0,0,0,0,0,0,0,0,0,0,0,0.0,0.0,0.0,0.0,0,0,0,0,0,0.0,0.0,0.0,0.0,44,-12,3667,22,34,186,DEF,Connor Roberts,Burnley
375,186,11,6,True,2026-01-01T17:30:00Z,0.0,0.0,19,False,78,0,0,1,0,0,0,0,0,0,0,0,23,2.6,3.3,16.0,2.2,2,4,0,2,1,0.08,0.01,0.09,0.52,50,615,27078,1949,1334,375,DEF,Conor Bradley,Liverpool
662,181,2,0,True,2025-12-30T20:15:00Z,4.0,1.0,19,False,0,0,0,0,0,0,0,0,0,0,0,0,0,0.0,0.0,0.0,0.0,0,0,0,0,0,0.0,0.0,0.0,0.0,54,-388,16990,18,406,662,DEF,Cristhian Mosquera,Arsenal
569,182,5,9,False,2026-01-01T20:00:00Z,0.0,0.0,19,False,90,0,0,1,0,0,0,0,0,0,0,1,29,20.2,0.8,5.0,2.6,8,6,4,12,1,0.13,0.03,0.16,0.83,50,-4512,463696,9997,14509,569,DEF,Cristian Romero,Spurs
615,190,6,1,True,2025-12-30T19:30:00Z,2.0,2.0,19,False,27,0,0,0,0,0,0,0,0,0,0,0,6,5.6,2.2,17.0,2.5,0,1,1,2,0,0.15,0.02,0.17,0.49,55,241,11374,998,757,615,MID,Crysencio Summerville,West Ham
388,186,11,3,True,2026-01-01T17:30:00Z,0.0,0.0,19,False,65,0,0,1,0,0,0,0,0,0,0,0,17,14.0,30.1,9.0,5.3,1,3,1,5,1,0.02,0.2,0.22,0.52,54,-250,22125,1662,1912,388,MID,Curtis Jones,Liverpool
271,185,10,0,True,2026-01-01T17:30:00Z,1.0,1.0,19,False,0,0,0,0,0,0,0,0,0,0,0,0,0,0.0,0.0,0.0,0.0,0,0,0,0,0,0.0,0.0,0.0,0.0,50,-955,10783,11,966,271,MID,Daichi Kamada,Crystal Palace
599,182,5,0,False,2026-01-01T20:00:00Z,0.0,0.0,19,False,0,0,0,0,0,0,0,0,0,0,0,0,0,0.0,0.0,0.0,0.0,0,0,0,0,0,0.0,0.0,0.0,0.0,43,-855,77954,691,1546,599,FWD,Dane Scarlett,Spurs
83,182,18,0,True,2026-01-01T20:00:00Z,0.0,0.0,19,False,0,0,0,0,0,0,0,0,0,0,0,0,0,0.0,0.0,0.0,0.0,0,0,0,0,0,0.0,0.0,0.0,0.0,59,-16472,53077,29,16501,83,MID,Dango Ouattara,Brentford
99,184,7,0,False,2025-12-30T19:30:00Z,2.0,2.0,19,False,0,0,0,0,0,0,0,0,0,0,0,0,0,0.0,0.0,0.0,0.0,0,0,0,0,0,0.0,0.0,0.0,0.0,44,-211,18596,0,211,99,FWD,Daniel Adu-Adjei,Bournemouth
531,189,13,0,True,2026-01-01T20:00:00Z,0.0,0.0,19,False,0,0,0,0,0,0,0,0,0,0,0,0,0,0.0,0.0,0.0,0.0,0,0,0,0,0,0.0,0.0,0.0,0.0,47,-76482,419284,7774,84256,531,DEF,Daniel Ballard,Sunderland
629,187,14,0,False,2025-12-30T20:15:00Z,1.0,1.0,19,False,0,0,0,0,0,0,0,0,0,0,0,0,0,0.0,0.0,0.0,0.0,0,0,0,0,0,0.0,0.0,0.0,0.0,39,-954,61378,297,1251,629,GKP,Daniel Bentley,Wolves
353,186,12,0,False,2026-01-01T17:30:00Z,0.0,0.0,19,False,0,0,0,0,0,0,0,0,0,0,0,0,0,0.0,0.0,0.0,0.0,0,0,0,0,0,0.0,0.0,0.0,0.0,53,-179,12873,12,191,353,MID,Daniel James,Leeds
256,185,10,0,True,2026-01-01T17:30:00Z,1.0,1.0,19,False,0,0,0,0,0,0,0,0,0,0,0,0,0,0.0,0.0,0.0,0.0,0,0,0,0,0,0.0,0.0,0.0,0.0,58,-109439,900716,998,110437,256,DEF,Daniel Muñoz Mejía,Crystal Palace
178,190,19,3,False,2025-12-30T19:30:00Z,2.0,2.0,19,False,82,1,0,0,2,0,0,1,1,0,0,0,6,32.0,15.3,25.0,7.2,2,2,0,4,1,1.6,0.04,1.64,1.94,63,-43364,585493,19997,63361,178,FWD,Danny Welbeck,Brighton
476,183,3,0,False,2025-12-30T19:30:00Z,1.0,3.0,19,False,0,0,0,0,0,0,0,0,0,0,0,0,0,0.0,0.0,0.0,0.0,0,0,0,0,0,0.0,0.0,0.0,0.0,51,-91254,509059,183,91437,476,DEF,Dan Burn,Newcastle
669,188,9,0,True,2025-12-30T19:30:00Z,0.0,2.0,19,False,0,0,0,0,0,0,0,0,0,0,0,0,0,0.0,0.0,0.0,0.0,0,0,0,0,0,0.0,0.0,0.0,0.0,55,-5409,97872,12,5421,669,MID,Dan Ndoye,Nott'm Forest
549,189,13,0,True,2026-01-01T20:00:00Z,0.0,0.0,19,False,0,0,0,0,0,0,0,0,0,0,0,0,0,0.0,0.0,0.0,0.0,0,0,0,0,0,0.0,0.0,0.0,0.0,48,-8,3944,63,71,549,MID,Dan Neil,Sunderland
204,183,15,0,True,2025-12-30T19:30:00Z,1.0,3.0,19,False,0,0,0,0,0,0,0,0,0,0,0,0,0,0.0,0.0,0.0,0.0,0,0,0,0,0,0.0,0.0,0.0,0.0,49,-8,1621,0,8,204,MID,Darko Churlinov,Burnley
361,186,12,0,False,2026-01-01T17:30:00Z,0.0,0.0,19,False,0,0,0,0,0,0,0,0,0,0,0,0,0,0.0,0.0,0.0,0.0,0,0,0,0,0,0.0,0.0,0.0,0.0,45,-44,3211,0,44,361,MID,Darko Gyabi,Leeds
397,186,11,0,True,2026-01-01T17:30:00Z,0.0,0.0,19,False,0,0,0,0,0,0,0,0,0,0,0,0,0,0.0,0.0,0.0,0.0,0,0,0,0,0,0.0,0.0,0.0,0.0,65,-21,8134,0,21,397,FWD,Darwin Núñez Ribeiro,Liverpool
86,184,7,10,False,2025-12-30T19:30:00Z,2.0,2.0,19,False,77,1,0,0,2,0,0,0,0,0,0,3,37,54.2,58.9,80.0,19.3,2,4,1,7,1,1.39,0.46,1.85,2.03,50,-321,22800,508,829,86,MID,David Brooks,Bournemouth
509,188,9,0,True,2025-12-30T19:30:00Z,0.0,2.0,19,False,0,0,0,0,0,0,0,0,0,0,0,0,0,0.0,0.0,0.0,0.0,0,0,0,0,0,0.0,0.0,0.0,0.0,45,-22,2717,0,22,509,DEF,David Mota Veiga Teixeira do Carmo,Nott'm Forest
682,187,14,1,False,2025-12-30T20:15:00Z,1.0,1.0,19,False,1,0,0,0,0,0,0,0,0,0,0,0,3,0.0,0.0,0.0,0.0,0,0,0,0,0,0.0,0.0,0.0,0.0,43,-113,8067,72,185,682,DEF,David Møller Wolfe,Wolves
280,185,10,0,True,2026-01-01T17:30:00Z,1.0,1.0,19,False,0,0,0,0,0,0,0,0,0,0,0,0,0,0.0,0.0,0.0,0.0,0,0,0,0,0,0.0,0.0,0.0,0.0,45,-1,152,0,1,280,MID,David Ozoh,Crystal Palace
1,181,2,2,True,2025-12-30T20:15:00Z,4.0,1.0,19,False,90,0,0,0,1,0,0,0,0,0,2,0,12,20.0,0.0,0.0,2.0,2,9,0,0,1,0.0,0.0,0.0,2.67,60,-67402,4431485,29380,96782,1,GKP,David Raya Martín,Arsenal
773,185,10,0,True,2026-01-01T17:30:00Z,1.0,1.0,19,False,0,0,0,0,0,0,0,0,0,0,0,0,0,0.0,0.0,0.0,0.0,0,0,0,0,0,0.0,0.0,0.0,0.0,40,71,199,78,7,773,DEF,Dean Benamar,Crystal Palace
253,185,10,3,True,2026-01-01T17:30:00Z,1.0,1.0,19,False,90,0,0,0,1,0,0,0,0,0,4,0,16,30.6,0.0,0.0,3.1,0,10,0,0,1,0.0,0.0,0.0,1.91,51,-14515,1076976,10393,24908,253,GKP,Dean Henderson,Crystal Palace
21,181,2,0,True,2025-12-30T20:15:00Z,4.0,1.0,19,False,0,0,0,0,0,0,0,0,0,0,0,0,0,0.0,0.0,0.0,0.0,0,0,0,0,0,0.0,0.0,0.0,0.0,72,-88311,3090381,163288,251599,21,MID,Declan Rice,Arsenal
583,182,5,0,False,2026-01-01T20:00:00Z,0.0,0.0,19,False,0,0,0,0,0,0,0,0,0,0,0,0,0,0.0,0.0,0.0,0.0,0,0,0,0,0,0.0,0.0,0.0,0.0,64,0,1604,16,16,583,MID,Dejan Kulusevski,Spurs
535,189,13,8,True,2026-01-01T20:00:00Z,0.0,0.0,19,False,90,0,0,1,0,0,0,0,0,0,0,0,29,22.6,4.4,0.0,2.7,5,2,6,11,1,0.0,0.01,0.01,2.25,40,175,3303,320,145,535,DEF,Dennis Cirkin,Sunderland
435,187,20,0,True,2025-12-30T20:15:00Z,1.0,1.0,19,False,0,0,0,0,0,0,0,0,0,0,0,0,0,0.0,0.0,0.0,0.0,0,0,0,0,0,0.0,0.0,0.0,0.0,39,-122,13522,128,250,435,GKP,Dermot Mee,Man Utd
574,182,5,0,False,2026-01-01T20:00:00Z,0.0,0.0,19,False,0,0,0,0,0,0,0,0,0,0,0,0,0,0.0,0.0,0.0,0.0,0,0,0,0,0,0.0,0.0,0.0,0.0,43,-968,39690,27,995,574,DEF,Destiny Udogie,Spurs
144,190,19,0,False,2025-12-30T19:30:00Z,2.0,2.0,19,False,0,0,0,0,0,0,0,0,0,0,0,0,0,0.0,0.0,0.0,0.0,0,0,0,0,0,0.0,0.0,0.0,0.0,42,67,6991,214,147,144,DEF,Diego Coppola,Brighton
169,190,19,2,False,2025-12-30T19:30:00Z,2.0,2.0,19,False,71,0,0,0,2,0,0,0,0,0,0,0,7,3.8,24.1,4.0,3.2,1,3,1,5,1,0.05,0.01,0.06,1.79,49,7989,29664,8960,971,169,MID,Diego Gómez Amarilla,Brighton
439,187,20,0,True,2025-12-30T20:15:00Z,1.0,1.0,19,False,0,0,0,0,0,0,0,0,0,0,0,0,0,0.0,0.0,0.0,0.0,0,0,0,0,0,0.0,0.0,0.0,0.0,42,-10,7136,162,172,439,DEF,Diego León Blanco,Man Utd
734,188,9,1,True,2025-12-30T19:30:00Z,0.0,2.0,19,False,15,0,0,0,1,0,0,0,0,0,0,0,7,4.2,5.1,10.0,1.9,0,1,1,2,0,0.04,0.08,0.12,0.58,59,54,1816,127,73,734,MID,Dilane Bakwa,Nott'm Forest
440,187,20,2,True,2025-12-30T20:15:00Z,1.0,1.0,19,False,90,0,0,0,1,0,0,0,0,0,0,0,7,13.0,16.8,6.0,3.6,3,8,1,4,1,0.02,0.03,0.05,1.16,45,382189,790886,390363,8174,440,DEF,Diogo Dalot Teixeira,Man Utd
739,189,17,0,False,2026-01-01T20:00:00Z,0.0,0.0,19,False,0,0,0,0,0,0,0,0,0,0,0,0,0,0.0,0.0,0.0,0.0,0,0,0,0,0,0.0,0.0,0.0,0.0,44,-24,2543,86,110,739,MID,Divine Mukasa,Man City
573,182,5,6,False,2026-01-01T20:00:00Z,0.0,0.0,19,False,90,0,0,1,0,0,0,0,0,0,0,0,26,12.2,9.7,0.0,2.2,2,6,2,4,1,0.0,0.06,0.06,0.83,43,1509,148022,5114,3605,573,DEF,Djed Spence,Spurs
691,186,12,1,False,2026-01-01T17:30:00Z,0.0,0.0,19,False,20,0,0,0,0,0,0,0,0,0,0,0,3,1.0,0.0,0.0,0.1,0,0,1,1,0,0.0,0.0,0.0,0.1,58,134915,1185088,182606,47691,691,FWD,Dominic Calvert-Lewin,Leeds
94,184,7,0,False,2025-12-30T19:30:00Z,2.0,2.0,19,False,0,0,0,0,0,0,0,0,0,0,0,0,0,0.0,0.0,0.0,0.0,0,0,0,0,0,0.0,0.0,0.0,0.0,45,-36,4081,0,36,94,MID,Dominic Sadi,Bournemouth
596,182,5,0,False,2026-01-01T20:00:00Z,0.0,0.0,19,False,0,0,0,0,0,0,0,0,0,0,0,0,0,0.0,0.0,0.0,0.0,0,0,0,0,0,0.0,0.0,0.0,0.0,72,-475,109567,48,523,596,FWD,Dominic Solanke-Mitchell,Spurs
387,186,11,3,True,2026-01-01T17:30:00Z,0.0,0.0,19,False,90,0,0,1,0,0,0,0,0,0,0,0,20,14.6,51.0,9.0,7.5,1,4,1,6,1,0.02,0.17,0.19,0.68,66,44027,622936,68845,24818,387,MID,Dominik Szoboszlai,Liverpool
53,181,1,4,False,2025-12-30T20:15:00Z,4.0,1.0,19,False,29,0,1,0,2,0,0,0,0,0,0,0,6,3.2,0.8,51.0,5.5,1,0,0,1,0,0.87,0.0,0.87,1.43,51,-6697,93210,2336,9033,53,MID,Donyell Malen,Aston Villa
699,188,9,0,True,2025-12-30T19:30:00Z,0.0,2.0,19,False,45,0,0,0,1,0,0,0,1,0,0,0,8,14.4,13.8,12.0,4.0,1,3,3,7,0,0.1,0.13,0.23,0.97,49,52,5843,314,262,699,MID,Douglas Luiz Soares de Paulo,Aston Villa
300,188,16,6,False,2025-12-30T19:30:00Z,0.0,2.0,19,False,90,0,1,1,0,0,0,0,0,0,0,0,21,25.4,24.8,9.0,5.9,0,4,2,6,1,0.1,0.2,0.3,1.55,55,619,20184,2110,1491,300,MID,Dwight McNeil,Everton
247,184,4,0,True,2025-12-30T19:30:00Z,2.0,2.0,19,False,0,0,0,0,0,0,0,0,0,0,0,0,0,0.0,0.0,0.0,0.0,0,0,0,0,0,0.0,0.0,0.0,0.0,43,-120,6737,59,179,247,MID,Dário Luís Essugo,Chelsea
266,181,2,0,True,2025-12-30T20:15:00Z,4.0,1.0,19,False,0,0,0,0,0,0,0,0,0,0,0,0,0,0.0,0.0,0.0,0.0,0,0,0,0,0,0.0,0.0,0.0,0.0,75,-267735,1506740,10568,278303,266,MID,Eberechi Eze,Arsenal
284,185,10,0,True,2026-01-01T17:30:00Z,1.0,1.0,19,False,0,0,0,0,0,0,0,0,0,0,0,0,0,0.0,0.0,0.0,0.0,0,0,0,0,0,0.0,0.0,0.0,0.0,54,-4106,70552,3237,7343,284,FWD,Eddie Nketiah,Crystal Palace
399,189,17,0,False,2026-01-01T20:00:00Z,0.0,0.0,19,False,0,0,0,0,0,0,0,0,0,0,0,0,0,0.0,0.0,0.0,0.0,0,0,0,0,0,0.0,0.0,0.0,0.0,53,-447,107372,0,447,399,GKP,Ederson Santana de Moraes,Man City
616,190,6,0,True,2025-12-30T19:30:00Z,2.0,2.0,19,False,0,0,0,0,0,0,0,0,0,0,0,0,0,0.0,0.0,0.0,0.0,0,0,0,0,0,0.0,0.0,0.0,0.0,49,-23,6123,0,23,616,MID,Edson Álvarez Velázquez,West Ham
154,190,19,0,False,2025-12-30T19:30:00Z,2.0,2.0,19,False,0,0,0,0,0,0,0,0,0,0,0,0,0,0.0,0.0,0.0,0.0,0,0,0,0,0,0.0,0.0,0.0,0.0,40,-4,613,0,4,154,DEF,Eiran Cashin,Brighton
561,189,13,2,True,2026-01-01T20:00:00Z,0.0,0.0,19,False,90,0,0,1,0,0,0,0,0,0,0,0,9,8.8,1.3,32.0,4.2,3,3,0,6,1,0.3,0.02,0.32,2.25,52,-1123,67987,383,1506,561,FWD,Eliezer Mayenda Dossou,Sunderland
705,188,16,0,False,2025-12-30T19:30:00Z,0.0,2.0,19,False,0,0,0,0,0,0,0,0,0,0,0,0,0,0.0,0.0,0.0,0.0,0,0,0,0,0,0.0,0.0,0.0,0.0,39,-194,21705,167,361,705,DEF,Elijah Campbell,Everton
102,182,18,0,True,2026-01-01T20:00:00Z,0.0,0.0,19,False,0,0,0,0,0,0,0,0,0,0,0,0,0,0.0,0.0,0.0,0.0,0,0,0,0,0,0.0,0.0,0.0,0.0,39,-83,35325,510,593,102,GKP,Ellery Balcombe,Brentford
517,188,9,4,True,2025-12-30T19:30:00Z,0.0,2.0,19,False,90,0,0,0,2,0,0,0,0,0,0,0,21,26.6,23.7,2.0,5.2,2,7,3,12,1,0.0,0.1,0.1,1.26,53,3075,584287,33080,30005,517,MID,Elliot Anderson,Nott'm Forest
433,187,20,0,True,2025-12-30T20:15:00Z,1.0,1.0,19,False,0,0,0,0,0,0,0,0,0,0,0,0,0,0.0,0.0,0.0,0.0,0,0,0,0,0,0.0,0.0,0.0,0.0,40,-3,209,0,3,433,GKP,Elyh Harrison,Man Utd
603,190,6,0,True,2025-12-30T19:30:00Z,2.0,2.0,19,False,0,0,0,0,0,0,0,0,0,0,0,0,0,0.0,0.0,0.0,0.0,0,0,0,0,0,0.0,0.0,0.0,0.0,40,-17783,179040,162,17945,603,DEF,El Hadji Malick Diouf,West Ham
604,190,6,0,True,2025-12-30T19:30:00Z,2.0,2.0,19,False,0,0,0,0,0,0,0,0,0,0,0,0,0,0.0,0.0,0.0,0.0,0,0,0,0,0,0.0,0.0,0.0,0.0,44,-70,6834,0,70,604,DEF,Emerson Palmieri dos Santos,West Ham
325,185,8,1,False,2026-01-01T17:30:00Z,1.0,1.0,19,False,90,0,0,0,1,0,0,0,1,0,0,0,15,14.2,42.7,17.0,7.4,3,4,1,8,1,0.44,0.16,0.6,1.62,56,-7113,113026,5165,12278,325,MID,Emile Smith Rowe,Fulham
50,181,1,2,False,2025-12-30T20:15:00Z,4.0,1.0,19,False,60,0,0,0,2,0,0,0,0,0,0,0,5,4.4,10.8,2.0,1.7,0,5,2,7,1,0.0,0.01,0.01,1.61,53,-3994,47552,2352,6346,50,MID,Emiliano Buendía Stati,Aston Villa
32,181,1,1,False,2025-12-30T20:15:00Z,4.0,1.0,19,False,90,0,0,0,4,0,0,0,0,0,3,0,-2,14.8,0.0,0.0,1.5,0,4,0,0,1,0.0,0.0,0.0,3.04,50,-925,397364,11898,12823,32,GKP,Emiliano Martínez Romero,Aston Villa
479,183,3,0,False,2025-12-30T19:30:00Z,1.0,3.0,19,False,0,0,0,0,0,0,0,0,0,0,0,0,0,0.0,0.0,0.0,0.0,0,0,0,0,0,0.0,0.0,0.0,0.0,43,-54,4923,5,59,479,DEF,Emil Krafth,Newcastle
631,187,14,0,False,2025-12-30T20:15:00Z,1.0,1.0,19,False,0,0,0,0,0,0,0,0,0,0,0,0,0,0.0,0.0,0.0,0.0,0,0,0,0,0,0.0,0.0,0.0,0.0,43,-503,16113,5,508,631,DEF,Emmanuel Agbadou,Wolves
392,186,11,0,True,2026-01-01T17:30:00Z,0.0,0.0,19,False,0,0,0,0,0,0,0,0,0,0,0,0,0,0.0,0.0,0.0,0.0,0,0,0,0,0,0.0,0.0,0.0,0.0,49,-146,10806,3,149,392,MID,Endo Wataru,Liverpool
98,184,7,1,False,2025-12-30T19:30:00Z,2.0,2.0,19,False,8,0,0,0,0,0,0,0,0,0,0,0,-3,0.0,0.5,4.0,0.3,0,0,0,0,0,0.24,0.0,0.24,0.22,54,-315,5413,277,592,98,FWD,Enes Ünal,Bournemouth
203,183,15,0,True,2025-12-30T19:30:00Z,1.0,3.0,19,False,0,0,0,0,0,0,0,0,0,0,0,0,0,0.0,0.0,0.0,0.0,0,0,0,0,0,0.0,0.0,0.0,0.0,47,-2,5805,185,187,203,MID,Enock Agyei,Burnley
652,187,14,0,False,2025-12-30T20:15:00Z,1.0,1.0,19,False,0,0,0,0,0,0,0,0,0,0,0,0,0,0.0,0.0,0.0,0.0,0,0,0,0,0,0.0,0.0,0.0,0.0,43,-499,183380,5391,5890,652,MID,Enso González Medina,Wolves
56,181,1,0,False,2025-12-30T20:15:00Z,4.0,1.0,19,False,0,0,0,0,0,0,0,0,0,0,0,0,0,0.0,0.0,0.0,0.0,0,0,0,0,0,0.0,0.0,0.0,0.0,50,0,46,0,0,56,MID,Enzo Barrenechea,Aston Villa
237,184,4,9,True,2025-12-30T19:30:00Z,2.0,2.0,19,False,90,1,0,0,2,0,0,0,0,0,0,2,35,46.4,18.6,36.0,10.1,1,5,3,9,1,0.46,0.07,0.53,3.14,64,-62676,1149887,20138,82814,237,MID,Enzo Fernández,Chelsea
547,189,13,5,True,2026-01-01T20:00:00Z,0.0,0.0,19,False,90,0,0,1,0,0,0,0,0,0,0,0,21,22.6,30.1,2.0,5.5,6,2,4,12,1,0.0,0.33,0.33,2.25,49,-8315,112398,4475,12790,547,MID,Enzo Le Fée,Sunderland
523,188,9,0,True,2025-12-30T19:30:00Z,0.0,2.0,19,False,0,0,0,0,0,0,0,0,0,0,0,0,0,0.0,0.0,0.0,0.0,0,0,0,0,0,0.0,0.0,0.0,0.0,45,-37,6704,0,37,523,MID,Eric da Silva Moreira,Nott'm Forest
430,189,17,2,False,2026-01-01T20:00:00Z,0.0,0.0,19,False,90,0,0,1,0,0,0,0,0,0,0,0,3,8.0,11.3,29.0,4.8,0,1,3,4,1,0.34,0.02,0.36,0.81,151,1808,9445379,28021,26213,430,FWD,Erling Haaland,Man City
238,184,4,5,True,2025-12-30T19:30:00Z,2.0,2.0,19,False,90,0,1,0,2,0,0,0,0,0,0,0,24,11.0,32.6,41.0,8.5,0,3,0,3,1,0.2,0.24,0.44,3.14,64,-4360,234856,5681,10041,238,MID,Estêvão Almeida de Oliveira Gonçalves,Chelsea
354,186,12,4,False,2026-01-01T17:30:00Z,0.0,0.0,19,False,90,0,0,1,0,0,0,0,1,0,0,0,13,31.2,1.5,7.0,4.0,10,3,3,16,1,0.5,0.0,0.5,1.96,49,751,18822,2331,1580,354,MID,Ethan Ampadu,Leeds
25,181,2,0,True,2025-12-30T20:15:00Z,4.0,1.0,19,False,0,0,0,0,0,0,0,0,0,0,0,0,0,0.0,0.0,0.0,0.0,0,0,0,0,0,0.0,0.0,0.0,0.0,51,-166,16494,129,295,25,MID,Ethan Nwaneri,Arsenal
111,182,18,0,True,2026-01-01T20:00:00Z,0.0,0.0,19,False,0,0,0,0,0,0,0,0,0,0,0,0,0,0.0,0.0,0.0,0.0,0,0,0,0,0,0.0,0.0,0.0,0.0,42,-309,14800,349,658,111,DEF,Ethan Pinnock,Brentford
778,187,14,0,False,2025-12-30T20:15:00Z,1.0,1.0,19,False,0,0,0,0,0,0,0,0,0,0,0,0,0,0.0,0.0,0.0,0.0,0,0,0,0,0,0.0,0.0,0.0,0.0,45,0,0,0,0,778,MID,Ethan Sutherland,Wolves
468,187,20,0,True,2025-12-30T20:15:00Z,1.0,1.0,19,False,0,0,0,0,0,0,0,0,0,0,0,0,0,0.0,0.0,0.0,0.0,0,0,0,0,0,0.0,0.0,0.0,0.0,45,-77,10723,0,77,468,FWD,Ethan Wheatley,Man Utd
184,183,15,0,True,2025-12-30T19:30:00Z,1.0,3.0,19,False,0,0,0,0,0,0,0,0,0,0,0,0,0,0.0,0.0,0.0,0.0,0,0,0,0,0,0.0,0.0,0.0,0.0,40,-405,22760,0,405,184,GKP,Etienne Green,Burnley
677,181,1,0,False,2025-12-30T20:15:00Z,4.0,1.0,19,False,0,0,0,0,0,0,0,0,0,0,0,0,0,0.0,0.0,0.0,0.0,0,0,0,0,0,0.0,0.0,0.0,0.0,62,-231,4429,6,237,677,MID,Evann Guessand,Crystal Palace
179,190,19,0,False,2025-12-30T19:30:00Z,2.0,2.0,19,False,0,0,0,0,0,0,0,0,0,0,0,0,0,0.0,0.0,0.0,0.0,0,0,0,0,0,0.0,0.0,0.0,0.0,55,-2,984,0,2,179,FWD,Evan Ferguson,Brighton
747,190,6,1,True,2025-12-30T19:30:00Z,2.0,2.0,19,False,7,0,0,0,0,0,0,0,0,0,0,0,2,1.2,0.0,7.0,0.8,1,0,0,1,0,0.12,0.0,0.12,0.07,40,1,2877,123,122,747,DEF,Ezra Mayers,West Ham
38,181,1,0,False,2025-12-30T20:15:00Z,4.0,1.0,19,False,90,0,0,0,4,0,0,0,0,0,0,0,8,26.8,12.0,0.0,3.9,6,3,1,7,1,0.0,0.11,0.11,3.04,44,-16307,923717,17467,33774,38,DEF,Ezri Konsa Ngoyo,Aston Villa
474,183,3,4,False,2025-12-30T19:30:00Z,1.0,3.0,19,False,90,0,0,0,1,0,0,0,0,0,0,0,21,32.2,13.7,9.0,5.5,10,1,1,11,1,0.05,0.03,0.08,1.09,53,17679,237171,22357,4678,474,DEF,Fabian Schär,Newcastle
168,184,4,0,True,2025-12-30T19:30:00Z,2.0,2.0,19,False,0,0,0,0,0,0,0,0,0,0,0,0,0,0.0,0.0,0.0,0.0,0,0,0,0,0,0.0,0.0,0.0,0.0,46,-31,10583,319,350,168,MID,Facundo Buonanotte,Leeds
385,186,11,1,True,2026-01-01T17:30:00Z,0.0,0.0,19,False,11,0,0,0,0,0,0,0,0,0,0,0,1,1.6,0.7,4.0,0.6,1,1,0,2,0,0.0,0.01,0.01,0.16,63,-1789,45207,1897,3686,385,MID,Federico Chiesa,Liverpool
511,188,9,0,True,2025-12-30T19:30:00Z,0.0,2.0,19,False,0,0,0,0,0,0,0,0,0,0,0,0,0,0.0,0.0,0.0,0.0,0,0,0,0,0,0.0,0.0,0.0,0.0,43,-212,10776,187,399,511,DEF,Felipe Rodrigues da Silva,Nott'm Forest
148,190,19,4,False,2025-12-30T19:30:00Z,2.0,2.0,19,False,90,0,1,0,2,0,0,0,0,0,0,0,21,24.0,38.1,17.0,7.9,3,9,1,4,1,0.09,0.09,0.18,2.06,44,2321,33588,3872,1551,148,DEF,Ferdi Kadıoğlu,Brighton
645,187,14,1,False,2025-12-30T20:15:00Z,1.0,1.0,19,False,2,0,0,0,0,0,0,0,0,0,0,0,3,0.0,0.0,0.0,0.0,0,1,0,1,0,0.0,0.0,0.0,0.12,52,-31,3666,25,56,645,MID,Fer López González,Wolves
221,184,4,0,True,2025-12-30T19:30:00Z,2.0,2.0,19,False,0,0,0,0,0,0,0,0,0,0,0,0,0,0.0,0.0,0.0,0.0,0,0,0,0,0,0.0,0.0,0.0,0.0,43,-146,21297,156,302,221,GKP,Filip Jörgensen,Chelsea
35,181,1,0,False,2025-12-30T20:15:00Z,4.0,1.0,19,False,0,0,0,0,0,0,0,0,0,0,0,0,0,0.0,0.0,0.0,0.0,0,0,0,0,0,0.0,0.0,0.0,0.0,40,-15,1156,0,15,35,GKP,Filip Marschall,Aston Villa
722,183,15,3,True,2025-12-30T19:30:00Z,1.0,3.0,19,False,87,0,0,0,2,0,0,0,1,0,0,0,14,17.6,13.8,0.0,3.1,3,5,4,12,1,0.0,0.02,0.02,2.25,50,-148,4682,182,330,722,MID,Florentino Ibrain Morris Luís,Burnley
382,186,11,3,True,2026-01-01T17:30:00Z,0.0,0.0,19,False,65,0,0,1,0,0,0,0,0,0,0,0,12,10.4,27.2,52.0,9.0,0,3,3,6,1,0.62,0.07,0.69,0.52,82,204699,1578392,220175,15476,382,MID,Florian Wirtz,Liverpool
97,184,7,2,False,2025-12-30T19:30:00Z,2.0,2.0,19,False,81,0,0,0,2,0,0,0,0,0,0,0,10,5.4,10.9,22.0,3.8,1,3,0,4,1,0.07,0.08,0.15,2.08,70,-28909,195501,2562,31471,97,FWD,Francisco Evanilson de Lima Barbosa,Bournemouth
282,185,10,0,True,2026-01-01T17:30:00Z,1.0,1.0,19,False,0,0,0,0,0,0,0,0,0,0,0,0,0,0.0,0.0,0.0,0.0,0,0,0,0,0,0.0,0.0,0.0,0.0,45,-15,2040,0,15,282,MID,Franco Umeh-Chibueze,Crystal Palace
128,182,18,0,True,2026-01-01T20:00:00Z,0.0,0.0,19,False,0,0,0,0,0,0,0,0,0,0,0,0,0,0.0,0.0,0.0,0.0,0,0,0,0,0,0.0,0.0,0.0,0.0,48,-122,5732,4,126,128,MID,Frank Onyeka,Brentford
623,190,6,2,True,2025-12-30T19:30:00Z,2.0,2.0,19,False,90,0,0,0,2,0,0,0,0,0,0,0,9,12.0,1.5,2.0,1.6,3,2,2,7,1,0.0,0.02,0.02,2.94,44,3480,104099,6835,3355,623,MID,Freddie Potts,West Ham
761,190,19,0,False,2025-12-30T19:30:00Z,2.0,2.0,19,False,0,0,0,0,0,0,0,0,0,0,0,0,0,0.0,0.0,0.0,0.0,0,0,0,0,0,0.0,0.0,0.0,0.0,40,14,568,85,71,761,DEF,Freddie Simmonds,Brighton
369,186,11,0,True,2026-01-01T17:30:00Z,0.0,0.0,19,False,0,0,0,0,0,0,0,0,0,0,0,0,0,0.0,0.0,0.0,0.0,0,0,0,0,0,0.0,0.0,0.0,0.0,39,-483,24091,116,599,369,GKP,Freddie Woodman,Liverpool
23,181,2,0,True,2025-12-30T20:15:00Z,4.0,1.0,19,False,0,0,0,0,0,0,0,0,0,0,0,0,0,0.0,0.0,0.0,0.0,0,0,0,0,0,0.0,0.0,0.0,0.0,54,-4,2524,0,4,23,MID,Fábio Ferreira Vieira,Arsenal
123,182,18,0,True,2026-01-01T20:00:00Z,0.0,0.0,19,False,0,0,0,0,0,0,0,0,0,0,0,0,0,0.0,0.0,0.0,0.0,0,0,0,0,0,0.0,0.0,0.0,0.0,47,-371,15229,14,385,123,MID,Fábio Freitas Gouveia Carvalho,Brentford
655,187,14,0,False,2025-12-30T20:15:00Z,1.0,1.0,19,False,0,0,0,0,0,0,0,0,0,0,0,0,0,0.0,0.0,0.0,0.0,0,0,0,0,0,0.0,0.0,0.0,0.0,49,-113,22208,0,113,655,FWD,Fábio Soares Silva,Wolves
5,181,2,15,True,2025-12-30T20:15:00Z,4.0,1.0,19,False,76,1,0,1,0,0,0,0,0,0,0,3,40,47.8,1.4,35.0,8.4,4,2,0,4,1,0.41,0.01,0.42,0.67,63,311052,1947230,327050,15998,5,DEF,Gabriel dos Santos Magalhães,Arsenal
31,181,2,4,True,2025-12-30T20:15:00Z,4.0,1.0,19,False,13,1,0,0,1,0,0,0,1,0,0,0,25,35.2,0.0,9.0,4.4,0,1,2,3,0,0.09,0.0,0.09,2.0,64,-2037,22334,1827,3864,31,FWD,Gabriel Fernando de Jesus,Arsenal
347,186,12,8,False,2026-01-01T17:30:00Z,0.0,0.0,19,False,90,0,0,1,0,0,0,0,0,0,0,2,30,12.4,5.3,2.0,2.0,2,6,3,5,1,0.0,0.03,0.03,1.96,38,-10200,490927,16374,26574,347,DEF,Gabriel Gudmundsson,Leeds
19,181,2,0,True,2025-12-30T20:15:00Z,4.0,1.0,19,False,0,0,0,0,0,0,0,0,0,0,0,0,0,0.0,0.0,0.0,0.0,0,0,0,0,0,0.0,0.0,0.0,0.0,68,-1991,109290,2017,4008,19,MID,Gabriel Martinelli Silva,Arsenal
223,184,4,0,True,2025-12-30T19:30:00Z,2.0,2.0,19,False,0,0,0,0,0,0,0,0,0,0,0,0,0,0.0,0.0,0.0,0.0,0,0,0,0,0,0.0,0.0,0.0,0.0,39,-98,15368,178,276,223,GKP,Gabriel Słonina,Chelsea
496,183,3,0,False,2025-12-30T19:30:00Z,1.0,3.0,19,False,0,0,0,0,0,0,0,0,0,0,0,0,0,0.0,0.0,0.0,0.0,0,0,0,0,0,0.0,0.0,0.0,0.0,44,-43,4439,0,43,496,MID,Garang Kuol,Newcastle
620,190,6,0,True,2025-12-30T19:30:00Z,2.0,2.0,19,False,0,0,0,0,0,0,0,0,0,0,0,0,0,0.0,0.0,0.0,0.0,0,0,0,0,0,0.0,0.0,0.0,0.0,45,-3,6104,132,135,620,MID,George Earthy,West Ham
754,181,1,1,False,2025-12-30T20:15:00Z,4.0,1.0,19,False,8,0,0,0,0,0,0,0,0,0,0,0,3,0.0,1.0,0.0,0.1,0,0,0,0,0,0.0,0.01,0.01,0.61,45,14,555,46,32,754,MID,George Hemmings,Aston Villa
158,190,19,1,False,2025-12-30T19:30:00Z,2.0,2.0,19,False,18,0,0,0,0,0,0,0,0,0,0,0,9,6.6,0.7,21.0,2.8,0,3,1,4,0,0.15,0.01,0.16,0.27,56,5285,54567,8220,2935,158,MID,Georginio Rutter,Brighton
736,189,17,7,False,2026-01-01T20:00:00Z,0.0,0.0,19,False,90,0,0,1,0,0,0,0,0,0,4,0,34,35.8,0.0,0.0,3.6,0,7,0,0,1,0.0,0.0,0.0,0.81,57,-18533,1283678,22980,41513,736,GKP,Gianluigi Donnarumma,Man City
367,186,11,0,True,2026-01-01T17:30:00Z,0.0,0.0,19,False,0,0,0,0,0,0,0,0,0,0,0,0,0,0.0,0.0,0.0,0.0,0,0,0,0,0,0.0,0.0,0.0,0.0,42,-2957,77475,476,3433,367,GKP,Giorgi Mamardashvili,Liverpool
692,186,11,0,True,2026-01-01T17:30:00Z,0.0,0.0,19,False,0,0,0,0,0,0,0,0,0,0,0,0,0,0.0,0.0,0.0,0.0,0,0,0,0,0,0.0,0.0,0.0,0.0,49,-3,1740,11,14,692,DEF,Giovanni Leoni,Liverpool
647,187,14,0,False,2025-12-30T20:15:00Z,1.0,1.0,19,False,0,0,0,0,0,0,0,0,0,0,0,0,0,0.0,0.0,0.0,0.0,0,0,0,0,0,0.0,0.0,0.0,0.0,55,-1,405,0,1,647,MID,Gonçalo Manuel Ganchinho Guedes,Wolves
668,189,13,5,True,2026-01-01T20:00:00Z,0.0,0.0,19,False,90,0,0,1,0,0,0,0,0,0,0,0,21,18.2,27.3,0.0,4.6,5,11,0,16,1,0.0,0.12,0.12,2.25,52,-11303,822201,30068,41371,668,MID,Granit Xhaka,Sunderland
565,182,5,5,False,2026-01-01T20:00:00Z,0.0,0.0,19,False,90,0,0,1,0,0,0,0,1,0,2,0,25,18.0,0.0,0.0,1.8,2,10,0,0,1,0.0,0.0,0.0,0.83,48,-9796,876892,6025,15821,565,GKP,Guglielmo Vicario,Spurs
618,190,6,0,True,2025-12-30T19:30:00Z,2.0,2.0,19,False,0,0,0,0,0,0,0,0,0,0,0,0,0,0.0,0.0,0.0,0.0,0,0,0,0,0,0.0,0.0,0.0,0.0,48,-50,5825,52,102,618,MID,Guido Rodríguez,West Ham
127,182,18,0,True,2026-01-01T20:00:00Z,0.0,0.0,19,False,0,0,0,0,0,0,0,0,0,0,0,0,0,0.0,0.0,0.0,0.0,0,0,0,0,0,0.0,0.0,0.0,0.0,49,-15,1960,81,96,127,MID,Gustavo Nunes Fernandes Gomes,Brentford
544,189,13,0,True,2026-01-01T20:00:00Z,0.0,0.0,19,False,0,0,0,0,0,0,0,0,0,0,0,0,0,0.0,0.0,0.0,0.0,0,0,0,0,0,0.0,0.0,0.0,0.0,53,-65,4673,6,71,544,MID,Habib Diarra,Sunderland
93,184,7,0,False,2025-12-30T19:30:00Z,2.0,2.0,19,False,0,0,0,0,0,0,0,0,0,0,0,0,0,0.0,0.0,0.0,0.0,0,0,0,0,0,0.0,0.0,0.0,0.0,45,-463,37555,0,463,93,MID,Hamed Traorè,Bournemouth
188,183,15,0,True,2025-12-30T19:30:00Z,1.0,3.0,19,False,0,0,0,0,0,0,0,0,0,0,0,0,0,0.0,0.0,0.0,0.0,0,0,0,0,0,0.0,0.0,0.0,0.0,38,-902,39197,708,1610,188,DEF,Hannes Delcroix,Burnley
207,183,15,0,True,2025-12-30T19:30:00Z,1.0,3.0,19,False,0,0,0,0,0,0,0,0,0,0,0,0,0,0.0,0.0,0.0,0.0,0,0,0,0,0,0.0,0.0,0.0,0.0,47,-177,11704,45,222,207,MID,Hannibal Mejbri,Burnley
305,188,16,0,False,2025-12-30T19:30:00Z,0.0,2.0,19,False,0,0,0,0,0,0,0,0,0,0,0,0,0,0.0,0.0,0.0,0.0,0,0,0,0,0,0.0,0.0,0.0,0.0,45,-57,5638,0,57,305,MID,Harrison Armstrong,Everton
482,183,3,0,False,2025-12-30T19:30:00Z,1.0,3.0,19,False,0,0,0,0,0,0,0,0,0,0,0,0,0,0.0,0.0,0.0,0.0,0,0,0,0,0,0.0,0.0,0.0,0.0,39,-111,15860,99,210,482,DEF,Harrison Ashby,Newcastle
557,189,13,0,True,2026-01-01T20:00:00Z,0.0,0.0,19,False,0,0,0,0,0,0,0,0,0,0,0,0,0,0.0,0.0,0.0,0.0,0,0,0,0,0,0.0,0.0,0.0,0.0,43,-64,7921,190,254,557,MID,Harrison Jones,Sunderland
336,185,8,1,False,2026-01-01T17:30:00Z,1.0,1.0,19,False,5,0,0,0,0,0,0,0,0,0,0,0,5,2.2,8.3,0.0,1.1,0,0,0,0,0,0.0,0.24,0.24,0.0,43,-934,33708,650,1584,336,MID,Harrison Reed,Fulham
445,187,20,0,True,2025-12-30T20:15:00Z,1.0,1.0,19,False,0,0,0,0,0,0,0,0,0,0,0,0,0,0.0,0.0,0.0,0.0,0,0,0,0,0,0.0,0.0,0.0,0.0,40,-91,9138,0,91,445,DEF,Harry Amass,Man Utd
741,186,12,0,False,2026-01-01T17:30:00Z,0.0,0.0,19,False,0,0,0,0,0,0,0,0,0,0,0,0,0,0.0,0.0,0.0,0.0,0,0,0,0,0,0.0,0.0,0.0,0.0,45,-102,15764,946,1048,741,FWD,Harry Gray,Leeds
442,187,20,0,True,2025-12-30T20:15:00Z,1.0,1.0,19,False,0,0,0,0,0,0,0,0,0,0,0,0,0,0.0,0.0,0.0,0.0,0,0,0,0,0,0.0,0.0,0.0,0.0,43,-1272,60653,57,1329,442,DEF,Harry Maguire,Man Utd
289,188,16,0,False,2025-12-30T19:30:00Z,0.0,2.0,19,False,0,0,0,0,0,0,0,0,0,0,0,0,0,0.0,0.0,0.0,0.0,0,0,0,0,0,0.0,0.0,0.0,0.0,39,-129,14037,109,238,289,GKP,Harry Tyrer,Everton
329,185,8,2,False,2026-01-01T17:30:00Z,1.0,1.0,19,False,84,0,0,0,1,0,0,0,0,0,0,0,9,9.0,3.9,24.0,3.7,4,3,1,8,1,0.12,0.01,0.13,1.62,58,25123,2310039,152029,126906,329,MID,Harry Wilson,Fulham
487,183,3,2,False,2025-12-30T19:30:00Z,1.0,3.0,19,False,71,0,0,0,1,0,0,0,0,0,0,0,10,13.2,12.5,36.0,6.2,2,3,1,6,1,0.33,0.02,0.35,0.95,61,-9581,141711,10711,20292,487,MID,Harvey Barnes,Newcastle
389,181,1,0,False,2025-12-30T20:15:00Z,4.0,1.0,19,False,0,0,0,0,0,0,0,0,0,0,0,0,0,0.0,0.0,0.0,0.0,0,0,0,0,0,0.0,0.0,0.0,0.0,52,-599,21644,32,631,389,MID,Harvey Elliott,Aston Villa
190,183,15,3,True,2025-12-30T19:30:00Z,1.0,3.0,19,False,90,0,0,0,3,0,0,0,0,0,0,0,5,21.2,2.2,4.0,2.7,10,5,1,11,1,0.0,0.01,0.01,2.31,39,6249,131972,9539,3290,190,DEF,Hjalmar Ekdal,Burnley
633,187,14,5,False,2025-12-30T20:15:00Z,1.0,1.0,19,False,90,0,1,0,1,0,0,0,0,0,0,0,15,12.8,2.7,19.0,3.5,3,2,2,5,1,0.08,0.02,0.1,0.84,43,-165,8257,73,238,633,DEF,Hugo Bueno López,Wolves
661,186,11,2,True,2026-01-01T17:30:00Z,0.0,0.0,19,False,90,0,0,1,0,0,0,0,0,0,0,0,-3,2.0,16.8,41.0,6.0,1,2,0,3,1,1.02,0.31,1.33,0.68,91,325020,4747494,344665,19645,661,FWD,Hugo Ekitiké,Liverpool
642,187,14,2,False,2025-12-30T20:15:00Z,1.0,1.0,19,False,87,0,0,0,1,0,0,0,0,0,0,0,0,0.2,17.3,7.0,2.5,4,5,0,9,1,0.12,0.07,0.19,0.72,56,-60,12418,259,319,642,MID,Hwang Hee-chan,Wolves
105,182,18,0,True,2026-01-01T20:00:00Z,0.0,0.0,19,False,0,0,0,0,0,0,0,0,0,0,0,0,0,0.0,0.0,0.0,0.0,0,0,0,0,0,0.0,0.0,0.0,0.0,39,-1572,85332,447,2019,105,GKP,Hákon Rafn Valdimarsson,Brentford
39,181,1,0,False,2025-12-30T20:15:00Z,4.0,1.0,19,False,0,0,0,0,0,0,0,0,0,0,0,0,0,0.0,0.0,0.0,0.0,0,0,0,0,0,0.0,0.0,0.0,0.0,42,1448,63919,3555,2107,39,DEF,Ian Maatsen,Aston Villa
550,189,13,0,True,2026-01-01T20:00:00Z,0.0,0.0,19,False,0,0,0,0,0,0,0,0,0,0,0,0,0,0.0,0.0,0.0,0.0,0,0,0,0,0,0.0,0.0,0.0,0.0,48,-21,3048,22,43,550,MID,Ian Poveda-Ocampo,Sunderland
374,186,11,7,True,2026-01-01T17:30:00Z,0.0,0.0,19,False,90,0,0,1,0,0,0,0,0,0,0,1,28,22.2,9.8,0.0,3.2,8,3,1,9,1,0.0,0.23,0.23,0.68,54,3324,459704,18246,14922,374,DEF,Ibrahima Konaté,Liverpool
521,188,9,0,True,2025-12-30T19:30:00Z,0.0,2.0,19,False,0,0,0,0,0,0,0,0,0,0,0,0,0,0.0,0.0,0.0,0.0,0,0,0,0,0,0.0,0.0,0.0,0.0,49,-225,6707,31,256,521,MID,Ibrahim Sangaré,Nott'm Forest
302,188,16,0,False,2025-12-30T19:30:00Z,0.0,2.0,19,False,0,0,0,0,0,0,0,0,0,0,0,0,0,0.0,0.0,0.0,0.0,0,0,0,0,0,0.0,0.0,0.0,0.0,54,-262,9894,12,274,302,MID,Idrissa Gana Gueye,Everton
526,188,9,2,True,2025-12-30T19:30:00Z,0.0,2.0,19,False,61,0,0,0,1,0,0,0,0,0,0,0,-1,0.0,1.2,17.0,1.2,0,2,0,2,1,0.21,0.0,0.21,0.29,58,17278,164559,26480,9202,526,FWD,Igor Jesus Maciel da Cruz,Nott'm Forest
149,190,6,0,True,2025-12-30T19:30:00Z,2.0,2.0,19,False,0,0,0,0,0,0,0,0,0,0,0,0,0,0.0,0.0,0.0,0.0,0,0,0,0,0,0.0,0.0,0.0,0.0,45,-216,8660,165,381,149,DEF,Igor Julio dos Santos de Paulo,Brighton
136,182,18,2,True,2026-01-01T20:00:00Z,0.0,0.0,19,False,90,0,0,1,0,0,0,0,0,0,0,0,2,1.0,4.2,6.0,1.1,0,1,1,2,1,0.2,0.01,0.21,1.01,70,-226685,3410773,67348,294033,136,FWD,Igor Thiago Nascimento Rodrigues,Brentford
356,186,12,3,False,2026-01-01T17:30:00Z,0.0,0.0,19,False,90,0,0,1,0,0,0,0,0,0,0,0,16,11.8,3.7,4.0,2.0,2,7,2,11,1,0.0,0.03,0.03,1.9,47,-33,5636,226,259,356,MID,Ilia Gruev,Leeds
299,188,16,0,False,2025-12-30T19:30:00Z,0.0,2.0,19,False,0,0,0,0,0,0,0,0,0,0,0,0,0,0.0,0.0,0.0,0.0,0,0,0,0,0,0.0,0.0,0.0,0.0,62,-42505,453490,212,42717,299,MID,Iliman Ndiaye,Everton
339,186,12,0,False,2026-01-01T17:30:00Z,0.0,0.0,19,False,0,0,0,0,0,0,0,0,0,0,0,0,0,0.0,0.0,0.0,0.0,0,0,0,0,0,0.0,0.0,0.0,0.0,42,-683,44288,153,836,339,GKP,Illan Meslier,Leeds
71,184,7,0,False,2025-12-30T19:30:00Z,2.0,2.0,19,False,0,0,0,0,0,0,0,0,0,0,0,0,0,0.0,0.0,0.0,0.0,0,0,0,0,0,0.0,0.0,0.0,0.0,50,-8,3013,0,8,71,DEF,Illia Zabarnyi,Bournemouth
495,183,3,0,False,2025-12-30T19:30:00Z,1.0,3.0,19,False,0,0,0,0,0,0,0,0,0,0,0,0,0,0.0,0.0,0.0,0.0,0,0,0,0,0,0.0,0.0,0.0,0.0,45,-2,790,0,2,495,MID,Isaac Hayden,Newcastle
308,188,16,0,False,2025-12-30T19:30:00Z,0.0,2.0,19,False,0,0,0,0,0,0,0,0,0,0,0,0,0,0.0,0.0,0.0,0.0,0,0,0,0,0,0.0,0.0,0.0,0.0,45,-11,2120,0,11,308,MID,Isaac Heath,Everton
349,186,12,0,False,2026-01-01T17:30:00Z,0.0,0.0,19,False,0,0,0,0,0,0,0,0,0,0,0,0,0,0.0,0.0,0.0,0.0,0,0,0,0,0,0.0,0.0,0.0,0.0,40,-89,8452,0,89,349,DEF,Isaac Schmidt,Leeds
267,185,10,0,True,2026-01-01T17:30:00Z,1.0,1.0,19,False,0,0,0,0,0,0,0,0,0,0,0,0,0,0.0,0.0,0.0,0.0,0,0,0,0,0,0.0,0.0,0.0,0.0,64,-12160,274009,79,12239,267,MID,Ismaïla Sarr,Crystal Palace
28,181,2,0,True,2025-12-30T20:15:00Z,4.0,1.0,19,False,0,0,0,0,0,0,0,0,0,0,0,0,0,0.0,0.0,0.0,0.0,0,0,0,0,0,0.0,0.0,0.0,0.0,45,-89,13015,0,89,28,MID,Ismeal Kabia,Arsenal
320,185,8,0,False,2026-01-01T17:30:00Z,1.0,1.0,19,False,0,0,0,0,0,0,0,0,0,0,0,0,0,0.0,0.0,0.0,0.0,0,0,0,0,0,0.0,0.0,0.0,0.0,43,-64,8995,143,207,320,DEF,Issa Diop,Fulham
137,182,18,0,True,2026-01-01T20:00:00Z,0.0,0.0,19,False,0,0,0,0,0,0,0,0,0,0,0,0,0,0.0,0.0,0.0,0.0,0,0,0,0,0,0.0,0.0,0.0,0.0,44,-989,49288,963,1952,137,FWD,Iwan Morgan,Brentford
695,187,14,1,False,2025-12-30T20:15:00Z,1.0,1.0,19,False,90,0,0,0,1,0,0,0,1,0,0,0,2,9.4,29.2,2.0,4.1,3,1,0,3,1,0.0,0.15,0.15,0.84,44,-42,3316,63,105,695,DEF,Jackson Tchatchoua,Wolves
462,187,20,1,True,2025-12-30T20:15:00Z,1.0,1.0,19,False,45,0,0,0,0,0,0,0,0,0,0,0,6,4.6,11.8,5.0,2.1,0,3,2,5,0,0.03,0.02,0.05,0.71,43,1013,11231,1557,544,462,MID,Jack Fletcher,Man Utd
419,188,16,1,False,2025-12-30T19:30:00Z,0.0,2.0,19,False,18,0,0,0,0,0,0,0,0,0,0,0,5,3.0,20.5,9.0,3.3,0,1,0,1,0,0.04,0.03,0.07,0.71,65,-160653,1185005,7489,168142,419,MID,Jack Grealish,Everton
352,186,12,0,False,2026-01-01T17:30:00Z,0.0,0.0,19,False,0,0,0,0,0,0,0,0,0,0,0,0,0,0.0,0.0,0.0,0.0,0,0,0,0,0,0.0,0.0,0.0,0.0,51,-90,7171,160,250,352,MID,Jack Harrison,Leeds
163,190,19,1,False,2025-12-30T19:30:00Z,2.0,2.0,19,False,18,0,0,0,0,0,0,0,0,0,0,0,3,1.0,0.8,2.0,0.4,0,0,0,0,0,0.0,0.0,0.0,0.27,51,384,7164,795,411,163,MID,Jack Hinshelwood,Brighton
464,187,20,0,True,2025-12-30T20:15:00Z,1.0,1.0,19,False,0,0,0,0,0,0,0,0,0,0,0,0,0,0.0,0.0,0.0,0.0,0,0,0,0,0,0.0,0.0,0.0,0.0,45,-19,2256,0,19,464,MID,Jack Moorhouse,Man Utd
202,183,15,1,True,2025-12-30T19:30:00Z,1.0,3.0,19,False,16,0,0,0,1,0,0,0,0,0,0,0,2,1.0,0.1,0.0,0.1,1,0,0,1,0,0.0,0.0,0.0,0.54,53,209,4867,449,240,202,MID,Jacob Bruun Larsen,Burnley
489,183,3,1,False,2025-12-30T19:30:00Z,1.0,3.0,19,False,18,0,0,0,0,0,0,0,0,0,0,0,-2,0.6,0.9,4.0,0.6,0,0,1,1,0,0.29,0.01,0.3,0.13,60,5964,111621,10751,4787,489,MID,Jacob Murphy,Newcastle
52,183,3,1,False,2025-12-30T19:30:00Z,1.0,3.0,19,False,10,0,0,0,0,0,0,0,0,0,0,0,3,0.4,0.8,2.0,0.3,0,3,0,3,0,0.0,0.0,0.0,0.13,53,410,27007,960,550,52,MID,Jacob Ramsey,Newcastle
155,190,19,0,False,2025-12-30T19:30:00Z,2.0,2.0,19,False,0,0,0,0,0,0,0,0,0,0,0,0,0,0.0,0.0,0.0,0.0,0,0,0,0,0,0.0,0.0,0.0,0.0,40,-112,11911,0,112,155,DEF,Jacob Slater,Brighton
456,181,1,2,False,2025-12-30T20:15:00Z,4.0,1.0,19,False,60,0,0,0,2,0,0,0,0,0,0,0,5,4.6,11.6,4.0,2.0,2,2,0,4,1,0.0,0.0,0.0,1.61,58,384,23341,830,446,456,MID,Jadon Sancho,Aston Villa
200,183,15,0,True,2025-12-30T19:30:00Z,1.0,3.0,19,False,0,0,0,0,0,0,0,0,0,0,0,0,0,0.0,0.0,0.0,0.0,0,0,0,0,0,0.0,0.0,0.0,0.0,52,-14097,273379,1705,15802,200,MID,Jaidon Anthony,Burnley
510,188,9,0,True,2025-12-30T19:30:00Z,0.0,2.0,19,False,0,0,0,0,0,0,0,0,0,0,0,0,0,0.0,0.0,0.0,0.0,0,0,0,0,0,0.0,0.0,0.0,0.0,43,4,7664,132,128,510,DEF,Jair Paula da Cunha Filho,Nott'm Forest
344,186,12,7,False,2026-01-01T17:30:00Z,0.0,0.0,19,False,90,0,0,1,0,0,0,0,1,0,0,0,25,21.6,0.5,17.0,3.9,10,2,1,11,1,0.02,0.01,0.03,1.96,39,2819,67749,6948,4129,344,DEF,Jaka Bijol,Leeds
293,188,16,8,False,2025-12-30T19:30:00Z,0.0,2.0,19,False,90,0,0,1,0,0,0,0,0,0,0,0,27,31.6,0.0,0.0,3.2,11,6,2,13,1,0.0,0.0,0.0,1.55,49,1622,59114,4277,2655,293,DEF,Jake O'Brien,Everton
9,181,2,0,True,2025-12-30T20:15:00Z,4.0,1.0,19,False,0,0,0,0,0,0,0,0,0,0,0,0,0,0.0,0.0,0.0,0.0,0,0,0,0,0,0.0,0.0,0.0,0.0,54,-25,6281,0,25,9,DEF,Jakub Kiwior,Arsenal
480,183,3,0,False,2025-12-30T19:30:00Z,1.0,3.0,19,False,0,0,0,0,0,0,0,0,0,0,0,0,0,0.0,0.0,0.0,0.0,0,0,0,0,0,0.0,0.0,0.0,0.0,43,-231,6994,5,236,480,DEF,Jamaal Lascelles,Newcastle
62,181,1,1,False,2025-12-30T20:15:00Z,4.0,1.0,19,False,8,0,0,0,0,0,0,0,0,0,0,0,3,0.2,0.3,0.0,0.1,0,1,0,1,0,0.0,0.0,0.0,0.61,45,-29,8024,143,172,62,MID,Jamaldeen Jimoh-Aloba,Aston Villa
303,188,16,16,False,2025-12-30T19:30:00Z,0.0,2.0,19,False,90,1,1,1,0,0,0,0,0,0,0,3,60,80.0,42.8,20.0,14.3,11,5,3,19,1,0.19,0.62,0.81,1.55,50,7451,94147,12030,4579,303,MID,James Garner,Everton
77,184,7,3,False,2025-12-30T19:30:00Z,2.0,2.0,19,False,90,0,0,0,2,0,0,0,0,0,0,0,5,26.2,0.1,6.0,3.2,11,2,2,13,1,0.03,0.0,0.03,2.31,39,-2249,81655,558,2807,77,DEF,James Hill,Bournemouth
706,186,12,6,False,2026-01-01T17:30:00Z,0.0,0.0,19,False,90,0,0,1,0,0,0,0,0,0,0,0,23,22.8,1.7,0.0,2.5,9,0,0,9,1,0.0,0.0,0.0,1.96,39,-390,29351,375,765,706,DEF,James Justin,Leeds
581,182,5,0,False,2026-01-01T20:00:00Z,0.0,0.0,19,False,0,0,0,0,0,0,0,0,0,0,0,0,0,0.0,0.0,0.0,0.0,0,0,0,0,0,0.0,0.0,0.0,0.0,68,-48,15380,31,79,581,MID,James Maddison,Spurs
426,188,9,0,True,2025-12-30T19:30:00Z,0.0,2.0,19,False,0,0,0,0,0,0,0,0,0,0,0,0,0,0.0,0.0,0.0,0.0,0,0,0,0,0,0.0,0.0,0.0,0.0,50,-82,11013,200,282,426,MID,James McAtee,Nott'm Forest
394,186,11,0,True,2026-01-01T17:30:00Z,0.0,0.0,19,False,0,0,0,0,0,0,0,0,0,0,0,0,0,0.0,0.0,0.0,0.0,0,0,0,0,0,0.0,0.0,0.0,0.0,44,-13,2695,0,13,394,MID,James McConnell,Liverpool
170,190,19,1,False,2025-12-30T19:30:00Z,2.0,2.0,19,False,71,0,0,0,2,0,0,0,1,0,0,0,3,0.0,5.2,2.0,0.6,2,3,1,6,1,0.02,0.01,0.03,1.79,49,-13,12978,274,287,170,MID,James Milner,Brighton
750,182,5,0,False,2026-01-01T20:00:00Z,0.0,0.0,19,False,0,0,0,0,0,0,0,0,0,0,0,0,0,0.0,0.0,0.0,0.0,0,0,0,0,0,0.0,0.0,0.0,0.0,40,-27,2211,68,95,750,DEF,James Rowswell,Spurs
291,188,16,9,False,2025-12-30T19:30:00Z,0.0,2.0,19,False,90,0,0,1,0,0,0,0,0,0,0,1,31,43.0,0.1,26.0,6.9,17,0,2,19,1,0.36,0.0,0.36,1.55,55,78344,1088382,104140,25796,291,DEF,James Tarkowski,Everton
182,189,17,0,False,2026-01-01T20:00:00Z,0.0,0.0,19,False,0,0,0,0,0,0,0,0,0,0,0,0,0,0.0,0.0,0.0,0.0,0,0,0,0,0,0.0,0.0,0.0,0.0,46,-1350,124855,66,1416,182,GKP,James Trafford,Man City
614,190,6,0,True,2025-12-30T19:30:00Z,2.0,2.0,19,False,0,0,0,0,0,0,0,0,0,0,0,0,0,0.0,0.0,0.0,0.0,0,0,0,0,0,0.0,0.0,0.0,0.0,56,-118,22027,304,422,614,MID,James Ward-Prowse,Burnley
688,181,1,0,False,2025-12-30T20:15:00Z,4.0,1.0,19,False,0,0,0,0,0,0,0,0,0,0,0,0,0,0.0,0.0,0.0,0.0,0,0,0,0,0,0.0,0.0,0.0,0.0,39,-381,83079,1235,1616,688,GKP,James Wright,Aston Villa
239,184,4,1,True,2025-12-30T19:30:00Z,2.0,2.0,19,False,1,0,0,0,0,0,0,0,0,0,0,0,4,1.0,0.3,0.0,0.1,0,0,0,0,0,0.0,0.0,0.0,0.0,60,-68,14695,325,393,239,MID,Jamie Bynoe-Gittens,Chelsea
151,190,19,0,False,2025-12-30T19:30:00Z,2.0,2.0,19,False,90,0,0,0,2,0,0,0,1,0,0,0,6,17.6,2.6,0.0,2.0,6,4,1,7,1,0.0,0.02,0.02,2.06,45,39534,552673,63886,24352,151,DEF,Jan Paul van Hecke,Brighton
290,188,16,0,False,2025-12-30T19:30:00Z,0.0,2.0,19,False,0,0,0,0,0,0,0,0,0,0,0,0,0,0.0,0.0,0.0,0.0,0,0,0,0,0,0.0,0.0,0.0,0.0,53,-112,18066,64,176,290,DEF,Jarrad Branthwaite,Everton
624,190,6,7,True,2025-12-30T19:30:00Z,2.0,2.0,19,False,90,1,0,0,2,0,0,0,1,0,0,2,30,45.4,13.6,38.0,9.7,1,3,3,7,1,0.63,0.02,0.65,2.94,76,-9269,908396,45771,55040,624,FWD,Jarrod Bowen,West Ham
138,190,19,0,False,2025-12-30T19:30:00Z,2.0,2.0,19,False,0,0,0,0,0,0,0,0,0,0,0,0,0,0.0,0.0,0.0,0.0,0,0,0,0,0,0.0,0.0,0.0,0.0,42,-366,31849,228,594,138,GKP,Jason Steele,Brighton
461,187,20,0,True,2025-12-30T20:15:00Z,1.0,1.0,19,False,0,0,0,0,0,0,0,0,0,0,0,0,0,0.0,0.0,0.0,0.0,0,0,0,0,0,0.0,0.0,0.0,0.0,44,-23,4975,55,78,461,MID,Jayce Fitzgerald,Man Utd
723,185,10,1,True,2026-01-01T17:30:00Z,1.0,1.0,19,False,33,0,0,0,1,0,0,0,0,0,0,0,2,13.2,0.8,0.0,1.4,4,0,1,5,0,0.0,0.03,0.03,1.17,45,8,2570,93,85,723,DEF,Jaydee Canvot,Crystal Palace
342,186,12,1,False,2026-01-01T17:30:00Z,0.0,0.0,19,False,7,0,0,0,0,0,0,0,0,0,0,0,4,1.0,0.0,0.0,0.1,1,0,0,1,0,0.0,0.0,0.0,0.06,44,-252,22920,875,1127,342,DEF,Jayden Bogle,Leeds
398,186,11,0,True,2026-01-01T17:30:00Z,0.0,0.0,19,False,0,0,0,0,0,0,0,0,0,0,0,0,0,0.0,0.0,0.0,0.0,0,0,0,0,0,0.0,0.0,0.0,0.0,43,-108,13573,56,164,398,FWD,Jayden Danns,Liverpool
118,182,18,0,True,2026-01-01T20:00:00Z,0.0,0.0,19,False,0,0,0,0,0,0,0,0,0,0,0,0,0,0.0,0.0,0.0,0.0,0,0,0,0,0,0.0,0.0,0.0,0.0,40,-64,5538,0,64,118,DEF,Jayden Meghoma,Brentford
213,183,15,0,True,2025-12-30T19:30:00Z,1.0,3.0,19,False,0,0,0,0,0,0,0,0,0,0,0,0,0,0.0,0.0,0.0,0.0,0,0,0,0,0,0.0,0.0,0.0,0.0,45,-85,5859,184,269,213,MID,Jaydon Banel,Burnley
558,189,13,0,True,2026-01-01T20:00:00Z,0.0,0.0,19,False,0,0,0,0,0,0,0,0,0,0,0,0,0,0.0,0.0,0.0,0.0,0,0,0,0,0,0.0,0.0,0.0,0.0,43,-46,29714,1027,1073,558,MID,Jay Matete,Sunderland
609,190,6,1,True,2025-12-30T19:30:00Z,2.0,2.0,19,False,45,0,0,0,1,0,0,0,0,0,0,0,1,9.4,0.3,0.0,1.0,4,2,1,5,1,0.0,0.01,0.01,1.8,43,331,14473,777,446,609,DEF,Jean-Clair Todibo,West Ham
283,185,10,9,True,2026-01-01T17:30:00Z,1.0,1.0,19,False,90,1,0,0,1,0,0,0,0,0,0,3,29,38.4,0.8,35.0,7.4,2,4,1,7,1,0.51,0.0,0.51,1.91,77,-122372,1519873,15749,138121,283,FWD,Jean-Philippe Mateta,Crystal Palace
644,187,14,0,False,2025-12-30T20:15:00Z,1.0,1.0,19,False,0,0,0,0,0,0,0,0,0,0,0,0,0,0.0,0.0,0.0,0.0,0,0,0,0,0,0.0,0.0,0.0,0.0,52,-80,4832,7,87,644,MID,Jean-Ricner Bellegarde,Wolves
272,185,10,2,True,2026-01-01T17:30:00Z,1.0,1.0,19,False,90,0,0,0,1,0,0,0,0,0,0,0,10,10.8,3.8,2.0,1.7,2,6,1,9,1,0.05,0.03,0.08,1.91,49,-9,8486,270,279,272,MID,Jefferson Lerma Solís,Crystal Palace
774,189,13,0,True,2026-01-01T20:00:00Z,0.0,0.0,19,False,0,0,0,0,0,0,0,0,0,0,0,0,0,0.0,0.0,0.0,0.0,0,0,0,0,0,0.0,0.0,0.0,0.0,40,66,190,73,7,774,DEF,Jenson Jones,Sunderland
309,188,16,0,False,2025-12-30T19:30:00Z,0.0,2.0,19,False,0,0,0,0,0,0,0,0,0,0,0,0,0,0.0,0.0,0.0,0.0,0,0,0,0,0,0.0,0.0,0.0,0.0,45,0,94,0,0,309,MID,Jenson Metcalfe,Everton
542,189,13,0,True,2026-01-01T20:00:00Z,0.0,0.0,19,False,0,0,0,0,0,0,0,0,0,0,0,0,0,0.0,0.0,0.0,0.0,0,0,0,0,0,0.0,0.0,0.0,0.0,40,-169,11744,0,169,542,DEF,Jenson Seelt,Sunderland
370,186,11,6,True,2026-01-01T17:30:00Z,0.0,0.0,19,False,83,0,0,1,0,0,0,0,0,0,0,0,25,4.2,14.9,12.0,3.1,3,3,0,3,1,0.01,0.06,0.07,0.52,57,62311,741105,67987,5676,370,DEF,Jeremie Frimpong,Liverpool
171,190,19,0,False,2025-12-30T19:30:00Z,2.0,2.0,19,False,0,0,0,0,0,0,0,0,0,0,0,0,0,0.0,0.0,0.0,0.0,0,0,0,0,0,0.0,0.0,0.0,0.0,49,-14,1984,0,14,171,MID,Jeremy Sarmiento Morante,Brighton
278,185,10,0,True,2026-01-01T17:30:00Z,1.0,1.0,19,False,0,0,0,0,0,0,0,0,0,0,0,0,0,0.0,0.0,0.0,0.0,0,0,0,0,0,0.0,0.0,0.0,0.0,44,-48,3842,0,48,278,MID,Jesurun Rak-Sakyi,Crystal Palace
663,187,14,4,False,2025-12-30T20:15:00Z,1.0,1.0,19,False,90,0,0,0,1,0,0,0,0,0,0,0,16,14.6,4.6,4.0,2.3,2,4,6,12,1,0.03,0.02,0.05,0.84,49,-266,18301,94,360,663,MID,Jhon Arias,Wolves
317,185,8,3,False,2026-01-01T17:30:00Z,1.0,1.0,19,False,90,0,0,0,1,0,0,0,1,0,0,0,8,28.4,2.1,6.0,3.7,10,4,2,12,1,0.17,0.13,0.3,1.62,46,-40181,758176,16691,56872,317,DEF,Joachim Andersen,Fulham
490,183,3,8,False,2025-12-30T19:30:00Z,1.0,3.0,19,False,90,1,0,0,1,0,0,0,1,0,0,2,37,52.4,46.0,21.0,11.9,5,3,2,10,1,0.06,0.34,0.4,0.98,59,341,35627,1641,1300,490,MID,Joelinton Cássio Apolinário de Lira,Newcastle
534,189,13,0,True,2026-01-01T20:00:00Z,0.0,0.0,19,False,0,0,0,0,0,0,0,0,0,0,0,0,0,0.0,0.0,0.0,0.0,0,0,0,0,0,0.0,0.0,0.0,0.0,39,-879,48463,405,1284,534,DEF,Joe Anderson,Sunderland
34,181,1,0,False,2025-12-30T20:15:00Z,4.0,1.0,19,False,0,0,0,0,0,0,0,0,0,0,0,0,0,0.0,0.0,0.0,0.0,0,0,0,0,0,0.0,0.0,0.0,0.0,40,-215,12759,0,215,34,GKP,Joe Gauci,Aston Villa
360,186,12,0,False,2026-01-01T17:30:00Z,0.0,0.0,19,False,0,0,0,0,0,0,0,0,0,0,0,0,0,0.0,0.0,0.0,0.0,0,0,0,0,0,0.0,0.0,0.0,0.0,45,-7,1015,0,7,360,MID,Joe Gelhardt,Leeds
376,186,11,0,True,2026-01-01T17:30:00Z,0.0,0.0,19,False,0,0,0,0,0,0,0,0,0,0,0,0,0,0.0,0.0,0.0,0.0,0,0,0,0,0,0.0,0.0,0.0,0.0,49,-1223,18220,12,1235,376,DEF,Joe Gomez,Liverpool
653,187,14,0,False,2025-12-30T20:15:00Z,1.0,1.0,19,False,0,0,0,0,0,0,0,0,0,0,0,0,0,0.0,0.0,0.0,0.0,0,0,0,0,0,0.0,0.0,0.0,0.0,45,-46,3495,0,46,653,MID,Joe Hodge,Wolves
175,190,19,0,False,2025-12-30T19:30:00Z,2.0,2.0,19,False,0,0,0,0,0,0,0,0,0,0,0,0,0,0.0,0.0,0.0,0.0,0,0,0,0,0,0.0,0.0,0.0,0.0,44,-451,10530,203,654,175,MID,Joe Knight,Brighton
348,186,12,0,False,2026-01-01T17:30:00Z,0.0,0.0,19,False,0,0,0,0,0,0,0,0,0,0,0,0,0,0.0,0.0,0.0,0.0,0,0,0,0,0,0.0,0.0,0.0,0.0,40,-125008,504609,2929,127937,348,DEF,Joe Rodon,Leeds
498,183,3,0,False,2025-12-30T19:30:00Z,1.0,3.0,19,False,0,0,0,0,0,0,0,0,0,0,0,0,0,0.0,0.0,0.0,0.0,0,0,0,0,0,0.0,0.0,0.0,0.0,45,-6,656,0,6,498,MID,Joe White,Newcastle
494,183,3,1,False,2025-12-30T19:30:00Z,1.0,3.0,19,False,1,0,0,0,0,0,0,0,0,0,0,0,4,2.0,0.0,0.0,0.2,0,1,1,2,0,0.0,0.0,0.0,0.11,50,157,9445,465,308,494,MID,Joe Willock,Newcastle
199,183,15,0,True,2025-12-30T19:30:00Z,1.0,3.0,19,False,0,0,0,0,0,0,0,0,0,0,0,0,0,0.0,0.0,0.0,0.0,0,0,0,0,0,0.0,0.0,0.0,0.0,38,-1206,21177,86,1292,199,DEF,Joe Worrall,Burnley
54,181,1,1,False,2025-12-30T20:15:00Z,4.0,1.0,19,False,45,0,0,0,4,0,0,0,0,0,0,0,3,7.6,11.2,35.0,5.4,1,2,0,3,0,0.93,0.05,0.98,2.59,54,-1350,93497,5275,6625,54,MID,John McGinn,Aston Villa
753,183,3,0,False,2025-12-30T19:30:00Z,1.0,3.0,19,False,0,0,0,0,0,0,0,0,0,0,0,0,0,0.0,0.0,0.0,0.0,0,0,0,0,0,0.0,0.0,0.0,0.0,40,17,1386,77,60,753,GKP,John Ruddy,Newcastle
409,189,17,0,False,2026-01-01T20:00:00Z,0.0,0.0,19,False,0,0,0,0,0,0,0,0,0,0,0,0,0,0.0,0.0,0.0,0.0,0,0,0,0,0,0.0,0.0,0.0,0.0,54,-1244,76423,24,1268,409,DEF,John Stones,Man City
715,188,9,1,True,2025-12-30T19:30:00Z,0.0,2.0,19,False,90,0,0,0,2,0,0,0,0,0,1,0,2,11.2,0.0,0.0,1.1,1,5,0,0,1,0.0,0.0,0.0,1.26,40,9255,79143,10609,1354,715,GKP,John Victor Maciel Furtado,Nott'm Forest
737,185,8,0,False,2026-01-01T17:30:00Z,1.0,1.0,19,False,0,0,0,0,0,0,0,0,0,0,0,0,0,0.0,0.0,0.0,0.0,0,0,0,0,0,0.0,0.0,0.0,0.0,45,-282,10502,316,598,737,FWD,Jonah Kusi-Asare,Fulham
194,183,15,0,True,2025-12-30T19:30:00Z,1.0,3.0,19,False,0,0,0,0,0,0,0,0,0,0,0,0,0,0.0,0.0,0.0,0.0,0,0,0,0,0,0.0,0.0,0.0,0.0,39,-72,7785,27,99,194,DEF,Jordan Beyer,Burnley
124,182,18,2,True,2026-01-01T20:00:00Z,0.0,0.0,19,False,90,0,0,1,0,0,0,0,1,0,0,0,10,13.4,23.3,4.0,4.1,0,3,2,5,1,0.0,0.75,0.75,1.01,50,-2595,62366,3295,5890,124,MID,Jordan Henderson,Brentford
287,188,16,10,False,2025-12-30T19:30:00Z,0.0,2.0,19,False,90,0,0,1,0,0,0,0,0,0,6,2,37,37.6,0.0,0.0,3.8,0,16,0,0,1,0.0,0.01,0.01,1.55,55,26488,1432222,51359,24871,287,GKP,Jordan Pickford,Everton
321,185,8,3,False,2026-01-01T17:30:00Z,1.0,1.0,19,False,90,0,0,0,1,0,0,0,1,0,0,0,10,30.2,5.0,0.0,3.5,12,6,2,14,1,0.0,0.02,0.02,1.62,43,680,6965,821,141,321,DEF,Jorge Cuenca Barreno,Fulham
672,184,4,0,True,2025-12-30T19:30:00Z,2.0,2.0,19,False,0,0,0,0,0,0,0,0,0,0,0,0,0,0.0,0.0,0.0,0.0,0,0,0,0,0,0.0,0.0,0.0,0.0,46,-258,20623,164,422,672,DEF,Jorrel Hato,Chelsea
466,187,20,8,True,2025-12-30T20:15:00Z,1.0,1.0,19,False,45,1,0,0,1,0,0,0,0,0,0,3,30,40.8,16.5,9.0,6.6,2,0,1,3,1,0.09,0.0,0.09,0.45,58,-1434,61779,2735,4169,466,FWD,Joshua Zirkzee,Man Utd
233,184,4,0,True,2025-12-30T19:30:00Z,2.0,2.0,19,False,45,0,0,0,2,0,0,0,0,0,0,0,-3,3.6,1.7,0.0,0.5,1,1,1,2,1,0.0,0.0,0.0,2.77,38,-6988,166202,2936,9924,233,DEF,Josh Acheampong,Chelsea
205,183,15,0,True,2025-12-30T19:30:00Z,1.0,3.0,19,False,0,0,0,0,0,0,0,0,0,0,0,0,0,0.0,0.0,0.0,0.0,0,0,0,0,0,0.0,0.0,0.0,0.0,50,-33981,201575,875,34856,205,MID,Josh Cullen,Burnley
748,182,18,0,True,2026-01-01T20:00:00Z,0.0,0.0,19,False,0,0,0,0,0,0,0,0,0,0,0,0,0,0.0,0.0,0.0,0.0,0,0,0,0,0,0.0,0.0,0.0,0.0,49,-4,181,3,7,748,MID,Josh Dasilva,Brentford
335,185,8,0,False,2026-01-01T17:30:00Z,1.0,1.0,19,False,0,0,0,0,0,0,0,0,0,0,0,0,0,0.0,0.0,0.0,0.0,0,0,0,0,0,0.0,0.0,0.0,0.0,45,-19262,323510,4290,23552,335,MID,Josh King,Fulham
209,183,15,10,True,2025-12-30T19:30:00Z,1.0,3.0,19,False,90,1,0,0,3,0,0,0,0,0,0,1,36,63.2,31.3,25.0,12.0,10,3,2,15,1,0.21,0.03,0.24,2.31,48,114,4066,220,106,209,MID,Josh Laurent,Burnley
15,181,2,0,True,2025-12-30T20:15:00Z,4.0,1.0,19,False,0,0,0,0,0,0,0,0,0,0,0,0,0,0.0,0.0,0.0,0.0,0,0,0,0,0,0.0,0.0,0.0,0.0,38,-207,25256,237,444,15,DEF,Josh Nichols,Arsenal
628,187,14,4,False,2025-12-30T20:15:00Z,1.0,1.0,19,False,90,0,0,0,1,0,0,0,0,0,5,1,22,42.0,0.0,0.0,4.2,5,11,0,0,1,0.0,0.0,0.0,0.84,42,-1380,121413,773,2153,628,GKP,José Malheiro de Sá,Wolves
673,182,5,2,False,2026-01-01T20:00:00Z,0.0,0.0,19,False,79,0,0,1,0,0,0,0,1,0,0,0,12,10.0,14.7,4.0,2.9,2,2,3,7,1,0.0,0.06,0.06,0.83,55,-6563,131029,1484,8047,673,MID,João Maria Lobo Alves Palhares Costa Palhinha Gonçalves,Spurs
518,188,9,0,True,2025-12-30T19:30:00Z,0.0,2.0,19,False,0,0,0,0,0,0,0,0,0,0,0,0,0,0.0,0.0,0.0,0.0,0,0,0,0,0,0.0,0.0,0.0,0.0,54,-25,5007,0,25,518,MID,João Pedro Ferreira da Silva,Nott'm Forest
249,184,4,1,True,2025-12-30T19:30:00Z,2.0,2.0,19,False,27,0,0,0,0,0,0,0,0,0,0,0,4,0.0,3.3,15.0,1.8,0,3,0,3,0,0.09,0.02,0.11,0.24,72,-172,3689184,62971,63143,249,FWD,João Pedro Junqueira de Jesus,Chelsea
646,187,14,4,False,2025-12-30T20:15:00Z,1.0,1.0,19,False,90,0,0,0,1,0,0,0,0,0,0,0,15,16.4,3.4,0.0,2.0,4,5,3,12,1,0.0,0.01,0.01,0.84,53,129,10375,358,229,646,MID,João Victor Gomes da Silva,Wolves
762,185,10,0,True,2026-01-01T17:30:00Z,1.0,1.0,19,False,0,0,0,0,0,0,0,0,0,0,0,0,0,0.0,0.0,0.0,0.0,0,0,0,0,0,0.0,0.0,0.0,0.0,45,39,333,68,29,762,MID,Joél Drakes-Thomas,Crystal Palace
362,186,12,0,False,2026-01-01T17:30:00Z,0.0,0.0,19,False,0,0,0,0,0,0,0,0,0,0,0,0,0,0.0,0.0,0.0,0.0,0,0,0,0,0,0.0,0.0,0.0,0.0,49,-568,45454,534,1102,362,FWD,Joël Piroe,Leeds
152,190,19,10,False,2025-12-30T19:30:00Z,2.0,2.0,19,False,90,1,0,0,2,0,0,0,0,0,0,1,22,50.8,3.3,35.0,8.9,8,4,3,11,1,0.63,0.01,0.64,2.06,43,-29,14077,355,384,152,DEF,Joël Veltman,Brighton
403,189,17,1,False,2026-01-01T20:00:00Z,0.0,0.0,19,False,33,0,0,0,0,0,0,0,0,0,0,0,3,6.8,1.3,39.0,4.7,2,1,1,3,0,0.68,0.01,0.69,0.09,60,104963,1315912,131005,26042,403,DEF,Joško Gvardiol,Man City
104,182,18,0,True,2026-01-01T20:00:00Z,0.0,0.0,19,False,0,0,0,0,0,0,0,0,0,0,0,0,0,0.0,0.0,0.0,0.0,0,0,0,0,0,0.0,0.0,0.0,0.0,39,-417,16504,87,504,104,GKP,Julian Eyestone,Brentford
161,190,19,0,False,2025-12-30T19:30:00Z,2.0,2.0,19,False,0,0,0,0,0,0,0,0,0,0,0,0,0,0.0,0.0,0.0,0.0,0,0,0,0,0,0.0,0.0,0.0,0.0,54,-5,1163,0,5,161,MID,Julio Enciso Espínola,Brighton
80,184,7,0,False,2025-12-30T19:30:00Z,2.0,2.0,19,False,0,0,0,0,0,0,0,0,0,0,0,0,0,0.0,0.0,0.0,0.0,0,0,0,0,0,0.0,0.0,0.0,0.0,40,-60,29761,658,718,80,DEF,Julio Soler Barreto,Bournemouth
78,184,7,0,False,2025-12-30T19:30:00Z,2.0,2.0,19,False,0,0,0,0,0,0,0,0,0,0,0,0,0,0.0,0.0,0.0,0.0,0,0,0,0,0,0.0,0.0,0.0,0.0,38,-1620,95995,1373,2993,78,DEF,Julián Araujo Zúñiga,Bournemouth
745,182,5,0,False,2026-01-01T20:00:00Z,0.0,0.0,19,False,0,0,0,0,0,0,0,0,0,0,0,0,0,0.0,0.0,0.0,0.0,0,0,0,0,0,0.0,0.0,0.0,0.0,40,-9,3155,86,95,745,DEF,Jun'ai Byfield,Spurs
100,184,7,0,False,2025-12-30T19:30:00Z,2.0,2.0,19,False,0,0,0,0,0,0,0,0,0,0,0,0,0,0.0,0.0,0.0,0.0,0,0,0,0,0,0.0,0.0,0.0,0.0,46,-22457,494153,19075,41532,100,FWD,Junior Kroupi,Bournemouth
8,181,2,9,True,2025-12-30T20:15:00Z,4.0,1.0,19,False,82,0,1,1,0,0,0,0,0,0,0,0,28,21.2,22.3,26.0,7.0,2,1,1,3,1,0.3,0.01,0.31,0.67,64,-674866,3390691,14991,689857,8,DEF,Jurriën Timber,Arsenal
276,185,10,2,True,2026-01-01T17:30:00Z,1.0,1.0,19,False,81,0,0,0,1,0,0,0,0,0,0,0,8,5.8,11.5,15.0,3.2,0,3,2,5,1,0.2,0.04,0.24,1.23,43,9984,209152,16893,6909,276,MID,Justin Devenny,Crystal Palace
81,184,7,9,False,2025-12-30T19:30:00Z,2.0,2.0,19,False,90,1,0,0,2,0,0,0,0,0,0,2,35,42.6,26.4,35.0,10.4,1,8,2,11,1,0.82,0.04,0.86,2.08,70,-6797,102844,2046,8843,81,MID,Justin Kluivert,Bournemouth
418,189,17,1,False,2026-01-01T20:00:00Z,0.0,0.0,19,False,39,0,0,0,0,0,0,0,0,0,0,0,7,12.2,7.7,25.0,4.5,1,2,1,4,0,0.23,0.15,0.38,0.24,64,-64841,379585,357,65198,418,MID,Jérémy Doku,Man City
654,187,14,0,False,2025-12-30T20:15:00Z,1.0,1.0,19,False,26,0,0,0,0,0,0,0,1,0,0,0,-2,0.0,0.2,0.0,0.0,1,2,0,3,0,0.0,0.0,0.0,0.29,61,-2078,115084,677,2755,654,FWD,Jørgen Strand Larsen,Crystal Palace
63,181,1,0,False,2025-12-30T20:15:00Z,4.0,1.0,19,False,0,0,0,0,0,0,0,0,0,0,0,0,0,0.0,0.0,0.0,0.0,0,0,0,0,0,0.0,0.0,0.0,0.0,43,351,96204,3795,3444,63,MID,Kadan Young,Aston Villa
281,185,10,0,True,2026-01-01T17:30:00Z,1.0,1.0,19,False,0,0,0,0,0,0,0,0,0,0,0,0,0,0.0,0.0,0.0,0.0,0,0,0,0,0,0.0,0.0,0.0,0.0,44,-12,5969,143,155,281,MID,Kaden Rodney,Crystal Palace
611,190,6,0,True,2025-12-30T19:30:00Z,2.0,2.0,19,False,0,0,0,0,0,0,0,0,0,0,0,0,0,0.0,0.0,0.0,0.0,0,0,0,0,0,0.0,0.0,0.0,0.0,40,-120,8741,0,120,611,DEF,Kaelan Casey,West Ham
30,181,2,0,True,2025-12-30T20:15:00Z,4.0,1.0,19,False,0,0,0,0,0,0,0,0,0,0,0,0,0,0.0,0.0,0.0,0.0,0,0,0,0,0,0.0,0.0,0.0,0.0,73,9,40925,172,163,30,FWD,Kai Havertz,Arsenal
429,189,17,0,False,2026-01-01T20:00:00Z,0.0,0.0,19,False,0,0,0,0,0,0,0,0,0,0,0,0,0,0.0,0.0,0.0,0.0,0,0,0,0,0,0.0,0.0,0.0,0.0,48,-72,8143,49,121,429,MID,Kalvin Phillips,Man City
341,186,12,0,False,2026-01-01T17:30:00Z,0.0,0.0,19,False,0,0,0,0,0,0,0,0,0,0,0,0,0,0.0,0.0,0.0,0.0,0,0,0,0,0,0.0,0.0,0.0,0.0,39,-3119,270718,4081,7200,341,GKP,Karl Darlow,Leeds
3,181,2,0,True,2025-12-30T20:15:00Z,4.0,1.0,19,False,0,0,0,0,0,0,0,0,0,0,0,0,0,0.0,0.0,0.0,0.0,0,0,0,0,0,0.0,0.0,0.0,0.0,40,-345,28379,0,345,3,GKP,Karl Hein,Arsenal
107,182,18,6,True,2026-01-01T20:00:00Z,0.0,0.0,19,False,90,0,0,1,0,0,0,0,0,0,0,0,23,4.0,2.8,13.0,2.0,1,9,1,2,1,0.28,0.02,0.3,1.01,49,58082,283451,74020,15938,107,DEF,Keane Lewis-Potter,Brentford
248,184,4,0,True,2025-12-30T19:30:00Z,2.0,2.0,19,False,0,0,0,0,0,0,0,0,0,0,0,0,0,0.0,0.0,0.0,0.0,0,0,0,0,0,0.0,0.0,0.0,0.0,45,-3,570,0,3,248,MID,Kendry Páez Andrade,Chelsea
322,185,8,1,False,2026-01-01T17:30:00Z,1.0,1.0,19,False,50,0,0,0,1,0,0,0,0,0,0,0,3,3.6,1.3,1.0,0.6,2,3,1,3,1,0.01,0.02,0.03,0.96,45,-2083,117015,7205,9288,322,DEF,Kenny Tete,Fulham
2,181,2,0,True,2025-12-30T20:15:00Z,4.0,1.0,19,False,0,0,0,0,0,0,0,0,0,0,0,0,0,0.0,0.0,0.0,0.0,0,0,0,0,0,0.0,0.0,0.0,0.0,41,-382,51712,380,762,2,GKP,Kepa Arrizabalaga Revuelta,Arsenal
570,182,5,0,False,2026-01-01T20:00:00Z,0.0,0.0,19,False,0,0,0,0,0,0,0,0,0,0,0,0,0,0.0,0.0,0.0,0.0,0,0,0,0,0,0.0,0.0,0.0,0.0,42,397,18852,777,380,570,DEF,Kevin Danso,Spurs
731,185,8,2,False,2026-01-01T17:30:00Z,1.0,1.0,19,False,84,0,0,0,1,0,0,0,0,0,0,0,15,19.4,29.2,11.0,6.0,1,5,1,7,1,0.03,0.3,0.33,1.62,58,-495,8279,356,851,731,MID,Kevin Santos Lopes de Macedo,Fulham
120,182,18,3,True,2026-01-01T20:00:00Z,0.0,0.0,19,False,79,0,0,1,0,0,0,0,0,0,0,0,6,3.8,5.4,2.0,1.1,1,3,1,5,1,0.0,0.01,0.01,0.82,70,118705,261415,129931,11226,120,MID,Kevin Schade,Brentford
638,187,14,0,False,2025-12-30T20:15:00Z,1.0,1.0,19,False,0,0,0,0,0,0,0,0,0,0,0,0,0,0.0,0.0,0.0,0.0,0,0,0,0,0,0.0,0.0,0.0,0.0,38,577,186101,8640,8063,638,DEF,Ki-Jana Hoever,Wolves
746,186,11,0,True,2026-01-01T17:30:00Z,0.0,0.0,19,False,0,0,0,0,0,0,0,0,0,0,0,0,0,0.0,0.0,0.0,0.0,0,0,0,0,0,0.0,0.0,0.0,0.0,45,-16,926,37,53,746,MID,Kieran Morrison,Liverpool
478,183,3,0,False,2025-12-30T19:30:00Z,1.0,3.0,19,False,0,0,0,0,0,0,0,0,0,0,0,0,0,0.0,0.0,0.0,0.0,0,0,0,0,0,0.0,0.0,0.0,0.0,49,-3389,164894,47,3436,478,DEF,Kieran Trippier,Newcastle
242,188,16,0,False,2025-12-30T19:30:00Z,0.0,2.0,19,False,0,0,0,0,0,0,0,0,0,0,0,0,0,0.0,0.0,0.0,0.0,0,0,0,0,0,0.0,0.0,0.0,0.0,50,-139505,487539,2482,141987,242,MID,Kiernan Dewsbury-Hall,Everton
117,182,18,0,True,2026-01-01T20:00:00Z,0.0,0.0,19,False,0,0,0,0,0,0,0,0,0,0,0,0,0,0.0,0.0,0.0,0.0,0,0,0,0,0,0.0,0.0,0.0,0.0,39,-158,10865,0,158,117,DEF,Kim Ji-soo,Brentford
142,190,19,0,False,2025-12-30T19:30:00Z,2.0,2.0,19,False,0,0,0,0,0,0,0,0,0,0,0,0,0,0.0,0.0,0.0,0.0,0,0,0,0,0,0.0,0.0,0.0,0.0,40,-2,242,0,2,142,GKP,Kjell Scherpen,Brighton
458,187,20,0,True,2025-12-30T20:15:00Z,1.0,1.0,19,False,0,0,0,0,0,0,0,0,0,0,0,0,0,0.0,0.0,0.0,0.0,0,0,0,0,0,0.0,0.0,0.0,0.0,46,-2863,51102,206,3069,458,MID,Kobbie Mainoo,Man Utd
606,190,6,1,True,2025-12-30T19:30:00Z,2.0,2.0,19,False,45,0,0,0,1,0,0,0,0,0,0,0,2,11.8,0.6,0.0,1.2,5,2,1,6,0,0.0,0.01,0.01,1.14,44,-9,7244,367,376,606,DEF,Konstantinos Mavropanos,West Ham
377,186,11,0,True,2026-01-01T17:30:00Z,0.0,0.0,19,False,0,0,0,0,0,0,0,0,0,0,0,0,0,0.0,0.0,0.0,0.0,0,0,0,0,0,0.0,0.0,0.0,0.0,48,-23,6287,0,23,377,DEF,Konstantinos Tsimikas,Liverpool
108,182,18,9,True,2026-01-01T20:00:00Z,0.0,0.0,19,False,90,0,0,1,0,0,0,0,0,0,0,1,29,37.6,1.1,0.0,3.9,13,4,1,14,1,0.0,0.01,0.01,1.01,44,-30,20122,527,557,108,DEF,Kristoffer Ajer,Brentford
602,190,6,0,True,2025-12-30T19:30:00Z,2.0,2.0,19,False,0,0,0,0,0,0,0,0,0,0,0,0,0,0.0,0.0,0.0,0.0,0,0,0,0,0,0.0,0.0,0.0,0.0,39,-71,33199,481,552,602,GKP,Krisztián Hegyi,West Ham
659,190,6,1,True,2025-12-30T19:30:00Z,2.0,2.0,19,False,82,0,0,0,2,0,0,0,0,0,0,0,6,12.2,2.9,6.0,2.1,3,5,3,6,1,0.0,0.01,0.01,2.87,42,1014,34764,1924,910,659,DEF,Kyle Walker-Peters,West Ham
187,183,15,0,True,2025-12-30T19:30:00Z,1.0,3.0,19,False,90,0,0,0,3,0,0,0,1,0,0,0,4,21.8,1.8,0.0,2.4,4,5,4,8,1,0.0,0.01,0.01,2.31,44,1028,150359,4082,3054,187,DEF,Kyle Walker,Burnley
709,187,14,8,False,2025-12-30T20:15:00Z,1.0,1.0,19,False,90,1,0,0,1,0,0,0,0,0,0,0,19,49.0,2.2,40.0,9.1,3,1,0,3,1,0.34,0.04,0.38,0.84,45,-97,4980,157,254,709,DEF,Ladislav Krejcí,Wolves
44,181,1,-1,False,2025-12-30T20:15:00Z,4.0,1.0,19,False,90,0,0,0,4,0,0,0,1,0,0,0,-9,9.8,3.3,0.0,1.3,3,0,2,5,1,0.0,0.01,0.01,3.04,40,-774,70180,1574,2348,44,DEF,Lamare Bogarde,Aston Villa
743,184,4,0,True,2025-12-30T19:30:00Z,2.0,2.0,19,False,0,0,0,0,0,0,0,0,0,0,0,0,0,0.0,0.0,0.0,0.0,0,0,0,0,0,0.0,0.0,0.0,0.0,45,-17,1297,28,45,743,MID,Landon Emenalo,Chelsea
357,186,12,0,False,2026-01-01T17:30:00Z,0.0,0.0,19,False,0,0,0,0,0,0,0,0,0,0,0,0,0,0.0,0.0,0.0,0.0,0,0,0,0,0,0.0,0.0,0.0,0.0,49,-9,1923,0,9,357,MID,Largie Ramazani,Leeds
61,181,1,0,False,2025-12-30T20:15:00Z,4.0,1.0,19,False,0,0,0,0,0,0,0,0,0,0,0,0,0,0.0,0.0,0.0,0.0,0,0,0,0,0,0.0,0.0,0.0,0.0,45,-121,9654,0,121,61,MID,Leander Dendoncker,Aston Villa
20,181,2,13,True,2025-12-30T20:15:00Z,4.0,1.0,19,False,90,1,1,0,1,0,0,0,0,0,0,3,40,62.2,42.5,32.0,13.7,1,2,2,5,1,0.63,0.25,0.88,2.67,69,-2133,128067,13592,15725,20,MID,Leandro Trossard,Arsenal
444,187,20,1,True,2025-12-30T20:15:00Z,1.0,1.0,19,False,15,0,0,0,0,0,0,0,0,0,0,0,5,5.6,0.8,0.0,0.6,1,0,1,2,0,0.0,0.0,0.0,0.05,43,-2869,178183,2978,5847,444,DEF,Leny Yoro,Man Utd
49,181,1,0,False,2025-12-30T20:15:00Z,4.0,1.0,19,False,0,0,0,0,0,0,0,0,0,0,0,0,0,0.0,0.0,0.0,0.0,0,0,0,0,0,0.0,0.0,0.0,0.0,55,-51,9662,0,51,49,MID,Leon Bailey,Aston Villa
657,187,14,0,False,2025-12-30T20:15:00Z,1.0,1.0,19,False,0,0,0,0,0,0,0,0,0,0,0,0,0,0.0,0.0,0.0,0.0,0,0,0,0,0,0.0,0.0,0.0,0.0,44,-1,3523,89,90,657,FWD,Leon Chiwome,Wolves
768,181,1,0,False,2025-12-30T20:15:00Z,4.0,1.0,19,False,0,0,0,0,0,0,0,0,0,0,0,0,0,0.0,0.0,0.0,0.0,0,0,0,0,0,0.0,0.0,0.0,0.0,40,36,479,70,34,768,DEF,Leon Routh,Aston Villa
536,189,13,0,True,2026-01-01T20:00:00Z,0.0,0.0,19,False,0,0,0,0,0,0,0,0,0,0,0,0,0,0.0,0.0,0.0,0.0,0,0,0,0,0,0.0,0.0,0.0,0.0,40,29,1179,83,54,536,DEF,Leo Fuhr Hjelde,Sunderland
765,183,3,0,False,2025-12-30T19:30:00Z,1.0,3.0,19,False,0,0,0,0,0,0,0,0,0,0,0,0,0,0.0,0.0,0.0,0.0,0,0,0,0,0,0.0,0.0,0.0,0.0,40,375,1386,536,161,765,DEF,Leo Shahar,Newcastle
676,183,15,4,True,2025-12-30T19:30:00Z,1.0,3.0,19,False,87,0,0,0,2,0,0,0,0,0,0,0,18,17.8,16.5,8.0,4.2,2,6,4,12,1,0.0,0.02,0.02,2.25,50,77,16441,1636,1559,676,MID,Lesley Ugochukwu,Burnley
227,184,4,0,True,2025-12-30T19:30:00Z,2.0,2.0,19,False,0,0,0,0,0,0,0,0,0,0,0,0,0,0.0,0.0,0.0,0.0,0,0,0,0,0,0.0,0.0,0.0,0.0,48,-41,13657,21,62,227,DEF,Levi Samuels Colwill,Chelsea
88,184,7,0,False,2025-12-30T19:30:00Z,2.0,2.0,19,False,0,0,0,0,0,0,0,0,0,0,0,0,0,0.0,0.0,0.0,0.0,0,0,0,0,0,0.0,0.0,0.0,0.0,49,104,3765,321,217,88,MID,Lewis Cook,Bournemouth
57,181,1,0,False,2025-12-30T20:15:00Z,4.0,1.0,19,False,0,0,0,0,0,0,0,0,0,0,0,0,0,0.0,0.0,0.0,0.0,0,0,0,0,0,0.0,0.0,0.0,0.0,50,-17,3193,0,17,57,MID,Lewis Dobbin,Aston Villa
146,190,19,2,False,2025-12-30T19:30:00Z,2.0,2.0,19,False,90,0,0,0,2,0,0,0,1,0,0,0,4,16.8,2.5,5.0,2.4,10,4,1,11,1,0.03,0.01,0.04,2.06,45,3653,118491,6446,2793,146,DEF,Lewis Dunk,Brighton
473,183,3,4,False,2025-12-30T19:30:00Z,1.0,3.0,19,False,90,0,0,0,1,0,0,0,0,0,0,0,22,29.0,16.1,9.0,5.4,8,7,2,10,1,0.05,0.12,0.17,1.09,52,158001,410301,162752,4751,473,DEF,Lewis Hall,Newcastle
497,183,3,4,False,2025-12-30T19:30:00Z,1.0,3.0,19,False,90,0,0,0,1,0,0,0,0,0,0,0,19,14.2,2.2,0.0,1.6,7,9,2,18,1,0.0,0.01,0.01,1.09,45,24678,435214,40802,16124,497,MID,Lewis Miley,Newcastle
520,188,9,0,True,2025-12-30T19:30:00Z,0.0,2.0,19,False,0,0,0,0,0,0,0,0,0,0,0,0,0,0.0,0.0,0.0,0.0,0,0,0,0,0,0.0,0.0,0.0,0.0,50,-1,104,0,1,520,MID,Lewis O'Brien,Nott'm Forest
622,190,6,0,True,2025-12-30T19:30:00Z,2.0,2.0,19,False,0,0,0,0,0,0,0,0,0,0,0,0,0,0.0,0.0,0.0,0.0,0,0,0,0,0,0.0,0.0,0.0,0.0,44,-76,7149,0,76,622,MID,Lewis Orford,West Ham
250,184,4,2,True,2025-12-30T19:30:00Z,2.0,2.0,19,False,86,0,0,0,2,0,0,0,0,0,0,0,3,0.0,5.3,18.0,2.3,1,1,1,3,1,0.43,0.03,0.46,2.9,62,-36,112055,928,964,250,FWD,Liam Delap,Chelsea
45,181,1,0,False,2025-12-30T20:15:00Z,4.0,1.0,19,False,0,0,0,0,0,0,0,0,0,0,0,0,0,0.0,0.0,0.0,0.0,0,0,0,0,0,0.0,0.0,0.0,0.0,39,-337,36128,242,579,45,DEF,Lino da Cruz Sousa,Aston Villa
437,187,20,2,True,2025-12-30T20:15:00Z,1.0,1.0,19,False,90,0,0,0,1,0,0,0,0,0,0,0,13,22.0,12.5,0.0,3.5,4,5,0,4,1,0.0,0.03,0.03,1.16,48,35085,70444,36705,1620,437,DEF,Lisandro Martínez,Man Utd
210,183,15,2,True,2025-12-30T19:30:00Z,1.0,3.0,19,False,73,0,0,0,2,0,0,0,0,0,0,0,2,0.0,15.1,18.0,3.2,0,2,0,2,1,0.33,0.09,0.42,1.77,49,-118,4463,49,167,210,MID,Loum Tchaouna,Burnley
586,182,5,0,False,2026-01-01T20:00:00Z,0.0,0.0,19,False,0,0,0,0,0,0,0,0,0,0,0,0,0,0.0,0.0,0.0,0.0,0,0,0,0,0,0.0,0.0,0.0,0.0,53,-896,26883,297,1193,586,MID,Lucas Bergvall,Spurs
37,181,1,0,False,2025-12-30T20:15:00Z,4.0,1.0,19,False,90,0,0,0,4,0,0,0,0,0,0,0,-4,19.4,25.7,0.0,4.5,5,0,1,6,1,0.0,0.12,0.12,3.04,45,-8972,203164,5115,14087,37,DEF,Lucas Digne,Aston Villa
665,186,12,10,False,2026-01-01T17:30:00Z,0.0,0.0,19,False,90,0,0,1,0,0,0,0,0,0,4,3,31,25.6,0.0,0.0,2.6,0,6,0,0,1,0.0,0.0,0.0,1.96,45,-684,30420,367,1051,665,GKP,Lucas Estella Perri,Leeds
195,183,15,1,True,2025-12-30T19:30:00Z,1.0,3.0,19,False,90,0,0,0,3,0,0,0,0,0,0,0,3,18.0,43.6,11.0,7.3,4,6,3,7,1,0.12,0.38,0.5,2.31,38,549,33076,1562,1013,195,DEF,Lucas Pires Silva,Burnley
612,190,6,13,True,2025-12-30T19:30:00Z,2.0,2.0,19,False,82,1,1,0,2,0,0,0,0,0,0,3,32,53.8,27.6,19.0,10.0,0,3,4,7,1,0.79,0.23,1.02,2.87,59,5023,191723,11474,6451,612,MID,Lucas Tolentino Coelho de Lima,West Ham
208,183,15,0,True,2025-12-30T19:30:00Z,1.0,3.0,19,False,0,0,0,0,0,0,0,0,0,0,0,0,0,0.0,0.0,0.0,0.0,0,0,0,0,0,0.0,0.0,0.0,0.0,50,-4,1419,0,4,208,MID,Luca Koleosho,Burnley
383,186,11,0,True,2026-01-01T17:30:00Z,0.0,0.0,19,False,0,0,0,0,0,0,0,0,0,0,0,0,0,0.0,0.0,0.0,0.0,0,0,0,0,0,0.0,0.0,0.0,0.0,80,-10,5606,0,10,383,MID,Luis Díaz Marulanda,Liverpool
729,188,9,0,True,2025-12-30T19:30:00Z,0.0,2.0,19,False,0,0,0,0,0,0,0,0,0,0,0,0,0,0.0,0.0,0.0,0.0,0,0,0,0,0,0.0,0.0,0.0,0.0,45,0,48,0,0,729,DEF,Luis Eduardo Soares da Silva,Nott'm Forest
619,190,6,0,True,2025-12-30T19:30:00Z,2.0,2.0,19,False,0,0,0,0,0,0,0,0,0,0,0,0,0,0.0,0.0,0.0,0.0,0,0,0,0,0,0.0,0.0,0.0,0.0,49,-9,2711,27,36,619,MID,Luis Guilherme Lira dos Santos,West Ham
91,184,7,0,False,2025-12-30T19:30:00Z,2.0,2.0,19,False,0,0,0,0,0,0,0,0,0,0,0,0,0,0.0,0.0,0.0,0.0,0,0,0,0,0,0.0,0.0,0.0,0.0,50,-4,1297,0,4,91,MID,Luis Sinisterra Lucumí,Bournemouth
738,190,6,0,True,2025-12-30T19:30:00Z,2.0,2.0,19,False,0,0,0,0,0,0,0,0,0,0,0,0,0,0.0,0.0,0.0,0.0,0,0,0,0,0,0.0,0.0,0.0,0.0,45,99,4488,255,156,738,GKP,Lukasz Fabianski,West Ham
365,186,12,2,False,2026-01-01T17:30:00Z,0.0,0.0,19,False,69,0,0,1,0,0,0,0,0,0,0,0,6,0.2,2.8,0.0,0.3,0,0,1,1,1,0.0,0.0,0.0,1.86,50,-1229,67074,1470,2699,365,FWD,Lukas Nmecha,Leeds
578,182,5,0,False,2026-01-01T20:00:00Z,0.0,0.0,19,False,0,0,0,0,0,0,0,0,0,0,0,0,0,0.0,0.0,0.0,0.0,0,0,0,0,0,0.0,0.0,0.0,0.0,39,-524,43067,0,524,578,DEF,Luka Vušković,Spurs
334,185,8,0,False,2026-01-01T17:30:00Z,1.0,1.0,19,False,0,0,0,0,0,0,0,0,0,0,0,0,0,0.0,0.0,0.0,0.0,0,0,0,0,0,0.0,0.0,0.0,0.0,45,-3,189,0,3,334,MID,Luke Harris,Fulham
539,189,13,0,True,2026-01-01T20:00:00Z,0.0,0.0,19,False,0,0,0,0,0,0,0,0,0,0,0,0,0,0.0,0.0,0.0,0.0,0,0,0,0,0,0.0,0.0,0.0,0.0,40,144,6404,287,143,539,DEF,Luke O'Nien,Sunderland
767,187,14,0,False,2025-12-30T20:15:00Z,1.0,1.0,19,False,0,0,0,0,0,0,0,0,0,0,0,0,0,0.0,0.0,0.0,0.0,0,0,0,0,0,0.0,0.0,0.0,0.0,45,95,618,155,60,767,MID,Luke Rawlings,Wolves
443,187,20,2,True,2025-12-30T20:15:00Z,1.0,1.0,19,False,90,0,0,0,1,0,0,0,0,0,0,0,17,14.2,46.5,4.0,6.5,0,3,1,1,1,0.0,0.16,0.16,1.16,45,8324,92034,11198,2874,443,DEF,Luke Shaw,Man Utd
724,189,13,6,True,2026-01-01T20:00:00Z,0.0,0.0,19,False,90,0,0,1,0,0,0,0,0,0,0,0,21,11.4,0.9,4.0,1.6,4,4,1,5,1,0.0,0.02,0.02,2.25,45,-84,4712,179,263,724,DEF,Lutsharel Geertruida,Sunderland
563,189,13,0,True,2026-01-01T20:00:00Z,0.0,0.0,19,False,0,0,0,0,0,0,0,0,0,0,0,0,0,0.0,0.0,0.0,0.0,0,0,0,0,0,0.0,0.0,0.0,0.0,44,-114,11115,0,114,563,FWD,Luís Hemir Silva Semedo,Sunderland
217,183,15,0,True,2025-12-30T19:30:00Z,1.0,3.0,19,False,0,0,0,0,0,0,0,0,0,0,0,0,0,0.0,0.0,0.0,0.0,0,0,0,0,0,0.0,0.0,0.0,0.0,49,-6750,105693,131,6881,217,FWD,Lyle Foster,Burnley
679,190,6,0,True,2025-12-30T19:30:00Z,2.0,2.0,19,False,0,0,0,0,0,0,0,0,0,0,0,0,0,0.0,0.0,0.0,0.0,0,0,0,0,0,0.0,0.0,0.0,0.0,43,-369,25968,69,438,679,GKP,Mads Hermansen,West Ham
112,182,18,0,True,2026-01-01T20:00:00Z,0.0,0.0,19,False,0,0,0,0,0,0,0,0,0,0,0,0,0,0.0,0.0,0.0,0.0,0,0,0,0,0,0.0,0.0,0.0,0.0,45,-13,1899,0,13,112,DEF,Mads Roerslev Rasmussen,Brentford
277,185,10,0,True,2026-01-01T17:30:00Z,1.0,1.0,19,False,0,0,0,0,0,0,0,0,0,0,0,0,0,0.0,0.0,0.0,0.0,0,0,0,0,0,0.0,0.0,0.0,0.0,45,-3,369,0,3,277,MID,Malcolm Ebiowei,Crystal Palace
756,184,7,0,False,2025-12-30T19:30:00Z,2.0,2.0,19,False,0,0,0,0,0,0,0,0,0,0,0,0,0,0.0,0.0,0.0,0.0,0,0,0,0,0,0.0,0.0,0.0,0.0,45,-30,874,85,115,756,MID,Malcom DaCosta,Bournemouth
14,181,2,0,True,2025-12-30T20:15:00Z,4.0,1.0,19,False,0,0,0,0,0,0,0,0,0,0,0,0,0,0.0,0.0,0.0,0.0,0,0,0,0,0,0.0,0.0,0.0,0.0,39,-122,12908,0,122,14,DEF,Maldini Kacurri,Arsenal
684,183,3,4,False,2025-12-30T19:30:00Z,1.0,3.0,19,False,90,0,0,0,1,0,0,0,0,0,0,0,14,28.8,0.5,14.0,4.3,12,4,0,12,1,0.2,0.01,0.21,1.09,50,77170,449976,94583,17413,684,DEF,Malick Thiaw,Newcastle
174,190,19,0,False,2025-12-30T19:30:00Z,2.0,2.0,19,False,0,0,0,0,0,0,0,0,0,0,0,0,0,0.0,0.0,0.0,0.0,0,0,0,0,0,0.0,0.0,0.0,0.0,50,-1,646,0,1,174,MID,Malick Yalcouyé,Brighton
228,184,4,1,True,2025-12-30T19:30:00Z,2.0,2.0,19,False,90,0,0,0,2,0,0,0,0,0,0,0,5,10.2,5.7,8.0,2.4,3,2,2,5,1,0.08,0.03,0.11,3.14,50,-6178,325262,19219,25397,228,DEF,Malo Gusto,Chelsea
231,184,4,0,True,2025-12-30T19:30:00Z,2.0,2.0,19,False,0,0,0,0,0,0,0,0,0,0,0,0,0,0.0,0.0,0.0,0.0,0,0,0,0,0,0.0,0.0,0.0,0.0,45,-5,879,0,5,231,DEF,Mamadou Sarr,Chelsea
589,182,5,0,False,2026-01-01T20:00:00Z,0.0,0.0,19,False,0,0,0,0,0,0,0,0,0,0,0,0,0,0.0,0.0,0.0,0.0,0,0,0,0,0,0.0,0.0,0.0,0.0,54,-2,863,0,2,589,MID,Manor Solomon,Spurs
404,189,17,0,False,2026-01-01T20:00:00Z,0.0,0.0,19,False,0,0,0,0,0,0,0,0,0,0,0,0,0,0.0,0.0,0.0,0.0,0,0,0,0,0,0.0,0.0,0.0,0.0,54,-117,34107,0,117,404,DEF,Manuel Akanji,Man City
201,183,15,0,True,2025-12-30T19:30:00Z,1.0,3.0,19,False,0,0,0,0,0,0,0,0,0,0,0,0,0,0.0,0.0,0.0,0.0,0,0,0,0,0,0.0,0.0,0.0,0.0,54,-13,1964,0,13,201,MID,Manuel Benson Hedilazio,Burnley
459,187,20,2,True,2025-12-30T20:15:00Z,1.0,1.0,19,False,74,0,0,0,1,0,0,0,0,0,0,0,15,7.4,5.3,9.0,2.2,2,3,1,6,1,0.03,0.05,0.08,1.11,47,3894,22805,4658,764,459,MID,Manuel Ugarte Ribeiro,Man Utd
72,184,7,3,False,2025-12-30T19:30:00Z,2.0,2.0,19,False,90,0,0,0,2,0,0,0,0,0,0,0,1,23.4,0.3,3.0,2.7,11,2,0,11,1,0.01,0.01,0.02,2.31,49,-146341,1885258,26576,172917,72,DEF,Marcos Senesi Barón,Bournemouth
33,181,1,0,False,2025-12-30T20:15:00Z,4.0,1.0,19,False,0,0,0,0,0,0,0,0,0,0,0,0,0,0.0,0.0,0.0,0.0,0,0,0,0,0,0.0,0.0,0.0,0.0,42,-976,52117,171,1147,33,GKP,Marco Bizot,Aston Villa
401,189,17,0,False,2026-01-01T20:00:00Z,0.0,0.0,19,False,0,0,0,0,0,0,0,0,0,0,0,0,0,0.0,0.0,0.0,0.0,0,0,0,0,0,0.0,0.0,0.0,0.0,39,-251,13136,73,324,401,GKP,Marcus Bettinelli,Man City
206,183,15,2,True,2025-12-30T19:30:00Z,1.0,3.0,19,False,90,0,0,0,3,0,0,0,0,0,0,0,8,14.0,37.3,35.0,8.6,0,5,1,6,1,0.28,0.1,0.38,2.31,47,306,8402,656,350,206,MID,Marcus Edwards,Burnley
451,187,20,0,True,2025-12-30T20:15:00Z,1.0,1.0,19,False,0,0,0,0,0,0,0,0,0,0,0,0,0,0.0,0.0,0.0,0.0,0,0,0,0,0,0.0,0.0,0.0,0.0,70,-6,2022,0,6,451,MID,Marcus Rashford,Man Utd
84,184,7,3,False,2025-12-30T19:30:00Z,2.0,2.0,19,False,90,0,0,0,2,0,0,0,1,0,0,0,6,11.2,3.4,1.0,1.6,5,5,2,12,1,0.04,0.03,0.07,2.31,56,-51632,338159,10863,62495,84,MID,Marcus Tavernier,Bournemouth
224,184,4,0,True,2025-12-30T19:30:00Z,2.0,2.0,19,False,0,0,0,0,0,0,0,0,0,0,0,0,0,0.0,0.0,0.0,0.0,0,0,0,0,0,0.0,0.0,0.0,0.0,62,-243259,2503137,10588,253847,224,DEF,Marc Cucurella Saseta,Chelsea
252,184,4,0,True,2025-12-30T19:30:00Z,2.0,2.0,19,False,0,0,0,0,0,0,0,0,0,0,0,0,0,0.0,0.0,0.0,0.0,0,0,0,0,0,0.0,0.0,0.0,0.0,43,-33353,934813,14403,47756,252,FWD,Marc Guiu Paz,Chelsea
260,185,10,2,True,2026-01-01T17:30:00Z,1.0,1.0,19,False,90,0,0,0,1,0,0,0,0,0,0,0,10,25.0,2.7,43.0,7.1,9,2,0,9,1,0.23,0.02,0.25,1.91,53,38996,5249056,126874,87878,260,DEF,Marc Guéhi,Man City
524,188,9,0,True,2025-12-30T19:30:00Z,0.0,2.0,19,False,0,0,0,0,0,0,0,0,0,0,0,0,0,0.0,0.0,0.0,0.0,0,0,0,0,0,0.0,0.0,0.0,0.0,45,-21,2248,0,21,524,MID,Marko Stamenić,Nott'm Forest
471,183,3,0,False,2025-12-30T19:30:00Z,1.0,3.0,19,False,0,0,0,0,0,0,0,0,0,0,0,0,0,0.0,0.0,0.0,0.0,0,0,0,0,0,0.0,0.0,0.0,0.0,39,-110,17728,171,281,471,GKP,Mark Gillespie,Newcastle
288,188,16,0,False,2025-12-30T19:30:00Z,0.0,2.0,19,False,0,0,0,0,0,0,0,0,0,0,0,0,0,0.0,0.0,0.0,0.0,0,0,0,0,0,0.0,0.0,0.0,0.0,43,-127,14257,95,222,288,GKP,Mark Travers,Everton
759,181,2,0,True,2025-12-30T20:15:00Z,4.0,1.0,19,False,0,0,0,0,0,0,0,0,0,0,0,0,0,0.0,0.0,0.0,0.0,0,0,0,0,0,0.0,0.0,0.0,0.0,40,-12,1281,87,99,759,DEF,Marli Salmon,Arsenal
648,187,14,0,False,2025-12-30T20:15:00Z,1.0,1.0,19,False,0,0,0,0,0,0,0,0,0,0,0,0,0,0.0,0.0,0.0,0.0,0,0,0,0,0,0.0,0.0,0.0,0.0,53,-167,5405,23,190,648,MID,Marshall Munetsi,Wolves
333,185,8,0,False,2026-01-01T17:30:00Z,1.0,1.0,19,False,0,0,0,0,0,0,0,0,0,0,0,0,0,0.0,0.0,0.0,0.0,0,0,0,0,0,0.0,0.0,0.0,0.0,45,-27,3116,0,27,333,MID,Martial Godo,Fulham
470,183,15,2,True,2025-12-30T19:30:00Z,1.0,3.0,19,False,90,0,0,0,3,0,0,0,0,0,4,0,5,28.0,0.0,0.0,2.8,3,7,0,0,1,0.0,0.0,0.0,2.31,40,13446,4209467,41768,28322,470,GKP,Martin Dúbravka,Burnley
313,188,16,0,False,2025-12-30T19:30:00Z,0.0,2.0,19,False,0,0,0,0,0,0,0,0,0,0,0,0,0,0.0,0.0,0.0,0.0,0,0,0,0,0,0.0,0.0,0.0,0.0,44,-130,14899,0,130,313,FWD,Martin Sherif,Everton
17,181,2,5,True,2025-12-30T20:15:00Z,4.0,1.0,19,False,90,0,1,0,1,0,0,0,0,0,0,0,29,32.8,45.4,41.0,11.9,2,6,2,10,1,0.27,0.61,0.88,2.67,78,21229,237454,25864,4635,17,MID,Martin Ødegaard,Arsenal
26,181,2,8,True,2025-12-30T20:15:00Z,4.0,1.0,19,False,90,1,0,0,1,0,0,0,0,0,0,1,37,45.2,24.9,34.0,10.4,2,2,2,6,1,0.72,0.08,0.8,2.67,52,-8898,270136,4716,13614,26,MID,Martín Zubimendi Ibáñez,Arsenal
455,187,20,0,True,2025-12-30T20:15:00Z,1.0,1.0,19,False,0,0,0,0,0,0,0,0,0,0,0,0,0,0.0,0.0,0.0,0.0,0,0,0,0,0,0.0,0.0,0.0,0.0,59,-33286,95464,7630,40916,455,MID,Mason Mount,Man Utd
75,184,7,0,False,2025-12-30T19:30:00Z,2.0,2.0,19,False,0,0,0,0,0,0,0,0,0,0,0,0,0,0.0,0.0,0.0,0.0,0,0,0,0,0,0.0,0.0,0.0,0.0,38,-371,27459,180,551,75,DEF,Matai Akinmboni,Bournemouth
364,186,12,0,False,2026-01-01T17:30:00Z,0.0,0.0,19,False,0,0,0,0,0,0,0,0,0,0,0,0,0,0.0,0.0,0.0,0.0,0,0,0,0,0,0.0,0.0,0.0,0.0,50,-5,1267,0,5,364,FWD,Mateo Joseph Fernández-Regatillo,Leeds
422,189,17,0,False,2026-01-01T20:00:00Z,0.0,0.0,19,False,0,0,0,0,0,0,0,0,0,0,0,0,0,0.0,0.0,0.0,0.0,0,0,0,0,0,0.0,0.0,0.0,0.0,59,-16,2480,7,23,422,MID,Mateo Kovačić,Man City
708,190,6,3,True,2025-12-30T19:30:00Z,2.0,2.0,19,False,90,0,0,0,2,0,0,0,1,0,0,0,21,13.8,15.1,0.0,2.9,2,10,5,17,1,0.0,0.03,0.03,2.94,55,2151,21407,4108,1957,708,MID,Mateus Gonçalo Espanha Fernandes,West Ham
749,187,14,2,False,2025-12-30T20:15:00Z,1.0,1.0,19,False,90,0,0,0,1,0,0,0,0,0,0,0,10,9.2,6.5,7.0,2.3,2,2,1,5,1,0.04,0.03,0.07,0.84,45,2757,21755,4368,1611,749,FWD,Mateus Mané,Wolves
279,185,10,0,True,2026-01-01T17:30:00Z,1.0,1.0,19,False,0,0,0,0,0,0,0,0,0,0,0,0,0,0.0,0.0,0.0,0.0,0,0,0,0,0,0.0,0.0,0.0,0.0,45,-5,789,0,5,279,MID,Matheus França de Oliveira,Crystal Palace
407,189,17,11,False,2026-01-01T20:00:00Z,0.0,0.0,19,False,90,0,0,1,0,0,0,0,0,0,0,3,36,32.0,22.8,2.0,5.7,6,12,5,11,1,0.0,0.08,0.08,0.81,54,20995,321099,36793,15798,407,DEF,Matheus Nunes,Man City
450,187,20,2,True,2025-12-30T20:15:00Z,1.0,1.0,19,False,90,0,0,0,1,0,0,0,0,0,0,0,9,1.2,6.9,8.0,1.6,0,3,1,4,1,0.11,0.02,0.13,1.16,81,682357,2036041,695020,12663,450,MID,Matheus Santos Carneiro da Cunha,Man Utd
126,182,18,1,True,2026-01-01T20:00:00Z,0.0,0.0,19,False,10,0,0,0,0,0,0,0,0,0,0,0,5,1.2,2.1,0.0,0.3,0,3,0,3,0,0.0,0.0,0.0,0.19,49,-212,10575,405,617,126,MID,Mathias Jensen,Brentford
584,182,5,1,False,2026-01-01T20:00:00Z,0.0,0.0,19,False,10,0,0,0,0,0,0,0,0,0,0,0,3,2.0,0.5,0.0,0.3,1,0,0,1,0,0.0,0.0,0.0,0.0,62,-81,13681,318,399,584,MID,Mathys Tel,Spurs
173,190,19,0,False,2025-12-30T19:30:00Z,2.0,2.0,19,False,0,0,0,0,0,0,0,0,0,0,0,0,0,0.0,0.0,0.0,0.0,0,0,0,0,0,0.0,0.0,0.0,0.0,49,-1161,41457,2603,3764,173,MID,Mats Wieffer,Brighton
103,182,18,0,True,2026-01-01T20:00:00Z,0.0,0.0,19,False,0,0,0,0,0,0,0,0,0,0,0,0,0,0.0,0.0,0.0,0.0,0,0,0,0,0,0.0,0.0,0.0,0.0,39,-323,23088,252,575,103,GKP,Matthew Cox,Brentford
436,187,20,0,True,2025-12-30T20:15:00Z,1.0,1.0,19,False,0,0,0,0,0,0,0,0,0,0,0,0,0,0.0,0.0,0.0,0.0,0,0,0,0,0,0.0,0.0,0.0,0.0,49,-11377,269979,148,11525,436,DEF,Matthijs de Ligt,Man Utd
36,181,1,0,False,2025-12-30T20:15:00Z,4.0,1.0,19,False,0,0,0,0,0,0,0,0,0,0,0,0,0,0.0,0.0,0.0,0.0,0,0,0,0,0,0.0,0.0,0.0,0.0,49,-410468,1147444,9419,419887,36,DEF,Matty Cash,Aston Villa
632,187,14,2,False,2025-12-30T20:15:00Z,1.0,1.0,19,False,90,0,0,0,1,0,0,0,0,0,0,0,15,32.2,11.8,6.0,5.0,8,2,1,9,1,0.0,0.08,0.08,0.84,44,-54,10765,125,179,632,DEF,Matt Doherty,Wolves
164,190,19,0,False,2025-12-30T19:30:00Z,2.0,2.0,19,False,0,0,0,0,0,0,0,0,0,0,0,0,0,0.0,0.0,0.0,0.0,0,0,0,0,0,0.0,0.0,0.0,0.0,55,-201,43987,0,201,164,MID,Matt O'Riley,Brighton
484,183,3,0,False,2025-12-30T19:30:00Z,1.0,3.0,19,False,0,0,0,0,0,0,0,0,0,0,0,0,0,0.0,0.0,0.0,0.0,0,0,0,0,0,0.0,0.0,0.0,0.0,40,-268,19348,0,268,484,DEF,Matt Targett,Newcastle
504,188,9,0,True,2025-12-30T19:30:00Z,0.0,2.0,19,False,0,0,0,0,0,0,0,0,0,0,0,0,0,0.0,0.0,0.0,0.0,0,0,0,0,0,0.0,0.0,0.0,0.0,40,-145,10818,0,145,504,GKP,Matt Turner,Nott'm Forest
502,188,9,0,True,2025-12-30T19:30:00Z,0.0,2.0,19,False,0,0,0,0,0,0,0,0,0,0,0,0,0,0.0,0.0,0.0,0.0,0,0,0,0,0,0.0,0.0,0.0,0.0,46,-16381,756426,5075,21456,502,GKP,Matz Sels,Nott'm Forest
257,185,10,2,True,2026-01-01T17:30:00Z,1.0,1.0,19,False,90,0,0,0,1,0,0,0,0,0,0,0,10,28.8,10.7,16.0,5.6,8,1,0,8,1,0.35,0.0,0.35,1.91,52,-21013,842122,26163,47176,257,DEF,Maxence Lacroix,Crystal Palace
191,183,15,0,True,2025-12-30T19:30:00Z,1.0,3.0,19,False,14,0,0,0,2,0,0,0,0,0,0,0,-8,0.0,0.2,0.0,0.0,0,0,0,0,1,0.0,0.0,0.0,0.98,39,-114357,1200312,3679,118036,191,DEF,Maxime Estève,Burnley
605,190,6,0,True,2025-12-30T19:30:00Z,2.0,2.0,19,False,90,0,0,0,2,0,0,0,1,0,0,0,0,12.6,0.0,4.0,1.7,8,3,0,8,1,0.01,0.0,0.01,2.94,42,1616,22328,2360,744,605,DEF,Maximilian Kilman,West Ham
145,190,19,0,False,2025-12-30T19:30:00Z,2.0,2.0,19,False,57,0,0,0,2,0,0,0,0,0,0,0,0,6.6,17.5,2.0,2.6,1,6,1,2,1,0.06,0.04,0.1,1.66,43,11339,324661,23844,12505,145,DEF,Maxim De Cuyper,Brighton
617,190,6,0,True,2025-12-30T19:30:00Z,2.0,2.0,19,False,0,0,0,0,0,0,0,0,0,0,0,0,0,0.0,0.0,0.0,0.0,0,0,0,0,0,0.0,0.0,0.0,0.0,49,-7,1970,0,7,617,MID,Maxwel Cornet,West Ham
700,181,2,0,True,2025-12-30T20:15:00Z,4.0,1.0,19,False,0,0,0,0,0,0,0,0,0,0,0,0,0,0.0,0.0,0.0,0.0,0,0,0,0,0,0.0,0.0,0.0,0.0,43,-1478,46323,1407,2885,700,MID,Max Dowman,Arsenal
183,183,15,0,True,2025-12-30T19:30:00Z,1.0,3.0,19,False,0,0,0,0,0,0,0,0,0,0,0,0,0,0.0,0.0,0.0,0.0,0,0,0,0,0,0.0,0.0,0.0,0.0,43,-119,14514,186,305,183,GKP,Max Weiß,Burnley
728,188,16,5,False,2025-12-30T19:30:00Z,0.0,2.0,19,False,90,0,0,1,0,0,0,0,0,0,0,0,8,21.8,1.3,7.0,3.0,5,3,4,12,1,0.05,0.02,0.07,1.55,50,-1,1136,49,50,728,MID,Merlin Röhl,Everton
110,182,18,6,True,2026-01-01T20:00:00Z,0.0,0.0,19,False,90,0,0,1,0,0,0,0,0,0,0,0,27,14.6,13.7,6.0,3.4,5,4,2,7,1,0.0,0.3,0.3,1.01,45,-1281,85347,4021,5302,110,DEF,Michael Kayode,Brentford
295,188,16,0,False,2025-12-30T19:30:00Z,0.0,2.0,19,False,0,0,0,0,0,0,0,0,0,0,0,0,0,0.0,0.0,0.0,0.0,0,0,0,0,0,0.0,0.0,0.0,0.0,48,319122,1024692,337974,18852,295,DEF,Michael Keane,Everton
219,183,15,0,True,2025-12-30T19:30:00Z,1.0,3.0,19,False,0,0,0,0,0,0,0,0,0,0,0,0,0,0.0,0.0,0.0,0.0,0,0,0,0,0,0.0,0.0,0.0,0.0,44,-177,14702,0,177,219,FWD,Michael Obafemi,Burnley
575,182,5,6,False,2026-01-01T20:00:00Z,0.0,0.0,19,False,90,0,0,1,0,0,0,0,0,0,0,0,27,13.6,1.4,0.0,1.5,8,4,0,8,1,0.0,0.01,0.01,0.83,45,1949,3327367,71933,69984,575,DEF,Micky van de Ven,Spurs
22,181,2,2,True,2025-12-30T20:15:00Z,4.0,1.0,19,False,72,0,0,1,0,0,0,0,1,0,0,0,6,14.8,34.9,4.0,5.4,3,4,3,10,1,0.0,0.03,0.03,0.55,58,-56001,331274,11595,67596,22,MID,Mikel Merino Zazón,Arsenal
592,182,5,0,False,2026-01-01T20:00:00Z,0.0,0.0,19,False,0,0,0,0,0,0,0,0,0,0,0,0,0,0.0,0.0,0.0,0.0,0,0,0,0,0,0.0,0.0,0.0,0.0,50,-1,432,0,1,592,MID,Mikey Moore,Spurs
222,184,4,0,True,2025-12-30T19:30:00Z,2.0,2.0,19,False,0,0,0,0,0,0,0,0,0,0,0,0,0,0.0,0.0,0.0,0.0,0,0,0,0,0,0.0,0.0,0.0,0.0,40,-2,371,0,2,222,GKP,Mike Penders,Chelsea
214,183,15,1,True,2025-12-30T19:30:00Z,1.0,3.0,19,False,2,0,0,0,1,0,0,0,0,0,0,0,2,0.2,0.1,0.0,0.0,0,2,0,2,0,0.0,0.0,0.0,0.07,44,-467,9374,341,808,214,MID,Mike Trésor Ndayishimiye,Burnley
121,182,18,0,True,2026-01-01T20:00:00Z,0.0,0.0,19,False,0,0,0,0,0,0,0,0,0,0,0,0,0,0.0,0.0,0.0,0.0,0,0,0,0,0,0.0,0.0,0.0,0.0,58,-3224,73515,2140,5364,121,MID,Mikkel Damsgaard,Brentford
546,189,13,0,True,2026-01-01T20:00:00Z,0.0,0.0,19,False,0,0,0,0,0,0,0,0,0,0,0,0,0,0.0,0.0,0.0,0.0,0,0,0,0,0,0.0,0.0,0.0,0.0,49,-11,1983,0,11,546,MID,Milan Aleksić,Sunderland
371,186,11,1,True,2026-01-01T17:30:00Z,0.0,0.0,19,False,24,0,0,0,0,0,0,0,0,0,0,0,6,5.8,22.6,0.0,2.8,0,3,0,0,0,0.0,0.01,0.01,0.16,56,905,387901,7076,6171,371,DEF,Milos Kerkez,Liverpool
483,183,3,0,False,2025-12-30T19:30:00Z,1.0,3.0,19,False,0,0,0,0,0,0,0,0,0,0,0,0,0,0.0,0.0,0.0,0.0,0,0,0,0,0,0.0,0.0,0.0,0.0,38,-1943,55223,816,2759,483,DEF,Miodrag Pivaš,Newcastle
157,190,19,1,False,2025-12-30T19:30:00Z,2.0,2.0,19,False,32,0,0,0,0,0,0,0,0,0,0,0,11,13.0,34.4,29.0,7.6,0,3,0,3,0,0.08,0.04,0.12,0.4,61,-936,228048,4059,4995,157,MID,Mitoma Kaoru,Brighton
758,190,6,1,True,2025-12-30T19:30:00Z,2.0,2.0,19,False,7,0,0,0,0,0,0,0,0,0,0,0,6,4.4,10.6,0.0,1.5,0,0,1,1,0,0.0,0.02,0.02,0.07,45,0,922,87,87,758,MID,Mohamadou Kanté,West Ham
381,186,11,0,True,2026-01-01T17:30:00Z,0.0,0.0,19,False,0,0,0,0,0,0,0,0,0,0,0,0,0,0.0,0.0,0.0,0.0,0,0,0,0,0,0.0,0.0,0.0,0.0,140,-31730,1869839,91,31821,381,MID,Mohamed Salah,Liverpool
582,182,5,3,False,2026-01-01T20:00:00Z,0.0,0.0,19,False,90,0,0,1,0,0,0,0,0,0,0,0,4,6.2,4.2,39.0,4.9,2,7,0,9,1,0.23,0.02,0.25,0.83,64,-33270,1779878,30383,63653,582,MID,Mohammed Kudus,Spurs
241,184,4,1,True,2025-12-30T19:30:00Z,2.0,2.0,19,False,90,0,0,0,2,0,0,0,1,0,0,0,15,16.6,29.0,0.0,4.6,3,6,2,11,1,0.0,0.15,0.15,3.14,57,-11081,1113530,17325,28406,241,MID,Moisés Caicedo Corozo,Chelsea
515,188,9,2,True,2025-12-30T19:30:00Z,0.0,2.0,19,False,90,0,0,0,2,0,0,0,0,0,0,0,5,3.2,21.7,53.0,7.8,1,5,0,6,1,0.54,0.29,0.83,1.26,73,4614,369125,16614,12000,515,MID,Morgan Gibbs-White,Nott'm Forest
47,181,1,1,False,2025-12-30T20:15:00Z,4.0,1.0,19,False,81,0,0,0,4,0,0,0,1,0,0,0,8,0.0,3.1,9.0,1.2,0,1,0,1,1,0.13,0.05,0.18,2.43,74,253717,2940073,355456,101739,47,MID,Morgan Rogers,Aston Villa
506,188,9,1,True,2025-12-30T19:30:00Z,0.0,2.0,19,False,90,0,0,0,2,0,0,0,0,0,0,0,12,20.2,12.0,7.0,3.9,4,5,3,7,1,0.08,0.04,0.12,1.26,52,7518,251937,11699,4181,506,DEF,Murillo Costa dos Santos,Nott'm Forest
245,184,4,0,True,2025-12-30T19:30:00Z,2.0,2.0,19,False,0,0,0,0,0,0,0,0,0,0,0,0,0,0.0,0.0,0.0,0.0,0,0,0,0,0,0.0,0.0,0.0,0.0,49,6,1061,25,19,245,MID,Mykhailo Mudryk,Chelsea
10,181,2,1,True,2025-12-30T20:15:00Z,4.0,1.0,19,False,13,0,0,0,1,0,0,0,0,0,0,0,-1,0.2,0.2,0.0,0.0,0,1,0,0,0,0.0,0.0,0.0,2.0,51,-6426,204947,2566,8992,10,DEF,Myles Lewis-Skelly,Arsenal
133,182,18,0,True,2026-01-01T20:00:00Z,0.0,0.0,19,False,0,0,0,0,0,0,0,0,0,0,0,0,0,0.0,0.0,0.0,0.0,0,0,0,0,0,0.0,0.0,0.0,0.0,44,-75,4938,102,177,133,MID,Myles Peart-Harris,Brentford
275,185,10,0,True,2026-01-01T17:30:00Z,1.0,1.0,19,False,0,0,0,0,0,0,0,0,0,0,0,0,0,0.0,0.0,0.0,0.0,0,0,0,0,0,0.0,0.0,0.0,0.0,43,15,6005,183,168,275,MID,Naouirou Ahamada,Crystal Palace
263,185,10,7,True,2026-01-01T17:30:00Z,1.0,1.0,19,False,90,0,1,0,1,0,0,0,0,0,0,2,24,31.4,16.3,10.0,5.8,5,5,2,7,1,0.09,0.36,0.45,1.73,38,-1297,103305,3652,4949,263,DEF,Nathaniel Clyne,Crystal Palace
405,189,17,8,False,2026-01-01T20:00:00Z,0.0,0.0,19,False,90,0,0,1,0,0,0,0,1,0,0,1,35,25.4,12.4,2.0,4.0,8,4,4,12,1,0.0,0.03,0.03,0.81,53,-455,74612,424,879,405,DEF,Nathan Aké,Man City
106,182,18,9,True,2026-01-01T20:00:00Z,0.0,0.0,19,False,90,0,0,1,0,0,0,0,0,0,0,3,40,26.2,2.3,27.0,5.6,6,7,2,8,1,0.08,0.01,0.09,1.01,49,-4164,191765,6577,10741,106,DEF,Nathan Collins,Brentford
658,187,14,0,False,2025-12-30T20:15:00Z,1.0,1.0,19,False,0,0,0,0,0,0,0,0,0,0,0,0,0,0.0,0.0,0.0,0.0,0,0,0,0,0,0.0,0.0,0.0,0.0,43,-1732,217867,3412,5144,658,FWD,Nathan Fraser,Wolves
296,188,16,8,False,2025-12-30T19:30:00Z,0.0,2.0,19,False,71,0,0,1,0,0,0,0,0,0,0,0,23,16.0,1.4,0.0,1.7,7,2,3,10,1,0.0,0.0,0.0,0.84,44,26,2660,115,89,296,DEF,Nathan Patterson,Everton
607,190,6,0,True,2025-12-30T19:30:00Z,2.0,2.0,19,False,0,0,0,0,0,0,0,0,0,0,0,0,0,0.0,0.0,0.0,0.0,0,0,0,0,0,0.0,0.0,0.0,0.0,44,-23,5496,0,23,607,DEF,Nayef Aguerd,West Ham
564,189,13,0,True,2026-01-01T20:00:00Z,0.0,0.0,19,False,0,0,0,0,0,0,0,0,0,0,0,0,0,0.0,0.0,0.0,0.0,0,0,0,0,0,0.0,0.0,0.0,0.0,44,-91,11000,0,91,564,FWD,Nazarii Rusyn,Sunderland
508,188,9,1,True,2025-12-30T19:30:00Z,0.0,2.0,19,False,90,0,0,0,2,0,0,0,0,0,0,0,26,44.4,68.8,18.0,13.1,2,9,5,7,1,0.08,0.67,0.75,1.26,47,3655,452512,16421,12766,508,DEF,Neco Williams,Nott'm Forest
559,189,13,0,True,2026-01-01T20:00:00Z,0.0,0.0,19,False,0,0,0,0,0,0,0,0,0,0,0,0,0,0.0,0.0,0.0,0.0,0,0,0,0,0,0.0,0.0,0.0,0.0,44,-63,4097,0,63,559,MID,Nectarios Triantis,Sunderland
744,190,19,0,False,2025-12-30T19:30:00Z,2.0,2.0,19,False,0,0,0,0,0,0,0,0,0,0,0,0,0,0.0,0.0,0.0,0.0,0,0,0,0,0,0.0,0.0,0.0,0.0,45,-47,1602,99,146,744,MID,Nehemiah Oriola,Brighton
537,189,13,0,True,2026-01-01T20:00:00Z,0.0,0.0,19,False,0,0,0,0,0,0,0,0,0,0,0,0,0,0.0,0.0,0.0,0.0,0,0,0,0,0,0.0,0.0,0.0,0.0,40,-94,9154,0,94,537,DEF,Niall Huggins,Sunderland
469,183,3,2,False,2025-12-30T19:30:00Z,1.0,3.0,19,False,90,0,0,0,1,0,0,0,0,0,2,0,9,14.8,0.0,0.0,1.5,1,6,0,0,1,0.0,0.0,0.0,1.09,51,3525,598197,14595,11070,469,GKP,Nick Pope,Newcastle
714,183,3,1,False,2025-12-30T19:30:00Z,1.0,3.0,19,False,10,0,0,0,0,0,0,0,0,0,0,0,2,0.2,0.5,2.0,0.3,0,1,0,1,0,0.0,0.0,0.0,0.13,74,86718,2496223,182398,95680,714,FWD,Nick Woltemade,Newcastle
625,190,6,0,True,2025-12-30T19:30:00Z,2.0,2.0,19,False,0,0,0,0,0,0,0,0,0,0,0,0,0,0.0,0.0,0.0,0.0,0,0,0,0,0,0.0,0.0,0.0,0.0,56,-448,80508,504,952,625,FWD,Niclas Füllkrug,West Ham
251,184,4,0,True,2025-12-30T19:30:00Z,2.0,2.0,19,False,0,0,0,0,0,0,0,0,0,0,0,0,0,0.0,0.0,0.0,0.0,0,0,0,0,0,0.0,0.0,0.0,0.0,65,-33,9422,0,33,251,FWD,Nicolas Jackson,Chelsea
519,188,9,1,True,2025-12-30T19:30:00Z,0.0,2.0,19,False,45,0,0,0,1,0,0,0,0,0,0,0,4,9.8,18.7,4.0,3.3,1,2,2,5,1,0.0,0.05,0.05,0.29,50,62,2079,119,57,519,MID,Nicolás Domínguez,Nott'm Forest
716,188,9,0,True,2025-12-30T19:30:00Z,0.0,2.0,19,False,0,0,0,0,0,0,0,0,0,0,0,0,0,0.0,0.0,0.0,0.0,0,0,0,0,0,0.0,0.0,0.0,0.0,45,1845,26213,3439,1594,716,DEF,Nicolò Savona,Nott'm Forest
423,189,17,1,False,2026-01-01T20:00:00Z,0.0,0.0,19,False,45,0,0,0,0,0,0,0,0,0,0,0,13,6.0,3.2,0.0,0.9,2,3,1,6,1,0.0,0.02,0.02,0.57,59,-416,17534,730,1146,423,MID,Nico González Iglesias,Man City
411,189,17,1,False,2026-01-01T20:00:00Z,0.0,0.0,19,False,56,0,0,0,0,0,0,0,0,0,0,0,8,3.0,1.3,2.0,0.6,1,3,1,2,1,0.0,0.0,0.0,0.72,53,-37137,1356739,45294,82431,411,DEF,Nico O'Reilly,Man City
505,188,9,1,True,2025-12-30T19:30:00Z,0.0,2.0,19,False,90,0,0,0,2,0,0,0,0,0,0,0,13,36.8,2.7,2.0,4.2,5,4,3,8,1,0.0,0.14,0.14,1.26,51,5428,440037,13213,7785,505,DEF,Nikola Milenković,Nott'm Forest
698,186,12,1,False,2026-01-01T17:30:00Z,0.0,0.0,19,False,20,0,0,0,0,0,0,0,0,0,0,0,2,2.0,0.3,4.0,0.6,1,1,1,3,0,0.0,0.0,0.0,0.1,55,-755,14326,700,1455,698,MID,Noah Okafor,Leeds
552,189,13,0,True,2026-01-01T20:00:00Z,0.0,0.0,19,False,0,0,0,0,0,0,0,0,0,0,0,0,0,0.0,0.0,0.0,0.0,0,0,0,0,0,0.0,0.0,0.0,0.0,50,-204,6085,21,225,552,MID,Noah Sadiki,Sunderland
18,181,2,1,True,2025-12-30T20:15:00Z,4.0,1.0,19,False,7,0,0,0,1,0,0,0,0,0,0,0,8,4.0,14.0,0.0,1.8,0,0,0,0,0,0.0,0.34,0.34,2.0,68,-6312,89737,1232,7544,18,MID,Noni Madueke,Arsenal
311,188,16,1,False,2025-12-30T19:30:00Z,0.0,2.0,19,False,5,0,0,0,0,0,0,0,0,0,0,0,3,2.0,0.0,2.0,0.4,0,0,1,1,0,0.0,0.0,0.0,0.24,50,-3070,316709,6971,10041,311,FWD,Norberto Bercique Gomes Betuncal,Everton
66,184,7,0,False,2025-12-30T19:30:00Z,2.0,2.0,19,False,0,0,0,0,0,0,0,0,0,0,0,0,0,0.0,0.0,0.0,0.0,0,0,0,0,0,0.0,0.0,0.0,0.0,45,-88,7665,0,88,66,GKP,Norberto Murara Neto,Bournemouth
694,189,13,11,True,2026-01-01T20:00:00Z,0.0,0.0,19,False,90,0,0,1,0,0,0,0,0,0,0,3,36,25.4,10.5,0.0,3.6,8,6,3,11,1,0.0,0.04,0.04,2.25,42,-5940,836603,34194,40134,694,DEF,Nordi Mukiele,Sunderland
438,187,20,0,True,2025-12-30T20:15:00Z,1.0,1.0,19,False,0,0,0,0,0,0,0,0,0,0,0,0,0,0.0,0.0,0.0,0.0,0,0,0,0,0,0.0,0.0,0.0,0.0,49,-847,21966,26,873,438,DEF,Noussair Mazraoui,Man Utd
285,185,10,0,True,2026-01-01T17:30:00Z,1.0,1.0,19,False,0,0,0,0,0,0,0,0,0,0,0,0,0,0.0,0.0,0.0,0.0,0,0,0,0,0,0.0,0.0,0.0,0.0,50,-181,27655,0,181,285,FWD,Odsonne Édouard,Crystal Palace
472,183,3,0,False,2025-12-30T19:30:00Z,1.0,3.0,19,False,0,0,0,0,0,0,0,0,0,0,0,0,0,0.0,0.0,0.0,0.0,0,0,0,0,0,0.0,0.0,0.0,0.0,40,-21,1851,0,21,472,GKP,Odysseas Vlachodimos,Newcastle
507,188,9,0,True,2025-12-30T19:30:00Z,0.0,2.0,19,False,0,0,0,0,0,0,0,0,0,0,0,0,0,0.0,0.0,0.0,0.0,0,0,0,0,0,0.0,0.0,0.0,0.0,47,-2815,244723,41,2856,507,DEF,Ola Aina,Nott'm Forest
12,188,9,1,True,2025-12-30T19:30:00Z,0.0,2.0,19,False,90,0,0,0,2,0,0,0,0,0,0,0,7,15.8,30.2,7.0,5.3,2,5,0,2,1,0.03,0.06,0.09,1.26,49,383,29254,740,357,12,DEF,Oleksandr Zinchenko,Nott'm Forest
776,183,15,0,True,2025-12-30T19:30:00Z,1.0,3.0,19,False,0,0,0,0,0,0,0,0,0,0,0,0,0,0.0,0.0,0.0,0.0,0,0,0,0,0,0.0,0.0,0.0,0.0,45,0,0,0,0,776,MID,Oliver Pimlott,Burnley
197,183,15,0,True,2025-12-30T19:30:00Z,1.0,3.0,19,False,0,0,0,0,0,0,0,0,0,0,0,0,0,0.0,0.0,0.0,0.0,0,0,0,0,0,0.0,0.0,0.0,0.0,38,-858,41543,1687,2545,197,DEF,Oliver Sonne,Burnley
143,190,19,0,False,2025-12-30T19:30:00Z,2.0,2.0,19,False,0,0,0,0,0,0,0,0,0,0,0,0,0,0.0,0.0,0.0,0.0,0,0,0,0,0,0.0,0.0,0.0,0.0,42,-112,10591,191,303,143,DEF,Olivier Boscagli,Brighton
608,190,6,3,True,2025-12-30T19:30:00Z,2.0,2.0,19,False,90,0,0,0,2,0,0,0,0,0,0,0,21,22.8,25.8,10.0,5.9,10,9,3,13,1,0.14,0.12,0.26,2.94,43,97,3744,158,61,608,DEF,Ollie Scarles,West Ham
64,181,1,5,False,2025-12-30T20:15:00Z,4.0,1.0,19,False,90,1,0,0,4,0,0,0,1,0,0,0,19,27.0,2.1,50.0,7.9,2,1,0,3,1,1.61,0.0,1.61,3.04,85,36445,959662,57922,21477,64,FWD,Ollie Watkins,Aston Villa
212,183,15,0,True,2025-12-30T19:30:00Z,1.0,3.0,19,False,0,0,0,0,0,0,0,0,0,0,0,0,0,0.0,0.0,0.0,0.0,0,0,0,0,0,0.0,0.0,0.0,0.0,45,-12,831,0,12,212,MID,Oluwaseun Adewumi,Burnley
693,188,9,2,True,2025-12-30T19:30:00Z,0.0,2.0,19,False,90,0,0,0,2,0,0,0,0,0,0,0,19,15.6,46.5,20.0,8.2,1,6,0,7,1,0.04,0.34,0.38,1.26,54,11904,23686,12636,732,693,MID,Omari Hutchinson,Nott'm Forest
683,189,13,8,True,2026-01-01T20:00:00Z,0.0,0.0,19,False,90,0,0,1,0,0,0,0,0,0,0,0,28,35.2,0.6,2.0,3.8,16,4,1,17,1,0.0,0.03,0.03,2.25,40,15376,687676,40966,25590,683,DEF,Omar Alderete,Sunderland
413,189,17,0,False,2026-01-01T20:00:00Z,0.0,0.0,19,False,0,0,0,0,0,0,0,0,0,0,0,0,0,0.0,0.0,0.0,0.0,0,0,0,0,0,0.0,0.0,0.0,0.0,83,-2399,299431,93,2492,413,MID,Omar Marmoush,Man City
512,188,9,0,True,2025-12-30T19:30:00Z,0.0,2.0,19,False,0,0,0,0,0,0,0,0,0,0,0,0,0,0.0,0.0,0.0,0.0,0,0,0,0,0,0.0,0.0,0.0,0.0,45,-8,2531,0,8,512,DEF,Omar Richards,Nott'm Forest
424,189,17,0,False,2026-01-01T20:00:00Z,0.0,0.0,19,False,0,0,0,0,0,0,0,0,0,0,0,0,0,0.0,0.0,0.0,0.0,0,0,0,0,0,0.0,0.0,0.0,0.0,51,-556,24430,10,566,424,MID,Oscar Bobb,Fulham
76,184,7,0,False,2025-12-30T19:30:00Z,2.0,2.0,19,False,0,0,0,0,0,0,0,0,0,0,0,0,0,0.0,0.0,0.0,0.0,0,0,0,0,0,0.0,0.0,0.0,0.0,39,-222,19377,143,365,76,DEF,Owen Bevan,Bournemouth
189,183,15,0,True,2025-12-30T19:30:00Z,1.0,3.0,19,False,0,0,0,0,0,0,0,0,0,0,0,0,0,0.0,0.0,0.0,0.0,0,0,0,0,0,0.0,0.0,0.0,0.0,40,-16,1657,0,16,189,DEF,Owen Dodgson,Burnley
593,182,5,0,False,2026-01-01T20:00:00Z,0.0,0.0,19,False,0,0,0,0,0,0,0,0,0,0,0,0,0,0.0,0.0,0.0,0.0,0,0,0,0,0,0.0,0.0,0.0,0.0,45,-5726,109458,298,6024,593,MID,Pape Matar Sarr,Spurs
132,182,18,0,True,2026-01-01T20:00:00Z,0.0,0.0,19,False,0,0,0,0,0,0,0,0,0,0,0,0,0,0.0,0.0,0.0,0.0,0,0,0,0,0,0.0,0.0,0.0,0.0,45,57,3543,290,233,132,MID,Paris Maghoma,Brentford
343,186,12,8,False,2026-01-01T17:30:00Z,0.0,0.0,19,False,90,0,0,1,0,0,0,0,0,0,0,0,27,22.6,0.4,0.0,2.3,11,4,0,11,1,0.0,0.0,0.0,1.96,43,-411,31662,774,1185,343,DEF,Pascal Struijk,Leeds
363,186,12,0,False,2026-01-01T17:30:00Z,0.0,0.0,19,False,0,0,0,0,0,0,0,0,0,0,0,0,0,0.0,0.0,0.0,0.0,0,0,0,0,0,0.0,0.0,0.0,0.0,49,-364,44464,0,364,363,FWD,Patrick Bamford,Leeds
441,187,20,2,True,2025-12-30T20:15:00Z,1.0,1.0,19,False,90,0,0,0,1,0,0,0,0,0,0,0,11,14.2,33.2,7.0,5.4,1,5,2,3,1,0.08,0.09,0.17,1.16,42,593492,1120407,598083,4591,441,DEF,Patrick Dorgu,Man Utd
545,189,13,0,True,2026-01-01T20:00:00Z,0.0,0.0,19,False,0,0,0,0,0,0,0,0,0,0,0,0,0,0.0,0.0,0.0,0.0,0,0,0,0,0,0.0,0.0,0.0,0.0,54,-3,1611,0,3,545,MID,Patrick Roberts,Sunderland
41,181,1,0,False,2025-12-30T20:15:00Z,4.0,1.0,19,False,0,0,0,0,0,0,0,0,0,0,0,0,0,0.0,0.0,0.0,0.0,0,0,0,0,0,0.0,0.0,0.0,0.0,43,-5412,41376,41,5453,41,DEF,Pau Torres,Aston Villa
640,187,14,0,False,2025-12-30T20:15:00Z,1.0,1.0,19,False,0,0,0,0,0,0,0,0,0,0,0,0,0,0.0,0.0,0.0,0.0,0,0,0,0,0,0.0,0.0,0.0,0.0,40,-820,47983,0,820,640,DEF,Pedro Cardoso de Lima,Wolves
236,184,4,1,True,2025-12-30T19:30:00Z,2.0,2.0,19,False,45,0,0,0,0,0,0,0,0,0,0,0,12,11.6,48.3,4.0,6.4,0,0,1,1,0,0.0,0.57,0.57,0.37,73,-39698,1100403,43993,83691,236,MID,Pedro Lomba Neto,Chelsea
568,182,5,10,False,2026-01-01T20:00:00Z,0.0,0.0,19,False,90,0,0,1,0,0,0,0,0,0,0,2,31,23.4,12.9,0.0,3.6,6,6,5,11,1,0.0,0.02,0.02,0.83,52,-17535,1588973,14475,32010,568,DEF,Pedro Porro Sauceda,Spurs
147,190,19,0,False,2025-12-30T19:30:00Z,2.0,2.0,19,False,0,0,0,0,0,0,0,0,0,0,0,0,0,0.0,0.0,0.0,0.0,0,0,0,0,0,0.0,0.0,0.0,0.0,45,-7,1202,0,7,147,DEF,Pervis Estupiñán Tenorio,Brighton
89,184,7,0,False,2025-12-30T19:30:00Z,2.0,2.0,19,False,0,0,0,0,0,0,0,0,0,0,0,0,0,0.0,0.0,0.0,0.0,0,0,0,0,0,0.0,0.0,0.0,0.0,49,-12,2818,0,12,89,MID,Philip Billing,Bournemouth
414,189,17,3,False,2026-01-01T20:00:00Z,0.0,0.0,19,False,90,0,0,1,0,0,0,0,0,0,0,0,20,6.6,38.7,16.0,6.1,0,5,0,5,1,0.24,0.25,0.49,0.81,90,-162456,5015419,123312,285768,414,MID,Phil Foden,Man City
725,181,2,2,True,2025-12-30T20:15:00Z,4.0,1.0,19,False,90,0,0,0,1,0,0,0,0,0,0,0,15,17.6,16.3,2.0,3.6,4,5,2,6,1,0.0,0.15,0.15,2.67,55,-46252,265675,10120,56372,725,DEF,Piero Hincapié,Arsenal
556,189,13,0,True,2026-01-01T20:00:00Z,0.0,0.0,19,False,0,0,0,0,0,0,0,0,0,0,0,0,0,0.0,0.0,0.0,0.0,0,0,0,0,0,0.0,0.0,0.0,0.0,45,-9,687,0,9,556,MID,Pierre Ekwah Elimby,Sunderland
192,183,15,0,True,2025-12-30T19:30:00Z,1.0,3.0,19,False,0,0,0,0,0,0,0,0,0,0,0,0,0,0.0,0.0,0.0,0.0,0,0,0,0,0,0.0,0.0,0.0,0.0,40,-7745,114555,3555,11300,192,DEF,Quilindschy Hartman,Burnley
572,182,5,0,False,2026-01-01T20:00:00Z,0.0,0.0,19,False,0,0,0,0,0,0,0,0,0,0,0,0,0,0.0,0.0,0.0,0.0,0,0,0,0,0,0.0,0.0,0.0,0.0,45,53,1010,89,36,572,DEF,Radu Drăgușin,Spurs
726,182,5,1,False,2026-01-01T20:00:00Z,0.0,0.0,19,False,23,0,0,0,0,0,0,0,0,0,0,0,4,2.2,10.6,2.0,1.5,0,2,1,3,0,0.0,0.02,0.02,0.2,69,-1883,42859,1142,3025,726,FWD,Randal Kolo Muani,Spurs
465,187,20,0,True,2025-12-30T20:15:00Z,1.0,1.0,19,False,0,0,0,0,0,0,0,0,0,0,0,0,0,0.0,0.0,0.0,0.0,0,0,0,0,0,0.0,0.0,0.0,0.0,63,-70,33680,0,70,465,FWD,Rasmus Højlund,Man Utd
402,189,17,0,False,2026-01-01T20:00:00Z,0.0,0.0,19,False,0,0,0,0,0,0,0,0,0,0,0,0,0,0.0,0.0,0.0,0.0,0,0,0,0,0,0.0,0.0,0.0,0.0,57,-6091,489637,35,6126,402,DEF,Rayan Aït-Nouri,Man City
417,189,17,5,False,2026-01-01T20:00:00Z,0.0,0.0,19,False,90,0,0,1,0,0,0,0,0,0,0,0,24,22.8,30.8,16.0,7.0,3,7,4,14,1,0.0,0.56,0.56,0.81,67,522596,1857804,537870,15274,417,MID,Rayan Cherki,Man City
337,185,8,2,False,2026-01-01T17:30:00Z,1.0,1.0,19,False,90,0,0,0,1,0,0,0,0,0,0,0,5,0.0,23.2,27.0,5.0,1,1,0,2,1,0.39,0.05,0.44,1.62,63,-15970,281369,13391,29361,337,FWD,Raúl Jiménez Rodríguez,Fulham
225,184,4,1,True,2025-12-30T19:30:00Z,2.0,2.0,19,False,45,0,0,0,0,0,0,0,0,0,0,0,7,6.8,7.9,0.0,1.5,1,3,2,3,0,0.0,0.03,0.03,0.37,57,201437,1532626,217599,16162,225,DEF,Reece James,Chelsea
298,188,16,0,False,2025-12-30T19:30:00Z,0.0,2.0,19,False,0,0,0,0,0,0,0,0,0,0,0,0,0,0.0,0.0,0.0,0.0,0,0,0,0,0,0.0,0.0,0.0,0.0,38,-110,18295,212,322,298,DEF,Reece Welch,Everton
764,189,17,0,False,2026-01-01T20:00:00Z,0.0,0.0,19,False,0,0,0,0,0,0,0,0,0,0,0,0,0,0.0,0.0,0.0,0.0,0,0,0,0,0,0.0,0.0,0.0,0.0,45,11,104,19,8,764,MID,Reigan Heskey,Man City
541,189,13,0,True,2026-01-01T20:00:00Z,0.0,0.0,19,False,0,0,0,0,0,0,0,0,0,0,0,0,0,0.0,0.0,0.0,0.0,0,0,0,0,0,0.0,0.0,0.0,0.0,39,-27152,337790,297,27449,541,DEF,Reinildo Mandava,Sunderland
27,182,18,1,True,2026-01-01T20:00:00Z,0.0,0.0,19,False,10,0,0,0,0,0,0,0,0,0,0,0,1,0.2,1.1,0.0,0.1,0,2,0,2,0,0.0,0.0,0.0,0.19,48,33,12029,170,137,27,MID,Reiss Nelson,Brentford
255,185,10,0,True,2026-01-01T17:30:00Z,1.0,1.0,19,False,0,0,0,0,0,0,0,0,0,0,0,0,0,0.0,0.0,0.0,0.0,0,0,0,0,0,0.0,0.0,0.0,0.0,39,-68,13400,127,195,255,GKP,Remi Matthews,Crystal Palace
687,184,7,0,False,2025-12-30T19:30:00Z,2.0,2.0,19,False,0,0,0,0,0,0,0,0,0,0,0,0,0,0.0,0.0,0.0,0.0,0,0,0,0,0,0.0,0.0,0.0,0.0,44,-252,15424,93,345,687,MID,Remy Rees-Dottin,Bournemouth
379,186,11,0,True,2026-01-01T17:30:00Z,0.0,0.0,19,False,0,0,0,0,0,0,0,0,0,0,0,0,0,0.0,0.0,0.0,0.0,0,0,0,0,0,0.0,0.0,0.0,0.0,38,-647,29134,137,784,379,DEF,Rhys Williams,Liverpool
7,181,2,0,True,2025-12-30T20:15:00Z,4.0,1.0,19,False,0,0,0,0,0,0,0,0,0,0,0,0,0,0.0,0.0,0.0,0.0,0,0,0,0,0,0.0,0.0,0.0,0.0,57,-142263,1146771,6411,148674,7,DEF,Riccardo Calafiori,Arsenal
597,182,5,2,False,2026-01-01T20:00:00Z,0.0,0.0,19,False,90,0,0,1,0,0,0,0,0,0,0,0,17,16.6,22.5,32.0,7.1,7,2,1,10,1,0.29,0.34,0.63,0.83,64,2687,985939,32551,29864,597,FWD,Richarlison de Andrade,Spurs
109,182,18,6,True,2026-01-01T20:00:00Z,0.0,0.0,19,False,90,0,0,1,0,0,0,0,0,0,0,0,19,4.6,2.2,1.0,0.8,2,4,1,3,1,0.03,0.0,0.03,1.01,43,173,17473,783,610,109,DEF,Rico Henry,Brentford
410,189,17,0,False,2026-01-01T20:00:00Z,0.0,0.0,19,False,0,0,0,0,0,0,0,0,0,0,0,0,0,0.0,0.0,0.0,0.0,0,0,0,0,0,0.0,0.0,0.0,0.0,47,-2109,167176,888,2997,410,DEF,Rico Lewis,Man City
690,185,10,0,True,2026-01-01T17:30:00Z,1.0,1.0,19,False,0,0,0,0,0,0,0,0,0,0,0,0,0,0.0,0.0,0.0,0.0,0,0,0,0,0,0.0,0.0,0.0,0.0,44,-943,37440,10,953,690,MID,Rio Cardines,Crystal Palace
686,186,11,1,True,2026-01-01T17:30:00Z,0.0,0.0,19,False,6,0,0,0,0,0,0,0,0,0,0,0,6,5.4,22.6,2.0,3.0,0,0,0,0,0,0.0,0.02,0.02,0.16,43,-307,93630,7218,7525,686,MID,Rio Ngumoha,Liverpool
220,184,4,2,True,2025-12-30T19:30:00Z,2.0,2.0,19,False,90,0,0,0,2,0,0,0,0,0,4,0,14,39.4,0.0,0.0,3.9,2,11,0,0,1,0.0,0.0,0.0,3.14,49,10255,1916838,43877,33622,220,GKP,Robert Lynch Sánchez,Chelsea
670,189,13,7,True,2026-01-01T20:00:00Z,0.0,0.0,19,False,90,0,0,1,0,0,0,0,0,0,4,0,32,35.8,0.0,0.0,3.6,0,8,0,0,1,0.0,0.01,0.01,2.25,48,4956,1196664,37312,32356,670,GKP,Robin Roefs,Sunderland
264,185,10,0,True,2026-01-01T17:30:00Z,1.0,1.0,19,False,0,0,0,0,0,0,0,0,0,0,0,0,0,0.0,0.0,0.0,0.0,0,0,0,0,0,0.0,0.0,0.0,0.0,40,-13,2149,0,13,264,DEF,Rob Holding,Crystal Palace
421,189,17,1,False,2026-01-01T20:00:00Z,0.0,0.0,19,False,45,0,0,0,0,0,0,0,0,0,0,0,18,17.8,25.0,4.0,4.7,1,3,4,8,0,0.0,0.31,0.31,0.24,63,129,50481,373,244,421,MID,Rodrigo 'Rodri' Hernandez Cascante,Man City
585,182,5,5,False,2026-01-01T20:00:00Z,0.0,0.0,19,False,90,0,0,1,0,0,0,0,0,0,0,0,19,12.6,4.3,4.0,2.1,4,12,0,16,1,0.0,0.02,0.02,0.83,53,-106,29812,854,960,585,MID,Rodrigo Bentancur,Spurs
635,187,14,0,False,2025-12-30T20:15:00Z,1.0,1.0,19,False,0,0,0,0,0,0,0,0,0,0,0,0,0,0.0,0.0,0.0,0.0,0,0,0,0,0,0.0,0.0,0.0,0.0,44,-81,6861,4,85,635,DEF,Rodrigo Martins Gomes,Wolves
338,185,8,0,False,2026-01-01T17:30:00Z,1.0,1.0,19,False,0,0,0,0,0,0,0,0,0,0,0,0,0,0.0,0.0,0.0,0.0,0,0,0,0,0,0.0,0.0,0.0,0.0,53,-1185,92320,73,1258,338,FWD,Rodrigo Muniz Carvalho,Fulham
548,189,13,1,True,2026-01-01T20:00:00Z,0.0,0.0,19,False,18,0,0,0,0,0,0,0,0,0,0,0,4,2.0,1.3,0.0,0.3,0,1,1,2,0,0.0,0.0,0.0,0.27,49,-14,978,33,47,548,MID,Romaine Mundle,Sunderland
269,185,10,1,True,2026-01-01T17:30:00Z,1.0,1.0,19,False,8,0,0,0,0,0,0,0,0,0,0,0,2,0.0,0.0,2.0,0.2,0,1,0,1,0,0.0,0.0,0.0,0.68,47,-67,17023,224,291,269,MID,Romain Esse,Crystal Palace
92,184,7,0,False,2025-12-30T19:30:00Z,2.0,2.0,19,False,0,0,0,0,0,0,0,0,0,0,0,0,0,0.0,0.0,0.0,0.0,0,0,0,0,0,0.0,0.0,0.0,0.0,45,-85,7896,0,85,92,MID,Romain Faivre,Bournemouth
297,188,16,0,False,2025-12-30T19:30:00Z,0.0,2.0,19,False,0,0,0,0,0,0,0,0,0,0,0,0,0,0.0,0.0,0.0,0.0,0,0,0,0,0,0.0,0.0,0.0,0.0,38,-150,23496,296,446,297,DEF,Roman Dixon,Everton
130,182,18,0,True,2026-01-01T20:00:00Z,0.0,0.0,19,False,0,0,0,0,0,0,0,0,0,0,0,0,0,0.0,0.0,0.0,0.0,0,0,0,0,0,0.0,0.0,0.0,0.0,44,-169,12581,270,439,130,MID,Romelle Donovan,Brentford
244,184,4,0,True,2025-12-30T19:30:00Z,2.0,2.0,19,False,0,0,0,0,0,0,0,0,0,0,0,0,0,0.0,0.0,0.0,0.0,0,0,0,0,0,0.0,0.0,0.0,0.0,49,-18,2027,4,22,244,MID,Roméo Lavia,Chelsea
757,181,1,0,False,2025-12-30T20:15:00Z,4.0,1.0,19,False,0,0,0,0,0,0,0,0,0,0,0,0,0,0.0,0.0,0.0,0.0,0,0,0,0,0,0.0,0.0,0.0,0.0,40,20,1027,69,49,757,GKP,Ronnie Hollingshead,Aston Villa
55,181,1,0,False,2025-12-30T20:15:00Z,4.0,1.0,19,False,0,0,0,0,0,0,0,0,0,0,0,0,0,0.0,0.0,0.0,0.0,0,0,0,0,0,0.0,0.0,0.0,0.0,48,-100,4694,10,110,55,MID,Ross Barkley,Aston Villa
87,184,7,0,False,2025-12-30T19:30:00Z,2.0,2.0,19,False,0,0,0,0,0,0,0,0,0,0,0,0,0,0.0,0.0,0.0,0.0,0,0,0,0,0,0.0,0.0,0.0,0.0,49,82,7123,254,172,87,MID,Ryan Christie,Bournemouth
390,186,11,5,True,2026-01-01T17:30:00Z,0.0,0.0,19,False,90,0,0,1,0,0,0,0,0,0,0,0,14,11.0,7.3,2.0,2.0,3,11,0,14,1,0.03,0.05,0.08,0.68,57,127794,858027,143882,16088,390,MID,Ryan Gravenberch,Liverpool
742,189,17,0,False,2026-01-01T20:00:00Z,0.0,0.0,19,False,0,0,0,0,0,0,0,0,0,0,0,0,0,0.0,0.0,0.0,0.0,0,0,0,0,0,0.0,0.0,0.0,0.0,45,-22,1217,28,50,742,MID,Ryan McAidoo,Man City
328,185,8,0,False,2026-01-01T17:30:00Z,1.0,1.0,19,False,0,0,0,0,0,0,0,0,0,0,0,0,0,0.0,0.0,0.0,0.0,0,0,0,0,0,0.0,0.0,0.0,0.0,54,-2497,21594,15,2512,328,MID,Ryan Sessegnon,Fulham
134,182,18,0,True,2026-01-01T20:00:00Z,0.0,0.0,19,False,0,0,0,0,0,0,0,0,0,0,0,0,0,0.0,0.0,0.0,0.0,0,0,0,0,0,0.0,0.0,0.0,0.0,45,0,513,0,0,134,MID,Ryan Trevitt,Brentford
522,188,9,0,True,2025-12-30T19:30:00Z,0.0,2.0,19,False,0,0,0,0,0,0,0,0,0,0,0,0,0,0.0,0.0,0.0,0.0,0,0,0,0,0,0.0,0.0,0.0,0.0,47,-309,8238,13,322,522,MID,Ryan Yates,Nott'm Forest
408,189,17,6,False,2026-01-01T20:00:00Z,0.0,0.0,19,False,90,0,0,1,0,0,0,0,0,0,0,0,30,19.4,6.3,0.0,2.6,8,5,0,8,1,0.0,0.03,0.03,0.81,57,7704,937579,40817,33113,408,DEF,Rúben dos Santos Gato Alves Dias,Man City
766,187,14,0,False,2025-12-30T20:15:00Z,1.0,1.0,19,False,0,0,0,0,0,0,0,0,0,0,0,0,0,0.0,0.0,0.0,0.0,0,0,0,0,0,0.0,0.0,0.0,0.0,40,33,738,85,52,766,DEF,Saheed Olagunju,Wolves
323,185,8,0,False,2026-01-01T17:30:00Z,1.0,1.0,19,False,0,0,0,0,0,0,0,0,0,0,0,0,0,0.0,0.0,0.0,0.0,0,0,0,0,0,0.0,0.0,0.0,0.0,38,-234,18726,179,413,323,DEF,Samuel Amissah,Fulham
727,185,8,0,False,2026-01-01T17:30:00Z,1.0,1.0,19,False,0,0,0,0,0,0,0,0,0,0,0,0,0,0.0,0.0,0.0,0.0,0,0,0,0,0,0.0,0.0,0.0,0.0,53,-5151,14757,59,5210,727,MID,Samuel Chukwueze,Fulham
51,181,1,0,False,2025-12-30T20:15:00Z,4.0,1.0,19,False,0,0,0,0,0,0,0,0,0,0,0,0,0,0.0,0.0,0.0,0.0,0,0,0,0,0,0.0,0.0,0.0,0.0,55,-7,2503,0,7,51,MID,Samuel Iling-Junior,Aston Villa
772,183,3,0,False,2025-12-30T19:30:00Z,1.0,3.0,19,False,0,0,0,0,0,0,0,0,0,0,0,0,0,0.0,0.0,0.0,0.0,0,0,0,0,0,0.0,0.0,0.0,0.0,45,42,102,45,3,772,MID,Sam Alabi,Newcastle
346,186,12,0,False,2026-01-01T17:30:00Z,0.0,0.0,19,False,0,0,0,0,0,0,0,0,0,0,0,0,0,0.0,0.0,0.0,0.0,0,0,0,0,0,0.0,0.0,0.0,0.0,38,-601,26104,194,795,346,DEF,Sam Byram,Leeds
355,186,12,0,False,2026-01-01T17:30:00Z,0.0,0.0,19,False,0,0,0,0,0,0,0,0,0,0,0,0,0,0.0,0.0,0.0,0.0,0,0,0,0,0,0.0,0.0,0.0,0.0,49,-20,4298,0,20,355,MID,Sam Greenwood,Leeds
627,187,14,0,False,2025-12-30T20:15:00Z,1.0,1.0,19,False,0,0,0,0,0,0,0,0,0,0,0,0,0,0.0,0.0,0.0,0.0,0,0,0,0,0,0.0,0.0,0.0,0.0,44,-219,17640,181,400,627,GKP,Sam Johnstone,Wolves
703,181,1,0,False,2025-12-30T20:15:00Z,4.0,1.0,19,False,0,0,0,0,0,0,0,0,0,0,0,0,0,0.0,0.0,0.0,0.0,0,0,0,0,0,0.0,0.0,0.0,0.0,39,3712,92553,6550,2838,703,GKP,Sam Proctor,Aston Villa
330,185,8,2,False,2026-01-01T17:30:00Z,1.0,1.0,19,False,67,0,0,0,1,0,0,0,0,0,0,0,10,11.6,4.2,2.0,1.8,4,6,0,10,1,0.0,0.01,0.01,1.21,49,-106,9063,232,338,330,MID,Sander Berge,Fulham
491,183,3,2,False,2025-12-30T19:30:00Z,1.0,3.0,19,False,90,0,0,0,1,0,0,0,0,0,0,0,12,7.8,6.7,4.0,1.9,1,9,0,10,1,0.04,0.04,0.08,1.09,53,1566,133614,6073,4507,491,MID,Sandro Tonali,Newcastle
636,187,14,0,False,2025-12-30T20:15:00Z,1.0,1.0,19,False,0,0,0,0,0,0,0,0,0,0,0,0,0,0.0,0.0,0.0,0.0,0,0,0,0,0,0.0,0.0,0.0,0.0,44,-131,8347,207,338,636,DEF,Santiago Ignacio Bueno,Wolves
656,187,14,0,False,2025-12-30T20:15:00Z,1.0,1.0,19,False,0,0,0,0,0,0,0,0,0,0,0,0,0,0.0,0.0,0.0,0.0,0,0,0,0,0,0.0,0.0,0.0,0.0,49,-31,6388,0,31,656,FWD,Saša Kalajdžić,Wolves
332,185,8,6,False,2026-01-01T17:30:00Z,1.0,1.0,19,False,90,0,1,0,1,0,0,0,0,0,0,1,21,29.8,16.0,8.0,5.4,3,2,4,9,1,0.03,0.04,0.07,1.62,49,-30,8119,220,250,332,MID,Saša Lukić,Fulham
493,186,12,0,False,2026-01-01T17:30:00Z,0.0,0.0,19,False,0,0,0,0,0,0,0,0,0,0,0,0,0,0.0,0.0,0.0,0.0,0,0,0,0,0,0.0,0.0,0.0,0.0,48,-1823,32761,19,1842,493,MID,Sean Longstaff,Leeds
501,183,3,0,False,2025-12-30T19:30:00Z,1.0,3.0,19,False,0,0,0,0,0,0,0,0,0,0,0,0,0,0.0,0.0,0.0,0.0,0,0,0,0,0,0.0,0.0,0.0,0.0,43,-152,29819,426,578,501,FWD,Sean Neave,Newcastle
345,186,12,6,False,2026-01-01T17:30:00Z,0.0,0.0,19,False,82,0,0,1,0,0,0,0,0,0,0,0,20,14.2,0.2,4.0,1.8,8,1,1,9,1,0.0,0.0,0.0,1.9,38,-477,13938,191,668,345,DEF,Sebastiaan Bornauw,Leeds
733,187,20,3,True,2025-12-30T20:15:00Z,1.0,1.0,19,False,90,0,0,0,1,0,0,0,0,0,3,0,10,22.8,0.0,0.0,2.3,0,2,0,0,1,0.0,0.0,0.0,1.16,50,62720,388240,67629,4909,733,GKP,Senne Lammens,Man Utd
113,182,18,0,True,2026-01-01T20:00:00Z,0.0,0.0,19,False,0,0,0,0,0,0,0,0,0,0,0,0,0,0.0,0.0,0.0,0.0,0,0,0,0,0,0.0,0.0,0.0,0.0,45,-28728,124700,999,29727,113,DEF,Sepp van den Berg,Brentford
770,185,8,0,False,2026-01-01T17:30:00Z,1.0,1.0,19,False,0,0,0,0,0,0,0,0,0,0,0,0,0,0.0,0.0,0.0,0.0,0,0,0,0,0,0.0,0.0,0.0,0.0,45,42,231,63,21,770,MID,Seth Ridgeon,Fulham
689,183,3,0,False,2025-12-30T19:30:00Z,1.0,3.0,19,False,0,0,0,0,0,0,0,0,0,0,0,0,0,0.0,0.0,0.0,0.0,0,0,0,0,0,0.0,0.0,0.0,0.0,44,-337,27096,79,416,689,MID,Seung-Soo Park,Newcastle
755,187,20,0,True,2025-12-30T20:15:00Z,1.0,1.0,19,False,0,0,0,0,0,0,0,0,0,0,0,0,0,0.0,0.0,0.0,0.0,0,0,0,0,0,0.0,0.0,0.0,0.0,45,11,1063,163,152,755,MID,Shea Lacey,Man Utd
196,183,15,0,True,2025-12-30T19:30:00Z,1.0,3.0,19,False,0,0,0,0,0,0,0,0,0,0,0,0,0,0.0,0.0,0.0,0.0,0,0,0,0,0,0.0,0.0,0.0,0.0,40,-37,5238,0,37,196,DEF,Shurandy Sambo,Burnley
543,189,13,2,True,2026-01-01T20:00:00Z,0.0,0.0,19,False,71,0,0,1,0,0,0,0,1,0,0,0,-2,0.0,3.3,25.0,2.8,0,3,1,4,1,0.04,0.01,0.05,1.98,49,1200,53313,2102,902,543,MID,Simon Adingra,Sunderland
529,189,13,0,True,2026-01-01T20:00:00Z,0.0,0.0,19,False,0,0,0,0,0,0,0,0,0,0,0,0,0,0.0,0.0,0.0,0.0,0,0,0,0,0,0.0,0.0,0.0,0.0,39,-417,48584,358,775,529,GKP,Simon Moore,Sunderland
159,190,19,0,False,2025-12-30T19:30:00Z,2.0,2.0,19,False,0,0,0,0,0,0,0,0,0,0,0,0,0,0.0,0.0,0.0,0.0,0,0,0,0,0,0.0,0.0,0.0,0.0,58,-8,907,9,17,159,MID,Solly March,Brighton
579,182,5,0,False,2026-01-01T20:00:00Z,0.0,0.0,19,False,0,0,0,0,0,0,0,0,0,0,0,0,0,0.0,0.0,0.0,0.0,0,0,0,0,0,0.0,0.0,0.0,0.0,85,-38,15538,0,38,579,MID,Son Heung-min,Spurs
718,190,6,2,True,2025-12-30T19:30:00Z,2.0,2.0,19,False,81,0,0,0,2,0,0,0,0,0,0,0,16,11.0,15.1,0.0,2.6,1,4,3,8,1,0.0,0.02,0.02,2.87,50,1056,4305,1228,172,718,MID,Soungoutou Magassa,West Ham
180,190,19,0,False,2025-12-30T19:30:00Z,2.0,2.0,19,False,0,0,0,0,0,0,0,0,0,0,0,0,0,0.0,0.0,0.0,0.0,0,0,0,0,0,0.0,0.0,0.0,0.0,52,-225,10351,27,252,180,FWD,Stefanos Tzimas,Brighton
393,186,11,0,True,2026-01-01T17:30:00Z,0.0,0.0,19,False,0,0,0,0,0,0,0,0,0,0,0,0,0,0.0,0.0,0.0,0.0,0,0,0,0,0,0.0,0.0,0.0,0.0,43,-69,4395,32,101,393,MID,Stefan Bajčetić Maquieira,Liverpool
400,189,17,0,False,2026-01-01T20:00:00Z,0.0,0.0,19,False,0,0,0,0,0,0,0,0,0,0,0,0,0,0.0,0.0,0.0,0.0,0,0,0,0,0,0.0,0.0,0.0,0.0,47,-142,20701,40,182,400,GKP,Stefan Ortega Moreno,Nott'm Forest
740,189,17,0,False,2026-01-01T20:00:00Z,0.0,0.0,19,False,0,0,0,0,0,0,0,0,0,0,0,0,0,0.0,0.0,0.0,0.0,0,0,0,0,0,0.0,0.0,0.0,0.0,39,-79,4941,46,125,740,DEF,Stephen Mfuni,Man City
315,185,8,0,False,2026-01-01T17:30:00Z,1.0,1.0,19,False,0,0,0,0,0,0,0,0,0,0,0,0,0,0.0,0.0,0.0,0.0,0,0,0,0,0,0.0,0.0,0.0,0.0,40,-4,525,0,4,315,GKP,Steven Benda,Fulham
475,183,3,0,False,2025-12-30T19:30:00Z,1.0,3.0,19,False,0,0,0,0,0,0,0,0,0,0,0,0,0,0.0,0.0,0.0,0.0,0,0,0,0,0,0.0,0.0,0.0,0.0,49,-997,41625,10,1007,475,DEF,Sven Botman,Newcastle
428,189,17,0,False,2026-01-01T20:00:00Z,0.0,0.0,19,False,0,0,0,0,0,0,0,0,0,0,0,0,0,0.0,0.0,0.0,0.0,0,0,0,0,0,0.0,0.0,0.0,0.0,50,-4,1487,0,4,428,MID,Sverre Nypan,Man City
415,189,17,1,False,2026-01-01T20:00:00Z,0.0,0.0,19,False,50,0,0,0,0,0,0,0,0,0,0,0,1,5.8,11.2,23.0,4.0,1,4,0,5,1,0.64,0.06,0.7,0.57,69,-579,56225,607,1186,415,MID,Sávio Moreira de Oliveira,Man City
294,188,16,0,False,2025-12-30T19:30:00Z,0.0,2.0,19,False,0,0,0,0,0,0,0,0,0,0,0,0,0,0.0,0.0,0.0,0.0,0,0,0,0,0,0.0,0.0,0.0,0.0,42,-185,11769,14,199,294,DEF,Séamus Coleman,Everton
463,187,20,0,True,2025-12-30T20:15:00Z,1.0,1.0,19,False,0,0,0,0,0,0,0,0,0,0,0,0,0,0.0,0.0,0.0,0.0,0,0,0,0,0,0.0,0.0,0.0,0.0,43,-30,11577,305,335,463,MID,Sékou Koné,Man Utd
527,188,9,1,True,2025-12-30T19:30:00Z,0.0,2.0,19,False,28,0,0,0,1,0,0,0,0,0,0,0,8,5.2,14.5,27.0,4.7,1,0,0,1,0,0.27,0.36,0.63,0.97,52,209,35579,736,527,527,FWD,Taiwo Awoniyi,Nott'm Forest
577,182,5,0,False,2026-01-01T20:00:00Z,0.0,0.0,19,False,0,0,0,0,0,0,0,0,0,0,0,0,0,0.0,0.0,0.0,0.0,0,0,0,0,0,0.0,0.0,0.0,0.0,40,31,6245,105,74,577,DEF,Takai Kōta,Spurs
358,186,12,1,False,2026-01-01T17:30:00Z,0.0,0.0,19,False,1,0,0,0,0,0,0,0,0,0,0,0,3,0.0,0.0,0.0,0.0,0,1,0,1,0,0.0,0.0,0.0,0.06,48,-2112,39376,1987,4099,358,MID,Tanaka Ao,Leeds
150,190,19,0,False,2025-12-30T19:30:00Z,2.0,2.0,19,False,0,0,0,0,0,0,0,0,0,0,0,0,0,0.0,0.0,0.0,0.0,0,0,0,0,0,0.0,0.0,0.0,0.0,44,-110,11077,0,110,150,DEF,Tariq Lamptey,Brighton
650,187,14,0,False,2025-12-30T20:15:00Z,1.0,1.0,19,False,0,0,0,0,0,0,0,0,0,0,0,0,0,0.0,0.0,0.0,0.0,0,0,0,0,0,0.0,0.0,0.0,0.0,43,-937,29621,113,1050,650,MID,Tawanda Chirewa,Wolves
777,187,14,0,False,2025-12-30T20:15:00Z,1.0,1.0,19,False,0,0,0,0,0,0,0,0,0,0,0,0,0,0.0,0.0,0.0,0.0,0,0,0,0,0,0.0,0.0,0.0,0.0,45,0,0,0,0,777,MID,Temple Ojinnaka,Wolves
310,188,16,6,False,2025-12-30T19:30:00Z,0.0,2.0,19,False,84,1,0,1,0,0,0,0,0,0,0,0,26,33.0,12.1,19.0,6.4,1,1,0,2,1,0.52,0.02,0.54,1.31,57,-3409,51953,1866,5275,310,FWD,Thierno Barry,Everton
427,189,17,1,False,2026-01-01T20:00:00Z,0.0,0.0,19,False,5,0,0,0,0,0,0,0,0,0,0,0,3,3.4,0.3,17.0,2.1,0,0,0,0,0,0.07,0.0,0.07,0.01,52,35742,1546616,59526,23784,427,MID,Tijjani Reijnders,Man City
319,185,8,0,False,2026-01-01T17:30:00Z,1.0,1.0,19,False,39,0,0,0,0,0,0,0,1,0,0,0,0,9.8,1.8,36.0,4.8,1,1,1,2,0,0.52,0.02,0.54,0.66,43,-694,14119,275,969,319,DEF,Timothy Castagne,Fulham
540,189,13,0,True,2026-01-01T20:00:00Z,0.0,0.0,19,False,0,0,0,0,0,0,0,0,0,0,0,0,0,0.0,0.0,0.0,0.0,0,0,0,0,0,0.0,0.0,0.0,0.0,39,-718,45115,241,959,540,DEF,Timothée Pembélé,Sunderland
304,188,16,5,False,2025-12-30T19:30:00Z,0.0,2.0,19,False,90,0,0,1,0,0,0,0,0,0,0,0,6,13.8,1.3,2.0,1.7,3,4,5,12,1,0.0,0.02,0.02,1.55,48,192,5128,441,249,304,MID,Tim Iroegbunam,Everton
477,183,3,0,False,2025-12-30T19:30:00Z,1.0,3.0,19,False,0,0,0,0,0,0,0,0,0,0,0,0,0,0.0,0.0,0.0,0.0,0,0,0,0,0,0.0,0.0,0.0,0.0,49,-30283,292866,93,30376,477,DEF,Tino Livramento,Newcastle
460,187,20,0,True,2025-12-30T20:15:00Z,1.0,1.0,19,False,0,0,0,0,0,0,0,0,0,0,0,0,0,0.0,0.0,0.0,0.0,0,0,0,0,0,0.0,0.0,0.0,0.0,45,-29,3402,0,29,460,MID,Toby Collyer,Man Utd
720,187,14,2,False,2025-12-30T20:15:00Z,1.0,1.0,19,False,63,0,0,0,1,0,0,0,0,0,0,0,6,0.4,23.3,16.0,4.0,0,3,0,3,1,0.14,0.08,0.22,0.55,54,774,8300,1214,440,720,FWD,Tolu Arokodare,Wolves
4,181,2,0,True,2025-12-30T20:15:00Z,4.0,1.0,19,False,0,0,0,0,0,0,0,0,0,0,0,0,0,0.0,0.0,0.0,0.0,0,0,0,0,0,0.0,0.0,0.0,0.0,39,891,50506,1828,937,4,GKP,Tommy Setford,Arsenal
331,185,8,6,False,2026-01-01T17:30:00Z,1.0,1.0,19,False,22,1,0,0,0,0,0,0,1,0,0,1,21,36.2,3.3,12.0,5.2,1,2,0,3,0,0.19,0.02,0.21,0.41,48,-12,3764,59,71,331,MID,Tom Cairney,Fulham
651,187,14,0,False,2025-12-30T20:15:00Z,1.0,1.0,19,False,0,0,0,0,0,0,0,0,0,0,0,0,0,0.0,0.0,0.0,0.0,0,0,0,0,0,0.0,0.0,0.0,0.0,43,-230,49526,1381,1611,651,MID,Tom Edozie,Wolves
434,187,20,0,True,2025-12-30T20:15:00Z,1.0,1.0,19,False,0,0,0,0,0,0,0,0,0,0,0,0,0,0.0,0.0,0.0,0.0,0,0,0,0,0,0.0,0.0,0.0,0.0,39,-454,34625,283,737,434,GKP,Tom Heaton,Man Utd
630,188,16,0,False,2025-12-30T19:30:00Z,0.0,2.0,19,False,0,0,0,0,0,0,0,0,0,0,0,0,0,0.0,0.0,0.0,0.0,0,0,0,0,0,0.0,0.0,0.0,0.0,39,-1323,173266,1480,2803,630,GKP,Tom King,Everton
140,190,19,0,False,2025-12-30T19:30:00Z,2.0,2.0,19,False,0,0,0,0,0,0,0,0,0,0,0,0,0,0.0,0.0,0.0,0.0,0,0,0,0,0,0.0,0.0,0.0,0.0,39,-487,41900,387,874,140,GKP,Tom McGill,Brighton
172,190,19,0,False,2025-12-30T19:30:00Z,2.0,2.0,19,False,0,0,0,0,0,0,0,0,0,0,0,0,0,0.0,0.0,0.0,0.0,0,0,0,0,0,0.0,0.0,0.0,0.0,48,-13,4119,75,88,172,MID,Tom Watson,Brighton
613,190,6,1,True,2025-12-30T19:30:00Z,2.0,2.0,19,False,8,0,0,0,0,0,0,0,0,0,0,0,3,0.2,0.3,0.0,0.1,0,0,0,0,0,0.0,0.0,0.0,0.07,57,-447,30304,460,907,613,MID,Tomáš Souček,West Ham
232,184,4,0,True,2025-12-30T19:30:00Z,2.0,2.0,19,False,0,0,0,0,0,0,0,0,0,0,0,0,0,0.0,0.0,0.0,0.0,0,0,0,0,0,0.0,0.0,0.0,0.0,41,-1351,38134,751,2102,232,DEF,Tosin Adarabioyo,Chelsea
637,187,14,0,False,2025-12-30T20:15:00Z,1.0,1.0,19,False,0,0,0,0,0,0,0,0,0,0,0,0,0,0.0,0.0,0.0,0.0,0,0,0,0,0,0.0,0.0,0.0,0.0,42,-704,11501,12,716,637,DEF,Toti Gomes,Wolves
532,189,13,6,True,2026-01-01T20:00:00Z,0.0,0.0,19,False,90,0,0,1,0,0,0,0,0,0,0,0,14,5.6,1.8,12.0,1.9,4,5,2,6,1,0.13,0.01,0.14,2.25,45,-1524,41326,671,2195,532,DEF,Trai Hume,Sunderland
710,181,1,0,False,2025-12-30T20:15:00Z,4.0,1.0,19,False,0,0,0,0,0,0,0,0,0,0,0,0,0,0.0,0.0,0.0,0.0,0,0,0,0,0,0.0,0.0,0.0,0.0,39,-555,26716,111,666,710,DEF,Travis Patterson,Aston Villa
226,184,4,1,True,2025-12-30T19:30:00Z,2.0,2.0,19,False,90,0,0,0,2,0,0,0,0,0,0,0,8,18.4,2.8,9.0,3.0,8,3,0,8,1,0.22,0.02,0.24,3.14,56,33463,2454224,121752,88289,226,DEF,Trevoh Chalobah,Chelsea
396,186,11,0,True,2026-01-01T17:30:00Z,0.0,0.0,19,False,0,0,0,0,0,0,0,0,0,0,0,0,0,0.0,0.0,0.0,0.0,0,0,0,0,0,0.0,0.0,0.0,0.0,43,-1590,47554,373,1963,396,MID,Trey Nyoni,Liverpool
701,181,1,0,False,2025-12-30T20:15:00Z,4.0,1.0,19,False,0,0,0,0,0,0,0,0,0,0,0,0,0,0.0,0.0,0.0,0.0,0,0,0,0,0,0.0,0.0,0.0,0.0,40,-72,9497,0,72,701,DEF,Triston Rowe,Aston Villa
85,184,7,0,False,2025-12-30T19:30:00Z,2.0,2.0,19,False,0,0,0,0,0,0,0,0,0,0,0,0,0,0.0,0.0,0.0,0.0,0,0,0,0,0,0.0,0.0,0.0,0.0,50,-2535,38685,36,2571,85,MID,Tyler Adams,Bournemouth
707,188,16,5,False,2025-12-30T19:30:00Z,0.0,2.0,19,False,90,0,0,1,0,0,0,0,0,0,0,0,11,13.2,3.4,4.0,2.1,5,9,0,14,1,0.0,0.01,0.01,1.55,53,305,3882,440,135,707,MID,Tyler Dibling,Everton
771,187,20,0,True,2025-12-30T20:15:00Z,1.0,1.0,19,False,0,0,0,0,0,0,0,0,0,0,0,0,0,0.0,0.0,0.0,0.0,0,0,0,0,0,0.0,0.0,0.0,0.0,45,285,443,321,36,771,MID,Tyler Fletcher,Man Utd
446,187,20,0,True,2025-12-30T20:15:00Z,1.0,1.0,19,False,0,0,0,0,0,0,0,0,0,0,0,0,0,0.0,0.0,0.0,0.0,0,0,0,0,0,0.0,0.0,0.0,0.0,38,-235,17550,162,397,446,DEF,Tyler Fredricson,Man Utd
395,186,11,0,True,2026-01-01T17:30:00Z,0.0,0.0,19,False,0,0,0,0,0,0,0,0,0,0,0,0,0,0.0,0.0,0.0,0.0,0,0,0,0,0,0.0,0.0,0.0,0.0,45,-1,278,0,1,395,MID,Tyler Morton,Liverpool
704,188,16,0,False,2025-12-30T19:30:00Z,0.0,2.0,19,False,0,0,0,0,0,0,0,0,0,0,0,0,0,0.0,0.0,0.0,0.0,0,0,0,0,0,0.0,0.0,0.0,0.0,45,-56,6693,0,56,704,MID,Tyler Onyango,Everton
775,189,13,0,True,2026-01-01T20:00:00Z,0.0,0.0,19,False,0,0,0,0,0,0,0,0,0,0,0,0,0,0.0,0.0,0.0,0.0,0,0,0,0,0,0.0,0.0,0.0,0.0,45,30,100,36,6,775,MID,Tymur Tutierov,Sunderland
448,187,20,0,True,2025-12-30T20:15:00Z,1.0,1.0,19,False,0,0,0,0,0,0,0,0,0,0,0,0,0,0.0,0.0,0.0,0.0,0,0,0,0,0,0.0,0.0,0.0,0.0,38,-1154,53672,912,2066,448,DEF,Tyrell Malacia,Man Utd
258,185,10,4,True,2026-01-01T17:30:00Z,1.0,1.0,19,False,90,0,0,0,1,0,0,0,0,0,0,0,15,26.2,21.9,4.0,5.2,8,5,4,12,1,0.0,0.14,0.14,1.91,50,-4550,301079,8619,13169,258,DEF,Tyrick Mitchell,Crystal Palace
243,184,4,0,True,2025-12-30T19:30:00Z,2.0,2.0,19,False,0,0,0,0,0,0,0,0,0,0,0,0,0,0.0,0.0,0.0,0.0,0,0,0,0,0,0.0,0.0,0.0,0.0,48,-53,7292,88,141,243,MID,Tyrique George,Everton
40,181,1,0,False,2025-12-30T20:15:00Z,4.0,1.0,19,False,0,0,0,0,0,0,0,0,0,0,0,0,0,0.0,0.0,0.0,0.0,0,0,0,0,0,0.0,0.0,0.0,0.0,43,-1185,71029,40,1225,40,DEF,Tyrone Mings,Aston Villa
721,184,7,0,False,2025-12-30T19:30:00Z,2.0,2.0,19,False,0,0,0,0,0,0,0,0,0,0,0,0,0,0.0,0.0,0.0,0.0,0,0,0,0,0,0.0,0.0,0.0,0.0,44,-78,3068,12,90,721,DEF,Veljko Milosavljevic,Bournemouth
719,181,1,0,False,2025-12-30T20:15:00Z,4.0,1.0,19,False,90,0,0,0,4,0,0,0,0,0,0,0,-2,17.4,0.9,0.0,1.8,4,0,0,4,1,0.0,0.01,0.01,3.04,45,1042,9375,1439,397,719,DEF,Victor Lindelöf,Aston Villa
666,181,2,2,True,2025-12-30T20:15:00Z,4.0,1.0,19,False,76,0,0,1,0,0,0,0,0,0,0,0,-3,0.0,0.6,15.0,1.4,3,1,0,4,1,0.24,0.01,0.25,0.67,88,-34289,1249422,5964,40253,666,FWD,Viktor Gyökeres,Arsenal
373,186,11,6,True,2026-01-01T17:30:00Z,0.0,0.0,19,False,90,0,0,1,0,0,0,0,0,0,0,0,23,20.6,3.6,12.0,3.6,4,1,2,6,1,0.14,0.04,0.18,0.68,59,2180,3139643,69126,66946,373,DEF,Virgil van Dijk,Liverpool
292,188,16,8,False,2025-12-30T19:30:00Z,0.0,2.0,19,False,90,0,0,1,0,0,0,0,0,0,0,0,26,20.6,1.3,2.0,2.4,9,6,1,10,1,0.0,0.0,0.0,1.55,49,3555,71420,6915,3360,292,DEF,Vitalii Mykolenko,Everton
125,182,18,5,True,2026-01-01T20:00:00Z,0.0,0.0,19,False,90,0,0,1,0,0,0,0,0,0,0,0,22,25.2,17.3,17.0,6.0,4,6,4,14,1,0.18,0.08,0.26,1.01,49,478,5701,1067,589,125,MID,Vitaly Janelt,Brentford
412,189,17,0,False,2026-01-01T20:00:00Z,0.0,0.0,19,False,0,0,0,0,0,0,0,0,0,0,0,0,0,0.0,0.0,0.0,0.0,0,0,0,0,0,0.0,0.0,0.0,0.0,50,-1,594,0,1,412,DEF,Vitor de Oliveira Nunes dos Reis,Man City
185,183,15,0,True,2025-12-30T19:30:00Z,1.0,3.0,19,False,0,0,0,0,0,0,0,0,0,0,0,0,0,0.0,0.0,0.0,0.0,0,0,0,0,0,0.0,0.0,0.0,0.0,39,-506,23085,343,849,185,GKP,Václav Hladký,Burnley
254,185,10,0,True,2026-01-01T17:30:00Z,1.0,1.0,19,False,0,0,0,0,0,0,0,0,0,0,0,0,0,0.0,0.0,0.0,0.0,0,0,0,0,0,0.0,0.0,0.0,0.0,40,-134,37541,429,563,254,GKP,Walter Benítez,Crystal Palace
760,186,11,0,True,2026-01-01T17:30:00Z,0.0,0.0,19,False,0,0,0,0,0,0,0,0,0,0,0,0,0,0.0,0.0,0.0,0.0,0,0,0,0,0,0.0,0.0,0.0,0.0,40,0,824,78,78,760,DEF,Wellity Lucky,Liverpool
230,184,4,3,True,2025-12-30T19:30:00Z,2.0,2.0,19,False,90,0,0,0,2,0,0,0,0,0,0,0,16,57.4,3.9,4.0,6.5,18,9,4,22,1,0.0,0.03,0.03,3.14,44,-2325,63666,3871,6196,230,DEF,Wesley Fofana,Chelsea
601,190,6,0,True,2025-12-30T19:30:00Z,2.0,2.0,19,False,0,0,0,0,0,0,0,0,0,0,0,0,0,0.0,0.0,0.0,0.0,0,0,0,0,0,0.0,0.0,0.0,0.0,40,-543,31834,0,543,601,GKP,Wes Foderingham,West Ham
351,186,12,0,False,2026-01-01T17:30:00Z,0.0,0.0,19,False,0,0,0,0,0,0,0,0,0,0,0,0,0,0.0,0.0,0.0,0.0,0,0,0,0,0,0.0,0.0,0.0,0.0,52,-159,10991,159,318,351,MID,Wilfried Gnonto,Leeds
500,183,3,0,False,2025-12-30T19:30:00Z,1.0,3.0,19,False,0,0,0,0,0,0,0,0,0,0,0,0,0,0.0,0.0,0.0,0.0,0,0,0,0,0,0.0,0.0,0.0,0.0,54,-315,25383,22,337,500,FWD,William Osula,Newcastle
6,181,2,2,True,2025-12-30T20:15:00Z,4.0,1.0,19,False,90,0,0,0,1,0,0,0,0,0,0,0,10,9.4,1.0,0.0,1.0,2,1,2,4,1,0.0,0.01,0.01,2.67,59,39065,1494263,64430,25365,6,DEF,William Saliba,Arsenal
514,188,9,0,True,2025-12-30T19:30:00Z,0.0,2.0,19,False,0,0,0,0,0,0,0,0,0,0,0,0,0,0.0,0.0,0.0,0.0,0,0,0,0,0,0.0,0.0,0.0,0.0,38,-1681,47769,467,2148,514,DEF,Willy Boly,Nott'm Forest
68,184,7,0,False,2025-12-30T19:30:00Z,2.0,2.0,19,False,0,0,0,0,0,0,0,0,0,0,0,0,0,0.0,0.0,0.0,0.0,0,0,0,0,0,0.0,0.0,0.0,0.0,40,-1521,114225,362,1883,68,GKP,Will Dennis,Bournemouth
270,185,10,1,True,2026-01-01T17:30:00Z,1.0,1.0,19,False,56,0,0,0,0,0,0,0,0,0,0,0,7,4.0,11.8,8.0,2.4,3,2,0,5,1,0.07,0.07,0.14,0.74,47,217,13270,739,522,270,MID,Will Hughes,Crystal Palace
598,182,5,0,False,2026-01-01T20:00:00Z,0.0,0.0,19,False,0,0,0,0,0,0,0,0,0,0,0,0,0,0.0,0.0,0.0,0.0,0,0,0,0,0,0.0,0.0,0.0,0.0,45,-12,2864,0,12,598,FWD,Will Lankshear,Spurs
560,189,13,1,True,2026-01-01T20:00:00Z,0.0,0.0,19,False,32,0,0,0,0,0,0,0,0,0,0,0,3,4.2,0.5,24.0,2.9,1,2,0,3,0,0.09,0.01,0.1,1.24,54,-26757,265309,4893,31650,560,FWD,Wilson Isidor,Sunderland
588,182,5,3,False,2026-01-01T20:00:00Z,0.0,0.0,19,False,66,0,0,1,0,0,0,0,0,0,0,0,11,7.6,11.8,4.0,2.3,1,2,2,5,1,0.1,0.01,0.11,0.63,53,168,4907,293,125,588,MID,Wilson Odobert,Spurs
717,182,5,0,False,2026-01-01T20:00:00Z,0.0,0.0,19,False,0,0,0,0,0,0,0,0,0,0,0,0,0,0.0,0.0,0.0,0.0,0,0,0,0,0,0.0,0.0,0.0,0.0,65,-12478,123019,92,12570,717,MID,Xavi Simons,Spurs
594,182,5,0,False,2026-01-01T20:00:00Z,0.0,0.0,19,False,0,0,0,0,0,0,0,0,0,0,0,0,0,0.0,0.0,0.0,0.0,0,0,0,0,0,0.0,0.0,0.0,0.0,45,-9,1456,0,9,594,MID,Yang Min-hyeok,Spurs
160,190,19,4,False,2025-12-30T19:30:00Z,2.0,2.0,19,False,57,0,1,0,2,0,0,0,0,0,0,0,11,5.6,3.8,23.0,3.2,3,3,0,6,1,0.05,0.01,0.06,1.66,60,-2214,790429,68023,70237,160,MID,Yankuba Minteh,Brighton
166,190,19,4,False,2025-12-30T19:30:00Z,2.0,2.0,19,False,90,0,0,0,2,0,0,0,0,0,0,0,9,4.4,8.3,8.0,2.1,4,7,3,14,1,0.18,0.02,0.2,2.06,48,2155,28121,3147,992,166,MID,Yasin Ayari,Brighton
46,181,1,0,False,2025-12-30T20:15:00Z,4.0,1.0,19,False,0,0,0,0,0,0,0,0,0,0,0,0,0,0.0,0.0,0.0,0.0,0,0,0,0,0,0.0,0.0,0.0,0.0,40,-142,14895,0,142,46,DEF,Yasin Özcan,Aston Villa
129,182,18,5,True,2026-01-01T20:00:00Z,0.0,0.0,19,False,79,0,0,1,0,0,0,0,0,0,0,0,19,13.6,21.3,3.0,3.8,2,8,4,14,1,0.06,0.09,0.15,0.82,50,297,9797,714,417,129,MID,Yehor Yarmoliuk,Brentford
634,187,14,4,False,2025-12-30T20:15:00Z,1.0,1.0,19,False,90,0,0,0,1,0,0,0,0,0,0,0,14,31.6,15.6,14.0,6.1,7,3,7,14,1,0.54,0.05,0.59,0.84,43,-26,6118,80,106,634,DEF,Yerson Mosquera Valdelamar,Wolves
135,183,3,6,False,2025-12-30T19:30:00Z,1.0,3.0,19,False,79,1,0,0,1,0,0,0,0,0,0,0,29,36.2,2.0,51.0,8.9,1,1,1,3,1,1.08,0.01,1.09,0.95,73,145,72687,3393,3248,135,FWD,Yoane Wissa,Newcastle
48,181,1,2,False,2025-12-30T20:15:00Z,4.0,1.0,19,False,81,0,0,0,4,0,0,0,0,0,0,0,15,9.2,12.1,4.0,2.5,1,3,4,8,1,0.0,0.01,0.01,2.43,59,6646,102936,10185,3539,48,MID,Youri Tielemans,Aston Villa
312,188,16,0,False,2025-12-30T19:30:00Z,0.0,2.0,19,False,0,0,0,0,0,0,0,0,0,0,0,0,0,0.0,0.0,0.0,0.0,0,0,0,0,0,0.0,0.0,0.0,0.0,49,-35,8483,0,35,312,FWD,Youssef Ramalho Chermiti,Everton
131,182,18,0,True,2026-01-01T20:00:00Z,0.0,0.0,19,False,0,0,0,0,0,0,0,0,0,0,0,0,0,0.0,0.0,0.0,0.0,0,0,0,0,0,0.0,0.0,0.0,0.0,43,-826,28707,911,1737,131,MID,Yunus Emre Konak,Brentford
751,182,5,0,False,2026-01-01T20:00:00Z,0.0,0.0,19,False,0,0,0,0,0,0,0,0,0,0,0,0,0,0.0,0.0,0.0,0.0,0,0,0,0,0,0.0,0.0,0.0,0.0,45,-6,679,38,44,751,MID,Yusuf Akhamrich,Spurs
587,182,5,0,False,2026-01-01T20:00:00Z,0.0,0.0,19,False,0,0,0,0,0,0,0,0,0,0,0,0,0,0.0,0.0,0.0,0.0,0,0,0,0,0,0.0,0.0,0.0,0.0,52,-28,4882,7,35,587,MID,Yves Bissouma,Spurs
712,185,10,2,True,2026-01-01T17:30:00Z,1.0,1.0,19,False,81,0,0,0,1,0,0,0,0,0,0,0,0,0.0,14.5,22.0,3.6,0,0,1,1,1,0.12,0.05,0.17,1.23,58,-2115,41382,2929,5044,712,MID,Yéremy Pino Santos,Crystal Palace
513,188,9,0,True,2025-12-30T19:30:00Z,0.0,2.0,19,False,0,0,0,0,0,0,0,0,0,0,0,0,0,0.0,0.0,0.0,0.0,0,0,0,0,0,0.0,0.0,0.0,0.0,38,-82,40803,1856,1938,513,DEF,Zach Abbott,Nott'm Forest
286,185,10,0,True,2026-01-01T17:30:00Z,1.0,1.0,19,False,0,0,0,0,0,0,0,0,0,0,0,0,0,0.0,0.0,0.0,0.0,0,0,0,0,0,0.0,0.0,0.0,0.0,45,-448,39808,763,1211,286,FWD,Zach Marsh,Crystal Palace
95,184,7,0,False,2025-12-30T19:30:00Z,2.0,2.0,19,False,0,0,0,0,0,0,0,0,0,0,0,0,0,0.0,0.0,0.0,0.0,0,0,0,0,0,0.0,0.0,0.0,0.0,44,-135,7461,0,135,95,MID,Zain Silcott-Duberry,Bournemouth
538,189,13,0,True,2026-01-01T20:00:00Z,0.0,0.0,19,False,0,0,0,0,0,0,0,0,0,0,0,0,0,0.0,0.0,0.0,0.0,0,0,0,0,0,0.0,0.0,0.0,0.0,39,-523,29133,116,639,538,DEF,Zak Johnson,Sunderland
216,183,15,0,True,2025-12-30T19:30:00Z,1.0,3.0,19,False,0,0,0,0,0,0,0,0,0,0,0,0,0,0.0,0.0,0.0,0.0,0,0,0,0,0,0.0,0.0,0.0,0.0,48,-44,2789,36,80,216,FWD,Zeki Amdouni,Burnley
215,183,15,0,True,2025-12-30T19:30:00Z,1.0,3.0,19,False,0,0,0,0,0,0,0,0,0,0,0,0,0,0.0,0.0,0.0,0.0,0,0,0,0,0,0.0,0.0,0.0,0.0,53,-9026,71269,3038,12064,215,FWD,Zian Flemming,Burnley
65,181,1,0,False,2025-12-30T20:15:00Z,4.0,1.0,19,False,0,0,0,0,0,0,0,0,0,0,0,0,0,0.0,0.0,0.0,0.0,0,0,0,0,0,0.0,0.0,0.0,0.0,45,-361,39197,0,361,65,FWD,Zépiqueno Redmond,Aston Villa
713,184,7,3,False,2025-12-30T19:30:00Z,2.0,2.0,19,False,90,0,0,0,2,0,0,0,0,0,0,0,11,26.2,0.4,4.0,3.1,7,7,6,13,1,0.12,0.01,0.13,2.31,45,-932,9354,582,1514,713,DEF,Álex Jiménez Sánchez,Bournemouth
43,181,1,0,False,2025-12-30T20:15:00Z,4.0,1.0,19,False,0,0,0,0,0,0,0,0,0,0,0,0,0,0.0,0.0,0.0,0.0,0,0,0,0,0,0.0,0.0,0.0,0.0,40,-4571,223125,0,4571,43,DEF,Álex Moreno Lopera,Aston Villa
368,186,11,0,True,2026-01-01T17:30:00Z,0.0,0.0,19,False,0,0,0,0,0,0,0,0,0,0,0,0,0,0.0,0.0,0.0,0.0,0,0,0,0,0,0.0,0.0,0.0,0.0,39,-1052,40287,71,1123,368,GKP,Ármin Pécsi,Liverpool
67,184,7,1,False,2025-12-30T19:30:00Z,2.0,2.0,19,False,90,0,0,0,2,0,0,0,0,0,2,0,4,10.2,0.0,0.0,1.0,5,8,0,0,1,0.0,0.0,0.0,2.31,45,-39141,622811,1911,41052,67,GKP,Đorđe Petrović,Bournemouth
420,189,17,0,False,2026-01-01T20:00:00Z,0.0,0.0,19,False,0,0,0,0,0,0,0,0,0,0,0,0,0,0.0,0.0,0.0,0.0,0,0,0,0,0,0.0,0.0,0.0,0.0,63,-23,8022,0,23,420,MID,İlkay Gündoğan,Man City
