element,fixture,opponent_team,total_points,was_home,kickoff_time,team_h_score,team_a_score,round,modified,minutes,goals_scored,assists,clean_sheets,goals_conceded,own_goals,penalties_saved,penalties_missed,yellow_cards,red_cards,saves,bonus,bps,influence,creativity,threat,ict_index,clearances_blocks_interceptions,recoveries,tackles,defensive_contribution,starts,expected_goals,expected_assists,expected_goal_involvements,expected_goals_conceded,value,transfers_balance,selected,transfers_in,transfers_out,id,position,name,team
116,252,1,1,True,2026-02-12T20:00:00Z,1.0,1.0,26,False,1,0,0,0,0,0,0,0,0,0,0,0,3,0.0,0.1,0.0,0.0,0,0,0,0,0,0.0,0.0,0.0,0.0,40,-1049,57815,908,1957,116,DEF,Aaron Hickey,Brentford
674,259,18,0,False,2026-02-10T19:30:00Z,1.0,2.0,26,False,0,0,0,0,0,0,0,0,0,0,0,0,0,0.0,0.0,0.0,0.0,0,0,0,0,0,0.0,0.0,0.0,0.0,48,-1860,86079,536,2396,674,GKP,Aaron Ramsdale,Newcastle
211,254,8,0,False,2026-02-11T19:40:00Z,2.0,3.0,26,False,0,0,0,0,0,0,0,0,0,0,0,0,0,0.0,0.0,0.0,0.0,0,0,0,0,0,0.0,0.0,0.0,0.0,44,-1092,187651,0,1092,211,MID,Aaron Ramsey,Burnley
610,260,14,2,True,2026-02-10T20:15:00Z,1.0,1.0,26,False,90,0,0,0,1,0,0,0,0,0,0,0,14,16.0,5.7,0.0,2.2,7,4,0,7,1,0.0,0.01,0.01,0.57,41,15049,570729,25126,10077,610,DEF,Aaron Wan-Bissaka,West Ham
234,253,11,0,True,2026-02-10T19:30:00Z,2.0,2.0,26,False,0,0,0,0,0,0,0,0,0,0,0,0,0,0.0,0.0,0.0,0.0,0,0,0,0,0,0.0,0.0,0.0,0.0,40,-76,7044,0,76,234,DEF,Aarón Anselmino,Chelsea
165,251,2,0,False,2026-02-11T19:30:00Z,1.0,0.0,26,False,0,0,0,0,0,0,0,0,0,0,0,0,0,0.0,0.0,0.0,0.0,0,0,0,0,0,0.0,0.0,0.0,0.0,54,-4,1441,0,4,165,MID,Abdallah Sima,Brighton
554,258,12,0,True,2026-02-11T20:15:00Z,0.0,1.0,26,False,0,0,0,0,0,0,0,0,0,0,0,0,0,0.0,0.0,0.0,0.0,0,0,0,0,0,0.0,0.0,0.0,0.0,43,-275,44845,996,1271,554,MID,Abdoullah Ba,Sunderland
406,256,10,1,True,2026-02-11T19:30:00Z,3.0,0.0,26,False,30,0,0,0,0,0,0,0,0,0,0,0,6,6.6,0.8,0.0,0.7,2,1,2,4,0,0.0,0.0,0.0,0.61,54,-1532,45481,1821,3353,406,DEF,Abdukodir Khusanov,Man City
326,260,14,1,True,2026-02-10T20:15:00Z,1.0,1.0,26,False,1,0,0,0,1,0,0,0,0,0,0,0,3,1.2,0.3,5.0,0.7,0,0,0,0,0,0.15,0.0,0.15,0.18,51,310,20121,1012,702,326,MID,Adama Traoré Diarra,West Ham
817,257,16,2,False,2026-02-11T19:30:00Z,0.0,0.0,26,False,90,0,0,1,0,0,0,0,0,0,0,0,7,13.0,21.6,2.0,3.7,3,2,0,5,1,0.0,0.02,0.02,2.55,55,11791,17522,12449,658,817,FWD,Adam Armstrong,Wolves
817,310,1,2,True,2026-02-18T20:00:00Z,2.0,2.0,26,False,90,0,0,0,2,0,0,0,0,0,0,0,5,0.6,0.6,1.0,0.2,1,0,0,1,1,0.03,0.0,0.03,1.86,55,11791,17522,12449,658,817,FWD,Adam Armstrong,Wolves
667,255,4,0,True,2026-02-10T19:30:00Z,1.0,2.0,26,False,0,0,0,0,0,0,0,0,0,0,0,0,0,0.0,0.0,0.0,0.0,0,0,0,0,0,0.0,0.0,0.0,0.0,42,35,7144,107,72,667,DEF,Adam Aznou,Everton
73,255,9,1,False,2026-02-10T19:30:00Z,1.0,2.0,26,False,1,0,0,0,0,0,0,0,0,0,0,0,4,0.0,0.0,0.0,0.0,0,0,0,0,0,0.0,0.0,0.0,0.0,44,81,23721,509,428,73,DEF,Adam Smith,Bournemouth
153,251,2,0,False,2026-02-11T19:30:00Z,1.0,0.0,26,False,0,0,0,0,0,0,0,0,0,0,0,0,0,0.0,0.0,0.0,0.0,0,0,0,0,0,0.0,0.0,0.0,0.0,44,-4,852,12,16,153,DEF,Adam Webster,Brighton
273,254,3,7,True,2026-02-11T19:40:00Z,2.0,3.0,26,False,82,0,1,0,3,0,0,0,0,0,0,0,22,29.8,29.8,6.0,6.6,5,7,2,14,1,0.06,0.31,0.37,0.4,50,495,78061,4235,3740,273,MID,Adam Wharton,Crystal Palace
176,251,2,0,False,2026-02-11T19:30:00Z,1.0,0.0,26,False,0,0,0,0,0,0,0,0,0,0,0,0,0,0.0,0.0,0.0,0.0,0,0,0,0,0,0.0,0.0,0.0,0.0,45,-16,2391,0,16,176,MID,Adrian Mazilu,Brighton
74,255,9,7,False,2026-02-10T19:30:00Z,1.0,2.0,26,False,90,0,1,0,1,0,0,0,0,0,0,0,18,32.6,15.8,1.0,4.9,7,5,4,11,1,0.02,0.49,0.51,2.94,45,-2849,219439,6531,9380,74,DEF,Adrien Truffert,Bournemouth
562,258,12,0,True,2026-02-11T20:15:00Z,0.0,1.0,26,False,0,0,0,0,0,0,0,0,0,0,0,0,0,0.0,0.0,0.0,0.0,0,0,0,0,0,0.0,0.0,0.0,0.0,42,5155,61227,7292,2137,562,FWD,Ahmed Abdullahi,Sunderland
752,260,14,0,True,2026-02-10T20:15:00Z,1.0,1.0,26,False,0,0,0,0,0,0,0,0,0,0,0,0,0,0.0,0.0,0.0,0.0,0,0,0,0,0,0.0,0.0,0.0,0.0,40,65,3313,165,100,752,DEF,Airidas Golambeckis,West Ham
533,258,12,0,True,2026-02-11T20:15:00Z,0.0,1.0,26,False,0,0,0,0,0,0,0,0,0,0,0,0,0,0.0,0.0,0.0,0.0,0,0,0,0,0,0.0,0.0,0.0,0.0,40,-10,469,0,10,533,DEF,Aji Alese,Sunderland
555,258,12,0,True,2026-02-11T20:15:00Z,0.0,1.0,26,False,0,0,0,0,0,0,0,0,0,0,0,0,0,0.0,0.0,0.0,0.0,0,0,0,0,0,0.0,0.0,0.0,0.0,45,-13,3872,0,13,555,MID,Alan Browne,Sunderland
29,252,5,0,False,2026-02-12T20:00:00Z,1.0,1.0,26,False,0,0,0,0,0,0,0,0,0,0,0,0,0,0.0,0.0,0.0,0.0,0,0,0,0,0,0.0,0.0,0.0,0.0,45,-28,6416,0,28,29,MID,Albert Sambi Lokonga,Arsenal
29,310,20,0,False,2026-02-18T20:00:00Z,2.0,2.0,26,False,0,0,0,0,0,0,0,0,0,0,0,0,0,0.0,0.0,0.0,0.0,0,0,0,0,0,0.0,0.0,0.0,0.0,45,-28,6416,0,28,29,MID,Albert Sambi Lokonga,Arsenal
453,253,11,0,True,2026-02-10T19:30:00Z,2.0,2.0,26,False,0,0,0,0,0,0,0,0,0,0,0,0,0,0.0,0.0,0.0,0.0,0,0,0,0,0,0.0,0.0,0.0,0.0,64,-4005,63805,1552,5557,453,MID,Alejandro Garnacho Ferreyra,Chelsea
499,258,17,0,False,2026-02-11T20:15:00Z,0.0,1.0,26,False,0,0,0,0,0,0,0,0,0,0,0,0,0,0.0,0.0,0.0,0.0,0,0,0,0,0,0.0,0.0,0.0,0.0,103,-2504,461650,60,2564,499,FWD,Alexander Isak,Liverpool
386,258,17,3,False,2026-02-11T20:15:00Z,0.0,1.0,26,False,90,0,0,1,0,0,0,0,0,0,0,0,23,19.8,26.5,2.0,4.8,2,3,5,10,1,0.02,0.04,0.06,0.63,62,892,156955,4266,3374,386,MID,Alexis Mac Allister,Liverpool
340,253,7,0,False,2026-02-10T19:30:00Z,2.0,2.0,26,False,0,0,0,0,0,0,0,0,0,0,0,0,0,0.0,0.0,0.0,0.0,0,0,0,0,0,0.0,0.0,0.0,0.0,39,128,19677,281,153,340,GKP,Alex Cairns,Leeds
324,256,13,2,False,2026-02-11T19:30:00Z,3.0,0.0,26,False,90,0,0,0,3,0,0,0,0,0,0,0,9,2.2,3.0,5.0,1.0,0,4,0,4,1,0.05,0.02,0.07,1.37,63,-745,94387,1773,2518,324,MID,Alex Iwobi,Fulham
481,259,18,0,False,2026-02-10T19:30:00Z,1.0,2.0,26,False,0,0,0,0,0,0,0,0,0,0,0,0,0,0.0,0.0,0.0,0.0,0,0,0,0,0,0.0,0.0,0.0,0.0,38,88,90379,1576,1488,481,DEF,Alex Murphy,Newcastle
70,255,9,0,False,2026-02-10T19:30:00Z,1.0,2.0,26,False,0,0,0,0,0,0,0,0,0,0,0,0,0,0.0,0.0,0.0,0.0,0,0,0,0,0,0.0,0.0,0.0,0.0,40,-45,7234,0,45,70,GKP,Alex Paulsen,Bournemouth
90,255,9,4,False,2026-02-10T19:30:00Z,1.0,2.0,26,False,90,0,0,0,1,0,0,0,0,0,0,0,17,16.0,6.5,0.0,2.3,6,7,3,16,1,0.0,0.04,0.04,2.94,50,16161,99204,25444,9283,90,MID,Alex Scott,Bournemouth
801,255,9,1,False,2026-02-10T19:30:00Z,1.0,2.0,26,False,57,0,0,0,1,0,0,0,0,0,0,0,3,4.8,22.8,4.0,3.2,1,2,0,3,1,0.0,0.08,0.08,1.95,50,-25,739,58,83,801,MID,Alex Tóth,Bournemouth
786,256,13,0,False,2026-02-11T19:30:00Z,3.0,0.0,26,False,0,0,0,0,0,0,0,0,0,0,0,0,0,0.0,0.0,0.0,0.0,0,0,0,0,0,0.0,0.0,0.0,0.0,40,23,674,60,37,786,GKP,Alfie McNally,Fulham
641,257,16,0,False,2026-02-11T19:30:00Z,0.0,0.0,26,False,0,0,0,0,0,0,0,0,0,0,0,0,0,0.0,0.0,0.0,0.0,0,0,0,0,0,0.0,0.0,0.0,0.0,39,-2338,130213,0,2338,641,DEF,Alfie Pond,Wolves
641,310,1,0,True,2026-02-18T20:00:00Z,2.0,2.0,26,False,0,0,0,0,0,0,0,0,0,0,0,0,0,0.0,0.0,0.0,0.0,0,0,0,0,0,0.0,0.0,0.0,0.0,39,-2338,130213,0,2338,641,DEF,Alfie Pond,Wolves
366,258,17,7,False,2026-02-11T20:15:00Z,0.0,1.0,26,False,90,0,0,1,0,0,0,0,0,0,2,1,28,15.2,0.0,0.0,1.5,2,12,0,0,1,0.0,0.0,0.0,0.63,54,-9690,741502,5739,15429,366,GKP,Alisson Becker,Liverpool
600,260,14,0,True,2026-02-10T20:15:00Z,1.0,1.0,26,False,0,0,0,0,0,0,0,0,0,0,0,0,0,0.0,0.0,0.0,0.0,0,0,0,0,0,0.0,0.0,0.0,0.0,43,-6660,280175,4655,11315,600,GKP,Alphonse Areola,West Ham
431,260,19,0,False,2026-02-10T20:15:00Z,1.0,1.0,26,False,0,0,0,0,0,0,0,0,0,0,0,0,0,0.0,0.0,0.0,0.0,0,0,0,0,0,0.0,0.0,0.0,0.0,47,-39,40584,498,537,431,GKP,Altay Bayındır,Man Utd
792,251,6,1,True,2026-02-11T19:30:00Z,1.0,0.0,26,False,16,0,0,0,0,0,0,0,0,0,0,0,4,0.0,0.5,4.0,0.5,0,1,0,1,0,0.0,0.01,0.01,0.11,50,-11,110,4,15,792,MID,Alysson Edward Franco da Rocha dos Santos,Aston Villa
59,251,6,3,True,2026-02-11T19:30:00Z,1.0,0.0,26,False,74,0,0,1,0,0,0,0,0,0,0,0,10,6.2,3.1,4.0,1.3,3,2,2,7,1,0.06,0.02,0.08,0.39,48,4427,87274,6497,2070,59,MID,Amadou Onana,Aston Villa
452,260,19,2,False,2026-02-10T20:15:00Z,1.0,1.0,26,False,90,0,0,0,1,0,0,0,0,0,0,0,19,9.0,7.1,12.0,2.8,2,5,2,9,1,0.02,0.05,0.07,1.11,62,9717,235032,30274,20557,452,MID,Amad Diallo,Man Utd
378,258,17,0,False,2026-02-11T20:15:00Z,0.0,1.0,26,False,0,0,0,0,0,0,0,0,0,0,0,0,0,0.0,0.0,0.0,0.0,0,0,0,0,0,0.0,0.0,0.0,0.0,37,8038,174932,14447,6409,378,DEF,Amara Nallo,Liverpool
697,255,9,10,False,2026-02-10T19:30:00Z,1.0,2.0,26,False,79,1,0,0,1,0,0,0,0,0,0,3,36,41.6,6.1,40.0,8.8,1,3,4,8,1,0.75,0.02,0.77,2.13,54,-398,27584,5259,5657,697,MID,Amine Adli,Bournemouth
327,256,13,0,False,2026-02-11T19:30:00Z,3.0,0.0,26,False,0,0,0,0,0,0,0,0,0,0,0,0,0,0.0,0.0,0.0,0.0,0,0,0,0,0,0.0,0.0,0.0,0.0,53,-16,7601,0,16,327,MID,Andreas Hoelgebaum Pereira,Fulham
177,251,2,0,False,2026-02-11T19:30:00Z,1.0,0.0,26,False,0,0,0,0,0,0,0,0,0,0,0,0,0,0.0,0.0,0.0,0.0,0,0,0,0,0,0.0,0.0,0.0,0.0,45,-8,2018,0,8,177,MID,Andrew Moran,Brighton
372,258,17,8,False,2026-02-11T20:15:00Z,0.0,1.0,26,False,90,0,0,1,0,0,0,0,0,0,0,2,30,14.4,40.3,4.0,5.9,2,6,0,2,1,0.01,0.13,0.14,0.63,57,-596,125849,784,1380,372,DEF,Andrew Robertson,Liverpool
246,253,11,2,True,2026-02-10T19:30:00Z,2.0,2.0,26,False,78,0,0,0,2,0,0,0,0,0,0,0,20,11.4,4.1,2.0,1.8,2,1,2,5,1,0.0,0.04,0.04,1.41,45,67,36199,1655,1588,246,MID,Andrey Nascimento dos Santos,Chelsea
711,252,5,0,False,2026-02-12T20:00:00Z,1.0,1.0,26,False,0,0,0,0,0,0,0,0,0,0,0,0,0,0.0,0.0,0.0,0.0,0,0,0,0,0,0.0,0.0,0.0,0.0,44,16,1872,56,40,711,MID,Andre Harriman-Annous,Arsenal
711,310,20,0,False,2026-02-18T20:00:00Z,2.0,2.0,26,False,0,0,0,0,0,0,0,0,0,0,0,0,0,0.0,0.0,0.0,0.0,0,0,0,0,0,0.0,0.0,0.0,0.0,44,16,1872,56,40,711,MID,Andre Harriman-Annous,Arsenal
42,251,6,0,True,2026-02-11T19:30:00Z,1.0,0.0,26,False,0,0,0,0,0,0,0,0,0,0,0,0,0,0.0,0.0,0.0,0.0,0,0,0,0,0,0.0,0.0,0.0,0.0,39,-665,25862,41,706,42,DEF,Andrés García,Aston Villa
432,260,19,0,False,2026-02-10T20:15:00Z,1.0,1.0,26,False,0,0,0,0,0,0,0,0,0,0,0,0,0,0.0,0.0,0.0,0.0,0,0,0,0,0,0.0,0.0,0.0,0.0,49,-46,18422,0,46,432,GKP,André Onana,Man Utd
643,257,16,0,False,2026-02-11T19:30:00Z,0.0,0.0,26,False,0,0,0,0,0,0,0,0,0,0,0,0,0,0.0,0.0,0.0,0.0,0,0,0,0,0,0.0,0.0,0.0,0.0,53,107,9562,539,432,643,MID,André Trindade da Costa Neto,Wolves
643,310,1,2,True,2026-02-18T20:00:00Z,2.0,2.0,26,False,90,0,0,0,2,0,0,0,0,0,0,0,8,5.0,1.4,3.0,0.9,0,7,2,9,1,0.04,0.01,0.05,1.86,53,107,9562,539,432,643,MID,André Trindade da Costa Neto,Wolves
621,260,14,0,True,2026-02-10T20:15:00Z,1.0,1.0,26,False,0,0,0,0,0,0,0,0,0,0,0,0,0,0.0,0.0,0.0,0.0,0,0,0,0,0,0.0,0.0,0.0,0.0,43,-877,29635,0,877,621,MID,Andy Irving,West Ham
816,257,16,3,False,2026-02-11T19:30:00Z,0.0,0.0,26,False,77,0,0,1,0,0,0,0,0,0,0,0,13,16.4,11.4,10.0,3.8,2,1,2,5,1,0.05,0.01,0.06,2.37,50,3256,5458,3404,148,816,MID,Angel Gomes,Wolves
816,310,1,1,True,2026-02-18T20:00:00Z,2.0,2.0,26,False,21,0,0,0,1,0,0,0,0,0,0,0,4,0.0,0.0,0.0,0.0,0,0,0,0,1,0.0,0.0,0.0,1.17,50,3256,5458,3404,148,816,MID,Angel Gomes,Wolves
675,257,20,0,True,2026-02-11T19:30:00Z,0.0,0.0,26,False,0,0,0,0,0,0,0,0,0,0,0,0,0,0.0,0.0,0.0,0.0,0,0,0,0,0,0.0,0.0,0.0,0.0,40,-343,148999,480,823,675,GKP,Angus Gunn,Nott'm Forest
486,259,18,2,False,2026-02-10T19:30:00Z,1.0,2.0,26,False,74,0,0,0,1,0,0,0,0,0,0,0,8,10.8,31.2,12.0,5.4,1,3,1,5,1,0.0,0.24,0.24,1.47,65,-577,336903,2489,3066,486,MID,Anthony Elanga,Newcastle
485,259,18,5,False,2026-02-10T19:30:00Z,1.0,2.0,26,False,87,0,1,0,1,0,0,0,0,0,0,0,15,16.6,13.1,25.0,5.5,0,2,1,3,1,0.49,0.11,0.6,1.54,72,-93135,273729,399,93534,485,MID,Anthony Gordon,Newcastle
528,258,12,0,True,2026-02-11T20:15:00Z,0.0,1.0,26,False,0,0,0,0,0,0,0,0,0,0,0,0,0,0.0,0.0,0.0,0.0,0,0,0,0,0,0.0,0.0,0.0,0.0,42,-729,21536,0,729,528,GKP,Anthony Patterson,Sunderland
82,256,10,14,True,2026-02-11T19:30:00Z,3.0,0.0,26,False,90,1,1,1,0,0,0,0,0,0,0,3,36,53.6,17.8,39.0,11.0,0,2,2,4,1,0.55,0.17,0.72,1.42,79,-91372,6273991,105021,196393,82,MID,Antoine Semenyo,Man City
316,256,13,0,False,2026-02-11T19:30:00Z,3.0,0.0,26,False,0,0,0,0,0,0,0,0,0,0,0,0,0,0.0,0.0,0.0,0.0,0,0,0,0,0,0.0,0.0,0.0,0.0,49,-7535,94712,1380,8915,316,DEF,Antonee Robinson,Fulham
122,252,1,0,True,2026-02-12T20:00:00Z,1.0,1.0,26,False,0,0,0,0,0,0,0,0,0,0,0,0,0,0.0,0.0,0.0,0.0,0,0,0,0,0,0.0,0.0,0.0,0.0,52,-10,3614,8,18,122,MID,Antoni Milambo,Brentford
454,260,19,0,False,2026-02-10T20:15:00Z,1.0,1.0,26,False,0,0,0,0,0,0,0,0,0,0,0,0,0,0.0,0.0,0.0,0.0,0,0,0,0,0,0.0,0.0,0.0,0.0,59,-12,7380,0,12,454,MID,Antony dos Santos,Man Utd
660,253,7,0,False,2026-02-10T19:30:00Z,2.0,2.0,26,False,0,0,0,0,0,0,0,0,0,0,0,0,0,0.0,0.0,0.0,0.0,0,0,0,0,0,0.0,0.0,0.0,0.0,48,-55350,240320,1371,56721,660,MID,Anton Stach,Leeds
567,259,15,0,True,2026-02-10T19:30:00Z,1.0,2.0,26,False,0,0,0,0,0,0,0,0,0,0,0,0,0,0.0,0.0,0.0,0.0,0,0,0,0,0,0.0,0.0,0.0,0.0,39,-1426,210704,721,2147,567,GKP,Antonín Kinský,Spurs
492,259,18,0,False,2026-02-10T19:30:00Z,1.0,2.0,26,False,0,0,0,0,0,0,0,0,0,0,0,0,0,0.0,0.0,0.0,0.0,0,0,0,0,0,0.0,0.0,0.0,0.0,49,-6,2687,0,6,492,MID,Antoñito Cordero Campillo,Newcastle
591,259,15,10,True,2026-02-10T19:30:00Z,1.0,2.0,26,False,90,1,0,0,2,0,0,0,0,0,0,3,36,47.0,16.3,37.0,10.0,3,1,1,5,1,0.57,0.29,0.86,2.48,48,28,16292,588,560,591,MID,Archie Gray,Spurs
680,254,8,0,False,2026-02-11T19:40:00Z,2.0,3.0,26,False,0,0,0,0,0,0,0,0,0,0,0,0,0,0.0,0.0,0.0,0.0,0,0,0,0,0,0.0,0.0,0.0,0.0,52,-1616,26008,597,2213,680,FWD,Armando Broja,Burnley
696,257,20,0,True,2026-02-11T19:30:00Z,0.0,0.0,26,False,0,0,0,0,0,0,0,0,0,0,0,0,0,0.0,0.0,0.0,0.0,0,0,0,0,0,0.0,0.0,0.0,0.0,60,-161,15399,0,161,696,FWD,Arnaud Kalimuendo,Nott'm Forest
678,258,12,0,True,2026-02-11T20:15:00Z,0.0,1.0,26,False,0,0,0,0,0,0,0,0,0,0,0,0,0,0.0,0.0,0.0,0.0,0,0,0,0,0,0.0,0.0,0.0,0.0,39,-867,64890,0,867,678,DEF,Arthur Masuaku,Sunderland
274,254,3,0,True,2026-02-11T19:40:00Z,2.0,3.0,26,False,0,0,0,0,0,0,0,0,0,0,0,0,0,0.0,0.0,0.0,0.0,0,0,0,0,0,0.0,0.0,0.0,0.0,43,2807,14460,3283,476,274,MID,Asher Agbinone,Crystal Palace
218,254,8,0,False,2026-02-11T19:40:00Z,2.0,3.0,26,False,0,0,0,0,0,0,0,0,0,0,0,0,0,0.0,0.0,0.0,0.0,0,0,0,0,0,0.0,0.0,0.0,0.0,42,6884,190321,12179,5295,218,FWD,Ashley Barnes,Burnley
576,259,15,0,True,2026-02-10T19:30:00Z,1.0,2.0,26,False,0,0,0,0,0,0,0,0,0,0,0,0,0,0.0,0.0,0.0,0.0,0,0,0,0,0,0.0,0.0,0.0,0.0,40,-5,1440,0,5,576,DEF,Ashley Phillips,Spurs
815,260,14,2,True,2026-02-10T20:15:00Z,1.0,1.0,26,False,90,0,0,0,1,0,0,0,0,0,0,0,11,14.0,10.9,0.0,2.5,8,0,0,8,1,0.0,0.0,0.0,0.57,45,8016,10658,8682,666,815,DEF,Axel Disasi,West Ham
198,254,8,0,False,2026-02-11T19:40:00Z,2.0,3.0,26,False,0,0,0,0,0,0,0,0,0,0,0,0,0,0.0,0.0,0.0,0.0,0,0,0,0,0,0.0,0.0,0.0,0.0,39,-1304,129240,800,2104,198,DEF,Axel Tuanzebe,Burnley
447,260,19,0,False,2026-02-10T20:15:00Z,1.0,1.0,26,False,0,0,0,0,0,0,0,0,0,0,0,0,0,0.0,0.0,0.0,0.0,0,0,0,0,0,0.0,0.0,0.0,0.0,38,-15210,253635,2481,17691,447,DEF,Ayden Heaven,Man Utd
685,255,9,0,False,2026-02-10T19:30:00Z,1.0,2.0,26,False,0,0,0,0,0,0,0,0,0,0,0,0,0,0.0,0.0,0.0,0.0,0,0,0,0,0,0.0,0.0,0.0,0.0,42,-379,38243,696,1075,685,DEF,Bafodé Diakité,Bournemouth
139,251,2,2,False,2026-02-11T19:30:00Z,1.0,0.0,26,False,90,0,0,0,1,0,0,0,0,0,2,0,10,17.6,0.0,0.0,1.8,0,9,0,0,1,0.0,0.0,0.0,0.72,45,-28324,713957,6514,34838,139,GKP,Bart Verbruggen,Brighton
193,254,8,4,False,2026-02-11T19:40:00Z,2.0,3.0,26,False,90,0,1,0,2,0,0,0,0,0,0,0,14,19.6,1.7,19.0,4.0,5,8,1,6,1,0.04,0.01,0.05,1.8,39,-738,16578,289,1027,193,DEF,Bashir Humphreys,Burnley
639,257,16,0,False,2026-02-11T19:30:00Z,0.0,0.0,26,False,0,0,0,0,0,0,0,0,0,0,0,0,0,0.0,0.0,0.0,0.0,0,0,0,0,0,0.0,0.0,0.0,0.0,40,-1,809,0,1,639,DEF,Bastien Meupiyou Menadjou,Wolves
639,310,1,0,True,2026-02-18T20:00:00Z,2.0,2.0,26,False,0,0,0,0,0,0,0,0,0,0,0,0,0,0.0,0.0,0.0,0.0,0,0,0,0,0,0.0,0.0,0.0,0.0,40,-1,809,0,1,639,DEF,Bastien Meupiyou Menadjou,Wolves
769,260,19,0,False,2026-02-10T20:15:00Z,1.0,1.0,26,False,0,0,0,0,0,0,0,0,0,0,0,0,0,0.0,0.0,0.0,0.0,0,0,0,0,0,0.0,0.0,0.0,0.0,45,18,452,49,31,769,MID,Bendito Mantato,Man Utd
114,252,1,0,True,2026-02-12T20:00:00Z,1.0,1.0,26,False,0,0,0,0,0,0,0,0,0,0,0,0,0,0.0,0.0,0.0,0.0,0,0,0,0,0,0.0,0.0,0.0,0.0,38,-875,26313,10,885,114,DEF,Benjamin Arthur,Brentford
115,252,1,0,True,2026-02-12T20:00:00Z,1.0,1.0,26,False,0,0,0,0,0,0,0,0,0,0,0,0,0,0.0,0.0,0.0,0.0,0,0,0,0,0,0.0,0.0,0.0,0.0,40,-61,9688,0,61,115,DEF,Benjamin Fredrick,Brentford
664,256,13,0,False,2026-02-11T19:30:00Z,3.0,0.0,26,False,0,0,0,0,0,0,0,0,0,0,0,0,0,0.0,0.0,0.0,0.0,0,0,0,0,0,0.0,0.0,0.0,0.0,39,-195,91827,727,922,664,GKP,Benjamin Lecomte,Fulham
681,260,19,8,False,2026-02-10T20:15:00Z,1.0,1.0,26,False,21,1,0,0,0,0,0,0,0,0,0,3,29,35.0,0.0,28.0,6.3,0,0,0,0,0,0.12,0.0,0.12,0.56,72,-8715,432816,12329,21044,681,FWD,Benjamin Sesko,Man Utd
11,252,5,0,False,2026-02-12T20:00:00Z,1.0,1.0,26,False,0,0,0,0,0,0,0,0,0,0,0,0,0,0.0,0.0,0.0,0.0,0,0,0,0,0,0.0,0.0,0.0,0.0,51,-4724,67480,1897,6621,11,DEF,Benjamin White,Arsenal
11,310,20,0,False,2026-02-18T20:00:00Z,2.0,2.0,26,False,0,0,0,0,0,0,0,0,0,0,0,0,0,0.0,0.0,0.0,0.0,0,0,0,0,0,0.0,0.0,0.0,0.0,51,-4724,67480,1897,6621,11,DEF,Benjamin White,Arsenal
229,253,11,0,True,2026-02-10T19:30:00Z,2.0,2.0,26,False,0,0,0,0,0,0,0,0,0,0,0,0,0,0.0,0.0,0.0,0.0,0,0,0,0,0,0.0,0.0,0.0,0.0,44,-873,5402,186,1059,229,DEF,Benoît Badiashile Mukinayi,Chelsea
60,251,6,0,True,2026-02-11T19:30:00Z,1.0,0.0,26,False,0,0,0,0,0,0,0,0,0,0,0,0,0,0.0,0.0,0.0,0.0,0,0,0,0,0,0.0,0.0,0.0,0.0,44,-1283,34804,7,1290,60,MID,Ben Broggio,Aston Villa
780,254,3,0,True,2026-02-11T19:40:00Z,2.0,3.0,26,False,0,0,0,0,0,0,0,0,0,0,0,0,0,0.0,0.0,0.0,0.0,0,0,0,0,0,0.0,0.0,0.0,0.0,45,552,2619,764,212,780,FWD,Ben Casey,Crystal Palace
571,259,15,0,True,2026-02-10T19:30:00Z,1.0,2.0,26,False,0,0,0,0,0,0,0,0,0,0,0,0,0,0.0,0.0,0.0,0.0,0,0,0,0,0,0.0,0.0,0.0,0.0,43,-146,8795,10,156,571,DEF,Ben Davies,Spurs
391,255,9,0,False,2026-02-10T19:30:00Z,1.0,2.0,26,False,0,0,0,0,0,0,0,0,0,0,0,0,0,0.0,0.0,0.0,0.0,0,0,0,0,0,0.0,0.0,0.0,0.0,48,-18,3987,5,23,391,MID,Ben Gannon-Doak,Bournemouth
96,255,9,0,False,2026-02-10T19:30:00Z,1.0,2.0,26,False,0,0,0,0,0,0,0,0,0,0,0,0,0,0.0,0.0,0.0,0.0,0,0,0,0,0,0.0,0.0,0.0,0.0,45,-14,3943,0,14,96,MID,Ben Winterburn,Bournemouth
416,256,10,0,True,2026-02-11T19:30:00Z,3.0,0.0,26,False,59,0,0,0,0,0,0,0,1,0,0,0,10,8.2,26.3,2.0,3.7,1,8,2,11,1,0.0,0.03,0.03,0.81,62,6976,73694,8951,1975,416,MID,Bernardo Mota Veiga de Carvalho e Silva,Man City
314,256,13,1,False,2026-02-11T19:30:00Z,3.0,0.0,26,False,90,0,0,0,3,0,0,0,0,0,2,0,4,14.4,0.0,0.0,1.4,0,6,0,0,1,0.0,0.0,0.0,1.37,49,-10466,189940,763,11229,314,GKP,Bernd Leno,Fulham
735,258,12,0,True,2026-02-11T20:15:00Z,0.0,1.0,26,False,0,0,0,0,0,0,0,0,0,0,0,0,0,0.0,0.0,0.0,0.0,0,0,0,0,0,0.0,0.0,0.0,0.0,55,-89,3813,12,101,735,MID,Bertrand Traoré,Sunderland
530,258,12,0,True,2026-02-11T20:15:00Z,0.0,1.0,26,False,0,0,0,0,0,0,0,0,0,0,0,0,0,0.0,0.0,0.0,0.0,0,0,0,0,0,0.0,0.0,0.0,0.0,39,-274,14958,0,274,530,GKP,Blondy Nna Noukeu,Sunderland
259,254,3,0,True,2026-02-11T19:40:00Z,2.0,3.0,26,False,0,0,0,0,0,0,0,0,0,0,0,0,0,0.0,0.0,0.0,0.0,0,0,0,0,0,0.0,0.0,0.0,0.0,48,428,14820,608,180,259,DEF,Borna Sosa,Crystal Palace
58,251,6,0,True,2026-02-11T19:30:00Z,1.0,0.0,26,False,0,0,0,0,0,0,0,0,0,0,0,0,0,0.0,0.0,0.0,0.0,0,0,0,0,0,0.0,0.0,0.0,0.0,49,-2560,27663,39,2599,58,MID,Boubacar Kamara,Aston Villa
649,257,16,0,False,2026-02-11T19:30:00Z,0.0,0.0,26,False,0,0,0,0,0,0,0,0,0,0,0,0,0,0.0,0.0,0.0,0.0,0,0,0,0,0,0.0,0.0,0.0,0.0,50,0,120,0,0,649,MID,Boubacar Traoré,Wolves
649,310,1,0,True,2026-02-18T20:00:00Z,2.0,2.0,26,False,0,0,0,0,0,0,0,0,0,0,0,0,0,0.0,0.0,0.0,0.0,0,0,0,0,0,0.0,0.0,0.0,0.0,50,0,120,0,0,649,MID,Boubacar Traoré,Wolves
702,251,6,0,True,2026-02-11T19:30:00Z,1.0,0.0,26,False,0,0,0,0,0,0,0,0,0,0,0,0,0,0.0,0.0,0.0,0.0,0,0,0,0,0,0.0,0.0,0.0,0.0,44,76,8926,201,125,702,MID,Bradley Burrowes,Aston Villa
779,255,4,0,True,2026-02-10T19:30:00Z,1.0,2.0,26,False,0,0,0,0,0,0,0,0,0,0,0,0,0,0.0,0.0,0.0,0.0,0,0,0,0,0,0.0,0.0,0.0,0.0,45,719,3605,998,279,779,FWD,Braiden Graham,Everton
162,251,2,0,False,2026-02-11T19:30:00Z,1.0,0.0,26,False,0,0,0,0,0,0,0,0,0,0,0,0,0,0.0,0.0,0.0,0.0,0,0,0,0,0,0.0,0.0,0.0,0.0,54,-447,6553,0,447,162,MID,Brajan Gruda,Brighton
566,259,15,0,True,2026-02-10T19:30:00Z,1.0,2.0,26,False,0,0,0,0,0,0,0,0,0,0,0,0,0,0.0,0.0,0.0,0.0,0,0,0,0,0,0.0,0.0,0.0,0.0,39,-111,38296,219,330,566,GKP,Brandon Austin,Spurs
13,252,5,0,False,2026-02-12T20:00:00Z,1.0,1.0,26,False,0,0,0,0,0,0,0,0,0,0,0,0,0,0.0,0.0,0.0,0.0,0,0,0,0,0,0.0,0.0,0.0,0.0,38,-1604,54488,259,1863,13,DEF,Brayden Clarke,Arsenal
13,310,20,0,False,2026-02-18T20:00:00Z,2.0,2.0,26,False,0,0,0,0,0,0,0,0,0,0,0,0,0,0.0,0.0,0.0,0.0,0,0,0,0,0,0.0,0.0,0.0,0.0,38,-1604,54488,259,1863,13,DEF,Brayden Clarke,Arsenal
350,253,7,2,False,2026-02-10T19:30:00Z,2.0,2.0,26,False,90,0,0,0,2,0,0,0,0,0,0,0,7,0.6,2.5,4.0,0.7,0,3,1,4,1,0.03,0.01,0.04,3.13,54,-15302,95298,5257,20559,350,MID,Brenden Aaronson,Leeds
580,254,3,1,True,2026-02-11T19:40:00Z,2.0,3.0,26,False,32,0,0,0,0,0,0,0,0,0,0,0,3,2.8,11.5,5.0,1.9,1,1,0,2,0,0.03,0.1,0.13,0.16,65,-3369,313791,3219,6588,580,MID,Brennan Johnson,Crystal Palace
730,258,12,2,True,2026-02-11T20:15:00Z,0.0,1.0,26,False,90,0,0,0,1,0,0,0,0,0,0,0,3,8.2,1.0,15.0,2.4,2,2,1,5,1,0.1,0.08,0.18,2.53,55,-16956,165527,17647,34603,730,FWD,Brian Brobbey,Sunderland
449,260,19,2,False,2026-02-10T20:15:00Z,1.0,1.0,26,False,90,0,0,0,1,0,0,0,0,0,0,0,19,19.6,58.8,0.0,7.8,0,2,1,3,1,0.0,0.26,0.26,1.11,98,347611,4746459,369545,21934,449,MID,Bruno Borges Fernandes,Man Utd
488,259,18,3,False,2026-02-10T19:30:00Z,1.0,2.0,26,False,90,0,0,0,1,0,0,0,1,0,0,0,21,19.0,49.6,2.0,7.1,3,5,4,12,1,0.0,0.4,0.4,1.54,70,-10966,1626040,109812,120778,488,MID,Bruno Guimarães Rodriguez Moura,Newcastle
590,259,15,0,True,2026-02-10T19:30:00Z,1.0,2.0,26,False,0,0,0,0,0,0,0,0,0,0,0,0,0,0.0,0.0,0.0,0.0,0,0,0,0,0,0.0,0.0,0.0,0.0,49,-7,3431,0,7,590,MID,Bryan Gil Salvatierra,Spurs
119,260,19,6,False,2026-02-10T20:15:00Z,1.0,1.0,26,False,90,0,1,0,1,0,0,0,0,0,0,1,23,23.2,35.5,13.0,7.2,1,6,1,8,1,0.13,0.09,0.22,1.11,86,225682,2902318,280085,54403,119,MID,Bryan Mbeumo,Man Utd
16,252,5,1,False,2026-02-12T20:00:00Z,1.0,1.0,26,False,20,0,0,0,1,0,0,0,0,0,0,0,2,0.2,0.3,2.0,0.3,1,0,0,1,0,0.0,0.0,0.0,0.74,99,-286970,1004535,1052,288022,16,MID,Bukayo Saka,Arsenal
16,310,20,12,False,2026-02-18T20:00:00Z,2.0,2.0,26,False,72,1,0,0,1,0,0,0,0,0,0,3,37,51.6,20.9,43.0,11.6,6,9,3,18,1,0.55,0.13,0.68,0.12,99,-286970,1004535,1052,288022,16,MID,Bukayo Saka,Arsenal
265,254,3,0,True,2026-02-11T19:40:00Z,2.0,3.0,26,False,0,0,0,0,0,0,0,0,0,0,0,0,0,0.0,0.0,0.0,0.0,0,0,0,0,0,0.0,0.0,0.0,0.0,40,-11,1474,15,26,265,DEF,Caleb Kporha,Crystal Palace
69,255,9,0,False,2026-02-10T19:30:00Z,1.0,2.0,26,False,0,0,0,0,0,0,0,0,0,0,0,0,0,0.0,0.0,0.0,0.0,0,0,0,0,0,0.0,0.0,0.0,0.0,39,550,32092,983,433,69,GKP,Callan McKenna,Bournemouth
306,255,4,0,True,2026-02-10T19:30:00Z,1.0,2.0,26,False,0,0,0,0,0,0,0,0,0,0,0,0,0,0.0,0.0,0.0,0.0,0,0,0,0,0,0.0,0.0,0.0,0.0,43,1565,13475,1963,398,306,MID,Callum Bates,Everton
516,257,20,3,True,2026-02-11T19:30:00Z,0.0,0.0,26,False,64,0,0,1,0,0,0,0,0,0,0,0,26,20.4,60.6,47.0,12.8,2,4,0,6,1,0.25,0.28,0.53,0.21,57,-190,92757,3906,4096,516,MID,Callum Hudson-Odoi,Nott'm Forest
626,260,14,0,True,2026-02-10T20:15:00Z,1.0,1.0,26,False,0,0,0,0,0,0,0,0,0,0,0,0,0,0.0,0.0,0.0,0.0,0,0,0,0,0,0.0,0.0,0.0,0.0,43,-1036,69885,0,1036,626,FWD,Callum Marshall,West Ham
595,259,15,0,True,2026-02-10T19:30:00Z,1.0,2.0,26,False,0,0,0,0,0,0,0,0,0,0,0,0,0,0.0,0.0,0.0,0.0,0,0,0,0,0,0.0,0.0,0.0,0.0,43,556,26912,1003,447,595,MID,Callum Olusesi,Spurs
671,260,14,1,True,2026-02-10T20:15:00Z,1.0,1.0,26,False,21,0,0,0,1,0,0,0,0,0,0,0,1,3.2,1.0,12.0,1.6,0,2,0,2,0,0.4,0.01,0.41,0.34,58,-3681,75327,1572,5253,671,FWD,Callum Wilson,West Ham
318,256,13,1,False,2026-02-11T19:30:00Z,3.0,0.0,26,False,90,0,0,0,3,0,0,0,0,0,0,0,3,16.2,0.7,5.0,2.2,5,5,1,6,1,0.03,0.0,0.03,1.37,44,-672,47790,1260,1932,318,DEF,Calvin Bassey,Fulham
380,258,17,0,False,2026-02-11T20:15:00Z,0.0,1.0,26,False,0,0,0,0,0,0,0,0,0,0,0,0,0,0.0,0.0,0.0,0.0,0,0,0,0,0,0.0,0.0,0.0,0.0,38,-58,30381,316,374,380,DEF,Calvin Ramsay,Liverpool
101,252,1,2,True,2026-02-12T20:00:00Z,1.0,1.0,26,False,90,0,0,0,1,0,0,0,0,0,1,0,6,13.4,0.0,0.0,1.3,1,4,0,0,1,0.0,0.0,0.0,0.6,46,-7167,1302448,29502,36669,101,GKP,Caoimhín Kelleher,Brentford
301,255,4,0,True,2026-02-10T19:30:00Z,1.0,2.0,26,False,0,0,0,0,0,0,0,0,0,0,0,0,0,0.0,0.0,0.0,0.0,0,0,0,0,0,0.0,0.0,0.0,0.0,52,-127,10681,187,314,301,MID,Carlos Alcaraz Durán,Everton
167,251,2,0,False,2026-02-11T19:30:00Z,1.0,0.0,26,False,21,0,0,0,0,0,0,0,1,0,0,0,0,0.0,0.0,0.0,0.0,1,1,0,2,1,0.0,0.0,0.0,0.29,45,10870,193545,14022,3152,167,MID,Carlos Baleba,Brighton
457,260,19,2,False,2026-02-10T20:15:00Z,1.0,1.0,26,False,90,0,0,0,1,0,0,0,0,0,0,0,11,20.0,10.2,6.0,3.6,3,3,4,10,1,0.0,0.03,0.03,1.11,56,49726,294135,68196,18470,457,MID,Carlos Henrique Casimiro,Man Utd
503,257,20,0,True,2026-02-11T19:30:00Z,0.0,0.0,26,False,0,0,0,0,0,0,0,0,0,0,0,0,0,0.0,0.0,0.0,0.0,0,0,0,0,0,0.0,0.0,0.0,0.0,40,-58,8186,0,58,503,GKP,Carlos Miguel dos Santos Pereira,Nott'm Forest
141,251,2,0,False,2026-02-11T19:30:00Z,1.0,0.0,26,False,0,0,0,0,0,0,0,0,0,0,0,0,0,0.0,0.0,0.0,0.0,0,0,0,0,0,0.0,0.0,0.0,0.0,40,0,246,0,0,141,GKP,Carl Rushworth,Brighton
262,254,3,1,True,2026-02-11T19:40:00Z,2.0,3.0,26,False,45,0,0,0,0,0,0,0,0,0,0,0,7,8.6,2.6,0.0,1.1,4,1,0,4,0,0.0,0.01,0.01,0.16,40,520,4515,793,273,262,DEF,Chadi Riad Dnanou,Crystal Palace
181,251,2,1,False,2026-02-11T19:30:00Z,1.0,0.0,26,False,9,0,0,0,1,0,0,0,0,0,0,0,2,0.0,1.8,4.0,0.6,0,0,0,0,0,0.0,0.01,0.01,0.21,48,943,46562,2370,1427,181,FWD,Charalampos Kostoulas,Brighton
359,253,7,0,False,2026-02-10T19:30:00Z,2.0,2.0,26,False,0,0,0,0,0,0,0,0,0,0,0,0,0,0.0,0.0,0.0,0.0,0,0,0,0,0,0.0,0.0,0.0,0.0,45,0,426,0,0,359,MID,Charlie Crew,Leeds
763,256,10,0,True,2026-02-11T19:30:00Z,3.0,0.0,26,False,0,0,0,0,0,0,0,0,0,0,0,0,0,0.0,0.0,0.0,0.0,0,0,0,0,0,0.0,0.0,0.0,0.0,45,15,430,39,24,763,MID,Charlie Gray,Man City
799,255,9,0,False,2026-02-10T19:30:00Z,1.0,2.0,26,False,0,0,0,0,0,0,0,0,0,0,0,0,0,0.0,0.0,0.0,0.0,0,0,0,0,0,0.0,0.0,0.0,0.0,45,115,393,147,32,799,MID,Charlie Stevens,Bournemouth
156,251,2,0,False,2026-02-11T19:30:00Z,1.0,0.0,26,False,0,0,0,0,0,0,0,0,0,0,0,0,0,0.0,0.0,0.0,0.0,0,0,0,0,0,0.0,0.0,0.0,0.0,38,374,20167,652,278,156,DEF,Charlie Tasker,Brighton
268,254,3,0,True,2026-02-11T19:40:00Z,2.0,3.0,26,False,0,0,0,0,0,0,0,0,0,0,0,0,0,0.0,0.0,0.0,0.0,0,0,0,0,0,0.0,0.0,0.0,0.0,49,1,380,9,8,268,MID,Cheick Doucouré,Crystal Palace
553,258,12,1,True,2026-02-11T20:15:00Z,0.0,1.0,26,False,10,0,0,0,0,0,0,0,0,0,0,0,3,0.0,0.3,0.0,0.0,0,0,0,0,0,0.0,0.0,0.0,0.15,49,412,19658,975,563,553,MID,Chemsdine Talbi,Sunderland
467,260,19,0,False,2026-02-10T20:15:00Z,1.0,1.0,26,False,0,0,0,0,0,0,0,0,0,0,0,0,0,0.0,0.0,0.0,0.0,0,0,0,0,0,0.0,0.0,0.0,0.0,42,-2160,211235,4470,6630,467,FWD,Chido Obi,Man Utd
732,254,3,1,True,2026-02-11T19:40:00Z,2.0,3.0,26,False,7,0,0,0,0,0,0,0,0,0,0,0,1,0.0,0.6,2.0,0.2,0,0,0,0,0,0.0,0.0,0.0,0.12,55,215,6796,674,459,732,FWD,Christantus Uche,Crystal Palace
24,252,5,0,False,2026-02-12T20:00:00Z,1.0,1.0,26,False,0,0,0,0,0,0,0,0,0,0,0,0,0,0.0,0.0,0.0,0.0,0,0,0,0,0,0.0,0.0,0.0,0.0,51,76,17049,325,249,24,MID,Christian Nørgaard,Arsenal
24,310,20,0,False,2026-02-18T20:00:00Z,2.0,2.0,26,False,0,0,0,0,0,0,0,0,0,0,0,0,0,0.0,0.0,0.0,0.0,0,0,0,0,0,0.0,0.0,0.0,0.0,51,76,17049,325,249,24,MID,Christian Nørgaard,Arsenal
240,253,11,0,True,2026-02-10T19:30:00Z,2.0,2.0,26,False,0,0,0,0,0,0,0,0,0,0,0,0,0,0.0,0.0,0.0,0.0,0,0,0,0,0,0.0,0.0,0.0,0.0,59,-25,10339,0,25,240,MID,Christopher Nkunku,Chelsea
806,255,9,0,False,2026-02-10T19:30:00Z,1.0,2.0,26,False,0,0,0,0,0,0,0,0,0,0,0,0,0,0.0,0.0,0.0,0.0,0,0,0,0,0,0.0,0.0,0.0,0.0,40,63,488,107,44,806,GKP,Christos Mandas,Bournemouth
79,255,9,0,False,2026-02-10T19:30:00Z,1.0,2.0,26,False,0,0,0,0,0,0,0,0,0,0,0,0,0,0.0,0.0,0.0,0.0,0,0,0,0,0,0.0,0.0,0.0,0.0,40,-41,8767,0,41,79,DEF,Chris Mepham,Bournemouth
261,254,3,0,True,2026-02-11T19:40:00Z,2.0,3.0,26,False,90,0,0,0,3,0,0,0,1,0,0,0,-1,15.0,12.2,24.0,5.1,4,6,2,6,1,0.16,0.01,0.17,0.53,44,73238,352735,79079,5841,261,DEF,Chris Richards,Crystal Palace
551,258,12,0,True,2026-02-11T20:15:00Z,0.0,1.0,26,False,0,0,0,0,0,0,0,0,0,0,0,0,0,0.0,0.0,0.0,0.0,0,0,0,0,0,0.0,0.0,0.0,0.0,47,-85,6009,78,163,551,MID,Chris Rigg,Sunderland
525,257,20,0,True,2026-02-11T19:30:00Z,0.0,0.0,26,False,0,0,0,0,0,0,0,0,0,0,0,0,0,0.0,0.0,0.0,0.0,0,0,0,0,0,0.0,0.0,0.0,0.0,72,-2760,598334,51,2811,525,FWD,Chris Wood,Nott'm Forest
425,256,10,0,True,2026-02-11T19:30:00Z,3.0,0.0,26,False,0,0,0,0,0,0,0,0,0,0,0,0,0,0.0,0.0,0.0,0.0,0,0,0,0,0,0.0,0.0,0.0,0.0,54,0,1239,0,0,425,MID,Claudio Echeverri,Man City
307,255,4,0,True,2026-02-10T19:30:00Z,1.0,2.0,26,False,0,0,0,0,0,0,0,0,0,0,0,0,0,0.0,0.0,0.0,0.0,0,0,0,0,0,0.0,0.0,0.0,0.0,44,111,5574,215,104,307,MID,Coby Ebere,Everton
384,258,17,3,False,2026-02-11T20:15:00Z,0.0,1.0,26,False,74,0,0,1,0,0,0,0,0,0,0,0,12,10.2,38.8,20.0,6.9,0,3,1,4,1,0.13,0.29,0.42,0.53,73,-14526,680262,7558,22084,384,MID,Cody Gakpo,Liverpool
235,253,11,12,True,2026-02-10T19:30:00Z,2.0,2.0,26,False,90,1,1,0,2,0,0,0,1,0,0,3,43,64.8,53.8,52.0,17.1,1,1,1,3,1,1.69,0.52,2.21,1.44,105,240114,1846675,254452,14338,235,MID,Cole Palmer,Chelsea
186,254,8,0,False,2026-02-11T19:40:00Z,2.0,3.0,26,False,0,0,0,0,0,0,0,0,0,0,0,0,0,0.0,0.0,0.0,0.0,0,0,0,0,0,0.0,0.0,0.0,0.0,44,-20,3641,30,50,186,DEF,Connor Roberts,Burnley
375,258,17,0,False,2026-02-11T20:15:00Z,0.0,1.0,26,False,0,0,0,0,0,0,0,0,0,0,0,0,0,0.0,0.0,0.0,0.0,0,0,0,0,0,0.0,0.0,0.0,0.0,49,-571,20142,25,596,375,DEF,Conor Bradley,Liverpool
796,259,15,2,True,2026-02-10T19:30:00Z,1.0,2.0,26,False,69,0,0,0,2,0,0,0,0,0,0,0,10,7.6,31.8,2.0,4.1,0,3,1,4,1,0.0,0.03,0.03,2.46,54,482,21091,3702,3220,796,MID,Conor Gallagher,Spurs
662,252,5,4,False,2026-02-12T20:00:00Z,1.0,1.0,26,False,90,0,0,0,1,0,0,0,0,0,0,0,13,29.4,2.8,0.0,3.2,10,5,3,13,1,0.0,0.01,0.01,1.51,53,162,17365,497,335,662,DEF,Cristhian Mosquera,Arsenal
662,310,20,0,False,2026-02-18T20:00:00Z,2.0,2.0,26,False,0,0,0,0,0,0,0,0,0,0,0,0,0,0.0,0.0,0.0,0.0,0,0,0,0,0,0.0,0.0,0.0,0.0,53,162,17365,497,335,662,DEF,Cristhian Mosquera,Arsenal
569,259,15,0,True,2026-02-10T19:30:00Z,1.0,2.0,26,False,0,0,0,0,0,0,0,0,0,0,0,0,0,0.0,0.0,0.0,0.0,0,0,0,0,0,0.0,0.0,0.0,0.0,50,-76719,467489,2801,79520,569,DEF,Cristian Romero,Spurs
615,260,14,3,True,2026-02-10T20:15:00Z,1.0,1.0,26,False,89,0,0,1,0,0,0,0,0,0,0,0,13,17.4,20.3,9.0,4.7,3,3,1,7,1,0.02,0.16,0.18,0.4,56,102593,298711,121348,18755,615,MID,Crysencio Summerville,West Ham
388,258,17,1,False,2026-02-11T20:15:00Z,0.0,1.0,26,False,15,0,0,0,0,0,0,0,0,0,0,0,7,4.6,12.5,6.0,2.3,0,0,1,1,0,0.03,0.07,0.1,0.1,54,-397,14687,458,855,388,MID,Curtis Jones,Liverpool
271,254,3,2,True,2026-02-11T19:40:00Z,2.0,3.0,26,False,71,0,0,0,3,0,0,0,0,0,0,0,14,11.4,34.4,16.0,6.2,1,7,2,10,1,0.46,0.42,0.88,0.4,50,236,9359,348,112,271,MID,Daichi Kamada,Crystal Palace
599,259,15,0,True,2026-02-10T19:30:00Z,1.0,2.0,26,False,0,0,0,0,0,0,0,0,0,0,0,0,0,0.0,0.0,0.0,0.0,0,0,0,0,0,0.0,0.0,0.0,0.0,43,-1977,74978,0,1977,599,FWD,Dane Scarlett,Spurs
83,252,1,1,True,2026-02-12T20:00:00Z,1.0,1.0,26,False,90,0,0,0,1,0,0,0,1,0,0,0,5,9.6,17.7,4.0,3.1,4,3,0,7,1,0.04,0.03,0.07,0.6,58,16640,62670,19456,2816,83,MID,Dango Ouattara,Brentford
99,255,9,0,False,2026-02-10T19:30:00Z,1.0,2.0,26,False,0,0,0,0,0,0,0,0,0,0,0,0,0,0.0,0.0,0.0,0.0,0,0,0,0,0,0.0,0.0,0.0,0.0,44,-101,17709,0,101,99,FWD,Daniel Adu-Adjei,Bournemouth
531,258,12,4,True,2026-02-11T20:15:00Z,0.0,1.0,26,False,90,0,0,0,1,0,0,0,0,0,0,0,12,21.6,11.3,6.0,3.9,13,2,0,13,1,0.05,0.0,0.05,2.53,46,-10060,383764,7326,17386,531,DEF,Daniel Ballard,Sunderland
629,257,16,0,False,2026-02-11T19:30:00Z,0.0,0.0,26,False,0,0,0,0,0,0,0,0,0,0,0,0,0,0.0,0.0,0.0,0.0,0,0,0,0,0,0.0,0.0,0.0,0.0,39,618,62274,1098,480,629,GKP,Daniel Bentley,Wolves
629,310,1,0,True,2026-02-18T20:00:00Z,2.0,2.0,26,False,0,0,0,0,0,0,0,0,0,0,0,0,0,0.0,0.0,0.0,0.0,0,0,0,0,0,0.0,0.0,0.0,0.0,39,618,62274,1098,480,629,GKP,Daniel Bentley,Wolves
353,253,7,1,False,2026-02-10T19:30:00Z,2.0,2.0,26,False,8,0,0,0,0,0,0,0,0,0,0,0,3,2.0,0.8,0.0,0.3,1,0,0,1,0,0.0,0.0,0.0,1.36,52,153,12517,220,67,353,MID,Daniel James,Leeds
256,254,3,1,True,2026-02-11T19:40:00Z,2.0,3.0,26,False,71,0,0,0,3,0,0,0,0,0,0,0,10,16.8,67.3,21.0,10.5,0,5,1,1,1,0.11,0.89,1.0,0.4,58,153196,1058594,166650,13454,256,DEF,Daniel Muñoz Mejía,Crystal Palace
798,254,3,0,True,2026-02-11T19:40:00Z,2.0,3.0,26,False,0,0,0,0,0,0,0,0,0,0,0,0,0,0.0,0.0,0.0,0.0,0,0,0,0,0,0.0,0.0,0.0,0.0,40,-58,386,3,61,798,DEF,Danny Imray,Crystal Palace
178,251,2,2,False,2026-02-11T19:30:00Z,1.0,0.0,26,False,80,0,0,1,0,0,0,0,0,0,0,0,10,11.2,12.9,13.0,3.7,2,0,2,4,1,0.05,0.01,0.06,0.51,62,-34769,474388,7993,42762,178,FWD,Danny Welbeck,Brighton
476,259,18,1,False,2026-02-10T19:30:00Z,1.0,2.0,26,False,90,0,0,0,1,0,0,0,1,0,0,0,9,22.2,11.8,8.0,4.2,4,3,5,9,1,0.07,0.01,0.08,1.85,50,-595,419135,6265,6860,476,DEF,Dan Burn,Newcastle
669,257,20,1,True,2026-02-11T19:30:00Z,0.0,0.0,26,False,25,0,0,0,0,0,0,0,0,0,0,0,5,5.0,21.8,23.0,5.0,0,0,1,1,0,0.13,0.02,0.15,0.22,55,-273,90843,547,820,669,MID,Dan Ndoye,Nott'm Forest
549,258,12,0,True,2026-02-11T20:15:00Z,0.0,1.0,26,False,0,0,0,0,0,0,0,0,0,0,0,0,0,0.0,0.0,0.0,0.0,0,0,0,0,0,0.0,0.0,0.0,0.0,48,-88,3734,0,88,549,MID,Dan Neil,Sunderland
204,254,8,0,False,2026-02-11T19:40:00Z,2.0,3.0,26,False,0,0,0,0,0,0,0,0,0,0,0,0,0,0.0,0.0,0.0,0.0,0,0,0,0,0,0.0,0.0,0.0,0.0,49,-5,1597,0,5,204,MID,Darko Churlinov,Burnley
361,253,7,0,False,2026-02-10T19:30:00Z,2.0,2.0,26,False,0,0,0,0,0,0,0,0,0,0,0,0,0,0.0,0.0,0.0,0.0,0,0,0,0,0,0.0,0.0,0.0,0.0,45,-14,3096,0,14,361,MID,Darko Gyabi,Leeds
397,258,17,0,False,2026-02-11T20:15:00Z,0.0,1.0,26,False,0,0,0,0,0,0,0,0,0,0,0,0,0,0.0,0.0,0.0,0.0,0,0,0,0,0,0.0,0.0,0.0,0.0,65,-14,8038,0,14,397,FWD,Darwin Núñez Ribeiro,Liverpool
86,255,9,0,False,2026-02-10T19:30:00Z,1.0,2.0,26,False,10,0,0,0,0,0,0,0,1,0,0,0,0,1.2,1.0,0.0,0.2,1,1,0,2,0,0.0,0.0,0.0,0.81,50,338,22043,819,481,86,MID,David Brooks,Bournemouth
509,257,20,0,True,2026-02-11T19:30:00Z,0.0,0.0,26,False,0,0,0,0,0,0,0,0,0,0,0,0,0,0.0,0.0,0.0,0.0,0,0,0,0,0,0.0,0.0,0.0,0.0,45,-7,2653,0,7,509,DEF,David Mota Veiga Teixeira do Carmo,Nott'm Forest
682,257,16,1,False,2026-02-11T19:30:00Z,0.0,0.0,26,False,30,0,0,0,0,0,0,0,0,0,0,0,5,4.6,0.1,0.0,0.5,1,1,1,2,0,0.0,0.0,0.0,1.05,42,74,8174,167,93,682,DEF,David Møller Wolfe,Wolves
682,310,1,0,True,2026-02-18T20:00:00Z,2.0,2.0,26,False,0,0,0,0,0,0,0,0,0,0,0,0,0,0.0,0.0,0.0,0.0,0,0,0,0,0,0.0,0.0,0.0,0.0,42,74,8174,167,93,682,DEF,David Møller Wolfe,Wolves
280,254,3,0,True,2026-02-11T19:40:00Z,2.0,3.0,26,False,0,0,0,0,0,0,0,0,0,0,0,0,0,0.0,0.0,0.0,0.0,0,0,0,0,0,0.0,0.0,0.0,0.0,45,0,150,0,0,280,MID,David Ozoh,Crystal Palace
1,252,5,2,False,2026-02-12T20:00:00Z,1.0,1.0,26,False,90,0,0,0,1,0,0,0,0,0,2,0,13,20.0,0.0,0.0,2.0,2,11,0,0,1,0.0,0.0,0.0,1.51,59,194830,4576749,245385,50555,1,GKP,David Raya Martín,Arsenal
1,310,20,1,False,2026-02-18T20:00:00Z,2.0,2.0,26,False,90,0,0,0,2,0,0,0,0,0,0,0,-3,0.0,0.0,0.0,0.0,1,6,0,0,1,0.0,0.0,0.0,0.29,59,194830,4576749,245385,50555,1,GKP,David Raya Martín,Arsenal
773,254,3,0,True,2026-02-11T19:40:00Z,2.0,3.0,26,False,0,0,0,0,0,0,0,0,0,0,0,0,0,0.0,0.0,0.0,0.0,0,0,0,0,0,0.0,0.0,0.0,0.0,40,29,1206,89,60,773,DEF,Dean Benamar,Crystal Palace
253,254,3,1,True,2026-02-11T19:40:00Z,2.0,3.0,26,False,90,0,0,0,3,0,0,0,0,0,1,0,0,11.0,0.0,0.0,1.1,0,9,0,0,1,0.0,0.01,0.01,0.53,50,21525,972931,39965,18440,253,GKP,Dean Henderson,Crystal Palace
21,252,5,5,False,2026-02-12T20:00:00Z,1.0,1.0,26,False,90,0,0,0,1,0,0,0,0,0,0,1,23,23.0,45.8,6.0,7.5,3,7,2,12,1,0.0,0.11,0.11,1.51,75,301276,4655944,426772,125496,21,MID,Declan Rice,Arsenal
21,310,20,9,False,2026-02-18T20:00:00Z,2.0,2.0,26,False,90,0,1,0,2,0,0,0,0,0,0,2,31,33.4,19.8,7.0,6.0,3,9,4,16,1,0.03,0.58,0.61,0.29,75,301276,4655944,426772,125496,21,MID,Declan Rice,Arsenal
583,259,15,0,True,2026-02-10T19:30:00Z,1.0,2.0,26,False,0,0,0,0,0,0,0,0,0,0,0,0,0,0.0,0.0,0.0,0.0,0,0,0,0,0,0.0,0.0,0.0,0.0,64,5,1652,25,20,583,MID,Dejan Kulusevski,Spurs
535,258,12,0,True,2026-02-11T20:15:00Z,0.0,1.0,26,False,0,0,0,0,0,0,0,0,0,0,0,0,0,0.0,0.0,0.0,0.0,0,0,0,0,0,0.0,0.0,0.0,0.0,40,-171,7079,213,384,535,DEF,Dennis Cirkin,Sunderland
435,260,19,0,False,2026-02-10T20:15:00Z,1.0,1.0,26,False,0,0,0,0,0,0,0,0,0,0,0,0,0,0.0,0.0,0.0,0.0,0,0,0,0,0,0.0,0.0,0.0,0.0,39,-32,13081,113,145,435,GKP,Dermot Mee,Man Utd
574,259,15,0,True,2026-02-10T19:30:00Z,1.0,2.0,26,False,0,0,0,0,0,0,0,0,0,0,0,0,0,0.0,0.0,0.0,0.0,0,0,0,0,0,0.0,0.0,0.0,0.0,43,-1339,40393,306,1645,574,DEF,Destiny Udogie,Spurs
144,251,2,0,False,2026-02-11T19:30:00Z,1.0,0.0,26,False,0,0,0,0,0,0,0,0,0,0,0,0,0,0.0,0.0,0.0,0.0,0,0,0,0,0,0.0,0.0,0.0,0.0,42,-170,6138,0,170,144,DEF,Diego Coppola,Brighton
169,251,2,3,False,2026-02-11T19:30:00Z,1.0,0.0,26,False,80,0,0,1,0,0,0,0,0,0,0,0,10,12.6,2.0,0.0,1.5,1,4,5,10,1,0.0,0.03,0.03,0.51,49,-1163,20058,449,1612,169,MID,Diego Gómez Amarilla,Brighton
439,260,19,0,False,2026-02-10T20:15:00Z,1.0,1.0,26,False,0,0,0,0,0,0,0,0,0,0,0,0,0,0.0,0.0,0.0,0.0,0,0,0,0,0,0.0,0.0,0.0,0.0,42,-6,7189,78,84,439,DEF,Diego León Blanco,Man Utd
734,257,20,0,True,2026-02-11T19:30:00Z,0.0,0.0,26,False,0,0,0,0,0,0,0,0,0,0,0,0,0,0.0,0.0,0.0,0.0,0,0,0,0,0,0.0,0.0,0.0,0.0,59,19,2516,151,132,734,MID,Dilane Bakwa,Nott'm Forest
440,260,19,1,False,2026-02-10T20:15:00Z,1.0,1.0,26,False,81,0,0,0,1,0,0,0,1,0,0,0,8,10.0,5.7,5.0,2.1,3,3,0,3,1,0.03,0.01,0.04,0.55,45,123021,604861,135223,12202,440,DEF,Diogo Dalot Teixeira,Man Utd
739,256,10,0,True,2026-02-11T19:30:00Z,3.0,0.0,26,False,0,0,0,0,0,0,0,0,0,0,0,0,0,0.0,0.0,0.0,0.0,0,0,0,0,0,0.0,0.0,0.0,0.0,44,-149,2605,3,152,739,MID,Divine Mukasa,Man City
573,259,15,0,True,2026-02-10T19:30:00Z,1.0,2.0,26,False,90,0,0,0,2,0,0,0,1,0,0,0,5,13.6,1.6,0.0,1.5,4,5,2,6,1,0.0,0.01,0.01,2.48,42,-4674,127645,1416,6090,573,DEF,Djed Spence,Spurs
800,258,12,0,True,2026-02-11T20:15:00Z,0.0,1.0,26,False,0,0,0,0,0,0,0,0,0,0,0,0,0,0.0,0.0,0.0,0.0,0,0,0,0,0,0.0,0.0,0.0,0.0,50,1,64,10,9,800,MID,Djiamgone Jocelin Ta Bi,Sunderland
691,253,7,0,False,2026-02-10T19:30:00Z,2.0,2.0,26,False,0,0,0,0,0,0,0,0,0,0,0,0,0,0.0,0.0,0.0,0.0,0,0,0,0,0,0.0,0.0,0.0,0.0,59,-43284,1433758,95145,138429,691,FWD,Dominic Calvert-Lewin,Leeds
94,255,9,0,False,2026-02-10T19:30:00Z,1.0,2.0,26,False,0,0,0,0,0,0,0,0,0,0,0,0,0,0.0,0.0,0.0,0.0,0,0,0,0,0,0.0,0.0,0.0,0.0,45,-20,3915,0,20,94,MID,Dominic Sadi,Bournemouth
596,259,15,2,True,2026-02-10T19:30:00Z,1.0,2.0,26,False,90,0,0,0,2,0,0,0,0,0,0,0,8,11.6,0.8,23.0,3.5,4,2,2,8,1,0.27,0.0,0.27,2.48,72,11209,175880,21959,10750,596,FWD,Dominic Solanke-Mitchell,Spurs
387,258,17,0,False,2026-02-11T20:15:00Z,0.0,1.0,26,False,0,0,0,0,0,0,0,0,0,0,0,0,0,0.0,0.0,0.0,0.0,0,0,0,0,0,0.0,0.0,0.0,0.0,67,-131741,661345,27990,159731,387,MID,Dominik Szoboszlai,Liverpool
53,251,6,0,True,2026-02-11T19:30:00Z,1.0,0.0,26,False,0,0,0,0,0,0,0,0,0,0,0,0,0,0.0,0.0,0.0,0.0,0,0,0,0,0,0.0,0.0,0.0,0.0,51,-2125,55555,0,2125,53,MID,Donyell Malen,Aston Villa
699,251,6,3,True,2026-02-11T19:30:00Z,1.0,0.0,26,False,83,0,0,1,0,0,0,0,0,0,0,0,19,10.4,30.0,0.0,4.0,1,8,2,11,1,0.0,0.07,0.07,0.5,49,452,10565,1320,868,699,MID,Douglas Luiz Soares de Paulo,Aston Villa
300,255,4,0,True,2026-02-10T19:30:00Z,1.0,2.0,26,False,0,0,0,0,0,0,0,0,0,0,0,0,0,0.0,0.0,0.0,0.0,0,0,0,0,0,0.0,0.0,0.0,0.0,55,-1465,19588,352,1817,300,MID,Dwight McNeil,Everton
247,253,11,0,True,2026-02-10T19:30:00Z,2.0,2.0,26,False,0,0,0,0,0,0,0,0,0,0,0,0,0,0.0,0.0,0.0,0.0,0,0,0,0,0,0.0,0.0,0.0,0.0,43,239,7259,427,188,247,MID,Dário Luís Essugo,Chelsea
266,252,5,1,False,2026-02-12T20:00:00Z,1.0,1.0,26,False,45,0,0,0,0,0,0,0,0,0,0,0,4,1.2,2.3,2.0,0.6,2,0,0,2,1,0.0,0.02,0.02,0.41,72,-10875,1010740,18174,29049,266,MID,Eberechi Eze,Arsenal
266,310,20,1,False,2026-02-18T20:00:00Z,2.0,2.0,26,False,25,0,0,0,1,0,0,0,0,0,0,0,3,0.0,2.0,4.0,0.6,0,1,0,1,0,0.2,0.01,0.21,0.17,72,-10875,1010740,18174,29049,266,MID,Eberechi Eze,Arsenal
284,254,3,0,True,2026-02-11T19:40:00Z,2.0,3.0,26,False,0,0,0,0,0,0,0,0,0,0,0,0,0,0.0,0.0,0.0,0.0,0,0,0,0,0,0.0,0.0,0.0,0.0,54,-1354,40102,80,1434,284,FWD,Eddie Nketiah,Crystal Palace
399,256,10,0,True,2026-02-11T19:30:00Z,3.0,0.0,26,False,0,0,0,0,0,0,0,0,0,0,0,0,0,0.0,0.0,0.0,0.0,0,0,0,0,0,0.0,0.0,0.0,0.0,53,-297,105129,0,297,399,GKP,Ederson Santana de Moraes,Man City
616,260,14,0,True,2026-02-10T20:15:00Z,1.0,1.0,26,False,0,0,0,0,0,0,0,0,0,0,0,0,0,0.0,0.0,0.0,0.0,0,0,0,0,0,0.0,0.0,0.0,0.0,49,-15,5998,0,15,616,MID,Edson Álvarez Velázquez,West Ham
154,251,2,0,False,2026-02-11T19:30:00Z,1.0,0.0,26,False,0,0,0,0,0,0,0,0,0,0,0,0,0,0.0,0.0,0.0,0.0,0,0,0,0,0,0.0,0.0,0.0,0.0,40,-2,596,0,2,154,DEF,Eiran Cashin,Brighton
561,258,12,0,True,2026-02-11T20:15:00Z,0.0,1.0,26,False,0,0,0,0,0,0,0,0,0,0,0,0,0,0.0,0.0,0.0,0.0,0,0,0,0,0,0.0,0.0,0.0,0.0,52,-710,65501,343,1053,561,FWD,Eliezer Mayenda Dossou,Sunderland
705,255,4,0,True,2026-02-10T19:30:00Z,1.0,2.0,26,False,0,0,0,0,0,0,0,0,0,0,0,0,0,0.0,0.0,0.0,0.0,0,0,0,0,0,0.0,0.0,0.0,0.0,39,-632,20991,3,635,705,DEF,Elijah Campbell,Everton
102,252,1,0,True,2026-02-12T20:00:00Z,1.0,1.0,26,False,0,0,0,0,0,0,0,0,0,0,0,0,0,0.0,0.0,0.0,0.0,0,0,0,0,0,0.0,0.0,0.0,0.0,39,52,33733,305,253,102,GKP,Ellery Balcombe,Brentford
517,257,20,5,True,2026-02-11T19:30:00Z,0.0,0.0,26,False,90,0,0,1,0,0,0,0,0,0,0,0,24,32.8,30.8,40.0,10.4,2,9,5,16,1,0.27,0.52,0.79,0.42,54,42736,762682,71055,28319,517,MID,Elliot Anderson,Nott'm Forest
433,260,19,0,False,2026-02-10T20:15:00Z,1.0,1.0,26,False,0,0,0,0,0,0,0,0,0,0,0,0,0,0.0,0.0,0.0,0.0,0,0,0,0,0,0.0,0.0,0.0,0.0,40,0,202,0,0,433,GKP,Elyh Harrison,Man Utd
603,260,14,6,True,2026-02-10T20:15:00Z,1.0,1.0,26,False,79,0,0,1,0,0,0,0,0,0,0,0,22,8.4,1.9,0.0,1.0,3,3,1,4,1,0.0,0.01,0.01,0.33,40,11258,190601,14782,3524,603,DEF,El Hadji Malick Diouf,West Ham
604,260,14,0,True,2026-02-10T20:15:00Z,1.0,1.0,26,False,0,0,0,0,0,0,0,0,0,0,0,0,0,0.0,0.0,0.0,0.0,0,0,0,0,0,0.0,0.0,0.0,0.0,44,-35,6614,0,35,604,DEF,Emerson Palmieri dos Santos,West Ham
325,256,13,1,False,2026-02-11T19:30:00Z,3.0,0.0,26,False,59,0,0,0,3,0,0,0,0,0,0,0,4,2.2,1.8,4.0,0.8,1,1,1,3,1,0.05,0.02,0.07,1.37,56,-4783,72090,1169,5952,325,MID,Emile Smith Rowe,Fulham
50,251,6,1,True,2026-02-11T19:30:00Z,1.0,0.0,26,False,59,0,0,0,0,0,0,0,0,0,0,0,8,5.8,10.4,4.0,2.0,2,4,0,6,1,0.02,0.01,0.03,0.17,53,-2248,69059,7729,9977,50,MID,Emiliano Buendía Stati,Aston Villa
32,251,6,8,True,2026-02-11T19:30:00Z,1.0,0.0,26,False,90,0,0,1,0,0,0,0,1,0,3,2,29,21.2,0.0,0.0,2.1,1,17,0,0,1,0.0,0.01,0.01,0.5,50,28186,478657,43679,15493,32,GKP,Emiliano Martínez Romero,Aston Villa
479,259,18,0,False,2026-02-10T19:30:00Z,1.0,2.0,26,False,0,0,0,0,0,0,0,0,0,0,0,0,0,0.0,0.0,0.0,0.0,0,0,0,0,0,0.0,0.0,0.0,0.0,43,0,4812,34,34,479,DEF,Emil Krafth,Newcastle
631,257,16,0,False,2026-02-11T19:30:00Z,0.0,0.0,26,False,0,0,0,0,0,0,0,0,0,0,0,0,0,0.0,0.0,0.0,0.0,0,0,0,0,0,0.0,0.0,0.0,0.0,42,-283,15369,68,351,631,DEF,Emmanuel Agbadou,Wolves
631,310,1,0,True,2026-02-18T20:00:00Z,2.0,2.0,26,False,0,0,0,0,0,0,0,0,0,0,0,0,0,0.0,0.0,0.0,0.0,0,0,0,0,0,0.0,0.0,0.0,0.0,42,-283,15369,68,351,631,DEF,Emmanuel Agbadou,Wolves
392,258,17,3,False,2026-02-11T20:15:00Z,0.0,1.0,26,False,68,0,0,1,0,0,0,0,0,0,0,0,14,14.2,1.8,6.0,2.2,6,3,2,11,1,0.04,0.01,0.05,0.42,49,63,11241,165,102,392,MID,Endo Wataru,Liverpool
98,255,9,1,False,2026-02-10T19:30:00Z,1.0,2.0,26,False,32,0,0,0,0,0,0,0,0,0,0,0,0,0.0,4.0,6.0,0.7,1,1,0,2,0,0.09,0.0,0.09,1.0,54,258,5707,618,360,98,FWD,Enes Ünal,Bournemouth
203,254,8,0,False,2026-02-11T19:40:00Z,2.0,3.0,26,False,0,0,0,0,0,0,0,0,0,0,0,0,0,0.0,0.0,0.0,0.0,0,0,0,0,0,0.0,0.0,0.0,0.0,47,29,5959,168,139,203,MID,Enock Agyei,Burnley
652,257,16,0,False,2026-02-11T19:30:00Z,0.0,0.0,26,False,0,0,0,0,0,0,0,0,0,0,0,0,0,0.0,0.0,0.0,0.0,0,0,0,0,0,0.0,0.0,0.0,0.0,43,1683,170846,4994,3311,652,MID,Enso González Medina,Wolves
652,310,1,0,True,2026-02-18T20:00:00Z,2.0,2.0,26,False,0,0,0,0,0,0,0,0,0,0,0,0,0,0.0,0.0,0.0,0.0,0,0,0,0,0,0.0,0.0,0.0,0.0,43,1683,170846,4994,3311,652,MID,Enso González Medina,Wolves
56,251,6,0,True,2026-02-11T19:30:00Z,1.0,0.0,26,False,0,0,0,0,0,0,0,0,0,0,0,0,0,0.0,0.0,0.0,0.0,0,0,0,0,0,0.0,0.0,0.0,0.0,50,0,46,0,0,56,MID,Enzo Barrenechea,Aston Villa
237,253,11,2,True,2026-02-10T19:30:00Z,2.0,2.0,26,False,90,0,0,0,2,0,0,0,0,0,0,0,21,19.8,83.0,15.0,11.8,1,3,2,6,1,0.13,0.69,0.82,1.44,69,-43924,2976332,125011,168935,237,MID,Enzo Fernández,Chelsea
547,258,12,2,True,2026-02-11T20:15:00Z,0.0,1.0,26,False,90,0,0,0,1,0,0,0,0,0,0,0,14,19.2,9.9,0.0,2.9,4,3,3,10,1,0.0,0.24,0.24,2.53,49,-13581,156025,8667,22248,547,MID,Enzo Le Fée,Sunderland
523,257,20,0,True,2026-02-11T19:30:00Z,0.0,0.0,26,False,0,0,0,0,0,0,0,0,0,0,0,0,0,0.0,0.0,0.0,0.0,0,0,0,0,0,0.0,0.0,0.0,0.0,45,153,7033,213,60,523,MID,Eric da Silva Moreira,Nott'm Forest
430,256,10,5,True,2026-02-11T19:30:00Z,3.0,0.0,26,False,45,1,0,0,0,0,0,0,0,0,0,0,29,32.0,0.6,11.0,4.4,0,1,0,1,1,0.12,0.0,0.12,0.62,149,-96287,8866152,42325,138612,430,FWD,Erling Haaland,Man City
238,253,11,3,True,2026-02-10T19:30:00Z,2.0,2.0,26,False,63,0,0,1,0,0,0,0,0,0,0,0,6,4.8,16.1,9.0,3.0,3,3,1,7,1,0.06,0.02,0.08,0.01,64,-33134,310537,12723,45857,238,MID,Estêvão Almeida de Oliveira Gonçalves,Chelsea
354,253,7,2,False,2026-02-10T19:30:00Z,2.0,2.0,26,False,90,0,0,0,2,0,0,0,0,0,0,0,11,9.6,3.7,0.0,1.3,4,2,0,6,1,0.0,0.01,0.01,3.13,49,-566,20567,1479,2045,354,MID,Ethan Ampadu,Leeds
25,252,5,0,False,2026-02-12T20:00:00Z,1.0,1.0,26,False,0,0,0,0,0,0,0,0,0,0,0,0,0,0.0,0.0,0.0,0.0,0,0,0,0,0,0.0,0.0,0.0,0.0,50,-252,15353,0,252,25,MID,Ethan Nwaneri,Arsenal
25,310,20,0,False,2026-02-18T20:00:00Z,2.0,2.0,26,False,0,0,0,0,0,0,0,0,0,0,0,0,0,0.0,0.0,0.0,0.0,0,0,0,0,0,0.0,0.0,0.0,0.0,50,-252,15353,0,252,25,MID,Ethan Nwaneri,Arsenal
111,252,1,0,True,2026-02-12T20:00:00Z,1.0,1.0,26,False,0,0,0,0,0,0,0,0,0,0,0,0,0,0.0,0.0,0.0,0.0,0,0,0,0,0,0.0,0.0,0.0,0.0,42,-87,14415,276,363,111,DEF,Ethan Pinnock,Brentford
778,257,16,0,False,2026-02-11T19:30:00Z,0.0,0.0,26,False,0,0,0,0,0,0,0,0,0,0,0,0,0,0.0,0.0,0.0,0.0,0,0,0,0,0,0.0,0.0,0.0,0.0,45,30,911,115,85,778,MID,Ethan Sutherland,Wolves
778,310,1,0,True,2026-02-18T20:00:00Z,2.0,2.0,26,False,0,0,0,0,0,0,0,0,0,0,0,0,0,0.0,0.0,0.0,0.0,0,0,0,0,0,0.0,0.0,0.0,0.0,45,30,911,115,85,778,MID,Ethan Sutherland,Wolves
468,260,19,0,False,2026-02-10T20:15:00Z,1.0,1.0,26,False,0,0,0,0,0,0,0,0,0,0,0,0,0,0.0,0.0,0.0,0.0,0,0,0,0,0,0.0,0.0,0.0,0.0,45,-181,11068,0,181,468,FWD,Ethan Wheatley,Man Utd
184,254,8,0,False,2026-02-11T19:40:00Z,2.0,3.0,26,False,0,0,0,0,0,0,0,0,0,0,0,0,0,0.0,0.0,0.0,0.0,0,0,0,0,0,0.0,0.0,0.0,0.0,40,-167,21336,0,167,184,GKP,Etienne Green,Burnley
677,254,3,1,True,2026-02-11T19:40:00Z,2.0,3.0,26,False,57,0,0,0,3,0,0,0,0,0,0,0,0,0.0,2.4,8.0,1.0,1,4,2,7,1,0.08,0.02,0.1,0.37,62,642,5543,791,149,677,MID,Evann Guessand,Crystal Palace
179,251,2,0,False,2026-02-11T19:30:00Z,1.0,0.0,26,False,0,0,0,0,0,0,0,0,0,0,0,0,0,0.0,0.0,0.0,0.0,0,0,0,0,0,0.0,0.0,0.0,0.0,55,0,969,0,0,179,FWD,Evan Ferguson,Brighton
747,260,14,0,True,2026-02-10T20:15:00Z,1.0,1.0,26,False,0,0,0,0,0,0,0,0,0,0,0,0,0,0.0,0.0,0.0,0.0,0,0,0,0,0,0.0,0.0,0.0,0.0,40,-6,3841,112,118,747,DEF,Ezra Mayers,West Ham
38,251,6,6,True,2026-02-11T19:30:00Z,1.0,0.0,26,False,90,0,0,1,0,0,0,0,0,0,0,0,25,7.0,1.1,11.0,1.9,4,4,0,4,1,0.15,0.02,0.17,0.5,44,-71,975941,20324,20395,38,DEF,Ezri Konsa Ngoyo,Aston Villa
474,259,18,0,False,2026-02-10T19:30:00Z,1.0,2.0,26,False,0,0,0,0,0,0,0,0,0,0,0,0,0,0.0,0.0,0.0,0.0,0,0,0,0,0,0.0,0.0,0.0,0.0,52,-6027,160267,63,6090,474,DEF,Fabian Schär,Newcastle
168,253,7,0,False,2026-02-10T19:30:00Z,2.0,2.0,26,False,0,0,0,0,0,0,0,0,0,0,0,0,0,0.0,0.0,0.0,0.0,0,0,0,0,0,0.0,0.0,0.0,0.0,46,134,12454,682,548,168,MID,Facundo Buonanotte,Leeds
385,258,17,1,False,2026-02-11T20:15:00Z,0.0,1.0,26,False,2,0,0,0,0,0,0,0,0,0,0,0,1,0.0,0.3,2.0,0.2,1,0,0,1,0,0.0,0.0,0.0,0.05,63,-171,36009,327,498,385,MID,Federico Chiesa,Liverpool
511,257,20,8,True,2026-02-11T19:30:00Z,0.0,0.0,26,False,90,0,0,1,0,0,0,0,0,0,0,0,30,23.6,11.4,43.0,7.8,8,7,2,10,1,0.37,0.01,0.38,0.42,43,341,10952,506,165,511,DEF,Felipe Rodrigues da Silva,Nott'm Forest
148,251,2,2,False,2026-02-11T19:30:00Z,1.0,0.0,26,False,90,0,0,0,1,0,0,0,0,0,0,0,17,10.0,2.3,7.0,1.9,1,5,2,3,1,0.03,0.01,0.04,0.72,44,-2966,42544,749,3715,148,DEF,Ferdi Kadıoğlu,Brighton
645,257,16,0,False,2026-02-11T19:30:00Z,0.0,0.0,26,False,0,0,0,0,0,0,0,0,0,0,0,0,0,0.0,0.0,0.0,0.0,0,0,0,0,0,0.0,0.0,0.0,0.0,51,-50,3587,0,50,645,MID,Fer López González,Wolves
645,310,1,0,True,2026-02-18T20:00:00Z,2.0,2.0,26,False,0,0,0,0,0,0,0,0,0,0,0,0,0,0.0,0.0,0.0,0.0,0,0,0,0,0,0.0,0.0,0.0,0.0,51,-50,3587,0,50,645,MID,Fer López González,Wolves
221,253,11,0,True,2026-02-10T19:30:00Z,2.0,2.0,26,False,0,0,0,0,0,0,0,0,0,0,0,0,0,0.0,0.0,0.0,0.0,0,0,0,0,0,0.0,0.0,0.0,0.0,43,-393,21406,46,439,221,GKP,Filip Jörgensen,Chelsea
35,251,6,0,True,2026-02-11T19:30:00Z,1.0,0.0,26,False,0,0,0,0,0,0,0,0,0,0,0,0,0,0.0,0.0,0.0,0.0,0,0,0,0,0,0.0,0.0,0.0,0.0,40,-4,1092,0,4,35,GKP,Filip Marschall,Aston Villa
722,254,8,1,False,2026-02-11T19:40:00Z,2.0,3.0,26,False,3,0,0,0,0,0,0,0,0,0,0,0,5,9.2,0.1,0.0,0.9,5,0,0,5,0,0.0,0.0,0.0,0.31,50,-319,5552,307,626,722,MID,Florentino Ibrain Morris Luís,Burnley
382,258,17,3,False,2026-02-11T20:15:00Z,0.0,1.0,26,False,90,0,0,1,0,0,0,0,0,0,0,0,13,13.6,30.2,46.0,9.0,0,6,1,7,1,0.62,0.1,0.72,0.63,84,-56270,1755857,52709,108979,382,MID,Florian Wirtz,Liverpool
97,255,9,1,False,2026-02-10T19:30:00Z,1.0,2.0,26,False,57,0,0,0,1,0,0,0,0,0,0,0,7,7.2,1.3,24.0,3.3,1,1,0,2,1,0.12,0.01,0.13,1.95,70,-53869,371610,18020,71889,97,FWD,Francisco Evanilson de Lima Barbosa,Bournemouth
282,254,3,0,True,2026-02-11T19:40:00Z,2.0,3.0,26,False,0,0,0,0,0,0,0,0,0,0,0,0,0,0.0,0.0,0.0,0.0,0,0,0,0,0,0.0,0.0,0.0,0.0,45,-5,1978,0,5,282,MID,Franco Umeh-Chibueze,Crystal Palace
128,252,1,0,True,2026-02-12T20:00:00Z,1.0,1.0,26,False,0,0,0,0,0,0,0,0,0,0,0,0,0,0.0,0.0,0.0,0.0,0,0,0,0,0,0.0,0.0,0.0,0.0,48,-79,5524,0,79,128,MID,Frank Onyeka,Brentford
782,255,9,0,False,2026-02-10T19:30:00Z,1.0,2.0,26,False,0,0,0,0,0,0,0,0,0,0,0,0,0,0.0,0.0,0.0,0.0,0,0,0,0,0,0.0,0.0,0.0,0.0,40,268,2298,365,97,782,GKP,Fraser Forster,Bournemouth
623,260,14,3,True,2026-02-10T20:15:00Z,1.0,1.0,26,False,79,0,0,1,0,0,0,0,0,0,0,0,10,9.8,2.9,0.0,1.3,6,1,2,9,1,0.0,0.01,0.01,0.33,44,-1470,87470,2585,4055,623,MID,Freddie Potts,West Ham
761,251,2,0,False,2026-02-11T19:30:00Z,1.0,0.0,26,False,0,0,0,0,0,0,0,0,0,0,0,0,0,0.0,0.0,0.0,0.0,0,0,0,0,0,0.0,0.0,0.0,0.0,40,49,1508,93,44,761,DEF,Freddie Simmonds,Brighton
369,258,17,0,False,2026-02-11T20:15:00Z,0.0,1.0,26,False,0,0,0,0,0,0,0,0,0,0,0,0,0,0.0,0.0,0.0,0.0,0,0,0,0,0,0.0,0.0,0.0,0.0,39,-82,22684,159,241,369,GKP,Freddie Woodman,Liverpool
23,252,5,0,False,2026-02-12T20:00:00Z,1.0,1.0,26,False,0,0,0,0,0,0,0,0,0,0,0,0,0,0.0,0.0,0.0,0.0,0,0,0,0,0,0.0,0.0,0.0,0.0,54,-7,2476,0,7,23,MID,Fábio Ferreira Vieira,Arsenal
23,310,20,0,False,2026-02-18T20:00:00Z,2.0,2.0,26,False,0,0,0,0,0,0,0,0,0,0,0,0,0,0.0,0.0,0.0,0.0,0,0,0,0,0,0.0,0.0,0.0,0.0,54,-7,2476,0,7,23,MID,Fábio Ferreira Vieira,Arsenal
123,252,1,0,True,2026-02-12T20:00:00Z,1.0,1.0,26,False,0,0,0,0,0,0,0,0,0,0,0,0,0,0.0,0.0,0.0,0.0,0,0,0,0,0,0.0,0.0,0.0,0.0,47,-105,14116,20,125,123,MID,Fábio Freitas Gouveia Carvalho,Brentford
655,257,16,0,False,2026-02-11T19:30:00Z,0.0,0.0,26,False,0,0,0,0,0,0,0,0,0,0,0,0,0,0.0,0.0,0.0,0.0,0,0,0,0,0,0.0,0.0,0.0,0.0,49,-88,21629,0,88,655,FWD,Fábio Soares Silva,Wolves
655,310,1,0,True,2026-02-18T20:00:00Z,2.0,2.0,26,False,0,0,0,0,0,0,0,0,0,0,0,0,0,0.0,0.0,0.0,0.0,0,0,0,0,0,0.0,0.0,0.0,0.0,49,-88,21629,0,88,655,FWD,Fábio Soares Silva,Wolves
5,252,5,3,False,2026-02-12T20:00:00Z,1.0,1.0,26,False,90,0,0,0,1,0,0,0,1,0,0,0,14,43.0,6.4,8.0,5.7,14,4,4,18,1,0.12,0.03,0.15,1.51,71,262848,5593857,289752,26904,5,DEF,Gabriel dos Santos Magalhães,Arsenal
5,310,20,4,False,2026-02-18T20:00:00Z,2.0,2.0,26,False,90,0,1,0,2,0,0,0,0,0,0,0,21,32.8,15.0,0.0,4.8,6,5,0,6,1,0.0,0.14,0.14,0.29,71,262848,5593857,289752,26904,5,DEF,Gabriel dos Santos Magalhães,Arsenal
31,252,5,0,False,2026-02-12T20:00:00Z,1.0,1.0,26,False,0,0,0,0,0,0,0,0,0,0,0,0,0,0.0,0.0,0.0,0.0,0,0,0,0,0,0.0,0.0,0.0,0.0,64,16944,93999,29937,12993,31,FWD,Gabriel Fernando de Jesus,Arsenal
31,310,20,0,False,2026-02-18T20:00:00Z,2.0,2.0,26,False,25,0,0,0,1,0,0,0,1,0,0,0,-1,0.0,1.7,4.0,0.5,0,3,0,3,0,0.0,0.01,0.01,0.17,64,16944,93999,29937,12993,31,FWD,Gabriel Fernando de Jesus,Arsenal
347,253,7,0,False,2026-02-10T19:30:00Z,2.0,2.0,26,False,90,0,0,0,2,0,0,0,1,0,0,0,-8,0.0,0.5,0.0,0.0,1,4,0,1,1,0.0,0.0,0.0,3.13,38,5888,495198,18613,12725,347,DEF,Gabriel Gudmundsson,Leeds
19,252,5,1,False,2026-02-12T20:00:00Z,1.0,1.0,26,False,9,0,0,0,0,0,0,0,0,0,0,0,3,5.2,0.0,17.0,2.2,1,0,0,1,0,0.07,0.0,0.07,0.33,68,29143,145001,32514,3371,19,MID,Gabriel Martinelli Silva,Arsenal
19,310,20,2,False,2026-02-18T20:00:00Z,2.0,2.0,26,False,90,0,0,0,2,0,0,0,0,0,0,0,7,13.8,28.8,48.0,9.1,1,7,2,10,1,0.63,0.12,0.75,0.29,68,29143,145001,32514,3371,19,MID,Gabriel Martinelli Silva,Arsenal
223,253,11,0,True,2026-02-10T19:30:00Z,2.0,2.0,26,False,0,0,0,0,0,0,0,0,0,0,0,0,0,0.0,0.0,0.0,0.0,0,0,0,0,0,0.0,0.0,0.0,0.0,39,-134,14321,86,220,223,GKP,Gabriel Słonina,Chelsea
496,259,18,0,False,2026-02-10T19:30:00Z,1.0,2.0,26,False,0,0,0,0,0,0,0,0,0,0,0,0,0,0.0,0.0,0.0,0.0,0,0,0,0,0,0.0,0.0,0.0,0.0,44,-12,4281,0,12,496,MID,Garang Kuol,Newcastle
784,254,8,0,False,2026-02-11T19:40:00Z,2.0,3.0,26,False,0,0,0,0,0,0,0,0,0,0,0,0,0,0.0,0.0,0.0,0.0,0,0,0,0,0,0.0,0.0,0.0,0.0,45,19,261,51,32,784,MID,George Brierley,Burnley
620,260,14,0,True,2026-02-10T20:15:00Z,1.0,1.0,26,False,0,0,0,0,0,0,0,0,0,0,0,0,0,0.0,0.0,0.0,0.0,0,0,0,0,0,0.0,0.0,0.0,0.0,45,-89,5532,0,89,620,MID,George Earthy,West Ham
754,251,6,0,True,2026-02-11T19:30:00Z,1.0,0.0,26,False,0,0,0,0,0,0,0,0,0,0,0,0,0,0.0,0.0,0.0,0.0,0,0,0,0,0,0.0,0.0,0.0,0.0,45,67,918,117,50,754,MID,George Hemmings,Aston Villa
793,254,3,0,True,2026-02-11T19:40:00Z,2.0,3.0,26,False,0,0,0,0,0,0,0,0,0,0,0,0,0,0.0,0.0,0.0,0.0,0,0,0,0,0,0.0,0.0,0.0,0.0,40,166,1368,239,73,793,DEF,George King,Crystal Palace
158,251,2,0,False,2026-02-11T19:30:00Z,1.0,0.0,26,False,0,0,0,0,0,0,0,0,0,0,0,0,0,0.0,0.0,0.0,0.0,0,0,0,0,0,0.0,0.0,0.0,0.0,56,-4910,47152,440,5350,158,MID,Georginio Rutter,Brighton
736,256,10,7,True,2026-02-11T19:30:00Z,3.0,0.0,26,False,90,0,0,1,0,0,0,0,0,0,3,0,28,26.6,0.0,0.0,2.7,1,5,0,0,1,0.0,0.0,0.0,1.42,56,-10378,1144860,29361,39739,736,GKP,Gianluigi Donnarumma,Man City
367,258,17,0,False,2026-02-11T20:15:00Z,0.0,1.0,26,False,0,0,0,0,0,0,0,0,0,0,0,0,0,0.0,0.0,0.0,0.0,0,0,0,0,0,0.0,0.0,0.0,0.0,41,-392,70575,797,1189,367,GKP,Giorgi Mamardashvili,Liverpool
692,258,17,0,False,2026-02-11T20:15:00Z,0.0,1.0,26,False,0,0,0,0,0,0,0,0,0,0,0,0,0,0.0,0.0,0.0,0.0,0,0,0,0,0,0.0,0.0,0.0,0.0,49,-4,1782,13,17,692,DEF,Giovanni Leoni,Liverpool
788,260,19,0,False,2026-02-10T20:15:00Z,1.0,1.0,26,False,0,0,0,0,0,0,0,0,0,0,0,0,0,0.0,0.0,0.0,0.0,0,0,0,0,0,0.0,0.0,0.0,0.0,40,12,827,55,43,788,DEF,Godwill Kukonki,Man Utd
647,257,16,0,False,2026-02-11T19:30:00Z,0.0,0.0,26,False,0,0,0,0,0,0,0,0,0,0,0,0,0,0.0,0.0,0.0,0.0,0,0,0,0,0,0.0,0.0,0.0,0.0,55,0,395,0,0,647,MID,Gonçalo Manuel Ganchinho Guedes,Wolves
647,310,1,0,True,2026-02-18T20:00:00Z,2.0,2.0,26,False,0,0,0,0,0,0,0,0,0,0,0,0,0,0.0,0.0,0.0,0.0,0,0,0,0,0,0.0,0.0,0.0,0.0,55,0,395,0,0,647,MID,Gonçalo Manuel Ganchinho Guedes,Wolves
668,258,12,0,True,2026-02-11T20:15:00Z,0.0,1.0,26,False,0,0,0,0,0,0,0,0,0,0,0,0,0,0.0,0.0,0.0,0.0,0,0,0,0,0,0.0,0.0,0.0,0.0,51,-72413,468152,384,72797,668,MID,Granit Xhaka,Sunderland
565,259,15,2,True,2026-02-10T19:30:00Z,1.0,2.0,26,False,90,0,0,0,2,0,0,0,0,0,3,0,10,25.8,0.0,0.0,2.6,2,5,0,0,1,0.0,0.0,0.0,2.48,48,-17697,777128,6702,24399,565,GKP,Guglielmo Vicario,Spurs
618,260,14,0,True,2026-02-10T20:15:00Z,1.0,1.0,26,False,0,0,0,0,0,0,0,0,0,0,0,0,0,0.0,0.0,0.0,0.0,0,0,0,0,0,0.0,0.0,0.0,0.0,48,-99,5518,0,99,618,MID,Guido Rodríguez,West Ham
127,252,1,0,True,2026-02-12T20:00:00Z,1.0,1.0,26,False,0,0,0,0,0,0,0,0,0,0,0,0,0,0.0,0.0,0.0,0.0,0,0,0,0,0,0.0,0.0,0.0,0.0,49,-56,1802,0,56,127,MID,Gustavo Nunes Fernandes Gomes,Brentford
544,258,12,2,True,2026-02-11T20:15:00Z,0.0,1.0,26,False,90,0,0,0,1,0,0,0,0,0,0,0,8,6.0,7.6,6.0,2.0,0,3,2,5,1,0.0,0.15,0.15,2.41,53,296,7459,814,518,544,MID,Habib Diarra,Sunderland
93,255,9,0,False,2026-02-10T19:30:00Z,1.0,2.0,26,False,0,0,0,0,0,0,0,0,0,0,0,0,0,0.0,0.0,0.0,0.0,0,0,0,0,0,0.0,0.0,0.0,0.0,45,-188,35786,0,188,93,MID,Hamed Traorè,Bournemouth
188,254,8,0,False,2026-02-11T19:40:00Z,2.0,3.0,26,False,0,0,0,0,0,0,0,0,0,0,0,0,0,0.0,0.0,0.0,0.0,0,0,0,0,0,0.0,0.0,0.0,0.0,38,-665,28515,0,665,188,DEF,Hannes Delcroix,Burnley
207,254,8,10,False,2026-02-11T19:40:00Z,2.0,3.0,26,False,82,1,0,0,2,0,0,0,1,0,0,2,36,50.4,6.8,19.0,7.6,2,8,3,13,1,0.09,0.03,0.12,1.49,47,196,13001,465,269,207,MID,Hannibal Mejbri,Burnley
305,255,4,1,True,2026-02-10T19:30:00Z,1.0,2.0,26,False,28,0,0,0,1,0,0,0,0,0,0,0,7,5.0,2.9,41.0,4.9,0,2,1,3,0,0.33,0.03,0.36,0.79,45,1436,11208,1885,449,305,MID,Harrison Armstrong,Everton
482,259,18,0,False,2026-02-10T19:30:00Z,1.0,2.0,26,False,0,0,0,0,0,0,0,0,0,0,0,0,0,0.0,0.0,0.0,0.0,0,0,0,0,0,0.0,0.0,0.0,0.0,39,-151,14773,0,151,482,DEF,Harrison Ashby,Newcastle
557,258,12,0,True,2026-02-11T20:15:00Z,0.0,1.0,26,False,0,0,0,0,0,0,0,0,0,0,0,0,0,0.0,0.0,0.0,0.0,0,0,0,0,0,0.0,0.0,0.0,0.0,43,286,8719,542,256,557,MID,Harrison Jones,Sunderland
336,256,13,1,False,2026-02-11T19:30:00Z,3.0,0.0,26,False,9,0,0,0,0,0,0,0,0,0,0,0,3,1.0,0.3,0.0,0.1,0,1,0,1,0,0.0,0.0,0.0,0.0,43,3713,50787,6107,2394,336,MID,Harrison Reed,Fulham
445,260,19,0,False,2026-02-10T20:15:00Z,1.0,1.0,26,False,0,0,0,0,0,0,0,0,0,0,0,0,0,0.0,0.0,0.0,0.0,0,0,0,0,0,0.0,0.0,0.0,0.0,40,-44,8822,0,44,445,DEF,Harry Amass,Man Utd
741,253,7,0,False,2026-02-10T19:30:00Z,2.0,2.0,26,False,0,0,0,0,0,0,0,0,0,0,0,0,0,0.0,0.0,0.0,0.0,0,0,0,0,0,0.0,0.0,0.0,0.0,45,-547,11850,0,547,741,FWD,Harry Gray,Leeds
795,251,2,1,False,2026-02-11T19:30:00Z,1.0,0.0,26,False,9,0,0,0,1,0,0,0,0,0,0,0,3,1.2,0.6,2.0,0.4,0,1,0,1,0,0.0,0.01,0.01,0.21,45,200,491,231,31,795,MID,Harry Howell,Brighton
442,260,19,2,False,2026-02-10T20:15:00Z,1.0,1.0,26,False,67,0,0,0,1,0,0,0,0,0,0,0,15,9.6,1.1,6.0,1.7,4,1,2,6,1,0.01,0.02,0.03,0.55,43,32620,213821,39447,6827,442,DEF,Harry Maguire,Man Utd
289,255,4,0,True,2026-02-10T19:30:00Z,1.0,2.0,26,False,0,0,0,0,0,0,0,0,0,0,0,0,0,0.0,0.0,0.0,0.0,0,0,0,0,0,0.0,0.0,0.0,0.0,39,-168,12488,0,168,289,GKP,Harry Tyrer,Everton
329,256,13,2,False,2026-02-11T19:30:00Z,3.0,0.0,26,False,71,0,0,0,3,0,0,0,0,0,0,0,9,7.4,25.6,17.0,5.0,0,1,0,1,1,0.08,0.23,0.31,1.37,60,-518890,2618408,40091,558981,329,MID,Harry Wilson,Fulham
487,259,18,2,False,2026-02-10T19:30:00Z,1.0,2.0,26,False,90,0,0,0,1,0,0,0,0,0,0,0,13,8.0,8.5,36.0,5.3,1,3,1,5,1,0.25,0.05,0.3,1.85,61,-20937,177524,9132,30069,487,MID,Harvey Barnes,Newcastle
389,251,6,0,True,2026-02-11T19:30:00Z,1.0,0.0,26,False,0,0,0,0,0,0,0,0,0,0,0,0,0,0.0,0.0,0.0,0.0,0,0,0,0,0,0.0,0.0,0.0,0.0,51,116,22397,468,352,389,MID,Harvey Elliott,Aston Villa
190,254,8,0,False,2026-02-11T19:40:00Z,2.0,3.0,26,False,0,0,0,0,0,0,0,0,0,0,0,0,0,0.0,0.0,0.0,0.0,0,0,0,0,0,0.0,0.0,0.0,0.0,39,-2512,104279,313,2825,190,DEF,Hjalmar Ekdal,Burnley
633,257,16,1,False,2026-02-11T19:30:00Z,0.0,0.0,26,False,59,0,0,0,0,0,0,0,0,0,0,0,10,6.6,1.3,8.0,1.6,1,5,2,3,1,0.0,0.04,0.04,1.5,43,11195,37288,12659,1464,633,DEF,Hugo Bueno López,Wolves
633,310,1,7,True,2026-02-18T20:00:00Z,2.0,2.0,26,False,90,1,0,0,2,0,0,0,0,0,0,0,27,50.0,10.2,7.0,6.7,2,10,3,5,1,0.04,0.03,0.07,1.86,43,11195,37288,12659,1464,633,DEF,Hugo Bueno López,Wolves
661,258,17,2,False,2026-02-11T20:15:00Z,0.0,1.0,26,False,87,0,0,1,0,0,0,0,0,0,0,0,-2,1.0,16.9,17.0,3.5,1,3,0,4,1,0.42,0.13,0.55,0.57,89,-69034,3270896,127126,196160,661,FWD,Hugo Ekitiké,Liverpool
642,257,16,0,False,2026-02-11T19:30:00Z,0.0,0.0,26,False,0,0,0,0,0,0,0,0,0,0,0,0,0,0.0,0.0,0.0,0.0,0,0,0,0,0,0.0,0.0,0.0,0.0,56,-483,18642,2449,2932,642,MID,Hwang Hee-chan,Wolves
642,310,1,0,True,2026-02-18T20:00:00Z,2.0,2.0,26,False,0,0,0,0,0,0,0,0,0,0,0,0,0,0.0,0.0,0.0,0.0,0,0,0,0,0,0.0,0.0,0.0,0.0,56,-483,18642,2449,2932,642,MID,Hwang Hee-chan,Wolves
105,252,1,0,True,2026-02-12T20:00:00Z,1.0,1.0,26,False,0,0,0,0,0,0,0,0,0,0,0,0,0,0.0,0.0,0.0,0.0,0,0,0,0,0,0.0,0.0,0.0,0.0,39,-561,78925,207,768,105,GKP,Hákon Rafn Valdimarsson,Brentford
39,251,6,8,True,2026-02-11T19:30:00Z,1.0,0.0,26,False,90,0,0,1,0,0,0,0,0,0,0,0,24,24.6,29.7,12.0,6.6,9,3,2,11,1,0.02,0.08,0.1,0.5,42,894,72364,3357,2463,39,DEF,Ian Maatsen,Aston Villa
550,258,12,0,True,2026-02-11T20:15:00Z,0.0,1.0,26,False,0,0,0,0,0,0,0,0,0,0,0,0,0,0.0,0.0,0.0,0.0,0,0,0,0,0,0.0,0.0,0.0,0.0,48,-2,3149,40,42,550,MID,Ian Poveda-Ocampo,Sunderland
374,258,17,6,False,2026-02-11T20:15:00Z,0.0,1.0,26,False,90,0,0,1,0,0,0,0,0,0,0,0,26,19.2,12.1,1.0,3.2,6,1,2,8,1,0.02,0.02,0.04,0.63,54,4141,385420,15597,11456,374,DEF,Ibrahima Konaté,Liverpool
521,257,20,3,True,2026-02-11T19:30:00Z,0.0,0.0,26,False,90,0,0,1,0,0,0,0,0,0,0,0,13,9.0,14.2,2.0,2.5,0,4,4,8,1,0.0,0.1,0.1,0.42,49,272,8568,682,410,521,MID,Ibrahim Sangaré,Nott'm Forest
302,255,4,2,True,2026-02-10T19:30:00Z,1.0,2.0,26,False,90,0,0,0,2,0,0,0,0,0,0,0,16,21.4,14.4,7.0,4.3,4,6,1,11,1,0.04,0.03,0.07,1.34,54,284,11766,750,466,302,MID,Idrissa Gana Gueye,Everton
526,257,20,1,True,2026-02-11T19:30:00Z,0.0,0.0,26,False,19,0,0,0,0,0,0,0,0,0,0,0,3,5.0,0.0,33.0,3.8,1,0,0,1,0,0.33,0.0,0.33,0.2,58,6912,189824,25853,18941,526,FWD,Igor Jesus Maciel da Cruz,Nott'm Forest
149,251,2,0,False,2026-02-11T19:30:00Z,1.0,0.0,26,False,0,0,0,0,0,0,0,0,0,0,0,0,0,0.0,0.0,0.0,0.0,0,0,0,0,0,0.0,0.0,0.0,0.0,45,-39,9572,169,208,149,DEF,Igor Julio dos Santos de Paulo,Brighton
136,252,1,2,True,2026-02-12T20:00:00Z,1.0,1.0,26,False,90,0,0,0,1,0,0,0,0,0,0,0,3,7.2,13.6,57.0,7.8,0,4,1,5,1,0.77,0.22,0.99,0.6,70,-326964,3798235,72174,399138,136,FWD,Igor Thiago Nascimento Rodrigues,Brentford
356,253,7,2,False,2026-02-10T19:30:00Z,2.0,2.0,26,False,90,0,0,0,2,0,0,0,0,0,0,0,15,13.0,16.3,6.0,3.5,3,1,3,7,1,0.0,0.03,0.03,3.13,47,7991,16441,8815,824,356,MID,Ilia Gruev,Leeds
299,255,4,9,True,2026-02-10T19:30:00Z,1.0,2.0,26,False,90,1,0,0,2,0,0,0,0,0,0,2,31,45.0,29.6,64.0,13.9,2,8,1,11,1,0.97,0.56,1.53,1.34,62,-20913,491739,11374,32287,299,MID,Iliman Ndiaye,Everton
339,253,7,0,False,2026-02-10T19:30:00Z,2.0,2.0,26,False,0,0,0,0,0,0,0,0,0,0,0,0,0,0.0,0.0,0.0,0.0,0,0,0,0,0,0.0,0.0,0.0,0.0,42,-128,43122,299,427,339,GKP,Illan Meslier,Leeds
71,255,9,0,False,2026-02-10T19:30:00Z,1.0,2.0,26,False,0,0,0,0,0,0,0,0,0,0,0,0,0,0.0,0.0,0.0,0.0,0,0,0,0,0,0.0,0.0,0.0,0.0,50,-6,2955,0,6,71,DEF,Illia Zabarnyi,Bournemouth
495,259,18,0,False,2026-02-10T19:30:00Z,1.0,2.0,26,False,0,0,0,0,0,0,0,0,0,0,0,0,0,0.0,0.0,0.0,0.0,0,0,0,0,0,0.0,0.0,0.0,0.0,45,-9,766,0,9,495,MID,Isaac Hayden,Newcastle
308,255,4,0,True,2026-02-10T19:30:00Z,1.0,2.0,26,False,0,0,0,0,0,0,0,0,0,0,0,0,0,0.0,0.0,0.0,0.0,0,0,0,0,0,0.0,0.0,0.0,0.0,45,-5,2056,0,5,308,MID,Isaac Heath,Everton
349,253,7,0,False,2026-02-10T19:30:00Z,2.0,2.0,26,False,0,0,0,0,0,0,0,0,0,0,0,0,0,0.0,0.0,0.0,0.0,0,0,0,0,0,0.0,0.0,0.0,0.0,40,-45,8106,0,45,349,DEF,Isaac Schmidt,Leeds
267,254,3,2,True,2026-02-11T19:40:00Z,2.0,3.0,26,False,90,0,0,0,3,0,0,0,0,0,0,0,7,5.6,7.3,25.0,3.8,0,3,1,4,1,0.15,0.02,0.17,0.53,63,178281,512242,183910,5629,267,MID,Ismaïla Sarr,Crystal Palace
28,252,5,0,False,2026-02-12T20:00:00Z,1.0,1.0,26,False,0,0,0,0,0,0,0,0,0,0,0,0,0,0.0,0.0,0.0,0.0,0,0,0,0,0,0.0,0.0,0.0,0.0,45,-76,12604,0,76,28,MID,Ismeal Kabia,Arsenal
28,310,20,0,False,2026-02-18T20:00:00Z,2.0,2.0,26,False,0,0,0,0,0,0,0,0,0,0,0,0,0,0.0,0.0,0.0,0.0,0,0,0,0,0,0.0,0.0,0.0,0.0,45,-76,12604,0,76,28,MID,Ismeal Kabia,Arsenal
320,256,13,0,False,2026-02-11T19:30:00Z,3.0,0.0,26,False,0,0,0,0,0,0,0,0,0,0,0,0,0,0.0,0.0,0.0,0.0,0,0,0,0,0,0.0,0.0,0.0,0.0,43,-42,9242,119,161,320,DEF,Issa Diop,Fulham
137,252,1,0,True,2026-02-12T20:00:00Z,1.0,1.0,26,False,0,0,0,0,0,0,0,0,0,0,0,0,0,0.0,0.0,0.0,0.0,0,0,0,0,0,0.0,0.0,0.0,0.0,44,-626,39830,0,626,137,FWD,Iwan Morgan,Brentford
695,257,16,0,False,2026-02-11T19:30:00Z,0.0,0.0,26,False,30,0,0,0,0,0,0,0,1,0,0,0,1,5.2,0.0,0.0,0.5,3,0,0,3,0,0.0,0.0,0.0,1.05,44,-25,3828,102,127,695,DEF,Jackson Tchatchoua,Wolves
695,310,1,1,True,2026-02-18T20:00:00Z,2.0,2.0,26,False,69,0,0,0,2,0,0,0,0,0,0,0,-2,9.2,15.4,2.0,2.7,3,2,1,4,1,0.0,0.02,0.02,1.64,44,-25,3828,102,127,695,DEF,Jackson Tchatchoua,Wolves
462,260,19,0,False,2026-02-10T20:15:00Z,1.0,1.0,26,False,0,0,0,0,0,0,0,0,0,0,0,0,0,0.0,0.0,0.0,0.0,0,0,0,0,0,0.0,0.0,0.0,0.0,43,437,11360,948,511,462,MID,Jack Fletcher,Man Utd
419,255,4,0,True,2026-02-10T19:30:00Z,1.0,2.0,26,False,0,0,0,0,0,0,0,0,0,0,0,0,0,0.0,0.0,0.0,0.0,0,0,0,0,0,0.0,0.0,0.0,0.0,63,-38027,808618,71,38098,419,MID,Jack Grealish,Everton
352,253,7,0,False,2026-02-10T19:30:00Z,2.0,2.0,26,False,0,0,0,0,0,0,0,0,0,0,0,0,0,0.0,0.0,0.0,0.0,0,0,0,0,0,0.0,0.0,0.0,0.0,51,-142,6273,0,142,352,MID,Jack Harrison,Leeds
163,251,2,0,False,2026-02-11T19:30:00Z,1.0,0.0,26,False,90,0,0,0,1,1,0,0,0,0,0,0,4,0.0,16.9,13.0,2.7,2,3,1,6,1,0.16,0.12,0.28,0.72,51,-109,5988,192,301,163,MID,Jack Hinshelwood,Brighton
464,260,19,0,False,2026-02-10T20:15:00Z,1.0,1.0,26,False,0,0,0,0,0,0,0,0,0,0,0,0,0,0.0,0.0,0.0,0.0,0,0,0,0,0,0.0,0.0,0.0,0.0,45,-11,2200,0,11,464,MID,Jack Moorhouse,Man Utd
202,254,8,1,False,2026-02-11T19:40:00Z,2.0,3.0,26,False,17,0,0,0,0,0,0,0,0,0,0,0,3,7.2,0.0,1.0,0.8,3,1,1,5,0,0.07,0.0,0.07,0.34,53,-60,4518,62,122,202,MID,Jacob Bruun Larsen,Burnley
489,259,18,1,False,2026-02-10T19:30:00Z,1.0,2.0,26,False,15,0,0,0,0,0,0,0,0,0,0,0,6,5.2,0.3,0.0,0.6,1,0,2,3,0,0.0,0.01,0.01,0.38,59,-709,79454,1218,1927,489,MID,Jacob Murphy,Newcastle
52,259,18,7,False,2026-02-10T19:30:00Z,1.0,2.0,26,False,74,1,0,0,1,0,0,0,0,0,0,0,30,41.8,1.6,40.0,8.3,2,2,1,5,1,0.4,0.02,0.42,1.47,53,-99,26757,393,492,52,MID,Jacob Ramsey,Newcastle
155,251,2,0,False,2026-02-11T19:30:00Z,1.0,0.0,26,False,0,0,0,0,0,0,0,0,0,0,0,0,0,0.0,0.0,0.0,0.0,0,0,0,0,0,0.0,0.0,0.0,0.0,40,-54,11447,0,54,155,DEF,Jacob Slater,Brighton
456,251,6,1,True,2026-02-11T19:30:00Z,1.0,0.0,26,False,59,0,0,0,0,0,0,0,0,0,0,0,2,2.2,33.7,11.0,4.7,0,0,0,0,1,0.09,0.4,0.49,0.17,58,2049,30272,3083,1034,456,MID,Jadon Sancho,Aston Villa
200,254,8,8,False,2026-02-11T19:40:00Z,2.0,3.0,26,False,90,1,0,0,2,0,0,0,0,0,0,1,32,43.6,27.3,28.0,9.9,2,4,2,8,1,0.09,0.13,0.22,1.8,50,-7213,229484,1981,9194,200,MID,Jaidon Anthony,Burnley
510,257,20,0,True,2026-02-11T19:30:00Z,0.0,0.0,26,False,0,0,0,0,0,0,0,0,0,0,0,0,0,0.0,0.0,0.0,0.0,0,0,0,0,0,0.0,0.0,0.0,0.0,42,32,7947,117,85,510,DEF,Jair Paula da Cunha Filho,Nott'm Forest
344,253,7,3,False,2026-02-10T19:30:00Z,2.0,2.0,26,False,90,0,0,0,2,0,0,0,0,0,0,0,2,15.0,0.3,2.0,1.7,11,1,1,12,1,0.0,0.0,0.0,3.13,39,-1538,50301,628,2166,344,DEF,Jaka Bijol,Leeds
293,255,4,-2,True,2026-02-10T19:30:00Z,1.0,2.0,26,False,68,0,0,0,2,0,0,0,0,1,0,0,-12,4.2,1.0,0.0,0.5,1,3,2,3,1,0.0,0.01,0.01,1.25,49,6362,117670,13553,7191,293,DEF,Jake O'Brien,Everton
9,252,5,0,False,2026-02-12T20:00:00Z,1.0,1.0,26,False,0,0,0,0,0,0,0,0,0,0,0,0,0,0.0,0.0,0.0,0.0,0,0,0,0,0,0.0,0.0,0.0,0.0,54,-13,6181,0,13,9,DEF,Jakub Kiwior,Arsenal
9,310,20,0,False,2026-02-18T20:00:00Z,2.0,2.0,26,False,0,0,0,0,0,0,0,0,0,0,0,0,0,0.0,0.0,0.0,0.0,0,0,0,0,0,0.0,0.0,0.0,0.0,54,-13,6181,0,13,9,DEF,Jakub Kiwior,Arsenal
480,259,18,0,False,2026-02-10T19:30:00Z,1.0,2.0,26,False,0,0,0,0,0,0,0,0,0,0,0,0,0,0.0,0.0,0.0,0.0,0,0,0,0,0,0.0,0.0,0.0,0.0,43,-59,6350,0,59,480,DEF,Jamaal Lascelles,Newcastle
62,251,6,0,True,2026-02-11T19:30:00Z,1.0,0.0,26,False,0,0,0,0,0,0,0,0,0,0,0,0,0,0.0,0.0,0.0,0.0,0,0,0,0,0,0.0,0.0,0.0,0.0,45,-456,8368,6,462,62,MID,Jamaldeen Jimoh-Aloba,Aston Villa
303,255,4,2,True,2026-02-10T19:30:00Z,1.0,2.0,26,False,90,0,0,0,2,0,0,0,0,0,0,0,23,22.8,44.8,12.0,8.0,4,4,2,10,1,0.1,0.48,0.58,1.34,52,-34389,535033,34055,68444,303,MID,James Garner,Everton
77,255,9,9,False,2026-02-10T19:30:00Z,1.0,2.0,26,False,90,0,1,0,1,0,0,0,0,0,0,2,31,55.0,10.6,2.0,6.8,17,2,3,20,1,0.0,0.22,0.22,2.94,39,106413,309369,109867,3454,77,DEF,James Hill,Bournemouth
706,253,7,0,False,2026-02-10T19:30:00Z,2.0,2.0,26,False,90,0,0,0,2,0,0,0,1,0,0,0,3,19.8,1.8,2.0,2.4,6,3,3,9,1,0.01,0.01,0.02,3.13,39,46553,130318,50326,3773,706,DEF,James Justin,Leeds
581,259,15,0,True,2026-02-10T19:30:00Z,1.0,2.0,26,False,0,0,0,0,0,0,0,0,0,0,0,0,0,0.0,0.0,0.0,0.0,0,0,0,0,0,0.0,0.0,0.0,0.0,68,-24,15326,41,65,581,MID,James Maddison,Spurs
426,257,20,0,True,2026-02-11T19:30:00Z,0.0,0.0,26,False,0,0,0,0,0,0,0,0,0,0,0,0,0,0.0,0.0,0.0,0.0,0,0,0,0,0,0.0,0.0,0.0,0.0,50,-18,11491,221,239,426,MID,James McAtee,Nott'm Forest
394,258,17,0,False,2026-02-11T20:15:00Z,0.0,1.0,26,False,0,0,0,0,0,0,0,0,0,0,0,0,0,0.0,0.0,0.0,0.0,0,0,0,0,0,0.0,0.0,0.0,0.0,44,-6,2614,0,6,394,MID,James McConnell,Liverpool
170,251,2,2,False,2026-02-11T19:30:00Z,1.0,0.0,26,False,68,0,0,0,1,0,0,0,0,0,0,0,7,11.8,12.6,25.0,4.9,4,1,2,7,0,0.08,0.05,0.13,0.43,49,-10,13577,260,270,170,MID,James Milner,Brighton
750,259,15,0,True,2026-02-10T19:30:00Z,1.0,2.0,26,False,0,0,0,0,0,0,0,0,0,0,0,0,0,0.0,0.0,0.0,0.0,0,0,0,0,0,0.0,0.0,0.0,0.0,40,56,3422,143,87,750,DEF,James Rowswell,Spurs
291,255,4,1,True,2026-02-10T19:30:00Z,1.0,2.0,26,False,90,0,0,0,2,0,0,0,0,0,0,0,5,21.8,0.4,35.0,5.7,9,2,0,9,1,0.24,0.02,0.26,1.34,58,-162926,1594905,26595,189521,291,DEF,James Tarkowski,Everton
182,256,10,0,True,2026-02-11T19:30:00Z,3.0,0.0,26,False,0,0,0,0,0,0,0,0,0,0,0,0,0,0.0,0.0,0.0,0.0,0,0,0,0,0,0.0,0.0,0.0,0.0,45,-535,120103,195,730,182,GKP,James Trafford,Man City
614,254,8,1,False,2026-02-11T19:40:00Z,2.0,3.0,26,False,7,0,0,0,0,0,0,0,0,0,0,0,5,2.2,4.0,0.0,0.6,0,0,1,1,0,0.0,0.01,0.01,0.31,56,-268,22437,269,537,614,MID,James Ward-Prowse,Burnley
688,251,6,0,True,2026-02-11T19:30:00Z,1.0,0.0,26,False,0,0,0,0,0,0,0,0,0,0,0,0,0,0.0,0.0,0.0,0.0,0,0,0,0,0,0.0,0.0,0.0,0.0,39,-87,78587,728,815,688,GKP,James Wright,Aston Villa
239,253,11,0,True,2026-02-10T19:30:00Z,2.0,2.0,26,False,0,0,0,0,0,0,0,0,0,0,0,0,0,0.0,0.0,0.0,0.0,0,0,0,0,0,0.0,0.0,0.0,0.0,60,-378,13596,17,395,239,MID,Jamie Bynoe-Gittens,Chelsea
151,251,2,5,False,2026-02-11T19:30:00Z,1.0,0.0,26,False,60,0,0,1,0,0,0,0,1,0,0,0,21,7.4,0.4,0.0,0.8,5,1,1,6,1,0.0,0.01,0.01,0.47,45,-90545,454855,2982,93527,151,DEF,Jan Paul van Hecke,Brighton
290,255,4,4,True,2026-02-10T19:30:00Z,1.0,2.0,26,False,90,0,1,0,2,0,0,0,0,0,0,0,14,12.4,0.8,16.0,2.9,8,1,1,9,1,0.16,0.01,0.17,1.34,53,1634,25997,2642,1008,290,DEF,Jarrad Branthwaite,Everton
624,260,14,5,True,2026-02-10T20:15:00Z,1.0,1.0,26,False,89,0,1,1,0,0,0,0,0,0,0,0,16,18.2,12.5,10.0,4.1,2,7,0,9,1,0.04,0.51,0.55,0.4,77,-150046,1095896,27839,177885,624,FWD,Jarrod Bowen,West Ham
138,251,2,0,False,2026-02-11T19:30:00Z,1.0,0.0,26,False,0,0,0,0,0,0,0,0,0,0,0,0,0,0.0,0.0,0.0,0.0,0,0,0,0,0,0.0,0.0,0.0,0.0,42,-83,31385,254,337,138,GKP,Jason Steele,Brighton
461,260,19,0,False,2026-02-10T20:15:00Z,1.0,1.0,26,False,0,0,0,0,0,0,0,0,0,0,0,0,0,0.0,0.0,0.0,0.0,0,0,0,0,0,0.0,0.0,0.0,0.0,43,127,5414,215,88,461,MID,Jayce Fitzgerald,Man Utd
723,254,3,0,True,2026-02-11T19:40:00Z,2.0,3.0,26,False,0,0,0,0,0,0,0,0,0,0,0,0,0,0.0,0.0,0.0,0.0,0,0,0,0,0,0.0,0.0,0.0,0.0,45,-82,3694,144,226,723,DEF,Jaydee Canvot,Crystal Palace
342,253,7,4,False,2026-02-10T19:30:00Z,2.0,2.0,26,False,90,0,1,0,2,0,0,0,0,0,0,0,7,10.4,3.2,10.0,2.4,4,2,0,4,1,0.0,0.01,0.01,3.13,44,2619,23756,3314,695,342,DEF,Jayden Bogle,Leeds
398,258,17,0,False,2026-02-11T20:15:00Z,0.0,1.0,26,False,0,0,0,0,0,0,0,0,0,0,0,0,0,0.0,0.0,0.0,0.0,0,0,0,0,0,0.0,0.0,0.0,0.0,43,23,13404,115,92,398,FWD,Jayden Danns,Liverpool
118,252,1,0,True,2026-02-12T20:00:00Z,1.0,1.0,26,False,0,0,0,0,0,0,0,0,0,0,0,0,0,0.0,0.0,0.0,0.0,0,0,0,0,0,0.0,0.0,0.0,0.0,40,-22,5333,0,22,118,DEF,Jayden Meghoma,Brentford
213,254,8,0,False,2026-02-11T19:40:00Z,2.0,3.0,26,False,0,0,0,0,0,0,0,0,0,0,0,0,0,0.0,0.0,0.0,0.0,0,0,0,0,0,0.0,0.0,0.0,0.0,45,-171,5183,0,171,213,MID,Jaydon Banel,Burnley
558,258,12,0,True,2026-02-11T20:15:00Z,0.0,1.0,26,False,0,0,0,0,0,0,0,0,0,0,0,0,0,0.0,0.0,0.0,0.0,0,0,0,0,0,0.0,0.0,0.0,0.0,43,-783,23031,0,783,558,MID,Jay Matete,Sunderland
609,260,14,0,True,2026-02-10T20:15:00Z,1.0,1.0,26,False,0,0,0,0,0,0,0,0,0,0,0,0,0,0.0,0.0,0.0,0.0,0,0,0,0,0,0.0,0.0,0.0,0.0,43,-485,12168,36,521,609,DEF,Jean-Clair Todibo,West Ham
283,254,3,0,True,2026-02-11T19:40:00Z,2.0,3.0,26,False,0,0,0,0,0,0,0,0,0,0,0,0,0,0.0,0.0,0.0,0.0,0,0,0,0,0,0.0,0.0,0.0,0.0,75,-108264,947529,166,108430,283,FWD,Jean-Philippe Mateta,Crystal Palace
644,257,16,0,False,2026-02-11T19:30:00Z,0.0,0.0,26,False,12,0,0,0,0,0,0,0,1,0,0,0,-3,0.0,0.0,4.0,0.1,1,0,0,1,0,0.07,0.0,0.07,0.18,51,1079,6589,1178,99,644,MID,Jean-Ricner Bellegarde,Wolves
644,310,1,1,True,2026-02-18T20:00:00Z,2.0,2.0,26,False,83,0,0,0,2,0,0,0,1,0,0,0,8,6.0,12.7,0.0,1.9,0,5,2,7,1,0.0,0.01,0.01,1.66,51,1079,6589,1178,99,644,MID,Jean-Ricner Bellegarde,Wolves
272,254,3,1,True,2026-02-11T19:40:00Z,2.0,3.0,26,False,45,0,1,0,3,1,0,0,1,0,0,0,14,19.6,14.3,0.0,3.4,3,0,1,4,1,0.0,0.08,0.08,0.37,49,2301,11078,2606,305,272,MID,Jefferson Lerma Solís,Crystal Palace
774,258,12,0,True,2026-02-11T20:15:00Z,0.0,1.0,26,False,0,0,0,0,0,0,0,0,0,0,0,0,0,0.0,0.0,0.0,0.0,0,0,0,0,0,0.0,0.0,0.0,0.0,40,-38,1697,117,155,774,DEF,Jenson Jones,Sunderland
309,255,4,0,True,2026-02-10T19:30:00Z,1.0,2.0,26,False,0,0,0,0,0,0,0,0,0,0,0,0,0,0.0,0.0,0.0,0.0,0,0,0,0,0,0.0,0.0,0.0,0.0,45,0,89,0,0,309,MID,Jenson Metcalfe,Everton
542,258,12,0,True,2026-02-11T20:15:00Z,0.0,1.0,26,False,0,0,0,0,0,0,0,0,0,0,0,0,0,0.0,0.0,0.0,0.0,0,0,0,0,0,0.0,0.0,0.0,0.0,40,-67,11155,0,67,542,DEF,Jenson Seelt,Sunderland
370,258,17,0,False,2026-02-11T20:15:00Z,0.0,1.0,26,False,0,0,0,0,0,0,0,0,0,0,0,0,0,0.0,0.0,0.0,0.0,0,0,0,0,0,0.0,0.0,0.0,0.0,57,-35029,615446,72,35101,370,DEF,Jeremie Frimpong,Liverpool
171,251,2,0,False,2026-02-11T19:30:00Z,1.0,0.0,26,False,0,0,0,0,0,0,0,0,0,0,0,0,0,0.0,0.0,0.0,0.0,0,0,0,0,0,0.0,0.0,0.0,0.0,49,-7,1957,0,7,171,MID,Jeremy Sarmiento Morante,Brighton
809,257,16,0,False,2026-02-11T19:30:00Z,0.0,0.0,26,False,0,0,0,0,0,0,0,0,0,0,0,0,0,0.0,0.0,0.0,0.0,0,0,0,0,0,0.0,0.0,0.0,0.0,45,240,596,285,45,809,MID,Jerome Abbey,Wolves
809,310,1,0,True,2026-02-18T20:00:00Z,2.0,2.0,26,False,0,0,0,0,0,0,0,0,0,0,0,0,0,0.0,0.0,0.0,0.0,0,0,0,0,0,0.0,0.0,0.0,0.0,45,240,596,285,45,809,MID,Jerome Abbey,Wolves
278,254,3,0,True,2026-02-11T19:40:00Z,2.0,3.0,26,False,0,0,0,0,0,0,0,0,0,0,0,0,0,0.0,0.0,0.0,0.0,0,0,0,0,0,0.0,0.0,0.0,0.0,44,-40,3829,0,40,278,MID,Jesurun Rak-Sakyi,Crystal Palace
663,257,16,0,False,2026-02-11T19:30:00Z,0.0,0.0,26,False,0,0,0,0,0,0,0,0,0,0,0,0,0,0.0,0.0,0.0,0.0,0,0,0,0,0,0.0,0.0,0.0,0.0,49,-821,18423,263,1084,663,MID,Jhon Arias,Wolves
663,310,1,0,True,2026-02-18T20:00:00Z,2.0,2.0,26,False,0,0,0,0,0,0,0,0,0,0,0,0,0,0.0,0.0,0.0,0.0,0,0,0,0,0,0.0,0.0,0.0,0.0,49,-821,18423,263,1084,663,MID,Jhon Arias,Wolves
317,256,13,2,False,2026-02-11T19:30:00Z,3.0,0.0,26,False,90,0,0,0,3,0,0,0,1,0,0,0,5,31.2,1.3,0.0,3.3,8,2,2,10,1,0.0,0.01,0.01,1.37,46,-59682,598972,4857,64539,317,DEF,Joachim Andersen,Fulham
490,259,18,0,False,2026-02-10T19:30:00Z,1.0,2.0,26,False,0,0,0,0,0,0,0,0,0,0,0,0,0,0.0,0.0,0.0,0.0,0,0,0,0,0,0.0,0.0,0.0,0.0,59,-3162,34851,45,3207,490,MID,Joelinton Cássio Apolinário de Lira,Newcastle
534,258,12,0,True,2026-02-11T20:15:00Z,0.0,1.0,26,False,0,0,0,0,0,0,0,0,0,0,0,0,0,0.0,0.0,0.0,0.0,0,0,0,0,0,0.0,0.0,0.0,0.0,38,-1148,43027,0,1148,534,DEF,Joe Anderson,Sunderland
34,251,6,0,True,2026-02-11T19:30:00Z,1.0,0.0,26,False,0,0,0,0,0,0,0,0,0,0,0,0,0,0.0,0.0,0.0,0.0,0,0,0,0,0,0.0,0.0,0.0,0.0,40,-86,11911,0,86,34,GKP,Joe Gauci,Aston Villa
360,253,7,0,False,2026-02-10T19:30:00Z,2.0,2.0,26,False,0,0,0,0,0,0,0,0,0,0,0,0,0,0.0,0.0,0.0,0.0,0,0,0,0,0,0.0,0.0,0.0,0.0,45,-5,980,0,5,360,MID,Joe Gelhardt,Leeds
376,258,17,1,False,2026-02-11T20:15:00Z,0.0,1.0,26,False,21,0,0,0,0,0,0,0,0,0,0,0,3,4.2,0.9,0.0,0.5,1,0,1,2,0,0.0,0.0,0.0,0.2,49,-263,17805,31,294,376,DEF,Joe Gomez,Liverpool
653,257,16,0,False,2026-02-11T19:30:00Z,0.0,0.0,26,False,0,0,0,0,0,0,0,0,0,0,0,0,0,0.0,0.0,0.0,0.0,0,0,0,0,0,0.0,0.0,0.0,0.0,45,-29,3318,0,29,653,MID,Joe Hodge,Wolves
653,310,1,0,True,2026-02-18T20:00:00Z,2.0,2.0,26,False,0,0,0,0,0,0,0,0,0,0,0,0,0,0.0,0.0,0.0,0.0,0,0,0,0,0,0.0,0.0,0.0,0.0,45,-29,3318,0,29,653,MID,Joe Hodge,Wolves
175,251,2,0,False,2026-02-11T19:30:00Z,1.0,0.0,26,False,0,0,0,0,0,0,0,0,0,0,0,0,0,0.0,0.0,0.0,0.0,0,0,0,0,0,0.0,0.0,0.0,0.0,44,-398,9716,2,400,175,MID,Joe Knight,Brighton
348,253,7,3,False,2026-02-10T19:30:00Z,2.0,2.0,26,False,90,0,0,0,2,0,0,0,0,0,0,0,12,23.8,0.5,0.0,2.4,11,2,1,12,1,0.0,0.0,0.0,3.13,39,10415,483976,23470,13055,348,DEF,Joe Rodon,Leeds
498,259,18,0,False,2026-02-10T19:30:00Z,1.0,2.0,26,False,0,0,0,0,0,0,0,0,0,0,0,0,0,0.0,0.0,0.0,0.0,0,0,0,0,0,0.0,0.0,0.0,0.0,45,-11,715,0,11,498,MID,Joe White,Newcastle
494,259,18,2,False,2026-02-10T19:30:00Z,1.0,2.0,26,False,87,0,0,0,1,0,0,0,0,0,0,0,6,9.0,27.2,29.0,6.5,0,6,2,8,1,0.11,0.17,0.28,1.54,50,169,10869,569,400,494,MID,Joe Willock,Newcastle
199,254,8,3,False,2026-02-11T19:40:00Z,2.0,3.0,26,False,90,0,0,0,2,0,0,0,0,0,0,0,3,25.0,0.2,2.0,2.7,13,2,0,13,1,0.0,0.0,0.0,1.8,38,11,19320,309,298,199,DEF,Joe Worrall,Burnley
54,251,6,0,True,2026-02-11T19:30:00Z,1.0,0.0,26,False,0,0,0,0,0,0,0,0,0,0,0,0,0,0.0,0.0,0.0,0.0,0,0,0,0,0,0.0,0.0,0.0,0.0,54,-7755,70973,58,7813,54,MID,John McGinn,Aston Villa
753,259,18,0,False,2026-02-10T19:30:00Z,1.0,2.0,26,False,0,0,0,0,0,0,0,0,0,0,0,0,0,0.0,0.0,0.0,0.0,0,0,0,0,0,0.0,0.0,0.0,0.0,40,47,1986,102,55,753,GKP,John Ruddy,Newcastle
409,256,10,0,True,2026-02-11T19:30:00Z,3.0,0.0,26,False,0,0,0,0,0,0,0,0,0,0,0,0,0,0.0,0.0,0.0,0.0,0,0,0,0,0,0.0,0.0,0.0,0.0,54,-333,72192,39,372,409,DEF,John Stones,Man City
715,257,20,0,True,2026-02-11T19:30:00Z,0.0,0.0,26,False,0,0,0,0,0,0,0,0,0,0,0,0,0,0.0,0.0,0.0,0.0,0,0,0,0,0,0.0,0.0,0.0,0.0,40,-1477,45207,112,1589,715,GKP,John Victor Maciel Furtado,Nott'm Forest
737,256,13,0,False,2026-02-11T19:30:00Z,3.0,0.0,26,False,0,0,0,0,0,0,0,0,0,0,0,0,0,0.0,0.0,0.0,0.0,0,0,0,0,0,0.0,0.0,0.0,0.0,45,882,12759,1417,535,737,FWD,Jonah Kusi-Asare,Fulham
194,254,8,0,False,2026-02-11T19:40:00Z,2.0,3.0,26,False,0,0,0,0,0,0,0,0,0,0,0,0,0,0.0,0.0,0.0,0.0,0,0,0,0,0,0.0,0.0,0.0,0.0,39,-52,7618,40,92,194,DEF,Jordan Beyer,Burnley
124,252,1,1,True,2026-02-12T20:00:00Z,1.0,1.0,26,False,17,0,0,0,0,0,0,0,0,0,0,0,4,3.8,4.5,2.0,1.0,1,2,0,3,0,0.0,0.01,0.01,0.07,50,-851,44494,920,1771,124,MID,Jordan Henderson,Brentford
287,255,4,1,True,2026-02-10T19:30:00Z,1.0,2.0,26,False,90,0,0,0,2,0,0,0,0,0,2,0,6,18.0,0.1,2.0,2.0,0,11,0,0,1,0.0,0.01,0.01,1.34,56,-48036,1773130,37778,85814,287,GKP,Jordan Pickford,Everton
321,256,13,0,False,2026-02-11T19:30:00Z,3.0,0.0,26,False,0,0,0,0,0,0,0,0,0,0,0,0,0,0.0,0.0,0.0,0.0,0,0,0,0,0,0.0,0.0,0.0,0.0,43,-77,7722,289,366,321,DEF,Jorge Cuenca Barreno,Fulham
672,253,11,0,True,2026-02-10T19:30:00Z,2.0,2.0,26,False,45,0,0,0,2,0,0,0,0,0,0,0,-1,10.8,20.8,2.0,3.4,2,1,0,2,0,0.0,0.21,0.21,1.43,46,-37,21563,364,401,672,DEF,Jorrel Hato,Chelsea
466,260,19,1,False,2026-02-10T20:15:00Z,1.0,1.0,26,False,8,0,0,0,0,0,0,0,0,0,0,0,-1,0.0,1.3,4.0,0.5,0,1,1,2,0,0.09,0.0,0.09,0.56,58,-408,54244,1139,1547,466,FWD,Joshua Zirkzee,Man Utd
233,253,11,0,True,2026-02-10T19:30:00Z,2.0,2.0,26,False,78,0,0,0,2,0,0,0,1,0,0,0,1,4.8,1.6,0.0,0.6,3,3,1,4,1,0.0,0.01,0.01,1.41,37,26034,197309,31526,5492,233,DEF,Josh Acheampong,Chelsea
205,254,8,0,False,2026-02-11T19:40:00Z,2.0,3.0,26,False,0,0,0,0,0,0,0,0,0,0,0,0,0,0.0,0.0,0.0,0.0,0,0,0,0,0,0.0,0.0,0.0,0.0,49,-3735,113746,28,3763,205,MID,Josh Cullen,Burnley
748,252,1,0,True,2026-02-12T20:00:00Z,1.0,1.0,26,False,0,0,0,0,0,0,0,0,0,0,0,0,0,0.0,0.0,0.0,0.0,0,0,0,0,0,0.0,0.0,0.0,0.0,49,0,186,3,3,748,MID,Josh Dasilva,Brentford
335,256,13,1,False,2026-02-11T19:30:00Z,3.0,0.0,26,False,30,0,0,0,0,0,0,0,0,0,0,0,5,2.4,0.6,23.0,2.6,0,2,1,3,0,0.21,0.0,0.21,0.0,44,2684,234579,11867,9183,335,MID,Josh King,Fulham
209,254,8,2,False,2026-02-11T19:40:00Z,2.0,3.0,26,False,90,0,0,0,2,0,0,0,0,0,0,0,5,7.6,2.0,3.0,1.3,1,3,2,6,1,0.08,0.02,0.1,1.8,48,-151,5209,110,261,209,MID,Josh Laurent,Burnley
15,252,5,0,False,2026-02-12T20:00:00Z,1.0,1.0,26,False,0,0,0,0,0,0,0,0,0,0,0,0,0,0.0,0.0,0.0,0.0,0,0,0,0,0,0.0,0.0,0.0,0.0,37,2424,25612,3309,885,15,DEF,Josh Nichols,Arsenal
15,310,20,0,False,2026-02-18T20:00:00Z,2.0,2.0,26,False,0,0,0,0,0,0,0,0,0,0,0,0,0,0.0,0.0,0.0,0.0,0,0,0,0,0,0.0,0.0,0.0,0.0,37,2424,25612,3309,885,15,DEF,Josh Nichols,Arsenal
628,257,16,12,False,2026-02-11T19:30:00Z,0.0,0.0,26,False,90,0,0,1,0,0,0,0,0,0,10,3,50,71.6,0.0,0.0,7.2,2,12,0,0,1,0.0,0.0,0.0,2.55,42,13854,159843,16401,2547,628,GKP,José Malheiro de Sá,Wolves
628,310,1,1,True,2026-02-18T20:00:00Z,2.0,2.0,26,False,90,0,0,0,2,0,0,0,0,0,2,0,7,22.6,0.0,0.0,2.3,3,6,0,0,1,0.0,0.0,0.0,1.86,42,13854,159843,16401,2547,628,GKP,José Malheiro de Sá,Wolves
673,259,15,1,True,2026-02-10T19:30:00Z,1.0,2.0,26,False,45,0,0,0,1,0,0,0,0,0,0,0,9,23.8,13.0,6.0,4.3,6,1,0,7,0,0.0,0.05,0.05,0.67,55,-2346,108318,2218,4564,673,MID,João Maria Lobo Alves Palhares Costa Palhinha Gonçalves,Spurs
518,257,20,0,True,2026-02-11T19:30:00Z,0.0,0.0,26,False,0,0,0,0,0,0,0,0,0,0,0,0,0,0.0,0.0,0.0,0.0,0,0,0,0,0,0.0,0.0,0.0,0.0,54,-20,4897,0,20,518,MID,João Pedro Ferreira da Silva,Nott'm Forest
249,253,11,10,True,2026-02-10T19:30:00Z,2.0,2.0,26,False,90,1,1,0,2,0,0,0,0,0,0,1,29,29.6,18.1,57.0,10.5,0,1,0,1,1,1.03,0.15,1.18,1.44,76,302924,5766768,351729,48805,249,FWD,João Pedro Junqueira de Jesus,Chelsea
804,259,15,0,True,2026-02-10T19:30:00Z,1.0,2.0,26,False,0,0,0,0,0,0,0,0,0,0,0,0,0,0.0,0.0,0.0,0.0,0,0,0,0,0,0.0,0.0,0.0,0.0,40,616,1660,744,128,804,DEF,João Victor de Souza Menezes,Spurs
646,257,16,5,False,2026-02-11T19:30:00Z,0.0,0.0,26,False,90,0,0,1,0,0,0,0,0,0,0,0,19,18.4,2.2,0.0,2.1,4,10,6,20,1,0.0,0.01,0.01,2.55,53,34273,67472,35703,1430,646,MID,João Victor Gomes da Silva,Wolves
646,310,1,0,True,2026-02-18T20:00:00Z,2.0,2.0,26,False,0,0,0,0,0,0,0,0,0,0,0,0,0,0.0,0.0,0.0,0.0,0,0,0,0,0,0.0,0.0,0.0,0.0,53,34273,67472,35703,1430,646,MID,João Victor Gomes da Silva,Wolves
762,254,3,0,True,2026-02-11T19:40:00Z,2.0,3.0,26,False,0,0,0,0,0,0,0,0,0,0,0,0,0,0.0,0.0,0.0,0.0,0,0,0,0,0,0.0,0.0,0.0,0.0,45,38,541,62,24,762,MID,Joél Drakes-Thomas,Crystal Palace
362,253,7,0,False,2026-02-10T19:30:00Z,2.0,2.0,26,False,0,0,0,0,0,0,0,0,0,0,0,0,0,0.0,0.0,0.0,0.0,0,0,0,0,0,0.0,0.0,0.0,0.0,49,8,44779,710,702,362,FWD,Joël Piroe,Leeds
152,251,2,1,False,2026-02-11T19:30:00Z,1.0,0.0,26,False,90,0,0,0,1,0,0,0,1,0,0,0,4,12.8,1.8,4.0,1.9,5,2,0,5,1,0.0,0.01,0.01,0.72,43,-521,18216,272,793,152,DEF,Joël Veltman,Brighton
403,256,10,0,True,2026-02-11T19:30:00Z,3.0,0.0,26,False,0,0,0,0,0,0,0,0,0,0,0,0,0,0.0,0.0,0.0,0.0,0,0,0,0,0,0.0,0.0,0.0,0.0,59,-17151,454275,75,17226,403,DEF,Joško Gvardiol,Man City
104,252,1,0,True,2026-02-12T20:00:00Z,1.0,1.0,26,False,0,0,0,0,0,0,0,0,0,0,0,0,0,0.0,0.0,0.0,0.0,0,0,0,0,0,0.0,0.0,0.0,0.0,39,-98,14731,104,202,104,GKP,Julian Eyestone,Brentford
161,251,2,0,False,2026-02-11T19:30:00Z,1.0,0.0,26,False,0,0,0,0,0,0,0,0,0,0,0,0,0,0.0,0.0,0.0,0.0,0,0,0,0,0,0.0,0.0,0.0,0.0,54,-7,1142,0,7,161,MID,Julio Enciso Espínola,Brighton
80,255,9,0,False,2026-02-10T19:30:00Z,1.0,2.0,26,False,0,0,0,0,0,0,0,0,0,0,0,0,0,0.0,0.0,0.0,0.0,0,0,0,0,0,0.0,0.0,0.0,0.0,40,-663,26285,38,701,80,DEF,Julio Soler Barreto,Bournemouth
78,255,9,0,False,2026-02-10T19:30:00Z,1.0,2.0,26,False,0,0,0,0,0,0,0,0,0,0,0,0,0,0.0,0.0,0.0,0.0,0,0,0,0,0,0.0,0.0,0.0,0.0,38,-1344,70193,0,1344,78,DEF,Julián Araujo Zúñiga,Bournemouth
745,259,15,0,True,2026-02-10T19:30:00Z,1.0,2.0,26,False,0,0,0,0,0,0,0,0,0,0,0,0,0,0.0,0.0,0.0,0.0,0,0,0,0,0,0.0,0.0,0.0,0.0,40,45,4227,139,94,745,DEF,Jun'ai Byfield,Spurs
100,255,9,1,False,2026-02-10T19:30:00Z,1.0,2.0,26,False,32,0,0,0,0,0,0,0,0,0,0,0,3,3.6,14.5,0.0,1.8,2,1,0,3,0,0.0,0.16,0.16,1.0,47,86377,918142,129204,42827,100,FWD,Junior Kroupi,Bournemouth
8,252,5,2,False,2026-02-12T20:00:00Z,1.0,1.0,26,False,90,0,0,0,1,0,0,0,0,0,0,0,15,13.0,21.8,4.0,3.9,2,4,1,3,1,0.0,0.1,0.1,1.51,64,253679,4060996,321351,67672,8,DEF,Jurriën Timber,Arsenal
8,310,20,1,False,2026-02-18T20:00:00Z,2.0,2.0,26,False,90,0,0,0,2,0,0,0,0,0,0,0,9,13.2,8.1,6.0,2.7,2,6,2,4,1,0.0,0.03,0.03,0.29,64,253679,4060996,321351,67672,8,DEF,Jurriën Timber,Arsenal
276,254,3,0,True,2026-02-11T19:40:00Z,2.0,3.0,26,False,0,0,0,0,0,0,0,0,0,0,0,0,0,0.0,0.0,0.0,0.0,0,0,0,0,0,0.0,0.0,0.0,0.0,43,-4358,166847,5836,10194,276,MID,Justin Devenny,Crystal Palace
81,255,9,0,False,2026-02-10T19:30:00Z,1.0,2.0,26,False,0,0,0,0,0,0,0,0,0,0,0,0,0,0.0,0.0,0.0,0.0,0,0,0,0,0,0.0,0.0,0.0,0.0,70,-1459,80670,75,1534,81,MID,Justin Kluivert,Bournemouth
418,256,10,0,True,2026-02-11T19:30:00Z,3.0,0.0,26,False,0,0,0,0,0,0,0,0,0,0,0,0,0,0.0,0.0,0.0,0.0,0,0,0,0,0,0.0,0.0,0.0,0.0,64,-14330,314156,123,14453,418,MID,Jérémy Doku,Man City
654,254,3,13,True,2026-02-11T19:40:00Z,2.0,3.0,26,False,90,2,0,0,3,0,0,0,0,0,0,3,57,66.2,7.8,41.0,11.5,1,1,0,2,1,0.34,0.03,0.37,0.53,61,47170,182748,51386,4216,654,FWD,Jørgen Strand Larsen,Crystal Palace
63,251,6,0,True,2026-02-11T19:30:00Z,1.0,0.0,26,False,0,0,0,0,0,0,0,0,0,0,0,0,0,0.0,0.0,0.0,0.0,0,0,0,0,0,0.0,0.0,0.0,0.0,43,-4595,77889,79,4674,63,MID,Kadan Young,Aston Villa
281,254,3,0,True,2026-02-11T19:40:00Z,2.0,3.0,26,False,0,0,0,0,0,0,0,0,0,0,0,0,0,0.0,0.0,0.0,0.0,0,0,0,0,0,0.0,0.0,0.0,0.0,44,220,6313,361,141,281,MID,Kaden Rodney,Crystal Palace
611,260,14,0,True,2026-02-10T20:15:00Z,1.0,1.0,26,False,0,0,0,0,0,0,0,0,0,0,0,0,0,0.0,0.0,0.0,0.0,0,0,0,0,0,0.0,0.0,0.0,0.0,40,-65,8264,0,65,611,DEF,Kaelan Casey,West Ham
30,252,5,0,False,2026-02-12T20:00:00Z,1.0,1.0,26,False,0,0,0,0,0,0,0,0,0,0,0,0,0,0.0,0.0,0.0,0.0,0,0,0,0,0,0.0,0.0,0.0,0.0,73,60072,135400,65113,5041,30,FWD,Kai Havertz,Arsenal
30,310,20,0,False,2026-02-18T20:00:00Z,2.0,2.0,26,False,0,0,0,0,0,0,0,0,0,0,0,0,0,0.0,0.0,0.0,0.0,0,0,0,0,0,0.0,0.0,0.0,0.0,73,60072,135400,65113,5041,30,FWD,Kai Havertz,Arsenal
429,256,10,0,True,2026-02-11T19:30:00Z,3.0,0.0,26,False,0,0,0,0,0,0,0,0,0,0,0,0,0,0.0,0.0,0.0,0.0,0,0,0,0,0,0.0,0.0,0.0,0.0,47,-126,7959,0,126,429,MID,Kalvin Phillips,Man City
341,253,7,1,False,2026-02-10T19:30:00Z,2.0,2.0,26,False,90,0,0,0,2,0,0,0,0,0,2,0,6,13.4,0.0,0.0,1.3,2,10,0,0,1,0.0,0.01,0.01,3.13,39,15587,299392,19389,3802,341,GKP,Karl Darlow,Leeds
3,252,5,0,False,2026-02-12T20:00:00Z,1.0,1.0,26,False,0,0,0,0,0,0,0,0,0,0,0,0,0,0.0,0.0,0.0,0.0,0,0,0,0,0,0.0,0.0,0.0,0.0,40,-413,26486,0,413,3,GKP,Karl Hein,Arsenal
3,310,20,0,False,2026-02-18T20:00:00Z,2.0,2.0,26,False,0,0,0,0,0,0,0,0,0,0,0,0,0,0.0,0.0,0.0,0.0,0,0,0,0,0,0.0,0.0,0.0,0.0,40,-413,26486,0,413,3,GKP,Karl Hein,Arsenal
797,252,1,0,True,2026-02-12T20:00:00Z,1.0,1.0,26,False,0,0,0,0,0,0,0,0,0,0,0,0,0,0.0,0.0,0.0,0.0,0,0,0,0,0,0.0,0.0,0.0,0.0,45,309,1378,425,116,797,FWD,Kaye Furo,Brentford
107,252,1,8,True,2026-02-12T20:00:00Z,1.0,1.0,26,False,72,1,0,0,1,0,0,0,0,0,0,0,14,32.4,3.3,46.0,8.2,1,5,1,2,1,0.56,0.02,0.58,0.53,49,-24715,201000,1655,26370,107,DEF,Keane Lewis-Potter,Brentford
802,260,14,0,True,2026-02-10T20:15:00Z,1.0,1.0,26,False,0,0,0,0,0,0,0,0,0,0,0,0,0,0.0,0.0,0.0,0.0,0,0,0,0,0,0.0,0.0,0.0,0.0,50,33,328,69,36,802,MID,Keiber Lamadrid,West Ham
248,253,11,0,True,2026-02-10T19:30:00Z,2.0,2.0,26,False,0,0,0,0,0,0,0,0,0,0,0,0,0,0.0,0.0,0.0,0.0,0,0,0,0,0,0.0,0.0,0.0,0.0,45,-1,561,0,1,248,MID,Kendry Páez Andrade,Chelsea
322,256,13,1,False,2026-02-11T19:30:00Z,3.0,0.0,26,False,90,0,0,0,3,0,0,0,0,0,0,0,3,24.8,21.0,8.0,5.4,3,9,4,7,1,0.27,0.07,0.34,1.37,45,-2025,32862,233,2258,322,DEF,Kenny Tete,Fulham
2,252,5,0,False,2026-02-12T20:00:00Z,1.0,1.0,26,False,0,0,0,0,0,0,0,0,0,0,0,0,0,0.0,0.0,0.0,0.0,0,0,0,0,0,0.0,0.0,0.0,0.0,41,-712,49233,306,1018,2,GKP,Kepa Arrizabalaga Revuelta,Arsenal
2,310,20,0,False,2026-02-18T20:00:00Z,2.0,2.0,26,False,0,0,0,0,0,0,0,0,0,0,0,0,0,0.0,0.0,0.0,0.0,0,0,0,0,0,0.0,0.0,0.0,0.0,41,-712,49233,306,1018,2,GKP,Kepa Arrizabalaga Revuelta,Arsenal
570,259,15,0,True,2026-02-10T19:30:00Z,1.0,2.0,26,False,0,0,0,0,0,0,0,0,0,0,0,0,0,0.0,0.0,0.0,0.0,0,0,0,0,0,0.0,0.0,0.0,0.0,42,-655,16564,18,673,570,DEF,Kevin Danso,Spurs
731,256,13,1,False,2026-02-11T19:30:00Z,3.0,0.0,26,False,30,0,0,0,0,0,0,0,0,0,0,0,4,6.0,25.4,5.0,3.6,0,0,1,1,0,0.03,0.07,0.1,0.0,58,-251,8760,586,837,731,MID,Kevin Santos Lopes de Macedo,Fulham
120,252,1,0,True,2026-02-12T20:00:00Z,1.0,1.0,26,False,0,0,0,0,0,0,0,0,0,0,0,0,0,0.0,0.0,0.0,0.0,0,0,0,0,0,0.0,0.0,0.0,0.0,69,-64126,137765,118,64244,120,MID,Kevin Schade,Brentford
638,257,16,0,False,2026-02-11T19:30:00Z,0.0,0.0,26,False,0,0,0,0,0,0,0,0,0,0,0,0,0,0.0,0.0,0.0,0.0,0,0,0,0,0,0.0,0.0,0.0,0.0,38,-4495,131769,0,4495,638,DEF,Ki-Jana Hoever,Wolves
638,310,1,0,True,2026-02-18T20:00:00Z,2.0,2.0,26,False,0,0,0,0,0,0,0,0,0,0,0,0,0,0.0,0.0,0.0,0.0,0,0,0,0,0,0.0,0.0,0.0,0.0,38,-4495,131769,0,4495,638,DEF,Ki-Jana Hoever,Wolves
746,258,17,0,False,2026-02-11T20:15:00Z,0.0,1.0,26,False,0,0,0,0,0,0,0,0,0,0,0,0,0,0.0,0.0,0.0,0.0,0,0,0,0,0,0.0,0.0,0.0,0.0,45,6,1115,46,40,746,MID,Kieran Morrison,Liverpool
478,259,18,2,False,2026-02-10T19:30:00Z,1.0,2.0,26,False,90,0,0,0,1,0,0,0,0,0,0,0,6,14.6,3.0,4.0,2.2,3,2,3,6,1,0.0,0.02,0.02,1.85,49,807,171990,2688,1881,478,DEF,Kieran Trippier,Newcastle
242,255,4,2,True,2026-02-10T19:30:00Z,1.0,2.0,26,False,90,0,0,0,2,0,0,0,0,0,0,0,13,8.6,11.9,13.0,3.4,1,4,1,6,1,0.16,0.09,0.25,1.34,49,109421,409301,116968,7547,242,MID,Kiernan Dewsbury-Hall,Everton
117,252,1,0,True,2026-02-12T20:00:00Z,1.0,1.0,26,False,0,0,0,0,0,0,0,0,0,0,0,0,0,0.0,0.0,0.0,0.0,0,0,0,0,0,0.0,0.0,0.0,0.0,39,-63,10328,0,63,117,DEF,Kim Ji-soo,Brentford
142,251,2,0,False,2026-02-11T19:30:00Z,1.0,0.0,26,False,0,0,0,0,0,0,0,0,0,0,0,0,0,0.0,0.0,0.0,0.0,0,0,0,0,0,0.0,0.0,0.0,0.0,40,-1,235,0,1,142,GKP,Kjell Scherpen,Brighton
458,260,19,2,False,2026-02-10T20:15:00Z,1.0,1.0,26,False,90,0,0,0,1,0,0,0,0,0,0,0,14,7.2,10.5,2.0,2.0,1,8,1,10,1,0.0,0.03,0.03,1.11,46,54765,156606,59220,4455,458,MID,Kobbie Mainoo,Man Utd
606,260,14,2,True,2026-02-10T20:15:00Z,1.0,1.0,26,False,90,0,0,0,1,0,0,0,0,0,0,0,7,11.0,0.9,0.0,1.2,3,1,2,5,1,0.0,0.01,0.01,0.57,44,-424,10524,1029,1453,606,DEF,Konstantinos Mavropanos,West Ham
377,258,17,0,False,2026-02-11T20:15:00Z,0.0,1.0,26,False,0,0,0,0,0,0,0,0,0,0,0,0,0,0.0,0.0,0.0,0.0,0,0,0,0,0,0.0,0.0,0.0,0.0,48,-17,6152,0,17,377,DEF,Konstantinos Tsimikas,Liverpool
108,252,1,4,True,2026-02-12T20:00:00Z,1.0,1.0,26,False,90,0,0,0,1,0,0,0,0,0,0,0,11,21.2,0.9,8.0,3.0,8,3,2,10,1,0.0,0.04,0.04,0.6,44,418,23922,1132,714,108,DEF,Kristoffer Ajer,Brentford
602,260,14,0,True,2026-02-10T20:15:00Z,1.0,1.0,26,False,0,0,0,0,0,0,0,0,0,0,0,0,0,0.0,0.0,0.0,0.0,0,0,0,0,0,0.0,0.0,0.0,0.0,39,-473,27867,0,473,602,GKP,Krisztián Hegyi,West Ham
659,260,14,1,True,2026-02-10T20:15:00Z,1.0,1.0,26,False,1,0,0,0,1,0,0,0,0,0,0,0,-1,0.0,0.3,0.0,0.0,0,0,0,0,0,0.0,0.0,0.0,0.18,42,-338,32437,461,799,659,DEF,Kyle Walker-Peters,West Ham
187,254,8,1,False,2026-02-11T19:40:00Z,2.0,3.0,26,False,90,0,0,0,2,0,0,0,0,0,0,0,0,4.2,1.8,0.0,0.6,3,6,0,3,1,0.0,0.0,0.0,1.8,44,-2605,146015,1300,3905,187,DEF,Kyle Walker,Burnley
709,257,16,8,False,2026-02-11T19:30:00Z,0.0,0.0,26,False,90,0,0,1,0,0,0,0,0,0,0,0,25,24.4,0.3,2.0,2.7,13,0,0,13,1,0.0,0.0,0.0,2.55,45,2146,11775,2628,482,709,DEF,Ladislav Krejcí,Wolves
709,310,1,1,True,2026-02-18T20:00:00Z,2.0,2.0,26,False,90,0,0,0,2,0,0,0,0,0,0,0,5,14.6,1.2,6.0,2.2,7,5,2,9,1,0.0,0.07,0.07,1.86,45,2146,11775,2628,482,709,DEF,Ladislav Krejcí,Wolves
44,251,6,7,True,2026-02-11T19:30:00Z,1.0,0.0,26,False,90,0,0,1,0,0,0,0,0,0,0,1,28,17.0,2.3,2.0,2.1,5,3,2,7,1,0.0,0.01,0.01,0.5,40,566,69604,2016,1450,44,DEF,Lamare Bogarde,Aston Villa
743,253,11,0,True,2026-02-10T19:30:00Z,2.0,2.0,26,False,0,0,0,0,0,0,0,0,0,0,0,0,0,0.0,0.0,0.0,0.0,0,0,0,0,0,0.0,0.0,0.0,0.0,45,24,1475,73,49,743,MID,Landon Emenalo,Chelsea
357,253,7,0,False,2026-02-10T19:30:00Z,2.0,2.0,26,False,0,0,0,0,0,0,0,0,0,0,0,0,0,0.0,0.0,0.0,0.0,0,0,0,0,0,0.0,0.0,0.0,0.0,49,-5,1871,0,5,357,MID,Largie Ramazani,Leeds
61,251,6,0,True,2026-02-11T19:30:00Z,1.0,0.0,26,False,0,0,0,0,0,0,0,0,0,0,0,0,0,0.0,0.0,0.0,0.0,0,0,0,0,0,0.0,0.0,0.0,0.0,45,-47,9200,0,47,61,MID,Leander Dendoncker,Aston Villa
20,252,5,2,False,2026-02-12T20:00:00Z,1.0,1.0,26,False,80,0,0,0,1,0,0,0,0,0,0,0,14,9.8,21.2,15.0,4.6,1,1,2,4,1,0.17,0.11,0.28,1.18,68,-21610,167327,23965,45575,20,MID,Leandro Trossard,Arsenal
20,310,20,1,False,2026-02-18T20:00:00Z,2.0,2.0,26,False,20,0,0,0,0,0,0,0,0,0,0,0,1,1.2,0.3,5.0,0.7,0,2,1,3,0,0.01,0.0,0.01,0.0,68,-21610,167327,23965,45575,20,MID,Leandro Trossard,Arsenal
444,260,19,1,False,2026-02-10T20:15:00Z,1.0,1.0,26,False,22,0,0,0,0,0,0,0,0,0,0,0,6,14.2,0.9,0.0,1.5,3,1,1,4,0,0.0,0.01,0.01,0.56,41,-2219,158349,1305,3524,444,DEF,Leny Yoro,Man Utd
49,251,6,1,True,2026-02-11T19:30:00Z,1.0,0.0,26,False,30,0,0,0,0,0,0,0,0,0,0,0,3,6.2,39.0,4.0,4.9,0,1,0,1,0,0.0,0.23,0.23,0.33,55,321,11538,652,331,49,MID,Leon Bailey,Aston Villa
657,257,16,0,False,2026-02-11T19:30:00Z,0.0,0.0,26,False,0,0,0,0,0,0,0,0,0,0,0,0,0,0.0,0.0,0.0,0.0,0,0,0,0,0,0.0,0.0,0.0,0.0,44,11,3578,81,70,657,FWD,Leon Chiwome,Wolves
657,310,1,0,True,2026-02-18T20:00:00Z,2.0,2.0,26,False,0,0,0,0,0,0,0,0,0,0,0,0,0,0.0,0.0,0.0,0.0,0,0,0,0,0,0.0,0.0,0.0,0.0,44,11,3578,81,70,657,FWD,Leon Chiwome,Wolves
768,251,6,0,True,2026-02-11T19:30:00Z,1.0,0.0,26,False,0,0,0,0,0,0,0,0,0,0,0,0,0,0.0,0.0,0.0,0.0,0,0,0,0,0,0.0,0.0,0.0,0.0,40,20,1506,81,61,768,DEF,Leon Routh,Aston Villa
536,258,12,0,True,2026-02-11T20:15:00Z,0.0,1.0,26,False,0,0,0,0,0,0,0,0,0,0,0,0,0,0.0,0.0,0.0,0.0,0,0,0,0,0,0.0,0.0,0.0,0.0,40,-119,1874,0,119,536,DEF,Leo Fuhr Hjelde,Sunderland
765,259,18,0,False,2026-02-10T19:30:00Z,1.0,2.0,26,False,0,0,0,0,0,0,0,0,0,0,0,0,0,0.0,0.0,0.0,0.0,0,0,0,0,0,0.0,0.0,0.0,0.0,40,178,3035,372,194,765,DEF,Leo Shahar,Newcastle
676,254,8,7,False,2026-02-11T19:40:00Z,2.0,3.0,26,False,86,0,1,0,2,0,0,0,0,0,0,0,20,34.4,11.6,2.0,4.8,6,3,3,12,1,0.0,0.0,0.0,1.49,50,-1046,14466,484,1530,676,MID,Lesley Ugochukwu,Burnley
227,253,11,0,True,2026-02-10T19:30:00Z,2.0,2.0,26,False,0,0,0,0,0,0,0,0,0,0,0,0,0,0.0,0.0,0.0,0.0,0,0,0,0,0,0.0,0.0,0.0,0.0,47,-28,13478,17,45,227,DEF,Levi Samuels Colwill,Chelsea
88,255,9,1,False,2026-02-10T19:30:00Z,1.0,2.0,26,False,10,0,0,0,0,0,0,0,0,0,0,0,2,0.0,0.1,0.0,0.0,1,0,0,1,0,0.0,0.0,0.0,0.81,49,825,7733,1358,533,88,MID,Lewis Cook,Bournemouth
57,251,6,0,True,2026-02-11T19:30:00Z,1.0,0.0,26,False,0,0,0,0,0,0,0,0,0,0,0,0,0,0.0,0.0,0.0,0.0,0,0,0,0,0,0.0,0.0,0.0,0.0,50,-7,3147,0,7,57,MID,Lewis Dobbin,Aston Villa
146,251,2,2,False,2026-02-11T19:30:00Z,1.0,0.0,26,False,90,0,0,0,1,0,0,0,0,0,0,0,8,12.4,1.3,0.0,1.4,3,4,0,3,1,0.0,0.02,0.02,0.72,45,-594,123381,2758,3352,146,DEF,Lewis Dunk,Brighton
473,259,18,1,False,2026-02-10T19:30:00Z,1.0,2.0,26,False,1,0,0,0,0,0,0,0,0,0,0,0,3,4.0,0.0,0.0,0.4,1,1,1,2,0,0.0,0.0,0.0,0.32,53,-50698,328887,12001,62699,473,DEF,Lewis Hall,Newcastle
497,259,18,0,False,2026-02-10T19:30:00Z,1.0,2.0,26,False,0,0,0,0,0,0,0,0,0,0,0,0,0,0.0,0.0,0.0,0.0,0,0,0,0,0,0.0,0.0,0.0,0.0,45,-35479,373770,4717,40196,497,MID,Lewis Miley,Newcastle
520,257,20,0,True,2026-02-11T19:30:00Z,0.0,0.0,26,False,0,0,0,0,0,0,0,0,0,0,0,0,0,0.0,0.0,0.0,0.0,0,0,0,0,0,0.0,0.0,0.0,0.0,50,0,103,0,0,520,MID,Lewis O'Brien,Nott'm Forest
622,260,14,0,True,2026-02-10T20:15:00Z,1.0,1.0,26,False,0,0,0,0,0,0,0,0,0,0,0,0,0,0.0,0.0,0.0,0.0,0,0,0,0,0,0.0,0.0,0.0,0.0,44,-39,6880,0,39,622,MID,Lewis Orford,West Ham
250,253,11,1,True,2026-02-10T19:30:00Z,2.0,2.0,26,False,11,0,0,0,0,0,0,0,0,0,0,0,2,0.0,0.7,7.0,0.6,0,2,0,2,0,0.17,0.0,0.17,0.03,62,-2063,123356,2238,4301,250,FWD,Liam Delap,Chelsea
45,251,6,0,True,2026-02-11T19:30:00Z,1.0,0.0,26,False,0,0,0,0,0,0,0,0,0,0,0,0,0,0.0,0.0,0.0,0.0,0,0,0,0,0,0.0,0.0,0.0,0.0,38,-1695,36967,39,1734,45,DEF,Lino da Cruz Sousa,Aston Villa
437,260,19,2,False,2026-02-10T20:15:00Z,1.0,1.0,26,False,90,0,0,0,1,0,0,0,0,0,0,0,13,21.8,4.6,0.0,2.6,2,9,3,5,1,0.0,0.03,0.03,1.11,48,18741,122857,23674,4933,437,DEF,Lisandro Martínez,Man Utd
805,257,20,2,True,2026-02-11T19:30:00Z,0.0,0.0,26,False,70,0,0,1,0,0,0,0,0,0,0,0,2,0.0,1.0,8.0,0.7,2,1,0,3,1,0.56,0.0,0.56,0.22,55,2810,4463,3105,295,805,FWD,Lorenzo Lucca,Nott'm Forest
210,254,8,0,False,2026-02-11T19:40:00Z,2.0,3.0,26,False,0,0,0,0,0,0,0,0,0,0,0,0,0,0.0,0.0,0.0,0.0,0,0,0,0,0,0.0,0.0,0.0,0.0,49,-22,4379,46,68,210,MID,Loum Tchaouna,Burnley
586,259,15,0,True,2026-02-10T19:30:00Z,1.0,2.0,26,False,0,0,0,0,0,0,0,0,0,0,0,0,0,0.0,0.0,0.0,0.0,0,0,0,0,0,0.0,0.0,0.0,0.0,52,-388,22789,18,406,586,MID,Lucas Bergvall,Spurs
37,251,6,0,True,2026-02-11T19:30:00Z,1.0,0.0,26,False,0,0,0,0,0,0,0,0,0,0,0,0,0,0.0,0.0,0.0,0.0,0,0,0,0,0,0.0,0.0,0.0,0.0,45,944,201659,5986,5042,37,DEF,Lucas Digne,Aston Villa
665,253,7,0,False,2026-02-10T19:30:00Z,2.0,2.0,26,False,0,0,0,0,0,0,0,0,0,0,0,0,0,0.0,0.0,0.0,0.0,0,0,0,0,0,0.0,0.0,0.0,0.0,45,-237,32588,1064,1301,665,GKP,Lucas Estella Perri,Leeds
195,254,8,0,False,2026-02-11T19:40:00Z,2.0,3.0,26,False,0,0,0,0,0,0,0,0,0,0,0,0,0,0.0,0.0,0.0,0.0,0,0,0,0,0,0.0,0.0,0.0,0.0,38,947,40152,2288,1341,195,DEF,Lucas Pires Silva,Burnley
612,260,14,0,True,2026-02-10T20:15:00Z,1.0,1.0,26,False,0,0,0,0,0,0,0,0,0,0,0,0,0,0.0,0.0,0.0,0.0,0,0,0,0,0,0.0,0.0,0.0,0.0,59,-7452,149837,0,7452,612,MID,Lucas Tolentino Coelho de Lima,West Ham
208,254,8,0,False,2026-02-11T19:40:00Z,2.0,3.0,26,False,0,0,0,0,0,0,0,0,0,0,0,0,0,0.0,0.0,0.0,0.0,0,0,0,0,0,0.0,0.0,0.0,0.0,50,-2,1392,0,2,208,MID,Luca Koleosho,Burnley
814,257,20,0,True,2026-02-11T19:30:00Z,0.0,0.0,26,False,0,0,0,0,0,0,0,0,0,0,0,0,0,0.0,0.0,0.0,0.0,0,0,0,0,0,0.0,0.0,0.0,0.0,45,85,268,117,32,814,DEF,Luca Netz,Nott'm Forest
790,259,15,0,True,2026-02-10T19:30:00Z,1.0,2.0,26,False,0,0,0,0,0,0,0,0,0,0,0,0,0,0.0,0.0,0.0,0.0,0,0,0,0,0,0.0,0.0,0.0,0.0,45,90,549,135,45,790,MID,Lucá Williams-Barnett,Spurs
383,258,17,0,False,2026-02-11T20:15:00Z,0.0,1.0,26,False,0,0,0,0,0,0,0,0,0,0,0,0,0,0.0,0.0,0.0,0.0,0,0,0,0,0,0.0,0.0,0.0,0.0,80,-9,5546,0,9,383,MID,Luis Díaz Marulanda,Liverpool
729,257,20,0,True,2026-02-11T19:30:00Z,0.0,0.0,26,False,0,0,0,0,0,0,0,0,0,0,0,0,0,0.0,0.0,0.0,0.0,0,0,0,0,0,0.0,0.0,0.0,0.0,45,-29,164,9,38,729,DEF,Luis Eduardo Soares da Silva,Nott'm Forest
619,260,14,0,True,2026-02-10T20:15:00Z,1.0,1.0,26,False,0,0,0,0,0,0,0,0,0,0,0,0,0,0.0,0.0,0.0,0.0,0,0,0,0,0,0.0,0.0,0.0,0.0,49,-22,2532,0,22,619,MID,Luis Guilherme Lira dos Santos,West Ham
91,255,9,0,False,2026-02-10T19:30:00Z,1.0,2.0,26,False,0,0,0,0,0,0,0,0,0,0,0,0,0,0.0,0.0,0.0,0.0,0,0,0,0,0,0.0,0.0,0.0,0.0,50,-6,1269,0,6,91,MID,Luis Sinisterra Lucumí,Bournemouth
738,260,14,0,True,2026-02-10T20:15:00Z,1.0,1.0,26,False,0,0,0,0,0,0,0,0,0,0,0,0,0,0.0,0.0,0.0,0.0,0,0,0,0,0,0.0,0.0,0.0,0.0,45,-20,4253,73,93,738,GKP,Lukasz Fabianski,West Ham
365,253,7,11,False,2026-02-10T19:30:00Z,2.0,2.0,26,False,81,1,1,0,2,0,0,0,0,0,0,2,33,50.2,13.9,21.0,8.5,1,1,1,3,1,0.79,0.46,1.25,1.77,50,253,65454,1977,1724,365,FWD,Lukas Nmecha,Leeds
810,252,1,0,True,2026-02-12T20:00:00Z,1.0,1.0,26,False,0,0,0,0,0,0,0,0,0,0,0,0,0,0.0,0.0,0.0,0.0,0,0,0,0,0,0.0,0.0,0.0,0.0,45,63,154,73,10,810,MID,Luka Bentt,Brentford
578,259,15,0,True,2026-02-10T19:30:00Z,1.0,2.0,26,False,0,0,0,0,0,0,0,0,0,0,0,0,0,0.0,0.0,0.0,0.0,0,0,0,0,0,0.0,0.0,0.0,0.0,39,-226,41209,0,226,578,DEF,Luka Vušković,Spurs
334,256,13,0,False,2026-02-11T19:30:00Z,3.0,0.0,26,False,0,0,0,0,0,0,0,0,0,0,0,0,0,0.0,0.0,0.0,0.0,0,0,0,0,0,0.0,0.0,0.0,0.0,45,0,189,0,0,334,MID,Luke Harris,Fulham
539,258,12,0,True,2026-02-11T20:15:00Z,0.0,1.0,26,False,0,0,0,0,0,0,0,0,0,0,0,0,0,0.0,0.0,0.0,0.0,0,0,0,0,0,0.0,0.0,0.0,0.0,40,36,7745,231,195,539,DEF,Luke O'Nien,Sunderland
767,257,16,0,False,2026-02-11T19:30:00Z,0.0,0.0,26,False,0,0,0,0,0,0,0,0,0,0,0,0,0,0.0,0.0,0.0,0.0,0,0,0,0,0,0.0,0.0,0.0,0.0,45,68,694,114,46,767,MID,Luke Rawlings,Wolves
767,310,1,0,True,2026-02-18T20:00:00Z,2.0,2.0,26,False,0,0,0,0,0,0,0,0,0,0,0,0,0,0.0,0.0,0.0,0.0,0,0,0,0,0,0.0,0.0,0.0,0.0,45,68,694,114,46,767,MID,Luke Rawlings,Wolves
443,260,19,2,False,2026-02-10T20:15:00Z,1.0,1.0,26,False,90,0,0,0,1,0,0,0,0,0,0,0,17,19.8,31.1,4.0,5.5,2,3,2,4,1,0.17,0.15,0.32,1.11,45,7333,98171,10633,3300,443,DEF,Luke Shaw,Man Utd
724,258,12,1,True,2026-02-11T20:15:00Z,0.0,1.0,26,False,10,0,0,0,0,0,0,0,0,0,0,0,9,9.6,14.4,0.0,2.4,0,0,2,2,0,0.0,0.08,0.08,0.15,45,-190,5855,126,316,724,DEF,Lutsharel Geertruida,Sunderland
563,258,12,0,True,2026-02-11T20:15:00Z,0.0,1.0,26,False,0,0,0,0,0,0,0,0,0,0,0,0,0,0.0,0.0,0.0,0.0,0,0,0,0,0,0.0,0.0,0.0,0.0,44,-54,10723,0,54,563,FWD,Luís Hemir Silva Semedo,Sunderland
217,254,8,1,False,2026-02-11T19:40:00Z,2.0,3.0,26,False,17,0,0,0,0,0,0,0,0,0,0,0,3,0.0,0.0,0.0,0.0,1,1,0,2,0,0.0,0.0,0.0,0.34,49,-910,103576,2883,3793,217,FWD,Lyle Foster,Burnley
679,260,14,2,True,2026-02-10T20:15:00Z,1.0,1.0,26,False,90,0,0,0,1,0,0,0,0,0,2,0,7,12.4,0.0,0.0,1.2,1,11,0,0,1,0.0,0.0,0.0,0.57,42,2358,28746,2771,413,679,GKP,Mads Hermansen,West Ham
112,252,1,0,True,2026-02-12T20:00:00Z,1.0,1.0,26,False,0,0,0,0,0,0,0,0,0,0,0,0,0,0.0,0.0,0.0,0.0,0,0,0,0,0,0.0,0.0,0.0,0.0,45,-9,1850,0,9,112,DEF,Mads Roerslev Rasmussen,Brentford
277,254,3,0,True,2026-02-11T19:40:00Z,2.0,3.0,26,False,0,0,0,0,0,0,0,0,0,0,0,0,0,0.0,0.0,0.0,0.0,0,0,0,0,0,0.0,0.0,0.0,0.0,45,0,358,0,0,277,MID,Malcolm Ebiowei,Crystal Palace
756,255,9,0,False,2026-02-10T19:30:00Z,1.0,2.0,26,False,0,0,0,0,0,0,0,0,0,0,0,0,0,0.0,0.0,0.0,0.0,0,0,0,0,0,0.0,0.0,0.0,0.0,45,95,1146,141,46,756,MID,Malcom DaCosta,Bournemouth
14,252,5,0,False,2026-02-12T20:00:00Z,1.0,1.0,26,False,0,0,0,0,0,0,0,0,0,0,0,0,0,0.0,0.0,0.0,0.0,0,0,0,0,0,0.0,0.0,0.0,0.0,39,-104,12322,0,104,14,DEF,Maldini Kacurri,Arsenal
14,310,20,0,False,2026-02-18T20:00:00Z,2.0,2.0,26,False,0,0,0,0,0,0,0,0,0,0,0,0,0,0.0,0.0,0.0,0.0,0,0,0,0,0,0.0,0.0,0.0,0.0,39,-104,12322,0,104,14,DEF,Maldini Kacurri,Arsenal
684,259,18,11,False,2026-02-10T19:30:00Z,1.0,2.0,26,False,90,1,0,0,1,0,0,0,0,0,0,1,31,64.6,11.8,64.0,14.0,10,4,0,10,1,0.49,0.19,0.68,1.85,51,-115478,537830,11099,126577,684,DEF,Malick Thiaw,Newcastle
174,251,2,0,False,2026-02-11T19:30:00Z,1.0,0.0,26,False,0,0,0,0,0,0,0,0,0,0,0,0,0,0.0,0.0,0.0,0.0,0,0,0,0,0,0.0,0.0,0.0,0.0,50,0,640,0,0,174,MID,Malick Yalcouyé,Brighton
228,253,11,0,True,2026-02-10T19:30:00Z,2.0,2.0,26,False,90,0,0,0,2,0,0,0,1,0,0,0,3,9.8,19.1,7.0,3.6,2,5,3,5,1,0.05,0.12,0.17,1.44,49,3743,263528,15423,11680,228,DEF,Malo Gusto,Chelsea
231,253,11,0,True,2026-02-10T19:30:00Z,2.0,2.0,26,False,0,0,0,0,0,0,0,0,0,0,0,0,0,0.0,0.0,0.0,0.0,0,0,0,0,0,0.0,0.0,0.0,0.0,45,266,1655,369,103,231,DEF,Mamadou Sarr,Chelsea
589,259,15,0,True,2026-02-10T19:30:00Z,1.0,2.0,26,False,0,0,0,0,0,0,0,0,0,0,0,0,0,0.0,0.0,0.0,0.0,0,0,0,0,0,0.0,0.0,0.0,0.0,54,-3,851,0,3,589,MID,Manor Solomon,Spurs
404,256,10,0,True,2026-02-11T19:30:00Z,3.0,0.0,26,False,0,0,0,0,0,0,0,0,0,0,0,0,0,0.0,0.0,0.0,0.0,0,0,0,0,0,0.0,0.0,0.0,0.0,54,-73,33447,0,73,404,DEF,Manuel Akanji,Man City
201,254,8,0,False,2026-02-11T19:40:00Z,2.0,3.0,26,False,0,0,0,0,0,0,0,0,0,0,0,0,0,0.0,0.0,0.0,0.0,0,0,0,0,0,0.0,0.0,0.0,0.0,54,-7,1915,0,7,201,MID,Manuel Benson Hedilazio,Burnley
459,260,19,0,False,2026-02-10T20:15:00Z,1.0,1.0,26,False,0,0,0,0,0,0,0,0,0,0,0,0,0,0.0,0.0,0.0,0.0,0,0,0,0,0,0.0,0.0,0.0,0.0,47,-406,19934,542,948,459,MID,Manuel Ugarte Ribeiro,Man Utd
72,255,9,2,False,2026-02-10T19:30:00Z,1.0,2.0,26,False,90,0,0,0,1,0,0,0,0,0,0,0,8,25.8,0.7,2.0,2.9,6,4,1,7,1,0.0,0.0,0.0,2.94,48,7008,1985006,68667,61659,72,DEF,Marcos Senesi Barón,Bournemouth
33,251,6,0,True,2026-02-11T19:30:00Z,1.0,0.0,26,False,0,0,0,0,0,0,0,0,0,0,0,0,0,0.0,0.0,0.0,0.0,0,0,0,0,0,0.0,0.0,0.0,0.0,42,-405,50080,239,644,33,GKP,Marco Bizot,Aston Villa
401,256,10,0,True,2026-02-11T19:30:00Z,3.0,0.0,26,False,0,0,0,0,0,0,0,0,0,0,0,0,0,0.0,0.0,0.0,0.0,0,0,0,0,0,0.0,0.0,0.0,0.0,38,9804,61619,12503,2699,401,GKP,Marcus Bettinelli,Man City
206,254,8,5,False,2026-02-11T19:40:00Z,2.0,3.0,26,False,72,0,1,0,2,0,0,0,0,0,0,0,18,21.8,22.7,6.0,5.1,0,3,1,4,1,0.0,0.1,0.1,1.46,47,-314,16943,1299,1613,206,MID,Marcus Edwards,Burnley
451,260,19,0,False,2026-02-10T20:15:00Z,1.0,1.0,26,False,0,0,0,0,0,0,0,0,0,0,0,0,0,0.0,0.0,0.0,0.0,0,0,0,0,0,0.0,0.0,0.0,0.0,70,-5,1971,0,5,451,MID,Marcus Rashford,Man Utd
84,255,9,0,False,2026-02-10T19:30:00Z,1.0,2.0,26,False,0,0,0,0,0,0,0,0,0,0,0,0,0,0.0,0.0,0.0,0.0,0,0,0,0,0,0.0,0.0,0.0,0.0,53,-21659,144356,191,21850,84,MID,Marcus Tavernier,Bournemouth
224,253,11,1,True,2026-02-10T19:30:00Z,2.0,2.0,26,False,45,0,0,0,0,0,0,0,0,0,0,0,5,5.4,15.8,0.0,2.1,1,2,0,1,1,0.0,0.02,0.02,0.01,61,53062,2275686,83473,30411,224,DEF,Marc Cucurella Saseta,Chelsea
252,253,11,0,True,2026-02-10T19:30:00Z,2.0,2.0,26,False,0,0,0,0,0,0,0,0,0,0,0,0,0,0.0,0.0,0.0,0.0,0,0,0,0,0,0.0,0.0,0.0,0.0,42,-7995,773137,18075,26070,252,FWD,Marc Guiu Paz,Chelsea
260,256,10,7,True,2026-02-11T19:30:00Z,3.0,0.0,26,False,90,0,0,1,0,0,0,0,0,0,0,1,33,31.2,12.9,2.0,4.6,7,4,2,9,1,0.0,0.07,0.07,1.42,52,-7758,4710438,93361,101119,260,DEF,Marc Guéhi,Man City
524,257,20,0,True,2026-02-11T19:30:00Z,0.0,0.0,26,False,0,0,0,0,0,0,0,0,0,0,0,0,0,0.0,0.0,0.0,0.0,0,0,0,0,0,0.0,0.0,0.0,0.0,45,-4,2185,0,4,524,MID,Marko Stamenić,Nott'm Forest
471,259,18,0,False,2026-02-10T19:30:00Z,1.0,2.0,26,False,0,0,0,0,0,0,0,0,0,0,0,0,0,0.0,0.0,0.0,0.0,0,0,0,0,0,0.0,0.0,0.0,0.0,39,17,17056,150,133,471,GKP,Mark Gillespie,Newcastle
288,255,4,0,True,2026-02-10T19:30:00Z,1.0,2.0,26,False,0,0,0,0,0,0,0,0,0,0,0,0,0,0.0,0.0,0.0,0.0,0,0,0,0,0,0.0,0.0,0.0,0.0,43,29,14523,153,124,288,GKP,Mark Travers,Everton
759,252,5,0,False,2026-02-12T20:00:00Z,1.0,1.0,26,False,0,0,0,0,0,0,0,0,0,0,0,0,0,0.0,0.0,0.0,0.0,0,0,0,0,0,0.0,0.0,0.0,0.0,40,-1,2071,94,95,759,DEF,Marli Salmon,Arsenal
759,310,20,0,False,2026-02-18T20:00:00Z,2.0,2.0,26,False,0,0,0,0,0,0,0,0,0,0,0,0,0,0.0,0.0,0.0,0.0,0,0,0,0,0,0.0,0.0,0.0,0.0,40,-1,2071,94,95,759,DEF,Marli Salmon,Arsenal
648,257,16,0,False,2026-02-11T19:30:00Z,0.0,0.0,26,False,0,0,0,0,0,0,0,0,0,0,0,0,0,0.0,0.0,0.0,0.0,0,0,0,0,0,0.0,0.0,0.0,0.0,53,-50,4724,0,50,648,MID,Marshall Munetsi,Wolves
648,310,1,0,True,2026-02-18T20:00:00Z,2.0,2.0,26,False,0,0,0,0,0,0,0,0,0,0,0,0,0,0.0,0.0,0.0,0.0,0,0,0,0,0,0.0,0.0,0.0,0.0,53,-50,4724,0,50,648,MID,Marshall Munetsi,Wolves
333,256,13,0,False,2026-02-11T19:30:00Z,3.0,0.0,26,False,0,0,0,0,0,0,0,0,0,0,0,0,0,0.0,0.0,0.0,0.0,0,0,0,0,0,0.0,0.0,0.0,0.0,45,-13,3022,0,13,333,MID,Martial Godo,Fulham
470,254,8,1,False,2026-02-11T19:40:00Z,2.0,3.0,26,False,90,0,0,0,2,0,0,0,0,0,1,0,4,11.4,0.0,0.0,1.1,1,9,0,0,1,0.0,0.0,0.0,1.8,40,-14802,4215425,31500,46302,470,GKP,Martin Dúbravka,Burnley
313,255,4,0,True,2026-02-10T19:30:00Z,1.0,2.0,26,False,0,0,0,0,0,0,0,0,0,0,0,0,0,0.0,0.0,0.0,0.0,0,0,0,0,0,0.0,0.0,0.0,0.0,44,-311,15592,11,322,313,FWD,Martin Sherif,Everton
17,252,5,1,False,2026-02-12T20:00:00Z,1.0,1.0,26,False,45,0,0,0,1,0,0,0,0,0,0,0,3,1.0,3.6,10.0,1.5,0,3,1,4,0,0.04,0.07,0.11,1.09,78,-36888,221545,354,37242,17,MID,Martin Ødegaard,Arsenal
17,310,20,0,False,2026-02-18T20:00:00Z,2.0,2.0,26,False,0,0,0,0,0,0,0,0,0,0,0,0,0,0.0,0.0,0.0,0.0,0,0,0,0,0,0.0,0.0,0.0,0.0,78,-36888,221545,354,37242,17,MID,Martin Ødegaard,Arsenal
26,252,5,2,False,2026-02-12T20:00:00Z,1.0,1.0,26,False,90,0,0,0,1,0,0,0,0,0,0,0,13,10.6,4.1,2.0,1.7,4,1,1,6,1,0.0,0.3,0.3,1.51,53,423911,779149,433745,9834,26,MID,Martín Zubimendi Ibáñez,Arsenal
26,310,20,4,False,2026-02-18T20:00:00Z,2.0,2.0,26,False,90,0,0,0,2,0,0,0,0,0,0,0,17,15.4,7.0,0.0,2.2,5,4,3,12,1,0.0,0.02,0.02,0.29,53,423911,779149,433745,9834,26,MID,Martín Zubimendi Ibáñez,Arsenal
455,260,19,0,False,2026-02-10T20:15:00Z,1.0,1.0,26,False,0,0,0,0,0,0,0,0,0,0,0,0,0,0.0,0.0,0.0,0.0,0,0,0,0,0,0.0,0.0,0.0,0.0,59,-3168,39584,26,3194,455,MID,Mason Mount,Man Utd
75,255,9,0,False,2026-02-10T19:30:00Z,1.0,2.0,26,False,0,0,0,0,0,0,0,0,0,0,0,0,0,0.0,0.0,0.0,0.0,0,0,0,0,0,0.0,0.0,0.0,0.0,38,-64,24943,193,257,75,DEF,Matai Akinmboni,Bournemouth
364,253,7,0,False,2026-02-10T19:30:00Z,2.0,2.0,26,False,0,0,0,0,0,0,0,0,0,0,0,0,0,0.0,0.0,0.0,0.0,0,0,0,0,0,0.0,0.0,0.0,0.0,50,-5,1248,0,5,364,FWD,Mateo Joseph Fernández-Regatillo,Leeds
422,256,10,0,True,2026-02-11T19:30:00Z,3.0,0.0,26,False,0,0,0,0,0,0,0,0,0,0,0,0,0,0.0,0.0,0.0,0.0,0,0,0,0,0,0.0,0.0,0.0,0.0,58,-7,2435,10,17,422,MID,Mateo Kovačić,Man City
708,260,14,3,True,2026-02-10T20:15:00Z,1.0,1.0,26,False,90,0,0,0,1,0,0,0,1,0,0,0,16,13.0,3.2,0.0,1.6,2,8,5,15,1,0.0,0.02,0.02,0.57,55,7431,51080,13867,6436,708,MID,Mateus Gonçalo Espanha Fernandes,West Ham
749,257,16,2,False,2026-02-11T19:30:00Z,0.0,0.0,26,False,90,0,0,1,0,0,0,0,0,0,0,0,13,22.2,5.4,35.0,6.3,3,4,4,11,1,0.19,0.01,0.2,2.55,46,132753,424879,145739,12986,749,FWD,Mateus Mané,Wolves
749,310,1,2,True,2026-02-18T20:00:00Z,2.0,2.0,26,False,90,0,0,0,2,0,0,0,0,0,0,0,6,4.6,2.8,2.0,0.9,3,7,0,10,1,0.0,0.03,0.03,1.86,46,132753,424879,145739,12986,749,FWD,Mateus Mané,Wolves
279,254,3,0,True,2026-02-11T19:40:00Z,2.0,3.0,26,False,0,0,0,0,0,0,0,0,0,0,0,0,0,0.0,0.0,0.0,0.0,0,0,0,0,0,0.0,0.0,0.0,0.0,45,-4,771,0,4,279,MID,Matheus França de Oliveira,Crystal Palace
407,256,10,4,True,2026-02-11T19:30:00Z,3.0,0.0,26,False,59,0,1,0,0,0,0,0,0,0,0,0,14,5.4,15.6,2.0,2.3,1,6,0,1,1,0.0,0.01,0.01,0.81,54,8883,418672,28197,19314,407,DEF,Matheus Nunes,Man City
450,260,19,2,False,2026-02-10T20:15:00Z,1.0,1.0,26,False,68,0,0,0,1,0,0,0,0,0,0,0,6,5.4,4.8,2.0,1.2,1,2,1,4,1,0.0,0.01,0.01,0.55,81,-33617,1127526,61131,94748,450,MID,Matheus Santos Carneiro da Cunha,Man Utd
126,252,1,1,True,2026-02-12T20:00:00Z,1.0,1.0,26,False,90,0,0,0,1,0,0,0,1,0,0,0,18,12.8,52.7,2.0,6.8,0,5,2,7,1,0.0,0.35,0.35,0.6,49,468,10730,784,316,126,MID,Mathias Jensen,Brentford
584,259,15,1,True,2026-02-10T19:30:00Z,1.0,2.0,26,False,55,0,0,0,2,0,0,0,0,0,0,0,0,1.8,25.7,22.0,5.0,0,5,1,6,0,0.55,0.07,0.62,1.06,62,-1485,17812,289,1774,584,MID,Mathys Tel,Spurs
173,251,2,0,False,2026-02-11T19:30:00Z,1.0,0.0,26,False,0,0,0,0,0,0,0,0,0,0,0,0,0,0.0,0.0,0.0,0.0,0,0,0,0,0,0.0,0.0,0.0,0.0,49,-984,15786,6,990,173,MID,Mats Wieffer,Brighton
103,252,1,0,True,2026-02-12T20:00:00Z,1.0,1.0,26,False,0,0,0,0,0,0,0,0,0,0,0,0,0,0.0,0.0,0.0,0.0,0,0,0,0,0,0.0,0.0,0.0,0.0,39,-393,18999,0,393,103,GKP,Matthew Cox,Brentford
436,260,19,0,False,2026-02-10T20:15:00Z,1.0,1.0,26,False,0,0,0,0,0,0,0,0,0,0,0,0,0,0.0,0.0,0.0,0.0,0,0,0,0,0,0.0,0.0,0.0,0.0,49,-2766,241966,96,2862,436,DEF,Matthijs de Ligt,Man Utd
36,251,6,0,True,2026-02-11T19:30:00Z,1.0,0.0,26,False,0,0,0,0,0,0,0,0,0,0,0,0,0,0.0,0.0,0.0,0.0,0,0,0,0,0,0.0,0.0,0.0,0.0,49,-8968,1495779,54570,63538,36,DEF,Matty Cash,Aston Villa
632,257,16,0,False,2026-02-11T19:30:00Z,0.0,0.0,26,False,0,0,0,0,0,0,0,0,0,0,0,0,0,0.0,0.0,0.0,0.0,0,0,0,0,0,0.0,0.0,0.0,0.0,44,208,11502,364,156,632,DEF,Matt Doherty,Wolves
632,310,1,0,True,2026-02-18T20:00:00Z,2.0,2.0,26,False,0,0,0,0,0,0,0,0,0,0,0,0,0,0.0,0.0,0.0,0.0,0,0,0,0,0,0.0,0.0,0.0,0.0,44,208,11502,364,156,632,DEF,Matt Doherty,Wolves
164,251,2,0,False,2026-02-11T19:30:00Z,1.0,0.0,26,False,0,0,0,0,0,0,0,0,0,0,0,0,0,0.0,0.0,0.0,0.0,0,0,0,0,0,0.0,0.0,0.0,0.0,55,131,43298,234,103,164,MID,Matt O'Riley,Brighton
484,259,18,0,False,2026-02-10T19:30:00Z,1.0,2.0,26,False,0,0,0,0,0,0,0,0,0,0,0,0,0,0.0,0.0,0.0,0.0,0,0,0,0,0,0.0,0.0,0.0,0.0,40,-122,18425,0,122,484,DEF,Matt Targett,Newcastle
504,257,20,0,True,2026-02-11T19:30:00Z,0.0,0.0,26,False,0,0,0,0,0,0,0,0,0,0,0,0,0,0.0,0.0,0.0,0.0,0,0,0,0,0,0.0,0.0,0.0,0.0,40,-55,10248,0,55,504,GKP,Matt Turner,Nott'm Forest
502,257,20,0,True,2026-02-11T19:30:00Z,0.0,0.0,26,False,0,0,0,0,0,0,0,0,0,0,0,0,0,0.0,0.0,0.0,0.0,0,0,0,0,0,0.0,0.0,0.0,0.0,46,-36749,671935,622,37371,502,GKP,Matz Sels,Nott'm Forest
257,254,3,3,True,2026-02-11T19:40:00Z,2.0,3.0,26,False,90,0,0,0,3,0,0,0,0,0,0,0,2,23.0,2.1,13.0,3.8,11,2,0,11,1,0.21,0.01,0.22,0.53,51,74550,819300,93940,19390,257,DEF,Maxence Lacroix,Crystal Palace
191,254,8,3,False,2026-02-11T19:40:00Z,2.0,3.0,26,False,90,0,0,0,2,0,0,0,0,0,0,0,9,22.4,0.7,6.0,2.9,8,6,2,10,1,0.0,0.02,0.02,1.8,39,-12539,1028850,7340,19879,191,DEF,Maxime Estève,Burnley
605,260,14,0,True,2026-02-10T20:15:00Z,1.0,1.0,26,False,0,0,0,0,0,0,0,0,0,0,0,0,0,0.0,0.0,0.0,0.0,0,0,0,0,0,0.0,0.0,0.0,0.0,42,-674,19532,227,901,605,DEF,Maximilian Kilman,West Ham
145,251,2,0,False,2026-02-11T19:30:00Z,1.0,0.0,26,False,0,0,0,0,0,0,0,0,0,0,0,0,0,0.0,0.0,0.0,0.0,0,0,0,0,0,0.0,0.0,0.0,0.0,43,-5501,238629,2013,7514,145,DEF,Maxim De Cuyper,Brighton
617,260,14,0,True,2026-02-10T20:15:00Z,1.0,1.0,26,False,0,0,0,0,0,0,0,0,0,0,0,0,0,0.0,0.0,0.0,0.0,0,0,0,0,0,0.0,0.0,0.0,0.0,49,-4,1931,0,4,617,MID,Maxwel Cornet,West Ham
794,256,10,0,True,2026-02-11T19:30:00Z,3.0,0.0,26,False,0,0,0,0,0,0,0,0,0,0,0,0,0,0.0,0.0,0.0,0.0,0,0,0,0,0,0.0,0.0,0.0,0.0,42,-145,1515,124,269,794,DEF,Max Alleyne,Man City
700,252,5,0,False,2026-02-12T20:00:00Z,1.0,1.0,26,False,0,0,0,0,0,0,0,0,0,0,0,0,0,0.0,0.0,0.0,0.0,0,0,0,0,0,0.0,0.0,0.0,0.0,42,1308,50914,6654,5346,700,MID,Max Dowman,Arsenal
700,310,20,0,False,2026-02-18T20:00:00Z,2.0,2.0,26,False,0,0,0,0,0,0,0,0,0,0,0,0,0,0.0,0.0,0.0,0.0,0,0,0,0,0,0.0,0.0,0.0,0.0,42,1308,50914,6654,5346,700,MID,Max Dowman,Arsenal
789,253,11,0,True,2026-02-10T19:30:00Z,2.0,2.0,26,False,0,0,0,0,0,0,0,0,0,0,0,0,0,0.0,0.0,0.0,0.0,0,0,0,0,0,0.0,0.0,0.0,0.0,40,3,580,34,31,789,GKP,Max Merrick,Chelsea
183,254,8,0,False,2026-02-11T19:40:00Z,2.0,3.0,26,False,0,0,0,0,0,0,0,0,0,0,0,0,0,0.0,0.0,0.0,0.0,0,0,0,0,0,0.0,0.0,0.0,0.0,43,-73,14849,204,277,183,GKP,Max Weiß,Burnley
812,258,12,0,True,2026-02-11T20:15:00Z,0.0,1.0,26,False,0,0,0,0,0,0,0,0,0,0,0,0,0,0.0,0.0,0.0,0.0,0,0,0,0,0,0.0,0.0,0.0,0.0,40,84,388,147,63,812,GKP,Melker Ellborg,Sunderland
728,255,4,0,True,2026-02-10T19:30:00Z,1.0,2.0,26,False,0,0,0,0,0,0,0,0,0,0,0,0,0,0.0,0.0,0.0,0.0,0,0,0,0,0,0.0,0.0,0.0,0.0,50,-18,1730,56,74,728,MID,Merlin Röhl,Everton
110,252,1,2,True,2026-02-12T20:00:00Z,1.0,1.0,26,False,90,0,0,0,1,0,0,0,0,0,0,0,9,13.0,1.1,2.0,1.6,7,3,2,9,1,0.08,0.06,0.14,0.6,45,-2882,80009,2234,5116,110,DEF,Michael Kayode,Brentford
295,255,4,1,True,2026-02-10T19:30:00Z,1.0,2.0,26,False,1,0,0,0,0,0,0,0,0,0,0,0,3,0.0,0.3,8.0,0.8,0,0,0,0,0,0.0,0.01,0.01,0.0,47,-14779,488414,18954,33733,295,DEF,Michael Keane,Everton
219,254,8,0,False,2026-02-11T19:40:00Z,2.0,3.0,26,False,0,0,0,0,0,0,0,0,0,0,0,0,0,0.0,0.0,0.0,0.0,0,0,0,0,0,0.0,0.0,0.0,0.0,44,-62,14074,0,62,219,FWD,Michael Obafemi,Burnley
575,259,15,3,True,2026-02-10T19:30:00Z,1.0,2.0,26,False,90,0,0,0,2,0,0,0,0,0,0,0,10,31.2,1.2,4.0,3.6,11,6,1,12,1,0.17,0.01,0.18,2.48,45,-90400,3061331,34074,124474,575,DEF,Micky van de Ven,Spurs
22,252,5,0,False,2026-02-12T20:00:00Z,1.0,1.0,26,False,0,0,0,0,0,0,0,0,0,0,0,0,0,0.0,0.0,0.0,0.0,0,0,0,0,0,0.0,0.0,0.0,0.0,54,-24695,124137,85,24780,22,MID,Mikel Merino Zazón,Arsenal
22,310,20,0,False,2026-02-18T20:00:00Z,2.0,2.0,26,False,0,0,0,0,0,0,0,0,0,0,0,0,0,0.0,0.0,0.0,0.0,0,0,0,0,0,0.0,0.0,0.0,0.0,54,-24695,124137,85,24780,22,MID,Mikel Merino Zazón,Arsenal
592,259,15,0,True,2026-02-10T19:30:00Z,1.0,2.0,26,False,0,0,0,0,0,0,0,0,0,0,0,0,0,0.0,0.0,0.0,0.0,0,0,0,0,0,0.0,0.0,0.0,0.0,50,-1,425,0,1,592,MID,Mikey Moore,Spurs
222,253,11,0,True,2026-02-10T19:30:00Z,2.0,2.0,26,False,0,0,0,0,0,0,0,0,0,0,0,0,0,0.0,0.0,0.0,0.0,0,0,0,0,0,0.0,0.0,0.0,0.0,40,-1,360,0,1,222,GKP,Mike Penders,Chelsea
214,254,8,0,False,2026-02-11T19:40:00Z,2.0,3.0,26,False,0,0,0,0,0,0,0,0,0,0,0,0,0,0.0,0.0,0.0,0.0,0,0,0,0,0,0.0,0.0,0.0,0.0,44,-172,7459,22,194,214,MID,Mike Trésor Ndayishimiye,Burnley
121,252,1,1,True,2026-02-12T20:00:00Z,1.0,1.0,26,False,17,0,0,0,0,0,0,0,0,0,0,0,5,7.0,11.1,4.0,2.2,2,2,1,5,0,0.0,0.01,0.01,0.07,56,-1570,58210,517,2087,121,MID,Mikkel Damsgaard,Brentford
546,258,12,0,True,2026-02-11T20:15:00Z,0.0,1.0,26,False,0,0,0,0,0,0,0,0,0,0,0,0,0,0.0,0.0,0.0,0.0,0,0,0,0,0,0.0,0.0,0.0,0.0,49,23,2072,36,13,546,MID,Milan Aleksić,Sunderland
371,258,17,0,False,2026-02-11T20:15:00Z,0.0,1.0,26,False,0,0,0,0,0,0,0,0,0,0,0,0,0,0.0,0.0,0.0,0.0,0,0,0,0,0,0.0,0.0,0.0,0.0,56,-351,373637,5259,5610,371,DEF,Milos Kerkez,Liverpool
483,259,18,0,False,2026-02-10T19:30:00Z,1.0,2.0,26,False,0,0,0,0,0,0,0,0,0,0,0,0,0,0.0,0.0,0.0,0.0,0,0,0,0,0,0.0,0.0,0.0,0.0,38,-208,48124,722,930,483,DEF,Miodrag Pivaš,Newcastle
157,251,2,3,False,2026-02-11T19:30:00Z,1.0,0.0,26,False,80,0,0,1,0,0,0,0,0,0,0,0,10,7.8,18.3,8.0,3.4,2,3,1,6,1,0.07,0.1,0.17,0.51,61,-10515,255283,2926,13441,157,MID,Mitoma Kaoru,Brighton
758,260,14,0,True,2026-02-10T20:15:00Z,1.0,1.0,26,False,0,0,0,0,0,0,0,0,0,0,0,0,0,0.0,0.0,0.0,0.0,0,0,0,0,0,0.0,0.0,0.0,0.0,45,50,1174,109,59,758,MID,Mohamadou Kanté,West Ham
381,258,17,6,False,2026-02-11T20:15:00Z,0.0,1.0,26,False,90,0,1,1,0,0,0,0,0,0,0,0,21,19.4,19.6,35.0,7.4,1,6,1,8,1,0.42,0.25,0.67,0.63,140,-14099,1828611,2607,16706,381,MID,Mohamed Salah,Liverpool
582,259,15,0,True,2026-02-10T19:30:00Z,1.0,2.0,26,False,0,0,0,0,0,0,0,0,0,0,0,0,0,0.0,0.0,0.0,0.0,0,0,0,0,0,0.0,0.0,0.0,0.0,64,-24319,1265512,56,24375,582,MID,Mohammed Kudus,Spurs
241,253,11,1,True,2026-02-10T19:30:00Z,2.0,2.0,26,False,90,0,0,0,2,0,0,0,1,0,0,0,13,13.0,22.0,2.0,3.7,2,3,3,8,1,0.0,0.61,0.61,1.44,57,3471,1033036,26540,23069,241,MID,Moisés Caicedo Corozo,Chelsea
515,257,20,3,True,2026-02-11T19:30:00Z,0.0,0.0,26,False,90,0,0,1,0,0,0,0,0,0,0,0,15,15.6,61.8,28.0,10.5,1,6,1,8,1,0.4,0.11,0.51,0.42,73,-4378,494935,26332,30710,515,MID,Morgan Gibbs-White,Nott'm Forest
47,251,6,2,True,2026-02-11T19:30:00Z,1.0,0.0,26,False,90,0,0,1,0,0,0,0,1,0,0,0,4,4.4,22.2,52.0,7.9,0,2,1,3,1,0.2,0.03,0.23,0.5,76,57051,3913088,173371,116320,47,MID,Morgan Rogers,Aston Villa
506,257,20,0,True,2026-02-11T19:30:00Z,0.0,0.0,26,False,0,0,0,0,0,0,0,0,0,0,0,0,0,0.0,0.0,0.0,0.0,0,0,0,0,0,0.0,0.0,0.0,0.0,52,-31839,253867,878,32717,506,DEF,Murillo Costa dos Santos,Nott'm Forest
245,253,11,0,True,2026-02-10T19:30:00Z,2.0,2.0,26,False,0,0,0,0,0,0,0,0,0,0,0,0,0,0.0,0.0,0.0,0.0,0,0,0,0,0,0.0,0.0,0.0,0.0,49,1,1110,13,12,245,MID,Mykhailo Mudryk,Chelsea
10,252,5,0,False,2026-02-12T20:00:00Z,1.0,1.0,26,False,0,0,0,0,0,0,0,0,0,0,0,0,0,0.0,0.0,0.0,0.0,0,0,0,0,0,0.0,0.0,0.0,0.0,51,-2066,184790,1048,3114,10,DEF,Myles Lewis-Skelly,Arsenal
10,310,20,0,False,2026-02-18T20:00:00Z,2.0,2.0,26,False,0,0,0,0,0,0,0,0,0,0,0,0,0,0.0,0.0,0.0,0.0,0,0,0,0,0,0.0,0.0,0.0,0.0,51,-2066,184790,1048,3114,10,DEF,Myles Lewis-Skelly,Arsenal
133,252,1,0,True,2026-02-12T20:00:00Z,1.0,1.0,26,False,0,0,0,0,0,0,0,0,0,0,0,0,0,0.0,0.0,0.0,0.0,0,0,0,0,0,0.0,0.0,0.0,0.0,44,-70,4311,0,70,133,MID,Myles Peart-Harris,Brentford
275,254,3,0,True,2026-02-11T19:40:00Z,2.0,3.0,26,False,0,0,0,0,0,0,0,0,0,0,0,0,0,0.0,0.0,0.0,0.0,0,0,0,0,0,0.0,0.0,0.0,0.0,43,-102,4908,0,102,275,MID,Naouirou Ahamada,Crystal Palace
263,254,3,0,True,2026-02-11T19:40:00Z,2.0,3.0,26,False,0,0,0,0,0,0,0,0,0,0,0,0,0,0.0,0.0,0.0,0.0,0,0,0,0,0,0.0,0.0,0.0,0.0,38,-1337,75519,1357,2694,263,DEF,Nathaniel Clyne,Crystal Palace
405,256,10,0,True,2026-02-11T19:30:00Z,3.0,0.0,26,False,0,0,0,0,0,0,0,0,0,0,0,0,0,0.0,0.0,0.0,0.0,0,0,0,0,0,0.0,0.0,0.0,0.0,53,-791,79078,547,1338,405,DEF,Nathan Aké,Man City
106,252,1,0,True,2026-02-12T20:00:00Z,1.0,1.0,26,False,0,0,0,0,0,0,0,0,0,0,0,0,0,0.0,0.0,0.0,0.0,0,0,0,0,0,0.0,0.0,0.0,0.0,50,-60121,393334,3174,63295,106,DEF,Nathan Collins,Brentford
658,257,16,0,False,2026-02-11T19:30:00Z,0.0,0.0,26,False,0,0,0,0,0,0,0,0,0,0,0,0,0,0.0,0.0,0.0,0.0,0,0,0,0,0,0.0,0.0,0.0,0.0,42,14537,255529,20703,6166,658,FWD,Nathan Fraser,Wolves
658,310,1,0,True,2026-02-18T20:00:00Z,2.0,2.0,26,False,0,0,0,0,0,0,0,0,0,0,0,0,0,0.0,0.0,0.0,0.0,0,0,0,0,0,0.0,0.0,0.0,0.0,42,14537,255529,20703,6166,658,FWD,Nathan Fraser,Wolves
296,255,4,0,True,2026-02-10T19:30:00Z,1.0,2.0,26,False,0,0,0,0,0,0,0,0,0,0,0,0,0,0.0,0.0,0.0,0.0,0,0,0,0,0,0.0,0.0,0.0,0.0,44,-319,4945,116,435,296,DEF,Nathan Patterson,Everton
607,260,14,0,True,2026-02-10T20:15:00Z,1.0,1.0,26,False,0,0,0,0,0,0,0,0,0,0,0,0,0,0.0,0.0,0.0,0.0,0,0,0,0,0,0.0,0.0,0.0,0.0,44,-12,5384,0,12,607,DEF,Nayef Aguerd,West Ham
564,258,12,0,True,2026-02-11T20:15:00Z,0.0,1.0,26,False,0,0,0,0,0,0,0,0,0,0,0,0,0,0.0,0.0,0.0,0.0,0,0,0,0,0,0.0,0.0,0.0,0.0,44,-39,10635,0,39,564,FWD,Nazarii Rusyn,Sunderland
508,257,20,8,True,2026-02-11T19:30:00Z,0.0,0.0,26,False,90,0,0,1,0,0,0,0,0,0,0,2,40,27.0,49.3,39.0,11.5,2,6,3,5,1,0.18,0.68,0.86,0.42,47,-4537,375155,4816,9353,508,DEF,Neco Williams,Nott'm Forest
559,258,12,0,True,2026-02-11T20:15:00Z,0.0,1.0,26,False,0,0,0,0,0,0,0,0,0,0,0,0,0,0.0,0.0,0.0,0.0,0,0,0,0,0,0.0,0.0,0.0,0.0,44,-15,3898,0,15,559,MID,Nectarios Triantis,Sunderland
744,251,2,0,False,2026-02-11T19:30:00Z,1.0,0.0,26,False,0,0,0,0,0,0,0,0,0,0,0,0,0,0.0,0.0,0.0,0.0,0,0,0,0,0,0.0,0.0,0.0,0.0,45,50,1676,105,55,744,MID,Nehemiah Oriola,Brighton
537,258,12,0,True,2026-02-11T20:15:00Z,0.0,1.0,26,False,0,0,0,0,0,0,0,0,0,0,0,0,0,0.0,0.0,0.0,0.0,0,0,0,0,0,0.0,0.0,0.0,0.0,40,-51,8819,0,51,537,DEF,Niall Huggins,Sunderland
469,259,18,2,False,2026-02-10T19:30:00Z,1.0,2.0,26,False,90,0,0,0,1,0,0,0,0,0,1,0,7,5.6,0.0,0.0,0.6,1,9,0,0,1,0.0,0.0,0.0,1.85,51,-18239,607682,5255,23494,469,GKP,Nick Pope,Newcastle
714,259,18,1,False,2026-02-10T19:30:00Z,1.0,2.0,26,False,2,0,0,0,0,0,0,0,0,0,0,0,5,2.0,0.0,0.0,0.2,0,0,1,1,0,0.0,0.0,0.0,0.32,69,-144370,1102004,11911,156281,714,FWD,Nick Woltemade,Newcastle
625,260,14,0,True,2026-02-10T20:15:00Z,1.0,1.0,26,False,0,0,0,0,0,0,0,0,0,0,0,0,0,0.0,0.0,0.0,0.0,0,0,0,0,0,0.0,0.0,0.0,0.0,56,-423,75371,0,423,625,FWD,Niclas Füllkrug,West Ham
251,253,11,0,True,2026-02-10T19:30:00Z,2.0,2.0,26,False,0,0,0,0,0,0,0,0,0,0,0,0,0,0.0,0.0,0.0,0.0,0,0,0,0,0,0.0,0.0,0.0,0.0,65,-19,9270,0,19,251,FWD,Nicolas Jackson,Chelsea
519,257,20,0,True,2026-02-11T19:30:00Z,0.0,0.0,26,False,0,0,0,0,0,0,0,0,0,0,0,0,0,0.0,0.0,0.0,0.0,0,0,0,0,0,0.0,0.0,0.0,0.0,50,-156,4811,269,425,519,MID,Nicolás Domínguez,Nott'm Forest
716,257,20,0,True,2026-02-11T19:30:00Z,0.0,0.0,26,False,0,0,0,0,0,0,0,0,0,0,0,0,0,0.0,0.0,0.0,0.0,0,0,0,0,0,0.0,0.0,0.0,0.0,45,-1300,9027,18,1318,716,DEF,Nicolò Savona,Nott'm Forest
423,256,10,0,True,2026-02-11T19:30:00Z,3.0,0.0,26,False,19,0,0,0,0,0,0,0,1,0,0,0,0,2.8,0.3,0.0,0.3,3,0,0,3,0,0.0,0.0,0.0,0.58,59,-35,13363,300,335,423,MID,Nico González Iglesias,Man City
411,256,10,13,True,2026-02-11T19:30:00Z,3.0,0.0,26,False,90,1,0,1,0,0,0,0,0,0,0,1,33,30.4,5.8,36.0,7.2,0,2,0,0,1,0.48,0.01,0.49,1.42,49,-41918,581842,11990,53908,411,DEF,Nico O'Reilly,Man City
505,257,20,6,True,2026-02-11T19:30:00Z,0.0,0.0,26,False,90,0,0,1,0,0,0,0,0,0,0,0,24,12.4,1.3,1.0,1.5,6,3,0,6,1,0.01,0.0,0.01,0.42,51,2194,423872,11927,9733,505,DEF,Nikola Milenković,Nott'm Forest
813,258,12,2,True,2026-02-11T20:15:00Z,0.0,1.0,26,False,79,0,0,0,1,0,0,0,0,0,0,0,8,14.6,11.8,44.0,7.0,3,1,1,5,1,0.21,0.02,0.23,2.38,50,140,339,184,44,813,MID,Nilson Angulo,Sunderland
698,253,7,6,False,2026-02-10T19:30:00Z,2.0,2.0,26,False,35,1,0,0,1,0,0,0,0,0,0,0,21,34.2,0.3,19.0,5.4,0,0,0,0,0,0.61,0.0,0.61,2.53,55,882,14176,1767,885,698,MID,Noah Okafor,Leeds
552,258,12,2,True,2026-02-11T20:15:00Z,0.0,1.0,26,False,90,0,0,0,1,0,0,0,0,0,0,0,15,22.0,14.1,0.0,3.6,5,2,1,8,1,0.0,0.06,0.06,2.53,49,52,7070,334,282,552,MID,Noah Sadiki,Sunderland
18,252,5,11,False,2026-02-12T20:00:00Z,1.0,1.0,26,False,69,1,0,1,0,0,0,0,0,0,0,3,32,42.0,7.1,31.0,8.0,0,1,5,6,1,0.19,0.05,0.24,0.76,68,48533,196947,64787,16254,18,MID,Noni Madueke,Arsenal
18,310,20,2,False,2026-02-18T20:00:00Z,2.0,2.0,26,False,64,0,0,0,1,0,0,0,0,0,0,0,5,2.6,7.4,30.0,4.0,0,1,0,1,1,0.14,0.03,0.17,0.12,68,48533,196947,64787,16254,18,MID,Noni Madueke,Arsenal
311,255,4,0,True,2026-02-10T19:30:00Z,1.0,2.0,26,False,28,0,0,0,1,0,0,0,1,0,0,0,-1,0.0,1.3,19.0,2.0,0,1,0,1,0,0.1,0.01,0.11,0.79,50,1896,314801,9583,7687,311,FWD,Norberto Bercique Gomes Betuncal,Everton
66,255,9,0,False,2026-02-10T19:30:00Z,1.0,2.0,26,False,0,0,0,0,0,0,0,0,0,0,0,0,0,0.0,0.0,0.0,0.0,0,0,0,0,0,0.0,0.0,0.0,0.0,45,-37,7343,0,37,66,GKP,Norberto Murara Neto,Bournemouth
694,258,12,2,True,2026-02-11T20:15:00Z,0.0,1.0,26,False,90,0,0,0,1,0,0,0,0,0,0,0,16,21.4,26.5,19.0,6.7,6,7,2,8,1,0.11,0.13,0.24,2.53,46,-19318,1727604,55539,74857,694,DEF,Nordi Mukiele,Sunderland
438,260,19,0,False,2026-02-10T20:15:00Z,1.0,1.0,26,False,0,0,0,0,0,0,0,0,0,0,0,0,0,0.0,0.0,0.0,0.0,0,0,0,0,0,0.0,0.0,0.0,0.0,49,270,26240,1312,1042,438,DEF,Noussair Mazraoui,Man Utd
285,254,3,0,True,2026-02-11T19:40:00Z,2.0,3.0,26,False,0,0,0,0,0,0,0,0,0,0,0,0,0,0.0,0.0,0.0,0.0,0,0,0,0,0,0.0,0.0,0.0,0.0,50,-102,26894,0,102,285,FWD,Odsonne Édouard,Crystal Palace
472,259,18,0,False,2026-02-10T19:30:00Z,1.0,2.0,26,False,0,0,0,0,0,0,0,0,0,0,0,0,0,0.0,0.0,0.0,0.0,0,0,0,0,0,0.0,0.0,0.0,0.0,40,-14,1767,0,14,472,GKP,Odysseas Vlachodimos,Newcastle
507,257,20,7,True,2026-02-11T19:30:00Z,0.0,0.0,26,False,90,0,0,1,0,0,0,0,0,0,0,1,32,20.0,32.8,7.0,6.0,6,5,0,6,1,0.08,0.17,0.25,0.42,47,5441,303169,11058,5617,507,DEF,Ola Aina,Nott'm Forest
12,257,20,0,True,2026-02-11T19:30:00Z,0.0,0.0,26,False,0,0,0,0,0,0,0,0,0,0,0,0,0,0.0,0.0,0.0,0.0,0,0,0,0,0,0.0,0.0,0.0,0.0,49,-908,28513,0,908,12,DEF,Oleksandr Zinchenko,Nott'm Forest
776,254,8,0,False,2026-02-11T19:40:00Z,2.0,3.0,26,False,0,0,0,0,0,0,0,0,0,0,0,0,0,0.0,0.0,0.0,0.0,0,0,0,0,0,0.0,0.0,0.0,0.0,45,7,297,52,45,776,MID,Oliver Pimlott,Burnley
197,254,8,0,False,2026-02-11T19:40:00Z,2.0,3.0,26,False,0,0,0,0,0,0,0,0,0,0,0,0,0,0.0,0.0,0.0,0.0,0,0,0,0,0,0.0,0.0,0.0,0.0,38,-2083,29250,0,2083,197,DEF,Oliver Sonne,Burnley
143,251,2,1,False,2026-02-11T19:30:00Z,1.0,0.0,26,False,29,0,0,0,1,0,0,0,0,0,0,0,1,5.4,0.5,0.0,0.6,2,2,1,3,0,0.0,0.0,0.0,0.25,42,350,11120,516,166,143,DEF,Olivier Boscagli,Brighton
608,260,14,1,True,2026-02-10T20:15:00Z,1.0,1.0,26,False,10,0,0,0,1,0,0,0,0,0,0,0,3,3.6,11.1,0.0,1.5,1,1,0,1,0,0.0,0.01,0.01,0.24,43,-105,5036,103,208,608,DEF,Ollie Scarles,West Ham
64,251,6,2,True,2026-02-11T19:30:00Z,1.0,0.0,26,False,73,0,0,1,0,0,0,0,0,0,0,0,2,0.0,1.9,6.0,0.3,0,0,0,0,1,0.02,0.02,0.04,0.39,87,-77722,1162033,27002,104724,64,FWD,Ollie Watkins,Aston Villa
212,254,8,0,False,2026-02-11T19:40:00Z,2.0,3.0,26,False,0,0,0,0,0,0,0,0,0,0,0,0,0,0.0,0.0,0.0,0.0,0,0,0,0,0,0.0,0.0,0.0,0.0,45,-6,800,0,6,212,MID,Oluwaseun Adewumi,Burnley
693,257,20,3,True,2026-02-11T19:30:00Z,0.0,0.0,26,False,90,0,0,1,0,0,0,0,0,0,0,0,12,21.0,61.7,13.0,9.6,2,1,2,5,1,0.09,0.25,0.34,0.42,54,-297,11456,591,888,693,MID,Omari Hutchinson,Nott'm Forest
683,258,12,2,True,2026-02-11T20:15:00Z,0.0,1.0,26,False,79,0,0,0,1,0,0,0,0,0,0,0,7,18.0,10.7,4.0,3.3,9,2,0,9,1,0.0,0.01,0.01,2.38,41,-12059,816983,22653,34712,683,DEF,Omar Alderete,Sunderland
413,256,10,1,True,2026-02-11T19:30:00Z,3.0,0.0,26,False,45,0,0,0,0,0,0,0,0,0,0,0,5,6.2,11.8,2.0,2.0,0,1,2,3,0,0.0,0.0,0.0,0.8,83,2552,319437,7630,5078,413,MID,Omar Marmoush,Man City
512,257,20,0,True,2026-02-11T19:30:00Z,0.0,0.0,26,False,0,0,0,0,0,0,0,0,0,0,0,0,0,0.0,0.0,0.0,0.0,0,0,0,0,0,0.0,0.0,0.0,0.0,45,-5,2470,0,5,512,DEF,Omar Richards,Nott'm Forest
424,256,13,1,False,2026-02-11T19:30:00Z,3.0,0.0,26,False,18,0,0,0,0,0,0,0,0,0,0,0,5,4.2,11.7,10.0,2.6,2,4,1,7,0,0.07,0.0,0.07,0.0,51,722,25637,1078,356,424,MID,Oscar Bobb,Fulham
76,255,9,0,False,2026-02-10T19:30:00Z,1.0,2.0,26,False,0,0,0,0,0,0,0,0,0,0,0,0,0,0.0,0.0,0.0,0.0,0,0,0,0,0,0.0,0.0,0.0,0.0,38,711,24123,1079,368,76,DEF,Owen Bevan,Bournemouth
189,254,8,0,False,2026-02-11T19:40:00Z,2.0,3.0,26,False,0,0,0,0,0,0,0,0,0,0,0,0,0,0.0,0.0,0.0,0.0,0,0,0,0,0,0.0,0.0,0.0,0.0,40,-8,1609,0,8,189,DEF,Owen Dodgson,Burnley
785,260,14,0,True,2026-02-10T20:15:00Z,1.0,1.0,26,False,0,0,0,0,0,0,0,0,0,0,0,0,0,0.0,0.0,0.0,0.0,0,0,0,0,0,0.0,0.0,0.0,0.0,55,-189,2125,371,560,785,FWD,Pablo Felipe Pereira de Jesus,West Ham
593,259,15,8,True,2026-02-10T19:30:00Z,1.0,2.0,26,False,90,0,1,0,2,0,0,0,1,0,0,2,33,43.2,14.8,11.0,6.9,9,6,4,19,1,0.01,0.41,0.42,2.48,45,8976,117813,11138,2162,593,MID,Pape Matar Sarr,Spurs
132,252,1,0,True,2026-02-12T20:00:00Z,1.0,1.0,26,False,0,0,0,0,0,0,0,0,0,0,0,0,0,0.0,0.0,0.0,0.0,0,0,0,0,0,0.0,0.0,0.0,0.0,45,-164,2964,0,164,132,MID,Paris Maghoma,Brentford
783,251,2,2,False,2026-02-11T19:30:00Z,1.0,0.0,26,False,90,0,0,0,1,0,0,0,0,0,0,0,17,23.6,51.2,15.0,9.0,2,4,1,7,1,0.12,0.23,0.35,0.72,55,-523,10970,1564,2087,783,MID,Pascal Groß,Brighton
343,253,7,0,False,2026-02-10T19:30:00Z,2.0,2.0,26,False,0,0,0,0,0,0,0,0,0,0,0,0,0,0.0,0.0,0.0,0.0,0,0,0,0,0,0.0,0.0,0.0,0.0,43,-6541,62189,2367,8908,343,DEF,Pascal Struijk,Leeds
363,253,7,0,False,2026-02-10T19:30:00Z,2.0,2.0,26,False,0,0,0,0,0,0,0,0,0,0,0,0,0,0.0,0.0,0.0,0.0,0,0,0,0,0,0.0,0.0,0.0,0.0,49,-186,42997,0,186,363,FWD,Patrick Bamford,Leeds
441,260,19,0,False,2026-02-10T20:15:00Z,1.0,1.0,26,False,0,0,0,0,0,0,0,0,0,0,0,0,0,0.0,0.0,0.0,0.0,0,0,0,0,0,0.0,0.0,0.0,0.0,43,-154495,623281,2464,156959,441,DEF,Patrick Dorgu,Man Utd
545,258,12,0,True,2026-02-11T20:15:00Z,0.0,1.0,26,False,0,0,0,0,0,0,0,0,0,0,0,0,0,0.0,0.0,0.0,0.0,0,0,0,0,0,0.0,0.0,0.0,0.0,54,-2,1575,0,2,545,MID,Patrick Roberts,Sunderland
41,251,6,0,True,2026-02-11T19:30:00Z,1.0,0.0,26,False,0,0,0,0,0,0,0,0,0,0,0,0,0,0.0,0.0,0.0,0.0,0,0,0,0,0,0.0,0.0,0.0,0.0,43,-235,41268,1383,1618,41,DEF,Pau Torres,Aston Villa
640,257,16,0,False,2026-02-11T19:30:00Z,0.0,0.0,26,False,0,0,0,0,0,0,0,0,0,0,0,0,0,0.0,0.0,0.0,0.0,0,0,0,0,0,0.0,0.0,0.0,0.0,40,239,47911,563,324,640,DEF,Pedro Cardoso de Lima,Wolves
640,310,1,0,True,2026-02-18T20:00:00Z,2.0,2.0,26,False,0,0,0,0,0,0,0,0,0,0,0,0,0,0.0,0.0,0.0,0.0,0,0,0,0,0,0.0,0.0,0.0,0.0,40,239,47911,563,324,640,DEF,Pedro Cardoso de Lima,Wolves
236,253,11,1,True,2026-02-10T19:30:00Z,2.0,2.0,26,False,26,0,0,0,2,0,0,0,0,0,0,0,3,6.2,16.2,2.0,2.4,1,1,0,2,0,0.0,0.22,0.22,1.43,70,-52663,642548,9379,62042,236,MID,Pedro Lomba Neto,Chelsea
568,259,15,0,True,2026-02-10T19:30:00Z,1.0,2.0,26,False,0,0,0,0,0,0,0,0,0,0,0,0,0,0.0,0.0,0.0,0.0,0,0,0,0,0,0.0,0.0,0.0,0.0,52,-77323,1262916,134,77457,568,DEF,Pedro Porro Sauceda,Spurs
147,251,2,0,False,2026-02-11T19:30:00Z,1.0,0.0,26,False,0,0,0,0,0,0,0,0,0,0,0,0,0,0.0,0.0,0.0,0.0,0,0,0,0,0,0.0,0.0,0.0,0.0,45,-2,1180,0,2,147,DEF,Pervis Estupiñán Tenorio,Brighton
89,255,9,0,False,2026-02-10T19:30:00Z,1.0,2.0,26,False,0,0,0,0,0,0,0,0,0,0,0,0,0,0.0,0.0,0.0,0.0,0,0,0,0,0,0.0,0.0,0.0,0.0,49,-16,2752,0,16,89,MID,Philip Billing,Bournemouth
414,256,10,5,True,2026-02-11T19:30:00Z,3.0,0.0,26,False,70,0,1,1,0,0,0,0,1,0,0,0,22,31.2,31.8,32.0,9.5,1,5,2,8,1,0.2,0.06,0.26,0.84,82,-235330,1308480,2584,237914,414,MID,Phil Foden,Man City
725,252,5,7,False,2026-02-12T20:00:00Z,1.0,1.0,26,False,80,0,1,0,1,0,0,0,0,0,0,2,27,35.4,18.3,6.0,6.0,4,4,3,7,1,0.0,0.15,0.15,1.18,51,-10131,75833,6559,16690,725,DEF,Piero Hincapié,Arsenal
725,310,20,8,False,2026-02-18T20:00:00Z,2.0,2.0,26,False,90,1,0,0,2,0,0,0,0,0,0,1,29,61.0,38.4,21.0,12.0,8,2,1,9,1,0.31,0.17,0.48,0.29,51,-10131,75833,6559,16690,725,DEF,Piero Hincapié,Arsenal
556,258,12,0,True,2026-02-11T20:15:00Z,0.0,1.0,26,False,0,0,0,0,0,0,0,0,0,0,0,0,0,0.0,0.0,0.0,0.0,0,0,0,0,0,0.0,0.0,0.0,0.0,45,-6,660,0,6,556,MID,Pierre Ekwah Elimby,Sunderland
192,254,8,0,False,2026-02-11T19:40:00Z,2.0,3.0,26,False,0,0,0,0,0,0,0,0,0,0,0,0,0,0.0,0.0,0.0,0.0,0,0,0,0,0,0.0,0.0,0.0,0.0,40,-2770,86560,733,3503,192,DEF,Quilindschy Hartman,Burnley
572,259,15,3,True,2026-02-10T19:30:00Z,1.0,2.0,26,False,90,0,0,0,2,0,0,0,0,0,0,0,3,29.8,1.3,9.0,4.0,13,2,0,13,1,0.12,0.0,0.12,2.48,45,605,2647,831,226,572,DEF,Radu Drăgușin,Spurs
726,259,15,1,True,2026-02-10T19:30:00Z,1.0,2.0,26,False,20,0,0,0,0,0,0,0,0,0,0,0,5,7.8,15.4,2.0,2.5,1,3,1,5,0,0.0,0.16,0.16,0.02,69,-1605,43685,1147,2752,726,FWD,Randal Kolo Muani,Spurs
465,260,19,0,False,2026-02-10T20:15:00Z,1.0,1.0,26,False,0,0,0,0,0,0,0,0,0,0,0,0,0,0.0,0.0,0.0,0.0,0,0,0,0,0,0.0,0.0,0.0,0.0,63,-46,33204,0,46,465,FWD,Rasmus Højlund,Man Utd
402,256,10,9,True,2026-02-11T19:30:00Z,3.0,0.0,26,False,90,0,0,1,0,0,0,0,0,0,0,3,36,16.0,5.3,2.0,2.3,3,2,5,8,1,0.0,0.02,0.02,1.42,57,4210,489974,6374,2164,402,DEF,Rayan Aït-Nouri,Man City
417,256,10,1,True,2026-02-11T19:30:00Z,3.0,0.0,26,False,19,0,0,0,0,0,0,0,0,0,0,0,5,0.0,1.3,0.0,0.1,0,3,1,4,0,0.0,0.0,0.0,0.58,65,-28698,1198237,64296,92994,417,MID,Rayan Cherki,Man City
807,255,9,6,False,2026-02-10T19:30:00Z,1.0,2.0,26,False,90,1,0,0,1,0,0,0,1,0,0,0,23,33.4,27.4,39.0,10.0,0,5,0,5,1,0.34,0.1,0.44,2.94,55,35309,45145,37032,1723,807,MID,Rayan Vitor Simplício Rocha,Bournemouth
337,256,13,1,False,2026-02-11T19:30:00Z,3.0,0.0,26,False,59,0,0,0,3,0,0,0,0,0,0,0,2,1.8,0.4,25.0,2.7,1,1,1,3,1,0.56,0.0,0.56,1.37,62,-18969,222968,10395,29364,337,FWD,Raúl Jiménez Rodríguez,Fulham
225,253,11,0,True,2026-02-10T19:30:00Z,2.0,2.0,26,False,0,0,0,0,0,0,0,0,0,0,0,0,0,0.0,0.0,0.0,0.0,0,0,0,0,0,0.0,0.0,0.0,0.0,57,-236704,1093349,1522,238226,225,DEF,Reece James,Chelsea
298,255,4,0,True,2026-02-10T19:30:00Z,1.0,2.0,26,False,0,0,0,0,0,0,0,0,0,0,0,0,0,0.0,0.0,0.0,0.0,0,0,0,0,0,0.0,0.0,0.0,0.0,38,126,18309,276,150,298,DEF,Reece Welch,Everton
764,256,10,0,True,2026-02-11T19:30:00Z,3.0,0.0,26,False,0,0,0,0,0,0,0,0,0,0,0,0,0,0.0,0.0,0.0,0.0,0,0,0,0,0,0.0,0.0,0.0,0.0,45,0,302,19,19,764,MID,Reigan Heskey,Man City
541,258,12,1,True,2026-02-11T20:15:00Z,0.0,1.0,26,False,90,0,0,0,1,0,0,0,1,0,0,0,13,30.8,16.8,2.0,5.0,8,7,0,8,1,0.0,0.14,0.14,2.53,38,25189,427562,32331,7142,541,DEF,Reinildo Mandava,Sunderland
27,252,1,0,True,2026-02-12T20:00:00Z,1.0,1.0,26,False,0,0,0,0,0,0,0,0,0,0,0,0,0,0.0,0.0,0.0,0.0,0,0,0,0,0,0.0,0.0,0.0,0.0,48,-169,12167,126,295,27,MID,Reiss Nelson,Brentford
255,254,3,0,True,2026-02-11T19:40:00Z,2.0,3.0,26,False,0,0,0,0,0,0,0,0,0,0,0,0,0,0.0,0.0,0.0,0.0,0,0,0,0,0,0.0,0.0,0.0,0.0,39,93,13310,208,115,255,GKP,Remi Matthews,Crystal Palace
687,255,9,0,False,2026-02-10T19:30:00Z,1.0,2.0,26,False,0,0,0,0,0,0,0,0,0,0,0,0,0,0.0,0.0,0.0,0.0,0,0,0,0,0,0.0,0.0,0.0,0.0,43,2537,22220,3313,776,687,MID,Remy Rees-Dottin,Bournemouth
379,258,17,0,False,2026-02-11T20:15:00Z,0.0,1.0,26,False,0,0,0,0,0,0,0,0,0,0,0,0,0,0.0,0.0,0.0,0.0,0,0,0,0,0,0.0,0.0,0.0,0.0,37,18993,100380,22572,3579,379,DEF,Rhys Williams,Liverpool
7,252,5,1,False,2026-02-12T20:00:00Z,1.0,1.0,26,False,9,0,0,0,0,0,0,0,0,0,0,0,2,1.4,1.3,0.0,0.3,1,0,0,1,0,0.0,0.0,0.0,0.33,56,53825,849400,61848,8023,7,DEF,Riccardo Calafiori,Arsenal
7,310,20,1,False,2026-02-18T20:00:00Z,2.0,2.0,26,False,1,0,0,0,1,0,0,0,0,0,0,0,-1,0.2,0.3,0.0,0.1,0,0,0,0,0,0.0,0.01,0.01,0.17,56,53825,849400,61848,8023,7,DEF,Riccardo Calafiori,Arsenal
597,259,15,0,True,2026-02-10T19:30:00Z,1.0,2.0,26,False,0,0,0,0,0,0,0,0,0,0,0,0,0,0.0,0.0,0.0,0.0,0,0,0,0,0,0.0,0.0,0.0,0.0,63,-17295,710003,151,17446,597,FWD,Richarlison de Andrade,Spurs
109,252,1,2,True,2026-02-12T20:00:00Z,1.0,1.0,26,False,90,0,0,0,1,0,0,0,0,0,0,0,6,9.2,0.8,0.0,1.0,5,4,0,5,1,0.0,0.01,0.01,0.6,43,-53,21292,640,693,109,DEF,Rico Henry,Brentford
410,256,10,0,True,2026-02-11T19:30:00Z,3.0,0.0,26,False,0,0,0,0,0,0,0,0,0,0,0,0,0,0.0,0.0,0.0,0.0,0,0,0,0,0,0.0,0.0,0.0,0.0,46,-990,158042,735,1725,410,DEF,Rico Lewis,Man City
690,254,3,0,True,2026-02-11T19:40:00Z,2.0,3.0,26,False,0,0,0,0,0,0,0,0,0,0,0,0,0,0.0,0.0,0.0,0.0,0,0,0,0,0,0.0,0.0,0.0,0.0,44,-306,34081,10,316,690,MID,Rio Cardines,Crystal Palace
811,259,15,0,True,2026-02-10T19:30:00Z,1.0,2.0,26,False,0,0,0,0,0,0,0,0,0,0,0,0,0,0.0,0.0,0.0,0.0,0,0,0,0,0,0.0,0.0,0.0,0.0,45,94,227,114,20,811,MID,Rio Kyerematen,Spurs
686,258,17,0,False,2026-02-11T20:15:00Z,0.0,1.0,26,False,0,0,0,0,0,0,0,0,0,0,0,0,0,0.0,0.0,0.0,0.0,0,0,0,0,0,0.0,0.0,0.0,0.0,43,6477,103064,11047,4570,686,MID,Rio Ngumoha,Liverpool
220,253,11,1,True,2026-02-10T19:30:00Z,2.0,2.0,26,False,90,0,0,0,2,0,0,0,0,0,0,0,4,5.4,0.0,0.0,0.5,0,7,0,0,1,0.0,0.01,0.01,1.44,49,-14178,1944852,45447,59625,220,GKP,Robert Lynch Sánchez,Chelsea
670,258,12,2,True,2026-02-11T20:15:00Z,0.0,1.0,26,False,90,0,0,0,1,0,0,0,0,0,2,0,14,19.4,0.0,0.0,1.9,5,10,0,0,1,0.0,0.0,0.0,2.53,50,-90581,1490876,9657,100238,670,GKP,Robin Roefs,Sunderland
264,254,3,0,True,2026-02-11T19:40:00Z,2.0,3.0,26,False,0,0,0,0,0,0,0,0,0,0,0,0,0,0.0,0.0,0.0,0.0,0,0,0,0,0,0.0,0.0,0.0,0.0,40,-6,2081,0,6,264,DEF,Rob Holding,Crystal Palace
421,256,10,3,True,2026-02-11T19:30:00Z,3.0,0.0,26,False,70,0,0,1,0,0,0,0,0,0,0,0,9,2.6,6.5,1.0,1.0,0,3,0,3,1,0.03,0.03,0.06,0.84,63,562,58344,1682,1120,421,MID,Rodrigo 'Rodri' Hernandez Cascante,Man City
585,259,15,0,True,2026-02-10T19:30:00Z,1.0,2.0,26,False,0,0,0,0,0,0,0,0,0,0,0,0,0,0.0,0.0,0.0,0.0,0,0,0,0,0,0.0,0.0,0.0,0.0,53,-638,21862,15,653,585,MID,Rodrigo Bentancur,Spurs
635,257,16,1,False,2026-02-11T19:30:00Z,0.0,0.0,26,False,59,0,0,0,0,0,0,0,0,0,0,0,9,13.8,0.7,4.0,1.9,3,3,4,7,1,0.0,0.0,0.0,1.5,44,281,7619,380,99,635,DEF,Rodrigo Martins Gomes,Wolves
635,310,1,1,True,2026-02-18T20:00:00Z,2.0,2.0,26,False,20,0,0,0,0,0,0,0,0,0,0,0,5,9.0,0.3,2.0,1.1,1,0,2,3,0,0.0,0.0,0.0,0.21,44,281,7619,380,99,635,DEF,Rodrigo Martins Gomes,Wolves
338,256,13,1,False,2026-02-11T19:30:00Z,3.0,0.0,26,False,30,0,0,0,0,0,0,0,0,0,0,0,3,2.2,10.3,4.0,1.7,0,1,1,2,0,0.04,0.0,0.04,0.0,53,1179,89929,1620,441,338,FWD,Rodrigo Muniz Carvalho,Fulham
548,258,12,1,True,2026-02-11T20:15:00Z,0.0,1.0,26,False,10,0,0,0,0,0,0,0,0,0,0,0,1,0.4,1.0,6.0,0.7,0,1,0,1,0,0.0,0.01,0.01,0.15,49,-13,1184,35,48,548,MID,Romaine Mundle,Sunderland
269,254,3,0,True,2026-02-11T19:40:00Z,2.0,3.0,26,False,0,0,0,0,0,0,0,0,0,0,0,0,0,0.0,0.0,0.0,0.0,0,0,0,0,0,0.0,0.0,0.0,0.0,47,-207,14936,0,207,269,MID,Romain Esse,Crystal Palace
92,255,9,0,False,2026-02-10T19:30:00Z,1.0,2.0,26,False,0,0,0,0,0,0,0,0,0,0,0,0,0,0.0,0.0,0.0,0.0,0,0,0,0,0,0.0,0.0,0.0,0.0,45,-174,8089,5,179,92,MID,Romain Faivre,Bournemouth
297,255,4,0,True,2026-02-10T19:30:00Z,1.0,2.0,26,False,0,0,0,0,0,0,0,0,0,0,0,0,0,0.0,0.0,0.0,0.0,0,0,0,0,0,0.0,0.0,0.0,0.0,38,-741,22270,2,743,297,DEF,Roman Dixon,Everton
130,252,1,0,True,2026-02-12T20:00:00Z,1.0,1.0,26,False,0,0,0,0,0,0,0,0,0,0,0,0,0,0.0,0.0,0.0,0.0,0,0,0,0,0,0.0,0.0,0.0,0.0,44,623,13187,913,290,130,MID,Romelle Donovan,Brentford
244,253,11,0,True,2026-02-10T19:30:00Z,2.0,2.0,26,False,0,0,0,0,0,0,0,0,0,0,0,0,0,0.0,0.0,0.0,0.0,0,0,0,0,0,0.0,0.0,0.0,0.0,49,-9,1953,6,15,244,MID,Roméo Lavia,Chelsea
757,251,6,0,True,2026-02-11T19:30:00Z,1.0,0.0,26,False,0,0,0,0,0,0,0,0,0,0,0,0,0,0.0,0.0,0.0,0.0,0,0,0,0,0,0.0,0.0,0.0,0.0,40,-13,1607,44,57,757,GKP,Ronnie Hollingshead,Aston Villa
55,251,6,1,True,2026-02-11T19:30:00Z,1.0,0.0,26,False,30,0,0,0,0,0,0,0,0,0,0,0,2,1.0,0.8,1.0,0.3,1,1,0,2,0,0.04,0.02,0.06,0.33,48,208,4862,294,86,55,MID,Ross Barkley,Aston Villa
87,255,9,2,False,2026-02-10T19:30:00Z,1.0,2.0,26,False,79,0,0,0,1,0,0,0,0,0,0,0,12,1.0,18.4,4.0,2.3,0,3,0,3,1,0.03,0.05,0.08,2.13,49,279,7610,453,174,87,MID,Ryan Christie,Bournemouth
390,258,17,5,False,2026-02-11T20:15:00Z,0.0,1.0,26,False,90,0,0,1,0,0,0,0,0,0,0,0,15,22.0,15.5,4.0,4.2,8,3,1,12,1,0.02,0.08,0.1,0.63,55,-29207,594075,18803,48010,390,MID,Ryan Gravenberch,Liverpool
742,256,10,0,True,2026-02-11T19:30:00Z,3.0,0.0,26,False,0,0,0,0,0,0,0,0,0,0,0,0,0,0.0,0.0,0.0,0.0,0,0,0,0,0,0.0,0.0,0.0,0.0,45,15,1372,56,41,742,MID,Ryan McAidoo,Man City
328,256,13,4,False,2026-02-11T19:30:00Z,3.0,0.0,26,False,90,0,0,0,3,0,0,0,0,0,0,0,12,14.4,2.7,4.0,2.1,3,8,5,16,1,0.0,0.01,0.01,1.37,54,-231,19624,449,680,328,MID,Ryan Sessegnon,Fulham
134,252,1,0,True,2026-02-12T20:00:00Z,1.0,1.0,26,False,0,0,0,0,0,0,0,0,0,0,0,0,0,0.0,0.0,0.0,0.0,0,0,0,0,0,0.0,0.0,0.0,0.0,45,-3,486,0,3,134,MID,Ryan Trevitt,Brentford
522,257,20,0,True,2026-02-11T19:30:00Z,0.0,0.0,26,False,0,0,0,0,0,0,0,0,0,0,0,0,0,0.0,0.0,0.0,0.0,0,0,0,0,0,0.0,0.0,0.0,0.0,47,95,8100,203,108,522,MID,Ryan Yates,Nott'm Forest
408,256,10,6,True,2026-02-11T19:30:00Z,3.0,0.0,26,False,90,0,0,1,0,0,0,0,0,0,0,0,29,29.2,2.6,0.0,3.2,6,5,2,8,1,0.0,0.01,0.01,1.42,55,-32,427266,6485,6517,408,DEF,Rúben dos Santos Gato Alves Dias,Man City
766,257,16,0,False,2026-02-11T19:30:00Z,0.0,0.0,26,False,0,0,0,0,0,0,0,0,0,0,0,0,0,0.0,0.0,0.0,0.0,0,0,0,0,0,0.0,0.0,0.0,0.0,40,231,2914,368,137,766,DEF,Saheed Olagunju,Wolves
766,310,1,0,True,2026-02-18T20:00:00Z,2.0,2.0,26,False,0,0,0,0,0,0,0,0,0,0,0,0,0,0.0,0.0,0.0,0.0,0,0,0,0,0,0.0,0.0,0.0,0.0,40,231,2914,368,137,766,DEF,Saheed Olagunju,Wolves
323,256,13,0,False,2026-02-11T19:30:00Z,3.0,0.0,26,False,0,0,0,0,0,0,0,0,0,0,0,0,0,0.0,0.0,0.0,0.0,0,0,0,0,0,0.0,0.0,0.0,0.0,38,45,18465,229,184,323,DEF,Samuel Amissah,Fulham
727,256,13,1,False,2026-02-11T19:30:00Z,3.0,0.0,26,False,59,0,0,0,3,0,0,0,0,0,0,0,4,3.2,27.3,3.0,3.4,0,1,1,2,1,0.04,0.11,0.15,1.37,53,12,13210,1501,1489,727,MID,Samuel Chukwueze,Fulham
51,251,6,0,True,2026-02-11T19:30:00Z,1.0,0.0,26,False,0,0,0,0,0,0,0,0,0,0,0,0,0,0.0,0.0,0.0,0.0,0,0,0,0,0,0.0,0.0,0.0,0.0,55,-5,2455,0,5,51,MID,Samuel Iling-Junior,Aston Villa
772,259,18,0,False,2026-02-10T19:30:00Z,1.0,2.0,26,False,0,0,0,0,0,0,0,0,0,0,0,0,0,0.0,0.0,0.0,0.0,0,0,0,0,0,0.0,0.0,0.0,0.0,45,39,433,64,25,772,MID,Sam Alabi,Newcastle
346,253,7,0,False,2026-02-10T19:30:00Z,2.0,2.0,26,False,0,0,0,0,0,0,0,0,0,0,0,0,0,0.0,0.0,0.0,0.0,0,0,0,0,0,0.0,0.0,0.0,0.0,38,141,25467,475,334,346,DEF,Sam Byram,Leeds
787,253,7,0,False,2026-02-10T19:30:00Z,2.0,2.0,26,False,0,0,0,0,0,0,0,0,0,0,0,0,0,0.0,0.0,0.0,0.0,0,0,0,0,0,0.0,0.0,0.0,0.0,44,381,1066,482,101,787,MID,Sam Chambers,Leeds
355,253,7,0,False,2026-02-10T19:30:00Z,2.0,2.0,26,False,0,0,0,0,0,0,0,0,0,0,0,0,0,0.0,0.0,0.0,0.0,0,0,0,0,0,0.0,0.0,0.0,0.0,49,-21,4189,0,21,355,MID,Sam Greenwood,Leeds
627,257,16,0,False,2026-02-11T19:30:00Z,0.0,0.0,26,False,0,0,0,0,0,0,0,0,0,0,0,0,0,0.0,0.0,0.0,0.0,0,0,0,0,0,0.0,0.0,0.0,0.0,44,199,18258,544,345,627,GKP,Sam Johnstone,Wolves
627,310,1,0,True,2026-02-18T20:00:00Z,2.0,2.0,26,False,0,0,0,0,0,0,0,0,0,0,0,0,0,0.0,0.0,0.0,0.0,0,0,0,0,0,0.0,0.0,0.0,0.0,44,199,18258,544,345,627,GKP,Sam Johnstone,Wolves
703,251,6,0,True,2026-02-11T19:30:00Z,1.0,0.0,26,False,0,0,0,0,0,0,0,0,0,0,0,0,0,0.0,0.0,0.0,0.0,0,0,0,0,0,0.0,0.0,0.0,0.0,39,120,79778,1741,1621,703,GKP,Sam Proctor,Aston Villa
330,256,13,2,False,2026-02-11T19:30:00Z,3.0,0.0,26,False,80,0,0,0,3,0,0,0,0,0,0,0,9,3.8,1.9,0.0,0.6,1,1,4,6,1,0.0,0.01,0.01,1.37,49,-146,10005,262,408,330,MID,Sander Berge,Fulham
491,259,18,1,False,2026-02-10T19:30:00Z,1.0,2.0,26,False,15,0,0,0,0,0,0,0,0,0,0,0,4,3.4,0.3,0.0,0.4,2,2,0,4,0,0.0,0.0,0.0,0.38,53,-437,130526,3801,4238,491,MID,Sandro Tonali,Newcastle
636,257,16,6,False,2026-02-11T19:30:00Z,0.0,0.0,26,False,90,0,0,1,0,0,0,0,0,0,0,0,21,19.0,14.4,0.0,3.3,5,0,0,5,1,0.0,0.14,0.14,2.55,44,4693,19699,5435,742,636,DEF,Santiago Ignacio Bueno,Wolves
636,310,1,3,True,2026-02-18T20:00:00Z,2.0,2.0,26,False,90,0,1,0,2,0,0,0,1,0,0,0,15,27.6,21.2,4.0,5.3,2,3,3,5,1,0.0,0.03,0.03,1.86,44,4693,19699,5435,742,636,DEF,Santiago Ignacio Bueno,Wolves
656,257,16,0,False,2026-02-11T19:30:00Z,0.0,0.0,26,False,0,0,0,0,0,0,0,0,0,0,0,0,0,0.0,0.0,0.0,0.0,0,0,0,0,0,0.0,0.0,0.0,0.0,49,-15,6253,0,15,656,FWD,Saša Kalajdžić,Wolves
656,310,1,0,True,2026-02-18T20:00:00Z,2.0,2.0,26,False,0,0,0,0,0,0,0,0,0,0,0,0,0,0.0,0.0,0.0,0.0,0,0,0,0,0,0.0,0.0,0.0,0.0,49,-15,6253,0,15,656,FWD,Saša Kalajdžić,Wolves
332,256,13,0,False,2026-02-11T19:30:00Z,3.0,0.0,26,False,0,0,0,0,0,0,0,0,0,0,0,0,0,0.0,0.0,0.0,0.0,0,0,0,0,0,0.0,0.0,0.0,0.0,49,-204,7204,6,210,332,MID,Saša Lukić,Fulham
493,253,7,0,False,2026-02-10T19:30:00Z,2.0,2.0,26,False,1,0,0,0,0,0,0,0,1,0,0,0,-1,0.0,0.0,0.0,0.0,0,0,0,0,0,0.0,0.0,0.0,0.0,48,-182,30394,415,597,493,MID,Sean Longstaff,Leeds
501,259,18,0,False,2026-02-10T19:30:00Z,1.0,2.0,26,False,0,0,0,0,0,0,0,0,0,0,0,0,0,0.0,0.0,0.0,0.0,0,0,0,0,0,0.0,0.0,0.0,0.0,43,953,32345,1519,566,501,FWD,Sean Neave,Newcastle
345,253,7,0,False,2026-02-10T19:30:00Z,2.0,2.0,26,False,54,0,0,0,1,0,0,0,1,0,0,0,-3,18.0,0.5,4.0,2.3,5,1,1,6,1,0.0,0.0,0.0,0.6,38,158,18740,792,634,345,DEF,Sebastiaan Bornauw,Leeds
733,260,19,2,False,2026-02-10T20:15:00Z,1.0,1.0,26,False,90,0,0,0,1,0,0,0,0,0,2,0,7,11.8,0.0,0.0,1.2,1,3,0,0,1,0.0,0.0,0.0,1.11,50,16870,270589,26550,9680,733,GKP,Senne Lammens,Man Utd
113,252,1,6,True,2026-02-12T20:00:00Z,1.0,1.0,26,False,90,0,1,0,1,0,0,0,0,0,0,1,23,36.4,10.7,6.0,5.3,8,2,1,9,1,0.05,0.27,0.32,0.6,45,-3966,81862,869,4835,113,DEF,Sepp van den Berg,Brentford
770,256,13,0,False,2026-02-11T19:30:00Z,3.0,0.0,26,False,0,0,0,0,0,0,0,0,0,0,0,0,0,0.0,0.0,0.0,0.0,0,0,0,0,0,0.0,0.0,0.0,0.0,45,25,500,52,27,770,MID,Seth Ridgeon,Fulham
689,259,18,0,False,2026-02-10T19:30:00Z,1.0,2.0,26,False,0,0,0,0,0,0,0,0,0,0,0,0,0,0.0,0.0,0.0,0.0,0,0,0,0,0,0.0,0.0,0.0,0.0,43,9860,67267,13358,3498,689,MID,Seung-Soo Park,Newcastle
755,260,19,0,False,2026-02-10T20:15:00Z,1.0,1.0,26,False,0,0,0,0,0,0,0,0,0,0,0,0,0,0.0,0.0,0.0,0.0,0,0,0,0,0,0.0,0.0,0.0,0.0,45,-43,1744,159,202,755,MID,Shea Lacey,Man Utd
196,254,8,0,False,2026-02-11T19:40:00Z,2.0,3.0,26,False,0,0,0,0,0,0,0,0,0,0,0,0,0,0.0,0.0,0.0,0.0,0,0,0,0,0,0.0,0.0,0.0,0.0,40,-21,5047,0,21,196,DEF,Shurandy Sambo,Burnley
543,258,12,0,True,2026-02-11T20:15:00Z,0.0,1.0,26,False,0,0,0,0,0,0,0,0,0,0,0,0,0,0.0,0.0,0.0,0.0,0,0,0,0,0,0.0,0.0,0.0,0.0,49,-2518,48448,0,2518,543,MID,Simon Adingra,Sunderland
529,258,12,0,True,2026-02-11T20:15:00Z,0.0,1.0,26,False,0,0,0,0,0,0,0,0,0,0,0,0,0,0.0,0.0,0.0,0.0,0,0,0,0,0,0.0,0.0,0.0,0.0,39,-106,46838,354,460,529,GKP,Simon Moore,Sunderland
159,251,2,0,False,2026-02-11T19:30:00Z,1.0,0.0,26,False,0,0,0,0,0,0,0,0,0,0,0,0,0,0.0,0.0,0.0,0.0,0,0,0,0,0,0.0,0.0,0.0,0.0,58,-4,922,12,16,159,MID,Solly March,Brighton
579,259,15,0,True,2026-02-10T19:30:00Z,1.0,2.0,26,False,0,0,0,0,0,0,0,0,0,0,0,0,0,0.0,0.0,0.0,0.0,0,0,0,0,0,0.0,0.0,0.0,0.0,85,-25,15320,0,25,579,MID,Son Heung-min,Spurs
718,260,14,1,True,2026-02-10T20:15:00Z,1.0,1.0,26,False,11,0,0,0,1,0,0,0,0,0,0,0,5,7.4,10.4,0.0,1.8,0,0,2,2,0,0.0,0.02,0.02,0.24,50,-126,3434,54,180,718,MID,Soungoutou Magassa,West Ham
180,251,2,0,False,2026-02-11T19:30:00Z,1.0,0.0,26,False,0,0,0,0,0,0,0,0,0,0,0,0,0,0.0,0.0,0.0,0.0,0,0,0,0,0,0.0,0.0,0.0,0.0,52,-65,9687,19,84,180,FWD,Stefanos Tzimas,Brighton
393,258,17,0,False,2026-02-11T20:15:00Z,0.0,1.0,26,False,0,0,0,0,0,0,0,0,0,0,0,0,0,0.0,0.0,0.0,0.0,0,0,0,0,0,0.0,0.0,0.0,0.0,43,23,4260,78,55,393,MID,Stefan Bajčetić Maquieira,Liverpool
400,257,20,7,True,2026-02-11T19:30:00Z,0.0,0.0,26,False,90,0,0,1,0,0,0,0,0,0,3,0,26,22.6,0.0,0.0,2.3,0,2,0,0,1,0.0,0.0,0.0,0.42,47,2946,26678,3456,510,400,GKP,Stefan Ortega Moreno,Nott'm Forest
740,256,10,0,True,2026-02-11T19:30:00Z,3.0,0.0,26,False,0,0,0,0,0,0,0,0,0,0,0,0,0,0.0,0.0,0.0,0.0,0,0,0,0,0,0.0,0.0,0.0,0.0,39,-165,5107,5,170,740,DEF,Stephen Mfuni,Man City
315,256,13,0,False,2026-02-11T19:30:00Z,3.0,0.0,26,False,0,0,0,0,0,0,0,0,0,0,0,0,0,0.0,0.0,0.0,0.0,0,0,0,0,0,0.0,0.0,0.0,0.0,40,-85,1065,0,85,315,GKP,Steven Benda,Fulham
475,259,18,2,False,2026-02-10T19:30:00Z,1.0,2.0,26,False,90,0,0,0,1,0,0,0,0,0,0,0,10,27.2,0.5,19.0,4.7,8,3,1,9,1,0.69,0.0,0.69,1.85,49,3008,50434,3897,889,475,DEF,Sven Botman,Newcastle
428,256,10,0,True,2026-02-11T19:30:00Z,3.0,0.0,26,False,0,0,0,0,0,0,0,0,0,0,0,0,0,0.0,0.0,0.0,0.0,0,0,0,0,0,0.0,0.0,0.0,0.0,50,31,1616,51,20,428,MID,Sverre Nypan,Man City
415,256,10,0,True,2026-02-11T19:30:00Z,3.0,0.0,26,False,0,0,0,0,0,0,0,0,0,0,0,0,0,0.0,0.0,0.0,0.0,0,0,0,0,0,0.0,0.0,0.0,0.0,69,-331,50242,24,355,415,MID,Sávio Moreira de Oliveira,Man City
294,255,4,0,True,2026-02-10T19:30:00Z,1.0,2.0,26,False,0,0,0,0,0,0,0,0,0,0,0,0,0,0.0,0.0,0.0,0.0,0,0,0,0,0,0.0,0.0,0.0,0.0,42,215,12187,332,117,294,DEF,Séamus Coleman,Everton
463,260,19,0,False,2026-02-10T20:15:00Z,1.0,1.0,26,False,0,0,0,0,0,0,0,0,0,0,0,0,0,0.0,0.0,0.0,0.0,0,0,0,0,0,0.0,0.0,0.0,0.0,43,-404,11010,5,409,463,MID,Sékou Koné,Man Utd
527,257,20,0,True,2026-02-11T19:30:00Z,0.0,0.0,26,False,0,0,0,0,0,0,0,0,0,0,0,0,0,0.0,0.0,0.0,0.0,0,0,0,0,0,0.0,0.0,0.0,0.0,52,171,38619,1132,961,527,FWD,Taiwo Awoniyi,Nott'm Forest
577,259,15,0,True,2026-02-10T19:30:00Z,1.0,2.0,26,False,0,0,0,0,0,0,0,0,0,0,0,0,0,0.0,0.0,0.0,0.0,0,0,0,0,0,0.0,0.0,0.0,0.0,40,-39,5800,0,39,577,DEF,Takai Kōta,Spurs
808,251,6,1,True,2026-02-11T19:30:00Z,1.0,0.0,26,False,15,0,0,0,0,0,0,0,0,0,0,0,3,2.0,2.1,6.0,1.0,0,0,1,1,0,0.0,0.0,0.0,0.11,60,-5864,29931,5372,11236,808,FWD,Tammy Abraham,Aston Villa
358,253,7,0,False,2026-02-10T19:30:00Z,2.0,2.0,26,False,0,0,0,0,0,0,0,0,0,0,0,0,0,0.0,0.0,0.0,0.0,0,0,0,0,0,0.0,0.0,0.0,0.0,48,-1323,27160,602,1925,358,MID,Tanaka Ao,Leeds
150,251,2,0,False,2026-02-11T19:30:00Z,1.0,0.0,26,False,0,0,0,0,0,0,0,0,0,0,0,0,0,0.0,0.0,0.0,0.0,0,0,0,0,0,0.0,0.0,0.0,0.0,44,-41,10693,0,41,150,DEF,Tariq Lamptey,Brighton
650,257,16,0,False,2026-02-11T19:30:00Z,0.0,0.0,26,False,0,0,0,0,0,0,0,0,0,0,0,0,0,0.0,0.0,0.0,0.0,0,0,0,0,0,0.0,0.0,0.0,0.0,43,-637,27353,0,637,650,MID,Tawanda Chirewa,Wolves
650,310,1,0,True,2026-02-18T20:00:00Z,2.0,2.0,26,False,0,0,0,0,0,0,0,0,0,0,0,0,0,0.0,0.0,0.0,0.0,0,0,0,0,0,0.0,0.0,0.0,0.0,43,-637,27353,0,637,650,MID,Tawanda Chirewa,Wolves
803,253,11,0,True,2026-02-10T19:30:00Z,2.0,2.0,26,False,0,0,0,0,0,0,0,0,0,0,0,0,0,0.0,0.0,0.0,0.0,0,0,0,0,0,0.0,0.0,0.0,0.0,40,18,229,33,15,803,GKP,Teddy Sharman-Lowe,Chelsea
777,257,16,0,False,2026-02-11T19:30:00Z,0.0,0.0,26,False,0,0,0,0,0,0,0,0,0,0,0,0,0,0.0,0.0,0.0,0.0,0,0,0,0,0,0.0,0.0,0.0,0.0,45,-52,332,1,53,777,MID,Temple Ojinnaka,Wolves
777,310,1,0,True,2026-02-18T20:00:00Z,2.0,2.0,26,False,0,0,0,0,0,0,0,0,0,0,0,0,0,0.0,0.0,0.0,0.0,0,0,0,0,0,0.0,0.0,0.0,0.0,45,-52,332,1,53,777,MID,Temple Ojinnaka,Wolves
310,255,4,2,True,2026-02-10T19:30:00Z,1.0,2.0,26,False,61,0,0,0,1,0,0,0,0,0,0,0,-3,0.0,6.3,9.0,1.2,1,1,0,2,1,0.86,0.0,0.86,0.54,57,-3992,162260,21392,25384,310,FWD,Thierno Barry,Everton
427,256,10,1,True,2026-02-11T19:30:00Z,3.0,0.0,26,False,30,0,0,0,0,0,0,0,0,0,0,0,3,5.0,1.7,0.0,0.7,1,1,2,4,0,0.0,0.01,0.01,0.61,51,-37969,1339191,12086,50055,427,MID,Tijjani Reijnders,Man City
319,256,13,0,False,2026-02-11T19:30:00Z,3.0,0.0,26,False,0,0,0,0,0,0,0,0,0,0,0,0,0,0.0,0.0,0.0,0.0,0,0,0,0,0,0.0,0.0,0.0,0.0,43,-214,14210,338,552,319,DEF,Timothy Castagne,Fulham
540,258,12,0,True,2026-02-11T20:15:00Z,0.0,1.0,26,False,0,0,0,0,0,0,0,0,0,0,0,0,0,0.0,0.0,0.0,0.0,0,0,0,0,0,0.0,0.0,0.0,0.0,39,-673,38132,0,673,540,DEF,Timothée Pembélé,Sunderland
304,255,4,0,True,2026-02-10T19:30:00Z,1.0,2.0,26,False,0,0,0,0,0,0,0,0,0,0,0,0,0,0.0,0.0,0.0,0.0,0,0,0,0,0,0.0,0.0,0.0,0.0,48,162,5070,328,166,304,MID,Tim Iroegbunam,Everton
477,259,18,0,False,2026-02-10T19:30:00Z,1.0,2.0,26,False,0,0,0,0,0,0,0,0,0,0,0,0,0,0.0,0.0,0.0,0.0,0,0,0,0,0,0.0,0.0,0.0,0.0,49,-4186,245802,27,4213,477,DEF,Tino Livramento,Newcastle
781,251,6,0,True,2026-02-11T19:30:00Z,1.0,0.0,26,False,0,0,0,0,0,0,0,0,0,0,0,0,0,0.0,0.0,0.0,0.0,0,0,0,0,0,0.0,0.0,0.0,0.0,40,29,1093,99,70,781,DEF,TJ Carroll,Aston Villa
460,260,19,0,False,2026-02-10T20:15:00Z,1.0,1.0,26,False,0,0,0,0,0,0,0,0,0,0,0,0,0,0.0,0.0,0.0,0.0,0,0,0,0,0,0.0,0.0,0.0,0.0,45,-36,3348,0,36,460,MID,Toby Collyer,Man Utd
720,257,16,2,False,2026-02-11T19:30:00Z,0.0,0.0,26,False,90,0,0,1,0,0,0,0,0,0,0,0,7,10.4,15.3,4.0,3.0,4,0,0,4,1,0.12,0.01,0.13,2.55,54,28589,49417,29985,1396,720,FWD,Tolu Arokodare,Wolves
720,310,1,2,True,2026-02-18T20:00:00Z,2.0,2.0,26,False,68,0,0,0,1,0,0,0,0,0,0,0,5,0.4,1.3,4.0,0.6,0,1,1,2,0,0.02,0.0,0.02,0.69,54,28589,49417,29985,1396,720,FWD,Tolu Arokodare,Wolves
4,252,5,0,False,2026-02-12T20:00:00Z,1.0,1.0,26,False,0,0,0,0,0,0,0,0,0,0,0,0,0,0.0,0.0,0.0,0.0,0,0,0,0,0,0.0,0.0,0.0,0.0,39,-1341,28452,183,1524,4,GKP,Tommy Setford,Arsenal
4,310,20,0,False,2026-02-18T20:00:00Z,2.0,2.0,26,False,0,0,0,0,0,0,0,0,0,0,0,0,0,0.0,0.0,0.0,0.0,0,0,0,0,0,0.0,0.0,0.0,0.0,39,-1341,28452,183,1524,4,GKP,Tommy Setford,Arsenal
331,256,13,0,False,2026-02-11T19:30:00Z,3.0,0.0,26,False,0,0,0,0,0,0,0,0,0,0,0,0,0,0.0,0.0,0.0,0.0,0,0,0,0,0,0.0,0.0,0.0,0.0,48,-112,4143,60,172,331,MID,Tom Cairney,Fulham
651,257,16,0,False,2026-02-11T19:30:00Z,0.0,0.0,26,False,0,0,0,0,0,0,0,0,0,0,0,0,0,0.0,0.0,0.0,0.0,0,0,0,0,0,0.0,0.0,0.0,0.0,43,352,45929,1299,947,651,MID,Tom Edozie,Wolves
651,310,1,6,True,2026-02-18T20:00:00Z,2.0,2.0,26,False,6,1,0,0,0,0,0,0,0,0,0,0,22,34.4,0.1,17.0,5.2,0,0,0,0,0,0.17,0.0,0.17,0.2,43,352,45929,1299,947,651,MID,Tom Edozie,Wolves
434,260,19,0,False,2026-02-10T20:15:00Z,1.0,1.0,26,False,0,0,0,0,0,0,0,0,0,0,0,0,0,0.0,0.0,0.0,0.0,0,0,0,0,0,0.0,0.0,0.0,0.0,39,-318,32692,181,499,434,GKP,Tom Heaton,Man Utd
630,255,4,0,True,2026-02-10T19:30:00Z,1.0,2.0,26,False,0,0,0,0,0,0,0,0,0,0,0,0,0,0.0,0.0,0.0,0.0,0,0,0,0,0,0.0,0.0,0.0,0.0,39,-528,165006,974,1502,630,GKP,Tom King,Everton
140,251,2,0,False,2026-02-11T19:30:00Z,1.0,0.0,26,False,0,0,0,0,0,0,0,0,0,0,0,0,0,0.0,0.0,0.0,0.0,0,0,0,0,0,0.0,0.0,0.0,0.0,39,-90,39942,210,300,140,GKP,Tom McGill,Brighton
172,251,2,0,False,2026-02-11T19:30:00Z,1.0,0.0,26,False,0,0,0,0,0,0,0,0,0,0,0,0,0,0.0,0.0,0.0,0.0,0,0,0,0,0,0.0,0.0,0.0,0.0,48,-154,3973,0,154,172,MID,Tom Watson,Brighton
613,260,14,9,True,2026-02-10T20:15:00Z,1.0,1.0,26,False,90,1,0,0,1,0,0,0,0,0,0,2,28,43.8,2.4,35.0,8.1,5,4,1,10,1,0.48,0.01,0.49,0.57,57,-781,30818,632,1413,613,MID,Tomáš Souček,West Ham
232,253,11,0,True,2026-02-10T19:30:00Z,2.0,2.0,26,False,0,0,0,0,0,0,0,0,0,0,0,0,0,0.0,0.0,0.0,0.0,0,0,0,0,0,0.0,0.0,0.0,0.0,40,-689,31896,82,771,232,DEF,Tosin Adarabioyo,Chelsea
637,257,16,0,False,2026-02-11T19:30:00Z,0.0,0.0,26,False,0,0,0,0,0,0,0,0,0,0,0,0,0,0.0,0.0,0.0,0.0,0,0,0,0,0,0.0,0.0,0.0,0.0,42,-115,10054,14,129,637,DEF,Toti Gomes,Wolves
637,310,1,0,True,2026-02-18T20:00:00Z,2.0,2.0,26,False,0,0,0,0,0,0,0,0,0,0,0,0,0,0.0,0.0,0.0,0.0,0,0,0,0,0,0.0,0.0,0.0,0.0,42,-115,10054,14,129,637,DEF,Toti Gomes,Wolves
532,258,12,2,True,2026-02-11T20:15:00Z,0.0,1.0,26,False,79,0,0,0,1,0,0,0,0,0,0,0,4,16.0,15.0,10.0,4.1,5,1,2,7,1,0.14,0.03,0.17,2.38,45,-1330,40930,325,1655,532,DEF,Trai Hume,Sunderland
710,251,6,0,True,2026-02-11T19:30:00Z,1.0,0.0,26,False,0,0,0,0,0,0,0,0,0,0,0,0,0,0.0,0.0,0.0,0.0,0,0,0,0,0,0.0,0.0,0.0,0.0,39,-113,25229,229,342,710,DEF,Travis Patterson,Aston Villa
226,253,11,3,True,2026-02-10T19:30:00Z,2.0,2.0,26,False,90,0,0,0,2,0,0,0,0,0,0,0,8,26.6,2.8,0.0,2.9,11,2,0,11,1,0.0,0.03,0.03,1.44,58,-16009,3063069,91471,107480,226,DEF,Trevoh Chalobah,Chelsea
396,258,17,0,False,2026-02-11T20:15:00Z,0.0,1.0,26,False,0,0,0,0,0,0,0,0,0,0,0,0,0,0.0,0.0,0.0,0.0,0,0,0,0,0,0.0,0.0,0.0,0.0,43,-222,41984,604,826,396,MID,Trey Nyoni,Liverpool
701,251,6,0,True,2026-02-11T19:30:00Z,1.0,0.0,26,False,0,0,0,0,0,0,0,0,0,0,0,0,0,0.0,0.0,0.0,0.0,0,0,0,0,0,0.0,0.0,0.0,0.0,40,-44,9081,0,44,701,DEF,Triston Rowe,Aston Villa
85,255,9,0,False,2026-02-10T19:30:00Z,1.0,2.0,26,False,0,0,0,0,0,0,0,0,0,0,0,0,0,0.0,0.0,0.0,0.0,0,0,0,0,0,0.0,0.0,0.0,0.0,49,-388,32982,26,414,85,MID,Tyler Adams,Bournemouth
707,255,4,0,True,2026-02-10T19:30:00Z,1.0,2.0,26,False,0,0,0,0,0,0,0,0,0,0,0,0,0,0.0,0.0,0.0,0.0,0,0,0,0,0,0.0,0.0,0.0,0.0,53,-100,3756,78,178,707,MID,Tyler Dibling,Everton
771,260,19,0,False,2026-02-10T20:15:00Z,1.0,1.0,26,False,0,0,0,0,0,0,0,0,0,0,0,0,0,0.0,0.0,0.0,0.0,0,0,0,0,0,0.0,0.0,0.0,0.0,44,382,1321,489,107,771,MID,Tyler Fletcher,Man Utd
446,260,19,0,False,2026-02-10T20:15:00Z,1.0,1.0,26,False,0,0,0,0,0,0,0,0,0,0,0,0,0,0.0,0.0,0.0,0.0,0,0,0,0,0,0.0,0.0,0.0,0.0,38,-147,17378,78,225,446,DEF,Tyler Fredricson,Man Utd
395,258,17,0,False,2026-02-11T20:15:00Z,0.0,1.0,26,False,0,0,0,0,0,0,0,0,0,0,0,0,0,0.0,0.0,0.0,0.0,0,0,0,0,0,0.0,0.0,0.0,0.0,45,0,270,0,0,395,MID,Tyler Morton,Liverpool
704,255,4,0,True,2026-02-10T19:30:00Z,1.0,2.0,26,False,0,0,0,0,0,0,0,0,0,0,0,0,0,0.0,0.0,0.0,0.0,0,0,0,0,0,0.0,0.0,0.0,0.0,45,-24,6446,0,24,704,MID,Tyler Onyango,Everton
775,258,12,0,True,2026-02-11T20:15:00Z,0.0,1.0,26,False,0,0,0,0,0,0,0,0,0,0,0,0,0,0.0,0.0,0.0,0.0,0,0,0,0,0,0.0,0.0,0.0,0.0,45,-7,101,0,7,775,MID,Tymur Tutierov,Sunderland
448,260,19,0,False,2026-02-10T20:15:00Z,1.0,1.0,26,False,0,0,0,0,0,0,0,0,0,0,0,0,0,0.0,0.0,0.0,0.0,0,0,0,0,0,0.0,0.0,0.0,0.0,38,-701,49123,309,1010,448,DEF,Tyrell Malacia,Man Utd
258,254,3,1,True,2026-02-11T19:40:00Z,2.0,3.0,26,False,90,0,0,0,3,0,0,0,0,0,0,0,0,10.2,19.2,11.0,4.0,2,3,2,4,1,0.14,0.07,0.21,0.53,50,5757,264267,11988,6231,258,DEF,Tyrick Mitchell,Crystal Palace
243,255,4,2,True,2026-02-10T19:30:00Z,1.0,2.0,26,False,61,0,0,0,1,0,0,0,0,0,0,0,0,0.0,3.6,4.0,0.4,1,4,0,5,1,0.0,0.02,0.02,0.54,48,628,8914,850,222,243,MID,Tyrique George,Everton
40,251,6,12,True,2026-02-11T19:30:00Z,1.0,0.0,26,False,90,0,1,1,0,0,0,0,0,0,0,3,33,13.4,0.7,9.0,2.3,4,4,1,5,1,0.14,0.0,0.14,0.5,43,1098,73379,1658,560,40,DEF,Tyrone Mings,Aston Villa
791,260,14,2,True,2026-02-10T20:15:00Z,1.0,1.0,26,False,68,0,0,1,0,0,0,0,0,0,0,0,2,2.0,0.5,2.0,0.5,2,0,1,3,1,0.0,0.0,0.0,0.24,55,-243,14429,3532,3775,791,FWD,Valentín Castellanos,West Ham
721,255,9,0,False,2026-02-10T19:30:00Z,1.0,2.0,26,False,0,0,0,0,0,0,0,0,0,0,0,0,0,0.0,0.0,0.0,0.0,0,0,0,0,0,0.0,0.0,0.0,0.0,44,0,3390,79,79,721,DEF,Veljko Milosavljevic,Bournemouth
719,251,6,1,True,2026-02-11T19:30:00Z,1.0,0.0,26,False,6,0,0,0,0,0,0,0,0,0,0,0,3,0.0,0.3,0.0,0.0,0,0,0,0,0,0.0,0.0,0.0,0.0,45,-508,13537,475,983,719,DEF,Victor Lindelöf,Aston Villa
666,252,5,1,False,2026-02-12T20:00:00Z,1.0,1.0,26,False,90,0,0,0,1,0,0,0,1,0,0,0,2,2.2,15.3,6.0,2.4,1,1,0,2,1,0.0,0.41,0.41,1.51,88,482757,1806438,497352,14595,666,FWD,Viktor Gyökeres,Arsenal
666,310,20,2,False,2026-02-18T20:00:00Z,2.0,2.0,26,False,64,0,0,0,1,0,0,0,0,0,0,0,7,2.4,10.7,2.0,1.5,1,0,0,1,1,0.0,0.01,0.01,0.12,88,482757,1806438,497352,14595,666,FWD,Viktor Gyökeres,Arsenal
373,258,17,17,False,2026-02-11T20:15:00Z,0.0,1.0,26,False,90,1,0,1,0,0,0,0,0,0,0,3,45,61.0,1.6,47.0,11.0,13,1,0,13,1,0.79,0.01,0.8,0.63,59,-67121,2704383,24086,91207,373,DEF,Virgil van Dijk,Liverpool
292,255,4,1,True,2026-02-10T19:30:00Z,1.0,2.0,26,False,90,0,0,0,2,0,0,0,0,0,0,0,10,22.0,38.4,4.0,6.4,2,1,2,4,1,0.0,0.6,0.6,1.34,49,-3281,80663,2861,6142,292,DEF,Vitalii Mykolenko,Everton
125,252,1,1,True,2026-02-12T20:00:00Z,1.0,1.0,26,False,90,0,0,0,1,0,0,0,1,0,0,0,10,9.4,15.0,2.0,2.6,5,3,1,9,1,0.0,0.04,0.04,0.6,49,374,37835,3507,3133,125,MID,Vitaly Janelt,Brentford
412,256,10,0,True,2026-02-11T19:30:00Z,3.0,0.0,26,False,0,0,0,0,0,0,0,0,0,0,0,0,0,0.0,0.0,0.0,0.0,0,0,0,0,0,0.0,0.0,0.0,0.0,50,0,584,0,0,412,DEF,Vitor de Oliveira Nunes dos Reis,Man City
185,254,8,0,False,2026-02-11T19:40:00Z,2.0,3.0,26,False,0,0,0,0,0,0,0,0,0,0,0,0,0,0.0,0.0,0.0,0.0,0,0,0,0,0,0.0,0.0,0.0,0.0,39,-246,21127,160,406,185,GKP,Václav Hladký,Burnley
254,254,3,0,True,2026-02-11T19:40:00Z,2.0,3.0,26,False,0,0,0,0,0,0,0,0,0,0,0,0,0,0.0,0.0,0.0,0.0,0,0,0,0,0,0.0,0.0,0.0,0.0,40,224,38983,647,423,254,GKP,Walter Benítez,Crystal Palace
760,258,17,0,False,2026-02-11T20:15:00Z,0.0,1.0,26,False,0,0,0,0,0,0,0,0,0,0,0,0,0,0.0,0.0,0.0,0.0,0,0,0,0,0,0.0,0.0,0.0,0.0,40,31,1814,100,69,760,DEF,Wellity Lucky,Liverpool
230,253,11,1,True,2026-02-10T19:30:00Z,2.0,2.0,26,False,11,0,0,0,0,0,0,0,0,0,0,0,5,7.2,0.4,0.0,0.8,2,1,1,3,0,0.0,0.0,0.0,0.03,44,4217,59294,6875,2658,230,DEF,Wesley Fofana,Chelsea
601,260,14,0,True,2026-02-10T20:15:00Z,1.0,1.0,26,False,0,0,0,0,0,0,0,0,0,0,0,0,0,0.0,0.0,0.0,0.0,0,0,0,0,0,0.0,0.0,0.0,0.0,40,-193,29966,0,193,601,GKP,Wes Foderingham,West Ham
351,253,7,0,False,2026-02-10T19:30:00Z,2.0,2.0,26,False,0,0,0,0,0,0,0,0,0,0,0,0,0,0.0,0.0,0.0,0.0,0,0,0,0,0,0.0,0.0,0.0,0.0,52,-71,10856,165,236,351,MID,Wilfried Gnonto,Leeds
500,259,18,1,False,2026-02-10T19:30:00Z,1.0,2.0,26,False,2,0,0,0,0,0,0,0,0,0,0,0,2,0.0,0.0,0.0,0.0,0,1,0,1,0,0.0,0.0,0.0,0.32,54,228,25252,422,194,500,FWD,William Osula,Newcastle
6,252,5,0,False,2026-02-12T20:00:00Z,1.0,1.0,26,False,0,0,0,0,0,0,0,0,0,0,0,0,0,0.0,0.0,0.0,0.0,0,0,0,0,0,0.0,0.0,0.0,0.0,61,164047,1872059,188142,24095,6,DEF,William Saliba,Arsenal
6,310,20,1,False,2026-02-18T20:00:00Z,2.0,2.0,26,False,90,0,0,0,2,0,0,0,0,0,0,0,7,18.0,2.7,0.0,2.1,5,5,3,8,1,0.0,0.01,0.01,0.29,61,164047,1872059,188142,24095,6,DEF,William Saliba,Arsenal
514,257,20,0,True,2026-02-11T19:30:00Z,0.0,0.0,26,False,0,0,0,0,0,0,0,0,0,0,0,0,0,0.0,0.0,0.0,0.0,0,0,0,0,0,0.0,0.0,0.0,0.0,38,979,50057,1849,870,514,DEF,Willy Boly,Nott'm Forest
68,255,9,0,False,2026-02-10T19:30:00Z,1.0,2.0,26,False,0,0,0,0,0,0,0,0,0,0,0,0,0,0.0,0.0,0.0,0.0,0,0,0,0,0,0.0,0.0,0.0,0.0,40,-1571,98774,0,1571,68,GKP,Will Dennis,Bournemouth
270,254,3,1,True,2026-02-11T19:40:00Z,2.0,3.0,26,False,18,0,0,0,0,0,0,0,0,0,0,0,4,6.0,15.3,4.0,2.5,0,1,1,2,0,0.04,0.04,0.08,0.12,47,711,14109,1190,479,270,MID,Will Hughes,Crystal Palace
598,259,15,0,True,2026-02-10T19:30:00Z,1.0,2.0,26,False,0,0,0,0,0,0,0,0,0,0,0,0,0,0.0,0.0,0.0,0.0,0,0,0,0,0,0.0,0.0,0.0,0.0,45,-5,2798,0,5,598,FWD,Will Lankshear,Spurs
560,258,12,1,True,2026-02-11T20:15:00Z,0.0,1.0,26,False,1,0,0,0,0,0,0,0,0,0,0,0,2,0.0,0.0,0.0,0.0,0,0,0,0,0,0.0,0.0,0.0,0.12,51,-6070,186893,3807,9877,560,FWD,Wilson Isidor,Sunderland
588,259,15,1,True,2026-02-10T19:30:00Z,1.0,2.0,26,False,34,0,0,0,0,0,0,0,0,0,0,0,4,1.6,10.8,2.0,1.4,0,1,0,1,1,0.0,0.04,0.04,1.42,53,-466,9806,842,1308,588,MID,Wilson Odobert,Spurs
717,259,15,1,True,2026-02-10T19:30:00Z,1.0,2.0,26,False,90,0,0,0,2,0,0,0,1,0,0,0,19,19.0,74.2,12.0,10.5,3,4,2,9,1,0.16,0.27,0.43,2.48,65,1407,151791,10073,8666,717,MID,Xavi Simons,Spurs
594,259,15,0,True,2026-02-10T19:30:00Z,1.0,2.0,26,False,0,0,0,0,0,0,0,0,0,0,0,0,0,0.0,0.0,0.0,0.0,0,0,0,0,0,0.0,0.0,0.0,0.0,45,-4,1418,0,4,594,MID,Yang Min-hyeok,Spurs
160,251,2,1,False,2026-02-11T19:30:00Z,1.0,0.0,26,False,9,0,0,0,1,0,0,0,0,0,0,0,2,0.0,0.1,2.0,0.1,0,1,0,1,0,0.0,0.0,0.0,0.21,56,-28912,271987,2349,31261,160,MID,Yankuba Minteh,Brighton
166,251,2,0,False,2026-02-11T19:30:00Z,1.0,0.0,26,False,0,0,0,0,0,0,0,0,0,0,0,0,0,0.0,0.0,0.0,0.0,0,0,0,0,0,0.0,0.0,0.0,0.0,48,-39417,83961,276,39693,166,MID,Yasin Ayari,Brighton
46,251,6,0,True,2026-02-11T19:30:00Z,1.0,0.0,26,False,0,0,0,0,0,0,0,0,0,0,0,0,0,0.0,0.0,0.0,0.0,0,0,0,0,0,0.0,0.0,0.0,0.0,40,-58,14292,0,58,46,DEF,Yasin Özcan,Aston Villa
129,252,1,2,True,2026-02-12T20:00:00Z,1.0,1.0,26,False,72,0,0,0,1,0,0,0,0,0,0,0,3,0.0,0.9,0.0,0.0,1,2,0,3,1,0.0,0.0,0.0,0.53,50,-813,13991,349,1162,129,MID,Yehor Yarmoliuk,Brentford
634,257,16,6,False,2026-02-11T19:30:00Z,0.0,0.0,26,False,90,0,0,1,0,0,0,0,0,0,0,0,24,14.6,0.4,0.0,1.5,8,1,1,9,1,0.0,0.0,0.0,2.55,43,3130,15201,3699,569,634,DEF,Yerson Mosquera Valdelamar,Wolves
634,310,1,3,True,2026-02-18T20:00:00Z,2.0,2.0,26,False,90,0,0,0,2,0,0,0,0,0,0,0,11,21.2,1.8,2.0,2.5,4,3,6,10,1,0.0,0.03,0.03,1.86,43,3130,15201,3699,569,634,DEF,Yerson Mosquera Valdelamar,Wolves
135,259,18,0,False,2026-02-10T19:30:00Z,1.0,2.0,26,False,0,0,0,0,0,0,0,0,0,0,0,0,0,0.0,0.0,0.0,0.0,0,0,0,0,0,0.0,0.0,0.0,0.0,73,-8533,93580,3826,12359,135,FWD,Yoane Wissa,Newcastle
48,251,6,0,True,2026-02-11T19:30:00Z,1.0,0.0,26,False,0,0,0,0,0,0,0,0,0,0,0,0,0,0.0,0.0,0.0,0.0,0,0,0,0,0,0.0,0.0,0.0,0.0,59,-8110,88702,54,8164,48,MID,Youri Tielemans,Aston Villa
312,255,4,0,True,2026-02-10T19:30:00Z,1.0,2.0,26,False,0,0,0,0,0,0,0,0,0,0,0,0,0,0.0,0.0,0.0,0.0,0,0,0,0,0,0.0,0.0,0.0,0.0,49,-14,8332,0,14,312,FWD,Youssef Ramalho Chermiti,Everton
131,252,1,0,True,2026-02-12T20:00:00Z,1.0,1.0,26,False,0,0,0,0,0,0,0,0,0,0,0,0,0,0.0,0.0,0.0,0.0,0,0,0,0,0,0.0,0.0,0.0,0.0,43,-701,20643,0,701,131,MID,Yunus Emre Konak,Brentford
751,259,15,0,True,2026-02-10T19:30:00Z,1.0,2.0,26,False,0,0,0,0,0,0,0,0,0,0,0,0,0,0.0,0.0,0.0,0.0,0,0,0,0,0,0.0,0.0,0.0,0.0,45,-25,647,0,25,751,MID,Yusuf Akhamrich,Spurs
587,259,15,1,True,2026-02-10T19:30:00Z,1.0,2.0,26,False,45,0,0,0,1,0,0,0,0,0,0,0,4,7.0,2.5,0.0,1.0,2,0,1,3,1,0.0,0.0,0.0,1.81,52,156,5981,319,163,587,MID,Yves Bissouma,Spurs
712,254,3,1,True,2026-02-11T19:40:00Z,2.0,3.0,26,False,18,0,0,0,0,0,0,0,0,0,0,0,6,6.0,32.9,0.0,3.9,0,1,0,1,0,0.0,0.04,0.04,0.12,58,-45,29765,3026,3071,712,MID,Yéremy Pino Santos,Crystal Palace
513,257,20,0,True,2026-02-11T19:30:00Z,0.0,0.0,26,False,0,0,0,0,0,0,0,0,0,0,0,0,0,0.0,0.0,0.0,0.0,0,0,0,0,0,0.0,0.0,0.0,0.0,38,227,33831,877,650,513,DEF,Zach Abbott,Nott'm Forest
286,254,3,0,True,2026-02-11T19:40:00Z,2.0,3.0,26,False,0,0,0,0,0,0,0,0,0,0,0,0,0,0.0,0.0,0.0,0.0,0,0,0,0,0,0.0,0.0,0.0,0.0,44,1097,41248,1963,866,286,FWD,Zach Marsh,Crystal Palace
95,255,9,0,False,2026-02-10T19:30:00Z,1.0,2.0,26,False,0,0,0,0,0,0,0,0,0,0,0,0,0,0.0,0.0,0.0,0.0,0,0,0,0,0,0.0,0.0,0.0,0.0,44,-55,6903,0,55,95,MID,Zain Silcott-Duberry,Bournemouth
538,258,12,0,True,2026-02-11T20:15:00Z,0.0,1.0,26,False,0,0,0,0,0,0,0,0,0,0,0,0,0,0.0,0.0,0.0,0.0,0,0,0,0,0,0.0,0.0,0.0,0.0,38,-621,27827,0,621,538,DEF,Zak Johnson,Sunderland
216,254,8,0,False,2026-02-11T19:40:00Z,2.0,3.0,26,False,0,0,0,0,0,0,0,0,0,0,0,0,0,0.0,0.0,0.0,0.0,0,0,0,0,0,0.0,0.0,0.0,0.0,48,-15,2809,44,59,216,FWD,Zeki Amdouni,Burnley
215,254,8,2,False,2026-02-11T19:40:00Z,2.0,3.0,26,False,72,0,0,0,2,0,0,0,0,0,0,0,2,1.6,1.5,4.0,0.7,3,3,0,6,1,0.17,0.0,0.17,1.46,53,-1120,32740,961,2081,215,FWD,Zian Flemming,Burnley
65,251,6,0,True,2026-02-11T19:30:00Z,1.0,0.0,26,False,0,0,0,0,0,0,0,0,0,0,0,0,0,0.0,0.0,0.0,0.0,0,0,0,0,0,0.0,0.0,0.0,0.0,45,-168,37860,0,168,65,FWD,Zépiqueno Redmond,Aston Villa
713,255,9,1,False,2026-02-10T19:30:00Z,1.0,2.0,26,False,90,0,0,0,1,0,0,0,1,0,0,0,12,23.4,18.3,4.0,4.6,3,9,6,9,1,0.0,0.06,0.06,2.94,45,-410,28510,2831,3241,713,DEF,Álex Jiménez Sánchez,Bournemouth
43,251,6,0,True,2026-02-11T19:30:00Z,1.0,0.0,26,False,0,0,0,0,0,0,0,0,0,0,0,0,0,0.0,0.0,0.0,0.0,0,0,0,0,0,0.0,0.0,0.0,0.0,40,-1442,210005,0,1442,43,DEF,Álex Moreno Lopera,Aston Villa
368,258,17,0,False,2026-02-11T20:15:00Z,0.0,1.0,26,False,0,0,0,0,0,0,0,0,0,0,0,0,0,0.0,0.0,0.0,0.0,0,0,0,0,0,0.0,0.0,0.0,0.0,38,17825,114503,20377,2552,368,GKP,Ármin Pécsi,Liverpool
67,255,9,3,False,2026-02-10T19:30:00Z,1.0,2.0,26,False,90,0,0,0,1,0,0,0,0,0,5,0,17,36.0,0.0,0.0,3.6,1,7,0,0,1,0.0,0.0,0.0,2.94,45,3821,551871,18628,14807,67,GKP,Đorđe Petrović,Bournemouth
420,256,10,0,True,2026-02-11T19:30:00Z,3.0,0.0,26,False,0,0,0,0,0,0,0,0,0,0,0,0,0,0.0,0.0,0.0,0.0,0,0,0,0,0,0.0,0.0,0.0,0.0,63,-25,7876,0,25,420,MID,İlkay Gündoğan,Man City
