element,fixture,opponent_team,total_points,was_home,kickoff_time,team_h_score,team_a_score,round,modified,minutes,goals_scored,assists,clean_sheets,goals_conceded,own_goals,penalties_saved,penalties_missed,yellow_cards,red_cards,saves,bonus,bps,influence,creativity,threat,ict_index,clearances_blocks_interceptions,recoveries,tackles,defensive_contribution,starts,expected_goals,expected_assists,expected_goal_involvements,expected_goals_conceded,value,transfers_balance,selected,transfers_in,transfers_out,id,position,name,team
116,364,8,0,True,2026-05-17T14:00:00Z,2.0,2.0,37,False,0,0,0,0,0,0,0,0,0,0,0,0,0,0.0,0.0,0.0,0.0,0,0,0,0,0,0.0,0.0,0.0,0.0,40,203,44437,578,375,116,DEF,Aaron Hickey,Brentford
674,369,19,0,True,2026-05-17T16:30:00Z,3.0,1.0,37,False,0,0,0,0,0,0,0,0,0,0,0,0,0,0.0,0.0,0.0,0.0,0,0,0,0,0,0.0,0.0,0.0,0.0,48,-1399,99228,692,2091,674,GKP,Aaron Ramsdale,Newcastle
211,361,1,0,False,2026-05-18T19:00:00Z,,,37,False,0,0,0,0,0,0,0,0,0,0,0,0,0,0.0,0.0,0.0,0.0,0,0,0,0,0,0.0,0.0,0.0,0.0,44,-336,181659,0,336,211,MID,Aaron Ramsey,Burnley
610,369,15,1,False,2026-05-17T16:30:00Z,3.0,1.0,37,False,62,0,0,0,2,0,0,0,0,0,0,0,0,5.0,1.7,0.0,0.7,2,3,1,3,1,0.0,0.02,0.02,0.95,41,-2155,560851,2121,4276,610,DEF,Aaron Wan-Bissaka,West Ham
234,365,18,0,True,2026-05-19T19:15:00Z,,,37,False,0,0,0,0,0,0,0,0,0,0,0,0,0,0.0,0.0,0.0,0.0,0,0,0,0,0,0.0,0.0,0.0,0.0,40,-5,6865,0,5,234,DEF,Aarón Anselmino,Chelsea
165,367,11,0,False,2026-05-17T14:00:00Z,1.0,0.0,37,False,0,0,0,0,0,0,0,0,0,0,0,0,0,0.0,0.0,0.0,0.0,0,0,0,0,0,0.0,0.0,0.0,0.0,54,-2,1418,0,2,165,MID,Abdallah Sima,Brighton
554,366,9,0,False,2026-05-17T14:00:00Z,1.0,3.0,37,False,0,0,0,0,0,0,0,0,0,0,0,0,0,0.0,0.0,0.0,0.0,0,0,0,0,0,0.0,0.0,0.0,0.0,43,-40,40389,322,362,554,MID,Abdoullah Ba,Sunderland
406,363,4,0,False,2026-05-19T18:30:00Z,,,37,False,0,0,0,0,0,0,0,0,0,0,0,0,0,0.0,0.0,0.0,0.0,0,0,0,0,0,0.0,0.0,0.0,0.0,54,-2093,95241,2744,4837,406,DEF,Abdukodir Khusanov,Man City
326,369,15,0,False,2026-05-17T16:30:00Z,3.0,1.0,37,False,0,0,0,0,0,0,0,0,0,0,0,0,0,0.0,0.0,0.0,0.0,0,0,0,0,0,0.0,0.0,0.0,0.0,51,-247,19669,43,290,326,MID,Adama Traoré Diarra,West Ham
817,370,10,2,True,2026-05-17T14:00:00Z,1.0,1.0,37,False,71,0,0,0,1,0,0,0,0,0,0,0,3,0.0,0.3,6.0,0.6,1,1,1,3,1,0.41,0.0,0.41,1.39,52,-1399,6777,287,1686,817,FWD,Adam Armstrong,Wolves
667,366,17,0,True,2026-05-17T14:00:00Z,1.0,3.0,37,False,0,0,0,0,0,0,0,0,0,0,0,0,0,0.0,0.0,0.0,0.0,0,0,0,0,0,0.0,0.0,0.0,0.0,42,22,7459,52,30,667,DEF,Adam Aznou,Everton
73,363,13,0,True,2026-05-19T18:30:00Z,,,37,False,0,0,0,0,0,0,0,0,0,0,0,0,0,0.0,0.0,0.0,0.0,0,0,0,0,0,0.0,0.0,0.0,0.0,44,358,25077,565,207,73,DEF,Adam Smith,Bournemouth
153,367,11,0,False,2026-05-17T14:00:00Z,1.0,0.0,37,False,0,0,0,0,0,0,0,0,0,0,0,0,0,0.0,0.0,0.0,0.0,0,0,0,0,0,0.0,0.0,0.0,0.0,44,8,923,23,15,153,DEF,Adam Webster,Brighton
273,364,5,11,False,2026-05-17T14:00:00Z,2.0,2.0,37,False,90,1,0,0,2,0,0,0,0,0,0,2,39,54.8,51.5,20.0,12.6,4,7,2,13,1,0.18,0.13,0.31,2.05,50,-5646,98805,1296,6942,273,MID,Adam Wharton,Crystal Palace
176,367,11,0,False,2026-05-17T14:00:00Z,1.0,0.0,37,False,0,0,0,0,0,0,0,0,0,0,0,0,0,0.0,0.0,0.0,0.0,0,0,0,0,0,0.0,0.0,0.0,0.0,45,-6,2340,0,6,176,MID,Adrian Mazilu,Brighton
74,363,13,0,True,2026-05-19T18:30:00Z,,,37,False,0,0,0,0,0,0,0,0,0,0,0,0,0,0.0,0.0,0.0,0.0,0,0,0,0,0,0.0,0.0,0.0,0.0,47,2948,608214,33119,30171,74,DEF,Adrien Truffert,Bournemouth
562,366,9,0,False,2026-05-17T14:00:00Z,1.0,3.0,37,False,0,0,0,0,0,0,0,0,0,0,0,0,0,0.0,0.0,0.0,0.0,0,0,0,0,0,0.0,0.0,0.0,0.0,42,-242,55450,344,586,562,FWD,Ahmed Abdullahi,Sunderland
752,369,15,0,False,2026-05-17T16:30:00Z,3.0,1.0,37,False,0,0,0,0,0,0,0,0,0,0,0,0,0,0.0,0.0,0.0,0.0,0,0,0,0,0,0.0,0.0,0.0,0.0,40,10,4448,61,51,752,DEF,Airidas Golambeckis,West Ham
533,366,9,0,False,2026-05-17T14:00:00Z,1.0,3.0,37,False,0,0,0,0,0,0,0,0,0,0,0,0,0,0.0,0.0,0.0,0.0,0,0,0,0,0,0.0,0.0,0.0,0.0,40,-2,435,0,2,533,DEF,Aji Alese,Sunderland
555,366,9,0,False,2026-05-17T14:00:00Z,1.0,3.0,37,False,0,0,0,0,0,0,0,0,0,0,0,0,0,0.0,0.0,0.0,0.0,0,0,0,0,0,0.0,0.0,0.0,0.0,45,-5,3778,0,5,555,MID,Alan Browne,Sunderland
29,361,3,0,True,2026-05-18T19:00:00Z,,,37,False,0,0,0,0,0,0,0,0,0,0,0,0,0,0.0,0.0,0.0,0.0,0,0,0,0,0,0.0,0.0,0.0,0.0,45,-4,6296,0,4,29,MID,Albert Sambi Lokonga,Arsenal
453,365,18,0,True,2026-05-19T19:15:00Z,,,37,False,0,0,0,0,0,0,0,0,0,0,0,0,0,0.0,0.0,0.0,0.0,0,0,0,0,0,0.0,0.0,0.0,0.0,64,-912,56777,36,948,453,MID,Alejandro Garnacho Ferreyra,Chelsea
499,362,2,0,False,2026-05-15T19:00:00Z,4.0,2.0,37,False,0,0,0,0,0,0,0,0,0,0,0,0,0,0.0,0.0,0.0,0.0,0,0,0,0,0,0.0,0.0,0.0,0.0,103,-4578,509475,6438,11016,499,FWD,Alexander Isak,Liverpool
386,362,2,4,False,2026-05-15T19:00:00Z,4.0,2.0,37,False,90,0,0,0,4,0,0,0,0,0,0,0,18,16.2,28.0,15.0,5.9,2,8,2,12,1,0.1,0.04,0.14,1.85,61,-7998,234221,2681,10679,386,MID,Alexis Mac Allister,Liverpool
340,367,6,0,True,2026-05-17T14:00:00Z,1.0,0.0,37,False,0,0,0,0,0,0,0,0,0,0,0,0,0,0.0,0.0,0.0,0.0,0,0,0,0,0,0.0,0.0,0.0,0.0,39,31,18908,145,114,340,GKP,Alex Cairns,Leeds
324,370,20,2,False,2026-05-17T14:00:00Z,1.0,1.0,37,False,66,0,0,0,1,0,0,0,0,0,0,0,15,11.4,11.3,30.0,5.3,0,5,0,5,1,0.18,0.11,0.29,0.73,61,-6683,145882,683,7366,324,MID,Alex Iwobi,Fulham
481,369,19,0,True,2026-05-17T16:30:00Z,3.0,1.0,37,False,0,0,0,0,0,0,0,0,0,0,0,0,0,0.0,0.0,0.0,0.0,0,0,0,0,0,0.0,0.0,0.0,0.0,38,-245,87778,390,635,481,DEF,Alex Murphy,Newcastle
70,363,13,0,True,2026-05-19T18:30:00Z,,,37,False,0,0,0,0,0,0,0,0,0,0,0,0,0,0.0,0.0,0.0,0.0,0,0,0,0,0,0.0,0.0,0.0,0.0,40,-22,6853,0,22,70,GKP,Alex Paulsen,Bournemouth
90,363,13,0,True,2026-05-19T18:30:00Z,,,37,False,0,0,0,0,0,0,0,0,0,0,0,0,0,0.0,0.0,0.0,0.0,0,0,0,0,0,0.0,0.0,0.0,0.0,50,-25543,274543,6976,32519,90,MID,Alex Scott,Bournemouth
801,363,13,0,True,2026-05-19T18:30:00Z,,,37,False,0,0,0,0,0,0,0,0,0,0,0,0,0,0.0,0.0,0.0,0.0,0,0,0,0,0,0.0,0.0,0.0,0.0,49,-2,935,15,17,801,MID,Alex Tóth,Bournemouth
828,370,10,0,True,2026-05-17T14:00:00Z,1.0,1.0,37,False,0,0,0,0,0,0,0,0,0,0,0,0,0,0.0,0.0,0.0,0.0,0,0,0,0,0,0.0,0.0,0.0,0.0,40,-31,692,52,83,828,GKP,Alfie Brooks,Wolves
839,367,6,0,True,2026-05-17T14:00:00Z,1.0,0.0,37,False,0,0,0,0,0,0,0,0,0,0,0,0,0,0.0,0.0,0.0,0.0,0,0,0,0,0,0.0,0.0,0.0,0.0,45,0,0,0,0,839,MID,Alfie Cresswell,Leeds
786,370,20,0,False,2026-05-17T14:00:00Z,1.0,1.0,37,False,0,0,0,0,0,0,0,0,0,0,0,0,0,0.0,0.0,0.0,0.0,0,0,0,0,0,0.0,0.0,0.0,0.0,40,-22,1646,43,65,786,GKP,Alfie McNally,Fulham
641,370,10,0,True,2026-05-17T14:00:00Z,1.0,1.0,37,False,0,0,0,0,0,0,0,0,0,0,0,0,0,0.0,0.0,0.0,0.0,0,0,0,0,0,0.0,0.0,0.0,0.0,39,-580,119406,0,580,641,DEF,Alfie Pond,Wolves
366,362,2,0,False,2026-05-15T19:00:00Z,4.0,2.0,37,False,0,0,0,0,0,0,0,0,0,0,0,0,0,0.0,0.0,0.0,0.0,0,0,0,0,0,0.0,0.0,0.0,0.0,54,-5902,674453,170,6072,366,GKP,Alisson Becker,Liverpool
600,369,15,0,False,2026-05-17T16:30:00Z,3.0,1.0,37,False,0,0,0,0,0,0,0,0,0,0,0,0,0,0.0,0.0,0.0,0.0,0,0,0,0,0,0.0,0.0,0.0,0.0,42,-2241,244577,829,3070,600,GKP,Alphonse Areola,West Ham
431,368,16,0,True,2026-05-17T11:30:00Z,3.0,2.0,37,False,0,0,0,0,0,0,0,0,0,0,0,0,0,0.0,0.0,0.0,0.0,0,0,0,0,0,0.0,0.0,0.0,0.0,47,10,41157,204,194,431,GKP,Altay Bayındır,Man Utd
792,362,12,0,True,2026-05-15T19:00:00Z,4.0,2.0,37,False,0,0,0,0,0,0,0,0,0,0,0,0,0,0.0,0.0,0.0,0.0,0,0,0,0,0,0.0,0.0,0.0,0.0,50,-3,670,13,16,792,MID,Alysson Edward Franco da Rocha dos Santos,Aston Villa
59,362,12,0,True,2026-05-15T19:00:00Z,4.0,2.0,37,False,0,0,0,0,0,0,0,0,0,0,0,0,0,0.0,0.0,0.0,0.0,0,0,0,0,0,0.0,0.0,0.0,0.0,48,-1794,80687,15,1809,59,MID,Amadou Onana,Aston Villa
452,368,16,2,True,2026-05-17T11:30:00Z,3.0,2.0,37,False,90,0,0,0,2,0,0,0,0,0,0,0,5,4.0,14.2,29.0,4.7,0,2,1,3,1,0.12,0.33,0.45,1.88,62,-605,170528,2163,2768,452,MID,Amad Diallo,Man Utd
378,362,2,0,False,2026-05-15T19:00:00Z,4.0,2.0,37,False,0,0,0,0,0,0,0,0,0,0,0,0,0,0.0,0.0,0.0,0.0,0,0,0,0,0,0.0,0.0,0.0,0.0,37,-1742,114209,938,2680,378,DEF,Amara Nallo,Liverpool
697,363,13,0,True,2026-05-19T18:30:00Z,,,37,False,0,0,0,0,0,0,0,0,0,0,0,0,0,0.0,0.0,0.0,0.0,0,0,0,0,0,0.0,0.0,0.0,0.0,54,-1579,28206,79,1658,697,MID,Amine Adli,Bournemouth
327,370,20,0,False,2026-05-17T14:00:00Z,1.0,1.0,37,False,0,0,0,0,0,0,0,0,0,0,0,0,0,0.0,0.0,0.0,0.0,0,0,0,0,0,0.0,0.0,0.0,0.0,53,-6,7499,0,6,327,MID,Andreas Hoelgebaum Pereira,Fulham
177,367,11,0,False,2026-05-17T14:00:00Z,1.0,0.0,37,False,0,0,0,0,0,0,0,0,0,0,0,0,0,0.0,0.0,0.0,0.0,0,0,0,0,0,0.0,0.0,0.0,0.0,45,-6,1969,0,6,177,MID,Andrew Moran,Brighton
372,362,2,0,False,2026-05-15T19:00:00Z,4.0,2.0,37,False,0,0,0,0,0,0,0,0,0,0,0,0,0,0.0,0.0,0.0,0.0,0,0,0,0,0,0.0,0.0,0.0,0.0,57,-1218,136890,699,1917,372,DEF,Andrew Robertson,Liverpool
246,365,18,0,True,2026-05-19T19:15:00Z,,,37,False,0,0,0,0,0,0,0,0,0,0,0,0,0,0.0,0.0,0.0,0.0,0,0,0,0,0,0.0,0.0,0.0,0.0,44,468,36511,976,508,246,MID,Andrey Nascimento dos Santos,Chelsea
711,361,3,0,True,2026-05-18T19:00:00Z,,,37,False,0,0,0,0,0,0,0,0,0,0,0,0,0,0.0,0.0,0.0,0.0,0,0,0,0,0,0.0,0.0,0.0,0.0,44,2,2086,16,14,711,MID,Andre Harriman-Annous,Arsenal
42,362,12,0,True,2026-05-15T19:00:00Z,4.0,2.0,37,False,0,0,0,0,0,0,0,0,0,0,0,0,0,0.0,0.0,0.0,0.0,0,0,0,0,0,0.0,0.0,0.0,0.0,39,-71,26616,146,217,42,DEF,Andrés García,Aston Villa
432,368,16,0,True,2026-05-17T11:30:00Z,3.0,2.0,37,False,0,0,0,0,0,0,0,0,0,0,0,0,0,0.0,0.0,0.0,0.0,0,0,0,0,0,0.0,0.0,0.0,0.0,49,-12,18165,0,12,432,GKP,André Onana,Man Utd
643,370,10,3,True,2026-05-17T14:00:00Z,1.0,1.0,37,False,90,0,0,0,1,0,0,0,1,0,0,0,10,2.6,2.4,0.0,0.5,2,10,2,14,1,0.0,0.01,0.01,1.53,52,-622,13435,309,931,643,MID,André Trindade da Costa Neto,Wolves
621,369,15,0,False,2026-05-17T16:30:00Z,3.0,1.0,37,False,0,0,0,0,0,0,0,0,0,0,0,0,0,0.0,0.0,0.0,0.0,0,0,0,0,0,0.0,0.0,0.0,0.0,43,-153,25741,0,153,621,MID,Andy Irving,West Ham
816,370,10,0,True,2026-05-17T14:00:00Z,1.0,1.0,37,False,0,0,0,0,0,0,0,0,0,0,0,0,0,0.0,0.0,0.0,0.0,0,0,0,0,0,0.0,0.0,0.0,0.0,46,165,2048,310,145,816,MID,Angel Gomes,Wolves
675,368,14,0,False,2026-05-17T11:30:00Z,3.0,2.0,37,False,0,0,0,0,0,0,0,0,0,0,0,0,0,0.0,0.0,0.0,0.0,0,0,0,0,0,0.0,0.0,0.0,0.0,40,-354,145113,116,470,675,GKP,Angus Gunn,Nott'm Forest
486,369,19,1,True,2026-05-17T16:30:00Z,3.0,1.0,37,False,5,0,0,0,0,0,0,0,0,0,0,0,0,0.0,0.1,4.0,0.3,0,0,0,0,0,0.21,0.0,0.21,0.05,65,-1012,344019,869,1881,486,MID,Anthony Elanga,Newcastle
485,369,19,0,True,2026-05-17T16:30:00Z,3.0,1.0,37,False,0,0,0,0,0,0,0,0,0,0,0,0,0,0.0,0.0,0.0,0.0,0,0,0,0,0,0.0,0.0,0.0,0.0,73,-20580,435934,14381,34961,485,MID,Anthony Gordon,Newcastle
528,366,9,0,False,2026-05-17T14:00:00Z,1.0,3.0,37,False,0,0,0,0,0,0,0,0,0,0,0,0,0,0.0,0.0,0.0,0.0,0,0,0,0,0,0.0,0.0,0.0,0.0,42,-78,19208,0,78,528,GKP,Anthony Patterson,Sunderland
82,363,4,0,False,2026-05-19T18:30:00Z,,,37,False,0,0,0,0,0,0,0,0,0,0,0,0,0,0.0,0.0,0.0,0.0,0,0,0,0,0,0.0,0.0,0.0,0.0,81,-125158,6184703,44957,170115,82,MID,Antoine Semenyo,Man City
316,370,20,12,False,2026-05-17T14:00:00Z,1.0,1.0,37,False,90,1,0,0,1,0,0,0,0,0,0,2,32,56.0,13.5,19.0,8.9,8,10,2,10,1,0.79,0.03,0.82,1.4,49,9305,111240,11327,2022,316,DEF,Antonee Robinson,Fulham
122,364,8,0,True,2026-05-17T14:00:00Z,2.0,2.0,37,False,0,0,0,0,0,0,0,0,0,0,0,0,0,0.0,0.0,0.0,0.0,0,0,0,0,0,0.0,0.0,0.0,0.0,52,11,3621,20,9,122,MID,Antoni Milambo,Brentford
454,368,16,0,True,2026-05-17T11:30:00Z,3.0,2.0,37,False,0,0,0,0,0,0,0,0,0,0,0,0,0,0.0,0.0,0.0,0.0,0,0,0,0,0,0.0,0.0,0.0,0.0,59,-3,7296,0,3,454,MID,Antony dos Santos,Man Utd
660,367,6,3,True,2026-05-17T14:00:00Z,1.0,0.0,37,False,73,0,0,1,0,0,0,0,0,0,0,0,10,9.8,19.2,1.0,3.0,1,3,3,7,1,0.06,0.07,0.13,2.2,48,19101,274692,27418,8317,660,MID,Anton Stach,Leeds
567,365,7,0,False,2026-05-19T19:15:00Z,,,37,False,0,0,0,0,0,0,0,0,0,0,0,0,0,0.0,0.0,0.0,0.0,0,0,0,0,0,0.0,0.0,0.0,0.0,39,10404,240706,12916,2512,567,GKP,Antonín Kinský,Spurs
492,369,19,0,True,2026-05-17T16:30:00Z,3.0,1.0,37,False,0,0,0,0,0,0,0,0,0,0,0,0,0,0.0,0.0,0.0,0.0,0,0,0,0,0,0.0,0.0,0.0,0.0,49,-2,2655,0,2,492,MID,Antoñito Cordero Campillo,Newcastle
591,365,7,0,False,2026-05-19T19:15:00Z,,,37,False,0,0,0,0,0,0,0,0,0,0,0,0,0,0.0,0.0,0.0,0.0,0,0,0,0,0,0.0,0.0,0.0,0.0,48,-452,18450,92,544,591,MID,Archie Gray,Spurs
835,368,14,0,False,2026-05-17T11:30:00Z,3.0,2.0,37,False,0,0,0,0,0,0,0,0,0,0,0,0,0,0.0,0.0,0.0,0.0,0,0,0,0,0,0.0,0.0,0.0,0.0,45,39,53,41,2,835,MID,Archie Whitehall,Nott'm Forest
680,361,1,0,False,2026-05-18T19:00:00Z,,,37,False,0,0,0,0,0,0,0,0,0,0,0,0,0,0.0,0.0,0.0,0.0,0,0,0,0,0,0.0,0.0,0.0,0.0,52,-70,19059,85,155,680,FWD,Armando Broja,Burnley
696,368,14,0,False,2026-05-17T11:30:00Z,3.0,2.0,37,False,0,0,0,0,0,0,0,0,0,0,0,0,0,0.0,0.0,0.0,0.0,0,0,0,0,0,0.0,0.0,0.0,0.0,60,-10,14812,0,10,696,FWD,Arnaud Kalimuendo,Nott'm Forest
678,366,9,0,False,2026-05-17T14:00:00Z,1.0,3.0,37,False,0,0,0,0,0,0,0,0,0,0,0,0,0,0.0,0.0,0.0,0.0,0,0,0,0,0,0.0,0.0,0.0,0.0,39,-246,60537,0,246,678,DEF,Arthur Masuaku,Sunderland
274,364,5,0,False,2026-05-17T14:00:00Z,2.0,2.0,37,False,0,0,0,0,0,0,0,0,0,0,0,0,0,0.0,0.0,0.0,0.0,0,0,0,0,0,0.0,0.0,0.0,0.0,43,-65,12026,205,270,274,MID,Asher Agbinone,Crystal Palace
218,361,1,0,False,2026-05-18T19:00:00Z,,,37,False,0,0,0,0,0,0,0,0,0,0,0,0,0,0.0,0.0,0.0,0.0,0,0,0,0,0,0.0,0.0,0.0,0.0,42,-1221,162225,993,2214,218,FWD,Ashley Barnes,Burnley
576,365,7,0,False,2026-05-19T19:15:00Z,,,37,False,0,0,0,0,0,0,0,0,0,0,0,0,0,0.0,0.0,0.0,0.0,0,0,0,0,0,0.0,0.0,0.0,0.0,40,-2,1408,0,2,576,DEF,Ashley Phillips,Spurs
815,369,15,1,False,2026-05-17T16:30:00Z,3.0,1.0,37,False,90,0,0,0,3,0,0,0,0,0,0,0,4,15.0,1.9,0.0,1.7,6,5,1,7,1,0.0,0.01,0.01,1.7,45,-424,23480,886,1310,815,DEF,Axel Disasi,West Ham
198,361,1,0,False,2026-05-18T19:00:00Z,,,37,False,0,0,0,0,0,0,0,0,0,0,0,0,0,0.0,0.0,0.0,0.0,0,0,0,0,0,0.0,0.0,0.0,0.0,39,-342,113181,238,580,198,DEF,Axel Tuanzebe,Burnley
447,368,16,0,True,2026-05-17T11:30:00Z,3.0,2.0,37,False,0,0,0,0,0,0,0,0,0,0,0,0,0,0.0,0.0,0.0,0.0,0,0,0,0,0,0.0,0.0,0.0,0.0,37,4590,345182,18197,13607,447,DEF,Ayden Heaven,Man Utd
685,363,13,0,True,2026-05-19T18:30:00Z,,,37,False,0,0,0,0,0,0,0,0,0,0,0,0,0,0.0,0.0,0.0,0.0,0,0,0,0,0,0.0,0.0,0.0,0.0,41,-215,34581,100,315,685,DEF,Bafodé Diakité,Bournemouth
139,367,11,2,False,2026-05-17T14:00:00Z,1.0,0.0,37,False,90,0,0,0,1,0,0,0,0,0,1,0,5,7.6,0.0,0.0,0.8,1,10,0,0,1,0.0,0.0,0.0,0.39,46,-9031,1248836,25482,34513,139,GKP,Bart Verbruggen,Brighton
193,361,1,0,False,2026-05-18T19:00:00Z,,,37,False,0,0,0,0,0,0,0,0,0,0,0,0,0,0.0,0.0,0.0,0.0,0,0,0,0,0,0.0,0.0,0.0,0.0,39,-268,15558,86,354,193,DEF,Bashir Humphreys,Burnley
639,370,10,0,True,2026-05-17T14:00:00Z,1.0,1.0,37,False,0,0,0,0,0,0,0,0,0,0,0,0,0,0.0,0.0,0.0,0.0,0,0,0,0,0,0.0,0.0,0.0,0.0,40,-6,768,0,6,639,DEF,Bastien Meupiyou Menadjou,Wolves
769,368,16,0,True,2026-05-17T11:30:00Z,3.0,2.0,37,False,0,0,0,0,0,0,0,0,0,0,0,0,0,0.0,0.0,0.0,0.0,0,0,0,0,0,0.0,0.0,0.0,0.0,45,6,681,17,11,769,MID,Bendito Mantato,Man Utd
114,364,8,0,True,2026-05-17T14:00:00Z,2.0,2.0,37,False,0,0,0,0,0,0,0,0,0,0,0,0,0,0.0,0.0,0.0,0.0,0,0,0,0,0,0.0,0.0,0.0,0.0,38,-135,23452,0,135,114,DEF,Benjamin Arthur,Brentford
115,364,8,0,True,2026-05-17T14:00:00Z,2.0,2.0,37,False,0,0,0,0,0,0,0,0,0,0,0,0,0,0.0,0.0,0.0,0.0,0,0,0,0,0,0.0,0.0,0.0,0.0,40,-13,9410,0,13,115,DEF,Benjamin Fredrick,Brentford
664,370,20,0,False,2026-05-17T14:00:00Z,1.0,1.0,37,False,0,0,0,0,0,0,0,0,0,0,0,0,0,0.0,0.0,0.0,0.0,0,0,0,0,0,0.0,0.0,0.0,0.0,39,-473,88238,180,653,664,GKP,Benjamin Lecomte,Fulham
681,368,16,0,True,2026-05-17T11:30:00Z,3.0,2.0,37,False,0,0,0,0,0,0,0,0,0,0,0,0,0,0.0,0.0,0.0,0.0,0,0,0,0,0,0.0,0.0,0.0,0.0,73,-63591,673783,3548,67139,681,FWD,Benjamin Sesko,Man Utd
11,361,3,0,True,2026-05-18T19:00:00Z,,,37,False,0,0,0,0,0,0,0,0,0,0,0,0,0,0.0,0.0,0.0,0.0,0,0,0,0,0,0.0,0.0,0.0,0.0,51,-12302,70701,1789,14091,11,DEF,Benjamin White,Arsenal
229,365,18,0,True,2026-05-19T19:15:00Z,,,37,False,0,0,0,0,0,0,0,0,0,0,0,0,0,0.0,0.0,0.0,0.0,0,0,0,0,0,0.0,0.0,0.0,0.0,44,-22,3841,25,47,229,DEF,Benoît Badiashile Mukinayi,Chelsea
60,362,12,0,True,2026-05-15T19:00:00Z,4.0,2.0,37,False,0,0,0,0,0,0,0,0,0,0,0,0,0,0.0,0.0,0.0,0.0,0,0,0,0,0,0.0,0.0,0.0,0.0,44,-107,31526,0,107,60,MID,Ben Broggio,Aston Villa
780,364,5,0,False,2026-05-17T14:00:00Z,2.0,2.0,37,False,0,0,0,0,0,0,0,0,0,0,0,0,0,0.0,0.0,0.0,0.0,0,0,0,0,0,0.0,0.0,0.0,0.0,45,33,3909,118,85,780,FWD,Ben Casey,Crystal Palace
571,365,7,0,False,2026-05-19T19:15:00Z,,,37,False,0,0,0,0,0,0,0,0,0,0,0,0,0,0.0,0.0,0.0,0.0,0,0,0,0,0,0.0,0.0,0.0,0.0,43,0,8411,14,14,571,DEF,Ben Davies,Spurs
391,363,13,0,True,2026-05-19T18:30:00Z,,,37,False,0,0,0,0,0,0,0,0,0,0,0,0,0,0.0,0.0,0.0,0.0,0,0,0,0,0,0.0,0.0,0.0,0.0,48,20,4211,36,16,391,MID,Ben Gannon-Doak,Bournemouth
96,363,13,0,True,2026-05-19T18:30:00Z,,,37,False,0,0,0,0,0,0,0,0,0,0,0,0,0,0.0,0.0,0.0,0.0,0,0,0,0,0,0.0,0.0,0.0,0.0,45,-2,3838,0,2,96,MID,Ben Winterburn,Bournemouth
416,363,4,0,False,2026-05-19T18:30:00Z,,,37,False,0,0,0,0,0,0,0,0,0,0,0,0,0,0.0,0.0,0.0,0.0,0,0,0,0,0,0.0,0.0,0.0,0.0,62,-1551,86681,1234,2785,416,MID,Bernardo Mota Veiga de Carvalho e Silva,Man City
314,370,20,2,False,2026-05-17T14:00:00Z,1.0,1.0,37,False,90,0,0,0,1,0,0,0,0,0,2,0,15,13.6,0.0,0.0,1.4,1,9,0,0,1,0.0,0.0,0.0,1.4,50,33840,308112,43643,9803,314,GKP,Bernd Leno,Fulham
735,366,9,0,False,2026-05-17T14:00:00Z,1.0,3.0,37,False,0,0,0,0,0,0,0,0,0,0,0,0,0,0.0,0.0,0.0,0.0,0,0,0,0,0,0.0,0.0,0.0,0.0,55,116,3905,137,21,735,MID,Bertrand Traoré,Sunderland
530,366,9,0,False,2026-05-17T14:00:00Z,1.0,3.0,37,False,0,0,0,0,0,0,0,0,0,0,0,0,0,0.0,0.0,0.0,0.0,0,0,0,0,0,0.0,0.0,0.0,0.0,39,-102,13269,0,102,530,GKP,Blondy Nna Noukeu,Sunderland
259,364,5,0,False,2026-05-17T14:00:00Z,2.0,2.0,37,False,0,0,0,0,0,0,0,0,0,0,0,0,0,0.0,0.0,0.0,0.0,0,0,0,0,0,0.0,0.0,0.0,0.0,48,-193,15703,19,212,259,DEF,Borna Sosa,Crystal Palace
58,362,12,0,True,2026-05-15T19:00:00Z,4.0,2.0,37,False,0,0,0,0,0,0,0,0,0,0,0,0,0,0.0,0.0,0.0,0.0,0,0,0,0,0,0.0,0.0,0.0,0.0,49,-113,21941,15,128,58,MID,Boubacar Kamara,Aston Villa
649,370,10,0,True,2026-05-17T14:00:00Z,1.0,1.0,37,False,0,0,0,0,0,0,0,0,0,0,0,0,0,0.0,0.0,0.0,0.0,0,0,0,0,0,0.0,0.0,0.0,0.0,50,0,119,0,0,649,MID,Boubacar Traoré,Wolves
702,362,12,0,True,2026-05-15T19:00:00Z,4.0,2.0,37,False,0,0,0,0,0,0,0,0,0,0,0,0,0,0.0,0.0,0.0,0.0,0,0,0,0,0,0.0,0.0,0.0,0.0,43,1678,16497,2305,627,702,MID,Bradley Burrowes,Aston Villa
779,366,17,0,True,2026-05-17T14:00:00Z,1.0,3.0,37,False,0,0,0,0,0,0,0,0,0,0,0,0,0,0.0,0.0,0.0,0.0,0,0,0,0,0,0.0,0.0,0.0,0.0,45,46,5380,175,129,779,FWD,Braiden Graham,Everton
162,367,11,0,False,2026-05-17T14:00:00Z,1.0,0.0,37,False,0,0,0,0,0,0,0,0,0,0,0,0,0,0.0,0.0,0.0,0.0,0,0,0,0,0,0.0,0.0,0.0,0.0,54,-12,5825,0,12,162,MID,Brajan Gruda,Brighton
566,365,7,0,False,2026-05-19T19:15:00Z,,,37,False,0,0,0,0,0,0,0,0,0,0,0,0,0,0.0,0.0,0.0,0.0,0,0,0,0,0,0.0,0.0,0.0,0.0,39,-108,36975,142,250,566,GKP,Brandon Austin,Spurs
13,361,3,0,True,2026-05-18T19:00:00Z,,,37,False,0,0,0,0,0,0,0,0,0,0,0,0,0,0.0,0.0,0.0,0.0,0,0,0,0,0,0.0,0.0,0.0,0.0,37,-30,58016,910,940,13,DEF,Brayden Clarke,Arsenal
350,367,6,1,True,2026-05-17T14:00:00Z,1.0,0.0,37,False,59,0,0,0,0,0,0,0,0,0,0,0,4,3.8,11.8,0.0,1.6,0,2,0,2,1,0.0,0.02,0.02,1.92,54,-11911,124770,3147,15058,350,MID,Brenden Aaronson,Leeds
580,364,5,1,False,2026-05-17T14:00:00Z,2.0,2.0,37,False,45,0,0,0,1,0,0,0,0,0,0,0,3,2.4,0.6,4.0,0.7,1,3,1,5,0,0.0,0.0,0.0,1.5,65,-4923,313144,798,5721,580,MID,Brennan Johnson,Crystal Palace
730,366,9,7,False,2026-05-17T14:00:00Z,1.0,3.0,37,False,76,1,0,0,1,0,0,0,0,0,0,1,30,39.4,1.1,19.0,6.0,2,1,1,4,1,0.26,0.01,0.27,0.54,53,-8991,121827,4313,13304,730,FWD,Brian Brobbey,Sunderland
449,368,16,9,True,2026-05-17T11:30:00Z,3.0,2.0,37,False,90,0,2,0,2,0,0,0,0,0,0,1,42,37.0,106.8,34.0,17.8,0,0,2,2,1,0.19,0.88,1.07,1.88,104,24021,6246045,66843,42822,449,MID,Bruno Borges Fernandes,Man Utd
488,369,19,4,True,2026-05-17T16:30:00Z,3.0,1.0,37,False,90,0,0,0,1,0,0,0,0,0,0,0,15,20.0,9.2,22.0,5.1,2,5,5,12,1,0.09,0.36,0.45,0.88,69,148207,811580,155209,7002,488,MID,Bruno Guimarães Rodriguez Moura,Newcastle
590,365,7,0,False,2026-05-19T19:15:00Z,,,37,False,0,0,0,0,0,0,0,0,0,0,0,0,0,0.0,0.0,0.0,0.0,0,0,0,0,0,0.0,0.0,0.0,0.0,49,-1,3386,0,1,590,MID,Bryan Gil Salvatierra,Spurs
119,368,16,7,True,2026-05-17T11:30:00Z,3.0,2.0,37,False,79,1,0,0,2,0,0,0,0,0,0,0,18,28.0,6.8,46.0,8.1,0,3,0,3,1,2.57,0.02,2.59,1.62,83,-51849,1951645,18468,70317,119,MID,Bryan Mbeumo,Man Utd
16,361,3,0,True,2026-05-18T19:00:00Z,,,37,False,0,0,0,0,0,0,0,0,0,0,0,0,0,0.0,0.0,0.0,0.0,0,0,0,0,0,0.0,0.0,0.0,0.0,100,253236,1705530,266079,12843,16,MID,Bukayo Saka,Arsenal
265,364,5,0,False,2026-05-17T14:00:00Z,2.0,2.0,37,False,0,0,0,0,0,0,0,0,0,0,0,0,0,0.0,0.0,0.0,0.0,0,0,0,0,0,0.0,0.0,0.0,0.0,40,10,2707,45,35,265,DEF,Caleb Kporha,Crystal Palace
69,363,13,0,True,2026-05-19T18:30:00Z,,,37,False,0,0,0,0,0,0,0,0,0,0,0,0,0,0.0,0.0,0.0,0.0,0,0,0,0,0,0.0,0.0,0.0,0.0,39,-227,31087,132,359,69,GKP,Callan McKenna,Bournemouth
306,366,17,0,True,2026-05-17T14:00:00Z,1.0,3.0,37,False,0,0,0,0,0,0,0,0,0,0,0,0,0,0.0,0.0,0.0,0.0,0,0,0,0,0,0.0,0.0,0.0,0.0,43,31,12314,228,197,306,MID,Callum Bates,Everton
516,368,14,0,False,2026-05-17T11:30:00Z,3.0,2.0,37,False,0,0,0,0,0,0,0,0,0,0,0,0,0,0.0,0.0,0.0,0.0,0,0,0,0,0,0.0,0.0,0.0,0.0,57,-999,78544,48,1047,516,MID,Callum Hudson-Odoi,Nott'm Forest
626,369,15,0,False,2026-05-17T16:30:00Z,3.0,1.0,37,False,0,0,0,0,0,0,0,0,0,0,0,0,0,0.0,0.0,0.0,0.0,0,0,0,0,0,0.0,0.0,0.0,0.0,43,-131,64986,0,131,626,FWD,Callum Marshall,West Ham
595,365,7,0,False,2026-05-19T19:15:00Z,,,37,False,0,0,0,0,0,0,0,0,0,0,0,0,0,0.0,0.0,0.0,0.0,0,0,0,0,0,0.0,0.0,0.0,0.0,43,-13,26663,189,202,595,MID,Callum Olusesi,Spurs
671,369,15,2,False,2026-05-17T16:30:00Z,3.0,1.0,37,False,90,0,0,0,3,0,0,0,0,0,0,0,5,4.6,1.5,33.0,3.9,0,1,1,2,1,0.08,0.11,0.19,1.7,58,804,67150,1503,699,671,FWD,Callum Wilson,West Ham
318,370,20,2,False,2026-05-17T14:00:00Z,1.0,1.0,37,False,90,0,0,0,1,0,0,0,0,0,0,0,20,19.2,1.6,0.0,2.1,6,6,2,8,1,0.0,0.03,0.03,1.4,44,30393,114659,34187,3794,318,DEF,Calvin Bassey,Fulham
380,362,2,0,False,2026-05-15T19:00:00Z,4.0,2.0,37,False,0,0,0,0,0,0,0,0,0,0,0,0,0,0.0,0.0,0.0,0.0,0,0,0,0,0,0.0,0.0,0.0,0.0,37,1644,38870,2306,662,380,DEF,Calvin Ramsay,Liverpool
101,364,8,2,True,2026-05-17T14:00:00Z,2.0,2.0,37,False,90,0,0,0,2,0,0,0,0,0,3,0,8,15.4,0.0,0.0,1.5,1,15,0,0,1,0.0,0.0,0.0,1.67,48,27417,1615939,47879,20462,101,GKP,Caoimhín Kelleher,Brentford
301,366,17,0,True,2026-05-17T14:00:00Z,1.0,3.0,37,False,0,0,0,0,0,0,0,0,0,0,0,0,0,0.0,0.0,0.0,0.0,0,0,0,0,0,0.0,0.0,0.0,0.0,52,33,10063,57,24,301,MID,Carlos Alcaraz Durán,Everton
167,367,11,3,False,2026-05-17T14:00:00Z,1.0,0.0,37,False,81,0,0,1,0,0,0,0,0,0,0,0,14,19.8,13.5,7.0,4.0,6,4,0,10,1,0.06,0.02,0.08,0.32,45,5826,202318,7703,1877,167,MID,Carlos Baleba,Brighton
457,368,16,1,True,2026-05-17T11:30:00Z,3.0,2.0,37,False,80,0,0,0,2,0,0,0,1,0,0,0,6,6.8,24.2,11.0,4.2,1,1,2,4,1,0.18,0.08,0.26,1.62,59,10315,707995,61875,51560,457,MID,Carlos Henrique Casimiro,Man Utd
503,368,14,0,False,2026-05-17T11:30:00Z,3.0,2.0,37,False,0,0,0,0,0,0,0,0,0,0,0,0,0,0.0,0.0,0.0,0.0,0,0,0,0,0,0.0,0.0,0.0,0.0,40,-34,7823,0,34,503,GKP,Carlos Miguel dos Santos Pereira,Nott'm Forest
141,367,11,0,False,2026-05-17T14:00:00Z,1.0,0.0,37,False,0,0,0,0,0,0,0,0,0,0,0,0,0,0.0,0.0,0.0,0.0,0,0,0,0,0,0.0,0.0,0.0,0.0,40,0,241,0,0,141,GKP,Carl Rushworth,Brighton
262,364,5,2,False,2026-05-17T14:00:00Z,2.0,2.0,37,False,73,0,0,0,1,0,0,0,0,0,0,0,5,6.2,0.8,6.0,1.3,6,4,0,6,1,0.03,0.0,0.03,0.64,40,-132,6576,89,221,262,DEF,Chadi Riad Dnanou,Crystal Palace
181,367,11,1,False,2026-05-17T14:00:00Z,1.0,0.0,37,False,8,0,0,0,1,0,0,0,0,0,0,0,7,6.2,12.8,19.0,3.8,0,2,0,2,0,0.03,0.18,0.21,0.07,48,-12,43498,347,359,181,FWD,Charalampos Kostoulas,Brighton
359,367,6,0,True,2026-05-17T14:00:00Z,1.0,0.0,37,False,0,0,0,0,0,0,0,0,0,0,0,0,0,0.0,0.0,0.0,0.0,0,0,0,0,0,0.0,0.0,0.0,0.0,45,0,414,0,0,359,MID,Charlie Crew,Leeds
763,363,4,0,False,2026-05-19T18:30:00Z,,,37,False,0,0,0,0,0,0,0,0,0,0,0,0,0,0.0,0.0,0.0,0.0,0,0,0,0,0,0.0,0.0,0.0,0.0,45,-2,674,9,11,763,MID,Charlie Gray,Man City
799,363,13,0,True,2026-05-19T18:30:00Z,,,37,False,0,0,0,0,0,0,0,0,0,0,0,0,0,0.0,0.0,0.0,0.0,0,0,0,0,0,0.0,0.0,0.0,0.0,45,12,780,33,21,799,MID,Charlie Stevens,Bournemouth
156,367,11,0,False,2026-05-17T14:00:00Z,1.0,0.0,37,False,0,0,0,0,0,0,0,0,0,0,0,0,0,0.0,0.0,0.0,0.0,0,0,0,0,0,0.0,0.0,0.0,0.0,38,-2,20384,170,172,156,DEF,Charlie Tasker,Brighton
268,364,5,0,False,2026-05-17T14:00:00Z,2.0,2.0,37,False,0,0,0,0,0,0,0,0,0,0,0,0,0,0.0,0.0,0.0,0.0,0,0,0,0,0,0.0,0.0,0.0,0.0,49,7,436,28,21,268,MID,Cheick Doucouré,Crystal Palace
553,366,9,1,False,2026-05-17T14:00:00Z,1.0,3.0,37,False,30,0,0,0,0,0,0,0,0,0,0,0,3,0.2,3.1,0.0,0.3,0,1,0,1,0,0.0,0.0,0.0,0.69,49,61,20708,402,341,553,MID,Chemsdine Talbi,Sunderland
467,368,16,0,True,2026-05-17T11:30:00Z,3.0,2.0,37,False,0,0,0,0,0,0,0,0,0,0,0,0,0,0.0,0.0,0.0,0.0,0,0,0,0,0,0.0,0.0,0.0,0.0,42,-909,179261,432,1341,467,FWD,Chido Obi,Man Utd
732,364,5,0,False,2026-05-17T14:00:00Z,2.0,2.0,37,False,0,0,0,0,0,0,0,0,0,0,0,0,0,0.0,0.0,0.0,0.0,0,0,0,0,0,0.0,0.0,0.0,0.0,55,-6,7044,142,148,732,FWD,Christantus Uche,Crystal Palace
24,361,3,0,True,2026-05-18T19:00:00Z,,,37,False,0,0,0,0,0,0,0,0,0,0,0,0,0,0.0,0.0,0.0,0.0,0,0,0,0,0,0.0,0.0,0.0,0.0,51,-13,17149,52,65,24,MID,Christian Nørgaard,Arsenal
240,365,18,0,True,2026-05-19T19:15:00Z,,,37,False,0,0,0,0,0,0,0,0,0,0,0,0,0,0.0,0.0,0.0,0.0,0,0,0,0,0,0.0,0.0,0.0,0.0,59,-4,10227,0,4,240,MID,Christopher Nkunku,Chelsea
806,363,13,0,True,2026-05-19T18:30:00Z,,,37,False,0,0,0,0,0,0,0,0,0,0,0,0,0,0.0,0.0,0.0,0.0,0,0,0,0,0,0.0,0.0,0.0,0.0,40,-13,1159,20,33,806,GKP,Christos Mandas,Bournemouth
79,363,13,0,True,2026-05-19T18:30:00Z,,,37,False,0,0,0,0,0,0,0,0,0,0,0,0,0,0.0,0.0,0.0,0.0,0,0,0,0,0,0.0,0.0,0.0,0.0,40,-14,8511,0,14,79,DEF,Chris Mepham,Bournemouth
261,364,5,0,False,2026-05-17T14:00:00Z,2.0,2.0,37,False,29,0,0,0,1,0,0,0,1,0,0,0,-3,1.4,0.1,0.0,0.2,2,1,0,2,0,0.0,0.0,0.0,1.42,44,-13172,344182,3947,17119,261,DEF,Chris Richards,Crystal Palace
551,366,9,4,False,2026-05-17T14:00:00Z,1.0,3.0,37,False,13,0,1,0,0,0,0,0,0,0,0,0,15,18.4,11.3,2.0,3.2,1,0,0,1,0,0.0,0.01,0.01,0.53,47,-374,8527,117,491,551,MID,Chris Rigg,Sunderland
525,368,14,2,False,2026-05-17T11:30:00Z,3.0,2.0,37,False,69,0,0,0,2,0,0,0,0,0,0,0,5,0.0,6.2,7.0,1.1,0,2,0,2,1,0.06,0.0,0.06,2.8,71,-2930,606816,2219,5149,525,FWD,Chris Wood,Nott'm Forest
425,363,4,0,False,2026-05-19T18:30:00Z,,,37,False,0,0,0,0,0,0,0,0,0,0,0,0,0,0.0,0.0,0.0,0.0,0,0,0,0,0,0.0,0.0,0.0,0.0,54,0,1226,0,0,425,MID,Claudio Echeverri,Man City
307,366,17,0,True,2026-05-17T14:00:00Z,1.0,3.0,37,False,0,0,0,0,0,0,0,0,0,0,0,0,0,0.0,0.0,0.0,0.0,0,0,0,0,0,0.0,0.0,0.0,0.0,44,24,5867,71,47,307,MID,Coby Ebere,Everton
384,362,2,2,False,2026-05-15T19:00:00Z,4.0,2.0,37,False,73,0,0,0,3,0,0,0,0,0,0,0,-1,0.0,0.5,12.0,1.1,2,0,0,2,1,0.53,0.0,0.53,1.75,73,-8579,729880,10849,19428,384,MID,Cody Gakpo,Liverpool
235,365,18,0,True,2026-05-19T19:15:00Z,,,37,False,0,0,0,0,0,0,0,0,0,0,0,0,0,0.0,0.0,0.0,0.0,0,0,0,0,0,0.0,0.0,0.0,0.0,103,-62557,1637367,11009,73566,235,MID,Cole Palmer,Chelsea
186,361,1,0,False,2026-05-18T19:00:00Z,,,37,False,0,0,0,0,0,0,0,0,0,0,0,0,0,0.0,0.0,0.0,0.0,0,0,0,0,0,0.0,0.0,0.0,0.0,43,7,3625,28,21,186,DEF,Connor Roberts,Burnley
375,362,2,0,False,2026-05-15T19:00:00Z,4.0,2.0,37,False,0,0,0,0,0,0,0,0,0,0,0,0,0,0.0,0.0,0.0,0.0,0,0,0,0,0,0.0,0.0,0.0,0.0,49,-52,18696,15,67,375,DEF,Conor Bradley,Liverpool
796,365,7,0,False,2026-05-19T19:15:00Z,,,37,False,0,0,0,0,0,0,0,0,0,0,0,0,0,0.0,0.0,0.0,0.0,0,0,0,0,0,0.0,0.0,0.0,0.0,50,1469,27437,4049,2580,796,MID,Conor Gallagher,Spurs
824,364,8,0,True,2026-05-17T14:00:00Z,2.0,2.0,37,False,0,0,0,0,0,0,0,0,0,0,0,0,0,0.0,0.0,0.0,0.0,0,0,0,0,0,0.0,0.0,0.0,0.0,40,25,633,37,12,824,DEF,Conor McManus,Brentford
662,361,3,0,True,2026-05-18T19:00:00Z,,,37,False,0,0,0,0,0,0,0,0,0,0,0,0,0,0.0,0.0,0.0,0.0,0,0,0,0,0,0.0,0.0,0.0,0.0,53,9184,31429,9816,632,662,DEF,Cristhian Mosquera,Arsenal
569,365,7,0,False,2026-05-19T19:15:00Z,,,37,False,0,0,0,0,0,0,0,0,0,0,0,0,0,0.0,0.0,0.0,0.0,0,0,0,0,0,0.0,0.0,0.0,0.0,50,-1995,376423,43,2038,569,DEF,Cristian Romero,Spurs
615,369,15,2,False,2026-05-17T16:30:00Z,3.0,1.0,37,False,90,0,0,0,3,0,0,0,0,0,0,0,21,12.4,23.3,15.0,5.1,1,6,1,8,1,0.05,0.24,0.29,1.7,54,1419,167164,10153,8734,615,MID,Crysencio Summerville,West Ham
388,362,2,2,False,2026-05-15T19:00:00Z,4.0,2.0,37,False,90,0,0,0,4,0,0,0,0,0,0,0,20,17.2,20.0,17.0,5.4,3,5,3,11,1,0.09,0.06,0.15,1.85,54,-51,14925,294,345,388,MID,Curtis Jones,Liverpool
271,364,5,4,False,2026-05-17T14:00:00Z,2.0,2.0,37,False,90,0,0,0,2,0,0,0,0,0,0,0,16,15.8,13.1,7.0,3.6,3,6,4,13,1,0.14,0.18,0.32,2.05,50,-884,13450,146,1030,271,MID,Daichi Kamada,Crystal Palace
599,365,7,0,False,2026-05-19T19:15:00Z,,,37,False,0,0,0,0,0,0,0,0,0,0,0,0,0,0.0,0.0,0.0,0.0,0,0,0,0,0,0.0,0.0,0.0,0.0,43,-210,68403,0,210,599,FWD,Dane Scarlett,Spurs
83,364,8,15,True,2026-05-17T14:00:00Z,2.0,2.0,37,False,90,2,0,0,2,0,0,0,0,0,0,3,46,72.0,12.6,82.0,16.7,2,0,0,2,1,1.34,0.03,1.37,1.67,57,-8807,207863,7203,16010,83,MID,Dango Ouattara,Brentford
99,363,13,0,True,2026-05-19T18:30:00Z,,,37,False,0,0,0,0,0,0,0,0,0,0,0,0,0,0.0,0.0,0.0,0.0,0,0,0,0,0,0.0,0.0,0.0,0.0,44,-21,17198,0,21,99,FWD,Daniel Adu-Adjei,Bournemouth
531,366,9,0,False,2026-05-17T14:00:00Z,1.0,3.0,37,False,0,0,0,0,0,0,0,0,0,0,0,0,0,0.0,0.0,0.0,0.0,0,0,0,0,0,0.0,0.0,0.0,0.0,47,-23991,337350,86,24077,531,DEF,Daniel Ballard,Sunderland
629,370,10,0,True,2026-05-17T14:00:00Z,1.0,1.0,37,False,0,0,0,0,0,0,0,0,0,0,0,0,0,0.0,0.0,0.0,0.0,0,0,0,0,0,0.0,0.0,0.0,0.0,39,-622,64343,1116,1738,629,GKP,Daniel Bentley,Wolves
353,367,6,1,True,2026-05-17T14:00:00Z,1.0,0.0,37,False,59,0,0,0,0,0,0,0,0,0,0,0,5,6.6,0.7,12.0,1.9,2,1,1,4,1,0.12,0.01,0.13,1.92,52,145,13290,217,72,353,MID,Daniel James,Leeds
256,364,5,6,False,2026-05-17T14:00:00Z,2.0,2.0,37,False,90,0,1,0,2,0,0,0,0,0,0,0,19,42.6,32.3,24.0,9.9,8,3,3,11,1,0.07,0.03,0.1,2.05,59,-71056,1249309,10601,81657,256,DEF,Daniel Muñoz Mejía,Crystal Palace
798,364,5,0,False,2026-05-17T14:00:00Z,2.0,2.0,37,False,0,0,0,0,0,0,0,0,0,0,0,0,0,0.0,0.0,0.0,0.0,0,0,0,0,0,0.0,0.0,0.0,0.0,40,0,300,0,0,798,DEF,Danny Imray,Crystal Palace
178,367,11,2,False,2026-05-17T14:00:00Z,1.0,0.0,37,False,64,0,0,1,0,0,0,0,0,0,0,0,8,7.8,5.3,14.0,2.7,2,2,1,5,1,0.21,0.01,0.22,0.22,64,-65839,1192264,36187,102026,178,FWD,Danny Welbeck,Brighton
476,369,19,1,True,2026-05-17T16:30:00Z,3.0,1.0,37,False,15,0,0,0,0,0,0,0,0,0,0,0,4,5.0,10.5,0.0,1.6,0,0,1,1,0,0.0,0.0,0.0,0.33,50,9148,462115,11712,2564,476,DEF,Dan Burn,Newcastle
669,368,14,0,False,2026-05-17T11:30:00Z,3.0,2.0,37,False,0,0,0,0,0,0,0,0,0,0,0,0,0,0.0,0.0,0.0,0.0,0,0,0,0,0,0.0,0.0,0.0,0.0,55,-309,87861,11,320,669,MID,Dan Ndoye,Nott'm Forest
549,366,9,0,False,2026-05-17T14:00:00Z,1.0,3.0,37,False,0,0,0,0,0,0,0,0,0,0,0,0,0,0.0,0.0,0.0,0.0,0,0,0,0,0,0.0,0.0,0.0,0.0,48,-8,3523,0,8,549,MID,Dan Neil,Sunderland
204,361,1,0,False,2026-05-18T19:00:00Z,,,37,False,0,0,0,0,0,0,0,0,0,0,0,0,0,0.0,0.0,0.0,0.0,0,0,0,0,0,0.0,0.0,0.0,0.0,49,-1,1578,0,1,204,MID,Darko Churlinov,Burnley
361,367,6,0,True,2026-05-17T14:00:00Z,1.0,0.0,37,False,0,0,0,0,0,0,0,0,0,0,0,0,0,0.0,0.0,0.0,0.0,0,0,0,0,0,0.0,0.0,0.0,0.0,45,-7,2990,0,7,361,MID,Darko Gyabi,Leeds
397,362,2,0,False,2026-05-15T19:00:00Z,4.0,2.0,37,False,0,0,0,0,0,0,0,0,0,0,0,0,0,0.0,0.0,0.0,0.0,0,0,0,0,0,0.0,0.0,0.0,0.0,65,-2,7967,0,2,397,FWD,Darwin Núñez Ribeiro,Liverpool
86,363,13,0,True,2026-05-19T18:30:00Z,,,37,False,0,0,0,0,0,0,0,0,0,0,0,0,0,0.0,0.0,0.0,0.0,0,0,0,0,0,0.0,0.0,0.0,0.0,50,-100,23049,177,277,86,MID,David Brooks,Bournemouth
509,368,14,0,False,2026-05-17T11:30:00Z,3.0,2.0,37,False,0,0,0,0,0,0,0,0,0,0,0,0,0,0.0,0.0,0.0,0.0,0,0,0,0,0,0.0,0.0,0.0,0.0,45,0,2616,0,0,509,DEF,David Mota Veiga Teixeira do Carmo,Nott'm Forest
682,370,10,2,True,2026-05-17T14:00:00Z,1.0,1.0,37,False,84,0,0,0,1,0,0,0,0,0,0,0,0,0.0,0.5,0.0,0.0,0,3,0,0,1,0.0,0.01,0.01,1.41,42,-24,8386,30,54,682,DEF,David Møller Wolfe,Wolves
280,364,5,0,False,2026-05-17T14:00:00Z,2.0,2.0,37,False,0,0,0,0,0,0,0,0,0,0,0,0,0,0.0,0.0,0.0,0.0,0,0,0,0,0,0.0,0.0,0.0,0.0,45,0,146,0,0,280,MID,David Ozoh,Crystal Palace
1,361,3,0,True,2026-05-18T19:00:00Z,,,37,False,0,0,0,0,0,0,0,0,0,0,0,0,0,0.0,0.0,0.0,0.0,0,0,0,0,0,0.0,0.0,0.0,0.0,61,116618,4755793,140005,23387,1,GKP,David Raya Martín,Arsenal
773,364,5,0,False,2026-05-17T14:00:00Z,2.0,2.0,37,False,0,0,0,0,0,0,0,0,0,0,0,0,0,0.0,0.0,0.0,0.0,0,0,0,0,0,0.0,0.0,0.0,0.0,40,38,2477,53,15,773,DEF,Dean Benamar,Crystal Palace
253,364,5,0,False,2026-05-17T14:00:00Z,2.0,2.0,37,False,90,0,0,0,2,0,0,0,1,0,1,0,2,8.6,0.0,0.0,0.9,3,10,0,0,1,0.0,0.0,0.0,2.05,51,-42826,1215435,5140,47966,253,GKP,Dean Henderson,Crystal Palace
21,361,3,0,True,2026-05-18T19:00:00Z,,,37,False,0,0,0,0,0,0,0,0,0,0,0,0,0,0.0,0.0,0.0,0.0,0,0,0,0,0,0.0,0.0,0.0,0.0,72,47183,3183415,131026,83843,21,MID,Declan Rice,Arsenal
583,365,7,0,False,2026-05-19T19:15:00Z,,,37,False,0,0,0,0,0,0,0,0,0,0,0,0,0,0.0,0.0,0.0,0.0,0,0,0,0,0,0.0,0.0,0.0,0.0,64,15,1788,36,21,583,MID,Dejan Kulusevski,Spurs
535,366,9,0,False,2026-05-17T14:00:00Z,1.0,3.0,37,False,0,0,0,0,0,0,0,0,0,0,0,0,0,0.0,0.0,0.0,0.0,0,0,0,0,0,0.0,0.0,0.0,0.0,40,-8,6343,107,115,535,DEF,Dennis Cirkin,Sunderland
435,368,16,0,True,2026-05-17T11:30:00Z,3.0,2.0,37,False,0,0,0,0,0,0,0,0,0,0,0,0,0,0.0,0.0,0.0,0.0,0,0,0,0,0,0.0,0.0,0.0,0.0,39,5,12731,78,73,435,GKP,Dermot Mee,Man Utd
574,365,7,0,False,2026-05-19T19:15:00Z,,,37,False,0,0,0,0,0,0,0,0,0,0,0,0,0,0.0,0.0,0.0,0.0,0,0,0,0,0,0.0,0.0,0.0,0.0,43,140,40467,386,246,574,DEF,Destiny Udogie,Spurs
144,367,11,0,False,2026-05-17T14:00:00Z,1.0,0.0,37,False,0,0,0,0,0,0,0,0,0,0,0,0,0,0.0,0.0,0.0,0.0,0,0,0,0,0,0.0,0.0,0.0,0.0,42,-10,5648,0,10,144,DEF,Diego Coppola,Brighton
169,367,11,1,False,2026-05-17T14:00:00Z,1.0,0.0,37,False,25,0,0,0,1,0,0,0,0,0,0,0,-3,1.0,1.3,20.0,2.2,1,2,0,3,0,0.65,0.01,0.66,0.17,49,-5957,52028,646,6603,169,MID,Diego Gómez Amarilla,Brighton
439,368,16,0,True,2026-05-17T11:30:00Z,3.0,2.0,37,False,0,0,0,0,0,0,0,0,0,0,0,0,0,0.0,0.0,0.0,0.0,0,0,0,0,0,0.0,0.0,0.0,0.0,41,-3,7571,38,41,439,DEF,Diego León Blanco,Man Utd
734,368,14,1,False,2026-05-17T11:30:00Z,3.0,2.0,37,False,20,0,0,0,1,0,0,0,0,0,0,0,5,1.6,5.5,2.0,0.9,0,0,0,0,0,0.0,0.03,0.03,1.77,59,170,3525,345,175,734,MID,Dilane Bakwa,Nott'm Forest
440,368,16,1,True,2026-05-17T11:30:00Z,3.0,2.0,37,False,90,0,0,0,2,0,0,0,0,0,0,0,5,20.4,30.8,4.0,5.5,3,8,4,7,1,0.3,0.15,0.45,1.88,45,-20327,512378,7130,27457,440,DEF,Diogo Dalot Teixeira,Man Utd
739,363,4,0,False,2026-05-19T18:30:00Z,,,37,False,0,0,0,0,0,0,0,0,0,0,0,0,0,0.0,0.0,0.0,0.0,0,0,0,0,0,0.0,0.0,0.0,0.0,44,-5,2318,0,5,739,MID,Divine Mukasa,Man City
573,365,7,0,False,2026-05-19T19:15:00Z,,,37,False,0,0,0,0,0,0,0,0,0,0,0,0,0,0.0,0.0,0.0,0.0,0,0,0,0,0,0.0,0.0,0.0,0.0,41,-698,117023,490,1188,573,DEF,Djed Spence,Spurs
800,366,9,0,False,2026-05-17T14:00:00Z,1.0,3.0,37,False,0,0,0,0,0,0,0,0,0,0,0,0,0,0.0,0.0,0.0,0.0,0,0,0,0,0,0.0,0.0,0.0,0.0,49,15,139,19,4,800,MID,Djiamgone Jocelin Ta Bi,Sunderland
691,367,6,7,True,2026-05-17T14:00:00Z,1.0,0.0,37,False,90,1,0,1,0,0,0,0,1,0,0,2,33,37.0,1.9,21.0,6.0,2,1,0,3,1,0.07,0.02,0.09,3.06,58,41966,1721312,110455,68489,691,FWD,Dominic Calvert-Lewin,Leeds
94,363,13,0,True,2026-05-19T18:30:00Z,,,37,False,0,0,0,0,0,0,0,0,0,0,0,0,0,0.0,0.0,0.0,0.0,0,0,0,0,0,0.0,0.0,0.0,0.0,45,-4,3811,0,4,94,MID,Dominic Sadi,Bournemouth
596,365,7,0,False,2026-05-19T19:15:00Z,,,37,False,0,0,0,0,0,0,0,0,0,0,0,0,0,0.0,0.0,0.0,0.0,0,0,0,0,0,0.0,0.0,0.0,0.0,71,-8527,143920,47,8574,596,FWD,Dominic Solanke-Mitchell,Spurs
387,362,2,9,False,2026-05-15T19:00:00Z,4.0,2.0,37,False,90,0,2,0,4,0,0,0,0,0,0,1,37,45.2,86.8,11.0,14.3,1,1,1,3,1,0.01,0.47,0.48,1.85,70,14659,1707830,87322,72663,387,MID,Dominik Szoboszlai,Liverpool
53,362,12,0,True,2026-05-15T19:00:00Z,4.0,2.0,37,False,0,0,0,0,0,0,0,0,0,0,0,0,0,0.0,0.0,0.0,0.0,0,0,0,0,0,0.0,0.0,0.0,0.0,51,-109,50757,0,109,53,MID,Donyell Malen,Aston Villa
699,362,12,1,True,2026-05-15T19:00:00Z,4.0,2.0,37,False,1,0,0,0,1,0,0,0,0,0,0,0,3,0.2,0.5,0.0,0.1,0,0,0,0,0,0.0,0.0,0.0,0.27,49,-208,10366,123,331,699,MID,Douglas Luiz Soares de Paulo,Aston Villa
300,366,17,1,True,2026-05-17T14:00:00Z,1.0,3.0,37,False,2,0,0,0,1,0,0,0,0,0,0,0,3,0.2,0.8,0.0,0.1,0,0,0,0,0,0.0,0.0,0.0,0.19,55,13,19175,340,327,300,MID,Dwight McNeil,Everton
247,365,18,0,True,2026-05-19T19:15:00Z,,,37,False,0,0,0,0,0,0,0,0,0,0,0,0,0,0.0,0.0,0.0,0.0,0,0,0,0,0,0.0,0.0,0.0,0.0,43,195,8433,402,207,247,MID,Dário Luís Essugo,Chelsea
266,361,3,0,True,2026-05-18T19:00:00Z,,,37,False,0,0,0,0,0,0,0,0,0,0,0,0,0,0.0,0.0,0.0,0.0,0,0,0,0,0,0.0,0.0,0.0,0.0,73,14402,1166537,43833,29431,266,MID,Eberechi Eze,Arsenal
284,364,5,0,False,2026-05-17T14:00:00Z,2.0,2.0,37,False,0,0,0,0,0,0,0,0,0,0,0,0,0,0.0,0.0,0.0,0.0,0,0,0,0,0,0.0,0.0,0.0,0.0,54,-9,36572,124,133,284,FWD,Eddie Nketiah,Crystal Palace
399,363,4,0,False,2026-05-19T18:30:00Z,,,37,False,0,0,0,0,0,0,0,0,0,0,0,0,0,0.0,0.0,0.0,0.0,0,0,0,0,0,0.0,0.0,0.0,0.0,53,-82,103556,0,82,399,GKP,Ederson Santana de Moraes,Man City
616,369,15,0,False,2026-05-17T16:30:00Z,3.0,1.0,37,False,0,0,0,0,0,0,0,0,0,0,0,0,0,0.0,0.0,0.0,0.0,0,0,0,0,0,0.0,0.0,0.0,0.0,49,-5,5909,0,5,616,MID,Edson Álvarez Velázquez,West Ham
154,367,11,0,False,2026-05-17T14:00:00Z,1.0,0.0,37,False,0,0,0,0,0,0,0,0,0,0,0,0,0,0.0,0.0,0.0,0.0,0,0,0,0,0,0.0,0.0,0.0,0.0,40,0,582,0,0,154,DEF,Eiran Cashin,Brighton
561,366,9,0,False,2026-05-17T14:00:00Z,1.0,3.0,37,False,0,0,0,0,0,0,0,0,0,0,0,0,0,0.0,0.0,0.0,0.0,0,0,0,0,0,0.0,0.0,0.0,0.0,51,-182,65265,209,391,561,FWD,Eliezer Mayenda Dossou,Sunderland
705,366,17,0,True,2026-05-17T14:00:00Z,1.0,3.0,37,False,0,0,0,0,0,0,0,0,0,0,0,0,0,0.0,0.0,0.0,0.0,0,0,0,0,0,0.0,0.0,0.0,0.0,39,-50,19301,0,50,705,DEF,Elijah Campbell,Everton
102,364,8,0,True,2026-05-17T14:00:00Z,2.0,2.0,37,False,0,0,0,0,0,0,0,0,0,0,0,0,0,0.0,0.0,0.0,0.0,0,0,0,0,0,0.0,0.0,0.0,0.0,39,-144,32539,72,216,102,GKP,Ellery Balcombe,Brentford
517,368,14,12,False,2026-05-17T11:30:00Z,3.0,2.0,37,False,90,0,2,0,3,0,0,0,1,0,0,3,49,72.8,50.3,0.0,12.3,8,9,3,20,1,0.0,0.68,0.68,4.57,56,51788,967579,78091,26303,517,MID,Elliot Anderson,Nott'm Forest
433,368,16,0,True,2026-05-17T11:30:00Z,3.0,2.0,37,False,0,0,0,0,0,0,0,0,0,0,0,0,0,0.0,0.0,0.0,0.0,0,0,0,0,0,0.0,0.0,0.0,0.0,40,0,192,0,0,433,GKP,Elyh Harrison,Man Utd
603,369,15,0,False,2026-05-17T16:30:00Z,3.0,1.0,37,False,90,0,0,0,3,0,0,0,1,0,0,0,3,20.2,50.7,19.0,9.0,1,3,1,2,1,0.04,0.2,0.24,1.7,41,-200,307446,6605,6805,603,DEF,El Hadji Malick Diouf,West Ham
604,369,15,0,False,2026-05-17T16:30:00Z,3.0,1.0,37,False,0,0,0,0,0,0,0,0,0,0,0,0,0,0.0,0.0,0.0,0.0,0,0,0,0,0,0.0,0.0,0.0,0.0,44,-5,6490,0,5,604,DEF,Emerson Palmieri dos Santos,West Ham
325,370,20,2,False,2026-05-17T14:00:00Z,1.0,1.0,37,False,78,0,0,0,1,0,0,0,0,0,0,0,18,10.2,5.4,25.0,4.1,0,5,2,7,1,0.04,0.02,0.06,1.14,56,938,66660,2240,1302,325,MID,Emile Smith Rowe,Fulham
50,362,12,2,True,2026-05-15T19:00:00Z,4.0,2.0,37,False,84,0,0,0,1,0,0,0,0,0,0,0,13,6.4,25.0,6.0,3.7,4,4,1,9,1,0.02,0.21,0.23,1.16,53,-1986,49624,1336,3322,50,MID,Emiliano Buendía Stati,Aston Villa
32,362,12,2,True,2026-05-15T19:00:00Z,4.0,2.0,37,False,90,0,0,0,2,0,0,0,0,0,3,0,7,20.6,0.0,0.0,2.1,1,7,0,0,1,0.0,0.01,0.01,1.43,51,-27100,596288,3745,30845,32,GKP,Emiliano Martínez Romero,Aston Villa
479,369,19,0,True,2026-05-17T16:30:00Z,3.0,1.0,37,False,0,0,0,0,0,0,0,0,0,0,0,0,0,0.0,0.0,0.0,0.0,0,0,0,0,0,0.0,0.0,0.0,0.0,43,13,4743,20,7,479,DEF,Emil Krafth,Newcastle
631,370,10,0,True,2026-05-17T14:00:00Z,1.0,1.0,37,False,0,0,0,0,0,0,0,0,0,0,0,0,0,0.0,0.0,0.0,0.0,0,0,0,0,0,0.0,0.0,0.0,0.0,42,-29,14357,0,29,631,DEF,Emmanuel Agbadou,Wolves
392,362,2,0,False,2026-05-15T19:00:00Z,4.0,2.0,37,False,0,0,0,0,0,0,0,0,0,0,0,0,0,0.0,0.0,0.0,0.0,0,0,0,0,0,0.0,0.0,0.0,0.0,49,-20,10621,2,22,392,MID,Endo Wataru,Liverpool
98,363,13,0,True,2026-05-19T18:30:00Z,,,37,False,0,0,0,0,0,0,0,0,0,0,0,0,0,0.0,0.0,0.0,0.0,0,0,0,0,0,0.0,0.0,0.0,0.0,54,-38,6282,125,163,98,FWD,Enes Ünal,Bournemouth
203,361,1,0,False,2026-05-18T19:00:00Z,,,37,False,0,0,0,0,0,0,0,0,0,0,0,0,0,0.0,0.0,0.0,0.0,0,0,0,0,0,0.0,0.0,0.0,0.0,47,21,6268,70,49,203,MID,Enock Agyei,Burnley
652,370,10,0,True,2026-05-17T14:00:00Z,1.0,1.0,37,False,0,0,0,0,0,0,0,0,0,0,0,0,0,0.0,0.0,0.0,0.0,0,0,0,0,0,0.0,0.0,0.0,0.0,43,-577,159686,810,1387,652,MID,Enso González Medina,Wolves
56,362,12,0,True,2026-05-15T19:00:00Z,4.0,2.0,37,False,0,0,0,0,0,0,0,0,0,0,0,0,0,0.0,0.0,0.0,0.0,0,0,0,0,0,0.0,0.0,0.0,0.0,50,0,44,0,0,56,MID,Enzo Barrenechea,Aston Villa
237,365,18,0,True,2026-05-19T19:15:00Z,,,37,False,0,0,0,0,0,0,0,0,0,0,0,0,0,0.0,0.0,0.0,0.0,0,0,0,0,0,0.0,0.0,0.0,0.0,64,28411,1414556,50141,21730,237,MID,Enzo Fernández,Chelsea
547,366,9,13,False,2026-05-17T14:00:00Z,1.0,3.0,37,False,90,1,1,0,1,0,0,0,0,0,0,3,46,53.4,17.5,19.0,9.0,0,7,2,9,1,0.14,0.29,0.43,1.07,48,-5769,187982,7181,12950,547,MID,Enzo Le Fée,Sunderland
523,368,14,0,False,2026-05-17T11:30:00Z,3.0,2.0,37,False,0,0,0,0,0,0,0,0,0,0,0,0,0,0.0,0.0,0.0,0.0,0,0,0,0,0,0.0,0.0,0.0,0.0,45,17,7631,69,52,523,MID,Eric da Silva Moreira,Nott'm Forest
430,363,4,0,False,2026-05-19T18:30:00Z,,,37,False,0,0,0,0,0,0,0,0,0,0,0,0,0,0.0,0.0,0.0,0.0,0,0,0,0,0,0.0,0.0,0.0,0.0,147,22040,8439401,68148,46108,430,FWD,Erling Haaland,Man City
238,365,18,0,True,2026-05-19T19:15:00Z,,,37,False,0,0,0,0,0,0,0,0,0,0,0,0,0,0.0,0.0,0.0,0.0,0,0,0,0,0,0.0,0.0,0.0,0.0,64,-2210,217850,33,2243,238,MID,Estêvão Almeida de Oliveira Gonçalves,Chelsea
354,367,6,3,True,2026-05-17T14:00:00Z,1.0,0.0,37,False,90,0,0,1,0,0,0,0,0,0,0,0,21,12.8,3.2,2.0,1.8,3,3,1,7,1,0.0,0.02,0.02,3.06,49,5695,79424,13990,8295,354,MID,Ethan Ampadu,Leeds
25,361,3,0,True,2026-05-18T19:00:00Z,,,37,False,0,0,0,0,0,0,0,0,0,0,0,0,0,0.0,0.0,0.0,0.0,0,0,0,0,0,0.0,0.0,0.0,0.0,50,-21,14653,0,21,25,MID,Ethan Nwaneri,Arsenal
111,364,8,0,True,2026-05-17T14:00:00Z,2.0,2.0,37,False,0,0,0,0,0,0,0,0,0,0,0,0,0,0.0,0.0,0.0,0.0,0,0,0,0,0,0.0,0.0,0.0,0.0,42,-162,16214,112,274,111,DEF,Ethan Pinnock,Brentford
778,370,10,0,True,2026-05-17T14:00:00Z,1.0,1.0,37,False,0,0,0,0,0,0,0,0,0,0,0,0,0,0.0,0.0,0.0,0.0,0,0,0,0,0,0.0,0.0,0.0,0.0,45,-17,1158,40,57,778,MID,Ethan Sutherland,Wolves
468,368,16,0,True,2026-05-17T11:30:00Z,3.0,2.0,37,False,0,0,0,0,0,0,0,0,0,0,0,0,0,0.0,0.0,0.0,0.0,0,0,0,0,0,0.0,0.0,0.0,0.0,45,-9,10674,0,9,468,FWD,Ethan Wheatley,Man Utd
184,361,1,0,False,2026-05-18T19:00:00Z,,,37,False,0,0,0,0,0,0,0,0,0,0,0,0,0,0.0,0.0,0.0,0.0,0,0,0,0,0,0.0,0.0,0.0,0.0,40,-72,20180,0,72,184,GKP,Etienne Green,Burnley
677,364,5,1,False,2026-05-17T14:00:00Z,2.0,2.0,37,False,1,0,0,0,0,0,0,0,0,0,0,0,3,1.2,0.3,0.0,0.2,1,0,0,1,0,0.0,0.1,0.1,0.4,62,-59,5492,23,82,677,MID,Evann Guessand,Crystal Palace
179,367,11,0,False,2026-05-17T14:00:00Z,1.0,0.0,37,False,0,0,0,0,0,0,0,0,0,0,0,0,0,0.0,0.0,0.0,0.0,0,0,0,0,0,0.0,0.0,0.0,0.0,55,0,963,0,0,179,FWD,Evan Ferguson,Brighton
747,369,15,0,False,2026-05-17T16:30:00Z,3.0,1.0,37,False,0,0,0,0,0,0,0,0,0,0,0,0,0,0.0,0.0,0.0,0.0,0,0,0,0,0,0.0,0.0,0.0,0.0,40,-21,4884,28,49,747,DEF,Ezra Mayers,West Ham
38,362,12,1,True,2026-05-15T19:00:00Z,4.0,2.0,37,False,90,0,0,0,2,0,0,0,0,0,0,0,9,13.6,0.9,0.0,1.5,6,4,0,6,1,0.0,0.01,0.01,1.43,44,-33189,947196,1609,34798,38,DEF,Ezri Konsa Ngoyo,Aston Villa
474,369,19,0,True,2026-05-17T16:30:00Z,3.0,1.0,37,False,0,0,0,0,0,0,0,0,0,0,0,0,0,0.0,0.0,0.0,0.0,0,0,0,0,0,0.0,0.0,0.0,0.0,52,-340,146661,37,377,474,DEF,Fabian Schär,Newcastle
168,367,6,0,True,2026-05-17T14:00:00Z,1.0,0.0,37,False,0,0,0,0,0,0,0,0,0,0,0,0,0,0.0,0.0,0.0,0.0,0,0,0,0,0,0.0,0.0,0.0,0.0,46,-340,12028,47,387,168,MID,Facundo Buonanotte,Leeds
385,362,2,1,False,2026-05-15T19:00:00Z,4.0,2.0,37,False,24,0,0,0,2,0,0,0,0,0,0,0,5,2.0,0.3,33.0,3.5,0,0,0,0,0,0.09,0.0,0.09,0.99,63,12,35652,110,98,385,MID,Federico Chiesa,Liverpool
511,368,14,9,False,2026-05-17T11:30:00Z,3.0,2.0,37,False,90,1,0,0,3,0,0,0,0,0,0,0,17,60.0,3.8,33.0,9.7,8,1,2,10,1,0.49,0.0,0.49,4.57,43,161,11284,280,119,511,DEF,Felipe Rodrigues da Silva,Nott'm Forest
148,367,11,2,False,2026-05-17T14:00:00Z,1.0,0.0,37,False,90,0,0,0,1,0,0,0,0,0,0,0,13,16.2,38.6,27.0,8.2,3,1,0,3,1,0.01,0.66,0.67,0.39,44,11228,184455,21086,9858,148,DEF,Ferdi Kadıoğlu,Brighton
645,370,10,0,True,2026-05-17T14:00:00Z,1.0,1.0,37,False,0,0,0,0,0,0,0,0,0,0,0,0,0,0.0,0.0,0.0,0.0,0,0,0,0,0,0.0,0.0,0.0,0.0,51,-5,3418,0,5,645,MID,Fer López González,Wolves
221,365,18,0,True,2026-05-19T19:15:00Z,,,37,False,0,0,0,0,0,0,0,0,0,0,0,0,0,0.0,0.0,0.0,0.0,0,0,0,0,0,0.0,0.0,0.0,0.0,43,316,22605,1311,995,221,GKP,Filip Jörgensen,Chelsea
35,362,12,0,True,2026-05-15T19:00:00Z,4.0,2.0,37,False,0,0,0,0,0,0,0,0,0,0,0,0,0,0.0,0.0,0.0,0.0,0,0,0,0,0,0.0,0.0,0.0,0.0,40,-3,1040,0,3,35,GKP,Filip Marschall,Aston Villa
825,369,15,0,False,2026-05-17T16:30:00Z,3.0,1.0,37,False,0,0,0,0,0,0,0,0,0,0,0,0,0,0.0,0.0,0.0,0.0,0,0,0,0,0,0.0,0.0,0.0,0.0,40,16,536,46,30,825,GKP,Finlay Herrick,West Ham
722,361,1,0,False,2026-05-18T19:00:00Z,,,37,False,0,0,0,0,0,0,0,0,0,0,0,0,0,0.0,0.0,0.0,0.0,0,0,0,0,0,0.0,0.0,0.0,0.0,50,-36,4971,50,86,722,MID,Florentino Ibrain Morris Luís,Burnley
382,362,2,1,False,2026-05-15T19:00:00Z,4.0,2.0,37,False,24,0,0,0,2,0,0,0,0,0,0,0,1,1.6,2.1,6.0,1.0,0,1,1,2,0,0.03,0.01,0.04,0.99,83,-51282,1113504,2952,54234,382,MID,Florian Wirtz,Liverpool
97,363,13,0,True,2026-05-19T18:30:00Z,,,37,False,0,0,0,0,0,0,0,0,0,0,0,0,0,0.0,0.0,0.0,0.0,0,0,0,0,0,0.0,0.0,0.0,0.0,67,-25735,300032,4268,30003,97,FWD,Francisco Evanilson de Lima Barbosa,Bournemouth
282,364,5,0,False,2026-05-17T14:00:00Z,2.0,2.0,37,False,0,0,0,0,0,0,0,0,0,0,0,0,0,0.0,0.0,0.0,0.0,0,0,0,0,0,0.0,0.0,0.0,0.0,45,-2,1943,0,2,282,MID,Franco Umeh-Chibueze,Crystal Palace
128,364,8,0,True,2026-05-17T14:00:00Z,2.0,2.0,37,False,0,0,0,0,0,0,0,0,0,0,0,0,0,0.0,0.0,0.0,0.0,0,0,0,0,0,0.0,0.0,0.0,0.0,48,-9,5264,0,9,128,MID,Frank Onyeka,Brentford
782,363,13,0,True,2026-05-19T18:30:00Z,,,37,False,0,0,0,0,0,0,0,0,0,0,0,0,0,0.0,0.0,0.0,0.0,0,0,0,0,0,0.0,0.0,0.0,0.0,40,-3,3818,81,84,782,GKP,Fraser Forster,Bournemouth
623,369,15,0,False,2026-05-17T16:30:00Z,3.0,1.0,37,False,0,0,0,0,0,0,0,0,0,0,0,0,0,0.0,0.0,0.0,0.0,0,0,0,0,0,0.0,0.0,0.0,0.0,43,-475,67411,761,1236,623,MID,Freddie Potts,West Ham
761,367,11,0,False,2026-05-17T14:00:00Z,1.0,0.0,37,False,0,0,0,0,0,0,0,0,0,0,0,0,0,0.0,0.0,0.0,0.0,0,0,0,0,0,0.0,0.0,0.0,0.0,40,11,2680,46,35,761,DEF,Freddie Simmonds,Brighton
369,362,2,0,False,2026-05-15T19:00:00Z,4.0,2.0,37,False,0,0,0,0,0,0,0,0,0,0,0,0,0,0.0,0.0,0.0,0.0,0,0,0,0,0,0.0,0.0,0.0,0.0,39,-4725,45770,987,5712,369,GKP,Freddie Woodman,Liverpool
23,361,3,0,True,2026-05-18T19:00:00Z,,,37,False,0,0,0,0,0,0,0,0,0,0,0,0,0,0.0,0.0,0.0,0.0,0,0,0,0,0,0.0,0.0,0.0,0.0,54,-2,2444,0,2,23,MID,Fábio Ferreira Vieira,Arsenal
123,364,8,0,True,2026-05-17T14:00:00Z,2.0,2.0,37,False,0,0,0,0,0,0,0,0,0,0,0,0,0,0.0,0.0,0.0,0.0,0,0,0,0,0,0.0,0.0,0.0,0.0,46,-4,13685,24,28,123,MID,Fábio Freitas Gouveia Carvalho,Brentford
655,370,10,0,True,2026-05-17T14:00:00Z,1.0,1.0,37,False,0,0,0,0,0,0,0,0,0,0,0,0,0,0.0,0.0,0.0,0.0,0,0,0,0,0,0.0,0.0,0.0,0.0,49,-17,21265,0,17,655,FWD,Fábio Soares Silva,Wolves
5,361,3,0,True,2026-05-18T19:00:00Z,,,37,False,0,0,0,0,0,0,0,0,0,0,0,0,0,0.0,0.0,0.0,0.0,0,0,0,0,0,0.0,0.0,0.0,0.0,73,128753,6041173,140618,11865,5,DEF,Gabriel dos Santos Magalhães,Arsenal
31,361,3,0,True,2026-05-18T19:00:00Z,,,37,False,0,0,0,0,0,0,0,0,0,0,0,0,0,0.0,0.0,0.0,0.0,0,0,0,0,0,0.0,0.0,0.0,0.0,64,-421,42030,353,774,31,FWD,Gabriel Fernando de Jesus,Arsenal
347,367,6,0,True,2026-05-17T14:00:00Z,1.0,0.0,37,False,0,0,0,0,0,0,0,0,0,0,0,0,0,0.0,0.0,0.0,0.0,0,0,0,0,0,0.0,0.0,0.0,0.0,38,-16114,342664,296,16410,347,DEF,Gabriel Gudmundsson,Leeds
19,361,3,0,True,2026-05-18T19:00:00Z,,,37,False,0,0,0,0,0,0,0,0,0,0,0,0,0,0.0,0.0,0.0,0.0,0,0,0,0,0,0.0,0.0,0.0,0.0,68,-788,114140,574,1362,19,MID,Gabriel Martinelli Silva,Arsenal
223,365,18,0,True,2026-05-19T19:15:00Z,,,37,False,0,0,0,0,0,0,0,0,0,0,0,0,0,0.0,0.0,0.0,0.0,0,0,0,0,0,0.0,0.0,0.0,0.0,39,-52,13716,56,108,223,GKP,Gabriel Słonina,Chelsea
496,369,19,0,True,2026-05-17T16:30:00Z,3.0,1.0,37,False,0,0,0,0,0,0,0,0,0,0,0,0,0,0.0,0.0,0.0,0.0,0,0,0,0,0,0.0,0.0,0.0,0.0,44,-4,4187,0,4,496,MID,Garang Kuol,Newcastle
784,361,1,0,False,2026-05-18T19:00:00Z,,,37,False,0,0,0,0,0,0,0,0,0,0,0,0,0,0.0,0.0,0.0,0.0,0,0,0,0,0,0.0,0.0,0.0,0.0,45,-4,470,15,19,784,MID,George Brierley,Burnley
620,369,15,0,False,2026-05-17T16:30:00Z,3.0,1.0,37,False,0,0,0,0,0,0,0,0,0,0,0,0,0,0.0,0.0,0.0,0.0,0,0,0,0,0,0.0,0.0,0.0,0.0,45,-8,5215,0,8,620,MID,George Earthy,West Ham
754,362,12,0,True,2026-05-15T19:00:00Z,4.0,2.0,37,False,0,0,0,0,0,0,0,0,0,0,0,0,0,0.0,0.0,0.0,0.0,0,0,0,0,0,0.0,0.0,0.0,0.0,45,20,1267,43,23,754,MID,George Hemmings,Aston Villa
793,364,5,0,False,2026-05-17T14:00:00Z,2.0,2.0,37,False,0,0,0,0,0,0,0,0,0,0,0,0,0,0.0,0.0,0.0,0.0,0,0,0,0,0,0.0,0.0,0.0,0.0,40,39,2903,91,52,793,DEF,George King,Crystal Palace
158,367,11,1,False,2026-05-17T14:00:00Z,1.0,0.0,37,False,25,0,0,0,1,0,0,0,0,0,0,0,3,5.2,13.3,26.0,4.5,0,1,1,2,0,0.36,0.32,0.68,0.17,56,-1419,44905,740,2159,158,MID,Georginio Rutter,Brighton
736,363,4,0,False,2026-05-19T18:30:00Z,,,37,False,0,0,0,0,0,0,0,0,0,0,0,0,0,0.0,0.0,0.0,0.0,0,0,0,0,0,0.0,0.0,0.0,0.0,56,-7893,1213844,9550,17443,736,GKP,Gianluigi Donnarumma,Man City
367,362,2,1,False,2026-05-15T19:00:00Z,4.0,2.0,37,False,90,0,0,0,4,0,0,0,0,0,5,0,6,38.4,0.0,0.0,3.8,0,6,0,0,1,0.0,0.0,0.0,1.85,41,4197,82841,5176,979,367,GKP,Giorgi Mamardashvili,Liverpool
692,362,2,0,False,2026-05-15T19:00:00Z,4.0,2.0,37,False,0,0,0,0,0,0,0,0,0,0,0,0,0,0.0,0.0,0.0,0.0,0,0,0,0,0,0.0,0.0,0.0,0.0,49,9,1823,21,12,692,DEF,Giovanni Leoni,Liverpool
788,368,16,0,True,2026-05-17T11:30:00Z,3.0,2.0,37,False,0,0,0,0,0,0,0,0,0,0,0,0,0,0.0,0.0,0.0,0.0,0,0,0,0,0,0.0,0.0,0.0,0.0,40,-9,1889,17,26,788,DEF,Godwill Kukonki,Man Utd
647,370,10,0,True,2026-05-17T14:00:00Z,1.0,1.0,37,False,0,0,0,0,0,0,0,0,0,0,0,0,0,0.0,0.0,0.0,0.0,0,0,0,0,0,0.0,0.0,0.0,0.0,55,0,395,0,0,647,MID,Gonçalo Manuel Ganchinho Guedes,Wolves
668,366,9,2,False,2026-05-17T14:00:00Z,1.0,3.0,37,False,90,0,0,0,1,0,0,0,0,0,0,0,15,9.8,8.0,0.0,1.8,1,5,1,7,1,0.0,0.02,0.02,1.07,51,2854,425526,7229,4375,668,MID,Granit Xhaka,Sunderland
565,365,7,0,False,2026-05-19T19:15:00Z,,,37,False,0,0,0,0,0,0,0,0,0,0,0,0,0,0.0,0.0,0.0,0.0,0,0,0,0,0,0.0,0.0,0.0,0.0,47,-7442,618710,48,7490,565,GKP,Guglielmo Vicario,Spurs
618,369,15,0,False,2026-05-17T16:30:00Z,3.0,1.0,37,False,0,0,0,0,0,0,0,0,0,0,0,0,0,0.0,0.0,0.0,0.0,0,0,0,0,0,0.0,0.0,0.0,0.0,48,-11,5200,0,11,618,MID,Guido Rodríguez,West Ham
127,364,8,0,True,2026-05-17T14:00:00Z,2.0,2.0,37,False,0,0,0,0,0,0,0,0,0,0,0,0,0,0.0,0.0,0.0,0.0,0,0,0,0,0,0.0,0.0,0.0,0.0,49,-3,1627,0,3,127,MID,Gustavo Nunes Fernandes Gomes,Brentford
544,366,9,4,False,2026-05-17T14:00:00Z,1.0,3.0,37,False,13,0,1,0,0,0,0,0,0,0,0,0,17,21.2,18.5,0.0,4.0,0,1,0,1,0,0.0,0.14,0.14,0.53,53,-1487,14801,113,1600,544,MID,Habib Diarra,Sunderland
93,363,13,0,True,2026-05-19T18:30:00Z,,,37,False,0,0,0,0,0,0,0,0,0,0,0,0,0,0.0,0.0,0.0,0.0,0,0,0,0,0,0.0,0.0,0.0,0.0,45,-47,34756,0,47,93,MID,Hamed Traorè,Bournemouth
188,361,1,0,False,2026-05-18T19:00:00Z,,,37,False,0,0,0,0,0,0,0,0,0,0,0,0,0,0.0,0.0,0.0,0.0,0,0,0,0,0,0.0,0.0,0.0,0.0,38,-204,24750,0,204,188,DEF,Hannes Delcroix,Burnley
207,361,1,0,False,2026-05-18T19:00:00Z,,,37,False,0,0,0,0,0,0,0,0,0,0,0,0,0,0.0,0.0,0.0,0.0,0,0,0,0,0,0.0,0.0,0.0,0.0,47,-85,16795,240,325,207,MID,Hannibal Mejbri,Burnley
305,366,17,0,True,2026-05-17T14:00:00Z,1.0,3.0,37,False,0,0,0,0,0,0,0,0,0,0,0,0,0,0.0,0.0,0.0,0.0,0,0,0,0,0,0.0,0.0,0.0,0.0,45,63,10837,283,220,305,MID,Harrison Armstrong,Everton
482,369,19,0,True,2026-05-17T16:30:00Z,3.0,1.0,37,False,0,0,0,0,0,0,0,0,0,0,0,0,0,0.0,0.0,0.0,0.0,0,0,0,0,0,0.0,0.0,0.0,0.0,39,-35,13978,0,35,482,DEF,Harrison Ashby,Newcastle
557,366,9,0,False,2026-05-17T14:00:00Z,1.0,3.0,37,False,0,0,0,0,0,0,0,0,0,0,0,0,0,0.0,0.0,0.0,0.0,0,0,0,0,0,0.0,0.0,0.0,0.0,43,93,9119,202,109,557,MID,Harrison Jones,Sunderland
336,370,20,0,False,2026-05-17T14:00:00Z,1.0,1.0,37,False,0,0,0,0,0,0,0,0,0,0,0,0,0,0.0,0.0,0.0,0.0,0,0,0,0,0,0.0,0.0,0.0,0.0,43,-170,41834,795,965,336,MID,Harrison Reed,Fulham
445,368,16,0,True,2026-05-17T11:30:00Z,3.0,2.0,37,False,0,0,0,0,0,0,0,0,0,0,0,0,0,0.0,0.0,0.0,0.0,0,0,0,0,0,0.0,0.0,0.0,0.0,40,-11,8582,0,11,445,DEF,Harry Amass,Man Utd
741,367,6,0,True,2026-05-17T14:00:00Z,1.0,0.0,37,False,0,0,0,0,0,0,0,0,0,0,0,0,0,0.0,0.0,0.0,0.0,0,0,0,0,0,0.0,0.0,0.0,0.0,45,-59,10141,0,59,741,FWD,Harry Gray,Leeds
795,367,11,0,False,2026-05-17T14:00:00Z,1.0,0.0,37,False,0,0,0,0,0,0,0,0,0,0,0,0,0,0.0,0.0,0.0,0.0,0,0,0,0,0,0.0,0.0,0.0,0.0,45,14,871,44,30,795,MID,Harry Howell,Brighton
442,368,16,3,True,2026-05-17T11:30:00Z,3.0,2.0,37,False,90,0,0,0,2,0,0,0,0,0,0,0,14,27.0,0.8,5.0,3.3,12,7,2,14,1,0.05,0.01,0.06,1.88,44,36467,217081,39125,2658,442,DEF,Harry Maguire,Man Utd
289,366,17,0,True,2026-05-17T14:00:00Z,1.0,3.0,37,False,0,0,0,0,0,0,0,0,0,0,0,0,0,0.0,0.0,0.0,0.0,0,0,0,0,0,0.0,0.0,0.0,0.0,39,-67,11273,0,67,289,GKP,Harry Tyrer,Everton
329,370,20,1,False,2026-05-17T14:00:00Z,1.0,1.0,37,False,11,0,0,0,0,0,0,0,0,0,0,0,4,1.4,1.6,8.0,1.1,0,0,0,0,0,0.04,0.0,0.04,0.25,59,52821,2507728,140751,87930,329,MID,Harry Wilson,Fulham
487,369,19,5,True,2026-05-17T16:30:00Z,3.0,1.0,37,False,74,0,1,0,1,0,0,0,0,0,0,0,23,23.4,23.3,24.0,7.1,0,2,0,2,1,0.11,0.25,0.36,0.55,61,18654,154995,21207,2553,487,MID,Harvey Barnes,Newcastle
389,362,12,0,True,2026-05-15T19:00:00Z,4.0,2.0,37,False,0,0,0,0,0,0,0,0,0,0,0,0,0,0.0,0.0,0.0,0.0,0,0,0,0,0,0.0,0.0,0.0,0.0,51,-168,21579,22,190,389,MID,Harvey Elliott,Aston Villa
190,361,1,0,False,2026-05-18T19:00:00Z,,,37,False,0,0,0,0,0,0,0,0,0,0,0,0,0,0.0,0.0,0.0,0.0,0,0,0,0,0,0.0,0.0,0.0,0.0,38,-270,91848,1063,1333,190,DEF,Hjalmar Ekdal,Burnley
633,370,10,1,True,2026-05-17T14:00:00Z,1.0,1.0,37,False,5,0,0,0,0,0,0,0,0,0,0,0,5,4.2,14.0,0.0,1.8,0,0,0,0,0,0.0,0.03,0.03,0.12,43,-1859,22234,296,2155,633,DEF,Hugo Bueno López,Wolves
661,362,2,0,False,2026-05-15T19:00:00Z,4.0,2.0,37,False,0,0,0,0,0,0,0,0,0,0,0,0,0,0.0,0.0,0.0,0.0,0,0,0,0,0,0.0,0.0,0.0,0.0,90,-42057,2086389,117,42174,661,FWD,Hugo Ekitiké,Liverpool
642,370,10,5,True,2026-05-17T14:00:00Z,1.0,1.0,37,False,78,0,1,0,1,0,0,0,0,0,0,0,22,23.6,35.1,5.0,6.4,4,5,0,9,1,0.05,0.3,0.35,1.39,56,-31,13985,263,294,642,MID,Hwang Hee-chan,Wolves
105,364,8,0,True,2026-05-17T14:00:00Z,2.0,2.0,37,False,0,0,0,0,0,0,0,0,0,0,0,0,0,0.0,0.0,0.0,0.0,0,0,0,0,0,0.0,0.0,0.0,0.0,38,7756,119563,10330,2574,105,GKP,Hákon Rafn Valdimarsson,Brentford
39,362,12,1,True,2026-05-15T19:00:00Z,4.0,2.0,37,False,5,0,0,0,1,0,0,0,0,0,0,0,-1,1.0,0.0,0.0,0.1,0,0,0,0,0,0.0,0.0,0.0,0.27,42,-1459,72159,268,1727,39,DEF,Ian Maatsen,Aston Villa
550,366,9,0,False,2026-05-17T14:00:00Z,1.0,3.0,37,False,0,0,0,0,0,0,0,0,0,0,0,0,0,0.0,0.0,0.0,0.0,0,0,0,0,0,0.0,0.0,0.0,0.0,47,19,3388,34,15,550,MID,Ian Poveda-Ocampo,Sunderland
374,362,2,0,False,2026-05-15T19:00:00Z,4.0,2.0,37,False,90,0,0,0,4,0,0,0,0,0,0,0,0,14.8,1.4,2.0,1.8,5,5,0,5,1,0.0,0.02,0.02,1.85,54,-14089,494952,4070,18159,374,DEF,Ibrahima Konaté,Liverpool
521,368,14,1,False,2026-05-17T11:30:00Z,3.0,2.0,37,False,20,0,0,0,1,0,0,0,0,0,0,0,8,7.2,1.3,0.0,0.9,2,4,1,7,0,0.0,0.01,0.01,1.77,49,-287,8231,9,296,521,MID,Ibrahim Sangaré,Nott'm Forest
302,366,17,0,True,2026-05-17T14:00:00Z,1.0,3.0,37,False,0,0,0,0,0,0,0,0,0,0,0,0,0,0.0,0.0,0.0,0.0,0,0,0,0,0,0.0,0.0,0.0,0.0,54,-860,13913,10,870,302,MID,Idrissa Gana Gueye,Everton
526,368,14,2,False,2026-05-17T11:30:00Z,3.0,2.0,37,False,83,0,0,0,3,0,0,0,0,0,0,0,7,8.0,5.7,7.0,2.1,2,2,1,5,1,0.02,0.01,0.03,3.74,59,-4285,314648,23997,28282,526,FWD,Igor Jesus Maciel da Cruz,Nott'm Forest
149,367,11,0,False,2026-05-17T14:00:00Z,1.0,0.0,37,False,0,0,0,0,0,0,0,0,0,0,0,0,0,0.0,0.0,0.0,0.0,0,0,0,0,0,0.0,0.0,0.0,0.0,45,-26,11012,132,158,149,DEF,Igor Julio dos Santos de Paulo,Brighton
136,364,8,2,True,2026-05-17T14:00:00Z,2.0,2.0,37,False,90,0,0,0,2,0,0,0,0,0,0,0,-1,10.0,11.8,14.0,3.6,5,2,0,7,1,0.11,0.05,0.16,1.67,73,54582,4252311,146271,91689,136,FWD,Igor Thiago Nascimento Rodrigues,Brentford
356,367,6,0,True,2026-05-17T14:00:00Z,1.0,0.0,37,False,0,0,0,0,0,0,0,0,0,0,0,0,0,0.0,0.0,0.0,0.0,0,0,0,0,0,0.0,0.0,0.0,0.0,47,-488,10256,33,521,356,MID,Ilia Gruev,Leeds
299,366,17,2,True,2026-05-17T14:00:00Z,1.0,3.0,37,False,90,0,0,0,3,0,0,0,0,0,0,0,3,4.0,6.8,7.0,1.8,2,2,0,4,1,0.06,0.03,0.09,0.73,62,45075,623950,55370,10295,299,MID,Iliman Ndiaye,Everton
339,367,6,0,True,2026-05-17T14:00:00Z,1.0,0.0,37,False,0,0,0,0,0,0,0,0,0,0,0,0,0,0.0,0.0,0.0,0.0,0,0,0,0,0,0.0,0.0,0.0,0.0,41,-70,43312,181,251,339,GKP,Illan Meslier,Leeds
71,363,13,0,True,2026-05-19T18:30:00Z,,,37,False,0,0,0,0,0,0,0,0,0,0,0,0,0,0.0,0.0,0.0,0.0,0,0,0,0,0,0.0,0.0,0.0,0.0,50,-3,2911,0,3,71,DEF,Illia Zabarnyi,Bournemouth
495,369,19,0,True,2026-05-17T16:30:00Z,3.0,1.0,37,False,0,0,0,0,0,0,0,0,0,0,0,0,0,0.0,0.0,0.0,0.0,0,0,0,0,0,0.0,0.0,0.0,0.0,45,0,759,0,0,495,MID,Isaac Hayden,Newcastle
308,366,17,0,True,2026-05-17T14:00:00Z,1.0,3.0,37,False,0,0,0,0,0,0,0,0,0,0,0,0,0,0.0,0.0,0.0,0.0,0,0,0,0,0,0.0,0.0,0.0,0.0,45,-1,2009,0,1,308,MID,Isaac Heath,Everton
349,367,6,0,True,2026-05-17T14:00:00Z,1.0,0.0,37,False,0,0,0,0,0,0,0,0,0,0,0,0,0,0.0,0.0,0.0,0.0,0,0,0,0,0,0.0,0.0,0.0,0.0,40,-17,7865,0,17,349,DEF,Isaac Schmidt,Leeds
267,364,5,7,False,2026-05-17T14:00:00Z,2.0,2.0,37,False,90,1,0,0,2,0,0,0,0,0,0,0,19,39.4,11.7,29.0,8.0,2,3,0,5,1,0.94,0.09,1.03,1.66,64,-89984,818837,13561,103545,267,MID,Ismaïla Sarr,Crystal Palace
28,361,3,0,True,2026-05-18T19:00:00Z,,,37,False,0,0,0,0,0,0,0,0,0,0,0,0,0,0.0,0.0,0.0,0.0,0,0,0,0,0,0.0,0.0,0.0,0.0,45,-13,12382,0,13,28,MID,Ismeal Kabia,Arsenal
320,370,20,2,False,2026-05-17T14:00:00Z,1.0,1.0,37,False,90,0,0,0,1,0,0,0,0,0,0,0,9,18.2,0.8,0.0,1.9,7,3,0,7,1,0.0,0.01,0.01,1.4,43,323,10262,426,103,320,DEF,Issa Diop,Fulham
137,364,8,0,True,2026-05-17T14:00:00Z,2.0,2.0,37,False,0,0,0,0,0,0,0,0,0,0,0,0,0,0.0,0.0,0.0,0.0,0,0,0,0,0,0.0,0.0,0.0,0.0,44,-100,37188,0,100,137,FWD,Iwan Morgan,Brentford
695,370,10,0,True,2026-05-17T14:00:00Z,1.0,1.0,37,False,0,0,0,0,0,0,0,0,0,0,0,0,0,0.0,0.0,0.0,0.0,0,0,0,0,0,0.0,0.0,0.0,0.0,44,-107,4210,13,120,695,DEF,Jackson Tchatchoua,Wolves
462,368,16,0,True,2026-05-17T11:30:00Z,3.0,2.0,37,False,0,0,0,0,0,0,0,0,0,0,0,0,0,0.0,0.0,0.0,0.0,0,0,0,0,0,0.0,0.0,0.0,0.0,43,-27,9889,110,137,462,MID,Jack Fletcher,Man Utd
419,366,17,0,True,2026-05-17T14:00:00Z,1.0,3.0,37,False,0,0,0,0,0,0,0,0,0,0,0,0,0,0.0,0.0,0.0,0.0,0,0,0,0,0,0.0,0.0,0.0,0.0,63,-1763,733847,32,1795,419,MID,Jack Grealish,Everton
352,367,6,0,True,2026-05-17T14:00:00Z,1.0,0.0,37,False,0,0,0,0,0,0,0,0,0,0,0,0,0,0.0,0.0,0.0,0.0,0,0,0,0,0,0.0,0.0,0.0,0.0,51,-7,5867,0,7,352,MID,Jack Harrison,Leeds
163,367,11,3,False,2026-05-17T14:00:00Z,1.0,0.0,37,False,81,0,0,1,0,0,0,0,0,0,0,0,11,7.8,25.7,31.0,6.5,2,2,1,5,1,0.3,0.34,0.64,0.32,52,68187,201038,73095,4908,163,MID,Jack Hinshelwood,Brighton
464,368,16,0,True,2026-05-17T11:30:00Z,3.0,2.0,37,False,0,0,0,0,0,0,0,0,0,0,0,0,0,0.0,0.0,0.0,0.0,0,0,0,0,0,0.0,0.0,0.0,0.0,45,-3,2156,0,3,464,MID,Jack Moorhouse,Man Utd
821,366,9,0,False,2026-05-17T14:00:00Z,1.0,3.0,37,False,0,0,0,0,0,0,0,0,0,0,0,0,0,0.0,0.0,0.0,0.0,0,0,0,0,0,0.0,0.0,0.0,0.0,45,39,307,54,15,821,MID,Jack Whittaker,Sunderland
202,361,1,0,False,2026-05-18T19:00:00Z,,,37,False,0,0,0,0,0,0,0,0,0,0,0,0,0,0.0,0.0,0.0,0.0,0,0,0,0,0,0.0,0.0,0.0,0.0,52,1,4812,50,49,202,MID,Jacob Bruun Larsen,Burnley
489,369,19,1,True,2026-05-17T16:30:00Z,3.0,1.0,37,False,15,0,0,0,0,0,0,0,0,0,0,0,9,18.2,14.3,13.0,4.6,3,1,1,5,0,0.02,0.03,0.05,0.33,59,1201,84547,1958,757,489,MID,Jacob Murphy,Newcastle
52,369,19,9,True,2026-05-17T16:30:00Z,3.0,1.0,37,False,90,0,1,0,1,0,0,0,0,0,0,2,35,32.0,29.3,10.0,7.1,0,7,5,12,1,0.0,0.19,0.19,0.88,53,24,30521,349,325,52,MID,Jacob Ramsey,Newcastle
155,367,11,0,False,2026-05-17T14:00:00Z,1.0,0.0,37,False,0,0,0,0,0,0,0,0,0,0,0,0,0,0.0,0.0,0.0,0.0,0,0,0,0,0,0.0,0.0,0.0,0.0,40,-11,11162,0,11,155,DEF,Jacob Slater,Brighton
456,362,12,1,True,2026-05-15T19:00:00Z,4.0,2.0,37,False,1,0,0,0,1,0,0,0,0,0,0,0,4,1.0,1.8,0.0,0.3,0,0,0,0,0,0.0,0.02,0.02,0.27,58,-133,28507,246,379,456,MID,Jadon Sancho,Aston Villa
200,361,1,0,False,2026-05-18T19:00:00Z,,,37,False,0,0,0,0,0,0,0,0,0,0,0,0,0,0.0,0.0,0.0,0.0,0,0,0,0,0,0.0,0.0,0.0,0.0,50,2133,240392,6107,3974,200,MID,Jaidon Anthony,Burnley
510,368,14,1,False,2026-05-17T11:30:00Z,3.0,2.0,37,False,6,0,0,0,0,0,0,0,0,0,0,0,5,7.2,10.3,2.0,2.0,2,0,1,3,0,0.0,0.05,0.05,0.83,42,106,8116,147,41,510,DEF,Jair Paula da Cunha Filho,Nott'm Forest
344,367,6,8,True,2026-05-17T14:00:00Z,1.0,0.0,37,False,90,0,0,1,0,0,0,0,0,0,0,0,24,31.6,0.8,4.0,3.6,14,0,0,14,1,0.0,0.0,0.0,3.06,39,9169,149138,12868,3699,344,DEF,Jaka Bijol,Leeds
293,366,17,0,True,2026-05-17T14:00:00Z,1.0,3.0,37,False,87,0,0,0,2,0,0,0,1,0,0,0,-7,0.0,1.5,37.0,3.8,2,4,1,3,1,0.56,0.01,0.57,0.54,49,8516,97520,10390,1874,293,DEF,Jake O'Brien,Everton
9,361,3,0,True,2026-05-18T19:00:00Z,,,37,False,0,0,0,0,0,0,0,0,0,0,0,0,0,0.0,0.0,0.0,0.0,0,0,0,0,0,0.0,0.0,0.0,0.0,54,-3,6110,0,3,9,DEF,Jakub Kiwior,Arsenal
480,369,19,0,True,2026-05-17T16:30:00Z,3.0,1.0,37,False,0,0,0,0,0,0,0,0,0,0,0,0,0,0.0,0.0,0.0,0.0,0,0,0,0,0,0.0,0.0,0.0,0.0,43,-11,6087,0,11,480,DEF,Jamaal Lascelles,Newcastle
62,362,12,0,True,2026-05-15T19:00:00Z,4.0,2.0,37,False,0,0,0,0,0,0,0,0,0,0,0,0,0,0.0,0.0,0.0,0.0,0,0,0,0,0,0.0,0.0,0.0,0.0,45,-17,7312,0,17,62,MID,Jamaldeen Jimoh-Aloba,Aston Villa
303,366,17,1,True,2026-05-17T14:00:00Z,1.0,3.0,37,False,90,0,0,0,3,0,0,0,1,0,0,0,14,14.4,10.6,7.0,3.2,5,2,1,8,1,0.02,0.25,0.27,0.73,52,5765,506383,27551,21786,303,MID,James Garner,Everton
77,363,13,0,True,2026-05-19T18:30:00Z,,,37,False,0,0,0,0,0,0,0,0,0,0,0,0,0,0.0,0.0,0.0,0.0,0,0,0,0,0,0.0,0.0,0.0,0.0,42,-29524,949894,10983,40507,77,DEF,James Hill,Bournemouth
706,367,6,6,True,2026-05-17T14:00:00Z,1.0,0.0,37,False,90,0,0,1,0,0,0,0,0,0,0,0,23,10.8,1.3,8.0,2.0,4,2,2,6,1,0.06,0.02,0.08,3.06,40,19096,293454,27078,7982,706,DEF,James Justin,Leeds
581,365,7,0,False,2026-05-19T19:15:00Z,,,37,False,0,0,0,0,0,0,0,0,0,0,0,0,0,0.0,0.0,0.0,0.0,0,0,0,0,0,0.0,0.0,0.0,0.0,68,2512,20819,3012,500,581,MID,James Maddison,Spurs
426,368,14,1,False,2026-05-17T11:30:00Z,3.0,2.0,37,False,6,0,0,0,0,0,0,0,0,0,0,0,5,6.6,11.3,2.0,2.0,0,2,2,4,0,0.0,0.08,0.08,0.83,50,49,11872,128,79,426,MID,James McAtee,Nott'm Forest
394,362,2,0,False,2026-05-15T19:00:00Z,4.0,2.0,37,False,0,0,0,0,0,0,0,0,0,0,0,0,0,0.0,0.0,0.0,0.0,0,0,0,0,0,0.0,0.0,0.0,0.0,44,0,2577,0,0,394,MID,James McConnell,Liverpool
170,367,11,0,False,2026-05-17T14:00:00Z,1.0,0.0,37,False,0,0,0,0,0,0,0,0,0,0,0,0,0,0.0,0.0,0.0,0.0,0,0,0,0,0,0.0,0.0,0.0,0.0,49,45,13593,107,62,170,MID,James Milner,Brighton
750,365,7,0,False,2026-05-19T19:15:00Z,,,37,False,0,0,0,0,0,0,0,0,0,0,0,0,0,0.0,0.0,0.0,0.0,0,0,0,0,0,0.0,0.0,0.0,0.0,40,-21,4454,17,38,750,DEF,James Rowswell,Spurs
291,366,17,3,True,2026-05-17T14:00:00Z,1.0,3.0,37,False,90,0,0,0,3,0,0,0,0,0,0,0,6,24.8,11.9,35.0,7.2,7,3,4,11,1,0.09,0.02,0.11,0.73,57,190536,1674559,202221,11685,291,DEF,James Tarkowski,Everton
182,363,4,0,False,2026-05-19T18:30:00Z,,,37,False,0,0,0,0,0,0,0,0,0,0,0,0,0,0.0,0.0,0.0,0.0,0,0,0,0,0,0.0,0.0,0.0,0.0,45,-142,119049,98,240,182,GKP,James Trafford,Man City
614,361,1,0,False,2026-05-18T19:00:00Z,,,37,False,0,0,0,0,0,0,0,0,0,0,0,0,0,0.0,0.0,0.0,0.0,0,0,0,0,0,0.0,0.0,0.0,0.0,56,-230,25081,280,510,614,MID,James Ward-Prowse,Burnley
818,365,7,0,False,2026-05-19T19:15:00Z,,,37,False,0,0,0,0,0,0,0,0,0,0,0,0,0,0.0,0.0,0.0,0.0,0,0,0,0,0,0.0,0.0,0.0,0.0,45,144,5111,411,267,818,FWD,James Wilson,Spurs
688,362,12,0,True,2026-05-15T19:00:00Z,4.0,2.0,37,False,0,0,0,0,0,0,0,0,0,0,0,0,0,0.0,0.0,0.0,0.0,0,0,0,0,0,0.0,0.0,0.0,0.0,39,-196,75826,100,296,688,GKP,James Wright,Aston Villa
239,365,18,0,True,2026-05-19T19:15:00Z,,,37,False,0,0,0,0,0,0,0,0,0,0,0,0,0,0.0,0.0,0.0,0.0,0,0,0,0,0,0.0,0.0,0.0,0.0,60,-8,12944,11,19,239,MID,Jamie Bynoe-Gittens,Chelsea
151,367,11,2,False,2026-05-17T14:00:00Z,1.0,0.0,37,False,90,0,0,0,1,0,0,0,0,0,0,0,6,18.0,14.3,13.0,4.5,9,0,0,9,1,0.94,0.07,1.01,0.39,47,28094,1447272,66449,38355,151,DEF,Jan Paul van Hecke,Brighton
290,366,17,0,True,2026-05-17T14:00:00Z,1.0,3.0,37,False,0,0,0,0,0,0,0,0,0,0,0,0,0,0.0,0.0,0.0,0.0,0,0,0,0,0,0.0,0.0,0.0,0.0,53,-1968,38223,57,2025,290,DEF,Jarrad Branthwaite,Everton
624,369,15,2,False,2026-05-17T16:30:00Z,3.0,1.0,37,False,90,0,0,0,3,0,0,0,0,0,0,0,7,10.8,5.3,11.0,2.7,1,6,2,9,1,0.13,0.03,0.16,1.7,77,-40357,1630106,70316,110673,624,FWD,Jarrod Bowen,West Ham
138,367,11,0,False,2026-05-17T14:00:00Z,1.0,0.0,37,False,0,0,0,0,0,0,0,0,0,0,0,0,0,0.0,0.0,0.0,0.0,0,0,0,0,0,0.0,0.0,0.0,0.0,42,-38,31851,205,243,138,GKP,Jason Steele,Brighton
461,368,16,0,True,2026-05-17T11:30:00Z,3.0,2.0,37,False,0,0,0,0,0,0,0,0,0,0,0,0,0,0.0,0.0,0.0,0.0,0,0,0,0,0,0.0,0.0,0.0,0.0,43,42,5892,81,39,461,MID,Jayce Fitzgerald,Man Utd
723,364,5,3,False,2026-05-17T14:00:00Z,2.0,2.0,37,False,90,0,0,0,2,0,0,0,0,0,0,0,9,18.2,1.1,0.0,1.9,10,4,2,12,1,0.0,0.0,0.0,2.05,45,-8837,70408,586,9423,723,DEF,Jaydee Canvot,Crystal Palace
342,367,6,0,True,2026-05-17T14:00:00Z,1.0,0.0,37,False,0,0,0,0,0,0,0,0,0,0,0,0,0,0.0,0.0,0.0,0.0,0,0,0,0,0,0.0,0.0,0.0,0.0,44,-14585,70984,508,15093,342,DEF,Jayden Bogle,Leeds
398,362,2,0,False,2026-05-15T19:00:00Z,4.0,2.0,37,False,0,0,0,0,0,0,0,0,0,0,0,0,0,0.0,0.0,0.0,0.0,0,0,0,0,0,0.0,0.0,0.0,0.0,43,-2,13304,69,71,398,FWD,Jayden Danns,Liverpool
837,367,6,0,True,2026-05-17T14:00:00Z,1.0,0.0,37,False,0,0,0,0,0,0,0,0,0,0,0,0,0,0.0,0.0,0.0,0.0,0,0,0,0,0,0.0,0.0,0.0,0.0,40,54,99,55,1,837,DEF,Jayden Lienou,Leeds
118,364,8,0,True,2026-05-17T14:00:00Z,2.0,2.0,37,False,0,0,0,0,0,0,0,0,0,0,0,0,0,0.0,0.0,0.0,0.0,0,0,0,0,0,0.0,0.0,0.0,0.0,40,-12,5204,0,12,118,DEF,Jayden Meghoma,Brentford
213,361,1,0,False,2026-05-18T19:00:00Z,,,37,False,0,0,0,0,0,0,0,0,0,0,0,0,0,0.0,0.0,0.0,0.0,0,0,0,0,0,0.0,0.0,0.0,0.0,45,-19,4672,0,19,213,MID,Jaydon Banel,Burnley
822,366,9,0,False,2026-05-17T14:00:00Z,1.0,3.0,37,False,0,0,0,0,0,0,0,0,0,0,0,0,0,0.0,0.0,0.0,0.0,0,0,0,0,0,0.0,0.0,0.0,0.0,45,29,371,48,19,822,MID,Jaydon Jones,Sunderland
558,366,9,0,False,2026-05-17T14:00:00Z,1.0,3.0,37,False,0,0,0,0,0,0,0,0,0,0,0,0,0,0.0,0.0,0.0,0.0,0,0,0,0,0,0.0,0.0,0.0,0.0,43,-83,20328,0,83,558,MID,Jay Matete,Sunderland
609,369,15,0,False,2026-05-17T16:30:00Z,3.0,1.0,37,False,25,0,0,0,2,0,0,0,0,0,0,0,-4,1.8,0.3,0.0,0.2,2,1,0,2,1,0.0,0.0,0.0,0.78,43,60,12848,147,87,609,DEF,Jean-Clair Todibo,West Ham
283,364,5,1,False,2026-05-17T14:00:00Z,2.0,2.0,37,False,29,0,0,0,1,0,0,0,0,0,0,0,3,2.0,4.1,2.0,0.8,0,0,0,0,0,0.0,0.01,0.01,1.42,76,-65888,1140809,12452,78340,283,FWD,Jean-Philippe Mateta,Crystal Palace
644,370,10,1,True,2026-05-17T14:00:00Z,1.0,1.0,37,False,11,0,0,0,0,0,0,0,0,0,0,0,2,0.0,3.5,0.0,0.3,0,3,0,3,0,0.0,0.01,0.01,0.14,51,-117,5889,57,174,644,MID,Jean-Ricner Bellegarde,Wolves
272,364,5,0,False,2026-05-17T14:00:00Z,2.0,2.0,37,False,16,0,0,0,1,0,0,0,1,0,0,0,2,9.4,0.0,0.0,0.9,4,2,0,6,0,0.0,0.0,0.0,1.42,49,-1235,13222,180,1415,272,MID,Jefferson Lerma Solís,Crystal Palace
774,366,9,0,False,2026-05-17T14:00:00Z,1.0,3.0,37,False,0,0,0,0,0,0,0,0,0,0,0,0,0,0.0,0.0,0.0,0.0,0,0,0,0,0,0.0,0.0,0.0,0.0,40,46,3142,119,73,774,DEF,Jenson Jones,Sunderland
309,366,17,0,True,2026-05-17T14:00:00Z,1.0,3.0,37,False,0,0,0,0,0,0,0,0,0,0,0,0,0,0.0,0.0,0.0,0.0,0,0,0,0,0,0.0,0.0,0.0,0.0,45,0,85,0,0,309,MID,Jenson Metcalfe,Everton
542,366,9,0,False,2026-05-17T14:00:00Z,1.0,3.0,37,False,0,0,0,0,0,0,0,0,0,0,0,0,0,0.0,0.0,0.0,0.0,0,0,0,0,0,0.0,0.0,0.0,0.0,40,-26,10775,0,26,542,DEF,Jenson Seelt,Sunderland
370,362,2,0,False,2026-05-15T19:00:00Z,4.0,2.0,37,False,0,0,0,0,0,0,0,0,0,0,0,0,0,0.0,0.0,0.0,0.0,0,0,0,0,0,0.0,0.0,0.0,0.0,57,-4107,653214,3100,7207,370,DEF,Jeremie Frimpong,Liverpool
171,367,11,0,False,2026-05-17T14:00:00Z,1.0,0.0,37,False,0,0,0,0,0,0,0,0,0,0,0,0,0,0.0,0.0,0.0,0.0,0,0,0,0,0,0.0,0.0,0.0,0.0,49,0,1923,0,0,171,MID,Jeremy Sarmiento Morante,Brighton
809,370,10,0,True,2026-05-17T14:00:00Z,1.0,1.0,37,False,0,0,0,0,0,0,0,0,0,0,0,0,0,0.0,0.0,0.0,0.0,0,0,0,0,0,0.0,0.0,0.0,0.0,45,33,1748,194,161,809,MID,Jerome Abbey,Wolves
829,365,18,0,True,2026-05-19T19:15:00Z,,,37,False,0,0,0,0,0,0,0,0,0,0,0,0,0,0.0,0.0,0.0,0.0,0,0,0,0,0,0.0,0.0,0.0,0.0,45,-7,96,11,18,829,MID,Jesse Derry,Chelsea
278,364,5,0,False,2026-05-17T14:00:00Z,2.0,2.0,37,False,0,0,0,0,0,0,0,0,0,0,0,0,0,0.0,0.0,0.0,0.0,0,0,0,0,0,0.0,0.0,0.0,0.0,44,-7,3623,0,7,278,MID,Jesurun Rak-Sakyi,Crystal Palace
663,370,10,0,True,2026-05-17T14:00:00Z,1.0,1.0,37,False,0,0,0,0,0,0,0,0,0,0,0,0,0,0.0,0.0,0.0,0.0,0,0,0,0,0,0.0,0.0,0.0,0.0,49,-33,16456,0,33,663,MID,Jhon Arias,Wolves
836,368,14,0,False,2026-05-17T11:30:00Z,3.0,2.0,37,False,0,0,0,0,0,0,0,0,0,0,0,0,0,0.0,0.0,0.0,0.0,0,0,0,0,0,0.0,0.0,0.0,0.0,45,22,39,26,4,836,MID,Jimmy Sinclair,Nott'm Forest
827,368,16,0,True,2026-05-17T11:30:00Z,3.0,2.0,37,False,0,0,0,0,0,0,0,0,0,0,0,0,0,0.0,0.0,0.0,0.0,0,0,0,0,0,0.0,0.0,0.0,0.0,45,14,115,21,7,827,MID,Jim Thwaites,Man Utd
317,370,20,0,False,2026-05-17T14:00:00Z,1.0,1.0,37,False,0,0,0,0,0,0,0,0,0,0,0,0,0,0.0,0.0,0.0,0.0,0,0,0,0,0,0.0,0.0,0.0,0.0,45,-110166,434257,2408,112574,317,DEF,Joachim Andersen,Fulham
490,369,19,0,True,2026-05-17T16:30:00Z,3.0,1.0,37,False,0,0,0,0,0,0,0,0,0,0,0,0,0,0.0,0.0,0.0,0.0,0,0,0,0,0,0.0,0.0,0.0,0.0,59,7,37406,454,447,490,MID,Joelinton Cássio Apolinário de Lira,Newcastle
534,366,9,0,False,2026-05-17T14:00:00Z,1.0,3.0,37,False,0,0,0,0,0,0,0,0,0,0,0,0,0,0.0,0.0,0.0,0.0,0,0,0,0,0,0.0,0.0,0.0,0.0,38,-226,38169,0,226,534,DEF,Joe Anderson,Sunderland
34,362,12,0,True,2026-05-15T19:00:00Z,4.0,2.0,37,False,0,0,0,0,0,0,0,0,0,0,0,0,0,0.0,0.0,0.0,0.0,0,0,0,0,0,0.0,0.0,0.0,0.0,40,-47,11219,0,47,34,GKP,Joe Gauci,Aston Villa
360,367,6,0,True,2026-05-17T14:00:00Z,1.0,0.0,37,False,0,0,0,0,0,0,0,0,0,0,0,0,0,0.0,0.0,0.0,0.0,0,0,0,0,0,0.0,0.0,0.0,0.0,45,-1,953,0,1,360,MID,Joe Gelhardt,Leeds
376,362,2,0,False,2026-05-15T19:00:00Z,4.0,2.0,37,False,65,0,0,0,2,0,0,0,1,0,0,0,-4,2.2,6.1,5.0,1.3,2,2,0,2,1,0.05,0.02,0.07,0.85,49,7,19498,116,109,376,DEF,Joe Gomez,Liverpool
653,370,10,0,True,2026-05-17T14:00:00Z,1.0,1.0,37,False,0,0,0,0,0,0,0,0,0,0,0,0,0,0.0,0.0,0.0,0.0,0,0,0,0,0,0.0,0.0,0.0,0.0,45,-5,3205,0,5,653,MID,Joe Hodge,Wolves
175,367,11,0,False,2026-05-17T14:00:00Z,1.0,0.0,37,False,0,0,0,0,0,0,0,0,0,0,0,0,0,0.0,0.0,0.0,0.0,0,0,0,0,0,0.0,0.0,0.0,0.0,44,-39,8550,0,39,175,MID,Joe Knight,Brighton
348,367,6,6,True,2026-05-17T14:00:00Z,1.0,0.0,37,False,90,0,0,1,0,0,0,0,0,0,0,0,22,24.8,10.9,4.0,4.0,7,3,0,7,1,0.0,0.01,0.01,3.06,39,3569,382386,10182,6613,348,DEF,Joe Rodon,Leeds
498,369,19,0,True,2026-05-17T16:30:00Z,3.0,1.0,37,False,0,0,0,0,0,0,0,0,0,0,0,0,0,0.0,0.0,0.0,0.0,0,0,0,0,0,0.0,0.0,0.0,0.0,45,-1,684,0,1,498,MID,Joe White,Newcastle
494,369,19,4,True,2026-05-17T16:30:00Z,3.0,1.0,37,False,37,0,1,0,1,0,0,0,0,0,0,0,19,22.2,36.0,9.0,6.7,0,0,0,0,0,0.03,0.36,0.39,0.63,50,-32,11757,153,185,494,MID,Joe Willock,Newcastle
199,361,1,0,False,2026-05-18T19:00:00Z,,,37,False,0,0,0,0,0,0,0,0,0,0,0,0,0,0.0,0.0,0.0,0.0,0,0,0,0,0,0.0,0.0,0.0,0.0,38,-412,24889,92,504,199,DEF,Joe Worrall,Burnley
54,362,12,6,True,2026-05-15T19:00:00Z,4.0,2.0,37,False,89,1,0,0,1,0,0,0,1,0,0,0,26,35.2,3.4,11.0,5.0,1,3,1,5,1,0.03,0.01,0.04,1.16,53,654,92455,4870,4216,54,MID,John McGinn,Aston Villa
753,369,19,0,True,2026-05-17T16:30:00Z,3.0,1.0,37,False,0,0,0,0,0,0,0,0,0,0,0,0,0,0.0,0.0,0.0,0.0,0,0,0,0,0,0.0,0.0,0.0,0.0,40,29,2735,56,27,753,GKP,John Ruddy,Newcastle
409,363,4,0,False,2026-05-19T18:30:00Z,,,37,False,0,0,0,0,0,0,0,0,0,0,0,0,0,0.0,0.0,0.0,0.0,0,0,0,0,0,0.0,0.0,0.0,0.0,54,-39,74311,104,143,409,DEF,John Stones,Man City
715,368,14,0,False,2026-05-17T11:30:00Z,3.0,2.0,37,False,0,0,0,0,0,0,0,0,0,0,0,0,0,0.0,0.0,0.0,0.0,0,0,0,0,0,0.0,0.0,0.0,0.0,40,-408,36791,74,482,715,GKP,John Victor Maciel Furtado,Nott'm Forest
737,370,20,0,False,2026-05-17T14:00:00Z,1.0,1.0,37,False,0,0,0,0,0,0,0,0,0,0,0,0,0,0.0,0.0,0.0,0.0,0,0,0,0,0,0.0,0.0,0.0,0.0,45,56,13508,317,261,737,FWD,Jonah Kusi-Asare,Fulham
194,361,1,0,False,2026-05-18T19:00:00Z,,,37,False,0,0,0,0,0,0,0,0,0,0,0,0,0,0.0,0.0,0.0,0.0,0,0,0,0,0,0.0,0.0,0.0,0.0,39,16,7497,49,33,194,DEF,Jordan Beyer,Burnley
124,364,8,1,True,2026-05-17T14:00:00Z,2.0,2.0,37,False,27,0,0,0,0,0,0,0,0,0,0,0,4,6.0,11.5,2.0,2.0,1,2,0,3,0,0.0,0.03,0.03,0.06,50,-23,38175,225,248,124,MID,Jordan Henderson,Brentford
287,366,17,1,True,2026-05-17T14:00:00Z,1.0,3.0,37,False,90,0,0,0,3,0,0,0,0,0,0,0,-1,7.0,0.0,0.0,0.7,3,12,0,0,1,0.0,0.0,0.0,0.73,56,17857,1712151,40394,22537,287,GKP,Jordan Pickford,Everton
321,370,20,0,False,2026-05-17T14:00:00Z,1.0,1.0,37,False,0,0,0,0,0,0,0,0,0,0,0,0,0,0.0,0.0,0.0,0.0,0,0,0,0,0,0.0,0.0,0.0,0.0,43,-33,6942,53,86,321,DEF,Jorge Cuenca Barreno,Fulham
672,365,18,0,True,2026-05-19T19:15:00Z,,,37,False,0,0,0,0,0,0,0,0,0,0,0,0,0,0.0,0.0,0.0,0.0,0,0,0,0,0,0.0,0.0,0.0,0.0,46,105,24373,288,183,672,DEF,Jorrel Hato,Chelsea
823,364,8,0,True,2026-05-17T14:00:00Z,2.0,2.0,37,False,0,0,0,0,0,0,0,0,0,0,0,0,0,0.0,0.0,0.0,0.0,0,0,0,0,0,0.0,0.0,0.0,0.0,40,14,581,28,14,823,DEF,Joshua Stephenson,Brentford
466,368,16,1,True,2026-05-17T11:30:00Z,3.0,2.0,37,False,10,0,0,0,0,0,0,0,0,0,0,0,3,8.8,10.3,42.0,6.1,0,2,0,2,0,0.48,0.01,0.49,0.26,58,497,54041,929,432,466,FWD,Joshua Zirkzee,Man Utd
233,365,18,0,True,2026-05-19T19:15:00Z,,,37,False,0,0,0,0,0,0,0,0,0,0,0,0,0,0.0,0.0,0.0,0.0,0,0,0,0,0,0.0,0.0,0.0,0.0,37,3952,225631,10276,6324,233,DEF,Josh Acheampong,Chelsea
205,361,1,0,False,2026-05-18T19:00:00Z,,,37,False,0,0,0,0,0,0,0,0,0,0,0,0,0,0.0,0.0,0.0,0.0,0,0,0,0,0,0.0,0.0,0.0,0.0,49,-395,101784,9,404,205,MID,Josh Cullen,Burnley
748,364,8,1,True,2026-05-17T14:00:00Z,2.0,2.0,37,False,1,0,0,0,0,0,0,0,0,0,0,0,3,0.2,10.3,4.0,1.5,0,1,0,1,0,0.06,0.0,0.06,0.05,49,11,260,18,7,748,MID,Josh Dasilva,Brentford
831,370,10,0,True,2026-05-17T14:00:00Z,1.0,1.0,37,False,0,0,0,0,0,0,0,0,0,0,0,0,0,0.0,0.0,0.0,0.0,0,0,0,0,0,0.0,0.0,0.0,0.0,40,118,469,167,49,831,GKP,Josh Gracey,Wolves
335,370,20,1,False,2026-05-17T14:00:00Z,1.0,1.0,37,False,23,0,0,0,0,0,0,0,0,0,0,0,5,3.0,16.2,2.0,2.1,0,1,0,1,0,0.0,0.02,0.02,0.67,44,-1728,216054,4104,5832,335,MID,Josh King,Fulham
209,361,1,0,False,2026-05-18T19:00:00Z,,,37,False,0,0,0,0,0,0,0,0,0,0,0,0,0,0.0,0.0,0.0,0.0,0,0,0,0,0,0.0,0.0,0.0,0.0,48,-37,4752,32,69,209,MID,Josh Laurent,Burnley
15,361,3,0,True,2026-05-18T19:00:00Z,,,37,False,0,0,0,0,0,0,0,0,0,0,0,0,0,0.0,0.0,0.0,0.0,0,0,0,0,0,0.0,0.0,0.0,0.0,37,-383,30755,153,536,15,DEF,Josh Nichols,Arsenal
628,370,10,3,True,2026-05-17T14:00:00Z,1.0,1.0,37,False,90,0,0,0,1,0,0,0,0,0,4,0,14,23.8,0.0,0.0,2.4,1,11,0,0,1,0.0,0.01,0.01,1.53,42,-4542,137607,278,4820,628,GKP,José Malheiro de Sá,Wolves
673,365,7,0,False,2026-05-19T19:15:00Z,,,37,False,0,0,0,0,0,0,0,0,0,0,0,0,0,0.0,0.0,0.0,0.0,0,0,0,0,0,0.0,0.0,0.0,0.0,55,412,103722,2255,1843,673,MID,João Maria Lobo Alves Palhares Costa Palhinha Gonçalves,Spurs
518,368,14,0,False,2026-05-17T11:30:00Z,3.0,2.0,37,False,0,0,0,0,0,0,0,0,0,0,0,0,0,0.0,0.0,0.0,0.0,0,0,0,0,0,0.0,0.0,0.0,0.0,54,-2,4832,0,2,518,MID,João Pedro Ferreira da Silva,Nott'm Forest
249,365,18,0,True,2026-05-19T19:15:00Z,,,37,False,0,0,0,0,0,0,0,0,0,0,0,0,0,0.0,0.0,0.0,0.0,0,0,0,0,0,0.0,0.0,0.0,0.0,75,-66754,4960968,90292,157046,249,FWD,João Pedro Junqueira de Jesus,Chelsea
804,365,7,0,False,2026-05-19T19:15:00Z,,,37,False,0,0,0,0,0,0,0,0,0,0,0,0,0,0.0,0.0,0.0,0.0,0,0,0,0,0,0.0,0.0,0.0,0.0,40,-41,2849,42,83,804,DEF,João Victor de Souza Menezes,Spurs
646,370,10,2,True,2026-05-17T14:00:00Z,1.0,1.0,37,False,90,0,0,0,1,0,0,0,0,0,0,0,9,7.4,2.5,4.0,1.4,6,4,0,10,1,0.0,0.02,0.02,1.53,53,-2281,36284,1002,3283,646,MID,João Victor Gomes da Silva,Wolves
762,364,5,0,False,2026-05-17T14:00:00Z,2.0,2.0,37,False,0,0,0,0,0,0,0,0,0,0,0,0,0,0.0,0.0,0.0,0.0,0,0,0,0,0,0.0,0.0,0.0,0.0,45,6,795,33,27,762,MID,Joél Drakes-Thomas,Crystal Palace
362,367,6,1,True,2026-05-17T14:00:00Z,1.0,0.0,37,False,16,0,0,0,0,0,0,0,0,0,0,0,1,0.0,0.1,1.0,0.0,1,1,0,2,0,0.04,0.0,0.04,0.86,49,68,44388,251,183,362,FWD,Joël Piroe,Leeds
152,367,11,6,False,2026-05-17T14:00:00Z,1.0,0.0,37,False,64,0,0,1,0,0,0,0,0,0,0,0,22,8.0,3.7,5.0,1.7,2,1,2,4,1,0.16,0.06,0.22,0.22,43,-245,17217,158,403,152,DEF,Joël Veltman,Brighton
403,363,4,0,False,2026-05-19T18:30:00Z,,,37,False,0,0,0,0,0,0,0,0,0,0,0,0,0,0.0,0.0,0.0,0.0,0,0,0,0,0,0.0,0.0,0.0,0.0,58,782,417178,1609,827,403,DEF,Joško Gvardiol,Man City
104,364,8,0,True,2026-05-17T14:00:00Z,2.0,2.0,37,False,0,0,0,0,0,0,0,0,0,0,0,0,0,0.0,0.0,0.0,0.0,0,0,0,0,0,0.0,0.0,0.0,0.0,39,-88,13419,48,136,104,GKP,Julian Eyestone,Brentford
161,367,11,0,False,2026-05-17T14:00:00Z,1.0,0.0,37,False,0,0,0,0,0,0,0,0,0,0,0,0,0,0.0,0.0,0.0,0.0,0,0,0,0,0,0.0,0.0,0.0,0.0,54,-3,1122,0,3,161,MID,Julio Enciso Espínola,Brighton
80,363,13,0,True,2026-05-19T18:30:00Z,,,37,False,0,0,0,0,0,0,0,0,0,0,0,0,0,0.0,0.0,0.0,0.0,0,0,0,0,0,0.0,0.0,0.0,0.0,39,29,24950,131,102,80,DEF,Julio Soler Barreto,Bournemouth
78,363,13,0,True,2026-05-19T18:30:00Z,,,37,False,0,0,0,0,0,0,0,0,0,0,0,0,0,0.0,0.0,0.0,0.0,0,0,0,0,0,0.0,0.0,0.0,0.0,38,-318,63241,0,318,78,DEF,Julián Araujo Zúñiga,Bournemouth
745,365,7,0,False,2026-05-19T19:15:00Z,,,37,False,0,0,0,0,0,0,0,0,0,0,0,0,0,0.0,0.0,0.0,0.0,0,0,0,0,0,0.0,0.0,0.0,0.0,40,-16,5148,21,37,745,DEF,Jun'ai Byfield,Spurs
100,363,13,0,True,2026-05-19T18:30:00Z,,,37,False,0,0,0,0,0,0,0,0,0,0,0,0,0,0.0,0.0,0.0,0.0,0,0,0,0,0,0.0,0.0,0.0,0.0,46,-17836,813076,29814,47650,100,FWD,Junior Kroupi,Bournemouth
8,361,3,0,True,2026-05-18T19:00:00Z,,,37,False,0,0,0,0,0,0,0,0,0,0,0,0,0,0.0,0.0,0.0,0.0,0,0,0,0,0,0.0,0.0,0.0,0.0,60,-75691,2037142,168,75859,8,DEF,Jurriën Timber,Arsenal
276,364,5,0,False,2026-05-17T14:00:00Z,2.0,2.0,37,False,0,0,0,0,0,0,0,0,0,0,0,0,0,0.0,0.0,0.0,0.0,0,0,0,0,0,0.0,0.0,0.0,0.0,43,-2329,148391,1852,4181,276,MID,Justin Devenny,Crystal Palace
81,363,13,0,True,2026-05-19T18:30:00Z,,,37,False,0,0,0,0,0,0,0,0,0,0,0,0,0,0.0,0.0,0.0,0.0,0,0,0,0,0,0.0,0.0,0.0,0.0,69,1287,78365,1493,206,81,MID,Justin Kluivert,Bournemouth
418,363,4,0,False,2026-05-19T18:30:00Z,,,37,False,0,0,0,0,0,0,0,0,0,0,0,0,0,0.0,0.0,0.0,0.0,0,0,0,0,0,0.0,0.0,0.0,0.0,65,199905,852126,210171,10266,418,MID,Jérémy Doku,Man City
654,364,5,2,False,2026-05-17T14:00:00Z,2.0,2.0,37,False,60,0,0,0,1,0,0,0,0,0,0,0,9,6.8,6.3,22.0,3.5,2,0,0,2,1,0.16,0.16,0.32,0.64,59,-15513,200278,1430,16943,654,FWD,Jørgen Strand Larsen,Crystal Palace
63,362,12,0,True,2026-05-15T19:00:00Z,4.0,2.0,37,False,0,0,0,0,0,0,0,0,0,0,0,0,0,0.0,0.0,0.0,0.0,0,0,0,0,0,0.0,0.0,0.0,0.0,43,-527,62570,0,527,63,MID,Kadan Young,Aston Villa
281,364,5,0,False,2026-05-17T14:00:00Z,2.0,2.0,37,False,0,0,0,0,0,0,0,0,0,0,0,0,0,0.0,0.0,0.0,0.0,0,0,0,0,0,0.0,0.0,0.0,0.0,44,24,6590,83,59,281,MID,Kaden Rodney,Crystal Palace
611,369,15,0,False,2026-05-17T16:30:00Z,3.0,1.0,37,False,0,0,0,0,0,0,0,0,0,0,0,0,0,0.0,0.0,0.0,0.0,0,0,0,0,0,0.0,0.0,0.0,0.0,40,-21,7899,0,21,611,DEF,Kaelan Casey,West Ham
30,361,3,0,True,2026-05-18T19:00:00Z,,,37,False,0,0,0,0,0,0,0,0,0,0,0,0,0,0.0,0.0,0.0,0.0,0,0,0,0,0,0.0,0.0,0.0,0.0,73,-606,74912,3609,4215,30,FWD,Kai Havertz,Arsenal
429,363,4,0,False,2026-05-19T18:30:00Z,,,37,False,0,0,0,0,0,0,0,0,0,0,0,0,0,0.0,0.0,0.0,0.0,0,0,0,0,0,0.0,0.0,0.0,0.0,47,-8,7605,0,8,429,MID,Kalvin Phillips,Man City
341,367,6,11,True,2026-05-17T14:00:00Z,1.0,0.0,37,False,90,0,0,1,0,0,0,0,0,0,7,3,40,47.8,0.0,0.0,4.8,2,8,0,0,1,0.0,0.0,0.0,3.06,40,9351,882139,19991,10640,341,GKP,Karl Darlow,Leeds
3,361,3,0,True,2026-05-18T19:00:00Z,,,37,False,0,0,0,0,0,0,0,0,0,0,0,0,0,0.0,0.0,0.0,0.0,0,0,0,0,0,0.0,0.0,0.0,0.0,40,-60,25659,0,60,3,GKP,Karl Hein,Arsenal
797,364,8,0,True,2026-05-17T14:00:00Z,2.0,2.0,37,False,0,0,0,0,0,0,0,0,0,0,0,0,0,0.0,0.0,0.0,0.0,0,0,0,0,0,0.0,0.0,0.0,0.0,45,71,2422,127,56,797,FWD,Kaye Furo,Brentford
107,364,8,1,True,2026-05-17T14:00:00Z,2.0,2.0,37,False,90,0,0,0,2,0,0,0,0,0,0,0,3,2.4,1.9,5.0,0.9,2,5,0,2,1,0.07,0.02,0.09,1.67,48,15301,213081,19578,4277,107,DEF,Keane Lewis-Potter,Brentford
802,369,15,0,False,2026-05-17T16:30:00Z,3.0,1.0,37,False,0,0,0,0,0,0,0,0,0,0,0,0,0,0.0,0.0,0.0,0.0,0,0,0,0,0,0.0,0.0,0.0,0.0,50,0,851,24,24,802,MID,Keiber Lamadrid,West Ham
248,365,18,0,True,2026-05-19T19:15:00Z,,,37,False,0,0,0,0,0,0,0,0,0,0,0,0,0,0.0,0.0,0.0,0.0,0,0,0,0,0,0.0,0.0,0.0,0.0,45,0,553,0,0,248,MID,Kendry Páez Andrade,Chelsea
322,370,20,0,False,2026-05-17T14:00:00Z,1.0,1.0,37,False,0,0,0,0,0,0,0,0,0,0,0,0,0,0.0,0.0,0.0,0.0,0,0,0,0,0,0.0,0.0,0.0,0.0,45,629,28990,1160,531,322,DEF,Kenny Tete,Fulham
2,361,3,0,True,2026-05-18T19:00:00Z,,,37,False,0,0,0,0,0,0,0,0,0,0,0,0,0,0.0,0.0,0.0,0.0,0,0,0,0,0,0.0,0.0,0.0,0.0,40,-155,48842,134,289,2,GKP,Kepa Arrizabalaga Revuelta,Arsenal
570,365,7,0,False,2026-05-19T19:15:00Z,,,37,False,0,0,0,0,0,0,0,0,0,0,0,0,0,0.0,0.0,0.0,0.0,0,0,0,0,0,0.0,0.0,0.0,0.0,42,372,21317,874,502,570,DEF,Kevin Danso,Spurs
731,370,20,1,False,2026-05-17T14:00:00Z,1.0,1.0,37,False,45,0,0,0,0,0,0,0,0,0,0,0,1,2.6,1.3,7.0,1.1,1,3,0,4,0,0.03,0.05,0.08,1.04,57,250,6834,290,40,731,MID,Kevin Santos Lopes de Macedo,Fulham
120,364,8,1,True,2026-05-17T14:00:00Z,2.0,2.0,37,False,27,0,0,0,0,0,0,0,0,0,0,0,-1,0.0,0.3,13.0,0.9,0,0,0,0,0,0.21,0.0,0.21,0.06,68,4960,190072,12657,7697,120,MID,Kevin Schade,Brentford
638,370,10,0,True,2026-05-17T14:00:00Z,1.0,1.0,37,False,0,0,0,0,0,0,0,0,0,0,0,0,0,0.0,0.0,0.0,0.0,0,0,0,0,0,0.0,0.0,0.0,0.0,38,-974,112314,0,974,638,DEF,Ki-Jana Hoever,Wolves
820,361,1,0,False,2026-05-18T19:00:00Z,,,37,False,0,0,0,0,0,0,0,0,0,0,0,0,0,0.0,0.0,0.0,0.0,0,0,0,0,0,0.0,0.0,0.0,0.0,45,-1,262,11,12,820,MID,Kian McMahon-Brown,Burnley
746,362,2,0,False,2026-05-15T19:00:00Z,4.0,2.0,37,False,0,0,0,0,0,0,0,0,0,0,0,0,0,0.0,0.0,0.0,0.0,0,0,0,0,0,0.0,0.0,0.0,0.0,45,9,1358,25,16,746,MID,Kieran Morrison,Liverpool
478,369,19,2,True,2026-05-17T16:30:00Z,3.0,1.0,37,False,84,0,0,0,1,0,0,0,0,0,0,0,9,12.6,22.6,0.0,3.5,3,3,1,4,1,0.0,0.06,0.06,0.83,49,-302,181029,674,976,478,DEF,Kieran Trippier,Newcastle
242,366,17,2,True,2026-05-17T14:00:00Z,1.0,3.0,37,False,90,0,0,0,3,0,0,0,0,0,0,0,27,20.2,47.6,5.0,7.3,2,6,1,9,1,0.03,0.43,0.46,0.73,53,229816,1086204,241184,11368,242,MID,Kiernan Dewsbury-Hall,Everton
117,364,8,0,True,2026-05-17T14:00:00Z,2.0,2.0,37,False,0,0,0,0,0,0,0,0,0,0,0,0,0,0.0,0.0,0.0,0.0,0,0,0,0,0,0.0,0.0,0.0,0.0,39,-29,9962,0,29,117,DEF,Kim Ji-soo,Brentford
142,367,11,0,False,2026-05-17T14:00:00Z,1.0,0.0,37,False,0,0,0,0,0,0,0,0,0,0,0,0,0,0.0,0.0,0.0,0.0,0,0,0,0,0,0.0,0.0,0.0,0.0,40,0,227,0,0,142,GKP,Kjell Scherpen,Brighton
458,368,16,4,True,2026-05-17T11:30:00Z,3.0,2.0,37,False,90,0,0,0,2,0,0,0,0,0,0,0,19,18.2,33.8,2.0,5.4,6,6,0,12,1,0.0,0.02,0.02,1.88,47,18344,176460,22137,3793,458,MID,Kobbie Mainoo,Man Utd
606,369,15,3,False,2026-05-17T16:30:00Z,3.0,1.0,37,False,90,0,0,0,3,0,0,0,0,0,0,0,10,32.4,1.4,3.0,3.7,10,6,3,13,1,0.03,0.05,0.08,1.7,45,5884,249514,18189,12305,606,DEF,Konstantinos Mavropanos,West Ham
377,362,2,0,False,2026-05-15T19:00:00Z,4.0,2.0,37,False,0,0,0,0,0,0,0,0,0,0,0,0,0,0.0,0.0,0.0,0.0,0,0,0,0,0,0.0,0.0,0.0,0.0,48,-2,6072,0,2,377,DEF,Konstantinos Tsimikas,Liverpool
108,364,8,3,True,2026-05-17T14:00:00Z,2.0,2.0,37,False,81,0,0,0,2,0,0,0,0,0,0,0,11,19.4,0.3,0.0,2.0,11,6,1,12,1,0.0,0.0,0.0,1.62,44,-63,26475,374,437,108,DEF,Kristoffer Ajer,Brentford
602,369,15,0,False,2026-05-17T16:30:00Z,3.0,1.0,37,False,0,0,0,0,0,0,0,0,0,0,0,0,0,0.0,0.0,0.0,0.0,0,0,0,0,0,0.0,0.0,0.0,0.0,39,-179,24868,0,179,602,GKP,Krisztián Hegyi,West Ham
659,369,15,0,False,2026-05-17T16:30:00Z,3.0,1.0,37,False,0,0,0,0,0,0,0,0,0,0,0,0,0,0.0,0.0,0.0,0.0,0,0,0,0,0,0.0,0.0,0.0,0.0,42,-447,35027,238,685,659,DEF,Kyle Walker-Peters,West Ham
187,361,1,0,False,2026-05-18T19:00:00Z,,,37,False,0,0,0,0,0,0,0,0,0,0,0,0,0,0.0,0.0,0.0,0.0,0,0,0,0,0,0.0,0.0,0.0,0.0,44,43,143084,1079,1036,187,DEF,Kyle Walker,Burnley
709,370,10,4,True,2026-05-17T14:00:00Z,1.0,1.0,37,False,90,0,0,0,1,0,0,0,0,0,0,0,13,25.2,4.3,2.0,3.2,6,3,4,10,1,0.0,0.05,0.05,1.53,45,-194,7552,75,269,709,DEF,Ladislav Krejcí,Wolves
44,362,12,0,True,2026-05-15T19:00:00Z,4.0,2.0,37,False,0,0,0,0,0,0,0,0,0,0,0,0,0,0.0,0.0,0.0,0.0,0,0,0,0,0,0.0,0.0,0.0,0.0,40,-282,70012,591,873,44,DEF,Lamare Bogarde,Aston Villa
743,365,18,0,True,2026-05-19T19:15:00Z,,,37,False,0,0,0,0,0,0,0,0,0,0,0,0,0,0.0,0.0,0.0,0.0,0,0,0,0,0,0.0,0.0,0.0,0.0,45,13,1676,22,9,743,MID,Landon Emenalo,Chelsea
357,367,6,0,True,2026-05-17T14:00:00Z,1.0,0.0,37,False,0,0,0,0,0,0,0,0,0,0,0,0,0,0.0,0.0,0.0,0.0,0,0,0,0,0,0.0,0.0,0.0,0.0,49,-1,1842,0,1,357,MID,Largie Ramazani,Leeds
61,362,12,0,True,2026-05-15T19:00:00Z,4.0,2.0,37,False,0,0,0,0,0,0,0,0,0,0,0,0,0,0.0,0.0,0.0,0.0,0,0,0,0,0,0.0,0.0,0.0,0.0,45,-12,8928,0,12,61,MID,Leander Dendoncker,Aston Villa
20,361,3,0,True,2026-05-18T19:00:00Z,,,37,False,0,0,0,0,0,0,0,0,0,0,0,0,0,0.0,0.0,0.0,0.0,0,0,0,0,0,0.0,0.0,0.0,0.0,65,156428,264730,158681,2253,20,MID,Leandro Trossard,Arsenal
444,368,16,0,True,2026-05-17T11:30:00Z,3.0,2.0,37,False,0,0,0,0,0,0,0,0,0,0,0,0,0,0.0,0.0,0.0,0.0,0,0,0,0,0,0.0,0.0,0.0,0.0,41,-1192,160748,276,1468,444,DEF,Leny Yoro,Man Utd
49,362,12,0,True,2026-05-15T19:00:00Z,4.0,2.0,37,False,0,0,0,0,0,0,0,0,0,0,0,0,0,0.0,0.0,0.0,0.0,0,0,0,0,0,0.0,0.0,0.0,0.0,55,-77,13945,195,272,49,MID,Leon Bailey,Aston Villa
657,370,10,0,True,2026-05-17T14:00:00Z,1.0,1.0,37,False,0,0,0,0,0,0,0,0,0,0,0,0,0,0.0,0.0,0.0,0.0,0,0,0,0,0,0.0,0.0,0.0,0.0,44,-118,4785,110,228,657,FWD,Leon Chiwome,Wolves
768,362,12,0,True,2026-05-15T19:00:00Z,4.0,2.0,37,False,0,0,0,0,0,0,0,0,0,0,0,0,0,0.0,0.0,0.0,0.0,0,0,0,0,0,0.0,0.0,0.0,0.0,40,-1,2671,14,15,768,DEF,Leon Routh,Aston Villa
536,366,9,0,False,2026-05-17T14:00:00Z,1.0,3.0,37,False,0,0,0,0,0,0,0,0,0,0,0,0,0,0.0,0.0,0.0,0.0,0,0,0,0,0,0.0,0.0,0.0,0.0,40,-9,1607,0,9,536,DEF,Leo Fuhr Hjelde,Sunderland
765,369,19,0,True,2026-05-17T16:30:00Z,3.0,1.0,37,False,0,0,0,0,0,0,0,0,0,0,0,0,0,0.0,0.0,0.0,0.0,0,0,0,0,0,0.0,0.0,0.0,0.0,40,17,4387,98,81,765,DEF,Leo Shahar,Newcastle
676,361,1,0,False,2026-05-18T19:00:00Z,,,37,False,0,0,0,0,0,0,0,0,0,0,0,0,0,0.0,0.0,0.0,0.0,0,0,0,0,0,0.0,0.0,0.0,0.0,50,-70,12994,169,239,676,MID,Lesley Ugochukwu,Burnley
227,365,18,0,True,2026-05-19T19:15:00Z,,,37,False,0,0,0,0,0,0,0,0,0,0,0,0,0,0.0,0.0,0.0,0.0,0,0,0,0,0,0.0,0.0,0.0,0.0,47,2363,16504,2545,182,227,DEF,Levi Samuels Colwill,Chelsea
88,363,13,0,True,2026-05-19T18:30:00Z,,,37,False,0,0,0,0,0,0,0,0,0,0,0,0,0,0.0,0.0,0.0,0.0,0,0,0,0,0,0.0,0.0,0.0,0.0,49,-47,4319,10,57,88,MID,Lewis Cook,Bournemouth
57,362,12,0,True,2026-05-15T19:00:00Z,4.0,2.0,37,False,0,0,0,0,0,0,0,0,0,0,0,0,0,0.0,0.0,0.0,0.0,0,0,0,0,0,0.0,0.0,0.0,0.0,50,-1,3112,0,1,57,MID,Lewis Dobbin,Aston Villa
146,367,11,2,False,2026-05-17T14:00:00Z,1.0,0.0,37,False,90,0,0,0,1,0,0,0,0,0,0,0,13,19.6,12.3,7.0,3.9,7,5,0,7,1,0.23,0.01,0.24,0.39,45,8817,123642,9775,958,146,DEF,Lewis Dunk,Brighton
473,369,19,1,True,2026-05-17T16:30:00Z,3.0,1.0,37,False,90,0,0,0,1,0,0,0,1,0,0,0,6,12.8,8.7,34.0,5.6,1,4,2,3,1,0.17,0.03,0.2,0.88,53,-2019,436029,10332,12351,473,DEF,Lewis Hall,Newcastle
497,369,19,0,True,2026-05-17T16:30:00Z,3.0,1.0,37,False,0,0,0,0,0,0,0,0,0,0,0,0,0,0.0,0.0,0.0,0.0,0,0,0,0,0,0.0,0.0,0.0,0.0,44,-13203,228821,181,13384,497,MID,Lewis Miley,Newcastle
520,368,14,0,False,2026-05-17T11:30:00Z,3.0,2.0,37,False,0,0,0,0,0,0,0,0,0,0,0,0,0,0.0,0.0,0.0,0.0,0,0,0,0,0,0.0,0.0,0.0,0.0,50,0,102,0,0,520,MID,Lewis O'Brien,Nott'm Forest
622,369,15,0,False,2026-05-17T16:30:00Z,3.0,1.0,37,False,0,0,0,0,0,0,0,0,0,0,0,0,0,0.0,0.0,0.0,0.0,0,0,0,0,0,0.0,0.0,0.0,0.0,44,-8,6708,0,8,622,MID,Lewis Orford,West Ham
250,365,18,0,True,2026-05-19T19:15:00Z,,,37,False,0,0,0,0,0,0,0,0,0,0,0,0,0,0.0,0.0,0.0,0.0,0,0,0,0,0,0.0,0.0,0.0,0.0,62,-513,118666,278,791,250,FWD,Liam Delap,Chelsea
45,362,12,0,True,2026-05-15T19:00:00Z,4.0,2.0,37,False,0,0,0,0,0,0,0,0,0,0,0,0,0,0.0,0.0,0.0,0.0,0,0,0,0,0,0.0,0.0,0.0,0.0,38,-169,32032,0,169,45,DEF,Lino da Cruz Sousa,Aston Villa
437,368,16,3,True,2026-05-17T11:30:00Z,3.0,2.0,37,False,90,0,0,0,2,0,0,0,0,0,0,0,17,39.6,11.1,9.0,6.0,12,4,3,15,1,0.09,0.01,0.1,1.88,48,2758,56227,3232,474,437,DEF,Lisandro Martínez,Man Utd
805,368,14,0,False,2026-05-17T11:30:00Z,3.0,2.0,37,False,0,0,0,0,0,0,0,0,0,0,0,0,0,0.0,0.0,0.0,0.0,0,0,0,0,0,0.0,0.0,0.0,0.0,53,27,1924,104,77,805,FWD,Lorenzo Lucca,Nott'm Forest
210,361,1,0,False,2026-05-18T19:00:00Z,,,37,False,0,0,0,0,0,0,0,0,0,0,0,0,0,0.0,0.0,0.0,0.0,0,0,0,0,0,0.0,0.0,0.0,0.0,48,112,4727,169,57,210,MID,Loum Tchaouna,Burnley
586,365,7,0,False,2026-05-19T19:15:00Z,,,37,False,0,0,0,0,0,0,0,0,0,0,0,0,0,0.0,0.0,0.0,0.0,0,0,0,0,0,0.0,0.0,0.0,0.0,52,-165,23237,72,237,586,MID,Lucas Bergvall,Spurs
37,362,12,4,True,2026-05-15T19:00:00Z,4.0,2.0,37,False,90,0,1,0,2,0,0,0,0,0,0,0,9,23.4,16.3,4.0,4.4,5,2,1,6,1,0.04,0.06,0.1,1.43,45,-5598,202706,859,6457,37,DEF,Lucas Digne,Aston Villa
665,367,6,0,True,2026-05-17T14:00:00Z,1.0,0.0,37,False,0,0,0,0,0,0,0,0,0,0,0,0,0,0.0,0.0,0.0,0.0,0,0,0,0,0,0.0,0.0,0.0,0.0,44,-234,33645,473,707,665,GKP,Lucas Estella Perri,Leeds
195,361,1,0,False,2026-05-18T19:00:00Z,,,37,False,0,0,0,0,0,0,0,0,0,0,0,0,0,0.0,0.0,0.0,0.0,0,0,0,0,0,0.0,0.0,0.0,0.0,38,-270,33340,277,547,195,DEF,Lucas Pires Silva,Burnley
612,369,15,0,False,2026-05-17T16:30:00Z,3.0,1.0,37,False,0,0,0,0,0,0,0,0,0,0,0,0,0,0.0,0.0,0.0,0.0,0,0,0,0,0,0.0,0.0,0.0,0.0,59,-267,137113,0,267,612,MID,Lucas Tolentino Coelho de Lima,West Ham
208,361,1,0,False,2026-05-18T19:00:00Z,,,37,False,0,0,0,0,0,0,0,0,0,0,0,0,0,0.0,0.0,0.0,0.0,0,0,0,0,0,0.0,0.0,0.0,0.0,50,-1,1368,0,1,208,MID,Luca Koleosho,Burnley
814,368,14,1,False,2026-05-17T11:30:00Z,3.0,2.0,37,False,83,0,0,0,3,0,0,0,0,0,0,0,-5,8.6,2.0,2.0,1.3,2,0,1,3,1,0.0,0.0,0.0,3.74,45,123,1077,163,40,814,DEF,Luca Netz,Nott'm Forest
790,365,7,0,False,2026-05-19T19:15:00Z,,,37,False,0,0,0,0,0,0,0,0,0,0,0,0,0,0.0,0.0,0.0,0.0,0,0,0,0,0,0.0,0.0,0.0,0.0,45,24,1004,50,26,790,MID,Lucá Williams-Barnett,Spurs
383,362,2,0,False,2026-05-15T19:00:00Z,4.0,2.0,37,False,0,0,0,0,0,0,0,0,0,0,0,0,0,0.0,0.0,0.0,0.0,0,0,0,0,0,0.0,0.0,0.0,0.0,80,-4,5482,0,4,383,MID,Luis Díaz Marulanda,Liverpool
729,368,14,0,False,2026-05-17T11:30:00Z,3.0,2.0,37,False,0,0,0,0,0,0,0,0,0,0,0,0,0,0.0,0.0,0.0,0.0,0,0,0,0,0,0.0,0.0,0.0,0.0,45,0,131,0,0,729,DEF,Luis Eduardo Soares da Silva,Nott'm Forest
619,369,15,0,False,2026-05-17T16:30:00Z,3.0,1.0,37,False,0,0,0,0,0,0,0,0,0,0,0,0,0,0.0,0.0,0.0,0.0,0,0,0,0,0,0.0,0.0,0.0,0.0,49,-1,2447,0,1,619,MID,Luis Guilherme Lira dos Santos,West Ham
91,363,13,0,True,2026-05-19T18:30:00Z,,,37,False,0,0,0,0,0,0,0,0,0,0,0,0,0,0.0,0.0,0.0,0.0,0,0,0,0,0,0.0,0.0,0.0,0.0,50,-1,1250,0,1,91,MID,Luis Sinisterra Lucumí,Bournemouth
738,369,15,0,False,2026-05-17T16:30:00Z,3.0,1.0,37,False,0,0,0,0,0,0,0,0,0,0,0,0,0,0.0,0.0,0.0,0.0,0,0,0,0,0,0.0,0.0,0.0,0.0,45,202,5171,301,99,738,GKP,Lukasz Fabianski,West Ham
365,367,6,1,True,2026-05-17T14:00:00Z,1.0,0.0,37,False,30,0,0,0,0,0,0,0,0,0,0,0,7,5.4,20.9,2.0,2.8,0,3,0,3,0,0.0,0.03,0.03,1.15,50,-142,71580,884,1026,365,FWD,Lukas Nmecha,Leeds
810,364,8,0,True,2026-05-17T14:00:00Z,2.0,2.0,37,False,0,0,0,0,0,0,0,0,0,0,0,0,0,0.0,0.0,0.0,0.0,0,0,0,0,0,0.0,0.0,0.0,0.0,45,15,519,34,19,810,MID,Luka Bentt,Brentford
578,365,7,0,False,2026-05-19T19:15:00Z,,,37,False,0,0,0,0,0,0,0,0,0,0,0,0,0,0.0,0.0,0.0,0.0,0,0,0,0,0,0.0,0.0,0.0,0.0,39,-79,39830,0,79,578,DEF,Luka Vušković,Spurs
334,370,20,0,False,2026-05-17T14:00:00Z,1.0,1.0,37,False,0,0,0,0,0,0,0,0,0,0,0,0,0,0.0,0.0,0.0,0.0,0,0,0,0,0,0.0,0.0,0.0,0.0,45,0,179,0,0,334,MID,Luke Harris,Fulham
539,366,9,4,False,2026-05-17T14:00:00Z,1.0,3.0,37,False,67,0,0,0,1,0,0,0,0,0,0,0,9,18.4,0.3,4.0,2.3,10,0,1,11,0,0.05,0.0,0.05,1.05,40,-223,11356,113,336,539,DEF,Luke O'Nien,Sunderland
767,370,10,0,True,2026-05-17T14:00:00Z,1.0,1.0,37,False,0,0,0,0,0,0,0,0,0,0,0,0,0,0.0,0.0,0.0,0.0,0,0,0,0,0,0.0,0.0,0.0,0.0,45,-29,918,28,57,767,MID,Luke Rawlings,Wolves
443,368,16,6,True,2026-05-17T11:30:00Z,3.0,2.0,37,False,90,1,0,0,2,0,0,0,1,0,0,0,14,41.4,5.3,17.0,6.4,5,0,0,5,1,0.09,0.1,0.19,1.88,45,20320,134924,22916,2596,443,DEF,Luke Shaw,Man Utd
724,366,9,2,False,2026-05-17T14:00:00Z,1.0,3.0,37,False,90,0,0,0,1,0,0,0,0,0,0,0,14,15.2,3.4,1.0,2.0,4,7,2,6,1,0.07,0.01,0.08,1.07,45,112,6973,197,85,724,DEF,Lutsharel Geertruida,Sunderland
563,366,9,0,False,2026-05-17T14:00:00Z,1.0,3.0,37,False,0,0,0,0,0,0,0,0,0,0,0,0,0,0.0,0.0,0.0,0.0,0,0,0,0,0,0.0,0.0,0.0,0.0,44,-14,10452,0,14,563,FWD,Luís Hemir Silva Semedo,Sunderland
217,361,1,0,False,2026-05-18T19:00:00Z,,,37,False,0,0,0,0,0,0,0,0,0,0,0,0,0,0.0,0.0,0.0,0.0,0,0,0,0,0,0.0,0.0,0.0,0.0,49,-316,97656,400,716,217,FWD,Lyle Foster,Burnley
679,369,15,5,False,2026-05-17T16:30:00Z,3.0,1.0,37,False,90,0,1,0,3,0,0,0,0,0,4,0,13,40.4,10.0,0.0,5.0,1,7,0,0,1,0.0,0.0,0.0,1.7,42,4731,107232,7995,3264,679,GKP,Mads Hermansen,West Ham
112,364,8,0,True,2026-05-17T14:00:00Z,2.0,2.0,37,False,0,0,0,0,0,0,0,0,0,0,0,0,0,0.0,0.0,0.0,0.0,0,0,0,0,0,0.0,0.0,0.0,0.0,45,-1,1831,0,1,112,DEF,Mads Roerslev Rasmussen,Brentford
277,364,5,0,False,2026-05-17T14:00:00Z,2.0,2.0,37,False,0,0,0,0,0,0,0,0,0,0,0,0,0,0.0,0.0,0.0,0.0,0,0,0,0,0,0.0,0.0,0.0,0.0,45,0,352,0,0,277,MID,Malcolm Ebiowei,Crystal Palace
756,363,13,0,True,2026-05-19T18:30:00Z,,,37,False,0,0,0,0,0,0,0,0,0,0,0,0,0,0.0,0.0,0.0,0.0,0,0,0,0,0,0.0,0.0,0.0,0.0,45,15,1452,38,23,756,MID,Malcom DaCosta,Bournemouth
14,361,3,0,True,2026-05-18T19:00:00Z,,,37,False,0,0,0,0,0,0,0,0,0,0,0,0,0,0.0,0.0,0.0,0.0,0,0,0,0,0,0.0,0.0,0.0,0.0,39,-21,12026,0,21,14,DEF,Maldini Kacurri,Arsenal
684,369,19,2,True,2026-05-17T16:30:00Z,3.0,1.0,37,False,90,0,0,0,1,0,0,0,0,0,0,0,14,18.4,1.3,0.0,2.0,6,2,3,9,1,0.0,0.01,0.01,0.88,49,-4861,629436,17543,22404,684,DEF,Malick Thiaw,Newcastle
174,367,11,0,False,2026-05-17T14:00:00Z,1.0,0.0,37,False,0,0,0,0,0,0,0,0,0,0,0,0,0,0.0,0.0,0.0,0.0,0,0,0,0,0,0.0,0.0,0.0,0.0,50,0,635,0,0,174,MID,Malick Yalcouyé,Brighton
228,365,18,0,True,2026-05-19T19:15:00Z,,,37,False,0,0,0,0,0,0,0,0,0,0,0,0,0,0.0,0.0,0.0,0.0,0,0,0,0,0,0.0,0.0,0.0,0.0,48,-3400,236691,2158,5558,228,DEF,Malo Gusto,Chelsea
231,365,18,0,True,2026-05-19T19:15:00Z,,,37,False,0,0,0,0,0,0,0,0,0,0,0,0,0,0.0,0.0,0.0,0.0,0,0,0,0,0,0.0,0.0,0.0,0.0,45,-26,3396,77,103,231,DEF,Mamadou Sarr,Chelsea
589,365,7,0,False,2026-05-19T19:15:00Z,,,37,False,0,0,0,0,0,0,0,0,0,0,0,0,0,0.0,0.0,0.0,0.0,0,0,0,0,0,0.0,0.0,0.0,0.0,54,0,840,0,0,589,MID,Manor Solomon,Spurs
404,363,4,0,False,2026-05-19T18:30:00Z,,,37,False,0,0,0,0,0,0,0,0,0,0,0,0,0,0.0,0.0,0.0,0.0,0,0,0,0,0,0.0,0.0,0.0,0.0,54,-20,32991,0,20,404,DEF,Manuel Akanji,Man City
201,361,1,0,False,2026-05-18T19:00:00Z,,,37,False,0,0,0,0,0,0,0,0,0,0,0,0,0,0.0,0.0,0.0,0.0,0,0,0,0,0,0.0,0.0,0.0,0.0,54,-3,1890,0,3,201,MID,Manuel Benson Hedilazio,Burnley
459,368,16,0,True,2026-05-17T11:30:00Z,3.0,2.0,37,False,0,0,0,0,0,0,0,0,0,0,0,0,0,0.0,0.0,0.0,0.0,0,0,0,0,0,0.0,0.0,0.0,0.0,47,-228,18088,17,245,459,MID,Manuel Ugarte Ribeiro,Man Utd
72,363,13,0,True,2026-05-19T18:30:00Z,,,37,False,0,0,0,0,0,0,0,0,0,0,0,0,0,0.0,0.0,0.0,0.0,0,0,0,0,0,0.0,0.0,0.0,0.0,52,-39964,2724452,60900,100864,72,DEF,Marcos Senesi Barón,Bournemouth
33,362,12,0,True,2026-05-15T19:00:00Z,4.0,2.0,37,False,0,0,0,0,0,0,0,0,0,0,0,0,0,0.0,0.0,0.0,0.0,0,0,0,0,0,0.0,0.0,0.0,0.0,42,-191,48454,82,273,33,GKP,Marco Bizot,Aston Villa
401,363,4,0,False,2026-05-19T18:30:00Z,,,37,False,0,0,0,0,0,0,0,0,0,0,0,0,0,0.0,0.0,0.0,0.0,0,0,0,0,0,0.0,0.0,0.0,0.0,38,-340,45710,666,1006,401,GKP,Marcus Bettinelli,Man City
206,361,1,0,False,2026-05-18T19:00:00Z,,,37,False,0,0,0,0,0,0,0,0,0,0,0,0,0,0.0,0.0,0.0,0.0,0,0,0,0,0,0.0,0.0,0.0,0.0,47,-225,11912,85,310,206,MID,Marcus Edwards,Burnley
451,368,16,0,True,2026-05-17T11:30:00Z,3.0,2.0,37,False,0,0,0,0,0,0,0,0,0,0,0,0,0,0.0,0.0,0.0,0.0,0,0,0,0,0,0.0,0.0,0.0,0.0,70,-1,1926,0,1,451,MID,Marcus Rashford,Man Utd
84,363,13,0,True,2026-05-19T18:30:00Z,,,37,False,0,0,0,0,0,0,0,0,0,0,0,0,0,0.0,0.0,0.0,0.0,0,0,0,0,0,0.0,0.0,0.0,0.0,54,-87982,555087,5724,93706,84,MID,Marcus Tavernier,Bournemouth
224,365,18,0,True,2026-05-19T19:15:00Z,,,37,False,0,0,0,0,0,0,0,0,0,0,0,0,0,0.0,0.0,0.0,0.0,0,0,0,0,0,0.0,0.0,0.0,0.0,61,-5252,1890219,13083,18335,224,DEF,Marc Cucurella Saseta,Chelsea
252,365,18,0,True,2026-05-19T19:15:00Z,,,37,False,0,0,0,0,0,0,0,0,0,0,0,0,0,0.0,0.0,0.0,0.0,0,0,0,0,0,0.0,0.0,0.0,0.0,40,2989,674072,12479,9490,252,FWD,Marc Guiu Paz,Chelsea
260,363,4,0,False,2026-05-19T18:30:00Z,,,37,False,0,0,0,0,0,0,0,0,0,0,0,0,0,0.0,0.0,0.0,0.0,0,0,0,0,0,0.0,0.0,0.0,0.0,51,16150,4296524,47803,31653,260,DEF,Marc Guéhi,Man City
524,368,14,0,False,2026-05-17T11:30:00Z,3.0,2.0,37,False,0,0,0,0,0,0,0,0,0,0,0,0,0,0.0,0.0,0.0,0.0,0,0,0,0,0,0.0,0.0,0.0,0.0,45,-2,2135,0,2,524,MID,Marko Stamenić,Nott'm Forest
471,369,19,0,True,2026-05-17T16:30:00Z,3.0,1.0,37,False,0,0,0,0,0,0,0,0,0,0,0,0,0,0.0,0.0,0.0,0.0,0,0,0,0,0,0.0,0.0,0.0,0.0,39,-31,16685,69,100,471,GKP,Mark Gillespie,Newcastle
288,366,17,0,True,2026-05-17T14:00:00Z,1.0,3.0,37,False,0,0,0,0,0,0,0,0,0,0,0,0,0,0.0,0.0,0.0,0.0,0,0,0,0,0,0.0,0.0,0.0,0.0,42,-16,14766,81,97,288,GKP,Mark Travers,Everton
759,361,3,0,True,2026-05-18T19:00:00Z,,,37,False,0,0,0,0,0,0,0,0,0,0,0,0,0,0.0,0.0,0.0,0.0,0,0,0,0,0,0.0,0.0,0.0,0.0,40,6,3121,28,22,759,DEF,Marli Salmon,Arsenal
648,370,10,0,True,2026-05-17T14:00:00Z,1.0,1.0,37,False,0,0,0,0,0,0,0,0,0,0,0,0,0,0.0,0.0,0.0,0.0,0,0,0,0,0,0.0,0.0,0.0,0.0,53,-6,4441,0,6,648,MID,Marshall Munetsi,Wolves
333,370,20,0,False,2026-05-17T14:00:00Z,1.0,1.0,37,False,0,0,0,0,0,0,0,0,0,0,0,0,0,0.0,0.0,0.0,0.0,0,0,0,0,0,0.0,0.0,0.0,0.0,45,-2,2959,0,2,333,MID,Martial Godo,Fulham
470,361,1,0,False,2026-05-18T19:00:00Z,,,37,False,0,0,0,0,0,0,0,0,0,0,0,0,0,0.0,0.0,0.0,0.0,0,0,0,0,0,0.0,0.0,0.0,0.0,40,-64076,3408892,8630,72706,470,GKP,Martin Dúbravka,Burnley
313,366,17,0,True,2026-05-17T14:00:00Z,1.0,3.0,37,False,0,0,0,0,0,0,0,0,0,0,0,0,0,0.0,0.0,0.0,0.0,0,0,0,0,0,0.0,0.0,0.0,0.0,44,-24,14804,0,24,313,FWD,Martin Sherif,Everton
17,361,3,0,True,2026-05-18T19:00:00Z,,,37,False,0,0,0,0,0,0,0,0,0,0,0,0,0,0.0,0.0,0.0,0.0,0,0,0,0,0,0.0,0.0,0.0,0.0,78,7073,217028,8547,1474,17,MID,Martin Ødegaard,Arsenal
26,361,3,0,True,2026-05-18T19:00:00Z,,,37,False,0,0,0,0,0,0,0,0,0,0,0,0,0,0.0,0.0,0.0,0.0,0,0,0,0,0,0.0,0.0,0.0,0.0,49,-14839,369999,4659,19498,26,MID,Martín Zubimendi Ibáñez,Arsenal
455,368,16,1,True,2026-05-17T11:30:00Z,3.0,2.0,37,False,9,0,0,0,0,0,0,0,0,0,0,0,7,3.8,0.3,1.0,0.5,1,3,1,5,0,0.02,0.0,0.02,0.26,59,187,36626,340,153,455,MID,Mason Mount,Man Utd
75,363,13,0,True,2026-05-19T18:30:00Z,,,37,False,0,0,0,0,0,0,0,0,0,0,0,0,0,0.0,0.0,0.0,0.0,0,0,0,0,0,0.0,0.0,0.0,0.0,38,84,25448,225,141,75,DEF,Matai Akinmboni,Bournemouth
364,367,6,0,True,2026-05-17T14:00:00Z,1.0,0.0,37,False,0,0,0,0,0,0,0,0,0,0,0,0,0,0.0,0.0,0.0,0.0,0,0,0,0,0,0.0,0.0,0.0,0.0,50,0,1236,0,0,364,FWD,Mateo Joseph Fernández-Regatillo,Leeds
422,363,4,0,False,2026-05-19T18:30:00Z,,,37,False,0,0,0,0,0,0,0,0,0,0,0,0,0,0.0,0.0,0.0,0.0,0,0,0,0,0,0.0,0.0,0.0,0.0,58,-34,3088,51,85,422,MID,Mateo Kovačić,Man City
708,369,15,4,False,2026-05-17T16:30:00Z,3.0,1.0,37,False,90,0,0,0,3,0,0,0,0,0,0,0,19,22.2,24.7,23.0,7.0,5,6,1,12,1,0.13,0.1,0.23,1.7,55,2236,51105,4993,2757,708,MID,Mateus Gonçalo Espanha Fernandes,West Ham
749,370,10,11,True,2026-05-17T14:00:00Z,1.0,1.0,37,False,90,1,0,0,1,0,0,0,0,0,0,3,43,46.0,42.9,16.0,10.5,2,9,2,13,1,0.11,0.36,0.47,1.53,42,-269,163142,9518,9787,749,FWD,Mateus Mané,Wolves
279,364,5,0,False,2026-05-17T14:00:00Z,2.0,2.0,37,False,0,0,0,0,0,0,0,0,0,0,0,0,0,0.0,0.0,0.0,0.0,0,0,0,0,0,0.0,0.0,0.0,0.0,45,-2,759,0,2,279,MID,Matheus França de Oliveira,Crystal Palace
407,363,4,0,False,2026-05-19T18:30:00Z,,,37,False,0,0,0,0,0,0,0,0,0,0,0,0,0,0.0,0.0,0.0,0.0,0,0,0,0,0,0.0,0.0,0.0,0.0,53,-8069,380490,2830,10899,407,DEF,Matheus Nunes,Man City
450,368,16,9,True,2026-05-17T11:30:00Z,3.0,2.0,37,False,79,1,0,0,2,0,0,0,0,0,0,2,43,53.2,58.6,35.0,14.7,2,5,1,8,1,0.32,0.49,0.81,1.62,81,26738,1091982,53107,26369,450,MID,Matheus Santos Carneiro da Cunha,Man Utd
126,364,8,2,True,2026-05-17T14:00:00Z,2.0,2.0,37,False,62,0,0,0,2,0,0,0,0,0,0,0,7,5.0,18.8,4.0,2.8,1,4,0,5,1,0.0,0.09,0.09,1.61,49,2848,21021,3659,811,126,MID,Mathias Jensen,Brentford
833,365,18,0,True,2026-05-19T19:15:00Z,,,37,False,0,0,0,0,0,0,0,0,0,0,0,0,0,0.0,0.0,0.0,0.0,0,0,0,0,0,0.0,0.0,0.0,0.0,45,21,32,24,3,833,MID,Mathis Eboué,Chelsea
584,365,7,0,False,2026-05-19T19:15:00Z,,,37,False,0,0,0,0,0,0,0,0,0,0,0,0,0,0.0,0.0,0.0,0.0,0,0,0,0,0,0.0,0.0,0.0,0.0,62,7444,31968,8632,1188,584,MID,Mathys Tel,Spurs
173,367,11,0,False,2026-05-17T14:00:00Z,1.0,0.0,37,False,0,0,0,0,0,0,0,0,0,0,0,0,0,0.0,0.0,0.0,0.0,0,0,0,0,0,0.0,0.0,0.0,0.0,49,-8765,42078,33,8798,173,MID,Mats Wieffer,Brighton
103,364,8,0,True,2026-05-17T14:00:00Z,2.0,2.0,37,False,0,0,0,0,0,0,0,0,0,0,0,0,0,0.0,0.0,0.0,0.0,0,0,0,0,0,0.0,0.0,0.0,0.0,39,-131,16530,0,131,103,GKP,Matthew Cox,Brentford
436,368,16,0,True,2026-05-17T11:30:00Z,3.0,2.0,37,False,0,0,0,0,0,0,0,0,0,0,0,0,0,0.0,0.0,0.0,0.0,0,0,0,0,0,0.0,0.0,0.0,0.0,49,-316,232154,32,348,436,DEF,Matthijs de Ligt,Man Utd
36,362,12,0,True,2026-05-15T19:00:00Z,4.0,2.0,37,False,90,0,0,0,2,0,0,0,1,0,0,0,3,16.6,12.4,2.0,3.1,5,3,2,7,1,0.01,0.01,0.02,1.43,47,-51084,1010711,3841,54925,36,DEF,Matty Cash,Aston Villa
632,370,10,0,True,2026-05-17T14:00:00Z,1.0,1.0,37,False,0,0,0,0,0,0,0,0,0,0,0,0,0,0.0,0.0,0.0,0.0,0,0,0,0,0,0.0,0.0,0.0,0.0,44,-90,11127,41,131,632,DEF,Matt Doherty,Wolves
164,367,11,0,False,2026-05-17T14:00:00Z,1.0,0.0,37,False,0,0,0,0,0,0,0,0,0,0,0,0,0,0.0,0.0,0.0,0.0,0,0,0,0,0,0.0,0.0,0.0,0.0,55,33,44574,183,150,164,MID,Matt O'Riley,Brighton
484,369,19,0,True,2026-05-17T16:30:00Z,3.0,1.0,37,False,0,0,0,0,0,0,0,0,0,0,0,0,0,0.0,0.0,0.0,0.0,0,0,0,0,0,0.0,0.0,0.0,0.0,40,-38,17813,0,38,484,DEF,Matt Targett,Newcastle
504,368,14,0,False,2026-05-17T11:30:00Z,3.0,2.0,37,False,0,0,0,0,0,0,0,0,0,0,0,0,0,0.0,0.0,0.0,0.0,0,0,0,0,0,0.0,0.0,0.0,0.0,40,-27,9821,0,27,504,GKP,Matt Turner,Nott'm Forest
502,368,14,2,False,2026-05-17T11:30:00Z,3.0,2.0,37,False,90,0,0,0,3,0,0,0,0,0,5,0,9,38.4,0.0,0.0,3.8,1,5,0,0,1,0.0,0.0,0.0,4.57,46,415,651361,5955,5540,502,GKP,Matz Sels,Nott'm Forest
257,364,5,2,False,2026-05-17T14:00:00Z,2.0,2.0,37,False,60,0,0,0,1,0,0,0,0,0,0,0,5,12.6,0.5,7.0,2.0,7,3,1,8,1,0.01,0.04,0.05,0.64,52,-75314,1003174,11876,87190,257,DEF,Maxence Lacroix,Crystal Palace
191,361,1,0,False,2026-05-18T19:00:00Z,,,37,False,0,0,0,0,0,0,0,0,0,0,0,0,0,0.0,0.0,0.0,0.0,0,0,0,0,0,0.0,0.0,0.0,0.0,39,-6379,886620,5239,11618,191,DEF,Maxime Estève,Burnley
605,369,15,0,False,2026-05-17T16:30:00Z,3.0,1.0,37,False,0,0,0,0,0,0,0,0,0,0,0,0,0,0.0,0.0,0.0,0.0,0,0,0,0,0,0.0,0.0,0.0,0.0,41,-111,17568,40,151,605,DEF,Maximilian Kilman,West Ham
145,367,11,2,False,2026-05-17T14:00:00Z,1.0,0.0,37,False,90,0,0,0,1,0,0,0,0,0,0,0,13,17.6,47.8,7.0,7.2,5,6,0,5,1,0.09,0.5,0.59,0.39,43,19280,218545,20655,1375,145,DEF,Maxim De Cuyper,Brighton
617,369,15,0,False,2026-05-17T16:30:00Z,3.0,1.0,37,False,0,0,0,0,0,0,0,0,0,0,0,0,0,0.0,0.0,0.0,0.0,0,0,0,0,0,0.0,0.0,0.0,0.0,49,-1,1906,0,1,617,MID,Maxwel Cornet,West Ham
794,363,4,0,False,2026-05-19T18:30:00Z,,,37,False,0,0,0,0,0,0,0,0,0,0,0,0,0,0.0,0.0,0.0,0.0,0,0,0,0,0,0.0,0.0,0.0,0.0,39,-15,1386,20,35,794,DEF,Max Alleyne,Man City
700,361,3,0,True,2026-05-18T19:00:00Z,,,37,False,0,0,0,0,0,0,0,0,0,0,0,0,0,0.0,0.0,0.0,0.0,0,0,0,0,0,0.0,0.0,0.0,0.0,42,-2538,104655,5600,8138,700,MID,Max Dowman,Arsenal
789,365,18,0,True,2026-05-19T19:15:00Z,,,37,False,0,0,0,0,0,0,0,0,0,0,0,0,0,0.0,0.0,0.0,0.0,0,0,0,0,0,0.0,0.0,0.0,0.0,40,-2,1215,17,19,789,GKP,Max Merrick,Chelsea
183,361,1,0,False,2026-05-18T19:00:00Z,,,37,False,0,0,0,0,0,0,0,0,0,0,0,0,0,0.0,0.0,0.0,0.0,0,0,0,0,0,0.0,0.0,0.0,0.0,42,313,15719,434,121,183,GKP,Max Weiß,Burnley
812,366,9,0,False,2026-05-17T14:00:00Z,1.0,3.0,37,False,0,0,0,0,0,0,0,0,0,0,0,0,0,0.0,0.0,0.0,0.0,0,0,0,0,0,0.0,0.0,0.0,0.0,40,-701,11360,243,944,812,GKP,Melker Ellborg,Sunderland
728,366,17,9,True,2026-05-17T14:00:00Z,1.0,3.0,37,False,87,1,0,0,2,0,0,0,0,0,0,2,32,38.0,5.4,15.0,5.8,2,1,3,6,1,0.1,0.06,0.16,0.54,50,265,2543,303,38,728,MID,Merlin Röhl,Everton
110,364,8,0,True,2026-05-17T14:00:00Z,2.0,2.0,37,False,90,0,0,0,2,0,0,0,1,0,0,0,-1,7.0,0.8,0.0,0.8,3,4,0,3,1,0.0,0.01,0.01,1.67,46,7087,147685,10183,3096,110,DEF,Michael Kayode,Brentford
295,366,17,4,True,2026-05-17T14:00:00Z,1.0,3.0,37,False,90,0,1,0,3,0,0,0,0,0,0,0,12,30.8,11.3,2.0,4.4,7,4,0,7,1,0.0,0.01,0.01,0.73,45,76579,420963,85572,8993,295,DEF,Michael Keane,Everton
219,361,1,0,False,2026-05-18T19:00:00Z,,,37,False,0,0,0,0,0,0,0,0,0,0,0,0,0,0.0,0.0,0.0,0.0,0,0,0,0,0,0.0,0.0,0.0,0.0,44,-21,13651,0,21,219,FWD,Michael Obafemi,Burnley
575,365,7,0,False,2026-05-19T19:15:00Z,,,37,False,0,0,0,0,0,0,0,0,0,0,0,0,0,0.0,0.0,0.0,0.0,0,0,0,0,0,0.0,0.0,0.0,0.0,44,-22352,2284993,8060,30412,575,DEF,Micky van de Ven,Spurs
22,361,3,0,True,2026-05-18T19:00:00Z,,,37,False,0,0,0,0,0,0,0,0,0,0,0,0,0,0.0,0.0,0.0,0.0,0,0,0,0,0,0.0,0.0,0.0,0.0,53,-409,97769,14,423,22,MID,Mikel Merino Zazón,Arsenal
592,365,7,0,False,2026-05-19T19:15:00Z,,,37,False,0,0,0,0,0,0,0,0,0,0,0,0,0,0.0,0.0,0.0,0.0,0,0,0,0,0,0.0,0.0,0.0,0.0,50,0,417,0,0,592,MID,Mikey Moore,Spurs
222,365,18,0,True,2026-05-19T19:15:00Z,,,37,False,0,0,0,0,0,0,0,0,0,0,0,0,0,0.0,0.0,0.0,0.0,0,0,0,0,0,0.0,0.0,0.0,0.0,40,0,353,0,0,222,GKP,Mike Penders,Chelsea
214,361,1,0,False,2026-05-18T19:00:00Z,,,37,False,0,0,0,0,0,0,0,0,0,0,0,0,0,0.0,0.0,0.0,0.0,0,0,0,0,0,0.0,0.0,0.0,0.0,43,1275,12476,1777,502,214,MID,Mike Trésor Ndayishimiye,Burnley
121,364,8,2,True,2026-05-17T14:00:00Z,2.0,2.0,37,False,90,0,0,0,2,0,0,0,0,0,0,0,13,9.2,30.8,3.0,4.3,0,9,1,10,1,0.03,0.33,0.36,1.67,56,12677,109026,15160,2483,121,MID,Mikkel Damsgaard,Brentford
546,366,9,0,False,2026-05-17T14:00:00Z,1.0,3.0,37,False,0,0,0,0,0,0,0,0,0,0,0,0,0,0.0,0.0,0.0,0.0,0,0,0,0,0,0.0,0.0,0.0,0.0,49,9,2353,22,13,546,MID,Milan Aleksić,Sunderland
371,362,2,0,False,2026-05-15T19:00:00Z,4.0,2.0,37,False,90,0,0,0,4,0,0,0,0,0,0,0,3,6.6,11.8,0.0,1.8,2,7,0,2,1,0.0,0.01,0.01,1.85,56,-2317,382620,995,3312,371,DEF,Milos Kerkez,Liverpool
483,369,19,0,True,2026-05-17T16:30:00Z,3.0,1.0,37,False,0,0,0,0,0,0,0,0,0,0,0,0,0,0.0,0.0,0.0,0.0,0,0,0,0,0,0.0,0.0,0.0,0.0,38,-133,46292,243,376,483,DEF,Miodrag Pivaš,Newcastle
157,367,11,0,False,2026-05-17T14:00:00Z,1.0,0.0,37,False,0,0,0,0,0,0,0,0,0,0,0,0,0,0.0,0.0,0.0,0.0,0,0,0,0,0,0.0,0.0,0.0,0.0,61,-35908,268433,705,36613,157,MID,Mitoma Kaoru,Brighton
758,369,15,0,False,2026-05-17T16:30:00Z,3.0,1.0,37,False,27,0,0,0,1,0,0,0,1,0,0,0,-1,2.2,0.1,0.0,0.2,1,0,0,1,0,0.0,0.0,0.0,0.75,45,4,1669,56,52,758,MID,Mohamadou Kanté,West Ham
381,362,2,1,False,2026-05-15T19:00:00Z,4.0,2.0,37,False,16,0,0,0,1,0,0,0,0,0,0,0,3,0.8,9.8,0.0,1.1,0,0,0,0,0,0.0,0.07,0.07,0.09,140,-3821,1795817,3176,6997,381,MID,Mohamed Salah,Liverpool
582,365,7,0,False,2026-05-19T19:15:00Z,,,37,False,0,0,0,0,0,0,0,0,0,0,0,0,0,0.0,0.0,0.0,0.0,0,0,0,0,0,0.0,0.0,0.0,0.0,64,-2006,1199982,39,2045,582,MID,Mohammed Kudus,Spurs
241,365,18,0,True,2026-05-19T19:15:00Z,,,37,False,0,0,0,0,0,0,0,0,0,0,0,0,0,0.0,0.0,0.0,0.0,0,0,0,0,0,0.0,0.0,0.0,0.0,57,-3836,936941,3111,6947,241,MID,Moisés Caicedo Corozo,Chelsea
515,368,14,7,False,2026-05-17T11:30:00Z,3.0,2.0,37,False,90,1,0,0,3,0,0,0,0,0,0,0,31,51.6,20.6,68.0,14.0,3,4,1,8,1,0.9,0.04,0.94,4.57,75,-290305,906527,11493,301798,515,MID,Morgan Gibbs-White,Nott'm Forest
47,362,12,12,True,2026-05-15T19:00:00Z,4.0,2.0,37,False,90,1,1,0,2,0,0,0,0,0,0,2,50,65.6,51.8,21.0,13.8,2,6,2,10,1,0.05,0.27,0.32,1.43,74,-342946,2780470,19696,362642,47,MID,Morgan Rogers,Aston Villa
506,368,14,0,False,2026-05-17T11:30:00Z,3.0,2.0,37,False,0,0,0,0,0,0,0,0,0,0,0,0,0,0.0,0.0,0.0,0.0,0,0,0,0,0,0.0,0.0,0.0,0.0,52,-5252,235029,71,5323,506,DEF,Murillo Costa dos Santos,Nott'm Forest
245,365,18,0,True,2026-05-19T19:15:00Z,,,37,False,0,0,0,0,0,0,0,0,0,0,0,0,0,0.0,0.0,0.0,0.0,0,0,0,0,0,0.0,0.0,0.0,0.0,49,6,1216,26,20,245,MID,Mykhailo Mudryk,Chelsea
10,361,3,0,True,2026-05-18T19:00:00Z,,,37,False,0,0,0,0,0,0,0,0,0,0,0,0,0,0.0,0.0,0.0,0.0,0,0,0,0,0,0.0,0.0,0.0,0.0,50,60414,250081,61473,1059,10,DEF,Myles Lewis-Skelly,Arsenal
133,364,8,0,True,2026-05-17T14:00:00Z,2.0,2.0,37,False,0,0,0,0,0,0,0,0,0,0,0,0,0,0.0,0.0,0.0,0.0,0,0,0,0,0,0.0,0.0,0.0,0.0,44,-10,3987,0,10,133,MID,Myles Peart-Harris,Brentford
275,364,5,0,False,2026-05-17T14:00:00Z,2.0,2.0,37,False,0,0,0,0,0,0,0,0,0,0,0,0,0,0.0,0.0,0.0,0.0,0,0,0,0,0,0.0,0.0,0.0,0.0,43,-14,4488,0,14,275,MID,Naouirou Ahamada,Crystal Palace
263,364,5,0,False,2026-05-17T14:00:00Z,2.0,2.0,37,False,0,0,0,0,0,0,0,0,0,0,0,0,0,0.0,0.0,0.0,0.0,0,0,0,0,0,0.0,0.0,0.0,0.0,38,-396,62796,427,823,263,DEF,Nathaniel Clyne,Crystal Palace
405,363,4,0,False,2026-05-19T18:30:00Z,,,37,False,0,0,0,0,0,0,0,0,0,0,0,0,0,0.0,0.0,0.0,0.0,0,0,0,0,0,0.0,0.0,0.0,0.0,52,-35,78447,153,188,405,DEF,Nathan Aké,Man City
106,364,8,3,True,2026-05-17T14:00:00Z,2.0,2.0,37,False,90,0,0,0,2,0,0,0,0,0,0,0,11,33.2,0.8,7.0,4.1,13,7,0,13,1,0.06,0.01,0.07,1.67,49,5847,335455,13007,7160,106,DEF,Nathan Collins,Brentford
658,370,10,0,True,2026-05-17T14:00:00Z,1.0,1.0,37,False,0,0,0,0,0,0,0,0,0,0,0,0,0,0.0,0.0,0.0,0.0,0,0,0,0,0,0.0,0.0,0.0,0.0,42,-1328,230135,802,2130,658,FWD,Nathan Fraser,Wolves
296,366,17,0,True,2026-05-17T14:00:00Z,1.0,3.0,37,False,0,0,0,0,0,0,0,0,0,0,0,0,0,0.0,0.0,0.0,0.0,0,0,0,0,0,0.0,0.0,0.0,0.0,44,-12,4420,61,73,296,DEF,Nathan Patterson,Everton
607,369,15,0,False,2026-05-17T16:30:00Z,3.0,1.0,37,False,0,0,0,0,0,0,0,0,0,0,0,0,0,0.0,0.0,0.0,0.0,0,0,0,0,0,0.0,0.0,0.0,0.0,44,-5,5305,0,5,607,DEF,Nayef Aguerd,West Ham
564,366,9,0,False,2026-05-17T14:00:00Z,1.0,3.0,37,False,0,0,0,0,0,0,0,0,0,0,0,0,0,0.0,0.0,0.0,0.0,0,0,0,0,0,0.0,0.0,0.0,0.0,44,-16,10412,0,16,564,FWD,Nazarii Rusyn,Sunderland
508,368,14,1,False,2026-05-17T11:30:00Z,3.0,2.0,37,False,90,0,0,0,3,0,0,0,0,0,0,0,8,28.2,17.2,2.0,4.7,6,7,3,9,1,0.0,0.05,0.05,4.57,48,-15559,553832,5144,20703,508,DEF,Neco Williams,Nott'm Forest
559,366,9,0,False,2026-05-17T14:00:00Z,1.0,3.0,37,False,0,0,0,0,0,0,0,0,0,0,0,0,0,0.0,0.0,0.0,0.0,0,0,0,0,0,0.0,0.0,0.0,0.0,44,-12,3790,0,12,559,MID,Nectarios Triantis,Sunderland
744,367,11,0,False,2026-05-17T14:00:00Z,1.0,0.0,37,False,0,0,0,0,0,0,0,0,0,0,0,0,0,0.0,0.0,0.0,0.0,0,0,0,0,0,0.0,0.0,0.0,0.0,45,28,2006,64,36,744,MID,Nehemiah Oriola,Brighton
537,366,9,0,False,2026-05-17T14:00:00Z,1.0,3.0,37,False,0,0,0,0,0,0,0,0,0,0,0,0,0,0.0,0.0,0.0,0.0,0,0,0,0,0,0.0,0.0,0.0,0.0,40,-22,8546,0,22,537,DEF,Niall Huggins,Sunderland
469,369,19,4,True,2026-05-17T16:30:00Z,3.0,1.0,37,False,90,0,0,0,1,0,0,0,0,0,7,0,26,54.8,0.0,0.0,5.5,0,12,0,0,1,0.0,0.0,0.0,0.88,50,3846,559260,6801,2955,469,GKP,Nick Pope,Newcastle
714,369,19,8,True,2026-05-17T16:30:00Z,3.0,1.0,37,False,74,1,0,0,1,0,0,0,0,0,0,2,35,42.8,40.1,27.0,11.0,1,4,1,6,1,0.14,0.16,0.3,0.55,67,-2293,837498,4120,6413,714,FWD,Nick Woltemade,Newcastle
625,369,15,0,False,2026-05-17T16:30:00Z,3.0,1.0,37,False,0,0,0,0,0,0,0,0,0,0,0,0,0,0.0,0.0,0.0,0.0,0,0,0,0,0,0.0,0.0,0.0,0.0,56,-68,73582,0,68,625,FWD,Niclas Füllkrug,West Ham
251,365,18,0,True,2026-05-19T19:15:00Z,,,37,False,0,0,0,0,0,0,0,0,0,0,0,0,0,0.0,0.0,0.0,0.0,0,0,0,0,0,0.0,0.0,0.0,0.0,65,-8,9159,0,8,251,FWD,Nicolas Jackson,Chelsea
519,368,14,2,False,2026-05-17T11:30:00Z,3.0,2.0,37,False,69,0,0,0,2,0,0,0,0,0,0,0,23,21.8,16.8,7.0,4.6,3,4,4,11,1,0.21,0.05,0.26,2.8,50,-1,4433,85,86,519,MID,Nicolás Domínguez,Nott'm Forest
716,368,14,0,False,2026-05-17T11:30:00Z,3.0,2.0,37,False,0,0,0,0,0,0,0,0,0,0,0,0,0,0.0,0.0,0.0,0.0,0,0,0,0,0,0.0,0.0,0.0,0.0,45,-32,6409,26,58,716,DEF,Nicolò Savona,Nott'm Forest
423,363,4,0,False,2026-05-19T18:30:00Z,,,37,False,0,0,0,0,0,0,0,0,0,0,0,0,0,0.0,0.0,0.0,0.0,0,0,0,0,0,0.0,0.0,0.0,0.0,59,-100,13732,60,160,423,MID,Nico González Iglesias,Man City
411,363,4,0,False,2026-05-19T18:30:00Z,,,37,False,0,0,0,0,0,0,0,0,0,0,0,0,0,0.0,0.0,0.0,0.0,0,0,0,0,0,0.0,0.0,0.0,0.0,53,-25451,2570372,36840,62291,411,DEF,Nico O'Reilly,Man City
505,368,14,1,False,2026-05-17T11:30:00Z,3.0,2.0,37,False,90,0,0,0,3,0,0,0,0,0,0,0,2,11.6,0.8,8.0,2.0,3,4,1,4,1,0.02,0.01,0.03,4.57,51,-3316,431215,3261,6577,505,DEF,Nikola Milenković,Nott'm Forest
813,366,9,2,False,2026-05-17T14:00:00Z,1.0,3.0,37,False,76,0,0,0,1,0,0,0,0,0,0,0,5,2.2,4.0,2.0,0.8,1,0,1,2,1,0.0,0.01,0.01,0.54,50,12,560,29,17,813,MID,Nilson Angulo,Sunderland
698,367,6,0,True,2026-05-17T14:00:00Z,1.0,0.0,37,False,0,0,0,0,0,0,0,0,0,0,0,0,0,0.0,0.0,0.0,0.0,0,0,0,0,0,0.0,0.0,0.0,0.0,55,-142131,179992,366,142497,698,MID,Noah Okafor,Leeds
552,366,9,2,False,2026-05-17T14:00:00Z,1.0,3.0,37,False,76,0,0,0,1,0,0,0,0,0,0,0,6,1.8,3.7,0.0,0.6,0,5,1,6,1,0.0,0.01,0.01,0.54,49,210,8535,437,227,552,MID,Noah Sadiki,Sunderland
18,361,3,0,True,2026-05-18T19:00:00Z,,,37,False,0,0,0,0,0,0,0,0,0,0,0,0,0,0.0,0.0,0.0,0.0,0,0,0,0,0,0.0,0.0,0.0,0.0,68,-1210,102955,935,2145,18,MID,Noni Madueke,Arsenal
311,366,17,2,True,2026-05-17T14:00:00Z,1.0,3.0,37,False,72,0,0,0,1,0,0,0,0,0,0,0,3,5.4,1.1,9.0,1.6,4,0,0,4,1,0.21,0.0,0.21,0.42,50,64379,451993,69863,5484,311,FWD,Norberto Bercique Gomes Betuncal,Everton
66,363,13,0,True,2026-05-19T18:30:00Z,,,37,False,0,0,0,0,0,0,0,0,0,0,0,0,0,0.0,0.0,0.0,0.0,0,0,0,0,0,0.0,0.0,0.0,0.0,45,-16,7103,0,16,66,GKP,Norberto Murara Neto,Bournemouth
694,366,9,2,False,2026-05-17T14:00:00Z,1.0,3.0,37,False,90,0,0,0,1,0,0,0,0,0,0,0,6,13.8,12.8,8.0,3.5,5,2,0,5,1,0.03,0.03,0.06,1.07,46,13855,1123170,32451,18596,694,DEF,Nordi Mukiele,Sunderland
438,368,16,0,True,2026-05-17T11:30:00Z,3.0,2.0,37,False,0,0,0,0,0,0,0,0,0,0,0,0,0,0.0,0.0,0.0,0.0,0,0,0,0,0,0.0,0.0,0.0,0.0,49,4039,35510,4437,398,438,DEF,Noussair Mazraoui,Man Utd
285,364,5,0,False,2026-05-17T14:00:00Z,2.0,2.0,37,False,0,0,0,0,0,0,0,0,0,0,0,0,0,0.0,0.0,0.0,0.0,0,0,0,0,0,0.0,0.0,0.0,0.0,50,-24,26425,0,24,285,FWD,Odsonne Édouard,Crystal Palace
472,369,19,0,True,2026-05-17T16:30:00Z,3.0,1.0,37,False,0,0,0,0,0,0,0,0,0,0,0,0,0,0.0,0.0,0.0,0.0,0,0,0,0,0,0.0,0.0,0.0,0.0,40,-8,1696,0,8,472,GKP,Odysseas Vlachodimos,Newcastle
507,368,14,0,False,2026-05-17T11:30:00Z,3.0,2.0,37,False,0,0,0,0,0,0,0,0,0,0,0,0,0,0.0,0.0,0.0,0.0,0,0,0,0,0,0.0,0.0,0.0,0.0,47,-10699,282477,47,10746,507,DEF,Ola Aina,Nott'm Forest
12,368,14,0,False,2026-05-17T11:30:00Z,3.0,2.0,37,False,0,0,0,0,0,0,0,0,0,0,0,0,0,0.0,0.0,0.0,0.0,0,0,0,0,0,0.0,0.0,0.0,0.0,49,-41,26768,0,41,12,DEF,Oleksandr Zinchenko,Nott'm Forest
776,361,1,0,False,2026-05-18T19:00:00Z,,,37,False,0,0,0,0,0,0,0,0,0,0,0,0,0,0.0,0.0,0.0,0.0,0,0,0,0,0,0.0,0.0,0.0,0.0,45,2,568,23,21,776,MID,Oliver Pimlott,Burnley
197,361,1,0,False,2026-05-18T19:00:00Z,,,37,False,0,0,0,0,0,0,0,0,0,0,0,0,0,0.0,0.0,0.0,0.0,0,0,0,0,0,0.0,0.0,0.0,0.0,38,-304,21422,0,304,197,DEF,Oliver Sonne,Burnley
143,367,11,0,False,2026-05-17T14:00:00Z,1.0,0.0,37,False,0,0,0,0,0,0,0,0,0,0,0,0,0,0.0,0.0,0.0,0.0,0,0,0,0,0,0.0,0.0,0.0,0.0,42,-1725,20188,151,1876,143,DEF,Olivier Boscagli,Brighton
608,369,15,0,False,2026-05-17T16:30:00Z,3.0,1.0,37,False,0,0,0,0,0,0,0,0,0,0,0,0,0,0.0,0.0,0.0,0.0,0,0,0,0,0,0.0,0.0,0.0,0.0,43,-7,4835,26,33,608,DEF,Ollie Scarles,West Ham
819,364,8,0,True,2026-05-17T14:00:00Z,2.0,2.0,37,False,0,0,0,0,0,0,0,0,0,0,0,0,0,0.0,0.0,0.0,0.0,0,0,0,0,0,0.0,0.0,0.0,0.0,40,8,1171,36,28,819,DEF,Ollie Shield,Brentford
64,362,12,15,True,2026-05-15T19:00:00Z,4.0,2.0,37,False,90,2,1,0,2,0,0,0,1,0,0,3,65,90.2,12.3,129.0,23.2,1,0,0,1,1,1.52,0.02,1.54,1.43,87,-163049,1747965,40556,203605,64,FWD,Ollie Watkins,Aston Villa
212,361,1,0,False,2026-05-18T19:00:00Z,,,37,False,0,0,0,0,0,0,0,0,0,0,0,0,0,0.0,0.0,0.0,0.0,0,0,0,0,0,0.0,0.0,0.0,0.0,45,-1,776,0,1,212,MID,Oluwaseun Adewumi,Burnley
693,368,14,2,False,2026-05-17T11:30:00Z,3.0,2.0,37,False,69,0,0,0,2,0,0,0,0,0,0,0,11,5.0,15.6,2.0,2.3,2,4,0,6,1,0.0,0.2,0.2,2.8,54,-38,9992,291,329,693,MID,Omari Hutchinson,Nott'm Forest
683,366,9,1,False,2026-05-17T14:00:00Z,1.0,3.0,37,False,22,0,0,0,0,0,0,0,0,0,0,0,3,2.0,0.3,0.0,0.2,1,0,0,1,1,0.0,0.0,0.0,0.03,41,3774,730395,17132,13358,683,DEF,Omar Alderete,Sunderland
413,363,4,0,False,2026-05-19T18:30:00Z,,,37,False,0,0,0,0,0,0,0,0,0,0,0,0,0,0.0,0.0,0.0,0.0,0,0,0,0,0,0.0,0.0,0.0,0.0,83,4142,328817,5266,1124,413,MID,Omar Marmoush,Man City
512,368,14,0,False,2026-05-17T11:30:00Z,3.0,2.0,37,False,0,0,0,0,0,0,0,0,0,0,0,0,0,0.0,0.0,0.0,0.0,0,0,0,0,0,0.0,0.0,0.0,0.0,45,-4,2439,0,4,512,DEF,Omar Richards,Nott'm Forest
424,370,20,2,False,2026-05-17T14:00:00Z,1.0,1.0,37,False,78,0,0,0,1,0,0,0,0,0,0,0,17,15.4,28.5,12.0,5.6,1,1,3,5,1,0.0,0.29,0.29,1.14,51,-97,27241,198,295,424,MID,Oscar Bobb,Fulham
76,363,13,0,True,2026-05-19T18:30:00Z,,,37,False,0,0,0,0,0,0,0,0,0,0,0,0,0,0.0,0.0,0.0,0.0,0,0,0,0,0,0.0,0.0,0.0,0.0,38,0,23351,186,186,76,DEF,Owen Bevan,Bournemouth
189,361,1,0,False,2026-05-18T19:00:00Z,,,37,False,0,0,0,0,0,0,0,0,0,0,0,0,0,0.0,0.0,0.0,0.0,0,0,0,0,0,0.0,0.0,0.0,0.0,40,-2,1575,0,2,189,DEF,Owen Dodgson,Burnley
785,369,15,1,False,2026-05-17T16:30:00Z,3.0,1.0,37,False,27,0,0,0,1,0,0,0,0,0,0,0,7,9.6,16.0,0.0,2.6,2,1,3,6,0,0.0,0.06,0.06,0.75,54,23,2203,190,167,785,FWD,Pablo Felipe Pereira de Jesus,West Ham
593,365,7,0,False,2026-05-19T19:15:00Z,,,37,False,0,0,0,0,0,0,0,0,0,0,0,0,0,0.0,0.0,0.0,0.0,0,0,0,0,0,0.0,0.0,0.0,0.0,45,-41,127053,2527,2568,593,MID,Pape Matar Sarr,Spurs
132,364,8,0,True,2026-05-17T14:00:00Z,2.0,2.0,37,False,0,0,0,0,0,0,0,0,0,0,0,0,0,0.0,0.0,0.0,0.0,0,0,0,0,0,0.0,0.0,0.0,0.0,45,-10,2534,0,10,132,MID,Paris Maghoma,Brentford
783,367,11,3,False,2026-05-17T14:00:00Z,1.0,0.0,37,False,90,0,0,0,1,0,0,0,0,0,0,1,26,24.0,59.2,20.0,10.3,1,3,1,5,1,0.03,0.48,0.51,0.39,56,4299,422248,28633,24334,783,MID,Pascal Groß,Brighton
343,367,6,0,True,2026-05-17T14:00:00Z,1.0,0.0,37,False,0,0,0,0,0,0,0,0,0,0,0,0,0,0.0,0.0,0.0,0.0,0,0,0,0,0,0.0,0.0,0.0,0.0,42,-51064,284686,585,51649,343,DEF,Pascal Struijk,Leeds
363,367,6,0,True,2026-05-17T14:00:00Z,1.0,0.0,37,False,0,0,0,0,0,0,0,0,0,0,0,0,0,0.0,0.0,0.0,0.0,0,0,0,0,0,0.0,0.0,0.0,0.0,49,-44,42145,0,44,363,FWD,Patrick Bamford,Leeds
441,368,16,1,True,2026-05-17T11:30:00Z,3.0,2.0,37,False,10,0,0,0,0,0,0,0,0,0,0,0,6,6.2,6.3,17.0,3.0,2,2,0,2,0,0.15,0.3,0.45,0.26,41,2034,313933,5761,3727,441,DEF,Patrick Dorgu,Man Utd
545,366,9,0,False,2026-05-17T14:00:00Z,1.0,3.0,37,False,0,0,0,0,0,0,0,0,0,0,0,0,0,0.0,0.0,0.0,0.0,0,0,0,0,0,0.0,0.0,0.0,0.0,54,0,1556,0,0,545,MID,Patrick Roberts,Sunderland
41,362,12,4,True,2026-05-15T19:00:00Z,4.0,2.0,37,False,90,0,1,0,2,0,0,0,0,0,0,0,13,17.6,0.3,17.0,3.5,3,1,1,4,1,0.55,0.0,0.55,1.43,43,-476,39335,149,625,41,DEF,Pau Torres,Aston Villa
640,370,10,1,True,2026-05-17T14:00:00Z,1.0,1.0,37,False,5,0,0,0,0,0,0,0,0,0,0,0,2,0.0,0.1,4.0,0.4,1,0,0,1,0,0.15,0.0,0.15,0.12,40,-123,47932,180,303,640,DEF,Pedro Cardoso de Lima,Wolves
236,365,18,0,True,2026-05-19T19:15:00Z,,,37,False,0,0,0,0,0,0,0,0,0,0,0,0,0,0.0,0.0,0.0,0.0,0,0,0,0,0,0.0,0.0,0.0,0.0,70,-13217,512126,101,13318,236,MID,Pedro Lomba Neto,Chelsea
568,365,7,0,False,2026-05-19T19:15:00Z,,,37,False,0,0,0,0,0,0,0,0,0,0,0,0,0,0.0,0.0,0.0,0.0,0,0,0,0,0,0.0,0.0,0.0,0.0,52,-6647,1400779,16250,22897,568,DEF,Pedro Porro Sauceda,Spurs
147,367,11,0,False,2026-05-17T14:00:00Z,1.0,0.0,37,False,0,0,0,0,0,0,0,0,0,0,0,0,0,0.0,0.0,0.0,0.0,0,0,0,0,0,0.0,0.0,0.0,0.0,45,0,1161,0,0,147,DEF,Pervis Estupiñán Tenorio,Brighton
89,363,13,0,True,2026-05-19T18:30:00Z,,,37,False,0,0,0,0,0,0,0,0,0,0,0,0,0,0.0,0.0,0.0,0.0,0,0,0,0,0,0.0,0.0,0.0,0.0,49,-2,2723,0,2,89,MID,Philip Billing,Bournemouth
414,363,4,0,False,2026-05-19T18:30:00Z,,,37,False,0,0,0,0,0,0,0,0,0,0,0,0,0,0.0,0.0,0.0,0.0,0,0,0,0,0,0.0,0.0,0.0,0.0,80,1537,995816,7574,6037,414,MID,Phil Foden,Man City
725,361,3,0,True,2026-05-18T19:00:00Z,,,37,False,0,0,0,0,0,0,0,0,0,0,0,0,0,0.0,0.0,0.0,0.0,0,0,0,0,0,0.0,0.0,0.0,0.0,51,-7034,115314,8956,15990,725,DEF,Piero Hincapié,Arsenal
556,366,9,0,False,2026-05-17T14:00:00Z,1.0,3.0,37,False,0,0,0,0,0,0,0,0,0,0,0,0,0,0.0,0.0,0.0,0.0,0,0,0,0,0,0.0,0.0,0.0,0.0,45,-1,646,0,1,556,MID,Pierre Ekwah Elimby,Sunderland
192,361,1,0,False,2026-05-18T19:00:00Z,,,37,False,0,0,0,0,0,0,0,0,0,0,0,0,0,0.0,0.0,0.0,0.0,0,0,0,0,0,0.0,0.0,0.0,0.0,40,-922,74175,456,1378,192,DEF,Quilindschy Hartman,Burnley
572,365,7,0,False,2026-05-19T19:15:00Z,,,37,False,0,0,0,0,0,0,0,0,0,0,0,0,0,0.0,0.0,0.0,0.0,0,0,0,0,0,0.0,0.0,0.0,0.0,45,-23,3191,51,74,572,DEF,Radu Drăgușin,Spurs
726,365,7,0,False,2026-05-19T19:15:00Z,,,37,False,0,0,0,0,0,0,0,0,0,0,0,0,0,0.0,0.0,0.0,0.0,0,0,0,0,0,0.0,0.0,0.0,0.0,69,-900,54010,1143,2043,726,FWD,Randal Kolo Muani,Spurs
465,368,16,0,True,2026-05-17T11:30:00Z,3.0,2.0,37,False,0,0,0,0,0,0,0,0,0,0,0,0,0,0.0,0.0,0.0,0.0,0,0,0,0,0,0.0,0.0,0.0,0.0,63,-20,32856,0,20,465,FWD,Rasmus Højlund,Man Utd
402,363,4,0,False,2026-05-19T18:30:00Z,,,37,False,0,0,0,0,0,0,0,0,0,0,0,0,0,0.0,0.0,0.0,0.0,0,0,0,0,0,0.0,0.0,0.0,0.0,57,-4024,534265,1001,5025,402,DEF,Rayan Aït-Nouri,Man City
417,363,4,0,False,2026-05-19T18:30:00Z,,,37,False,0,0,0,0,0,0,0,0,0,0,0,0,0,0.0,0.0,0.0,0.0,0,0,0,0,0,0.0,0.0,0.0,0.0,66,-79069,2557261,48814,127883,417,MID,Rayan Cherki,Man City
807,363,13,0,True,2026-05-19T18:30:00Z,,,37,False,0,0,0,0,0,0,0,0,0,0,0,0,0,0.0,0.0,0.0,0.0,0,0,0,0,0,0.0,0.0,0.0,0.0,54,30298,221140,43359,13061,807,MID,Rayan Vitor Simplício Rocha,Bournemouth
337,370,20,1,False,2026-05-17T14:00:00Z,1.0,1.0,37,False,23,0,0,0,0,0,0,0,0,0,0,0,3,0.0,1.0,6.0,0.7,1,1,0,2,0,0.09,0.0,0.09,0.67,60,1403,253484,17693,16290,337,FWD,Raúl Jiménez Rodríguez,Fulham
225,365,18,0,True,2026-05-19T19:15:00Z,,,37,False,0,0,0,0,0,0,0,0,0,0,0,0,0,0.0,0.0,0.0,0.0,0,0,0,0,0,0.0,0.0,0.0,0.0,56,1224,769100,5030,3806,225,DEF,Reece James,Chelsea
298,366,17,0,True,2026-05-17T14:00:00Z,1.0,3.0,37,False,0,0,0,0,0,0,0,0,0,0,0,0,0,0.0,0.0,0.0,0.0,0,0,0,0,0,0.0,0.0,0.0,0.0,38,-3,18928,111,114,298,DEF,Reece Welch,Everton
764,363,4,0,False,2026-05-19T18:30:00Z,,,37,False,0,0,0,0,0,0,0,0,0,0,0,0,0,0.0,0.0,0.0,0.0,0,0,0,0,0,0.0,0.0,0.0,0.0,45,-1,509,11,12,764,MID,Reigan Heskey,Man City
541,366,9,2,False,2026-05-17T14:00:00Z,1.0,3.0,37,False,90,0,0,0,1,0,0,0,0,0,0,0,14,14.4,1.8,0.0,1.6,5,2,1,6,1,0.0,0.02,0.02,1.07,38,9961,385474,12699,2738,541,DEF,Reinildo Mandava,Sunderland
27,364,8,0,True,2026-05-17T14:00:00Z,2.0,2.0,37,False,0,0,0,0,0,0,0,0,0,0,0,0,0,0.0,0.0,0.0,0.0,0,0,0,0,0,0.0,0.0,0.0,0.0,48,14,12309,79,65,27,MID,Reiss Nelson,Brentford
255,364,5,0,False,2026-05-17T14:00:00Z,2.0,2.0,37,False,0,0,0,0,0,0,0,0,0,0,0,0,0,0.0,0.0,0.0,0.0,0,0,0,0,0,0.0,0.0,0.0,0.0,39,55,13179,127,72,255,GKP,Remi Matthews,Crystal Palace
687,363,13,0,True,2026-05-19T18:30:00Z,,,37,False,0,0,0,0,0,0,0,0,0,0,0,0,0,0.0,0.0,0.0,0.0,0,0,0,0,0,0.0,0.0,0.0,0.0,43,64,23062,370,306,687,MID,Remy Rees-Dottin,Bournemouth
838,367,6,0,True,2026-05-17T14:00:00Z,1.0,0.0,37,False,0,0,0,0,0,0,0,0,0,0,0,0,0,0.0,0.0,0.0,0.0,0,0,0,0,0,0.0,0.0,0.0,0.0,45,100,122,105,5,838,MID,Rhys Chadwick,Leeds
379,362,2,0,False,2026-05-15T19:00:00Z,4.0,2.0,37,False,0,0,0,0,0,0,0,0,0,0,0,0,0,0.0,0.0,0.0,0.0,0,0,0,0,0,0.0,0.0,0.0,0.0,37,-438,69846,908,1346,379,DEF,Rhys Williams,Liverpool
7,361,3,0,True,2026-05-18T19:00:00Z,,,37,False,0,0,0,0,0,0,0,0,0,0,0,0,0,0.0,0.0,0.0,0.0,0,0,0,0,0,0.0,0.0,0.0,0.0,56,-3149,773900,6444,9593,7,DEF,Riccardo Calafiori,Arsenal
597,365,7,0,False,2026-05-19T19:15:00Z,,,37,False,0,0,0,0,0,0,0,0,0,0,0,0,0,0.0,0.0,0.0,0.0,0,0,0,0,0,0.0,0.0,0.0,0.0,64,-1956,808406,18571,20527,597,FWD,Richarlison de Andrade,Spurs
109,364,8,0,True,2026-05-17T14:00:00Z,2.0,2.0,37,False,0,0,0,0,0,0,0,0,0,0,0,0,0,0.0,0.0,0.0,0.0,0,0,0,0,0,0.0,0.0,0.0,0.0,43,-173,16024,18,191,109,DEF,Rico Henry,Brentford
410,363,4,0,False,2026-05-19T18:30:00Z,,,37,False,0,0,0,0,0,0,0,0,0,0,0,0,0,0.0,0.0,0.0,0.0,0,0,0,0,0,0.0,0.0,0.0,0.0,46,-221,153705,217,438,410,DEF,Rico Lewis,Man City
826,364,8,0,True,2026-05-17T14:00:00Z,2.0,2.0,37,False,0,0,0,0,0,0,0,0,0,0,0,0,0,0.0,0.0,0.0,0.0,0,0,0,0,0,0.0,0.0,0.0,0.0,45,14,220,31,17,826,MID,Riley Owen,Brentford
690,364,5,0,False,2026-05-17T14:00:00Z,2.0,2.0,37,False,0,0,0,0,0,0,0,0,0,0,0,0,0,0.0,0.0,0.0,0.0,0,0,0,0,0,0.0,0.0,0.0,0.0,44,-9,33506,63,72,690,MID,Rio Cardines,Crystal Palace
811,365,7,0,False,2026-05-19T19:15:00Z,,,37,False,0,0,0,0,0,0,0,0,0,0,0,0,0,0.0,0.0,0.0,0.0,0,0,0,0,0,0.0,0.0,0.0,0.0,45,-1,577,19,20,811,MID,Rio Kyerematen,Spurs
686,362,2,2,False,2026-05-15T19:00:00Z,4.0,2.0,37,False,90,0,0,0,4,0,0,0,0,0,0,0,11,9.6,31.6,15.0,5.6,0,1,1,2,1,0.12,0.12,0.24,1.85,43,26330,177884,30235,3905,686,MID,Rio Ngumoha,Liverpool
220,365,18,0,True,2026-05-19T19:15:00Z,,,37,False,0,0,0,0,0,0,0,0,0,0,0,0,0,0.0,0.0,0.0,0.0,0,0,0,0,0,0.0,0.0,0.0,0.0,48,-54546,1343527,202,54748,220,GKP,Robert Lynch Sánchez,Chelsea
670,366,9,3,False,2026-05-17T14:00:00Z,1.0,3.0,37,False,90,0,0,0,1,0,0,0,0,0,3,0,13,24.4,0.0,0.0,2.4,3,7,0,0,1,0.0,0.0,0.0,1.07,48,-10278,1059213,10893,21171,670,GKP,Robin Roefs,Sunderland
264,364,5,0,False,2026-05-17T14:00:00Z,2.0,2.0,37,False,0,0,0,0,0,0,0,0,0,0,0,0,0,0.0,0.0,0.0,0.0,0,0,0,0,0,0.0,0.0,0.0,0.0,40,-3,2022,0,3,264,DEF,Rob Holding,Crystal Palace
421,363,4,0,False,2026-05-19T18:30:00Z,,,37,False,0,0,0,0,0,0,0,0,0,0,0,0,0,0.0,0.0,0.0,0.0,0,0,0,0,0,0.0,0.0,0.0,0.0,63,-798,60199,18,816,421,MID,Rodrigo 'Rodri' Hernandez Cascante,Man City
585,365,7,0,False,2026-05-19T19:15:00Z,,,37,False,0,0,0,0,0,0,0,0,0,0,0,0,0,0.0,0.0,0.0,0.0,0,0,0,0,0,0.0,0.0,0.0,0.0,52,214,22173,520,306,585,MID,Rodrigo Bentancur,Spurs
635,370,10,2,True,2026-05-17T14:00:00Z,1.0,1.0,37,False,84,0,0,0,1,0,0,0,0,0,0,0,6,6.8,5.4,19.0,3.1,2,3,3,5,1,0.31,0.04,0.35,1.41,44,-319,9827,56,375,635,DEF,Rodrigo Martins Gomes,Wolves
338,370,20,2,False,2026-05-17T14:00:00Z,1.0,1.0,37,False,66,0,0,0,1,0,0,0,0,0,0,0,6,2.2,1.6,11.0,1.5,2,0,0,2,1,0.15,0.01,0.16,0.73,53,1014,96200,2110,1096,338,FWD,Rodrigo Muniz Carvalho,Fulham
548,366,9,0,False,2026-05-17T14:00:00Z,1.0,3.0,37,False,0,0,0,0,0,0,0,0,0,0,0,0,0,0.0,0.0,0.0,0.0,0,0,0,0,0,0.0,0.0,0.0,0.0,49,10,1052,19,9,548,MID,Romaine Mundle,Sunderland
269,364,5,0,False,2026-05-17T14:00:00Z,2.0,2.0,37,False,0,0,0,0,0,0,0,0,0,0,0,0,0,0.0,0.0,0.0,0.0,0,0,0,0,0,0.0,0.0,0.0,0.0,47,-20,14261,0,20,269,MID,Romain Esse,Crystal Palace
92,363,13,0,True,2026-05-19T18:30:00Z,,,37,False,0,0,0,0,0,0,0,0,0,0,0,0,0,0.0,0.0,0.0,0.0,0,0,0,0,0,0.0,0.0,0.0,0.0,45,-10,7676,0,10,92,MID,Romain Faivre,Bournemouth
297,366,17,0,True,2026-05-17T14:00:00Z,1.0,3.0,37,False,0,0,0,0,0,0,0,0,0,0,0,0,0,0.0,0.0,0.0,0.0,0,0,0,0,0,0.0,0.0,0.0,0.0,38,-81,20057,0,81,297,DEF,Roman Dixon,Everton
130,364,8,0,True,2026-05-17T14:00:00Z,2.0,2.0,37,False,0,0,0,0,0,0,0,0,0,0,0,0,0,0.0,0.0,0.0,0.0,0,0,0,0,0,0.0,0.0,0.0,0.0,44,-5,13508,165,170,130,MID,Romelle Donovan,Brentford
244,365,18,0,True,2026-05-19T19:15:00Z,,,37,False,0,0,0,0,0,0,0,0,0,0,0,0,0,0.0,0.0,0.0,0.0,0,0,0,0,0,0.0,0.0,0.0,0.0,49,19,2620,73,54,244,MID,Roméo Lavia,Chelsea
757,362,12,0,True,2026-05-15T19:00:00Z,4.0,2.0,37,False,0,0,0,0,0,0,0,0,0,0,0,0,0,0.0,0.0,0.0,0.0,0,0,0,0,0,0.0,0.0,0.0,0.0,40,-4,2273,11,15,757,GKP,Ronnie Hollingshead,Aston Villa
55,362,12,1,True,2026-05-15T19:00:00Z,4.0,2.0,37,False,45,0,0,0,2,0,0,0,0,0,0,0,7,5.0,1.5,2.0,0.9,1,3,1,5,0,0.02,0.01,0.03,1.24,48,417,11791,972,555,55,MID,Ross Barkley,Aston Villa
87,363,13,0,True,2026-05-19T18:30:00Z,,,37,False,0,0,0,0,0,0,0,0,0,0,0,0,0,0.0,0.0,0.0,0.0,0,0,0,0,0,0.0,0.0,0.0,0.0,49,-3616,15388,23,3639,87,MID,Ryan Christie,Bournemouth
390,362,2,2,False,2026-05-15T19:00:00Z,4.0,2.0,37,False,65,0,0,0,2,0,0,0,0,0,0,0,10,2.4,12.3,9.0,2.4,1,2,1,4,1,0.03,0.01,0.04,0.85,54,4751,490960,13118,8367,390,MID,Ryan Gravenberch,Liverpool
834,365,18,0,True,2026-05-19T19:15:00Z,,,37,False,0,0,0,0,0,0,0,0,0,0,0,0,0,0.0,0.0,0.0,0.0,0,0,0,0,0,0.0,0.0,0.0,0.0,45,13,28,15,2,834,MID,Ryan Kavuma-McQueen,Chelsea
742,363,4,0,False,2026-05-19T18:30:00Z,,,37,False,0,0,0,0,0,0,0,0,0,0,0,0,0,0.0,0.0,0.0,0.0,0,0,0,0,0,0.0,0.0,0.0,0.0,45,-6,1584,10,16,742,MID,Ryan McAidoo,Man City
328,370,20,0,False,2026-05-17T14:00:00Z,1.0,1.0,37,False,0,0,0,0,0,0,0,0,0,0,0,0,0,0.0,0.0,0.0,0.0,0,0,0,0,0,0.0,0.0,0.0,0.0,54,-346,19020,55,401,328,MID,Ryan Sessegnon,Fulham
134,364,8,0,True,2026-05-17T14:00:00Z,2.0,2.0,37,False,0,0,0,0,0,0,0,0,0,0,0,0,0,0.0,0.0,0.0,0.0,0,0,0,0,0,0.0,0.0,0.0,0.0,45,0,477,0,0,134,MID,Ryan Trevitt,Brentford
522,368,14,0,False,2026-05-17T11:30:00Z,3.0,2.0,37,False,0,0,0,0,0,0,0,0,0,0,0,0,0,0.0,0.0,0.0,0.0,0,0,0,0,0,0.0,0.0,0.0,0.0,47,38,8761,150,112,522,MID,Ryan Yates,Nott'm Forest
408,363,4,0,False,2026-05-19T18:30:00Z,,,37,False,0,0,0,0,0,0,0,0,0,0,0,0,0,0.0,0.0,0.0,0.0,0,0,0,0,0,0.0,0.0,0.0,0.0,55,-323,406757,647,970,408,DEF,Rúben dos Santos Gato Alves Dias,Man City
766,370,10,0,True,2026-05-17T14:00:00Z,1.0,1.0,37,False,0,0,0,0,0,0,0,0,0,0,0,0,0,0.0,0.0,0.0,0.0,0,0,0,0,0,0.0,0.0,0.0,0.0,40,88,5052,396,308,766,DEF,Saheed Olagunju,Wolves
323,370,20,0,False,2026-05-17T14:00:00Z,1.0,1.0,37,False,0,0,0,0,0,0,0,0,0,0,0,0,0,0.0,0.0,0.0,0.0,0,0,0,0,0,0.0,0.0,0.0,0.0,38,-60,18761,111,171,323,DEF,Samuel Amissah,Fulham
727,370,20,1,False,2026-05-17T14:00:00Z,1.0,1.0,37,False,11,0,0,0,0,0,0,0,0,0,0,0,4,2.4,16.5,0.0,1.9,0,2,0,2,0,0.0,0.0,0.0,0.25,53,542,10993,957,415,727,MID,Samuel Chukwueze,Fulham
51,362,12,0,True,2026-05-15T19:00:00Z,4.0,2.0,37,False,0,0,0,0,0,0,0,0,0,0,0,0,0,0.0,0.0,0.0,0.0,0,0,0,0,0,0.0,0.0,0.0,0.0,55,0,2414,0,0,51,MID,Samuel Iling-Junior,Aston Villa
772,369,19,0,True,2026-05-17T16:30:00Z,3.0,1.0,37,False,0,0,0,0,0,0,0,0,0,0,0,0,0,0.0,0.0,0.0,0.0,0,0,0,0,0,0.0,0.0,0.0,0.0,45,11,801,28,17,772,MID,Sam Alabi,Newcastle
346,367,6,1,True,2026-05-17T14:00:00Z,1.0,0.0,37,False,1,0,0,0,0,0,0,0,0,0,0,0,3,5.4,0.0,0.0,0.5,2,1,1,3,0,0.0,0.0,0.0,0.22,37,3476,50253,4867,1391,346,DEF,Sam Byram,Leeds
787,367,6,0,True,2026-05-17T14:00:00Z,1.0,0.0,37,False,0,0,0,0,0,0,0,0,0,0,0,0,0,0.0,0.0,0.0,0.0,0,0,0,0,0,0.0,0.0,0.0,0.0,44,89,1774,155,66,787,MID,Sam Chambers,Leeds
355,367,6,0,True,2026-05-17T14:00:00Z,1.0,0.0,37,False,0,0,0,0,0,0,0,0,0,0,0,0,0,0.0,0.0,0.0,0.0,0,0,0,0,0,0.0,0.0,0.0,0.0,49,-1,4137,0,1,355,MID,Sam Greenwood,Leeds
627,370,10,0,True,2026-05-17T14:00:00Z,1.0,1.0,37,False,0,0,0,0,0,0,0,0,0,0,0,0,0,0.0,0.0,0.0,0.0,0,0,0,0,0,0.0,0.0,0.0,0.0,44,-186,16793,39,225,627,GKP,Sam Johnstone,Wolves
703,362,12,0,True,2026-05-15T19:00:00Z,4.0,2.0,37,False,0,0,0,0,0,0,0,0,0,0,0,0,0,0.0,0.0,0.0,0.0,0,0,0,0,0,0.0,0.0,0.0,0.0,39,-548,76210,167,715,703,GKP,Sam Proctor,Aston Villa
330,370,20,1,False,2026-05-17T14:00:00Z,1.0,1.0,37,False,45,0,0,0,1,0,0,0,0,0,0,0,0,0.0,1.6,8.0,0.6,0,4,0,4,1,0.17,0.01,0.18,0.36,49,-85,10480,256,341,330,MID,Sander Berge,Fulham
491,369,19,1,True,2026-05-17T16:30:00Z,3.0,1.0,37,False,52,0,0,0,0,0,0,0,0,0,0,0,11,6.0,14.1,4.0,2.4,0,4,1,5,1,0.0,0.02,0.02,0.25,53,175,140698,1932,1757,491,MID,Sandro Tonali,Newcastle
636,370,10,4,True,2026-05-17T14:00:00Z,1.0,1.0,37,False,90,0,0,0,1,0,0,0,0,0,0,0,6,19.6,0.1,0.0,2.0,10,3,1,11,1,0.0,0.0,0.0,1.53,44,-1449,17041,1219,2668,636,DEF,Santiago Ignacio Bueno,Wolves
656,370,10,0,True,2026-05-17T14:00:00Z,1.0,1.0,37,False,0,0,0,0,0,0,0,0,0,0,0,0,0,0.0,0.0,0.0,0.0,0,0,0,0,0,0.0,0.0,0.0,0.0,49,-5,6155,0,5,656,FWD,Saša Kalajdžić,Wolves
332,370,20,5,False,2026-05-17T14:00:00Z,1.0,1.0,37,False,90,0,0,0,1,0,0,0,0,0,0,1,26,21.8,23.8,4.0,5.0,6,4,5,15,1,0.0,0.08,0.08,1.4,49,233,8083,441,208,332,MID,Saša Lukić,Fulham
493,367,6,1,True,2026-05-17T14:00:00Z,1.0,0.0,37,False,30,0,0,0,0,0,0,0,0,0,0,0,4,3.0,0.6,2.0,0.6,0,2,1,3,0,0.0,0.13,0.13,1.15,48,107,29509,329,222,493,MID,Sean Longstaff,Leeds
501,369,19,0,True,2026-05-17T16:30:00Z,3.0,1.0,37,False,0,0,0,0,0,0,0,0,0,0,0,0,0,0.0,0.0,0.0,0.0,0,0,0,0,0,0.0,0.0,0.0,0.0,43,30,32893,200,170,501,FWD,Sean Neave,Newcastle
345,367,6,6,True,2026-05-17T14:00:00Z,1.0,0.0,37,False,90,0,0,1,0,0,0,0,0,0,0,0,19,11.2,0.3,2.0,1.4,5,3,1,6,1,0.0,0.0,0.0,2.84,38,14,16769,291,277,345,DEF,Sebastiaan Bornauw,Leeds
733,368,16,1,True,2026-05-17T11:30:00Z,3.0,2.0,37,False,90,0,0,0,2,0,0,0,0,0,2,0,7,19.8,0.0,0.0,2.0,1,9,0,0,1,0.0,0.0,0.0,1.88,51,28748,453794,35106,6358,733,GKP,Senne Lammens,Man Utd
113,364,8,4,True,2026-05-17T14:00:00Z,2.0,2.0,37,False,8,0,1,0,0,0,0,0,0,0,0,0,19,28.0,10.4,9.0,4.7,4,1,1,5,0,0.18,0.48,0.66,0.05,44,-2745,143331,1902,4647,113,DEF,Sepp van den Berg,Brentford
770,370,20,0,False,2026-05-17T14:00:00Z,1.0,1.0,37,False,0,0,0,0,0,0,0,0,0,0,0,0,0,0.0,0.0,0.0,0.0,0,0,0,0,0,0.0,0.0,0.0,0.0,45,17,764,43,26,770,MID,Seth Ridgeon,Fulham
689,369,19,0,True,2026-05-17T16:30:00Z,3.0,1.0,37,False,0,0,0,0,0,0,0,0,0,0,0,0,0,0.0,0.0,0.0,0.0,0,0,0,0,0,0.0,0.0,0.0,0.0,43,-147,62837,954,1101,689,MID,Seung-Soo Park,Newcastle
755,368,16,0,True,2026-05-17T11:30:00Z,3.0,2.0,37,False,0,0,0,0,0,0,0,0,0,0,0,0,0,0.0,0.0,0.0,0.0,0,0,0,0,0,0.0,0.0,0.0,0.0,45,28,1676,60,32,755,MID,Shea Lacey,Man Utd
196,361,1,0,False,2026-05-18T19:00:00Z,,,37,False,0,0,0,0,0,0,0,0,0,0,0,0,0,0.0,0.0,0.0,0.0,0,0,0,0,0,0.0,0.0,0.0,0.0,40,-10,4930,0,10,196,DEF,Shurandy Sambo,Burnley
543,366,9,0,False,2026-05-17T14:00:00Z,1.0,3.0,37,False,0,0,0,0,0,0,0,0,0,0,0,0,0,0.0,0.0,0.0,0.0,0,0,0,0,0,0.0,0.0,0.0,0.0,49,-96,43857,0,96,543,MID,Simon Adingra,Sunderland
529,366,9,0,False,2026-05-17T14:00:00Z,1.0,3.0,37,False,0,0,0,0,0,0,0,0,0,0,0,0,0,0.0,0.0,0.0,0.0,0,0,0,0,0,0.0,0.0,0.0,0.0,39,-50,43319,210,260,529,GKP,Simon Moore,Sunderland
159,367,11,1,False,2026-05-17T14:00:00Z,1.0,0.0,37,False,1,0,0,0,1,0,0,0,0,0,0,0,2,0.0,0.3,0.0,0.0,0,0,0,0,0,0.0,0.0,0.0,0.07,58,159,2186,253,94,159,MID,Solly March,Brighton
579,365,7,0,False,2026-05-19T19:15:00Z,,,37,False,0,0,0,0,0,0,0,0,0,0,0,0,0,0.0,0.0,0.0,0.0,0,0,0,0,0,0.0,0.0,0.0,0.0,85,-6,15141,0,6,579,MID,Son Heung-min,Spurs
718,369,15,0,False,2026-05-17T16:30:00Z,3.0,1.0,37,False,0,0,0,0,0,0,0,0,0,0,0,0,0,0.0,0.0,0.0,0.0,0,0,0,0,0,0.0,0.0,0.0,0.0,50,-10,3511,19,29,718,MID,Soungoutou Magassa,West Ham
180,367,11,0,False,2026-05-17T14:00:00Z,1.0,0.0,37,False,0,0,0,0,0,0,0,0,0,0,0,0,0,0.0,0.0,0.0,0.0,0,0,0,0,0,0.0,0.0,0.0,0.0,52,24,9596,69,45,180,FWD,Stefanos Tzimas,Brighton
393,362,2,0,False,2026-05-15T19:00:00Z,4.0,2.0,37,False,0,0,0,0,0,0,0,0,0,0,0,0,0,0.0,0.0,0.0,0.0,0,0,0,0,0,0.0,0.0,0.0,0.0,42,5778,27697,7701,1923,393,MID,Stefan Bajčetić Maquieira,Liverpool
400,368,14,0,False,2026-05-17T11:30:00Z,3.0,2.0,37,False,0,0,0,0,0,0,0,0,0,0,0,0,0,0.0,0.0,0.0,0.0,0,0,0,0,0,0.0,0.0,0.0,0.0,47,-70,24871,257,327,400,GKP,Stefan Ortega Moreno,Nott'm Forest
740,363,4,0,False,2026-05-19T18:30:00Z,,,37,False,0,0,0,0,0,0,0,0,0,0,0,0,0,0.0,0.0,0.0,0.0,0,0,0,0,0,0.0,0.0,0.0,0.0,39,-5,4716,0,5,740,DEF,Stephen Mfuni,Man City
315,370,20,0,False,2026-05-17T14:00:00Z,1.0,1.0,37,False,0,0,0,0,0,0,0,0,0,0,0,0,0,0.0,0.0,0.0,0.0,0,0,0,0,0,0.0,0.0,0.0,0.0,40,-7,883,0,7,315,GKP,Steven Benda,Fulham
475,369,19,4,True,2026-05-17T16:30:00Z,3.0,1.0,37,False,90,0,0,0,1,0,0,0,0,0,0,0,10,27.0,0.3,5.0,3.2,10,1,2,12,1,0.02,0.0,0.02,0.88,49,3930,58068,4517,587,475,DEF,Sven Botman,Newcastle
428,363,4,0,False,2026-05-19T18:30:00Z,,,37,False,0,0,0,0,0,0,0,0,0,0,0,0,0,0.0,0.0,0.0,0.0,0,0,0,0,0,0.0,0.0,0.0,0.0,50,3,2017,12,9,428,MID,Sverre Nypan,Man City
415,363,4,0,False,2026-05-19T18:30:00Z,,,37,False,0,0,0,0,0,0,0,0,0,0,0,0,0,0.0,0.0,0.0,0.0,0,0,0,0,0,0.0,0.0,0.0,0.0,69,234,52104,416,182,415,MID,Sávio Moreira de Oliveira,Man City
294,366,17,1,True,2026-05-17T14:00:00Z,1.0,3.0,37,False,2,0,0,0,1,0,0,0,0,0,0,0,-3,0.0,0.5,0.0,0.1,2,1,0,2,0,0.0,0.01,0.01,0.19,42,120,12868,172,52,294,DEF,Séamus Coleman,Everton
463,368,16,0,True,2026-05-17T11:30:00Z,3.0,2.0,37,False,0,0,0,0,0,0,0,0,0,0,0,0,0,0.0,0.0,0.0,0.0,0,0,0,0,0,0.0,0.0,0.0,0.0,43,-34,9997,0,34,463,MID,Sékou Koné,Man Utd
527,368,14,1,False,2026-05-17T11:30:00Z,3.0,2.0,37,False,20,0,0,0,1,0,0,0,0,0,0,0,1,0.8,14.4,6.0,2.1,0,2,0,2,0,0.18,0.35,0.53,1.77,52,1429,47540,3232,1803,527,FWD,Taiwo Awoniyi,Nott'm Forest
577,365,7,0,False,2026-05-19T19:15:00Z,,,37,False,0,0,0,0,0,0,0,0,0,0,0,0,0,0.0,0.0,0.0,0.0,0,0,0,0,0,0.0,0.0,0.0,0.0,40,-14,5552,0,14,577,DEF,Takai Kōta,Spurs
832,362,2,0,False,2026-05-15T19:00:00Z,4.0,2.0,37,False,0,0,0,0,0,0,0,0,0,0,0,0,0,0.0,0.0,0.0,0.0,0,0,0,0,0,0.0,0.0,0.0,0.0,40,49,279,77,28,832,DEF,Talla Ndiaye,Liverpool
808,362,12,0,True,2026-05-15T19:00:00Z,4.0,2.0,37,False,0,0,0,0,0,0,0,0,0,0,0,0,0,0.0,0.0,0.0,0.0,0,0,0,0,0,0.0,0.0,0.0,0.0,57,-1906,21992,329,2235,808,FWD,Tammy Abraham,Aston Villa
358,367,6,1,True,2026-05-17T14:00:00Z,1.0,0.0,37,False,59,0,0,0,0,0,0,0,0,0,0,0,6,4.8,5.2,0.0,1.0,1,2,0,3,1,0.0,0.04,0.04,1.92,48,1136,27672,1664,528,358,MID,Tanaka Ao,Leeds
150,367,11,0,False,2026-05-17T14:00:00Z,1.0,0.0,37,False,0,0,0,0,0,0,0,0,0,0,0,0,0,0.0,0.0,0.0,0.0,0,0,0,0,0,0.0,0.0,0.0,0.0,44,-12,10468,0,12,150,DEF,Tariq Lamptey,Brighton
650,370,10,0,True,2026-05-17T14:00:00Z,1.0,1.0,37,False,0,0,0,0,0,0,0,0,0,0,0,0,0,0.0,0.0,0.0,0.0,0,0,0,0,0,0.0,0.0,0.0,0.0,43,-89,24814,0,89,650,MID,Tawanda Chirewa,Wolves
803,365,18,0,True,2026-05-19T19:15:00Z,,,37,False,0,0,0,0,0,0,0,0,0,0,0,0,0,0.0,0.0,0.0,0.0,0,0,0,0,0,0.0,0.0,0.0,0.0,40,-13,840,16,29,803,GKP,Teddy Sharman-Lowe,Chelsea
777,370,10,0,True,2026-05-17T14:00:00Z,1.0,1.0,37,False,0,0,0,0,0,0,0,0,0,0,0,0,0,0.0,0.0,0.0,0.0,0,0,0,0,0,0.0,0.0,0.0,0.0,45,-1,232,0,1,777,MID,Temple Ojinnaka,Wolves
310,366,17,1,True,2026-05-17T14:00:00Z,1.0,3.0,37,False,17,0,0,0,2,0,0,0,0,0,0,0,3,3.0,11.6,2.0,1.7,1,0,0,1,0,0.0,0.0,0.0,0.31,57,2838,101305,6886,4048,310,FWD,Thierno Barry,Everton
427,363,4,0,False,2026-05-19T18:30:00Z,,,37,False,0,0,0,0,0,0,0,0,0,0,0,0,0,0.0,0.0,0.0,0.0,0,0,0,0,0,0.0,0.0,0.0,0.0,50,-3628,1171663,534,4162,427,MID,Tijjani Reijnders,Man City
319,370,20,5,False,2026-05-17T14:00:00Z,1.0,1.0,37,False,90,0,1,0,1,0,0,0,0,0,0,0,24,19.4,30.8,16.0,6.6,2,3,3,5,1,0.05,0.13,0.18,1.4,43,6170,24498,7080,910,319,DEF,Timothy Castagne,Fulham
540,366,9,0,False,2026-05-17T14:00:00Z,1.0,3.0,37,False,0,0,0,0,0,0,0,0,0,0,0,0,0,0.0,0.0,0.0,0.0,0,0,0,0,0,0.0,0.0,0.0,0.0,39,-137,35041,0,137,540,DEF,Timothée Pembélé,Sunderland
304,366,17,1,True,2026-05-17T14:00:00Z,1.0,3.0,37,False,72,0,0,0,1,0,0,0,1,0,0,0,4,5.2,13.9,0.0,1.9,2,2,3,7,1,0.0,0.04,0.04,0.42,48,115,5058,151,36,304,MID,Tim Iroegbunam,Everton
477,369,19,0,True,2026-05-17T16:30:00Z,3.0,1.0,37,False,0,0,0,0,0,0,0,0,0,0,0,0,0,0.0,0.0,0.0,0.0,0,0,0,0,0,0.0,0.0,0.0,0.0,49,-1294,239596,28,1322,477,DEF,Tino Livramento,Newcastle
781,362,12,0,True,2026-05-15T19:00:00Z,4.0,2.0,37,False,0,0,0,0,0,0,0,0,0,0,0,0,0,0.0,0.0,0.0,0.0,0,0,0,0,0,0.0,0.0,0.0,0.0,40,10,2444,36,26,781,DEF,TJ Carroll,Aston Villa
460,368,16,0,True,2026-05-17T11:30:00Z,3.0,2.0,37,False,0,0,0,0,0,0,0,0,0,0,0,0,0,0.0,0.0,0.0,0.0,0,0,0,0,0,0.0,0.0,0.0,0.0,45,-3,3224,0,3,460,MID,Toby Collyer,Man Utd
720,370,10,1,True,2026-05-17T14:00:00Z,1.0,1.0,37,False,18,0,0,0,0,0,0,0,0,0,0,0,9,12.0,3.0,11.0,2.6,2,2,1,5,0,0.01,0.0,0.01,0.14,51,-1361,14132,142,1503,720,FWD,Tolu Arokodare,Wolves
4,361,3,0,True,2026-05-18T19:00:00Z,,,37,False,0,0,0,0,0,0,0,0,0,0,0,0,0,0.0,0.0,0.0,0.0,0,0,0,0,0,0.0,0.0,0.0,0.0,39,-190,26848,51,241,4,GKP,Tommy Setford,Arsenal
331,370,20,0,False,2026-05-17T14:00:00Z,1.0,1.0,37,False,0,0,0,0,0,0,0,0,0,0,0,0,0,0.0,0.0,0.0,0.0,0,0,0,0,0,0.0,0.0,0.0,0.0,48,75,4237,104,29,331,MID,Tom Cairney,Fulham
651,370,10,0,True,2026-05-17T14:00:00Z,1.0,1.0,37,False,0,0,0,0,0,0,0,0,0,0,0,0,0,0.0,0.0,0.0,0.0,0,0,0,0,0,0.0,0.0,0.0,0.0,43,-423,48048,230,653,651,MID,Tom Edozie,Wolves
434,368,16,0,True,2026-05-17T11:30:00Z,3.0,2.0,37,False,0,0,0,0,0,0,0,0,0,0,0,0,0,0.0,0.0,0.0,0.0,0,0,0,0,0,0.0,0.0,0.0,0.0,38,5862,71498,7908,2046,434,GKP,Tom Heaton,Man Utd
630,366,17,0,True,2026-05-17T14:00:00Z,1.0,3.0,37,False,0,0,0,0,0,0,0,0,0,0,0,0,0,0.0,0.0,0.0,0.0,0,0,0,0,0,0.0,0.0,0.0,0.0,39,-620,157139,284,904,630,GKP,Tom King,Everton
140,367,11,0,False,2026-05-17T14:00:00Z,1.0,0.0,37,False,0,0,0,0,0,0,0,0,0,0,0,0,0,0.0,0.0,0.0,0.0,0,0,0,0,0,0.0,0.0,0.0,0.0,39,-71,38419,159,230,140,GKP,Tom McGill,Brighton
172,367,11,0,False,2026-05-17T14:00:00Z,1.0,0.0,37,False,0,0,0,0,0,0,0,0,0,0,0,0,0,0.0,0.0,0.0,0.0,0,0,0,0,0,0.0,0.0,0.0,0.0,48,-6,3646,0,6,172,MID,Tom Watson,Brighton
613,369,15,1,False,2026-05-17T16:30:00Z,3.0,1.0,37,False,62,0,0,0,2,0,0,0,1,0,0,0,10,12.2,14.0,4.0,3.0,1,2,4,7,1,0.0,0.01,0.01,0.95,57,2693,48548,4533,1840,613,MID,Tomáš Souček,West Ham
232,365,18,0,True,2026-05-19T19:15:00Z,,,37,False,0,0,0,0,0,0,0,0,0,0,0,0,0,0.0,0.0,0.0,0.0,0,0,0,0,0,0.0,0.0,0.0,0.0,40,2,34215,283,281,232,DEF,Tosin Adarabioyo,Chelsea
637,370,10,0,True,2026-05-17T14:00:00Z,1.0,1.0,37,False,0,0,0,0,0,0,0,0,0,0,0,0,0,0.0,0.0,0.0,0.0,0,0,0,0,0,0.0,0.0,0.0,0.0,42,-149,11078,191,340,637,DEF,Toti Gomes,Wolves
532,366,9,1,False,2026-05-17T14:00:00Z,1.0,3.0,37,False,59,0,0,0,1,0,0,0,0,0,0,0,2,1.6,2.6,2.0,0.6,1,3,0,1,1,0.0,0.01,0.01,0.38,45,67,43356,923,856,532,DEF,Trai Hume,Sunderland
710,362,12,0,True,2026-05-15T19:00:00Z,4.0,2.0,37,False,0,0,0,0,0,0,0,0,0,0,0,0,0,0.0,0.0,0.0,0.0,0,0,0,0,0,0.0,0.0,0.0,0.0,39,-45,24996,70,115,710,DEF,Travis Patterson,Aston Villa
226,365,18,0,True,2026-05-19T19:15:00Z,,,37,False,0,0,0,0,0,0,0,0,0,0,0,0,0,0.0,0.0,0.0,0.0,0,0,0,0,0,0.0,0.0,0.0,0.0,54,-18237,1165863,3753,21990,226,DEF,Trevoh Chalobah,Chelsea
396,362,2,0,False,2026-05-15T19:00:00Z,4.0,2.0,37,False,0,0,0,0,0,0,0,0,0,0,0,0,0,0.0,0.0,0.0,0.0,0,0,0,0,0,0.0,0.0,0.0,0.0,43,-92,38600,203,295,396,MID,Trey Nyoni,Liverpool
701,362,12,0,True,2026-05-15T19:00:00Z,4.0,2.0,37,False,0,0,0,0,0,0,0,0,0,0,0,0,0,0.0,0.0,0.0,0.0,0,0,0,0,0,0.0,0.0,0.0,0.0,40,-15,8863,0,15,701,DEF,Triston Rowe,Aston Villa
85,363,13,0,True,2026-05-19T18:30:00Z,,,37,False,0,0,0,0,0,0,0,0,0,0,0,0,0,0.0,0.0,0.0,0.0,0,0,0,0,0,0.0,0.0,0.0,0.0,49,23,35425,313,290,85,MID,Tyler Adams,Bournemouth
707,366,17,0,True,2026-05-17T14:00:00Z,1.0,3.0,37,False,0,0,0,0,0,0,0,0,0,0,0,0,0,0.0,0.0,0.0,0.0,0,0,0,0,0,0.0,0.0,0.0,0.0,53,-5,3880,33,38,707,MID,Tyler Dibling,Everton
771,368,16,0,True,2026-05-17T11:30:00Z,3.0,2.0,37,False,0,0,0,0,0,0,0,0,0,0,0,0,0,0.0,0.0,0.0,0.0,0,0,0,0,0,0.0,0.0,0.0,0.0,44,6,1496,57,51,771,MID,Tyler Fletcher,Man Utd
446,368,16,0,True,2026-05-17T11:30:00Z,3.0,2.0,37,False,0,0,0,0,0,0,0,0,0,0,0,0,0,0.0,0.0,0.0,0.0,0,0,0,0,0,0.0,0.0,0.0,0.0,37,168,20506,407,239,446,DEF,Tyler Fredricson,Man Utd
395,362,2,0,False,2026-05-15T19:00:00Z,4.0,2.0,37,False,0,0,0,0,0,0,0,0,0,0,0,0,0,0.0,0.0,0.0,0.0,0,0,0,0,0,0.0,0.0,0.0,0.0,45,-1,265,0,1,395,MID,Tyler Morton,Liverpool
704,366,17,0,True,2026-05-17T14:00:00Z,1.0,3.0,37,False,0,0,0,0,0,0,0,0,0,0,0,0,0,0.0,0.0,0.0,0.0,0,0,0,0,0,0.0,0.0,0.0,0.0,45,-9,6309,0,9,704,MID,Tyler Onyango,Everton
775,366,9,0,False,2026-05-17T14:00:00Z,1.0,3.0,37,False,0,0,0,0,0,0,0,0,0,0,0,0,0,0.0,0.0,0.0,0.0,0,0,0,0,0,0.0,0.0,0.0,0.0,45,-1,83,0,1,775,MID,Tymur Tutierov,Sunderland
448,368,16,0,True,2026-05-17T11:30:00Z,3.0,2.0,37,False,0,0,0,0,0,0,0,0,0,0,0,0,0,0.0,0.0,0.0,0.0,0,0,0,0,0,0.0,0.0,0.0,0.0,37,3719,70117,5472,1753,448,DEF,Tyrell Malacia,Man Utd
258,364,5,1,False,2026-05-17T14:00:00Z,2.0,2.0,37,False,90,0,0,0,2,0,0,0,0,0,0,0,12,19.8,6.8,7.0,3.4,4,6,4,8,1,0.15,0.14,0.29,2.05,50,-5755,313241,3958,9713,258,DEF,Tyrick Mitchell,Crystal Palace
243,366,17,1,True,2026-05-17T14:00:00Z,1.0,3.0,37,False,17,0,0,0,2,0,0,0,0,0,0,0,10,7.2,19.3,0.0,2.7,0,0,0,0,0,0.0,0.46,0.46,0.31,48,-8,8521,73,81,243,MID,Tyrique George,Everton
40,362,12,0,True,2026-05-15T19:00:00Z,4.0,2.0,37,False,0,0,0,0,0,0,0,0,0,0,0,0,0,0.0,0.0,0.0,0.0,0,0,0,0,0,0.0,0.0,0.0,0.0,43,-902,83032,316,1218,40,DEF,Tyrone Mings,Aston Villa
791,369,15,6,False,2026-05-17T16:30:00Z,3.0,1.0,37,False,64,1,0,0,1,0,0,0,0,0,0,0,28,37.6,2.1,95.0,13.5,1,3,1,5,0,0.42,0.01,0.43,0.92,55,-1385,22085,1333,2718,791,FWD,Valentín Castellanos,West Ham
721,363,13,0,True,2026-05-19T18:30:00Z,,,37,False,0,0,0,0,0,0,0,0,0,0,0,0,0,0.0,0.0,0.0,0.0,0,0,0,0,0,0.0,0.0,0.0,0.0,44,1,3945,31,30,721,DEF,Veljko Milosavljevic,Bournemouth
719,362,12,1,True,2026-05-15T19:00:00Z,4.0,2.0,37,False,45,0,0,0,0,0,0,0,0,0,0,0,3,1.4,2.8,0.0,0.4,2,0,0,2,1,0.0,0.01,0.01,0.19,45,-19,13235,170,189,719,DEF,Victor Lindelöf,Aston Villa
666,361,3,0,True,2026-05-18T19:00:00Z,,,37,False,0,0,0,0,0,0,0,0,0,0,0,0,0,0.0,0.0,0.0,0.0,0,0,0,0,0,0.0,0.0,0.0,0.0,90,395946,2388342,413927,17981,666,FWD,Viktor Gyökeres,Arsenal
373,362,2,14,False,2026-05-15T19:00:00Z,4.0,2.0,37,False,90,2,0,0,4,0,0,0,0,0,0,0,26,89.8,1.8,40.0,13.2,10,1,0,10,1,0.4,0.02,0.42,1.85,61,-116983,3920609,21091,138074,373,DEF,Virgil van Dijk,Liverpool
292,366,17,1,True,2026-05-17T14:00:00Z,1.0,3.0,37,False,90,0,0,0,3,0,0,0,0,0,0,0,4,13.8,15.1,2.0,3.1,5,3,0,5,1,0.0,0.03,0.03,0.73,49,3763,87551,5869,2106,292,DEF,Vitalii Mykolenko,Everton
125,364,8,2,True,2026-05-17T14:00:00Z,2.0,2.0,37,False,62,0,0,0,2,0,0,0,0,0,0,0,7,6.4,20.5,0.0,2.7,3,2,0,5,1,0.0,0.21,0.21,1.61,49,-103,12920,100,203,125,MID,Vitaly Janelt,Brentford
412,363,4,0,False,2026-05-19T18:30:00Z,,,37,False,0,0,0,0,0,0,0,0,0,0,0,0,0,0.0,0.0,0.0,0.0,0,0,0,0,0,0.0,0.0,0.0,0.0,50,0,578,0,0,412,DEF,Vitor de Oliveira Nunes dos Reis,Man City
185,361,1,0,False,2026-05-18T19:00:00Z,,,37,False,0,0,0,0,0,0,0,0,0,0,0,0,0,0.0,0.0,0.0,0.0,0,0,0,0,0,0.0,0.0,0.0,0.0,39,-105,19521,72,177,185,GKP,Václav Hladký,Burnley
254,364,5,0,False,2026-05-17T14:00:00Z,2.0,2.0,37,False,0,0,0,0,0,0,0,0,0,0,0,0,0,0.0,0.0,0.0,0.0,0,0,0,0,0,0.0,0.0,0.0,0.0,39,-105,42252,321,426,254,GKP,Walter Benítez,Crystal Palace
760,362,2,0,False,2026-05-15T19:00:00Z,4.0,2.0,37,False,0,0,0,0,0,0,0,0,0,0,0,0,0,0.0,0.0,0.0,0.0,0,0,0,0,0,0.0,0.0,0.0,0.0,40,7,2863,27,20,760,DEF,Wellity Lucky,Liverpool
230,365,18,0,True,2026-05-19T19:15:00Z,,,37,False,0,0,0,0,0,0,0,0,0,0,0,0,0,0.0,0.0,0.0,0.0,0,0,0,0,0,0.0,0.0,0.0,0.0,44,-315,46194,773,1088,230,DEF,Wesley Fofana,Chelsea
601,369,15,0,False,2026-05-17T16:30:00Z,3.0,1.0,37,False,0,0,0,0,0,0,0,0,0,0,0,0,0,0.0,0.0,0.0,0.0,0,0,0,0,0,0.0,0.0,0.0,0.0,40,-91,28472,0,91,601,GKP,Wes Foderingham,West Ham
351,367,6,1,True,2026-05-17T14:00:00Z,1.0,0.0,37,False,30,0,0,0,0,0,0,0,0,0,0,0,5,5.2,0.3,4.0,1.0,2,2,2,6,0,0.04,0.0,0.04,1.15,51,61,11247,170,109,351,MID,Wilfried Gnonto,Leeds
500,369,19,13,True,2026-05-17T16:30:00Z,3.0,1.0,37,False,84,2,0,0,1,0,0,0,0,0,0,3,66,69.2,1.3,34.0,10.5,0,2,1,3,1,0.91,0.15,1.06,0.83,54,24769,142534,32051,7282,500,FWD,William Osula,Newcastle
6,361,3,0,True,2026-05-18T19:00:00Z,,,37,False,0,0,0,0,0,0,0,0,0,0,0,0,0,0.0,0.0,0.0,0.0,0,0,0,0,0,0.0,0.0,0.0,0.0,62,184367,2243493,202504,18137,6,DEF,William Saliba,Arsenal
514,368,14,0,False,2026-05-17T11:30:00Z,3.0,2.0,37,False,0,0,0,0,0,0,0,0,0,0,0,0,0,0.0,0.0,0.0,0.0,0,0,0,0,0,0.0,0.0,0.0,0.0,38,-224,42641,151,375,514,DEF,Willy Boly,Nott'm Forest
68,363,13,0,True,2026-05-19T18:30:00Z,,,37,False,0,0,0,0,0,0,0,0,0,0,0,0,0,0.0,0.0,0.0,0.0,0,0,0,0,0,0.0,0.0,0.0,0.0,40,-487,89589,0,487,68,GKP,Will Dennis,Bournemouth
270,364,5,0,False,2026-05-17T14:00:00Z,2.0,2.0,37,False,0,0,0,0,0,0,0,0,0,0,0,0,0,0.0,0.0,0.0,0.0,0,0,0,0,0,0.0,0.0,0.0,0.0,47,-124,13336,135,259,270,MID,Will Hughes,Crystal Palace
598,365,7,0,False,2026-05-19T19:15:00Z,,,37,False,0,0,0,0,0,0,0,0,0,0,0,0,0,0.0,0.0,0.0,0.0,0,0,0,0,0,0.0,0.0,0.0,0.0,45,-3,2730,0,3,598,FWD,Will Lankshear,Spurs
830,362,2,0,False,2026-05-15T19:00:00Z,4.0,2.0,37,False,0,0,0,0,0,0,0,0,0,0,0,0,0,0.0,0.0,0.0,0.0,0,0,0,0,0,0.0,0.0,0.0,0.0,45,48,573,117,69,830,FWD,Will Wright,Liverpool
560,366,9,5,False,2026-05-17T14:00:00Z,1.0,3.0,37,False,13,1,0,0,0,0,0,0,0,0,0,0,29,36.2,0.3,19.0,5.6,1,2,1,4,0,0.19,0.17,0.36,0.53,50,-3526,171874,804,4330,560,FWD,Wilson Isidor,Sunderland
588,365,7,0,False,2026-05-19T19:15:00Z,,,37,False,0,0,0,0,0,0,0,0,0,0,0,0,0,0.0,0.0,0.0,0.0,0,0,0,0,0,0.0,0.0,0.0,0.0,53,-13,5253,9,22,588,MID,Wilson Odobert,Spurs
717,365,7,0,False,2026-05-19T19:15:00Z,,,37,False,0,0,0,0,0,0,0,0,0,0,0,0,0,0.0,0.0,0.0,0.0,0,0,0,0,0,0.0,0.0,0.0,0.0,64,-12940,147890,36,12976,717,MID,Xavi Simons,Spurs
594,365,7,0,False,2026-05-19T19:15:00Z,,,37,False,0,0,0,0,0,0,0,0,0,0,0,0,0,0.0,0.0,0.0,0.0,0,0,0,0,0,0.0,0.0,0.0,0.0,45,-3,1397,0,3,594,MID,Yang Min-hyeok,Spurs
160,367,11,3,False,2026-05-17T14:00:00Z,1.0,0.0,37,False,90,0,0,1,0,0,0,0,0,0,0,0,12,13.0,25.3,4.0,4.2,3,3,0,6,1,0.0,0.29,0.29,0.32,55,11705,330934,20835,9130,160,MID,Yankuba Minteh,Brighton
166,367,11,1,False,2026-05-17T14:00:00Z,1.0,0.0,37,False,8,0,0,0,1,0,0,0,0,0,0,0,3,1.8,0.2,2.0,0.4,1,1,0,2,0,0.0,0.0,0.0,0.07,48,-1531,48843,831,2362,166,MID,Yasin Ayari,Brighton
46,362,12,0,True,2026-05-15T19:00:00Z,4.0,2.0,37,False,0,0,0,0,0,0,0,0,0,0,0,0,0,0.0,0.0,0.0,0.0,0,0,0,0,0,0.0,0.0,0.0,0.0,40,-22,13892,0,22,46,DEF,Yasin Özcan,Aston Villa
129,364,8,8,True,2026-05-17T14:00:00Z,2.0,2.0,37,False,88,0,1,0,2,0,0,0,0,0,0,1,26,26.2,3.1,2.0,3.1,7,8,2,17,1,0.0,0.03,0.03,1.62,50,152,13292,407,255,129,MID,Yehor Yarmoliuk,Brentford
634,370,10,2,True,2026-05-17T14:00:00Z,1.0,1.0,37,False,90,0,0,0,1,0,0,0,0,0,0,0,-2,0.2,0.6,15.0,1.6,3,1,2,5,1,0.35,0.01,0.36,1.53,43,-102,10854,157,259,634,DEF,Yerson Mosquera Valdelamar,Wolves
135,369,19,1,True,2026-05-17T16:30:00Z,3.0,1.0,37,False,5,0,0,0,0,0,0,0,0,0,0,0,5,2.0,0.0,0.0,0.2,0,0,1,1,0,0.0,0.0,0.0,0.05,73,875,76834,1555,680,135,FWD,Yoane Wissa,Newcastle
48,362,12,2,True,2026-05-15T19:00:00Z,4.0,2.0,37,False,89,0,0,0,1,0,0,0,0,0,0,0,17,13.2,16.9,7.0,3.7,1,2,2,5,1,0.02,0.02,0.04,1.16,59,-161,86597,1071,1232,48,MID,Youri Tielemans,Aston Villa
312,366,17,0,True,2026-05-17T14:00:00Z,1.0,3.0,37,False,0,0,0,0,0,0,0,0,0,0,0,0,0,0.0,0.0,0.0,0.0,0,0,0,0,0,0.0,0.0,0.0,0.0,49,-3,8233,0,3,312,FWD,Youssef Ramalho Chermiti,Everton
131,364,8,0,True,2026-05-17T14:00:00Z,2.0,2.0,37,False,0,0,0,0,0,0,0,0,0,0,0,0,0,0.0,0.0,0.0,0.0,0,0,0,0,0,0.0,0.0,0.0,0.0,43,-133,17445,0,133,131,MID,Yunus Emre Konak,Brentford
751,365,7,0,False,2026-05-19T19:15:00Z,,,37,False,0,0,0,0,0,0,0,0,0,0,0,0,0,0.0,0.0,0.0,0.0,0,0,0,0,0,0.0,0.0,0.0,0.0,45,0,560,0,0,751,MID,Yusuf Akhamrich,Spurs
587,365,7,0,False,2026-05-19T19:15:00Z,,,37,False,0,0,0,0,0,0,0,0,0,0,0,0,0,0.0,0.0,0.0,0.0,0,0,0,0,0,0.0,0.0,0.0,0.0,52,2,6222,51,49,587,MID,Yves Bissouma,Spurs
712,364,5,1,False,2026-05-17T14:00:00Z,2.0,2.0,37,False,45,0,0,0,1,0,0,0,0,0,0,0,10,6.8,12.3,2.0,2.1,2,3,1,6,1,0.0,0.16,0.16,0.55,58,-1732,24557,305,2037,712,MID,Yéremy Pino Santos,Crystal Palace
513,368,14,0,False,2026-05-17T11:30:00Z,3.0,2.0,37,False,0,0,0,0,0,0,0,0,0,0,0,0,0,0.0,0.0,0.0,0.0,0,0,0,0,0,0.0,0.0,0.0,0.0,38,-459,31941,29,488,513,DEF,Zach Abbott,Nott'm Forest
286,364,5,0,False,2026-05-17T14:00:00Z,2.0,2.0,37,False,0,0,0,0,0,0,0,0,0,0,0,0,0,0.0,0.0,0.0,0.0,0,0,0,0,0,0.0,0.0,0.0,0.0,44,-29,40716,279,308,286,FWD,Zach Marsh,Crystal Palace
95,363,13,0,True,2026-05-19T18:30:00Z,,,37,False,0,0,0,0,0,0,0,0,0,0,0,0,0,0.0,0.0,0.0,0.0,0,0,0,0,0,0.0,0.0,0.0,0.0,44,-14,6640,0,14,95,MID,Zain Silcott-Duberry,Bournemouth
538,366,9,0,False,2026-05-17T14:00:00Z,1.0,3.0,37,False,0,0,0,0,0,0,0,0,0,0,0,0,0,0.0,0.0,0.0,0.0,0,0,0,0,0,0.0,0.0,0.0,0.0,38,-134,25006,0,134,538,DEF,Zak Johnson,Sunderland
216,361,1,0,False,2026-05-18T19:00:00Z,,,37,False,0,0,0,0,0,0,0,0,0,0,0,0,0,0.0,0.0,0.0,0.0,0,0,0,0,0,0.0,0.0,0.0,0.0,48,62,3078,90,28,216,FWD,Zeki Amdouni,Burnley
215,361,1,0,False,2026-05-18T19:00:00Z,,,37,False,0,0,0,0,0,0,0,0,0,0,0,0,0,0.0,0.0,0.0,0.0,0,0,0,0,0,0.0,0.0,0.0,0.0,53,1774,44732,3530,1756,215,FWD,Zian Flemming,Burnley
65,362,12,0,True,2026-05-15T19:00:00Z,4.0,2.0,37,False,0,0,0,0,0,0,0,0,0,0,0,0,0,0.0,0.0,0.0,0.0,0,0,0,0,0,0.0,0.0,0.0,0.0,45,-39,37031,0,39,65,FWD,Zépiqueno Redmond,Aston Villa
713,363,13,0,True,2026-05-19T18:30:00Z,,,37,False,0,0,0,0,0,0,0,0,0,0,0,0,0,0.0,0.0,0.0,0.0,0,0,0,0,0,0.0,0.0,0.0,0.0,45,-4461,21050,58,4519,713,DEF,Álex Jiménez Sánchez,Bournemouth
43,362,12,0,True,2026-05-15T19:00:00Z,4.0,2.0,37,False,0,0,0,0,0,0,0,0,0,0,0,0,0,0.0,0.0,0.0,0.0,0,0,0,0,0,0.0,0.0,0.0,0.0,40,-483,201905,0,483,43,DEF,Álex Moreno Lopera,Aston Villa
368,362,2,0,False,2026-05-15T19:00:00Z,4.0,2.0,37,False,0,0,0,0,0,0,0,0,0,0,0,0,0,0.0,0.0,0.0,0.0,0,0,0,0,0,0.0,0.0,0.0,0.0,38,160,115405,2995,2835,368,GKP,Ármin Pécsi,Liverpool
67,363,13,0,True,2026-05-19T18:30:00Z,,,37,False,0,0,0,0,0,0,0,0,0,0,0,0,0,0.0,0.0,0.0,0.0,0,0,0,0,0,0.0,0.0,0.0,0.0,46,-22148,650604,3883,26031,67,GKP,Đorđe Petrović,Bournemouth
420,363,4,0,False,2026-05-19T18:30:00Z,,,37,False,0,0,0,0,0,0,0,0,0,0,0,0,0,0.0,0.0,0.0,0.0,0,0,0,0,0,0.0,0.0,0.0,0.0,63,-6,7787,0,6,420,MID,İlkay Gündoğan,Man City
