element,fixture,opponent_team,total_points,was_home,kickoff_time,team_h_score,team_a_score,round,modified,minutes,goals_scored,assists,clean_sheets,goals_conceded,own_goals,penalties_saved,penalties_missed,yellow_cards,red_cards,saves,bonus,bps,influence,creativity,threat,ict_index,clearances_blocks_interceptions,recoveries,tackles,defensive_contribution,starts,expected_goals,expected_assists,expected_goal_involvements,expected_goals_conceded,value,transfers_balance,selected,transfers_in,transfers_out,id,position,name,team
116,52,14,2,True,2025-09-27T11:30:00Z,3.0,1.0,6,False,74,0,0,0,1,0,0,0,0,0,0,0,9,3.0,1.8,0.0,0.5,1,5,0,1,1,0.0,0.03,0.03,1.02,40,-1322,45737,1828,3150,116,DEF,Aaron Hickey,Brentford
674,58,1,0,True,2025-09-28T15:30:00Z,1.0,2.0,6,False,0,0,0,0,0,0,0,0,0,0,0,0,0,0.0,0.0,0.0,0.0,0,0,0,0,0,0.0,0.0,0.0,0.0,49,-4007,79518,1408,5415,674,GKP,Aaron Ramsdale,Newcastle
211,57,13,0,False,2025-09-27T14:00:00Z,5.0,1.0,6,False,0,0,0,0,0,0,0,0,0,0,0,0,0,0.0,0.0,0.0,0.0,0,0,0,0,0,0.0,0.0,0.0,0.0,44,-95243,408351,0,95243,211,MID,Aaron Ramsey,Burnley
610,55,9,0,False,2025-09-29T19:00:00Z,1.0,1.0,6,False,0,0,0,0,0,0,0,0,0,0,0,0,0,0.0,0.0,0.0,0.0,0,0,0,0,0,0.0,0.0,0.0,0.0,43,-299810,972280,1614,301424,610,DEF,Aaron Wan-Bissaka,West Ham
234,53,6,0,True,2025-09-27T14:00:00Z,1.0,3.0,6,False,0,0,0,0,0,0,0,0,0,0,0,0,0,0.0,0.0,0.0,0.0,0,0,0,0,0,0.0,0.0,0.0,0.0,40,-709,8789,0,709,234,DEF,Aarón Anselmino,Chelsea
165,53,7,0,False,2025-09-27T14:00:00Z,1.0,3.0,6,False,0,0,0,0,0,0,0,0,0,0,0,0,0,0.0,0.0,0.0,0.0,0,0,0,0,0,0.0,0.0,0.0,0.0,54,-157,1808,0,157,165,MID,Abdallah Sima,Brighton
554,59,16,0,False,2025-09-27T16:30:00Z,0.0,1.0,6,False,0,0,0,0,0,0,0,0,0,0,0,0,0,0.0,0.0,0.0,0.0,0,0,0,0,0,0.0,0.0,0.0,0.0,44,-994,25286,1490,2484,554,MID,Abdoullah Ba,Sunderland
406,57,3,0,True,2025-09-27T14:00:00Z,5.0,1.0,6,False,0,0,0,0,0,0,0,0,0,0,0,0,0,0.0,0.0,0.0,0.0,0,0,0,0,0,0.0,0.0,0.0,0.0,54,-6035,46707,5541,11576,406,DEF,Abdukodir Khusanov,Man City
326,51,2,2,False,2025-09-28T13:00:00Z,3.0,1.0,6,False,79,0,0,0,3,0,0,0,0,0,0,0,8,7.6,33.3,4.0,4.5,0,3,0,3,0,0.0,0.41,0.41,1.11,53,-1658,21210,787,2445,326,MID,Adama Traoré Diarra,West Ham
667,55,19,0,True,2025-09-29T19:00:00Z,1.0,1.0,6,False,0,0,0,0,0,0,0,0,0,0,0,0,0,0.0,0.0,0.0,0.0,0,0,0,0,0,0.0,0.0,0.0,0.0,44,-504,7319,157,661,667,DEF,Adam Aznou,Everton
73,56,11,0,False,2025-09-27T14:00:00Z,2.0,2.0,6,False,0,0,0,0,0,0,0,0,0,0,0,0,0,0.0,0.0,0.0,0.0,0,0,0,0,0,0.0,0.0,0.0,0.0,44,-2992,22515,59,3051,73,DEF,Adam Smith,Bournemouth
153,53,7,0,False,2025-09-27T14:00:00Z,1.0,3.0,6,False,0,0,0,0,0,0,0,0,0,0,0,0,0,0.0,0.0,0.0,0.0,0,0,0,0,0,0.0,0.0,0.0,0.0,44,-19,900,66,85,153,DEF,Adam Webster,Brighton
273,54,12,3,True,2025-09-27T14:00:00Z,2.0,1.0,6,False,61,0,0,1,0,0,0,0,0,0,0,0,21,13.0,48.3,5.0,6.6,1,4,1,6,1,0.04,0.44,0.48,1.03,50,1313,49122,4578,3265,273,MID,Adam Wharton,Crystal Palace
176,53,7,0,False,2025-09-27T14:00:00Z,1.0,3.0,6,False,0,0,0,0,0,0,0,0,0,0,0,0,0,0.0,0.0,0.0,0.0,0,0,0,0,0,0.0,0.0,0.0,0.0,45,-579,4026,139,718,176,MID,Adrian Mazilu,Brighton
74,56,11,3,False,2025-09-27T14:00:00Z,2.0,2.0,6,False,90,0,0,0,2,0,0,0,0,0,0,0,15,29.0,5.0,2.0,3.6,8,7,5,13,1,0.0,0.02,0.02,1.84,45,73628,231856,90069,16441,74,DEF,Adrien Truffert,Bournemouth
562,59,16,0,False,2025-09-27T16:30:00Z,0.0,1.0,6,False,0,0,0,0,0,0,0,0,0,0,0,0,0,0.0,0.0,0.0,0.0,0,0,0,0,0,0.0,0.0,0.0,0.0,44,-1712,49291,3020,4732,562,FWD,Ahmed Abdullahi,Sunderland
533,59,16,0,False,2025-09-27T16:30:00Z,0.0,1.0,6,False,0,0,0,0,0,0,0,0,0,0,0,0,0,0.0,0.0,0.0,0.0,0,0,0,0,0,0.0,0.0,0.0,0.0,40,-19,489,25,44,533,DEF,Aji Alese,Sunderland
555,59,16,0,False,2025-09-27T16:30:00Z,0.0,1.0,6,False,0,0,0,0,0,0,0,0,0,0,0,0,0,0.0,0.0,0.0,0.0,0,0,0,0,0,0.0,0.0,0.0,0.0,45,-789,6183,0,789,555,MID,Alan Browne,Sunderland
29,58,15,0,False,2025-09-28T15:30:00Z,1.0,2.0,6,False,0,0,0,0,0,0,0,0,0,0,0,0,0,0.0,0.0,0.0,0.0,0,0,0,0,0,0.0,0.0,0.0,0.0,45,-994,9353,0,994,29,MID,Albert Sambi Lokonga,Arsenal
453,53,6,0,True,2025-09-27T14:00:00Z,1.0,3.0,6,False,0,0,0,0,0,0,0,0,0,0,0,0,0,0.0,0.0,0.0,0.0,0,0,0,0,0,0.0,0.0,0.0,0.0,64,-3957,36762,2790,6747,453,MID,Alejandro Garnacho Ferreyra,Chelsea
499,54,8,2,False,2025-09-27T14:00:00Z,2.0,1.0,6,False,83,0,0,0,1,0,0,0,0,0,0,0,-5,0.0,1.2,15.0,0.9,0,4,0,4,1,0.43,0.0,0.43,2.36,105,254435,1506841,444440,190005,499,FWD,Alexander Isak,Liverpool
386,54,8,2,False,2025-09-27T14:00:00Z,2.0,1.0,6,False,64,0,0,0,1,0,0,0,0,0,0,0,14,6.8,13.5,2.0,2.2,2,2,0,4,1,0.04,0.04,0.08,2.07,64,-11774,164043,4760,16534,386,MID,Alexis Mac Allister,Liverpool
340,56,4,0,True,2025-09-27T14:00:00Z,2.0,2.0,6,False,0,0,0,0,0,0,0,0,0,0,0,0,0,0.0,0.0,0.0,0.0,0,0,0,0,0,0.0,0.0,0.0,0.0,40,-198,21673,844,1042,340,GKP,Alex Cairns,Leeds
324,51,2,2,False,2025-09-28T13:00:00Z,3.0,1.0,6,False,64,0,0,0,3,0,0,0,0,0,0,0,7,2.6,7.8,0.0,1.0,0,3,0,3,1,0.0,0.18,0.18,1.11,65,42466,212559,60486,18020,324,MID,Alex Iwobi,Fulham
481,58,1,0,True,2025-09-28T15:30:00Z,1.0,2.0,6,False,0,0,0,0,0,0,0,0,0,0,0,0,0,0.0,0.0,0.0,0.0,0,0,0,0,0,0.0,0.0,0.0,0.0,39,101,81435,5475,5374,481,DEF,Alex Murphy,Newcastle
70,56,11,0,False,2025-09-27T14:00:00Z,2.0,2.0,6,False,0,0,0,0,0,0,0,0,0,0,0,0,0,0.0,0.0,0.0,0.0,0,0,0,0,0,0.0,0.0,0.0,0.0,40,-801,10955,0,801,70,GKP,Alex Paulsen,Bournemouth
90,56,11,1,False,2025-09-27T14:00:00Z,2.0,2.0,6,False,30,0,0,0,0,0,0,0,0,0,0,0,3,3.8,6.3,0.0,1.0,1,0,0,1,0,0.0,0.03,0.03,0.48,50,11169,40959,16051,4882,90,MID,Alex Scott,Bournemouth
641,60,18,0,False,2025-09-27T19:00:00Z,1.0,1.0,6,False,0,0,0,0,0,0,0,0,0,0,0,0,0,0.0,0.0,0.0,0.0,0,0,0,0,0,0.0,0.0,0.0,0.0,39,-289,139962,6588,6877,641,DEF,Alfie Pond,Wolves
366,54,8,2,False,2025-09-27T14:00:00Z,2.0,1.0,6,False,90,0,0,0,2,0,0,0,0,0,5,0,21,46.2,0.0,0.0,4.6,0,10,0,0,1,0.0,0.0,0.0,2.92,55,-42059,1268235,33286,75345,366,GKP,Alisson Becker,Liverpool
600,55,9,3,False,2025-09-29T19:00:00Z,1.0,1.0,6,False,90,0,0,0,1,0,0,0,0,0,5,0,20,40.0,0.0,0.0,4.0,2,9,0,0,1,0.0,0.0,0.0,0.73,43,-21584,280284,4373,25957,600,GKP,Alphonse Areola,West Ham
431,52,5,2,False,2025-09-27T11:30:00Z,3.0,1.0,6,False,90,0,0,0,3,0,0,0,0,0,5,0,11,44.4,0.0,0.0,4.4,2,5,0,0,1,0.0,0.01,0.01,2.02,50,2788,53318,6444,3656,431,GKP,Altay Bayındır,Man Utd
59,51,10,0,True,2025-09-28T13:00:00Z,3.0,1.0,6,False,0,0,0,0,0,0,0,0,0,0,0,0,0,0.0,0.0,0.0,0.0,0,0,0,0,0,0.0,0.0,0.0,0.0,49,-17587,81742,77,17664,59,MID,Amadou Onana,Aston Villa
452,52,5,0,False,2025-09-27T11:30:00Z,3.0,1.0,6,False,0,0,0,0,0,0,0,0,0,0,0,0,0,0.0,0.0,0.0,0.0,0,0,0,0,0,0.0,0.0,0.0,0.0,63,-32922,168421,7018,39940,452,MID,Amad Diallo,Man Utd
378,54,8,0,False,2025-09-27T14:00:00Z,2.0,1.0,6,False,0,0,0,0,0,0,0,0,0,0,0,0,0,0.0,0.0,0.0,0.0,0,0,0,0,0,0.0,0.0,0.0,0.0,39,-963,18236,323,1286,378,DEF,Amara Nallo,Liverpool
697,56,11,1,False,2025-09-27T14:00:00Z,2.0,2.0,6,False,59,0,0,0,2,0,0,0,0,0,0,0,9,16.8,23.1,23.0,6.3,2,3,2,7,1,0.06,0.06,0.12,1.36,55,-119,3753,401,520,697,MID,Amine Adli,Bournemouth
327,51,2,0,False,2025-09-28T13:00:00Z,3.0,1.0,6,False,0,0,0,0,0,0,0,0,0,0,0,0,0,0.0,0.0,0.0,0.0,0,0,0,0,0,0.0,0.0,0.0,0.0,53,-2228,11196,0,2228,327,MID,Andreas Hoelgebaum Pereira,Fulham
177,53,7,0,False,2025-09-27T14:00:00Z,1.0,3.0,6,False,0,0,0,0,0,0,0,0,0,0,0,0,0,0.0,0.0,0.0,0.0,0,0,0,0,0,0.0,0.0,0.0,0.0,45,-267,2917,0,267,177,MID,Andrew Moran,Brighton
372,54,8,0,False,2025-09-27T14:00:00Z,2.0,1.0,6,False,0,0,0,0,0,0,0,0,0,0,0,0,0,0.0,0.0,0.0,0.0,0,0,0,0,0,0.0,0.0,0.0,0.0,58,-7356,123334,1603,8959,372,DEF,Andrew Robertson,Liverpool
246,53,6,1,True,2025-09-27T14:00:00Z,1.0,3.0,6,False,53,0,0,0,0,0,0,0,0,0,0,0,6,6.6,11.0,0.0,1.8,0,0,2,2,1,0.0,0.01,0.01,0.13,45,5256,43067,9341,4085,246,MID,Andrey Nascimento dos Santos,Chelsea
711,58,15,0,False,2025-09-28T15:30:00Z,1.0,2.0,6,False,0,0,0,0,0,0,0,0,0,0,0,0,0,0.0,0.0,0.0,0.0,0,0,0,0,0,0.0,0.0,0.0,0.0,45,44,1151,166,122,711,MID,Andre Harriman-Annous,Arsenal
42,51,10,0,True,2025-09-28T13:00:00Z,3.0,1.0,6,False,0,0,0,0,0,0,0,0,0,0,0,0,0,0.0,0.0,0.0,0.0,0,0,0,0,0,0.0,0.0,0.0,0.0,39,1237,27427,3059,1822,42,DEF,Andrés García,Aston Villa
432,52,5,0,False,2025-09-27T11:30:00Z,3.0,1.0,6,False,0,0,0,0,0,0,0,0,0,0,0,0,0,0.0,0.0,0.0,0.0,0,0,0,0,0,0.0,0.0,0.0,0.0,49,-2153,23172,0,2153,432,GKP,André Onana,Man Utd
643,60,18,5,False,2025-09-27T19:00:00Z,1.0,1.0,6,False,90,0,0,0,1,0,0,0,0,0,0,1,18,15.8,1.3,2.0,1.9,5,7,3,15,1,0.0,0.03,0.03,0.87,54,-946,8322,98,1044,643,MID,André Trindade da Costa Neto,Wolves
621,55,9,1,False,2025-09-29T19:00:00Z,1.0,1.0,6,False,1,0,0,0,0,0,0,0,0,0,0,0,3,0.0,0.0,0.0,0.0,0,0,0,0,0,0.0,0.0,0.0,0.0,44,5935,38176,9722,3787,621,MID,Andy Irving,West Ham
675,59,17,0,True,2025-09-27T16:30:00Z,0.0,1.0,6,False,0,0,0,0,0,0,0,0,0,0,0,0,0,0.0,0.0,0.0,0.0,0,0,0,0,0,0.0,0.0,0.0,0.0,40,-3441,197060,2970,6411,675,GKP,Angus Gunn,Nott'm Forest
486,58,1,1,True,2025-09-28T15:30:00Z,1.0,2.0,6,False,24,0,0,0,2,0,0,0,0,0,0,0,3,0.6,1.0,5.0,0.7,0,0,0,0,0,0.04,0.03,0.07,0.49,69,-164249,631060,11110,175359,486,MID,Anthony Elanga,Newcastle
485,58,1,3,True,2025-09-28T15:30:00Z,1.0,2.0,6,False,66,0,0,1,0,0,0,0,0,0,0,0,15,13.0,11.4,9.0,3.3,0,2,3,5,1,0.05,0.02,0.07,1.56,74,12925,123270,21964,9039,485,MID,Anthony Gordon,Newcastle
528,59,16,0,False,2025-09-27T16:30:00Z,0.0,1.0,6,False,0,0,0,0,0,0,0,0,0,0,0,0,0,0.0,0.0,0.0,0.0,0,0,0,0,0,0.0,0.0,0.0,0.0,44,-1697,26359,416,2113,528,GKP,Anthony Patterson,Sunderland
82,56,11,7,False,2025-09-27T14:00:00Z,2.0,2.0,6,False,90,1,0,0,2,0,0,0,0,0,0,0,22,42.4,16.6,9.0,6.8,1,4,2,7,1,0.21,0.05,0.26,1.84,77,829701,6177600,895631,65930,82,MID,Antoine Semenyo,Man City
316,51,2,1,False,2025-09-28T13:00:00Z,3.0,1.0,6,False,10,0,0,0,0,0,0,0,0,0,0,0,3,1.8,1.3,0.0,0.3,0,0,0,0,0,0.0,0.02,0.02,0.0,50,-5517,93573,6093,11610,316,DEF,Antonee Robinson,Fulham
122,52,14,0,True,2025-09-27T11:30:00Z,3.0,1.0,6,False,0,0,0,0,0,0,0,0,0,0,0,0,0,0.0,0.0,0.0,0.0,0,0,0,0,0,0.0,0.0,0.0,0.0,53,-349,5336,175,524,122,MID,Antoni Milambo,Brentford
454,52,5,0,False,2025-09-27T11:30:00Z,3.0,1.0,6,False,0,0,0,0,0,0,0,0,0,0,0,0,0,0.0,0.0,0.0,0.0,0,0,0,0,0,0.0,0.0,0.0,0.0,59,-540,8590,0,540,454,MID,Antony dos Santos,Man Utd
660,56,4,2,True,2025-09-27T14:00:00Z,2.0,2.0,6,False,90,0,0,0,2,0,0,0,0,0,0,0,10,7.0,15.6,0.0,2.3,0,5,2,7,1,0.0,0.01,0.01,0.82,50,271094,341601,322654,51560,660,MID,Anton Stach,Leeds
567,60,20,0,True,2025-09-27T19:00:00Z,1.0,1.0,6,False,0,0,0,0,0,0,0,0,0,0,0,0,0,0.0,0.0,0.0,0.0,0,0,0,0,0,0.0,0.0,0.0,0.0,39,-6659,173446,6445,13104,567,GKP,Antonín Kinský,Spurs
492,58,1,0,True,2025-09-28T15:30:00Z,1.0,2.0,6,False,0,0,0,0,0,0,0,0,0,0,0,0,0,0.0,0.0,0.0,0.0,0,0,0,0,0,0.0,0.0,0.0,0.0,49,-435,3698,57,492,492,MID,Antoñito Cordero Campillo,Newcastle
591,60,20,0,True,2025-09-27T19:00:00Z,1.0,1.0,6,False,0,0,0,0,0,0,0,0,0,0,0,0,0,0.0,0.0,0.0,0.0,0,0,0,0,0,0.0,0.0,0.0,0.0,49,-575,14018,580,1155,591,MID,Archie Gray,Spurs
680,57,13,1,False,2025-09-27T14:00:00Z,5.0,1.0,6,False,10,0,0,0,2,0,0,0,0,0,0,0,3,0.0,0.5,2.0,0.3,0,0,0,0,0,0.0,0.0,0.0,0.78,53,-1424,16508,736,2160,680,FWD,Armando Broja,Burnley
696,59,17,1,True,2025-09-27T16:30:00Z,0.0,1.0,6,False,1,0,0,0,0,0,0,0,0,0,0,0,3,0.0,0.3,0.0,0.0,0,0,0,0,0,0.0,0.0,0.0,0.27,60,-177,10470,1151,1328,696,FWD,Arnaud Kalimuendo,Nott'm Forest
678,59,16,0,False,2025-09-27T16:30:00Z,0.0,1.0,6,False,58,0,0,0,0,0,0,0,1,0,0,0,3,8.8,4.8,7.0,2.1,2,1,2,4,1,0.07,0.01,0.08,0.45,40,-2191,71778,1200,3391,678,DEF,Arthur Masuaku,Sunderland
274,54,12,0,True,2025-09-27T14:00:00Z,2.0,1.0,6,False,0,0,0,0,0,0,0,0,0,0,0,0,0,0.0,0.0,0.0,0.0,0,0,0,0,0,0.0,0.0,0.0,0.0,45,-112,6123,338,450,274,MID,Asher Agbinone,Crystal Palace
218,57,13,0,False,2025-09-27T14:00:00Z,5.0,1.0,6,False,0,0,0,0,0,0,0,0,0,0,0,0,0,0.0,0.0,0.0,0.0,0,0,0,0,0,0.0,0.0,0.0,0.0,44,-9006,188228,12132,21138,218,FWD,Ashley Barnes,Burnley
576,60,20,0,True,2025-09-27T19:00:00Z,1.0,1.0,6,False,0,0,0,0,0,0,0,0,0,0,0,0,0,0.0,0.0,0.0,0.0,0,0,0,0,0,0.0,0.0,0.0,0.0,40,-102,1850,0,102,576,DEF,Ashley Phillips,Spurs
198,57,13,0,False,2025-09-27T14:00:00Z,5.0,1.0,6,False,0,0,0,0,0,0,0,0,0,0,0,0,0,0.0,0.0,0.0,0.0,0,0,0,0,0,0.0,0.0,0.0,0.0,39,-4429,227011,13130,17559,198,DEF,Axel Tuanzebe,Burnley
447,52,5,0,False,2025-09-27T11:30:00Z,3.0,1.0,6,False,0,0,0,0,0,0,0,0,0,0,0,0,0,0.0,0.0,0.0,0.0,0,0,0,0,0,0.0,0.0,0.0,0.0,39,2318,142581,14993,12675,447,DEF,Ayden Heaven,Man Utd
685,56,11,3,False,2025-09-27T14:00:00Z,2.0,2.0,6,False,90,0,0,0,2,0,0,0,0,0,0,0,11,31.4,2.1,0.0,3.4,13,3,1,14,1,0.0,0.02,0.02,1.84,45,6339,57406,10673,4334,685,DEF,Bafodé Diakité,Bournemouth
139,53,7,2,False,2025-09-27T14:00:00Z,1.0,3.0,6,False,90,0,0,0,1,0,0,0,0,0,2,0,8,11.8,0.0,0.0,1.2,1,8,0,0,1,0.0,0.0,0.0,1.81,45,-59746,568106,9812,69558,139,GKP,Bart Verbruggen,Brighton
193,57,13,0,False,2025-09-27T14:00:00Z,5.0,1.0,6,False,2,0,0,0,2,0,0,0,0,0,0,0,-5,0.2,0.0,0.0,0.0,0,0,0,0,0,0.0,0.0,0.0,0.62,40,-100,6786,268,368,193,DEF,Bashir Humphreys,Burnley
639,60,18,0,False,2025-09-27T19:00:00Z,1.0,1.0,6,False,0,0,0,0,0,0,0,0,0,0,0,0,0,0.0,0.0,0.0,0.0,0,0,0,0,0,0.0,0.0,0.0,0.0,40,-46,1067,0,46,639,DEF,Bastien Meupiyou Menadjou,Wolves
114,52,14,0,True,2025-09-27T11:30:00Z,3.0,1.0,6,False,0,0,0,0,0,0,0,0,0,0,0,0,0,0.0,0.0,0.0,0.0,0,0,0,0,0,0.0,0.0,0.0,0.0,40,-834,30886,986,1820,114,DEF,Benjamin Arthur,Brentford
115,52,14,0,True,2025-09-27T11:30:00Z,3.0,1.0,6,False,0,0,0,0,0,0,0,0,0,0,0,0,0,0.0,0.0,0.0,0.0,0,0,0,0,0,0.0,0.0,0.0,0.0,40,-1718,15804,126,1844,115,DEF,Benjamin Fredrick,Brentford
664,51,2,0,False,2025-09-28T13:00:00Z,3.0,1.0,6,False,0,0,0,0,0,0,0,0,0,0,0,0,0,0.0,0.0,0.0,0.0,0,0,0,0,0,0.0,0.0,0.0,0.0,40,-2239,84442,854,3093,664,GKP,Benjamin Lecomte,Fulham
681,52,5,8,False,2025-09-27T11:30:00Z,3.0,1.0,6,False,90,1,0,0,3,0,0,0,0,0,0,2,33,48.0,12.7,120.0,18.1,2,1,0,3,1,0.89,0.01,0.9,2.02,73,-32523,542787,36241,68764,681,FWD,Benjamin Sesko,Man Utd
11,58,15,0,False,2025-09-28T15:30:00Z,1.0,2.0,6,False,0,0,0,0,0,0,0,0,0,0,0,0,0,0.0,0.0,0.0,0.0,0,0,0,0,0,0.0,0.0,0.0,0.0,54,-4042,53924,1073,5115,11,DEF,Benjamin White,Arsenal
229,53,6,-1,True,2025-09-27T14:00:00Z,1.0,3.0,6,False,11,0,0,0,2,0,0,0,1,0,0,0,-8,1.4,0.3,0.0,0.2,1,2,0,1,0,0.0,0.0,0.0,1.24,44,-43,1072,30,73,229,DEF,Benoît Badiashile Mukinayi,Chelsea
60,51,10,0,True,2025-09-28T13:00:00Z,3.0,1.0,6,False,0,0,0,0,0,0,0,0,0,0,0,0,0,0.0,0.0,0.0,0.0,0,0,0,0,0,0.0,0.0,0.0,0.0,45,551,40250,4102,3551,60,MID,Ben Broggio,Aston Villa
571,60,20,0,True,2025-09-27T19:00:00Z,1.0,1.0,6,False,0,0,0,0,0,0,0,0,0,0,0,0,0,0.0,0.0,0.0,0.0,0,0,0,0,0,0.0,0.0,0.0,0.0,44,-913,10166,152,1065,571,DEF,Ben Davies,Spurs
391,56,11,1,False,2025-09-27T14:00:00Z,2.0,2.0,6,False,17,0,0,0,0,0,0,0,0,0,0,0,0,1.0,1.2,5.0,0.7,1,0,0,1,0,0.09,0.01,0.1,0.21,50,-592,5566,129,721,391,MID,Ben Gannon-Doak,Bournemouth
96,56,11,0,False,2025-09-27T14:00:00Z,2.0,2.0,6,False,0,0,0,0,0,0,0,0,0,0,0,0,0,0.0,0.0,0.0,0.0,0,0,0,0,0,0.0,0.0,0.0,0.0,45,-888,6250,0,888,96,MID,Ben Winterburn,Bournemouth
416,57,3,1,True,2025-09-27T14:00:00Z,5.0,1.0,6,False,7,0,0,0,0,0,0,0,0,0,0,0,3,0.2,1.0,0.0,0.1,0,0,0,0,0,0.0,0.0,0.0,0.0,64,595,78069,7589,6994,416,MID,Bernardo Mota Veiga de Carvalho e Silva,Man City
314,51,2,1,False,2025-09-28T13:00:00Z,3.0,1.0,6,False,90,0,0,0,3,0,0,0,0,0,1,0,0,9.2,0.0,0.0,0.9,1,12,0,0,1,0.0,0.0,0.0,1.11,50,-5974,186339,6336,12310,314,GKP,Bernd Leno,Fulham
735,59,16,1,False,2025-09-27T16:30:00Z,0.0,1.0,6,False,31,0,0,0,0,0,0,0,0,0,0,0,10,10.2,10.7,17.0,3.8,2,2,1,5,0,0.05,0.01,0.06,1.23,55,74,1367,269,195,735,MID,Bertrand Traoré,Sunderland
530,59,16,0,False,2025-09-27T16:30:00Z,0.0,1.0,6,False,0,0,0,0,0,0,0,0,0,0,0,0,0,0.0,0.0,0.0,0.0,0,0,0,0,0,0.0,0.0,0.0,0.0,40,-410,16029,225,635,530,GKP,Blondy Nna Noukeu,Sunderland
259,54,12,0,True,2025-09-27T14:00:00Z,2.0,1.0,6,False,0,0,0,0,0,0,0,0,0,0,0,0,0,0.0,0.0,0.0,0.0,0,0,0,0,0,0.0,0.0,0.0,0.0,49,-774,14425,459,1233,259,DEF,Borna Sosa,Crystal Palace
58,51,10,1,True,2025-09-28T13:00:00Z,3.0,1.0,6,False,18,0,0,0,0,0,0,0,0,0,0,0,5,7.6,0.7,0.0,0.8,4,1,1,6,0,0.0,0.01,0.01,0.2,49,2050,15946,3151,1101,58,MID,Boubacar Kamara,Aston Villa
649,60,18,0,False,2025-09-27T19:00:00Z,1.0,1.0,6,False,0,0,0,0,0,0,0,0,0,0,0,0,0,0.0,0.0,0.0,0.0,0,0,0,0,0,0.0,0.0,0.0,0.0,50,-3,136,0,3,649,MID,Boubacar Traoré,Wolves
702,51,10,0,True,2025-09-28T13:00:00Z,3.0,1.0,6,False,0,0,0,0,0,0,0,0,0,0,0,0,0,0.0,0.0,0.0,0.0,0,0,0,0,0,0.0,0.0,0.0,0.0,45,-87,9131,639,726,702,MID,Bradley Burrowes,Aston Villa
162,53,7,4,False,2025-09-27T14:00:00Z,1.0,3.0,6,False,23,0,1,0,0,0,0,0,0,0,0,0,16,20.0,14.8,2.0,3.7,0,1,1,2,0,0.0,0.33,0.33,0.43,54,-747,9880,1055,1802,162,MID,Brajan Gruda,Brighton
566,60,20,0,True,2025-09-27T19:00:00Z,1.0,1.0,6,False,0,0,0,0,0,0,0,0,0,0,0,0,0,0.0,0.0,0.0,0.0,0,0,0,0,0,0.0,0.0,0.0,0.0,40,-1013,29456,403,1416,566,GKP,Brandon Austin,Spurs
13,58,15,0,False,2025-09-28T15:30:00Z,1.0,2.0,6,False,0,0,0,0,0,0,0,0,0,0,0,0,0,0.0,0.0,0.0,0.0,0,0,0,0,0,0.0,0.0,0.0,0.0,40,-1775,60287,2387,4162,13,DEF,Brayden Clarke,Arsenal
350,56,4,4,True,2025-09-27T14:00:00Z,2.0,2.0,6,False,86,0,1,0,1,0,0,0,1,0,0,0,19,7.8,12.3,35.0,5.5,2,2,2,6,1,0.47,0.02,0.49,0.58,54,-112,6311,623,735,350,MID,Brenden Aaronson,Leeds
580,60,20,1,True,2025-09-27T19:00:00Z,1.0,1.0,6,False,28,0,0,0,0,0,0,0,0,0,0,0,3,2.0,0.1,0.0,0.2,1,0,0,1,0,0.0,0.0,0.0,0.15,70,-224580,701655,17480,242060,580,MID,Brennan Johnson,Crystal Palace
730,59,16,1,False,2025-09-27T16:30:00Z,0.0,1.0,6,False,5,0,0,0,0,0,0,0,0,0,0,0,2,2.4,0.2,0.0,0.3,1,2,0,3,0,0.0,0.0,0.0,0.07,55,-605,6990,1165,1770,730,FWD,Brian Brobbey,Sunderland
449,52,5,-1,False,2025-09-27T11:30:00Z,3.0,1.0,6,False,90,0,0,0,3,0,0,1,1,0,0,0,3,17.6,12.7,17.0,4.7,4,6,1,11,1,0.79,0.01,0.8,2.02,90,330650,2565237,492040,161390,449,MID,Bruno Borges Fernandes,Man Utd
488,58,1,2,True,2025-09-28T15:30:00Z,1.0,2.0,6,False,90,0,0,0,2,0,0,0,0,0,0,0,10,9.4,26.3,2.0,3.8,1,1,2,4,1,0.0,0.22,0.22,2.04,65,-39758,247756,5568,45326,488,MID,Bruno Guimarães Rodriguez Moura,Newcastle
590,60,20,0,True,2025-09-27T19:00:00Z,1.0,1.0,6,False,0,0,0,0,0,0,0,0,0,0,0,0,0,0.0,0.0,0.0,0.0,0,0,0,0,0,0.0,0.0,0.0,0.0,49,-571,4682,39,610,590,MID,Bryan Gil Salvatierra,Spurs
119,52,5,2,False,2025-09-27T11:30:00Z,3.0,1.0,6,False,90,0,0,0,3,0,0,0,0,0,0,0,10,10.8,40.3,10.0,6.1,0,0,2,2,1,0.0,0.07,0.07,2.02,81,26590,1865126,209177,182587,119,MID,Bryan Mbeumo,Man Utd
16,58,15,2,False,2025-09-28T15:30:00Z,1.0,2.0,6,False,69,0,0,0,1,0,0,0,0,0,0,0,10,4.4,11.4,30.0,4.6,0,5,0,5,1,0.08,0.01,0.09,0.53,98,170221,603258,223085,52864,16,MID,Bukayo Saka,Arsenal
265,54,12,0,True,2025-09-27T14:00:00Z,2.0,1.0,6,False,0,0,0,0,0,0,0,0,0,0,0,0,0,0.0,0.0,0.0,0.0,0,0,0,0,0,0.0,0.0,0.0,0.0,40,-7,1830,106,113,265,DEF,Caleb Kporha,Crystal Palace
69,56,11,0,False,2025-09-27T14:00:00Z,2.0,2.0,6,False,0,0,0,0,0,0,0,0,0,0,0,0,0,0.0,0.0,0.0,0.0,0,0,0,0,0,0.0,0.0,0.0,0.0,40,-373,25697,695,1068,69,GKP,Callan McKenna,Bournemouth
306,55,19,0,True,2025-09-29T19:00:00Z,1.0,1.0,6,False,0,0,0,0,0,0,0,0,0,0,0,0,0,0.0,0.0,0.0,0.0,0,0,0,0,0,0.0,0.0,0.0,0.0,45,-76,8849,811,887,306,MID,Callum Bates,Everton
516,59,17,1,True,2025-09-27T16:30:00Z,0.0,1.0,6,False,30,0,0,0,0,0,0,0,0,0,0,0,5,5.8,23.3,8.0,3.7,0,0,0,0,0,0.0,0.05,0.05,0.46,60,-25997,164596,8417,34414,516,MID,Callum Hudson-Odoi,Nott'm Forest
626,55,9,0,False,2025-09-29T19:00:00Z,1.0,1.0,6,False,0,0,0,0,0,0,0,0,0,0,0,0,0,0.0,0.0,0.0,0.0,0,0,0,0,0,0.0,0.0,0.0,0.0,44,-958,85292,6241,7199,626,FWD,Callum Marshall,West Ham
595,60,20,0,True,2025-09-27T19:00:00Z,1.0,1.0,6,False,0,0,0,0,0,0,0,0,0,0,0,0,0,0.0,0.0,0.0,0.0,0,0,0,0,0,0.0,0.0,0.0,0.0,44,180,26033,2454,2274,595,MID,Callum Olusesi,Spurs
671,55,9,0,False,2025-09-29T19:00:00Z,1.0,1.0,6,False,0,0,0,0,0,0,0,0,0,0,0,0,0,0.0,0.0,0.0,0.0,0,0,0,0,0,0.0,0.0,0.0,0.0,59,-2992,52305,4269,7261,671,FWD,Callum Wilson,West Ham
318,51,2,0,False,2025-09-28T13:00:00Z,3.0,1.0,6,False,90,0,0,0,3,0,0,0,1,0,0,0,0,16.6,11.8,0.0,2.8,4,7,2,6,1,0.0,0.01,0.01,1.11,45,2068,67768,5993,3925,318,DEF,Calvin Bassey,Fulham
380,54,8,0,False,2025-09-27T14:00:00Z,2.0,1.0,6,False,0,0,0,0,0,0,0,0,0,0,0,0,0,0.0,0.0,0.0,0.0,0,0,0,0,0,0.0,0.0,0.0,0.0,39,-1215,26263,697,1912,380,DEF,Calvin Ramsay,Liverpool
101,52,14,8,True,2025-09-27T11:30:00Z,3.0,1.0,6,False,90,0,0,0,1,0,1,0,0,0,5,0,25,56.4,10.0,0.0,6.6,1,5,0,0,1,0.0,0.0,0.0,2.08,45,-71964,991276,19859,91823,101,GKP,Caoimhín Kelleher,Brentford
301,55,19,0,True,2025-09-29T19:00:00Z,1.0,1.0,6,False,0,0,0,0,0,0,0,0,0,0,0,0,0,0.0,0.0,0.0,0.0,0,0,0,0,0,0.0,0.0,0.0,0.0,53,-872,11850,522,1394,301,MID,Carlos Alcaraz Durán,Everton
167,53,7,2,False,2025-09-27T14:00:00Z,1.0,3.0,6,False,66,0,0,0,1,0,0,0,0,0,0,0,5,2.0,2.2,2.0,0.6,4,5,0,9,1,0.01,0.01,0.02,1.38,48,-34741,304700,10468,45209,167,MID,Carlos Baleba,Brighton
457,52,5,0,False,2025-09-27T11:30:00Z,3.0,1.0,6,False,0,0,0,0,0,0,0,0,0,0,0,0,0,0.0,0.0,0.0,0.0,0,0,0,0,0,0.0,0.0,0.0,0.0,55,-4201,23764,530,4731,457,MID,Carlos Henrique Casimiro,Man Utd
503,59,17,0,True,2025-09-27T16:30:00Z,0.0,1.0,6,False,0,0,0,0,0,0,0,0,0,0,0,0,0,0.0,0.0,0.0,0.0,0,0,0,0,0,0.0,0.0,0.0,0.0,40,-1058,12796,0,1058,503,GKP,Carlos Miguel dos Santos Pereira,Nott'm Forest
141,53,7,0,False,2025-09-27T14:00:00Z,1.0,3.0,6,False,0,0,0,0,0,0,0,0,0,0,0,0,0,0.0,0.0,0.0,0.0,0,0,0,0,0,0.0,0.0,0.0,0.0,40,-14,329,0,14,141,GKP,Carl Rushworth,Brighton
262,54,12,0,True,2025-09-27T14:00:00Z,2.0,1.0,6,False,0,0,0,0,0,0,0,0,0,0,0,0,0,0.0,0.0,0.0,0.0,0,0,0,0,0,0.0,0.0,0.0,0.0,40,4,841,90,86,262,DEF,Chadi Riad Dnanou,Crystal Palace
181,53,7,0,False,2025-09-27T14:00:00Z,1.0,3.0,6,False,0,0,0,0,0,0,0,0,0,0,0,0,0,0.0,0.0,0.0,0.0,0,0,0,0,0,0.0,0.0,0.0,0.0,49,-1463,37434,2708,4171,181,FWD,Charalampos Kostoulas,Brighton
359,56,4,0,True,2025-09-27T14:00:00Z,2.0,2.0,6,False,0,0,0,0,0,0,0,0,0,0,0,0,0,0.0,0.0,0.0,0.0,0,0,0,0,0,0.0,0.0,0.0,0.0,45,-50,598,0,50,359,MID,Charlie Crew,Leeds
156,53,7,0,False,2025-09-27T14:00:00Z,1.0,3.0,6,False,0,0,0,0,0,0,0,0,0,0,0,0,0,0.0,0.0,0.0,0.0,0,0,0,0,0,0.0,0.0,0.0,0.0,40,-194,16845,773,967,156,DEF,Charlie Tasker,Brighton
268,54,12,0,True,2025-09-27T14:00:00Z,2.0,1.0,6,False,0,0,0,0,0,0,0,0,0,0,0,0,0,0.0,0.0,0.0,0.0,0,0,0,0,0,0.0,0.0,0.0,0.0,49,10,380,39,29,268,MID,Cheick Doucouré,Crystal Palace
553,59,16,3,False,2025-09-27T16:30:00Z,0.0,1.0,6,False,84,0,0,1,0,0,0,0,0,0,0,0,8,3.4,1.9,6.0,1.1,1,4,2,7,1,0.05,0.03,0.07,1.61,50,-3245,30376,1066,4311,553,MID,Chemsdine Talbi,Sunderland
467,52,5,0,False,2025-09-27T11:30:00Z,3.0,1.0,6,False,0,0,0,0,0,0,0,0,0,0,0,0,0,0.0,0.0,0.0,0.0,0,0,0,0,0,0.0,0.0,0.0,0.0,44,-10174,166978,5614,15788,467,FWD,Chido Obi,Man Utd
732,54,12,0,True,2025-09-27T14:00:00Z,2.0,1.0,6,False,0,0,0,0,0,0,0,0,0,0,0,0,0,0.0,0.0,0.0,0.0,0,0,0,0,0,0.0,0.0,0.0,0.0,55,-218,2964,552,770,732,FWD,Christantus Uche,Crystal Palace
24,58,15,0,False,2025-09-28T15:30:00Z,1.0,2.0,6,False,0,0,0,0,0,0,0,0,0,0,0,0,0,0.0,0.0,0.0,0.0,0,0,0,0,0,0.0,0.0,0.0,0.0,53,-1649,20407,476,2125,24,MID,Christian Nørgaard,Arsenal
240,53,6,0,True,2025-09-27T14:00:00Z,1.0,3.0,6,False,0,0,0,0,0,0,0,0,0,0,0,0,0,0.0,0.0,0.0,0.0,0,0,0,0,0,0.0,0.0,0.0,0.0,59,-867,12264,0,867,240,MID,Christopher Nkunku,Chelsea
79,56,11,0,False,2025-09-27T14:00:00Z,2.0,2.0,6,False,0,0,0,0,0,0,0,0,0,0,0,0,0,0.0,0.0,0.0,0.0,0,0,0,0,0,0.0,0.0,0.0,0.0,40,-1431,13482,0,1431,79,DEF,Chris Mepham,Bournemouth
261,54,12,4,True,2025-09-27T14:00:00Z,2.0,1.0,6,False,90,0,0,0,1,0,0,0,0,0,0,0,7,19.8,0.2,0.0,2.0,10,0,3,13,1,0.0,0.0,0.0,2.14,45,47862,313916,111992,64130,261,DEF,Chris Richards,Crystal Palace
551,59,16,1,False,2025-09-27T16:30:00Z,0.0,1.0,6,False,58,0,0,0,0,0,0,0,0,0,0,0,1,3.6,2.1,1.0,0.7,1,3,1,5,1,0.06,0.01,0.07,0.45,48,114,5408,527,413,551,MID,Chris Rigg,Sunderland
525,59,17,2,True,2025-09-27T16:30:00Z,0.0,1.0,6,False,89,0,0,0,1,0,0,0,0,0,0,0,0,0.0,2.0,44.0,4.2,2,1,0,3,1,0.78,0.0,0.78,0.92,75,-451283,2126654,95146,546429,525,FWD,Chris Wood,Nott'm Forest
425,57,3,0,True,2025-09-27T14:00:00Z,5.0,1.0,6,False,0,0,0,0,0,0,0,0,0,0,0,0,0,0.0,0.0,0.0,0.0,0,0,0,0,0,0.0,0.0,0.0,0.0,54,-89,1464,0,89,425,MID,Claudio Echeverri,Man City
307,55,19,0,True,2025-09-29T19:00:00Z,1.0,1.0,6,False,0,0,0,0,0,0,0,0,0,0,0,0,0,0.0,0.0,0.0,0.0,0,0,0,0,0,0.0,0.0,0.0,0.0,45,-93,4819,318,411,307,MID,Coby Ebere,Everton
384,54,8,1,False,2025-09-27T14:00:00Z,2.0,1.0,6,False,45,0,0,0,1,0,0,0,0,0,0,0,2,0.0,12.9,16.0,2.9,0,0,0,0,0,0.15,0.02,0.17,0.85,76,-400274,1774566,88137,488411,384,MID,Cody Gakpo,Liverpool
235,53,6,0,True,2025-09-27T14:00:00Z,1.0,3.0,6,False,0,0,0,0,0,0,0,0,0,0,0,0,0,0.0,0.0,0.0,0.0,0,0,0,0,0,0.0,0.0,0.0,0.0,104,-773273,1748801,48122,821395,235,MID,Cole Palmer,Chelsea
186,57,13,0,False,2025-09-27T14:00:00Z,5.0,1.0,6,False,0,0,0,0,0,0,0,0,0,0,0,0,0,0.0,0.0,0.0,0.0,0,0,0,0,0,0.0,0.0,0.0,0.0,44,-437,4950,17,454,186,DEF,Connor Roberts,Burnley
375,54,8,1,False,2025-09-27T14:00:00Z,2.0,1.0,6,False,45,0,0,0,1,0,0,0,0,0,0,0,7,11.0,8.2,0.0,1.9,3,1,1,4,1,0.0,0.01,0.01,2.07,50,841,16362,2350,1509,375,DEF,Conor Bradley,Liverpool
662,58,15,1,False,2025-09-28T15:30:00Z,1.0,2.0,6,False,45,0,0,0,1,0,0,0,0,0,0,0,1,3.8,0.2,0.0,0.4,4,0,0,4,1,0.0,0.0,0.0,0.41,54,-2170,25151,2561,4731,662,DEF,Cristhian Mosquera,Arsenal
569,60,20,2,True,2025-09-27T19:00:00Z,1.0,1.0,6,False,90,0,0,0,1,0,0,0,0,0,0,0,5,9.2,1.9,5.0,1.6,2,0,2,4,1,0.03,0.05,0.08,1.15,51,80927,906139,143427,62500,569,DEF,Cristian Romero,Spurs
615,55,9,2,False,2025-09-29T19:00:00Z,1.0,1.0,6,False,76,0,0,0,1,0,0,0,0,0,0,0,13,17.4,21.6,34.0,7.3,4,5,0,9,1,0.42,0.12,0.54,0.64,55,-368,7586,1120,1488,615,MID,Crysencio Summerville,West Ham
388,54,8,1,False,2025-09-27T14:00:00Z,2.0,1.0,6,False,25,0,0,0,1,0,0,0,0,0,0,0,12,4.8,17.1,1.0,2.3,0,1,0,1,0,0.04,0.26,0.3,0.85,54,-237,8917,444,681,388,MID,Curtis Jones,Liverpool
271,54,12,5,True,2025-09-27T14:00:00Z,2.0,1.0,6,False,90,0,1,0,1,0,0,0,0,0,0,0,17,2.0,12.2,2.0,1.6,0,5,3,8,1,0.0,0.04,0.04,2.14,50,-3413,12982,1791,5204,271,MID,Daichi Kamada,Crystal Palace
599,60,20,0,True,2025-09-27T19:00:00Z,1.0,1.0,6,False,0,0,0,0,0,0,0,0,0,0,0,0,0,0.0,0.0,0.0,0.0,0,0,0,0,0,0.0,0.0,0.0,0.0,44,-2126,82175,5093,7219,599,FWD,Dane Scarlett,Spurs
83,52,14,2,True,2025-09-27T11:30:00Z,3.0,1.0,6,False,74,0,0,0,1,0,0,0,0,0,0,0,6,3.6,11.1,27.0,4.2,2,1,0,3,1,0.42,0.26,0.68,1.02,60,-27218,73897,4719,31937,83,MID,Dango Ouattara,Brentford
99,56,11,0,False,2025-09-27T14:00:00Z,2.0,2.0,6,False,0,0,0,0,0,0,0,0,0,0,0,0,0,0.0,0.0,0.0,0.0,0,0,0,0,0,0.0,0.0,0.0,0.0,44,-3899,34506,2468,6367,99,FWD,Daniel Adu-Adjei,Bournemouth
531,59,16,1,False,2025-09-27T16:30:00Z,0.0,1.0,6,False,15,0,0,0,0,0,0,0,0,0,0,0,0,4.2,0.0,7.0,1.1,3,0,0,3,0,0.13,0.0,0.13,0.59,46,-22711,303335,4605,27316,531,DEF,Daniel Ballard,Sunderland
629,60,18,0,False,2025-09-27T19:00:00Z,1.0,1.0,6,False,0,0,0,0,0,0,0,0,0,0,0,0,0,0.0,0.0,0.0,0.0,0,0,0,0,0,0.0,0.0,0.0,0.0,40,-1953,80800,1322,3275,629,GKP,Daniel Bentley,Wolves
353,56,4,0,True,2025-09-27T14:00:00Z,2.0,2.0,6,False,0,0,0,0,0,0,0,0,0,0,0,0,0,0.0,0.0,0.0,0.0,0,0,0,0,0,0.0,0.0,0.0,0.0,53,-6645,21779,49,6694,353,MID,Daniel James,Leeds
256,54,12,2,True,2025-09-27T14:00:00Z,2.0,1.0,6,False,90,0,0,0,1,0,0,0,0,0,0,0,12,19.4,11.1,46.0,7.7,7,2,2,9,1,0.37,0.01,0.38,2.14,56,-190438,1472274,32270,222708,256,DEF,Daniel Muñoz Mejía,Crystal Palace
178,53,7,11,False,2025-09-27T14:00:00Z,1.0,3.0,6,False,23,2,0,0,0,0,0,0,1,0,0,3,49,65.2,0.1,54.0,11.9,2,0,0,2,0,0.75,0.0,0.75,0.43,63,-29051,213413,9514,38565,178,FWD,Danny Welbeck,Brighton
476,58,1,0,True,2025-09-28T15:30:00Z,1.0,2.0,6,False,90,0,0,0,2,0,0,0,1,0,0,0,-1,12.4,0.1,6.0,1.9,7,1,2,9,1,0.0,0.0,0.0,2.04,50,39358,719464,86667,47309,476,DEF,Dan Burn,Newcastle
669,59,17,1,True,2025-09-27T16:30:00Z,0.0,1.0,6,False,59,0,0,0,1,0,0,0,0,0,0,0,5,2.4,3.1,13.0,1.9,0,1,1,2,1,0.05,0.01,0.06,0.74,61,-60357,343591,14859,75216,669,MID,Dan Ndoye,Nott'm Forest
549,59,16,0,False,2025-09-27T16:30:00Z,0.0,1.0,6,False,0,0,0,0,0,0,0,0,0,0,0,0,0,0.0,0.0,0.0,0.0,0,0,0,0,0,0.0,0.0,0.0,0.0,49,-147,3624,90,237,549,MID,Dan Neil,Sunderland
204,57,13,0,False,2025-09-27T14:00:00Z,5.0,1.0,6,False,0,0,0,0,0,0,0,0,0,0,0,0,0,0.0,0.0,0.0,0.0,0,0,0,0,0,0.0,0.0,0.0,0.0,49,-132,1935,0,132,204,MID,Darko Churlinov,Burnley
361,56,4,0,True,2025-09-27T14:00:00Z,2.0,2.0,6,False,0,0,0,0,0,0,0,0,0,0,0,0,0,0.0,0.0,0.0,0.0,0,0,0,0,0,0.0,0.0,0.0,0.0,45,-696,5035,0,696,361,MID,Darko Gyabi,Leeds
397,54,8,0,False,2025-09-27T14:00:00Z,2.0,1.0,6,False,0,0,0,0,0,0,0,0,0,0,0,0,0,0.0,0.0,0.0,0.0,0,0,0,0,0,0.0,0.0,0.0,0.0,65,-235,8885,0,235,397,FWD,Darwin Núñez Ribeiro,Liverpool
86,56,11,1,False,2025-09-27T14:00:00Z,2.0,2.0,6,False,30,0,0,0,0,0,0,0,0,0,0,0,5,4.8,6.8,18.0,3.0,1,2,0,3,0,0.09,0.06,0.15,0.48,50,915,47888,6847,5932,86,MID,David Brooks,Bournemouth
509,59,17,0,True,2025-09-27T16:30:00Z,0.0,1.0,6,False,0,0,0,0,0,0,0,0,0,0,0,0,0,0.0,0.0,0.0,0.0,0,0,0,0,0,0.0,0.0,0.0,0.0,45,-332,3492,0,332,509,DEF,David Mota Veiga Teixeira do Carmo,Nott'm Forest
682,60,18,0,False,2025-09-27T19:00:00Z,1.0,1.0,6,False,0,0,0,0,0,0,0,0,0,0,0,0,0,0.0,0.0,0.0,0.0,0,0,0,0,0,0.0,0.0,0.0,0.0,45,-793,8578,84,877,682,DEF,David Møller Wolfe,Wolves
280,54,12,0,True,2025-09-27T14:00:00Z,2.0,1.0,6,False,0,0,0,0,0,0,0,0,0,0,0,0,0,0.0,0.0,0.0,0.0,0,0,0,0,0,0.0,0.0,0.0,0.0,45,-9,187,0,9,280,MID,David Ozoh,Crystal Palace
1,58,15,2,False,2025-09-28T15:30:00Z,1.0,2.0,6,False,90,0,0,0,1,0,0,0,0,0,2,0,11,15.8,0.0,0.0,1.6,2,10,0,0,1,0.0,0.01,0.01,0.61,56,227251,3029654,357846,130595,1,GKP,David Raya Martín,Arsenal
253,54,12,3,True,2025-09-27T14:00:00Z,2.0,1.0,6,False,90,0,0,0,1,0,0,0,0,0,3,0,14,21.4,0.0,0.0,2.1,0,9,0,0,1,0.0,0.0,0.0,2.14,50,-52745,913168,22918,75663,253,GKP,Dean Henderson,Crystal Palace
21,58,15,9,False,2025-09-28T15:30:00Z,1.0,2.0,6,False,90,0,1,0,1,0,0,0,0,0,0,2,33,47.6,53.7,4.0,10.5,4,5,3,12,1,0.0,0.2,0.2,0.61,65,-69243,949283,28350,97593,21,MID,Declan Rice,Arsenal
583,60,20,0,True,2025-09-27T19:00:00Z,1.0,1.0,6,False,0,0,0,0,0,0,0,0,0,0,0,0,0,0.0,0.0,0.0,0.0,0,0,0,0,0,0.0,0.0,0.0,0.0,64,-46,1468,35,81,583,MID,Dejan Kulusevski,Spurs
535,59,16,0,False,2025-09-27T16:30:00Z,0.0,1.0,6,False,0,0,0,0,0,0,0,0,0,0,0,0,0,0.0,0.0,0.0,0.0,0,0,0,0,0,0.0,0.0,0.0,0.0,40,-145,1820,34,179,535,DEF,Dennis Cirkin,Sunderland
435,52,5,0,False,2025-09-27T11:30:00Z,3.0,1.0,6,False,0,0,0,0,0,0,0,0,0,0,0,0,0,0.0,0.0,0.0,0.0,0,0,0,0,0,0.0,0.0,0.0,0.0,40,-213,12637,257,470,435,GKP,Dermot Mee,Man Utd
574,60,20,2,True,2025-09-27T19:00:00Z,1.0,1.0,6,False,83,0,0,0,1,0,0,0,0,0,0,0,9,12.6,4.3,4.0,2.1,3,4,1,4,1,0.0,0.02,0.02,1.15,44,7381,65941,13026,5645,574,DEF,Destiny Udogie,Spurs
144,53,7,0,False,2025-09-27T14:00:00Z,1.0,3.0,6,False,0,0,0,0,0,0,0,0,0,0,0,0,0,0.0,0.0,0.0,0.0,0,0,0,0,0,0.0,0.0,0.0,0.0,44,-298,6480,137,435,144,DEF,Diego Coppola,Brighton
169,53,7,2,False,2025-09-27T14:00:00Z,1.0,3.0,6,False,84,0,0,0,1,0,0,0,0,0,0,0,10,2.8,1.8,3.0,0.8,0,3,3,6,1,0.1,0.01,0.11,1.4,49,4885,12928,6052,1167,169,MID,Diego Gómez Amarilla,Brighton
439,52,5,0,False,2025-09-27T11:30:00Z,3.0,1.0,6,False,0,0,0,0,0,0,0,0,0,0,0,0,0,0.0,0.0,0.0,0.0,0,0,0,0,0,0.0,0.0,0.0,0.0,43,9,7041,524,515,439,DEF,Diego León Blanco,Man Utd
734,59,17,2,True,2025-09-27T16:30:00Z,0.0,1.0,6,False,71,0,0,0,1,0,0,0,0,0,0,0,12,14.0,45.3,17.0,7.6,1,4,0,5,1,0.07,0.23,0.3,0.79,60,169,1881,523,354,734,MID,Dilane Bakwa,Nott'm Forest
440,52,5,1,False,2025-09-27T11:30:00Z,3.0,1.0,6,False,90,0,0,0,3,0,0,0,0,0,0,0,1,11.6,36.8,0.0,4.8,1,1,0,1,1,0.0,0.12,0.12,2.02,44,-18530,114434,1892,20422,440,DEF,Diogo Dalot Teixeira,Man Utd
739,57,3,0,True,2025-09-27T14:00:00Z,5.0,1.0,6,False,0,0,0,0,0,0,0,0,0,0,0,0,0,0.0,0.0,0.0,0.0,0,0,0,0,0,0.0,0.0,0.0,0.0,45,393,1617,671,278,739,MID,Divine Mukasa,Man City
573,60,20,2,True,2025-09-27T19:00:00Z,1.0,1.0,6,False,62,0,0,0,1,0,0,0,0,0,0,0,7,8.4,16.7,0.0,2.5,2,1,0,2,1,0.0,0.05,0.05,1.0,45,-20424,278680,14322,34746,573,DEF,Djed Spence,Spurs
691,56,4,2,True,2025-09-27T14:00:00Z,2.0,2.0,6,False,90,0,0,0,1,0,0,0,0,0,0,0,1,12.0,13.4,55.0,8.0,0,2,1,3,1,0.7,0.04,0.74,0.58,55,64260,94152,80028,15768,691,FWD,Dominic Calvert-Lewin,Leeds
94,56,11,0,False,2025-09-27T14:00:00Z,2.0,2.0,6,False,0,0,0,0,0,0,0,0,0,0,0,0,0,0.0,0.0,0.0,0.0,0,0,0,0,0,0.0,0.0,0.0,0.0,45,-929,7084,569,1498,94,MID,Dominic Sadi,Bournemouth
596,60,20,0,True,2025-09-27T19:00:00Z,1.0,1.0,6,False,0,0,0,0,0,0,0,0,0,0,0,0,0,0.0,0.0,0.0,0.0,0,0,0,0,0,0.0,0.0,0.0,0.0,72,-20017,141972,401,20418,596,FWD,Dominic Solanke-Mitchell,Spurs
387,54,8,5,False,2025-09-27T14:00:00Z,2.0,1.0,6,False,90,0,0,0,2,0,0,0,0,0,0,1,28,25.8,73.5,9.0,10.8,5,11,0,16,1,0.03,0.42,0.45,2.92,65,-13503,462502,59321,72824,387,MID,Dominik Szoboszlai,Liverpool
53,51,10,1,True,2025-09-28T13:00:00Z,3.0,1.0,6,False,7,0,0,0,0,0,0,0,0,0,0,0,2,2.0,0.0,0.0,0.2,1,0,0,1,0,0.0,0.0,0.0,0.13,52,-13196,71792,3220,16416,53,MID,Donyell Malen,Aston Villa
699,59,17,0,True,2025-09-27T16:30:00Z,0.0,1.0,6,False,0,0,0,0,0,0,0,0,0,0,0,0,0,0.0,0.0,0.0,0.0,0,0,0,0,0,0.0,0.0,0.0,0.0,50,-261,8094,1941,2202,699,MID,Douglas Luiz Soares de Paulo,Aston Villa
300,55,19,0,True,2025-09-29T19:00:00Z,1.0,1.0,6,False,0,0,0,0,0,0,0,0,0,0,0,0,0,0.0,0.0,0.0,0.0,0,0,0,0,0,0.0,0.0,0.0,0.0,57,-2180,17835,762,2942,300,MID,Dwight McNeil,Everton
247,53,6,0,True,2025-09-27T14:00:00Z,1.0,3.0,6,False,0,0,0,0,0,0,0,0,0,0,0,0,0,0.0,0.0,0.0,0.0,0,0,0,0,0,0.0,0.0,0.0,0.0,44,-506,5264,140,646,247,MID,Dário Luís Essugo,Chelsea
266,58,15,2,False,2025-09-28T15:30:00Z,1.0,2.0,6,False,90,0,0,0,1,0,0,0,0,0,0,0,11,10.6,17.1,47.0,7.5,1,5,0,6,1,0.42,0.09,0.51,0.61,75,24915,1467608,150210,125295,266,MID,Eberechi Eze,Arsenal
284,54,12,4,True,2025-09-27T14:00:00Z,2.0,1.0,6,False,15,1,0,0,1,0,0,0,1,0,0,0,25,31.0,10.1,23.0,6.4,0,0,0,0,0,0.57,0.0,0.57,0.64,54,2326,22769,3971,1645,284,FWD,Eddie Nketiah,Crystal Palace
399,57,3,0,True,2025-09-27T14:00:00Z,5.0,1.0,6,False,0,0,0,0,0,0,0,0,0,0,0,0,0,0.0,0.0,0.0,0.0,0,0,0,0,0,0.0,0.0,0.0,0.0,53,-16166,139705,0,16166,399,GKP,Ederson Santana de Moraes,Man City
616,55,9,0,False,2025-09-29T19:00:00Z,1.0,1.0,6,False,0,0,0,0,0,0,0,0,0,0,0,0,0,0.0,0.0,0.0,0.0,0,0,0,0,0,0.0,0.0,0.0,0.0,49,-733,7695,0,733,616,MID,Edson Álvarez Velázquez,West Ham
154,53,7,0,False,2025-09-27T14:00:00Z,1.0,3.0,6,False,0,0,0,0,0,0,0,0,0,0,0,0,0,0.0,0.0,0.0,0.0,0,0,0,0,0,0.0,0.0,0.0,0.0,40,-32,787,0,32,154,DEF,Eiran Cashin,Brighton
561,59,16,0,False,2025-09-27T16:30:00Z,0.0,1.0,6,False,0,0,0,0,0,0,0,0,0,0,0,0,0,0.0,0.0,0.0,0.0,0,0,0,0,0,0.0,0.0,0.0,0.0,55,-28154,132618,1671,29825,561,FWD,Eliezer Mayenda Dossou,Sunderland
705,55,19,0,True,2025-09-29T19:00:00Z,1.0,1.0,6,False,0,0,0,0,0,0,0,0,0,0,0,0,0,0.0,0.0,0.0,0.0,0,0,0,0,0,0.0,0.0,0.0,0.0,40,-622,19518,725,1347,705,DEF,Elijah Campbell,Everton
102,52,14,0,True,2025-09-27T11:30:00Z,3.0,1.0,6,False,0,0,0,0,0,0,0,0,0,0,0,0,0,0.0,0.0,0.0,0.0,0,0,0,0,0,0.0,0.0,0.0,0.0,40,-521,36882,1217,1738,102,GKP,Ellery Balcombe,Brentford
517,59,17,3,True,2025-09-27T16:30:00Z,0.0,1.0,6,False,90,0,0,0,1,0,0,0,1,0,0,0,14,15.8,22.8,22.0,6.1,3,9,4,16,1,0.18,0.03,0.21,1.19,55,-67206,553143,27583,94789,517,MID,Elliot Anderson,Nott'm Forest
433,52,5,0,False,2025-09-27T11:30:00Z,3.0,1.0,6,False,0,0,0,0,0,0,0,0,0,0,0,0,0,0.0,0.0,0.0,0.0,0,0,0,0,0,0.0,0.0,0.0,0.0,40,-10,256,0,10,433,GKP,Elyh Harrison,Man Utd
603,55,9,5,False,2025-09-29T19:00:00Z,1.0,1.0,6,False,90,0,1,0,1,0,0,0,0,0,0,0,10,5.6,5.9,3.0,1.5,4,4,1,5,1,0.01,0.07,0.08,0.73,44,-86553,458137,18361,104914,603,DEF,El Hadji Malick Diouf,West Ham
604,55,9,0,False,2025-09-29T19:00:00Z,1.0,1.0,6,False,0,0,0,0,0,0,0,0,0,0,0,0,0,0.0,0.0,0.0,0.0,0,0,0,0,0,0.0,0.0,0.0,0.0,44,-1516,10106,0,1516,604,DEF,Emerson Palmieri dos Santos,West Ham
325,51,2,1,False,2025-09-28T13:00:00Z,3.0,1.0,6,False,25,0,0,0,0,0,0,0,0,0,0,0,3,1.4,3.0,0.0,0.4,0,1,0,1,0,0.0,0.01,0.01,0.0,58,-10239,73619,2814,13053,325,MID,Emile Smith Rowe,Fulham
50,51,10,12,True,2025-09-28T13:00:00Z,3.0,1.0,6,False,45,1,1,0,0,0,0,0,0,0,0,3,33,51.0,14.3,34.0,9.9,0,3,1,4,0,0.29,0.07,0.36,0.41,53,-802,9929,792,1594,50,MID,Emiliano Buendía Stati,Aston Villa
32,51,10,3,True,2025-09-28T13:00:00Z,3.0,1.0,6,False,90,0,0,0,1,0,0,0,0,0,3,0,13,23.0,3.0,0.0,2.6,1,10,0,0,1,0.0,0.02,0.02,0.92,50,-8346,252175,20281,28627,32,GKP,Emiliano Martínez Romero,Aston Villa
479,58,1,0,True,2025-09-28T15:30:00Z,1.0,2.0,6,False,0,0,0,0,0,0,0,0,0,0,0,0,0,0.0,0.0,0.0,0.0,0,0,0,0,0,0.0,0.0,0.0,0.0,44,-229,5439,107,336,479,DEF,Emil Krafth,Newcastle
631,60,18,1,False,2025-09-27T19:00:00Z,1.0,1.0,6,False,45,0,0,0,1,0,0,0,0,0,0,0,0,5.2,0.0,0.0,0.5,3,1,0,3,0,0.0,0.0,0.0,0.19,45,-17600,34021,1428,19028,631,DEF,Emmanuel Agbadou,Wolves
392,54,8,0,False,2025-09-27T14:00:00Z,2.0,1.0,6,False,0,0,0,0,0,0,0,0,0,0,0,0,0,0.0,0.0,0.0,0.0,0,0,0,0,0,0.0,0.0,0.0,0.0,49,-689,12470,444,1133,392,MID,Endo Wataru,Liverpool
98,56,11,0,False,2025-09-27T14:00:00Z,2.0,2.0,6,False,0,0,0,0,0,0,0,0,0,0,0,0,0,0.0,0.0,0.0,0.0,0,0,0,0,0,0.0,0.0,0.0,0.0,55,-43,1254,58,101,98,FWD,Enes Ünal,Bournemouth
203,57,13,0,False,2025-09-27T14:00:00Z,5.0,1.0,6,False,0,0,0,0,0,0,0,0,0,0,0,0,0,0.0,0.0,0.0,0.0,0,0,0,0,0,0.0,0.0,0.0,0.0,49,-271,5288,127,398,203,MID,Enock Agyei,Burnley
652,60,18,0,False,2025-09-27T19:00:00Z,1.0,1.0,6,False,0,0,0,0,0,0,0,0,0,0,0,0,0,0.0,0.0,0.0,0.0,0,0,0,0,0,0.0,0.0,0.0,0.0,44,7012,205847,27310,20298,652,MID,Enso González Medina,Wolves
56,51,10,0,True,2025-09-28T13:00:00Z,3.0,1.0,6,False,0,0,0,0,0,0,0,0,0,0,0,0,0,0.0,0.0,0.0,0.0,0,0,0,0,0,0.0,0.0,0.0,0.0,50,-2,52,0,2,56,MID,Enzo Barrenechea,Aston Villa
237,53,6,9,True,2025-09-27T14:00:00Z,1.0,3.0,6,False,90,1,0,0,3,0,0,0,0,0,0,2,32,43.4,20.2,52.0,11.6,0,3,3,6,1,1.48,0.02,1.5,2.28,67,-99655,1518490,103453,203108,237,MID,Enzo Fernández,Chelsea
547,59,16,3,False,2025-09-27T16:30:00Z,0.0,1.0,6,False,74,0,0,1,0,0,0,0,0,0,0,0,9,7.4,11.8,4.0,2.3,1,2,1,4,1,0.0,0.15,0.15,1.09,49,892,51370,8032,7140,547,MID,Enzo Le Fée,Sunderland
523,59,17,0,True,2025-09-27T16:30:00Z,0.0,1.0,6,False,0,0,0,0,0,0,0,0,0,0,0,0,0,0.0,0.0,0.0,0.0,0,0,0,0,0,0.0,0.0,0.0,0.0,45,-1327,10002,0,1327,523,MID,Eric da Silva Moreira,Nott'm Forest
430,57,3,16,True,2025-09-27T14:00:00Z,5.0,1.0,6,False,90,2,1,0,1,0,0,0,0,0,0,3,68,85.4,20.8,78.0,18.4,2,2,0,4,1,1.17,0.24,1.41,0.41,143,1415070,5991428,1490551,75481,430,FWD,Erling Haaland,Man City
238,53,6,3,True,2025-09-27T14:00:00Z,1.0,3.0,6,False,63,0,0,1,0,0,0,0,0,0,0,0,9,9.2,3.3,19.0,3.2,1,1,3,5,1,0.19,0.01,0.2,0.22,65,-16032,229874,18271,34303,238,MID,Estêvão Almeida de Oliveira Gonçalves,Chelsea
354,56,4,1,True,2025-09-27T14:00:00Z,2.0,2.0,6,False,90,0,0,0,2,0,0,0,1,0,0,0,8,6.8,7.7,2.0,1.7,3,5,1,9,1,0.0,0.02,0.02,0.82,49,1735,8122,2486,751,354,MID,Ethan Ampadu,Leeds
25,58,15,0,False,2025-09-28T15:30:00Z,1.0,2.0,6,False,0,0,0,0,0,0,0,0,0,0,0,0,0,0.0,0.0,0.0,0.0,0,0,0,0,0,0.0,0.0,0.0,0.0,53,-1177,21618,1315,2492,25,MID,Ethan Nwaneri,Arsenal
111,52,14,0,True,2025-09-27T11:30:00Z,3.0,1.0,6,False,0,0,0,0,0,0,0,0,0,0,0,0,0,0.0,0.0,0.0,0.0,0,0,0,0,0,0.0,0.0,0.0,0.0,44,-563,16709,899,1462,111,DEF,Ethan Pinnock,Brentford
468,52,5,0,False,2025-09-27T11:30:00Z,3.0,1.0,6,False,0,0,0,0,0,0,0,0,0,0,0,0,0,0.0,0.0,0.0,0.0,0,0,0,0,0,0.0,0.0,0.0,0.0,45,-1349,15167,468,1817,468,FWD,Ethan Wheatley,Man Utd
184,57,13,0,False,2025-09-27T14:00:00Z,5.0,1.0,6,False,0,0,0,0,0,0,0,0,0,0,0,0,0,0.0,0.0,0.0,0.0,0,0,0,0,0,0.0,0.0,0.0,0.0,40,-3183,35200,0,3183,184,GKP,Etienne Green,Burnley
677,51,10,2,True,2025-09-28T13:00:00Z,3.0,1.0,6,False,82,0,0,0,1,0,0,0,0,0,0,0,9,7.6,1.3,6.0,1.5,0,4,2,6,1,0.0,0.01,0.01,0.8,63,-168,5054,464,632,677,MID,Evann Guessand,Crystal Palace
179,53,7,0,False,2025-09-27T14:00:00Z,1.0,3.0,6,False,0,0,0,0,0,0,0,0,0,0,0,0,0,0.0,0.0,0.0,0.0,0,0,0,0,0,0.0,0.0,0.0,0.0,55,-47,1103,0,47,179,FWD,Evan Ferguson,Brighton
38,51,10,2,True,2025-09-28T13:00:00Z,3.0,1.0,6,False,90,0,0,0,1,0,0,0,0,0,0,0,21,22.4,0.7,0.0,2.3,5,3,0,5,1,0.0,0.0,0.0,0.92,45,-130208,1372449,26508,156716,38,DEF,Ezri Konsa Ngoyo,Aston Villa
474,58,1,0,True,2025-09-28T15:30:00Z,1.0,2.0,6,False,0,0,0,0,0,0,0,0,0,0,0,0,0,0.0,0.0,0.0,0.0,0,0,0,0,0,0.0,0.0,0.0,0.0,55,-75086,250308,266,75352,474,DEF,Fabian Schär,Newcastle
168,53,6,0,True,2025-09-27T14:00:00Z,1.0,3.0,6,False,0,0,0,0,0,0,0,0,0,0,0,0,0,0.0,0.0,0.0,0.0,0,0,0,0,0,0.0,0.0,0.0,0.0,48,-1757,13111,961,2718,168,MID,Facundo Buonanotte,Leeds
385,54,8,5,False,2025-09-27T14:00:00Z,2.0,1.0,6,False,16,1,0,0,1,0,0,0,1,0,0,0,16,30.2,3.3,18.0,5.2,1,0,0,1,0,0.29,0.0,0.29,0.72,64,-903,35956,2966,3869,385,MID,Federico Chiesa,Liverpool
511,59,17,2,True,2025-09-27T16:30:00Z,0.0,1.0,6,False,90,0,0,0,1,0,0,0,0,0,0,0,14,19.8,1.9,3.0,2.5,5,8,1,6,1,0.03,0.01,0.04,1.19,44,-234,10303,654,888,511,DEF,Felipe Rodrigues da Silva,Nott'm Forest
148,53,7,2,False,2025-09-27T14:00:00Z,1.0,3.0,6,False,90,0,0,0,1,0,0,0,0,0,0,0,9,27.4,20.3,2.0,5.0,5,4,2,7,1,0.0,0.13,0.13,1.81,44,-31,16856,1262,1293,148,DEF,Ferdi Kadıoğlu,Brighton
645,60,18,0,False,2025-09-27T19:00:00Z,1.0,1.0,6,False,0,0,0,0,0,0,0,0,0,0,0,0,0,0.0,0.0,0.0,0.0,0,0,0,0,0,0.0,0.0,0.0,0.0,54,-185,3889,88,273,645,MID,Fer López González,Wolves
221,53,6,0,True,2025-09-27T14:00:00Z,1.0,3.0,6,False,0,0,0,0,0,0,0,0,0,0,0,0,0,0.0,0.0,0.0,0.0,0,0,0,0,0,0.0,0.0,0.0,0.0,44,3839,26171,6071,2232,221,GKP,Filip Jörgensen,Chelsea
35,51,10,0,True,2025-09-28T13:00:00Z,3.0,1.0,6,False,0,0,0,0,0,0,0,0,0,0,0,0,0,0.0,0.0,0.0,0.0,0,0,0,0,0,0.0,0.0,0.0,0.0,40,-70,1513,0,70,35,GKP,Filip Marschall,Aston Villa
722,57,13,4,False,2025-09-27T14:00:00Z,5.0,1.0,6,False,90,0,0,0,5,0,0,0,0,0,0,0,12,17.0,1.7,0.0,1.9,3,3,6,12,1,0.0,0.01,0.01,2.03,50,63,861,270,207,722,MID,Florentino Ibrain Morris Luís,Burnley
382,54,8,2,False,2025-09-27T14:00:00Z,2.0,1.0,6,False,73,0,0,0,1,0,0,0,0,0,0,0,9,7.8,15.5,26.0,4.9,0,5,0,5,1,0.48,0.04,0.52,2.2,82,-590529,1366950,17089,607618,382,MID,Florian Wirtz,Liverpool
97,56,11,2,False,2025-09-27T14:00:00Z,2.0,2.0,6,False,90,0,0,0,2,0,0,0,0,0,0,0,5,0.8,12.8,8.0,2.2,0,3,0,3,1,0.02,0.12,0.14,1.84,70,54275,422010,118364,64089,97,FWD,Francisco Evanilson de Lima Barbosa,Bournemouth
282,54,12,0,True,2025-09-27T14:00:00Z,2.0,1.0,6,False,0,0,0,0,0,0,0,0,0,0,0,0,0,0.0,0.0,0.0,0.0,0,0,0,0,0,0.0,0.0,0.0,0.0,45,-350,3100,71,421,282,MID,Franco Umeh-Chibueze,Crystal Palace
128,52,14,1,True,2025-09-27T11:30:00Z,3.0,1.0,6,False,9,0,0,0,0,0,0,0,0,0,0,0,4,1.4,0.4,0.0,0.2,0,1,0,1,0,0.0,0.0,0.0,0.27,50,-437,7113,247,684,128,MID,Frank Onyeka,Brentford
623,55,9,1,False,2025-09-29T19:00:00Z,1.0,1.0,6,False,31,0,0,0,0,0,0,0,0,0,0,0,7,7.6,1.3,0.0,0.9,2,1,2,5,0,0.0,0.01,0.01,0.09,44,-3235,86193,6398,9633,623,MID,Freddie Potts,West Ham
369,54,8,0,False,2025-09-27T14:00:00Z,2.0,1.0,6,False,0,0,0,0,0,0,0,0,0,0,0,0,0,0.0,0.0,0.0,0.0,0,0,0,0,0,0.0,0.0,0.0,0.0,39,1191,12757,1732,541,369,GKP,Freddie Woodman,Liverpool
23,58,15,0,False,2025-09-28T15:30:00Z,1.0,2.0,6,False,0,0,0,0,0,0,0,0,0,0,0,0,0,0.0,0.0,0.0,0.0,0,0,0,0,0,0.0,0.0,0.0,0.0,54,-276,3027,0,276,23,MID,Fábio Ferreira Vieira,Arsenal
123,52,14,0,True,2025-09-27T11:30:00Z,3.0,1.0,6,False,0,0,0,0,0,0,0,0,0,0,0,0,0,0.0,0.0,0.0,0.0,0,0,0,0,0,0.0,0.0,0.0,0.0,49,-607,33904,4188,4795,123,MID,Fábio Freitas Gouveia Carvalho,Brentford
655,60,18,0,False,2025-09-27T19:00:00Z,1.0,1.0,6,False,0,0,0,0,0,0,0,0,0,0,0,0,0,0.0,0.0,0.0,0.0,0,0,0,0,0,0.0,0.0,0.0,0.0,49,-3935,30524,0,3935,655,FWD,Fábio Soares Silva,Wolves
5,58,15,13,False,2025-09-28T15:30:00Z,1.0,2.0,6,False,90,1,0,0,1,0,0,0,0,0,0,3,34,76.8,2.5,33.0,11.2,16,2,3,19,1,0.22,0.02,0.24,0.61,61,186233,2819407,315054,128821,5,DEF,Gabriel dos Santos Magalhães,Arsenal
31,58,15,0,False,2025-09-28T15:30:00Z,1.0,2.0,6,False,0,0,0,0,0,0,0,0,0,0,0,0,0,0.0,0.0,0.0,0.0,0,0,0,0,0,0.0,0.0,0.0,0.0,64,-139,4630,110,249,31,FWD,Gabriel Fernando de Jesus,Arsenal
347,56,4,1,True,2025-09-27T14:00:00Z,2.0,2.0,6,False,90,0,0,0,2,0,0,0,0,0,0,0,-6,13.2,0.9,8.0,2.2,2,2,4,6,1,0.0,0.01,0.01,0.82,40,89346,699307,133264,43918,347,DEF,Gabriel Gudmundsson,Leeds
19,58,15,1,False,2025-09-28T15:30:00Z,1.0,2.0,6,False,20,0,0,0,0,0,0,0,0,0,0,0,5,2.2,0.5,4.0,0.7,1,2,0,3,0,0.05,0.01,0.06,0.08,69,13052,134644,20680,7628,19,MID,Gabriel Martinelli Silva,Arsenal
223,53,6,0,True,2025-09-27T14:00:00Z,1.0,3.0,6,False,0,0,0,0,0,0,0,0,0,0,0,0,0,0.0,0.0,0.0,0.0,0,0,0,0,0,0.0,0.0,0.0,0.0,40,16,12478,632,616,223,GKP,Gabriel Słonina,Chelsea
496,58,1,0,True,2025-09-28T15:30:00Z,1.0,2.0,6,False,0,0,0,0,0,0,0,0,0,0,0,0,0,0.0,0.0,0.0,0.0,0,0,0,0,0,0.0,0.0,0.0,0.0,44,-837,7043,288,1125,496,MID,Garang Kuol,Newcastle
620,55,9,0,False,2025-09-29T19:00:00Z,1.0,1.0,6,False,0,0,0,0,0,0,0,0,0,0,0,0,0,0.0,0.0,0.0,0.0,0,0,0,0,0,0.0,0.0,0.0,0.0,45,-83,7457,516,599,620,MID,George Earthy,West Ham
158,53,7,2,False,2025-09-27T14:00:00Z,1.0,3.0,6,False,84,0,0,0,1,0,0,0,0,0,0,0,5,10.4,15.3,2.0,2.8,2,4,1,7,1,0.0,0.35,0.35,1.4,58,-12758,56550,3535,16293,158,MID,Georginio Rutter,Brighton
736,57,3,2,True,2025-09-27T14:00:00Z,5.0,1.0,6,False,90,0,0,0,1,0,0,0,0,0,1,0,5,6.8,0.0,0.0,0.7,0,3,0,0,1,0.0,0.0,0.0,0.41,56,475206,935713,529476,54270,736,GKP,Gianluigi Donnarumma,Man City
367,54,8,0,False,2025-09-27T14:00:00Z,2.0,1.0,6,False,0,0,0,0,0,0,0,0,0,0,0,0,0,0.0,0.0,0.0,0.0,0,0,0,0,0,0.0,0.0,0.0,0.0,43,-1544,41386,1184,2728,367,GKP,Giorgi Mamardashvili,Liverpool
692,54,8,0,False,2025-09-27T14:00:00Z,2.0,1.0,6,False,0,0,0,0,0,0,0,0,0,0,0,0,0,0.0,0.0,0.0,0.0,0,0,0,0,0,0.0,0.0,0.0,0.0,50,-203,2089,80,283,692,DEF,Giovanni Leoni,Liverpool
647,60,18,0,False,2025-09-27T19:00:00Z,1.0,1.0,6,False,0,0,0,0,0,0,0,0,0,0,0,0,0,0.0,0.0,0.0,0.0,0,0,0,0,0,0.0,0.0,0.0,0.0,55,-27,466,0,27,647,MID,Gonçalo Manuel Ganchinho Guedes,Wolves
668,59,16,9,False,2025-09-27T16:30:00Z,0.0,1.0,6,False,90,0,1,1,0,0,0,0,0,0,0,1,33,47.8,16.3,0.0,6.4,11,7,2,20,1,0.0,0.23,0.23,1.68,50,10497,348674,40037,29540,668,MID,Granit Xhaka,Sunderland
565,60,20,2,True,2025-09-27T19:00:00Z,1.0,1.0,6,False,90,0,0,0,1,0,0,0,0,0,2,0,10,19.0,0.0,0.0,1.9,0,6,0,0,1,0.0,0.0,0.0,1.15,51,120414,1494946,210824,90410,565,GKP,Guglielmo Vicario,Spurs
618,55,9,0,False,2025-09-29T19:00:00Z,1.0,1.0,6,False,0,0,0,0,0,0,0,0,0,0,0,0,0,0.0,0.0,0.0,0.0,0,0,0,0,0,0.0,0.0,0.0,0.0,49,-276,5624,105,381,618,MID,Guido Rodríguez,West Ham
127,52,14,0,True,2025-09-27T11:30:00Z,3.0,1.0,6,False,0,0,0,0,0,0,0,0,0,0,0,0,0,0.0,0.0,0.0,0.0,0,0,0,0,0,0.0,0.0,0.0,0.0,49,-30,738,18,48,127,MID,Gustavo Nunes Fernandes Gomes,Brentford
544,59,16,0,False,2025-09-27T16:30:00Z,0.0,1.0,6,False,0,0,0,0,0,0,0,0,0,0,0,0,0,0.0,0.0,0.0,0.0,0,0,0,0,0,0.0,0.0,0.0,0.0,55,-3574,8877,235,3809,544,MID,Habib Diarra,Sunderland
93,56,11,0,False,2025-09-27T14:00:00Z,2.0,2.0,6,False,0,0,0,0,0,0,0,0,0,0,0,0,0,0.0,0.0,0.0,0.0,0,0,0,0,0,0.0,0.0,0.0,0.0,45,-14518,71247,0,14518,93,MID,Hamed Traorè,Bournemouth
188,57,13,0,False,2025-09-27T14:00:00Z,5.0,1.0,6,False,0,0,0,0,0,0,0,0,0,0,0,0,0,0.0,0.0,0.0,0.0,0,0,0,0,0,0.0,0.0,0.0,0.0,39,1197,32606,3502,2305,188,DEF,Hannes Delcroix,Burnley
207,57,13,1,False,2025-09-27T14:00:00Z,5.0,1.0,6,False,2,0,0,0,2,0,0,0,0,0,0,0,4,1.0,0.0,0.0,0.1,0,0,0,0,0,0.0,0.0,0.0,0.62,50,-1554,17260,724,2278,207,MID,Hannibal Mejbri,Burnley
305,55,19,0,True,2025-09-29T19:00:00Z,1.0,1.0,6,False,0,0,0,0,0,0,0,0,0,0,0,0,0,0.0,0.0,0.0,0.0,0,0,0,0,0,0.0,0.0,0.0,0.0,45,-1220,8888,0,1220,305,MID,Harrison Armstrong,Everton
482,58,1,0,True,2025-09-28T15:30:00Z,1.0,2.0,6,False,0,0,0,0,0,0,0,0,0,0,0,0,0,0.0,0.0,0.0,0.0,0,0,0,0,0,0.0,0.0,0.0,0.0,39,-277,20500,1136,1413,482,DEF,Harrison Ashby,Newcastle
557,59,16,0,False,2025-09-27T16:30:00Z,0.0,1.0,6,False,0,0,0,0,0,0,0,0,0,0,0,0,0,0.0,0.0,0.0,0.0,0,0,0,0,0,0.0,0.0,0.0,0.0,44,-15,7112,580,595,557,MID,Harrison Jones,Sunderland
336,51,2,0,False,2025-09-28T13:00:00Z,3.0,1.0,6,False,0,0,0,0,0,0,0,0,0,0,0,0,0,0.0,0.0,0.0,0.0,0,0,0,0,0,0.0,0.0,0.0,0.0,44,-253,33124,3488,3741,336,MID,Harrison Reed,Fulham
445,52,5,0,False,2025-09-27T11:30:00Z,3.0,1.0,6,False,0,0,0,0,0,0,0,0,0,0,0,0,0,0.0,0.0,0.0,0.0,0,0,0,0,0,0.0,0.0,0.0,0.0,40,-1119,12573,0,1119,445,DEF,Harry Amass,Man Utd
741,56,4,0,True,2025-09-27T14:00:00Z,2.0,2.0,6,False,0,0,0,0,0,0,0,0,0,0,0,0,0,0.0,0.0,0.0,0.0,0,0,0,0,0,0.0,0.0,0.0,0.0,45,5435,7086,6387,952,741,FWD,Harry Gray,Leeds
442,52,5,1,False,2025-09-27T11:30:00Z,3.0,1.0,6,False,65,0,0,0,2,0,0,0,0,0,0,0,4,8.4,0.2,7.0,1.6,5,4,0,5,1,0.02,0.0,0.02,1.81,44,11693,88671,15922,4229,442,DEF,Harry Maguire,Man Utd
289,55,19,0,True,2025-09-29T19:00:00Z,1.0,1.0,6,False,0,0,0,0,0,0,0,0,0,0,0,0,0,0.0,0.0,0.0,0.0,0,0,0,0,0,0.0,0.0,0.0,0.0,40,-336,14259,337,673,289,GKP,Harry Tyrer,Everton
329,51,2,1,False,2025-09-28T13:00:00Z,3.0,1.0,6,False,79,0,0,0,3,0,0,0,1,0,0,0,6,1.6,3.2,8.0,1.3,1,4,1,6,1,0.21,0.01,0.22,1.11,54,-2805,50343,5051,7856,329,MID,Harry Wilson,Fulham
487,58,1,1,True,2025-09-28T15:30:00Z,1.0,2.0,6,False,1,0,0,0,1,0,0,0,0,0,0,0,2,0.0,0.0,0.0,0.0,0,0,0,0,0,0.0,0.0,0.0,0.26,65,-34020,69338,1124,35144,487,MID,Harvey Barnes,Newcastle
389,51,10,1,True,2025-09-28T13:00:00Z,3.0,1.0,6,False,45,0,0,0,1,0,0,0,0,0,0,0,4,4.8,6.2,7.0,1.8,1,1,0,2,1,0.02,0.01,0.03,0.51,54,-7642,64523,6773,14415,389,MID,Harvey Elliott,Aston Villa
190,57,13,0,False,2025-09-27T14:00:00Z,5.0,1.0,6,False,90,0,0,0,5,0,0,0,0,0,0,0,-9,18.6,10.6,4.0,3.3,6,1,3,9,1,0.0,0.15,0.15,2.03,40,4356,184676,22124,17768,190,DEF,Hjalmar Ekdal,Burnley
633,60,18,2,False,2025-09-27T19:00:00Z,1.0,1.0,6,False,90,0,0,0,1,0,0,0,0,0,0,0,16,25.8,6.1,17.0,4.9,5,6,4,9,1,0.08,0.01,0.09,0.87,44,-425,8126,311,736,633,DEF,Hugo Bueno López,Wolves
661,54,8,0,False,2025-09-27T14:00:00Z,2.0,1.0,6,False,0,0,0,0,0,0,0,0,0,0,0,0,0,0.0,0.0,0.0,0.0,0,0,0,0,0,0.0,0.0,0.0,0.0,87,-864160,2400593,157804,1021964,661,FWD,Hugo Ekitiké,Liverpool
642,60,18,1,False,2025-09-27T19:00:00Z,1.0,1.0,6,False,45,0,0,0,0,0,0,0,0,0,0,0,5,4.2,1.4,1.0,0.7,1,0,1,2,1,0.02,0.01,0.03,0.68,59,-9015,21015,815,9830,642,MID,Hwang Hee-chan,Wolves
105,52,14,0,True,2025-09-27T11:30:00Z,3.0,1.0,6,False,0,0,0,0,0,0,0,0,0,0,0,0,0,0.0,0.0,0.0,0.0,0,0,0,0,0,0.0,0.0,0.0,0.0,40,-5050,83271,757,5807,105,GKP,Hákon Rafn Valdimarsson,Brentford
39,51,10,0,True,2025-09-28T13:00:00Z,3.0,1.0,6,False,0,0,0,0,0,0,0,0,0,0,0,0,0,0.0,0.0,0.0,0.0,0,0,0,0,0,0.0,0.0,0.0,0.0,44,-4810,64226,1978,6788,39,DEF,Ian Maatsen,Aston Villa
550,59,16,0,False,2025-09-27T16:30:00Z,0.0,1.0,6,False,0,0,0,0,0,0,0,0,0,0,0,0,0,0.0,0.0,0.0,0.0,0,0,0,0,0,0.0,0.0,0.0,0.0,49,-96,2689,33,129,550,MID,Ian Poveda-Ocampo,Sunderland
374,54,8,3,False,2025-09-27T14:00:00Z,2.0,1.0,6,False,73,0,0,0,1,0,0,0,1,0,0,0,14,27.8,13.8,4.0,4.6,13,3,1,14,1,0.07,0.06,0.13,2.2,55,12873,420867,41193,28320,374,DEF,Ibrahima Konaté,Liverpool
521,59,17,0,True,2025-09-27T16:30:00Z,0.0,1.0,6,False,0,0,0,0,0,0,0,0,0,0,0,0,0,0.0,0.0,0.0,0.0,0,0,0,0,0,0.0,0.0,0.0,0.0,50,-281,8154,538,819,521,MID,Ibrahim Sangaré,Nott'm Forest
302,55,19,2,True,2025-09-29T19:00:00Z,1.0,1.0,6,False,90,0,0,0,1,0,0,0,0,0,0,0,12,12.2,9.6,1.0,2.3,2,4,1,7,1,0.04,0.06,0.1,1.17,54,5031,16305,6461,1430,302,MID,Idrissa Gana Gueye,Everton
526,59,17,1,True,2025-09-27T16:30:00Z,0.0,1.0,6,False,30,0,0,0,0,0,0,0,0,0,0,0,6,5.0,2.8,22.0,3.0,1,3,0,4,0,0.2,0.01,0.21,0.46,58,32430,96399,41173,8743,526,FWD,Igor Jesus Maciel da Cruz,Nott'm Forest
149,55,9,1,False,2025-09-29T19:00:00Z,1.0,1.0,6,False,1,0,0,0,0,0,0,0,0,0,0,0,3,0.0,0.0,0.0,0.0,0,0,0,0,0,0.0,0.0,0.0,0.0,45,-199,6754,321,520,149,DEF,Igor Julio dos Santos de Paulo,Brighton
136,52,14,13,True,2025-09-27T11:30:00Z,3.0,1.0,6,False,89,2,0,0,1,0,0,0,0,0,0,3,62,72.6,3.9,41.0,11.8,2,0,3,5,1,0.7,0.0,0.7,1.96,60,-17064,197608,22389,39453,136,FWD,Igor Thiago Nascimento Rodrigues,Brentford
356,56,4,0,True,2025-09-27T14:00:00Z,2.0,2.0,6,False,0,0,0,0,0,0,0,0,0,0,0,0,0,0.0,0.0,0.0,0.0,0,0,0,0,0,0.0,0.0,0.0,0.0,49,-210,4766,173,383,356,MID,Ilia Gruev,Leeds
299,55,19,2,True,2025-09-29T19:00:00Z,1.0,1.0,6,False,80,0,0,0,1,0,0,0,0,0,0,0,16,12.2,27.9,21.0,6.1,0,5,1,6,1,0.06,0.13,0.19,1.02,65,362540,1377261,447953,85413,299,MID,Iliman Ndiaye,Everton
339,56,4,0,True,2025-09-27T14:00:00Z,2.0,2.0,6,False,0,0,0,0,0,0,0,0,0,0,0,0,0,0.0,0.0,0.0,0.0,0,0,0,0,0,0.0,0.0,0.0,0.0,44,-3820,57856,974,4794,339,GKP,Illan Meslier,Leeds
71,56,11,0,False,2025-09-27T14:00:00Z,2.0,2.0,6,False,0,0,0,0,0,0,0,0,0,0,0,0,0,0.0,0.0,0.0,0.0,0,0,0,0,0,0.0,0.0,0.0,0.0,50,-206,3532,0,206,71,DEF,Illia Zabarnyi,Bournemouth
495,58,1,0,True,2025-09-28T15:30:00Z,1.0,2.0,6,False,0,0,0,0,0,0,0,0,0,0,0,0,0,0.0,0.0,0.0,0.0,0,0,0,0,0,0.0,0.0,0.0,0.0,45,-71,1054,0,71,495,MID,Isaac Hayden,Newcastle
308,55,19,0,True,2025-09-29T19:00:00Z,1.0,1.0,6,False,0,0,0,0,0,0,0,0,0,0,0,0,0,0.0,0.0,0.0,0.0,0,0,0,0,0,0.0,0.0,0.0,0.0,45,-302,2892,0,302,308,MID,Isaac Heath,Everton
349,56,4,0,True,2025-09-27T14:00:00Z,2.0,2.0,6,False,0,0,0,0,0,0,0,0,0,0,0,0,0,0.0,0.0,0.0,0.0,0,0,0,0,0,0.0,0.0,0.0,0.0,40,-1326,12368,0,1326,349,DEF,Isaac Schmidt,Leeds
267,54,12,11,True,2025-09-27T14:00:00Z,2.0,1.0,6,False,74,1,0,1,0,0,0,0,0,0,0,3,29,33.0,12.8,53.0,9.9,0,3,0,3,1,0.75,0.15,0.9,1.5,64,-62942,282281,13605,76547,267,MID,Ismaïla Sarr,Crystal Palace
28,58,15,0,False,2025-09-28T15:30:00Z,1.0,2.0,6,False,0,0,0,0,0,0,0,0,0,0,0,0,0,0.0,0.0,0.0,0.0,0,0,0,0,0,0.0,0.0,0.0,0.0,45,-2263,19494,0,2263,28,MID,Ismeal Kabia,Arsenal
320,51,2,0,False,2025-09-28T13:00:00Z,3.0,1.0,6,False,0,0,0,0,0,0,0,0,0,0,0,0,0,0.0,0.0,0.0,0.0,0,0,0,0,0,0.0,0.0,0.0,0.0,44,-335,8288,264,599,320,DEF,Issa Diop,Fulham
137,52,14,0,True,2025-09-27T11:30:00Z,3.0,1.0,6,False,0,0,0,0,0,0,0,0,0,0,0,0,0,0.0,0.0,0.0,0.0,0,0,0,0,0,0.0,0.0,0.0,0.0,44,2679,54420,8227,5548,137,FWD,Iwan Morgan,Brentford
695,60,18,1,False,2025-09-27T19:00:00Z,1.0,1.0,6,False,45,0,0,0,1,0,0,0,0,0,0,0,0,9.8,0.8,0.0,1.1,3,3,2,5,0,0.0,0.0,0.0,0.19,45,-113,1937,81,194,695,DEF,Jackson Tchatchoua,Wolves
462,52,5,0,False,2025-09-27T11:30:00Z,3.0,1.0,6,False,0,0,0,0,0,0,0,0,0,0,0,0,0,0.0,0.0,0.0,0.0,0,0,0,0,0,0.0,0.0,0.0,0.0,44,-146,6537,373,519,462,MID,Jack Fletcher,Man Utd
419,55,19,2,True,2025-09-29T19:00:00Z,1.0,1.0,6,False,90,0,0,0,1,0,0,0,0,0,0,0,17,13.8,46.3,20.0,8.0,2,4,0,6,1,0.0,0.15,0.15,1.17,69,167834,2822009,376912,209078,419,MID,Jack Grealish,Everton
352,56,4,1,True,2025-09-27T14:00:00Z,2.0,2.0,6,False,23,0,0,0,1,0,0,0,0,0,0,0,5,4.0,0.4,11.0,1.5,0,1,1,2,0,0.07,0.0,0.07,0.41,53,-691,8242,449,1140,352,MID,Jack Harrison,Leeds
163,53,7,0,False,2025-09-27T14:00:00Z,1.0,3.0,6,False,0,0,0,0,0,0,0,0,0,0,0,0,0,0.0,0.0,0.0,0.0,0,0,0,0,0,0.0,0.0,0.0,0.0,52,-1224,5081,76,1300,163,MID,Jack Hinshelwood,Brighton
464,52,5,0,False,2025-09-27T11:30:00Z,3.0,1.0,6,False,0,0,0,0,0,0,0,0,0,0,0,0,0,0.0,0.0,0.0,0.0,0,0,0,0,0,0.0,0.0,0.0,0.0,45,-279,3156,127,406,464,MID,Jack Moorhouse,Man Utd
202,57,13,1,False,2025-09-27T14:00:00Z,5.0,1.0,6,False,28,0,0,0,3,0,0,0,0,0,0,0,1,0.0,1.6,0.0,0.2,0,1,0,1,0,0.0,0.0,0.0,0.95,54,-605,3522,28,633,202,MID,Jacob Bruun Larsen,Burnley
489,58,1,3,True,2025-09-28T15:30:00Z,1.0,2.0,6,False,65,0,0,1,0,0,0,0,0,0,0,0,6,1.6,0.3,7.0,0.9,1,2,0,3,1,0.09,0.01,0.1,1.56,63,-13345,126669,3919,17264,489,MID,Jacob Murphy,Newcastle
52,58,1,0,True,2025-09-28T15:30:00Z,1.0,2.0,6,False,0,0,0,0,0,0,0,0,0,0,0,0,0,0.0,0.0,0.0,0.0,0,0,0,0,0,0.0,0.0,0.0,0.0,53,-5505,27835,39,5544,52,MID,Jacob Ramsey,Newcastle
155,53,7,0,False,2025-09-27T14:00:00Z,1.0,3.0,6,False,0,0,0,0,0,0,0,0,0,0,0,0,0,0.0,0.0,0.0,0.0,0,0,0,0,0,0.0,0.0,0.0,0.0,40,-2081,18318,200,2281,155,DEF,Jacob Slater,Brighton
456,51,10,0,True,2025-09-28T13:00:00Z,3.0,1.0,6,False,0,0,0,0,0,0,0,0,0,0,0,0,0,0.0,0.0,0.0,0.0,0,0,0,0,0,0.0,0.0,0.0,0.0,59,-1635,27538,2967,4602,456,MID,Jadon Sancho,Aston Villa
200,57,13,6,False,2025-09-27T14:00:00Z,5.0,1.0,6,False,87,1,0,0,3,0,0,0,1,0,0,0,30,45.4,36.5,19.0,10.1,4,4,2,10,1,0.1,0.08,0.18,1.41,56,148345,341577,192400,44055,200,MID,Jaidon Anthony,Burnley
510,59,17,0,True,2025-09-27T16:30:00Z,0.0,1.0,6,False,0,0,0,0,0,0,0,0,0,0,0,0,0,0.0,0.0,0.0,0.0,0,0,0,0,0,0.0,0.0,0.0,0.0,44,-418,7337,129,547,510,DEF,Jair Paula da Cunha Filho,Nott'm Forest
344,56,4,0,True,2025-09-27T14:00:00Z,2.0,2.0,6,False,0,0,0,0,0,0,0,0,0,0,0,0,0,0.0,0.0,0.0,0.0,0,0,0,0,0,0.0,0.0,0.0,0.0,39,-1413,16425,1755,3168,344,DEF,Jaka Bijol,Leeds
293,55,19,2,True,2025-09-29T19:00:00Z,1.0,1.0,6,False,90,0,0,0,1,0,0,0,0,0,0,0,11,12.6,5.3,5.0,2.3,7,4,2,9,1,0.04,0.02,0.06,1.17,50,254,63072,6057,5803,293,DEF,Jake O'Brien,Everton
9,58,15,0,False,2025-09-28T15:30:00Z,1.0,2.0,6,False,0,0,0,0,0,0,0,0,0,0,0,0,0,0.0,0.0,0.0,0.0,0,0,0,0,0,0.0,0.0,0.0,0.0,54,-653,7578,0,653,9,DEF,Jakub Kiwior,Arsenal
480,58,1,0,True,2025-09-28T15:30:00Z,1.0,2.0,6,False,13,0,0,0,2,0,0,0,0,0,0,0,-4,7.2,0.0,7.0,1.4,3,0,0,3,0,0.04,0.0,0.04,0.42,44,-318,7733,160,478,480,DEF,Jamaal Lascelles,Newcastle
62,51,10,0,True,2025-09-28T13:00:00Z,3.0,1.0,6,False,0,0,0,0,0,0,0,0,0,0,0,0,0,0.0,0.0,0.0,0.0,0,0,0,0,0,0.0,0.0,0.0,0.0,45,181,7219,809,628,62,MID,Jamaldeen Jimoh-Aloba,Aston Villa
303,55,19,7,True,2025-09-29T19:00:00Z,1.0,1.0,6,False,90,0,1,0,1,0,0,0,0,0,0,2,30,34.4,22.1,49.0,10.6,3,4,2,9,1,0.24,0.1,0.34,1.17,50,24678,85620,35140,10462,303,MID,James Garner,Everton
77,56,11,0,False,2025-09-27T14:00:00Z,2.0,2.0,6,False,0,0,0,0,0,0,0,0,0,0,0,0,0,0.0,0.0,0.0,0.0,0,0,0,0,0,0.0,0.0,0.0,0.0,40,4067,114540,12760,8693,77,DEF,James Hill,Bournemouth
706,56,4,0,True,2025-09-27T14:00:00Z,2.0,2.0,6,False,0,0,0,0,0,0,0,0,0,0,0,0,0,0.0,0.0,0.0,0.0,0,0,0,0,0,0.0,0.0,0.0,0.0,40,767,29165,2709,1942,706,DEF,James Justin,Leeds
581,60,20,0,True,2025-09-27T19:00:00Z,1.0,1.0,6,False,0,0,0,0,0,0,0,0,0,0,0,0,0,0.0,0.0,0.0,0.0,0,0,0,0,0,0.0,0.0,0.0,0.0,69,-605,16468,46,651,581,MID,James Maddison,Spurs
426,59,17,1,True,2025-09-27T16:30:00Z,0.0,1.0,6,False,59,0,0,0,1,0,0,0,0,0,0,0,7,4.4,4.1,2.0,1.1,1,3,1,5,1,0.02,0.04,0.06,0.74,53,-1800,14212,595,2395,426,MID,James McAtee,Nott'm Forest
394,54,8,0,False,2025-09-27T14:00:00Z,2.0,1.0,6,False,0,0,0,0,0,0,0,0,0,0,0,0,0,0.0,0.0,0.0,0.0,0,0,0,0,0,0.0,0.0,0.0,0.0,44,-471,3961,138,609,394,MID,James McConnell,Liverpool
170,53,7,0,False,2025-09-27T14:00:00Z,1.0,3.0,6,False,0,0,0,0,0,0,0,0,0,0,0,0,0,0.0,0.0,0.0,0.0,0,0,0,0,0,0.0,0.0,0.0,0.0,50,-286,17870,1818,2104,170,MID,James Milner,Brighton
291,55,19,1,True,2025-09-29T19:00:00Z,1.0,1.0,6,False,90,0,0,0,1,0,0,0,1,0,0,0,10,21.6,15.7,0.0,3.7,7,3,0,7,1,0.0,0.11,0.11,1.17,55,156743,1016545,233784,77041,291,DEF,James Tarkowski,Everton
182,57,3,0,True,2025-09-27T14:00:00Z,5.0,1.0,6,False,0,0,0,0,0,0,0,0,0,0,0,0,0,0.0,0.0,0.0,0.0,0,0,0,0,0,0.0,0.0,0.0,0.0,48,-28871,179442,1502,30373,182,GKP,James Trafford,Man City
614,55,9,0,False,2025-09-29T19:00:00Z,1.0,1.0,6,False,0,0,0,0,0,0,0,0,0,0,0,0,0,0.0,0.0,0.0,0.0,0,0,0,0,0,0.0,0.0,0.0,0.0,58,-2443,28982,1091,3534,614,MID,James Ward-Prowse,Burnley
688,51,10,0,True,2025-09-28T13:00:00Z,3.0,1.0,6,False,0,0,0,0,0,0,0,0,0,0,0,0,0,0.0,0.0,0.0,0.0,0,0,0,0,0,0.0,0.0,0.0,0.0,40,-629,62286,1378,2007,688,GKP,James Wright,Aston Villa
239,53,6,0,True,2025-09-27T14:00:00Z,1.0,3.0,6,False,0,0,0,0,0,0,0,0,0,0,0,0,0,0.0,0.0,0.0,0.0,0,0,0,0,0,0.0,0.0,0.0,0.0,62,-1668,14937,534,2202,239,MID,Jamie Bynoe-Gittens,Chelsea
151,53,7,3,False,2025-09-27T14:00:00Z,1.0,3.0,6,False,90,0,0,0,1,0,0,0,1,0,0,0,12,34.6,1.8,4.0,4.0,11,4,4,15,1,0.03,0.03,0.06,1.81,44,-6421,99525,3683,10104,151,DEF,Jan Paul van Hecke,Brighton
290,55,19,0,True,2025-09-29T19:00:00Z,1.0,1.0,6,False,0,0,0,0,0,0,0,0,0,0,0,0,0,0.0,0.0,0.0,0.0,0,0,0,0,0,0.0,0.0,0.0,0.0,53,-1974,25247,139,2113,290,DEF,Jarrad Branthwaite,Everton
624,55,9,9,False,2025-09-29T19:00:00Z,1.0,1.0,6,False,90,1,0,0,1,0,0,0,0,0,0,3,33,35.2,3.3,35.0,7.4,2,3,0,5,1,0.16,0.05,0.21,0.73,77,-12888,762470,72613,85501,624,FWD,Jarrod Bowen,West Ham
138,53,7,0,False,2025-09-27T14:00:00Z,1.0,3.0,6,False,0,0,0,0,0,0,0,0,0,0,0,0,0,0.0,0.0,0.0,0.0,0,0,0,0,0,0.0,0.0,0.0,0.0,44,-2381,39277,685,3066,138,GKP,Jason Steele,Brighton
461,52,5,0,False,2025-09-27T11:30:00Z,3.0,1.0,6,False,0,0,0,0,0,0,0,0,0,0,0,0,0,0.0,0.0,0.0,0.0,0,0,0,0,0,0.0,0.0,0.0,0.0,44,84,4562,395,311,461,MID,Jayce Fitzgerald,Man Utd
723,54,12,0,True,2025-09-27T14:00:00Z,2.0,1.0,6,False,0,0,0,0,0,0,0,0,0,0,0,0,0,0.0,0.0,0.0,0.0,0,0,0,0,0,0.0,0.0,0.0,0.0,45,30,714,132,102,723,DEF,Jaydee Canvot,Crystal Palace
342,56,4,3,True,2025-09-27T14:00:00Z,2.0,2.0,6,False,90,0,0,0,2,0,0,0,0,0,0,0,10,22.8,14.9,8.0,4.6,5,3,5,10,1,0.0,0.03,0.03,0.82,45,-1211,22306,980,2191,342,DEF,Jayden Bogle,Leeds
398,54,8,0,False,2025-09-27T14:00:00Z,2.0,1.0,6,False,0,0,0,0,0,0,0,0,0,0,0,0,0,0.0,0.0,0.0,0.0,0,0,0,0,0,0.0,0.0,0.0,0.0,44,-192,17031,1176,1368,398,FWD,Jayden Danns,Liverpool
118,52,14,0,True,2025-09-27T11:30:00Z,3.0,1.0,6,False,0,0,0,0,0,0,0,0,0,0,0,0,0,0.0,0.0,0.0,0.0,0,0,0,0,0,0.0,0.0,0.0,0.0,40,-553,7565,0,553,118,DEF,Jayden Meghoma,Brentford
213,57,13,0,False,2025-09-27T14:00:00Z,5.0,1.0,6,False,0,0,0,0,0,0,0,0,0,0,0,0,0,0.0,0.0,0.0,0.0,0,0,0,0,0,0.0,0.0,0.0,0.0,45,95,4899,647,552,213,MID,Jaydon Banel,Burnley
558,59,16,0,False,2025-09-27T16:30:00Z,0.0,1.0,6,False,0,0,0,0,0,0,0,0,0,0,0,0,0,0.0,0.0,0.0,0.0,0,0,0,0,0,0.0,0.0,0.0,0.0,44,-348,28266,2351,2699,558,MID,Jay Matete,Sunderland
609,55,9,0,False,2025-09-29T19:00:00Z,1.0,1.0,6,False,0,0,0,0,0,0,0,0,0,0,0,0,0,0.0,0.0,0.0,0.0,0,0,0,0,0,0.0,0.0,0.0,0.0,44,-565,11884,311,876,609,DEF,Jean-Clair Todibo,West Ham
283,54,12,2,True,2025-09-27T14:00:00Z,2.0,1.0,6,False,90,0,0,0,1,0,0,0,0,0,0,0,2,7.6,15.8,39.0,6.2,1,2,0,3,1,0.92,0.1,1.02,2.14,76,-279016,1151981,72108,351124,283,FWD,Jean-Philippe Mateta,Crystal Palace
644,60,18,1,False,2025-09-27T19:00:00Z,1.0,1.0,6,False,26,0,0,0,1,0,0,0,0,0,0,0,8,4.6,2.3,6.0,1.3,1,1,2,4,0,0.07,0.04,0.11,0.13,53,-608,6606,82,690,644,MID,Jean-Ricner Bellegarde,Wolves
272,54,12,1,True,2025-09-27T14:00:00Z,2.0,1.0,6,False,16,0,0,0,1,0,0,0,0,0,0,0,5,2.2,0.6,3.0,0.6,1,2,1,4,0,0.05,0.01,0.06,0.64,49,-556,7041,223,779,272,MID,Jefferson Lerma Solís,Crystal Palace
309,55,19,0,True,2025-09-29T19:00:00Z,1.0,1.0,6,False,0,0,0,0,0,0,0,0,0,0,0,0,0,0.0,0.0,0.0,0.0,0,0,0,0,0,0.0,0.0,0.0,0.0,45,-4,109,0,4,309,MID,Jenson Metcalfe,Everton
542,59,16,0,False,2025-09-27T16:30:00Z,0.0,1.0,6,False,0,0,0,0,0,0,0,0,0,0,0,0,0,0.0,0.0,0.0,0.0,0,0,0,0,0,0.0,0.0,0.0,0.0,40,-2195,18330,0,2195,542,DEF,Jenson Seelt,Sunderland
370,54,8,1,False,2025-09-27T14:00:00Z,2.0,1.0,6,False,16,0,0,0,1,0,0,0,0,0,0,0,-1,6.0,1.3,4.0,1.1,2,3,1,3,0,0.0,0.01,0.01,0.72,59,-91495,978017,20086,111581,370,DEF,Jeremie Frimpong,Liverpool
171,53,7,0,False,2025-09-27T14:00:00Z,1.0,3.0,6,False,0,0,0,0,0,0,0,0,0,0,0,0,0,0.0,0.0,0.0,0.0,0,0,0,0,0,0.0,0.0,0.0,0.0,49,-216,2450,0,216,171,MID,Jeremy Sarmiento Morante,Brighton
278,54,12,0,True,2025-09-27T14:00:00Z,2.0,1.0,6,False,0,0,0,0,0,0,0,0,0,0,0,0,0,0.0,0.0,0.0,0.0,0,0,0,0,0,0.0,0.0,0.0,0.0,44,-1170,7399,443,1613,278,MID,Jesurun Rak-Sakyi,Crystal Palace
663,60,18,5,False,2025-09-27T19:00:00Z,1.0,1.0,6,False,90,0,0,1,0,0,0,0,0,0,0,0,17,21.0,48.3,9.0,7.8,3,6,5,14,1,0.06,0.13,0.19,0.81,52,-7478,28916,481,7959,663,MID,Jhon Arias,Wolves
317,51,2,3,False,2025-09-28T13:00:00Z,3.0,1.0,6,False,90,0,0,0,3,0,0,0,0,0,0,0,8,18.8,0.8,2.0,2.2,8,3,2,10,1,0.0,0.01,0.01,1.11,45,71139,501331,138214,67075,317,DEF,Joachim Andersen,Fulham
490,58,1,3,True,2025-09-28T15:30:00Z,1.0,2.0,6,False,90,0,0,0,1,0,0,0,1,0,0,0,1,6.6,11.2,4.0,2.2,3,8,1,12,1,0.03,0.0,0.03,1.78,59,-579,33288,3027,3606,490,MID,Joelinton Cássio Apolinário de Lira,Newcastle
534,59,16,0,False,2025-09-27T16:30:00Z,0.0,1.0,6,False,0,0,0,0,0,0,0,0,0,0,0,0,0,0.0,0.0,0.0,0.0,0,0,0,0,0,0.0,0.0,0.0,0.0,39,6670,57228,11276,4606,534,DEF,Joe Anderson,Sunderland
34,51,10,0,True,2025-09-28T13:00:00Z,3.0,1.0,6,False,0,0,0,0,0,0,0,0,0,0,0,0,0,0.0,0.0,0.0,0.0,0,0,0,0,0,0.0,0.0,0.0,0.0,40,-1121,18030,0,1121,34,GKP,Joe Gauci,Aston Villa
360,56,4,0,True,2025-09-27T14:00:00Z,2.0,2.0,6,False,0,0,0,0,0,0,0,0,0,0,0,0,0,0.0,0.0,0.0,0.0,0,0,0,0,0,0.0,0.0,0.0,0.0,45,-173,1466,0,173,360,MID,Joe Gelhardt,Leeds
376,54,8,0,False,2025-09-27T14:00:00Z,2.0,1.0,6,False,0,0,0,0,0,0,0,0,0,0,0,0,0,0.0,0.0,0.0,0.0,0,0,0,0,0,0.0,0.0,0.0,0.0,50,-696,16263,509,1205,376,DEF,Joe Gomez,Liverpool
653,60,18,0,False,2025-09-27T19:00:00Z,1.0,1.0,6,False,0,0,0,0,0,0,0,0,0,0,0,0,0,0.0,0.0,0.0,0.0,0,0,0,0,0,0.0,0.0,0.0,0.0,45,-319,4867,0,319,653,MID,Joe Hodge,Wolves
175,53,7,0,False,2025-09-27T14:00:00Z,1.0,3.0,6,False,0,0,0,0,0,0,0,0,0,0,0,0,0,0.0,0.0,0.0,0.0,0,0,0,0,0,0.0,0.0,0.0,0.0,45,115,10148,1050,935,175,MID,Joe Knight,Brighton
348,56,4,7,True,2025-09-27T14:00:00Z,2.0,2.0,6,False,90,1,0,0,2,0,0,0,0,0,0,0,21,55.0,0.3,47.0,10.2,7,3,2,9,1,0.33,0.0,0.33,0.82,40,105172,549258,153169,47997,348,DEF,Joe Rodon,Leeds
498,58,1,0,True,2025-09-28T15:30:00Z,1.0,2.0,6,False,0,0,0,0,0,0,0,0,0,0,0,0,0,0.0,0.0,0.0,0.0,0,0,0,0,0,0.0,0.0,0.0,0.0,45,-36,829,0,36,498,MID,Joe White,Newcastle
494,58,1,0,True,2025-09-28T15:30:00Z,1.0,2.0,6,False,0,0,0,0,0,0,0,0,0,0,0,0,0,0.0,0.0,0.0,0.0,0,0,0,0,0,0.0,0.0,0.0,0.0,50,195,6826,877,682,494,MID,Joe Willock,Newcastle
199,57,13,0,False,2025-09-27T14:00:00Z,5.0,1.0,6,False,0,0,0,0,0,0,0,0,0,0,0,0,0,0.0,0.0,0.0,0.0,0,0,0,0,0,0.0,0.0,0.0,0.0,40,-538,15144,299,837,199,DEF,Joe Worrall,Burnley
54,51,10,6,True,2025-09-28T13:00:00Z,3.0,1.0,6,False,71,1,0,0,1,0,0,0,1,0,0,0,25,36.0,18.5,13.0,6.8,3,5,1,9,1,0.45,0.29,0.74,0.73,54,-4718,68959,3669,8387,54,MID,John McGinn,Aston Villa
409,57,3,0,True,2025-09-27T14:00:00Z,5.0,1.0,6,False,0,0,0,0,0,0,0,0,0,0,0,0,0,0.0,0.0,0.0,0.0,0,0,0,0,0,0.0,0.0,0.0,0.0,55,-4975,94019,1898,6873,409,DEF,John Stones,Man City
715,59,17,0,True,2025-09-27T16:30:00Z,0.0,1.0,6,False,0,0,0,0,0,0,0,0,0,0,0,0,0,0.0,0.0,0.0,0.0,0,0,0,0,0,0.0,0.0,0.0,0.0,40,6026,47470,9484,3458,715,GKP,John Victor Maciel Furtado,Nott'm Forest
737,51,2,0,False,2025-09-28T13:00:00Z,3.0,1.0,6,False,0,0,0,0,0,0,0,0,0,0,0,0,0,0.0,0.0,0.0,0.0,0,0,0,0,0,0.0,0.0,0.0,0.0,45,733,4765,1671,938,737,FWD,Jonah Kusi-Asare,Fulham
194,57,13,0,False,2025-09-27T14:00:00Z,5.0,1.0,6,False,0,0,0,0,0,0,0,0,0,0,0,0,0,0.0,0.0,0.0,0.0,0,0,0,0,0,0.0,0.0,0.0,0.0,40,-874,10833,31,905,194,DEF,Jordan Beyer,Burnley
124,52,14,6,True,2025-09-27T11:30:00Z,3.0,1.0,6,False,80,0,1,0,1,0,0,0,0,0,0,1,31,28.2,30.8,0.0,5.9,3,4,1,8,1,0.0,0.27,0.27,1.81,50,1300,41245,5957,4657,124,MID,Jordan Henderson,Brentford
287,55,19,2,True,2025-09-29T19:00:00Z,1.0,1.0,6,False,90,0,0,0,1,0,0,0,0,0,2,0,12,23.2,0.0,0.0,2.3,1,8,1,0,1,0.0,0.0,0.0,1.17,55,-28089,1342228,44442,72531,287,GKP,Jordan Pickford,Everton
321,51,2,0,False,2025-09-28T13:00:00Z,3.0,1.0,6,False,0,0,0,0,0,0,0,0,0,0,0,0,0,0.0,0.0,0.0,0.0,0,0,0,0,0,0.0,0.0,0.0,0.0,44,-124,4483,92,216,321,DEF,Jorge Cuenca Barreno,Fulham
672,53,6,2,True,2025-09-27T14:00:00Z,1.0,3.0,6,False,78,0,0,0,1,0,0,0,0,0,0,0,7,12.0,0.4,2.0,1.4,1,2,1,2,1,0.0,0.0,0.0,1.05,48,-1473,23272,567,2040,672,DEF,Jorrel Hato,Chelsea
466,52,5,1,False,2025-09-27T11:30:00Z,3.0,1.0,6,False,5,0,0,0,1,0,0,0,0,0,0,0,2,0.0,0.3,4.0,0.2,0,0,0,0,0,0.12,0.0,0.12,0.1,59,-1972,46716,2770,4742,466,FWD,Joshua Zirkzee,Man Utd
233,53,6,0,True,2025-09-27T14:00:00Z,1.0,3.0,6,False,36,0,0,0,3,0,0,0,0,0,0,0,-12,0.0,0.1,0.0,0.0,3,1,0,3,0,0.0,0.0,0.0,2.16,40,-27642,159267,2332,29974,233,DEF,Josh Acheampong,Chelsea
205,57,13,4,False,2025-09-27T14:00:00Z,5.0,1.0,6,False,78,0,0,0,3,0,0,0,0,0,0,0,17,27.0,13.5,0.0,4.1,10,2,0,12,1,0.0,0.01,0.01,1.25,50,-15142,230078,17276,32418,205,MID,Josh Cullen,Burnley
335,51,2,1,False,2025-09-28T13:00:00Z,3.0,1.0,6,False,64,0,0,0,3,0,0,0,1,0,0,0,11,16.8,11.1,47.0,7.5,2,2,1,5,1,0.25,0.01,0.26,1.11,45,44795,467120,111920,67125,335,MID,Josh King,Fulham
209,57,13,2,False,2025-09-27T14:00:00Z,5.0,1.0,6,False,90,0,0,0,5,0,0,0,0,0,0,0,9,4.0,0.7,5.0,1.0,2,4,0,6,1,0.04,0.0,0.04,2.03,49,-95,3448,126,221,209,MID,Josh Laurent,Burnley
15,58,15,0,False,2025-09-28T15:30:00Z,1.0,2.0,6,False,0,0,0,0,0,0,0,0,0,0,0,0,0,0.0,0.0,0.0,0.0,0,0,0,0,0,0.0,0.0,0.0,0.0,39,3524,28880,5332,1808,15,DEF,Josh Nichols,Arsenal
628,60,18,0,False,2025-09-27T19:00:00Z,1.0,1.0,6,False,0,0,0,0,0,0,0,0,0,0,0,0,0,0.0,0.0,0.0,0.0,0,0,0,0,0,0.0,0.0,0.0,0.0,45,-13296,177923,1722,15018,628,GKP,José Malheiro de Sá,Wolves
673,60,20,9,True,2025-09-27T19:00:00Z,1.0,1.0,6,False,90,1,0,0,1,0,0,0,1,0,0,3,33,45.6,11.0,12.0,6.9,3,4,4,11,1,0.08,0.01,0.09,1.15,55,1213,102649,12745,11532,673,MID,João Maria Lobo Alves Palhares Costa Palhinha Gonçalves,Spurs
518,59,17,0,True,2025-09-27T16:30:00Z,0.0,1.0,6,False,0,0,0,0,0,0,0,0,0,0,0,0,0,0.0,0.0,0.0,0.0,0,0,0,0,0,0.0,0.0,0.0,0.0,54,-849,6528,0,849,518,MID,João Pedro Ferreira da Silva,Nott'm Forest
249,53,6,2,True,2025-09-27T14:00:00Z,1.0,3.0,6,False,90,0,0,0,3,0,0,0,0,0,0,0,6,8.6,30.5,0.0,3.9,1,3,2,6,1,0.0,0.03,0.03,2.28,78,98316,8155136,362323,264007,249,FWD,João Pedro Junqueira de Jesus,Chelsea
646,60,18,2,False,2025-09-27T19:00:00Z,1.0,1.0,6,False,63,0,0,1,0,0,0,0,1,0,0,0,2,1.4,2.6,0.0,0.4,1,5,2,8,1,0.0,0.01,0.01,0.74,54,-584,11783,604,1188,646,MID,João Victor Gomes da Silva,Wolves
362,56,4,0,True,2025-09-27T14:00:00Z,2.0,2.0,6,False,0,0,0,0,0,0,0,0,0,0,0,0,0,0.0,0.0,0.0,0.0,0,0,0,0,0,0.0,0.0,0.0,0.0,52,-14464,69807,2082,16546,362,FWD,Joël Piroe,Leeds
152,53,7,0,False,2025-09-27T14:00:00Z,1.0,3.0,6,False,54,0,0,0,1,0,0,0,1,0,0,0,-1,10.6,0.1,0.0,1.1,5,1,1,6,1,0.0,0.0,0.0,1.33,44,707,22890,2416,1709,152,DEF,Joël Veltman,Brighton
403,57,3,2,True,2025-09-27T14:00:00Z,5.0,1.0,6,False,69,0,0,0,1,0,0,0,0,0,0,0,14,25.8,24.2,4.0,5.4,6,3,0,6,1,0.04,0.19,0.23,0.41,58,178573,612620,211067,32494,403,DEF,Joško Gvardiol,Man City
104,52,14,0,True,2025-09-27T11:30:00Z,3.0,1.0,6,False,0,0,0,0,0,0,0,0,0,0,0,0,0,0.0,0.0,0.0,0.0,0,0,0,0,0,0.0,0.0,0.0,0.0,40,-136,8624,201,337,104,GKP,Julian Eyestone,Brentford
161,53,7,0,False,2025-09-27T14:00:00Z,1.0,3.0,6,False,0,0,0,0,0,0,0,0,0,0,0,0,0,0.0,0.0,0.0,0.0,0,0,0,0,0,0.0,0.0,0.0,0.0,54,-92,1405,0,92,161,MID,Julio Enciso Espínola,Brighton
80,56,11,0,False,2025-09-27T14:00:00Z,2.0,2.0,6,False,0,0,0,0,0,0,0,0,0,0,0,0,0,0.0,0.0,0.0,0.0,0,0,0,0,0,0.0,0.0,0.0,0.0,40,-598,29862,1311,1909,80,DEF,Julio Soler Barreto,Bournemouth
78,56,11,0,False,2025-09-27T14:00:00Z,2.0,2.0,6,False,0,0,0,0,0,0,0,0,0,0,0,0,0,0.0,0.0,0.0,0.0,0,0,0,0,0,0.0,0.0,0.0,0.0,40,-6153,99736,2095,8248,78,DEF,Julián Araujo Zúñiga,Bournemouth
100,56,11,6,False,2025-09-27T14:00:00Z,2.0,2.0,6,False,9,1,0,0,0,0,0,0,1,0,0,2,28,35.0,0.6,38.0,7.4,0,1,0,1,0,0.23,0.0,0.23,0.07,45,3779,181004,29894,26115,100,FWD,Junior Kroupi,Bournemouth
8,58,15,2,False,2025-09-28T15:30:00Z,1.0,2.0,6,False,90,0,0,0,1,0,0,0,0,0,0,0,10,24.6,38.2,25.0,8.8,4,4,2,6,1,0.53,0.21,0.74,0.61,58,156869,1679103,250497,93628,8,DEF,Jurriën Timber,Arsenal
276,54,12,1,True,2025-09-27T14:00:00Z,2.0,1.0,6,False,1,0,0,0,0,0,0,0,0,0,0,0,4,1.2,0.1,0.0,0.1,0,1,1,2,0,0.0,0.0,0.0,0.0,45,-8382,162128,9874,18256,276,MID,Justin Devenny,Crystal Palace
81,56,11,1,False,2025-09-27T14:00:00Z,2.0,2.0,6,False,59,0,0,0,2,0,0,0,0,0,0,0,6,4.6,16.5,2.0,2.3,0,1,0,1,1,0.0,0.05,0.05,1.36,70,1657,91366,12335,10678,81,MID,Justin Kluivert,Bournemouth
418,57,3,10,True,2025-09-27T14:00:00Z,5.0,1.0,6,False,90,0,2,0,1,0,0,0,0,0,0,2,43,45.2,50.1,89.0,18.4,0,2,1,3,1,0.34,0.28,0.62,0.41,65,237240,490674,272087,34847,418,MID,Jérémy Doku,Man City
654,60,18,2,False,2025-09-27T19:00:00Z,1.0,1.0,6,False,83,0,0,1,0,0,0,0,0,0,0,0,6,1.6,1.6,11.0,1.4,3,0,0,3,1,0.08,0.01,0.09,0.81,64,-24198,170692,15149,39347,654,FWD,Jørgen Strand Larsen,Crystal Palace
63,51,10,0,True,2025-09-28T13:00:00Z,3.0,1.0,6,False,0,0,0,0,0,0,0,0,0,0,0,0,0,0.0,0.0,0.0,0.0,0,0,0,0,0,0.0,0.0,0.0,0.0,44,2683,75222,9513,6830,63,MID,Kadan Young,Aston Villa
281,54,12,0,True,2025-09-27T14:00:00Z,2.0,1.0,6,False,0,0,0,0,0,0,0,0,0,0,0,0,0,0.0,0.0,0.0,0.0,0,0,0,0,0,0.0,0.0,0.0,0.0,45,-102,5108,332,434,281,MID,Kaden Rodney,Crystal Palace
611,55,9,0,False,2025-09-29T19:00:00Z,1.0,1.0,6,False,0,0,0,0,0,0,0,0,0,0,0,0,0,0.0,0.0,0.0,0.0,0,0,0,0,0,0.0,0.0,0.0,0.0,40,-677,12094,0,677,611,DEF,Kaelan Casey,West Ham
30,58,15,0,False,2025-09-28T15:30:00Z,1.0,2.0,6,False,0,0,0,0,0,0,0,0,0,0,0,0,0,0.0,0.0,0.0,0.0,0,0,0,0,0,0.0,0.0,0.0,0.0,73,-2230,45407,111,2341,30,FWD,Kai Havertz,Arsenal
429,57,3,0,True,2025-09-27T14:00:00Z,5.0,1.0,6,False,0,0,0,0,0,0,0,0,0,0,0,0,0,0.0,0.0,0.0,0.0,0,0,0,0,0,0.0,0.0,0.0,0.0,49,-218,7638,334,552,429,MID,Kalvin Phillips,Man City
341,56,4,2,True,2025-09-27T14:00:00Z,2.0,2.0,6,False,90,0,0,0,2,0,0,0,0,0,3,0,12,29.4,0.0,0.0,2.9,1,12,0,0,1,0.0,0.0,0.0,0.82,40,11022,301586,26569,15547,341,GKP,Karl Darlow,Leeds
3,58,15,0,False,2025-09-28T15:30:00Z,1.0,2.0,6,False,0,0,0,0,0,0,0,0,0,0,0,0,0,0.0,0.0,0.0,0.0,0,0,0,0,0,0.0,0.0,0.0,0.0,40,-3374,44510,0,3374,3,GKP,Karl Hein,Arsenal
107,52,14,1,True,2025-09-27T11:30:00Z,3.0,1.0,6,False,15,0,0,0,0,0,0,0,0,0,0,0,7,5.2,0.3,0.0,0.6,2,0,1,3,0,0.0,0.0,0.0,1.06,50,-2644,46742,1578,4222,107,DEF,Keane Lewis-Potter,Brentford
248,53,6,0,True,2025-09-27T14:00:00Z,1.0,3.0,6,False,0,0,0,0,0,0,0,0,0,0,0,0,0,0.0,0.0,0.0,0.0,0,0,0,0,0,0.0,0.0,0.0,0.0,45,-34,687,0,34,248,MID,Kendry Páez Andrade,Chelsea
322,51,2,0,False,2025-09-28T13:00:00Z,3.0,1.0,6,False,0,0,0,0,0,0,0,0,0,0,0,0,0,0.0,0.0,0.0,0.0,0,0,0,0,0,0.0,0.0,0.0,0.0,45,-957,25286,1327,2284,322,DEF,Kenny Tete,Fulham
2,58,15,0,False,2025-09-28T15:30:00Z,1.0,2.0,6,False,0,0,0,0,0,0,0,0,0,0,0,0,0,0.0,0.0,0.0,0.0,0,0,0,0,0,0.0,0.0,0.0,0.0,43,-4229,67990,713,4942,2,GKP,Kepa Arrizabalaga Revuelta,Arsenal
570,60,20,0,True,2025-09-27T19:00:00Z,1.0,1.0,6,False,0,0,0,0,0,0,0,0,0,0,0,0,0,0.0,0.0,0.0,0.0,0,0,0,0,0,0.0,0.0,0.0,0.0,43,553,18516,2499,1946,570,DEF,Kevin Danso,Spurs
731,51,2,1,False,2025-09-28T13:00:00Z,3.0,1.0,6,False,25,0,0,0,0,0,0,0,0,0,0,0,2,3.8,2.8,2.0,0.9,0,2,1,3,0,0.0,0.01,0.01,0.0,60,-4240,11577,1545,5785,731,MID,Kevin Santos Lopes de Macedo,Fulham
120,52,14,4,True,2025-09-27T11:30:00Z,3.0,1.0,6,False,90,0,1,0,1,0,0,0,1,0,0,0,19,8.6,16.2,25.0,5.0,2,3,1,6,1,0.01,0.09,0.1,2.08,70,1930,53501,10444,8514,120,MID,Kevin Schade,Brentford
638,60,18,0,False,2025-09-27T19:00:00Z,1.0,1.0,6,False,0,0,0,0,0,0,0,0,0,0,0,0,0,0.0,0.0,0.0,0.0,0,0,0,0,0,0.0,0.0,0.0,0.0,40,-14132,140359,816,14948,638,DEF,Ki-Jana Hoever,Wolves
478,58,1,0,True,2025-09-28T15:30:00Z,1.0,2.0,6,False,23,0,0,0,2,0,0,0,0,0,0,0,-4,6.4,0.8,0.0,0.7,3,1,0,3,0,0.0,0.01,0.01,0.49,50,-25483,298297,6651,32134,478,DEF,Kieran Trippier,Newcastle
242,55,19,1,True,2025-09-29T19:00:00Z,1.0,1.0,6,False,90,0,0,0,1,0,0,0,1,0,0,0,11,4.4,17.0,17.0,3.8,4,6,0,10,1,0.13,0.05,0.18,1.17,50,6928,589124,106733,99805,242,MID,Kiernan Dewsbury-Hall,Everton
117,52,14,0,True,2025-09-27T11:30:00Z,3.0,1.0,6,False,0,0,0,0,0,0,0,0,0,0,0,0,0,0.0,0.0,0.0,0.0,0,0,0,0,0,0.0,0.0,0.0,0.0,39,-293,17456,2214,2507,117,DEF,Kim Ji-soo,Brentford
142,53,7,0,False,2025-09-27T14:00:00Z,1.0,3.0,6,False,0,0,0,0,0,0,0,0,0,0,0,0,0,0.0,0.0,0.0,0.0,0,0,0,0,0,0.0,0.0,0.0,0.0,40,-9,285,0,9,142,GKP,Kjell Scherpen,Brighton
458,52,5,1,False,2025-09-27T11:30:00Z,3.0,1.0,6,False,24,0,0,0,1,0,0,0,0,0,0,0,2,2.4,4.8,0.0,0.7,0,1,1,2,0,0.0,0.0,0.0,0.21,48,51,62018,5919,5868,458,MID,Kobbie Mainoo,Man Utd
606,55,9,1,False,2025-09-29T19:00:00Z,1.0,1.0,6,False,90,0,0,0,1,0,0,0,1,0,0,0,6,11.4,0.8,16.0,2.8,6,3,1,7,1,0.14,0.01,0.15,0.73,44,-395,7525,725,1120,606,DEF,Konstantinos Mavropanos,West Ham
377,54,8,0,False,2025-09-27T14:00:00Z,2.0,1.0,6,False,0,0,0,0,0,0,0,0,0,0,0,0,0,0.0,0.0,0.0,0.0,0,0,0,0,0,0.0,0.0,0.0,0.0,48,-1611,9193,105,1716,377,DEF,Konstantinos Tsimikas,Liverpool
108,52,14,0,True,2025-09-27T11:30:00Z,3.0,1.0,6,False,0,0,0,0,0,0,0,0,0,0,0,0,0,0.0,0.0,0.0,0.0,0,0,0,0,0,0.0,0.0,0.0,0.0,44,-259,19175,990,1249,108,DEF,Kristoffer Ajer,Brentford
602,55,9,0,False,2025-09-29T19:00:00Z,1.0,1.0,6,False,0,0,0,0,0,0,0,0,0,0,0,0,0,0.0,0.0,0.0,0.0,0,0,0,0,0,0.0,0.0,0.0,0.0,40,-736,28559,343,1079,602,GKP,Krisztián Hegyi,West Ham
659,55,9,1,False,2025-09-29T19:00:00Z,1.0,1.0,6,False,90,0,0,0,1,0,0,0,1,0,0,0,5,11.8,23.9,0.0,3.6,3,3,2,5,1,0.0,0.02,0.02,0.73,44,-1881,40622,1525,3406,659,DEF,Kyle Walker-Peters,West Ham
187,57,13,-1,False,2025-09-27T14:00:00Z,5.0,1.0,6,False,90,0,0,0,5,0,0,0,1,0,0,0,-16,11.4,2.2,4.0,1.8,5,7,1,6,1,0.03,0.02,0.05,2.03,45,-11829,193541,5399,17228,187,DEF,Kyle Walker,Burnley
709,60,18,2,False,2025-09-27T19:00:00Z,1.0,1.0,6,False,90,0,0,0,1,0,0,0,0,0,0,0,13,19.4,11.1,17.0,4.8,4,1,0,4,1,0.06,0.01,0.07,0.87,45,1166,3310,1722,556,709,DEF,Ladislav Krejcí,Wolves
44,51,10,2,True,2025-09-28T13:00:00Z,3.0,1.0,6,False,81,0,0,0,1,0,0,0,0,0,0,0,2,3.2,12.8,0.0,1.6,0,2,1,1,1,0.0,0.02,0.02,0.8,40,13232,78701,19039,5807,44,DEF,Lamare Bogarde,Aston Villa
357,56,4,0,True,2025-09-27T14:00:00Z,2.0,2.0,6,False,0,0,0,0,0,0,0,0,0,0,0,0,0,0.0,0.0,0.0,0.0,0,0,0,0,0,0.0,0.0,0.0,0.0,49,-244,2461,0,244,357,MID,Largie Ramazani,Leeds
61,51,10,0,True,2025-09-28T13:00:00Z,3.0,1.0,6,False,0,0,0,0,0,0,0,0,0,0,0,0,0,0.0,0.0,0.0,0.0,0,0,0,0,0,0.0,0.0,0.0,0.0,45,-1844,15281,0,1844,61,MID,Leander Dendoncker,Aston Villa
20,58,15,2,False,2025-09-28T15:30:00Z,1.0,2.0,6,False,87,0,0,0,1,0,0,0,0,0,0,0,5,2.4,17.0,12.0,3.1,0,2,0,2,1,0.33,0.12,0.45,0.58,69,361,32855,2339,1978,20,MID,Leandro Trossard,Arsenal
444,52,5,1,False,2025-09-27T11:30:00Z,3.0,1.0,6,False,24,0,0,0,1,0,0,0,0,0,0,0,0,9.4,1.0,0.0,1.0,3,1,0,3,0,0.0,0.0,0.0,0.21,45,-17449,254775,6444,23893,444,DEF,Leny Yoro,Man Utd
49,51,10,0,True,2025-09-28T13:00:00Z,3.0,1.0,6,False,0,0,0,0,0,0,0,0,0,0,0,0,0,0.0,0.0,0.0,0.0,0,0,0,0,0,0.0,0.0,0.0,0.0,55,-1301,12366,0,1301,49,MID,Leon Bailey,Aston Villa
657,60,18,0,False,2025-09-27T19:00:00Z,1.0,1.0,6,False,0,0,0,0,0,0,0,0,0,0,0,0,0,0.0,0.0,0.0,0.0,0,0,0,0,0,0.0,0.0,0.0,0.0,45,-187,3906,188,375,657,FWD,Leon Chiwome,Wolves
536,59,16,0,False,2025-09-27T16:30:00Z,0.0,1.0,6,False,0,0,0,0,0,0,0,0,0,0,0,0,0,0.0,0.0,0.0,0.0,0,0,0,0,0,0.0,0.0,0.0,0.0,40,-7,556,29,36,536,DEF,Leo Fuhr Hjelde,Sunderland
676,57,13,1,False,2025-09-27T14:00:00Z,5.0,1.0,6,False,11,0,0,0,2,0,0,0,0,0,0,0,4,0.4,0.0,0.0,0.0,0,0,0,0,0,0.0,0.0,0.0,0.78,50,-223,4231,135,358,676,MID,Lesley Ugochukwu,Burnley
227,53,6,0,True,2025-09-27T14:00:00Z,1.0,3.0,6,False,0,0,0,0,0,0,0,0,0,0,0,0,0,0.0,0.0,0.0,0.0,0,0,0,0,0,0.0,0.0,0.0,0.0,48,-818,15842,47,865,227,DEF,Levi Samuels Colwill,Chelsea
88,56,11,0,False,2025-09-27T14:00:00Z,2.0,2.0,6,False,0,0,0,0,0,0,0,0,0,0,0,0,0,0.0,0.0,0.0,0.0,0,0,0,0,0,0.0,0.0,0.0,0.0,49,-85,1984,383,468,88,MID,Lewis Cook,Bournemouth
57,51,10,0,True,2025-09-28T13:00:00Z,3.0,1.0,6,False,0,0,0,0,0,0,0,0,0,0,0,0,0,0.0,0.0,0.0,0.0,0,0,0,0,0,0.0,0.0,0.0,0.0,50,-288,3846,0,288,57,MID,Lewis Dobbin,Aston Villa
146,53,7,1,False,2025-09-27T14:00:00Z,1.0,3.0,6,False,90,0,0,0,1,0,0,0,1,0,0,0,8,10.6,1.6,4.0,1.6,7,2,1,8,1,0.06,0.01,0.07,1.81,45,-3522,139494,6826,10348,146,DEF,Lewis Dunk,Brighton
473,58,1,0,True,2025-09-28T15:30:00Z,1.0,2.0,6,False,0,0,0,0,0,0,0,0,0,0,0,0,0,0.0,0.0,0.0,0.0,0,0,0,0,0,0.0,0.0,0.0,0.0,54,-7817,150139,4722,12539,473,DEF,Lewis Hall,Newcastle
497,58,1,0,True,2025-09-28T15:30:00Z,1.0,2.0,6,False,0,0,0,0,0,0,0,0,0,0,0,0,0,0.0,0.0,0.0,0.0,0,0,0,0,0,0.0,0.0,0.0,0.0,44,30541,257550,55641,25100,497,MID,Lewis Miley,Newcastle
520,59,17,0,True,2025-09-27T16:30:00Z,0.0,1.0,6,False,0,0,0,0,0,0,0,0,0,0,0,0,0,0.0,0.0,0.0,0.0,0,0,0,0,0,0.0,0.0,0.0,0.0,50,-1,119,0,1,520,MID,Lewis O'Brien,Nott'm Forest
622,55,9,0,False,2025-09-29T19:00:00Z,1.0,1.0,6,False,0,0,0,0,0,0,0,0,0,0,0,0,0,0.0,0.0,0.0,0.0,0,0,0,0,0,0.0,0.0,0.0,0.0,44,-872,9958,0,872,622,MID,Lewis Orford,West Ham
250,53,6,0,True,2025-09-27T14:00:00Z,1.0,3.0,6,False,0,0,0,0,0,0,0,0,0,0,0,0,0,0.0,0.0,0.0,0.0,0,0,0,0,0,0.0,0.0,0.0,0.0,62,-18945,131852,208,19153,250,FWD,Liam Delap,Chelsea
45,51,10,0,True,2025-09-28T13:00:00Z,3.0,1.0,6,False,0,0,0,0,0,0,0,0,0,0,0,0,0,0.0,0.0,0.0,0.0,0,0,0,0,0,0.0,0.0,0.0,0.0,40,-762,39296,1666,2428,45,DEF,Lino da Cruz Sousa,Aston Villa
437,52,5,0,False,2025-09-27T11:30:00Z,3.0,1.0,6,False,0,0,0,0,0,0,0,0,0,0,0,0,0,0.0,0.0,0.0,0.0,0,0,0,0,0,0.0,0.0,0.0,0.0,49,-469,9765,60,529,437,DEF,Lisandro Martínez,Man Utd
210,57,13,2,False,2025-09-27T14:00:00Z,5.0,1.0,6,False,61,0,0,0,2,0,0,0,0,0,0,0,6,5.4,1.2,5.0,1.2,1,1,2,4,1,0.03,0.0,0.03,1.08,49,47,4202,448,401,210,MID,Loum Tchaouna,Burnley
586,60,20,1,True,2025-09-27T19:00:00Z,1.0,1.0,6,False,77,0,0,0,1,0,0,0,1,0,0,0,3,0.2,5.8,12.0,1.8,3,3,1,7,1,0.29,0.09,0.38,1.15,54,26340,84973,37319,10979,586,MID,Lucas Bergvall,Spurs
37,51,10,5,True,2025-09-28T13:00:00Z,3.0,1.0,6,False,90,0,1,0,1,0,0,0,0,0,0,0,21,28.2,15.2,11.0,5.4,3,3,0,3,1,0.05,0.33,0.38,0.92,45,-12877,226658,4945,17822,37,DEF,Lucas Digne,Aston Villa
665,56,4,0,True,2025-09-27T14:00:00Z,2.0,2.0,6,False,0,0,0,0,0,0,0,0,0,0,0,0,0,0.0,0.0,0.0,0.0,0,0,0,0,0,0.0,0.0,0.0,0.0,45,-4417,33993,408,4825,665,GKP,Lucas Estella Perri,Leeds
195,57,13,0,False,2025-09-27T14:00:00Z,5.0,1.0,6,False,0,0,0,0,0,0,0,0,0,0,0,0,0,0.0,0.0,0.0,0.0,0,0,0,0,0,0.0,0.0,0.0,0.0,39,217,22065,1925,1708,195,DEF,Lucas Pires Silva,Burnley
612,55,9,4,False,2025-09-29T19:00:00Z,1.0,1.0,6,False,90,0,0,0,1,0,0,0,0,0,0,0,17,19.6,48.4,6.0,7.4,3,7,3,13,1,0.09,0.21,0.3,0.73,59,-83517,387036,29128,112645,612,MID,Lucas Tolentino Coelho de Lima,West Ham
208,57,13,0,False,2025-09-27T14:00:00Z,5.0,1.0,6,False,0,0,0,0,0,0,0,0,0,0,0,0,0,0.0,0.0,0.0,0.0,0,0,0,0,0,0.0,0.0,0.0,0.0,50,-130,1699,0,130,208,MID,Luca Koleosho,Burnley
383,54,8,0,False,2025-09-27T14:00:00Z,2.0,1.0,6,False,0,0,0,0,0,0,0,0,0,0,0,0,0,0.0,0.0,0.0,0.0,0,0,0,0,0,0.0,0.0,0.0,0.0,80,-145,6070,0,145,383,MID,Luis Díaz Marulanda,Liverpool
729,59,17,0,True,2025-09-27T16:30:00Z,0.0,1.0,6,False,0,0,0,0,0,0,0,0,0,0,0,0,0,0.0,0.0,0.0,0.0,0,0,0,0,0,0.0,0.0,0.0,0.0,45,-3,61,0,3,729,DEF,Luis Eduardo Soares da Silva,Nott'm Forest
619,55,9,1,False,2025-09-29T19:00:00Z,1.0,1.0,6,False,13,0,0,0,0,0,0,0,0,0,0,0,2,0.2,0.6,0.0,0.1,0,2,0,2,0,0.0,0.0,0.0,0.09,49,-47,2247,56,103,619,MID,Luis Guilherme Lira dos Santos,West Ham
91,56,11,0,False,2025-09-27T14:00:00Z,2.0,2.0,6,False,0,0,0,0,0,0,0,0,0,0,0,0,0,0.0,0.0,0.0,0.0,0,0,0,0,0,0.0,0.0,0.0,0.0,50,-192,1686,0,192,91,MID,Luis Sinisterra Lucumí,Bournemouth
738,55,9,0,False,2025-09-29T19:00:00Z,1.0,1.0,6,False,0,0,0,0,0,0,0,0,0,0,0,0,0,0.0,0.0,0.0,0.0,0,0,0,0,0,0.0,0.0,0.0,0.0,45,293,2481,542,249,738,GKP,Lukasz Fabianski,West Ham
365,56,4,1,True,2025-09-27T14:00:00Z,2.0,2.0,6,False,1,0,0,0,1,0,0,0,0,0,0,0,3,0.0,1.0,0.0,0.1,0,0,0,0,0,0.0,0.0,0.0,0.24,50,726,95538,14619,13893,365,FWD,Lukas Nmecha,Leeds
578,60,20,0,True,2025-09-27T19:00:00Z,1.0,1.0,6,False,0,0,0,0,0,0,0,0,0,0,0,0,0,0.0,0.0,0.0,0.0,0,0,0,0,0,0.0,0.0,0.0,0.0,39,-7761,64042,0,7761,578,DEF,Luka Vušković,Spurs
334,51,2,0,False,2025-09-28T13:00:00Z,3.0,1.0,6,False,0,0,0,0,0,0,0,0,0,0,0,0,0,0.0,0.0,0.0,0.0,0,0,0,0,0,0.0,0.0,0.0,0.0,45,-13,245,0,13,334,MID,Luke Harris,Fulham
539,59,16,0,False,2025-09-27T16:30:00Z,0.0,1.0,6,False,0,0,0,0,0,0,0,0,0,0,0,0,0,0.0,0.0,0.0,0.0,0,0,0,0,0,0.0,0.0,0.0,0.0,40,82,2539,260,178,539,DEF,Luke O'Nien,Sunderland
443,52,5,1,False,2025-09-27T11:30:00Z,3.0,1.0,6,False,80,0,0,0,2,0,0,0,0,0,0,0,2,10.4,0.8,0.0,1.1,3,5,1,4,1,0.0,0.01,0.01,1.92,45,1835,37905,4284,2449,443,DEF,Luke Shaw,Man Utd
724,59,16,1,False,2025-09-27T16:30:00Z,0.0,1.0,6,False,31,0,0,0,0,0,0,0,0,0,0,0,3,4.0,0.6,19.0,2.4,0,3,0,0,0,0.27,0.05,0.32,1.23,45,63,1523,277,214,724,DEF,Lutsharel Geertruida,Sunderland
563,59,16,0,False,2025-09-27T16:30:00Z,0.0,1.0,6,False,0,0,0,0,0,0,0,0,0,0,0,0,0,0.0,0.0,0.0,0.0,0,0,0,0,0,0.0,0.0,0.0,0.0,44,-2064,17852,694,2758,563,FWD,Luís Hemir Silva Semedo,Sunderland
217,57,13,2,False,2025-09-27T14:00:00Z,5.0,1.0,6,False,79,0,0,0,3,0,0,0,0,0,0,0,6,1.6,11.6,13.0,2.6,2,1,0,3,1,0.18,0.03,0.21,1.25,50,59524,241705,101933,42409,217,FWD,Lyle Foster,Burnley
679,55,9,0,False,2025-09-29T19:00:00Z,1.0,1.0,6,False,0,0,0,0,0,0,0,0,0,0,0,0,0,0.0,0.0,0.0,0.0,0,0,0,0,0,0.0,0.0,0.0,0.0,45,-4123,34737,878,5001,679,GKP,Mads Hermansen,West Ham
112,52,14,0,True,2025-09-27T11:30:00Z,3.0,1.0,6,False,0,0,0,0,0,0,0,0,0,0,0,0,0,0.0,0.0,0.0,0.0,0,0,0,0,0,0.0,0.0,0.0,0.0,45,-185,2393,0,185,112,DEF,Mads Roerslev Rasmussen,Brentford
277,54,12,0,True,2025-09-27T14:00:00Z,2.0,1.0,6,False,0,0,0,0,0,0,0,0,0,0,0,0,0,0.0,0.0,0.0,0.0,0,0,0,0,0,0.0,0.0,0.0,0.0,45,-24,472,0,24,277,MID,Malcolm Ebiowei,Crystal Palace
14,58,15,0,False,2025-09-28T15:30:00Z,1.0,2.0,6,False,0,0,0,0,0,0,0,0,0,0,0,0,0,0.0,0.0,0.0,0.0,0,0,0,0,0,0.0,0.0,0.0,0.0,39,-580,22838,2818,3398,14,DEF,Maldini Kacurri,Arsenal
684,58,1,3,True,2025-09-28T15:30:00Z,1.0,2.0,6,False,90,0,0,0,2,0,0,0,0,0,0,0,7,17.8,0.1,22.0,4.0,9,4,1,10,1,0.07,0.0,0.07,2.04,49,-48,17331,977,1025,684,DEF,Malick Thiaw,Newcastle
174,53,7,0,False,2025-09-27T14:00:00Z,1.0,3.0,6,False,0,0,0,0,0,0,0,0,0,0,0,0,0,0.0,0.0,0.0,0.0,0,0,0,0,0,0.0,0.0,0.0,0.0,50,-42,747,0,42,174,MID,Malick Yalcouyé,Brighton
228,53,6,0,True,2025-09-27T14:00:00Z,1.0,3.0,6,False,27,0,0,0,3,0,0,0,0,0,0,0,-5,4.2,1.8,2.0,0.8,0,1,2,2,0,0.0,0.01,0.01,2.06,49,-10784,156968,4596,15380,228,DEF,Malo Gusto,Chelsea
231,53,6,0,True,2025-09-27T14:00:00Z,1.0,3.0,6,False,0,0,0,0,0,0,0,0,0,0,0,0,0,0.0,0.0,0.0,0.0,0,0,0,0,0,0.0,0.0,0.0,0.0,45,-64,1068,0,64,231,DEF,Mamadou Sarr,Chelsea
589,60,20,0,True,2025-09-27T19:00:00Z,1.0,1.0,6,False,0,0,0,0,0,0,0,0,0,0,0,0,0,0.0,0.0,0.0,0.0,0,0,0,0,0,0.0,0.0,0.0,0.0,54,-81,1021,0,81,589,MID,Manor Solomon,Spurs
404,57,3,0,True,2025-09-27T14:00:00Z,5.0,1.0,6,False,0,0,0,0,0,0,0,0,0,0,0,0,0,0.0,0.0,0.0,0.0,0,0,0,0,0,0.0,0.0,0.0,0.0,54,-4925,42866,0,4925,404,DEF,Manuel Akanji,Man City
201,57,13,0,False,2025-09-27T14:00:00Z,5.0,1.0,6,False,0,0,0,0,0,0,0,0,0,0,0,0,0,0.0,0.0,0.0,0.0,0,0,0,0,0,0.0,0.0,0.0,0.0,54,-383,2789,85,468,201,MID,Manuel Benson Hedilazio,Burnley
459,52,5,2,False,2025-09-27T11:30:00Z,3.0,1.0,6,False,65,0,0,0,2,0,0,0,0,0,0,0,14,6.8,2.6,0.0,0.9,1,5,3,9,1,0.0,0.01,0.01,1.81,49,149,17567,2051,1902,459,MID,Manuel Ugarte Ribeiro,Man Utd
72,56,11,7,False,2025-09-27T14:00:00Z,2.0,2.0,6,False,90,0,1,0,2,0,0,0,0,0,0,1,27,57.8,16.9,4.0,7.9,12,3,3,15,1,0.0,0.22,0.22,1.84,48,887453,2222898,915905,28452,72,DEF,Marcos Senesi Barón,Bournemouth
33,51,10,0,True,2025-09-28T13:00:00Z,3.0,1.0,6,False,0,0,0,0,0,0,0,0,0,0,0,0,0,0.0,0.0,0.0,0.0,0,0,0,0,0,0.0,0.0,0.0,0.0,45,-7993,73003,1457,9450,33,GKP,Marco Bizot,Aston Villa
401,57,3,0,True,2025-09-27T14:00:00Z,5.0,1.0,6,False,0,0,0,0,0,0,0,0,0,0,0,0,0,0.0,0.0,0.0,0.0,0,0,0,0,0,0.0,0.0,0.0,0.0,40,-469,14861,287,756,401,GKP,Marcus Bettinelli,Man City
206,57,13,0,False,2025-09-27T14:00:00Z,5.0,1.0,6,False,0,0,0,0,0,0,0,0,0,0,0,0,0,0.0,0.0,0.0,0.0,0,0,0,0,0,0.0,0.0,0.0,0.0,48,-338,7452,808,1146,206,MID,Marcus Edwards,Burnley
451,52,5,0,False,2025-09-27T11:30:00Z,3.0,1.0,6,False,0,0,0,0,0,0,0,0,0,0,0,0,0,0.0,0.0,0.0,0.0,0,0,0,0,0,0.0,0.0,0.0,0.0,70,-77,2262,0,77,451,MID,Marcus Rashford,Man Utd
84,56,11,1,False,2025-09-27T14:00:00Z,2.0,2.0,6,False,30,0,0,0,0,0,0,0,0,0,0,0,3,4.0,12.2,4.0,2.0,0,3,1,4,0,0.0,0.02,0.02,0.48,55,-7686,192567,19997,27683,84,MID,Marcus Tavernier,Bournemouth
224,53,6,0,True,2025-09-27T14:00:00Z,1.0,3.0,6,False,90,0,0,0,3,0,0,0,1,0,0,0,1,9.0,16.9,3.0,2.9,1,2,3,4,1,0.02,0.01,0.03,2.28,62,-270814,2967267,53265,324079,224,DEF,Marc Cucurella Saseta,Chelsea
252,53,6,0,True,2025-09-27T14:00:00Z,1.0,3.0,6,False,0,0,0,0,0,0,0,0,0,0,0,0,0,0.0,0.0,0.0,0.0,0,0,0,0,0,0.0,0.0,0.0,0.0,43,-142160,1015619,94183,236343,252,FWD,Marc Guiu Paz,Chelsea
260,54,12,7,True,2025-09-27T14:00:00Z,2.0,1.0,6,False,90,0,1,0,1,0,0,0,0,0,0,0,21,35.4,11.1,4.0,5.1,8,2,3,11,1,0.0,0.05,0.05,2.14,47,234429,3044760,358762,124333,260,DEF,Marc Guéhi,Man City
524,59,17,0,True,2025-09-27T16:30:00Z,0.0,1.0,6,False,0,0,0,0,0,0,0,0,0,0,0,0,0,0.0,0.0,0.0,0.0,0,0,0,0,0,0.0,0.0,0.0,0.0,45,-290,3090,0,290,524,MID,Marko Stamenić,Nott'm Forest
471,58,1,0,True,2025-09-28T15:30:00Z,1.0,2.0,6,False,0,0,0,0,0,0,0,0,0,0,0,0,0,0.0,0.0,0.0,0.0,0,0,0,0,0,0.0,0.0,0.0,0.0,40,-392,17253,330,722,471,GKP,Mark Gillespie,Newcastle
288,55,19,0,True,2025-09-29T19:00:00Z,1.0,1.0,6,False,0,0,0,0,0,0,0,0,0,0,0,0,0,0.0,0.0,0.0,0.0,0,0,0,0,0,0.0,0.0,0.0,0.0,44,-512,15360,368,880,288,GKP,Mark Travers,Everton
648,60,18,4,False,2025-09-27T19:00:00Z,1.0,1.0,6,False,90,0,0,0,1,0,0,0,0,0,0,0,12,27.6,3.3,4.0,3.5,11,0,3,14,1,0.0,0.06,0.06,0.87,54,-706,5589,281,987,648,MID,Marshall Munetsi,Wolves
333,51,2,0,False,2025-09-28T13:00:00Z,3.0,1.0,6,False,0,0,0,0,0,0,0,0,0,0,0,0,0,0.0,0.0,0.0,0.0,0,0,0,0,0,0.0,0.0,0.0,0.0,45,-559,4573,0,559,333,MID,Martial Godo,Fulham
470,57,13,1,False,2025-09-27T14:00:00Z,5.0,1.0,6,False,90,0,0,0,5,0,0,0,0,0,5,0,4,40.8,0.0,0.0,4.1,2,5,0,0,1,0.0,0.0,0.0,2.03,40,59028,4130889,146605,87577,470,GKP,Martin Dúbravka,Burnley
313,55,19,0,True,2025-09-29T19:00:00Z,1.0,1.0,6,False,0,0,0,0,0,0,0,0,0,0,0,0,0,0.0,0.0,0.0,0.0,0,0,0,0,0,0.0,0.0,0.0,0.0,44,-2651,23286,724,3375,313,FWD,Martin Sherif,Everton
17,58,15,4,False,2025-09-28T15:30:00Z,1.0,2.0,6,False,8,0,1,0,0,0,0,0,0,0,0,0,16,19.0,16.4,0.0,3.5,0,1,0,1,0,0.0,0.25,0.25,0.08,79,-33028,215192,569,33597,17,MID,Martin Ødegaard,Arsenal
26,58,15,2,False,2025-09-28T15:30:00Z,1.0,2.0,6,False,81,0,0,0,1,0,0,0,0,0,0,0,24,17.8,31.9,0.0,5.0,4,2,3,9,1,0.0,0.52,0.52,0.53,55,61003,509381,117717,56714,26,MID,Martín Zubimendi Ibáñez,Arsenal
455,52,5,1,False,2025-09-27T11:30:00Z,3.0,1.0,6,False,9,0,0,0,1,0,0,0,0,0,0,0,4,2.4,1.7,2.0,0.6,0,0,1,1,0,0.0,0.02,0.02,0.1,59,111,24869,2075,1964,455,MID,Mason Mount,Man Utd
75,56,11,0,False,2025-09-27T14:00:00Z,2.0,2.0,6,False,0,0,0,0,0,0,0,0,0,0,0,0,0,0.0,0.0,0.0,0.0,0,0,0,0,0,0.0,0.0,0.0,0.0,40,-938,33491,1118,2056,75,DEF,Matai Akinmboni,Bournemouth
364,56,4,0,True,2025-09-27T14:00:00Z,2.0,2.0,6,False,0,0,0,0,0,0,0,0,0,0,0,0,0,0.0,0.0,0.0,0.0,0,0,0,0,0,0.0,0.0,0.0,0.0,50,-81,1496,0,81,364,FWD,Mateo Joseph Fernández-Regatillo,Leeds
422,57,3,0,True,2025-09-27T14:00:00Z,5.0,1.0,6,False,0,0,0,0,0,0,0,0,0,0,0,0,0,0.0,0.0,0.0,0.0,0,0,0,0,0,0.0,0.0,0.0,0.0,59,-24,1058,35,59,422,MID,Mateo Kovačić,Man City
708,55,9,2,False,2025-09-29T19:00:00Z,1.0,1.0,6,False,90,0,0,0,1,0,0,0,0,0,0,0,8,3.8,4.4,3.0,1.1,1,1,2,4,1,0.11,0.01,0.12,0.73,55,-258,2877,291,549,708,MID,Mateus Gonçalo Espanha Fernandes,West Ham
279,54,12,0,True,2025-09-27T14:00:00Z,2.0,1.0,6,False,0,0,0,0,0,0,0,0,0,0,0,0,0,0.0,0.0,0.0,0.0,0,0,0,0,0,0.0,0.0,0.0,0.0,45,-114,1093,0,114,279,MID,Matheus França de Oliveira,Crystal Palace
407,57,3,12,True,2025-09-27T14:00:00Z,5.0,1.0,6,False,90,1,1,0,1,0,0,0,0,0,0,1,33,50.6,12.8,22.0,8.5,4,3,0,4,1,0.18,0.04,0.22,0.41,53,-231,34822,3169,3400,407,DEF,Matheus Nunes,Man City
450,52,5,2,False,2025-09-27T11:30:00Z,3.0,1.0,6,False,90,0,0,0,3,0,0,0,0,0,0,0,10,11.8,18.8,12.0,4.3,1,5,2,8,1,0.11,0.27,0.38,2.02,80,-15898,520337,37429,53327,450,MID,Matheus Santos Carneiro da Cunha,Man Utd
126,52,14,6,True,2025-09-27T11:30:00Z,3.0,1.0,6,False,1,1,0,0,0,0,0,0,0,0,0,0,22,33.6,0.4,9.0,4.3,0,0,0,0,0,0.09,0.0,0.09,0.12,49,-552,7652,232,784,126,MID,Mathias Jensen,Brentford
584,60,20,1,True,2025-09-27T19:00:00Z,1.0,1.0,6,False,6,0,0,0,0,0,0,0,0,0,0,0,6,5.2,4.3,0.0,1.0,0,0,1,1,0,0.0,0.03,0.03,0.0,63,-777,12232,836,1613,584,MID,Mathys Tel,Spurs
173,53,7,3,False,2025-09-27T14:00:00Z,1.0,3.0,6,False,35,0,1,0,0,0,0,0,1,0,0,0,14,20.2,11.6,2.0,3.4,0,2,2,4,0,0.0,0.36,0.36,0.48,49,-408,6282,150,558,173,MID,Mats Wieffer,Brighton
103,52,14,0,True,2025-09-27T11:30:00Z,3.0,1.0,6,False,0,0,0,0,0,0,0,0,0,0,0,0,0,0.0,0.0,0.0,0.0,0,0,0,0,0,0.0,0.0,0.0,0.0,40,-155,17619,552,707,103,GKP,Matthew Cox,Brentford
436,52,5,3,False,2025-09-27T11:30:00Z,3.0,1.0,6,False,90,0,0,0,3,0,0,0,0,0,0,0,9,20.0,0.9,4.0,2.5,7,4,3,10,1,0.15,0.0,0.15,2.02,50,4361,335885,23304,18943,436,DEF,Matthijs de Ligt,Man Utd
36,51,10,2,True,2025-09-28T13:00:00Z,3.0,1.0,6,False,90,0,0,0,1,0,0,0,0,0,0,0,8,18.0,1.5,1.0,2.1,7,7,2,9,1,0.01,0.01,0.02,0.92,46,40085,637026,68734,28649,36,DEF,Matty Cash,Aston Villa
632,60,18,0,False,2025-09-27T19:00:00Z,1.0,1.0,6,False,45,0,0,0,0,0,0,0,1,0,0,0,-2,1.2,1.4,4.0,0.7,2,1,1,3,1,0.07,0.01,0.08,0.68,44,-1272,16584,340,1612,632,DEF,Matt Doherty,Wolves
164,53,7,0,False,2025-09-27T14:00:00Z,1.0,3.0,6,False,0,0,0,0,0,0,0,0,0,0,0,0,0,0.0,0.0,0.0,0.0,0,0,0,0,0,0.0,0.0,0.0,0.0,55,-14199,63190,0,14199,164,MID,Matt O'Riley,Brighton
484,58,1,0,True,2025-09-28T15:30:00Z,1.0,2.0,6,False,0,0,0,0,0,0,0,0,0,0,0,0,0,0.0,0.0,0.0,0.0,0,0,0,0,0,0.0,0.0,0.0,0.0,40,-3884,31312,0,3884,484,DEF,Matt Targett,Newcastle
504,59,17,0,True,2025-09-27T16:30:00Z,0.0,1.0,6,False,0,0,0,0,0,0,0,0,0,0,0,0,0,0.0,0.0,0.0,0.0,0,0,0,0,0,0.0,0.0,0.0,0.0,40,-905,14883,0,905,504,GKP,Matt Turner,Nott'm Forest
502,59,17,2,True,2025-09-27T16:30:00Z,0.0,1.0,6,False,90,0,0,0,1,0,0,0,0,0,2,0,10,19.4,0.0,0.0,1.9,1,6,0,0,1,0.0,0.0,0.0,1.19,50,-162373,1528952,25635,188008,502,GKP,Matz Sels,Nott'm Forest
257,54,12,4,True,2025-09-27T14:00:00Z,2.0,1.0,6,False,90,0,0,0,1,0,0,0,0,0,0,0,15,27.6,0.1,0.0,2.8,8,2,5,13,1,0.0,0.01,0.01,2.14,51,-58718,460936,25717,84435,257,DEF,Maxence Lacroix,Crystal Palace
191,57,13,-2,False,2025-09-27T14:00:00Z,5.0,1.0,6,False,90,0,0,0,5,2,0,0,0,0,0,0,-23,9.2,0.7,1.0,1.1,8,3,4,12,1,0.02,0.0,0.02,2.03,40,-152133,1786135,66376,218509,191,DEF,Maxime Estève,Burnley
605,55,9,3,False,2025-09-29T19:00:00Z,1.0,1.0,6,False,90,0,0,0,1,0,0,0,1,0,0,0,8,29.2,10.8,2.0,4.2,10,2,3,13,1,0.0,0.15,0.15,0.73,44,-2446,21535,410,2856,605,DEF,Maximilian Kilman,West Ham
145,53,7,8,False,2025-09-27T14:00:00Z,1.0,3.0,6,False,5,1,0,0,0,0,0,0,0,0,0,1,20,33.2,0.5,33.0,6.7,0,0,0,0,0,0.64,0.0,0.64,0.41,44,-76311,305197,1147,77458,145,DEF,Maxim De Cuyper,Brighton
617,55,9,0,False,2025-09-29T19:00:00Z,1.0,1.0,6,False,0,0,0,0,0,0,0,0,0,0,0,0,0,0.0,0.0,0.0,0.0,0,0,0,0,0,0.0,0.0,0.0,0.0,49,-248,2479,0,248,617,MID,Maxwel Cornet,West Ham
700,58,15,0,False,2025-09-28T15:30:00Z,1.0,2.0,6,False,0,0,0,0,0,0,0,0,0,0,0,0,0,0.0,0.0,0.0,0.0,0,0,0,0,0,0.0,0.0,0.0,0.0,45,-1937,48126,4993,6930,700,MID,Max Dowman,Arsenal
183,57,13,0,False,2025-09-27T14:00:00Z,5.0,1.0,6,False,0,0,0,0,0,0,0,0,0,0,0,0,0,0.0,0.0,0.0,0.0,0,0,0,0,0,0.0,0.0,0.0,0.0,44,-828,15862,356,1184,183,GKP,Max Weiß,Burnley
728,55,19,0,True,2025-09-29T19:00:00Z,1.0,1.0,6,False,0,0,0,0,0,0,0,0,0,0,0,0,0,0.0,0.0,0.0,0.0,0,0,0,0,0,0.0,0.0,0.0,0.0,50,-120,555,35,155,728,MID,Merlin Röhl,Everton
110,52,14,2,True,2025-09-27T11:30:00Z,3.0,1.0,6,False,90,0,0,0,1,0,0,0,0,0,0,0,6,16.2,1.3,0.0,1.8,3,2,3,6,1,0.0,0.0,0.0,2.08,45,-2781,42859,1800,4581,110,DEF,Michael Kayode,Brentford
295,55,19,11,True,2025-09-29T19:00:00Z,1.0,1.0,6,False,90,1,0,0,1,0,0,0,0,0,0,1,25,63.4,0.9,19.0,8.3,12,1,1,13,1,0.05,0.01,0.06,1.17,45,16022,99859,26620,10598,295,DEF,Michael Keane,Everton
219,57,13,0,False,2025-09-27T14:00:00Z,5.0,1.0,6,False,0,0,0,0,0,0,0,0,0,0,0,0,0,0.0,0.0,0.0,0.0,0,0,0,0,0,0.0,0.0,0.0,0.0,44,-3284,24272,0,3284,219,FWD,Michael Obafemi,Burnley
575,60,20,2,True,2025-09-27T19:00:00Z,1.0,1.0,6,False,90,0,0,0,1,0,0,0,0,0,0,0,14,16.6,12.2,11.0,4.0,5,5,1,6,1,0.01,0.13,0.14,1.15,47,222562,4140128,343287,120725,575,DEF,Micky van de Ven,Spurs
22,58,15,6,False,2025-09-28T15:30:00Z,1.0,2.0,6,False,20,1,0,0,0,0,0,0,0,0,0,0,23,35.2,0.1,19.0,5.4,1,1,1,3,0,0.05,0.0,0.05,0.08,59,-1712,63505,8536,10248,22,MID,Mikel Merino Zazón,Arsenal
592,60,20,0,True,2025-09-27T19:00:00Z,1.0,1.0,6,False,0,0,0,0,0,0,0,0,0,0,0,0,0,0.0,0.0,0.0,0.0,0,0,0,0,0,0.0,0.0,0.0,0.0,50,-26,500,0,26,592,MID,Mikey Moore,Spurs
222,53,6,0,True,2025-09-27T14:00:00Z,1.0,3.0,6,False,0,0,0,0,0,0,0,0,0,0,0,0,0,0.0,0.0,0.0,0.0,0,0,0,0,0,0.0,0.0,0.0,0.0,40,-16,436,0,16,222,GKP,Mike Penders,Chelsea
214,57,13,0,False,2025-09-27T14:00:00Z,5.0,1.0,6,False,0,0,0,0,0,0,0,0,0,0,0,0,0,0.0,0.0,0.0,0.0,0,0,0,0,0,0.0,0.0,0.0,0.0,44,997,9061,2130,1133,214,MID,Mike Trésor Ndayishimiye,Burnley
121,52,14,2,True,2025-09-27T11:30:00Z,3.0,1.0,6,False,80,0,0,0,1,0,0,0,0,0,0,0,6,4.2,20.3,0.0,2.5,1,4,2,7,1,0.0,0.24,0.24,1.81,59,-933,80370,5875,6808,121,MID,Mikkel Damsgaard,Brentford
546,59,16,0,False,2025-09-27T16:30:00Z,0.0,1.0,6,False,0,0,0,0,0,0,0,0,0,0,0,0,0,0.0,0.0,0.0,0.0,0,0,0,0,0,0.0,0.0,0.0,0.0,49,-280,2549,0,280,546,MID,Milan Aleksić,Sunderland
371,54,8,1,False,2025-09-27T14:00:00Z,2.0,1.0,6,False,90,0,0,0,2,0,0,0,0,0,0,0,4,9.6,16.4,8.0,3.4,3,7,1,4,1,0.03,0.03,0.06,2.92,59,-40569,590813,14158,54727,371,DEF,Milos Kerkez,Liverpool
483,58,1,0,True,2025-09-28T15:30:00Z,1.0,2.0,6,False,0,0,0,0,0,0,0,0,0,0,0,0,0,0.0,0.0,0.0,0.0,0,0,0,0,0,0.0,0.0,0.0,0.0,39,-938,29117,1578,2516,483,DEF,Miodrag Pivaš,Newcastle
157,53,7,2,False,2025-09-27T14:00:00Z,1.0,3.0,6,False,66,0,0,0,1,0,0,0,0,0,0,0,4,2.2,1.5,4.0,0.8,1,2,0,3,1,0.0,0.02,0.02,1.38,64,-46411,531353,21484,67895,157,MID,Mitoma Kaoru,Brighton
381,54,8,2,False,2025-09-27T14:00:00Z,2.0,1.0,6,False,90,0,0,0,2,0,0,0,0,0,0,0,-2,4.6,28.4,31.0,6.4,0,3,0,3,1,0.49,0.04,0.53,2.92,145,-652494,5725045,138977,791471,381,MID,Mohamed Salah,Liverpool
582,60,20,2,True,2025-09-27T19:00:00Z,1.0,1.0,6,False,90,0,0,0,1,0,0,0,0,0,0,0,7,22.2,23.4,52.0,9.8,0,6,3,9,1,0.38,0.08,0.46,1.15,67,177117,3896707,391473,214356,582,MID,Mohammed Kudus,Spurs
241,53,6,2,True,2025-09-27T14:00:00Z,1.0,3.0,6,False,90,0,0,0,3,0,0,0,0,0,0,0,18,17.4,4.4,2.0,2.4,4,4,3,11,1,0.03,0.02,0.05,2.28,56,258476,1456073,355650,97174,241,MID,Moisés Caicedo Corozo,Chelsea
515,59,17,1,True,2025-09-27T16:30:00Z,0.0,1.0,6,False,45,0,0,0,0,0,0,0,0,0,0,0,8,5.0,17.1,15.0,3.7,1,1,0,2,0,0.11,0.05,0.16,0.75,75,-73491,552813,16675,90166,515,MID,Morgan Gibbs-White,Nott'm Forest
47,51,10,5,True,2025-09-28T13:00:00Z,3.0,1.0,6,False,90,0,1,0,1,0,0,0,0,0,0,0,20,26.8,30.9,6.0,6.4,3,2,1,6,1,0.0,0.06,0.06,0.92,69,-224447,699563,15133,239580,47,MID,Morgan Rogers,Aston Villa
506,59,17,0,True,2025-09-27T16:30:00Z,0.0,1.0,6,False,0,0,0,0,0,0,0,0,0,0,0,0,0,0.0,0.0,0.0,0.0,0,0,0,0,0,0.0,0.0,0.0,0.0,54,-137664,355178,502,138166,506,DEF,Murillo Costa dos Santos,Nott'm Forest
245,53,6,0,True,2025-09-27T14:00:00Z,1.0,3.0,6,False,0,0,0,0,0,0,0,0,0,0,0,0,0,0.0,0.0,0.0,0.0,0,0,0,0,0,0.0,0.0,0.0,0.0,50,-6,897,53,59,245,MID,Mykhailo Mudryk,Chelsea
10,58,15,1,False,2025-09-28T15:30:00Z,1.0,2.0,6,False,2,0,0,0,0,0,0,0,0,0,0,0,2,0.0,0.9,2.0,0.2,0,1,0,0,0,0.0,0.0,0.0,0.04,53,-23933,242653,2503,26436,10,DEF,Myles Lewis-Skelly,Arsenal
133,52,14,0,True,2025-09-27T11:30:00Z,3.0,1.0,6,False,0,0,0,0,0,0,0,0,0,0,0,0,0,0.0,0.0,0.0,0.0,0,0,0,0,0,0.0,0.0,0.0,0.0,45,-109,4481,298,407,133,MID,Myles Peart-Harris,Brentford
275,54,12,0,True,2025-09-27T14:00:00Z,2.0,1.0,6,False,0,0,0,0,0,0,0,0,0,0,0,0,0,0.0,0.0,0.0,0.0,0,0,0,0,0,0.0,0.0,0.0,0.0,44,290,5049,761,471,275,MID,Naouirou Ahamada,Crystal Palace
263,54,12,0,True,2025-09-27T14:00:00Z,2.0,1.0,6,False,0,0,0,0,0,0,0,0,0,0,0,0,0,0.0,0.0,0.0,0.0,0,0,0,0,0,0.0,0.0,0.0,0.0,40,-2734,59034,1484,4218,263,DEF,Nathaniel Clyne,Crystal Palace
405,57,3,1,True,2025-09-27T14:00:00Z,5.0,1.0,6,False,20,0,0,0,0,0,0,0,0,0,0,0,3,1.4,10.8,4.0,1.6,0,0,0,0,0,0.05,0.0,0.05,0.0,54,-1960,80463,2788,4748,405,DEF,Nathan Aké,Man City
106,52,14,1,True,2025-09-27T11:30:00Z,3.0,1.0,6,False,90,0,0,0,1,0,0,0,1,0,0,0,2,20.6,10.9,21.0,5.3,9,4,0,9,1,0.06,0.32,0.38,2.08,50,-13621,161120,4160,17781,106,DEF,Nathan Collins,Brentford
658,60,18,0,False,2025-09-27T19:00:00Z,1.0,1.0,6,False,0,0,0,0,0,0,0,0,0,0,0,0,0,0.0,0.0,0.0,0.0,0,0,0,0,0,0.0,0.0,0.0,0.0,44,1610,279405,28663,27053,658,FWD,Nathan Fraser,Wolves
296,55,19,0,True,2025-09-29T19:00:00Z,1.0,1.0,6,False,0,0,0,0,0,0,0,0,0,0,0,0,0,0.0,0.0,0.0,0.0,0,0,0,0,0,0.0,0.0,0.0,0.0,44,3,2184,145,142,296,DEF,Nathan Patterson,Everton
607,55,9,0,False,2025-09-29T19:00:00Z,1.0,1.0,6,False,0,0,0,0,0,0,0,0,0,0,0,0,0,0.0,0.0,0.0,0.0,0,0,0,0,0,0.0,0.0,0.0,0.0,44,-908,7174,0,908,607,DEF,Nayef Aguerd,West Ham
564,59,16,0,False,2025-09-27T16:30:00Z,0.0,1.0,6,False,0,0,0,0,0,0,0,0,0,0,0,0,0,0.0,0.0,0.0,0.0,0,0,0,0,0,0.0,0.0,0.0,0.0,44,-1555,15603,0,1555,564,FWD,Nazarii Rusyn,Sunderland
508,59,17,1,True,2025-09-27T16:30:00Z,0.0,1.0,6,False,90,0,0,0,1,0,0,0,1,0,0,0,18,26.0,56.8,6.0,8.9,1,2,3,4,1,0.0,0.23,0.23,1.19,49,-94752,735687,37588,132340,508,DEF,Neco Williams,Nott'm Forest
559,59,16,0,False,2025-09-27T16:30:00Z,0.0,1.0,6,False,0,0,0,0,0,0,0,0,0,0,0,0,0,0.0,0.0,0.0,0.0,0,0,0,0,0,0.0,0.0,0.0,0.0,44,-966,7262,327,1293,559,MID,Nectarios Triantis,Sunderland
537,59,16,0,False,2025-09-27T16:30:00Z,0.0,1.0,6,False,0,0,0,0,0,0,0,0,0,0,0,0,0,0.0,0.0,0.0,0.0,0,0,0,0,0,0.0,0.0,0.0,0.0,40,-1238,13231,0,1238,537,DEF,Niall Huggins,Sunderland
469,58,1,2,True,2025-09-28T15:30:00Z,1.0,2.0,6,False,90,0,0,0,2,0,0,0,0,0,5,0,20,46.8,0.0,0.0,4.7,3,14,1,0,1,0.0,0.0,0.0,2.04,50,85705,812091,143406,57701,469,GKP,Nick Pope,Newcastle
714,58,1,7,True,2025-09-28T15:30:00Z,1.0,2.0,6,False,66,1,0,1,0,0,0,0,0,0,0,1,28,33.2,2.3,19.0,5.5,1,1,0,2,1,0.29,0.02,0.31,1.56,71,-32820,377651,70722,103542,714,FWD,Nick Woltemade,Newcastle
625,55,9,2,False,2025-09-29T19:00:00Z,1.0,1.0,6,False,90,0,0,0,1,0,0,0,0,0,0,0,13,16.8,35.0,47.0,9.9,5,4,1,10,1,0.24,0.05,0.29,0.73,57,-18907,124822,3952,22859,625,FWD,Niclas Füllkrug,West Ham
251,53,6,0,True,2025-09-27T14:00:00Z,1.0,3.0,6,False,0,0,0,0,0,0,0,0,0,0,0,0,0,0.0,0.0,0.0,0.0,0,0,0,0,0,0.0,0.0,0.0,0.0,65,-671,10893,0,671,251,FWD,Nicolas Jackson,Chelsea
519,59,17,0,True,2025-09-27T16:30:00Z,0.0,1.0,6,False,45,0,0,0,1,0,0,0,1,0,0,0,3,2.4,3.3,0.0,0.6,1,0,2,3,1,0.0,0.01,0.01,0.44,50,38,330,87,49,519,MID,Nicolás Domínguez,Nott'm Forest
716,59,17,0,True,2025-09-27T16:30:00Z,0.0,1.0,6,False,0,0,0,0,0,0,0,0,0,0,0,0,0,0.0,0.0,0.0,0.0,0,0,0,0,0,0.0,0.0,0.0,0.0,45,-104,1228,175,279,716,DEF,Nicolò Savona,Nott'm Forest
423,57,3,2,True,2025-09-27T14:00:00Z,5.0,1.0,6,False,90,0,0,0,1,0,0,0,0,0,0,0,23,17.8,30.2,6.0,5.4,3,6,1,10,1,0.05,0.23,0.28,0.41,59,-326,10604,837,1163,423,MID,Nico González Iglesias,Man City
411,57,3,2,True,2025-09-27T14:00:00Z,5.0,1.0,6,False,82,0,0,0,1,0,0,0,0,0,0,0,11,27.2,30.8,12.0,7.0,4,4,4,8,1,0.03,0.17,0.2,0.41,49,46274,72078,52144,5870,411,DEF,Nico O'Reilly,Man City
505,59,17,1,True,2025-09-27T16:30:00Z,0.0,1.0,6,False,90,0,0,0,1,0,0,0,1,0,0,0,8,22.2,3.3,4.0,3.0,6,4,0,6,1,0.02,0.02,0.04,1.19,54,-101569,780749,12101,113670,505,DEF,Nikola Milenković,Nott'm Forest
698,56,4,2,True,2025-09-27T14:00:00Z,2.0,2.0,6,False,66,0,0,0,1,0,0,0,0,0,0,0,11,10.0,15.3,15.0,4.0,0,2,2,4,1,0.06,0.27,0.33,0.41,55,4803,8845,6117,1314,698,MID,Noah Okafor,Leeds
552,59,16,2,False,2025-09-27T16:30:00Z,0.0,1.0,6,False,90,0,0,1,0,0,0,0,1,0,0,0,16,5.0,6.1,2.0,1.3,2,4,0,6,1,0.03,0.02,0.05,1.68,50,-65,5975,445,510,552,MID,Noah Sadiki,Sunderland
18,58,15,0,False,2025-09-28T15:30:00Z,1.0,2.0,6,False,0,0,0,0,0,0,0,0,0,0,0,0,0,0.0,0.0,0.0,0.0,0,0,0,0,0,0.0,0.0,0.0,0.0,70,-74463,129153,9543,84006,18,MID,Noni Madueke,Arsenal
311,55,19,2,True,2025-09-29T19:00:00Z,1.0,1.0,6,False,68,0,0,0,1,0,0,0,0,0,0,0,4,5.0,1.6,21.0,2.8,1,1,1,3,1,0.18,0.0,0.18,0.88,54,-34393,579036,51658,86051,311,FWD,Norberto Bercique Gomes Betuncal,Everton
66,56,11,0,False,2025-09-27T14:00:00Z,2.0,2.0,6,False,0,0,0,0,0,0,0,0,0,0,0,0,0,0.0,0.0,0.0,0.0,0,0,0,0,0,0.0,0.0,0.0,0.0,45,-827,10972,0,827,66,GKP,Norberto Murara Neto,Bournemouth
694,59,16,6,False,2025-09-27T16:30:00Z,0.0,1.0,6,False,90,0,0,1,0,0,0,0,0,0,0,0,26,19.6,1.1,0.0,2.1,8,2,1,9,1,0.0,0.0,0.0,1.68,40,95292,186668,114202,18910,694,DEF,Nordi Mukiele,Sunderland
438,52,5,0,False,2025-09-27T11:30:00Z,3.0,1.0,6,False,0,0,0,0,0,0,0,0,0,0,0,0,0,0.0,0.0,0.0,0.0,0,0,0,0,0,0.0,0.0,0.0,0.0,49,2849,29872,7239,4390,438,DEF,Noussair Mazraoui,Man Utd
285,54,12,0,True,2025-09-27T14:00:00Z,2.0,1.0,6,False,0,0,0,0,0,0,0,0,0,0,0,0,0,0.0,0.0,0.0,0.0,0,0,0,0,0,0.0,0.0,0.0,0.0,50,-5792,40275,0,5792,285,FWD,Odsonne Édouard,Crystal Palace
472,58,1,0,True,2025-09-28T15:30:00Z,1.0,2.0,6,False,0,0,0,0,0,0,0,0,0,0,0,0,0,0.0,0.0,0.0,0.0,0,0,0,0,0,0.0,0.0,0.0,0.0,40,-120,2496,0,120,472,GKP,Odysseas Vlachodimos,Newcastle
507,59,17,0,True,2025-09-27T16:30:00Z,0.0,1.0,6,False,0,0,0,0,0,0,0,0,0,0,0,0,0,0.0,0.0,0.0,0.0,0,0,0,0,0,0.0,0.0,0.0,0.0,49,-226703,533762,83,226786,507,DEF,Ola Aina,Nott'm Forest
12,59,17,2,True,2025-09-27T16:30:00Z,0.0,1.0,6,False,90,0,0,0,1,0,0,0,0,0,0,0,13,14.8,19.3,0.0,3.4,1,3,3,4,1,0.0,0.1,0.1,1.19,49,2180,43451,4837,2657,12,DEF,Oleksandr Zinchenko,Nott'm Forest
197,57,13,0,False,2025-09-27T14:00:00Z,5.0,1.0,6,False,0,0,0,0,0,0,0,0,0,0,0,0,0,0.0,0.0,0.0,0.0,0,0,0,0,0,0.0,0.0,0.0,0.0,40,-661,16646,355,1016,197,DEF,Oliver Sonne,Burnley
143,53,7,0,False,2025-09-27T14:00:00Z,1.0,3.0,6,False,0,0,0,0,0,0,0,0,0,0,0,0,0,0.0,0.0,0.0,0.0,0,0,0,0,0,0.0,0.0,0.0,0.0,44,-441,10269,211,652,143,DEF,Olivier Boscagli,Brighton
608,55,9,0,False,2025-09-29T19:00:00Z,1.0,1.0,6,False,0,0,0,0,0,0,0,0,0,0,0,0,0,0.0,0.0,0.0,0.0,0,0,0,0,0,0.0,0.0,0.0,0.0,44,-138,3947,91,229,608,DEF,Ollie Scarles,West Ham
64,51,10,8,True,2025-09-28T13:00:00Z,3.0,1.0,6,False,90,1,0,0,1,0,0,0,0,0,0,2,30,37.4,4.3,27.0,6.9,1,1,1,3,1,0.29,0.02,0.31,0.92,87,-531224,1173176,30940,562164,64,FWD,Ollie Watkins,Aston Villa
212,57,13,0,False,2025-09-27T14:00:00Z,5.0,1.0,6,False,0,0,0,0,0,0,0,0,0,0,0,0,0,0.0,0.0,0.0,0.0,0,0,0,0,0,0.0,0.0,0.0,0.0,45,-131,1263,0,131,212,MID,Oluwaseun Adewumi,Burnley
693,59,17,1,True,2025-09-27T16:30:00Z,0.0,1.0,6,False,18,0,0,0,0,0,0,0,0,0,0,0,18,22.6,53.2,26.0,10.2,0,1,1,2,0,0.22,0.34,0.56,0.41,55,-196,3156,296,492,693,MID,Omari Hutchinson,Nott'm Forest
683,59,16,17,False,2025-09-27T16:30:00Z,0.0,1.0,6,False,90,1,0,1,0,0,0,0,0,0,0,3,45,62.0,3.3,35.0,10.0,11,0,0,11,1,0.31,0.16,0.47,1.68,40,98257,304874,120236,21979,683,DEF,Omar Alderete,Sunderland
413,57,3,0,True,2025-09-27T14:00:00Z,5.0,1.0,6,False,0,0,0,0,0,0,0,0,0,0,0,0,0,0.0,0.0,0.0,0.0,0,0,0,0,0,0.0,0.0,0.0,0.0,83,-69366,360107,418,69784,413,MID,Omar Marmoush,Man City
512,59,17,0,True,2025-09-27T16:30:00Z,0.0,1.0,6,False,0,0,0,0,0,0,0,0,0,0,0,0,0,0.0,0.0,0.0,0.0,0,0,0,0,0,0.0,0.0,0.0,0.0,45,-336,3254,0,336,512,DEF,Omar Richards,Nott'm Forest
424,57,3,1,True,2025-09-27T14:00:00Z,5.0,1.0,6,False,28,0,0,0,0,0,0,0,0,0,0,0,2,2.2,9.3,2.0,1.4,0,1,0,1,0,0.0,0.06,0.06,0.0,55,-11651,45410,1434,13085,424,MID,Oscar Bobb,Fulham
76,56,11,0,False,2025-09-27T14:00:00Z,2.0,2.0,6,False,0,0,0,0,0,0,0,0,0,0,0,0,0,0.0,0.0,0.0,0.0,0,0,0,0,0,0.0,0.0,0.0,0.0,40,-554,18110,512,1066,76,DEF,Owen Bevan,Bournemouth
189,57,13,0,False,2025-09-27T14:00:00Z,5.0,1.0,6,False,0,0,0,0,0,0,0,0,0,0,0,0,0,0.0,0.0,0.0,0.0,0,0,0,0,0,0.0,0.0,0.0,0.0,40,-96,2078,0,96,189,DEF,Owen Dodgson,Burnley
593,60,20,4,True,2025-09-27T19:00:00Z,1.0,1.0,6,False,12,0,1,0,0,0,0,0,0,0,0,0,12,17.6,12.2,2.0,3.2,1,2,0,3,0,0.0,0.03,0.03,0.0,50,-77863,302884,16529,94392,593,MID,Pape Matar Sarr,Spurs
132,52,14,0,True,2025-09-27T11:30:00Z,3.0,1.0,6,False,0,0,0,0,0,0,0,0,0,0,0,0,0,0.0,0.0,0.0,0.0,0,0,0,0,0,0.0,0.0,0.0,0.0,45,-96,1647,42,138,132,MID,Paris Maghoma,Brentford
343,56,4,3,True,2025-09-27T14:00:00Z,2.0,2.0,6,False,90,0,0,0,2,0,0,0,0,0,0,0,9,23.4,10.6,6.0,4.0,12,4,0,12,1,0.11,0.02,0.13,0.82,45,1520,45932,4791,3271,343,DEF,Pascal Struijk,Leeds
363,56,4,0,True,2025-09-27T14:00:00Z,2.0,2.0,6,False,0,0,0,0,0,0,0,0,0,0,0,0,0,0.0,0.0,0.0,0.0,0,0,0,0,0,0.0,0.0,0.0,0.0,49,-13818,71466,0,13818,363,FWD,Patrick Bamford,Leeds
441,52,5,0,False,2025-09-27T11:30:00Z,3.0,1.0,6,False,84,0,0,0,2,0,0,0,1,0,0,0,1,8.6,1.1,2.0,1.2,5,5,2,7,1,0.0,0.01,0.01,1.92,45,-34135,615917,35022,69157,441,DEF,Patrick Dorgu,Man Utd
545,59,16,0,False,2025-09-27T16:30:00Z,0.0,1.0,6,False,0,0,0,0,0,0,0,0,0,0,0,0,0,0.0,0.0,0.0,0.0,0,0,0,0,0,0.0,0.0,0.0,0.0,54,-250,2085,0,250,545,MID,Patrick Roberts,Sunderland
41,51,10,1,True,2025-09-28T13:00:00Z,3.0,1.0,6,False,58,0,0,0,0,0,0,0,0,0,0,0,13,12.6,0.5,0.0,1.3,7,5,0,7,0,0.0,0.01,0.01,0.64,44,-3002,41548,1040,4042,41,DEF,Pau Torres,Aston Villa
640,60,18,0,False,2025-09-27T19:00:00Z,1.0,1.0,6,False,0,0,0,0,0,0,0,0,0,0,0,0,0,0.0,0.0,0.0,0.0,0,0,0,0,0,0.0,0.0,0.0,0.0,40,-7602,75057,0,7602,640,DEF,Pedro Cardoso de Lima,Wolves
236,53,6,2,True,2025-09-27T14:00:00Z,1.0,3.0,6,False,78,0,0,0,1,0,0,0,0,0,0,0,5,4.6,17.3,11.0,3.3,1,0,1,2,1,0.05,0.03,0.08,1.05,70,-54875,536512,23610,78485,236,MID,Pedro Lomba Neto,Chelsea
568,60,20,1,True,2025-09-27T19:00:00Z,1.0,1.0,6,False,27,0,0,0,0,0,0,0,0,0,0,0,6,8.8,15.7,0.0,2.5,2,1,0,2,0,0.0,0.03,0.03,0.15,56,-209913,2796203,90701,300614,568,DEF,Pedro Porro Sauceda,Spurs
147,53,7,0,False,2025-09-27T14:00:00Z,1.0,3.0,6,False,0,0,0,0,0,0,0,0,0,0,0,0,0,0.0,0.0,0.0,0.0,0,0,0,0,0,0.0,0.0,0.0,0.0,45,-59,1379,0,59,147,DEF,Pervis Estupiñán Tenorio,Brighton
89,56,11,0,False,2025-09-27T14:00:00Z,2.0,2.0,6,False,0,0,0,0,0,0,0,0,0,0,0,0,0,0.0,0.0,0.0,0.0,0,0,0,0,0,0.0,0.0,0.0,0.0,49,-325,3608,0,325,89,MID,Philip Billing,Bournemouth
414,57,3,1,True,2025-09-27T14:00:00Z,5.0,1.0,6,False,90,0,0,0,1,0,0,0,1,0,0,0,11,12.4,57.8,10.0,8.0,1,5,0,6,1,0.0,0.17,0.17,0.41,81,380157,739072,432875,52718,414,MID,Phil Foden,Man City
725,58,15,0,False,2025-09-28T15:30:00Z,1.0,2.0,6,False,0,0,0,0,0,0,0,0,0,0,0,0,0,0.0,0.0,0.0,0.0,0,0,0,0,0,0.0,0.0,0.0,0.0,55,-640,3593,372,1012,725,DEF,Piero Hincapié,Arsenal
556,59,16,0,False,2025-09-27T16:30:00Z,0.0,1.0,6,False,0,0,0,0,0,0,0,0,0,0,0,0,0,0.0,0.0,0.0,0.0,0,0,0,0,0,0.0,0.0,0.0,0.0,45,-88,992,0,88,556,MID,Pierre Ekwah Elimby,Sunderland
192,57,13,3,False,2025-09-27T14:00:00Z,5.0,1.0,6,False,87,0,1,0,3,0,0,0,1,0,0,0,6,28.6,11.4,7.0,4.7,4,1,2,6,1,0.02,0.12,0.14,1.41,40,-3658,59469,3748,7406,192,DEF,Quilindschy Hartman,Burnley
572,60,20,0,True,2025-09-27T19:00:00Z,1.0,1.0,6,False,0,0,0,0,0,0,0,0,0,0,0,0,0,0.0,0.0,0.0,0.0,0,0,0,0,0,0.0,0.0,0.0,0.0,45,-24,591,28,52,572,DEF,Radu Drăgușin,Spurs
726,60,20,0,True,2025-09-27T19:00:00Z,1.0,1.0,6,False,0,0,0,0,0,0,0,0,0,0,0,0,0,0.0,0.0,0.0,0.0,0,0,0,0,0,0.0,0.0,0.0,0.0,70,-9169,24859,3133,12302,726,FWD,Randal Kolo Muani,Spurs
465,52,5,0,False,2025-09-27T11:30:00Z,3.0,1.0,6,False,0,0,0,0,0,0,0,0,0,0,0,0,0,0.0,0.0,0.0,0.0,0,0,0,0,0,0.0,0.0,0.0,0.0,63,-2543,38739,0,2543,465,FWD,Rasmus Højlund,Man Utd
402,57,3,0,True,2025-09-27T14:00:00Z,5.0,1.0,6,False,0,0,0,0,0,0,0,0,0,0,0,0,0,0.0,0.0,0.0,0.0,0,0,0,0,0,0.0,0.0,0.0,0.0,59,-286641,849224,373,287014,402,DEF,Rayan Aït-Nouri,Man City
417,57,3,0,True,2025-09-27T14:00:00Z,5.0,1.0,6,False,0,0,0,0,0,0,0,0,0,0,0,0,0,0.0,0.0,0.0,0.0,0,0,0,0,0,0.0,0.0,0.0,0.0,63,-55285,273162,141,55426,417,MID,Rayan Cherki,Man City
337,51,2,6,False,2025-09-28T13:00:00Z,3.0,1.0,6,False,10,1,0,0,0,0,0,0,0,0,0,1,29,32.0,0.0,33.0,6.5,0,0,0,0,1,0.06,0.0,0.06,0.0,63,-16471,124239,4454,20925,337,FWD,Raúl Jiménez Rodríguez,Fulham
225,53,6,3,True,2025-09-27T14:00:00Z,1.0,3.0,6,False,90,0,1,0,3,0,0,0,1,0,0,0,11,13.8,18.0,13.0,4.5,4,1,1,5,1,0.05,0.3,0.35,2.28,54,-7769,524187,25041,32810,225,DEF,Reece James,Chelsea
298,55,19,0,True,2025-09-29T19:00:00Z,1.0,1.0,6,False,0,0,0,0,0,0,0,0,0,0,0,0,0,0.0,0.0,0.0,0.0,0,0,0,0,0,0.0,0.0,0.0,0.0,39,736,18352,1834,1098,298,DEF,Reece Welch,Everton
541,59,16,0,False,2025-09-27T16:30:00Z,0.0,1.0,6,False,0,0,0,0,0,0,0,0,0,0,0,0,0,0.0,0.0,0.0,0.0,0,0,0,0,0,0.0,0.0,0.0,0.0,40,-183090,768512,7173,190263,541,DEF,Reinildo Mandava,Sunderland
27,52,14,0,True,2025-09-27T11:30:00Z,3.0,1.0,6,False,0,0,0,0,0,0,0,0,0,0,0,0,0,0.0,0.0,0.0,0.0,0,0,0,0,0,0.0,0.0,0.0,0.0,49,-870,14190,589,1459,27,MID,Reiss Nelson,Brentford
255,54,12,0,True,2025-09-27T14:00:00Z,2.0,1.0,6,False,0,0,0,0,0,0,0,0,0,0,0,0,0,0.0,0.0,0.0,0.0,0,0,0,0,0,0.0,0.0,0.0,0.0,40,162,13121,686,524,255,GKP,Remi Matthews,Crystal Palace
687,56,11,0,False,2025-09-27T14:00:00Z,2.0,2.0,6,False,0,0,0,0,0,0,0,0,0,0,0,0,0,0.0,0.0,0.0,0.0,0,0,0,0,0,0.0,0.0,0.0,0.0,45,-349,13937,336,685,687,MID,Remy Rees-Dottin,Bournemouth
379,54,8,0,False,2025-09-27T14:00:00Z,2.0,1.0,6,False,0,0,0,0,0,0,0,0,0,0,0,0,0,0.0,0.0,0.0,0.0,0,0,0,0,0,0.0,0.0,0.0,0.0,39,-923,23520,721,1644,379,DEF,Rhys Williams,Liverpool
7,58,15,1,False,2025-09-28T15:30:00Z,1.0,2.0,6,False,69,0,0,0,1,0,0,0,1,0,0,0,0,3.6,16.8,10.0,3.0,3,3,0,3,1,0.1,0.04,0.14,0.53,57,84574,1745426,170270,85696,7,DEF,Riccardo Calafiori,Arsenal
597,60,20,2,True,2025-09-27T19:00:00Z,1.0,1.0,6,False,90,0,0,0,1,0,0,0,0,0,0,0,5,2.4,0.8,6.0,0.9,2,2,0,4,1,0.02,0.01,0.03,1.15,68,514356,2146271,641380,127024,597,FWD,Richarlison de Andrade,Spurs
109,52,14,1,True,2025-09-27T11:30:00Z,3.0,1.0,6,False,15,0,0,0,0,0,0,0,0,0,0,0,6,5.4,0.3,0.0,0.6,1,1,1,2,0,0.0,0.0,0.0,1.06,44,-765,14973,364,1129,109,DEF,Rico Henry,Brentford
410,57,3,1,True,2025-09-27T14:00:00Z,5.0,1.0,6,False,7,0,0,0,0,0,0,0,0,0,0,0,3,0.4,0.3,2.0,0.3,0,0,0,0,0,0.0,0.0,0.0,0.0,50,-40947,291675,6122,47069,410,DEF,Rico Lewis,Man City
690,54,12,0,True,2025-09-27T14:00:00Z,2.0,1.0,6,False,0,0,0,0,0,0,0,0,0,0,0,0,0,0.0,0.0,0.0,0.0,0,0,0,0,0,0.0,0.0,0.0,0.0,44,1964,26054,3512,1548,690,MID,Rio Cardines,Crystal Palace
686,54,8,1,False,2025-09-27T14:00:00Z,2.0,1.0,6,False,6,0,0,0,1,0,0,0,0,0,0,0,4,2.0,0.5,0.0,0.3,0,0,1,1,0,0.0,0.0,0.0,0.56,45,3787,75919,15867,12080,686,MID,Rio Ngumoha,Liverpool
220,53,6,1,True,2025-09-27T14:00:00Z,1.0,3.0,6,False,90,0,0,0,3,0,0,0,0,0,0,0,2,10.0,20.0,0.0,3.0,0,12,0,0,1,0.0,0.0,0.0,2.28,49,-588224,2022975,15957,604181,220,GKP,Robert Lynch Sánchez,Chelsea
670,59,16,10,False,2025-09-27T16:30:00Z,0.0,1.0,6,False,90,0,0,1,0,0,0,0,0,0,6,2,39,48.6,20.0,0.0,6.9,1,11,0,0,1,0.0,0.01,0.01,1.68,45,60250,320951,81432,21182,670,GKP,Robin Roefs,Sunderland
264,54,12,0,True,2025-09-27T14:00:00Z,2.0,1.0,6,False,0,0,0,0,0,0,0,0,0,0,0,0,0,0.0,0.0,0.0,0.0,0,0,0,0,0,0.0,0.0,0.0,0.0,40,-174,2925,0,174,264,DEF,Rob Holding,Crystal Palace
421,57,3,0,True,2025-09-27T14:00:00Z,5.0,1.0,6,False,0,0,0,0,0,0,0,0,0,0,0,0,0,0.0,0.0,0.0,0.0,0,0,0,0,0,0.0,0.0,0.0,0.0,64,2081,85708,8338,6257,421,MID,Rodrigo 'Rodri' Hernandez Cascante,Man City
585,60,20,2,True,2025-09-27T19:00:00Z,1.0,1.0,6,False,61,0,0,0,1,0,0,0,0,0,0,0,10,12.8,3.5,9.0,2.5,3,5,3,11,1,0.06,0.03,0.09,1.0,54,-738,16815,795,1533,585,MID,Rodrigo Bentancur,Spurs
635,60,18,0,False,2025-09-27T19:00:00Z,1.0,1.0,6,False,0,0,0,0,0,0,0,0,0,0,0,0,0,0.0,0.0,0.0,0.0,0,0,0,0,0,0.0,0.0,0.0,0.0,45,-1771,12171,415,2186,635,DEF,Rodrigo Martins Gomes,Wolves
338,51,2,0,False,2025-09-28T13:00:00Z,3.0,1.0,6,False,0,0,0,0,0,0,0,0,0,0,0,0,0,0.0,0.0,0.0,0.0,0,0,0,0,0,0.0,0.0,0.0,0.0,55,837,296096,41340,40503,338,FWD,Rodrigo Muniz Carvalho,Fulham
548,59,16,0,False,2025-09-27T16:30:00Z,0.0,1.0,6,False,0,0,0,0,0,0,0,0,0,0,0,0,0,0.0,0.0,0.0,0.0,0,0,0,0,0,0.0,0.0,0.0,0.0,49,-23,547,20,43,548,MID,Romaine Mundle,Sunderland
269,54,12,0,True,2025-09-27T14:00:00Z,2.0,1.0,6,False,0,0,0,0,0,0,0,0,0,0,0,0,0,0.0,0.0,0.0,0.0,0,0,0,0,0,0.0,0.0,0.0,0.0,48,-976,19125,1151,2127,269,MID,Romain Esse,Crystal Palace
92,56,11,0,False,2025-09-27T14:00:00Z,2.0,2.0,6,False,0,0,0,0,0,0,0,0,0,0,0,0,0,0.0,0.0,0.0,0.0,0,0,0,0,0,0.0,0.0,0.0,0.0,45,-1749,12442,0,1749,92,MID,Romain Faivre,Bournemouth
297,55,19,0,True,2025-09-29T19:00:00Z,1.0,1.0,6,False,0,0,0,0,0,0,0,0,0,0,0,0,0,0.0,0.0,0.0,0.0,0,0,0,0,0,0.0,0.0,0.0,0.0,40,-676,23139,715,1391,297,DEF,Roman Dixon,Everton
130,52,14,0,True,2025-09-27T11:30:00Z,3.0,1.0,6,False,0,0,0,0,0,0,0,0,0,0,0,0,0,0.0,0.0,0.0,0.0,0,0,0,0,0,0.0,0.0,0.0,0.0,45,112,12351,1284,1172,130,MID,Romelle Donovan,Brentford
244,53,6,1,True,2025-09-27T14:00:00Z,1.0,3.0,6,False,11,0,0,0,2,0,0,0,0,0,0,0,4,2.8,0.3,0.0,0.3,2,1,0,3,0,0.0,0.01,0.01,1.24,49,-52,1430,35,87,244,MID,Roméo Lavia,Chelsea
55,51,10,0,True,2025-09-28T13:00:00Z,3.0,1.0,6,False,0,0,0,0,0,0,0,0,0,0,0,0,0,0.0,0.0,0.0,0.0,0,0,0,0,0,0.0,0.0,0.0,0.0,48,-440,4286,39,479,55,MID,Ross Barkley,Aston Villa
87,56,11,4,False,2025-09-27T14:00:00Z,2.0,2.0,6,False,59,0,1,0,2,0,0,0,0,0,0,0,7,0.0,4.4,5.0,0.9,2,2,1,5,1,0.08,0.02,0.1,1.36,50,-52,8062,718,770,87,MID,Ryan Christie,Bournemouth
390,54,8,8,False,2025-09-27T14:00:00Z,2.0,1.0,6,False,90,0,1,0,2,0,0,0,0,0,0,3,29,21.2,5.8,8.0,3.5,7,3,1,11,1,0.08,0.04,0.12,2.92,56,310725,442247,347422,36697,390,MID,Ryan Gravenberch,Liverpool
742,57,3,0,True,2025-09-27T14:00:00Z,5.0,1.0,6,False,0,0,0,0,0,0,0,0,0,0,0,0,0,0.0,0.0,0.0,0.0,0,0,0,0,0,0.0,0.0,0.0,0.0,45,0,0,0,0,742,MID,Ryan McAidoo,Man City
328,51,2,2,False,2025-09-28T13:00:00Z,3.0,1.0,6,False,79,0,0,0,3,0,0,0,0,0,0,0,12,20.4,1.0,6.0,2.7,6,1,4,11,1,0.0,0.0,0.0,1.11,54,262,4819,808,546,328,MID,Ryan Sessegnon,Fulham
134,52,14,0,True,2025-09-27T11:30:00Z,3.0,1.0,6,False,0,0,0,0,0,0,0,0,0,0,0,0,0,0.0,0.0,0.0,0.0,0,0,0,0,0,0.0,0.0,0.0,0.0,45,-41,687,0,41,134,MID,Ryan Trevitt,Brentford
522,59,17,0,True,2025-09-27T16:30:00Z,0.0,1.0,6,False,0,0,0,0,0,0,0,0,0,0,0,0,0,0.0,0.0,0.0,0.0,0,0,0,0,0,0.0,0.0,0.0,0.0,48,-252,10526,827,1079,522,MID,Ryan Yates,Nott'm Forest
408,57,3,2,True,2025-09-27T14:00:00Z,5.0,1.0,6,False,90,0,0,0,1,0,0,0,0,0,0,0,13,16.4,4.5,0.0,2.1,5,4,1,6,1,0.0,0.03,0.03,0.41,55,38617,522582,63365,24748,408,DEF,Rúben dos Santos Gato Alves Dias,Man City
323,51,2,0,False,2025-09-28T13:00:00Z,3.0,1.0,6,False,0,0,0,0,0,0,0,0,0,0,0,0,0,0.0,0.0,0.0,0.0,0,0,0,0,0,0.0,0.0,0.0,0.0,39,76,17830,1087,1011,323,DEF,Samuel Amissah,Fulham
727,51,2,1,False,2025-09-28T13:00:00Z,3.0,1.0,6,False,10,0,0,0,0,0,0,0,0,0,0,0,3,0.4,0.5,12.0,1.3,0,0,1,1,0,0.18,0.0,0.18,0.0,55,-438,2668,418,856,727,MID,Samuel Chukwueze,Fulham
51,51,10,0,True,2025-09-28T13:00:00Z,3.0,1.0,6,False,0,0,0,0,0,0,0,0,0,0,0,0,0,0.0,0.0,0.0,0.0,0,0,0,0,0,0.0,0.0,0.0,0.0,55,-491,3478,121,612,51,MID,Samuel Iling-Junior,Aston Villa
346,56,4,0,True,2025-09-27T14:00:00Z,2.0,2.0,6,False,0,0,0,0,0,0,0,0,0,0,0,0,0,0.0,0.0,0.0,0.0,0,0,0,0,0,0.0,0.0,0.0,0.0,39,7055,33993,10480,3425,346,DEF,Sam Byram,Leeds
355,56,4,0,True,2025-09-27T14:00:00Z,2.0,2.0,6,False,0,0,0,0,0,0,0,0,0,0,0,0,0,0.0,0.0,0.0,0.0,0,0,0,0,0,0.0,0.0,0.0,0.0,49,-635,5653,0,635,355,MID,Sam Greenwood,Leeds
627,60,18,2,False,2025-09-27T19:00:00Z,1.0,1.0,6,False,90,0,0,0,1,0,0,0,0,0,2,0,11,19.6,0.0,0.0,2.0,2,6,0,0,1,0.0,0.0,0.0,0.87,45,-733,15530,377,1110,627,GKP,Sam Johnstone,Wolves
703,51,10,0,True,2025-09-28T13:00:00Z,3.0,1.0,6,False,0,0,0,0,0,0,0,0,0,0,0,0,0,0.0,0.0,0.0,0.0,0,0,0,0,0,0.0,0.0,0.0,0.0,40,137,31741,1619,1482,703,GKP,Sam Proctor,Aston Villa
330,51,2,2,False,2025-09-28T13:00:00Z,3.0,1.0,6,False,90,0,0,0,3,0,0,0,0,0,0,0,13,7.4,2.5,0.0,1.0,2,3,1,6,1,0.0,0.01,0.01,1.11,50,-279,7955,393,672,330,MID,Sander Berge,Fulham
491,58,1,6,True,2025-09-28T15:30:00Z,1.0,2.0,6,False,90,0,1,0,2,0,0,0,0,0,0,1,28,40.2,43.3,0.0,8.4,6,0,2,8,1,0.0,0.27,0.27,2.04,54,-9230,148538,7471,16701,491,MID,Sandro Tonali,Newcastle
636,60,18,12,False,2025-09-27T19:00:00Z,1.0,1.0,6,False,90,1,0,0,1,0,0,0,0,0,0,2,32,61.8,11.2,37.0,11.0,7,3,8,15,1,0.75,0.01,0.76,0.87,44,-330,5383,68,398,636,DEF,Santiago Ignacio Bueno,Wolves
656,60,18,0,False,2025-09-27T19:00:00Z,1.0,1.0,6,False,0,0,0,0,0,0,0,0,0,0,0,0,0,0.0,0.0,0.0,0.0,0,0,0,0,0,0.0,0.0,0.0,0.0,49,-785,8180,0,785,656,FWD,Saša Kalajdžić,Wolves
332,51,2,4,False,2025-09-28T13:00:00Z,3.0,1.0,6,False,90,0,1,0,3,0,0,0,1,0,0,0,20,22.4,31.5,14.0,6.8,2,5,1,8,1,0.23,0.12,0.35,1.11,50,-513,9881,714,1227,332,MID,Saša Lukić,Fulham
493,56,4,15,True,2025-09-27T14:00:00Z,2.0,2.0,6,False,90,1,1,0,2,0,0,0,0,0,0,3,64,86.2,99.3,21.0,20.7,5,2,6,13,1,0.1,0.25,0.35,0.82,49,150,22045,2901,2751,493,MID,Sean Longstaff,Leeds
501,58,1,0,True,2025-09-28T15:30:00Z,1.0,2.0,6,False,0,0,0,0,0,0,0,0,0,0,0,0,0,0.0,0.0,0.0,0.0,0,0,0,0,0,0.0,0.0,0.0,0.0,44,-200,28277,1961,2161,501,FWD,Sean Neave,Newcastle
345,56,4,0,True,2025-09-27T14:00:00Z,2.0,2.0,6,False,0,0,0,0,0,0,0,0,0,0,0,0,0,0.0,0.0,0.0,0.0,0,0,0,0,0,0.0,0.0,0.0,0.0,39,945,9789,1642,697,345,DEF,Sebastiaan Bornauw,Leeds
733,52,5,0,False,2025-09-27T11:30:00Z,3.0,1.0,6,False,0,0,0,0,0,0,0,0,0,0,0,0,0,0.0,0.0,0.0,0.0,0,0,0,0,0,0.0,0.0,0.0,0.0,50,367,15545,2653,2286,733,GKP,Senne Lammens,Man Utd
113,52,14,2,True,2025-09-27T11:30:00Z,3.0,1.0,6,False,90,0,0,0,1,0,0,0,0,0,0,0,9,14.6,0.4,68.0,8.3,4,3,0,4,1,0.66,0.0,0.66,2.08,45,-3608,80843,4007,7615,113,DEF,Sepp van den Berg,Brentford
689,58,1,0,True,2025-09-28T15:30:00Z,1.0,2.0,6,False,0,0,0,0,0,0,0,0,0,0,0,0,0,0.0,0.0,0.0,0.0,0,0,0,0,0,0.0,0.0,0.0,0.0,44,4445,26927,6303,1858,689,MID,Seung-Soo Park,Newcastle
196,57,13,0,False,2025-09-27T14:00:00Z,5.0,1.0,6,False,0,0,0,0,0,0,0,0,0,0,0,0,0,0.0,0.0,0.0,0.0,0,0,0,0,0,0.0,0.0,0.0,0.0,40,-523,7046,0,523,196,DEF,Shurandy Sambo,Burnley
543,59,16,1,False,2025-09-27T16:30:00Z,0.0,1.0,6,False,5,0,0,0,0,0,0,0,0,0,0,0,2,0.0,0.0,2.0,0.2,0,0,0,0,0,0.0,0.0,0.0,0.07,53,-24617,99335,1201,25818,543,MID,Simon Adingra,Sunderland
529,59,16,0,False,2025-09-27T16:30:00Z,0.0,1.0,6,False,0,0,0,0,0,0,0,0,0,0,0,0,0,0.0,0.0,0.0,0.0,0,0,0,0,0,0.0,0.0,0.0,0.0,40,-1514,50828,796,2310,529,GKP,Simon Moore,Sunderland
159,53,7,0,False,2025-09-27T14:00:00Z,1.0,3.0,6,False,0,0,0,0,0,0,0,0,0,0,0,0,0,0.0,0.0,0.0,0.0,0,0,0,0,0,0.0,0.0,0.0,0.0,58,-16,990,68,84,159,MID,Solly March,Brighton
579,60,20,0,True,2025-09-27T19:00:00Z,1.0,1.0,6,False,0,0,0,0,0,0,0,0,0,0,0,0,0,0.0,0.0,0.0,0.0,0,0,0,0,0,0.0,0.0,0.0,0.0,85,-404,16908,0,404,579,MID,Son Heung-min,Spurs
718,55,9,0,False,2025-09-29T19:00:00Z,1.0,1.0,6,False,58,0,0,0,1,0,0,0,1,0,0,0,4,9.2,3.5,0.0,1.3,1,5,2,8,1,0.0,0.01,0.01,0.64,50,11,669,73,62,718,MID,Soungoutou Magassa,West Ham
180,53,7,1,False,2025-09-27T14:00:00Z,1.0,3.0,6,False,5,0,0,0,0,0,0,0,0,0,0,0,6,4.0,10.0,4.0,1.8,0,0,2,2,0,0.28,0.0,0.28,0.41,54,-628,12365,705,1333,180,FWD,Stefanos Tzimas,Brighton
393,54,8,0,False,2025-09-27T14:00:00Z,2.0,1.0,6,False,0,0,0,0,0,0,0,0,0,0,0,0,0,0.0,0.0,0.0,0.0,0,0,0,0,0,0.0,0.0,0.0,0.0,44,-700,5831,84,784,393,MID,Stefan Bajčetić Maquieira,Liverpool
400,57,3,0,True,2025-09-27T14:00:00Z,5.0,1.0,6,False,0,0,0,0,0,0,0,0,0,0,0,0,0,0.0,0.0,0.0,0.0,0,0,0,0,0,0.0,0.0,0.0,0.0,49,-1084,22798,106,1190,400,GKP,Stefan Ortega Moreno,Nott'm Forest
740,57,3,0,True,2025-09-27T14:00:00Z,5.0,1.0,6,False,0,0,0,0,0,0,0,0,0,0,0,0,0,0.0,0.0,0.0,0.0,0,0,0,0,0,0.0,0.0,0.0,0.0,40,287,1705,480,193,740,DEF,Stephen Mfuni,Man City
315,51,2,0,False,2025-09-28T13:00:00Z,3.0,1.0,6,False,0,0,0,0,0,0,0,0,0,0,0,0,0,0.0,0.0,0.0,0.0,0,0,0,0,0,0.0,0.0,0.0,0.0,40,-30,660,0,30,315,GKP,Steven Benda,Fulham
475,58,1,3,True,2025-09-28T15:30:00Z,1.0,2.0,6,False,90,0,0,0,2,0,0,0,0,0,0,0,10,40.6,10.3,4.0,5.5,15,2,0,15,1,0.0,0.0,0.0,2.04,49,878,55040,4413,3535,475,DEF,Sven Botman,Newcastle
428,57,3,0,True,2025-09-27T14:00:00Z,5.0,1.0,6,False,0,0,0,0,0,0,0,0,0,0,0,0,0,0.0,0.0,0.0,0.0,0,0,0,0,0,0.0,0.0,0.0,0.0,50,-70,1708,0,70,428,MID,Sverre Nypan,Man City
415,57,3,2,True,2025-09-27T14:00:00Z,5.0,1.0,6,False,61,0,0,0,1,0,0,0,0,0,0,0,5,0.0,5.3,18.0,2.2,0,1,0,1,1,0.03,0.06,0.09,0.41,69,298,50608,2706,2408,415,MID,Sávio Moreira de Oliveira,Man City
294,55,19,0,True,2025-09-29T19:00:00Z,1.0,1.0,6,False,0,0,0,0,0,0,0,0,0,0,0,0,0,0.0,0.0,0.0,0.0,0,0,0,0,0,0.0,0.0,0.0,0.0,44,-695,15702,524,1219,294,DEF,Séamus Coleman,Everton
463,52,5,0,False,2025-09-27T11:30:00Z,3.0,1.0,6,False,0,0,0,0,0,0,0,0,0,0,0,0,0,0.0,0.0,0.0,0.0,0,0,0,0,0,0.0,0.0,0.0,0.0,44,-11,10231,872,883,463,MID,Sékou Koné,Man Utd
527,59,17,0,True,2025-09-27T16:30:00Z,0.0,1.0,6,False,0,0,0,0,0,0,0,0,0,0,0,0,0,0.0,0.0,0.0,0.0,0,0,0,0,0,0.0,0.0,0.0,0.0,53,-3480,51115,2748,6228,527,FWD,Taiwo Awoniyi,Nott'm Forest
577,60,20,0,True,2025-09-27T19:00:00Z,1.0,1.0,6,False,0,0,0,0,0,0,0,0,0,0,0,0,0,0.0,0.0,0.0,0.0,0,0,0,0,0,0.0,0.0,0.0,0.0,40,-439,7648,61,500,577,DEF,Takai Kōta,Spurs
358,56,4,1,True,2025-09-27T14:00:00Z,2.0,2.0,6,False,3,0,0,0,1,0,0,0,0,0,0,0,3,1.0,0.0,0.0,0.1,0,1,1,2,0,0.0,0.0,0.0,0.24,49,-1048,15865,423,1471,358,MID,Tanaka Ao,Leeds
150,53,7,0,False,2025-09-27T14:00:00Z,1.0,3.0,6,False,0,0,0,0,0,0,0,0,0,0,0,0,0,0.0,0.0,0.0,0.0,0,0,0,0,0,0.0,0.0,0.0,0.0,44,-3054,17631,0,3054,150,DEF,Tariq Lamptey,Brighton
650,60,18,0,False,2025-09-27T19:00:00Z,1.0,1.0,6,False,0,0,0,0,0,0,0,0,0,0,0,0,0,0.0,0.0,0.0,0.0,0,0,0,0,0,0.0,0.0,0.0,0.0,44,122,37804,3889,3767,650,MID,Tawanda Chirewa,Wolves
310,55,19,1,True,2025-09-29T19:00:00Z,1.0,1.0,6,False,21,0,0,0,0,0,0,0,0,0,0,0,3,2.0,1.3,0.0,0.3,1,0,0,1,0,0.0,0.0,0.0,0.29,58,-3330,46816,3077,6407,310,FWD,Thierno Barry,Everton
427,57,3,2,True,2025-09-27T14:00:00Z,5.0,1.0,6,False,82,0,0,0,1,0,0,0,0,0,0,0,16,10.6,11.0,18.0,4.0,3,2,1,6,1,0.14,0.06,0.2,0.41,57,550683,4158939,682112,131429,427,MID,Tijjani Reijnders,Man City
319,51,2,3,False,2025-09-28T13:00:00Z,3.0,1.0,6,False,90,0,0,0,3,0,0,0,0,0,0,0,11,23.2,20.2,4.0,4.7,8,6,2,10,1,0.0,0.03,0.03,1.11,44,-1053,13171,437,1490,319,DEF,Timothy Castagne,Fulham
540,59,16,0,False,2025-09-27T16:30:00Z,0.0,1.0,6,False,0,0,0,0,0,0,0,0,0,0,0,0,0,0.0,0.0,0.0,0.0,0,0,0,0,0,0.0,0.0,0.0,0.0,39,21403,59181,26061,4658,540,DEF,Timothée Pembélé,Sunderland
304,55,19,0,True,2025-09-29T19:00:00Z,1.0,1.0,6,False,0,0,0,0,0,0,0,0,0,0,0,0,0,0.0,0.0,0.0,0.0,0,0,0,0,0,0.0,0.0,0.0,0.0,49,-88,3770,167,255,304,MID,Tim Iroegbunam,Everton
477,58,1,6,True,2025-09-28T15:30:00Z,1.0,2.0,6,False,76,0,0,1,0,0,0,0,0,0,0,0,23,3.2,1.1,0.0,0.4,3,6,0,3,1,0.0,0.01,0.01,1.63,51,-15903,1125815,61577,77480,477,DEF,Tino Livramento,Newcastle
460,52,5,0,False,2025-09-27T11:30:00Z,3.0,1.0,6,False,0,0,0,0,0,0,0,0,0,0,0,0,0,0.0,0.0,0.0,0.0,0,0,0,0,0,0.0,0.0,0.0,0.0,45,-489,4977,0,489,460,MID,Toby Collyer,Man Utd
720,60,18,1,False,2025-09-27T19:00:00Z,1.0,1.0,6,False,6,0,0,0,1,0,0,0,0,0,0,0,0,3.0,0.1,0.0,0.3,2,0,0,2,0,0.0,0.0,0.0,0.06,55,-227,8596,2047,2274,720,FWD,Tolu Arokodare,Wolves
4,58,15,0,False,2025-09-28T15:30:00Z,1.0,2.0,6,False,0,0,0,0,0,0,0,0,0,0,0,0,0,0.0,0.0,0.0,0.0,0,0,0,0,0,0.0,0.0,0.0,0.0,40,576,28376,2428,1852,4,GKP,Tommy Setford,Arsenal
331,51,2,0,False,2025-09-28T13:00:00Z,3.0,1.0,6,False,0,0,0,0,0,0,0,0,0,0,0,0,0,0.0,0.0,0.0,0.0,0,0,0,0,0,0.0,0.0,0.0,0.0,49,-94,3655,134,228,331,MID,Tom Cairney,Fulham
651,60,18,0,False,2025-09-27T19:00:00Z,1.0,1.0,6,False,0,0,0,0,0,0,0,0,0,0,0,0,0,0.0,0.0,0.0,0.0,0,0,0,0,0,0.0,0.0,0.0,0.0,44,671,51186,6024,5353,651,MID,Tom Edozie,Wolves
434,52,5,0,False,2025-09-27T11:30:00Z,3.0,1.0,6,False,0,0,0,0,0,0,0,0,0,0,0,0,0,0.0,0.0,0.0,0.0,0,0,0,0,0,0.0,0.0,0.0,0.0,40,-816,33852,593,1409,434,GKP,Tom Heaton,Man Utd
630,55,19,0,True,2025-09-29T19:00:00Z,1.0,1.0,6,False,0,0,0,0,0,0,0,0,0,0,0,0,0,0.0,0.0,0.0,0.0,0,0,0,0,0,0.0,0.0,0.0,0.0,40,-4821,149858,1309,6130,630,GKP,Tom King,Everton
140,53,7,0,False,2025-09-27T14:00:00Z,1.0,3.0,6,False,0,0,0,0,0,0,0,0,0,0,0,0,0,0.0,0.0,0.0,0.0,0,0,0,0,0,0.0,0.0,0.0,0.0,40,-686,43725,1389,2075,140,GKP,Tom McGill,Brighton
172,53,7,0,False,2025-09-27T14:00:00Z,1.0,3.0,6,False,0,0,0,0,0,0,0,0,0,0,0,0,0,0.0,0.0,0.0,0.0,0,0,0,0,0,0.0,0.0,0.0,0.0,49,-69,3425,135,204,172,MID,Tom Watson,Brighton
613,55,9,0,False,2025-09-29T19:00:00Z,1.0,1.0,6,False,0,0,0,0,0,0,0,0,0,0,0,0,0,0.0,0.0,0.0,0.0,0,0,0,0,0,0.0,0.0,0.0,0.0,57,-8146,30616,26,8172,613,MID,Tomáš Souček,West Ham
232,53,6,0,True,2025-09-27T14:00:00Z,1.0,3.0,6,False,0,0,0,0,0,0,0,0,0,0,0,0,0,0.0,0.0,0.0,0.0,0,0,0,0,0,0.0,0.0,0.0,0.0,45,-41912,94771,5374,47286,232,DEF,Tosin Adarabioyo,Chelsea
637,60,18,1,False,2025-09-27T19:00:00Z,1.0,1.0,6,False,1,0,0,0,1,0,0,0,0,0,0,0,-1,0.0,0.0,0.0,0.0,0,0,0,0,0,0.0,0.0,0.0,0.06,44,-1044,15220,301,1345,637,DEF,Toti Gomes,Wolves
532,59,16,6,False,2025-09-27T16:30:00Z,0.0,1.0,6,False,90,0,0,1,0,0,0,0,0,0,0,0,25,10.6,0.9,3.0,1.5,8,7,0,8,1,0.01,0.01,0.02,1.68,45,-280,30712,2059,2339,532,DEF,Trai Hume,Sunderland
710,51,10,0,True,2025-09-28T13:00:00Z,3.0,1.0,6,False,0,0,0,0,0,0,0,0,0,0,0,0,0,0.0,0.0,0.0,0.0,0,0,0,0,0,0.0,0.0,0.0,0.0,40,-401,9522,349,750,710,DEF,Travis Patterson,Aston Villa
226,53,6,-3,True,2025-09-27T14:00:00Z,1.0,3.0,6,False,52,0,0,0,3,0,0,0,0,1,0,0,-13,0.0,1.3,0.0,0.0,1,2,0,1,1,0.0,0.0,0.0,0.13,52,250468,1337521,306782,56314,226,DEF,Trevoh Chalobah,Chelsea
396,54,8,0,False,2025-09-27T14:00:00Z,2.0,1.0,6,False,0,0,0,0,0,0,0,0,0,0,0,0,0,0.0,0.0,0.0,0.0,0,0,0,0,0,0.0,0.0,0.0,0.0,44,-1500,24773,1087,2587,396,MID,Trey Nyoni,Liverpool
701,51,10,0,True,2025-09-28T13:00:00Z,3.0,1.0,6,False,0,0,0,0,0,0,0,0,0,0,0,0,0,0.0,0.0,0.0,0.0,0,0,0,0,0,0.0,0.0,0.0,0.0,40,-1671,14018,211,1882,701,DEF,Triston Rowe,Aston Villa
85,56,11,2,False,2025-09-27T14:00:00Z,2.0,2.0,6,False,80,0,0,0,2,0,0,0,0,0,0,0,19,13.2,3.3,2.0,1.9,1,5,4,10,1,0.04,0.02,0.06,1.77,50,1175,48009,5763,4588,85,MID,Tyler Adams,Bournemouth
707,55,19,1,True,2025-09-29T19:00:00Z,1.0,1.0,6,False,9,0,0,0,0,0,0,0,0,0,0,0,5,3.0,0.3,0.0,0.3,0,2,1,3,0,0.0,0.0,0.0,0.15,55,-141,2685,352,493,707,MID,Tyler Dibling,Everton
446,52,5,0,False,2025-09-27T11:30:00Z,3.0,1.0,6,False,0,0,0,0,0,0,0,0,0,0,0,0,0,0.0,0.0,0.0,0.0,0,0,0,0,0,0.0,0.0,0.0,0.0,39,-401,15766,601,1002,446,DEF,Tyler Fredricson,Man Utd
395,54,8,0,False,2025-09-27T14:00:00Z,2.0,1.0,6,False,0,0,0,0,0,0,0,0,0,0,0,0,0,0.0,0.0,0.0,0.0,0,0,0,0,0,0.0,0.0,0.0,0.0,45,-14,328,0,14,395,MID,Tyler Morton,Liverpool
704,55,19,0,True,2025-09-29T19:00:00Z,1.0,1.0,6,False,0,0,0,0,0,0,0,0,0,0,0,0,0,0.0,0.0,0.0,0.0,0,0,0,0,0,0.0,0.0,0.0,0.0,45,-904,9155,0,904,704,MID,Tyler Onyango,Everton
448,52,5,0,False,2025-09-27T11:30:00Z,3.0,1.0,6,False,0,0,0,0,0,0,0,0,0,0,0,0,0,0.0,0.0,0.0,0.0,0,0,0,0,0,0.0,0.0,0.0,0.0,39,-533,45354,2839,3372,448,DEF,Tyrell Malacia,Man Utd
258,54,12,4,True,2025-09-27T14:00:00Z,2.0,1.0,6,False,90,0,0,0,1,0,0,0,0,0,0,0,11,24.8,15.3,8.0,4.8,8,3,5,13,1,0.0,0.12,0.12,2.14,50,9296,237454,24875,15579,258,DEF,Tyrick Mitchell,Crystal Palace
243,53,6,0,True,2025-09-27T14:00:00Z,1.0,3.0,6,False,0,0,0,0,0,0,0,0,0,0,0,0,0,0.0,0.0,0.0,0.0,0,0,0,0,0,0.0,0.0,0.0,0.0,49,229,7078,832,603,243,MID,Tyrique George,Everton
40,51,10,1,True,2025-09-28T13:00:00Z,3.0,1.0,6,False,31,0,0,0,1,0,0,0,0,0,0,0,-1,2.8,0.4,0.0,0.3,1,1,0,1,1,0.0,0.0,0.0,0.28,45,4786,190331,16295,11509,40,DEF,Tyrone Mings,Aston Villa
721,56,11,0,False,2025-09-27T14:00:00Z,2.0,2.0,6,False,0,0,0,0,0,0,0,0,0,0,0,0,0,0.0,0.0,0.0,0.0,0,0,0,0,0,0.0,0.0,0.0,0.0,45,22,3788,645,623,721,DEF,Veljko Milosavljevic,Bournemouth
719,51,10,1,True,2025-09-28T13:00:00Z,3.0,1.0,6,False,8,0,0,0,0,0,0,0,0,0,0,0,3,0.2,0.0,0.0,0.0,0,0,0,0,0,0.0,0.0,0.0,0.13,45,14,2841,360,346,719,DEF,Victor Lindelöf,Aston Villa
666,58,15,2,False,2025-09-28T15:30:00Z,1.0,2.0,6,False,90,0,0,0,1,0,0,0,0,0,0,0,9,7.6,21.7,52.0,8.1,1,4,1,6,1,0.26,0.12,0.38,0.61,90,19159,3054386,429849,410690,666,FWD,Viktor Gyökeres,Arsenal
373,54,8,2,False,2025-09-27T14:00:00Z,2.0,1.0,6,False,90,0,0,0,2,0,0,0,1,0,0,0,9,34.2,3.1,0.0,3.7,11,2,1,12,1,0.0,0.02,0.02,2.92,61,8497,3565642,179374,170877,373,DEF,Virgil van Dijk,Liverpool
292,55,19,1,True,2025-09-29T19:00:00Z,1.0,1.0,6,False,90,0,0,0,1,0,0,0,1,0,0,0,9,20.6,3.5,2.0,2.6,8,3,0,8,1,0.0,0.03,0.03,1.17,49,2362,46173,6307,3945,292,DEF,Vitalii Mykolenko,Everton
125,52,14,1,True,2025-09-27T11:30:00Z,3.0,1.0,6,False,9,0,0,0,0,0,0,0,0,0,0,0,5,4.8,14.8,0.0,2.0,0,1,1,2,0,0.0,0.02,0.02,0.27,49,40,1336,137,97,125,MID,Vitaly Janelt,Brentford
412,57,3,0,True,2025-09-27T14:00:00Z,5.0,1.0,6,False,0,0,0,0,0,0,0,0,0,0,0,0,0,0.0,0.0,0.0,0.0,0,0,0,0,0,0.0,0.0,0.0,0.0,50,-19,655,0,19,412,DEF,Vitor de Oliveira Nunes dos Reis,Man City
185,57,13,0,False,2025-09-27T14:00:00Z,5.0,1.0,6,False,0,0,0,0,0,0,0,0,0,0,0,0,0,0.0,0.0,0.0,0.0,0,0,0,0,0,0.0,0.0,0.0,0.0,40,-972,21331,626,1598,185,GKP,Václav Hladký,Burnley
254,54,12,0,True,2025-09-27T14:00:00Z,2.0,1.0,6,False,0,0,0,0,0,0,0,0,0,0,0,0,0,0.0,0.0,0.0,0.0,0,0,0,0,0,0.0,0.0,0.0,0.0,40,-4022,42180,125,4147,254,GKP,Walter Benítez,Crystal Palace
230,53,6,0,True,2025-09-27T14:00:00Z,1.0,3.0,6,False,0,0,0,0,0,0,0,0,0,0,0,0,0,0.0,0.0,0.0,0.0,0,0,0,0,0,0.0,0.0,0.0,0.0,44,-144,22680,3107,3251,230,DEF,Wesley Fofana,Chelsea
601,55,9,0,False,2025-09-29T19:00:00Z,1.0,1.0,6,False,0,0,0,0,0,0,0,0,0,0,0,0,0,0.0,0.0,0.0,0.0,0,0,0,0,0,0.0,0.0,0.0,0.0,40,-4347,47875,0,4347,601,GKP,Wes Foderingham,West Ham
351,56,4,0,True,2025-09-27T14:00:00Z,2.0,2.0,6,False,0,0,0,0,0,0,0,0,0,0,0,0,0,0.0,0.0,0.0,0.0,0,0,0,0,0,0.0,0.0,0.0,0.0,53,-5703,15946,34,5737,351,MID,Wilfried Gnonto,Leeds
500,58,1,1,True,2025-09-28T15:30:00Z,1.0,2.0,6,False,23,0,0,0,2,0,0,0,0,0,0,0,0,0.0,0.1,0.0,0.0,0,0,0,0,0,0.0,0.0,0.0,0.49,55,-5904,44043,3262,9166,500,FWD,William Osula,Newcastle
6,58,15,1,False,2025-09-28T15:30:00Z,1.0,2.0,6,False,45,0,0,0,0,0,0,0,0,0,0,0,8,5.4,11.8,2.0,1.9,1,1,0,1,0,0.0,0.07,0.07,0.2,60,-13772,1489252,52699,66471,6,DEF,William Saliba,Arsenal
514,59,17,0,True,2025-09-27T16:30:00Z,0.0,1.0,6,False,0,0,0,0,0,0,0,0,0,0,0,0,0,0.0,0.0,0.0,0.0,0,0,0,0,0,0.0,0.0,0.0,0.0,39,6762,60414,10965,4203,514,DEF,Willy Boly,Nott'm Forest
68,56,11,0,False,2025-09-27T14:00:00Z,2.0,2.0,6,False,0,0,0,0,0,0,0,0,0,0,0,0,0,0.0,0.0,0.0,0.0,0,0,0,0,0,0.0,0.0,0.0,0.0,40,-1399,131603,4693,6092,68,GKP,Will Dennis,Bournemouth
270,54,12,1,True,2025-09-27T14:00:00Z,2.0,1.0,6,False,28,0,0,0,1,0,0,0,0,0,0,0,2,1.6,0.8,4.0,0.6,0,0,0,0,0,0.0,0.06,0.06,1.1,49,-670,14149,1381,2051,270,MID,Will Hughes,Crystal Palace
598,60,20,0,True,2025-09-27T19:00:00Z,1.0,1.0,6,False,0,0,0,0,0,0,0,0,0,0,0,0,0,0.0,0.0,0.0,0.0,0,0,0,0,0,0.0,0.0,0.0,0.0,45,-236,3580,0,236,598,FWD,Will Lankshear,Spurs
560,59,16,2,False,2025-09-27T16:30:00Z,0.0,1.0,6,False,84,0,0,1,0,0,0,0,0,0,0,0,4,1.0,2.8,19.0,2.3,2,1,0,3,1,0.22,0.03,0.25,1.61,55,163122,319493,198166,35044,560,FWD,Wilson Isidor,Sunderland
588,60,20,1,True,2025-09-27T19:00:00Z,1.0,1.0,6,False,12,0,0,0,0,0,0,0,0,0,0,0,3,4.6,1.1,0.0,0.6,0,0,1,1,0,0.0,0.01,0.01,0.0,53,109,3908,419,310,588,MID,Wilson Odobert,Spurs
717,60,20,1,True,2025-09-27T19:00:00Z,1.0,1.0,6,False,77,0,0,0,1,0,0,0,1,0,0,0,9,12.4,25.8,2.0,4.0,3,7,0,10,1,0.0,0.24,0.24,1.15,71,29812,471165,129161,99349,717,MID,Xavi Simons,Spurs
594,60,20,0,True,2025-09-27T19:00:00Z,1.0,1.0,6,False,0,0,0,0,0,0,0,0,0,0,0,0,0,0.0,0.0,0.0,0.0,0,0,0,0,0,0.0,0.0,0.0,0.0,45,-142,1853,0,142,594,MID,Yang Min-hyeok,Spurs
160,53,7,5,False,2025-09-27T14:00:00Z,1.0,3.0,6,False,90,0,1,0,1,0,0,0,0,0,0,0,18,23.4,19.3,28.0,7.1,3,1,2,6,1,0.36,0.24,0.6,1.81,59,56352,167563,79291,22939,160,MID,Yankuba Minteh,Brighton
166,53,7,2,False,2025-09-27T14:00:00Z,1.0,3.0,6,False,90,0,0,0,1,0,0,0,0,0,0,0,14,13.0,21.3,3.0,3.7,3,5,2,10,1,0.05,0.16,0.21,1.81,49,14606,35209,19003,4397,166,MID,Yasin Ayari,Brighton
46,51,10,0,True,2025-09-28T13:00:00Z,3.0,1.0,6,False,0,0,0,0,0,0,0,0,0,0,0,0,0,0.0,0.0,0.0,0.0,0,0,0,0,0,0.0,0.0,0.0,0.0,40,-2603,22994,303,2906,46,DEF,Yasin Özcan,Aston Villa
129,52,14,7,True,2025-09-27T11:30:00Z,3.0,1.0,6,False,90,0,1,0,1,0,0,0,0,0,0,0,26,30.4,13.4,2.0,4.6,4,7,1,12,1,0.09,0.02,0.11,2.08,50,-240,8035,610,850,129,MID,Yehor Yarmoliuk,Brentford
634,60,18,0,False,2025-09-27T19:00:00Z,1.0,1.0,6,False,0,0,0,0,0,0,0,0,0,0,0,0,0,0.0,0.0,0.0,0.0,0,0,0,0,0,0.0,0.0,0.0,0.0,44,-230,6214,165,395,634,DEF,Yerson Mosquera Valdelamar,Wolves
135,58,1,0,True,2025-09-28T15:30:00Z,1.0,2.0,6,False,0,0,0,0,0,0,0,0,0,0,0,0,0,0.0,0.0,0.0,0.0,0,0,0,0,0,0.0,0.0,0.0,0.0,74,-16529,80323,257,16786,135,FWD,Yoane Wissa,Newcastle
48,51,10,0,True,2025-09-28T13:00:00Z,3.0,1.0,6,False,0,0,0,0,0,0,0,0,0,0,0,0,0,0.0,0.0,0.0,0.0,0,0,0,0,0,0.0,0.0,0.0,0.0,59,-35988,106260,124,36112,48,MID,Youri Tielemans,Aston Villa
312,55,19,0,True,2025-09-29T19:00:00Z,1.0,1.0,6,False,0,0,0,0,0,0,0,0,0,0,0,0,0,0.0,0.0,0.0,0.0,0,0,0,0,0,0.0,0.0,0.0,0.0,49,-942,10657,0,942,312,FWD,Youssef Ramalho Chermiti,Everton
131,52,14,0,True,2025-09-27T11:30:00Z,3.0,1.0,6,False,0,0,0,0,0,0,0,0,0,0,0,0,0,0.0,0.0,0.0,0.0,0,0,0,0,0,0.0,0.0,0.0,0.0,44,1410,27072,4450,3040,131,MID,Yunus Emre Konak,Brentford
587,60,20,0,True,2025-09-27T19:00:00Z,1.0,1.0,6,False,0,0,0,0,0,0,0,0,0,0,0,0,0,0.0,0.0,0.0,0.0,0,0,0,0,0,0.0,0.0,0.0,0.0,52,-452,5839,52,504,587,MID,Yves Bissouma,Spurs
712,54,12,3,True,2025-09-27T14:00:00Z,2.0,1.0,6,False,73,0,0,1,0,0,0,0,0,0,0,0,10,10.0,12.2,19.0,4.1,1,5,0,6,1,0.24,0.13,0.37,1.5,60,-12540,14086,712,13252,712,MID,Yéremy Pino Santos,Crystal Palace
513,59,17,0,True,2025-09-27T16:30:00Z,0.0,1.0,6,False,0,0,0,0,0,0,0,0,0,0,0,0,0,0.0,0.0,0.0,0.0,0,0,0,0,0,0.0,0.0,0.0,0.0,39,914,23418,2157,1243,513,DEF,Zach Abbott,Nott'm Forest
286,54,12,0,True,2025-09-27T14:00:00Z,2.0,1.0,6,False,0,0,0,0,0,0,0,0,0,0,0,0,0,0.0,0.0,0.0,0.0,0,0,0,0,0,0.0,0.0,0.0,0.0,45,1159,35954,5143,3984,286,FWD,Zach Marsh,Crystal Palace
95,56,11,0,False,2025-09-27T14:00:00Z,2.0,2.0,6,False,0,0,0,0,0,0,0,0,0,0,0,0,0,0.0,0.0,0.0,0.0,0,0,0,0,0,0.0,0.0,0.0,0.0,44,-807,17342,4010,4817,95,MID,Zain Silcott-Duberry,Bournemouth
538,59,16,0,False,2025-09-27T16:30:00Z,0.0,1.0,6,False,0,0,0,0,0,0,0,0,0,0,0,0,0,0.0,0.0,0.0,0.0,0,0,0,0,0,0.0,0.0,0.0,0.0,39,4014,31592,5789,1775,538,DEF,Zak Johnson,Sunderland
216,57,13,0,False,2025-09-27T14:00:00Z,5.0,1.0,6,False,0,0,0,0,0,0,0,0,0,0,0,0,0,0.0,0.0,0.0,0.0,0,0,0,0,0,0.0,0.0,0.0,0.0,49,-131,3092,92,223,216,FWD,Zeki Amdouni,Burnley
215,57,13,0,False,2025-09-27T14:00:00Z,5.0,1.0,6,False,0,0,0,0,0,0,0,0,0,0,0,0,0,0.0,0.0,0.0,0.0,0,0,0,0,0,0.0,0.0,0.0,0.0,54,-1091,13177,462,1553,215,FWD,Zian Flemming,Burnley
65,51,10,0,True,2025-09-28T13:00:00Z,3.0,1.0,6,False,0,0,0,0,0,0,0,0,0,0,0,0,0,0.0,0.0,0.0,0.0,0,0,0,0,0,0.0,0.0,0.0,0.0,45,-6299,57305,0,6299,65,FWD,Zépiqueno Redmond,Aston Villa
713,56,11,0,False,2025-09-27T14:00:00Z,2.0,2.0,6,False,72,0,0,0,2,0,0,0,1,0,0,0,3,15.6,12.8,2.0,3.0,1,5,4,5,1,0.0,0.02,0.02,1.62,45,272,1645,458,186,713,DEF,Álex Jiménez Sánchez,Bournemouth
43,51,10,0,True,2025-09-28T13:00:00Z,3.0,1.0,6,False,0,0,0,0,0,0,0,0,0,0,0,0,0,0.0,0.0,0.0,0.0,0,0,0,0,0,0.0,0.0,0.0,0.0,40,-69932,418323,0,69932,43,DEF,Álex Moreno Lopera,Aston Villa
368,54,8,0,False,2025-09-27T14:00:00Z,2.0,1.0,6,False,0,0,0,0,0,0,0,0,0,0,0,0,0,0.0,0.0,0.0,0.0,0,0,0,0,0,0.0,0.0,0.0,0.0,39,25197,52760,29535,4338,368,GKP,Ármin Pécsi,Liverpool
67,56,11,3,False,2025-09-27T14:00:00Z,2.0,2.0,6,False,90,0,0,0,2,0,0,0,0,0,6,0,18,47.0,0.0,0.0,4.7,0,10,0,0,1,0.0,0.0,0.0,1.84,45,114528,671462,154184,39656,67,GKP,Đorđe Petrović,Bournemouth
420,57,3,0,True,2025-09-27T14:00:00Z,5.0,1.0,6,False,0,0,0,0,0,0,0,0,0,0,0,0,0,0.0,0.0,0.0,0.0,0,0,0,0,0,0.0,0.0,0.0,0.0,63,-1005,9737,0,1005,420,MID,İlkay Gündoğan,Man City
