element,fixture,opponent_team,total_points,was_home,kickoff_time,team_h_score,team_a_score,round,modified,minutes,goals_scored,assists,clean_sheets,goals_conceded,own_goals,penalties_saved,penalties_missed,yellow_cards,red_cards,saves,bonus,bps,influence,creativity,threat,ict_index,clearances_blocks_interceptions,recoveries,tackles,defensive_contribution,starts,expected_goals,expected_assists,expected_goal_involvements,expected_goals_conceded,value,transfers_balance,selected,transfers_in,transfers_out,id,position,name,team
116,64,13,2,True,2025-10-05T15:30:00Z,0.0,1.0,7,False,90,0,0,0,1,0,0,0,0,0,0,0,2,3.0,1.4,1.0,0.5,2,2,1,3,1,0.02,0.04,0.06,0.83,40,-160,46132,2290,2450,116,DEF,Aaron Hickey,Brentford
674,69,16,0,True,2025-10-05T13:00:00Z,2.0,0.0,7,False,0,0,0,0,0,0,0,0,0,0,0,0,0,0.0,0.0,0.0,0.0,0,0,0,0,0,0.0,0.0,0.0,0.0,49,-2869,77669,1104,3973,674,GKP,Aaron Ramsdale,Newcastle
211,62,2,0,False,2025-10-05T13:00:00Z,2.0,1.0,7,False,0,0,0,0,0,0,0,0,0,0,0,0,0,0.0,0.0,0.0,0.0,0,0,0,0,0,0.0,0.0,0.0,0.0,44,-49136,361549,0,49136,211,MID,Aaron Ramsey,Burnley
610,61,1,1,False,2025-10-04T14:00:00Z,2.0,0.0,7,False,78,0,0,0,2,0,0,0,0,0,0,0,-3,7.2,1.4,2.0,1.1,6,0,0,6,1,0.0,0.01,0.01,2.6,43,-138747,841458,1783,140530,610,DEF,Aaron Wan-Bissaka,West Ham
234,65,12,0,True,2025-10-04T16:30:00Z,2.0,1.0,7,False,0,0,0,0,0,0,0,0,0,0,0,0,0,0.0,0.0,0.0,0.0,0,0,0,0,0,0.0,0.0,0.0,0.0,40,-379,8431,0,379,234,DEF,Aarón Anselmino,Chelsea
165,70,20,0,False,2025-10-05T13:00:00Z,1.0,1.0,7,False,0,0,0,0,0,0,0,0,0,0,0,0,0,0.0,0.0,0.0,0.0,0,0,0,0,0,0.0,0.0,0.0,0.0,54,-97,1712,0,97,165,MID,Abdallah Sima,Brighton
554,68,14,0,False,2025-10-04T14:00:00Z,2.0,0.0,7,False,0,0,0,0,0,0,0,0,0,0,0,0,0,0.0,0.0,0.0,0.0,0,0,0,0,0,0.0,0.0,0.0,0.0,44,-812,24686,1064,1876,554,MID,Abdoullah Ba,Sunderland
406,64,5,0,False,2025-10-05T15:30:00Z,0.0,1.0,7,False,0,0,0,0,0,0,0,0,0,0,0,0,0,0.0,0.0,0.0,0.0,0,0,0,0,0,0.0,0.0,0.0,0.0,54,-7039,40040,117,7156,406,DEF,Abdukodir Khusanov,Man City
326,63,4,1,False,2025-10-03T19:00:00Z,3.0,1.0,7,False,4,0,0,0,1,0,0,0,0,0,0,0,4,2.2,0.9,2.0,0.5,0,1,0,1,0,0.0,0.01,0.01,0.52,53,-779,20764,647,1426,326,MID,Adama Traoré Diarra,West Ham
667,66,8,0,True,2025-10-05T13:00:00Z,2.0,1.0,7,False,0,0,0,0,0,0,0,0,0,0,0,0,0,0.0,0.0,0.0,0.0,0,0,0,0,0,0.0,0.0,0.0,0.0,44,-303,7157,81,384,667,DEF,Adam Aznou,Everton
73,63,10,0,True,2025-10-03T19:00:00Z,3.0,1.0,7,False,0,0,0,0,0,0,0,0,0,0,0,0,0,0.0,0.0,0.0,0.0,0,0,0,0,0,0.0,0.0,0.0,0.0,44,-1714,20870,18,1732,73,DEF,Adam Smith,Bournemouth
153,70,20,0,False,2025-10-05T13:00:00Z,1.0,1.0,7,False,0,0,0,0,0,0,0,0,0,0,0,0,0,0.0,0.0,0.0,0.0,0,0,0,0,0,0.0,0.0,0.0,0.0,44,-42,858,22,64,153,DEF,Adam Webster,Brighton
273,66,9,3,False,2025-10-05T13:00:00Z,2.0,1.0,7,False,90,0,0,0,2,0,0,0,1,0,0,0,14,11.6,28.8,2.0,4.2,4,5,3,12,1,0.03,0.24,0.27,2.03,50,5543,55970,8328,2785,273,MID,Adam Wharton,Crystal Palace
176,70,20,0,False,2025-10-05T13:00:00Z,1.0,1.0,7,False,0,0,0,0,0,0,0,0,0,0,0,0,0,0.0,0.0,0.0,0.0,0,0,0,0,0,0.0,0.0,0.0,0.0,45,-425,3610,0,425,176,MID,Adrian Mazilu,Brighton
74,63,10,5,True,2025-10-03T19:00:00Z,3.0,1.0,7,False,90,0,1,0,1,0,0,0,0,0,0,0,24,32.8,20.2,4.0,5.7,4,6,1,5,1,0.03,0.04,0.07,0.88,45,8811,236377,25335,16524,74,DEF,Adrien Truffert,Bournemouth
562,68,14,0,False,2025-10-04T14:00:00Z,2.0,0.0,7,False,0,0,0,0,0,0,0,0,0,0,0,0,0,0.0,0.0,0.0,0.0,0,0,0,0,0,0.0,0.0,0.0,0.0,44,-1549,48284,2257,3806,562,FWD,Ahmed Abdullahi,Sunderland
533,68,14,0,False,2025-10-04T14:00:00Z,2.0,0.0,7,False,0,0,0,0,0,0,0,0,0,0,0,0,0,0.0,0.0,0.0,0.0,0,0,0,0,0,0.0,0.0,0.0,0.0,40,4,494,27,23,533,DEF,Aji Alese,Sunderland
555,68,14,0,False,2025-10-04T14:00:00Z,2.0,0.0,7,False,0,0,0,0,0,0,0,0,0,0,0,0,0,0.0,0.0,0.0,0.0,0,0,0,0,0,0.0,0.0,0.0,0.0,45,-505,5695,0,505,555,MID,Alan Browne,Sunderland
29,61,19,0,True,2025-10-04T14:00:00Z,2.0,0.0,7,False,0,0,0,0,0,0,0,0,0,0,0,0,0,0.0,0.0,0.0,0.0,0,0,0,0,0,0.0,0.0,0.0,0.0,45,-636,8757,0,636,29,MID,Albert Sambi Lokonga,Arsenal
453,65,12,2,True,2025-10-04T16:30:00Z,2.0,1.0,7,False,74,0,0,0,1,0,0,0,0,0,0,0,8,1.8,5.0,9.0,1.6,0,1,1,2,1,0.05,0.04,0.09,1.54,64,-3280,34732,1454,4734,453,MID,Alejandro Garnacho Ferreyra,Chelsea
499,65,7,5,False,2025-10-04T16:30:00Z,2.0,1.0,7,False,73,0,1,0,1,0,0,0,0,0,0,0,15,16.8,17.9,6.0,4.1,0,1,1,2,1,0.18,0.01,0.19,0.18,106,-155998,1331565,89582,245580,499,FWD,Alexander Isak,Liverpool
386,65,7,2,False,2025-10-04T16:30:00Z,2.0,1.0,7,False,85,0,0,0,1,0,0,0,0,0,0,0,14,9.8,13.9,2.0,2.6,2,4,2,8,1,0.03,0.02,0.05,0.27,63,-7392,159012,3643,11035,386,MID,Alexis Mac Allister,Liverpool
340,67,18,0,True,2025-10-04T11:30:00Z,1.0,2.0,7,False,0,0,0,0,0,0,0,0,0,0,0,0,0,0.0,0.0,0.0,0.0,0,0,0,0,0,0.0,0.0,0.0,0.0,40,-507,21296,402,909,340,GKP,Alex Cairns,Leeds
324,63,4,2,False,2025-10-03T19:00:00Z,3.0,1.0,7,False,85,0,0,0,2,0,0,0,0,0,0,0,15,13.8,38.4,11.0,6.3,0,7,0,7,1,0.11,0.12,0.23,0.6,65,-993,211328,20706,21699,324,MID,Alex Iwobi,Fulham
481,69,16,0,True,2025-10-05T13:00:00Z,2.0,0.0,7,False,0,0,0,0,0,0,0,0,0,0,0,0,0,0.0,0.0,0.0,0.0,0,0,0,0,0,0.0,0.0,0.0,0.0,39,-1018,81106,3451,4469,481,DEF,Alex Murphy,Newcastle
70,63,10,0,True,2025-10-03T19:00:00Z,3.0,1.0,7,False,0,0,0,0,0,0,0,0,0,0,0,0,0,0.0,0.0,0.0,0.0,0,0,0,0,0,0.0,0.0,0.0,0.0,40,-595,10380,0,595,70,GKP,Alex Paulsen,Bournemouth
90,63,10,4,True,2025-10-03T19:00:00Z,3.0,1.0,7,False,90,0,0,0,1,0,0,0,0,0,0,0,19,13.6,8.3,6.0,2.8,5,10,2,17,1,0.12,0.02,0.14,0.88,50,279,41039,5737,5458,90,MID,Alex Scott,Bournemouth
641,70,6,0,True,2025-10-05T13:00:00Z,1.0,1.0,7,False,0,0,0,0,0,0,0,0,0,0,0,0,0,0.0,0.0,0.0,0.0,0,0,0,0,0,0.0,0.0,0.0,0.0,39,20237,171226,27932,7695,641,DEF,Alfie Pond,Wolves
366,65,7,0,False,2025-10-04T16:30:00Z,2.0,1.0,7,False,0,0,0,0,0,0,0,0,0,0,0,0,0,0.0,0.0,0.0,0.0,0,0,0,0,0,0.0,0.0,0.0,0.0,55,-183719,1088830,13516,197235,366,GKP,Alisson Becker,Liverpool
600,61,1,2,False,2025-10-04T14:00:00Z,2.0,0.0,7,False,90,0,0,0,2,0,0,0,0,0,3,0,9,25.8,0.0,0.0,2.6,2,3,0,0,1,0.0,0.0,0.0,2.77,43,-12413,269889,5731,18144,600,GKP,Alphonse Areola,West Ham
431,68,17,0,True,2025-10-04T14:00:00Z,2.0,0.0,7,False,0,0,0,0,0,0,0,0,0,0,0,0,0,0.0,0.0,0.0,0.0,0,0,0,0,0,0.0,0.0,0.0,0.0,50,-58,54926,4305,4363,431,GKP,Altay Bayındır,Man Utd
59,62,3,1,True,2025-10-05T13:00:00Z,2.0,1.0,7,False,1,0,0,0,0,0,0,0,0,0,0,0,3,0.2,0.1,0.0,0.0,0,0,0,0,0,0.0,0.0,0.0,0.03,49,-8528,73767,53,8581,59,MID,Amadou Onana,Aston Villa
452,68,17,3,True,2025-10-04T14:00:00Z,2.0,0.0,7,False,90,0,0,1,0,0,0,0,0,0,0,0,21,18.4,34.5,30.0,8.3,2,6,2,10,1,0.64,0.1,0.74,0.71,63,-24550,145013,919,25469,452,MID,Amad Diallo,Man Utd
378,65,7,0,False,2025-10-04T16:30:00Z,2.0,1.0,7,False,0,0,0,0,0,0,0,0,0,0,0,0,0,0.0,0.0,0.0,0.0,0,0,0,0,0,0.0,0.0,0.0,0.0,39,-682,17814,181,863,378,DEF,Amara Nallo,Liverpool
697,63,10,0,True,2025-10-03T19:00:00Z,3.0,1.0,7,False,0,0,0,0,0,0,0,0,0,0,0,0,0,0.0,0.0,0.0,0.0,0,0,0,0,0,0.0,0.0,0.0,0.0,55,55,4053,462,407,697,MID,Amine Adli,Bournemouth
327,63,4,0,False,2025-10-03T19:00:00Z,3.0,1.0,7,False,0,0,0,0,0,0,0,0,0,0,0,0,0,0.0,0.0,0.0,0.0,0,0,0,0,0,0.0,0.0,0.0,0.0,53,-997,10251,0,997,327,MID,Andreas Hoelgebaum Pereira,Fulham
177,70,20,0,False,2025-10-05T13:00:00Z,1.0,1.0,7,False,0,0,0,0,0,0,0,0,0,0,0,0,0,0.0,0.0,0.0,0.0,0,0,0,0,0,0.0,0.0,0.0,0.0,45,-184,2733,0,184,177,MID,Andrew Moran,Brighton
372,65,7,1,False,2025-10-04T16:30:00Z,2.0,1.0,7,False,35,0,0,0,1,0,0,0,0,0,0,0,4,13.8,10.6,13.0,3.7,5,1,1,6,0,0.03,0.01,0.04,0.86,58,-5125,120410,1367,6492,372,DEF,Andrew Robertson,Liverpool
246,65,12,0,True,2025-10-04T16:30:00Z,2.0,1.0,7,False,0,0,0,0,0,0,0,0,0,0,0,0,0,0.0,0.0,0.0,0.0,0,0,0,0,0,0.0,0.0,0.0,0.0,45,-1830,40894,3700,5530,246,MID,Andrey Nascimento dos Santos,Chelsea
711,61,19,0,True,2025-10-04T14:00:00Z,2.0,0.0,7,False,0,0,0,0,0,0,0,0,0,0,0,0,0,0.0,0.0,0.0,0.0,0,0,0,0,0,0.0,0.0,0.0,0.0,45,4,1240,114,110,711,MID,Andre Harriman-Annous,Arsenal
42,62,3,0,True,2025-10-05T13:00:00Z,2.0,1.0,7,False,0,0,0,0,0,0,0,0,0,0,0,0,0,0.0,0.0,0.0,0.0,0,0,0,0,0,0.0,0.0,0.0,0.0,39,3844,32930,5554,1710,42,DEF,Andrés García,Aston Villa
432,68,17,0,True,2025-10-04T14:00:00Z,2.0,0.0,7,False,0,0,0,0,0,0,0,0,0,0,0,0,0,0.0,0.0,0.0,0.0,0,0,0,0,0,0.0,0.0,0.0,0.0,49,-1067,22132,0,1067,432,GKP,André Onana,Man Utd
643,70,6,3,True,2025-10-05T13:00:00Z,1.0,1.0,7,False,90,0,0,0,1,0,0,0,1,0,0,0,9,9.6,3.1,0.0,1.3,2,9,3,14,1,0.0,0.02,0.02,1.15,54,18,8565,410,392,643,MID,André Trindade da Costa Neto,Wolves
621,61,1,0,False,2025-10-04T14:00:00Z,2.0,0.0,7,False,0,0,0,0,0,0,0,0,0,0,0,0,0,0.0,0.0,0.0,0.0,0,0,0,0,0,0.0,0.0,0.0,0.0,44,3347,41616,6200,2853,621,MID,Andy Irving,West Ham
675,69,15,0,False,2025-10-05T13:00:00Z,2.0,0.0,7,False,0,0,0,0,0,0,0,0,0,0,0,0,0,0.0,0.0,0.0,0.0,0,0,0,0,0,0.0,0.0,0.0,0.0,40,-4127,193173,1178,5305,675,GKP,Angus Gunn,Nott'm Forest
486,69,16,3,True,2025-10-05T13:00:00Z,2.0,0.0,7,False,69,0,0,1,0,0,0,0,0,0,0,0,5,7.6,28.7,14.0,5.0,0,2,0,2,1,0.0,0.03,0.03,0.17,69,-54053,587250,13873,67926,486,MID,Anthony Elanga,Newcastle
485,69,16,3,True,2025-10-05T13:00:00Z,2.0,0.0,7,False,69,0,0,1,0,0,0,0,0,0,0,0,9,3.8,1.8,7.0,1.3,0,1,1,2,1,0.13,0.02,0.15,0.17,74,137866,280033,150491,12625,485,MID,Anthony Gordon,Newcastle
528,68,14,0,False,2025-10-04T14:00:00Z,2.0,0.0,7,False,0,0,0,0,0,0,0,0,0,0,0,0,0,0.0,0.0,0.0,0.0,0,0,0,0,0,0.0,0.0,0.0,0.0,44,-1178,25455,433,1611,528,GKP,Anthony Patterson,Sunderland
82,63,10,18,True,2025-10-03T19:00:00Z,3.0,1.0,7,False,90,2,1,0,1,0,0,0,0,0,0,3,63,92.4,16.5,63.0,17.2,1,7,1,9,1,0.66,0.06,0.72,0.88,78,552867,6771772,587033,34166,82,MID,Antoine Semenyo,Man City
316,63,4,0,False,2025-10-03T19:00:00Z,3.0,1.0,7,False,0,0,0,0,0,0,0,0,0,0,0,0,0,0.0,0.0,0.0,0.0,0,0,0,0,0,0.0,0.0,0.0,0.0,50,-2393,92565,4598,6991,316,DEF,Antonee Robinson,Fulham
122,64,13,0,True,2025-10-05T15:30:00Z,0.0,1.0,7,False,0,0,0,0,0,0,0,0,0,0,0,0,0,0.0,0.0,0.0,0.0,0,0,0,0,0,0.0,0.0,0.0,0.0,53,-176,5254,174,350,122,MID,Antoni Milambo,Brentford
454,68,17,0,True,2025-10-04T14:00:00Z,2.0,0.0,7,False,0,0,0,0,0,0,0,0,0,0,0,0,0,0.0,0.0,0.0,0.0,0,0,0,0,0,0.0,0.0,0.0,0.0,59,-284,8321,0,284,454,MID,Antony dos Santos,Man Utd
660,67,18,2,True,2025-10-04T11:30:00Z,1.0,2.0,7,False,66,0,0,0,2,0,0,0,0,0,0,0,13,11.2,17.3,4.0,3.3,1,5,2,8,1,0.04,0.03,0.07,0.5,50,45729,382980,74994,29265,660,MID,Anton Stach,Leeds
567,67,11,0,False,2025-10-04T11:30:00Z,1.0,2.0,7,False,0,0,0,0,0,0,0,0,0,0,0,0,0,0.0,0.0,0.0,0.0,0,0,0,0,0,0.0,0.0,0.0,0.0,39,21904,210961,31839,9935,567,GKP,Antonín Kinský,Spurs
492,69,16,0,True,2025-10-05T13:00:00Z,2.0,0.0,7,False,0,0,0,0,0,0,0,0,0,0,0,0,0,0.0,0.0,0.0,0.0,0,0,0,0,0,0.0,0.0,0.0,0.0,49,-318,3394,0,318,492,MID,Antoñito Cordero Campillo,Newcastle
591,67,11,0,False,2025-10-04T11:30:00Z,1.0,2.0,7,False,0,0,0,0,0,0,0,0,0,0,0,0,0,0.0,0.0,0.0,0.0,0,0,0,0,0,0.0,0.0,0.0,0.0,49,-491,13802,397,888,591,MID,Archie Gray,Spurs
680,62,2,1,False,2025-10-05T13:00:00Z,2.0,1.0,7,False,31,0,0,0,1,0,0,0,0,0,0,0,1,4.2,0.3,0.0,0.5,0,0,2,2,0,0.0,0.0,0.0,0.39,53,-470,16306,877,1347,680,FWD,Armando Broja,Burnley
696,69,15,0,False,2025-10-05T13:00:00Z,2.0,0.0,7,False,0,0,0,0,0,0,0,0,0,0,0,0,0,0.0,0.0,0.0,0.0,0,0,0,0,0,0.0,0.0,0.0,0.0,60,-537,10836,587,1124,696,FWD,Arnaud Kalimuendo,Nott'm Forest
678,68,14,0,False,2025-10-04T14:00:00Z,2.0,0.0,7,False,57,0,0,0,2,0,0,0,0,0,0,0,-2,11.0,15.2,0.0,2.6,2,2,2,4,1,0.0,0.07,0.07,1.39,40,-2100,70092,870,2970,678,DEF,Arthur Masuaku,Sunderland
274,66,9,0,False,2025-10-05T13:00:00Z,2.0,1.0,7,False,0,0,0,0,0,0,0,0,0,0,0,0,0,0.0,0.0,0.0,0.0,0,0,0,0,0,0.0,0.0,0.0,0.0,45,7,6253,394,387,274,MID,Asher Agbinone,Crystal Palace
218,62,2,0,False,2025-10-05T13:00:00Z,2.0,1.0,7,False,0,0,0,0,0,0,0,0,0,0,0,0,0,0.0,0.0,0.0,0.0,0,0,0,0,0,0.0,0.0,0.0,0.0,44,-9919,179289,5862,15781,218,FWD,Ashley Barnes,Burnley
576,67,11,0,False,2025-10-04T11:30:00Z,1.0,2.0,7,False,0,0,0,0,0,0,0,0,0,0,0,0,0,0.0,0.0,0.0,0.0,0,0,0,0,0,0.0,0.0,0.0,0.0,40,-71,1785,0,71,576,DEF,Ashley Phillips,Spurs
198,62,2,1,False,2025-10-05T13:00:00Z,2.0,1.0,7,False,90,0,0,0,2,0,0,0,0,0,0,0,6,17.6,0.9,0.0,1.9,4,4,3,7,1,0.0,0.01,0.01,1.37,39,-7976,218661,5438,13414,198,DEF,Axel Tuanzebe,Burnley
447,68,17,0,True,2025-10-04T14:00:00Z,2.0,0.0,7,False,0,0,0,0,0,0,0,0,0,0,0,0,0,0.0,0.0,0.0,0.0,0,0,0,0,0,0.0,0.0,0.0,0.0,39,-4518,136963,4689,9207,447,DEF,Ayden Heaven,Man Utd
685,63,10,2,True,2025-10-03T19:00:00Z,3.0,1.0,7,False,90,0,0,0,1,0,0,0,0,0,0,0,11,23.2,1.4,4.0,2.9,8,4,0,8,1,0.0,0.02,0.02,0.88,45,1192,59181,5494,4302,685,DEF,Bafodé Diakité,Bournemouth
139,70,20,1,False,2025-10-05T13:00:00Z,1.0,1.0,7,False,90,0,0,0,1,1,0,0,0,0,3,0,12,20.0,0.0,0.0,2.0,0,14,0,0,1,0.0,0.0,0.0,0.56,44,-23715,550943,12373,36088,139,GKP,Bart Verbruggen,Brighton
193,62,2,0,False,2025-10-05T13:00:00Z,2.0,1.0,7,False,0,0,0,0,0,0,0,0,0,0,0,0,0,0.0,0.0,0.0,0.0,0,0,0,0,0,0.0,0.0,0.0,0.0,40,-101,7017,214,315,193,DEF,Bashir Humphreys,Burnley
639,70,6,0,True,2025-10-05T13:00:00Z,1.0,1.0,7,False,0,0,0,0,0,0,0,0,0,0,0,0,0,0.0,0.0,0.0,0.0,0,0,0,0,0,0.0,0.0,0.0,0.0,40,-34,1033,0,34,639,DEF,Bastien Meupiyou Menadjou,Wolves
114,64,13,0,True,2025-10-05T15:30:00Z,0.0,1.0,7,False,0,0,0,0,0,0,0,0,0,0,0,0,0,0.0,0.0,0.0,0.0,0,0,0,0,0,0.0,0.0,0.0,0.0,40,-1178,30110,550,1728,114,DEF,Benjamin Arthur,Brentford
115,64,13,0,True,2025-10-05T15:30:00Z,0.0,1.0,7,False,0,0,0,0,0,0,0,0,0,0,0,0,0,0.0,0.0,0.0,0.0,0,0,0,0,0,0.0,0.0,0.0,0.0,40,-1499,14350,0,1499,115,DEF,Benjamin Fredrick,Brentford
664,63,4,0,False,2025-10-03T19:00:00Z,3.0,1.0,7,False,0,0,0,0,0,0,0,0,0,0,0,0,0,0.0,0.0,0.0,0.0,0,0,0,0,0,0.0,0.0,0.0,0.0,40,-2234,82374,316,2550,664,GKP,Benjamin Lecomte,Fulham
681,68,17,9,True,2025-10-04T14:00:00Z,2.0,0.0,7,False,90,1,0,1,0,0,0,0,0,0,0,3,33,46.6,20.9,39.0,10.7,3,3,3,9,1,0.29,0.01,0.3,0.71,73,25445,578552,53754,28309,681,FWD,Benjamin Sesko,Man Utd
11,61,19,0,True,2025-10-04T14:00:00Z,2.0,0.0,7,False,0,0,0,0,0,0,0,0,0,0,0,0,0,0.0,0.0,0.0,0.0,0,0,0,0,0,0.0,0.0,0.0,0.0,54,-1487,53910,1842,3329,11,DEF,Benjamin White,Arsenal
229,65,12,1,True,2025-10-04T16:30:00Z,2.0,1.0,7,False,54,0,0,0,0,0,0,0,0,0,0,0,11,14.6,1.4,0.0,1.6,4,1,1,5,1,0.0,0.02,0.02,0.93,44,611,2011,740,129,229,DEF,Benoît Badiashile Mukinayi,Chelsea
60,62,3,0,True,2025-10-05T13:00:00Z,2.0,1.0,7,False,0,0,0,0,0,0,0,0,0,0,0,0,0,0.0,0.0,0.0,0.0,0,0,0,0,0,0.0,0.0,0.0,0.0,45,495,41258,3220,2725,60,MID,Ben Broggio,Aston Villa
571,67,11,0,False,2025-10-04T11:30:00Z,1.0,2.0,7,False,0,0,0,0,0,0,0,0,0,0,0,0,0,0.0,0.0,0.0,0.0,0,0,0,0,0,0.0,0.0,0.0,0.0,43,-497,9834,158,655,571,DEF,Ben Davies,Spurs
391,63,10,4,True,2025-10-03T19:00:00Z,3.0,1.0,7,False,12,0,1,0,0,0,0,0,0,0,0,0,16,19.0,11.0,4.0,3.4,0,0,1,1,0,0.0,0.06,0.06,0.28,49,-240,5440,135,375,391,MID,Ben Gannon-Doak,Bournemouth
96,63,10,0,True,2025-10-03T19:00:00Z,3.0,1.0,7,False,0,0,0,0,0,0,0,0,0,0,0,0,0,0.0,0.0,0.0,0.0,0,0,0,0,0,0.0,0.0,0.0,0.0,45,-479,5811,0,479,96,MID,Ben Winterburn,Bournemouth
416,64,5,1,False,2025-10-05T15:30:00Z,0.0,1.0,7,False,14,0,0,0,0,0,0,0,0,0,0,0,4,1.8,2.0,0.0,0.4,2,2,0,4,0,0.0,0.01,0.01,0.12,64,-5027,73672,2715,7742,416,MID,Bernardo Mota Veiga de Carvalho e Silva,Man City
314,63,4,2,False,2025-10-03T19:00:00Z,3.0,1.0,7,False,90,0,0,0,3,0,0,0,0,0,3,0,4,22.8,0.0,0.0,2.3,2,5,0,0,1,0.0,0.0,0.0,1.12,50,-6981,180865,2660,9641,314,GKP,Bernd Leno,Fulham
735,68,14,0,False,2025-10-04T14:00:00Z,2.0,0.0,7,False,57,0,0,0,2,0,0,0,1,0,0,0,5,4.8,16.8,23.0,4.5,0,0,1,1,1,0.16,0.02,0.18,1.39,55,425,2036,662,237,735,MID,Bertrand Traoré,Sunderland
530,68,14,0,False,2025-10-04T14:00:00Z,2.0,0.0,7,False,0,0,0,0,0,0,0,0,0,0,0,0,0,0.0,0.0,0.0,0.0,0,0,0,0,0,0.0,0.0,0.0,0.0,40,-295,15814,277,572,530,GKP,Blondy Nna Noukeu,Sunderland
259,66,9,0,False,2025-10-05T13:00:00Z,2.0,1.0,7,False,0,0,0,0,0,0,0,0,0,0,0,0,0,0.0,0.0,0.0,0.0,0,0,0,0,0,0.0,0.0,0.0,0.0,49,-94,14707,789,883,259,DEF,Borna Sosa,Crystal Palace
58,62,3,5,True,2025-10-05T13:00:00Z,2.0,1.0,7,False,90,0,1,0,1,0,0,0,0,0,0,0,22,31.2,30.4,5.0,6.7,2,7,1,10,1,0.02,0.19,0.2,0.42,49,893,17166,2088,1195,58,MID,Boubacar Kamara,Aston Villa
649,70,6,0,True,2025-10-05T13:00:00Z,1.0,1.0,7,False,0,0,0,0,0,0,0,0,0,0,0,0,0,0.0,0.0,0.0,0.0,0,0,0,0,0,0.0,0.0,0.0,0.0,50,-7,129,0,7,649,MID,Boubacar Traoré,Wolves
702,62,3,0,True,2025-10-05T13:00:00Z,2.0,1.0,7,False,0,0,0,0,0,0,0,0,0,0,0,0,0,0.0,0.0,0.0,0.0,0,0,0,0,0,0.0,0.0,0.0,0.0,45,-120,9179,392,512,702,MID,Bradley Burrowes,Aston Villa
162,70,20,2,False,2025-10-05T13:00:00Z,1.0,1.0,7,False,69,0,0,0,1,0,0,0,0,0,0,0,6,11.6,18.3,44.0,7.4,0,5,2,7,1,0.33,0.05,0.38,0.51,54,324,10528,1317,993,162,MID,Brajan Gruda,Brighton
566,67,11,0,False,2025-10-04T11:30:00Z,1.0,2.0,7,False,0,0,0,0,0,0,0,0,0,0,0,0,0,0.0,0.0,0.0,0.0,0,0,0,0,0,0.0,0.0,0.0,0.0,40,-697,29082,267,964,566,GKP,Brandon Austin,Spurs
13,61,19,0,True,2025-10-04T14:00:00Z,2.0,0.0,7,False,0,0,0,0,0,0,0,0,0,0,0,0,0,0.0,0.0,0.0,0.0,0,0,0,0,0,0.0,0.0,0.0,0.0,39,-1654,59227,2098,3752,13,DEF,Brayden Clarke,Arsenal
350,67,18,5,True,2025-10-04T11:30:00Z,1.0,2.0,7,False,66,0,1,0,2,0,0,0,0,0,0,0,20,6.6,13.8,17.0,3.7,0,2,1,3,1,0.09,0.02,0.11,0.5,54,630,7201,1269,639,350,MID,Brenden Aaronson,Leeds
580,67,11,1,False,2025-10-04T11:30:00Z,1.0,2.0,7,False,1,0,0,0,0,0,0,0,0,0,0,0,3,2.0,0.0,0.0,0.2,1,0,0,1,0,0.0,0.0,0.0,0.24,69,-109322,600355,7560,116882,580,MID,Brennan Johnson,Crystal Palace
730,68,14,1,False,2025-10-04T14:00:00Z,2.0,0.0,7,False,31,0,0,0,0,0,0,0,0,0,0,0,4,0.0,0.0,0.0,0.0,0,1,0,1,0,0.0,0.0,0.0,0.45,55,-320,6985,943,1263,730,FWD,Brian Brobbey,Sunderland
449,68,17,3,True,2025-10-04T14:00:00Z,2.0,0.0,7,False,90,0,0,1,0,0,0,0,0,0,0,0,17,18.2,37.9,13.0,6.9,5,4,0,9,1,0.17,0.3,0.47,0.71,90,-165385,2399723,101549,266934,449,MID,Bruno Borges Fernandes,Man Utd
488,69,16,14,True,2025-10-05T13:00:00Z,2.0,0.0,7,False,90,1,1,1,0,0,0,0,0,0,0,3,52,44.6,16.3,17.0,7.8,0,4,3,7,1,0.07,0.12,0.19,0.29,65,-9189,243837,8386,17575,488,MID,Bruno Guimarães Rodriguez Moura,Newcastle
590,67,11,0,False,2025-10-04T11:30:00Z,1.0,2.0,7,False,0,0,0,0,0,0,0,0,0,0,0,0,0,0.0,0.0,0.0,0.0,0,0,0,0,0,0.0,0.0,0.0,0.0,49,-349,4350,0,349,590,MID,Bryan Gil Salvatierra,Spurs
119,68,17,6,True,2025-10-04T14:00:00Z,2.0,0.0,7,False,76,0,1,1,0,0,0,0,0,0,0,0,18,21.4,26.8,19.0,6.7,0,3,0,3,1,0.1,0.14,0.24,0.42,81,-100306,1777119,84508,184814,119,MID,Bryan Mbeumo,Man Utd
16,61,19,8,True,2025-10-04T14:00:00Z,2.0,0.0,7,False,90,1,0,1,0,0,0,0,0,0,0,0,22,38.8,23.6,31.0,9.3,1,4,2,7,1,0.84,1.11,1.95,0.49,98,372696,1011817,404709,32013,16,MID,Bukayo Saka,Arsenal
265,66,9,0,False,2025-10-05T13:00:00Z,2.0,1.0,7,False,0,0,0,0,0,0,0,0,0,0,0,0,0,0.0,0.0,0.0,0.0,0,0,0,0,0,0.0,0.0,0.0,0.0,40,-114,1720,14,128,265,DEF,Caleb Kporha,Crystal Palace
69,63,10,0,True,2025-10-03T19:00:00Z,3.0,1.0,7,False,0,0,0,0,0,0,0,0,0,0,0,0,0,0.0,0.0,0.0,0.0,0,0,0,0,0,0.0,0.0,0.0,0.0,40,-614,25232,300,914,69,GKP,Callan McKenna,Bournemouth
306,66,8,0,True,2025-10-05T13:00:00Z,2.0,1.0,7,False,0,0,0,0,0,0,0,0,0,0,0,0,0,0.0,0.0,0.0,0.0,0,0,0,0,0,0.0,0.0,0.0,0.0,45,52,9055,668,616,306,MID,Callum Bates,Everton
516,69,15,1,False,2025-10-05T13:00:00Z,2.0,0.0,7,False,26,0,0,0,1,0,0,0,0,0,0,0,7,7.2,1.4,17.0,2.6,1,1,0,2,0,0.07,0.01,0.08,2.25,60,-28594,136885,2700,31294,516,MID,Callum Hudson-Odoi,Nott'm Forest
626,61,1,1,False,2025-10-04T14:00:00Z,2.0,0.0,7,False,29,0,0,0,1,0,0,0,0,0,0,0,-2,1.2,0.0,7.0,0.8,2,1,0,3,0,0.13,0.0,0.13,0.96,44,-2196,84001,3321,5517,626,FWD,Callum Marshall,West Ham
595,67,11,0,False,2025-10-04T11:30:00Z,1.0,2.0,7,False,0,0,0,0,0,0,0,0,0,0,0,0,0,0.0,0.0,0.0,0.0,0,0,0,0,0,0.0,0.0,0.0,0.0,44,-461,26084,1131,1592,595,MID,Callum Olusesi,Spurs
671,61,1,0,False,2025-10-04T14:00:00Z,2.0,0.0,7,False,0,0,0,0,0,0,0,0,0,0,0,0,0,0.0,0.0,0.0,0.0,0,0,0,0,0,0.0,0.0,0.0,0.0,59,-3820,49161,1875,5695,671,FWD,Callum Wilson,West Ham
318,63,4,1,False,2025-10-03T19:00:00Z,3.0,1.0,7,False,90,0,0,0,3,0,0,0,0,0,0,0,1,16.6,1.2,0.0,1.8,5,1,1,6,1,0.0,0.0,0.0,1.12,45,-1571,66542,3153,4724,318,DEF,Calvin Bassey,Fulham
380,65,7,0,False,2025-10-04T16:30:00Z,2.0,1.0,7,False,0,0,0,0,0,0,0,0,0,0,0,0,0,0.0,0.0,0.0,0.0,0,0,0,0,0,0.0,0.0,0.0,0.0,39,-786,25937,495,1281,380,DEF,Calvin Ramsay,Liverpool
101,64,13,3,True,2025-10-05T15:30:00Z,0.0,1.0,7,False,90,0,0,0,1,0,0,0,0,0,3,0,14,22.6,0.0,0.0,2.3,0,10,0,0,1,0.0,0.0,0.0,0.83,45,-23330,976642,24395,47725,101,GKP,Caoimhín Kelleher,Brentford
301,66,8,1,True,2025-10-05T13:00:00Z,2.0,1.0,7,False,45,0,0,0,0,0,0,0,0,0,0,0,6,8.6,15.9,20.0,4.5,0,5,2,7,0,0.12,0.02,0.14,1.02,53,-606,11437,296,902,301,MID,Carlos Alcaraz Durán,Everton
167,70,20,0,False,2025-10-05T13:00:00Z,1.0,1.0,7,False,45,0,0,0,1,0,0,0,1,0,0,0,7,5.6,0.9,0.0,0.7,2,2,3,7,1,0.0,0.0,0.0,0.2,48,-12530,294958,12095,24625,167,MID,Carlos Baleba,Brighton
457,68,17,4,True,2025-10-04T14:00:00Z,2.0,0.0,7,False,84,0,0,1,0,0,0,0,1,0,0,0,11,15.0,3.7,3.0,2.2,3,8,3,14,1,0.07,0.02,0.09,0.5,55,1002,26300,2378,1376,457,MID,Carlos Henrique Casimiro,Man Utd
503,69,15,0,False,2025-10-05T13:00:00Z,2.0,0.0,7,False,0,0,0,0,0,0,0,0,0,0,0,0,0,0.0,0.0,0.0,0.0,0,0,0,0,0,0.0,0.0,0.0,0.0,40,-738,12077,0,738,503,GKP,Carlos Miguel dos Santos Pereira,Nott'm Forest
141,70,20,0,False,2025-10-05T13:00:00Z,1.0,1.0,7,False,0,0,0,0,0,0,0,0,0,0,0,0,0,0.0,0.0,0.0,0.0,0,0,0,0,0,0.0,0.0,0.0,0.0,40,-16,313,0,16,141,GKP,Carl Rushworth,Brighton
262,66,9,0,False,2025-10-05T13:00:00Z,2.0,1.0,7,False,0,0,0,0,0,0,0,0,0,0,0,0,0,0.0,0.0,0.0,0.0,0,0,0,0,0,0.0,0.0,0.0,0.0,40,-87,758,15,102,262,DEF,Chadi Riad Dnanou,Crystal Palace
181,70,20,0,False,2025-10-05T13:00:00Z,1.0,1.0,7,False,0,0,0,0,0,0,0,0,0,0,0,0,0,0.0,0.0,0.0,0.0,0,0,0,0,0,0.0,0.0,0.0,0.0,49,-1538,36507,1654,3192,181,FWD,Charalampos Kostoulas,Brighton
359,67,18,0,True,2025-10-04T11:30:00Z,1.0,2.0,7,False,0,0,0,0,0,0,0,0,0,0,0,0,0,0.0,0.0,0.0,0.0,0,0,0,0,0,0.0,0.0,0.0,0.0,45,-20,581,0,20,359,MID,Charlie Crew,Leeds
156,70,20,0,False,2025-10-05T13:00:00Z,1.0,1.0,7,False,0,0,0,0,0,0,0,0,0,0,0,0,0,0.0,0.0,0.0,0.0,0,0,0,0,0,0.0,0.0,0.0,0.0,39,-97,17680,829,926,156,DEF,Charlie Tasker,Brighton
268,66,9,0,False,2025-10-05T13:00:00Z,2.0,1.0,7,False,0,0,0,0,0,0,0,0,0,0,0,0,0,0.0,0.0,0.0,0.0,0,0,0,0,0,0.0,0.0,0.0,0.0,49,-42,342,16,58,268,MID,Cheick Doucouré,Crystal Palace
553,68,14,1,False,2025-10-04T14:00:00Z,2.0,0.0,7,False,32,0,0,0,0,0,0,0,0,0,0,0,3,6.4,12.8,22.0,4.1,1,0,0,1,0,0.26,0.01,0.27,0.45,50,-1395,29377,1461,2856,553,MID,Chemsdine Talbi,Sunderland
467,68,17,0,True,2025-10-04T14:00:00Z,2.0,0.0,7,False,0,0,0,0,0,0,0,0,0,0,0,0,0,0.0,0.0,0.0,0.0,0,0,0,0,0,0.0,0.0,0.0,0.0,43,3530,176247,17635,14105,467,FWD,Chido Obi,Man Utd
732,66,9,1,False,2025-10-05T13:00:00Z,2.0,1.0,7,False,1,0,0,0,1,0,0,0,0,0,0,0,3,0.0,0.0,0.0,0.0,0,0,0,0,0,0.0,0.0,0.0,0.73,55,5,3252,609,604,732,FWD,Christantus Uche,Crystal Palace
24,61,19,0,True,2025-10-04T14:00:00Z,2.0,0.0,7,False,0,0,0,0,0,0,0,0,0,0,0,0,0,0.0,0.0,0.0,0.0,0,0,0,0,0,0.0,0.0,0.0,0.0,53,-1062,19667,460,1522,24,MID,Christian Nørgaard,Arsenal
240,65,12,0,True,2025-10-04T16:30:00Z,2.0,1.0,7,False,0,0,0,0,0,0,0,0,0,0,0,0,0,0.0,0.0,0.0,0.0,0,0,0,0,0,0.0,0.0,0.0,0.0,59,-434,11839,0,434,240,MID,Christopher Nkunku,Chelsea
79,63,10,0,True,2025-10-03T19:00:00Z,3.0,1.0,7,False,0,0,0,0,0,0,0,0,0,0,0,0,0,0.0,0.0,0.0,0.0,0,0,0,0,0,0.0,0.0,0.0,0.0,40,-875,12637,0,875,79,DEF,Chris Mepham,Bournemouth
261,66,9,3,False,2025-10-05T13:00:00Z,2.0,1.0,7,False,90,0,0,0,2,0,0,0,0,0,0,0,11,26.0,10.7,7.0,4.4,9,1,1,10,1,0.09,0.56,0.65,2.03,45,49000,368777,67598,18598,261,DEF,Chris Richards,Crystal Palace
551,68,14,0,False,2025-10-04T14:00:00Z,2.0,0.0,7,False,0,0,0,0,0,0,0,0,0,0,0,0,0,0.0,0.0,0.0,0.0,0,0,0,0,0,0.0,0.0,0.0,0.0,48,420,5935,803,383,551,MID,Chris Rigg,Sunderland
525,69,15,2,False,2025-10-05T13:00:00Z,2.0,0.0,7,False,63,0,0,0,1,0,0,0,0,0,0,0,4,0.0,1.3,2.0,0.3,1,1,0,2,1,0.0,0.0,0.0,1.03,74,-528915,1602878,13690,542605,525,FWD,Chris Wood,Nott'm Forest
425,64,5,0,False,2025-10-05T15:30:00Z,0.0,1.0,7,False,0,0,0,0,0,0,0,0,0,0,0,0,0,0.0,0.0,0.0,0.0,0,0,0,0,0,0.0,0.0,0.0,0.0,54,-50,1416,0,50,425,MID,Claudio Echeverri,Man City
307,66,8,0,True,2025-10-05T13:00:00Z,2.0,1.0,7,False,0,0,0,0,0,0,0,0,0,0,0,0,0,0.0,0.0,0.0,0.0,0,0,0,0,0,0.0,0.0,0.0,0.0,45,-62,4875,237,299,307,MID,Coby Ebere,Everton
384,65,7,7,False,2025-10-04T16:30:00Z,2.0,1.0,7,False,90,1,0,0,2,0,0,0,0,0,0,0,32,43.2,38.4,47.0,12.9,2,8,0,10,1,0.55,0.38,0.93,1.0,75,-359392,1434059,34991,394383,384,MID,Cody Gakpo,Liverpool
235,65,12,0,True,2025-10-04T16:30:00Z,2.0,1.0,7,False,0,0,0,0,0,0,0,0,0,0,0,0,0,0.0,0.0,0.0,0.0,0,0,0,0,0,0.0,0.0,0.0,0.0,103,-307798,1464891,2446,310244,235,MID,Cole Palmer,Chelsea
186,62,2,0,False,2025-10-05T13:00:00Z,2.0,1.0,7,False,0,0,0,0,0,0,0,0,0,0,0,0,0,0.0,0.0,0.0,0.0,0,0,0,0,0,0.0,0.0,0.0,0.0,44,-200,4772,124,324,186,DEF,Connor Roberts,Burnley
375,65,7,0,False,2025-10-04T16:30:00Z,2.0,1.0,7,False,45,0,0,0,1,0,0,0,1,0,0,0,-7,0.0,4.3,0.0,0.4,2,3,0,2,1,0.0,0.0,0.0,0.11,50,131,17186,1589,1458,375,DEF,Conor Bradley,Liverpool
662,61,19,0,True,2025-10-04T14:00:00Z,2.0,0.0,7,False,0,0,0,0,0,0,0,0,0,0,0,0,0,0.0,0.0,0.0,0.0,0,0,0,0,0,0.0,0.0,0.0,0.0,54,-701,25306,2426,3127,662,DEF,Cristhian Mosquera,Arsenal
569,67,11,1,False,2025-10-04T11:30:00Z,1.0,2.0,7,False,90,0,0,0,1,0,0,0,1,0,0,0,10,15.6,0.8,2.0,1.8,7,3,1,8,1,0.0,0.01,0.01,1.68,51,17076,918714,67181,50105,569,DEF,Cristian Romero,Spurs
615,61,1,1,False,2025-10-04T14:00:00Z,2.0,0.0,7,False,90,0,0,0,2,0,0,0,1,0,0,0,7,8.8,3.9,5.0,1.8,5,4,2,11,1,0.02,0.01,0.03,2.77,55,1480,9544,2598,1118,615,MID,Crysencio Summerville,West Ham
388,65,7,1,False,2025-10-04T16:30:00Z,2.0,1.0,7,False,34,0,0,0,1,0,0,0,0,0,0,0,2,1.8,1.2,4.0,0.7,1,1,0,2,0,0.17,0.01,0.18,0.86,54,-94,9134,465,559,388,MID,Curtis Jones,Liverpool
271,66,9,4,False,2025-10-05T13:00:00Z,2.0,1.0,7,False,81,0,0,0,1,0,0,0,0,0,0,0,14,14.4,2.9,3.0,2.0,1,7,8,16,1,0.1,0.02,0.12,1.29,50,3512,17480,5693,2181,271,MID,Daichi Kamada,Crystal Palace
599,67,11,0,False,2025-10-04T11:30:00Z,1.0,2.0,7,False,0,0,0,0,0,0,0,0,0,0,0,0,0,0.0,0.0,0.0,0.0,0,0,0,0,0,0.0,0.0,0.0,0.0,44,-2692,80631,2685,5377,599,FWD,Dane Scarlett,Spurs
83,64,13,0,True,2025-10-05T15:30:00Z,0.0,1.0,7,False,22,0,0,0,0,0,0,0,1,0,0,0,-1,0.0,0.0,2.0,0.0,0,0,0,0,0,0.0,0.0,0.0,0.0,60,-13438,61811,1934,15372,83,MID,Dango Ouattara,Brentford
99,63,10,0,True,2025-10-03T19:00:00Z,3.0,1.0,7,False,0,0,0,0,0,0,0,0,0,0,0,0,0,0.0,0.0,0.0,0.0,0,0,0,0,0,0.0,0.0,0.0,0.0,44,-4134,30410,0,4134,99,FWD,Daniel Adu-Adjei,Bournemouth
531,68,14,3,False,2025-10-04T14:00:00Z,2.0,0.0,7,False,53,0,0,0,0,0,0,0,0,0,0,0,12,36.8,0.5,7.0,4.4,16,2,3,19,0,0.17,0.0,0.17,0.63,46,-15605,289236,5292,20897,531,DEF,Daniel Ballard,Sunderland
629,70,6,0,True,2025-10-05T13:00:00Z,1.0,1.0,7,False,0,0,0,0,0,0,0,0,0,0,0,0,0,0.0,0.0,0.0,0.0,0,0,0,0,0,0.0,0.0,0.0,0.0,40,-2038,78857,671,2709,629,GKP,Daniel Bentley,Wolves
353,67,18,0,True,2025-10-04T11:30:00Z,1.0,2.0,7,False,0,0,0,0,0,0,0,0,0,0,0,0,0,0.0,0.0,0.0,0.0,0,0,0,0,0,0.0,0.0,0.0,0.0,53,-2731,19312,209,2940,353,MID,Daniel James,Leeds
256,66,9,8,False,2025-10-05T13:00:00Z,2.0,1.0,7,False,90,1,0,0,2,0,0,0,1,0,0,0,20,56.0,1.3,21.0,7.8,9,7,7,16,1,0.11,0.02,0.13,2.03,56,-10284,1494167,79290,89574,256,DEF,Daniel Muñoz Mejía,Crystal Palace
178,70,20,1,False,2025-10-05T13:00:00Z,1.0,1.0,7,False,90,0,0,0,1,0,0,0,1,0,0,0,-3,0.0,13.4,4.0,1.7,2,1,0,3,1,0.0,0.02,0.02,0.56,63,63558,290829,82321,18763,178,FWD,Danny Welbeck,Brighton
476,69,16,11,True,2025-10-05T13:00:00Z,2.0,0.0,7,False,90,0,1,1,0,0,0,0,0,0,0,2,32,24.0,11.3,2.0,3.7,3,4,1,4,1,0.0,0.01,0.01,0.29,50,129182,875663,164015,34833,476,DEF,Dan Burn,Newcastle
669,69,15,2,False,2025-10-05T13:00:00Z,2.0,0.0,7,False,64,0,0,0,1,0,0,0,0,0,0,0,11,8.8,25.1,2.0,3.6,1,5,1,7,1,0.0,0.06,0.06,1.03,60,-79137,265722,3973,83110,669,MID,Dan Ndoye,Nott'm Forest
549,68,14,0,False,2025-10-04T14:00:00Z,2.0,0.0,7,False,0,0,0,0,0,0,0,0,0,0,0,0,0,0.0,0.0,0.0,0.0,0,0,0,0,0,0.0,0.0,0.0,0.0,49,-74,3647,95,169,549,MID,Dan Neil,Sunderland
204,62,2,0,False,2025-10-05T13:00:00Z,2.0,1.0,7,False,0,0,0,0,0,0,0,0,0,0,0,0,0,0.0,0.0,0.0,0.0,0,0,0,0,0,0.0,0.0,0.0,0.0,49,-54,1881,0,54,204,MID,Darko Churlinov,Burnley
361,67,18,0,True,2025-10-04T11:30:00Z,1.0,2.0,7,False,0,0,0,0,0,0,0,0,0,0,0,0,0,0.0,0.0,0.0,0.0,0,0,0,0,0,0.0,0.0,0.0,0.0,45,-394,4662,0,394,361,MID,Darko Gyabi,Leeds
397,65,7,0,False,2025-10-04T16:30:00Z,2.0,1.0,7,False,0,0,0,0,0,0,0,0,0,0,0,0,0,0.0,0.0,0.0,0.0,0,0,0,0,0,0.0,0.0,0.0,0.0,65,-159,8735,0,159,397,FWD,Darwin Núñez Ribeiro,Liverpool
86,63,10,2,True,2025-10-03T19:00:00Z,3.0,1.0,7,False,84,0,0,0,1,0,0,0,0,0,0,0,11,4.2,7.0,4.0,1.5,1,2,0,3,1,0.0,0.02,0.02,0.64,50,-3947,44045,1925,5872,86,MID,David Brooks,Bournemouth
509,69,15,0,False,2025-10-05T13:00:00Z,2.0,0.0,7,False,0,0,0,0,0,0,0,0,0,0,0,0,0,0.0,0.0,0.0,0.0,0,0,0,0,0,0.0,0.0,0.0,0.0,45,-184,3316,0,184,509,DEF,David Mota Veiga Teixeira do Carmo,Nott'm Forest
682,70,6,1,True,2025-10-05T13:00:00Z,1.0,1.0,7,False,13,0,0,0,1,0,0,0,0,0,0,0,-1,2.2,0.3,0.0,0.3,1,0,0,1,0,0.0,0.0,0.0,0.21,44,-546,8172,73,619,682,DEF,David Møller Wolfe,Wolves
280,66,9,0,False,2025-10-05T13:00:00Z,2.0,1.0,7,False,0,0,0,0,0,0,0,0,0,0,0,0,0,0.0,0.0,0.0,0.0,0,0,0,0,0,0.0,0.0,0.0,0.0,45,-6,180,0,6,280,MID,David Ozoh,Crystal Palace
1,61,19,6,True,2025-10-04T14:00:00Z,2.0,0.0,7,False,90,0,0,1,0,0,0,0,0,0,0,0,20,3.2,0.0,0.0,0.3,0,8,0,0,1,0.0,0.0,0.0,0.49,56,212315,3297838,287510,75195,1,GKP,David Raya Martín,Arsenal
253,66,9,2,False,2025-10-05T13:00:00Z,2.0,1.0,7,False,90,0,0,0,2,0,0,0,0,0,5,0,18,42.4,0.0,0.0,4.2,0,15,0,0,1,0.0,0.0,0.0,2.03,50,29369,961958,60621,31252,253,GKP,Dean Henderson,Crystal Palace
21,61,19,11,True,2025-10-04T14:00:00Z,2.0,0.0,7,False,78,1,0,1,0,0,0,0,0,0,0,3,45,45.6,40.4,23.0,10.9,2,3,0,5,1,0.32,0.12,0.44,0.36,65,62858,1033670,106096,43238,21,MID,Declan Rice,Arsenal
583,67,11,0,False,2025-10-04T11:30:00Z,1.0,2.0,7,False,0,0,0,0,0,0,0,0,0,0,0,0,0,0.0,0.0,0.0,0.0,0,0,0,0,0,0.0,0.0,0.0,0.0,64,-19,1478,41,60,583,MID,Dejan Kulusevski,Spurs
535,68,14,0,False,2025-10-04T14:00:00Z,2.0,0.0,7,False,0,0,0,0,0,0,0,0,0,0,0,0,0,0.0,0.0,0.0,0.0,0,0,0,0,0,0.0,0.0,0.0,0.0,40,-83,1743,33,116,535,DEF,Dennis Cirkin,Sunderland
435,68,17,0,True,2025-10-04T14:00:00Z,2.0,0.0,7,False,0,0,0,0,0,0,0,0,0,0,0,0,0,0.0,0.0,0.0,0.0,0,0,0,0,0,0.0,0.0,0.0,0.0,40,-296,12500,149,445,435,GKP,Dermot Mee,Man Utd
574,67,11,2,False,2025-10-04T11:30:00Z,1.0,2.0,7,False,90,0,0,0,1,0,0,0,0,0,0,0,12,16.0,13.0,8.0,3.7,3,5,1,4,1,0.0,0.07,0.07,1.68,44,1953,68539,5734,3781,574,DEF,Destiny Udogie,Spurs
144,70,20,0,False,2025-10-05T13:00:00Z,1.0,1.0,7,False,0,0,0,0,0,0,0,0,0,0,0,0,0,0.0,0.0,0.0,0.0,0,0,0,0,0,0.0,0.0,0.0,0.0,44,-162,6448,187,349,144,DEF,Diego Coppola,Brighton
169,70,20,2,False,2025-10-05T13:00:00Z,1.0,1.0,7,False,76,0,0,0,1,0,0,0,0,0,0,0,8,12.4,1.3,17.0,3.1,2,1,5,8,1,0.13,0.01,0.14,0.56,49,979,13928,2042,1063,169,MID,Diego Gómez Amarilla,Brighton
439,68,17,0,True,2025-10-04T14:00:00Z,2.0,0.0,7,False,0,0,0,0,0,0,0,0,0,0,0,0,0,0.0,0.0,0.0,0.0,0,0,0,0,0,0.0,0.0,0.0,0.0,43,-179,6987,270,449,439,DEF,Diego León Blanco,Man Utd
734,69,15,1,False,2025-10-05T13:00:00Z,2.0,0.0,7,False,13,0,0,0,1,0,0,0,0,0,0,0,4,2.6,13.2,4.0,2.0,0,0,0,0,0,0.0,0.03,0.03,1.85,60,-112,1922,272,384,734,MID,Dilane Bakwa,Nott'm Forest
440,68,17,9,True,2025-10-04T14:00:00Z,2.0,0.0,7,False,63,0,1,1,0,0,0,0,0,0,0,0,27,4.2,6.4,8.0,1.9,3,2,1,4,1,0.05,0.03,0.08,0.37,44,-2131,113864,3646,5777,440,DEF,Diogo Dalot Teixeira,Man Utd
739,64,5,0,False,2025-10-05T15:30:00Z,0.0,1.0,7,False,0,0,0,0,0,0,0,0,0,0,0,0,0,0.0,0.0,0.0,0.0,0,0,0,0,0,0.0,0.0,0.0,0.0,45,101,1845,342,241,739,MID,Divine Mukasa,Man City
573,67,11,0,False,2025-10-04T11:30:00Z,1.0,2.0,7,False,0,0,0,0,0,0,0,0,0,0,0,0,0,0.0,0.0,0.0,0.0,0,0,0,0,0,0.0,0.0,0.0,0.0,45,-13880,266730,6731,20611,573,DEF,Djed Spence,Spurs
691,67,18,2,True,2025-10-04T11:30:00Z,1.0,2.0,7,False,90,0,0,0,2,0,0,0,0,0,0,0,1,6.8,38.3,27.0,7.2,1,2,0,3,1,0.15,0.32,0.47,0.53,55,30712,125301,49428,18716,691,FWD,Dominic Calvert-Lewin,Leeds
94,63,10,0,True,2025-10-03T19:00:00Z,3.0,1.0,7,False,0,0,0,0,0,0,0,0,0,0,0,0,0,0.0,0.0,0.0,0.0,0,0,0,0,0,0.0,0.0,0.0,0.0,45,-850,6272,0,850,94,MID,Dominic Sadi,Bournemouth
596,67,11,0,False,2025-10-04T11:30:00Z,1.0,2.0,7,False,0,0,0,0,0,0,0,0,0,0,0,0,0,0.0,0.0,0.0,0.0,0,0,0,0,0,0.0,0.0,0.0,0.0,72,-9913,132499,147,10060,596,FWD,Dominic Solanke-Mitchell,Spurs
387,65,7,1,False,2025-10-04T16:30:00Z,2.0,1.0,7,False,90,0,0,0,2,0,0,0,1,0,0,0,8,12.0,6.8,10.0,2.9,3,3,4,10,1,0.56,0.03,0.59,1.0,65,-3684,467789,39087,42771,387,MID,Dominik Szoboszlai,Liverpool
53,62,3,15,True,2025-10-05T13:00:00Z,2.0,1.0,7,False,83,2,0,0,1,0,0,0,0,0,0,3,46,71.8,22.3,45.0,13.9,0,2,1,3,1,0.49,0.04,0.53,0.39,51,-5586,67137,3046,8632,53,MID,Donyell Malen,Aston Villa
699,69,15,0,False,2025-10-05T13:00:00Z,2.0,0.0,7,False,0,0,0,0,0,0,0,0,0,0,0,0,0,0.0,0.0,0.0,0.0,0,0,0,0,0,0.0,0.0,0.0,0.0,50,-1772,6337,34,1806,699,MID,Douglas Luiz Soares de Paulo,Aston Villa
300,66,8,0,True,2025-10-05T13:00:00Z,2.0,1.0,7,False,0,0,0,0,0,0,0,0,0,0,0,0,0,0.0,0.0,0.0,0.0,0,0,0,0,0,0.0,0.0,0.0,0.0,56,-1170,16866,461,1631,300,MID,Dwight McNeil,Everton
247,65,12,0,True,2025-10-04T16:30:00Z,2.0,1.0,7,False,0,0,0,0,0,0,0,0,0,0,0,0,0,0.0,0.0,0.0,0.0,0,0,0,0,0,0.0,0.0,0.0,0.0,44,-256,5054,128,384,247,MID,Dário Luís Essugo,Chelsea
266,61,19,6,True,2025-10-04T14:00:00Z,2.0,0.0,7,False,78,0,1,1,0,0,0,0,0,0,0,0,22,5.6,6.8,35.0,4.7,1,2,2,5,1,0.49,0.05,0.54,0.36,76,123093,1613380,213289,90196,266,MID,Eberechi Eze,Arsenal
284,66,9,1,False,2025-10-05T13:00:00Z,2.0,1.0,7,False,20,0,0,0,2,0,0,0,0,0,0,0,2,0.0,0.1,0.0,0.0,0,1,0,1,0,0.0,0.0,0.0,1.6,54,17964,44999,20870,2906,284,FWD,Eddie Nketiah,Crystal Palace
399,64,5,0,False,2025-10-05T15:30:00Z,0.0,1.0,7,False,0,0,0,0,0,0,0,0,0,0,0,0,0,0.0,0.0,0.0,0.0,0,0,0,0,0,0.0,0.0,0.0,0.0,53,-8667,131406,0,8667,399,GKP,Ederson Santana de Moraes,Man City
616,61,1,0,False,2025-10-04T14:00:00Z,2.0,0.0,7,False,0,0,0,0,0,0,0,0,0,0,0,0,0,0.0,0.0,0.0,0.0,0,0,0,0,0,0.0,0.0,0.0,0.0,49,-383,7346,0,383,616,MID,Edson Álvarez Velázquez,West Ham
154,70,20,0,False,2025-10-05T13:00:00Z,1.0,1.0,7,False,0,0,0,0,0,0,0,0,0,0,0,0,0,0.0,0.0,0.0,0.0,0,0,0,0,0,0.0,0.0,0.0,0.0,40,-33,752,0,33,154,DEF,Eiran Cashin,Brighton
561,68,14,1,False,2025-10-04T14:00:00Z,2.0,0.0,7,False,32,0,0,0,0,0,0,0,0,0,0,0,5,1.6,11.5,5.0,1.8,0,0,0,0,0,0.08,0.06,0.14,0.45,55,-17635,116365,2165,19800,561,FWD,Eliezer Mayenda Dossou,Sunderland
705,66,8,0,True,2025-10-05T13:00:00Z,2.0,1.0,7,False,0,0,0,0,0,0,0,0,0,0,0,0,0,0.0,0.0,0.0,0.0,0,0,0,0,0,0.0,0.0,0.0,0.0,40,-509,19536,472,981,705,DEF,Elijah Campbell,Everton
102,64,13,0,True,2025-10-05T15:30:00Z,0.0,1.0,7,False,0,0,0,0,0,0,0,0,0,0,0,0,0,0.0,0.0,0.0,0.0,0,0,0,0,0,0.0,0.0,0.0,0.0,40,-985,36000,538,1523,102,GKP,Ellery Balcombe,Brentford
517,69,15,1,False,2025-10-05T13:00:00Z,2.0,0.0,7,False,90,0,0,0,2,0,0,0,1,0,0,0,14,5.4,10.7,0.0,1.6,0,8,2,10,1,0.0,0.03,0.03,3.28,54,-60387,493389,7997,68384,517,MID,Elliot Anderson,Nott'm Forest
433,68,17,0,True,2025-10-04T14:00:00Z,2.0,0.0,7,False,0,0,0,0,0,0,0,0,0,0,0,0,0,0.0,0.0,0.0,0.0,0,0,0,0,0,0.0,0.0,0.0,0.0,40,-6,250,0,6,433,GKP,Elyh Harrison,Man Utd
603,61,1,3,False,2025-10-04T14:00:00Z,2.0,0.0,7,False,90,0,0,0,2,0,0,0,0,0,0,0,0,21.8,11.5,0.0,3.3,13,2,0,13,1,0.0,0.03,0.03,2.77,44,-18661,441606,24926,43587,603,DEF,El Hadji Malick Diouf,West Ham
604,61,1,0,False,2025-10-04T14:00:00Z,2.0,0.0,7,False,0,0,0,0,0,0,0,0,0,0,0,0,0,0.0,0.0,0.0,0.0,0,0,0,0,0,0.0,0.0,0.0,0.0,44,-809,9338,0,809,604,DEF,Emerson Palmieri dos Santos,West Ham
325,63,4,1,False,2025-10-03T19:00:00Z,3.0,1.0,7,False,4,0,0,0,1,0,0,0,0,0,0,0,3,0.6,2.3,0.0,0.3,0,0,0,0,0,0.0,0.01,0.01,0.52,58,-5794,68553,1666,7460,325,MID,Emile Smith Rowe,Fulham
50,62,3,0,True,2025-10-05T13:00:00Z,2.0,1.0,7,False,33,0,0,0,1,0,0,0,1,0,0,0,-1,1.4,0.3,2.0,0.4,2,1,1,4,0,0.0,0.07,0.07,0.33,53,13516,25864,15022,1506,50,MID,Emiliano Buendía Stati,Aston Villa
32,62,3,1,True,2025-10-05T13:00:00Z,2.0,1.0,7,False,90,0,0,0,1,0,0,0,1,0,1,0,9,11.4,0.0,0.0,1.1,1,8,0,0,1,0.0,0.0,0.0,0.42,50,3927,267044,23536,19609,32,GKP,Emiliano Martínez Romero,Aston Villa
479,69,16,0,True,2025-10-05T13:00:00Z,2.0,0.0,7,False,0,0,0,0,0,0,0,0,0,0,0,0,0,0.0,0.0,0.0,0.0,0,0,0,0,0,0.0,0.0,0.0,0.0,44,-127,5469,102,229,479,DEF,Emil Krafth,Newcastle
631,70,6,1,True,2025-10-05T13:00:00Z,1.0,1.0,7,False,30,0,0,0,1,0,0,0,0,0,0,0,4,15.4,1.1,0.0,1.7,6,3,1,7,0,0.0,0.0,0.0,0.45,45,-2859,31699,871,3730,631,DEF,Emmanuel Agbadou,Wolves
392,65,7,1,False,2025-10-04T16:30:00Z,2.0,1.0,7,False,4,0,0,0,1,0,0,0,0,0,0,0,4,4.2,0.2,0.0,0.4,1,0,1,2,0,0.0,0.0,0.0,0.73,49,-391,12354,411,802,392,MID,Endo Wataru,Liverpool
98,63,10,0,True,2025-10-03T19:00:00Z,3.0,1.0,7,False,0,0,0,0,0,0,0,0,0,0,0,0,0,0.0,0.0,0.0,0.0,0,0,0,0,0,0.0,0.0,0.0,0.0,54,-36,1222,38,74,98,FWD,Enes Ünal,Bournemouth
203,62,2,0,False,2025-10-05T13:00:00Z,2.0,1.0,7,False,0,0,0,0,0,0,0,0,0,0,0,0,0,0.0,0.0,0.0,0.0,0,0,0,0,0,0.0,0.0,0.0,0.0,48,-148,5244,151,299,203,MID,Enock Agyei,Burnley
652,70,6,0,True,2025-10-05T13:00:00Z,1.0,1.0,7,False,0,0,0,0,0,0,0,0,0,0,0,0,0,0.0,0.0,0.0,0.0,0,0,0,0,0,0.0,0.0,0.0,0.0,44,-5553,198447,7995,13548,652,MID,Enso González Medina,Wolves
56,62,3,0,True,2025-10-05T13:00:00Z,2.0,1.0,7,False,0,0,0,0,0,0,0,0,0,0,0,0,0,0.0,0.0,0.0,0.0,0,0,0,0,0,0.0,0.0,0.0,0.0,50,0,52,0,0,56,MID,Enzo Barrenechea,Aston Villa
237,65,12,2,True,2025-10-04T16:30:00Z,2.0,1.0,7,False,90,0,0,0,1,0,0,0,0,0,0,0,7,13.2,14.8,23.0,5.1,1,6,4,11,1,0.35,0.03,0.38,1.95,67,154108,1706221,240220,86112,237,MID,Enzo Fernández,Chelsea
547,68,14,2,False,2025-10-04T14:00:00Z,2.0,0.0,7,False,90,0,0,0,2,0,0,0,0,0,0,0,6,2.4,9.0,4.0,1.5,0,7,1,8,1,0.0,0.01,0.01,1.84,49,-1052,50547,3407,4459,547,MID,Enzo Le Fée,Sunderland
523,69,15,0,False,2025-10-05T13:00:00Z,2.0,0.0,7,False,0,0,0,0,0,0,0,0,0,0,0,0,0,0.0,0.0,0.0,0.0,0,0,0,0,0,0.0,0.0,0.0,0.0,45,-746,9302,0,746,523,MID,Eric da Silva Moreira,Nott'm Forest
430,64,5,8,False,2025-10-05T15:30:00Z,0.0,1.0,7,False,90,1,0,1,0,0,0,0,0,0,0,2,36,35.4,3.4,23.0,6.2,2,0,0,2,1,0.29,0.01,0.3,0.83,144,1031965,7060510,1038671,6706,430,FWD,Erling Haaland,Man City
238,65,12,8,True,2025-10-04T16:30:00Z,2.0,1.0,7,False,15,1,0,0,0,0,0,0,0,0,0,2,33,46.4,33.5,52.0,13.2,1,3,1,5,0,0.41,0.18,0.59,0.41,65,-20690,210523,5480,26170,238,MID,Estêvão Almeida de Oliveira Gonçalves,Chelsea
354,67,18,3,True,2025-10-04T11:30:00Z,1.0,2.0,7,False,90,0,0,0,2,0,0,0,1,0,0,0,16,20.0,23.1,2.0,4.5,6,5,2,13,1,0.0,0.06,0.06,0.53,49,161,8377,1011,850,354,MID,Ethan Ampadu,Leeds
25,61,19,1,True,2025-10-04T14:00:00Z,2.0,0.0,7,False,15,0,0,0,0,0,0,0,0,0,0,0,1,0.0,1.1,1.0,0.1,0,0,0,0,0,0.02,0.04,0.06,0.13,53,-1316,20638,717,2033,25,MID,Ethan Nwaneri,Arsenal
111,64,13,0,True,2025-10-05T15:30:00Z,0.0,1.0,7,False,0,0,0,0,0,0,0,0,0,0,0,0,0,0.0,0.0,0.0,0.0,0,0,0,0,0,0.0,0.0,0.0,0.0,44,-997,15900,417,1414,111,DEF,Ethan Pinnock,Brentford
468,68,17,0,True,2025-10-04T14:00:00Z,2.0,0.0,7,False,0,0,0,0,0,0,0,0,0,0,0,0,0,0.0,0.0,0.0,0.0,0,0,0,0,0,0.0,0.0,0.0,0.0,45,-1269,13930,0,1269,468,FWD,Ethan Wheatley,Man Utd
184,62,2,0,False,2025-10-05T13:00:00Z,2.0,1.0,7,False,0,0,0,0,0,0,0,0,0,0,0,0,0,0.0,0.0,0.0,0.0,0,0,0,0,0,0.0,0.0,0.0,0.0,40,-2173,33143,0,2173,184,GKP,Etienne Green,Burnley
677,62,3,1,True,2025-10-05T13:00:00Z,2.0,1.0,7,False,23,0,0,0,1,0,0,0,0,0,0,0,3,5.0,0.8,6.0,1.2,0,2,2,4,0,0.0,0.17,0.17,0.33,63,258,5567,784,526,677,MID,Evann Guessand,Crystal Palace
179,70,20,0,False,2025-10-05T13:00:00Z,1.0,1.0,7,False,0,0,0,0,0,0,0,0,0,0,0,0,0,0.0,0.0,0.0,0.0,0,0,0,0,0,0.0,0.0,0.0,0.0,55,-38,1064,0,38,179,FWD,Evan Ferguson,Brighton
38,62,3,2,True,2025-10-05T13:00:00Z,2.0,1.0,7,False,90,0,0,0,1,0,0,0,0,0,0,0,15,15.8,1.1,19.0,3.6,3,4,0,3,1,0.04,0.01,0.05,0.42,45,-68096,1313722,21254,89350,38,DEF,Ezri Konsa Ngoyo,Aston Villa
474,69,16,0,True,2025-10-05T13:00:00Z,2.0,0.0,7,False,0,0,0,0,0,0,0,0,0,0,0,0,0,0.0,0.0,0.0,0.0,0,0,0,0,0,0.0,0.0,0.0,0.0,54,-14698,241223,10855,25553,474,DEF,Fabian Schär,Newcastle
168,65,12,0,True,2025-10-04T16:30:00Z,2.0,1.0,7,False,0,0,0,0,0,0,0,0,0,0,0,0,0,0.0,0.0,0.0,0.0,0,0,0,0,0,0.0,0.0,0.0,0.0,48,-395,12964,829,1224,168,MID,Facundo Buonanotte,Leeds
385,65,7,0,False,2025-10-04T16:30:00Z,2.0,1.0,7,False,0,0,0,0,0,0,0,0,0,0,0,0,0,0.0,0.0,0.0,0.0,0,0,0,0,0,0.0,0.0,0.0,0.0,64,4108,41496,7283,3175,385,MID,Federico Chiesa,Liverpool
511,69,15,3,False,2025-10-05T13:00:00Z,2.0,0.0,7,False,76,0,0,0,1,0,0,0,1,0,0,0,9,24.4,0.4,0.0,2.5,13,4,1,14,1,0.0,0.01,0.01,1.43,44,-483,9893,179,662,511,DEF,Felipe Rodrigues da Silva,Nott'm Forest
148,70,20,2,False,2025-10-05T13:00:00Z,1.0,1.0,7,False,90,0,0,0,1,0,0,0,0,0,0,0,13,14.0,8.9,17.0,4.0,2,4,1,3,1,0.11,0.06,0.17,0.56,44,587,17921,1614,1027,148,DEF,Ferdi Kadıoğlu,Brighton
645,70,6,0,True,2025-10-05T13:00:00Z,1.0,1.0,7,False,0,0,0,0,0,0,0,0,0,0,0,0,0,0.0,0.0,0.0,0.0,0,0,0,0,0,0.0,0.0,0.0,0.0,53,-173,3805,55,228,645,MID,Fer López González,Wolves
221,65,12,0,True,2025-10-04T16:30:00Z,2.0,1.0,7,False,0,0,0,0,0,0,0,0,0,0,0,0,0,0.0,0.0,0.0,0.0,0,0,0,0,0,0.0,0.0,0.0,0.0,44,-2138,23633,438,2576,221,GKP,Filip Jörgensen,Chelsea
35,62,3,0,True,2025-10-05T13:00:00Z,2.0,1.0,7,False,0,0,0,0,0,0,0,0,0,0,0,0,0,0.0,0.0,0.0,0.0,0,0,0,0,0,0.0,0.0,0.0,0.0,40,-68,1445,0,68,35,GKP,Filip Marschall,Aston Villa
722,62,2,4,False,2025-10-05T13:00:00Z,2.0,1.0,7,False,90,0,0,0,2,0,0,0,0,0,0,0,19,20.2,12.6,0.0,3.3,3,4,5,12,1,0.0,0.02,0.02,1.37,50,132,1178,245,113,722,MID,Florentino Ibrain Morris Luís,Burnley
382,65,7,1,False,2025-10-04T16:30:00Z,2.0,1.0,7,False,45,0,0,0,1,0,0,0,0,0,0,0,7,8.2,12.3,4.0,2.5,1,2,2,5,0,0.0,0.1,0.1,0.89,82,-215217,1172817,12120,227337,382,MID,Florian Wirtz,Liverpool
97,63,10,2,True,2025-10-03T19:00:00Z,3.0,1.0,7,False,90,0,0,0,1,0,0,0,0,0,0,0,10,3.2,12.8,32.0,4.8,0,4,0,4,1,0.27,0.04,0.31,0.88,70,-30906,388234,35548,66454,97,FWD,Francisco Evanilson de Lima Barbosa,Bournemouth
282,66,9,0,False,2025-10-05T13:00:00Z,2.0,1.0,7,False,0,0,0,0,0,0,0,0,0,0,0,0,0,0.0,0.0,0.0,0.0,0,0,0,0,0,0.0,0.0,0.0,0.0,45,-274,2829,0,274,282,MID,Franco Umeh-Chibueze,Crystal Palace
128,64,13,1,True,2025-10-05T15:30:00Z,0.0,1.0,7,False,17,0,0,0,0,0,0,0,0,0,0,0,3,2.6,0.9,0.0,0.4,0,1,1,2,0,0.0,0.0,0.0,0.0,50,-248,7029,175,423,128,MID,Frank Onyeka,Brentford
623,61,1,1,False,2025-10-04T14:00:00Z,2.0,0.0,7,False,29,0,0,0,1,0,0,0,0,0,0,0,3,1.6,0.2,0.0,0.2,1,0,0,1,0,0.0,0.0,0.0,0.96,44,-1848,85190,4602,6450,623,MID,Freddie Potts,West Ham
369,65,7,0,False,2025-10-04T16:30:00Z,2.0,1.0,7,False,0,0,0,0,0,0,0,0,0,0,0,0,0,0.0,0.0,0.0,0.0,0,0,0,0,0,0.0,0.0,0.0,0.0,39,5294,20812,6286,992,369,GKP,Freddie Woodman,Liverpool
23,61,19,0,True,2025-10-04T14:00:00Z,2.0,0.0,7,False,0,0,0,0,0,0,0,0,0,0,0,0,0,0.0,0.0,0.0,0.0,0,0,0,0,0,0.0,0.0,0.0,0.0,54,-133,2899,0,133,23,MID,Fábio Ferreira Vieira,Arsenal
123,64,13,1,True,2025-10-05T15:30:00Z,0.0,1.0,7,False,1,0,0,0,0,0,0,0,0,0,0,0,3,0.0,0.0,0.0,0.0,0,0,0,0,0,0.0,0.0,0.0,0.0,49,-2616,31444,1432,4048,123,MID,Fábio Freitas Gouveia Carvalho,Brentford
655,70,6,0,True,2025-10-05T13:00:00Z,1.0,1.0,7,False,0,0,0,0,0,0,0,0,0,0,0,0,0,0.0,0.0,0.0,0.0,0,0,0,0,0,0.0,0.0,0.0,0.0,49,-2173,28442,0,2173,655,FWD,Fábio Soares Silva,Wolves
5,61,19,9,True,2025-10-04T14:00:00Z,2.0,0.0,7,False,90,0,0,1,0,0,0,0,0,0,0,1,33,24.6,2.0,2.0,2.9,10,0,2,12,1,0.0,0.03,0.03,0.49,62,504651,3404817,596289,91638,5,DEF,Gabriel dos Santos Magalhães,Arsenal
31,61,19,0,True,2025-10-04T14:00:00Z,2.0,0.0,7,False,0,0,0,0,0,0,0,0,0,0,0,0,0,0.0,0.0,0.0,0.0,0,0,0,0,0,0.0,0.0,0.0,0.0,64,-101,4680,84,185,31,FWD,Gabriel Fernando de Jesus,Arsenal
347,67,18,1,True,2025-10-04T11:30:00Z,1.0,2.0,7,False,78,0,0,0,2,0,0,0,0,0,0,0,5,12.2,5.2,0.0,1.7,5,7,3,8,1,0.0,0.01,0.01,0.5,40,-10048,685172,23399,33447,347,DEF,Gabriel Gudmundsson,Leeds
19,61,19,1,True,2025-10-04T14:00:00Z,2.0,0.0,7,False,11,0,0,0,0,0,0,0,0,0,0,0,3,2.0,14.0,2.0,1.8,1,1,0,2,0,0.0,0.06,0.06,0.13,69,11827,149452,21805,9978,19,MID,Gabriel Martinelli Silva,Arsenal
223,65,12,0,True,2025-10-04T16:30:00Z,2.0,1.0,7,False,0,0,0,0,0,0,0,0,0,0,0,0,0,0.0,0.0,0.0,0.0,0,0,0,0,0,0.0,0.0,0.0,0.0,40,-141,12522,364,505,223,GKP,Gabriel Słonina,Chelsea
496,69,16,0,True,2025-10-05T13:00:00Z,2.0,0.0,7,False,0,0,0,0,0,0,0,0,0,0,0,0,0,0.0,0.0,0.0,0.0,0,0,0,0,0,0.0,0.0,0.0,0.0,44,-748,6306,0,748,496,MID,Garang Kuol,Newcastle
620,61,1,0,False,2025-10-04T14:00:00Z,2.0,0.0,7,False,0,0,0,0,0,0,0,0,0,0,0,0,0,0.0,0.0,0.0,0.0,0,0,0,0,0,0.0,0.0,0.0,0.0,45,-169,7390,391,560,620,MID,George Earthy,West Ham
158,70,20,1,False,2025-10-05T13:00:00Z,1.0,1.0,7,False,45,0,0,0,0,0,0,0,0,0,0,0,1,2.0,0.8,26.0,2.9,1,1,0,2,0,0.2,0.01,0.21,0.35,58,-3882,53682,2979,6861,158,MID,Georginio Rutter,Brighton
736,64,5,6,False,2025-10-05T15:30:00Z,0.0,1.0,7,False,90,0,0,1,0,0,0,0,0,0,1,0,23,12.0,0.0,0.0,1.2,1,7,0,0,1,0.0,0.0,0.0,0.83,56,96091,1022288,149974,53883,736,GKP,Gianluigi Donnarumma,Man City
367,65,7,2,False,2025-10-04T16:30:00Z,2.0,1.0,7,False,90,0,0,0,2,0,0,0,0,0,4,0,16,31.2,0.0,0.0,3.1,3,13,0,0,1,0.0,0.0,0.0,1.0,43,28770,73644,33466,4696,367,GKP,Giorgi Mamardashvili,Liverpool
692,65,7,0,False,2025-10-04T16:30:00Z,2.0,1.0,7,False,0,0,0,0,0,0,0,0,0,0,0,0,0,0.0,0.0,0.0,0.0,0,0,0,0,0,0.0,0.0,0.0,0.0,50,-187,1917,40,227,692,DEF,Giovanni Leoni,Liverpool
647,70,6,0,True,2025-10-05T13:00:00Z,1.0,1.0,7,False,0,0,0,0,0,0,0,0,0,0,0,0,0,0.0,0.0,0.0,0.0,0,0,0,0,0,0.0,0.0,0.0,0.0,55,-14,452,0,14,647,MID,Gonçalo Manuel Ganchinho Guedes,Wolves
668,68,14,3,False,2025-10-04T14:00:00Z,2.0,0.0,7,False,90,0,0,0,2,0,0,0,1,0,0,0,18,19.0,20.3,7.0,4.6,5,8,0,13,1,0.02,0.09,0.11,1.84,50,98370,459044,117307,18937,668,MID,Granit Xhaka,Sunderland
565,67,11,3,False,2025-10-04T11:30:00Z,1.0,2.0,7,False,90,0,0,0,1,0,0,0,0,0,3,0,13,26.8,0.0,0.0,2.7,0,5,0,0,1,0.0,0.0,0.0,1.68,51,-8411,1481098,61842,70253,565,GKP,Guglielmo Vicario,Spurs
618,61,1,0,False,2025-10-04T14:00:00Z,2.0,0.0,7,False,0,0,0,0,0,0,0,0,0,0,0,0,0,0.0,0.0,0.0,0.0,0,0,0,0,0,0.0,0.0,0.0,0.0,49,-130,5601,107,237,618,MID,Guido Rodríguez,West Ham
127,64,13,0,True,2025-10-05T15:30:00Z,0.0,1.0,7,False,0,0,0,0,0,0,0,0,0,0,0,0,0,0.0,0.0,0.0,0.0,0,0,0,0,0,0.0,0.0,0.0,0.0,49,-26,717,6,32,127,MID,Gustavo Nunes Fernandes Gomes,Brentford
544,68,14,0,False,2025-10-04T14:00:00Z,2.0,0.0,7,False,0,0,0,0,0,0,0,0,0,0,0,0,0,0.0,0.0,0.0,0.0,0,0,0,0,0,0.0,0.0,0.0,0.0,54,-1874,7143,48,1922,544,MID,Habib Diarra,Sunderland
93,63,10,0,True,2025-10-03T19:00:00Z,3.0,1.0,7,False,0,0,0,0,0,0,0,0,0,0,0,0,0,0.0,0.0,0.0,0.0,0,0,0,0,0,0.0,0.0,0.0,0.0,45,-7858,64080,0,7858,93,MID,Hamed Traorè,Bournemouth
188,62,2,0,False,2025-10-05T13:00:00Z,2.0,1.0,7,False,0,0,0,0,0,0,0,0,0,0,0,0,0,0.0,0.0,0.0,0.0,0,0,0,0,0,0.0,0.0,0.0,0.0,39,-269,31841,1457,1726,188,DEF,Hannes Delcroix,Burnley
207,62,2,0,False,2025-10-05T13:00:00Z,2.0,1.0,7,False,0,0,0,0,0,0,0,0,0,0,0,0,0,0.0,0.0,0.0,0.0,0,0,0,0,0,0.0,0.0,0.0,0.0,49,-945,16659,533,1478,207,MID,Hannibal Mejbri,Burnley
305,66,8,0,True,2025-10-05T13:00:00Z,2.0,1.0,7,False,0,0,0,0,0,0,0,0,0,0,0,0,0,0.0,0.0,0.0,0.0,0,0,0,0,0,0.0,0.0,0.0,0.0,45,-719,8218,0,719,305,MID,Harrison Armstrong,Everton
482,69,16,0,True,2025-10-05T13:00:00Z,2.0,0.0,7,False,0,0,0,0,0,0,0,0,0,0,0,0,0,0.0,0.0,0.0,0.0,0,0,0,0,0,0.0,0.0,0.0,0.0,39,-649,20054,343,992,482,DEF,Harrison Ashby,Newcastle
557,68,14,0,False,2025-10-04T14:00:00Z,2.0,0.0,7,False,0,0,0,0,0,0,0,0,0,0,0,0,0,0.0,0.0,0.0,0.0,0,0,0,0,0,0.0,0.0,0.0,0.0,44,24,7309,467,443,557,MID,Harrison Jones,Sunderland
336,63,4,0,False,2025-10-03T19:00:00Z,3.0,1.0,7,False,0,0,0,0,0,0,0,0,0,0,0,0,0,0.0,0.0,0.0,0.0,0,0,0,0,0,0.0,0.0,0.0,0.0,44,-527,32875,2070,2597,336,MID,Harrison Reed,Fulham
445,68,17,0,True,2025-10-04T14:00:00Z,2.0,0.0,7,False,0,0,0,0,0,0,0,0,0,0,0,0,0,0.0,0.0,0.0,0.0,0,0,0,0,0,0.0,0.0,0.0,0.0,40,-705,11894,0,705,445,DEF,Harry Amass,Man Utd
741,67,18,0,True,2025-10-04T11:30:00Z,1.0,2.0,7,False,0,0,0,0,0,0,0,0,0,0,0,0,0,0.0,0.0,0.0,0.0,0,0,0,0,0,0.0,0.0,0.0,0.0,45,601,8035,2768,2167,741,FWD,Harry Gray,Leeds
442,68,17,1,True,2025-10-04T14:00:00Z,2.0,0.0,7,False,5,0,0,0,0,0,0,0,0,0,0,0,3,0.2,0.0,0.0,0.0,0,0,0,0,0,0.0,0.0,0.0,0.21,44,-967,88407,5407,6374,442,DEF,Harry Maguire,Man Utd
289,66,8,0,True,2025-10-05T13:00:00Z,2.0,1.0,7,False,0,0,0,0,0,0,0,0,0,0,0,0,0,0.0,0.0,0.0,0.0,0,0,0,0,0,0.0,0.0,0.0,0.0,40,-341,14042,147,488,289,GKP,Harry Tyrer,Everton
329,63,4,3,False,2025-10-03T19:00:00Z,3.0,1.0,7,False,66,0,0,1,0,0,0,0,0,0,0,0,12,10.4,16.7,19.0,4.6,1,7,1,9,1,0.02,0.06,0.08,0.45,53,-2662,48260,3028,5690,329,MID,Harry Wilson,Fulham
487,69,16,1,True,2025-10-05T13:00:00Z,2.0,0.0,7,False,20,0,0,0,0,0,0,0,0,0,0,0,2,3.0,0.6,19.0,2.3,0,1,0,1,0,0.31,0.0,0.31,0.13,65,-10739,60437,1648,12387,487,MID,Harvey Barnes,Newcastle
389,62,3,0,True,2025-10-05T13:00:00Z,2.0,1.0,7,False,0,0,0,0,0,0,0,0,0,0,0,0,0,0.0,0.0,0.0,0.0,0,0,0,0,0,0.0,0.0,0.0,0.0,54,-6594,59271,3264,9858,389,MID,Harvey Elliott,Aston Villa
190,62,2,0,False,2025-10-05T13:00:00Z,2.0,1.0,7,False,0,0,0,0,0,0,0,0,0,0,0,0,0,0.0,0.0,0.0,0.0,0,0,0,0,0,0.0,0.0,0.0,0.0,40,-6352,178765,5376,11728,190,DEF,Hjalmar Ekdal,Burnley
633,70,6,8,True,2025-10-05T13:00:00Z,1.0,1.0,7,False,76,0,0,1,0,0,0,0,0,0,0,2,23,16.6,25.2,0.0,4.2,2,1,2,4,1,0.0,0.2,0.2,0.94,44,528,8916,962,434,633,DEF,Hugo Bueno López,Wolves
661,65,7,1,False,2025-10-04T16:30:00Z,2.0,1.0,7,False,16,0,0,0,1,0,0,0,0,0,0,0,3,3.6,0.7,5.0,0.9,1,1,1,3,0,0.14,0.02,0.16,0.83,87,-323653,2136832,86657,410310,661,FWD,Hugo Ekitiké,Liverpool
642,70,6,1,True,2025-10-05T13:00:00Z,1.0,1.0,7,False,59,0,0,0,0,0,0,0,0,0,0,0,5,6.0,5.0,3.0,1.4,2,1,2,5,1,0.07,0.07,0.14,0.71,59,-1984,19764,1232,3216,642,MID,Hwang Hee-chan,Wolves
105,64,13,0,True,2025-10-05T15:30:00Z,0.0,1.0,7,False,0,0,0,0,0,0,0,0,0,0,0,0,0,0.0,0.0,0.0,0.0,0,0,0,0,0,0.0,0.0,0.0,0.0,40,-3832,79595,272,4104,105,GKP,Hákon Rafn Valdimarsson,Brentford
39,62,3,1,True,2025-10-05T13:00:00Z,2.0,1.0,7,False,1,0,0,0,0,0,0,0,0,0,0,0,6,2.0,0.0,0.0,0.2,0,0,1,1,0,0.0,0.0,0.0,0.0,43,-2890,61839,1726,4616,39,DEF,Ian Maatsen,Aston Villa
550,68,14,0,False,2025-10-04T14:00:00Z,2.0,0.0,7,False,0,0,0,0,0,0,0,0,0,0,0,0,0,0.0,0.0,0.0,0.0,0,0,0,0,0,0.0,0.0,0.0,0.0,49,-62,2679,43,105,550,MID,Ian Poveda-Ocampo,Sunderland
374,65,7,1,False,2025-10-04T16:30:00Z,2.0,1.0,7,False,55,0,0,0,1,0,0,0,0,0,0,0,10,8.0,0.5,0.0,0.9,2,0,2,4,1,0.0,0.0,0.0,0.14,55,-5592,422137,27165,32757,374,DEF,Ibrahima Konaté,Liverpool
521,69,15,0,False,2025-10-05T13:00:00Z,2.0,0.0,7,False,0,0,0,0,0,0,0,0,0,0,0,0,0,0.0,0.0,0.0,0.0,0,0,0,0,0,0.0,0.0,0.0,0.0,50,-536,7787,170,706,521,MID,Ibrahim Sangaré,Nott'm Forest
302,66,8,2,True,2025-10-05T13:00:00Z,2.0,1.0,7,False,90,0,0,0,1,0,0,0,0,0,0,0,12,3.8,7.3,0.0,1.1,0,8,1,9,1,0.0,0.13,0.13,1.65,54,533,16919,2217,1684,302,MID,Idrissa Gana Gueye,Everton
526,69,15,1,False,2025-10-05T13:00:00Z,2.0,0.0,7,False,26,0,0,0,1,0,0,0,0,0,0,0,6,6.0,0.4,2.0,0.8,2,1,2,5,0,0.0,0.0,0.0,2.25,58,-5929,89071,9980,15909,526,FWD,Igor Jesus Maciel da Cruz,Nott'm Forest
149,61,1,0,False,2025-10-04T14:00:00Z,2.0,0.0,7,False,0,0,0,0,0,0,0,0,0,0,0,0,0,0.0,0.0,0.0,0.0,0,0,0,0,0,0.0,0.0,0.0,0.0,45,57,7019,429,372,149,DEF,Igor Julio dos Santos de Paulo,Brighton
136,64,13,2,True,2025-10-05T15:30:00Z,0.0,1.0,7,False,67,0,0,0,1,0,0,0,0,0,0,0,7,7.0,2.3,19.0,2.8,1,0,2,3,1,0.67,0.0,0.67,0.83,60,112516,323939,145385,32869,136,FWD,Igor Thiago Nascimento Rodrigues,Brentford
356,67,18,0,True,2025-10-04T11:30:00Z,1.0,2.0,7,False,0,0,0,0,0,0,0,0,0,0,0,0,0,0.0,0.0,0.0,0.0,0,0,0,0,0,0.0,0.0,0.0,0.0,49,-196,4643,106,302,356,MID,Ilia Gruev,Leeds
299,66,8,7,True,2025-10-05T13:00:00Z,2.0,1.0,7,False,90,1,0,0,1,0,0,0,1,0,0,1,22,44.0,21.4,23.0,8.8,2,3,3,8,1,0.79,0.49,1.28,1.41,65,-38209,1312095,65831,104040,299,MID,Iliman Ndiaye,Everton
339,67,18,0,True,2025-10-04T11:30:00Z,1.0,2.0,7,False,0,0,0,0,0,0,0,0,0,0,0,0,0,0.0,0.0,0.0,0.0,0,0,0,0,0,0.0,0.0,0.0,0.0,44,-2981,55244,499,3480,339,GKP,Illan Meslier,Leeds
71,63,10,0,True,2025-10-03T19:00:00Z,3.0,1.0,7,False,0,0,0,0,0,0,0,0,0,0,0,0,0,0.0,0.0,0.0,0.0,0,0,0,0,0,0.0,0.0,0.0,0.0,50,-104,3438,0,104,71,DEF,Illia Zabarnyi,Bournemouth
495,69,16,0,True,2025-10-05T13:00:00Z,2.0,0.0,7,False,0,0,0,0,0,0,0,0,0,0,0,0,0,0.0,0.0,0.0,0.0,0,0,0,0,0,0.0,0.0,0.0,0.0,45,-33,1018,0,33,495,MID,Isaac Hayden,Newcastle
308,66,8,0,True,2025-10-05T13:00:00Z,2.0,1.0,7,False,0,0,0,0,0,0,0,0,0,0,0,0,0,0.0,0.0,0.0,0.0,0,0,0,0,0,0.0,0.0,0.0,0.0,45,-162,2730,0,162,308,MID,Isaac Heath,Everton
349,67,18,0,True,2025-10-04T11:30:00Z,1.0,2.0,7,False,0,0,0,0,0,0,0,0,0,0,0,0,0,0.0,0.0,0.0,0.0,0,0,0,0,0,0.0,0.0,0.0,0.0,40,-803,11580,0,803,349,DEF,Isaac Schmidt,Leeds
267,66,9,7,False,2025-10-05T13:00:00Z,2.0,1.0,7,False,88,0,1,0,1,0,0,0,0,0,0,2,26,35.6,32.1,8.0,7.6,2,1,3,6,1,0.18,0.08,0.26,1.29,64,356745,668297,380670,23925,267,MID,Ismaïla Sarr,Crystal Palace
28,61,19,0,True,2025-10-04T14:00:00Z,2.0,0.0,7,False,0,0,0,0,0,0,0,0,0,0,0,0,0,0.0,0.0,0.0,0.0,0,0,0,0,0,0.0,0.0,0.0,0.0,45,-1481,18099,0,1481,28,MID,Ismeal Kabia,Arsenal
320,63,4,2,False,2025-10-03T19:00:00Z,3.0,1.0,7,False,85,0,0,0,2,0,0,0,1,0,0,0,5,18.2,0.8,0.0,1.9,10,4,2,12,1,0.0,0.01,0.01,0.6,44,-268,8173,187,455,320,DEF,Issa Diop,Fulham
137,64,13,0,True,2025-10-05T15:30:00Z,0.0,1.0,7,False,0,0,0,0,0,0,0,0,0,0,0,0,0,0.0,0.0,0.0,0.0,0,0,0,0,0,0.0,0.0,0.0,0.0,44,-1422,53224,3727,5149,137,FWD,Iwan Morgan,Brentford
695,70,6,4,True,2025-10-05T13:00:00Z,1.0,1.0,7,False,90,0,0,0,1,0,0,0,0,0,0,0,8,19.0,1.0,0.0,2.0,7,8,3,10,1,0.0,0.0,0.0,1.15,45,15,2077,165,150,695,DEF,Jackson Tchatchoua,Wolves
462,68,17,0,True,2025-10-04T14:00:00Z,2.0,0.0,7,False,0,0,0,0,0,0,0,0,0,0,0,0,0,0.0,0.0,0.0,0.0,0,0,0,0,0,0.0,0.0,0.0,0.0,44,-188,6510,204,392,462,MID,Jack Fletcher,Man Utd
419,66,8,10,True,2025-10-05T13:00:00Z,2.0,1.0,7,False,90,1,0,0,1,0,0,0,0,0,0,3,39,45.2,4.3,67.0,11.7,1,6,1,8,1,0.44,0.05,0.49,1.65,69,-140194,2669788,105886,246080,419,MID,Jack Grealish,Everton
352,67,18,1,True,2025-10-04T11:30:00Z,1.0,2.0,7,False,23,0,0,0,0,0,0,0,0,0,0,0,4,2.2,6.8,2.0,1.1,0,2,0,2,0,0.0,0.08,0.08,0.03,53,-551,7796,218,769,352,MID,Jack Harrison,Leeds
163,70,20,0,False,2025-10-05T13:00:00Z,1.0,1.0,7,False,0,0,0,0,0,0,0,0,0,0,0,0,0,0.0,0.0,0.0,0.0,0,0,0,0,0,0.0,0.0,0.0,0.0,52,-640,4470,13,653,163,MID,Jack Hinshelwood,Brighton
464,68,17,0,True,2025-10-04T14:00:00Z,2.0,0.0,7,False,0,0,0,0,0,0,0,0,0,0,0,0,0,0.0,0.0,0.0,0.0,0,0,0,0,0,0.0,0.0,0.0,0.0,45,-269,2903,0,269,464,MID,Jack Moorhouse,Man Utd
202,62,2,1,False,2025-10-05T13:00:00Z,2.0,1.0,7,False,31,0,0,0,1,0,0,0,0,0,0,0,0,0.4,0.5,0.0,0.1,0,1,0,1,0,0.0,0.0,0.0,0.39,53,-84,3546,150,234,202,MID,Jacob Bruun Larsen,Burnley
489,69,16,1,True,2025-10-05T13:00:00Z,2.0,0.0,7,False,20,0,0,0,0,0,0,0,0,0,0,0,15,10.2,27.9,12.0,5.0,0,1,0,1,0,0.19,0.3,0.49,0.13,62,-970,127977,9640,10610,489,MID,Jacob Murphy,Newcastle
52,69,16,0,True,2025-10-05T13:00:00Z,2.0,0.0,7,False,0,0,0,0,0,0,0,0,0,0,0,0,0,0.0,0.0,0.0,0.0,0,0,0,0,0,0.0,0.0,0.0,0.0,53,-2217,25840,140,2357,52,MID,Jacob Ramsey,Newcastle
155,70,20,0,False,2025-10-05T13:00:00Z,1.0,1.0,7,False,0,0,0,0,0,0,0,0,0,0,0,0,0,0.0,0.0,0.0,0.0,0,0,0,0,0,0.0,0.0,0.0,0.0,40,-1656,16699,0,1656,155,DEF,Jacob Slater,Brighton
456,62,3,0,True,2025-10-05T13:00:00Z,2.0,1.0,7,False,0,0,0,0,0,0,0,0,0,0,0,0,0,0.0,0.0,0.0,0.0,0,0,0,0,0,0.0,0.0,0.0,0.0,59,-3026,25447,1354,4380,456,MID,Jadon Sancho,Aston Villa
200,62,2,1,False,2025-10-05T13:00:00Z,2.0,1.0,7,False,58,0,0,0,1,0,0,0,0,0,0,0,2,5.6,2.1,4.0,1.2,0,3,4,7,1,0.0,0.01,0.01,0.99,57,411927,777288,439801,27874,200,MID,Jaidon Anthony,Burnley
510,69,15,3,False,2025-10-05T13:00:00Z,2.0,0.0,7,False,90,0,0,0,2,0,0,0,0,0,0,0,9,26.0,0.4,0.0,2.6,9,1,2,11,1,0.0,0.0,0.0,3.28,44,-326,7140,80,406,510,DEF,Jair Paula da Cunha Filho,Nott'm Forest
344,67,18,0,True,2025-10-04T11:30:00Z,1.0,2.0,7,False,0,0,0,0,0,0,0,0,0,0,0,0,0,0.0,0.0,0.0,0.0,0,0,0,0,0,0.0,0.0,0.0,0.0,39,-732,15896,1038,1770,344,DEF,Jaka Bijol,Leeds
293,66,8,5,True,2025-10-05T13:00:00Z,2.0,1.0,7,False,90,0,0,0,1,0,0,0,0,0,0,1,22,29.4,19.1,21.0,7.0,7,1,3,10,1,0.08,0.07,0.15,1.65,50,-3067,59471,1890,4957,293,DEF,Jake O'Brien,Everton
9,61,19,0,True,2025-10-04T14:00:00Z,2.0,0.0,7,False,0,0,0,0,0,0,0,0,0,0,0,0,0,0.0,0.0,0.0,0.0,0,0,0,0,0,0.0,0.0,0.0,0.0,54,-348,7242,0,348,9,DEF,Jakub Kiwior,Arsenal
480,69,16,0,True,2025-10-05T13:00:00Z,2.0,0.0,7,False,0,0,0,0,0,0,0,0,0,0,0,0,0,0.0,0.0,0.0,0.0,0,0,0,0,0,0.0,0.0,0.0,0.0,44,-129,7754,241,370,480,DEF,Jamaal Lascelles,Newcastle
62,62,3,0,True,2025-10-05T13:00:00Z,2.0,1.0,7,False,0,0,0,0,0,0,0,0,0,0,0,0,0,0.0,0.0,0.0,0.0,0,0,0,0,0,0.0,0.0,0.0,0.0,45,201,7687,708,507,62,MID,Jamaldeen Jimoh-Aloba,Aston Villa
303,66,8,1,True,2025-10-05T13:00:00Z,2.0,1.0,7,False,90,0,0,0,1,0,0,0,1,0,0,0,20,22.6,34.8,4.0,6.1,6,2,1,9,1,0.12,0.52,0.64,1.65,50,30821,118435,38770,7949,303,MID,James Garner,Everton
77,63,10,6,True,2025-10-03T19:00:00Z,3.0,1.0,7,False,60,0,0,1,0,0,0,0,0,0,0,0,27,9.6,2.3,0.0,1.2,1,3,2,3,1,0.0,0.16,0.16,0.2,40,-6354,107467,3185,9539,77,DEF,James Hill,Bournemouth
706,67,18,1,True,2025-10-04T11:30:00Z,1.0,2.0,7,False,1,0,0,0,0,0,0,0,0,0,0,0,4,0.2,0.0,2.0,0.2,0,3,0,0,0,0.0,0.0,0.0,0.0,40,-824,28450,980,1804,706,DEF,James Justin,Leeds
581,67,11,0,False,2025-10-04T11:30:00Z,1.0,2.0,7,False,0,0,0,0,0,0,0,0,0,0,0,0,0,0.0,0.0,0.0,0.0,0,0,0,0,0,0.0,0.0,0.0,0.0,69,-345,16190,72,417,581,MID,James Maddison,Spurs
426,69,15,0,False,2025-10-05T13:00:00Z,2.0,0.0,7,False,0,0,0,0,0,0,0,0,0,0,0,0,0,0.0,0.0,0.0,0.0,0,0,0,0,0,0.0,0.0,0.0,0.0,53,-876,13689,542,1418,426,MID,James McAtee,Nott'm Forest
394,65,7,0,False,2025-10-04T16:30:00Z,2.0,1.0,7,False,0,0,0,0,0,0,0,0,0,0,0,0,0,0.0,0.0,0.0,0.0,0,0,0,0,0,0.0,0.0,0.0,0.0,44,-381,3601,0,381,394,MID,James McConnell,Liverpool
170,70,20,1,False,2025-10-05T13:00:00Z,1.0,1.0,7,False,13,0,0,0,0,0,0,0,0,0,0,0,6,5.2,20.1,0.0,2.5,0,1,0,1,0,0.0,0.06,0.06,0.0,50,-321,17975,1334,1655,170,MID,James Milner,Brighton
291,66,8,5,True,2025-10-05T13:00:00Z,2.0,1.0,7,False,90,0,0,0,1,0,0,0,0,0,0,1,22,34.6,16.9,8.0,6.0,9,6,2,11,1,0.0,0.26,0.26,1.65,55,-29606,958057,43354,72960,291,DEF,James Tarkowski,Everton
182,64,5,0,False,2025-10-05T15:30:00Z,0.0,1.0,7,False,0,0,0,0,0,0,0,0,0,0,0,0,0,0.0,0.0,0.0,0.0,0,0,0,0,0,0.0,0.0,0.0,0.0,48,-14385,166587,684,15069,182,GKP,James Trafford,Man City
614,61,1,0,False,2025-10-04T14:00:00Z,2.0,0.0,7,False,0,0,0,0,0,0,0,0,0,0,0,0,0,0.0,0.0,0.0,0.0,0,0,0,0,0,0.0,0.0,0.0,0.0,58,-2013,27363,735,2748,614,MID,James Ward-Prowse,Burnley
688,62,3,0,True,2025-10-05T13:00:00Z,2.0,1.0,7,False,0,0,0,0,0,0,0,0,0,0,0,0,0,0.0,0.0,0.0,0.0,0,0,0,0,0,0.0,0.0,0.0,0.0,40,-1095,61522,632,1727,688,GKP,James Wright,Aston Villa
239,65,12,1,True,2025-10-04T16:30:00Z,2.0,1.0,7,False,15,0,0,0,0,0,0,0,0,0,0,0,5,9.6,0.9,13.0,2.4,1,1,0,2,0,0.02,0.04,0.06,0.41,62,-954,14261,463,1417,239,MID,Jamie Bynoe-Gittens,Chelsea
151,70,20,11,False,2025-10-05T13:00:00Z,1.0,1.0,7,False,90,1,0,0,1,0,0,0,0,0,0,3,25,48.2,3.0,21.0,7.2,3,2,1,4,1,0.13,0.02,0.14,0.56,44,-414,100751,5798,6212,151,DEF,Jan Paul van Hecke,Brighton
290,66,8,0,True,2025-10-05T13:00:00Z,2.0,1.0,7,False,0,0,0,0,0,0,0,0,0,0,0,0,0,0.0,0.0,0.0,0.0,0,0,0,0,0,0.0,0.0,0.0,0.0,53,-1690,23642,62,1752,290,DEF,Jarrad Branthwaite,Everton
624,61,1,2,False,2025-10-04T14:00:00Z,2.0,0.0,7,False,90,0,0,0,2,0,0,0,0,0,0,0,7,5.8,10.8,4.0,2.1,4,3,0,7,1,0.0,0.01,0.01,2.77,77,7495,776123,80293,72798,624,FWD,Jarrod Bowen,West Ham
138,70,20,0,False,2025-10-05T13:00:00Z,1.0,1.0,7,False,0,0,0,0,0,0,0,0,0,0,0,0,0,0.0,0.0,0.0,0.0,0,0,0,0,0,0.0,0.0,0.0,0.0,44,-1609,37954,562,2171,138,GKP,Jason Steele,Brighton
461,68,17,0,True,2025-10-04T14:00:00Z,2.0,0.0,7,False,0,0,0,0,0,0,0,0,0,0,0,0,0,0.0,0.0,0.0,0.0,0,0,0,0,0,0.0,0.0,0.0,0.0,44,-13,4696,239,252,461,MID,Jayce Fitzgerald,Man Utd
723,66,9,0,False,2025-10-05T13:00:00Z,2.0,1.0,7,False,0,0,0,0,0,0,0,0,0,0,0,0,0,0.0,0.0,0.0,0.0,0,0,0,0,0,0.0,0.0,0.0,0.0,45,39,918,153,114,723,DEF,Jaydee Canvot,Crystal Palace
342,67,18,3,True,2025-10-04T11:30:00Z,1.0,2.0,7,False,88,0,0,0,2,0,0,0,0,0,0,0,7,19.0,6.2,1.0,2.6,7,4,5,12,1,0.02,0.06,0.08,0.53,45,612,23375,1707,1095,342,DEF,Jayden Bogle,Leeds
398,65,7,0,False,2025-10-04T16:30:00Z,2.0,1.0,7,False,0,0,0,0,0,0,0,0,0,0,0,0,0,0.0,0.0,0.0,0.0,0,0,0,0,0,0.0,0.0,0.0,0.0,44,-244,17289,835,1079,398,FWD,Jayden Danns,Liverpool
118,64,13,0,True,2025-10-05T15:30:00Z,0.0,1.0,7,False,0,0,0,0,0,0,0,0,0,0,0,0,0,0.0,0.0,0.0,0.0,0,0,0,0,0,0.0,0.0,0.0,0.0,40,-370,7195,0,370,118,DEF,Jayden Meghoma,Brentford
213,62,2,0,False,2025-10-05T13:00:00Z,2.0,1.0,7,False,0,0,0,0,0,0,0,0,0,0,0,0,0,0.0,0.0,0.0,0.0,0,0,0,0,0,0.0,0.0,0.0,0.0,45,93,5135,526,433,213,MID,Jaydon Banel,Burnley
558,68,14,0,False,2025-10-04T14:00:00Z,2.0,0.0,7,False,0,0,0,0,0,0,0,0,0,0,0,0,0,0.0,0.0,0.0,0.0,0,0,0,0,0,0.0,0.0,0.0,0.0,44,-291,28271,1709,2000,558,MID,Jay Matete,Sunderland
609,61,1,0,False,2025-10-04T14:00:00Z,2.0,0.0,7,False,0,0,0,0,0,0,0,0,0,0,0,0,0,0.0,0.0,0.0,0.0,0,0,0,0,0,0.0,0.0,0.0,0.0,43,-12,12118,713,725,609,DEF,Jean-Clair Todibo,West Ham
283,66,9,2,False,2025-10-05T13:00:00Z,2.0,1.0,7,False,69,0,0,1,0,0,0,0,0,0,0,0,3,6.4,1.6,29.0,3.7,2,0,0,2,1,0.59,0.0,0.59,0.43,75,24358,1211107,155189,130831,283,FWD,Jean-Philippe Mateta,Crystal Palace
644,70,6,1,True,2025-10-05T13:00:00Z,1.0,1.0,7,False,14,0,0,0,1,0,0,0,0,0,0,0,4,1.0,0.3,0.0,0.1,0,0,0,0,0,0.0,0.01,0.01,0.21,53,-318,6420,124,442,644,MID,Jean-Ricner Bellegarde,Wolves
272,66,9,1,False,2025-10-05T13:00:00Z,2.0,1.0,7,False,8,0,0,0,1,0,0,0,0,0,0,0,4,3.4,0.0,0.0,0.3,2,0,0,2,0,0.0,0.01,0.01,0.73,49,-181,7032,272,453,272,MID,Jefferson Lerma Solís,Crystal Palace
309,66,8,0,True,2025-10-05T13:00:00Z,2.0,1.0,7,False,0,0,0,0,0,0,0,0,0,0,0,0,0,0.0,0.0,0.0,0.0,0,0,0,0,0,0.0,0.0,0.0,0.0,45,-3,106,0,3,309,MID,Jenson Metcalfe,Everton
542,68,14,0,False,2025-10-04T14:00:00Z,2.0,0.0,7,False,0,0,0,0,0,0,0,0,0,0,0,0,0,0.0,0.0,0.0,0.0,0,0,0,0,0,0.0,0.0,0.0,0.0,40,-1381,17000,0,1381,542,DEF,Jenson Seelt,Sunderland
370,65,7,0,False,2025-10-04T16:30:00Z,2.0,1.0,7,False,0,0,0,0,0,0,0,0,0,0,0,0,0,0.0,0.0,0.0,0.0,0,0,0,0,0,0.0,0.0,0.0,0.0,59,-73945,915360,12432,86377,370,DEF,Jeremie Frimpong,Liverpool
171,70,20,0,False,2025-10-05T13:00:00Z,1.0,1.0,7,False,0,0,0,0,0,0,0,0,0,0,0,0,0,0.0,0.0,0.0,0.0,0,0,0,0,0,0.0,0.0,0.0,0.0,49,-108,2346,0,108,171,MID,Jeremy Sarmiento Morante,Brighton
278,66,9,0,False,2025-10-05T13:00:00Z,2.0,1.0,7,False,0,0,0,0,0,0,0,0,0,0,0,0,0,0.0,0.0,0.0,0.0,0,0,0,0,0,0.0,0.0,0.0,0.0,44,-933,6488,0,933,278,MID,Jesurun Rak-Sakyi,Crystal Palace
663,70,6,3,True,2025-10-05T13:00:00Z,1.0,1.0,7,False,90,0,0,0,1,0,0,0,0,0,0,1,22,15.6,18.8,13.0,4.7,2,4,4,10,1,0.33,0.02,0.35,1.15,52,-252,29264,2395,2647,663,MID,Jhon Arias,Wolves
317,63,4,3,False,2025-10-03T19:00:00Z,3.0,1.0,7,False,90,0,0,0,3,0,0,0,0,0,0,0,6,34.4,0.9,0.0,3.5,14,5,1,15,1,0.0,0.0,0.0,1.12,45,-1927,498275,30403,32330,317,DEF,Joachim Andersen,Fulham
490,69,16,3,True,2025-10-05T13:00:00Z,2.0,0.0,7,False,90,0,0,1,0,0,0,0,0,0,0,0,13,11.8,14.7,61.0,8.8,4,3,1,8,1,0.49,0.02,0.51,0.29,59,2065,36721,4212,2147,490,MID,Joelinton Cássio Apolinário de Lira,Newcastle
534,68,14,0,False,2025-10-04T14:00:00Z,2.0,0.0,7,False,0,0,0,0,0,0,0,0,0,0,0,0,0,0.0,0.0,0.0,0.0,0,0,0,0,0,0.0,0.0,0.0,0.0,39,599,56236,4503,3904,534,DEF,Joe Anderson,Sunderland
34,62,3,0,True,2025-10-05T13:00:00Z,2.0,1.0,7,False,0,0,0,0,0,0,0,0,0,0,0,0,0,0.0,0.0,0.0,0.0,0,0,0,0,0,0.0,0.0,0.0,0.0,40,-905,17159,0,905,34,GKP,Joe Gauci,Aston Villa
360,67,18,0,True,2025-10-04T11:30:00Z,1.0,2.0,7,False,0,0,0,0,0,0,0,0,0,0,0,0,0,0.0,0.0,0.0,0.0,0,0,0,0,0,0.0,0.0,0.0,0.0,45,-97,1371,0,97,360,MID,Joe Gelhardt,Leeds
376,65,7,0,False,2025-10-04T16:30:00Z,2.0,1.0,7,False,0,0,0,0,0,0,0,0,0,0,0,0,0,0.0,0.0,0.0,0.0,0,0,0,0,0,0.0,0.0,0.0,0.0,50,-375,16607,546,921,376,DEF,Joe Gomez,Liverpool
653,70,6,0,True,2025-10-05T13:00:00Z,1.0,1.0,7,False,0,0,0,0,0,0,0,0,0,0,0,0,0,0.0,0.0,0.0,0.0,0,0,0,0,0,0.0,0.0,0.0,0.0,45,-257,4629,0,257,653,MID,Joe Hodge,Wolves
175,70,20,0,False,2025-10-05T13:00:00Z,1.0,1.0,7,False,0,0,0,0,0,0,0,0,0,0,0,0,0,0.0,0.0,0.0,0.0,0,0,0,0,0,0.0,0.0,0.0,0.0,45,96,10474,892,796,175,MID,Joe Knight,Brighton
348,67,18,1,True,2025-10-04T11:30:00Z,1.0,2.0,7,False,90,0,0,0,2,0,0,0,0,0,0,0,3,14.8,1.5,15.0,3.1,6,4,0,6,1,0.09,0.02,0.11,0.53,40,80470,632370,103035,22565,348,DEF,Joe Rodon,Leeds
498,69,16,0,True,2025-10-05T13:00:00Z,2.0,0.0,7,False,0,0,0,0,0,0,0,0,0,0,0,0,0,0.0,0.0,0.0,0.0,0,0,0,0,0,0.0,0.0,0.0,0.0,45,-34,793,0,34,498,MID,Joe White,Newcastle
494,69,16,0,True,2025-10-05T13:00:00Z,2.0,0.0,7,False,0,0,0,0,0,0,0,0,0,0,0,0,0,0.0,0.0,0.0,0.0,0,0,0,0,0,0.0,0.0,0.0,0.0,50,173,7342,687,514,494,MID,Joe Willock,Newcastle
199,62,2,1,False,2025-10-05T13:00:00Z,2.0,1.0,7,False,1,0,0,0,0,0,0,0,0,0,0,0,3,0.2,0.3,0.0,0.1,0,0,0,0,0,0.0,0.0,0.0,0.0,39,5091,22460,6345,1254,199,DEF,Joe Worrall,Burnley
54,62,3,3,True,2025-10-05T13:00:00Z,2.0,1.0,7,False,66,0,0,1,0,0,0,0,0,0,0,0,8,1.8,16.0,1.0,1.9,0,2,1,3,1,0.05,0.18,0.23,0.1,54,12851,85126,17462,4611,54,MID,John McGinn,Aston Villa
409,64,5,0,False,2025-10-05T15:30:00Z,0.0,1.0,7,False,0,0,0,0,0,0,0,0,0,0,0,0,0,0.0,0.0,0.0,0.0,0,0,0,0,0,0.0,0.0,0.0,0.0,55,-3180,92592,1671,4851,409,DEF,John Stones,Man City
715,69,15,0,False,2025-10-05T13:00:00Z,2.0,0.0,7,False,0,0,0,0,0,0,0,0,0,0,0,0,0,0.0,0.0,0.0,0.0,0,0,0,0,0,0.0,0.0,0.0,0.0,40,-1262,44495,1607,2869,715,GKP,John Victor Maciel Furtado,Nott'm Forest
737,63,4,0,False,2025-10-03T19:00:00Z,3.0,1.0,7,False,0,0,0,0,0,0,0,0,0,0,0,0,0,0.0,0.0,0.0,0.0,0,0,0,0,0,0.0,0.0,0.0,0.0,45,360,5571,1161,801,737,FWD,Jonah Kusi-Asare,Fulham
194,62,2,0,False,2025-10-05T13:00:00Z,2.0,1.0,7,False,0,0,0,0,0,0,0,0,0,0,0,0,0,0.0,0.0,0.0,0.0,0,0,0,0,0,0.0,0.0,0.0,0.0,40,-541,10325,64,605,194,DEF,Jordan Beyer,Burnley
124,64,13,1,True,2025-10-05T15:30:00Z,0.0,1.0,7,False,73,0,0,0,1,0,0,0,1,0,0,0,8,4.0,12.4,0.0,1.6,1,3,0,4,1,0.0,0.02,0.02,0.83,50,8203,51070,11713,3510,124,MID,Jordan Henderson,Brentford
287,66,8,3,True,2025-10-05T13:00:00Z,2.0,1.0,7,False,90,0,0,0,1,0,0,0,0,0,5,0,19,42.6,0.0,0.0,4.3,2,6,0,0,1,0.0,0.0,0.0,1.65,55,-43292,1296922,17512,60804,287,GKP,Jordan Pickford,Everton
321,63,4,0,False,2025-10-03T19:00:00Z,3.0,1.0,7,False,0,0,0,0,0,0,0,0,0,0,0,0,0,0.0,0.0,0.0,0.0,0,0,0,0,0,0.0,0.0,0.0,0.0,44,-160,4449,52,212,321,DEF,Jorge Cuenca Barreno,Fulham
672,65,12,1,True,2025-10-04T16:30:00Z,2.0,1.0,7,False,22,0,0,0,0,0,0,0,0,0,0,0,6,10.8,0.4,2.0,1.3,3,0,1,4,0,0.0,0.0,0.0,0.47,48,-636,23073,753,1389,672,DEF,Jorrel Hato,Chelsea
466,68,17,0,True,2025-10-04T14:00:00Z,2.0,0.0,7,False,0,0,0,0,0,0,0,0,0,0,0,0,0,0.0,0.0,0.0,0.0,0,0,0,0,0,0.0,0.0,0.0,0.0,59,-1816,46036,1776,3592,466,FWD,Joshua Zirkzee,Man Utd
233,65,12,2,True,2025-10-04T16:30:00Z,2.0,1.0,7,False,67,0,0,0,1,0,0,0,0,0,0,0,5,1.6,0.6,0.0,0.2,1,4,0,1,1,0.0,0.0,0.0,1.48,40,-13421,147749,2030,15451,233,DEF,Josh Acheampong,Chelsea
205,62,2,6,False,2025-10-05T13:00:00Z,2.0,1.0,7,False,90,0,0,0,2,0,0,0,0,0,0,2,29,21.6,6.7,7.0,3.5,1,11,8,20,1,0.1,0.02,0.12,1.37,50,1902,234837,19789,17887,205,MID,Josh Cullen,Burnley
335,63,4,3,False,2025-10-03T19:00:00Z,3.0,1.0,7,False,66,0,0,1,0,0,0,0,0,0,0,0,8,1.4,1.7,7.0,1.0,2,0,0,2,1,0.01,0.02,0.03,0.45,45,13884,483381,54260,40376,335,MID,Josh King,Fulham
209,62,2,2,False,2025-10-05T13:00:00Z,2.0,1.0,7,False,81,0,0,0,2,0,0,0,0,0,0,0,13,5.2,2.3,2.0,1.0,6,3,0,9,1,0.0,0.0,0.0,1.14,49,-47,3493,103,150,209,MID,Josh Laurent,Burnley
15,61,19,0,True,2025-10-04T14:00:00Z,2.0,0.0,7,False,0,0,0,0,0,0,0,0,0,0,0,0,0,0.0,0.0,0.0,0.0,0,0,0,0,0,0.0,0.0,0.0,0.0,39,972,26585,2802,1830,15,DEF,Josh Nichols,Arsenal
628,70,6,0,True,2025-10-05T13:00:00Z,1.0,1.0,7,False,0,0,0,0,0,0,0,0,0,0,0,0,0,0.0,0.0,0.0,0.0,0,0,0,0,0,0.0,0.0,0.0,0.0,44,-9791,169368,1307,11098,628,GKP,José Malheiro de Sá,Wolves
673,67,11,1,False,2025-10-04T11:30:00Z,1.0,2.0,7,False,90,0,0,0,1,0,0,0,1,0,0,0,6,7.6,2.8,5.0,1.5,4,1,2,7,1,0.1,0.01,0.11,1.68,55,34130,142987,41646,7516,673,MID,João Maria Lobo Alves Palhares Costa Palhinha Gonçalves,Spurs
518,69,15,0,False,2025-10-05T13:00:00Z,2.0,0.0,7,False,0,0,0,0,0,0,0,0,0,0,0,0,0,0.0,0.0,0.0,0.0,0,0,0,0,0,0.0,0.0,0.0,0.0,54,-421,6127,0,421,518,MID,João Pedro Ferreira da Silva,Nott'm Forest
249,65,12,2,True,2025-10-04T16:30:00Z,2.0,1.0,7,False,73,0,0,0,1,0,0,0,0,0,0,0,4,0.0,1.9,4.0,0.4,0,1,0,1,1,0.03,0.0,0.03,1.54,77,-628021,7517589,103592,731613,249,FWD,João Pedro Junqueira de Jesus,Chelsea
646,70,6,4,True,2025-10-05T13:00:00Z,1.0,1.0,7,False,90,0,0,0,1,0,0,0,0,0,0,0,15,17.6,13.8,4.0,3.5,5,4,4,13,1,0.0,0.0,0.0,1.15,54,-295,11796,589,884,646,MID,João Victor Gomes da Silva,Wolves
362,67,18,1,True,2025-10-04T11:30:00Z,1.0,2.0,7,False,11,0,0,0,0,0,0,0,0,0,0,0,4,3.0,3.8,19.0,2.6,0,1,0,1,0,0.05,0.01,0.06,0.03,52,-7989,62529,1675,9664,362,FWD,Joël Piroe,Leeds
152,70,20,0,False,2025-10-05T13:00:00Z,1.0,1.0,7,False,0,0,0,0,0,0,0,0,0,0,0,0,0,0.0,0.0,0.0,0.0,0,0,0,0,0,0.0,0.0,0.0,0.0,44,-2577,20336,511,3088,152,DEF,Joël Veltman,Brighton
403,64,5,12,False,2025-10-05T15:30:00Z,0.0,1.0,7,False,90,0,1,1,0,0,0,0,0,0,0,3,41,41.4,14.3,17.0,7.3,6,1,1,7,1,0.06,0.04,0.1,0.83,58,20357,622286,56102,35745,403,DEF,Joško Gvardiol,Man City
104,64,13,0,True,2025-10-05T15:30:00Z,0.0,1.0,7,False,0,0,0,0,0,0,0,0,0,0,0,0,0,0.0,0.0,0.0,0.0,0,0,0,0,0,0.0,0.0,0.0,0.0,40,-200,8531,109,309,104,GKP,Julian Eyestone,Brentford
161,70,20,0,False,2025-10-05T13:00:00Z,1.0,1.0,7,False,0,0,0,0,0,0,0,0,0,0,0,0,0,0.0,0.0,0.0,0.0,0,0,0,0,0,0.0,0.0,0.0,0.0,54,-58,1347,0,58,161,MID,Julio Enciso Espínola,Brighton
80,63,10,0,True,2025-10-03T19:00:00Z,3.0,1.0,7,False,0,0,0,0,0,0,0,0,0,0,0,0,0,0.0,0.0,0.0,0.0,0,0,0,0,0,0.0,0.0,0.0,0.0,40,-841,29414,778,1619,80,DEF,Julio Soler Barreto,Bournemouth
78,63,10,0,True,2025-10-03T19:00:00Z,3.0,1.0,7,False,0,0,0,0,0,0,0,0,0,0,0,0,0,0.0,0.0,0.0,0.0,0,0,0,0,0,0.0,0.0,0.0,0.0,40,-5310,94993,1058,6368,78,DEF,Julián Araujo Zúñiga,Bournemouth
100,63,10,0,True,2025-10-03T19:00:00Z,3.0,1.0,7,False,0,0,0,0,0,0,0,0,0,0,0,0,0,0.0,0.0,0.0,0.0,0,0,0,0,0,0.0,0.0,0.0,0.0,45,20730,205044,38291,17561,100,FWD,Junior Kroupi,Bournemouth
8,61,19,11,True,2025-10-04T14:00:00Z,2.0,0.0,7,False,90,0,1,1,0,0,0,0,0,0,0,2,43,20.2,16.8,29.0,6.6,3,3,6,9,1,0.16,0.03,0.19,0.49,58,197000,1910147,274109,77109,8,DEF,Jurriën Timber,Arsenal
276,66,9,1,False,2025-10-05T13:00:00Z,2.0,1.0,7,False,2,0,0,0,1,0,0,0,0,0,0,0,-1,0.0,0.0,37.0,3.7,0,0,0,0,0,0.3,0.0,0.3,0.73,45,-4193,159145,8584,12777,276,MID,Justin Devenny,Crystal Palace
81,63,10,7,True,2025-10-03T19:00:00Z,3.0,1.0,7,False,29,1,0,0,1,0,0,0,0,0,0,1,31,39.6,13.3,11.0,6.4,0,2,2,4,0,0.02,0.01,0.03,0.69,70,236,93566,9367,9131,81,MID,Justin Kluivert,Bournemouth
418,64,5,1,False,2025-10-05T15:30:00Z,0.0,1.0,7,False,14,0,0,0,0,0,0,0,0,0,0,0,-1,0.0,0.2,0.0,0.0,0,1,0,1,0,0.0,0.0,0.0,0.12,66,412142,932046,442668,30526,418,MID,Jérémy Doku,Man City
654,70,6,2,True,2025-10-05T13:00:00Z,1.0,1.0,7,False,76,0,0,1,0,0,0,0,0,0,0,0,3,0.2,1.8,4.0,0.6,2,2,0,4,1,0.05,0.01,0.06,0.94,64,-4924,168111,16035,20959,654,FWD,Jørgen Strand Larsen,Crystal Palace
63,62,3,0,True,2025-10-05T13:00:00Z,2.0,1.0,7,False,0,0,0,0,0,0,0,0,0,0,0,0,0,0.0,0.0,0.0,0.0,0,0,0,0,0,0.0,0.0,0.0,0.0,44,3923,80187,9651,5728,63,MID,Kadan Young,Aston Villa
281,66,9,0,False,2025-10-05T13:00:00Z,2.0,1.0,7,False,0,0,0,0,0,0,0,0,0,0,0,0,0,0.0,0.0,0.0,0.0,0,0,0,0,0,0.0,0.0,0.0,0.0,45,38,5282,364,326,281,MID,Kaden Rodney,Crystal Palace
611,61,1,0,False,2025-10-04T14:00:00Z,2.0,0.0,7,False,0,0,0,0,0,0,0,0,0,0,0,0,0,0.0,0.0,0.0,0.0,0,0,0,0,0,0.0,0.0,0.0,0.0,40,-498,11600,0,498,611,DEF,Kaelan Casey,West Ham
30,61,19,0,True,2025-10-04T14:00:00Z,2.0,0.0,7,False,0,0,0,0,0,0,0,0,0,0,0,0,0,0.0,0.0,0.0,0.0,0,0,0,0,0,0.0,0.0,0.0,0.0,73,-1395,44160,89,1484,30,FWD,Kai Havertz,Arsenal
429,64,5,0,False,2025-10-05T15:30:00Z,0.0,1.0,7,False,0,0,0,0,0,0,0,0,0,0,0,0,0,0.0,0.0,0.0,0.0,0,0,0,0,0,0.0,0.0,0.0,0.0,49,-210,7720,236,446,429,MID,Kalvin Phillips,Man City
341,67,18,1,True,2025-10-04T11:30:00Z,1.0,2.0,7,False,90,0,0,0,2,0,0,0,0,0,1,0,4,10.6,0.0,0.0,1.1,2,9,0,0,1,0.0,0.01,0.01,0.53,40,1801,302595,15152,13351,341,GKP,Karl Darlow,Leeds
3,61,19,0,True,2025-10-04T14:00:00Z,2.0,0.0,7,False,0,0,0,0,0,0,0,0,0,0,0,0,0,0.0,0.0,0.0,0.0,0,0,0,0,0,0.0,0.0,0.0,0.0,40,-2897,41629,0,2897,3,GKP,Karl Hein,Arsenal
107,64,13,0,True,2025-10-05T15:30:00Z,0.0,1.0,7,False,0,0,0,0,0,0,0,0,0,0,0,0,0,0.0,0.0,0.0,0.0,0,0,0,0,0,0.0,0.0,0.0,0.0,50,-3415,43823,887,4302,107,DEF,Keane Lewis-Potter,Brentford
248,65,12,0,True,2025-10-04T16:30:00Z,2.0,1.0,7,False,0,0,0,0,0,0,0,0,0,0,0,0,0,0.0,0.0,0.0,0.0,0,0,0,0,0,0.0,0.0,0.0,0.0,45,-24,661,0,24,248,MID,Kendry Páez Andrade,Chelsea
322,63,4,0,False,2025-10-03T19:00:00Z,3.0,1.0,7,False,0,0,0,0,0,0,0,0,0,0,0,0,0,0.0,0.0,0.0,0.0,0,0,0,0,0,0.0,0.0,0.0,0.0,45,-4564,20765,225,4789,322,DEF,Kenny Tete,Fulham
2,61,19,0,True,2025-10-04T14:00:00Z,2.0,0.0,7,False,0,0,0,0,0,0,0,0,0,0,0,0,0,0.0,0.0,0.0,0.0,0,0,0,0,0,0.0,0.0,0.0,0.0,43,-3442,64932,461,3903,2,GKP,Kepa Arrizabalaga Revuelta,Arsenal
570,67,11,1,False,2025-10-04T11:30:00Z,1.0,2.0,7,False,5,0,0,0,0,0,0,0,0,0,0,0,3,2.2,0.0,0.0,0.2,1,0,0,1,0,0.0,0.0,0.0,0.24,43,-391,18338,1051,1442,570,DEF,Kevin Danso,Spurs
731,63,4,1,False,2025-10-03T19:00:00Z,3.0,1.0,7,False,23,0,0,0,3,0,0,0,0,0,0,0,6,7.2,5.6,7.0,2.0,1,1,0,2,0,0.04,0.01,0.05,0.67,60,-1806,10264,837,2643,731,MID,Kevin Santos Lopes de Macedo,Fulham
120,64,13,1,True,2025-10-05T15:30:00Z,0.0,1.0,7,False,90,0,0,0,1,0,0,0,1,0,0,0,7,10.0,24.8,4.0,3.9,1,1,3,5,1,0.0,0.03,0.03,0.83,70,234,55074,9255,9021,120,MID,Kevin Schade,Brentford
638,70,6,0,True,2025-10-05T13:00:00Z,1.0,1.0,7,False,0,0,0,0,0,0,0,0,0,0,0,0,0,0.0,0.0,0.0,0.0,0,0,0,0,0,0.0,0.0,0.0,0.0,40,-9073,132101,495,9568,638,DEF,Ki-Jana Hoever,Wolves
478,69,16,6,True,2025-10-05T13:00:00Z,2.0,0.0,7,False,90,0,0,1,0,0,0,0,0,0,0,0,23,18.6,44.2,0.0,6.3,3,3,2,5,1,0.0,0.13,0.13,0.29,50,4572,309765,21590,17018,478,DEF,Kieran Trippier,Newcastle
242,66,8,0,True,2025-10-05T13:00:00Z,2.0,1.0,7,False,0,0,0,0,0,0,0,0,0,0,0,0,0,0.0,0.0,0.0,0.0,0,0,0,0,0,0.0,0.0,0.0,0.0,50,-116679,466926,9983,126662,242,MID,Kiernan Dewsbury-Hall,Everton
117,64,13,0,True,2025-10-05T15:30:00Z,0.0,1.0,7,False,0,0,0,0,0,0,0,0,0,0,0,0,0,0.0,0.0,0.0,0.0,0,0,0,0,0,0.0,0.0,0.0,0.0,39,-1497,15606,0,1497,117,DEF,Kim Ji-soo,Brentford
142,70,20,0,False,2025-10-05T13:00:00Z,1.0,1.0,7,False,0,0,0,0,0,0,0,0,0,0,0,0,0,0.0,0.0,0.0,0.0,0,0,0,0,0,0.0,0.0,0.0,0.0,40,-9,277,0,9,142,GKP,Kjell Scherpen,Brighton
458,68,17,1,True,2025-10-04T14:00:00Z,2.0,0.0,7,False,13,0,0,0,0,0,0,0,0,0,0,0,3,2.4,0.2,0.0,0.3,0,0,1,1,0,0.0,0.0,0.0,0.29,48,-519,62518,4414,4933,458,MID,Kobbie Mainoo,Man Utd
606,61,1,3,False,2025-10-04T14:00:00Z,2.0,0.0,7,False,90,0,0,0,2,0,0,0,0,0,0,0,9,38.0,0.3,0.0,3.8,20,4,0,20,1,0.0,0.01,0.01,2.77,44,272,8001,813,541,606,DEF,Konstantinos Mavropanos,West Ham
377,65,7,0,False,2025-10-04T16:30:00Z,2.0,1.0,7,False,0,0,0,0,0,0,0,0,0,0,0,0,0,0.0,0.0,0.0,0.0,0,0,0,0,0,0.0,0.0,0.0,0.0,48,-1045,8185,0,1045,377,DEF,Konstantinos Tsimikas,Liverpool
108,64,13,2,True,2025-10-05T15:30:00Z,0.0,1.0,7,False,90,0,0,0,1,0,0,0,0,0,0,0,7,14.2,0.7,0.0,1.5,4,1,3,7,1,0.0,0.0,0.0,0.83,44,-730,18586,609,1339,108,DEF,Kristoffer Ajer,Brentford
602,61,1,0,False,2025-10-04T14:00:00Z,2.0,0.0,7,False,0,0,0,0,0,0,0,0,0,0,0,0,0,0.0,0.0,0.0,0.0,0,0,0,0,0,0.0,0.0,0.0,0.0,40,-355,28335,513,868,602,GKP,Krisztián Hegyi,West Ham
659,61,1,1,False,2025-10-04T14:00:00Z,2.0,0.0,7,False,11,0,0,0,0,0,0,0,0,0,0,0,2,5.2,0.3,0.0,0.6,0,1,2,2,0,0.0,0.0,0.0,0.18,44,-1506,39410,1011,2517,659,DEF,Kyle Walker-Peters,West Ham
187,62,2,1,False,2025-10-05T13:00:00Z,2.0,1.0,7,False,90,0,0,0,2,0,0,0,0,0,0,0,-3,10.6,2.7,7.0,2.0,1,5,3,4,1,0.08,0.01,0.09,1.37,45,-9666,186425,4804,14470,187,DEF,Kyle Walker,Burnley
709,70,6,2,True,2025-10-05T13:00:00Z,1.0,1.0,7,False,90,0,0,0,1,0,0,0,0,0,0,0,15,21.0,1.2,19.0,4.1,5,2,3,8,1,0.01,0.01,0.02,1.15,45,1347,4979,1701,354,709,DEF,Ladislav Krejcí,Wolves
44,62,3,2,True,2025-10-05T13:00:00Z,2.0,1.0,7,False,89,0,0,0,1,0,0,0,0,0,0,0,8,3.8,12.0,0.0,1.6,0,2,0,0,1,0.0,0.01,0.01,0.39,40,7306,86197,12122,4816,44,DEF,Lamare Bogarde,Aston Villa
743,65,12,0,True,2025-10-04T16:30:00Z,2.0,1.0,7,False,0,0,0,0,0,0,0,0,0,0,0,0,0,0.0,0.0,0.0,0.0,0,0,0,0,0,0.0,0.0,0.0,0.0,45,0,0,0,0,743,MID,Landon Emenalo,Chelsea
357,67,18,0,True,2025-10-04T11:30:00Z,1.0,2.0,7,False,0,0,0,0,0,0,0,0,0,0,0,0,0,0.0,0.0,0.0,0.0,0,0,0,0,0,0.0,0.0,0.0,0.0,49,-129,2334,0,129,357,MID,Largie Ramazani,Leeds
61,62,3,0,True,2025-10-05T13:00:00Z,2.0,1.0,7,False,0,0,0,0,0,0,0,0,0,0,0,0,0,0.0,0.0,0.0,0.0,0,0,0,0,0,0.0,0.0,0.0,0.0,45,-1105,14242,0,1105,61,MID,Leander Dendoncker,Aston Villa
20,61,19,3,True,2025-10-04T14:00:00Z,2.0,0.0,7,False,74,0,0,1,0,0,0,0,0,0,0,0,16,10.8,28.5,20.0,5.9,1,1,2,4,1,0.12,0.09,0.21,0.36,69,1933,35798,3969,2036,20,MID,Leandro Trossard,Arsenal
444,68,17,6,True,2025-10-04T14:00:00Z,2.0,0.0,7,False,84,0,0,1,0,0,0,0,0,0,0,0,26,12.4,0.3,9.0,2.2,5,3,2,7,1,0.02,0.0,0.02,0.5,45,-17008,240327,3295,20303,444,DEF,Leny Yoro,Man Utd
49,62,3,0,True,2025-10-05T13:00:00Z,2.0,1.0,7,False,0,0,0,0,0,0,0,0,0,0,0,0,0,0.0,0.0,0.0,0.0,0,0,0,0,0,0.0,0.0,0.0,0.0,55,-662,11718,0,662,49,MID,Leon Bailey,Aston Villa
657,70,6,0,True,2025-10-05T13:00:00Z,1.0,1.0,7,False,0,0,0,0,0,0,0,0,0,0,0,0,0,0.0,0.0,0.0,0.0,0,0,0,0,0,0.0,0.0,0.0,0.0,45,-16,3966,254,270,657,FWD,Leon Chiwome,Wolves
536,68,14,0,False,2025-10-04T14:00:00Z,2.0,0.0,7,False,0,0,0,0,0,0,0,0,0,0,0,0,0,0.0,0.0,0.0,0.0,0,0,0,0,0,0.0,0.0,0.0,0.0,40,-4,559,25,29,536,DEF,Leo Fuhr Hjelde,Sunderland
676,62,2,7,False,2025-10-05T13:00:00Z,2.0,1.0,7,False,21,1,0,0,0,0,0,0,0,0,0,1,26,38.2,1.9,21.0,6.1,0,0,3,3,0,0.23,0.0,0.23,0.26,50,-92,4293,132,224,676,MID,Lesley Ugochukwu,Burnley
227,65,12,0,True,2025-10-04T16:30:00Z,2.0,1.0,7,False,0,0,0,0,0,0,0,0,0,0,0,0,0,0.0,0.0,0.0,0.0,0,0,0,0,0,0.0,0.0,0.0,0.0,48,-528,15368,54,582,227,DEF,Levi Samuels Colwill,Chelsea
88,63,10,0,True,2025-10-03T19:00:00Z,3.0,1.0,7,False,0,0,0,0,0,0,0,0,0,0,0,0,0,0.0,0.0,0.0,0.0,0,0,0,0,0,0.0,0.0,0.0,0.0,49,-263,1710,31,294,88,MID,Lewis Cook,Bournemouth
57,62,3,0,True,2025-10-05T13:00:00Z,2.0,1.0,7,False,0,0,0,0,0,0,0,0,0,0,0,0,0,0.0,0.0,0.0,0.0,0,0,0,0,0,0.0,0.0,0.0,0.0,50,-145,3702,0,145,57,MID,Lewis Dobbin,Aston Villa
146,70,20,1,False,2025-10-05T13:00:00Z,1.0,1.0,7,False,90,0,0,0,1,0,0,0,1,0,0,0,8,10.2,2.5,1.0,1.4,2,3,2,4,1,0.06,0.01,0.07,0.56,45,391,142512,8982,8591,146,DEF,Lewis Dunk,Brighton
473,69,16,0,True,2025-10-05T13:00:00Z,2.0,0.0,7,False,0,0,0,0,0,0,0,0,0,0,0,0,0,0.0,0.0,0.0,0.0,0,0,0,0,0,0.0,0.0,0.0,0.0,53,-3310,149016,7880,11190,473,DEF,Lewis Hall,Newcastle
497,69,16,1,True,2025-10-05T13:00:00Z,2.0,0.0,7,False,1,0,0,0,0,0,0,0,0,0,0,0,3,1.0,0.0,0.0,0.1,1,1,0,2,0,0.0,0.0,0.0,0.0,44,6181,262986,25321,19140,497,MID,Lewis Miley,Newcastle
520,69,15,0,False,2025-10-05T13:00:00Z,2.0,0.0,7,False,0,0,0,0,0,0,0,0,0,0,0,0,0,0.0,0.0,0.0,0.0,0,0,0,0,0,0.0,0.0,0.0,0.0,50,-3,116,0,3,520,MID,Lewis O'Brien,Nott'm Forest
622,61,1,0,False,2025-10-04T14:00:00Z,2.0,0.0,7,False,0,0,0,0,0,0,0,0,0,0,0,0,0,0.0,0.0,0.0,0.0,0,0,0,0,0,0.0,0.0,0.0,0.0,44,-552,9435,0,552,622,MID,Lewis Orford,West Ham
250,65,12,0,True,2025-10-04T16:30:00Z,2.0,1.0,7,False,0,0,0,0,0,0,0,0,0,0,0,0,0,0.0,0.0,0.0,0.0,0,0,0,0,0,0.0,0.0,0.0,0.0,62,-8730,123616,149,8879,250,FWD,Liam Delap,Chelsea
45,62,3,0,True,2025-10-05T13:00:00Z,2.0,1.0,7,False,0,0,0,0,0,0,0,0,0,0,0,0,0,0.0,0.0,0.0,0.0,0,0,0,0,0,0.0,0.0,0.0,0.0,40,-710,38955,1067,1777,45,DEF,Lino da Cruz Sousa,Aston Villa
437,68,17,0,True,2025-10-04T14:00:00Z,2.0,0.0,7,False,0,0,0,0,0,0,0,0,0,0,0,0,0,0.0,0.0,0.0,0.0,0,0,0,0,0,0.0,0.0,0.0,0.0,49,-347,9498,41,388,437,DEF,Lisandro Martínez,Man Utd
210,62,2,1,False,2025-10-05T13:00:00Z,2.0,1.0,7,False,58,0,0,0,1,0,0,0,0,0,0,0,3,0.0,2.4,0.0,0.2,0,3,0,3,1,0.0,0.01,0.01,0.99,49,34,4345,312,278,210,MID,Loum Tchaouna,Burnley
586,67,11,0,False,2025-10-04T11:30:00Z,1.0,2.0,7,False,0,0,0,0,0,0,0,0,0,0,0,0,0,0.0,0.0,0.0,0.0,0,0,0,0,0,0.0,0.0,0.0,0.0,54,-112,84575,10523,10635,586,MID,Lucas Bergvall,Spurs
37,62,3,1,True,2025-10-05T13:00:00Z,2.0,1.0,7,False,90,0,0,0,1,0,0,0,1,0,0,0,20,27.6,81.8,17.0,12.6,4,4,2,6,1,0.08,0.58,0.66,0.42,45,3638,234410,12966,9328,37,DEF,Lucas Digne,Aston Villa
665,67,18,0,True,2025-10-04T11:30:00Z,1.0,2.0,7,False,0,0,0,0,0,0,0,0,0,0,0,0,0,0.0,0.0,0.0,0.0,0,0,0,0,0,0.0,0.0,0.0,0.0,45,-3229,30887,191,3420,665,GKP,Lucas Estella Perri,Leeds
195,62,2,0,False,2025-10-05T13:00:00Z,2.0,1.0,7,False,0,0,0,0,0,0,0,0,0,0,0,0,0,0.0,0.0,0.0,0.0,0,0,0,0,0,0.0,0.0,0.0,0.0,39,-492,21506,649,1141,195,DEF,Lucas Pires Silva,Burnley
612,61,1,1,False,2025-10-04T14:00:00Z,2.0,0.0,7,False,90,0,0,0,2,0,0,0,1,0,0,0,19,21.6,31.8,4.0,5.7,3,3,5,11,1,0.01,0.34,0.35,2.77,59,-40550,351154,14491,55041,612,MID,Lucas Tolentino Coelho de Lima,West Ham
208,62,2,0,False,2025-10-05T13:00:00Z,2.0,1.0,7,False,0,0,0,0,0,0,0,0,0,0,0,0,0,0.0,0.0,0.0,0.0,0,0,0,0,0,0.0,0.0,0.0,0.0,50,-71,1628,0,71,208,MID,Luca Koleosho,Burnley
383,65,7,0,False,2025-10-04T16:30:00Z,2.0,1.0,7,False,0,0,0,0,0,0,0,0,0,0,0,0,0,0.0,0.0,0.0,0.0,0,0,0,0,0,0.0,0.0,0.0,0.0,80,-87,5986,0,87,383,MID,Luis Díaz Marulanda,Liverpool
729,69,15,0,False,2025-10-05T13:00:00Z,2.0,0.0,7,False,0,0,0,0,0,0,0,0,0,0,0,0,0,0.0,0.0,0.0,0.0,0,0,0,0,0,0.0,0.0,0.0,0.0,45,-7,54,0,7,729,DEF,Luis Eduardo Soares da Silva,Nott'm Forest
619,61,1,0,False,2025-10-04T14:00:00Z,2.0,0.0,7,False,0,0,0,0,0,0,0,0,0,0,0,0,0,0.0,0.0,0.0,0.0,0,0,0,0,0,0.0,0.0,0.0,0.0,49,-27,2299,62,89,619,MID,Luis Guilherme Lira dos Santos,West Ham
91,63,10,0,True,2025-10-03T19:00:00Z,3.0,1.0,7,False,0,0,0,0,0,0,0,0,0,0,0,0,0,0.0,0.0,0.0,0.0,0,0,0,0,0,0.0,0.0,0.0,0.0,50,-71,1618,0,71,91,MID,Luis Sinisterra Lucumí,Bournemouth
738,61,1,0,False,2025-10-04T14:00:00Z,2.0,0.0,7,False,0,0,0,0,0,0,0,0,0,0,0,0,0,0.0,0.0,0.0,0.0,0,0,0,0,0,0.0,0.0,0.0,0.0,45,169,3007,419,250,738,GKP,Lukasz Fabianski,West Ham
365,67,18,1,True,2025-10-04T11:30:00Z,1.0,2.0,7,False,11,0,0,0,0,0,0,0,0,0,0,0,2,0.0,1.1,2.0,0.3,0,0,0,0,0,0.0,0.0,0.0,0.03,50,-4958,91131,6709,11667,365,FWD,Lukas Nmecha,Leeds
578,67,11,0,False,2025-10-04T11:30:00Z,1.0,2.0,7,False,0,0,0,0,0,0,0,0,0,0,0,0,0,0.0,0.0,0.0,0.0,0,0,0,0,0,0.0,0.0,0.0,0.0,39,-4373,59945,0,4373,578,DEF,Luka Vušković,Spurs
334,63,4,0,False,2025-10-03T19:00:00Z,3.0,1.0,7,False,0,0,0,0,0,0,0,0,0,0,0,0,0,0.0,0.0,0.0,0.0,0,0,0,0,0,0.0,0.0,0.0,0.0,45,-10,234,0,10,334,MID,Luke Harris,Fulham
539,68,14,0,False,2025-10-04T14:00:00Z,2.0,0.0,7,False,0,0,0,0,0,0,0,0,0,0,0,0,0,0.0,0.0,0.0,0.0,0,0,0,0,0,0.0,0.0,0.0,0.0,40,441,3437,623,182,539,DEF,Luke O'Nien,Sunderland
443,68,17,6,True,2025-10-04T14:00:00Z,2.0,0.0,7,False,90,0,0,1,0,0,0,0,0,0,0,0,23,8.6,1.1,0.0,1.0,3,4,2,5,1,0.0,0.01,0.01,0.71,45,-659,37901,2351,3010,443,DEF,Luke Shaw,Man Utd
724,68,14,1,False,2025-10-04T14:00:00Z,2.0,0.0,7,False,11,0,0,0,0,0,0,0,0,0,0,0,7,4.2,0.0,0.0,0.4,0,0,2,2,0,0.0,0.0,0.0,0.39,45,107,1787,318,211,724,DEF,Lutsharel Geertruida,Sunderland
563,68,14,0,False,2025-10-04T14:00:00Z,2.0,0.0,7,False,0,0,0,0,0,0,0,0,0,0,0,0,0,0.0,0.0,0.0,0.0,0,0,0,0,0,0.0,0.0,0.0,0.0,44,-1689,16217,0,1689,563,FWD,Luís Hemir Silva Semedo,Sunderland
217,62,2,1,False,2025-10-05T13:00:00Z,2.0,1.0,7,False,68,0,0,0,2,0,0,0,1,0,0,0,-2,0.0,1.3,4.0,0.1,0,0,0,0,1,0.0,0.02,0.02,1.12,50,29276,273785,56771,27495,217,FWD,Lyle Foster,Burnley
679,61,1,0,False,2025-10-04T14:00:00Z,2.0,0.0,7,False,0,0,0,0,0,0,0,0,0,0,0,0,0,0.0,0.0,0.0,0.0,0,0,0,0,0,0.0,0.0,0.0,0.0,45,-1298,33870,1206,2504,679,GKP,Mads Hermansen,West Ham
112,64,13,0,True,2025-10-05T15:30:00Z,0.0,1.0,7,False,0,0,0,0,0,0,0,0,0,0,0,0,0,0.0,0.0,0.0,0.0,0,0,0,0,0,0.0,0.0,0.0,0.0,45,-114,2280,0,114,112,DEF,Mads Roerslev Rasmussen,Brentford
277,66,9,0,False,2025-10-05T13:00:00Z,2.0,1.0,7,False,0,0,0,0,0,0,0,0,0,0,0,0,0,0.0,0.0,0.0,0.0,0,0,0,0,0,0.0,0.0,0.0,0.0,45,-13,460,0,13,277,MID,Malcolm Ebiowei,Crystal Palace
14,61,19,0,True,2025-10-04T14:00:00Z,2.0,0.0,7,False,0,0,0,0,0,0,0,0,0,0,0,0,0,0.0,0.0,0.0,0.0,0,0,0,0,0,0.0,0.0,0.0,0.0,39,-2272,19705,0,2272,14,DEF,Maldini Kacurri,Arsenal
684,69,16,8,True,2025-10-05T13:00:00Z,2.0,0.0,7,False,90,0,0,1,0,0,0,0,0,0,0,2,32,14.8,10.9,25.0,5.1,5,7,1,6,1,0.58,0.01,0.59,0.29,49,4958,23362,6071,1113,684,DEF,Malick Thiaw,Newcastle
174,70,20,0,False,2025-10-05T13:00:00Z,1.0,1.0,7,False,0,0,0,0,0,0,0,0,0,0,0,0,0,0.0,0.0,0.0,0.0,0,0,0,0,0,0.0,0.0,0.0,0.0,50,-23,723,0,23,174,MID,Malick Yalcouyé,Brighton
228,65,12,5,True,2025-10-04T16:30:00Z,2.0,1.0,7,False,90,0,1,0,1,0,0,0,0,0,0,0,18,25.0,14.8,3.0,4.3,2,9,1,3,1,0.02,0.04,0.06,1.95,49,-12998,145190,2308,15306,228,DEF,Malo Gusto,Chelsea
231,65,12,0,True,2025-10-04T16:30:00Z,2.0,1.0,7,False,0,0,0,0,0,0,0,0,0,0,0,0,0,0.0,0.0,0.0,0.0,0,0,0,0,0,0.0,0.0,0.0,0.0,45,-44,1025,0,44,231,DEF,Mamadou Sarr,Chelsea
589,67,11,0,False,2025-10-04T11:30:00Z,1.0,2.0,7,False,0,0,0,0,0,0,0,0,0,0,0,0,0,0.0,0.0,0.0,0.0,0,0,0,0,0,0.0,0.0,0.0,0.0,54,-41,981,0,41,589,MID,Manor Solomon,Spurs
404,64,5,0,False,2025-10-05T15:30:00Z,0.0,1.0,7,False,0,0,0,0,0,0,0,0,0,0,0,0,0,0.0,0.0,0.0,0.0,0,0,0,0,0,0.0,0.0,0.0,0.0,54,-2335,40636,0,2335,404,DEF,Manuel Akanji,Man City
201,62,2,0,False,2025-10-05T13:00:00Z,2.0,1.0,7,False,0,0,0,0,0,0,0,0,0,0,0,0,0,0.0,0.0,0.0,0.0,0,0,0,0,0,0.0,0.0,0.0,0.0,54,-288,2511,0,288,201,MID,Manuel Benson Hedilazio,Burnley
459,68,17,1,True,2025-10-04T14:00:00Z,2.0,0.0,7,False,5,0,0,0,0,0,0,0,0,0,0,0,3,0.2,0.0,0.0,0.0,0,1,0,1,0,0.0,0.0,0.0,0.21,49,-306,17688,1239,1545,459,MID,Manuel Ugarte Ribeiro,Man Utd
72,63,10,2,True,2025-10-03T19:00:00Z,3.0,1.0,7,False,77,0,0,0,1,0,0,0,0,0,0,0,9,23.2,8.1,2.0,3.3,7,2,0,7,1,0.0,0.72,0.72,0.6,49,705030,2940581,728338,23308,72,DEF,Marcos Senesi Barón,Bournemouth
33,62,3,0,True,2025-10-05T13:00:00Z,2.0,1.0,7,False,0,0,0,0,0,0,0,0,0,0,0,0,0,0.0,0.0,0.0,0.0,0,0,0,0,0,0.0,0.0,0.0,0.0,44,-4038,70101,1391,5429,33,GKP,Marco Bizot,Aston Villa
401,64,5,0,False,2025-10-05T15:30:00Z,0.0,1.0,7,False,0,0,0,0,0,0,0,0,0,0,0,0,0,0.0,0.0,0.0,0.0,0,0,0,0,0,0.0,0.0,0.0,0.0,40,-462,14592,132,594,401,GKP,Marcus Bettinelli,Man City
206,62,2,0,False,2025-10-05T13:00:00Z,2.0,1.0,7,False,0,0,0,0,0,0,0,0,0,0,0,0,0,0.0,0.0,0.0,0.0,0,0,0,0,0,0.0,0.0,0.0,0.0,48,-400,7202,271,671,206,MID,Marcus Edwards,Burnley
451,68,17,0,True,2025-10-04T14:00:00Z,2.0,0.0,7,False,0,0,0,0,0,0,0,0,0,0,0,0,0,0.0,0.0,0.0,0.0,0,0,0,0,0,0.0,0.0,0.0,0.0,70,-71,2192,0,71,451,MID,Marcus Rashford,Man Utd
84,63,10,3,True,2025-10-03T19:00:00Z,3.0,1.0,7,False,60,0,0,1,0,0,0,0,0,0,0,0,1,5.0,31.1,8.0,4.4,1,4,0,5,1,0.0,0.05,0.05,0.2,55,-24368,168805,6027,30395,84,MID,Marcus Tavernier,Bournemouth
224,65,12,7,True,2025-10-04T16:30:00Z,2.0,1.0,7,False,90,0,1,0,1,0,0,0,0,0,0,2,33,38.0,38.4,6.0,8.2,7,4,2,9,1,0.0,0.62,0.62,1.95,61,-372032,2612010,25031,397063,224,DEF,Marc Cucurella Saseta,Chelsea
252,65,12,1,True,2025-10-04T16:30:00Z,2.0,1.0,7,False,16,0,0,0,0,0,0,0,0,0,0,0,1,0.0,0.0,4.0,0.1,0,0,0,0,0,0.03,0.0,0.03,0.41,43,-62467,957269,51086,113553,252,FWD,Marc Guiu Paz,Chelsea
260,66,9,3,False,2025-10-05T13:00:00Z,2.0,1.0,7,False,90,0,0,0,2,0,0,0,0,0,0,0,7,26.8,3.6,37.0,6.7,8,5,2,10,1,0.2,0.48,0.68,2.03,48,526259,3642394,558565,32306,260,DEF,Marc Guéhi,Man City
524,69,15,0,False,2025-10-05T13:00:00Z,2.0,0.0,7,False,0,0,0,0,0,0,0,0,0,0,0,0,0,0.0,0.0,0.0,0.0,0,0,0,0,0,0.0,0.0,0.0,0.0,45,-160,2928,0,160,524,MID,Marko Stamenić,Nott'm Forest
471,69,16,0,True,2025-10-05T13:00:00Z,2.0,0.0,7,False,0,0,0,0,0,0,0,0,0,0,0,0,0,0.0,0.0,0.0,0.0,0,0,0,0,0,0.0,0.0,0.0,0.0,40,-370,17028,191,561,471,GKP,Mark Gillespie,Newcastle
288,66,8,0,True,2025-10-05T13:00:00Z,2.0,1.0,7,False,0,0,0,0,0,0,0,0,0,0,0,0,0,0.0,0.0,0.0,0.0,0,0,0,0,0,0.0,0.0,0.0,0.0,44,-514,15008,140,654,288,GKP,Mark Travers,Everton
648,70,6,5,True,2025-10-05T13:00:00Z,1.0,1.0,7,False,90,0,1,0,1,0,0,0,0,0,0,0,19,11.2,0.6,17.0,2.9,3,2,2,7,1,0.09,0.01,0.1,1.15,54,21,5825,475,454,648,MID,Marshall Munetsi,Wolves
333,63,4,0,False,2025-10-03T19:00:00Z,3.0,1.0,7,False,0,0,0,0,0,0,0,0,0,0,0,0,0,0.0,0.0,0.0,0.0,0,0,0,0,0,0.0,0.0,0.0,0.0,45,-339,4238,0,339,333,MID,Martial Godo,Fulham
470,62,2,2,False,2025-10-05T13:00:00Z,2.0,1.0,7,False,90,0,0,0,2,0,0,0,0,0,5,0,12,34.6,0.0,0.0,3.5,0,4,0,0,1,0.0,0.0,0.0,1.37,40,-4465,4138990,71787,76252,470,GKP,Martin Dúbravka,Burnley
313,66,8,0,True,2025-10-05T13:00:00Z,2.0,1.0,7,False,0,0,0,0,0,0,0,0,0,0,0,0,0,0.0,0.0,0.0,0.0,0,0,0,0,0,0.0,0.0,0.0,0.0,44,-2299,21042,0,2299,313,FWD,Martin Sherif,Everton
17,61,19,1,True,2025-10-04T14:00:00Z,2.0,0.0,7,False,29,0,0,0,0,0,0,0,0,0,0,0,4,3.2,16.5,0.0,2.0,0,0,1,1,1,0.0,0.21,0.21,0.34,79,17816,239807,26642,8826,17,MID,Martin Ødegaard,Arsenal
26,61,19,3,True,2025-10-04T14:00:00Z,2.0,0.0,7,False,60,0,0,1,0,0,0,0,0,0,0,0,20,22.6,18.4,0.0,4.1,3,3,5,11,0,0.0,0.16,0.16,0.15,55,28817,544196,75192,46375,26,MID,Martín Zubimendi Ibáñez,Arsenal
455,68,17,10,True,2025-10-04T14:00:00Z,2.0,0.0,7,False,64,1,0,1,0,0,0,0,0,0,0,2,29,36.8,13.7,23.0,7.4,1,3,0,4,1,0.16,0.06,0.22,0.37,59,-987,24628,924,1911,455,MID,Mason Mount,Man Utd
75,63,10,0,True,2025-10-03T19:00:00Z,3.0,1.0,7,False,0,0,0,0,0,0,0,0,0,0,0,0,0,0.0,0.0,0.0,0.0,0,0,0,0,0,0.0,0.0,0.0,0.0,40,-1119,32757,630,1749,75,DEF,Matai Akinmboni,Bournemouth
364,67,18,0,True,2025-10-04T11:30:00Z,1.0,2.0,7,False,0,0,0,0,0,0,0,0,0,0,0,0,0,0.0,0.0,0.0,0.0,0,0,0,0,0,0.0,0.0,0.0,0.0,50,-50,1447,0,50,364,FWD,Mateo Joseph Fernández-Regatillo,Leeds
422,64,5,0,False,2025-10-05T15:30:00Z,0.0,1.0,7,False,0,0,0,0,0,0,0,0,0,0,0,0,0,0.0,0.0,0.0,0.0,0,0,0,0,0,0.0,0.0,0.0,0.0,59,362,1903,463,101,422,MID,Mateo Kovačić,Man City
708,61,1,4,False,2025-10-04T14:00:00Z,2.0,0.0,7,False,90,0,0,0,2,0,0,0,0,0,0,0,14,17.4,2.1,0.0,2.0,1,4,7,12,1,0.0,0.01,0.01,2.77,55,-34,3042,323,357,708,MID,Mateus Gonçalo Espanha Fernandes,West Ham
279,66,9,0,False,2025-10-05T13:00:00Z,2.0,1.0,7,False,0,0,0,0,0,0,0,0,0,0,0,0,0,0.0,0.0,0.0,0.0,0,0,0,0,0,0.0,0.0,0.0,0.0,45,-55,1040,0,55,279,MID,Matheus França de Oliveira,Crystal Palace
407,64,5,5,False,2025-10-05T15:30:00Z,0.0,1.0,7,False,90,0,0,1,0,0,0,0,1,0,0,0,26,15.8,8.3,0.0,2.4,3,4,1,4,1,0.0,0.03,0.03,0.83,53,17382,55611,20205,2823,407,DEF,Matheus Nunes,Man City
450,68,17,1,True,2025-10-04T14:00:00Z,2.0,0.0,7,False,25,0,0,0,0,0,0,0,0,0,0,0,2,1.0,1.3,30.0,3.2,1,3,0,4,0,0.39,0.0,0.39,0.34,80,-14552,512942,23894,38446,450,MID,Matheus Santos Carneiro da Cunha,Man Utd
126,64,13,1,True,2025-10-05T15:30:00Z,0.0,1.0,7,False,22,0,0,0,0,0,0,0,0,0,0,0,3,0.4,0.3,0.0,0.1,0,1,0,1,0,0.0,0.0,0.0,0.0,49,683,8598,1165,482,126,MID,Mathias Jensen,Brentford
584,67,11,9,False,2025-10-04T11:30:00Z,1.0,2.0,7,False,72,1,0,0,1,0,0,0,0,0,0,2,28,33.2,1.3,21.0,5.6,2,3,0,5,1,0.12,0.01,0.13,1.41,63,-263,12362,802,1065,584,MID,Mathys Tel,Spurs
173,70,20,1,False,2025-10-05T13:00:00Z,1.0,1.0,7,False,69,0,0,0,1,0,0,0,1,0,0,0,8,7.4,26.6,10.0,4.4,4,3,0,7,1,0.1,0.11,0.21,0.51,49,-59,6401,286,345,173,MID,Mats Wieffer,Brighton
103,64,13,0,True,2025-10-05T15:30:00Z,0.0,1.0,7,False,0,0,0,0,0,0,0,0,0,0,0,0,0,0.0,0.0,0.0,0.0,0,0,0,0,0,0.0,0.0,0.0,0.0,40,-456,17303,220,676,103,GKP,Matthew Cox,Brentford
436,68,17,8,True,2025-10-04T14:00:00Z,2.0,0.0,7,False,90,0,0,1,0,0,0,0,0,0,0,2,29,14.4,0.5,2.0,1.7,7,1,2,9,1,0.0,0.0,0.0,0.71,50,-4552,337170,15298,19850,436,DEF,Matthijs de Ligt,Man Utd
36,62,3,2,True,2025-10-05T13:00:00Z,2.0,1.0,7,False,83,0,0,0,1,0,0,0,0,0,0,0,9,10.6,16.4,9.0,3.6,2,2,1,3,1,0.01,0.03,0.04,0.39,46,26256,673353,51368,25112,36,DEF,Matty Cash,Aston Villa
632,70,6,0,True,2025-10-05T13:00:00Z,1.0,1.0,7,False,0,0,0,0,0,0,0,0,0,0,0,0,0,0.0,0.0,0.0,0.0,0,0,0,0,0,0.0,0.0,0.0,0.0,44,-904,15851,314,1218,632,DEF,Matt Doherty,Wolves
164,70,20,0,False,2025-10-05T13:00:00Z,1.0,1.0,7,False,0,0,0,0,0,0,0,0,0,0,0,0,0,0.0,0.0,0.0,0.0,0,0,0,0,0,0.0,0.0,0.0,0.0,55,-5969,57585,0,5969,164,MID,Matt O'Riley,Brighton
484,69,16,0,True,2025-10-05T13:00:00Z,2.0,0.0,7,False,0,0,0,0,0,0,0,0,0,0,0,0,0,0.0,0.0,0.0,0.0,0,0,0,0,0,0.0,0.0,0.0,0.0,40,-2474,28951,0,2474,484,DEF,Matt Targett,Newcastle
504,69,15,0,False,2025-10-05T13:00:00Z,2.0,0.0,7,False,0,0,0,0,0,0,0,0,0,0,0,0,0,0.0,0.0,0.0,0.0,0,0,0,0,0,0.0,0.0,0.0,0.0,40,-716,14208,0,716,504,GKP,Matt Turner,Nott'm Forest
502,69,15,3,False,2025-10-05T13:00:00Z,2.0,0.0,7,False,90,0,0,0,2,0,0,0,0,0,7,0,20,54.2,0.0,0.0,5.4,0,8,0,0,1,0.0,0.0,0.0,3.28,49,-191134,1336799,5161,196295,502,GKP,Matz Sels,Nott'm Forest
257,66,9,3,False,2025-10-05T13:00:00Z,2.0,1.0,7,False,90,0,0,0,2,0,0,0,0,0,0,0,3,17.6,14.5,2.0,3.4,9,2,1,10,1,0.0,0.01,0.01,2.03,51,31362,507311,59960,28598,257,DEF,Maxence Lacroix,Crystal Palace
191,62,2,1,False,2025-10-05T13:00:00Z,2.0,1.0,7,False,90,0,0,0,2,0,0,0,0,0,0,0,7,13.2,1.4,2.0,1.7,6,3,0,6,1,0.0,0.01,0.01,1.37,40,-106386,1684361,19518,125904,191,DEF,Maxime Estève,Burnley
605,61,1,1,False,2025-10-04T14:00:00Z,2.0,0.0,7,False,90,0,0,0,2,0,0,0,0,0,0,0,2,21.0,0.5,0.0,2.2,9,3,0,9,1,0.0,0.0,0.0,2.77,44,-57,21820,1788,1845,605,DEF,Maximilian Kilman,West Ham
145,70,20,1,False,2025-10-05T13:00:00Z,1.0,1.0,7,False,20,0,0,0,0,0,0,0,0,0,0,0,10,7.6,15.1,7.0,3.0,0,0,0,0,0,0.04,0.07,0.11,0.05,44,-6633,303947,11390,18023,145,DEF,Maxim De Cuyper,Brighton
617,61,1,0,False,2025-10-04T14:00:00Z,2.0,0.0,7,False,0,0,0,0,0,0,0,0,0,0,0,0,0,0.0,0.0,0.0,0.0,0,0,0,0,0,0.0,0.0,0.0,0.0,49,-116,2364,0,116,617,MID,Maxwel Cornet,West Ham
700,61,19,0,True,2025-10-04T14:00:00Z,2.0,0.0,7,False,0,0,0,0,0,0,0,0,0,0,0,0,0,0.0,0.0,0.0,0.0,0,0,0,0,0,0.0,0.0,0.0,0.0,45,-3747,44480,2112,5859,700,MID,Max Dowman,Arsenal
183,62,2,0,False,2025-10-05T13:00:00Z,2.0,1.0,7,False,0,0,0,0,0,0,0,0,0,0,0,0,0,0.0,0.0,0.0,0.0,0,0,0,0,0,0.0,0.0,0.0,0.0,44,-619,15452,189,808,183,GKP,Max Weiß,Burnley
728,66,8,0,True,2025-10-05T13:00:00Z,2.0,1.0,7,False,0,0,0,0,0,0,0,0,0,0,0,0,0,0.0,0.0,0.0,0.0,0,0,0,0,0,0.0,0.0,0.0,0.0,50,-54,515,21,75,728,MID,Merlin Röhl,Everton
110,64,13,2,True,2025-10-05T15:30:00Z,0.0,1.0,7,False,90,0,0,0,1,0,0,0,0,0,0,0,4,12.2,5.3,4.0,2.2,5,6,2,7,1,0.02,0.01,0.03,0.83,45,-2188,41034,1567,3755,110,DEF,Michael Kayode,Brentford
295,66,8,4,True,2025-10-05T13:00:00Z,2.0,1.0,7,False,64,0,0,0,1,0,0,0,0,0,0,0,9,20.6,0.4,11.0,3.2,10,4,1,11,1,0.23,0.0,0.23,1.32,45,17451,117185,24464,7013,295,DEF,Michael Keane,Everton
219,62,2,0,False,2025-10-05T13:00:00Z,2.0,1.0,7,False,0,0,0,0,0,0,0,0,0,0,0,0,0,0.0,0.0,0.0,0.0,0,0,0,0,0,0.0,0.0,0.0,0.0,44,-1997,22350,0,1997,219,FWD,Michael Obafemi,Burnley
575,67,11,2,False,2025-10-04T11:30:00Z,1.0,2.0,7,False,90,0,0,0,1,0,0,0,0,0,0,0,14,14.8,0.3,0.0,1.5,4,4,2,6,1,0.0,0.0,0.0,1.68,48,28519,4171448,134966,106447,575,DEF,Micky van de Ven,Spurs
22,61,19,1,True,2025-10-04T14:00:00Z,2.0,0.0,7,False,11,0,0,0,0,0,0,0,0,0,0,0,0,0.0,3.7,12.0,1.2,0,0,0,0,0,0.16,0.0,0.16,0.13,59,10019,76226,15936,5917,22,MID,Mikel Merino Zazón,Arsenal
592,67,11,0,False,2025-10-04T11:30:00Z,1.0,2.0,7,False,0,0,0,0,0,0,0,0,0,0,0,0,0,0.0,0.0,0.0,0.0,0,0,0,0,0,0.0,0.0,0.0,0.0,50,-13,486,0,13,592,MID,Mikey Moore,Spurs
222,65,12,0,True,2025-10-04T16:30:00Z,2.0,1.0,7,False,0,0,0,0,0,0,0,0,0,0,0,0,0,0.0,0.0,0.0,0.0,0,0,0,0,0,0.0,0.0,0.0,0.0,40,-11,427,0,11,222,GKP,Mike Penders,Chelsea
214,62,2,0,False,2025-10-05T13:00:00Z,2.0,1.0,7,False,0,0,0,0,0,0,0,0,0,0,0,0,0,0.0,0.0,0.0,0.0,0,0,0,0,0,0.0,0.0,0.0,0.0,44,258,9444,1071,813,214,MID,Mike Trésor Ndayishimiye,Burnley
121,64,13,2,True,2025-10-05T15:30:00Z,0.0,1.0,7,False,67,0,0,0,1,0,0,0,0,0,0,0,13,15.6,1.8,0.0,1.7,4,2,3,9,1,0.0,0.01,0.01,0.83,58,-5228,75488,2396,7624,121,MID,Mikkel Damsgaard,Brentford
546,68,14,0,False,2025-10-04T14:00:00Z,2.0,0.0,7,False,0,0,0,0,0,0,0,0,0,0,0,0,0,0.0,0.0,0.0,0.0,0,0,0,0,0,0.0,0.0,0.0,0.0,49,-126,2434,0,126,546,MID,Milan Aleksić,Sunderland
371,65,7,1,False,2025-10-04T16:30:00Z,2.0,1.0,7,False,54,0,0,0,1,0,0,0,0,0,0,0,4,7.6,5.7,2.0,1.5,4,4,1,5,1,0.0,0.01,0.01,0.14,59,-48963,546049,7258,56221,371,DEF,Milos Kerkez,Liverpool
483,69,16,0,True,2025-10-05T13:00:00Z,2.0,0.0,7,False,0,0,0,0,0,0,0,0,0,0,0,0,0,0.0,0.0,0.0,0.0,0,0,0,0,0,0.0,0.0,0.0,0.0,39,-1071,28171,615,1686,483,DEF,Miodrag Pivaš,Newcastle
157,70,20,0,False,2025-10-05T13:00:00Z,1.0,1.0,7,False,0,0,0,0,0,0,0,0,0,0,0,0,0,0.0,0.0,0.0,0.0,0,0,0,0,0,0.0,0.0,0.0,0.0,64,-53579,482118,15742,69321,157,MID,Mitoma Kaoru,Brighton
381,65,7,2,False,2025-10-04T16:30:00Z,2.0,1.0,7,False,90,0,0,0,2,0,0,0,0,0,0,0,4,5.6,51.8,10.0,6.7,0,4,0,4,1,0.26,0.27,0.53,1.0,145,-708702,5036539,45559,754261,381,MID,Mohamed Salah,Liverpool
582,67,11,12,False,2025-10-04T11:30:00Z,1.0,2.0,7,False,89,1,1,0,1,0,0,0,1,0,0,3,36,58.0,12.8,24.0,9.5,0,4,2,6,1,0.27,0.04,0.31,1.43,67,-110254,3779814,114837,225091,582,MID,Mohammed Kudus,Spurs
241,65,12,10,True,2025-10-04T16:30:00Z,2.0,1.0,7,False,90,1,0,0,1,0,0,0,0,0,0,3,35,49.0,6.3,16.0,7.1,2,5,4,11,1,0.06,0.02,0.08,1.95,57,-44282,1405013,78549,122831,241,MID,Moisés Caicedo Corozo,Chelsea
515,69,15,4,False,2025-10-05T13:00:00Z,2.0,0.0,7,False,90,0,0,0,2,0,0,0,0,0,0,0,19,14.2,7.9,21.0,4.3,5,8,0,13,1,0.12,0.08,0.2,3.28,74,-96321,457073,4634,100955,515,MID,Morgan Gibbs-White,Nott'm Forest
47,62,3,5,True,2025-10-05T13:00:00Z,2.0,1.0,7,False,90,0,1,0,1,0,0,0,0,0,0,0,21,30.6,13.3,33.0,7.7,2,5,2,9,1,0.24,0.08,0.32,0.42,69,-27111,687856,33588,60699,47,MID,Morgan Rogers,Aston Villa
506,69,15,0,False,2025-10-05T13:00:00Z,2.0,0.0,7,False,0,0,0,0,0,0,0,0,0,0,0,0,0,0.0,0.0,0.0,0.0,0,0,0,0,0,0.0,0.0,0.0,0.0,54,-60217,298866,709,60926,506,DEF,Murillo Costa dos Santos,Nott'm Forest
245,65,12,0,True,2025-10-04T16:30:00Z,2.0,1.0,7,False,0,0,0,0,0,0,0,0,0,0,0,0,0,0.0,0.0,0.0,0.0,0,0,0,0,0,0.0,0.0,0.0,0.0,50,-11,921,48,59,245,MID,Mykhailo Mudryk,Chelsea
10,61,19,1,True,2025-10-04T14:00:00Z,2.0,0.0,7,False,15,0,0,0,0,0,0,0,0,0,0,0,2,3.2,0.3,2.0,0.6,2,1,0,2,0,0.0,0.0,0.0,0.13,53,-14553,230990,2830,17383,10,DEF,Myles Lewis-Skelly,Arsenal
133,64,13,0,True,2025-10-05T15:30:00Z,0.0,1.0,7,False,0,0,0,0,0,0,0,0,0,0,0,0,0,0.0,0.0,0.0,0.0,0,0,0,0,0,0.0,0.0,0.0,0.0,45,-94,4486,242,336,133,MID,Myles Peart-Harris,Brentford
275,66,9,0,False,2025-10-05T13:00:00Z,2.0,1.0,7,False,0,0,0,0,0,0,0,0,0,0,0,0,0,0.0,0.0,0.0,0.0,0,0,0,0,0,0.0,0.0,0.0,0.0,44,263,5575,756,493,275,MID,Naouirou Ahamada,Crystal Palace
263,66,9,0,False,2025-10-05T13:00:00Z,2.0,1.0,7,False,0,0,0,0,0,0,0,0,0,0,0,0,0,0.0,0.0,0.0,0.0,0,0,0,0,0,0.0,0.0,0.0,0.0,39,308,60846,4024,3716,263,DEF,Nathaniel Clyne,Crystal Palace
405,64,5,0,False,2025-10-05T15:30:00Z,0.0,1.0,7,False,0,0,0,0,0,0,0,0,0,0,0,0,0,0.0,0.0,0.0,0.0,0,0,0,0,0,0.0,0.0,0.0,0.0,54,-2089,80185,1927,4016,405,DEF,Nathan Aké,Man City
106,64,13,2,True,2025-10-05T15:30:00Z,0.0,1.0,7,False,90,0,0,0,1,0,0,0,0,0,0,0,11,15.0,0.4,0.0,1.5,5,4,0,5,1,0.0,0.01,0.01,0.83,50,-12453,149458,2108,14561,106,DEF,Nathan Collins,Brentford
658,70,6,0,True,2025-10-05T13:00:00Z,1.0,1.0,7,False,0,0,0,0,0,0,0,0,0,0,0,0,0,0.0,0.0,0.0,0.0,0,0,0,0,0,0.0,0.0,0.0,0.0,44,-10598,268760,9647,20245,658,FWD,Nathan Fraser,Wolves
296,66,8,0,True,2025-10-05T13:00:00Z,2.0,1.0,7,False,0,0,0,0,0,0,0,0,0,0,0,0,0,0.0,0.0,0.0,0.0,0,0,0,0,0,0.0,0.0,0.0,0.0,44,-38,2296,102,140,296,DEF,Nathan Patterson,Everton
607,61,1,0,False,2025-10-04T14:00:00Z,2.0,0.0,7,False,0,0,0,0,0,0,0,0,0,0,0,0,0,0.0,0.0,0.0,0.0,0,0,0,0,0,0.0,0.0,0.0,0.0,44,-449,6748,0,449,607,DEF,Nayef Aguerd,West Ham
564,68,14,0,False,2025-10-04T14:00:00Z,2.0,0.0,7,False,0,0,0,0,0,0,0,0,0,0,0,0,0,0.0,0.0,0.0,0.0,0,0,0,0,0,0.0,0.0,0.0,0.0,44,-922,14713,0,922,564,FWD,Nazarii Rusyn,Sunderland
508,69,15,0,False,2025-10-05T13:00:00Z,2.0,0.0,7,False,90,0,0,0,2,0,0,0,1,0,0,0,9,25.6,11.8,17.0,5.4,3,6,4,7,1,0.03,0.01,0.04,3.28,49,-116770,609278,4677,121447,508,DEF,Neco Williams,Nott'm Forest
559,68,14,0,False,2025-10-04T14:00:00Z,2.0,0.0,7,False,0,0,0,0,0,0,0,0,0,0,0,0,0,0.0,0.0,0.0,0.0,0,0,0,0,0,0.0,0.0,0.0,0.0,44,-754,6512,0,754,559,MID,Nectarios Triantis,Sunderland
537,68,14,0,False,2025-10-04T14:00:00Z,2.0,0.0,7,False,0,0,0,0,0,0,0,0,0,0,0,0,0,0.0,0.0,0.0,0.0,0,0,0,0,0,0.0,0.0,0.0,0.0,40,-808,12448,0,808,537,DEF,Niall Huggins,Sunderland
469,69,16,7,True,2025-10-05T13:00:00Z,2.0,0.0,7,False,90,0,0,1,0,0,0,0,0,0,4,0,31,29.0,0.0,0.0,2.9,1,8,0,0,1,0.0,0.0,0.0,0.29,51,214146,1062484,243259,29113,469,GKP,Nick Pope,Newcastle
714,69,16,6,True,2025-10-05T13:00:00Z,2.0,0.0,7,False,90,1,0,1,0,0,0,0,0,0,0,0,18,36.2,16.3,31.0,8.4,0,4,2,6,1,1.37,0.08,1.45,0.29,71,398735,819594,439484,40749,714,FWD,Nick Woltemade,Newcastle
625,61,1,2,False,2025-10-04T14:00:00Z,2.0,0.0,7,False,60,0,0,0,1,0,0,0,0,0,0,0,1,0.0,0.4,9.0,0.7,1,2,0,3,1,0.33,0.0,0.33,1.81,57,-9412,116763,3300,12712,625,FWD,Niclas Füllkrug,West Ham
251,65,12,0,True,2025-10-04T16:30:00Z,2.0,1.0,7,False,0,0,0,0,0,0,0,0,0,0,0,0,0,0.0,0.0,0.0,0.0,0,0,0,0,0,0.0,0.0,0.0,0.0,65,-355,10554,0,355,251,FWD,Nicolas Jackson,Chelsea
519,69,15,0,False,2025-10-05T13:00:00Z,2.0,0.0,7,False,0,0,0,0,0,0,0,0,0,0,0,0,0,0.0,0.0,0.0,0.0,0,0,0,0,0,0.0,0.0,0.0,0.0,50,69,579,126,57,519,MID,Nicolás Domínguez,Nott'm Forest
716,69,15,1,False,2025-10-05T13:00:00Z,2.0,0.0,7,False,90,0,0,0,2,0,0,0,0,0,0,0,1,9.4,2.3,0.0,1.2,3,6,0,3,1,0.0,0.04,0.04,3.28,45,-69,1359,86,155,716,DEF,Nicolò Savona,Nott'm Forest
423,64,5,3,False,2025-10-05T15:30:00Z,0.0,1.0,7,False,68,0,0,1,0,0,0,0,0,0,0,0,19,13.6,4.7,0.0,1.8,4,2,4,10,0,0.0,0.02,0.02,0.83,59,-256,10576,472,728,423,MID,Nico González Iglesias,Man City
411,64,5,5,False,2025-10-05T15:30:00Z,0.0,1.0,7,False,90,0,0,1,0,0,0,0,1,0,0,0,31,21.6,32.4,4.0,5.8,1,7,4,5,1,0.0,0.05,0.05,0.83,49,8412,78078,15334,6922,411,DEF,Nico O'Reilly,Man City
505,69,15,3,False,2025-10-05T13:00:00Z,2.0,0.0,7,False,90,0,0,0,2,0,0,0,0,0,0,0,9,15.2,0.4,0.0,1.6,10,4,0,10,1,0.0,0.0,0.0,3.28,54,-112825,667209,3607,116432,505,DEF,Nikola Milenković,Nott'm Forest
698,67,18,8,True,2025-10-04T11:30:00Z,1.0,2.0,7,False,78,1,0,0,2,0,0,0,1,0,0,2,28,39.8,21.8,33.0,9.5,0,2,2,4,1,0.77,0.04,0.81,0.5,55,1381,10364,3140,1759,698,MID,Noah Okafor,Leeds
552,68,14,1,False,2025-10-04T14:00:00Z,2.0,0.0,7,False,90,0,0,0,2,0,0,0,1,0,0,0,10,10.0,5.9,0.0,1.6,4,3,3,10,1,0.0,0.02,0.02,1.84,50,155,6330,583,428,552,MID,Noah Sadiki,Sunderland
18,61,19,0,True,2025-10-04T14:00:00Z,2.0,0.0,7,False,0,0,0,0,0,0,0,0,0,0,0,0,0,0.0,0.0,0.0,0.0,0,0,0,0,0,0.0,0.0,0.0,0.0,69,-31901,100197,206,32107,18,MID,Noni Madueke,Arsenal
311,66,8,1,True,2025-10-05T13:00:00Z,2.0,1.0,7,False,45,0,0,0,0,0,0,0,0,0,0,0,-2,10.4,13.0,39.0,6.2,1,2,2,5,0,0.34,0.01,0.35,1.02,54,-56061,523212,18687,74748,311,FWD,Norberto Bercique Gomes Betuncal,Everton
66,63,10,0,True,2025-10-03T19:00:00Z,3.0,1.0,7,False,0,0,0,0,0,0,0,0,0,0,0,0,0,0.0,0.0,0.0,0.0,0,0,0,0,0,0.0,0.0,0.0,0.0,45,-669,10326,0,669,66,GKP,Norberto Murara Neto,Bournemouth
694,68,14,3,False,2025-10-04T14:00:00Z,2.0,0.0,7,False,90,0,0,0,2,0,0,0,0,0,0,0,13,23.2,1.6,2.0,2.7,6,6,6,12,1,0.0,0.01,0.01,1.84,40,46897,235915,56127,9230,694,DEF,Nordi Mukiele,Sunderland
438,68,17,0,True,2025-10-04T14:00:00Z,2.0,0.0,7,False,0,0,0,0,0,0,0,0,0,0,0,0,0,0.0,0.0,0.0,0.0,0,0,0,0,0,0.0,0.0,0.0,0.0,49,-5441,24131,80,5521,438,DEF,Noussair Mazraoui,Man Utd
285,66,9,0,False,2025-10-05T13:00:00Z,2.0,1.0,7,False,0,0,0,0,0,0,0,0,0,0,0,0,0,0.0,0.0,0.0,0.0,0,0,0,0,0,0.0,0.0,0.0,0.0,50,-3344,37039,0,3344,285,FWD,Odsonne Édouard,Crystal Palace
472,69,16,0,True,2025-10-05T13:00:00Z,2.0,0.0,7,False,0,0,0,0,0,0,0,0,0,0,0,0,0,0.0,0.0,0.0,0.0,0,0,0,0,0,0.0,0.0,0.0,0.0,40,-113,2382,0,113,472,GKP,Odysseas Vlachodimos,Newcastle
507,69,15,0,False,2025-10-05T13:00:00Z,2.0,0.0,7,False,0,0,0,0,0,0,0,0,0,0,0,0,0,0.0,0.0,0.0,0.0,0,0,0,0,0,0.0,0.0,0.0,0.0,48,-93864,446200,56,93920,507,DEF,Ola Aina,Nott'm Forest
12,69,15,0,False,2025-10-05T13:00:00Z,2.0,0.0,7,False,0,0,0,0,0,0,0,0,0,0,0,0,0,0.0,0.0,0.0,0.0,0,0,0,0,0,0.0,0.0,0.0,0.0,49,-3685,39509,1168,4853,12,DEF,Oleksandr Zinchenko,Nott'm Forest
197,62,2,0,False,2025-10-05T13:00:00Z,2.0,1.0,7,False,0,0,0,0,0,0,0,0,0,0,0,0,0,0.0,0.0,0.0,0.0,0,0,0,0,0,0.0,0.0,0.0,0.0,40,-531,16494,254,785,197,DEF,Oliver Sonne,Burnley
143,70,20,0,False,2025-10-05T13:00:00Z,1.0,1.0,7,False,0,0,0,0,0,0,0,0,0,0,0,0,0,0.0,0.0,0.0,0.0,0,0,0,0,0,0.0,0.0,0.0,0.0,43,-335,10108,224,559,143,DEF,Olivier Boscagli,Brighton
608,61,1,0,False,2025-10-04T14:00:00Z,2.0,0.0,7,False,0,0,0,0,0,0,0,0,0,0,0,0,0,0.0,0.0,0.0,0.0,0,0,0,0,0,0.0,0.0,0.0,0.0,44,7,4077,163,156,608,DEF,Ollie Scarles,West Ham
64,62,3,2,True,2025-10-05T13:00:00Z,2.0,1.0,7,False,66,0,0,1,0,0,0,0,0,0,0,0,0,0.0,3.8,13.0,1.5,1,0,0,1,1,0.26,0.03,0.29,0.1,87,-4197,1212657,99199,103396,64,FWD,Ollie Watkins,Aston Villa
212,62,2,0,False,2025-10-05T13:00:00Z,2.0,1.0,7,False,0,0,0,0,0,0,0,0,0,0,0,0,0,0.0,0.0,0.0,0.0,0,0,0,0,0,0.0,0.0,0.0,0.0,45,-83,1182,0,83,212,MID,Oluwaseun Adewumi,Burnley
693,69,15,1,False,2025-10-05T13:00:00Z,2.0,0.0,7,False,25,0,0,0,1,0,0,0,0,0,0,0,0,0.4,3.5,4.0,0.8,0,1,0,1,0,0.0,0.01,0.01,2.25,55,-80,3254,240,320,693,MID,Omari Hutchinson,Nott'm Forest
683,68,14,0,False,2025-10-04T14:00:00Z,2.0,0.0,7,False,90,0,0,0,2,0,0,0,1,0,0,0,2,15.0,2.3,0.0,1.7,4,2,1,5,1,0.0,0.01,0.01,1.84,41,425512,763041,441449,15937,683,DEF,Omar Alderete,Sunderland
413,64,5,0,False,2025-10-05T15:30:00Z,0.0,1.0,7,False,0,0,0,0,0,0,0,0,0,0,0,0,0,0.0,0.0,0.0,0.0,0,0,0,0,0,0.0,0.0,0.0,0.0,83,-29343,332551,268,29611,413,MID,Omar Marmoush,Man City
512,69,15,0,False,2025-10-05T13:00:00Z,2.0,0.0,7,False,0,0,0,0,0,0,0,0,0,0,0,0,0,0.0,0.0,0.0,0.0,0,0,0,0,0,0.0,0.0,0.0,0.0,45,-180,3082,0,180,512,DEF,Omar Richards,Nott'm Forest
424,64,5,3,False,2025-10-05T15:30:00Z,0.0,1.0,7,False,75,0,0,1,0,0,0,0,0,0,0,0,20,11.8,40.5,19.0,7.1,0,3,1,4,1,0.03,0.2,0.23,0.71,55,-5456,40894,1197,6653,424,MID,Oscar Bobb,Fulham
76,63,10,0,True,2025-10-03T19:00:00Z,3.0,1.0,7,False,0,0,0,0,0,0,0,0,0,0,0,0,0,0.0,0.0,0.0,0.0,0,0,0,0,0,0.0,0.0,0.0,0.0,39,256,19683,1158,902,76,DEF,Owen Bevan,Bournemouth
189,62,2,0,False,2025-10-05T13:00:00Z,2.0,1.0,7,False,0,0,0,0,0,0,0,0,0,0,0,0,0,0.0,0.0,0.0,0.0,0,0,0,0,0,0.0,0.0,0.0,0.0,40,-69,2018,0,69,189,DEF,Owen Dodgson,Burnley
593,67,11,1,False,2025-10-04T11:30:00Z,1.0,2.0,7,False,17,0,0,0,0,0,0,0,0,0,0,0,5,6.4,0.7,0.0,0.7,1,1,2,4,0,0.0,0.0,0.0,0.27,50,-14249,295127,15778,30027,593,MID,Pape Matar Sarr,Spurs
132,64,13,0,True,2025-10-05T15:30:00Z,0.0,1.0,7,False,0,0,0,0,0,0,0,0,0,0,0,0,0,0.0,0.0,0.0,0.0,0,0,0,0,0,0.0,0.0,0.0,0.0,45,-115,1536,20,135,132,MID,Paris Maghoma,Brentford
343,67,18,1,True,2025-10-04T11:30:00Z,1.0,2.0,7,False,90,0,0,0,2,0,0,0,0,0,0,0,2,6.8,1.4,15.0,2.3,5,0,0,5,1,0.3,0.01,0.31,0.53,45,193,46492,3820,3627,343,DEF,Pascal Struijk,Leeds
363,67,18,0,True,2025-10-04T11:30:00Z,1.0,2.0,7,False,0,0,0,0,0,0,0,0,0,0,0,0,0,0.0,0.0,0.0,0.0,0,0,0,0,0,0.0,0.0,0.0,0.0,49,-7277,64477,0,7277,363,FWD,Patrick Bamford,Leeds
441,68,17,1,True,2025-10-04T14:00:00Z,2.0,0.0,7,False,26,0,0,0,0,0,0,0,0,0,0,0,6,4.4,10.1,2.0,1.7,1,1,1,2,0,0.0,0.0,0.0,0.34,45,-45582,573173,12540,58122,441,DEF,Patrick Dorgu,Man Utd
545,68,14,0,False,2025-10-04T14:00:00Z,2.0,0.0,7,False,0,0,0,0,0,0,0,0,0,0,0,0,0,0.0,0.0,0.0,0.0,0,0,0,0,0,0.0,0.0,0.0,0.0,54,-116,1978,0,116,545,MID,Patrick Roberts,Sunderland
41,62,3,4,True,2025-10-05T13:00:00Z,2.0,1.0,7,False,90,0,0,0,1,0,0,0,0,0,0,0,20,29.4,1.6,4.0,3.5,10,7,3,13,1,0.03,0.01,0.04,0.42,44,-743,41476,1570,2313,41,DEF,Pau Torres,Aston Villa
640,70,6,0,True,2025-10-05T13:00:00Z,1.0,1.0,7,False,0,0,0,0,0,0,0,0,0,0,0,0,0,0.0,0.0,0.0,0.0,0,0,0,0,0,0.0,0.0,0.0,0.0,40,-5036,70307,0,5036,640,DEF,Pedro Cardoso de Lima,Wolves
236,65,12,2,True,2025-10-04T16:30:00Z,2.0,1.0,7,False,74,0,0,0,1,0,0,0,0,0,0,0,7,1.4,2.4,5.0,0.9,1,3,0,4,1,0.03,0.02,0.05,1.54,70,-56960,484399,10898,67858,236,MID,Pedro Lomba Neto,Chelsea
568,67,11,7,False,2025-10-04T11:30:00Z,1.0,2.0,7,False,90,0,1,0,1,0,0,0,0,0,0,0,15,15.2,2.9,4.0,2.2,8,4,2,10,1,0.0,0.02,0.02,1.68,56,-170047,2630539,44969,215016,568,DEF,Pedro Porro Sauceda,Spurs
147,70,20,0,False,2025-10-05T13:00:00Z,1.0,1.0,7,False,0,0,0,0,0,0,0,0,0,0,0,0,0,0.0,0.0,0.0,0.0,0,0,0,0,0,0.0,0.0,0.0,0.0,45,-30,1352,0,30,147,DEF,Pervis Estupiñán Tenorio,Brighton
89,63,10,0,True,2025-10-03T19:00:00Z,3.0,1.0,7,False,0,0,0,0,0,0,0,0,0,0,0,0,0,0.0,0.0,0.0,0.0,0,0,0,0,0,0.0,0.0,0.0,0.0,49,-193,3433,0,193,89,MID,Philip Billing,Bournemouth
414,64,5,3,False,2025-10-05T15:30:00Z,0.0,1.0,7,False,90,0,0,1,0,0,0,0,0,0,0,0,18,12.2,38.1,20.0,7.0,1,4,2,7,1,0.28,0.21,0.49,0.83,81,32434,756942,118333,85899,414,MID,Phil Foden,Man City
725,61,19,0,True,2025-10-04T14:00:00Z,2.0,0.0,7,False,0,0,0,0,0,0,0,0,0,0,0,0,0,0.0,0.0,0.0,0.0,0,0,0,0,0,0.0,0.0,0.0,0.0,54,-714,2946,29,743,725,DEF,Piero Hincapié,Arsenal
556,68,14,0,False,2025-10-04T14:00:00Z,2.0,0.0,7,False,0,0,0,0,0,0,0,0,0,0,0,0,0,0.0,0.0,0.0,0.0,0,0,0,0,0,0.0,0.0,0.0,0.0,45,-60,930,0,60,556,MID,Pierre Ekwah Elimby,Sunderland
192,62,2,4,False,2025-10-05T13:00:00Z,2.0,1.0,7,False,90,0,1,0,2,0,0,0,0,0,0,0,12,21.6,32.8,2.0,5.6,0,4,0,0,1,0.0,0.17,0.17,1.37,40,1121,61749,4982,3861,192,DEF,Quilindschy Hartman,Burnley
572,67,11,0,False,2025-10-04T11:30:00Z,1.0,2.0,7,False,0,0,0,0,0,0,0,0,0,0,0,0,0,0.0,0.0,0.0,0.0,0,0,0,0,0,0.0,0.0,0.0,0.0,45,10,618,46,36,572,DEF,Radu Drăgușin,Spurs
726,67,11,0,False,2025-10-04T11:30:00Z,1.0,2.0,7,False,0,0,0,0,0,0,0,0,0,0,0,0,0,0.0,0.0,0.0,0.0,0,0,0,0,0,0.0,0.0,0.0,0.0,69,-6074,19268,178,6252,726,FWD,Randal Kolo Muani,Spurs
465,68,17,0,True,2025-10-04T14:00:00Z,2.0,0.0,7,False,0,0,0,0,0,0,0,0,0,0,0,0,0,0.0,0.0,0.0,0.0,0,0,0,0,0,0.0,0.0,0.0,0.0,63,-1314,37470,0,1314,465,FWD,Rasmus Højlund,Man Utd
402,64,5,0,False,2025-10-05T15:30:00Z,0.0,1.0,7,False,0,0,0,0,0,0,0,0,0,0,0,0,0,0.0,0.0,0.0,0.0,0,0,0,0,0,0.0,0.0,0.0,0.0,58,-136544,720387,181,136725,402,DEF,Rayan Aït-Nouri,Man City
417,64,5,0,False,2025-10-05T15:30:00Z,0.0,1.0,7,False,0,0,0,0,0,0,0,0,0,0,0,0,0,0.0,0.0,0.0,0.0,0,0,0,0,0,0.0,0.0,0.0,0.0,63,-20667,253993,170,20837,417,MID,Rayan Cherki,Man City
337,63,4,0,False,2025-10-03T19:00:00Z,3.0,1.0,7,False,0,0,0,0,0,0,0,0,0,0,0,0,0,0.0,0.0,0.0,0.0,0,0,0,0,0,0.0,0.0,0.0,0.0,63,-13877,111257,1743,15620,337,FWD,Raúl Jiménez Rodríguez,Fulham
225,65,12,4,True,2025-10-04T16:30:00Z,2.0,1.0,7,False,90,0,0,0,1,0,0,0,0,0,0,0,16,25.8,23.2,0.0,4.9,5,2,5,10,1,0.0,0.06,0.06,1.95,54,-13357,515555,18015,31372,225,DEF,Reece James,Chelsea
298,66,8,0,True,2025-10-05T13:00:00Z,2.0,1.0,7,False,0,0,0,0,0,0,0,0,0,0,0,0,0,0.0,0.0,0.0,0.0,0,0,0,0,0,0.0,0.0,0.0,0.0,39,-396,17896,366,762,298,DEF,Reece Welch,Everton
541,68,14,0,False,2025-10-04T14:00:00Z,2.0,0.0,7,False,0,0,0,0,0,0,0,0,0,0,0,0,0,0.0,0.0,0.0,0.0,0,0,0,0,0,0.0,0.0,0.0,0.0,40,-107732,669078,761,108493,541,DEF,Reinildo Mandava,Sunderland
27,64,13,0,True,2025-10-05T15:30:00Z,0.0,1.0,7,False,0,0,0,0,0,0,0,0,0,0,0,0,0,0.0,0.0,0.0,0.0,0,0,0,0,0,0.0,0.0,0.0,0.0,49,-980,13279,178,1158,27,MID,Reiss Nelson,Brentford
255,66,9,0,False,2025-10-05T13:00:00Z,2.0,1.0,7,False,0,0,0,0,0,0,0,0,0,0,0,0,0,0.0,0.0,0.0,0.0,0,0,0,0,0,0.0,0.0,0.0,0.0,40,-415,12885,274,689,255,GKP,Remi Matthews,Crystal Palace
687,63,10,0,True,2025-10-03T19:00:00Z,3.0,1.0,7,False,0,0,0,0,0,0,0,0,0,0,0,0,0,0.0,0.0,0.0,0.0,0,0,0,0,0,0.0,0.0,0.0,0.0,44,613,15188,1270,657,687,MID,Remy Rees-Dottin,Bournemouth
379,65,7,0,False,2025-10-04T16:30:00Z,2.0,1.0,7,False,0,0,0,0,0,0,0,0,0,0,0,0,0,0.0,0.0,0.0,0.0,0,0,0,0,0,0.0,0.0,0.0,0.0,39,-664,23229,437,1101,379,DEF,Rhys Williams,Liverpool
7,61,19,6,True,2025-10-04T14:00:00Z,2.0,0.0,7,False,74,0,0,1,0,0,0,0,0,0,0,0,26,8.8,5.4,19.0,3.3,3,5,3,6,1,0.17,0.02,0.19,0.36,57,25129,1786011,121007,95878,7,DEF,Riccardo Calafiori,Arsenal
597,67,11,1,False,2025-10-04T11:30:00Z,1.0,2.0,7,False,16,0,0,0,0,0,0,0,0,0,0,0,3,0.2,0.1,5.0,0.5,3,3,0,6,0,0.03,0.0,0.03,0.27,68,-67908,2044901,149273,217181,597,FWD,Richarlison de Andrade,Spurs
109,64,13,0,True,2025-10-05T15:30:00Z,0.0,1.0,7,False,0,0,0,0,0,0,0,0,0,0,0,0,0,0.0,0.0,0.0,0.0,0,0,0,0,0,0.0,0.0,0.0,0.0,44,-608,14551,277,885,109,DEF,Rico Henry,Brentford
410,64,5,0,False,2025-10-05T15:30:00Z,0.0,1.0,7,False,0,0,0,0,0,0,0,0,0,0,0,0,0,0.0,0.0,0.0,0.0,0,0,0,0,0,0.0,0.0,0.0,0.0,50,-28509,265067,2105,30614,410,DEF,Rico Lewis,Man City
690,66,9,0,False,2025-10-05T13:00:00Z,2.0,1.0,7,False,0,0,0,0,0,0,0,0,0,0,0,0,0,0.0,0.0,0.0,0.0,0,0,0,0,0,0.0,0.0,0.0,0.0,44,15287,48194,19344,4057,690,MID,Rio Cardines,Crystal Palace
686,65,7,0,False,2025-10-04T16:30:00Z,2.0,1.0,7,False,0,0,0,0,0,0,0,0,0,0,0,0,0,0.0,0.0,0.0,0.0,0,0,0,0,0,0.0,0.0,0.0,0.0,45,1157,77456,9331,8174,686,MID,Rio Ngumoha,Liverpool
220,65,12,2,True,2025-10-04T16:30:00Z,2.0,1.0,7,False,90,0,0,0,1,0,0,0,0,0,1,0,8,9.4,0.0,0.0,0.9,0,11,0,0,1,0.0,0.0,0.0,1.95,49,-220549,1825464,11248,231797,220,GKP,Robert Lynch Sánchez,Chelsea
670,68,14,2,False,2025-10-04T14:00:00Z,2.0,0.0,7,False,90,0,0,0,2,0,0,0,0,0,4,0,12,28.4,0.0,0.0,2.8,0,14,0,0,1,0.0,0.0,0.0,1.84,46,184476,528228,199929,15453,670,GKP,Robin Roefs,Sunderland
264,66,9,0,False,2025-10-05T13:00:00Z,2.0,1.0,7,False,0,0,0,0,0,0,0,0,0,0,0,0,0,0.0,0.0,0.0,0.0,0,0,0,0,0,0.0,0.0,0.0,0.0,40,-124,2802,0,124,264,DEF,Rob Holding,Crystal Palace
421,64,5,1,False,2025-10-05T15:30:00Z,0.0,1.0,7,False,21,0,0,0,0,0,0,0,0,0,0,0,4,2.6,12.6,0.0,1.5,0,2,0,2,1,0.0,0.01,0.01,0.0,64,-10877,75205,1652,12529,421,MID,Rodrigo 'Rodri' Hernandez Cascante,Man City
585,67,11,4,False,2025-10-04T11:30:00Z,1.0,2.0,7,False,90,0,0,0,1,0,0,0,0,0,0,0,13,12.2,1.7,1.0,1.5,7,3,2,12,1,0.02,0.01,0.03,1.68,54,-396,16799,652,1048,585,MID,Rodrigo Bentancur,Spurs
635,70,6,0,True,2025-10-05T13:00:00Z,1.0,1.0,7,False,0,0,0,0,0,0,0,0,0,0,0,0,0,0.0,0.0,0.0,0.0,0,0,0,0,0,0.0,0.0,0.0,0.0,45,-750,11705,271,1021,635,DEF,Rodrigo Martins Gomes,Wolves
338,63,4,0,False,2025-10-03T19:00:00Z,3.0,1.0,7,False,0,0,0,0,0,0,0,0,0,0,0,0,0,0.0,0.0,0.0,0.0,0,0,0,0,0,0.0,0.0,0.0,0.0,55,-67116,227020,4764,71880,338,FWD,Rodrigo Muniz Carvalho,Fulham
548,68,14,0,False,2025-10-04T14:00:00Z,2.0,0.0,7,False,0,0,0,0,0,0,0,0,0,0,0,0,0,0.0,0.0,0.0,0.0,0,0,0,0,0,0.0,0.0,0.0,0.0,49,-12,540,11,23,548,MID,Romaine Mundle,Sunderland
269,66,9,0,False,2025-10-05T13:00:00Z,2.0,1.0,7,False,0,0,0,0,0,0,0,0,0,0,0,0,0,0.0,0.0,0.0,0.0,0,0,0,0,0,0.0,0.0,0.0,0.0,48,-629,18792,745,1374,269,MID,Romain Esse,Crystal Palace
92,63,10,0,True,2025-10-03T19:00:00Z,3.0,1.0,7,False,0,0,0,0,0,0,0,0,0,0,0,0,0,0.0,0.0,0.0,0.0,0,0,0,0,0,0.0,0.0,0.0,0.0,45,-1008,11507,0,1008,92,MID,Romain Faivre,Bournemouth
297,66,8,0,True,2025-10-05T13:00:00Z,2.0,1.0,7,False,0,0,0,0,0,0,0,0,0,0,0,0,0,0.0,0.0,0.0,0.0,0,0,0,0,0,0.0,0.0,0.0,0.0,39,-407,23172,552,959,297,DEF,Roman Dixon,Everton
130,64,13,0,True,2025-10-05T15:30:00Z,0.0,1.0,7,False,0,0,0,0,0,0,0,0,0,0,0,0,0,0.0,0.0,0.0,0.0,0,0,0,0,0,0.0,0.0,0.0,0.0,45,145,12785,1128,983,130,MID,Romelle Donovan,Brentford
244,65,12,1,True,2025-10-04T16:30:00Z,2.0,1.0,7,False,35,0,0,0,1,0,0,0,0,0,0,0,6,6.8,3.0,0.0,1.0,2,2,1,5,0,0.0,0.02,0.02,1.02,49,201,1777,268,67,244,MID,Roméo Lavia,Chelsea
55,62,3,1,True,2025-10-05T13:00:00Z,2.0,1.0,7,False,6,0,0,0,0,0,0,0,0,0,0,0,1,0.0,0.3,7.0,0.7,1,2,0,3,0,0.16,0.0,0.16,0.03,48,-254,4060,22,276,55,MID,Ross Barkley,Aston Villa
87,63,10,1,True,2025-10-03T19:00:00Z,3.0,1.0,7,False,12,0,0,0,0,0,0,0,0,0,0,0,3,4.2,4.6,0.0,0.9,0,1,1,2,0,0.0,0.0,0.0,0.28,50,242,8534,733,491,87,MID,Ryan Christie,Bournemouth
390,65,7,2,False,2025-10-04T16:30:00Z,2.0,1.0,7,False,90,0,0,0,2,0,0,0,0,0,0,0,16,12.8,1.3,7.0,2.1,3,4,1,8,1,0.03,0.01,0.04,1.0,56,236197,688040,270454,34257,390,MID,Ryan Gravenberch,Liverpool
742,64,5,0,False,2025-10-05T15:30:00Z,0.0,1.0,7,False,0,0,0,0,0,0,0,0,0,0,0,0,0,0.0,0.0,0.0,0.0,0,0,0,0,0,0.0,0.0,0.0,0.0,45,189,323,220,31,742,MID,Ryan McAidoo,Man City
328,63,4,9,False,2025-10-03T19:00:00Z,3.0,1.0,7,False,90,1,0,0,3,0,0,0,0,0,0,2,34,45.8,16.9,27.0,9.0,4,5,1,10,1,0.4,0.25,0.65,1.12,54,27,5053,549,522,328,MID,Ryan Sessegnon,Fulham
134,64,13,0,True,2025-10-05T15:30:00Z,0.0,1.0,7,False,0,0,0,0,0,0,0,0,0,0,0,0,0,0.0,0.0,0.0,0.0,0,0,0,0,0,0.0,0.0,0.0,0.0,45,-30,656,0,30,134,MID,Ryan Trevitt,Brentford
522,69,15,1,False,2025-10-05T13:00:00Z,2.0,0.0,7,False,63,0,0,0,1,0,0,0,1,0,0,0,3,12.6,1.3,17.0,3.1,5,2,0,7,1,0.07,0.0,0.07,1.03,48,-392,10247,424,816,522,MID,Ryan Yates,Nott'm Forest
408,64,5,9,False,2025-10-05T15:30:00Z,0.0,1.0,7,False,90,0,0,1,0,0,0,0,0,0,0,1,32,27.2,7.2,0.0,3.4,10,4,1,11,1,0.0,0.03,0.03,0.83,55,-7722,514408,19131,26853,408,DEF,Rúben dos Santos Gato Alves Dias,Man City
323,63,4,0,False,2025-10-03T19:00:00Z,3.0,1.0,7,False,0,0,0,0,0,0,0,0,0,0,0,0,0,0.0,0.0,0.0,0.0,0,0,0,0,0,0.0,0.0,0.0,0.0,39,-357,17550,412,769,323,DEF,Samuel Amissah,Fulham
727,63,4,4,False,2025-10-03T19:00:00Z,3.0,1.0,7,False,23,0,1,0,3,0,0,0,0,0,0,0,17,20.6,24.9,2.0,4.8,0,2,0,2,0,0.0,0.39,0.39,0.67,54,-80,2783,349,429,727,MID,Samuel Chukwueze,Fulham
51,62,3,0,True,2025-10-05T13:00:00Z,2.0,1.0,7,False,0,0,0,0,0,0,0,0,0,0,0,0,0,0.0,0.0,0.0,0.0,0,0,0,0,0,0.0,0.0,0.0,0.0,55,-366,3120,0,366,51,MID,Samuel Iling-Junior,Aston Villa
346,67,18,0,True,2025-10-04T11:30:00Z,1.0,2.0,7,False,0,0,0,0,0,0,0,0,0,0,0,0,0,0.0,0.0,0.0,0.0,0,0,0,0,0,0.0,0.0,0.0,0.0,39,102,32822,2396,2294,346,DEF,Sam Byram,Leeds
355,67,18,0,True,2025-10-04T11:30:00Z,1.0,2.0,7,False,0,0,0,0,0,0,0,0,0,0,0,0,0,0.0,0.0,0.0,0.0,0,0,0,0,0,0.0,0.0,0.0,0.0,49,-337,5328,0,337,355,MID,Sam Greenwood,Leeds
627,70,6,3,True,2025-10-05T13:00:00Z,1.0,1.0,7,False,90,0,0,0,1,0,0,0,0,0,5,0,19,36.4,0.0,0.0,3.6,0,14,0,0,1,0.0,0.0,0.0,1.15,45,558,16485,1250,692,627,GKP,Sam Johnstone,Wolves
703,62,3,0,True,2025-10-05T13:00:00Z,2.0,1.0,7,False,0,0,0,0,0,0,0,0,0,0,0,0,0,0.0,0.0,0.0,0.0,0,0,0,0,0,0.0,0.0,0.0,0.0,40,-589,31064,609,1198,703,GKP,Sam Proctor,Aston Villa
330,63,4,2,False,2025-10-03T19:00:00Z,3.0,1.0,7,False,90,0,0,0,3,0,0,0,0,0,0,0,12,8.8,4.1,0.0,1.3,0,8,2,10,1,0.0,0.04,0.04,1.12,50,-206,7925,253,459,330,MID,Sander Berge,Fulham
491,69,16,3,True,2025-10-05T13:00:00Z,2.0,0.0,7,False,90,0,0,1,0,0,0,0,0,0,0,0,19,19.0,32.3,18.0,6.9,2,6,3,11,1,0.05,0.06,0.11,0.29,54,12949,166220,21250,8301,491,MID,Sandro Tonali,Newcastle
636,70,6,1,True,2025-10-05T13:00:00Z,1.0,1.0,7,False,90,0,0,0,1,0,0,0,1,0,0,0,4,9.2,0.7,0.0,1.0,4,2,2,6,1,0.0,0.01,0.01,1.15,44,3085,9204,3671,586,636,DEF,Santiago Ignacio Bueno,Wolves
656,70,6,0,True,2025-10-05T13:00:00Z,1.0,1.0,7,False,0,0,0,0,0,0,0,0,0,0,0,0,0,0.0,0.0,0.0,0.0,0,0,0,0,0,0.0,0.0,0.0,0.0,49,-448,7753,0,448,656,FWD,Saša Kalajdžić,Wolves
332,63,4,1,False,2025-10-03T19:00:00Z,3.0,1.0,7,False,13,0,0,0,0,0,0,0,0,0,0,0,4,6.0,0.0,0.0,0.6,3,0,1,4,1,0.0,0.0,0.0,0.05,50,75,10318,779,704,332,MID,Saša Lukić,Fulham
493,67,18,2,True,2025-10-04T11:30:00Z,1.0,2.0,7,False,90,0,0,0,2,0,0,0,0,0,0,0,21,13.8,71.2,5.0,9.0,0,5,4,9,1,0.22,0.2,0.42,0.53,49,37213,63378,42410,5197,493,MID,Sean Longstaff,Leeds
501,69,16,0,True,2025-10-05T13:00:00Z,2.0,0.0,7,False,0,0,0,0,0,0,0,0,0,0,0,0,0,0.0,0.0,0.0,0.0,0,0,0,0,0,0.0,0.0,0.0,0.0,44,-599,28299,1179,1778,501,FWD,Sean Neave,Newcastle
345,67,18,0,True,2025-10-04T11:30:00Z,1.0,2.0,7,False,0,0,0,0,0,0,0,0,0,0,0,0,0,0.0,0.0,0.0,0.0,0,0,0,0,0,0.0,0.0,0.0,0.0,39,-399,9465,463,862,345,DEF,Sebastiaan Bornauw,Leeds
733,68,17,9,True,2025-10-04T14:00:00Z,2.0,0.0,7,False,90,0,0,1,0,0,0,0,0,0,3,2,29,24.2,0.0,0.0,2.4,1,11,0,0,1,0.0,0.0,0.0,0.71,50,-465,16142,1326,1791,733,GKP,Senne Lammens,Man Utd
113,64,13,2,True,2025-10-05T15:30:00Z,0.0,1.0,7,False,90,0,0,0,1,0,0,0,0,0,0,0,10,7.6,10.8,2.0,2.0,2,4,0,2,1,0.0,0.06,0.06,0.83,45,-5459,75900,1459,6918,113,DEF,Sepp van den Berg,Brentford
689,69,16,0,True,2025-10-05T13:00:00Z,2.0,0.0,7,False,0,0,0,0,0,0,0,0,0,0,0,0,0,0.0,0.0,0.0,0.0,0,0,0,0,0,0.0,0.0,0.0,0.0,44,3673,31166,6218,2545,689,MID,Seung-Soo Park,Newcastle
196,62,2,0,False,2025-10-05T13:00:00Z,2.0,1.0,7,False,0,0,0,0,0,0,0,0,0,0,0,0,0,0.0,0.0,0.0,0.0,0,0,0,0,0,0.0,0.0,0.0,0.0,40,-333,6720,0,333,196,DEF,Shurandy Sambo,Burnley
543,68,14,1,False,2025-10-04T14:00:00Z,2.0,0.0,7,False,36,0,0,0,2,0,0,0,0,0,0,0,4,8.0,18.1,0.0,2.6,1,0,1,2,1,0.0,0.05,0.05,1.21,53,-11843,88564,1812,13655,543,MID,Simon Adingra,Sunderland
529,68,14,0,False,2025-10-04T14:00:00Z,2.0,0.0,7,False,0,0,0,0,0,0,0,0,0,0,0,0,0,0.0,0.0,0.0,0.0,0,0,0,0,0,0.0,0.0,0.0,0.0,40,-1320,49735,637,1957,529,GKP,Simon Moore,Sunderland
159,70,20,0,False,2025-10-05T13:00:00Z,1.0,1.0,7,False,0,0,0,0,0,0,0,0,0,0,0,0,0,0.0,0.0,0.0,0.0,0,0,0,0,0,0.0,0.0,0.0,0.0,58,-89,902,22,111,159,MID,Solly March,Brighton
579,67,11,0,False,2025-10-04T11:30:00Z,1.0,2.0,7,False,0,0,0,0,0,0,0,0,0,0,0,0,0,0.0,0.0,0.0,0.0,0,0,0,0,0,0.0,0.0,0.0,0.0,85,-273,16642,0,273,579,MID,Son Heung-min,Spurs
718,61,1,2,False,2025-10-04T14:00:00Z,2.0,0.0,7,False,60,0,0,0,1,0,0,0,0,0,0,0,7,10.4,1.2,0.0,1.2,4,0,1,5,1,0.0,0.0,0.0,1.81,50,30,813,110,80,718,MID,Soungoutou Magassa,West Ham
180,70,20,4,False,2025-10-05T13:00:00Z,1.0,1.0,7,False,20,0,1,0,0,0,0,0,0,0,0,0,11,19.0,20.5,11.0,5.1,0,0,0,0,0,0.05,0.0,0.05,0.05,54,-531,12015,504,1035,180,FWD,Stefanos Tzimas,Brighton
393,65,7,0,False,2025-10-04T16:30:00Z,2.0,1.0,7,False,0,0,0,0,0,0,0,0,0,0,0,0,0,0.0,0.0,0.0,0.0,0,0,0,0,0,0.0,0.0,0.0,0.0,44,-379,5484,67,446,393,MID,Stefan Bajčetić Maquieira,Liverpool
400,64,5,0,False,2025-10-05T15:30:00Z,0.0,1.0,7,False,0,0,0,0,0,0,0,0,0,0,0,0,0,0.0,0.0,0.0,0.0,0,0,0,0,0,0.0,0.0,0.0,0.0,48,-764,22267,104,868,400,GKP,Stefan Ortega Moreno,Nott'm Forest
740,64,5,0,False,2025-10-05T15:30:00Z,0.0,1.0,7,False,0,0,0,0,0,0,0,0,0,0,0,0,0,0.0,0.0,0.0,0.0,0,0,0,0,0,0.0,0.0,0.0,0.0,40,37,2125,229,192,740,DEF,Stephen Mfuni,Man City
315,63,4,0,False,2025-10-03T19:00:00Z,3.0,1.0,7,False,0,0,0,0,0,0,0,0,0,0,0,0,0,0.0,0.0,0.0,0.0,0,0,0,0,0,0.0,0.0,0.0,0.0,40,-23,638,0,23,315,GKP,Steven Benda,Fulham
475,69,16,6,True,2025-10-05T13:00:00Z,2.0,0.0,7,False,90,0,0,1,0,0,0,0,0,0,0,0,31,20.6,10.8,19.0,5.0,6,7,0,6,1,0.08,0.23,0.31,0.29,49,7829,65160,10873,3044,475,DEF,Sven Botman,Newcastle
428,64,5,0,False,2025-10-05T15:30:00Z,0.0,1.0,7,False,0,0,0,0,0,0,0,0,0,0,0,0,0,0.0,0.0,0.0,0.0,0,0,0,0,0,0.0,0.0,0.0,0.0,50,-48,1660,0,48,428,MID,Sverre Nypan,Man City
415,64,5,3,False,2025-10-05T15:30:00Z,0.0,1.0,7,False,90,0,0,1,0,0,0,0,0,0,0,0,11,1.2,9.0,2.0,1.2,0,7,0,7,1,0.0,0.04,0.04,0.83,69,137,51985,2271,2134,415,MID,Sávio Moreira de Oliveira,Man City
294,66,8,1,True,2025-10-05T13:00:00Z,2.0,1.0,7,False,1,0,0,0,0,0,0,0,0,0,0,0,4,0.0,0.0,0.0,0.0,0,0,0,0,0,0.0,0.0,0.0,0.24,44,-509,15460,303,812,294,DEF,Séamus Coleman,Everton
463,68,17,0,True,2025-10-04T14:00:00Z,2.0,0.0,7,False,0,0,0,0,0,0,0,0,0,0,0,0,0,0.0,0.0,0.0,0.0,0,0,0,0,0,0.0,0.0,0.0,0.0,44,-171,10312,491,662,463,MID,Sékou Koné,Man Utd
527,69,15,0,False,2025-10-05T13:00:00Z,2.0,0.0,7,False,0,0,0,0,0,0,0,0,0,0,0,0,0,0.0,0.0,0.0,0.0,0,0,0,0,0,0.0,0.0,0.0,0.0,53,-3281,48240,1392,4673,527,FWD,Taiwo Awoniyi,Nott'm Forest
577,67,11,0,False,2025-10-04T11:30:00Z,1.0,2.0,7,False,0,0,0,0,0,0,0,0,0,0,0,0,0,0.0,0.0,0.0,0.0,0,0,0,0,0,0.0,0.0,0.0,0.0,40,-290,7412,74,364,577,DEF,Takai Kōta,Spurs
358,67,18,1,True,2025-10-04T11:30:00Z,1.0,2.0,7,False,23,0,0,0,0,0,0,0,0,0,0,0,10,4.6,13.5,0.0,1.8,0,2,0,2,0,0.0,0.02,0.02,0.03,49,-915,15103,290,1205,358,MID,Tanaka Ao,Leeds
150,70,20,0,False,2025-10-05T13:00:00Z,1.0,1.0,7,False,0,0,0,0,0,0,0,0,0,0,0,0,0,0.0,0.0,0.0,0.0,0,0,0,0,0,0.0,0.0,0.0,0.0,44,-1590,16126,0,1590,150,DEF,Tariq Lamptey,Brighton
650,70,6,0,True,2025-10-05T13:00:00Z,1.0,1.0,7,False,0,0,0,0,0,0,0,0,0,0,0,0,0,0.0,0.0,0.0,0.0,0,0,0,0,0,0.0,0.0,0.0,0.0,44,-1169,36581,1237,2406,650,MID,Tawanda Chirewa,Wolves
310,66,8,1,True,2025-10-05T13:00:00Z,2.0,1.0,7,False,45,0,0,0,1,0,0,0,0,0,0,0,-2,4.0,10.8,0.0,1.5,2,1,0,3,1,0.0,0.0,0.0,0.63,58,-3193,43960,1412,4605,310,FWD,Thierno Barry,Everton
427,64,5,3,False,2025-10-05T15:30:00Z,0.0,1.0,7,False,75,0,0,1,0,0,0,0,0,0,0,0,14,10.8,18.3,26.0,5.5,1,2,0,3,1,0.18,0.06,0.24,0.71,58,-79758,4061814,146472,226230,427,MID,Tijjani Reijnders,Man City
319,63,4,1,False,2025-10-03T19:00:00Z,3.0,1.0,7,False,90,0,0,0,3,0,0,0,0,0,0,0,5,12.6,12.5,5.0,3.0,6,6,2,8,1,0.04,0.02,0.06,1.12,44,-321,13072,475,796,319,DEF,Timothy Castagne,Fulham
540,68,14,0,False,2025-10-04T14:00:00Z,2.0,0.0,7,False,0,0,0,0,0,0,0,0,0,0,0,0,0,0.0,0.0,0.0,0.0,0,0,0,0,0,0.0,0.0,0.0,0.0,39,3229,56432,7573,4344,540,DEF,Timothée Pembélé,Sunderland
304,66,8,4,True,2025-10-05T13:00:00Z,2.0,1.0,7,False,25,0,1,0,0,0,0,0,0,0,0,0,14,2.6,0.5,2.0,0.5,1,0,1,2,0,0.0,0.0,0.0,0.33,49,-119,3725,70,189,304,MID,Tim Iroegbunam,Everton
477,69,16,0,True,2025-10-05T13:00:00Z,2.0,0.0,7,False,0,0,0,0,0,0,0,0,0,0,0,0,0,0.0,0.0,0.0,0.0,0,0,0,0,0,0.0,0.0,0.0,0.0,51,-267335,862111,52655,319990,477,DEF,Tino Livramento,Newcastle
460,68,17,0,True,2025-10-04T14:00:00Z,2.0,0.0,7,False,0,0,0,0,0,0,0,0,0,0,0,0,0,0.0,0.0,0.0,0.0,0,0,0,0,0,0.0,0.0,0.0,0.0,45,-303,4685,0,303,460,MID,Toby Collyer,Man Utd
720,70,6,1,True,2025-10-05T13:00:00Z,1.0,1.0,7,False,1,0,0,0,0,0,0,0,0,0,0,0,4,0.0,0.0,0.0,0.0,0,0,0,0,0,0.0,0.0,0.0,0.0,55,-329,8460,1267,1596,720,FWD,Tolu Arokodare,Wolves
4,61,19,0,True,2025-10-04T14:00:00Z,2.0,0.0,7,False,0,0,0,0,0,0,0,0,0,0,0,0,0,0.0,0.0,0.0,0.0,0,0,0,0,0,0.0,0.0,0.0,0.0,40,-1019,26881,820,1839,4,GKP,Tommy Setford,Arsenal
331,63,4,2,False,2025-10-03T19:00:00Z,3.0,1.0,7,False,76,0,0,0,3,0,0,0,0,0,0,0,11,1.2,20.4,13.0,3.5,0,2,0,2,0,0.25,0.07,0.32,1.07,49,-88,3642,79,167,331,MID,Tom Cairney,Fulham
651,70,6,0,True,2025-10-05T13:00:00Z,1.0,1.0,7,False,0,0,0,0,0,0,0,0,0,0,0,0,0,0.0,0.0,0.0,0.0,0,0,0,0,0,0.0,0.0,0.0,0.0,44,-1632,49243,1625,3257,651,MID,Tom Edozie,Wolves
434,68,17,0,True,2025-10-04T14:00:00Z,2.0,0.0,7,False,0,0,0,0,0,0,0,0,0,0,0,0,0,0.0,0.0,0.0,0.0,0,0,0,0,0,0.0,0.0,0.0,0.0,40,-925,33107,272,1197,434,GKP,Tom Heaton,Man Utd
630,66,8,0,True,2025-10-05T13:00:00Z,2.0,1.0,7,False,0,0,0,0,0,0,0,0,0,0,0,0,0,0.0,0.0,0.0,0.0,0,0,0,0,0,0.0,0.0,0.0,0.0,40,-4233,146107,529,4762,630,GKP,Tom King,Everton
140,70,20,0,False,2025-10-05T13:00:00Z,1.0,1.0,7,False,0,0,0,0,0,0,0,0,0,0,0,0,0,0.0,0.0,0.0,0.0,0,0,0,0,0,0.0,0.0,0.0,0.0,40,-1200,42769,658,1858,140,GKP,Tom McGill,Brighton
172,70,20,0,False,2025-10-05T13:00:00Z,1.0,1.0,7,False,0,0,0,0,0,0,0,0,0,0,0,0,0,0.0,0.0,0.0,0.0,0,0,0,0,0,0.0,0.0,0.0,0.0,49,-87,3437,90,177,172,MID,Tom Watson,Brighton
613,61,1,0,False,2025-10-04T14:00:00Z,2.0,0.0,7,False,0,0,0,0,0,0,0,0,0,0,0,0,0,0.0,0.0,0.0,0.0,0,0,0,0,0,0.0,0.0,0.0,0.0,57,-3466,27310,44,3510,613,MID,Tomáš Souček,West Ham
232,65,12,0,True,2025-10-04T16:30:00Z,2.0,1.0,7,False,0,0,0,0,0,0,0,0,0,0,0,0,0,0.0,0.0,0.0,0.0,0,0,0,0,0,0.0,0.0,0.0,0.0,44,-25831,70118,158,25989,232,DEF,Tosin Adarabioyo,Chelsea
637,70,6,0,True,2025-10-05T13:00:00Z,1.0,1.0,7,False,0,0,0,0,0,0,0,0,0,0,0,0,0,0.0,0.0,0.0,0.0,0,0,0,0,0,0.0,0.0,0.0,0.0,44,-830,14586,153,983,637,DEF,Toti Gomes,Wolves
532,68,14,1,False,2025-10-04T14:00:00Z,2.0,0.0,7,False,78,0,0,0,2,0,0,0,0,0,0,0,1,6.4,1.8,5.0,1.3,4,2,1,5,1,0.03,0.01,0.04,1.46,45,4254,35892,6242,1988,532,DEF,Trai Hume,Sunderland
710,62,3,0,True,2025-10-05T13:00:00Z,2.0,1.0,7,False,0,0,0,0,0,0,0,0,0,0,0,0,0,0.0,0.0,0.0,0.0,0,0,0,0,0,0.0,0.0,0.0,0.0,40,-353,9594,214,567,710,DEF,Travis Patterson,Aston Villa
226,65,12,0,True,2025-10-04T16:30:00Z,2.0,1.0,7,False,0,0,0,0,0,0,0,0,0,0,0,0,0,0.0,0.0,0.0,0.0,0,0,0,0,0,0.0,0.0,0.0,0.0,52,-404996,897459,9421,414417,226,DEF,Trevoh Chalobah,Chelsea
396,65,7,0,False,2025-10-04T16:30:00Z,2.0,1.0,7,False,0,0,0,0,0,0,0,0,0,0,0,0,0,0.0,0.0,0.0,0.0,0,0,0,0,0,0.0,0.0,0.0,0.0,44,-943,24123,797,1740,396,MID,Trey Nyoni,Liverpool
701,62,3,0,True,2025-10-05T13:00:00Z,2.0,1.0,7,False,0,0,0,0,0,0,0,0,0,0,0,0,0,0.0,0.0,0.0,0.0,0,0,0,0,0,0.0,0.0,0.0,0.0,40,-1378,12716,0,1378,701,DEF,Triston Rowe,Aston Villa
85,63,10,2,True,2025-10-03T19:00:00Z,3.0,1.0,7,False,77,0,0,0,1,0,0,0,0,0,0,0,15,12.4,4.7,7.0,2.4,4,6,0,10,1,0.02,0.02,0.04,0.6,50,-360,48323,3683,4043,85,MID,Tyler Adams,Bournemouth
707,66,8,1,True,2025-10-05T13:00:00Z,2.0,1.0,7,False,45,0,0,0,1,0,0,0,0,0,0,0,1,0.0,0.3,2.0,0.2,0,2,1,3,1,0.0,0.0,0.0,0.63,55,-76,2772,252,328,707,MID,Tyler Dibling,Everton
446,68,17,0,True,2025-10-04T14:00:00Z,2.0,0.0,7,False,0,0,0,0,0,0,0,0,0,0,0,0,0,0.0,0.0,0.0,0.0,0,0,0,0,0,0.0,0.0,0.0,0.0,39,-404,15661,322,726,446,DEF,Tyler Fredricson,Man Utd
395,65,7,0,False,2025-10-04T16:30:00Z,2.0,1.0,7,False,0,0,0,0,0,0,0,0,0,0,0,0,0,0.0,0.0,0.0,0.0,0,0,0,0,0,0.0,0.0,0.0,0.0,45,-10,319,0,10,395,MID,Tyler Morton,Liverpool
704,66,8,0,True,2025-10-05T13:00:00Z,2.0,1.0,7,False,0,0,0,0,0,0,0,0,0,0,0,0,0,0.0,0.0,0.0,0.0,0,0,0,0,0,0.0,0.0,0.0,0.0,45,-526,8684,0,526,704,MID,Tyler Onyango,Everton
448,68,17,0,True,2025-10-04T14:00:00Z,2.0,0.0,7,False,0,0,0,0,0,0,0,0,0,0,0,0,0,0.0,0.0,0.0,0.0,0,0,0,0,0,0.0,0.0,0.0,0.0,39,-1325,44331,1442,2767,448,DEF,Tyrell Malacia,Man Utd
258,66,9,1,False,2025-10-05T13:00:00Z,2.0,1.0,7,False,90,0,0,0,2,0,0,0,0,0,0,0,6,13.8,2.8,21.0,3.8,6,2,3,9,1,0.05,0.01,0.06,2.03,50,52594,299624,64472,11878,258,DEF,Tyrick Mitchell,Crystal Palace
243,65,12,0,True,2025-10-04T16:30:00Z,2.0,1.0,7,False,0,0,0,0,0,0,0,0,0,0,0,0,0,0.0,0.0,0.0,0.0,0,0,0,0,0,0.0,0.0,0.0,0.0,49,-84,7132,448,532,243,MID,Tyrique George,Everton
40,62,3,0,True,2025-10-05T13:00:00Z,2.0,1.0,7,False,0,0,0,0,0,0,0,0,0,0,0,0,0,0.0,0.0,0.0,0.0,0,0,0,0,0,0.0,0.0,0.0,0.0,45,-31074,158097,2198,33272,40,DEF,Tyrone Mings,Aston Villa
721,63,10,1,True,2025-10-03T19:00:00Z,3.0,1.0,7,False,5,0,0,0,0,0,0,0,0,0,0,0,3,0.4,0.0,0.0,0.0,0,0,0,0,0,0.0,0.0,0.0,0.24,45,-299,3651,241,540,721,DEF,Veljko Milosavljevic,Bournemouth
719,62,3,1,True,2025-10-05T13:00:00Z,2.0,1.0,7,False,6,0,0,0,0,0,0,0,0,0,0,0,3,2.4,0.1,0.0,0.3,1,0,0,1,0,0.0,0.0,0.0,0.03,45,201,3403,442,241,719,DEF,Victor Lindelöf,Aston Villa
666,61,19,2,True,2025-10-04T14:00:00Z,2.0,0.0,7,False,90,0,0,1,0,0,0,0,0,0,0,0,-1,1.4,1.3,52.0,5.5,0,1,0,1,1,0.63,0.05,0.68,0.49,90,268069,3392158,491582,223513,666,FWD,Viktor Gyökeres,Arsenal
373,65,7,1,False,2025-10-04T16:30:00Z,2.0,1.0,7,False,90,0,0,0,2,0,0,0,0,0,0,0,8,19.0,0.9,0.0,2.0,7,3,0,7,1,0.0,0.0,0.0,1.0,61,-136261,3461419,82612,218873,373,DEF,Virgil van Dijk,Liverpool
292,66,8,4,True,2025-10-05T13:00:00Z,2.0,1.0,7,False,90,0,0,0,1,0,0,0,0,0,0,0,11,20.0,13.2,9.0,4.2,11,2,1,12,1,0.02,0.03,0.05,1.65,49,-1211,44680,2208,3419,292,DEF,Vitalii Mykolenko,Everton
125,64,13,1,True,2025-10-05T15:30:00Z,0.0,1.0,7,False,16,0,0,0,0,0,0,0,0,0,0,0,2,0.0,0.9,4.0,0.3,0,2,0,2,0,0.1,0.0,0.1,0.0,49,9,1429,106,97,125,MID,Vitaly Janelt,Brentford
412,64,5,0,False,2025-10-05T15:30:00Z,0.0,1.0,7,False,0,0,0,0,0,0,0,0,0,0,0,0,0,0.0,0.0,0.0,0.0,0,0,0,0,0,0.0,0.0,0.0,0.0,50,-18,637,0,18,412,DEF,Vitor de Oliveira Nunes dos Reis,Man City
185,62,2,0,False,2025-10-05T13:00:00Z,2.0,1.0,7,False,0,0,0,0,0,0,0,0,0,0,0,0,0,0.0,0.0,0.0,0.0,0,0,0,0,0,0.0,0.0,0.0,0.0,40,-558,20951,331,889,185,GKP,Václav Hladký,Burnley
254,66,9,0,False,2025-10-05T13:00:00Z,2.0,1.0,7,False,0,0,0,0,0,0,0,0,0,0,0,0,0,0.0,0.0,0.0,0.0,0,0,0,0,0,0.0,0.0,0.0,0.0,40,-1993,40497,242,2235,254,GKP,Walter Benítez,Crystal Palace
230,65,12,0,True,2025-10-04T16:30:00Z,2.0,1.0,7,False,0,0,0,0,0,0,0,0,0,0,0,0,0,0.0,0.0,0.0,0.0,0,0,0,0,0,0.0,0.0,0.0,0.0,44,-3347,19262,70,3417,230,DEF,Wesley Fofana,Chelsea
601,61,1,0,False,2025-10-04T14:00:00Z,2.0,0.0,7,False,0,0,0,0,0,0,0,0,0,0,0,0,0,0.0,0.0,0.0,0.0,0,0,0,0,0,0.0,0.0,0.0,0.0,40,-2991,45043,0,2991,601,GKP,Wes Foderingham,West Ham
351,67,18,0,True,2025-10-04T11:30:00Z,1.0,2.0,7,False,0,0,0,0,0,0,0,0,0,0,0,0,0,0.0,0.0,0.0,0.0,0,0,0,0,0,0.0,0.0,0.0,0.0,52,-2476,13622,34,2510,351,MID,Wilfried Gnonto,Leeds
500,69,16,1,True,2025-10-05T13:00:00Z,2.0,0.0,7,False,1,0,0,0,0,0,0,0,0,0,0,0,3,0.2,0.1,0.0,0.0,0,0,0,0,0,0.0,0.0,0.0,0.0,55,-2247,42803,3397,5644,500,FWD,William Osula,Newcastle
6,61,19,6,True,2025-10-04T14:00:00Z,2.0,0.0,7,False,90,0,0,1,0,0,0,0,0,0,0,0,30,28.2,2.2,0.0,3.0,8,4,0,8,1,0.0,0.02,0.02,0.49,60,10476,1526375,75755,65279,6,DEF,William Saliba,Arsenal
514,69,15,0,False,2025-10-05T13:00:00Z,2.0,0.0,7,False,0,0,0,0,0,0,0,0,0,0,0,0,0,0.0,0.0,0.0,0.0,0,0,0,0,0,0.0,0.0,0.0,0.0,39,323,59002,3643,3320,514,DEF,Willy Boly,Nott'm Forest
68,63,10,0,True,2025-10-03T19:00:00Z,3.0,1.0,7,False,0,0,0,0,0,0,0,0,0,0,0,0,0,0.0,0.0,0.0,0.0,0,0,0,0,0,0.0,0.0,0.0,0.0,40,-3034,128854,2032,5066,68,GKP,Will Dennis,Bournemouth
270,66,9,0,False,2025-10-05T13:00:00Z,2.0,1.0,7,False,0,0,0,0,0,0,0,0,0,0,0,0,0,0.0,0.0,0.0,0.0,0,0,0,0,0,0.0,0.0,0.0,0.0,49,-521,13831,853,1374,270,MID,Will Hughes,Crystal Palace
598,67,11,0,False,2025-10-04T11:30:00Z,1.0,2.0,7,False,0,0,0,0,0,0,0,0,0,0,0,0,0,0.0,0.0,0.0,0.0,0,0,0,0,0,0.0,0.0,0.0,0.0,45,-138,3451,0,138,598,FWD,Will Lankshear,Spurs
560,68,14,1,False,2025-10-04T14:00:00Z,2.0,0.0,7,False,58,0,0,0,2,0,0,0,0,0,0,0,1,0.2,0.3,2.0,0.3,0,0,0,0,1,0.0,0.0,0.0,1.39,56,67164,386166,106815,39651,560,FWD,Wilson Isidor,Sunderland
588,67,11,2,False,2025-10-04T11:30:00Z,1.0,2.0,7,False,84,0,0,0,1,0,0,0,0,0,0,0,8,8.2,16.5,4.0,2.9,1,3,1,5,1,0.0,0.12,0.12,1.43,53,-69,3963,228,297,588,MID,Wilson Odobert,Spurs
717,67,11,2,False,2025-10-04T11:30:00Z,1.0,2.0,7,False,73,0,0,0,1,0,0,0,0,0,0,0,6,5.0,25.3,2.0,3.2,0,3,0,3,1,0.0,0.17,0.17,1.41,71,-47668,424965,33152,80820,717,MID,Xavi Simons,Spurs
594,67,11,0,False,2025-10-04T11:30:00Z,1.0,2.0,7,False,0,0,0,0,0,0,0,0,0,0,0,0,0,0.0,0.0,0.0,0.0,0,0,0,0,0,0.0,0.0,0.0,0.0,45,-66,1785,0,66,594,MID,Yang Min-hyeok,Spurs
160,70,20,2,False,2025-10-05T13:00:00Z,1.0,1.0,7,False,90,0,0,0,1,0,0,0,0,0,0,0,17,26.8,62.3,5.0,9.4,2,6,2,10,1,0.01,0.24,0.25,0.56,59,234938,428481,256757,21819,160,MID,Yankuba Minteh,Brighton
166,70,20,2,False,2025-10-05T13:00:00Z,1.0,1.0,7,False,90,0,0,0,1,0,0,0,0,0,0,0,18,13.6,23.8,2.0,3.9,2,4,3,9,1,0.02,0.04,0.06,0.56,49,5194,40727,8740,3546,166,MID,Yasin Ayari,Brighton
46,62,3,0,True,2025-10-05T13:00:00Z,2.0,1.0,7,False,0,0,0,0,0,0,0,0,0,0,0,0,0,0.0,0.0,0.0,0.0,0,0,0,0,0,0.0,0.0,0.0,0.0,40,-2127,20915,0,2127,46,DEF,Yasin Özcan,Aston Villa
129,64,13,2,True,2025-10-05T15:30:00Z,0.0,1.0,7,False,72,0,0,0,1,0,0,0,0,0,0,0,7,3.6,0.8,5.0,0.9,1,6,2,9,1,0.02,0.01,0.03,0.83,50,840,9233,1543,703,129,MID,Yehor Yarmoliuk,Brentford
634,70,6,1,True,2025-10-05T13:00:00Z,1.0,1.0,7,False,1,0,0,0,0,0,0,0,0,0,0,0,4,1.0,0.0,0.0,0.1,1,0,0,1,0,0.0,0.0,0.0,0.0,44,-198,6202,127,325,634,DEF,Yerson Mosquera Valdelamar,Wolves
135,69,16,0,True,2025-10-05T13:00:00Z,2.0,0.0,7,False,0,0,0,0,0,0,0,0,0,0,0,0,0,0.0,0.0,0.0,0.0,0,0,0,0,0,0.0,0.0,0.0,0.0,74,-7125,73669,201,7326,135,FWD,Yoane Wissa,Newcastle
48,62,3,0,True,2025-10-05T13:00:00Z,2.0,1.0,7,False,0,0,0,0,0,0,0,0,0,0,0,0,0,0.0,0.0,0.0,0.0,0,0,0,0,0,0.0,0.0,0.0,0.0,59,-14861,92455,69,14930,48,MID,Youri Tielemans,Aston Villa
312,66,8,0,True,2025-10-05T13:00:00Z,2.0,1.0,7,False,0,0,0,0,0,0,0,0,0,0,0,0,0,0.0,0.0,0.0,0.0,0,0,0,0,0,0.0,0.0,0.0,0.0,49,-579,10096,0,579,312,FWD,Youssef Ramalho Chermiti,Everton
131,64,13,0,True,2025-10-05T15:30:00Z,0.0,1.0,7,False,0,0,0,0,0,0,0,0,0,0,0,0,0,0.0,0.0,0.0,0.0,0,0,0,0,0,0.0,0.0,0.0,0.0,44,-463,26828,1943,2406,131,MID,Yunus Emre Konak,Brentford
587,67,11,0,False,2025-10-04T11:30:00Z,1.0,2.0,7,False,0,0,0,0,0,0,0,0,0,0,0,0,0,0.0,0.0,0.0,0.0,0,0,0,0,0,0.0,0.0,0.0,0.0,52,-219,5685,63,282,587,MID,Yves Bissouma,Spurs
712,66,9,1,False,2025-10-05T13:00:00Z,2.0,1.0,7,False,87,0,0,0,1,0,0,0,1,0,0,0,14,17.4,26.6,11.0,5.5,1,3,4,8,1,0.06,0.2,0.26,1.29,59,398,15619,3385,2987,712,MID,Yéremy Pino Santos,Crystal Palace
513,69,15,0,False,2025-10-05T13:00:00Z,2.0,0.0,7,False,0,0,0,0,0,0,0,0,0,0,0,0,0,0.0,0.0,0.0,0.0,0,0,0,0,0,0.0,0.0,0.0,0.0,39,-151,23300,894,1045,513,DEF,Zach Abbott,Nott'm Forest
286,66,9,0,False,2025-10-05T13:00:00Z,2.0,1.0,7,False,0,0,0,0,0,0,0,0,0,0,0,0,0,0.0,0.0,0.0,0.0,0,0,0,0,0,0.0,0.0,0.0,0.0,45,8,36900,3687,3679,286,FWD,Zach Marsh,Crystal Palace
95,63,10,0,True,2025-10-03T19:00:00Z,3.0,1.0,7,False,0,0,0,0,0,0,0,0,0,0,0,0,0,0.0,0.0,0.0,0.0,0,0,0,0,0,0.0,0.0,0.0,0.0,44,-2519,14527,0,2519,95,MID,Zain Silcott-Duberry,Bournemouth
538,68,14,0,False,2025-10-04T14:00:00Z,2.0,0.0,7,False,0,0,0,0,0,0,0,0,0,0,0,0,0,0.0,0.0,0.0,0.0,0,0,0,0,0,0.0,0.0,0.0,0.0,39,1777,31903,3606,1829,538,DEF,Zak Johnson,Sunderland
216,62,2,0,False,2025-10-05T13:00:00Z,2.0,1.0,7,False,0,0,0,0,0,0,0,0,0,0,0,0,0,0.0,0.0,0.0,0.0,0,0,0,0,0,0.0,0.0,0.0,0.0,49,26,3156,199,173,216,FWD,Zeki Amdouni,Burnley
215,62,2,1,False,2025-10-05T13:00:00Z,2.0,1.0,7,False,8,0,0,0,0,0,0,0,0,0,0,0,2,0.0,0.0,2.0,0.1,0,0,0,0,0,0.01,0.0,0.01,0.24,53,-532,12863,560,1092,215,FWD,Zian Flemming,Burnley
65,62,3,0,True,2025-10-05T13:00:00Z,2.0,1.0,7,False,0,0,0,0,0,0,0,0,0,0,0,0,0,0.0,0.0,0.0,0.0,0,0,0,0,0,0.0,0.0,0.0,0.0,45,-4121,53389,0,4121,65,FWD,Zépiqueno Redmond,Aston Villa
713,63,10,1,True,2025-10-03T19:00:00Z,3.0,1.0,7,False,29,0,0,0,1,0,0,0,0,0,0,0,0,3.6,0.9,2.0,0.7,1,0,0,1,0,0.0,0.0,0.0,0.69,45,125,1963,344,219,713,DEF,Álex Jiménez Sánchez,Bournemouth
43,62,3,0,True,2025-10-05T13:00:00Z,2.0,1.0,7,False,0,0,0,0,0,0,0,0,0,0,0,0,0,0.0,0.0,0.0,0.0,0,0,0,0,0,0.0,0.0,0.0,0.0,40,-42441,377781,0,42441,43,DEF,Álex Moreno Lopera,Aston Villa
368,65,7,0,False,2025-10-04T16:30:00Z,2.0,1.0,7,False,0,0,0,0,0,0,0,0,0,0,0,0,0,0.0,0.0,0.0,0.0,0,0,0,0,0,0.0,0.0,0.0,0.0,39,4432,47422,7301,2869,368,GKP,Ármin Pécsi,Liverpool
67,63,10,3,True,2025-10-03T19:00:00Z,3.0,1.0,7,False,90,0,0,0,1,0,0,0,0,0,3,0,13,19.4,0.0,0.0,1.9,2,9,0,0,1,0.0,0.0,0.0,0.88,45,20309,689759,51090,30781,67,GKP,Đorđe Petrović,Bournemouth
420,64,5,0,False,2025-10-05T15:30:00Z,0.0,1.0,7,False,0,0,0,0,0,0,0,0,0,0,0,0,0,0.0,0.0,0.0,0.0,0,0,0,0,0,0.0,0.0,0.0,0.0,63,-441,9311,0,441,420,MID,İlkay Gündoğan,Man City
