element,fixture,opponent_team,total_points,was_home,kickoff_time,team_h_score,team_a_score,round,modified,minutes,goals_scored,assists,clean_sheets,goals_conceded,own_goals,penalties_saved,penalties_missed,yellow_cards,red_cards,saves,bonus,bps,influence,creativity,threat,ict_index,clearances_blocks_interceptions,recoveries,tackles,defensive_contribution,starts,expected_goals,expected_assists,expected_goal_involvements,expected_goals_conceded,value,transfers_balance,selected,transfers_in,transfers_out,id,position,name,team
116,80,19,0,False,2025-10-20T19:00:00Z,0.0,2.0,8,False,0,0,0,0,0,0,0,0,0,0,0,0,0,0.0,0.0,0.0,0.0,0,0,0,0,0,0.0,0.0,0.0,0.0,40,-1620,45057,1516,3136,116,DEF,Aaron Hickey,Brentford
674,71,6,0,False,2025-10-18T14:00:00Z,2.0,1.0,8,False,0,0,0,0,0,0,0,0,0,0,0,0,0,0.0,0.0,0.0,0.0,0,0,0,0,0,0.0,0.0,0.0,0.0,48,-2935,75898,1177,4112,674,GKP,Aaron Ramsdale,Newcastle
211,72,11,0,True,2025-10-18T14:00:00Z,2.0,0.0,8,False,0,0,0,0,0,0,0,0,0,0,0,0,0,0.0,0.0,0.0,0.0,0,0,0,0,0,0.0,0.0,0.0,0.0,44,-45618,317249,0,45618,211,MID,Aaron Ramsey,Burnley
610,80,5,1,True,2025-10-20T19:00:00Z,0.0,2.0,8,False,45,0,0,0,1,0,0,0,0,0,0,0,3,7.6,5.6,2.0,1.5,2,2,2,4,0,0.0,0.01,0.01,0.84,43,-53751,793625,8571,62322,610,DEF,Aaron Wan-Bissaka,West Ham
234,77,16,0,False,2025-10-18T11:30:00Z,0.0,3.0,8,False,0,0,0,0,0,0,0,0,0,0,0,0,0,0.0,0.0,0.0,0.0,0,0,0,0,0,0.0,0.0,0.0,0.0,40,-407,8024,0,407,234,DEF,Aarón Anselmino,Chelsea
165,71,15,0,True,2025-10-18T14:00:00Z,2.0,1.0,8,False,0,0,0,0,0,0,0,0,0,0,0,0,0,0.0,0.0,0.0,0.0,0,0,0,0,0,0.0,0.0,0.0,0.0,54,-76,1636,0,76,165,MID,Abdallah Sima,Brighton
554,78,20,0,True,2025-10-18T14:00:00Z,2.0,0.0,8,False,0,0,0,0,0,0,0,0,0,0,0,0,0,0.0,0.0,0.0,0.0,0,0,0,0,0,0.0,0.0,0.0,0.0,44,-1283,23576,803,2086,554,MID,Abdoullah Ba,Sunderland
406,76,9,0,True,2025-10-18T14:00:00Z,2.0,0.0,8,False,0,0,0,0,0,0,0,0,0,0,0,0,0,0.0,0.0,0.0,0.0,0,0,0,0,0,0.0,0.0,0.0,0.0,54,-4137,36340,176,4313,406,DEF,Abdukodir Khusanov,Man City
326,74,1,1,True,2025-10-18T16:30:00Z,0.0,1.0,8,False,8,0,0,0,0,0,0,0,0,0,0,0,3,1.2,1.8,7.0,1.0,0,1,0,1,0,0.04,0.01,0.05,0.57,52,-1224,19836,549,1773,326,MID,Adama Traoré Diarra,West Ham
667,76,13,0,False,2025-10-18T14:00:00Z,2.0,0.0,8,False,0,0,0,0,0,0,0,0,0,0,0,0,0,0.0,0.0,0.0,0.0,0,0,0,0,0,0.0,0.0,0.0,0.0,44,-355,7054,74,429,667,DEF,Adam Aznou,Everton
73,73,8,0,False,2025-10-18T14:00:00Z,3.0,3.0,8,False,0,0,0,0,0,0,0,0,0,0,0,0,0,0.0,0.0,0.0,0.0,0,0,0,0,0,0.0,0.0,0.0,0.0,44,-1321,19610,58,1379,73,DEF,Adam Smith,Bournemouth
153,71,15,0,True,2025-10-18T14:00:00Z,2.0,1.0,8,False,0,0,0,0,0,0,0,0,0,0,0,0,0,0.0,0.0,0.0,0.0,0,0,0,0,0,0.0,0.0,0.0,0.0,44,-20,847,38,58,153,DEF,Adam Webster,Brighton
273,73,4,2,True,2025-10-18T14:00:00Z,3.0,3.0,8,False,90,0,0,0,3,0,0,0,0,0,0,0,10,13.6,32.5,4.0,5.0,1,5,2,8,1,0.09,0.34,0.43,2.03,50,6157,63707,10253,4096,273,MID,Adam Wharton,Crystal Palace
176,71,15,0,True,2025-10-18T14:00:00Z,2.0,1.0,8,False,0,0,0,0,0,0,0,0,0,0,0,0,0,0.0,0.0,0.0,0.0,0,0,0,0,0,0.0,0.0,0.0,0.0,45,-339,3280,0,339,176,MID,Adrian Mazilu,Brighton
74,73,8,1,False,2025-10-18T14:00:00Z,3.0,3.0,8,False,90,0,0,0,3,0,0,0,0,0,0,0,-1,11.4,4.1,2.0,1.8,4,2,0,4,1,0.0,0.01,0.01,4.44,45,33765,273147,49360,15595,74,DEF,Adrien Truffert,Bournemouth
562,78,20,0,True,2025-10-18T14:00:00Z,2.0,0.0,8,False,0,0,0,0,0,0,0,0,0,0,0,0,0,0.0,0.0,0.0,0.0,0,0,0,0,0,0.0,0.0,0.0,0.0,44,-2144,47199,1817,3961,562,FWD,Ahmed Abdullahi,Sunderland
533,78,20,0,True,2025-10-18T14:00:00Z,2.0,0.0,8,False,0,0,0,0,0,0,0,0,0,0,0,0,0,0.0,0.0,0.0,0.0,0,0,0,0,0,0.0,0.0,0.0,0.0,40,-16,483,21,37,533,DEF,Aji Alese,Sunderland
555,78,20,0,True,2025-10-18T14:00:00Z,2.0,0.0,8,False,0,0,0,0,0,0,0,0,0,0,0,0,0,0.0,0.0,0.0,0.0,0,0,0,0,0,0.0,0.0,0.0,0.0,45,-435,5264,0,435,555,MID,Alan Browne,Sunderland
29,74,10,0,False,2025-10-18T16:30:00Z,0.0,1.0,8,False,0,0,0,0,0,0,0,0,0,0,0,0,0,0.0,0.0,0.0,0.0,0,0,0,0,0,0.0,0.0,0.0,0.0,45,-608,8160,0,608,29,MID,Albert Sambi Lokonga,Arsenal
453,77,16,1,False,2025-10-18T11:30:00Z,0.0,3.0,8,False,45,0,0,0,0,0,0,0,0,0,0,0,8,2.2,1.9,2.0,0.6,1,3,1,5,1,0.0,0.01,0.01,0.53,64,6753,44336,11057,4304,453,MID,Alejandro Garnacho Ferreyra,Chelsea
499,75,14,2,True,2025-10-19T15:30:00Z,1.0,2.0,8,False,71,0,0,0,1,0,0,0,0,0,0,0,4,2.6,2.1,25.0,3.0,1,1,0,2,1,0.33,0.01,0.34,0.74,106,-81961,1270961,87661,169622,499,FWD,Alexander Isak,Liverpool
386,75,14,2,True,2025-10-19T15:30:00Z,1.0,2.0,8,False,61,0,0,0,1,0,0,0,0,0,0,0,5,2.4,2.0,11.0,1.5,0,1,0,1,1,0.09,0.02,0.11,0.7,63,-5303,156518,6570,11873,386,MID,Alexis Mac Allister,Liverpool
340,72,3,0,False,2025-10-18T14:00:00Z,2.0,0.0,8,False,0,0,0,0,0,0,0,0,0,0,0,0,0,0.0,0.0,0.0,0.0,0,0,0,0,0,0.0,0.0,0.0,0.0,40,-671,20873,257,928,340,GKP,Alex Cairns,Leeds
324,74,1,4,True,2025-10-18T16:30:00Z,0.0,1.0,8,False,90,0,0,0,1,0,0,0,0,0,0,0,22,25.2,47.0,6.0,7.8,5,3,4,12,1,0.0,0.11,0.11,1.87,65,-23763,188674,9691,33454,324,MID,Alex Iwobi,Fulham
481,71,6,0,False,2025-10-18T14:00:00Z,2.0,1.0,8,False,0,0,0,0,0,0,0,0,0,0,0,0,0,0.0,0.0,0.0,0.0,0,0,0,0,0,0.0,0.0,0.0,0.0,39,-1571,80859,2826,4397,481,DEF,Alex Murphy,Newcastle
70,73,8,0,False,2025-10-18T14:00:00Z,3.0,3.0,8,False,0,0,0,0,0,0,0,0,0,0,0,0,0,0.0,0.0,0.0,0.0,0,0,0,0,0,0.0,0.0,0.0,0.0,40,-550,9844,0,550,70,GKP,Alex Paulsen,Bournemouth
90,73,8,2,False,2025-10-18T14:00:00Z,3.0,3.0,8,False,66,0,0,0,1,0,0,0,0,0,0,0,8,6.6,11.3,3.0,2.1,2,1,1,4,1,0.05,0.03,0.08,1.76,50,445,42654,6008,5563,90,MID,Alex Scott,Bournemouth
641,78,17,0,False,2025-10-18T14:00:00Z,2.0,0.0,8,False,0,0,0,0,0,0,0,0,0,0,0,0,0,0.0,0.0,0.0,0.0,0,0,0,0,0,0.0,0.0,0.0,0.0,39,10786,183315,20037,9251,641,DEF,Alfie Pond,Wolves
366,75,14,0,True,2025-10-19T15:30:00Z,1.0,2.0,8,False,0,0,0,0,0,0,0,0,0,0,0,0,0,0.0,0.0,0.0,0.0,0,0,0,0,0,0.0,0.0,0.0,0.0,54,-223196,871907,480,223676,366,GKP,Alisson Becker,Liverpool
600,80,5,2,True,2025-10-20T19:00:00Z,0.0,2.0,8,False,90,0,0,0,2,0,0,0,0,0,4,0,14,34.6,0.0,0.0,3.5,0,12,0,0,1,0.0,0.0,0.0,2.31,43,-3436,269492,11279,14715,600,GKP,Alphonse Areola,West Ham
431,75,12,0,False,2025-10-19T15:30:00Z,1.0,2.0,8,False,0,0,0,0,0,0,0,0,0,0,0,0,0,0.0,0.0,0.0,0.0,0,0,0,0,0,0.0,0.0,0.0,0.0,49,-7257,48374,612,7869,431,GKP,Altay Bayındır,Man Utd
59,79,18,4,False,2025-10-19T13:00:00Z,1.0,2.0,8,False,81,0,0,0,1,0,0,0,0,0,0,0,11,18.6,6.6,0.0,2.5,7,4,3,14,1,0.0,0.01,0.01,0.55,48,-3646,70884,1585,5231,59,MID,Amadou Onana,Aston Villa
452,75,12,3,False,2025-10-19T15:30:00Z,1.0,2.0,8,False,58,0,1,0,0,0,0,0,1,0,0,0,15,22.8,25.2,2.0,5.0,2,4,1,7,1,0.0,0.19,0.19,0.96,63,-6346,141325,6313,12659,452,MID,Amad Diallo,Man Utd
378,75,14,0,True,2025-10-19T15:30:00Z,1.0,2.0,8,False,0,0,0,0,0,0,0,0,0,0,0,0,0,0.0,0.0,0.0,0.0,0,0,0,0,0,0.0,0.0,0.0,0.0,39,-667,17572,172,839,378,DEF,Amara Nallo,Liverpool
697,73,8,1,False,2025-10-18T14:00:00Z,3.0,3.0,8,False,15,0,0,0,1,0,0,0,0,0,0,0,2,4.0,0.1,2.0,0.6,1,1,1,3,0,0.0,0.0,0.0,1.95,55,-304,3993,331,635,697,MID,Amine Adli,Bournemouth
327,74,1,0,True,2025-10-18T16:30:00Z,0.0,1.0,8,False,0,0,0,0,0,0,0,0,0,0,0,0,0,0.0,0.0,0.0,0.0,0,0,0,0,0,0.0,0.0,0.0,0.0,53,-859,9400,0,859,327,MID,Andreas Hoelgebaum Pereira,Fulham
177,71,15,0,True,2025-10-18T14:00:00Z,2.0,1.0,8,False,0,0,0,0,0,0,0,0,0,0,0,0,0,0.0,0.0,0.0,0.0,0,0,0,0,0,0.0,0.0,0.0,0.0,45,-159,2580,0,159,177,MID,Andrew Moran,Brighton
372,75,14,0,True,2025-10-19T15:30:00Z,1.0,2.0,8,False,0,0,0,0,0,0,0,0,0,0,0,0,0,0.0,0.0,0.0,0.0,0,0,0,0,0,0.0,0.0,0.0,0.0,58,-4214,118741,1343,5557,372,DEF,Andrew Robertson,Liverpool
246,77,16,1,False,2025-10-18T11:30:00Z,0.0,3.0,8,False,45,0,0,0,0,0,0,0,0,0,0,0,-2,3.6,0.6,10.0,1.4,1,2,4,7,1,0.29,0.0,0.29,0.53,45,-3932,37196,2119,6051,246,MID,Andrey Nascimento dos Santos,Chelsea
711,74,10,0,False,2025-10-18T16:30:00Z,0.0,1.0,8,False,0,0,0,0,0,0,0,0,0,0,0,0,0,0.0,0.0,0.0,0.0,0,0,0,0,0,0.0,0.0,0.0,0.0,45,-49,1340,76,125,711,MID,Andre Harriman-Annous,Arsenal
42,79,18,0,False,2025-10-19T13:00:00Z,1.0,2.0,8,False,0,0,0,0,0,0,0,0,0,0,0,0,0,0.0,0.0,0.0,0.0,0,0,0,0,0,0.0,0.0,0.0,0.0,39,2936,36448,4888,1952,42,DEF,Andrés García,Aston Villa
432,75,12,0,False,2025-10-19T15:30:00Z,1.0,2.0,8,False,0,0,0,0,0,0,0,0,0,0,0,0,0,0.0,0.0,0.0,0.0,0,0,0,0,0,0.0,0.0,0.0,0.0,49,-1113,21043,0,1113,432,GKP,André Onana,Man Utd
643,78,17,4,False,2025-10-18T14:00:00Z,2.0,0.0,8,False,90,0,0,0,2,0,0,0,0,0,0,0,16,18.0,6.2,1.0,2.5,5,8,1,14,1,0.02,0.02,0.04,0.65,54,-38,8801,483,521,643,MID,André Trindade da Costa Neto,Wolves
621,80,5,2,True,2025-10-20T19:00:00Z,0.0,2.0,8,False,60,0,0,0,1,0,0,0,0,0,0,0,15,10.6,16.8,2.0,2.9,0,7,2,9,1,0.0,0.02,0.02,1.71,44,-28,41908,3700,3728,621,MID,Andy Irving,West Ham
675,77,7,0,True,2025-10-18T11:30:00Z,0.0,3.0,8,False,0,0,0,0,0,0,0,0,0,0,0,0,0,0.0,0.0,0.0,0.0,0,0,0,0,0,0.0,0.0,0.0,0.0,40,-3978,189866,942,4920,675,GKP,Angus Gunn,Nott'm Forest
486,71,6,1,False,2025-10-18T14:00:00Z,2.0,1.0,8,False,45,0,0,0,1,0,0,0,0,0,0,0,5,1.6,2.0,0.0,0.4,0,1,1,2,1,0.0,0.02,0.02,0.71,68,-48043,543837,16205,64248,486,MID,Anthony Elanga,Newcastle
485,71,6,2,False,2025-10-18T14:00:00Z,2.0,1.0,8,False,69,0,0,0,1,0,0,0,0,0,0,0,5,10.0,28.4,7.0,4.5,0,2,1,3,1,0.07,0.15,0.22,0.78,74,73271,351643,107215,33944,485,MID,Anthony Gordon,Newcastle
528,78,20,0,True,2025-10-18T14:00:00Z,2.0,0.0,8,False,0,0,0,0,0,0,0,0,0,0,0,0,0,0.0,0.0,0.0,0.0,0,0,0,0,0,0.0,0.0,0.0,0.0,43,-1040,24808,481,1521,528,GKP,Anthony Patterson,Sunderland
82,73,8,4,False,2025-10-18T14:00:00Z,3.0,3.0,8,False,90,0,1,0,3,0,0,0,1,0,0,0,7,6.6,3.0,27.0,3.7,1,3,1,5,1,0.13,0.03,0.16,4.44,80,800105,7634441,820587,20482,82,MID,Antoine Semenyo,Man City
316,74,1,0,True,2025-10-18T16:30:00Z,0.0,1.0,8,False,0,0,0,0,0,0,0,0,0,0,0,0,0,0.0,0.0,0.0,0.0,0,0,0,0,0,0.0,0.0,0.0,0.0,50,-10958,82407,2087,13045,316,DEF,Antonee Robinson,Fulham
122,80,19,0,False,2025-10-20T19:00:00Z,0.0,2.0,8,False,0,0,0,0,0,0,0,0,0,0,0,0,0,0.0,0.0,0.0,0.0,0,0,0,0,0,0.0,0.0,0.0,0.0,53,-423,4933,102,525,122,MID,Antoni Milambo,Brentford
454,75,12,0,False,2025-10-19T15:30:00Z,1.0,2.0,8,False,0,0,0,0,0,0,0,0,0,0,0,0,0,0.0,0.0,0.0,0.0,0,0,0,0,0,0.0,0.0,0.0,0.0,59,-266,8055,0,266,454,MID,Antony dos Santos,Man Utd
660,72,3,2,False,2025-10-18T14:00:00Z,2.0,0.0,8,False,72,0,0,0,2,0,0,0,0,0,0,0,9,2.6,5.8,11.0,1.9,1,2,0,3,1,0.15,0.04,0.19,0.45,50,23640,410531,64238,40598,660,MID,Anton Stach,Leeds
567,79,2,0,True,2025-10-19T13:00:00Z,1.0,2.0,8,False,0,0,0,0,0,0,0,0,0,0,0,0,0,0.0,0.0,0.0,0.0,0,0,0,0,0,0.0,0.0,0.0,0.0,39,17408,234965,28475,11067,567,GKP,Antonín Kinský,Spurs
492,71,6,0,False,2025-10-18T14:00:00Z,2.0,1.0,8,False,0,0,0,0,0,0,0,0,0,0,0,0,0,0.0,0.0,0.0,0.0,0,0,0,0,0,0.0,0.0,0.0,0.0,49,-242,3153,0,242,492,MID,Antoñito Cordero Campillo,Newcastle
591,79,2,0,True,2025-10-19T13:00:00Z,1.0,2.0,8,False,0,0,0,0,0,0,0,0,0,0,0,0,0,0.0,0.0,0.0,0.0,0,0,0,0,0,0.0,0.0,0.0,0.0,48,-467,13714,629,1096,591,MID,Archie Gray,Spurs
680,72,11,0,True,2025-10-18T14:00:00Z,2.0,0.0,8,False,0,0,0,0,0,0,0,0,0,0,0,0,0,0.0,0.0,0.0,0.0,0,0,0,0,0,0.0,0.0,0.0,0.0,53,7,16658,1544,1537,680,FWD,Armando Broja,Burnley
696,77,7,0,True,2025-10-18T11:30:00Z,0.0,3.0,8,False,0,0,0,0,0,0,0,0,0,0,0,0,0,0.0,0.0,0.0,0.0,0,0,0,0,0,0.0,0.0,0.0,0.0,60,-234,12456,930,1164,696,FWD,Arnaud Kalimuendo,Nott'm Forest
678,78,20,0,True,2025-10-18T14:00:00Z,2.0,0.0,8,False,0,0,0,0,0,0,0,0,0,0,0,0,0,0.0,0.0,0.0,0.0,0,0,0,0,0,0.0,0.0,0.0,0.0,39,11771,89730,15772,4001,678,DEF,Arthur Masuaku,Sunderland
274,73,4,0,True,2025-10-18T14:00:00Z,3.0,3.0,8,False,0,0,0,0,0,0,0,0,0,0,0,0,0,0.0,0.0,0.0,0.0,0,0,0,0,0,0.0,0.0,0.0,0.0,45,-97,6338,359,456,274,MID,Asher Agbinone,Crystal Palace
218,72,11,1,True,2025-10-18T14:00:00Z,2.0,0.0,8,False,7,0,0,0,0,0,0,0,0,0,0,0,3,0.2,0.3,0.0,0.1,0,1,0,1,0,0.0,0.0,0.0,0.34,44,-9063,172433,6244,15307,218,FWD,Ashley Barnes,Burnley
576,79,2,0,True,2025-10-19T13:00:00Z,1.0,2.0,8,False,0,0,0,0,0,0,0,0,0,0,0,0,0,0.0,0.0,0.0,0.0,0,0,0,0,0,0.0,0.0,0.0,0.0,40,-63,1720,0,63,576,DEF,Ashley Phillips,Spurs
198,72,11,8,True,2025-10-18T14:00:00Z,2.0,0.0,8,False,90,0,0,1,0,0,0,0,0,0,0,0,23,18.4,0.3,0.0,1.9,11,2,0,11,1,0.0,0.0,0.0,2.63,39,-4175,215927,7709,11884,198,DEF,Axel Tuanzebe,Burnley
447,75,12,0,False,2025-10-19T15:30:00Z,1.0,2.0,8,False,0,0,0,0,0,0,0,0,0,0,0,0,0,0.0,0.0,0.0,0.0,0,0,0,0,0,0.0,0.0,0.0,0.0,39,-8944,128341,2370,11314,447,DEF,Ayden Heaven,Man Utd
685,73,8,3,False,2025-10-18T14:00:00Z,3.0,3.0,8,False,90,0,0,0,3,0,0,0,0,0,0,0,-1,17.2,10.5,2.0,3.0,10,4,0,10,1,0.0,0.0,0.0,4.44,45,652,60661,4906,4254,685,DEF,Bafodé Diakité,Bournemouth
139,71,15,2,True,2025-10-18T14:00:00Z,2.0,1.0,8,False,90,0,0,0,1,0,0,0,0,0,2,0,12,19.6,0.0,0.0,2.0,1,10,0,0,1,0.0,0.0,0.0,1.45,44,-29424,523045,10043,39467,139,GKP,Bart Verbruggen,Brighton
193,72,11,0,True,2025-10-18T14:00:00Z,2.0,0.0,8,False,0,0,0,0,0,0,0,0,0,0,0,0,0,0.0,0.0,0.0,0.0,0,0,0,0,0,0.0,0.0,0.0,0.0,40,-156,7528,228,384,193,DEF,Bashir Humphreys,Burnley
639,78,17,0,False,2025-10-18T14:00:00Z,2.0,0.0,8,False,0,0,0,0,0,0,0,0,0,0,0,0,0,0.0,0.0,0.0,0.0,0,0,0,0,0,0.0,0.0,0.0,0.0,40,-39,995,0,39,639,DEF,Bastien Meupiyou Menadjou,Wolves
114,80,19,0,False,2025-10-20T19:00:00Z,0.0,2.0,8,False,0,0,0,0,0,0,0,0,0,0,0,0,0,0.0,0.0,0.0,0.0,0,0,0,0,0,0.0,0.0,0.0,0.0,39,-465,30600,952,1417,114,DEF,Benjamin Arthur,Brentford
115,80,19,0,False,2025-10-20T19:00:00Z,0.0,2.0,8,False,0,0,0,0,0,0,0,0,0,0,0,0,0,0.0,0.0,0.0,0.0,0,0,0,0,0,0.0,0.0,0.0,0.0,40,-1127,13248,0,1127,115,DEF,Benjamin Fredrick,Brentford
664,74,1,0,True,2025-10-18T16:30:00Z,0.0,1.0,8,False,0,0,0,0,0,0,0,0,0,0,0,0,0,0.0,0.0,0.0,0.0,0,0,0,0,0,0.0,0.0,0.0,0.0,40,-2065,80682,274,2339,664,GKP,Benjamin Lecomte,Fulham
681,75,12,1,False,2025-10-19T15:30:00Z,1.0,2.0,8,False,29,0,0,0,1,0,0,0,0,0,0,0,4,9.6,12.8,4.0,2.6,3,3,0,6,0,0.01,0.02,0.03,1.74,73,48763,637640,92131,43368,681,FWD,Benjamin Sesko,Man Utd
11,74,10,0,False,2025-10-18T16:30:00Z,0.0,1.0,8,False,0,0,0,0,0,0,0,0,0,0,0,0,0,0.0,0.0,0.0,0.0,0,0,0,0,0,0.0,0.0,0.0,0.0,54,-2377,53039,1852,4229,11,DEF,Benjamin White,Arsenal
229,77,16,0,False,2025-10-18T11:30:00Z,0.0,3.0,8,False,0,0,0,0,0,0,0,0,0,0,0,0,0,0.0,0.0,0.0,0.0,0,0,0,0,0,0.0,0.0,0.0,0.0,44,327,2727,1028,701,229,DEF,Benoît Badiashile Mukinayi,Chelsea
60,79,18,0,False,2025-10-19T13:00:00Z,1.0,2.0,8,False,0,0,0,0,0,0,0,0,0,0,0,0,0,0.0,0.0,0.0,0.0,0,0,0,0,0,0.0,0.0,0.0,0.0,45,-403,41477,2884,3287,60,MID,Ben Broggio,Aston Villa
571,79,2,0,True,2025-10-19T13:00:00Z,1.0,2.0,8,False,0,0,0,0,0,0,0,0,0,0,0,0,0,0.0,0.0,0.0,0.0,0,0,0,0,0,0.0,0.0,0.0,0.0,43,-308,9879,284,592,571,DEF,Ben Davies,Spurs
391,73,8,1,False,2025-10-18T14:00:00Z,3.0,3.0,8,False,14,0,0,0,1,0,0,0,0,0,0,0,4,0.2,0.3,0.0,0.1,0,0,0,0,0,0.0,0.01,0.01,1.95,49,60,5682,395,335,391,MID,Ben Gannon-Doak,Bournemouth
96,73,8,0,False,2025-10-18T14:00:00Z,3.0,3.0,8,False,0,0,0,0,0,0,0,0,0,0,0,0,0,0.0,0.0,0.0,0.0,0,0,0,0,0,0.0,0.0,0.0,0.0,45,-510,5318,0,510,96,MID,Ben Winterburn,Bournemouth
416,76,9,1,True,2025-10-18T14:00:00Z,2.0,0.0,8,False,31,0,0,0,0,0,0,0,0,0,0,0,13,11.8,16.8,0.0,2.9,1,3,0,4,0,0.0,0.01,0.01,0.15,63,-4129,70866,3760,7889,416,MID,Bernardo Mota Veiga de Carvalho e Silva,Man City
314,74,1,3,True,2025-10-18T16:30:00Z,0.0,1.0,8,False,90,0,0,0,1,0,0,0,0,0,4,0,19,36.6,0.0,0.0,3.7,2,14,0,0,1,0.0,0.0,0.0,1.87,50,-8730,174670,2242,10972,314,GKP,Bernd Leno,Fulham
735,78,20,3,True,2025-10-18T14:00:00Z,2.0,0.0,8,False,62,0,0,1,0,0,0,0,0,0,0,0,7,2.0,0.7,0.0,0.3,1,3,0,4,1,0.0,0.0,0.0,0.24,55,578,2993,1030,452,735,MID,Bertrand Traoré,Sunderland
530,78,20,0,True,2025-10-18T14:00:00Z,2.0,0.0,8,False,0,0,0,0,0,0,0,0,0,0,0,0,0,0.0,0.0,0.0,0.0,0,0,0,0,0,0.0,0.0,0.0,0.0,40,-451,15601,140,591,530,GKP,Blondy Nna Noukeu,Sunderland
259,73,4,0,True,2025-10-18T14:00:00Z,3.0,3.0,8,False,0,0,0,0,0,0,0,0,0,0,0,0,0,0.0,0.0,0.0,0.0,0,0,0,0,0,0.0,0.0,0.0,0.0,49,-436,14714,485,921,259,DEF,Borna Sosa,Crystal Palace
58,79,18,2,False,2025-10-19T13:00:00Z,1.0,2.0,8,False,90,0,0,0,1,0,0,0,0,0,0,0,23,17.0,4.9,0.0,2.2,2,5,4,11,1,0.0,0.02,0.02,0.75,49,1860,19687,3305,1445,58,MID,Boubacar Kamara,Aston Villa
649,78,17,0,False,2025-10-18T14:00:00Z,2.0,0.0,8,False,0,0,0,0,0,0,0,0,0,0,0,0,0,0.0,0.0,0.0,0.0,0,0,0,0,0,0.0,0.0,0.0,0.0,50,0,129,0,0,649,MID,Boubacar Traoré,Wolves
702,79,18,0,False,2025-10-19T13:00:00Z,1.0,2.0,8,False,0,0,0,0,0,0,0,0,0,0,0,0,0,0.0,0.0,0.0,0.0,0,0,0,0,0,0.0,0.0,0.0,0.0,45,-294,9084,258,552,702,MID,Bradley Burrowes,Aston Villa
162,71,15,0,True,2025-10-18T14:00:00Z,2.0,1.0,8,False,0,0,0,0,0,0,0,0,0,0,0,0,0,0.0,0.0,0.0,0.0,0,0,0,0,0,0.0,0.0,0.0,0.0,54,-1410,9261,536,1946,162,MID,Brajan Gruda,Brighton
566,79,2,0,True,2025-10-19T13:00:00Z,1.0,2.0,8,False,0,0,0,0,0,0,0,0,0,0,0,0,0,0.0,0.0,0.0,0.0,0,0,0,0,0,0.0,0.0,0.0,0.0,39,4294,36349,5608,1314,566,GKP,Brandon Austin,Spurs
13,74,10,0,False,2025-10-18T16:30:00Z,0.0,1.0,8,False,0,0,0,0,0,0,0,0,0,0,0,0,0,0.0,0.0,0.0,0.0,0,0,0,0,0,0.0,0.0,0.0,0.0,39,-603,60235,3347,3950,13,DEF,Brayden Clarke,Arsenal
350,72,3,2,False,2025-10-18T14:00:00Z,2.0,0.0,8,False,65,0,0,0,1,0,0,0,0,0,0,0,9,16.6,31.3,27.0,7.5,3,3,1,7,1,0.31,0.19,0.5,0.43,54,2693,10484,3690,997,350,MID,Brenden Aaronson,Leeds
580,79,2,1,True,2025-10-19T13:00:00Z,1.0,2.0,8,False,4,0,0,0,0,0,0,0,0,0,0,0,2,0.0,0.1,4.0,0.4,1,0,0,1,0,0.06,0.0,0.06,0.12,68,-117030,487070,3515,120545,580,MID,Brennan Johnson,Crystal Palace
730,78,20,0,True,2025-10-18T14:00:00Z,2.0,0.0,8,False,0,0,0,0,0,0,0,0,0,0,0,0,0,0.0,0.0,0.0,0.0,0,0,0,0,0,0.0,0.0,0.0,0.0,55,-57,7296,1193,1250,730,FWD,Brian Brobbey,Sunderland
449,75,12,8,False,2025-10-19T15:30:00Z,1.0,2.0,8,False,84,0,1,0,1,0,0,0,0,0,0,3,27,29.2,44.8,9.0,8.3,2,5,1,8,1,0.2,0.12,0.32,2.44,90,-375032,2032709,40705,415737,449,MID,Bruno Borges Fernandes,Man Utd
488,71,6,2,False,2025-10-18T14:00:00Z,2.0,1.0,8,False,85,0,0,0,2,0,0,0,0,0,0,0,14,14.8,16.5,28.0,5.9,2,4,2,8,1,0.36,0.22,0.58,0.91,65,30966,282912,43763,12797,488,MID,Bruno Guimarães Rodriguez Moura,Newcastle
590,79,2,0,True,2025-10-19T13:00:00Z,1.0,2.0,8,False,0,0,0,0,0,0,0,0,0,0,0,0,0,0.0,0.0,0.0,0.0,0,0,0,0,0,0.0,0.0,0.0,0.0,49,-282,4082,0,282,590,MID,Bryan Gil Salvatierra,Spurs
119,75,12,9,False,2025-10-19T15:30:00Z,1.0,2.0,8,False,90,1,0,0,1,0,0,0,0,0,0,2,26,37.6,15.5,39.0,9.2,1,1,0,2,1,0.38,0.32,0.7,2.75,80,-163281,1618193,53092,216373,119,MID,Bryan Mbeumo,Man Utd
16,74,10,7,False,2025-10-18T16:30:00Z,0.0,1.0,8,False,90,0,0,1,0,0,0,0,0,0,0,2,28,28.8,80.3,44.0,15.3,1,9,2,12,1,0.07,0.55,0.62,0.44,99,532857,1559467,571887,39030,16,MID,Bukayo Saka,Arsenal
265,73,4,0,True,2025-10-18T14:00:00Z,3.0,3.0,8,False,0,0,0,0,0,0,0,0,0,0,0,0,0,0.0,0.0,0.0,0.0,0,0,0,0,0,0.0,0.0,0.0,0.0,40,-60,1670,27,87,265,DEF,Caleb Kporha,Crystal Palace
69,73,8,0,False,2025-10-18T14:00:00Z,3.0,3.0,8,False,0,0,0,0,0,0,0,0,0,0,0,0,0,0.0,0.0,0.0,0.0,0,0,0,0,0,0.0,0.0,0.0,0.0,40,-454,25076,381,835,69,GKP,Callan McKenna,Bournemouth
306,76,13,0,False,2025-10-18T14:00:00Z,2.0,0.0,8,False,0,0,0,0,0,0,0,0,0,0,0,0,0,0.0,0.0,0.0,0.0,0,0,0,0,0,0.0,0.0,0.0,0.0,45,-179,9128,588,767,306,MID,Callum Bates,Everton
516,77,7,1,True,2025-10-18T11:30:00Z,0.0,3.0,8,False,37,0,0,0,1,0,0,0,0,0,0,0,9,15.2,27.5,2.0,4.5,1,2,1,4,0,0.0,0.48,0.48,0.67,59,-23205,115314,2294,25499,516,MID,Callum Hudson-Odoi,Nott'm Forest
626,80,5,1,True,2025-10-20T19:00:00Z,0.0,2.0,8,False,29,0,0,0,1,0,0,0,0,0,0,0,2,0.0,0.1,0.0,0.0,0,0,0,0,0,0.0,0.0,0.0,0.59,44,1324,87261,7524,6200,626,FWD,Callum Marshall,West Ham
595,79,2,0,True,2025-10-19T13:00:00Z,1.0,2.0,8,False,0,0,0,0,0,0,0,0,0,0,0,0,0,0.0,0.0,0.0,0.0,0,0,0,0,0,0.0,0.0,0.0,0.0,44,-992,25722,844,1836,595,MID,Callum Olusesi,Spurs
671,80,5,0,True,2025-10-20T19:00:00Z,0.0,2.0,8,False,0,0,0,0,0,0,0,0,0,0,0,0,0,0.0,0.0,0.0,0.0,0,0,0,0,0,0.0,0.0,0.0,0.0,59,-2169,48156,3422,5591,671,FWD,Callum Wilson,West Ham
318,74,1,1,True,2025-10-18T16:30:00Z,0.0,1.0,8,False,8,0,0,0,0,0,0,0,0,0,0,0,4,5.6,0.3,2.0,0.8,4,2,0,4,0,0.0,0.0,0.0,0.57,45,-3785,63584,2481,6266,318,DEF,Calvin Bassey,Fulham
380,75,14,0,True,2025-10-19T15:30:00Z,1.0,2.0,8,False,0,0,0,0,0,0,0,0,0,0,0,0,0,0.0,0.0,0.0,0.0,0,0,0,0,0,0.0,0.0,0.0,0.0,39,-824,25895,436,1260,380,DEF,Calvin Ramsay,Liverpool
101,80,19,6,False,2025-10-20T19:00:00Z,0.0,2.0,8,False,90,0,0,1,0,0,0,0,0,0,1,0,25,8.4,0.0,0.0,0.8,0,5,0,0,1,0.0,0.0,0.0,0.33,45,-2853,984914,33814,36667,101,GKP,Caoimhín Kelleher,Brentford
301,76,13,2,False,2025-10-18T14:00:00Z,2.0,0.0,8,False,69,0,0,0,2,0,0,0,0,0,0,0,7,0.0,2.8,4.0,0.7,0,3,0,3,1,0.01,0.03,0.04,1.3,52,-565,11160,433,998,301,MID,Carlos Alcaraz Durán,Everton
167,71,15,3,True,2025-10-18T14:00:00Z,2.0,1.0,8,False,70,0,0,1,0,0,0,0,0,0,0,0,13,3.8,8.0,3.0,1.5,2,2,1,5,1,0.03,0.12,0.15,0.7,48,-24159,272058,8524,32683,167,MID,Carlos Baleba,Brighton
457,75,12,0,False,2025-10-19T15:30:00Z,1.0,2.0,8,False,57,0,0,0,0,0,0,0,1,0,0,0,5,7.6,1.8,0.0,0.9,2,0,3,5,1,0.0,0.0,0.0,0.96,55,531,28007,2468,1937,457,MID,Carlos Henrique Casimiro,Man Utd
503,77,7,0,True,2025-10-18T11:30:00Z,0.0,3.0,8,False,0,0,0,0,0,0,0,0,0,0,0,0,0,0.0,0.0,0.0,0.0,0,0,0,0,0,0.0,0.0,0.0,0.0,40,-703,11397,0,703,503,GKP,Carlos Miguel dos Santos Pereira,Nott'm Forest
141,71,15,0,True,2025-10-18T14:00:00Z,2.0,1.0,8,False,0,0,0,0,0,0,0,0,0,0,0,0,0,0.0,0.0,0.0,0.0,0,0,0,0,0,0.0,0.0,0.0,0.0,40,-10,301,0,10,141,GKP,Carl Rushworth,Brighton
262,73,4,0,True,2025-10-18T14:00:00Z,3.0,3.0,8,False,0,0,0,0,0,0,0,0,0,0,0,0,0,0.0,0.0,0.0,0.0,0,0,0,0,0,0.0,0.0,0.0,0.0,40,-30,746,31,61,262,DEF,Chadi Riad Dnanou,Crystal Palace
181,71,15,1,True,2025-10-18T14:00:00Z,2.0,1.0,8,False,1,0,0,0,0,0,0,0,0,0,0,0,3,1.0,0.1,0.0,0.1,0,0,0,0,0,0.0,0.0,0.0,0.08,48,-1064,36474,2061,3125,181,FWD,Charalampos Kostoulas,Brighton
359,72,3,0,False,2025-10-18T14:00:00Z,2.0,0.0,8,False,0,0,0,0,0,0,0,0,0,0,0,0,0,0.0,0.0,0.0,0.0,0,0,0,0,0,0.0,0.0,0.0,0.0,45,-29,553,0,29,359,MID,Charlie Crew,Leeds
156,71,15,0,True,2025-10-18T14:00:00Z,2.0,1.0,8,False,0,0,0,0,0,0,0,0,0,0,0,0,0,0.0,0.0,0.0,0.0,0,0,0,0,0,0.0,0.0,0.0,0.0,39,80,17847,917,837,156,DEF,Charlie Tasker,Brighton
268,73,4,0,True,2025-10-18T14:00:00Z,3.0,3.0,8,False,0,0,0,0,0,0,0,0,0,0,0,0,0,0.0,0.0,0.0,0.0,0,0,0,0,0,0.0,0.0,0.0,0.0,49,7,355,29,22,268,MID,Cheick Doucouré,Crystal Palace
553,78,20,4,True,2025-10-18T14:00:00Z,2.0,0.0,8,False,27,0,1,0,0,0,0,0,0,0,0,0,13,1.2,0.1,0.0,0.1,0,1,0,1,0,0.0,0.0,0.0,0.59,50,-2576,27209,828,3404,553,MID,Chemsdine Talbi,Sunderland
467,75,12,0,False,2025-10-19T15:30:00Z,1.0,2.0,8,False,0,0,0,0,0,0,0,0,0,0,0,0,0,0.0,0.0,0.0,0.0,0,0,0,0,0,0.0,0.0,0.0,0.0,43,17755,201638,37188,19433,467,FWD,Chido Obi,Man Utd
732,73,4,0,True,2025-10-18T14:00:00Z,3.0,3.0,8,False,0,0,0,0,0,0,0,0,0,0,0,0,0,0.0,0.0,0.0,0.0,0,0,0,0,0,0.0,0.0,0.0,0.0,55,81,3576,679,598,732,FWD,Christantus Uche,Crystal Palace
24,74,10,1,False,2025-10-18T16:30:00Z,0.0,1.0,8,False,1,0,0,0,0,0,0,0,0,0,0,0,3,1.0,0.0,0.0,0.1,1,1,0,2,0,0.0,0.0,0.0,0.0,53,-1341,18705,427,1768,24,MID,Christian Nørgaard,Arsenal
240,77,16,0,False,2025-10-18T11:30:00Z,0.0,3.0,8,False,0,0,0,0,0,0,0,0,0,0,0,0,0,0.0,0.0,0.0,0.0,0,0,0,0,0,0.0,0.0,0.0,0.0,59,-471,11376,0,471,240,MID,Christopher Nkunku,Chelsea
79,73,8,0,False,2025-10-18T14:00:00Z,3.0,3.0,8,False,0,0,0,0,0,0,0,0,0,0,0,0,0,0.0,0.0,0.0,0.0,0,0,0,0,0,0.0,0.0,0.0,0.0,40,-875,11788,0,875,79,DEF,Chris Mepham,Bournemouth
261,73,4,3,True,2025-10-18T14:00:00Z,3.0,3.0,8,False,90,0,0,0,3,0,0,0,0,0,0,0,7,33.0,14.8,7.0,5.5,11,1,4,15,1,0.03,0.16,0.19,2.03,45,30838,402079,59212,28374,261,DEF,Chris Richards,Crystal Palace
551,78,20,3,True,2025-10-18T14:00:00Z,2.0,0.0,8,False,75,0,0,1,0,0,0,0,0,0,0,0,7,2.8,10.8,2.0,1.6,0,2,2,4,1,0.0,0.01,0.01,0.34,48,-221,5878,338,559,551,MID,Chris Rigg,Sunderland
525,77,7,1,True,2025-10-18T11:30:00Z,0.0,3.0,8,False,16,0,0,0,1,0,0,0,0,0,0,0,5,2.0,0.0,0.0,0.2,0,0,1,1,0,0.0,0.0,0.0,0.27,73,-428530,1192685,12494,441024,525,FWD,Chris Wood,Nott'm Forest
425,76,9,0,True,2025-10-18T14:00:00Z,2.0,0.0,8,False,0,0,0,0,0,0,0,0,0,0,0,0,0,0.0,0.0,0.0,0.0,0,0,0,0,0,0.0,0.0,0.0,0.0,54,-47,1370,0,47,425,MID,Claudio Echeverri,Man City
307,76,13,0,False,2025-10-18T14:00:00Z,2.0,0.0,8,False,0,0,0,0,0,0,0,0,0,0,0,0,0,0.0,0.0,0.0,0.0,0,0,0,0,0,0.0,0.0,0.0,0.0,44,56,5183,434,378,307,MID,Coby Ebere,Everton
384,75,14,7,True,2025-10-19T15:30:00Z,1.0,2.0,8,False,90,1,0,0,2,0,0,0,0,0,0,0,20,31.4,45.1,62.0,13.9,0,2,0,2,1,1.47,0.09,1.56,1.34,75,4039,1470764,143655,139616,384,MID,Cody Gakpo,Liverpool
235,77,16,0,False,2025-10-18T11:30:00Z,0.0,3.0,8,False,0,0,0,0,0,0,0,0,0,0,0,0,0,0.0,0.0,0.0,0.0,0,0,0,0,0,0.0,0.0,0.0,0.0,103,-178382,1295673,11822,190204,235,MID,Cole Palmer,Chelsea
186,72,11,0,True,2025-10-18T14:00:00Z,2.0,0.0,8,False,0,0,0,0,0,0,0,0,0,0,0,0,0,0.0,0.0,0.0,0.0,0,0,0,0,0,0.0,0.0,0.0,0.0,44,-354,4429,37,391,186,DEF,Connor Roberts,Burnley
375,75,14,2,True,2025-10-19T15:30:00Z,1.0,2.0,8,False,61,0,0,0,1,0,0,0,0,0,0,0,7,8.2,16.1,4.0,2.8,1,1,1,2,1,0.0,0.03,0.03,0.7,50,-181,18012,1716,1897,375,DEF,Conor Bradley,Liverpool
662,74,10,0,False,2025-10-18T16:30:00Z,0.0,1.0,8,False,0,0,0,0,0,0,0,0,0,0,0,0,0,0.0,0.0,0.0,0.0,0,0,0,0,0,0.0,0.0,0.0,0.0,54,-2984,22920,1201,4185,662,DEF,Cristhian Mosquera,Arsenal
569,79,2,0,True,2025-10-19T13:00:00Z,1.0,2.0,8,False,0,0,0,0,0,0,0,0,0,0,0,0,0,0.0,0.0,0.0,0.0,0,0,0,0,0,0.0,0.0,0.0,0.0,51,-59965,862439,23921,83886,569,DEF,Cristian Romero,Spurs
615,80,5,1,True,2025-10-20T19:00:00Z,0.0,2.0,8,False,90,0,0,0,2,0,0,0,1,0,0,0,6,2.4,13.3,11.0,2.7,0,3,1,4,1,0.06,0.04,0.1,2.31,55,3189,13477,5002,1813,615,MID,Crysencio Summerville,West Ham
388,75,14,1,True,2025-10-19T15:30:00Z,1.0,2.0,8,False,28,0,0,0,1,0,0,0,0,0,0,0,7,6.4,6.2,19.0,3.2,1,4,0,5,0,0.07,0.51,0.58,0.64,54,-100,9477,652,752,388,MID,Curtis Jones,Liverpool
271,73,4,2,True,2025-10-18T14:00:00Z,3.0,3.0,8,False,90,0,0,0,3,0,0,0,0,0,0,0,18,7.6,18.1,2.0,2.8,0,5,4,9,1,0.0,0.28,0.28,2.03,50,829,18900,3125,2296,271,MID,Daichi Kamada,Crystal Palace
599,79,2,0,True,2025-10-19T13:00:00Z,1.0,2.0,8,False,0,0,0,0,0,0,0,0,0,0,0,0,0,0.0,0.0,0.0,0.0,0,0,0,0,0,0.0,0.0,0.0,0.0,44,-3156,79113,2299,5455,599,FWD,Dane Scarlett,Spurs
83,80,19,3,False,2025-10-20T19:00:00Z,0.0,2.0,8,False,75,0,0,1,0,0,0,0,0,0,0,0,8,8.0,32.7,33.0,7.4,1,6,0,7,1,0.46,0.07,0.53,0.29,60,-8721,54123,3094,11815,83,MID,Dango Ouattara,Brentford
99,73,8,0,False,2025-10-18T14:00:00Z,3.0,3.0,8,False,0,0,0,0,0,0,0,0,0,0,0,0,0,0.0,0.0,0.0,0.0,0,0,0,0,0,0.0,0.0,0.0,0.0,44,-3230,27303,0,3230,99,FWD,Daniel Adu-Adjei,Bournemouth
531,78,20,10,True,2025-10-18T14:00:00Z,2.0,0.0,8,False,90,0,0,1,0,0,0,0,0,0,0,2,33,31.2,21.3,31.0,8.4,9,1,1,10,1,0.06,0.13,0.19,0.83,46,-4355,287786,10890,15245,531,DEF,Daniel Ballard,Sunderland
629,78,17,0,False,2025-10-18T14:00:00Z,2.0,0.0,8,False,0,0,0,0,0,0,0,0,0,0,0,0,0,0.0,0.0,0.0,0.0,0,0,0,0,0,0.0,0.0,0.0,0.0,40,-1720,77742,638,2358,629,GKP,Daniel Bentley,Wolves
353,72,3,1,False,2025-10-18T14:00:00Z,2.0,0.0,8,False,24,0,0,0,1,0,0,0,0,0,0,0,7,10.2,28.6,8.0,4.7,0,0,1,1,0,0.0,0.2,0.2,0.03,53,-3002,16373,75,3077,353,MID,Daniel James,Leeds
256,73,4,10,True,2025-10-18T14:00:00Z,3.0,3.0,8,False,90,0,2,0,3,0,0,0,0,0,0,1,28,39.4,22.4,21.0,8.3,6,3,5,11,1,0.04,0.57,0.61,2.03,56,49594,1561887,110069,60475,256,DEF,Daniel Muñoz Mejía,Crystal Palace
178,71,15,13,True,2025-10-18T14:00:00Z,2.0,1.0,8,False,89,2,0,0,1,0,0,0,0,0,0,3,69,77.2,33.1,28.0,13.8,0,2,2,4,1,0.58,0.07,0.65,1.37,63,2488,293861,40905,38417,178,FWD,Danny Welbeck,Brighton
476,71,6,2,False,2025-10-18T14:00:00Z,2.0,1.0,8,False,90,0,0,0,2,0,0,0,1,0,0,0,0,23.6,13.6,4.0,4.1,7,5,3,10,1,0.0,0.05,0.05,0.91,51,307572,1211282,347962,40390,476,DEF,Dan Burn,Newcastle
669,77,7,0,True,2025-10-18T11:30:00Z,0.0,3.0,8,False,0,0,0,0,0,0,0,0,0,0,0,0,0,0.0,0.0,0.0,0.0,0,0,0,0,0,0.0,0.0,0.0,0.0,59,-56392,213142,3744,60136,669,MID,Dan Ndoye,Nott'm Forest
549,78,20,1,True,2025-10-18T14:00:00Z,2.0,0.0,8,False,1,0,0,0,0,0,0,0,0,0,0,0,3,1.0,0.0,0.0,0.1,1,0,0,1,0,0.0,0.0,0.0,0.1,48,-105,3686,108,213,549,MID,Dan Neil,Sunderland
204,72,11,0,True,2025-10-18T14:00:00Z,2.0,0.0,8,False,0,0,0,0,0,0,0,0,0,0,0,0,0,0.0,0.0,0.0,0.0,0,0,0,0,0,0.0,0.0,0.0,0.0,49,-64,1814,0,64,204,MID,Darko Churlinov,Burnley
361,72,3,0,False,2025-10-18T14:00:00Z,2.0,0.0,8,False,0,0,0,0,0,0,0,0,0,0,0,0,0,0.0,0.0,0.0,0.0,0,0,0,0,0,0.0,0.0,0.0,0.0,45,-406,4268,0,406,361,MID,Darko Gyabi,Leeds
397,75,14,0,True,2025-10-19T15:30:00Z,1.0,2.0,8,False,0,0,0,0,0,0,0,0,0,0,0,0,0,0.0,0.0,0.0,0.0,0,0,0,0,0,0.0,0.0,0.0,0.0,65,-155,8578,0,155,397,FWD,Darwin Núñez Ribeiro,Liverpool
86,73,8,0,False,2025-10-18T14:00:00Z,3.0,3.0,8,False,0,0,0,0,0,0,0,0,0,0,0,0,0,0.0,0.0,0.0,0.0,0,0,0,0,0,0.0,0.0,0.0,0.0,50,-8214,36281,1254,9468,86,MID,David Brooks,Bournemouth
509,77,7,0,True,2025-10-18T11:30:00Z,0.0,3.0,8,False,0,0,0,0,0,0,0,0,0,0,0,0,0,0.0,0.0,0.0,0.0,0,0,0,0,0,0.0,0.0,0.0,0.0,45,-163,3154,0,163,509,DEF,David Mota Veiga Teixeira do Carmo,Nott'm Forest
682,78,17,0,False,2025-10-18T14:00:00Z,2.0,0.0,8,False,0,0,0,0,0,0,0,0,0,0,0,0,0,0.0,0.0,0.0,0.0,0,0,0,0,0,0.0,0.0,0.0,0.0,44,-371,8097,87,458,682,DEF,David Møller Wolfe,Wolves
280,73,4,0,True,2025-10-18T14:00:00Z,3.0,3.0,8,False,0,0,0,0,0,0,0,0,0,0,0,0,0,0.0,0.0,0.0,0.0,0,0,0,0,0,0.0,0.0,0.0,0.0,45,-6,175,0,6,280,MID,David Ozoh,Crystal Palace
1,74,10,6,False,2025-10-18T16:30:00Z,0.0,1.0,8,False,90,0,0,1,0,0,0,0,0,0,0,0,21,4.6,0.0,0.0,0.5,2,7,0,0,1,0.0,0.0,0.0,0.44,57,120482,3447590,208192,87710,1,GKP,David Raya Martín,Arsenal
253,73,4,1,True,2025-10-18T14:00:00Z,3.0,3.0,8,False,90,0,0,0,3,0,0,0,0,0,2,0,1,15.0,0.0,0.0,1.5,0,7,0,0,1,0.0,0.02,0.02,2.03,50,-2092,966886,33319,35411,253,GKP,Dean Henderson,Crystal Palace
21,74,10,3,False,2025-10-18T16:30:00Z,0.0,1.0,8,False,90,0,0,1,0,0,0,0,0,0,0,0,10,15.6,19.5,1.0,3.6,3,2,0,5,1,0.03,0.08,0.11,0.44,65,184365,1233335,249814,65449,21,MID,Declan Rice,Arsenal
583,79,2,0,True,2025-10-19T13:00:00Z,1.0,2.0,8,False,0,0,0,0,0,0,0,0,0,0,0,0,0,0.0,0.0,0.0,0.0,0,0,0,0,0,0.0,0.0,0.0,0.0,64,-23,1501,51,74,583,MID,Dejan Kulusevski,Spurs
535,78,20,0,True,2025-10-18T14:00:00Z,2.0,0.0,8,False,0,0,0,0,0,0,0,0,0,0,0,0,0,0.0,0.0,0.0,0.0,0,0,0,0,0,0.0,0.0,0.0,0.0,40,-98,1657,17,115,535,DEF,Dennis Cirkin,Sunderland
435,75,12,0,False,2025-10-19T15:30:00Z,1.0,2.0,8,False,0,0,0,0,0,0,0,0,0,0,0,0,0,0.0,0.0,0.0,0.0,0,0,0,0,0,0.0,0.0,0.0,0.0,40,-329,12469,146,475,435,GKP,Dermot Mee,Man Utd
574,79,2,0,True,2025-10-19T13:00:00Z,1.0,2.0,8,False,0,0,0,0,0,0,0,0,0,0,0,0,0,0.0,0.0,0.0,0.0,0,0,0,0,0,0.0,0.0,0.0,0.0,44,765,70627,5704,4939,574,DEF,Destiny Udogie,Spurs
144,71,15,1,True,2025-10-18T14:00:00Z,2.0,1.0,8,False,1,0,0,0,0,0,0,0,0,0,0,0,3,2.4,0.0,0.0,0.2,1,0,0,1,0,0.0,0.0,0.0,0.08,43,-211,6456,140,351,144,DEF,Diego Coppola,Brighton
169,71,15,1,True,2025-10-18T14:00:00Z,2.0,1.0,8,False,35,0,0,0,0,0,0,0,0,0,0,0,5,3.6,11.1,8.0,2.3,0,3,1,4,1,0.0,0.01,0.01,0.18,49,-1389,12629,720,2109,169,MID,Diego Gómez Amarilla,Brighton
439,75,12,0,False,2025-10-19T15:30:00Z,1.0,2.0,8,False,0,0,0,0,0,0,0,0,0,0,0,0,0,0.0,0.0,0.0,0.0,0,0,0,0,0,0.0,0.0,0.0,0.0,43,-328,6941,150,478,439,DEF,Diego León Blanco,Man Utd
734,77,7,0,True,2025-10-18T11:30:00Z,0.0,3.0,8,False,0,0,0,0,0,0,0,0,0,0,0,0,0,0.0,0.0,0.0,0.0,0,0,0,0,0,0.0,0.0,0.0,0.0,60,-196,1958,224,420,734,MID,Dilane Bakwa,Nott'm Forest
440,75,12,4,False,2025-10-19T15:30:00Z,1.0,2.0,8,False,90,0,0,0,1,0,0,0,0,0,0,0,12,21.4,15.2,0.0,3.7,8,4,4,12,1,0.0,0.01,0.01,2.75,44,-1863,112802,3678,5541,440,DEF,Diogo Dalot Teixeira,Man Utd
739,76,9,0,True,2025-10-18T14:00:00Z,2.0,0.0,8,False,0,0,0,0,0,0,0,0,0,0,0,0,0,0.0,0.0,0.0,0.0,0,0,0,0,0,0.0,0.0,0.0,0.0,45,-27,2019,247,274,739,MID,Divine Mukasa,Man City
573,79,2,1,True,2025-10-19T13:00:00Z,1.0,2.0,8,False,85,0,0,0,2,0,0,0,0,0,0,0,-1,10.0,2.8,2.0,1.5,3,2,2,5,1,0.0,0.02,0.02,0.19,45,-30622,238142,5810,36432,573,DEF,Djed Spence,Spurs
691,72,3,2,False,2025-10-18T14:00:00Z,2.0,0.0,8,False,90,0,0,0,2,0,0,0,0,0,0,0,5,0.0,11.3,21.0,2.8,1,2,0,3,1,0.33,0.01,0.34,0.45,55,85724,218246,113440,27716,691,FWD,Dominic Calvert-Lewin,Leeds
94,73,8,0,False,2025-10-18T14:00:00Z,3.0,3.0,8,False,0,0,0,0,0,0,0,0,0,0,0,0,0,0.0,0.0,0.0,0.0,0,0,0,0,0,0.0,0.0,0.0,0.0,45,-708,5586,0,708,94,MID,Dominic Sadi,Bournemouth
596,79,2,0,True,2025-10-19T13:00:00Z,1.0,2.0,8,False,0,0,0,0,0,0,0,0,0,0,0,0,0,0.0,0.0,0.0,0.0,0,0,0,0,0,0.0,0.0,0.0,0.0,72,-8686,124085,195,8881,596,FWD,Dominic Solanke-Mitchell,Spurs
387,75,14,4,True,2025-10-19T15:30:00Z,1.0,2.0,8,False,90,0,0,0,2,0,0,0,0,0,0,0,20,23.6,45.1,0.0,6.9,3,7,2,12,1,0.0,0.11,0.11,1.34,65,-25749,450886,33037,58786,387,MID,Dominik Szoboszlai,Liverpool
53,79,18,2,False,2025-10-19T13:00:00Z,1.0,2.0,8,False,60,0,0,0,1,0,0,0,0,0,0,0,3,0.0,0.2,6.0,0.2,0,0,0,0,1,0.05,0.0,0.05,0.51,51,21205,91572,28995,7790,53,MID,Donyell Malen,Aston Villa
699,77,7,1,True,2025-10-18T11:30:00Z,0.0,3.0,8,False,52,0,0,0,2,0,0,0,0,0,0,0,5,2.0,12.2,2.0,1.6,0,1,0,1,1,0.0,0.22,0.22,1.0,50,-737,5743,312,1049,699,MID,Douglas Luiz Soares de Paulo,Aston Villa
300,76,13,1,False,2025-10-18T14:00:00Z,2.0,0.0,8,False,4,0,0,0,0,0,0,0,0,0,0,0,2,0.0,0.2,0.0,0.0,0,0,0,0,0,0.0,0.0,0.0,0.86,56,-971,16271,691,1662,300,MID,Dwight McNeil,Everton
247,77,16,0,False,2025-10-18T11:30:00Z,0.0,3.0,8,False,0,0,0,0,0,0,0,0,0,0,0,0,0,0.0,0.0,0.0,0.0,0,0,0,0,0,0.0,0.0,0.0,0.0,44,-359,4718,84,443,247,MID,Dário Luís Essugo,Chelsea
266,74,10,3,False,2025-10-18T16:30:00Z,0.0,1.0,8,False,61,0,0,1,0,0,0,0,0,0,0,0,9,6.2,21.0,4.0,3.1,1,1,0,2,1,0.01,0.03,0.04,0.4,76,105221,1729293,204897,99676,266,MID,Eberechi Eze,Arsenal
284,73,4,1,True,2025-10-18T14:00:00Z,3.0,3.0,8,False,26,0,0,0,1,0,0,0,0,0,0,0,3,3.2,13.5,9.0,2.6,2,1,0,3,0,0.04,0.35,0.39,0.65,54,14244,62716,21082,6838,284,FWD,Eddie Nketiah,Crystal Palace
399,76,9,0,True,2025-10-18T14:00:00Z,2.0,0.0,8,False,0,0,0,0,0,0,0,0,0,0,0,0,0,0.0,0.0,0.0,0.0,0,0,0,0,0,0.0,0.0,0.0,0.0,53,-8059,123458,0,8059,399,GKP,Ederson Santana de Moraes,Man City
616,80,5,0,True,2025-10-20T19:00:00Z,0.0,2.0,8,False,0,0,0,0,0,0,0,0,0,0,0,0,0,0.0,0.0,0.0,0.0,0,0,0,0,0,0.0,0.0,0.0,0.0,49,-377,6974,0,377,616,MID,Edson Álvarez Velázquez,West Ham
154,71,15,0,True,2025-10-18T14:00:00Z,2.0,1.0,8,False,0,0,0,0,0,0,0,0,0,0,0,0,0,0.0,0.0,0.0,0.0,0,0,0,0,0,0.0,0.0,0.0,0.0,40,-17,739,0,17,154,DEF,Eiran Cashin,Brighton
561,78,20,1,True,2025-10-18T14:00:00Z,2.0,0.0,8,False,14,0,0,0,0,0,0,0,0,0,0,0,2,0.2,0.0,2.0,0.2,0,1,0,1,0,0.0,0.0,0.0,0.48,55,-13156,104035,2477,15633,561,FWD,Eliezer Mayenda Dossou,Sunderland
705,76,13,0,False,2025-10-18T14:00:00Z,2.0,0.0,8,False,0,0,0,0,0,0,0,0,0,0,0,0,0,0.0,0.0,0.0,0.0,0,0,0,0,0,0.0,0.0,0.0,0.0,40,-522,19881,470,992,705,DEF,Elijah Campbell,Everton
102,80,19,0,False,2025-10-20T19:00:00Z,0.0,2.0,8,False,0,0,0,0,0,0,0,0,0,0,0,0,0,0.0,0.0,0.0,0.0,0,0,0,0,0,0.0,0.0,0.0,0.0,40,-682,35681,565,1247,102,GKP,Ellery Balcombe,Brentford
517,77,7,4,True,2025-10-18T11:30:00Z,0.0,3.0,8,False,90,0,0,0,3,0,0,0,0,0,0,0,17,12.4,37.2,6.0,5.6,2,9,1,12,1,0.0,0.23,0.23,1.67,54,-72110,425302,7722,79832,517,MID,Elliot Anderson,Nott'm Forest
433,75,12,0,False,2025-10-19T15:30:00Z,1.0,2.0,8,False,0,0,0,0,0,0,0,0,0,0,0,0,0,0.0,0.0,0.0,0.0,0,0,0,0,0,0.0,0.0,0.0,0.0,40,-10,240,0,10,433,GKP,Elyh Harrison,Man Utd
603,80,5,1,True,2025-10-20T19:00:00Z,0.0,2.0,8,False,45,0,0,0,1,0,0,0,0,0,0,0,1,6.6,1.8,0.0,0.8,2,0,2,4,0,0.0,0.01,0.01,0.84,44,20180,468454,58089,37909,603,DEF,El Hadji Malick Diouf,West Ham
604,80,5,0,True,2025-10-20T19:00:00Z,0.0,2.0,8,False,0,0,0,0,0,0,0,0,0,0,0,0,0,0.0,0.0,0.0,0.0,0,0,0,0,0,0.0,0.0,0.0,0.0,44,-738,8619,0,738,604,DEF,Emerson Palmieri dos Santos,West Ham
325,74,1,1,True,2025-10-18T16:30:00Z,0.0,1.0,8,False,26,0,0,0,0,0,0,0,0,0,0,0,2,1.0,2.5,0.0,0.4,0,1,0,1,0,0.0,0.0,0.0,0.73,57,-7685,61452,1219,8904,325,MID,Emile Smith Rowe,Fulham
50,79,18,7,False,2025-10-19T13:00:00Z,1.0,2.0,8,False,29,1,0,0,0,0,0,0,0,0,0,1,30,38.8,1.1,7.0,4.7,0,3,2,5,0,0.04,0.03,0.07,0.24,53,-3488,21122,2607,6095,50,MID,Emiliano Buendía Stati,Aston Villa
32,79,18,2,False,2025-10-19T13:00:00Z,1.0,2.0,8,False,90,0,0,0,1,0,0,0,0,0,2,0,10,16.4,0.0,0.0,1.6,2,7,0,0,1,0.0,0.0,0.0,0.75,50,-18959,248221,6154,25113,32,GKP,Emiliano Martínez Romero,Aston Villa
479,71,6,0,False,2025-10-18T14:00:00Z,2.0,1.0,8,False,0,0,0,0,0,0,0,0,0,0,0,0,0,0.0,0.0,0.0,0.0,0,0,0,0,0,0.0,0.0,0.0,0.0,44,-131,5593,92,223,479,DEF,Emil Krafth,Newcastle
631,78,17,0,False,2025-10-18T14:00:00Z,2.0,0.0,8,False,0,0,0,0,0,0,0,0,0,0,0,0,0,0.0,0.0,0.0,0.0,0,0,0,0,0,0.0,0.0,0.0,0.0,44,-3495,28646,777,4272,631,DEF,Emmanuel Agbadou,Wolves
392,75,14,0,True,2025-10-19T15:30:00Z,1.0,2.0,8,False,0,0,0,0,0,0,0,0,0,0,0,0,0,0.0,0.0,0.0,0.0,0,0,0,0,0,0.0,0.0,0.0,0.0,49,-766,11894,335,1101,392,MID,Endo Wataru,Liverpool
98,73,8,0,False,2025-10-18T14:00:00Z,3.0,3.0,8,False,0,0,0,0,0,0,0,0,0,0,0,0,0,0.0,0.0,0.0,0.0,0,0,0,0,0,0.0,0.0,0.0,0.0,54,11,1263,88,77,98,FWD,Enes Ünal,Bournemouth
203,72,11,0,True,2025-10-18T14:00:00Z,2.0,0.0,8,False,0,0,0,0,0,0,0,0,0,0,0,0,0,0.0,0.0,0.0,0.0,0,0,0,0,0,0.0,0.0,0.0,0.0,48,-132,5260,158,290,203,MID,Enock Agyei,Burnley
652,78,17,0,False,2025-10-18T14:00:00Z,2.0,0.0,8,False,0,0,0,0,0,0,0,0,0,0,0,0,0,0.0,0.0,0.0,0.0,0,0,0,0,0,0.0,0.0,0.0,0.0,44,-7446,192727,7342,14788,652,MID,Enso González Medina,Wolves
56,79,18,0,False,2025-10-19T13:00:00Z,1.0,2.0,8,False,0,0,0,0,0,0,0,0,0,0,0,0,0,0.0,0.0,0.0,0.0,0,0,0,0,0,0.0,0.0,0.0,0.0,50,-1,51,0,1,56,MID,Enzo Barrenechea,Aston Villa
237,77,16,0,False,2025-10-18T11:30:00Z,0.0,3.0,8,False,0,0,0,0,0,0,0,0,0,0,0,0,0,0.0,0.0,0.0,0.0,0,0,0,0,0,0.0,0.0,0.0,0.0,67,64893,1791870,304636,239743,237,MID,Enzo Fernández,Chelsea
547,78,20,5,True,2025-10-18T14:00:00Z,2.0,0.0,8,False,90,0,0,1,0,0,0,0,0,0,0,0,13,26.6,12.8,0.0,3.9,6,4,4,14,1,0.0,0.02,0.02,0.83,49,-2415,48657,3082,5497,547,MID,Enzo Le Fée,Sunderland
523,77,7,0,True,2025-10-18T11:30:00Z,0.0,3.0,8,False,0,0,0,0,0,0,0,0,0,0,0,0,0,0.0,0.0,0.0,0.0,0,0,0,0,0,0.0,0.0,0.0,0.0,45,-679,8620,0,679,523,MID,Eric da Silva Moreira,Nott'm Forest
430,76,9,13,True,2025-10-18T14:00:00Z,2.0,0.0,8,False,90,2,0,1,0,0,0,0,0,0,0,3,62,77.4,1.9,85.0,16.4,2,2,0,4,1,0.98,0.02,1.0,0.81,146,707569,7826831,717731,10162,430,FWD,Erling Haaland,Man City
238,77,16,3,False,2025-10-18T11:30:00Z,0.0,3.0,8,False,12,0,1,0,0,0,0,0,1,0,0,0,9,3.0,0.3,10.0,1.3,1,2,1,4,0,0.08,0.0,0.08,0.28,65,71428,292518,85874,14446,238,MID,Estêvão Almeida de Oliveira Gonçalves,Chelsea
354,72,3,2,False,2025-10-18T14:00:00Z,2.0,0.0,8,False,80,0,0,0,2,0,0,0,0,0,0,0,19,17.6,11.0,4.0,3.3,2,4,5,11,1,0.12,0.05,0.17,0.45,49,387,9056,1292,905,354,MID,Ethan Ampadu,Leeds
25,74,10,0,False,2025-10-18T16:30:00Z,0.0,1.0,8,False,0,0,0,0,0,0,0,0,0,0,0,0,0,0.0,0.0,0.0,0.0,0,0,0,0,0,0.0,0.0,0.0,0.0,52,-1438,19645,700,2138,25,MID,Ethan Nwaneri,Arsenal
111,80,19,0,False,2025-10-20T19:00:00Z,0.0,2.0,8,False,0,0,0,0,0,0,0,0,0,0,0,0,0,0.0,0.0,0.0,0.0,0,0,0,0,0,0.0,0.0,0.0,0.0,44,-673,15582,484,1157,111,DEF,Ethan Pinnock,Brentford
468,75,12,0,False,2025-10-19T15:30:00Z,1.0,2.0,8,False,0,0,0,0,0,0,0,0,0,0,0,0,0,0.0,0.0,0.0,0.0,0,0,0,0,0,0.0,0.0,0.0,0.0,45,-929,13034,0,929,468,FWD,Ethan Wheatley,Man Utd
184,72,11,0,True,2025-10-18T14:00:00Z,2.0,0.0,8,False,0,0,0,0,0,0,0,0,0,0,0,0,0,0.0,0.0,0.0,0.0,0,0,0,0,0,0.0,0.0,0.0,0.0,40,-2025,31175,0,2025,184,GKP,Etienne Green,Burnley
677,79,18,2,False,2025-10-19T13:00:00Z,1.0,2.0,8,False,60,0,0,0,1,0,0,0,0,0,0,0,10,7.4,12.3,0.0,2.0,2,2,2,6,1,0.0,0.01,0.01,0.51,63,-457,5132,290,747,677,MID,Evann Guessand,Crystal Palace
179,71,15,0,True,2025-10-18T14:00:00Z,2.0,1.0,8,False,0,0,0,0,0,0,0,0,0,0,0,0,0,0.0,0.0,0.0,0.0,0,0,0,0,0,0.0,0.0,0.0,0.0,55,-18,1048,0,18,179,FWD,Evan Ferguson,Brighton
38,79,18,2,False,2025-10-19T13:00:00Z,1.0,2.0,8,False,90,0,0,0,1,0,0,0,0,0,0,0,9,17.8,4.1,2.0,2.4,5,2,1,6,1,0.0,0.01,0.01,0.75,45,-118649,1196340,13012,131661,38,DEF,Ezri Konsa Ngoyo,Aston Villa
474,71,6,0,False,2025-10-18T14:00:00Z,2.0,1.0,8,False,0,0,0,0,0,0,0,0,0,0,0,0,0,0.0,0.0,0.0,0.0,0,0,0,0,0,0.0,0.0,0.0,0.0,54,-3206,240560,10943,14149,474,DEF,Fabian Schär,Newcastle
168,77,16,0,False,2025-10-18T11:30:00Z,0.0,3.0,8,False,0,0,0,0,0,0,0,0,0,0,0,0,0,0.0,0.0,0.0,0.0,0,0,0,0,0,0.0,0.0,0.0,0.0,48,-671,12524,705,1376,168,MID,Facundo Buonanotte,Leeds
385,75,14,4,True,2025-10-19T15:30:00Z,1.0,2.0,8,False,18,0,1,0,1,0,0,0,0,0,0,0,17,24.6,11.1,8.0,4.4,1,0,2,3,0,0.07,0.03,0.1,0.59,64,-2764,39547,2386,5150,385,MID,Federico Chiesa,Liverpool
511,77,7,0,True,2025-10-18T11:30:00Z,0.0,3.0,8,False,90,0,0,0,3,0,0,0,1,0,0,0,3,15.6,0.5,0.0,1.6,4,1,3,7,1,0.0,0.0,0.0,1.67,44,-217,10005,346,563,511,DEF,Felipe Rodrigues da Silva,Nott'm Forest
148,71,15,2,True,2025-10-18T14:00:00Z,2.0,1.0,8,False,90,0,0,0,1,0,0,0,0,0,0,0,7,7.4,6.5,8.0,2.2,2,3,0,2,1,0.0,0.34,0.34,1.45,44,-28,18177,1210,1238,148,DEF,Ferdi Kadıoğlu,Brighton
645,78,17,1,False,2025-10-18T14:00:00Z,2.0,0.0,8,False,14,0,0,0,1,0,0,0,0,0,0,0,1,0.0,1.3,7.0,0.8,0,0,0,0,0,0.03,0.02,0.05,0.0,53,-185,3777,63,248,645,MID,Fer López González,Wolves
221,77,16,0,False,2025-10-18T11:30:00Z,0.0,3.0,8,False,0,0,0,0,0,0,0,0,0,0,0,0,0,0.0,0.0,0.0,0.0,0,0,0,0,0,0.0,0.0,0.0,0.0,44,-1457,22810,379,1836,221,GKP,Filip Jörgensen,Chelsea
35,79,18,0,False,2025-10-19T13:00:00Z,1.0,2.0,8,False,0,0,0,0,0,0,0,0,0,0,0,0,0,0.0,0.0,0.0,0.0,0,0,0,0,0,0.0,0.0,0.0,0.0,40,-54,1392,0,54,35,GKP,Filip Marschall,Aston Villa
722,72,11,8,True,2025-10-18T14:00:00Z,2.0,0.0,8,False,90,0,1,1,0,0,0,0,0,0,0,0,21,37.8,13.7,1.0,5.3,8,5,3,16,1,0.02,0.0,0.02,2.63,50,569,2101,723,154,722,MID,Florentino Ibrain Morris Luís,Burnley
382,75,14,1,True,2025-10-19T15:30:00Z,1.0,2.0,8,False,28,0,0,0,1,0,0,0,0,0,0,0,6,9.2,33.0,12.0,5.4,0,2,1,3,0,0.0,0.1,0.1,0.64,81,-156776,1029774,17298,174074,382,MID,Florian Wirtz,Liverpool
97,73,8,0,False,2025-10-18T14:00:00Z,3.0,3.0,8,False,0,0,0,0,0,0,0,0,0,0,0,0,0,0.0,0.0,0.0,0.0,0,0,0,0,0,0.0,0.0,0.0,0.0,70,-61059,330568,23639,84698,97,FWD,Francisco Evanilson de Lima Barbosa,Bournemouth
282,73,4,0,True,2025-10-18T14:00:00Z,3.0,3.0,8,False,0,0,0,0,0,0,0,0,0,0,0,0,0,0.0,0.0,0.0,0.0,0,0,0,0,0,0.0,0.0,0.0,0.0,45,-249,2586,0,249,282,MID,Franco Umeh-Chibueze,Crystal Palace
128,80,19,0,False,2025-10-20T19:00:00Z,0.0,2.0,8,False,0,0,0,0,0,0,0,0,0,0,0,0,0,0.0,0.0,0.0,0.0,0,0,0,0,0,0.0,0.0,0.0,0.0,49,-263,6999,223,486,128,MID,Frank Onyeka,Brentford
623,80,5,0,True,2025-10-20T19:00:00Z,0.0,2.0,8,False,0,0,0,0,0,0,0,0,0,0,0,0,0,0.0,0.0,0.0,0.0,0,0,0,0,0,0.0,0.0,0.0,0.0,44,-1981,84126,5778,7759,623,MID,Freddie Potts,West Ham
369,75,14,0,True,2025-10-19T15:30:00Z,1.0,2.0,8,False,0,0,0,0,0,0,0,0,0,0,0,0,0,0.0,0.0,0.0,0.0,0,0,0,0,0,0.0,0.0,0.0,0.0,39,4155,24931,5552,1397,369,GKP,Freddie Woodman,Liverpool
23,74,10,0,False,2025-10-18T16:30:00Z,0.0,1.0,8,False,0,0,0,0,0,0,0,0,0,0,0,0,0,0.0,0.0,0.0,0.0,0,0,0,0,0,0.0,0.0,0.0,0.0,54,-151,2753,0,151,23,MID,Fábio Ferreira Vieira,Arsenal
123,80,19,0,False,2025-10-20T19:00:00Z,0.0,2.0,8,False,0,0,0,0,0,0,0,0,0,0,0,0,0,0.0,0.0,0.0,0.0,0,0,0,0,0,0.0,0.0,0.0,0.0,49,-2669,29127,940,3609,123,MID,Fábio Freitas Gouveia Carvalho,Brentford
655,78,17,0,False,2025-10-18T14:00:00Z,2.0,0.0,8,False,0,0,0,0,0,0,0,0,0,0,0,0,0,0.0,0.0,0.0,0.0,0,0,0,0,0,0.0,0.0,0.0,0.0,49,-1893,26576,0,1893,655,FWD,Fábio Soares Silva,Wolves
5,74,10,12,False,2025-10-18T16:30:00Z,0.0,1.0,8,False,90,0,1,1,0,0,0,0,0,0,0,3,33,33.4,11.6,15.0,6.0,9,1,0,9,1,0.24,0.02,0.26,0.44,63,410059,3866736,480852,70793,5,DEF,Gabriel dos Santos Magalhães,Arsenal
31,74,10,0,False,2025-10-18T16:30:00Z,0.0,1.0,8,False,0,0,0,0,0,0,0,0,0,0,0,0,0,0.0,0.0,0.0,0.0,0,0,0,0,0,0.0,0.0,0.0,0.0,64,-143,4718,117,260,31,FWD,Gabriel Fernando de Jesus,Arsenal
347,72,3,1,False,2025-10-18T14:00:00Z,2.0,0.0,8,False,90,0,0,0,2,0,0,0,0,0,0,0,23,32.0,68.7,6.0,10.7,2,4,2,4,1,0.0,0.56,0.56,0.45,40,-8097,681689,27681,35778,347,DEF,Gabriel Gudmundsson,Leeds
19,74,10,1,False,2025-10-18T16:30:00Z,0.0,1.0,8,False,9,0,0,0,0,0,0,0,0,0,0,0,3,3.2,0.5,41.0,4.5,0,1,1,2,0,0.52,0.0,0.52,0.04,69,-4544,147028,13037,17581,19,MID,Gabriel Martinelli Silva,Arsenal
223,77,16,0,False,2025-10-18T11:30:00Z,0.0,3.0,8,False,0,0,0,0,0,0,0,0,0,0,0,0,0,0.0,0.0,0.0,0.0,0,0,0,0,0,0.0,0.0,0.0,0.0,40,-409,12387,252,661,223,GKP,Gabriel Słonina,Chelsea
496,71,6,0,False,2025-10-18T14:00:00Z,2.0,1.0,8,False,0,0,0,0,0,0,0,0,0,0,0,0,0,0.0,0.0,0.0,0.0,0,0,0,0,0,0.0,0.0,0.0,0.0,44,-588,5741,0,588,496,MID,Garang Kuol,Newcastle
620,80,5,0,True,2025-10-20T19:00:00Z,0.0,2.0,8,False,0,0,0,0,0,0,0,0,0,0,0,0,0,0.0,0.0,0.0,0.0,0,0,0,0,0,0.0,0.0,0.0,0.0,45,-772,6605,59,831,620,MID,George Earthy,West Ham
158,71,15,7,True,2025-10-18T14:00:00Z,2.0,1.0,8,False,70,0,1,1,0,0,0,0,0,0,0,1,25,32.4,25.3,14.0,7.2,2,4,2,8,1,0.05,0.28,0.33,0.7,57,-6835,47137,2203,9038,158,MID,Georginio Rutter,Brighton
736,76,9,6,True,2025-10-18T14:00:00Z,2.0,0.0,8,False,90,0,0,1,0,0,0,0,0,0,1,0,27,12.6,0.0,0.0,1.3,2,4,0,0,1,0.0,0.0,0.0,0.81,57,126754,1191933,165388,38634,736,GKP,Gianluigi Donnarumma,Man City
367,75,14,1,True,2025-10-19T15:30:00Z,1.0,2.0,8,False,90,0,0,0,2,0,0,0,0,0,2,0,9,14.8,0.0,0.0,1.5,1,9,0,0,1,0.0,0.0,0.0,1.34,43,24548,101956,33629,9081,367,GKP,Giorgi Mamardashvili,Liverpool
692,75,14,0,True,2025-10-19T15:30:00Z,1.0,2.0,8,False,0,0,0,0,0,0,0,0,0,0,0,0,0,0.0,0.0,0.0,0.0,0,0,0,0,0,0.0,0.0,0.0,0.0,49,-132,1820,30,162,692,DEF,Giovanni Leoni,Liverpool
647,78,17,0,False,2025-10-18T14:00:00Z,2.0,0.0,8,False,0,0,0,0,0,0,0,0,0,0,0,0,0,0.0,0.0,0.0,0.0,0,0,0,0,0,0.0,0.0,0.0,0.0,55,-16,436,0,16,647,MID,Gonçalo Manuel Ganchinho Guedes,Wolves
668,78,20,5,True,2025-10-18T14:00:00Z,2.0,0.0,8,False,90,0,0,1,0,0,0,0,0,0,0,0,15,16.2,19.7,2.0,3.8,6,5,1,12,1,0.03,0.06,0.09,0.83,50,80272,547799,114836,34564,668,MID,Granit Xhaka,Sunderland
565,79,2,1,True,2025-10-19T13:00:00Z,1.0,2.0,8,False,90,0,0,0,2,0,0,0,0,0,0,0,1,5.0,0.0,0.0,0.5,2,7,0,0,1,0.0,0.0,0.0,0.32,51,-74138,1412691,26707,100845,565,GKP,Guglielmo Vicario,Spurs
618,80,5,1,True,2025-10-20T19:00:00Z,0.0,2.0,8,False,19,0,0,0,1,0,0,0,0,0,0,0,3,1.2,0.2,0.0,0.1,1,0,0,1,0,0.0,0.0,0.0,0.37,48,-200,5576,108,308,618,MID,Guido Rodríguez,West Ham
127,80,19,0,False,2025-10-20T19:00:00Z,0.0,2.0,8,False,0,0,0,0,0,0,0,0,0,0,0,0,0,0.0,0.0,0.0,0.0,0,0,0,0,0,0.0,0.0,0.0,0.0,49,0,737,30,30,127,MID,Gustavo Nunes Fernandes Gomes,Brentford
544,78,20,0,True,2025-10-18T14:00:00Z,2.0,0.0,8,False,0,0,0,0,0,0,0,0,0,0,0,0,0,0.0,0.0,0.0,0.0,0,0,0,0,0,0.0,0.0,0.0,0.0,54,-1125,6078,22,1147,544,MID,Habib Diarra,Sunderland
93,73,8,0,False,2025-10-18T14:00:00Z,3.0,3.0,8,False,0,0,0,0,0,0,0,0,0,0,0,0,0,0.0,0.0,0.0,0.0,0,0,0,0,0,0.0,0.0,0.0,0.0,45,-7514,56854,0,7514,93,MID,Hamed Traorè,Bournemouth
188,72,11,0,True,2025-10-18T14:00:00Z,2.0,0.0,8,False,0,0,0,0,0,0,0,0,0,0,0,0,0,0.0,0.0,0.0,0.0,0,0,0,0,0,0.0,0.0,0.0,0.0,39,-786,31100,763,1549,188,DEF,Hannes Delcroix,Burnley
207,72,11,0,True,2025-10-18T14:00:00Z,2.0,0.0,8,False,7,0,0,0,0,0,0,0,1,0,0,0,4,5.0,0.0,0.0,0.5,0,0,3,3,0,0.0,0.0,0.0,0.34,49,-841,16070,601,1442,207,MID,Hannibal Mejbri,Burnley
305,76,13,0,False,2025-10-18T14:00:00Z,2.0,0.0,8,False,0,0,0,0,0,0,0,0,0,0,0,0,0,0.0,0.0,0.0,0.0,0,0,0,0,0,0.0,0.0,0.0,0.0,45,-643,7571,0,643,305,MID,Harrison Armstrong,Everton
482,71,6,0,False,2025-10-18T14:00:00Z,2.0,1.0,8,False,0,0,0,0,0,0,0,0,0,0,0,0,0,0.0,0.0,0.0,0.0,0,0,0,0,0,0.0,0.0,0.0,0.0,39,-1004,19485,303,1307,482,DEF,Harrison Ashby,Newcastle
557,78,20,0,True,2025-10-18T14:00:00Z,2.0,0.0,8,False,0,0,0,0,0,0,0,0,0,0,0,0,0,0.0,0.0,0.0,0.0,0,0,0,0,0,0.0,0.0,0.0,0.0,44,-238,7247,344,582,557,MID,Harrison Jones,Sunderland
336,74,1,0,True,2025-10-18T16:30:00Z,0.0,1.0,8,False,0,0,0,0,0,0,0,0,0,0,0,0,0,0.0,0.0,0.0,0.0,0,0,0,0,0,0.0,0.0,0.0,0.0,44,-1685,31383,1514,3199,336,MID,Harrison Reed,Fulham
445,75,12,0,False,2025-10-19T15:30:00Z,1.0,2.0,8,False,0,0,0,0,0,0,0,0,0,0,0,0,0,0.0,0.0,0.0,0.0,0,0,0,0,0,0.0,0.0,0.0,0.0,40,-631,11287,0,631,445,DEF,Harry Amass,Man Utd
741,72,3,0,False,2025-10-18T14:00:00Z,2.0,0.0,8,False,0,0,0,0,0,0,0,0,0,0,0,0,0,0.0,0.0,0.0,0.0,0,0,0,0,0,0.0,0.0,0.0,0.0,45,-1742,6288,352,2094,741,FWD,Harry Gray,Leeds
442,75,12,11,False,2025-10-19T15:30:00Z,1.0,2.0,8,False,90,1,0,0,1,0,0,0,0,0,0,1,24,51.6,0.2,21.0,7.3,10,4,0,10,1,0.09,0.01,0.1,2.75,44,-6373,83078,2272,8645,442,DEF,Harry Maguire,Man Utd
289,76,13,0,False,2025-10-18T14:00:00Z,2.0,0.0,8,False,0,0,0,0,0,0,0,0,0,0,0,0,0,0.0,0.0,0.0,0.0,0,0,0,0,0,0.0,0.0,0.0,0.0,40,-368,13924,122,490,289,GKP,Harry Tyrer,Everton
329,74,1,2,True,2025-10-18T16:30:00Z,0.0,1.0,8,False,81,0,0,0,1,0,0,0,0,0,0,0,7,8.6,21.4,13.0,4.3,5,2,1,8,1,0.23,0.04,0.27,1.3,53,-4100,44578,2657,6757,329,MID,Harry Wilson,Fulham
487,71,6,1,False,2025-10-18T14:00:00Z,2.0,1.0,8,False,20,0,0,0,1,0,0,0,0,0,0,0,6,6.0,4.3,17.0,2.7,0,2,0,2,0,0.03,0.07,0.1,0.14,64,-9606,51538,1669,11275,487,MID,Harvey Barnes,Newcastle
389,79,18,0,False,2025-10-19T13:00:00Z,1.0,2.0,8,False,0,0,0,0,0,0,0,0,0,0,0,0,0,0.0,0.0,0.0,0.0,0,0,0,0,0,0.0,0.0,0.0,0.0,54,-12125,48082,1640,13765,389,MID,Harvey Elliott,Aston Villa
190,72,11,0,True,2025-10-18T14:00:00Z,2.0,0.0,8,False,0,0,0,0,0,0,0,0,0,0,0,0,0,0.0,0.0,0.0,0.0,0,0,0,0,0,0.0,0.0,0.0,0.0,40,-8493,171470,3705,12198,190,DEF,Hjalmar Ekdal,Burnley
633,78,17,1,False,2025-10-18T14:00:00Z,2.0,0.0,8,False,90,0,0,0,2,0,0,0,0,0,0,0,9,20.8,38.0,4.0,6.3,3,3,1,4,1,0.0,0.3,0.3,0.65,44,2355,11787,3127,772,633,DEF,Hugo Bueno López,Wolves
661,75,14,1,True,2025-10-19T15:30:00Z,1.0,2.0,8,False,28,0,0,0,1,0,0,0,0,0,0,0,-1,0.0,1.9,11.0,0.9,0,0,0,0,0,0.07,0.0,0.07,0.64,87,-153195,2021301,111711,264906,661,FWD,Hugo Ekitiké,Liverpool
642,78,17,0,False,2025-10-18T14:00:00Z,2.0,0.0,8,False,0,0,0,0,0,0,0,0,0,0,0,0,0,0.0,0.0,0.0,0.0,0,0,0,0,0,0.0,0.0,0.0,0.0,59,-1598,18644,1941,3539,642,MID,Hwang Hee-chan,Wolves
105,80,19,0,False,2025-10-20T19:00:00Z,0.0,2.0,8,False,0,0,0,0,0,0,0,0,0,0,0,0,0,0.0,0.0,0.0,0.0,0,0,0,0,0,0.0,0.0,0.0,0.0,40,-3313,76680,295,3608,105,GKP,Hákon Rafn Valdimarsson,Brentford
39,79,18,1,False,2025-10-19T13:00:00Z,1.0,2.0,8,False,8,0,0,0,0,0,0,0,0,0,0,0,8,7.4,10.2,1.0,1.9,2,2,2,4,0,0.04,0.0,0.04,0.2,43,-3057,59364,1578,4635,39,DEF,Ian Maatsen,Aston Villa
550,78,20,0,True,2025-10-18T14:00:00Z,2.0,0.0,8,False,0,0,0,0,0,0,0,0,0,0,0,0,0,0.0,0.0,0.0,0.0,0,0,0,0,0,0.0,0.0,0.0,0.0,48,-49,2754,73,122,550,MID,Ian Poveda-Ocampo,Sunderland
374,75,14,3,True,2025-10-19T15:30:00Z,1.0,2.0,8,False,90,0,0,0,2,0,0,0,0,0,0,0,11,32.8,14.5,7.0,5.4,9,4,2,11,1,0.01,0.19,0.2,1.34,55,-74596,348718,6005,80601,374,DEF,Ibrahima Konaté,Liverpool
521,77,7,1,True,2025-10-18T11:30:00Z,0.0,3.0,8,False,90,0,0,0,3,0,0,0,1,0,0,0,13,26.4,16.0,34.0,7.6,3,2,4,9,1,0.25,0.03,0.28,1.67,49,-537,7537,203,740,521,MID,Ibrahim Sangaré,Nott'm Forest
302,76,13,2,False,2025-10-18T14:00:00Z,2.0,0.0,8,False,69,0,0,0,2,0,0,0,0,0,0,0,11,8.8,3.3,2.0,1.4,2,1,3,6,1,0.0,0.02,0.02,1.3,54,-801,16528,1512,2313,302,MID,Idrissa Gana Gueye,Everton
526,77,7,1,True,2025-10-18T11:30:00Z,0.0,3.0,8,False,45,0,0,0,3,0,0,0,0,0,0,0,-4,0.0,1.5,15.0,1.5,0,0,1,1,0,0.69,0.01,0.7,1.31,58,-7903,83084,8053,15956,526,FWD,Igor Jesus Maciel da Cruz,Nott'm Forest
149,80,5,0,True,2025-10-20T19:00:00Z,0.0,2.0,8,False,0,0,0,0,0,0,0,0,0,0,0,0,0,0.0,0.0,0.0,0.0,0,0,0,0,0,0.0,0.0,0.0,0.0,45,10,7429,476,466,149,DEF,Igor Julio dos Santos de Paulo,Brighton
136,80,19,8,False,2025-10-20T19:00:00Z,0.0,2.0,8,False,90,1,0,1,0,0,0,0,0,0,0,2,33,43.2,8.9,92.0,14.4,1,3,1,5,1,0.84,0.02,0.86,0.33,61,147169,485809,189311,42142,136,FWD,Igor Thiago Nascimento Rodrigues,Brentford
356,72,3,0,False,2025-10-18T14:00:00Z,2.0,0.0,8,False,0,0,0,0,0,0,0,0,0,0,0,0,0,0.0,0.0,0.0,0.0,0,0,0,0,0,0.0,0.0,0.0,0.0,49,-275,4514,72,347,356,MID,Ilia Gruev,Leeds
299,76,13,4,False,2025-10-18T14:00:00Z,2.0,0.0,8,False,85,0,0,0,2,0,0,0,0,0,0,0,20,20.4,26.7,23.0,7.0,2,11,4,17,1,0.04,0.56,0.6,1.52,65,-49774,1271587,72776,122550,299,MID,Iliman Ndiaye,Everton
339,72,3,0,False,2025-10-18T14:00:00Z,2.0,0.0,8,False,0,0,0,0,0,0,0,0,0,0,0,0,0,0.0,0.0,0.0,0.0,0,0,0,0,0,0.0,0.0,0.0,0.0,43,-2512,53234,658,3170,339,GKP,Illan Meslier,Leeds
71,73,8,0,False,2025-10-18T14:00:00Z,3.0,3.0,8,False,0,0,0,0,0,0,0,0,0,0,0,0,0,0.0,0.0,0.0,0.0,0,0,0,0,0,0.0,0.0,0.0,0.0,50,-120,3320,0,120,71,DEF,Illia Zabarnyi,Bournemouth
495,71,6,0,False,2025-10-18T14:00:00Z,2.0,1.0,8,False,0,0,0,0,0,0,0,0,0,0,0,0,0,0.0,0.0,0.0,0.0,0,0,0,0,0,0.0,0.0,0.0,0.0,45,-51,972,0,51,495,MID,Isaac Hayden,Newcastle
308,76,13,0,False,2025-10-18T14:00:00Z,2.0,0.0,8,False,0,0,0,0,0,0,0,0,0,0,0,0,0,0.0,0.0,0.0,0.0,0,0,0,0,0,0.0,0.0,0.0,0.0,45,-158,2579,0,158,308,MID,Isaac Heath,Everton
349,72,3,0,False,2025-10-18T14:00:00Z,2.0,0.0,8,False,0,0,0,0,0,0,0,0,0,0,0,0,0,0.0,0.0,0.0,0.0,0,0,0,0,0,0.0,0.0,0.0,0.0,40,-770,10829,0,770,349,DEF,Isaac Schmidt,Leeds
267,73,4,2,True,2025-10-18T14:00:00Z,3.0,3.0,8,False,90,0,0,0,3,0,0,0,0,0,0,0,7,7.0,12.1,17.0,3.6,2,4,1,7,1,0.3,0.01,0.31,2.03,65,340827,1015492,376001,35174,267,MID,Ismaïla Sarr,Crystal Palace
28,74,10,0,False,2025-10-18T16:30:00Z,0.0,1.0,8,False,0,0,0,0,0,0,0,0,0,0,0,0,0,0.0,0.0,0.0,0.0,0,0,0,0,0,0.0,0.0,0.0,0.0,45,-1376,16760,0,1376,28,MID,Ismeal Kabia,Arsenal
320,74,1,1,True,2025-10-18T16:30:00Z,0.0,1.0,8,False,48,0,0,0,1,0,0,0,0,0,0,0,-1,3.2,0.4,4.0,0.8,2,0,0,2,0,0.0,0.0,0.0,1.32,44,-222,8229,177,399,320,DEF,Issa Diop,Fulham
137,80,19,0,False,2025-10-20T19:00:00Z,0.0,2.0,8,False,0,0,0,0,0,0,0,0,0,0,0,0,0,0.0,0.0,0.0,0.0,0,0,0,0,0,0.0,0.0,0.0,0.0,44,-908,53679,3613,4521,137,FWD,Iwan Morgan,Brentford
695,78,17,1,False,2025-10-18T14:00:00Z,2.0,0.0,8,False,13,0,0,0,1,0,0,0,0,0,0,0,-1,0.2,12.3,4.0,1.7,0,2,0,0,0,0.26,0.0,0.26,0.0,45,253,2623,411,158,695,DEF,Jackson Tchatchoua,Wolves
462,75,12,0,False,2025-10-19T15:30:00Z,1.0,2.0,8,False,0,0,0,0,0,0,0,0,0,0,0,0,0,0.0,0.0,0.0,0.0,0,0,0,0,0,0.0,0.0,0.0,0.0,44,-218,6480,195,413,462,MID,Jack Fletcher,Man Utd
419,76,13,0,False,2025-10-18T14:00:00Z,2.0,0.0,8,False,0,0,0,0,0,0,0,0,0,0,0,0,0,0.0,0.0,0.0,0.0,0,0,0,0,0,0.0,0.0,0.0,0.0,69,-467074,2206587,68412,535486,419,MID,Jack Grealish,Everton
352,72,3,2,False,2025-10-18T14:00:00Z,2.0,0.0,8,False,65,0,0,0,1,0,0,0,0,0,0,0,12,3.2,17.3,7.0,2.8,2,4,1,7,1,0.13,0.09,0.22,0.43,52,-39,8073,766,805,352,MID,Jack Harrison,Leeds
163,71,15,0,True,2025-10-18T14:00:00Z,2.0,1.0,8,False,0,0,0,0,0,0,0,0,0,0,0,0,0,0.0,0.0,0.0,0.0,0,0,0,0,0,0.0,0.0,0.0,0.0,52,-471,4016,30,501,163,MID,Jack Hinshelwood,Brighton
464,75,12,0,False,2025-10-19T15:30:00Z,1.0,2.0,8,False,0,0,0,0,0,0,0,0,0,0,0,0,0,0.0,0.0,0.0,0.0,0,0,0,0,0,0.0,0.0,0.0,0.0,45,-209,2701,0,209,464,MID,Jack Moorhouse,Man Utd
202,72,11,1,True,2025-10-18T14:00:00Z,2.0,0.0,8,False,57,0,0,0,0,0,0,0,0,0,0,0,4,5.2,2.4,11.0,1.9,0,0,0,0,1,0.03,0.01,0.04,0.58,53,209,4002,497,288,202,MID,Jacob Bruun Larsen,Burnley
489,71,6,1,False,2025-10-18T14:00:00Z,2.0,1.0,8,False,45,0,0,0,1,0,0,0,0,0,0,0,8,7.0,20.1,8.0,3.5,0,1,1,2,0,0.15,0.1,0.25,0.21,62,-11787,116417,4693,16480,489,MID,Jacob Murphy,Newcastle
52,71,6,1,False,2025-10-18T14:00:00Z,2.0,1.0,8,False,20,0,0,0,1,0,0,0,0,0,0,0,3,4.2,12.3,0.0,1.7,1,2,0,3,0,0.0,0.01,0.01,0.14,53,-541,25862,901,1442,52,MID,Jacob Ramsey,Newcastle
155,71,15,0,True,2025-10-18T14:00:00Z,2.0,1.0,8,False,0,0,0,0,0,0,0,0,0,0,0,0,0,0.0,0.0,0.0,0.0,0,0,0,0,0,0.0,0.0,0.0,0.0,40,-1339,15403,0,1339,155,DEF,Jacob Slater,Brighton
456,79,18,0,False,2025-10-19T13:00:00Z,1.0,2.0,8,False,0,0,0,0,0,0,0,0,0,0,0,0,0,0.0,0.0,0.0,0.0,0,0,0,0,0,0.0,0.0,0.0,0.0,59,-4180,21592,404,4584,456,MID,Jadon Sancho,Aston Villa
200,72,11,2,True,2025-10-18T14:00:00Z,2.0,0.0,8,False,82,0,0,1,0,0,0,0,1,0,0,0,2,0.0,1.9,0.0,0.1,1,6,0,7,1,0.0,0.0,0.0,2.29,57,57097,826977,168379,111282,200,MID,Jaidon Anthony,Burnley
510,77,7,0,True,2025-10-18T11:30:00Z,0.0,3.0,8,False,0,0,0,0,0,0,0,0,0,0,0,0,0,0.0,0.0,0.0,0.0,0,0,0,0,0,0.0,0.0,0.0,0.0,43,-59,7390,307,366,510,DEF,Jair Paula da Cunha Filho,Nott'm Forest
344,72,3,0,False,2025-10-18T14:00:00Z,2.0,0.0,8,False,0,0,0,0,0,0,0,0,0,0,0,0,0,0.0,0.0,0.0,0.0,0,0,0,0,0,0.0,0.0,0.0,0.0,39,-1154,15198,721,1875,344,DEF,Jaka Bijol,Leeds
293,76,13,1,False,2025-10-18T14:00:00Z,2.0,0.0,8,False,90,0,0,0,2,0,0,0,0,0,0,0,-1,8.4,11.3,0.0,2.0,4,3,0,4,1,0.0,0.0,0.0,2.39,50,-4118,56153,1446,5564,293,DEF,Jake O'Brien,Everton
9,74,10,0,False,2025-10-18T16:30:00Z,0.0,1.0,8,False,0,0,0,0,0,0,0,0,0,0,0,0,0,0.0,0.0,0.0,0.0,0,0,0,0,0,0.0,0.0,0.0,0.0,54,-322,6921,0,322,9,DEF,Jakub Kiwior,Arsenal
480,71,6,0,False,2025-10-18T14:00:00Z,2.0,1.0,8,False,0,0,0,0,0,0,0,0,0,0,0,0,0,0.0,0.0,0.0,0.0,0,0,0,0,0,0.0,0.0,0.0,0.0,44,-202,7802,207,409,480,DEF,Jamaal Lascelles,Newcastle
62,79,18,0,False,2025-10-19T13:00:00Z,1.0,2.0,8,False,0,0,0,0,0,0,0,0,0,0,0,0,0,0.0,0.0,0.0,0.0,0,0,0,0,0,0.0,0.0,0.0,0.0,45,-5,7924,653,658,62,MID,Jamaldeen Jimoh-Aloba,Aston Villa
303,76,13,3,False,2025-10-18T14:00:00Z,2.0,0.0,8,False,90,0,0,0,2,0,0,0,1,0,0,0,11,16.8,2.1,5.0,2.4,9,2,2,13,1,0.12,0.01,0.13,2.39,50,-1119,116926,14919,16038,303,MID,James Garner,Everton
77,73,8,1,False,2025-10-18T14:00:00Z,3.0,3.0,8,False,15,0,0,0,1,0,0,0,0,0,0,0,3,10.2,0.0,0.0,1.0,6,1,1,7,0,0.0,0.0,0.0,1.95,40,3483,113074,8894,5411,77,DEF,James Hill,Bournemouth
706,72,3,0,False,2025-10-18T14:00:00Z,2.0,0.0,8,False,0,0,0,0,0,0,0,0,0,0,0,0,0,0.0,0.0,0.0,0.0,0,0,0,0,0,0.0,0.0,0.0,0.0,40,-514,28766,1109,1623,706,DEF,James Justin,Leeds
581,79,2,0,True,2025-10-19T13:00:00Z,1.0,2.0,8,False,0,0,0,0,0,0,0,0,0,0,0,0,0,0.0,0.0,0.0,0.0,0,0,0,0,0,0.0,0.0,0.0,0.0,69,-384,15888,68,452,581,MID,James Maddison,Spurs
426,77,7,0,True,2025-10-18T11:30:00Z,0.0,3.0,8,False,0,0,0,0,0,0,0,0,0,0,0,0,0,0.0,0.0,0.0,0.0,0,0,0,0,0,0.0,0.0,0.0,0.0,52,-1263,12762,461,1724,426,MID,James McAtee,Nott'm Forest
394,75,14,0,True,2025-10-19T15:30:00Z,1.0,2.0,8,False,0,0,0,0,0,0,0,0,0,0,0,0,0,0.0,0.0,0.0,0.0,0,0,0,0,0,0.0,0.0,0.0,0.0,44,-291,3315,0,291,394,MID,James McConnell,Liverpool
170,71,15,1,True,2025-10-18T14:00:00Z,2.0,1.0,8,False,19,0,0,0,1,0,0,0,0,0,0,0,1,1.2,0.1,0.0,0.1,2,1,0,3,0,0.0,0.0,0.0,0.75,50,-745,17771,1069,1814,170,MID,James Milner,Brighton
291,76,13,3,False,2025-10-18T14:00:00Z,2.0,0.0,8,False,90,0,0,0,2,0,0,0,0,0,0,0,8,27.2,0.0,2.0,2.9,11,1,2,13,1,0.0,0.0,0.0,2.39,55,-77648,883847,16773,94421,291,DEF,James Tarkowski,Everton
182,76,9,0,True,2025-10-18T14:00:00Z,2.0,0.0,8,False,0,0,0,0,0,0,0,0,0,0,0,0,0,0.0,0.0,0.0,0.0,0,0,0,0,0,0.0,0.0,0.0,0.0,47,-12059,155656,765,12824,182,GKP,James Trafford,Man City
614,80,5,0,True,2025-10-20T19:00:00Z,0.0,2.0,8,False,0,0,0,0,0,0,0,0,0,0,0,0,0,0.0,0.0,0.0,0.0,0,0,0,0,0,0.0,0.0,0.0,0.0,57,-2112,25816,790,2902,614,MID,James Ward-Prowse,Burnley
688,79,18,0,False,2025-10-19T13:00:00Z,1.0,2.0,8,False,0,0,0,0,0,0,0,0,0,0,0,0,0,0.0,0.0,0.0,0.0,0,0,0,0,0,0.0,0.0,0.0,0.0,40,-1119,60856,480,1599,688,GKP,James Wright,Aston Villa
239,77,16,1,False,2025-10-18T11:30:00Z,0.0,3.0,8,False,45,0,0,0,0,0,0,0,0,0,0,0,2,4.6,1.2,0.0,0.6,2,2,1,5,0,0.0,0.01,0.01,1.82,62,-488,14105,854,1342,239,MID,Jamie Bynoe-Gittens,Chelsea
151,71,15,4,True,2025-10-18T14:00:00Z,2.0,1.0,8,False,90,0,0,0,1,0,0,0,0,0,0,0,20,43.2,5.4,2.0,5.1,13,5,3,16,1,0.0,0.01,0.01,1.45,44,18753,122209,24874,6121,151,DEF,Jan Paul van Hecke,Brighton
290,76,13,0,False,2025-10-18T14:00:00Z,2.0,0.0,8,False,0,0,0,0,0,0,0,0,0,0,0,0,0,0.0,0.0,0.0,0.0,0,0,0,0,0,0.0,0.0,0.0,0.0,53,-1531,22192,132,1663,290,DEF,Jarrad Branthwaite,Everton
624,80,5,2,True,2025-10-20T19:00:00Z,0.0,2.0,8,False,90,0,0,0,2,0,0,0,0,0,0,0,19,14.0,15.3,19.0,4.8,3,3,1,7,1,0.08,0.01,0.09,2.31,78,291169,1094887,361585,70416,624,FWD,Jarrod Bowen,West Ham
138,71,15,0,True,2025-10-18T14:00:00Z,2.0,1.0,8,False,0,0,0,0,0,0,0,0,0,0,0,0,0,0.0,0.0,0.0,0.0,0,0,0,0,0,0.0,0.0,0.0,0.0,44,-1535,36748,441,1976,138,GKP,Jason Steele,Brighton
461,75,12,0,False,2025-10-19T15:30:00Z,1.0,2.0,8,False,0,0,0,0,0,0,0,0,0,0,0,0,0,0.0,0.0,0.0,0.0,0,0,0,0,0,0.0,0.0,0.0,0.0,44,-134,4776,199,333,461,MID,Jayce Fitzgerald,Man Utd
723,73,4,0,True,2025-10-18T14:00:00Z,3.0,3.0,8,False,0,0,0,0,0,0,0,0,0,0,0,0,0,0.0,0.0,0.0,0.0,0,0,0,0,0,0.0,0.0,0.0,0.0,45,7,1192,133,126,723,DEF,Jaydee Canvot,Crystal Palace
342,72,3,1,False,2025-10-18T14:00:00Z,2.0,0.0,8,False,90,0,0,0,2,0,0,0,0,0,0,0,0,3.8,7.9,18.0,3.0,2,4,0,2,1,0.47,0.12,0.59,0.45,45,3031,27291,4487,1456,342,DEF,Jayden Bogle,Leeds
398,75,14,0,True,2025-10-19T15:30:00Z,1.0,2.0,8,False,0,0,0,0,0,0,0,0,0,0,0,0,0,0.0,0.0,0.0,0.0,0,0,0,0,0,0.0,0.0,0.0,0.0,44,-702,17495,708,1410,398,FWD,Jayden Danns,Liverpool
118,80,19,0,False,2025-10-20T19:00:00Z,0.0,2.0,8,False,0,0,0,0,0,0,0,0,0,0,0,0,0,0.0,0.0,0.0,0.0,0,0,0,0,0,0.0,0.0,0.0,0.0,40,-345,6865,0,345,118,DEF,Jayden Meghoma,Brentford
213,72,11,0,True,2025-10-18T14:00:00Z,2.0,0.0,8,False,0,0,0,0,0,0,0,0,0,0,0,0,0,0.0,0.0,0.0,0.0,0,0,0,0,0,0.0,0.0,0.0,0.0,45,123,5441,591,468,213,MID,Jaydon Banel,Burnley
558,78,20,0,True,2025-10-18T14:00:00Z,2.0,0.0,8,False,0,0,0,0,0,0,0,0,0,0,0,0,0,0.0,0.0,0.0,0.0,0,0,0,0,0,0.0,0.0,0.0,0.0,44,-719,28026,1661,2380,558,MID,Jay Matete,Sunderland
609,80,5,1,True,2025-10-20T19:00:00Z,0.0,2.0,8,False,90,0,0,0,2,0,0,0,0,0,0,0,11,18.4,0.7,2.0,2.1,5,4,3,8,1,0.0,0.0,0.0,2.31,43,-451,11983,364,815,609,DEF,Jean-Clair Todibo,West Ham
283,73,4,17,True,2025-10-18T14:00:00Z,3.0,3.0,8,False,90,3,0,0,3,0,0,0,0,0,0,3,66,103.8,9.1,138.0,25.1,0,2,2,4,1,3.67,0.03,3.7,2.03,75,-9499,1212931,129530,139029,283,FWD,Jean-Philippe Mateta,Crystal Palace
644,78,17,0,False,2025-10-18T14:00:00Z,2.0,0.0,8,False,0,0,0,0,0,0,0,0,0,0,0,0,0,0.0,0.0,0.0,0.0,0,0,0,0,0,0.0,0.0,0.0,0.0,53,-413,6169,113,526,644,MID,Jean-Ricner Bellegarde,Wolves
272,73,4,0,True,2025-10-18T14:00:00Z,3.0,3.0,8,False,0,0,0,0,0,0,0,0,0,0,0,0,0,0.0,0.0,0.0,0.0,0,0,0,0,0,0.0,0.0,0.0,0.0,49,-159,7075,264,423,272,MID,Jefferson Lerma Solís,Crystal Palace
309,76,13,0,False,2025-10-18T14:00:00Z,2.0,0.0,8,False,0,0,0,0,0,0,0,0,0,0,0,0,0,0.0,0.0,0.0,0.0,0,0,0,0,0,0.0,0.0,0.0,0.0,45,-2,104,0,2,309,MID,Jenson Metcalfe,Everton
542,78,20,0,True,2025-10-18T14:00:00Z,2.0,0.0,8,False,0,0,0,0,0,0,0,0,0,0,0,0,0,0.0,0.0,0.0,0.0,0,0,0,0,0,0.0,0.0,0.0,0.0,40,-1216,15824,0,1216,542,DEF,Jenson Seelt,Sunderland
370,75,14,1,True,2025-10-19T15:30:00Z,1.0,2.0,8,False,5,0,0,0,0,0,0,0,0,0,0,0,8,5.0,14.1,4.0,2.3,0,0,0,0,0,0.0,0.31,0.31,0.43,58,-82467,843525,9119,91586,370,DEF,Jeremie Frimpong,Liverpool
171,71,15,0,True,2025-10-18T14:00:00Z,2.0,1.0,8,False,0,0,0,0,0,0,0,0,0,0,0,0,0,0.0,0.0,0.0,0.0,0,0,0,0,0,0.0,0.0,0.0,0.0,49,-108,2235,0,108,171,MID,Jeremy Sarmiento Morante,Brighton
278,73,4,0,True,2025-10-18T14:00:00Z,3.0,3.0,8,False,0,0,0,0,0,0,0,0,0,0,0,0,0,0.0,0.0,0.0,0.0,0,0,0,0,0,0.0,0.0,0.0,0.0,44,-792,5734,0,792,278,MID,Jesurun Rak-Sakyi,Crystal Palace
663,78,17,2,False,2025-10-18T14:00:00Z,2.0,0.0,8,False,76,0,0,0,1,0,0,0,0,0,0,0,17,9.8,15.9,8.0,3.4,2,5,2,9,1,0.04,0.04,0.08,0.65,52,-471,29108,2771,3242,663,MID,Jhon Arias,Wolves
317,74,1,1,True,2025-10-18T16:30:00Z,0.0,1.0,8,False,41,0,0,0,0,0,0,0,0,0,0,0,6,11.4,0.2,0.0,1.2,4,3,0,4,1,0.0,0.0,0.0,0.55,45,-10787,490625,33467,44254,317,DEF,Joachim Andersen,Fulham
490,71,6,1,False,2025-10-18T14:00:00Z,2.0,1.0,8,False,45,0,0,0,1,0,0,0,0,0,0,0,13,10.8,3.8,2.0,1.7,5,3,3,11,1,0.0,0.01,0.01,0.71,59,-844,36678,3702,4546,490,MID,Joelinton Cássio Apolinário de Lira,Newcastle
534,78,20,0,True,2025-10-18T14:00:00Z,2.0,0.0,8,False,0,0,0,0,0,0,0,0,0,0,0,0,0,0.0,0.0,0.0,0.0,0,0,0,0,0,0.0,0.0,0.0,0.0,39,-305,56689,3334,3639,534,DEF,Joe Anderson,Sunderland
34,79,18,0,False,2025-10-19T13:00:00Z,1.0,2.0,8,False,0,0,0,0,0,0,0,0,0,0,0,0,0,0.0,0.0,0.0,0.0,0,0,0,0,0,0.0,0.0,0.0,0.0,40,-823,16365,0,823,34,GKP,Joe Gauci,Aston Villa
360,72,3,0,False,2025-10-18T14:00:00Z,2.0,0.0,8,False,0,0,0,0,0,0,0,0,0,0,0,0,0,0.0,0.0,0.0,0.0,0,0,0,0,0,0.0,0.0,0.0,0.0,45,-87,1289,0,87,360,MID,Joe Gelhardt,Leeds
376,75,14,0,True,2025-10-19T15:30:00Z,1.0,2.0,8,False,0,0,0,0,0,0,0,0,0,0,0,0,0,0.0,0.0,0.0,0.0,0,0,0,0,0,0.0,0.0,0.0,0.0,49,-369,17112,594,963,376,DEF,Joe Gomez,Liverpool
653,78,17,0,False,2025-10-18T14:00:00Z,2.0,0.0,8,False,0,0,0,0,0,0,0,0,0,0,0,0,0,0.0,0.0,0.0,0.0,0,0,0,0,0,0.0,0.0,0.0,0.0,45,-212,4421,0,212,653,MID,Joe Hodge,Wolves
175,71,15,0,True,2025-10-18T14:00:00Z,2.0,1.0,8,False,0,0,0,0,0,0,0,0,0,0,0,0,0,0.0,0.0,0.0,0.0,0,0,0,0,0,0.0,0.0,0.0,0.0,45,-32,10660,848,880,175,MID,Joe Knight,Brighton
348,72,3,1,False,2025-10-18T14:00:00Z,2.0,0.0,8,False,90,0,0,0,2,0,0,0,0,0,0,0,9,24.0,13.7,21.0,5.9,4,4,1,5,1,0.01,0.04,0.05,0.45,41,80680,716657,113401,32721,348,DEF,Joe Rodon,Leeds
498,71,6,0,False,2025-10-18T14:00:00Z,2.0,1.0,8,False,0,0,0,0,0,0,0,0,0,0,0,0,0,0.0,0.0,0.0,0.0,0,0,0,0,0,0.0,0.0,0.0,0.0,45,-35,759,0,35,498,MID,Joe White,Newcastle
494,71,6,0,False,2025-10-18T14:00:00Z,2.0,1.0,8,False,0,0,0,0,0,0,0,0,0,0,0,0,0,0.0,0.0,0.0,0.0,0,0,0,0,0,0.0,0.0,0.0,0.0,50,-243,7542,568,811,494,MID,Joe Willock,Newcastle
199,72,11,0,True,2025-10-18T14:00:00Z,2.0,0.0,8,False,0,0,0,0,0,0,0,0,0,0,0,0,0,0.0,0.0,0.0,0.0,0,0,0,0,0,0.0,0.0,0.0,0.0,39,3975,26337,5725,1750,199,DEF,Joe Worrall,Burnley
54,79,18,2,False,2025-10-19T13:00:00Z,1.0,2.0,8,False,90,0,0,0,1,0,0,0,0,0,0,0,10,10.8,14.8,1.0,2.7,2,1,4,7,1,0.03,0.03,0.06,0.75,54,-2300,82494,7356,9656,54,MID,John McGinn,Aston Villa
409,76,9,0,True,2025-10-18T14:00:00Z,2.0,0.0,8,False,0,0,0,0,0,0,0,0,0,0,0,0,0,0.0,0.0,0.0,0.0,0,0,0,0,0,0.0,0.0,0.0,0.0,55,-2675,91992,2107,4782,409,DEF,John Stones,Man City
715,77,7,0,True,2025-10-18T11:30:00Z,0.0,3.0,8,False,0,0,0,0,0,0,0,0,0,0,0,0,0,0.0,0.0,0.0,0.0,0,0,0,0,0,0.0,0.0,0.0,0.0,40,-853,44249,1469,2322,715,GKP,John Victor Maciel Furtado,Nott'm Forest
737,74,1,0,True,2025-10-18T16:30:00Z,0.0,1.0,8,False,0,0,0,0,0,0,0,0,0,0,0,0,0,0.0,0.0,0.0,0.0,0,0,0,0,0,0.0,0.0,0.0,0.0,45,469,6875,1441,972,737,FWD,Jonah Kusi-Asare,Fulham
194,72,11,0,True,2025-10-18T14:00:00Z,2.0,0.0,8,False,0,0,0,0,0,0,0,0,0,0,0,0,0,0.0,0.0,0.0,0.0,0,0,0,0,0,0.0,0.0,0.0,0.0,40,-627,9702,53,680,194,DEF,Jordan Beyer,Burnley
124,80,19,2,False,2025-10-20T19:00:00Z,0.0,2.0,8,False,89,0,0,1,0,0,0,0,1,0,0,0,14,6.8,25.6,2.0,3.4,3,6,0,9,1,0.0,0.24,0.24,0.29,50,1689,53570,6215,4526,124,MID,Jordan Henderson,Brentford
287,76,13,2,False,2025-10-18T14:00:00Z,2.0,0.0,8,False,90,0,0,0,2,0,0,0,0,0,5,0,14,44.0,0.0,0.0,4.4,1,4,0,0,1,0.0,0.02,0.02,2.39,55,-57275,1249673,14963,72238,287,GKP,Jordan Pickford,Everton
321,74,1,4,True,2025-10-18T16:30:00Z,0.0,1.0,8,False,81,0,0,0,1,0,0,0,0,0,0,0,9,26.0,3.4,2.0,3.1,13,2,0,13,1,0.0,0.0,0.0,1.3,44,-206,4457,41,247,321,DEF,Jorge Cuenca Barreno,Fulham
672,77,16,0,False,2025-10-18T11:30:00Z,0.0,3.0,8,False,0,0,0,0,0,0,0,0,0,0,0,0,0,0.0,0.0,0.0,0.0,0,0,0,0,0,0.0,0.0,0.0,0.0,48,-650,23034,869,1519,672,DEF,Jorrel Hato,Chelsea
466,75,12,0,False,2025-10-19T15:30:00Z,1.0,2.0,8,False,0,0,0,0,0,0,0,0,0,0,0,0,0,0.0,0.0,0.0,0.0,0,0,0,0,0,0.0,0.0,0.0,0.0,58,-2125,45116,1903,4028,466,FWD,Joshua Zirkzee,Man Utd
233,77,16,14,False,2025-10-18T11:30:00Z,0.0,3.0,8,False,80,1,0,1,0,0,0,0,0,0,0,2,50,47.0,0.5,50.0,9.8,7,6,0,7,1,0.51,0.0,0.51,2.07,39,2995,154297,15362,12367,233,DEF,Josh Acheampong,Chelsea
205,72,11,3,True,2025-10-18T14:00:00Z,2.0,0.0,8,False,90,0,0,1,0,0,0,0,0,0,0,0,12,10.4,17.2,0.0,2.8,5,2,0,7,1,0.0,0.02,0.02,2.63,50,50746,292332,70121,19375,205,MID,Josh Cullen,Burnley
335,74,1,2,True,2025-10-18T16:30:00Z,0.0,1.0,8,False,62,0,0,0,1,0,0,0,0,0,0,0,7,6.0,0.5,2.0,0.9,1,2,2,5,1,0.03,0.01,0.04,1.14,45,4860,490435,58719,53859,335,MID,Josh King,Fulham
209,72,11,1,True,2025-10-18T14:00:00Z,2.0,0.0,8,False,13,0,0,0,0,0,0,0,0,0,0,0,4,2.0,0.0,0.0,0.2,2,0,0,2,0,0.0,0.0,0.0,1.22,49,-4,3642,187,191,209,MID,Josh Laurent,Burnley
15,74,10,0,False,2025-10-18T16:30:00Z,0.0,1.0,8,False,0,0,0,0,0,0,0,0,0,0,0,0,0,0.0,0.0,0.0,0.0,0,0,0,0,0,0.0,0.0,0.0,0.0,39,-1252,25659,620,1872,15,DEF,Josh Nichols,Arsenal
628,78,17,0,False,2025-10-18T14:00:00Z,2.0,0.0,8,False,0,0,0,0,0,0,0,0,0,0,0,0,0,0.0,0.0,0.0,0.0,0,0,0,0,0,0.0,0.0,0.0,0.0,44,-8694,161845,1547,10241,628,GKP,José Malheiro de Sá,Wolves
673,79,2,9,True,2025-10-19T13:00:00Z,1.0,2.0,8,False,90,0,1,0,2,0,0,0,0,0,0,2,35,43.8,11.8,14.0,7.0,3,3,10,16,1,0.07,0.22,0.29,0.32,55,-3538,139480,17023,20561,673,MID,João Maria Lobo Alves Palhares Costa Palhinha Gonçalves,Spurs
518,77,7,0,True,2025-10-18T11:30:00Z,0.0,3.0,8,False,0,0,0,0,0,0,0,0,0,0,0,0,0,0.0,0.0,0.0,0.0,0,0,0,0,0,0.0,0.0,0.0,0.0,54,-366,5763,0,366,518,MID,João Pedro Ferreira da Silva,Nott'm Forest
249,77,16,2,False,2025-10-18T11:30:00Z,0.0,3.0,8,False,90,0,0,1,0,0,0,0,0,0,0,0,11,5.2,27.2,6.0,3.8,0,3,0,3,1,0.04,0.21,0.25,2.35,76,-184522,7432051,264533,449055,249,FWD,João Pedro Junqueira de Jesus,Chelsea
646,78,17,2,False,2025-10-18T14:00:00Z,2.0,0.0,8,False,75,0,0,0,1,0,0,0,0,0,0,0,18,14.2,22.7,9.0,4.6,5,2,3,10,1,0.1,0.12,0.22,0.65,54,274,12466,1144,870,646,MID,João Victor Gomes da Silva,Wolves
362,72,3,1,False,2025-10-18T14:00:00Z,2.0,0.0,8,False,17,0,0,0,0,0,0,0,0,0,0,0,0,0.0,1.3,14.0,1.2,1,1,0,2,0,0.18,0.01,0.19,0.0,51,-5261,57872,2526,7787,362,FWD,Joël Piroe,Leeds
152,71,15,0,True,2025-10-18T14:00:00Z,2.0,1.0,8,False,0,0,0,0,0,0,0,0,0,0,0,0,0,0.0,0.0,0.0,0.0,0,0,0,0,0,0.0,0.0,0.0,0.0,44,-2783,17588,53,2836,152,DEF,Joël Veltman,Brighton
403,76,9,0,True,2025-10-18T14:00:00Z,2.0,0.0,8,False,0,0,0,0,0,0,0,0,0,0,0,0,0,0.0,0.0,0.0,0.0,0,0,0,0,0,0.0,0.0,0.0,0.0,59,103394,752979,129805,26411,403,DEF,Joško Gvardiol,Man City
104,80,19,0,False,2025-10-20T19:00:00Z,0.0,2.0,8,False,0,0,0,0,0,0,0,0,0,0,0,0,0,0.0,0.0,0.0,0.0,0,0,0,0,0,0.0,0.0,0.0,0.0,40,-190,8555,109,299,104,GKP,Julian Eyestone,Brentford
161,71,15,0,True,2025-10-18T14:00:00Z,2.0,1.0,8,False,0,0,0,0,0,0,0,0,0,0,0,0,0,0.0,0.0,0.0,0.0,0,0,0,0,0,0.0,0.0,0.0,0.0,54,-52,1299,0,52,161,MID,Julio Enciso Espínola,Brighton
80,73,8,0,False,2025-10-18T14:00:00Z,3.0,3.0,8,False,0,0,0,0,0,0,0,0,0,0,0,0,0,0.0,0.0,0.0,0.0,0,0,0,0,0,0.0,0.0,0.0,0.0,40,-1942,28092,513,2455,80,DEF,Julio Soler Barreto,Bournemouth
78,73,8,0,False,2025-10-18T14:00:00Z,3.0,3.0,8,False,0,0,0,0,0,0,0,0,0,0,0,0,0,0.0,0.0,0.0,0.0,0,0,0,0,0,0.0,0.0,0.0,0.0,39,-4750,91416,1323,6073,78,DEF,Julián Araujo Zúñiga,Bournemouth
745,79,2,0,True,2025-10-19T13:00:00Z,1.0,2.0,8,False,0,0,0,0,0,0,0,0,0,0,0,0,0,0.0,0.0,0.0,0.0,0,0,0,0,0,0.0,0.0,0.0,0.0,40,0,0,0,0,745,DEF,Jun'ai Byfield,Spurs
100,73,8,12,False,2025-10-18T14:00:00Z,3.0,3.0,8,False,74,2,0,0,2,0,0,0,0,0,0,2,59,70.6,2.6,54.0,12.7,4,3,0,7,1,1.18,0.01,1.19,2.49,45,8066,215897,32682,24616,100,FWD,Junior Kroupi,Bournemouth
8,74,10,6,False,2025-10-18T16:30:00Z,0.0,1.0,8,False,90,0,0,1,0,0,0,0,0,0,0,0,27,16.8,31.8,6.0,5.5,2,5,2,4,1,0.0,0.15,0.15,0.44,59,509451,2468281,553581,44130,8,DEF,Jurriën Timber,Arsenal
276,73,4,0,True,2025-10-18T14:00:00Z,3.0,3.0,8,False,0,0,0,0,0,0,0,0,0,0,0,0,0,0.0,0.0,0.0,0.0,0,0,0,0,0,0.0,0.0,0.0,0.0,44,-3659,157015,11041,14700,276,MID,Justin Devenny,Crystal Palace
81,73,8,2,False,2025-10-18T14:00:00Z,3.0,3.0,8,False,75,0,0,0,2,0,0,0,0,0,0,0,2,5.0,22.8,2.0,3.0,1,0,2,3,1,0.0,0.23,0.23,2.49,70,29812,129313,38562,8750,81,MID,Justin Kluivert,Bournemouth
418,76,9,1,True,2025-10-18T14:00:00Z,2.0,0.0,8,False,58,0,0,0,0,0,0,0,0,0,0,0,9,9.8,36.2,33.0,7.9,0,2,0,2,1,0.36,0.19,0.55,0.66,66,40852,963160,150275,109423,418,MID,Jérémy Doku,Man City
654,78,17,2,False,2025-10-18T14:00:00Z,2.0,0.0,8,False,90,0,0,0,2,0,0,0,0,0,0,0,5,3.6,22.1,10.0,3.6,1,1,0,2,1,0.04,0.07,0.11,0.65,64,3474,174242,23911,20437,654,FWD,Jørgen Strand Larsen,Crystal Palace
63,79,18,0,False,2025-10-19T13:00:00Z,1.0,2.0,8,False,0,0,0,0,0,0,0,0,0,0,0,0,0,0.0,0.0,0.0,0.0,0,0,0,0,0,0.0,0.0,0.0,0.0,44,1864,83067,8776,6912,63,MID,Kadan Young,Aston Villa
281,73,4,0,True,2025-10-18T14:00:00Z,3.0,3.0,8,False,0,0,0,0,0,0,0,0,0,0,0,0,0,0.0,0.0,0.0,0.0,0,0,0,0,0,0.0,0.0,0.0,0.0,45,2,5449,378,376,281,MID,Kaden Rodney,Crystal Palace
611,80,5,0,True,2025-10-20T19:00:00Z,0.0,2.0,8,False,0,0,0,0,0,0,0,0,0,0,0,0,0,0.0,0.0,0.0,0.0,0,0,0,0,0,0.0,0.0,0.0,0.0,40,-515,11106,0,515,611,DEF,Kaelan Casey,West Ham
30,74,10,0,False,2025-10-18T16:30:00Z,0.0,1.0,8,False,0,0,0,0,0,0,0,0,0,0,0,0,0,0.0,0.0,0.0,0.0,0,0,0,0,0,0.0,0.0,0.0,0.0,73,-1399,42955,135,1534,30,FWD,Kai Havertz,Arsenal
429,76,9,0,True,2025-10-18T14:00:00Z,2.0,0.0,8,False,0,0,0,0,0,0,0,0,0,0,0,0,0,0.0,0.0,0.0,0.0,0,0,0,0,0,0.0,0.0,0.0,0.0,49,-193,7860,250,443,429,MID,Kalvin Phillips,Man City
341,72,3,1,False,2025-10-18T14:00:00Z,2.0,0.0,8,False,90,0,0,0,2,0,0,0,0,0,1,0,1,6.4,0.0,0.0,0.6,0,5,0,0,1,0.0,0.0,0.0,0.45,40,-557,303528,12846,13403,341,GKP,Karl Darlow,Leeds
3,74,10,0,False,2025-10-18T16:30:00Z,0.0,1.0,8,False,0,0,0,0,0,0,0,0,0,0,0,0,0,0.0,0.0,0.0,0.0,0,0,0,0,0,0.0,0.0,0.0,0.0,40,-2704,39034,0,2704,3,GKP,Karl Hein,Arsenal
107,80,19,4,False,2025-10-20T19:00:00Z,0.0,2.0,8,False,14,0,1,0,0,0,0,0,0,0,0,0,12,17.0,10.3,1.0,2.8,1,0,0,1,0,0.04,0.08,0.12,0.04,50,-1936,42753,1519,3455,107,DEF,Keane Lewis-Potter,Brentford
248,77,16,0,False,2025-10-18T11:30:00Z,0.0,3.0,8,False,0,0,0,0,0,0,0,0,0,0,0,0,0,0.0,0.0,0.0,0.0,0,0,0,0,0,0.0,0.0,0.0,0.0,45,-28,635,0,28,248,MID,Kendry Páez Andrade,Chelsea
322,74,1,0,True,2025-10-18T16:30:00Z,0.0,1.0,8,False,0,0,0,0,0,0,0,0,0,0,0,0,0,0.0,0.0,0.0,0.0,0,0,0,0,0,0.0,0.0,0.0,0.0,45,-4401,16546,48,4449,322,DEF,Kenny Tete,Fulham
2,74,10,0,False,2025-10-18T16:30:00Z,0.0,1.0,8,False,0,0,0,0,0,0,0,0,0,0,0,0,0,0.0,0.0,0.0,0.0,0,0,0,0,0,0.0,0.0,0.0,0.0,43,-3767,61782,442,4209,2,GKP,Kepa Arrizabalaga Revuelta,Arsenal
570,79,2,0,True,2025-10-19T13:00:00Z,1.0,2.0,8,False,90,0,0,0,2,0,0,0,1,0,0,0,7,18.8,1.8,0.0,2.1,9,3,0,9,1,0.0,0.02,0.02,0.32,43,-868,17848,569,1437,570,DEF,Kevin Danso,Spurs
731,74,1,1,True,2025-10-18T16:30:00Z,0.0,1.0,8,False,27,0,0,0,0,0,0,0,0,0,0,0,9,11.4,14.7,0.0,2.6,1,1,3,5,0,0.0,0.02,0.02,0.73,60,-2410,8203,549,2959,731,MID,Kevin Santos Lopes de Macedo,Fulham
120,80,19,6,False,2025-10-20T19:00:00Z,0.0,2.0,8,False,90,0,1,1,0,0,0,0,0,0,0,0,19,23.2,13.3,49.0,8.6,3,4,1,8,1,0.32,0.14,0.46,0.33,70,6478,64678,13725,7247,120,MID,Kevin Schade,Brentford
638,78,17,1,False,2025-10-18T14:00:00Z,2.0,0.0,8,False,23,0,0,0,1,0,0,0,0,0,0,0,3,10.0,4.6,7.0,2.2,3,2,0,3,0,0.02,0.01,0.03,0.0,40,-8280,124861,508,8788,638,DEF,Ki-Jana Hoever,Wolves
478,71,6,1,False,2025-10-18T14:00:00Z,2.0,1.0,8,False,90,0,0,0,2,0,0,0,0,0,0,0,8,15.8,20.8,0.0,3.7,2,1,2,4,1,0.0,0.12,0.12,0.91,50,13816,327823,26580,12764,478,DEF,Kieran Trippier,Newcastle
242,76,13,2,False,2025-10-18T14:00:00Z,2.0,0.0,8,False,85,0,0,0,2,0,0,0,0,0,0,0,8,4.0,4.1,0.0,0.8,0,2,1,3,1,0.0,0.03,0.03,1.52,50,-54260,419923,14927,69187,242,MID,Kiernan Dewsbury-Hall,Everton
117,80,19,0,False,2025-10-20T19:00:00Z,0.0,2.0,8,False,0,0,0,0,0,0,0,0,0,0,0,0,0,0.0,0.0,0.0,0.0,0,0,0,0,0,0.0,0.0,0.0,0.0,39,-1179,14456,0,1179,117,DEF,Kim Ji-soo,Brentford
142,71,15,0,True,2025-10-18T14:00:00Z,2.0,1.0,8,False,0,0,0,0,0,0,0,0,0,0,0,0,0,0.0,0.0,0.0,0.0,0,0,0,0,0,0.0,0.0,0.0,0.0,40,-8,270,0,8,142,GKP,Kjell Scherpen,Brighton
458,75,12,1,False,2025-10-19T15:30:00Z,1.0,2.0,8,False,5,0,0,0,0,0,0,0,0,0,0,0,3,3.0,0.0,0.0,0.3,1,0,0,1,0,0.0,0.0,0.0,0.31,48,-2647,60879,3336,5983,458,MID,Kobbie Mainoo,Man Utd
606,80,5,1,True,2025-10-20T19:00:00Z,0.0,2.0,8,False,45,0,0,0,1,0,0,0,0,0,0,0,2,10.8,0.0,0.0,1.1,4,4,0,4,0,0.0,0.0,0.0,0.5,44,381,8811,1404,1023,606,DEF,Konstantinos Mavropanos,West Ham
377,75,14,0,True,2025-10-19T15:30:00Z,1.0,2.0,8,False,0,0,0,0,0,0,0,0,0,0,0,0,0,0.0,0.0,0.0,0.0,0,0,0,0,0,0.0,0.0,0.0,0.0,48,-692,7514,0,692,377,DEF,Konstantinos Tsimikas,Liverpool
108,80,19,6,False,2025-10-20T19:00:00Z,0.0,2.0,8,False,90,0,0,1,0,0,0,0,0,0,0,0,26,16.2,1.2,17.0,3.4,4,4,4,8,1,0.16,0.02,0.18,0.33,44,-148,18851,781,929,108,DEF,Kristoffer Ajer,Brentford
602,80,5,0,True,2025-10-20T19:00:00Z,0.0,2.0,8,False,0,0,0,0,0,0,0,0,0,0,0,0,0,0.0,0.0,0.0,0.0,0,0,0,0,0,0.0,0.0,0.0,0.0,40,-805,27783,171,976,602,GKP,Krisztián Hegyi,West Ham
659,80,5,1,True,2025-10-20T19:00:00Z,0.0,2.0,8,False,45,0,0,0,1,0,0,0,0,0,0,0,0,4.0,0.8,0.0,0.5,4,1,0,4,1,0.0,0.0,0.0,1.46,44,-1930,37949,636,2566,659,DEF,Kyle Walker-Peters,West Ham
187,72,11,14,True,2025-10-18T14:00:00Z,2.0,0.0,8,False,90,0,1,1,0,0,0,0,0,0,0,3,42,37.4,15.0,0.0,5.2,11,8,1,12,1,0.0,0.16,0.16,2.63,44,-3846,185516,7840,11686,187,DEF,Kyle Walker,Burnley
709,78,17,-1,False,2025-10-18T14:00:00Z,2.0,0.0,8,False,90,0,0,0,2,1,0,0,0,0,0,0,7,26.8,18.2,25.0,7.0,9,3,0,9,1,0.02,0.07,0.09,0.65,45,1760,7138,2384,624,709,DEF,Ladislav Krejcí,Wolves
44,79,18,0,False,2025-10-19T13:00:00Z,1.0,2.0,8,False,0,0,0,0,0,0,0,0,0,0,0,0,0,0.0,0.0,0.0,0.0,0,0,0,0,0,0.0,0.0,0.0,0.0,40,1913,88629,7710,5797,44,DEF,Lamare Bogarde,Aston Villa
743,77,16,0,False,2025-10-18T11:30:00Z,0.0,3.0,8,False,0,0,0,0,0,0,0,0,0,0,0,0,0,0.0,0.0,0.0,0.0,0,0,0,0,0,0.0,0.0,0.0,0.0,45,246,484,285,39,743,MID,Landon Emenalo,Chelsea
357,72,3,0,False,2025-10-18T14:00:00Z,2.0,0.0,8,False,0,0,0,0,0,0,0,0,0,0,0,0,0,0.0,0.0,0.0,0.0,0,0,0,0,0,0.0,0.0,0.0,0.0,49,-132,2203,0,132,357,MID,Largie Ramazani,Leeds
61,79,18,0,False,2025-10-19T13:00:00Z,1.0,2.0,8,False,0,0,0,0,0,0,0,0,0,0,0,0,0,0.0,0.0,0.0,0.0,0,0,0,0,0,0.0,0.0,0.0,0.0,45,-1115,13151,0,1115,61,MID,Leander Dendoncker,Aston Villa
20,74,10,10,False,2025-10-18T16:30:00Z,0.0,1.0,8,False,80,1,0,1,0,0,0,0,0,0,0,2,28,33.2,18.2,56.0,10.7,2,4,0,6,1,0.6,0.07,0.67,0.4,69,837,37573,3802,2965,20,MID,Leandro Trossard,Arsenal
444,75,12,1,False,2025-10-19T15:30:00Z,1.0,2.0,8,False,5,0,0,0,0,0,0,0,0,0,0,0,3,4.2,0.1,0.0,0.4,2,0,0,2,0,0.0,0.0,0.0,0.31,45,-9674,233976,5378,15052,444,DEF,Leny Yoro,Man Utd
49,79,18,0,False,2025-10-19T13:00:00Z,1.0,2.0,8,False,0,0,0,0,0,0,0,0,0,0,0,0,0,0.0,0.0,0.0,0.0,0,0,0,0,0,0.0,0.0,0.0,0.0,55,-621,11115,0,621,49,MID,Leon Bailey,Aston Villa
657,78,17,0,False,2025-10-18T14:00:00Z,2.0,0.0,8,False,0,0,0,0,0,0,0,0,0,0,0,0,0,0.0,0.0,0.0,0.0,0,0,0,0,0,0.0,0.0,0.0,0.0,44,-294,3683,135,429,657,FWD,Leon Chiwome,Wolves
536,78,20,0,True,2025-10-18T14:00:00Z,2.0,0.0,8,False,0,0,0,0,0,0,0,0,0,0,0,0,0,0.0,0.0,0.0,0.0,0,0,0,0,0,0.0,0.0,0.0,0.0,40,-18,547,20,38,536,DEF,Leo Fuhr Hjelde,Sunderland
676,72,11,10,True,2025-10-18T14:00:00Z,2.0,0.0,8,False,82,1,0,1,0,0,0,0,0,0,0,2,32,43.2,2.2,17.0,6.2,5,1,0,6,1,0.38,0.02,0.4,2.29,50,506,5137,741,235,676,MID,Lesley Ugochukwu,Burnley
227,77,16,0,False,2025-10-18T11:30:00Z,0.0,3.0,8,False,0,0,0,0,0,0,0,0,0,0,0,0,0,0.0,0.0,0.0,0.0,0,0,0,0,0,0.0,0.0,0.0,0.0,48,-534,14870,59,593,227,DEF,Levi Samuels Colwill,Chelsea
88,73,8,1,False,2025-10-18T14:00:00Z,3.0,3.0,8,False,1,0,0,0,1,0,0,0,0,0,0,0,5,3.2,0.3,0.0,0.4,1,0,1,2,0,0.0,0.0,0.0,1.46,49,265,2236,481,216,88,MID,Lewis Cook,Bournemouth
57,79,18,0,False,2025-10-19T13:00:00Z,1.0,2.0,8,False,0,0,0,0,0,0,0,0,0,0,0,0,0,0.0,0.0,0.0,0.0,0,0,0,0,0,0.0,0.0,0.0,0.0,50,-137,3566,0,137,57,MID,Lewis Dobbin,Aston Villa
146,71,15,2,True,2025-10-18T14:00:00Z,2.0,1.0,8,False,90,0,0,0,1,0,0,0,0,0,0,0,13,15.6,1.2,5.0,2.2,7,2,1,8,1,0.02,0.01,0.03,1.45,45,-2963,140179,6434,9397,146,DEF,Lewis Dunk,Brighton
473,71,6,0,False,2025-10-18T14:00:00Z,2.0,1.0,8,False,0,0,0,0,0,0,0,0,0,0,0,0,0,0.0,0.0,0.0,0.0,0,0,0,0,0,0.0,0.0,0.0,0.0,53,-27875,120768,1888,29763,473,DEF,Lewis Hall,Newcastle
497,71,6,4,False,2025-10-18T14:00:00Z,2.0,1.0,8,False,45,0,1,0,1,0,0,0,0,0,0,0,22,23.0,22.6,2.0,4.8,0,3,0,3,0,0.0,0.27,0.27,0.21,44,-13192,249599,16739,29931,497,MID,Lewis Miley,Newcastle
520,77,7,0,True,2025-10-18T11:30:00Z,0.0,3.0,8,False,0,0,0,0,0,0,0,0,0,0,0,0,0,0.0,0.0,0.0,0.0,0,0,0,0,0,0.0,0.0,0.0,0.0,50,-5,111,0,5,520,MID,Lewis O'Brien,Nott'm Forest
622,80,5,0,True,2025-10-20T19:00:00Z,0.0,2.0,8,False,0,0,0,0,0,0,0,0,0,0,0,0,0,0.0,0.0,0.0,0.0,0,0,0,0,0,0.0,0.0,0.0,0.0,44,-509,8924,0,509,622,MID,Lewis Orford,West Ham
250,77,16,0,False,2025-10-18T11:30:00Z,0.0,3.0,8,False,0,0,0,0,0,0,0,0,0,0,0,0,0,0.0,0.0,0.0,0.0,0,0,0,0,0,0.0,0.0,0.0,0.0,62,-8064,115775,159,8223,250,FWD,Liam Delap,Chelsea
45,79,18,0,False,2025-10-19T13:00:00Z,1.0,2.0,8,False,0,0,0,0,0,0,0,0,0,0,0,0,0,0.0,0.0,0.0,0.0,0,0,0,0,0,0.0,0.0,0.0,0.0,40,-884,38920,1038,1922,45,DEF,Lino da Cruz Sousa,Aston Villa
437,75,12,0,False,2025-10-19T15:30:00Z,1.0,2.0,8,False,0,0,0,0,0,0,0,0,0,0,0,0,0,0.0,0.0,0.0,0.0,0,0,0,0,0,0.0,0.0,0.0,0.0,49,-304,9287,68,372,437,DEF,Lisandro Martínez,Man Utd
210,72,11,6,True,2025-10-18T14:00:00Z,2.0,0.0,8,False,32,1,0,0,0,0,0,0,0,0,0,0,22,36.2,0.3,7.0,4.4,3,0,0,3,0,0.03,0.0,0.03,2.04,49,85,4613,395,310,210,MID,Loum Tchaouna,Burnley
586,79,2,1,True,2025-10-19T13:00:00Z,1.0,2.0,8,False,11,0,0,0,0,0,0,0,0,0,0,0,3,4.2,1.4,0.0,0.6,1,0,2,3,0,0.0,0.0,0.0,0.12,54,-18402,66793,2830,21232,586,MID,Lucas Bergvall,Spurs
37,79,18,5,False,2025-10-19T13:00:00Z,1.0,2.0,8,False,81,0,1,0,1,0,0,0,0,0,0,0,12,26.6,10.6,2.0,3.9,2,2,3,5,1,0.0,0.01,0.01,0.55,45,-12901,220573,4861,17762,37,DEF,Lucas Digne,Aston Villa
665,72,3,0,False,2025-10-18T14:00:00Z,2.0,0.0,8,False,0,0,0,0,0,0,0,0,0,0,0,0,0,0.0,0.0,0.0,0.0,0,0,0,0,0,0.0,0.0,0.0,0.0,45,-1937,29228,511,2448,665,GKP,Lucas Estella Perri,Leeds
195,72,11,0,True,2025-10-18T14:00:00Z,2.0,0.0,8,False,0,0,0,0,0,0,0,0,0,0,0,0,0,0.0,0.0,0.0,0.0,0,0,0,0,0,0.0,0.0,0.0,0.0,39,-674,21164,381,1055,195,DEF,Lucas Pires Silva,Burnley
612,80,5,2,True,2025-10-20T19:00:00Z,0.0,2.0,8,False,90,0,0,0,2,0,0,0,0,0,0,0,6,8.0,6.6,3.0,1.8,3,4,2,9,1,0.04,0.08,0.12,2.31,59,13215,372394,65129,51914,612,MID,Lucas Tolentino Coelho de Lima,West Ham
208,72,11,0,True,2025-10-18T14:00:00Z,2.0,0.0,8,False,0,0,0,0,0,0,0,0,0,0,0,0,0,0.0,0.0,0.0,0.0,0,0,0,0,0,0.0,0.0,0.0,0.0,50,-60,1569,0,60,208,MID,Luca Koleosho,Burnley
383,75,14,0,True,2025-10-19T15:30:00Z,1.0,2.0,8,False,0,0,0,0,0,0,0,0,0,0,0,0,0,0.0,0.0,0.0,0.0,0,0,0,0,0,0.0,0.0,0.0,0.0,80,-99,5888,0,99,383,MID,Luis Díaz Marulanda,Liverpool
729,77,7,0,True,2025-10-18T11:30:00Z,0.0,3.0,8,False,0,0,0,0,0,0,0,0,0,0,0,0,0,0.0,0.0,0.0,0.0,0,0,0,0,0,0.0,0.0,0.0,0.0,45,-2,53,0,2,729,DEF,Luis Eduardo Soares da Silva,Nott'm Forest
619,80,5,0,True,2025-10-20T19:00:00Z,0.0,2.0,8,False,0,0,0,0,0,0,0,0,0,0,0,0,0,0.0,0.0,0.0,0.0,0,0,0,0,0,0.0,0.0,0.0,0.0,49,-37,2398,76,113,619,MID,Luis Guilherme Lira dos Santos,West Ham
91,73,8,0,False,2025-10-18T14:00:00Z,3.0,3.0,8,False,0,0,0,0,0,0,0,0,0,0,0,0,0,0.0,0.0,0.0,0.0,0,0,0,0,0,0.0,0.0,0.0,0.0,50,-111,1510,0,111,91,MID,Luis Sinisterra Lucumí,Bournemouth
738,80,5,0,True,2025-10-20T19:00:00Z,0.0,2.0,8,False,0,0,0,0,0,0,0,0,0,0,0,0,0,0.0,0.0,0.0,0.0,0,0,0,0,0,0.0,0.0,0.0,0.0,45,185,3755,502,317,738,GKP,Lukasz Fabianski,West Ham
365,72,3,1,False,2025-10-18T14:00:00Z,2.0,0.0,8,False,24,0,0,0,1,0,0,0,0,0,0,0,1,1.2,1.3,30.0,3.3,0,0,0,0,0,0.75,0.02,0.77,0.03,50,-1631,91679,9797,11428,365,FWD,Lukas Nmecha,Leeds
578,79,2,0,True,2025-10-19T13:00:00Z,1.0,2.0,8,False,0,0,0,0,0,0,0,0,0,0,0,0,0,0.0,0.0,0.0,0.0,0,0,0,0,0,0.0,0.0,0.0,0.0,39,-4023,56059,0,4023,578,DEF,Luka Vušković,Spurs
334,74,1,0,True,2025-10-18T16:30:00Z,0.0,1.0,8,False,0,0,0,0,0,0,0,0,0,0,0,0,0,0.0,0.0,0.0,0.0,0,0,0,0,0,0.0,0.0,0.0,0.0,45,-9,225,0,9,334,MID,Luke Harris,Fulham
539,78,20,0,True,2025-10-18T14:00:00Z,2.0,0.0,8,False,0,0,0,0,0,0,0,0,0,0,0,0,0,0.0,0.0,0.0,0.0,0,0,0,0,0,0.0,0.0,0.0,0.0,40,213,4375,518,305,539,DEF,Luke O'Nien,Sunderland
443,75,12,2,False,2025-10-19T15:30:00Z,1.0,2.0,8,False,84,0,0,0,1,0,0,0,0,0,0,0,4,8.6,1.1,0.0,1.0,5,0,1,6,1,0.0,0.0,0.0,2.44,45,-1673,37095,1792,3465,443,DEF,Luke Shaw,Man Utd
724,78,20,1,True,2025-10-18T14:00:00Z,2.0,0.0,8,False,14,0,0,0,0,0,0,0,0,0,0,0,5,3.2,0.3,0.0,0.4,1,1,1,2,0,0.0,0.0,0.0,0.48,45,149,2253,362,213,724,DEF,Lutsharel Geertruida,Sunderland
563,78,20,0,True,2025-10-18T14:00:00Z,2.0,0.0,8,False,0,0,0,0,0,0,0,0,0,0,0,0,0,0.0,0.0,0.0,0.0,0,0,0,0,0,0.0,0.0,0.0,0.0,44,-1448,14792,0,1448,563,FWD,Luís Hemir Silva Semedo,Sunderland
217,72,11,0,True,2025-10-18T14:00:00Z,2.0,0.0,8,False,0,0,0,0,0,0,0,0,0,0,0,0,0,0.0,0.0,0.0,0.0,0,0,0,0,0,0.0,0.0,0.0,0.0,50,-945,275057,44342,45287,217,FWD,Lyle Foster,Burnley
679,80,5,0,True,2025-10-20T19:00:00Z,0.0,2.0,8,False,0,0,0,0,0,0,0,0,0,0,0,0,0,0.0,0.0,0.0,0.0,0,0,0,0,0,0.0,0.0,0.0,0.0,44,-2428,31909,497,2925,679,GKP,Mads Hermansen,West Ham
112,80,19,0,False,2025-10-20T19:00:00Z,0.0,2.0,8,False,0,0,0,0,0,0,0,0,0,0,0,0,0,0.0,0.0,0.0,0.0,0,0,0,0,0,0.0,0.0,0.0,0.0,45,-105,2175,0,105,112,DEF,Mads Roerslev Rasmussen,Brentford
277,73,4,0,True,2025-10-18T14:00:00Z,3.0,3.0,8,False,0,0,0,0,0,0,0,0,0,0,0,0,0,0.0,0.0,0.0,0.0,0,0,0,0,0,0.0,0.0,0.0,0.0,45,-20,438,0,20,277,MID,Malcolm Ebiowei,Crystal Palace
14,74,10,0,False,2025-10-18T16:30:00Z,0.0,1.0,8,False,0,0,0,0,0,0,0,0,0,0,0,0,0,0.0,0.0,0.0,0.0,0,0,0,0,0,0.0,0.0,0.0,0.0,39,-1785,17977,0,1785,14,DEF,Maldini Kacurri,Arsenal
684,71,6,1,False,2025-10-18T14:00:00Z,2.0,1.0,8,False,90,0,0,0,2,0,0,0,0,0,0,0,6,14.2,1.5,4.0,2.0,5,5,1,6,1,0.05,0.01,0.06,0.91,49,14046,38924,16314,2268,684,DEF,Malick Thiaw,Newcastle
174,71,15,0,True,2025-10-18T14:00:00Z,2.0,1.0,8,False,0,0,0,0,0,0,0,0,0,0,0,0,0,0.0,0.0,0.0,0.0,0,0,0,0,0,0.0,0.0,0.0,0.0,50,-22,701,0,22,174,MID,Malick Yalcouyé,Brighton
228,77,16,3,False,2025-10-18T11:30:00Z,0.0,3.0,8,False,86,0,0,1,0,0,0,0,0,1,0,0,15,0.0,28.6,8.0,3.6,2,3,1,3,1,0.03,0.15,0.18,2.07,49,2576,151182,10672,8096,228,DEF,Malo Gusto,Chelsea
231,77,16,0,False,2025-10-18T11:30:00Z,0.0,3.0,8,False,0,0,0,0,0,0,0,0,0,0,0,0,0,0.0,0.0,0.0,0.0,0,0,0,0,0,0.0,0.0,0.0,0.0,45,-41,983,0,41,231,DEF,Mamadou Sarr,Chelsea
589,79,2,0,True,2025-10-19T13:00:00Z,1.0,2.0,8,False,0,0,0,0,0,0,0,0,0,0,0,0,0,0.0,0.0,0.0,0.0,0,0,0,0,0,0.0,0.0,0.0,0.0,54,-45,938,0,45,589,MID,Manor Solomon,Spurs
404,76,9,0,True,2025-10-18T14:00:00Z,2.0,0.0,8,False,0,0,0,0,0,0,0,0,0,0,0,0,0,0.0,0.0,0.0,0.0,0,0,0,0,0,0.0,0.0,0.0,0.0,54,-2248,38436,0,2248,404,DEF,Manuel Akanji,Man City
201,72,11,0,True,2025-10-18T14:00:00Z,2.0,0.0,8,False,0,0,0,0,0,0,0,0,0,0,0,0,0,0.0,0.0,0.0,0.0,0,0,0,0,0,0.0,0.0,0.0,0.0,54,-205,2321,0,205,201,MID,Manuel Benson Hedilazio,Burnley
459,75,12,1,False,2025-10-19T15:30:00Z,1.0,2.0,8,False,32,0,0,0,1,0,0,0,0,0,0,0,5,8.6,1.1,0.0,1.0,5,0,1,6,0,0.0,0.0,0.0,1.79,48,-256,18033,1780,2036,459,MID,Manuel Ugarte Ribeiro,Man Utd
72,73,8,2,False,2025-10-18T14:00:00Z,3.0,3.0,8,False,90,0,0,0,3,0,0,0,1,0,0,0,6,45.2,0.3,9.0,5.5,18,4,2,20,1,0.02,0.01,0.03,4.44,50,252436,3183963,324745,72309,72,DEF,Marcos Senesi Barón,Bournemouth
33,79,18,0,False,2025-10-19T13:00:00Z,1.0,2.0,8,False,0,0,0,0,0,0,0,0,0,0,0,0,0,0.0,0.0,0.0,0.0,0,0,0,0,0,0.0,0.0,0.0,0.0,44,-4293,65788,677,4970,33,GKP,Marco Bizot,Aston Villa
401,76,9,0,True,2025-10-18T14:00:00Z,2.0,0.0,8,False,0,0,0,0,0,0,0,0,0,0,0,0,0,0.0,0.0,0.0,0.0,0,0,0,0,0,0.0,0.0,0.0,0.0,40,-418,14464,177,595,401,GKP,Marcus Bettinelli,Man City
206,72,11,0,True,2025-10-18T14:00:00Z,2.0,0.0,8,False,0,0,0,0,0,0,0,0,0,0,0,0,0,0.0,0.0,0.0,0.0,0,0,0,0,0,0.0,0.0,0.0,0.0,48,-487,6811,174,661,206,MID,Marcus Edwards,Burnley
451,75,12,0,False,2025-10-19T15:30:00Z,1.0,2.0,8,False,0,0,0,0,0,0,0,0,0,0,0,0,0,0.0,0.0,0.0,0.0,0,0,0,0,0,0.0,0.0,0.0,0.0,70,-49,2146,0,49,451,MID,Marcus Rashford,Man Utd
84,73,8,5,False,2025-10-18T14:00:00Z,3.0,3.0,8,False,90,0,1,0,2,0,0,0,0,0,0,0,17,26.6,26.2,2.0,5.5,1,4,4,9,1,0.0,0.61,0.61,2.99,55,-22060,148583,7036,29096,84,MID,Marcus Tavernier,Bournemouth
224,77,16,8,False,2025-10-18T11:30:00Z,0.0,3.0,8,False,90,0,0,1,0,0,0,0,0,0,0,0,31,25.6,14.8,0.0,4.0,7,4,4,11,1,0.0,0.01,0.01,2.35,61,13361,2684633,114632,101271,224,DEF,Marc Cucurella Saseta,Chelsea
252,77,16,1,False,2025-10-18T11:30:00Z,0.0,3.0,8,False,45,0,0,0,0,0,0,0,0,0,0,0,-6,0.0,1.3,12.0,0.8,1,1,0,2,0,0.34,0.0,0.34,1.82,43,-58261,906669,54859,113120,252,FWD,Marc Guiu Paz,Chelsea
260,73,4,4,True,2025-10-18T14:00:00Z,3.0,3.0,8,False,90,0,1,0,3,0,0,0,0,0,0,0,17,15.8,35.3,16.0,6.7,5,5,1,6,1,0.21,0.4,0.61,2.03,49,224446,3884667,282812,58366,260,DEF,Marc Guéhi,Man City
524,77,7,0,True,2025-10-18T11:30:00Z,0.0,3.0,8,False,0,0,0,0,0,0,0,0,0,0,0,0,0,0.0,0.0,0.0,0.0,0,0,0,0,0,0.0,0.0,0.0,0.0,45,-167,2771,0,167,524,MID,Marko Stamenić,Nott'm Forest
471,71,6,0,False,2025-10-18T14:00:00Z,2.0,1.0,8,False,0,0,0,0,0,0,0,0,0,0,0,0,0,0.0,0.0,0.0,0.0,0,0,0,0,0,0.0,0.0,0.0,0.0,40,-323,16966,232,555,471,GKP,Mark Gillespie,Newcastle
288,76,13,0,False,2025-10-18T14:00:00Z,2.0,0.0,8,False,0,0,0,0,0,0,0,0,0,0,0,0,0,0.0,0.0,0.0,0.0,0,0,0,0,0,0.0,0.0,0.0,0.0,44,-475,14797,136,611,288,GKP,Mark Travers,Everton
648,78,17,4,False,2025-10-18T14:00:00Z,2.0,0.0,8,False,90,0,0,0,2,0,0,0,0,0,0,0,14,18.6,15.1,30.0,6.4,7,2,3,12,1,0.13,0.18,0.31,0.65,54,1671,7841,2258,587,648,MID,Marshall Munetsi,Wolves
333,74,1,0,True,2025-10-18T16:30:00Z,0.0,1.0,8,False,0,0,0,0,0,0,0,0,0,0,0,0,0,0.0,0.0,0.0,0.0,0,0,0,0,0,0.0,0.0,0.0,0.0,45,-295,3957,0,295,333,MID,Martial Godo,Fulham
470,72,11,9,True,2025-10-18T14:00:00Z,2.0,0.0,8,False,90,0,0,1,0,0,0,0,0,0,4,2,32,32.6,0.0,0.0,3.3,3,7,0,0,1,0.0,0.0,0.0,2.63,40,25111,4185019,85544,60433,470,GKP,Martin Dúbravka,Burnley
313,76,13,0,False,2025-10-18T14:00:00Z,2.0,0.0,8,False,0,0,0,0,0,0,0,0,0,0,0,0,0,0.0,0.0,0.0,0.0,0,0,0,0,0,0.0,0.0,0.0,0.0,44,-1821,19309,0,1821,313,FWD,Martin Sherif,Everton
17,74,10,0,False,2025-10-18T16:30:00Z,0.0,1.0,8,False,0,0,0,0,0,0,0,0,0,0,0,0,0,0.0,0.0,0.0,0.0,0,0,0,0,0,0.0,0.0,0.0,0.0,79,-38829,200434,3440,42269,17,MID,Martin Ødegaard,Arsenal
26,74,10,3,False,2025-10-18T16:30:00Z,0.0,1.0,8,False,90,0,0,1,0,0,0,0,0,0,0,0,12,11.2,15.6,2.0,2.9,2,2,1,5,1,0.0,0.06,0.06,0.44,55,-31464,516539,44961,76425,26,MID,Martín Zubimendi Ibáñez,Arsenal
455,75,12,3,False,2025-10-19T15:30:00Z,1.0,2.0,8,False,60,0,0,1,0,0,0,0,0,0,0,0,5,2.4,1.2,11.0,1.5,1,0,1,2,1,0.16,0.0,0.16,1.01,59,6547,33635,8596,2049,455,MID,Mason Mount,Man Utd
75,73,8,0,False,2025-10-18T14:00:00Z,3.0,3.0,8,False,0,0,0,0,0,0,0,0,0,0,0,0,0,0.0,0.0,0.0,0.0,0,0,0,0,0,0.0,0.0,0.0,0.0,40,-1101,32391,622,1723,75,DEF,Matai Akinmboni,Bournemouth
364,72,3,0,False,2025-10-18T14:00:00Z,2.0,0.0,8,False,0,0,0,0,0,0,0,0,0,0,0,0,0,0.0,0.0,0.0,0.0,0,0,0,0,0,0.0,0.0,0.0,0.0,50,-48,1399,0,48,364,FWD,Mateo Joseph Fernández-Regatillo,Leeds
422,76,9,1,True,2025-10-18T14:00:00Z,2.0,0.0,8,False,4,0,0,0,0,0,0,0,0,0,0,0,3,2.6,0.8,0.0,0.3,0,0,0,0,0,0.0,0.0,0.0,0.0,59,374,2882,680,306,422,MID,Mateo Kovačić,Man City
708,80,5,1,True,2025-10-20T19:00:00Z,0.0,2.0,8,False,45,0,0,0,1,0,0,0,0,0,0,0,5,9.0,2.3,2.0,1.3,2,2,1,5,1,0.05,0.01,0.06,1.46,55,68,3455,473,405,708,MID,Mateus Gonçalo Espanha Fernandes,West Ham
279,73,4,0,True,2025-10-18T14:00:00Z,3.0,3.0,8,False,0,0,0,0,0,0,0,0,0,0,0,0,0,0.0,0.0,0.0,0.0,0,0,0,0,0,0.0,0.0,0.0,0.0,45,-69,972,0,69,279,MID,Matheus França de Oliveira,Crystal Palace
407,76,9,7,True,2025-10-18T14:00:00Z,2.0,0.0,8,False,90,0,0,1,0,0,0,0,0,0,0,1,32,21.0,35.6,1.0,5.8,3,8,3,6,1,0.02,0.19,0.21,0.81,53,10475,67757,14492,4017,407,DEF,Matheus Nunes,Man City
450,75,12,2,False,2025-10-19T15:30:00Z,1.0,2.0,8,False,90,0,0,0,1,0,0,0,0,0,0,0,7,6.2,4.2,10.0,2.0,3,6,0,9,1,0.08,0.04,0.12,2.75,80,-68661,448044,6333,74994,450,MID,Matheus Santos Carneiro da Cunha,Man Utd
126,80,19,6,False,2025-10-20T19:00:00Z,0.0,2.0,8,False,1,1,0,0,0,0,0,0,0,0,0,0,23,33.0,0.0,17.0,5.0,0,0,0,0,0,0.3,0.0,0.3,0.04,49,-13,8744,623,636,126,MID,Mathias Jensen,Brentford
584,79,2,1,True,2025-10-19T13:00:00Z,1.0,2.0,8,False,59,0,0,0,1,0,0,0,0,0,0,0,-2,0.0,0.8,8.0,0.8,0,4,1,5,1,0.0,0.01,0.01,0.12,63,3963,17410,5401,1438,584,MID,Mathys Tel,Spurs
173,71,15,7,True,2025-10-18T14:00:00Z,2.0,1.0,8,False,90,0,1,0,1,0,0,0,0,0,0,0,23,21.8,2.9,8.0,3.3,5,5,3,13,1,0.03,0.01,0.04,1.45,49,-232,6264,200,432,173,MID,Mats Wieffer,Brighton
103,80,19,0,False,2025-10-20T19:00:00Z,0.0,2.0,8,False,0,0,0,0,0,0,0,0,0,0,0,0,0,0.0,0.0,0.0,0.0,0,0,0,0,0,0.0,0.0,0.0,0.0,40,-317,17260,270,587,103,GKP,Matthew Cox,Brentford
436,75,12,2,False,2025-10-19T15:30:00Z,1.0,2.0,8,False,90,0,0,0,1,0,0,0,0,0,0,0,0,4.2,0.4,9.0,1.4,5,1,0,5,1,0.43,0.0,0.43,2.75,50,-10058,332750,12518,22576,436,DEF,Matthijs de Ligt,Man Utd
36,79,18,2,False,2025-10-19T13:00:00Z,1.0,2.0,8,False,90,0,0,0,1,0,0,0,0,0,0,0,13,6.4,12.0,3.0,2.1,4,1,1,5,1,0.04,0.02,0.06,0.75,46,-35626,631587,20634,56260,36,DEF,Matty Cash,Aston Villa
632,78,17,2,False,2025-10-18T14:00:00Z,2.0,0.0,8,False,66,0,0,0,1,0,0,0,0,0,0,0,13,19.2,12.7,0.0,3.2,8,2,1,9,1,0.0,0.01,0.01,0.65,44,-1911,13969,88,1999,632,DEF,Matt Doherty,Wolves
164,71,15,0,True,2025-10-18T14:00:00Z,2.0,1.0,8,False,0,0,0,0,0,0,0,0,0,0,0,0,0,0.0,0.0,0.0,0.0,0,0,0,0,0,0.0,0.0,0.0,0.0,55,-4810,52881,0,4810,164,MID,Matt O'Riley,Brighton
484,71,6,0,False,2025-10-18T14:00:00Z,2.0,1.0,8,False,0,0,0,0,0,0,0,0,0,0,0,0,0,0.0,0.0,0.0,0.0,0,0,0,0,0,0.0,0.0,0.0,0.0,40,-2280,26741,0,2280,484,DEF,Matt Targett,Newcastle
504,77,7,0,True,2025-10-18T11:30:00Z,0.0,3.0,8,False,0,0,0,0,0,0,0,0,0,0,0,0,0,0.0,0.0,0.0,0.0,0,0,0,0,0,0.0,0.0,0.0,0.0,40,-685,13526,0,685,504,GKP,Matt Turner,Nott'm Forest
502,77,7,2,True,2025-10-18T11:30:00Z,0.0,3.0,8,False,90,0,0,0,3,0,0,0,0,0,3,0,2,17.0,0.0,0.0,1.7,2,7,0,0,1,0.0,0.0,0.0,1.67,49,-144564,1201981,7026,151590,502,GKP,Matz Sels,Nott'm Forest
257,73,4,1,True,2025-10-18T14:00:00Z,3.0,3.0,8,False,90,0,0,0,3,0,0,0,0,0,0,0,7,17.4,0.7,9.0,2.7,6,7,1,7,1,0.03,0.02,0.05,2.03,51,-9439,499900,25160,34599,257,DEF,Maxence Lacroix,Crystal Palace
191,72,11,8,True,2025-10-18T14:00:00Z,2.0,0.0,8,False,90,0,0,1,0,0,0,0,0,0,0,0,26,25.4,0.3,0.0,2.6,12,3,2,14,1,0.0,0.0,0.0,2.63,40,-88820,1605130,24744,113564,191,DEF,Maxime Estève,Burnley
605,80,5,3,True,2025-10-20T19:00:00Z,0.0,2.0,8,False,90,0,0,0,2,0,0,0,0,0,0,0,9,34.0,0.7,0.0,3.5,14,2,0,14,1,0.0,0.0,0.0,2.31,44,864,23192,3142,2278,605,DEF,Maximilian Kilman,West Ham
145,71,15,1,True,2025-10-18T14:00:00Z,2.0,1.0,8,False,54,0,0,0,1,0,0,0,0,0,0,0,3,8.8,6.2,17.0,3.2,2,4,1,3,0,0.02,0.01,0.03,1.27,44,-22303,281444,4797,27100,145,DEF,Maxim De Cuyper,Brighton
617,80,5,0,True,2025-10-20T19:00:00Z,0.0,2.0,8,False,0,0,0,0,0,0,0,0,0,0,0,0,0,0.0,0.0,0.0,0.0,0,0,0,0,0,0.0,0.0,0.0,0.0,49,-113,2249,0,113,617,MID,Maxwel Cornet,West Ham
700,74,10,0,False,2025-10-18T16:30:00Z,0.0,1.0,8,False,0,0,0,0,0,0,0,0,0,0,0,0,0,0.0,0.0,0.0,0.0,0,0,0,0,0,0.0,0.0,0.0,0.0,44,-4656,40491,2309,6965,700,MID,Max Dowman,Arsenal
183,72,11,0,True,2025-10-18T14:00:00Z,2.0,0.0,8,False,0,0,0,0,0,0,0,0,0,0,0,0,0,0.0,0.0,0.0,0.0,0,0,0,0,0,0.0,0.0,0.0,0.0,44,-429,15314,336,765,183,GKP,Max Weiß,Burnley
728,76,13,1,False,2025-10-18T14:00:00Z,2.0,0.0,8,False,20,0,0,0,0,0,0,0,0,0,0,0,4,2.4,1.7,6.0,1.0,1,3,1,5,0,0.03,0.0,0.03,1.09,50,-52,466,15,67,728,MID,Merlin Röhl,Everton
110,80,19,9,False,2025-10-20T19:00:00Z,0.0,2.0,8,False,90,0,0,1,0,0,0,0,0,0,0,3,36,28.8,92.1,4.0,12.5,2,4,0,2,1,0.0,0.81,0.81,0.33,45,-75,41841,2518,2593,110,DEF,Michael Kayode,Brentford
295,76,13,1,False,2025-10-18T14:00:00Z,2.0,0.0,8,False,90,0,0,0,2,0,0,0,0,0,0,0,1,19.2,0.8,0.0,2.0,6,4,0,6,1,0.0,0.01,0.01,2.39,45,-8507,107807,8963,17470,295,DEF,Michael Keane,Everton
219,72,11,0,True,2025-10-18T14:00:00Z,2.0,0.0,8,False,0,0,0,0,0,0,0,0,0,0,0,0,0,0.0,0.0,0.0,0.0,0,0,0,0,0,0.0,0.0,0.0,0.0,44,-1958,20418,0,1958,219,FWD,Michael Obafemi,Burnley
575,79,2,0,True,2025-10-19T13:00:00Z,1.0,2.0,8,False,90,0,0,0,2,0,0,0,1,0,0,0,3,11.0,1.3,4.0,1.6,4,5,0,4,1,0.1,0.01,0.11,0.32,48,-132153,4058431,74777,206930,575,DEF,Micky van de Ven,Spurs
22,74,10,1,False,2025-10-18T16:30:00Z,0.0,1.0,8,False,28,0,0,0,0,0,0,0,0,0,0,0,5,5.4,1.1,4.0,1.1,1,2,2,5,0,0.0,0.01,0.01,0.04,59,73,77678,11902,11829,22,MID,Mikel Merino Zazón,Arsenal
592,79,2,0,True,2025-10-19T13:00:00Z,1.0,2.0,8,False,0,0,0,0,0,0,0,0,0,0,0,0,0,0.0,0.0,0.0,0.0,0,0,0,0,0,0.0,0.0,0.0,0.0,50,-9,478,0,9,592,MID,Mikey Moore,Spurs
222,77,16,0,False,2025-10-18T11:30:00Z,0.0,3.0,8,False,0,0,0,0,0,0,0,0,0,0,0,0,0,0.0,0.0,0.0,0.0,0,0,0,0,0,0.0,0.0,0.0,0.0,40,-16,411,0,16,222,GKP,Mike Penders,Chelsea
214,72,11,0,True,2025-10-18T14:00:00Z,2.0,0.0,8,False,0,0,0,0,0,0,0,0,0,0,0,0,0,0.0,0.0,0.0,0.0,0,0,0,0,0,0.0,0.0,0.0,0.0,44,146,9748,995,849,214,MID,Mike Trésor Ndayishimiye,Burnley
121,80,19,3,False,2025-10-20T19:00:00Z,0.0,2.0,8,False,74,0,0,1,0,0,0,0,0,0,0,0,17,13.8,68.0,23.0,10.5,0,4,0,4,1,0.04,0.25,0.29,0.29,58,-2057,74666,4289,6346,121,MID,Mikkel Damsgaard,Brentford
546,78,20,0,True,2025-10-18T14:00:00Z,2.0,0.0,8,False,0,0,0,0,0,0,0,0,0,0,0,0,0,0.0,0.0,0.0,0.0,0,0,0,0,0,0.0,0.0,0.0,0.0,49,-149,2283,0,149,546,MID,Milan Aleksić,Sunderland
371,75,14,1,True,2025-10-19T15:30:00Z,1.0,2.0,8,False,90,0,0,0,2,0,0,0,0,0,0,0,11,11.0,18.4,6.0,3.5,4,2,1,5,1,0.0,0.03,0.03,1.34,58,-49936,501567,5930,55866,371,DEF,Milos Kerkez,Liverpool
483,71,6,0,False,2025-10-18T14:00:00Z,2.0,1.0,8,False,0,0,0,0,0,0,0,0,0,0,0,0,0,0.0,0.0,0.0,0.0,0,0,0,0,0,0.0,0.0,0.0,0.0,39,-861,27939,657,1518,483,DEF,Miodrag Pivaš,Newcastle
157,71,15,0,True,2025-10-18T14:00:00Z,2.0,1.0,8,False,0,0,0,0,0,0,0,0,0,0,0,0,0,0.0,0.0,0.0,0.0,0,0,0,0,0,0.0,0.0,0.0,0.0,63,-98627,384142,2192,100819,157,MID,Mitoma Kaoru,Brighton
381,75,14,2,True,2025-10-19T15:30:00Z,1.0,2.0,8,False,84,0,0,0,2,0,0,0,0,0,0,0,10,9.4,50.3,42.0,10.2,0,1,0,1,1,0.41,0.14,0.55,0.91,144,-715068,4372723,39794,754862,381,MID,Mohamed Salah,Liverpool
582,79,2,2,True,2025-10-19T13:00:00Z,1.0,2.0,8,False,90,0,0,0,2,0,0,0,0,0,0,0,6,11.2,40.1,8.0,5.9,1,6,2,9,1,0.0,0.07,0.07,0.32,68,469679,4316804,568939,99260,582,MID,Mohammed Kudus,Spurs
241,77,16,1,False,2025-10-18T11:30:00Z,0.0,3.0,8,False,45,0,0,0,0,0,0,0,0,0,0,0,5,8.6,0.8,0.0,0.9,3,3,0,6,0,0.0,0.01,0.01,1.82,58,441501,1904126,533914,92413,241,MID,Moisés Caicedo Corozo,Chelsea
515,77,7,2,True,2025-10-18T11:30:00Z,0.0,3.0,8,False,90,0,0,0,3,0,0,0,0,0,0,0,7,0.0,13.7,17.0,3.0,2,4,0,6,1,0.5,0.2,0.7,1.67,74,-63682,399940,7401,71083,515,MID,Morgan Gibbs-White,Nott'm Forest
47,79,18,7,False,2025-10-19T13:00:00Z,1.0,2.0,8,False,90,1,0,0,1,0,0,0,0,0,0,0,22,35.6,4.0,9.0,4.9,0,4,0,4,1,0.03,0.01,0.04,0.75,69,-74872,612554,21907,96779,47,MID,Morgan Rogers,Aston Villa
506,77,7,1,True,2025-10-18T11:30:00Z,0.0,3.0,8,False,73,0,0,0,2,0,0,0,0,0,0,0,5,12.0,1.3,2.0,1.5,6,3,0,6,1,0.0,0.01,0.01,1.41,54,-34477,267161,2412,36889,506,DEF,Murillo Costa dos Santos,Nott'm Forest
245,77,16,0,False,2025-10-18T11:30:00Z,0.0,3.0,8,False,0,0,0,0,0,0,0,0,0,0,0,0,0,0.0,0.0,0.0,0.0,0,0,0,0,0,0.0,0.0,0.0,0.0,50,-34,933,59,93,245,MID,Mykhailo Mudryk,Chelsea
10,74,10,0,False,2025-10-18T16:30:00Z,0.0,1.0,8,False,0,0,0,0,0,0,0,0,0,0,0,0,0,0.0,0.0,0.0,0.0,0,0,0,0,0,0.0,0.0,0.0,0.0,52,-14937,219108,3195,18132,10,DEF,Myles Lewis-Skelly,Arsenal
133,80,19,0,False,2025-10-20T19:00:00Z,0.0,2.0,8,False,0,0,0,0,0,0,0,0,0,0,0,0,0,0.0,0.0,0.0,0.0,0,0,0,0,0,0.0,0.0,0.0,0.0,44,102,4857,451,349,133,MID,Myles Peart-Harris,Brentford
275,73,4,0,True,2025-10-18T14:00:00Z,3.0,3.0,8,False,0,0,0,0,0,0,0,0,0,0,0,0,0,0.0,0.0,0.0,0.0,0,0,0,0,0,0.0,0.0,0.0,0.0,44,130,5876,598,468,275,MID,Naouirou Ahamada,Crystal Palace
263,73,4,0,True,2025-10-18T14:00:00Z,3.0,3.0,8,False,0,0,0,0,0,0,0,0,0,0,0,0,0,0.0,0.0,0.0,0.0,0,0,0,0,0,0.0,0.0,0.0,0.0,39,-1303,59697,1841,3144,263,DEF,Nathaniel Clyne,Crystal Palace
405,76,9,6,True,2025-10-18T14:00:00Z,2.0,0.0,8,False,90,0,0,1,0,0,0,0,0,0,0,0,26,17.8,3.8,4.0,2.6,4,1,2,6,1,0.09,0.02,0.11,0.81,54,-2798,79356,1781,4579,405,DEF,Nathan Aké,Man City
106,80,19,9,False,2025-10-20T19:00:00Z,0.0,2.0,8,False,90,0,0,1,0,0,0,0,0,0,0,1,29,26.8,0.9,8.0,3.6,9,2,2,11,1,0.06,0.0,0.06,0.33,49,-7232,143682,2411,9643,106,DEF,Nathan Collins,Brentford
658,78,17,0,False,2025-10-18T14:00:00Z,2.0,0.0,8,False,0,0,0,0,0,0,0,0,0,0,0,0,0,0.0,0.0,0.0,0.0,0,0,0,0,0,0.0,0.0,0.0,0.0,44,-12299,258545,6804,19103,658,FWD,Nathan Fraser,Wolves
296,76,13,0,False,2025-10-18T14:00:00Z,2.0,0.0,8,False,0,0,0,0,0,0,0,0,0,0,0,0,0,0.0,0.0,0.0,0.0,0,0,0,0,0,0.0,0.0,0.0,0.0,44,-94,2429,76,170,296,DEF,Nathan Patterson,Everton
607,80,5,0,True,2025-10-20T19:00:00Z,0.0,2.0,8,False,0,0,0,0,0,0,0,0,0,0,0,0,0,0.0,0.0,0.0,0.0,0,0,0,0,0,0.0,0.0,0.0,0.0,44,-371,6388,0,371,607,DEF,Nayef Aguerd,West Ham
564,78,20,0,True,2025-10-18T14:00:00Z,2.0,0.0,8,False,0,0,0,0,0,0,0,0,0,0,0,0,0,0.0,0.0,0.0,0.0,0,0,0,0,0,0.0,0.0,0.0,0.0,44,-895,13841,0,895,564,FWD,Nazarii Rusyn,Sunderland
508,77,7,1,True,2025-10-18T11:30:00Z,0.0,3.0,8,False,90,0,0,0,3,0,0,0,0,0,0,0,-7,9.8,2.8,10.0,2.3,3,3,2,5,1,0.53,0.01,0.54,1.67,48,-94442,520126,5157,99599,508,DEF,Neco Williams,Nott'm Forest
559,78,20,0,True,2025-10-18T14:00:00Z,2.0,0.0,8,False,0,0,0,0,0,0,0,0,0,0,0,0,0,0.0,0.0,0.0,0.0,0,0,0,0,0,0.0,0.0,0.0,0.0,44,-665,5872,0,665,559,MID,Nectarios Triantis,Sunderland
744,71,15,0,True,2025-10-18T14:00:00Z,2.0,1.0,8,False,0,0,0,0,0,0,0,0,0,0,0,0,0,0.0,0.0,0.0,0.0,0,0,0,0,0,0.0,0.0,0.0,0.0,45,0,0,0,0,744,MID,Nehemiah Oriola,Brighton
537,78,20,0,True,2025-10-18T14:00:00Z,2.0,0.0,8,False,0,0,0,0,0,0,0,0,0,0,0,0,0,0.0,0.0,0.0,0.0,0,0,0,0,0,0.0,0.0,0.0,0.0,40,-751,11716,0,751,537,DEF,Niall Huggins,Sunderland
469,71,6,2,False,2025-10-18T14:00:00Z,2.0,1.0,8,False,90,0,0,0,2,0,0,0,0,0,3,0,10,20.0,0.0,0.0,2.0,3,14,0,0,1,0.0,0.0,0.0,0.91,51,302387,1390465,336517,34130,469,GKP,Nick Pope,Newcastle
714,71,6,8,False,2025-10-18T14:00:00Z,2.0,1.0,8,False,90,1,0,0,2,0,0,0,0,0,0,2,29,35.0,2.5,37.0,7.5,2,2,1,5,1,0.71,0.07,0.78,0.91,73,825582,1667416,878389,52807,714,FWD,Nick Woltemade,Newcastle
625,80,5,0,True,2025-10-20T19:00:00Z,0.0,2.0,8,False,0,0,0,0,0,0,0,0,0,0,0,0,0,0.0,0.0,0.0,0.0,0,0,0,0,0,0.0,0.0,0.0,0.0,57,-11617,106399,3885,15502,625,FWD,Niclas Füllkrug,West Ham
251,77,16,0,False,2025-10-18T11:30:00Z,0.0,3.0,8,False,0,0,0,0,0,0,0,0,0,0,0,0,0,0.0,0.0,0.0,0.0,0,0,0,0,0,0.0,0.0,0.0,0.0,65,-389,10170,0,389,251,FWD,Nicolas Jackson,Chelsea
519,77,7,0,True,2025-10-18T11:30:00Z,0.0,3.0,8,False,0,0,0,0,0,0,0,0,0,0,0,0,0,0.0,0.0,0.0,0.0,0,0,0,0,0,0.0,0.0,0.0,0.0,50,70,962,142,72,519,MID,Nicolás Domínguez,Nott'm Forest
716,77,7,1,True,2025-10-18T11:30:00Z,0.0,3.0,8,False,16,0,0,0,1,0,0,0,0,0,0,0,0,4.2,1.2,0.0,0.5,0,1,1,1,0,0.0,0.01,0.01,0.27,45,-38,1593,128,166,716,DEF,Nicolò Savona,Nott'm Forest
423,76,9,5,True,2025-10-18T14:00:00Z,2.0,0.0,8,False,85,0,0,1,0,0,0,0,0,0,0,0,17,18.6,27.2,6.0,5.2,6,4,2,12,1,0.0,0.05,0.05,0.81,59,-219,10691,591,810,423,MID,Nico González Iglesias,Man City
411,76,9,11,True,2025-10-18T14:00:00Z,2.0,0.0,8,False,84,0,1,1,0,0,0,0,0,0,0,2,37,23.8,17.8,14.0,5.6,4,2,2,6,1,0.27,0.17,0.44,0.81,49,11114,91401,17535,6421,411,DEF,Nico O'Reilly,Man City
505,77,7,1,True,2025-10-18T11:30:00Z,0.0,3.0,8,False,90,0,0,0,3,0,0,0,0,0,0,0,2,8.0,1.8,27.0,3.7,2,3,0,2,1,0.31,0.02,0.33,1.67,53,-80703,591651,4091,84794,505,DEF,Nikola Milenković,Nott'm Forest
698,72,3,0,False,2025-10-18T14:00:00Z,2.0,0.0,8,False,0,0,0,0,0,0,0,0,0,0,0,0,0,0.0,0.0,0.0,0.0,0,0,0,0,0,0.0,0.0,0.0,0.0,55,17484,29607,23937,6453,698,MID,Noah Okafor,Leeds
552,78,20,3,True,2025-10-18T14:00:00Z,2.0,0.0,8,False,90,0,0,1,0,0,0,0,0,0,0,0,15,5.8,1.6,5.0,1.2,3,5,0,8,1,0.03,0.01,0.04,0.73,50,-493,6065,271,764,552,MID,Noah Sadiki,Sunderland
18,74,10,0,False,2025-10-18T16:30:00Z,0.0,1.0,8,False,0,0,0,0,0,0,0,0,0,0,0,0,0,0.0,0.0,0.0,0.0,0,0,0,0,0,0.0,0.0,0.0,0.0,69,-17126,83857,109,17235,18,MID,Noni Madueke,Arsenal
311,76,13,2,False,2025-10-18T14:00:00Z,2.0,0.0,8,False,74,0,0,0,2,0,0,0,0,0,0,0,0,0.2,2.3,15.0,1.8,1,2,1,4,1,0.6,0.01,0.61,1.33,53,-56725,471273,21469,78194,311,FWD,Norberto Bercique Gomes Betuncal,Everton
66,73,8,0,False,2025-10-18T14:00:00Z,3.0,3.0,8,False,0,0,0,0,0,0,0,0,0,0,0,0,0,0.0,0.0,0.0,0.0,0,0,0,0,0,0.0,0.0,0.0,0.0,45,-660,9678,0,660,66,GKP,Norberto Murara Neto,Bournemouth
694,78,20,17,True,2025-10-18T14:00:00Z,2.0,0.0,8,False,90,1,0,1,0,0,0,0,0,0,0,3,47,56.2,2.2,22.0,8.0,9,7,3,12,1,0.24,0.06,0.3,0.83,40,84438,328745,100985,16547,694,DEF,Nordi Mukiele,Sunderland
438,75,12,0,False,2025-10-19T15:30:00Z,1.0,2.0,8,False,0,0,0,0,0,0,0,0,0,0,0,0,0,0.0,0.0,0.0,0.0,0,0,0,0,0,0.0,0.0,0.0,0.0,49,-2842,21574,74,2916,438,DEF,Noussair Mazraoui,Man Utd
285,73,4,0,True,2025-10-18T14:00:00Z,3.0,3.0,8,False,0,0,0,0,0,0,0,0,0,0,0,0,0,0.0,0.0,0.0,0.0,0,0,0,0,0,0.0,0.0,0.0,0.0,50,-2912,34170,0,2912,285,FWD,Odsonne Édouard,Crystal Palace
472,71,6,0,False,2025-10-18T14:00:00Z,2.0,1.0,8,False,0,0,0,0,0,0,0,0,0,0,0,0,0,0.0,0.0,0.0,0.0,0,0,0,0,0,0.0,0.0,0.0,0.0,40,-119,2270,0,119,472,GKP,Odysseas Vlachodimos,Newcastle
507,77,7,0,True,2025-10-18T11:30:00Z,0.0,3.0,8,False,0,0,0,0,0,0,0,0,0,0,0,0,0,0.0,0.0,0.0,0.0,0,0,0,0,0,0.0,0.0,0.0,0.0,48,-70062,378369,99,70161,507,DEF,Ola Aina,Nott'm Forest
12,77,7,1,True,2025-10-18T11:30:00Z,0.0,3.0,8,False,73,0,0,0,2,0,0,0,0,0,0,0,14,18.2,15.1,0.0,3.3,4,3,4,8,1,0.0,0.13,0.13,1.41,49,-5285,34410,317,5602,12,DEF,Oleksandr Zinchenko,Nott'm Forest
197,72,11,0,True,2025-10-18T14:00:00Z,2.0,0.0,8,False,0,0,0,0,0,0,0,0,0,0,0,0,0,0.0,0.0,0.0,0.0,0,0,0,0,0,0.0,0.0,0.0,0.0,39,-266,16995,491,757,197,DEF,Oliver Sonne,Burnley
143,71,15,0,True,2025-10-18T14:00:00Z,2.0,1.0,8,False,0,0,0,0,0,0,0,0,0,0,0,0,0,0.0,0.0,0.0,0.0,0,0,0,0,0,0.0,0.0,0.0,0.0,43,-305,10054,198,503,143,DEF,Olivier Boscagli,Brighton
608,80,5,1,True,2025-10-20T19:00:00Z,0.0,2.0,8,False,45,0,0,0,1,0,0,0,0,0,0,0,4,8.0,1.0,0.0,0.9,4,0,1,5,1,0.0,0.01,0.01,1.46,44,-160,4187,93,253,608,DEF,Ollie Scarles,West Ham
64,79,18,1,False,2025-10-19T13:00:00Z,1.0,2.0,8,False,29,0,0,0,0,0,0,0,0,0,0,0,1,2.6,1.3,7.0,1.1,1,4,0,5,0,0.08,0.0,0.08,0.24,86,-233961,964608,17571,251532,64,FWD,Ollie Watkins,Aston Villa
212,72,11,0,True,2025-10-18T14:00:00Z,2.0,0.0,8,False,0,0,0,0,0,0,0,0,0,0,0,0,0,0.0,0.0,0.0,0.0,0,0,0,0,0,0.0,0.0,0.0,0.0,45,-90,1095,0,90,212,MID,Oluwaseun Adewumi,Burnley
693,77,7,0,True,2025-10-18T11:30:00Z,0.0,3.0,8,False,0,0,0,0,0,0,0,0,0,0,0,0,0,0.0,0.0,0.0,0.0,0,0,0,0,0,0.0,0.0,0.0,0.0,55,-135,3345,224,359,693,MID,Omari Hutchinson,Nott'm Forest
683,78,20,6,True,2025-10-18T14:00:00Z,2.0,0.0,8,False,90,0,0,1,0,0,0,0,0,0,0,0,20,17.6,11.0,0.0,2.9,7,1,1,8,1,0.0,0.01,0.01,0.83,41,89162,841370,172454,83292,683,DEF,Omar Alderete,Sunderland
413,76,9,0,True,2025-10-18T14:00:00Z,2.0,0.0,8,False,0,0,0,0,0,0,0,0,0,0,0,0,0,0.0,0.0,0.0,0.0,0,0,0,0,0,0.0,0.0,0.0,0.0,83,-20777,312888,1508,22285,413,MID,Omar Marmoush,Man City
512,77,7,0,True,2025-10-18T11:30:00Z,0.0,3.0,8,False,0,0,0,0,0,0,0,0,0,0,0,0,0,0.0,0.0,0.0,0.0,0,0,0,0,0,0.0,0.0,0.0,0.0,45,-163,2921,0,163,512,DEF,Omar Richards,Nott'm Forest
424,76,9,1,True,2025-10-18T14:00:00Z,2.0,0.0,8,False,31,0,0,0,0,0,0,0,0,0,0,0,4,3.4,2.2,7.0,1.3,0,0,1,1,0,0.04,0.11,0.15,0.15,55,-2743,38909,2221,4964,424,MID,Oscar Bobb,Fulham
76,73,8,0,False,2025-10-18T14:00:00Z,3.0,3.0,8,False,0,0,0,0,0,0,0,0,0,0,0,0,0,0.0,0.0,0.0,0.0,0,0,0,0,0,0.0,0.0,0.0,0.0,39,517,20615,1569,1052,76,DEF,Owen Bevan,Bournemouth
189,72,11,0,True,2025-10-18T14:00:00Z,2.0,0.0,8,False,0,0,0,0,0,0,0,0,0,0,0,0,0,0.0,0.0,0.0,0.0,0,0,0,0,0,0.0,0.0,0.0,0.0,40,-75,1943,0,75,189,DEF,Owen Dodgson,Burnley
593,79,2,1,True,2025-10-19T13:00:00Z,1.0,2.0,8,False,4,0,0,0,0,0,0,0,0,0,0,0,1,0.0,0.0,0.0,0.0,0,1,0,1,0,0.0,0.0,0.0,0.12,50,-44850,251918,6918,51768,593,MID,Pape Matar Sarr,Spurs
132,80,19,0,False,2025-10-20T19:00:00Z,0.0,2.0,8,False,0,0,0,0,0,0,0,0,0,0,0,0,0,0.0,0.0,0.0,0.0,0,0,0,0,0,0.0,0.0,0.0,0.0,45,-85,1463,14,99,132,MID,Paris Maghoma,Brentford
343,72,3,0,False,2025-10-18T14:00:00Z,2.0,0.0,8,False,90,0,0,0,2,0,0,0,1,0,0,0,5,20.0,4.2,12.0,3.6,4,1,2,6,1,0.17,0.02,0.19,0.45,45,996,48445,5104,4108,343,DEF,Pascal Struijk,Leeds
363,72,3,0,False,2025-10-18T14:00:00Z,2.0,0.0,8,False,0,0,0,0,0,0,0,0,0,0,0,0,0,0.0,0.0,0.0,0.0,0,0,0,0,0,0.0,0.0,0.0,0.0,49,-6341,58295,0,6341,363,FWD,Patrick Bamford,Leeds
441,75,12,1,False,2025-10-19T15:30:00Z,1.0,2.0,8,False,31,0,0,0,1,0,0,0,0,0,0,0,3,11.0,11.0,0.0,2.2,3,2,3,6,0,0.0,0.02,0.02,1.79,44,-83440,490501,4711,88151,441,DEF,Patrick Dorgu,Man Utd
545,78,20,0,True,2025-10-18T14:00:00Z,2.0,0.0,8,False,0,0,0,0,0,0,0,0,0,0,0,0,0,0.0,0.0,0.0,0.0,0,0,0,0,0,0.0,0.0,0.0,0.0,54,-113,1863,0,113,545,MID,Patrick Roberts,Sunderland
41,79,18,2,False,2025-10-19T13:00:00Z,1.0,2.0,8,False,90,0,0,0,1,0,0,0,0,0,0,0,10,12.4,1.1,0.0,1.4,3,4,1,4,1,0.0,0.01,0.01,0.75,44,-1079,40891,1471,2550,41,DEF,Pau Torres,Aston Villa
640,78,17,0,False,2025-10-18T14:00:00Z,2.0,0.0,8,False,0,0,0,0,0,0,0,0,0,0,0,0,0,0.0,0.0,0.0,0.0,0,0,0,0,0,0.0,0.0,0.0,0.0,40,-4682,65764,0,4682,640,DEF,Pedro Cardoso de Lima,Wolves
236,77,16,12,False,2025-10-18T11:30:00Z,0.0,3.0,8,False,77,1,1,1,0,0,0,0,0,0,0,1,46,66.6,59.1,29.0,15.5,0,2,0,2,1,0.17,0.73,0.9,2.07,70,-50019,442777,20657,70676,236,MID,Pedro Lomba Neto,Chelsea
568,79,2,1,True,2025-10-19T13:00:00Z,1.0,2.0,8,False,90,0,0,0,2,0,0,0,0,0,0,0,10,14.6,24.1,2.0,4.1,2,6,1,3,1,0.0,0.02,0.02,0.32,56,-90301,2565521,51771,142072,568,DEF,Pedro Porro Sauceda,Spurs
147,71,15,0,True,2025-10-18T14:00:00Z,2.0,1.0,8,False,0,0,0,0,0,0,0,0,0,0,0,0,0,0.0,0.0,0.0,0.0,0,0,0,0,0,0.0,0.0,0.0,0.0,45,-50,1301,0,50,147,DEF,Pervis Estupiñán Tenorio,Brighton
89,73,8,0,False,2025-10-18T14:00:00Z,3.0,3.0,8,False,0,0,0,0,0,0,0,0,0,0,0,0,0,0.0,0.0,0.0,0.0,0,0,0,0,0,0.0,0.0,0.0,0.0,49,-185,3244,0,185,89,MID,Philip Billing,Bournemouth
414,76,9,3,True,2025-10-18T14:00:00Z,2.0,0.0,8,False,90,0,0,1,0,0,0,0,0,0,0,0,24,13.0,65.5,7.0,8.6,1,4,2,7,1,0.05,0.59,0.64,0.81,81,-21640,747451,76485,98125,414,MID,Phil Foden,Man City
725,74,10,0,False,2025-10-18T16:30:00Z,0.0,1.0,8,False,0,0,0,0,0,0,0,0,0,0,0,0,0,0.0,0.0,0.0,0.0,0,0,0,0,0,0.0,0.0,0.0,0.0,54,-297,2768,65,362,725,DEF,Piero Hincapié,Arsenal
556,78,20,0,True,2025-10-18T14:00:00Z,2.0,0.0,8,False,0,0,0,0,0,0,0,0,0,0,0,0,0,0.0,0.0,0.0,0.0,0,0,0,0,0,0.0,0.0,0.0,0.0,45,-61,876,0,61,556,MID,Pierre Ekwah Elimby,Sunderland
192,72,11,6,True,2025-10-18T14:00:00Z,2.0,0.0,8,False,90,0,0,1,0,0,0,0,0,0,0,0,26,16.4,0.9,0.0,1.7,4,2,4,8,1,0.0,0.01,0.01,2.63,40,11653,76223,16165,4512,192,DEF,Quilindschy Hartman,Burnley
572,79,2,0,True,2025-10-19T13:00:00Z,1.0,2.0,8,False,0,0,0,0,0,0,0,0,0,0,0,0,0,0.0,0.0,0.0,0.0,0,0,0,0,0,0.0,0.0,0.0,0.0,45,-15,621,41,56,572,DEF,Radu Drăgușin,Spurs
726,79,2,1,True,2025-10-19T13:00:00Z,1.0,2.0,8,False,11,0,0,0,0,0,0,0,0,0,0,0,0,0.0,0.0,4.0,0.1,0,0,0,0,0,0.13,0.0,0.13,0.12,69,-2023,18107,1341,3364,726,FWD,Randal Kolo Muani,Spurs
465,75,12,0,False,2025-10-19T15:30:00Z,1.0,2.0,8,False,0,0,0,0,0,0,0,0,0,0,0,0,0,0.0,0.0,0.0,0.0,0,0,0,0,0,0.0,0.0,0.0,0.0,63,-1256,36236,0,1256,465,FWD,Rasmus Højlund,Man Utd
402,76,9,0,True,2025-10-18T14:00:00Z,2.0,0.0,8,False,0,0,0,0,0,0,0,0,0,0,0,0,0,0.0,0.0,0.0,0.0,0,0,0,0,0,0.0,0.0,0.0,0.0,58,-75420,648256,782,76202,402,DEF,Rayan Aït-Nouri,Man City
417,76,9,1,True,2025-10-18T14:00:00Z,2.0,0.0,8,False,5,0,0,0,0,0,0,0,0,0,0,0,8,2.6,15.2,5.0,2.3,0,0,0,0,0,0.14,0.01,0.15,0.0,63,-9129,246420,3906,13035,417,MID,Rayan Cherki,Man City
337,74,1,2,True,2025-10-18T16:30:00Z,0.0,1.0,8,False,90,0,0,0,1,0,0,0,0,0,0,0,9,2.6,1.1,7.0,1.1,0,3,3,6,1,0.05,0.02,0.07,1.87,62,-16780,94883,598,17378,337,FWD,Raúl Jiménez Rodríguez,Fulham
225,77,16,18,False,2025-10-18T11:30:00Z,0.0,3.0,8,False,90,1,1,1,0,0,0,0,0,0,0,3,53,65.4,28.0,26.0,11.9,2,5,1,3,1,0.21,0.03,0.24,2.35,54,-7985,515738,29305,37290,225,DEF,Reece James,Chelsea
298,76,13,0,False,2025-10-18T14:00:00Z,2.0,0.0,8,False,0,0,0,0,0,0,0,0,0,0,0,0,0,0.0,0.0,0.0,0.0,0,0,0,0,0,0.0,0.0,0.0,0.0,39,-522,17853,223,745,298,DEF,Reece Welch,Everton
541,78,20,0,True,2025-10-18T14:00:00Z,2.0,0.0,8,False,0,0,0,0,0,0,0,0,0,0,0,0,0,0.0,0.0,0.0,0.0,0,0,0,0,0,0.0,0.0,0.0,0.0,40,-83340,590646,668,84008,541,DEF,Reinildo Mandava,Sunderland
27,80,19,0,False,2025-10-20T19:00:00Z,0.0,2.0,8,False,0,0,0,0,0,0,0,0,0,0,0,0,0,0.0,0.0,0.0,0.0,0,0,0,0,0,0.0,0.0,0.0,0.0,49,-289,13261,481,770,27,MID,Reiss Nelson,Brentford
255,73,4,0,True,2025-10-18T14:00:00Z,3.0,3.0,8,False,0,0,0,0,0,0,0,0,0,0,0,0,0,0.0,0.0,0.0,0.0,0,0,0,0,0,0.0,0.0,0.0,0.0,40,-336,12846,155,491,255,GKP,Remi Matthews,Crystal Palace
687,73,8,0,False,2025-10-18T14:00:00Z,3.0,3.0,8,False,0,0,0,0,0,0,0,0,0,0,0,0,0,0.0,0.0,0.0,0.0,0,0,0,0,0,0.0,0.0,0.0,0.0,44,1127,17085,2329,1202,687,MID,Remy Rees-Dottin,Bournemouth
379,75,14,0,True,2025-10-19T15:30:00Z,1.0,2.0,8,False,0,0,0,0,0,0,0,0,0,0,0,0,0,0.0,0.0,0.0,0.0,0,0,0,0,0,0.0,0.0,0.0,0.0,39,-681,23197,439,1120,379,DEF,Rhys Williams,Liverpool
7,74,10,6,False,2025-10-18T16:30:00Z,0.0,1.0,8,False,90,0,0,1,0,0,0,0,0,0,0,0,26,12.6,8.0,9.0,3.0,4,6,1,5,1,0.04,0.02,0.06,0.44,57,7959,1803961,86772,78813,7,DEF,Riccardo Calafiori,Arsenal
597,79,2,1,True,2025-10-19T13:00:00Z,1.0,2.0,8,False,30,0,0,0,1,0,0,0,0,0,0,0,4,4.2,10.6,4.0,1.9,1,1,0,2,0,0.0,0.11,0.11,0.19,67,-396579,1656922,57341,453920,597,FWD,Richarlison de Andrade,Spurs
109,80,19,0,False,2025-10-20T19:00:00Z,0.0,2.0,8,False,0,0,0,0,0,0,0,0,0,0,0,0,0,0.0,0.0,0.0,0.0,0,0,0,0,0,0.0,0.0,0.0,0.0,44,-521,14365,285,806,109,DEF,Rico Henry,Brentford
410,76,9,1,True,2025-10-18T14:00:00Z,2.0,0.0,8,False,5,0,0,0,0,0,0,0,0,0,0,0,3,0.4,3.7,0.0,0.4,0,0,0,0,0,0.0,0.24,0.24,0.0,50,-25839,241007,1750,27589,410,DEF,Rico Lewis,Man City
690,73,4,0,True,2025-10-18T14:00:00Z,3.0,3.0,8,False,0,0,0,0,0,0,0,0,0,0,0,0,0,0.0,0.0,0.0,0.0,0,0,0,0,0,0.0,0.0,0.0,0.0,44,9861,61247,16321,6460,690,MID,Rio Cardines,Crystal Palace
686,75,14,0,True,2025-10-19T15:30:00Z,1.0,2.0,8,False,0,0,0,0,0,0,0,0,0,0,0,0,0,0.0,0.0,0.0,0.0,0,0,0,0,0,0.0,0.0,0.0,0.0,45,-4427,73423,5956,10383,686,MID,Rio Ngumoha,Liverpool
220,77,16,5,False,2025-10-18T11:30:00Z,0.0,3.0,8,False,90,0,0,1,0,0,0,0,1,0,2,0,24,22.4,0.0,0.0,2.2,1,10,0,0,1,0.0,0.01,0.01,2.35,49,-97566,1746883,36947,134513,220,GKP,Robert Lynch Sánchez,Chelsea
670,78,20,7,True,2025-10-18T14:00:00Z,2.0,0.0,8,False,90,0,0,1,0,0,0,0,0,0,3,0,28,23.4,0.0,0.0,2.3,0,6,0,0,1,0.0,0.0,0.0,0.83,46,102865,643052,130452,27587,670,GKP,Robin Roefs,Sunderland
264,73,4,0,True,2025-10-18T14:00:00Z,3.0,3.0,8,False,0,0,0,0,0,0,0,0,0,0,0,0,0,0.0,0.0,0.0,0.0,0,0,0,0,0,0.0,0.0,0.0,0.0,40,-160,2646,0,160,264,DEF,Rob Holding,Crystal Palace
421,76,9,0,True,2025-10-18T14:00:00Z,2.0,0.0,8,False,0,0,0,0,0,0,0,0,0,0,0,0,0,0.0,0.0,0.0,0.0,0,0,0,0,0,0.0,0.0,0.0,0.0,64,-10464,65785,1359,11823,421,MID,Rodrigo 'Rodri' Hernandez Cascante,Man City
585,79,2,12,True,2025-10-19T13:00:00Z,1.0,2.0,8,False,85,1,0,0,2,0,0,0,0,0,0,3,36,55.2,12.6,19.0,8.7,6,3,3,12,1,0.12,0.01,0.13,0.19,53,12,17306,1182,1170,585,MID,Rodrigo Bentancur,Spurs
635,78,17,2,False,2025-10-18T14:00:00Z,2.0,0.0,8,False,76,0,0,0,1,0,0,0,0,0,0,0,1,1.4,4.1,10.0,1.6,2,3,0,2,1,0.06,0.05,0.11,0.65,45,-602,11497,385,987,635,DEF,Rodrigo Martins Gomes,Wolves
338,74,1,0,True,2025-10-18T16:30:00Z,0.0,1.0,8,False,0,0,0,0,0,0,0,0,0,0,0,0,0,0.0,0.0,0.0,0.0,0,0,0,0,0,0.0,0.0,0.0,0.0,54,-64973,164128,373,65346,338,FWD,Rodrigo Muniz Carvalho,Fulham
548,78,20,0,True,2025-10-18T14:00:00Z,2.0,0.0,8,False,0,0,0,0,0,0,0,0,0,0,0,0,0,0.0,0.0,0.0,0.0,0,0,0,0,0,0.0,0.0,0.0,0.0,49,-20,528,10,30,548,MID,Romaine Mundle,Sunderland
269,73,4,0,True,2025-10-18T14:00:00Z,3.0,3.0,8,False,0,0,0,0,0,0,0,0,0,0,0,0,0,0.0,0.0,0.0,0.0,0,0,0,0,0,0.0,0.0,0.0,0.0,48,-809,18333,565,1374,269,MID,Romain Esse,Crystal Palace
92,73,8,0,False,2025-10-18T14:00:00Z,3.0,3.0,8,False,0,0,0,0,0,0,0,0,0,0,0,0,0,0.0,0.0,0.0,0.0,0,0,0,0,0,0.0,0.0,0.0,0.0,45,-924,10611,0,924,92,MID,Romain Faivre,Bournemouth
297,76,13,0,False,2025-10-18T14:00:00Z,2.0,0.0,8,False,0,0,0,0,0,0,0,0,0,0,0,0,0,0.0,0.0,0.0,0.0,0,0,0,0,0,0.0,0.0,0.0,0.0,39,-613,23061,411,1024,297,DEF,Roman Dixon,Everton
130,80,19,0,False,2025-10-20T19:00:00Z,0.0,2.0,8,False,0,0,0,0,0,0,0,0,0,0,0,0,0,0.0,0.0,0.0,0.0,0,0,0,0,0,0.0,0.0,0.0,0.0,45,48,13075,1121,1073,130,MID,Romelle Donovan,Brentford
244,77,16,1,False,2025-10-18T11:30:00Z,0.0,3.0,8,False,45,0,0,0,0,0,0,0,0,0,0,0,10,0.0,3.8,0.0,0.3,1,1,1,3,1,0.0,0.01,0.01,0.53,49,714,2829,946,232,244,MID,Roméo Lavia,Chelsea
55,79,18,1,False,2025-10-19T13:00:00Z,1.0,2.0,8,False,8,0,0,0,0,0,0,0,0,0,0,0,4,2.4,1.3,0.0,0.4,0,0,1,1,0,0.0,0.0,0.0,0.2,48,239,4484,432,193,55,MID,Ross Barkley,Aston Villa
87,73,8,5,False,2025-10-18T14:00:00Z,3.0,3.0,8,False,23,1,0,0,2,0,0,0,1,0,0,0,19,38.2,0.1,35.0,7.3,3,2,0,5,0,0.63,0.0,0.63,2.68,50,-345,8483,497,842,87,MID,Ryan Christie,Bournemouth
390,75,14,2,True,2025-10-19T15:30:00Z,1.0,2.0,8,False,61,0,0,0,1,0,0,0,0,0,0,0,12,8.6,5.8,0.0,1.4,1,0,3,4,1,0.0,0.02,0.02,0.7,57,93068,793582,165068,72000,390,MID,Ryan Gravenberch,Liverpool
742,76,9,0,True,2025-10-18T14:00:00Z,2.0,0.0,8,False,0,0,0,0,0,0,0,0,0,0,0,0,0,0.0,0.0,0.0,0.0,0,0,0,0,0,0.0,0.0,0.0,0.0,45,141,651,214,73,742,MID,Ryan McAidoo,Man City
328,74,1,2,True,2025-10-18T16:30:00Z,0.0,1.0,8,False,90,0,0,0,1,0,0,0,0,0,0,0,4,1.4,0.7,3.0,0.5,2,4,1,7,1,0.0,0.0,0.0,1.87,54,4000,9863,5105,1105,328,MID,Ryan Sessegnon,Fulham
134,80,19,0,False,2025-10-20T19:00:00Z,0.0,2.0,8,False,0,0,0,0,0,0,0,0,0,0,0,0,0,0.0,0.0,0.0,0.0,0,0,0,0,0,0.0,0.0,0.0,0.0,45,-37,615,0,37,134,MID,Ryan Trevitt,Brentford
522,77,7,0,True,2025-10-18T11:30:00Z,0.0,3.0,8,False,0,0,0,0,0,0,0,0,0,0,0,0,0,0.0,0.0,0.0,0.0,0,0,0,0,0,0.0,0.0,0.0,0.0,48,-435,9972,405,840,522,MID,Ryan Yates,Nott'm Forest
408,76,9,6,True,2025-10-18T14:00:00Z,2.0,0.0,8,False,90,0,0,1,0,0,0,0,0,0,0,0,30,28.0,3.0,0.0,3.1,7,6,1,8,1,0.0,0.02,0.02,0.81,55,13257,538324,32670,19413,408,DEF,Rúben dos Santos Gato Alves Dias,Man City
323,74,1,0,True,2025-10-18T16:30:00Z,0.0,1.0,8,False,0,0,0,0,0,0,0,0,0,0,0,0,0,0.0,0.0,0.0,0.0,0,0,0,0,0,0.0,0.0,0.0,0.0,39,-402,17636,334,736,323,DEF,Samuel Amissah,Fulham
727,74,1,0,True,2025-10-18T16:30:00Z,0.0,1.0,8,False,0,0,0,0,0,0,0,0,0,0,0,0,0,0.0,0.0,0.0,0.0,0,0,0,0,0,0.0,0.0,0.0,0.0,54,-84,2917,452,536,727,MID,Samuel Chukwueze,Fulham
51,79,18,0,False,2025-10-19T13:00:00Z,1.0,2.0,8,False,0,0,0,0,0,0,0,0,0,0,0,0,0,0.0,0.0,0.0,0.0,0,0,0,0,0,0.0,0.0,0.0,0.0,55,-246,2885,0,246,51,MID,Samuel Iling-Junior,Aston Villa
346,72,3,0,False,2025-10-18T14:00:00Z,2.0,0.0,8,False,0,0,0,0,0,0,0,0,0,0,0,0,0,0.0,0.0,0.0,0.0,0,0,0,0,0,0.0,0.0,0.0,0.0,39,-1355,31799,941,2296,346,DEF,Sam Byram,Leeds
355,72,3,0,False,2025-10-18T14:00:00Z,2.0,0.0,8,False,0,0,0,0,0,0,0,0,0,0,0,0,0,0.0,0.0,0.0,0.0,0,0,0,0,0,0.0,0.0,0.0,0.0,49,-332,5000,0,332,355,MID,Sam Greenwood,Leeds
627,78,17,1,False,2025-10-18T14:00:00Z,2.0,0.0,8,False,90,0,0,0,2,0,0,0,0,0,1,0,3,12.8,0.1,0.0,1.3,1,7,0,0,1,0.0,0.01,0.01,0.65,45,1132,18150,2100,968,627,GKP,Sam Johnstone,Wolves
703,79,18,0,False,2025-10-19T13:00:00Z,1.0,2.0,8,False,0,0,0,0,0,0,0,0,0,0,0,0,0,0.0,0.0,0.0,0.0,0,0,0,0,0,0.0,0.0,0.0,0.0,40,-684,30663,368,1052,703,GKP,Sam Proctor,Aston Villa
330,74,1,2,True,2025-10-18T16:30:00Z,0.0,1.0,8,False,90,0,0,0,1,0,0,0,0,0,0,0,13,8.8,11.2,0.0,2.0,1,3,1,5,1,0.0,0.02,0.02,1.87,49,-188,7991,398,586,330,MID,Sander Berge,Fulham
491,71,6,2,False,2025-10-18T14:00:00Z,2.0,1.0,8,False,69,0,0,0,1,0,0,0,0,0,0,0,16,11.0,27.5,2.0,4.1,2,2,1,5,1,0.03,0.28,0.31,0.78,54,8373,177118,22010,13637,491,MID,Sandro Tonali,Newcastle
636,78,17,1,False,2025-10-18T14:00:00Z,2.0,0.0,8,False,90,0,0,0,2,0,0,0,0,0,0,0,9,21.4,12.3,8.0,4.2,4,0,4,8,1,0.0,0.36,0.36,0.65,44,1168,10601,2168,1000,636,DEF,Santiago Ignacio Bueno,Wolves
656,78,17,0,False,2025-10-18T14:00:00Z,2.0,0.0,8,False,0,0,0,0,0,0,0,0,0,0,0,0,0,0.0,0.0,0.0,0.0,0,0,0,0,0,0.0,0.0,0.0,0.0,49,-453,7303,0,453,656,FWD,Saša Kalajdžić,Wolves
332,74,1,0,True,2025-10-18T16:30:00Z,0.0,1.0,8,False,0,0,0,0,0,0,0,0,0,0,0,0,0,0.0,0.0,0.0,0.0,0,0,0,0,0,0.0,0.0,0.0,0.0,50,-1885,8399,91,1976,332,MID,Saša Lukić,Fulham
493,72,3,2,False,2025-10-18T14:00:00Z,2.0,0.0,8,False,90,0,0,0,2,0,0,0,0,0,0,0,21,19.0,67.8,2.0,8.9,2,2,0,4,1,0.0,0.15,0.15,0.45,49,36897,102623,46847,9950,493,MID,Sean Longstaff,Leeds
501,71,6,0,False,2025-10-18T14:00:00Z,2.0,1.0,8,False,0,0,0,0,0,0,0,0,0,0,0,0,0,0.0,0.0,0.0,0.0,0,0,0,0,0,0.0,0.0,0.0,0.0,44,-651,28708,1171,1822,501,FWD,Sean Neave,Newcastle
345,72,3,0,False,2025-10-18T14:00:00Z,2.0,0.0,8,False,0,0,0,0,0,0,0,0,0,0,0,0,0,0.0,0.0,0.0,0.0,0,0,0,0,0,0.0,0.0,0.0,0.0,39,-544,9352,252,796,345,DEF,Sebastiaan Bornauw,Leeds
733,75,12,3,False,2025-10-19T15:30:00Z,1.0,2.0,8,False,90,0,0,0,1,0,0,0,0,0,5,0,19,37.8,0.0,0.0,3.8,1,11,0,0,1,0.0,0.0,0.0,2.75,50,26471,51383,28731,2260,733,GKP,Senne Lammens,Man Utd
113,80,19,6,False,2025-10-20T19:00:00Z,0.0,2.0,8,False,90,0,0,1,0,0,0,0,0,0,0,0,26,18.8,0.8,4.0,2.4,9,2,0,9,1,0.09,0.0,0.09,0.33,45,-2057,75075,2556,4613,113,DEF,Sepp van den Berg,Brentford
689,71,6,0,False,2025-10-18T14:00:00Z,2.0,1.0,8,False,0,0,0,0,0,0,0,0,0,0,0,0,0,0.0,0.0,0.0,0.0,0,0,0,0,0,0.0,0.0,0.0,0.0,44,2032,34889,5378,3346,689,MID,Seung-Soo Park,Newcastle
196,72,11,0,True,2025-10-18T14:00:00Z,2.0,0.0,8,False,0,0,0,0,0,0,0,0,0,0,0,0,0,0.0,0.0,0.0,0.0,0,0,0,0,0,0.0,0.0,0.0,0.0,40,-315,6407,0,315,196,DEF,Shurandy Sambo,Burnley
543,78,20,0,True,2025-10-18T14:00:00Z,2.0,0.0,8,False,0,0,0,0,0,0,0,0,0,0,0,0,0,0.0,0.0,0.0,0.0,0,0,0,0,0,0.0,0.0,0.0,0.0,52,-9120,80339,2544,11664,543,MID,Simon Adingra,Sunderland
529,78,20,0,True,2025-10-18T14:00:00Z,2.0,0.0,8,False,0,0,0,0,0,0,0,0,0,0,0,0,0,0.0,0.0,0.0,0.0,0,0,0,0,0,0.0,0.0,0.0,0.0,40,-1323,48848,483,1806,529,GKP,Simon Moore,Sunderland
159,71,15,0,True,2025-10-18T14:00:00Z,2.0,1.0,8,False,0,0,0,0,0,0,0,0,0,0,0,0,0,0.0,0.0,0.0,0.0,0,0,0,0,0,0.0,0.0,0.0,0.0,58,-13,897,51,64,159,MID,Solly March,Brighton
579,79,2,0,True,2025-10-19T13:00:00Z,1.0,2.0,8,False,0,0,0,0,0,0,0,0,0,0,0,0,0,0.0,0.0,0.0,0.0,0,0,0,0,0,0.0,0.0,0.0,0.0,85,-295,16350,0,295,579,MID,Son Heung-min,Spurs
718,80,5,0,True,2025-10-20T19:00:00Z,0.0,2.0,8,False,0,0,0,0,0,0,0,0,0,0,0,0,0,0.0,0.0,0.0,0.0,0,0,0,0,0,0.0,0.0,0.0,0.0,50,-15,1068,68,83,718,MID,Soungoutou Magassa,West Ham
180,71,15,1,True,2025-10-18T14:00:00Z,2.0,1.0,8,False,19,0,0,0,1,0,0,0,0,0,0,0,2,2.0,0.0,0.0,0.2,1,2,0,3,0,0.0,0.0,0.0,0.75,53,1083,13608,2124,1041,180,FWD,Stefanos Tzimas,Brighton
393,75,14,0,True,2025-10-19T15:30:00Z,1.0,2.0,8,False,0,0,0,0,0,0,0,0,0,0,0,0,0,0.0,0.0,0.0,0.0,0,0,0,0,0,0.0,0.0,0.0,0.0,44,-455,5042,48,503,393,MID,Stefan Bajčetić Maquieira,Liverpool
400,76,9,0,True,2025-10-18T14:00:00Z,2.0,0.0,8,False,0,0,0,0,0,0,0,0,0,0,0,0,0,0.0,0.0,0.0,0.0,0,0,0,0,0,0.0,0.0,0.0,0.0,48,-747,21831,129,876,400,GKP,Stefan Ortega Moreno,Nott'm Forest
740,76,9,0,True,2025-10-18T14:00:00Z,2.0,0.0,8,False,0,0,0,0,0,0,0,0,0,0,0,0,0,0.0,0.0,0.0,0.0,0,0,0,0,0,0.0,0.0,0.0,0.0,40,23,2832,269,246,740,DEF,Stephen Mfuni,Man City
315,74,1,0,True,2025-10-18T16:30:00Z,0.0,1.0,8,False,0,0,0,0,0,0,0,0,0,0,0,0,0,0.0,0.0,0.0,0.0,0,0,0,0,0,0.0,0.0,0.0,0.0,40,-21,617,0,21,315,GKP,Steven Benda,Fulham
475,71,6,1,False,2025-10-18T14:00:00Z,2.0,1.0,8,False,90,0,0,0,2,0,0,0,0,0,0,0,4,15.6,1.3,12.0,2.9,5,3,1,6,1,0.05,0.01,0.06,0.91,49,11323,78183,15695,4372,475,DEF,Sven Botman,Newcastle
428,76,9,0,True,2025-10-18T14:00:00Z,2.0,0.0,8,False,0,0,0,0,0,0,0,0,0,0,0,0,0,0.0,0.0,0.0,0.0,0,0,0,0,0,0.0,0.0,0.0,0.0,50,-42,1617,0,42,428,MID,Sverre Nypan,Man City
415,76,9,6,True,2025-10-18T14:00:00Z,2.0,0.0,8,False,84,0,1,1,0,0,0,0,0,0,0,0,25,34.8,32.8,46.0,11.4,2,2,1,5,1,0.13,0.33,0.46,0.81,69,748,54298,3365,2617,415,MID,Sávio Moreira de Oliveira,Man City
294,76,13,0,False,2025-10-18T14:00:00Z,2.0,0.0,8,False,0,0,0,0,0,0,0,0,0,0,0,0,0,0.0,0.0,0.0,0.0,0,0,0,0,0,0.0,0.0,0.0,0.0,44,-559,15272,294,853,294,DEF,Séamus Coleman,Everton
463,75,12,0,False,2025-10-19T15:30:00Z,1.0,2.0,8,False,0,0,0,0,0,0,0,0,0,0,0,0,0,0.0,0.0,0.0,0.0,0,0,0,0,0,0.0,0.0,0.0,0.0,44,-328,10338,430,758,463,MID,Sékou Koné,Man Utd
527,77,7,1,True,2025-10-18T11:30:00Z,0.0,3.0,8,False,45,0,0,0,0,0,0,0,0,0,0,0,5,0.0,10.7,1.0,1.1,0,3,1,4,1,0.08,0.02,0.1,0.37,52,-2310,46607,2074,4384,527,FWD,Taiwo Awoniyi,Nott'm Forest
577,79,2,0,True,2025-10-19T13:00:00Z,1.0,2.0,8,False,0,0,0,0,0,0,0,0,0,0,0,0,0,0.0,0.0,0.0,0.0,0,0,0,0,0,0.0,0.0,0.0,0.0,40,-299,7135,45,344,577,DEF,Takai Kōta,Spurs
358,72,3,1,False,2025-10-18T14:00:00Z,2.0,0.0,8,False,9,0,0,0,0,0,0,0,0,0,0,0,5,6.0,14.4,0.0,2.0,0,1,0,1,0,0.0,0.04,0.04,0.0,48,-785,14578,464,1249,358,MID,Tanaka Ao,Leeds
150,71,15,0,True,2025-10-18T14:00:00Z,2.0,1.0,8,False,0,0,0,0,0,0,0,0,0,0,0,0,0,0.0,0.0,0.0,0.0,0,0,0,0,0,0.0,0.0,0.0,0.0,44,-1488,14657,0,1488,150,DEF,Tariq Lamptey,Brighton
650,78,17,0,False,2025-10-18T14:00:00Z,2.0,0.0,8,False,0,0,0,0,0,0,0,0,0,0,0,0,0,0.0,0.0,0.0,0.0,0,0,0,0,0,0.0,0.0,0.0,0.0,44,-1576,35337,1001,2577,650,MID,Tawanda Chirewa,Wolves
310,76,13,1,False,2025-10-18T14:00:00Z,2.0,0.0,8,False,15,0,0,0,0,0,0,0,0,0,0,0,3,2.0,0.5,0.0,0.3,1,0,0,1,0,0.0,0.0,0.0,1.05,57,-2779,41925,1732,4511,310,FWD,Thierno Barry,Everton
427,76,9,1,True,2025-10-18T14:00:00Z,2.0,0.0,8,False,58,0,0,0,0,0,0,0,0,0,0,0,17,7.8,26.7,17.0,5.2,1,1,1,3,1,0.3,0.08,0.38,0.66,58,-135754,3952462,133691,269445,427,MID,Tijjani Reijnders,Man City
319,74,1,2,True,2025-10-18T16:30:00Z,0.0,1.0,8,False,90,0,0,0,1,0,0,0,0,0,0,0,10,17.2,0.7,0.0,1.8,5,0,4,9,1,0.0,0.0,0.0,1.87,44,-487,12895,409,896,319,DEF,Timothy Castagne,Fulham
540,78,20,0,True,2025-10-18T14:00:00Z,2.0,0.0,8,False,0,0,0,0,0,0,0,0,0,0,0,0,0,0.0,0.0,0.0,0.0,0,0,0,0,0,0.0,0.0,0.0,0.0,39,313,56455,4329,4016,540,DEF,Timothée Pembélé,Sunderland
304,76,13,1,False,2025-10-18T14:00:00Z,2.0,0.0,8,False,20,0,0,0,0,0,0,0,0,0,0,0,6,11.4,3.4,0.0,1.5,1,1,3,5,0,0.0,0.01,0.01,1.09,49,-37,3848,137,174,304,MID,Tim Iroegbunam,Everton
477,71,6,0,False,2025-10-18T14:00:00Z,2.0,1.0,8,False,0,0,0,0,0,0,0,0,0,0,0,0,0,0.0,0.0,0.0,0.0,0,0,0,0,0,0.0,0.0,0.0,0.0,50,-298381,572334,890,299271,477,DEF,Tino Livramento,Newcastle
460,75,12,0,False,2025-10-19T15:30:00Z,1.0,2.0,8,False,0,0,0,0,0,0,0,0,0,0,0,0,0,0.0,0.0,0.0,0.0,0,0,0,0,0,0.0,0.0,0.0,0.0,45,-328,4368,0,328,460,MID,Toby Collyer,Man Utd
720,78,17,1,False,2025-10-18T14:00:00Z,2.0,0.0,8,False,14,0,0,0,1,0,0,0,0,0,0,0,-1,0.0,1.2,14.0,1.3,1,0,0,1,0,0.12,0.0,0.12,0.0,55,-443,8324,1391,1834,720,FWD,Tolu Arokodare,Wolves
4,74,10,0,False,2025-10-18T16:30:00Z,0.0,1.0,8,False,0,0,0,0,0,0,0,0,0,0,0,0,0,0.0,0.0,0.0,0.0,0,0,0,0,0,0.0,0.0,0.0,0.0,40,-883,26701,915,1798,4,GKP,Tommy Setford,Arsenal
331,74,1,2,True,2025-10-18T16:30:00Z,0.0,1.0,8,False,63,0,0,0,1,0,0,0,0,0,0,0,8,1.6,0.3,4.0,0.6,1,3,1,5,1,0.09,0.0,0.09,1.14,49,-93,3665,111,204,331,MID,Tom Cairney,Fulham
651,78,17,0,False,2025-10-18T14:00:00Z,2.0,0.0,8,False,0,0,0,0,0,0,0,0,0,0,0,0,0,0.0,0.0,0.0,0.0,0,0,0,0,0,0.0,0.0,0.0,0.0,44,-2183,47371,1320,3503,651,MID,Tom Edozie,Wolves
434,75,12,0,False,2025-10-19T15:30:00Z,1.0,2.0,8,False,0,0,0,0,0,0,0,0,0,0,0,0,0,0.0,0.0,0.0,0.0,0,0,0,0,0,0.0,0.0,0.0,0.0,40,-999,32449,277,1276,434,GKP,Tom Heaton,Man Utd
630,76,13,0,False,2025-10-18T14:00:00Z,2.0,0.0,8,False,0,0,0,0,0,0,0,0,0,0,0,0,0,0.0,0.0,0.0,0.0,0,0,0,0,0,0.0,0.0,0.0,0.0,40,-3841,142980,473,4314,630,GKP,Tom King,Everton
140,71,15,0,True,2025-10-18T14:00:00Z,2.0,1.0,8,False,0,0,0,0,0,0,0,0,0,0,0,0,0,0.0,0.0,0.0,0.0,0,0,0,0,0,0.0,0.0,0.0,0.0,40,-866,42330,666,1532,140,GKP,Tom McGill,Brighton
172,71,15,0,True,2025-10-18T14:00:00Z,2.0,1.0,8,False,0,0,0,0,0,0,0,0,0,0,0,0,0,0.0,0.0,0.0,0.0,0,0,0,0,0,0.0,0.0,0.0,0.0,49,-84,3504,108,192,172,MID,Tom Watson,Brighton
613,80,5,2,True,2025-10-20T19:00:00Z,0.0,2.0,8,False,70,0,0,0,1,0,0,0,0,0,0,0,11,15.2,10.9,5.0,3.1,7,2,1,10,1,0.11,0.01,0.12,1.93,57,-1081,26567,486,1567,613,MID,Tomáš Souček,West Ham
232,77,16,1,False,2025-10-18T11:30:00Z,0.0,3.0,8,False,9,0,0,0,0,0,0,0,0,0,0,0,3,0.2,0.0,0.0,0.0,0,0,0,0,0,0.0,0.0,0.0,0.28,44,-8924,62178,2537,11461,232,DEF,Tosin Adarabioyo,Chelsea
637,78,17,0,False,2025-10-18T14:00:00Z,2.0,0.0,8,False,0,0,0,0,0,0,0,0,0,0,0,0,0,0.0,0.0,0.0,0.0,0,0,0,0,0,0.0,0.0,0.0,0.0,43,-1327,13321,156,1483,637,DEF,Toti Gomes,Wolves
532,78,20,11,True,2025-10-18T14:00:00Z,2.0,0.0,8,False,90,0,1,1,0,0,0,0,0,0,0,2,33,26.0,20.5,9.0,5.6,4,1,0,4,1,0.24,0.12,0.36,0.83,45,1111,38176,4550,3439,532,DEF,Trai Hume,Sunderland
710,79,18,0,False,2025-10-19T13:00:00Z,1.0,2.0,8,False,0,0,0,0,0,0,0,0,0,0,0,0,0,0.0,0.0,0.0,0.0,0,0,0,0,0,0.0,0.0,0.0,0.0,40,-319,10014,228,547,710,DEF,Travis Patterson,Aston Villa
226,77,16,6,False,2025-10-18T11:30:00Z,0.0,3.0,8,False,90,0,0,1,0,0,0,0,0,0,0,0,31,15.0,10.5,0.0,2.6,5,5,1,6,1,0.0,0.0,0.0,2.35,51,-352,924707,73329,73681,226,DEF,Trevoh Chalobah,Chelsea
396,75,14,0,True,2025-10-19T15:30:00Z,1.0,2.0,8,False,0,0,0,0,0,0,0,0,0,0,0,0,0,0.0,0.0,0.0,0.0,0,0,0,0,0,0.0,0.0,0.0,0.0,43,4358,30479,6758,2400,396,MID,Trey Nyoni,Liverpool
701,79,18,0,False,2025-10-19T13:00:00Z,1.0,2.0,8,False,0,0,0,0,0,0,0,0,0,0,0,0,0,0.0,0.0,0.0,0.0,0,0,0,0,0,0.0,0.0,0.0,0.0,40,-950,11820,0,950,701,DEF,Triston Rowe,Aston Villa
85,73,8,3,False,2025-10-18T14:00:00Z,3.0,3.0,8,False,90,0,0,0,3,0,0,0,1,0,0,0,13,18.8,3.4,1.0,2.3,6,6,5,17,1,0.01,0.01,0.02,4.44,50,-1811,47367,2949,4760,85,MID,Tyler Adams,Bournemouth
707,76,13,0,False,2025-10-18T14:00:00Z,2.0,0.0,8,False,4,0,0,0,0,0,0,0,1,0,0,0,-1,0.0,0.0,0.0,0.0,0,1,0,1,0,0.0,0.0,0.0,0.86,55,-122,2888,297,419,707,MID,Tyler Dibling,Everton
446,75,12,0,False,2025-10-19T15:30:00Z,1.0,2.0,8,False,0,0,0,0,0,0,0,0,0,0,0,0,0,0.0,0.0,0.0,0.0,0,0,0,0,0,0.0,0.0,0.0,0.0,39,-566,15603,210,776,446,DEF,Tyler Fredricson,Man Utd
395,75,14,0,True,2025-10-19T15:30:00Z,1.0,2.0,8,False,0,0,0,0,0,0,0,0,0,0,0,0,0,0.0,0.0,0.0,0.0,0,0,0,0,0,0.0,0.0,0.0,0.0,45,-14,304,0,14,395,MID,Tyler Morton,Liverpool
704,76,13,0,False,2025-10-18T14:00:00Z,2.0,0.0,8,False,0,0,0,0,0,0,0,0,0,0,0,0,0,0.0,0.0,0.0,0.0,0,0,0,0,0,0.0,0.0,0.0,0.0,45,-543,8153,0,543,704,MID,Tyler Onyango,Everton
448,75,12,0,False,2025-10-19T15:30:00Z,1.0,2.0,8,False,0,0,0,0,0,0,0,0,0,0,0,0,0,0.0,0.0,0.0,0.0,0,0,0,0,0,0.0,0.0,0.0,0.0,39,-1363,43817,1218,2581,448,DEF,Tyrell Malacia,Man Utd
258,73,4,1,True,2025-10-18T14:00:00Z,3.0,3.0,8,False,90,0,0,0,3,0,0,0,0,0,0,0,2,16.6,2.4,9.0,2.8,5,8,2,7,1,0.06,0.02,0.08,2.03,50,5463,304688,23286,17823,258,DEF,Tyrick Mitchell,Crystal Palace
243,77,16,0,False,2025-10-18T11:30:00Z,0.0,3.0,8,False,0,0,0,0,0,0,0,0,0,0,0,0,0,0.0,0.0,0.0,0.0,0,0,0,0,0,0.0,0.0,0.0,0.0,49,-241,7138,373,614,243,MID,Tyrique George,Everton
40,79,18,0,False,2025-10-19T13:00:00Z,1.0,2.0,8,False,0,0,0,0,0,0,0,0,0,0,0,0,0,0.0,0.0,0.0,0.0,0,0,0,0,0,0.0,0.0,0.0,0.0,45,-31654,127332,118,31772,40,DEF,Tyrone Mings,Aston Villa
721,73,8,0,False,2025-10-18T14:00:00Z,3.0,3.0,8,False,0,0,0,0,0,0,0,0,0,0,0,0,0,0.0,0.0,0.0,0.0,0,0,0,0,0,0.0,0.0,0.0,0.0,45,-204,3760,230,434,721,DEF,Veljko Milosavljevic,Bournemouth
719,79,18,0,False,2025-10-19T13:00:00Z,1.0,2.0,8,False,0,0,0,0,0,0,0,0,0,0,0,0,0,0.0,0.0,0.0,0.0,0,0,0,0,0,0.0,0.0,0.0,0.0,45,113,4013,446,333,719,DEF,Victor Lindelöf,Aston Villa
666,74,10,2,False,2025-10-18T16:30:00Z,0.0,1.0,8,False,90,0,0,1,0,0,0,0,0,0,0,0,11,3.4,0.9,48.0,5.2,0,2,0,2,1,0.4,0.02,0.42,0.44,91,-309631,3063379,134799,444430,666,FWD,Viktor Gyökeres,Arsenal
373,75,14,3,True,2025-10-19T15:30:00Z,1.0,2.0,8,False,90,0,0,0,2,0,0,0,0,0,0,0,11,36.4,3.0,23.0,6.2,14,2,1,15,1,0.23,0.02,0.25,1.34,61,-204409,3305713,50819,255228,373,DEF,Virgil van Dijk,Liverpool
292,76,13,1,False,2025-10-18T14:00:00Z,2.0,0.0,8,False,90,0,0,0,2,0,0,0,0,0,0,0,-2,8.6,1.4,0.0,1.0,3,3,1,4,1,0.0,0.08,0.08,2.39,49,-1768,43494,1584,3352,292,DEF,Vitalii Mykolenko,Everton
125,80,19,1,False,2025-10-20T19:00:00Z,0.0,2.0,8,False,15,0,0,0,0,0,0,0,0,0,0,0,1,0.4,0.3,0.0,0.1,2,0,0,2,0,0.0,0.0,0.0,0.04,49,1,1573,101,100,125,MID,Vitaly Janelt,Brentford
412,76,9,0,True,2025-10-18T14:00:00Z,2.0,0.0,8,False,0,0,0,0,0,0,0,0,0,0,0,0,0,0.0,0.0,0.0,0.0,0,0,0,0,0,0.0,0.0,0.0,0.0,50,-13,625,0,13,412,DEF,Vitor de Oliveira Nunes dos Reis,Man City
185,72,11,0,True,2025-10-18T14:00:00Z,2.0,0.0,8,False,0,0,0,0,0,0,0,0,0,0,0,0,0,0.0,0.0,0.0,0.0,0,0,0,0,0,0.0,0.0,0.0,0.0,40,-504,20729,415,919,185,GKP,Václav Hladký,Burnley
254,73,4,0,True,2025-10-18T14:00:00Z,3.0,3.0,8,False,0,0,0,0,0,0,0,0,0,0,0,0,0,0.0,0.0,0.0,0.0,0,0,0,0,0,0.0,0.0,0.0,0.0,40,-779,40249,516,1295,254,GKP,Walter Benítez,Crystal Palace
230,77,16,0,False,2025-10-18T11:30:00Z,0.0,3.0,8,False,0,0,0,0,0,0,0,0,0,0,0,0,0,0.0,0.0,0.0,0.0,0,0,0,0,0,0.0,0.0,0.0,0.0,44,-1211,18267,503,1714,230,DEF,Wesley Fofana,Chelsea
601,80,5,0,True,2025-10-20T19:00:00Z,0.0,2.0,8,False,0,0,0,0,0,0,0,0,0,0,0,0,0,0.0,0.0,0.0,0.0,0,0,0,0,0,0.0,0.0,0.0,0.0,40,-2770,42375,0,2770,601,GKP,Wes Foderingham,West Ham
351,72,3,0,False,2025-10-18T14:00:00Z,2.0,0.0,8,False,0,0,0,0,0,0,0,0,0,0,0,0,0,0.0,0.0,0.0,0.0,0,0,0,0,0,0.0,0.0,0.0,0.0,52,-1651,12047,116,1767,351,MID,Wilfried Gnonto,Leeds
500,71,6,1,False,2025-10-18T14:00:00Z,2.0,1.0,8,False,4,0,0,0,0,0,0,0,0,0,0,0,2,0.0,0.0,0.0,0.0,0,0,0,0,0,0.0,0.0,0.0,0.0,55,-2506,41237,3338,5844,500,FWD,William Osula,Newcastle
6,74,10,6,False,2025-10-18T16:30:00Z,0.0,1.0,8,False,90,0,0,1,0,0,0,0,0,0,0,0,26,17.4,2.8,2.0,2.2,4,5,0,4,1,0.0,0.05,0.05,0.44,60,-6407,1537530,47792,54199,6,DEF,William Saliba,Arsenal
514,77,7,0,True,2025-10-18T11:30:00Z,0.0,3.0,8,False,0,0,0,0,0,0,0,0,0,0,0,0,0,0.0,0.0,0.0,0.0,0,0,0,0,0,0.0,0.0,0.0,0.0,39,-462,59203,2875,3337,514,DEF,Willy Boly,Nott'm Forest
68,73,8,0,False,2025-10-18T14:00:00Z,3.0,3.0,8,False,0,0,0,0,0,0,0,0,0,0,0,0,0,0.0,0.0,0.0,0.0,0,0,0,0,0,0.0,0.0,0.0,0.0,40,-2618,127079,2021,4639,68,GKP,Will Dennis,Bournemouth
270,73,4,0,True,2025-10-18T14:00:00Z,3.0,3.0,8,False,0,0,0,0,0,0,0,0,0,0,0,0,0,0.0,0.0,0.0,0.0,0,0,0,0,0,0.0,0.0,0.0,0.0,49,-1275,12738,397,1672,270,MID,Will Hughes,Crystal Palace
598,79,2,0,True,2025-10-19T13:00:00Z,1.0,2.0,8,False,0,0,0,0,0,0,0,0,0,0,0,0,0,0.0,0.0,0.0,0.0,0,0,0,0,0,0.0,0.0,0.0,0.0,45,-150,3301,0,150,598,FWD,Will Lankshear,Spurs
560,78,20,2,True,2025-10-18T14:00:00Z,2.0,0.0,8,False,75,0,0,1,0,0,0,0,0,0,0,0,5,0.0,1.2,6.0,0.6,0,1,1,2,1,0.04,0.0,0.04,0.34,56,40393,431529,95987,55594,560,FWD,Wilson Isidor,Sunderland
588,79,2,2,True,2025-10-19T13:00:00Z,1.0,2.0,8,False,78,0,0,0,2,0,0,0,0,0,0,0,7,8.0,16.5,41.0,6.6,1,3,0,4,1,0.26,0.16,0.42,0.19,53,-33,4117,297,330,588,MID,Wilson Odobert,Spurs
717,79,2,2,True,2025-10-19T13:00:00Z,1.0,2.0,8,False,78,0,0,0,2,0,0,0,0,0,0,0,10,11.8,14.3,0.0,2.6,3,3,4,10,1,0.0,0.03,0.03,0.19,70,-99259,332917,20988,120247,717,MID,Xavi Simons,Spurs
594,79,2,0,True,2025-10-19T13:00:00Z,1.0,2.0,8,False,0,0,0,0,0,0,0,0,0,0,0,0,0,0.0,0.0,0.0,0.0,0,0,0,0,0,0.0,0.0,0.0,0.0,45,-80,1708,0,80,594,MID,Yang Min-hyeok,Spurs
160,71,15,2,True,2025-10-18T14:00:00Z,2.0,1.0,8,False,89,0,0,0,1,0,0,0,0,0,0,0,12,11.6,19.0,24.0,5.5,1,5,5,11,1,0.11,0.27,0.38,1.37,60,28213,441996,87309,59096,160,MID,Yankuba Minteh,Brighton
166,71,15,2,True,2025-10-18T14:00:00Z,2.0,1.0,8,False,90,0,0,0,1,0,0,0,0,0,0,0,15,13.6,34.3,11.0,5.9,1,2,2,5,1,0.08,0.02,0.1,1.45,49,923,41983,6162,5239,166,MID,Yasin Ayari,Brighton
46,79,18,0,False,2025-10-19T13:00:00Z,1.0,2.0,8,False,0,0,0,0,0,0,0,0,0,0,0,0,0,0.0,0.0,0.0,0.0,0,0,0,0,0,0.0,0.0,0.0,0.0,40,-1615,19383,0,1615,46,DEF,Yasin Özcan,Aston Villa
129,80,19,3,False,2025-10-20T19:00:00Z,0.0,2.0,8,False,90,0,0,1,0,0,0,0,0,0,0,0,18,22.8,39.2,0.0,6.2,3,4,3,10,1,0.0,0.23,0.23,0.33,50,520,10130,1272,752,129,MID,Yehor Yarmoliuk,Brentford
634,78,17,0,False,2025-10-18T14:00:00Z,2.0,0.0,8,False,0,0,0,0,0,0,0,0,0,0,0,0,0,0.0,0.0,0.0,0.0,0,0,0,0,0,0.0,0.0,0.0,0.0,44,-159,6332,137,296,634,DEF,Yerson Mosquera Valdelamar,Wolves
135,71,6,0,False,2025-10-18T14:00:00Z,2.0,1.0,8,False,0,0,0,0,0,0,0,0,0,0,0,0,0,0.0,0.0,0.0,0.0,0,0,0,0,0,0.0,0.0,0.0,0.0,74,-6327,67528,304,6631,135,FWD,Yoane Wissa,Newcastle
48,79,18,0,False,2025-10-19T13:00:00Z,1.0,2.0,8,False,0,0,0,0,0,0,0,0,0,0,0,0,0,0.0,0.0,0.0,0.0,0,0,0,0,0,0.0,0.0,0.0,0.0,59,-11670,81103,101,11771,48,MID,Youri Tielemans,Aston Villa
312,76,13,0,False,2025-10-18T14:00:00Z,2.0,0.0,8,False,0,0,0,0,0,0,0,0,0,0,0,0,0,0.0,0.0,0.0,0.0,0,0,0,0,0,0.0,0.0,0.0,0.0,49,-462,9649,0,462,312,FWD,Youssef Ramalho Chermiti,Everton
131,80,19,0,False,2025-10-20T19:00:00Z,0.0,2.0,8,False,0,0,0,0,0,0,0,0,0,0,0,0,0,0.0,0.0,0.0,0.0,0,0,0,0,0,0.0,0.0,0.0,0.0,44,-623,26209,1660,2283,131,MID,Yunus Emre Konak,Brentford
587,79,2,0,True,2025-10-19T13:00:00Z,1.0,2.0,8,False,0,0,0,0,0,0,0,0,0,0,0,0,0,0.0,0.0,0.0,0.0,0,0,0,0,0,0.0,0.0,0.0,0.0,52,-245,5487,78,323,587,MID,Yves Bissouma,Spurs
712,73,4,1,True,2025-10-18T14:00:00Z,3.0,3.0,8,False,63,0,0,0,2,0,0,0,1,0,0,0,8,1.8,16.0,7.0,2.5,0,2,1,3,1,0.01,0.19,0.2,1.38,59,1084,17242,4227,3143,712,MID,Yéremy Pino Santos,Crystal Palace
513,77,7,0,True,2025-10-18T11:30:00Z,0.0,3.0,8,False,0,0,0,0,0,0,0,0,0,0,0,0,0,0.0,0.0,0.0,0.0,0,0,0,0,0,0.0,0.0,0.0,0.0,39,-301,23716,793,1094,513,DEF,Zach Abbott,Nott'm Forest
286,73,4,0,True,2025-10-18T14:00:00Z,3.0,3.0,8,False,0,0,0,0,0,0,0,0,0,0,0,0,0,0.0,0.0,0.0,0.0,0,0,0,0,0,0.0,0.0,0.0,0.0,45,476,38848,3960,3484,286,FWD,Zach Marsh,Crystal Palace
95,73,8,0,False,2025-10-18T14:00:00Z,3.0,3.0,8,False,0,0,0,0,0,0,0,0,0,0,0,0,0,0.0,0.0,0.0,0.0,0,0,0,0,0,0.0,0.0,0.0,0.0,44,-2031,12572,0,2031,95,MID,Zain Silcott-Duberry,Bournemouth
538,78,20,0,True,2025-10-18T14:00:00Z,2.0,0.0,8,False,0,0,0,0,0,0,0,0,0,0,0,0,0,0.0,0.0,0.0,0.0,0,0,0,0,0,0.0,0.0,0.0,0.0,39,358,32971,2433,2075,538,DEF,Zak Johnson,Sunderland
216,72,11,0,True,2025-10-18T14:00:00Z,2.0,0.0,8,False,0,0,0,0,0,0,0,0,0,0,0,0,0,0.0,0.0,0.0,0.0,0,0,0,0,0,0.0,0.0,0.0,0.0,49,-265,2903,84,349,216,FWD,Zeki Amdouni,Burnley
215,72,11,2,True,2025-10-18T14:00:00Z,2.0,0.0,8,False,76,0,0,1,0,0,0,0,0,0,0,0,5,9.4,0.5,0.0,1.0,5,0,1,6,1,0.0,0.0,0.0,1.4,53,-112,13022,954,1066,215,FWD,Zian Flemming,Burnley
65,79,18,0,False,2025-10-19T13:00:00Z,1.0,2.0,8,False,0,0,0,0,0,0,0,0,0,0,0,0,0,0.0,0.0,0.0,0.0,0,0,0,0,0,0.0,0.0,0.0,0.0,45,-3635,49828,0,3635,65,FWD,Zépiqueno Redmond,Aston Villa
713,73,8,1,False,2025-10-18T14:00:00Z,3.0,3.0,8,False,74,0,0,0,2,0,0,0,0,0,0,0,3,10.0,4.8,2.0,1.7,4,1,0,4,1,0.0,0.05,0.05,2.49,45,33,2312,271,238,713,DEF,Álex Jiménez Sánchez,Bournemouth
43,79,18,0,False,2025-10-19T13:00:00Z,1.0,2.0,8,False,0,0,0,0,0,0,0,0,0,0,0,0,0,0.0,0.0,0.0,0.0,0,0,0,0,0,0.0,0.0,0.0,0.0,40,-36370,342389,0,36370,43,DEF,Álex Moreno Lopera,Aston Villa
368,75,14,0,True,2025-10-19T15:30:00Z,1.0,2.0,8,False,0,0,0,0,0,0,0,0,0,0,0,0,0,0.0,0.0,0.0,0.0,0,0,0,0,0,0.0,0.0,0.0,0.0,39,4423,51682,7243,2820,368,GKP,Ármin Pécsi,Liverpool
67,73,8,2,False,2025-10-18T14:00:00Z,3.0,3.0,8,False,90,0,0,0,3,0,0,0,0,0,4,0,9,31.6,0.0,0.0,3.2,3,13,0,0,1,0.0,0.0,0.0,4.44,45,5768,697715,39024,33256,67,GKP,Đorđe Petrović,Bournemouth
420,76,9,0,True,2025-10-18T14:00:00Z,2.0,0.0,8,False,0,0,0,0,0,0,0,0,0,0,0,0,0,0.0,0.0,0.0,0.0,0,0,0,0,0,0.0,0.0,0.0,0.0,63,-453,8871,0,453,420,MID,İlkay Gündoğan,Man City
