element,fixture,opponent_team,total_points,was_home,kickoff_time,team_h_score,team_a_score,round,modified,minutes,goals_scored,assists,clean_sheets,goals_conceded,own_goals,penalties_saved,penalties_missed,yellow_cards,red_cards,saves,bonus,bps,influence,creativity,threat,ict_index,clearances_blocks_interceptions,recoveries,tackles,defensive_contribution,starts,expected_goals,expected_assists,expected_goal_involvements,expected_goals_conceded,value,transfers_balance,selected,transfers_in,transfers_out,id,position,name,team
116,84,12,0,True,2025-10-25T19:00:00Z,3.0,2.0,9,False,0,0,0,0,0,0,0,0,0,0,0,0,0,0.0,0.0,0.0,0.0,0,0,0,0,0,0.0,0.0,0.0,0.0,40,-3313,41713,190,3503,116,DEF,Aaron Hickey,Brentford
674,89,10,0,True,2025-10-25T14:00:00Z,2.0,1.0,9,False,0,0,0,0,0,0,0,0,0,0,0,0,0,0.0,0.0,0.0,0.0,0,0,0,0,0,0.0,0.0,0.0,0.0,48,-1812,74701,736,2548,674,GKP,Aaron Ramsdale,Newcastle
211,90,20,0,False,2025-10-26T14:00:00Z,2.0,3.0,9,False,0,0,0,0,0,0,0,0,0,0,0,0,0,0.0,0.0,0.0,0.0,0,0,0,0,0,0.0,0.0,0.0,0.0,44,-23809,293970,0,23809,211,MID,Aaron Ramsey,Burnley
610,87,11,1,False,2025-10-24T19:00:00Z,2.0,1.0,9,False,78,0,0,0,2,0,0,0,0,0,0,0,4,12.4,17.7,0.0,3.0,4,1,1,5,1,0.0,0.07,0.07,1.49,43,-34994,760002,4943,39937,610,DEF,Aaron Wan-Bissaka,West Ham
234,85,17,0,True,2025-10-25T14:00:00Z,1.0,2.0,9,False,0,0,0,0,0,0,0,0,0,0,0,0,0,0.0,0.0,0.0,0.0,0,0,0,0,0,0.0,0.0,0.0,0.0,40,-205,7827,0,205,234,DEF,Aarón Anselmino,Chelsea
165,88,14,0,False,2025-10-25T16:30:00Z,4.0,2.0,9,False,0,0,0,0,0,0,0,0,0,0,0,0,0,0.0,0.0,0.0,0.0,0,0,0,0,0,0.0,0.0,0.0,0.0,54,-28,1611,0,28,165,MID,Abdallah Sima,Brighton
554,85,7,0,False,2025-10-25T14:00:00Z,1.0,2.0,9,False,0,0,0,0,0,0,0,0,0,0,0,0,0,0.0,0.0,0.0,0.0,0,0,0,0,0,0.0,0.0,0.0,0.0,44,-925,22725,388,1313,554,MID,Abdoullah Ba,Sunderland
406,82,2,0,False,2025-10-26T14:00:00Z,1.0,0.0,9,False,0,0,0,0,0,0,0,0,0,0,0,0,0,0.0,0.0,0.0,0.0,0,0,0,0,0,0.0,0.0,0.0,0.0,54,-2060,34473,56,2116,406,DEF,Abdukodir Khusanov,Man City
326,89,15,2,False,2025-10-25T14:00:00Z,2.0,1.0,9,False,75,0,0,0,1,0,0,0,0,0,0,0,13,1.4,4.2,6.0,1.2,1,3,1,5,1,0.06,0.02,0.08,1.32,52,-331,19708,578,909,326,MID,Adama Traoré Diarra,West Ham
667,86,18,0,True,2025-10-26T16:30:00Z,0.0,3.0,9,False,0,0,0,0,0,0,0,0,0,0,0,0,0,0.0,0.0,0.0,0.0,0,0,0,0,0,0.0,0.0,0.0,0.0,43,-220,6936,64,284,667,DEF,Adam Aznou,Everton
73,83,16,0,True,2025-10-26T14:00:00Z,2.0,0.0,9,False,0,0,0,0,0,0,0,0,0,0,0,0,0,0.0,0.0,0.0,0.0,0,0,0,0,0,0.0,0.0,0.0,0.0,44,32,19858,502,470,73,DEF,Adam Smith,Bournemouth
153,88,14,0,False,2025-10-25T16:30:00Z,4.0,2.0,9,False,0,0,0,0,0,0,0,0,0,0,0,0,0,0.0,0.0,0.0,0.0,0,0,0,0,0,0.0,0.0,0.0,0.0,44,-3,847,52,55,153,DEF,Adam Webster,Brighton
273,81,1,2,False,2025-10-26T14:00:00Z,1.0,0.0,9,False,90,0,0,0,1,0,0,0,0,0,0,0,12,12.6,17.5,1.0,3.1,4,2,3,9,1,0.02,0.06,0.08,1.08,50,-765,63149,4077,4842,273,MID,Adam Wharton,Crystal Palace
176,88,14,0,False,2025-10-25T16:30:00Z,4.0,2.0,9,False,0,0,0,0,0,0,0,0,0,0,0,0,0,0.0,0.0,0.0,0.0,0,0,0,0,0,0.0,0.0,0.0,0.0,45,-134,3150,0,134,176,MID,Adrian Mazilu,Brighton
74,83,16,10,True,2025-10-26T14:00:00Z,2.0,0.0,9,False,90,0,0,1,0,0,0,0,0,0,0,2,33,18.8,10.3,3.0,3.2,8,8,3,11,1,0.02,0.05,0.07,0.35,45,5076,279343,20949,15873,74,DEF,Adrien Truffert,Bournemouth
562,85,7,0,False,2025-10-25T14:00:00Z,1.0,2.0,9,False,0,0,0,0,0,0,0,0,0,0,0,0,0,0.0,0.0,0.0,0.0,0,0,0,0,0,0.0,0.0,0.0,0.0,44,-2188,45550,1164,3352,562,FWD,Ahmed Abdullahi,Sunderland
533,85,7,0,False,2025-10-25T14:00:00Z,1.0,2.0,9,False,0,0,0,0,0,0,0,0,0,0,0,0,0,0.0,0.0,0.0,0.0,0,0,0,0,0,0.0,0.0,0.0,0.0,40,20,500,38,18,533,DEF,Aji Alese,Sunderland
555,85,7,0,False,2025-10-25T14:00:00Z,1.0,2.0,9,False,0,0,0,0,0,0,0,0,0,0,0,0,0,0.0,0.0,0.0,0.0,0,0,0,0,0,0.0,0.0,0.0,0.0,45,-226,5049,0,226,555,MID,Alan Browne,Sunderland
29,81,8,0,True,2025-10-26T14:00:00Z,1.0,0.0,9,False,0,0,0,0,0,0,0,0,0,0,0,0,0,0.0,0.0,0.0,0.0,0,0,0,0,0,0.0,0.0,0.0,0.0,45,-307,7873,0,307,29,MID,Albert Sambi Lokonga,Arsenal
453,85,17,6,True,2025-10-25T14:00:00Z,1.0,2.0,9,False,57,1,0,0,1,0,0,0,0,0,0,0,18,31.0,4.3,61.0,9.6,1,1,0,2,1,0.22,0.04,0.26,1.02,64,-2872,41678,3488,6360,453,MID,Alejandro Garnacho Ferreyra,Chelsea
499,84,5,0,False,2025-10-25T19:00:00Z,3.0,2.0,9,False,0,0,0,0,0,0,0,0,0,0,0,0,0,0.0,0.0,0.0,0.0,0,0,0,0,0,0.0,0.0,0.0,0.0,105,-341912,927958,17340,359252,499,FWD,Alexander Isak,Liverpool
386,84,5,1,False,2025-10-25T19:00:00Z,3.0,2.0,9,False,28,0,0,0,0,0,0,0,0,0,0,0,5,10.0,19.0,5.0,3.4,2,2,1,5,0,0.17,0.06,0.23,0.39,63,-3164,154510,4355,7519,386,MID,Alexis Mac Allister,Liverpool
340,87,19,0,True,2025-10-24T19:00:00Z,2.0,1.0,9,False,0,0,0,0,0,0,0,0,0,0,0,0,0,0.0,0.0,0.0,0.0,0,0,0,0,0,0.0,0.0,0.0,0.0,40,-543,20475,118,661,340,GKP,Alex Cairns,Leeds
324,89,15,1,False,2025-10-25T14:00:00Z,2.0,1.0,9,False,90,0,0,0,2,0,0,0,1,0,0,0,6,0.8,5.7,13.0,2.0,0,4,0,4,1,0.1,0.01,0.11,2.12,65,-6583,183794,9481,16064,324,MID,Alex Iwobi,Fulham
481,89,10,0,True,2025-10-25T14:00:00Z,2.0,1.0,9,False,0,0,0,0,0,0,0,0,0,0,0,0,0,0.0,0.0,0.0,0.0,0,0,0,0,0,0.0,0.0,0.0,0.0,39,-1877,79567,1484,3361,481,DEF,Alex Murphy,Newcastle
70,83,16,0,True,2025-10-26T14:00:00Z,2.0,0.0,9,False,0,0,0,0,0,0,0,0,0,0,0,0,0,0.0,0.0,0.0,0.0,0,0,0,0,0,0.0,0.0,0.0,0.0,40,-327,9527,0,327,70,GKP,Alex Paulsen,Bournemouth
90,83,16,3,True,2025-10-26T14:00:00Z,2.0,0.0,9,False,79,0,0,1,0,0,0,0,0,0,0,0,15,14.4,3.3,12.0,3.0,5,4,2,11,1,0.12,0.04,0.16,0.33,50,-2263,40597,1776,4039,90,MID,Alex Scott,Bournemouth
641,90,3,0,True,2025-10-26T14:00:00Z,2.0,3.0,9,False,0,0,0,0,0,0,0,0,0,0,0,0,0,0.0,0.0,0.0,0.0,0,0,0,0,0,0.0,0.0,0.0,0.0,39,-1592,179960,5593,7185,641,DEF,Alfie Pond,Wolves
366,84,5,0,False,2025-10-25T19:00:00Z,3.0,2.0,9,False,0,0,0,0,0,0,0,0,0,0,0,0,0,0.0,0.0,0.0,0.0,0,0,0,0,0,0.0,0.0,0.0,0.0,54,-79525,798354,273,79798,366,GKP,Alisson Becker,Liverpool
600,87,11,2,False,2025-10-24T19:00:00Z,2.0,1.0,9,False,90,0,0,0,2,0,0,0,0,0,3,0,8,22.0,0.0,0.0,2.2,0,8,0,0,1,0.0,0.0,0.0,1.49,43,-4405,265849,4924,9329,600,GKP,Alphonse Areola,West Ham
431,88,6,0,True,2025-10-25T16:30:00Z,4.0,2.0,9,False,0,0,0,0,0,0,0,0,0,0,0,0,0,0.0,0.0,0.0,0.0,0,0,0,0,0,0.0,0.0,0.0,0.0,49,-2547,46372,531,3078,431,GKP,Altay Bayındır,Man Utd
59,82,13,3,True,2025-10-26T14:00:00Z,1.0,0.0,9,False,90,0,0,1,0,0,0,0,0,0,0,0,22,33.6,3.5,0.0,3.7,8,0,3,11,1,0.0,0.02,0.02,1.18,48,1037,72394,3094,2057,59,MID,Amadou Onana,Aston Villa
452,88,6,3,True,2025-10-25T16:30:00Z,4.0,2.0,9,False,69,0,0,1,0,0,0,0,0,0,0,0,11,2.2,5.6,8.0,1.6,1,4,0,5,1,0.0,0.01,0.01,0.56,63,10336,153652,16157,5821,452,MID,Amad Diallo,Man Utd
378,84,5,0,False,2025-10-25T19:00:00Z,3.0,2.0,9,False,0,0,0,0,0,0,0,0,0,0,0,0,0,0.0,0.0,0.0,0.0,0,0,0,0,0,0.0,0.0,0.0,0.0,39,-527,17301,105,632,378,DEF,Amara Nallo,Liverpool
697,83,16,1,True,2025-10-26T14:00:00Z,2.0,0.0,9,False,21,0,0,0,0,0,0,0,0,0,0,0,0,0.0,0.1,0.0,0.0,0,1,0,1,0,0.0,0.0,0.0,0.21,55,-41,4098,241,282,697,MID,Amine Adli,Bournemouth
327,89,15,0,False,2025-10-25T14:00:00Z,2.0,1.0,9,False,0,0,0,0,0,0,0,0,0,0,0,0,0,0.0,0.0,0.0,0.0,0,0,0,0,0,0.0,0.0,0.0,0.0,53,-354,9061,0,354,327,MID,Andreas Hoelgebaum Pereira,Fulham
177,88,14,0,False,2025-10-25T16:30:00Z,4.0,2.0,9,False,0,0,0,0,0,0,0,0,0,0,0,0,0,0.0,0.0,0.0,0.0,0,0,0,0,0,0.0,0.0,0.0,0.0,45,-96,2489,0,96,177,MID,Andrew Moran,Brighton
372,84,5,1,False,2025-10-25T19:00:00Z,3.0,2.0,9,False,29,0,0,0,0,0,0,0,0,0,0,0,7,6.4,1.0,2.0,0.9,2,3,1,3,0,0.0,0.01,0.01,0.39,58,-2483,117391,1228,3711,372,DEF,Andrew Robertson,Liverpool
246,85,17,0,True,2025-10-25T14:00:00Z,1.0,2.0,9,False,5,0,0,0,1,0,0,0,1,0,0,0,-1,0.0,0.1,0.0,0.0,0,0,0,0,0,0.0,0.0,0.0,0.12,45,875,38517,3564,2689,246,MID,Andrey Nascimento dos Santos,Chelsea
711,81,8,0,True,2025-10-26T14:00:00Z,1.0,0.0,9,False,0,0,0,0,0,0,0,0,0,0,0,0,0,0.0,0.0,0.0,0.0,0,0,0,0,0,0.0,0.0,0.0,0.0,45,-48,1356,48,96,711,MID,Andre Harriman-Annous,Arsenal
42,82,13,0,True,2025-10-26T14:00:00Z,1.0,0.0,9,False,0,0,0,0,0,0,0,0,0,0,0,0,0,0.0,0.0,0.0,0.0,0,0,0,0,0,0.0,0.0,0.0,0.0,39,-316,35621,1872,2188,42,DEF,Andrés García,Aston Villa
432,88,6,0,True,2025-10-25T16:30:00Z,4.0,2.0,9,False,0,0,0,0,0,0,0,0,0,0,0,0,0,0.0,0.0,0.0,0.0,0,0,0,0,0,0.0,0.0,0.0,0.0,49,-468,20602,0,468,432,GKP,André Onana,Man Utd
643,90,3,2,True,2025-10-26T14:00:00Z,2.0,3.0,9,False,67,0,0,0,2,0,0,0,0,0,0,0,12,8.8,16.6,0.0,2.5,3,5,0,8,1,0.0,0.07,0.07,1.05,54,316,9325,694,378,643,MID,André Trindade da Costa Neto,Wolves
621,87,11,2,False,2025-10-24T19:00:00Z,2.0,1.0,9,False,64,0,0,0,2,0,0,0,0,0,0,0,13,4.2,4.3,0.0,0.9,1,4,1,6,1,0.0,0.01,0.01,1.49,44,-584,41440,1838,2422,621,MID,Andy Irving,West Ham
675,83,4,0,False,2025-10-26T14:00:00Z,2.0,0.0,9,False,0,0,0,0,0,0,0,0,0,0,0,0,0,0.0,0.0,0.0,0.0,0,0,0,0,0,0.0,0.0,0.0,0.0,40,-2918,187238,422,3340,675,GKP,Angus Gunn,Nott'm Forest
486,89,10,1,True,2025-10-25T14:00:00Z,2.0,1.0,9,False,14,0,0,0,0,0,0,0,0,0,0,0,5,7.4,20.3,9.0,3.7,1,0,0,1,0,0.17,0.07,0.24,0.0,68,-41644,503603,5394,47038,486,MID,Anthony Elanga,Newcastle
485,89,10,2,True,2025-10-25T14:00:00Z,2.0,1.0,9,False,75,0,0,0,1,0,0,0,0,0,0,0,12,3.4,28.7,10.0,4.2,0,4,0,4,1,0.0,0.42,0.42,1.53,75,39131,394871,68618,29487,485,MID,Anthony Gordon,Newcastle
528,85,7,0,False,2025-10-25T14:00:00Z,1.0,2.0,9,False,0,0,0,0,0,0,0,0,0,0,0,0,0,0.0,0.0,0.0,0.0,0,0,0,0,0,0.0,0.0,0.0,0.0,43,-707,24288,291,998,528,GKP,Anthony Patterson,Sunderland
82,83,16,3,True,2025-10-26T14:00:00Z,2.0,0.0,9,False,90,0,0,1,0,0,0,0,0,0,0,0,14,8.4,13.1,17.0,3.9,0,7,1,8,1,0.03,0.04,0.07,0.35,81,268251,7927468,294843,26592,82,MID,Antoine Semenyo,Man City
316,89,15,0,False,2025-10-25T14:00:00Z,2.0,1.0,9,False,0,0,0,0,0,0,0,0,0,0,0,0,0,0.0,0.0,0.0,0.0,0,0,0,0,0,0.0,0.0,0.0,0.0,50,-11203,71475,117,11320,316,DEF,Antonee Robinson,Fulham
122,84,12,0,True,2025-10-25T19:00:00Z,3.0,2.0,9,False,0,0,0,0,0,0,0,0,0,0,0,0,0,0.0,0.0,0.0,0.0,0,0,0,0,0,0.0,0.0,0.0,0.0,53,-394,4554,29,423,122,MID,Antoni Milambo,Brentford
454,88,6,0,True,2025-10-25T16:30:00Z,4.0,2.0,9,False,0,0,0,0,0,0,0,0,0,0,0,0,0,0.0,0.0,0.0,0.0,0,0,0,0,0,0.0,0.0,0.0,0.0,59,-115,7945,0,115,454,MID,Antony dos Santos,Man Utd
660,87,19,0,True,2025-10-24T19:00:00Z,2.0,1.0,9,False,0,0,0,0,0,0,0,0,0,0,0,0,0,0.0,0.0,0.0,0.0,0,0,0,0,0,0.0,0.0,0.0,0.0,51,-27212,383057,19505,46717,660,MID,Anton Stach,Leeds
567,86,9,0,False,2025-10-26T16:30:00Z,0.0,3.0,9,False,0,0,0,0,0,0,0,0,0,0,0,0,0,0.0,0.0,0.0,0.0,0,0,0,0,0,0.0,0.0,0.0,0.0,39,7490,243888,14940,7450,567,GKP,Antonín Kinský,Spurs
492,89,10,0,True,2025-10-25T14:00:00Z,2.0,1.0,9,False,0,0,0,0,0,0,0,0,0,0,0,0,0,0.0,0.0,0.0,0.0,0,0,0,0,0,0.0,0.0,0.0,0.0,49,-98,3060,0,98,492,MID,Antoñito Cordero Campillo,Newcastle
591,86,9,0,False,2025-10-26T16:30:00Z,0.0,3.0,9,False,0,0,0,0,0,0,0,0,0,0,0,0,0,0.0,0.0,0.0,0.0,0,0,0,0,0,0.0,0.0,0.0,0.0,48,-201,13690,404,605,591,MID,Archie Gray,Spurs
680,90,20,0,False,2025-10-26T14:00:00Z,2.0,3.0,9,False,0,0,0,0,0,0,0,0,0,0,0,0,0,0.0,0.0,0.0,0.0,0,0,0,0,0,0.0,0.0,0.0,0.0,53,-923,15801,537,1460,680,FWD,Armando Broja,Burnley
696,83,4,1,False,2025-10-26T14:00:00Z,2.0,0.0,9,False,1,0,0,0,0,0,0,0,0,0,0,0,3,0.0,0.0,0.0,0.0,0,0,0,0,0,0.0,0.0,0.0,0.0,60,-396,12848,548,944,696,FWD,Arnaud Kalimuendo,Nott'm Forest
678,85,7,0,False,2025-10-25T14:00:00Z,1.0,2.0,9,False,0,0,0,0,0,0,0,0,0,0,0,0,0,0.0,0.0,0.0,0.0,0,0,0,0,0,0.0,0.0,0.0,0.0,39,5600,95290,10038,4438,678,DEF,Arthur Masuaku,Sunderland
274,81,1,0,False,2025-10-26T14:00:00Z,1.0,0.0,9,False,0,0,0,0,0,0,0,0,0,0,0,0,0,0.0,0.0,0.0,0.0,0,0,0,0,0,0.0,0.0,0.0,0.0,44,-123,6288,169,292,274,MID,Asher Agbinone,Crystal Palace
218,90,20,0,False,2025-10-26T14:00:00Z,2.0,3.0,9,False,0,0,0,0,0,0,0,0,0,0,0,0,0,0.0,0.0,0.0,0.0,0,0,0,0,0,0.0,0.0,0.0,0.0,44,-8948,164588,4309,13257,218,FWD,Ashley Barnes,Burnley
576,86,9,0,False,2025-10-26T16:30:00Z,0.0,3.0,9,False,0,0,0,0,0,0,0,0,0,0,0,0,0,0.0,0.0,0.0,0.0,0,0,0,0,0,0.0,0.0,0.0,0.0,40,-29,1696,0,29,576,DEF,Ashley Phillips,Spurs
198,90,20,1,False,2025-10-26T14:00:00Z,2.0,3.0,9,False,90,0,0,0,2,0,0,0,0,0,0,0,4,16.0,0.6,0.0,1.7,9,1,0,9,1,0.0,0.0,0.0,2.52,39,4552,223064,10748,6196,198,DEF,Axel Tuanzebe,Burnley
447,88,6,3,True,2025-10-25T16:30:00Z,4.0,2.0,9,False,25,0,1,0,2,0,0,0,0,0,0,0,11,26.6,10.3,0.0,3.7,2,1,1,3,0,0.0,0.08,0.08,0.56,39,-6754,122019,954,7708,447,DEF,Ayden Heaven,Man Utd
685,83,16,0,True,2025-10-26T14:00:00Z,2.0,0.0,9,False,0,0,0,0,0,0,0,0,0,0,0,0,0,0.0,0.0,0.0,0.0,0,0,0,0,0,0.0,0.0,0.0,0.0,45,302,61691,3777,3475,685,DEF,Bafodé Diakité,Bournemouth
139,88,14,1,False,2025-10-25T16:30:00Z,4.0,2.0,9,False,90,0,0,0,4,0,0,0,0,0,5,0,10,38.0,0.0,0.0,3.8,0,9,0,0,1,0.0,0.0,0.0,1.29,44,-16900,507542,7119,24019,139,GKP,Bart Verbruggen,Brighton
193,90,20,0,False,2025-10-26T14:00:00Z,2.0,3.0,9,False,0,0,0,0,0,0,0,0,0,0,0,0,0,0.0,0.0,0.0,0.0,0,0,0,0,0,0.0,0.0,0.0,0.0,40,-176,7697,171,347,193,DEF,Bashir Humphreys,Burnley
639,90,3,0,True,2025-10-26T14:00:00Z,2.0,3.0,9,False,0,0,0,0,0,0,0,0,0,0,0,0,0,0.0,0.0,0.0,0.0,0,0,0,0,0,0.0,0.0,0.0,0.0,40,-22,975,0,22,639,DEF,Bastien Meupiyou Menadjou,Wolves
114,84,12,0,True,2025-10-25T19:00:00Z,3.0,2.0,9,False,0,0,0,0,0,0,0,0,0,0,0,0,0,0.0,0.0,0.0,0.0,0,0,0,0,0,0.0,0.0,0.0,0.0,39,-126,30856,981,1107,114,DEF,Benjamin Arthur,Brentford
115,84,12,0,True,2025-10-25T19:00:00Z,3.0,2.0,9,False,0,0,0,0,0,0,0,0,0,0,0,0,0,0.0,0.0,0.0,0.0,0,0,0,0,0,0.0,0.0,0.0,0.0,40,-580,12701,0,580,115,DEF,Benjamin Fredrick,Brentford
664,89,15,0,False,2025-10-25T14:00:00Z,2.0,1.0,9,False,0,0,0,0,0,0,0,0,0,0,0,0,0,0.0,0.0,0.0,0.0,0,0,0,0,0,0.0,0.0,0.0,0.0,40,-1122,79755,385,1507,664,GKP,Benjamin Lecomte,Fulham
681,88,6,4,True,2025-10-25T16:30:00Z,4.0,2.0,9,False,81,0,1,0,1,0,0,0,1,0,0,0,10,16.8,13.9,11.0,4.2,1,3,0,4,1,0.21,0.01,0.22,0.8,73,-5567,635017,38803,44370,681,FWD,Benjamin Sesko,Man Utd
11,81,8,0,True,2025-10-26T14:00:00Z,1.0,0.0,9,False,0,0,0,0,0,0,0,0,0,0,0,0,0,0.0,0.0,0.0,0.0,0,0,0,0,0,0.0,0.0,0.0,0.0,54,-2023,51650,902,2925,11,DEF,Benjamin White,Arsenal
229,85,17,0,True,2025-10-25T14:00:00Z,1.0,2.0,9,False,0,0,0,0,0,0,0,0,0,0,0,0,0,0.0,0.0,0.0,0.0,0,0,0,0,0,0.0,0.0,0.0,0.0,44,-522,2184,16,538,229,DEF,Benoît Badiashile Mukinayi,Chelsea
60,82,13,0,True,2025-10-26T14:00:00Z,1.0,0.0,9,False,0,0,0,0,0,0,0,0,0,0,0,0,0,0.0,0.0,0.0,0.0,0,0,0,0,0,0.0,0.0,0.0,0.0,45,-592,41142,1524,2116,60,MID,Ben Broggio,Aston Villa
571,86,9,0,False,2025-10-26T16:30:00Z,0.0,3.0,9,False,0,0,0,0,0,0,0,0,0,0,0,0,0,0.0,0.0,0.0,0.0,0,0,0,0,0,0.0,0.0,0.0,0.0,43,-544,9340,22,566,571,DEF,Ben Davies,Spurs
391,83,16,0,True,2025-10-26T14:00:00Z,2.0,0.0,9,False,0,0,0,0,0,0,0,0,0,0,0,0,0,0.0,0.0,0.0,0.0,0,0,0,0,0,0.0,0.0,0.0,0.0,49,-90,5665,167,257,391,MID,Ben Gannon-Doak,Bournemouth
96,83,16,0,True,2025-10-26T14:00:00Z,2.0,0.0,9,False,0,0,0,0,0,0,0,0,0,0,0,0,0,0.0,0.0,0.0,0.0,0,0,0,0,0,0.0,0.0,0.0,0.0,45,-230,5099,0,230,96,MID,Ben Winterburn,Bournemouth
416,82,2,2,False,2025-10-26T14:00:00Z,1.0,0.0,9,False,60,0,0,0,1,0,0,0,0,0,0,0,12,3.4,14.8,4.0,2.2,2,4,0,6,1,0.0,0.13,0.13,0.54,63,-2672,68835,2642,5314,416,MID,Bernardo Mota Veiga de Carvalho e Silva,Man City
314,89,15,2,False,2025-10-25T14:00:00Z,2.0,1.0,9,False,90,0,0,0,2,0,0,0,0,0,5,0,13,36.2,0.0,0.0,3.6,1,6,0,0,1,0.0,0.0,0.0,2.14,50,-1344,174972,4533,5877,314,GKP,Bernd Leno,Fulham
735,85,7,5,False,2025-10-25T14:00:00Z,1.0,2.0,9,False,64,0,1,0,1,0,0,0,0,0,0,0,23,13.2,15.7,16.0,4.5,3,1,0,4,1,0.12,0.09,0.21,0.66,55,60,3157,475,415,735,MID,Bertrand Traoré,Sunderland
530,85,7,0,False,2025-10-25T14:00:00Z,1.0,2.0,9,False,0,0,0,0,0,0,0,0,0,0,0,0,0,0.0,0.0,0.0,0.0,0,0,0,0,0,0.0,0.0,0.0,0.0,40,-118,15600,270,388,530,GKP,Blondy Nna Noukeu,Sunderland
259,81,1,1,False,2025-10-26T14:00:00Z,1.0,0.0,9,False,1,0,0,0,0,0,0,0,0,0,0,0,3,0.0,0.0,0.0,0.0,0,1,0,0,0,0.0,0.0,0.0,0.0,49,-432,14477,205,637,259,DEF,Borna Sosa,Crystal Palace
58,82,13,2,True,2025-10-26T14:00:00Z,1.0,0.0,9,False,90,0,0,1,0,0,0,0,1,0,0,0,8,13.0,14.3,0.0,2.7,2,5,2,9,1,0.0,0.04,0.04,1.18,49,533,20428,1807,1274,58,MID,Boubacar Kamara,Aston Villa
649,90,3,0,True,2025-10-26T14:00:00Z,2.0,3.0,9,False,0,0,0,0,0,0,0,0,0,0,0,0,0,0.0,0.0,0.0,0.0,0,0,0,0,0,0.0,0.0,0.0,0.0,50,-1,129,0,1,649,MID,Boubacar Traoré,Wolves
702,82,13,0,True,2025-10-26T14:00:00Z,1.0,0.0,9,False,0,0,0,0,0,0,0,0,0,0,0,0,0,0.0,0.0,0.0,0.0,0,0,0,0,0,0.0,0.0,0.0,0.0,45,-179,9034,163,342,702,MID,Bradley Burrowes,Aston Villa
162,88,14,0,False,2025-10-25T16:30:00Z,4.0,2.0,9,False,0,0,0,0,0,0,0,0,0,0,0,0,0,0.0,0.0,0.0,0.0,0,0,0,0,0,0.0,0.0,0.0,0.0,54,-1605,7693,53,1658,162,MID,Brajan Gruda,Brighton
566,86,9,0,False,2025-10-26T16:30:00Z,0.0,3.0,9,False,0,0,0,0,0,0,0,0,0,0,0,0,0,0.0,0.0,0.0,0.0,0,0,0,0,0,0.0,0.0,0.0,0.0,39,2281,38943,3416,1135,566,GKP,Brandon Austin,Spurs
13,81,8,0,True,2025-10-26T14:00:00Z,1.0,0.0,9,False,0,0,0,0,0,0,0,0,0,0,0,0,0,0.0,0.0,0.0,0.0,0,0,0,0,0,0.0,0.0,0.0,0.0,39,-1448,59068,1537,2985,13,DEF,Brayden Clarke,Arsenal
350,87,19,11,True,2025-10-24T19:00:00Z,2.0,1.0,9,False,86,1,0,1,0,0,0,0,0,0,0,3,35,53.0,32.5,40.0,12.6,2,4,3,9,1,0.57,0.26,0.83,0.58,54,-130,10584,1830,1960,350,MID,Brenden Aaronson,Leeds
580,86,9,3,False,2025-10-26T16:30:00Z,0.0,3.0,9,False,90,0,0,1,0,0,0,0,0,0,0,0,13,12.4,6.9,8.0,2.7,5,1,3,9,1,0.0,0.01,0.01,1.53,68,-51486,437889,1054,52540,580,MID,Brennan Johnson,Crystal Palace
730,85,7,4,False,2025-10-25T14:00:00Z,1.0,2.0,9,False,15,0,1,0,0,0,0,0,0,0,0,0,12,23.2,10.3,6.0,4.0,1,1,1,3,0,0.0,0.04,0.04,0.12,55,-625,6769,517,1142,730,FWD,Brian Brobbey,Sunderland
449,88,6,4,True,2025-10-25T16:30:00Z,4.0,2.0,9,False,90,0,0,0,2,0,0,0,0,0,0,0,27,30.8,30.7,48.0,11.0,5,7,3,15,1,0.38,0.19,0.57,1.12,89,32630,2093587,112314,79684,449,MID,Bruno Borges Fernandes,Man Utd
488,89,10,10,True,2025-10-25T14:00:00Z,2.0,1.0,9,False,90,1,0,0,1,0,0,0,0,0,0,3,39,46.0,46.9,25.0,11.8,0,6,3,9,1,0.8,0.1,0.9,1.53,65,12428,297031,28822,16394,488,MID,Bruno Guimarães Rodriguez Moura,Newcastle
590,86,9,0,False,2025-10-26T16:30:00Z,0.0,3.0,9,False,0,0,0,0,0,0,0,0,0,0,0,0,0,0.0,0.0,0.0,0.0,0,0,0,0,0,0.0,0.0,0.0,0.0,49,-121,3960,0,121,590,MID,Bryan Gil Salvatierra,Spurs
119,88,6,15,True,2025-10-25T16:30:00Z,4.0,2.0,9,False,90,2,0,0,2,0,0,0,0,0,0,3,65,81.0,36.6,53.0,17.1,0,7,0,7,1,0.56,0.24,0.8,1.12,80,236481,1886891,274596,38115,119,MID,Bryan Mbeumo,Man Utd
16,81,8,3,True,2025-10-26T14:00:00Z,1.0,0.0,9,False,65,0,0,1,0,0,0,0,0,0,0,0,8,2.2,1.9,3.0,0.7,0,5,2,7,1,0.02,0.01,0.03,0.08,100,448385,2012889,477223,28838,16,MID,Bukayo Saka,Arsenal
265,81,1,0,False,2025-10-26T14:00:00Z,1.0,0.0,9,False,0,0,0,0,0,0,0,0,0,0,0,0,0,0.0,0.0,0.0,0.0,0,0,0,0,0,0.0,0.0,0.0,0.0,40,-41,1631,15,56,265,DEF,Caleb Kporha,Crystal Palace
69,83,16,0,True,2025-10-26T14:00:00Z,2.0,0.0,9,False,0,0,0,0,0,0,0,0,0,0,0,0,0,0.0,0.0,0.0,0.0,0,0,0,0,0,0.0,0.0,0.0,0.0,40,-474,24773,205,679,69,GKP,Callan McKenna,Bournemouth
306,86,18,0,True,2025-10-26T16:30:00Z,0.0,3.0,9,False,0,0,0,0,0,0,0,0,0,0,0,0,0,0.0,0.0,0.0,0.0,0,0,0,0,0,0.0,0.0,0.0,0.0,44,-155,9088,319,474,306,MID,Callum Bates,Everton
516,83,4,1,False,2025-10-26T14:00:00Z,2.0,0.0,9,False,45,0,0,0,2,0,0,0,0,0,0,0,2,1.8,12.4,0.0,1.4,1,3,0,4,1,0.0,0.02,0.02,0.48,59,-11083,105017,1468,12551,516,MID,Callum Hudson-Odoi,Nott'm Forest
626,87,11,0,False,2025-10-24T19:00:00Z,2.0,1.0,9,False,0,0,0,0,0,0,0,0,0,0,0,0,0,0.0,0.0,0.0,0.0,0,0,0,0,0,0.0,0.0,0.0,0.0,44,-2433,85544,2224,4657,626,FWD,Callum Marshall,West Ham
595,86,9,0,False,2025-10-26T16:30:00Z,0.0,3.0,9,False,0,0,0,0,0,0,0,0,0,0,0,0,0,0.0,0.0,0.0,0.0,0,0,0,0,0,0.0,0.0,0.0,0.0,44,-649,25252,387,1036,595,MID,Callum Olusesi,Spurs
671,87,11,2,False,2025-10-24T19:00:00Z,2.0,1.0,9,False,65,0,0,1,0,0,0,0,0,0,0,0,9,3.0,2.0,19.0,2.4,0,2,0,2,0,0.09,0.01,0.1,0.8,59,-1584,47013,2377,3961,671,FWD,Callum Wilson,West Ham
318,89,15,1,False,2025-10-25T14:00:00Z,2.0,1.0,9,False,90,0,0,0,2,0,0,0,0,0,0,0,-1,8.2,1.4,0.0,1.0,6,4,2,8,1,0.0,0.0,0.0,2.14,45,-446,63797,3435,3881,318,DEF,Calvin Bassey,Fulham
380,84,5,0,False,2025-10-25T19:00:00Z,3.0,2.0,9,False,0,0,0,0,0,0,0,0,0,0,0,0,0,0.0,0.0,0.0,0.0,0,0,0,0,0,0.0,0.0,0.0,0.0,39,-649,25573,250,899,380,DEF,Calvin Ramsay,Liverpool
101,84,12,2,True,2025-10-25T19:00:00Z,3.0,2.0,9,False,90,0,0,0,2,0,0,0,0,0,3,0,10,19.6,0.0,0.0,2.0,0,10,0,0,1,0.0,0.0,0.0,2.3,45,-8938,977858,20020,28958,101,GKP,Caoimhín Kelleher,Brentford
301,86,18,1,True,2025-10-26T16:30:00Z,0.0,3.0,9,False,4,0,0,0,1,0,0,0,0,0,0,0,3,0.0,0.0,0.0,0.0,0,0,0,0,0,0.0,0.0,0.0,0.42,52,-144,11189,412,556,301,MID,Carlos Alcaraz Durán,Everton
167,88,14,0,False,2025-10-25T16:30:00Z,4.0,2.0,9,False,58,0,0,0,2,0,0,0,1,0,0,0,6,0.0,2.5,2.0,0.4,2,7,1,10,1,0.05,0.0,0.05,0.62,48,-8664,264580,6678,15342,167,MID,Carlos Baleba,Brighton
457,88,6,15,True,2025-10-25T16:30:00Z,4.0,2.0,9,False,69,1,1,1,0,0,0,0,0,0,0,2,43,65.8,16.7,9.0,9.2,4,5,3,12,1,0.02,0.02,0.04,0.56,55,1118,29760,2728,1610,457,MID,Carlos Henrique Casimiro,Man Utd
503,83,4,0,False,2025-10-26T14:00:00Z,2.0,0.0,9,False,0,0,0,0,0,0,0,0,0,0,0,0,0,0.0,0.0,0.0,0.0,0,0,0,0,0,0.0,0.0,0.0,0.0,40,-406,10999,0,406,503,GKP,Carlos Miguel dos Santos Pereira,Nott'm Forest
141,88,14,0,False,2025-10-25T16:30:00Z,4.0,2.0,9,False,0,0,0,0,0,0,0,0,0,0,0,0,0,0.0,0.0,0.0,0.0,0,0,0,0,0,0.0,0.0,0.0,0.0,40,-8,295,0,8,141,GKP,Carl Rushworth,Brighton
262,81,1,0,False,2025-10-26T14:00:00Z,1.0,0.0,9,False,0,0,0,0,0,0,0,0,0,0,0,0,0,0.0,0.0,0.0,0.0,0,0,0,0,0,0.0,0.0,0.0,0.0,40,-21,726,20,41,262,DEF,Chadi Riad Dnanou,Crystal Palace
181,88,14,5,False,2025-10-25T16:30:00Z,4.0,2.0,9,False,11,1,0,0,1,0,0,0,0,0,0,0,29,34.2,0.5,40.0,7.5,0,2,0,2,0,0.27,0.01,0.28,0.43,48,-545,36523,1670,2215,181,FWD,Charalampos Kostoulas,Brighton
359,87,19,0,True,2025-10-24T19:00:00Z,2.0,1.0,9,False,0,0,0,0,0,0,0,0,0,0,0,0,0,0.0,0.0,0.0,0.0,0,0,0,0,0,0.0,0.0,0.0,0.0,45,-17,537,0,17,359,MID,Charlie Crew,Leeds
156,88,14,0,False,2025-10-25T16:30:00Z,4.0,2.0,9,False,0,0,0,0,0,0,0,0,0,0,0,0,0,0.0,0.0,0.0,0.0,0,0,0,0,0,0.0,0.0,0.0,0.0,39,-47,18071,590,637,156,DEF,Charlie Tasker,Brighton
268,81,1,0,False,2025-10-26T14:00:00Z,1.0,0.0,9,False,0,0,0,0,0,0,0,0,0,0,0,0,0,0.0,0.0,0.0,0.0,0,0,0,0,0,0.0,0.0,0.0,0.0,49,3,361,21,18,268,MID,Cheick Doucouré,Crystal Palace
553,85,7,8,False,2025-10-25T14:00:00Z,1.0,2.0,9,False,25,1,0,0,0,0,0,0,0,0,0,2,26,33.4,0.3,17.0,5.1,0,1,0,1,0,0.12,0.0,0.12,0.23,50,-1570,25805,429,1999,553,MID,Chemsdine Talbi,Sunderland
467,88,6,0,True,2025-10-25T16:30:00Z,4.0,2.0,9,False,0,0,0,0,0,0,0,0,0,0,0,0,0,0.0,0.0,0.0,0.0,0,0,0,0,0,0.0,0.0,0.0,0.0,43,1708,204696,19510,17802,467,FWD,Chido Obi,Man Utd
732,81,1,1,False,2025-10-26T14:00:00Z,1.0,0.0,9,False,1,0,0,0,0,0,0,0,0,0,0,0,3,0.0,0.0,0.0,0.0,0,1,0,1,0,0.0,0.0,0.0,0.0,55,-187,3499,281,468,732,FWD,Christantus Uche,Crystal Palace
24,81,8,0,True,2025-10-26T14:00:00Z,1.0,0.0,9,False,0,0,0,0,0,0,0,0,0,0,0,0,0,0.0,0.0,0.0,0.0,0,0,0,0,0,0.0,0.0,0.0,0.0,53,-543,18360,261,804,24,MID,Christian Nørgaard,Arsenal
240,85,17,0,True,2025-10-25T14:00:00Z,1.0,2.0,9,False,0,0,0,0,0,0,0,0,0,0,0,0,0,0.0,0.0,0.0,0.0,0,0,0,0,0,0.0,0.0,0.0,0.0,59,-175,11210,0,175,240,MID,Christopher Nkunku,Chelsea
79,83,16,0,True,2025-10-26T14:00:00Z,2.0,0.0,9,False,0,0,0,0,0,0,0,0,0,0,0,0,0,0.0,0.0,0.0,0.0,0,0,0,0,0,0.0,0.0,0.0,0.0,40,-467,11336,0,467,79,DEF,Chris Mepham,Bournemouth
261,81,1,2,False,2025-10-26T14:00:00Z,1.0,0.0,9,False,90,0,0,0,1,0,0,0,0,0,0,0,9,18.2,0.9,0.0,1.9,8,1,1,9,1,0.0,0.01,0.01,1.08,45,-3323,398195,17608,20931,261,DEF,Chris Richards,Crystal Palace
551,85,7,1,False,2025-10-25T14:00:00Z,1.0,2.0,9,False,15,0,0,0,0,0,0,0,0,0,0,0,4,1.2,0.6,0.0,0.2,1,1,0,2,0,0.0,0.01,0.01,0.12,48,153,6146,438,285,551,MID,Chris Rigg,Sunderland
525,83,4,0,False,2025-10-26T14:00:00Z,2.0,0.0,9,False,0,0,0,0,0,0,0,0,0,0,0,0,0,0.0,0.0,0.0,0.0,0,0,0,0,0,0.0,0.0,0.0,0.0,72,-191120,1010738,6482,197602,525,FWD,Chris Wood,Nott'm Forest
425,82,2,0,False,2025-10-26T14:00:00Z,1.0,0.0,9,False,0,0,0,0,0,0,0,0,0,0,0,0,0,0.0,0.0,0.0,0.0,0,0,0,0,0,0.0,0.0,0.0,0.0,54,-28,1343,0,28,425,MID,Claudio Echeverri,Man City
307,86,18,0,True,2025-10-26T16:30:00Z,0.0,3.0,9,False,0,0,0,0,0,0,0,0,0,0,0,0,0,0.0,0.0,0.0,0.0,0,0,0,0,0,0.0,0.0,0.0,0.0,44,-27,5224,183,210,307,MID,Coby Ebere,Everton
384,84,5,2,False,2025-10-25T19:00:00Z,3.0,2.0,9,False,60,0,0,0,3,0,0,0,0,0,0,0,14,3.6,33.1,3.0,4.0,0,1,0,1,1,0.04,0.48,0.52,2.37,75,352704,1850629,396097,43393,384,MID,Cody Gakpo,Liverpool
235,85,17,0,True,2025-10-25T14:00:00Z,1.0,2.0,9,False,0,0,0,0,0,0,0,0,0,0,0,0,0,0.0,0.0,0.0,0.0,0,0,0,0,0,0.0,0.0,0.0,0.0,103,-88098,1211240,765,88863,235,MID,Cole Palmer,Chelsea
186,90,20,0,False,2025-10-26T14:00:00Z,2.0,3.0,9,False,0,0,0,0,0,0,0,0,0,0,0,0,0,0.0,0.0,0.0,0.0,0,0,0,0,0,0.0,0.0,0.0,0.0,44,-150,4293,25,175,186,DEF,Connor Roberts,Burnley
375,84,5,4,False,2025-10-25T19:00:00Z,3.0,2.0,9,False,61,0,1,0,3,0,0,0,0,0,0,0,9,13.8,3.2,0.0,1.7,3,3,2,5,1,0.0,0.02,0.02,2.37,50,2914,21796,4169,1255,375,DEF,Conor Bradley,Liverpool
662,81,8,1,True,2025-10-26T14:00:00Z,1.0,0.0,9,False,45,0,0,0,0,0,0,0,0,0,0,0,7,11.8,10.8,4.0,2.7,5,3,0,5,0,0.0,0.05,0.05,0.39,54,-1849,21322,408,2257,662,DEF,Cristhian Mosquera,Arsenal
569,86,9,0,False,2025-10-26T16:30:00Z,0.0,3.0,9,False,0,0,0,0,0,0,0,0,0,0,0,0,0,0.0,0.0,0.0,0.0,0,0,0,0,0,0.0,0.0,0.0,0.0,51,-184015,677353,2268,186283,569,DEF,Cristian Romero,Spurs
615,87,11,1,False,2025-10-24T19:00:00Z,2.0,1.0,9,False,78,0,0,0,2,0,0,0,1,0,0,0,1,2.8,3.3,0.0,0.6,0,7,2,9,1,0.0,0.01,0.01,1.49,55,2163,15947,3751,1588,615,MID,Crysencio Summerville,West Ham
388,84,5,2,False,2025-10-25T19:00:00Z,3.0,2.0,9,False,69,0,0,0,3,0,0,0,0,0,0,0,20,15.4,6.8,9.0,3.1,1,9,1,11,1,0.04,0.05,0.09,2.54,54,551,10329,1078,527,388,MID,Curtis Jones,Liverpool
271,81,1,2,False,2025-10-26T14:00:00Z,1.0,0.0,9,False,73,0,0,0,1,0,0,0,0,0,0,0,8,5.6,1.4,2.0,0.9,3,7,1,11,1,0.0,0.02,0.02,1.08,50,-1372,17671,1194,2566,271,MID,Daichi Kamada,Crystal Palace
599,86,9,0,False,2025-10-26T16:30:00Z,0.0,3.0,9,False,0,0,0,0,0,0,0,0,0,0,0,0,0,0.0,0.0,0.0,0.0,0,0,0,0,0,0.0,0.0,0.0,0.0,44,-2732,77154,1205,3937,599,FWD,Dane Scarlett,Spurs
83,84,12,11,True,2025-10-25T19:00:00Z,3.0,2.0,9,False,90,1,1,0,2,0,0,0,0,0,0,1,25,29.8,3.5,83.0,11.6,3,5,0,8,1,0.67,0.02,0.69,1.92,60,-5786,48552,1724,7510,83,MID,Dango Ouattara,Brentford
99,83,16,0,True,2025-10-26T14:00:00Z,2.0,0.0,9,False,0,0,0,0,0,0,0,0,0,0,0,0,0,0.0,0.0,0.0,0.0,0,0,0,0,0,0.0,0.0,0.0,0.0,44,-2183,25197,0,2183,99,FWD,Daniel Adu-Adjei,Bournemouth
531,85,7,2,False,2025-10-25T14:00:00Z,1.0,2.0,9,False,90,0,0,0,1,0,0,0,0,0,0,0,4,18.2,0.6,19.0,3.8,7,3,2,9,1,0.05,0.01,0.06,0.9,46,1277,289160,9468,8191,531,DEF,Daniel Ballard,Sunderland
629,90,3,0,True,2025-10-26T14:00:00Z,2.0,3.0,9,False,0,0,0,0,0,0,0,0,0,0,0,0,0,0.0,0.0,0.0,0.0,0,0,0,0,0,0.0,0.0,0.0,0.0,40,-1406,76550,345,1751,629,GKP,Daniel Bentley,Wolves
353,87,19,1,True,2025-10-24T19:00:00Z,2.0,1.0,9,False,3,0,0,0,1,0,0,0,0,0,0,0,3,0.0,0.0,0.0,0.0,0,0,0,0,0,0.0,0.0,0.0,0.07,53,-10,16610,676,686,353,MID,Daniel James,Leeds
256,81,1,2,False,2025-10-26T14:00:00Z,1.0,0.0,9,False,90,0,0,0,1,0,0,0,0,0,0,0,3,11.6,3.8,4.0,1.9,3,3,2,5,1,0.0,0.02,0.02,1.08,56,73181,1642075,112735,39554,256,DEF,Daniel Muñoz Mejía,Crystal Palace
178,88,14,6,False,2025-10-25T16:30:00Z,4.0,2.0,9,False,90,1,0,0,4,0,0,0,0,0,0,0,32,40.2,27.1,28.0,9.5,0,2,0,2,1,0.21,0.03,0.24,1.29,63,159336,466429,179218,19882,178,FWD,Danny Welbeck,Brighton
476,89,10,2,True,2025-10-25T14:00:00Z,2.0,1.0,9,False,90,0,0,0,1,0,0,0,0,0,0,0,1,3.0,1.1,4.0,0.8,1,3,1,2,1,0.0,0.01,0.01,1.53,51,101048,1312747,143544,42496,476,DEF,Dan Burn,Newcastle
669,83,4,2,False,2025-10-26T14:00:00Z,2.0,0.0,9,False,82,0,0,0,2,0,0,0,0,0,0,0,9,0.0,2.4,3.0,0.5,2,8,1,11,1,0.05,0.01,0.06,0.59,58,-33595,180761,1053,34648,669,MID,Dan Ndoye,Nott'm Forest
549,85,7,0,False,2025-10-25T14:00:00Z,1.0,2.0,9,False,0,0,0,0,0,0,0,0,0,0,0,0,0,0.0,0.0,0.0,0.0,0,0,0,0,0,0.0,0.0,0.0,0.0,48,15,3750,124,109,549,MID,Dan Neil,Sunderland
204,90,20,0,False,2025-10-26T14:00:00Z,2.0,3.0,9,False,0,0,0,0,0,0,0,0,0,0,0,0,0,0.0,0.0,0.0,0.0,0,0,0,0,0,0.0,0.0,0.0,0.0,49,-34,1783,0,34,204,MID,Darko Churlinov,Burnley
361,87,19,0,True,2025-10-24T19:00:00Z,2.0,1.0,9,False,0,0,0,0,0,0,0,0,0,0,0,0,0,0.0,0.0,0.0,0.0,0,0,0,0,0,0.0,0.0,0.0,0.0,45,-166,4107,0,166,361,MID,Darko Gyabi,Leeds
397,84,5,0,False,2025-10-25T19:00:00Z,3.0,2.0,9,False,0,0,0,0,0,0,0,0,0,0,0,0,0,0.0,0.0,0.0,0.0,0,0,0,0,0,0.0,0.0,0.0,0.0,65,-76,8507,0,76,397,FWD,Darwin Núñez Ribeiro,Liverpool
86,83,16,0,True,2025-10-26T14:00:00Z,2.0,0.0,9,False,21,0,0,0,0,0,0,0,1,0,0,0,-3,0.0,0.8,7.0,0.6,1,1,0,2,0,0.08,0.09,0.17,0.21,50,-7565,28819,36,7601,86,MID,David Brooks,Bournemouth
509,83,4,0,False,2025-10-26T14:00:00Z,2.0,0.0,9,False,0,0,0,0,0,0,0,0,0,0,0,0,0,0.0,0.0,0.0,0.0,0,0,0,0,0,0.0,0.0,0.0,0.0,45,-88,3071,0,88,509,DEF,David Mota Veiga Teixeira do Carmo,Nott'm Forest
682,90,3,1,True,2025-10-26T14:00:00Z,2.0,3.0,9,False,5,0,0,0,1,0,0,0,0,0,0,0,0,4.2,4.5,0.0,0.9,1,1,0,1,0,0.0,0.03,0.03,0.37,44,-308,7890,62,370,682,DEF,David Møller Wolfe,Wolves
280,81,1,0,False,2025-10-26T14:00:00Z,1.0,0.0,9,False,0,0,0,0,0,0,0,0,0,0,0,0,0,0.0,0.0,0.0,0.0,0,0,0,0,0,0.0,0.0,0.0,0.0,45,-2,173,0,2,280,MID,David Ozoh,Crystal Palace
1,81,8,6,True,2025-10-26T14:00:00Z,1.0,0.0,9,False,90,0,0,1,0,0,0,0,0,0,1,0,25,15.0,0.1,0.0,1.5,2,10,0,0,1,0.0,0.0,0.0,0.47,57,81905,3546345,131150,49245,1,GKP,David Raya Martín,Arsenal
253,81,1,2,False,2025-10-26T14:00:00Z,1.0,0.0,9,False,90,0,0,0,1,0,0,0,0,0,2,0,9,17.4,0.0,0.0,1.7,0,4,0,0,1,0.0,0.01,0.01,1.08,50,-38652,929448,6824,45476,253,GKP,Dean Henderson,Crystal Palace
21,81,8,7,True,2025-10-26T14:00:00Z,1.0,0.0,9,False,81,0,1,1,0,0,0,0,0,0,0,1,27,21.2,40.8,29.0,9.1,3,3,3,9,1,0.37,0.61,0.98,0.46,66,274464,1522337,312829,38365,21,MID,Declan Rice,Arsenal
583,86,9,0,False,2025-10-26T16:30:00Z,0.0,3.0,9,False,0,0,0,0,0,0,0,0,0,0,0,0,0,0.0,0.0,0.0,0.0,0,0,0,0,0,0.0,0.0,0.0,0.0,64,-26,1503,24,50,583,MID,Dejan Kulusevski,Spurs
535,85,7,0,False,2025-10-25T14:00:00Z,1.0,2.0,9,False,0,0,0,0,0,0,0,0,0,0,0,0,0,0.0,0.0,0.0,0.0,0,0,0,0,0,0.0,0.0,0.0,0.0,40,-48,1610,26,74,535,DEF,Dennis Cirkin,Sunderland
435,88,6,0,True,2025-10-25T16:30:00Z,4.0,2.0,9,False,0,0,0,0,0,0,0,0,0,0,0,0,0,0.0,0.0,0.0,0.0,0,0,0,0,0,0.0,0.0,0.0,0.0,40,-208,12399,97,305,435,GKP,Dermot Mee,Man Utd
574,86,9,0,False,2025-10-26T16:30:00Z,0.0,3.0,9,False,0,0,0,0,0,0,0,0,0,0,0,0,0,0.0,0.0,0.0,0.0,0,0,0,0,0,0.0,0.0,0.0,0.0,44,-9559,60904,566,10125,574,DEF,Destiny Udogie,Spurs
144,88,14,0,False,2025-10-25T16:30:00Z,4.0,2.0,9,False,0,0,0,0,0,0,0,0,0,0,0,0,0,0.0,0.0,0.0,0.0,0,0,0,0,0,0.0,0.0,0.0,0.0,43,-154,6414,95,249,144,DEF,Diego Coppola,Brighton
169,88,14,1,False,2025-10-25T16:30:00Z,4.0,2.0,9,False,30,0,0,0,2,0,0,0,0,0,0,0,3,7.8,2.0,6.0,1.6,2,3,2,7,0,0.04,0.0,0.04,0.67,49,-1382,11313,176,1558,169,MID,Diego Gómez Amarilla,Brighton
439,88,6,0,True,2025-10-25T16:30:00Z,4.0,2.0,9,False,0,0,0,0,0,0,0,0,0,0,0,0,0,0.0,0.0,0.0,0.0,0,0,0,0,0,0.0,0.0,0.0,0.0,43,-186,6883,90,276,439,DEF,Diego León Blanco,Man Utd
734,83,4,0,False,2025-10-26T14:00:00Z,2.0,0.0,9,False,0,0,0,0,0,0,0,0,0,0,0,0,0,0.0,0.0,0.0,0.0,0,0,0,0,0,0.0,0.0,0.0,0.0,60,-152,1932,123,275,734,MID,Dilane Bakwa,Nott'm Forest
440,88,6,1,True,2025-10-25T16:30:00Z,4.0,2.0,9,False,90,0,0,0,2,0,0,0,0,0,0,0,4,9.6,15.2,1.0,2.6,2,4,2,4,1,0.03,0.08,0.11,1.12,44,8888,123125,11997,3109,440,DEF,Diogo Dalot Teixeira,Man Utd
739,82,2,0,False,2025-10-26T14:00:00Z,1.0,0.0,9,False,0,0,0,0,0,0,0,0,0,0,0,0,0,0.0,0.0,0.0,0.0,0,0,0,0,0,0.0,0.0,0.0,0.0,45,-32,2088,124,156,739,MID,Divine Mukasa,Man City
573,86,9,6,False,2025-10-26T16:30:00Z,0.0,3.0,9,False,90,0,0,1,0,0,0,0,0,0,0,0,17,8.4,1.0,0.0,0.9,5,3,1,6,1,0.0,0.0,0.0,1.53,45,-17836,221641,3834,21670,573,DEF,Djed Spence,Spurs
691,87,19,2,True,2025-10-24T19:00:00Z,2.0,1.0,9,False,86,0,0,1,0,0,0,0,0,0,0,0,5,2.2,12.1,6.0,2.0,1,1,1,3,1,0.1,0.02,0.12,0.58,55,-7895,209534,29726,37621,691,FWD,Dominic Calvert-Lewin,Leeds
94,83,16,0,True,2025-10-26T14:00:00Z,2.0,0.0,9,False,0,0,0,0,0,0,0,0,0,0,0,0,0,0.0,0.0,0.0,0.0,0,0,0,0,0,0.0,0.0,0.0,0.0,45,-304,5301,0,304,94,MID,Dominic Sadi,Bournemouth
596,86,9,0,False,2025-10-26T16:30:00Z,0.0,3.0,9,False,0,0,0,0,0,0,0,0,0,0,0,0,0,0.0,0.0,0.0,0.0,0,0,0,0,0,0.0,0.0,0.0,0.0,72,-3161,121148,134,3295,596,FWD,Dominic Solanke-Mitchell,Spurs
387,84,5,10,False,2025-10-25T19:00:00Z,3.0,2.0,9,False,90,0,1,0,3,0,0,0,0,0,0,3,37,59.4,43.0,13.0,11.5,6,10,6,22,1,0.03,0.23,0.26,2.75,65,6495,462980,35568,29073,387,MID,Dominik Szoboszlai,Liverpool
53,82,13,1,True,2025-10-26T14:00:00Z,1.0,0.0,9,False,4,0,0,0,0,0,0,0,0,0,0,0,4,2.0,0.0,0.0,0.2,0,0,1,1,0,0.0,0.0,0.0,0.2,51,2845,93926,11127,8282,53,MID,Donyell Malen,Aston Villa
699,83,4,0,False,2025-10-26T14:00:00Z,2.0,0.0,9,False,45,0,0,0,2,0,0,0,1,0,0,0,8,13.2,2.1,0.0,1.5,3,4,3,10,1,0.0,0.0,0.0,0.48,50,414,6473,809,395,699,MID,Douglas Luiz Soares de Paulo,Aston Villa
300,86,18,0,True,2025-10-26T16:30:00Z,0.0,3.0,9,False,0,0,0,0,0,0,0,0,0,0,0,0,0,0.0,0.0,0.0,0.0,0,0,0,0,0,0.0,0.0,0.0,0.0,56,-312,16101,592,904,300,MID,Dwight McNeil,Everton
247,85,17,0,True,2025-10-25T14:00:00Z,1.0,2.0,9,False,0,0,0,0,0,0,0,0,0,0,0,0,0,0.0,0.0,0.0,0.0,0,0,0,0,0,0.0,0.0,0.0,0.0,43,1654,7082,2215,561,247,MID,Dário Luís Essugo,Chelsea
266,81,8,11,True,2025-10-26T14:00:00Z,1.0,0.0,9,False,87,1,0,1,0,0,0,0,0,0,0,3,32,42.6,4.6,19.0,6.6,1,1,2,4,1,0.08,0.02,0.1,0.46,76,-83247,1643296,47018,130265,266,MID,Eberechi Eze,Arsenal
284,81,1,1,False,2025-10-26T14:00:00Z,1.0,0.0,9,False,31,0,0,0,0,0,0,0,0,0,0,0,6,6.0,11.8,19.0,3.7,1,1,0,2,0,0.19,0.08,0.27,0.24,54,-1477,61867,7510,8987,284,FWD,Eddie Nketiah,Crystal Palace
399,82,2,0,False,2025-10-26T14:00:00Z,1.0,0.0,9,False,0,0,0,0,0,0,0,0,0,0,0,0,0,0.0,0.0,0.0,0.0,0,0,0,0,0,0.0,0.0,0.0,0.0,53,-3443,120196,0,3443,399,GKP,Ederson Santana de Moraes,Man City
616,87,11,0,False,2025-10-24T19:00:00Z,2.0,1.0,9,False,0,0,0,0,0,0,0,0,0,0,0,0,0,0.0,0.0,0.0,0.0,0,0,0,0,0,0.0,0.0,0.0,0.0,49,-170,6807,0,170,616,MID,Edson Álvarez Velázquez,West Ham
154,88,14,0,False,2025-10-25T16:30:00Z,4.0,2.0,9,False,0,0,0,0,0,0,0,0,0,0,0,0,0,0.0,0.0,0.0,0.0,0,0,0,0,0,0.0,0.0,0.0,0.0,40,-14,724,0,14,154,DEF,Eiran Cashin,Brighton
561,85,7,0,False,2025-10-25T14:00:00Z,1.0,2.0,9,False,0,0,0,0,0,0,0,0,0,0,0,0,0,0.0,0.0,0.0,0.0,0,0,0,0,0,0.0,0.0,0.0,0.0,55,-9772,94602,1217,10989,561,FWD,Eliezer Mayenda Dossou,Sunderland
705,86,18,0,True,2025-10-26T16:30:00Z,0.0,3.0,9,False,0,0,0,0,0,0,0,0,0,0,0,0,0,0.0,0.0,0.0,0.0,0,0,0,0,0,0.0,0.0,0.0,0.0,40,-328,20051,319,647,705,DEF,Elijah Campbell,Everton
102,84,12,0,True,2025-10-25T19:00:00Z,3.0,2.0,9,False,0,0,0,0,0,0,0,0,0,0,0,0,0,0.0,0.0,0.0,0.0,0,0,0,0,0,0.0,0.0,0.0,0.0,40,-451,35386,433,884,102,GKP,Ellery Balcombe,Brentford
517,83,4,2,False,2025-10-26T14:00:00Z,2.0,0.0,9,False,90,0,0,0,2,0,0,0,0,0,0,0,15,16.0,26.8,0.0,4.3,1,7,3,11,1,0.0,0.14,0.14,0.59,53,-24777,402432,8096,32873,517,MID,Elliot Anderson,Nott'm Forest
433,88,6,0,True,2025-10-25T16:30:00Z,4.0,2.0,9,False,0,0,0,0,0,0,0,0,0,0,0,0,0,0.0,0.0,0.0,0.0,0,0,0,0,0,0.0,0.0,0.0,0.0,40,-3,237,0,3,433,GKP,Elyh Harrison,Man Utd
603,87,11,1,False,2025-10-24T19:00:00Z,2.0,1.0,9,False,90,0,0,0,2,0,0,0,0,0,0,0,3,9.6,3.2,3.0,1.6,2,2,1,3,1,0.04,0.01,0.05,1.49,44,-15329,451994,15413,30742,603,DEF,El Hadji Malick Diouf,West Ham
604,87,11,0,False,2025-10-24T19:00:00Z,2.0,1.0,9,False,0,0,0,0,0,0,0,0,0,0,0,0,0,0.0,0.0,0.0,0.0,0,0,0,0,0,0.0,0.0,0.0,0.0,44,-357,8274,0,357,604,DEF,Emerson Palmieri dos Santos,West Ham
325,89,15,1,False,2025-10-25T14:00:00Z,2.0,1.0,9,False,45,0,0,0,1,0,0,0,0,0,0,0,5,10.8,13.9,15.0,4.0,3,1,0,4,1,0.1,0.03,0.13,0.93,57,-3372,58453,951,4323,325,MID,Emile Smith Rowe,Fulham
50,82,13,4,True,2025-10-26T14:00:00Z,1.0,0.0,9,False,28,0,1,0,0,0,0,0,0,0,0,0,12,15.8,11.8,4.0,3.2,0,2,0,2,1,0.02,0.03,0.05,0.19,53,7603,30281,10492,2889,50,MID,Emiliano Buendía Stati,Aston Villa
32,82,13,8,True,2025-10-26T14:00:00Z,1.0,0.0,9,False,90,0,0,1,0,0,0,0,0,0,3,1,32,27.2,0.0,0.0,2.7,0,16,0,0,1,0.0,0.0,0.0,1.18,50,-6575,245733,5010,11585,32,GKP,Emiliano Martínez Romero,Aston Villa
479,89,10,0,True,2025-10-25T14:00:00Z,2.0,1.0,9,False,0,0,0,0,0,0,0,0,0,0,0,0,0,0.0,0.0,0.0,0.0,0,0,0,0,0,0.0,0.0,0.0,0.0,44,-119,5583,48,167,479,DEF,Emil Krafth,Newcastle
631,90,3,0,True,2025-10-26T14:00:00Z,2.0,3.0,9,False,0,0,0,0,0,0,0,0,0,0,0,0,0,0.0,0.0,0.0,0.0,0,0,0,0,0,0.0,0.0,0.0,0.0,44,-2295,26524,218,2513,631,DEF,Emmanuel Agbadou,Wolves
392,84,5,0,False,2025-10-25T19:00:00Z,3.0,2.0,9,False,0,0,0,0,0,0,0,0,0,0,0,0,0,0.0,0.0,0.0,0.0,0,0,0,0,0,0.0,0.0,0.0,0.0,49,-534,11463,156,690,392,MID,Endo Wataru,Liverpool
98,83,16,1,True,2025-10-26T14:00:00Z,2.0,0.0,9,False,1,0,0,0,0,0,0,0,0,0,0,0,3,0.0,0.0,0.0,0.0,0,0,0,0,0,0.0,0.0,0.0,0.0,54,-30,1245,44,74,98,FWD,Enes Ünal,Bournemouth
203,90,20,0,False,2025-10-26T14:00:00Z,2.0,3.0,9,False,0,0,0,0,0,0,0,0,0,0,0,0,0,0.0,0.0,0.0,0.0,0,0,0,0,0,0.0,0.0,0.0,0.0,48,-109,5222,70,179,203,MID,Enock Agyei,Burnley
652,90,3,0,True,2025-10-26T14:00:00Z,2.0,3.0,9,False,0,0,0,0,0,0,0,0,0,0,0,0,0,0.0,0.0,0.0,0.0,0,0,0,0,0,0.0,0.0,0.0,0.0,44,-6701,186244,2754,9455,652,MID,Enso González Medina,Wolves
56,82,13,0,True,2025-10-26T14:00:00Z,1.0,0.0,9,False,0,0,0,0,0,0,0,0,0,0,0,0,0,0.0,0.0,0.0,0.0,0,0,0,0,0,0.0,0.0,0.0,0.0,50,-2,49,0,2,56,MID,Enzo Barrenechea,Aston Villa
237,85,17,2,True,2025-10-25T14:00:00Z,1.0,2.0,9,False,90,0,0,0,2,0,0,0,0,0,0,0,22,21.2,41.6,46.0,10.9,1,5,0,6,1,0.13,0.43,0.56,1.31,67,70561,1872553,273234,202673,237,MID,Enzo Fernández,Chelsea
547,85,7,1,False,2025-10-25T14:00:00Z,1.0,2.0,9,False,74,0,0,0,1,0,0,0,1,0,0,0,7,10.0,24.4,3.0,3.7,2,5,2,9,1,0.04,0.02,0.06,0.78,49,-997,47727,2319,3316,547,MID,Enzo Le Fée,Sunderland
523,83,4,0,False,2025-10-26T14:00:00Z,2.0,0.0,9,False,0,0,0,0,0,0,0,0,0,0,0,0,0,0.0,0.0,0.0,0.0,0,0,0,0,0,0.0,0.0,0.0,0.0,45,-340,8306,0,340,523,MID,Eric da Silva Moreira,Nott'm Forest
430,82,2,2,False,2025-10-26T14:00:00Z,1.0,0.0,9,False,90,0,0,0,1,0,0,0,0,0,0,0,9,15.2,2.6,53.0,7.1,3,0,0,3,1,0.23,0.01,0.24,0.81,147,470274,8327859,478726,8452,430,FWD,Erling Haaland,Man City
238,85,17,1,True,2025-10-25T14:00:00Z,1.0,2.0,9,False,32,0,0,0,1,0,0,0,0,0,0,0,3,1.2,12.2,15.0,2.8,0,0,0,0,0,0.08,0.09,0.17,0.29,65,20483,312800,45033,24550,238,MID,Estêvão Almeida de Oliveira Gonçalves,Chelsea
354,87,19,4,True,2025-10-24T19:00:00Z,2.0,1.0,9,False,90,0,0,0,1,0,0,0,0,0,0,0,12,15.6,15.1,6.0,3.7,7,5,2,14,1,0.23,0.01,0.24,0.65,49,-696,8392,335,1031,354,MID,Ethan Ampadu,Leeds
25,81,8,0,True,2025-10-26T14:00:00Z,1.0,0.0,9,False,0,0,0,0,0,0,0,0,0,0,0,0,0,0.0,0.0,0.0,0.0,0,0,0,0,0,0.0,0.0,0.0,0.0,52,-784,19086,479,1263,25,MID,Ethan Nwaneri,Arsenal
111,84,12,0,True,2025-10-25T19:00:00Z,3.0,2.0,9,False,0,0,0,0,0,0,0,0,0,0,0,0,0,0.0,0.0,0.0,0.0,0,0,0,0,0,0.0,0.0,0.0,0.0,43,-625,15099,285,910,111,DEF,Ethan Pinnock,Brentford
468,88,6,0,True,2025-10-25T16:30:00Z,4.0,2.0,9,False,0,0,0,0,0,0,0,0,0,0,0,0,0,0.0,0.0,0.0,0.0,0,0,0,0,0,0.0,0.0,0.0,0.0,45,-527,12530,0,527,468,FWD,Ethan Wheatley,Man Utd
184,90,20,0,False,2025-10-26T14:00:00Z,2.0,3.0,9,False,0,0,0,0,0,0,0,0,0,0,0,0,0,0.0,0.0,0.0,0.0,0,0,0,0,0,0.0,0.0,0.0,0.0,40,-1257,29939,0,1257,184,GKP,Etienne Green,Burnley
677,82,13,1,True,2025-10-26T14:00:00Z,1.0,0.0,9,False,16,0,0,0,0,0,0,0,0,0,0,0,9,4.2,0.0,0.0,0.4,0,3,2,5,0,0.0,0.0,0.0,0.54,63,-204,4988,184,388,677,MID,Evann Guessand,Crystal Palace
179,88,14,0,False,2025-10-25T16:30:00Z,4.0,2.0,9,False,0,0,0,0,0,0,0,0,0,0,0,0,0,0.0,0.0,0.0,0.0,0,0,0,0,0,0.0,0.0,0.0,0.0,55,-10,1038,0,10,179,FWD,Evan Ferguson,Brighton
38,82,13,8,True,2025-10-26T14:00:00Z,1.0,0.0,9,False,90,0,0,1,0,0,0,0,0,0,0,0,31,30.8,0.5,2.0,3.3,11,4,1,12,1,0.0,0.0,0.0,1.18,45,-90058,1108186,6819,96877,38,DEF,Ezri Konsa Ngoyo,Aston Villa
474,89,10,1,True,2025-10-25T14:00:00Z,2.0,1.0,9,False,29,0,0,0,0,0,0,0,0,0,0,0,8,19.4,0.3,0.0,2.0,7,2,1,8,0,0.0,0.01,0.01,0.18,54,-10547,230773,5342,15889,474,DEF,Fabian Schär,Newcastle
168,85,17,0,True,2025-10-25T14:00:00Z,1.0,2.0,9,False,0,0,0,0,0,0,0,0,0,0,0,0,0,0.0,0.0,0.0,0.0,0,0,0,0,0,0.0,0.0,0.0,0.0,48,-746,11842,225,971,168,MID,Facundo Buonanotte,Leeds
385,84,5,1,False,2025-10-25T19:00:00Z,3.0,2.0,9,False,29,0,0,0,0,0,0,0,0,0,0,0,6,6.6,1.0,9.0,1.7,1,1,2,4,0,0.08,0.01,0.09,0.39,64,2146,42556,4153,2007,385,MID,Federico Chiesa,Liverpool
511,83,4,0,False,2025-10-26T14:00:00Z,2.0,0.0,9,False,0,0,0,0,0,0,0,0,0,0,0,0,0,0.0,0.0,0.0,0.0,0,0,0,0,0,0.0,0.0,0.0,0.0,44,-381,9778,228,609,511,DEF,Felipe Rodrigues da Silva,Nott'm Forest
148,88,14,-1,False,2025-10-25T16:30:00Z,4.0,2.0,9,False,90,0,0,0,4,0,0,0,1,0,0,0,-4,12.6,7.0,12.0,3.2,2,5,2,4,1,0.13,0.05,0.18,1.29,44,18,18437,1058,1040,148,DEF,Ferdi Kadıoğlu,Brighton
645,90,3,0,True,2025-10-26T14:00:00Z,2.0,3.0,9,False,0,0,0,0,0,0,0,0,0,0,0,0,0,0.0,0.0,0.0,0.0,0,0,0,0,0,0.0,0.0,0.0,0.0,53,-107,3741,49,156,645,MID,Fer López González,Wolves
221,85,17,0,True,2025-10-25T14:00:00Z,1.0,2.0,9,False,0,0,0,0,0,0,0,0,0,0,0,0,0,0.0,0.0,0.0,0.0,0,0,0,0,0,0.0,0.0,0.0,0.0,44,-738,22362,264,1002,221,GKP,Filip Jörgensen,Chelsea
35,82,13,0,True,2025-10-26T14:00:00Z,1.0,0.0,9,False,0,0,0,0,0,0,0,0,0,0,0,0,0,0.0,0.0,0.0,0.0,0,0,0,0,0,0.0,0.0,0.0,0.0,40,-31,1362,0,31,35,GKP,Filip Marschall,Aston Villa
722,90,20,2,False,2025-10-26T14:00:00Z,2.0,3.0,9,False,90,0,0,0,2,0,0,0,0,0,0,0,8,4.4,12.7,4.0,2.1,2,1,1,4,1,0.03,0.04,0.07,2.47,50,4434,7028,5221,787,722,MID,Florentino Ibrain Morris Luís,Burnley
382,84,5,2,False,2025-10-25T19:00:00Z,3.0,2.0,9,False,82,0,0,0,3,0,0,0,0,0,0,0,11,6.2,18.1,8.0,3.2,1,4,1,6,1,0.18,0.13,0.31,2.54,81,-46853,989649,22539,69392,382,MID,Florian Wirtz,Liverpool
97,83,16,0,True,2025-10-26T14:00:00Z,2.0,0.0,9,False,0,0,0,0,0,0,0,0,0,0,0,0,0,0.0,0.0,0.0,0.0,0,0,0,0,0,0.0,0.0,0.0,0.0,70,-113387,217610,1665,115052,97,FWD,Francisco Evanilson de Lima Barbosa,Bournemouth
282,81,1,0,False,2025-10-26T14:00:00Z,1.0,0.0,9,False,0,0,0,0,0,0,0,0,0,0,0,0,0,0.0,0.0,0.0,0.0,0,0,0,0,0,0.0,0.0,0.0,0.0,45,-95,2497,0,95,282,MID,Franco Umeh-Chibueze,Crystal Palace
128,84,12,1,True,2025-10-25T19:00:00Z,3.0,2.0,9,False,1,0,0,0,0,0,0,0,0,0,0,0,3,1.0,0.0,0.0,0.1,1,0,0,1,0,0.0,0.0,0.0,0.38,49,-214,6851,94,308,128,MID,Frank Onyeka,Brentford
623,87,11,1,False,2025-10-24T19:00:00Z,2.0,1.0,9,False,26,0,0,0,0,0,0,0,0,0,0,0,10,3.2,2.9,0.0,0.6,0,4,0,4,0,0.0,0.03,0.03,0.0,44,-3812,80104,1220,5032,623,MID,Freddie Potts,West Ham
369,84,5,0,False,2025-10-25T19:00:00Z,3.0,2.0,9,False,0,0,0,0,0,0,0,0,0,0,0,0,0,0.0,0.0,0.0,0.0,0,0,0,0,0,0.0,0.0,0.0,0.0,39,953,25565,2021,1068,369,GKP,Freddie Woodman,Liverpool
23,81,8,0,True,2025-10-26T14:00:00Z,1.0,0.0,9,False,0,0,0,0,0,0,0,0,0,0,0,0,0,0.0,0.0,0.0,0.0,0,0,0,0,0,0.0,0.0,0.0,0.0,54,-49,2703,0,49,23,MID,Fábio Ferreira Vieira,Arsenal
123,84,12,0,True,2025-10-25T19:00:00Z,3.0,2.0,9,False,0,0,0,0,0,0,0,0,0,0,0,0,0,0.0,0.0,0.0,0.0,0,0,0,0,0,0.0,0.0,0.0,0.0,49,-1944,27278,372,2316,123,MID,Fábio Freitas Gouveia Carvalho,Brentford
655,90,3,0,True,2025-10-26T14:00:00Z,2.0,3.0,9,False,0,0,0,0,0,0,0,0,0,0,0,0,0,0.0,0.0,0.0,0.0,0,0,0,0,0,0.0,0.0,0.0,0.0,49,-1005,25613,0,1005,655,FWD,Fábio Soares Silva,Wolves
5,81,8,9,True,2025-10-26T14:00:00Z,1.0,0.0,9,False,90,0,0,1,0,0,0,0,0,0,0,3,32,27.2,11.2,9.0,4.7,9,0,0,9,1,0.1,0.03,0.13,0.47,64,434572,4322773,494883,60311,5,DEF,Gabriel dos Santos Magalhães,Arsenal
31,81,8,0,True,2025-10-26T14:00:00Z,1.0,0.0,9,False,0,0,0,0,0,0,0,0,0,0,0,0,0,0.0,0.0,0.0,0.0,0,0,0,0,0,0.0,0.0,0.0,0.0,64,-53,4792,77,130,31,FWD,Gabriel Fernando de Jesus,Arsenal
347,87,19,1,True,2025-10-24T19:00:00Z,2.0,1.0,9,False,43,0,0,0,0,0,0,0,0,0,0,0,7,9.0,14.2,2.0,2.5,4,0,0,4,1,0.0,0.11,0.11,0.1,40,-23875,658576,13786,37661,347,DEF,Gabriel Gudmundsson,Leeds
19,81,8,1,True,2025-10-26T14:00:00Z,1.0,0.0,9,False,24,0,0,0,0,0,0,0,0,0,0,0,2,1.0,0.3,2.0,0.3,1,0,0,1,0,0.0,0.0,0.0,0.39,69,-2835,145493,8720,11555,19,MID,Gabriel Martinelli Silva,Arsenal
223,85,17,0,True,2025-10-25T14:00:00Z,1.0,2.0,9,False,0,0,0,0,0,0,0,0,0,0,0,0,0,0.0,0.0,0.0,0.0,0,0,0,0,0,0.0,0.0,0.0,0.0,39,754,13657,1223,469,223,GKP,Gabriel Słonina,Chelsea
496,89,10,0,True,2025-10-25T14:00:00Z,2.0,1.0,9,False,0,0,0,0,0,0,0,0,0,0,0,0,0,0.0,0.0,0.0,0.0,0,0,0,0,0,0.0,0.0,0.0,0.0,44,-261,5488,0,261,496,MID,Garang Kuol,Newcastle
620,87,11,0,False,2025-10-24T19:00:00Z,2.0,1.0,9,False,0,0,0,0,0,0,0,0,0,0,0,0,0,0.0,0.0,0.0,0.0,0,0,0,0,0,0.0,0.0,0.0,0.0,45,-339,6304,49,388,620,MID,George Earthy,West Ham
158,88,14,2,False,2025-10-25T16:30:00Z,4.0,2.0,9,False,78,0,0,0,3,0,0,0,0,0,0,0,8,4.6,13.7,4.0,2.2,0,1,0,1,1,0.0,0.07,0.07,0.86,57,2622,50239,5928,3306,158,MID,Georginio Rutter,Brighton
736,82,2,2,False,2025-10-26T14:00:00Z,1.0,0.0,9,False,90,0,0,0,1,0,0,0,0,0,2,0,10,18.8,0.0,0.0,1.9,1,7,0,0,1,0.0,0.0,0.0,0.81,57,64197,1269939,90639,26442,736,GKP,Gianluigi Donnarumma,Man City
367,84,5,2,False,2025-10-25T19:00:00Z,3.0,2.0,9,False,90,0,0,0,3,0,0,0,0,0,5,0,11,38.4,0.0,0.0,3.8,3,10,0,0,1,0.0,0.0,0.0,2.75,43,9496,112665,15272,5776,367,GKP,Giorgi Mamardashvili,Liverpool
692,84,5,0,False,2025-10-25T19:00:00Z,3.0,2.0,9,False,0,0,0,0,0,0,0,0,0,0,0,0,0,0.0,0.0,0.0,0.0,0,0,0,0,0,0.0,0.0,0.0,0.0,49,-35,1803,22,57,692,DEF,Giovanni Leoni,Liverpool
647,90,3,0,True,2025-10-26T14:00:00Z,2.0,3.0,9,False,0,0,0,0,0,0,0,0,0,0,0,0,0,0.0,0.0,0.0,0.0,0,0,0,0,0,0.0,0.0,0.0,0.0,55,-2,434,0,2,647,MID,Gonçalo Manuel Ganchinho Guedes,Wolves
668,85,7,2,False,2025-10-25T14:00:00Z,1.0,2.0,9,False,90,0,0,0,1,0,0,0,0,0,0,0,13,17.8,12.5,7.0,3.7,3,2,4,9,1,0.15,0.02,0.17,0.9,51,30437,576227,60651,30214,668,MID,Granit Xhaka,Sunderland
565,86,9,6,False,2025-10-26T16:30:00Z,0.0,3.0,9,False,90,0,0,1,0,0,0,0,0,0,2,0,29,16.0,0.0,0.0,1.6,2,10,0,0,1,0.0,0.0,0.0,1.53,51,-81379,1334874,9222,90601,565,GKP,Guglielmo Vicario,Spurs
618,87,11,0,False,2025-10-24T19:00:00Z,2.0,1.0,9,False,0,0,0,0,0,0,0,0,0,0,0,0,0,0.0,0.0,0.0,0.0,0,0,0,0,0,0.0,0.0,0.0,0.0,48,0,5707,135,135,618,MID,Guido Rodríguez,West Ham
127,84,12,0,True,2025-10-25T19:00:00Z,3.0,2.0,9,False,0,0,0,0,0,0,0,0,0,0,0,0,0,0.0,0.0,0.0,0.0,0,0,0,0,0,0.0,0.0,0.0,0.0,49,67,901,97,30,127,MID,Gustavo Nunes Fernandes Gomes,Brentford
544,85,7,0,False,2025-10-25T14:00:00Z,1.0,2.0,9,False,0,0,0,0,0,0,0,0,0,0,0,0,0,0.0,0.0,0.0,0.0,0,0,0,0,0,0.0,0.0,0.0,0.0,54,-420,5678,39,459,544,MID,Habib Diarra,Sunderland
93,83,16,0,True,2025-10-26T14:00:00Z,2.0,0.0,9,False,0,0,0,0,0,0,0,0,0,0,0,0,0,0.0,0.0,0.0,0.0,0,0,0,0,0,0.0,0.0,0.0,0.0,45,-3872,53100,0,3872,93,MID,Hamed Traorè,Bournemouth
188,90,20,0,False,2025-10-26T14:00:00Z,2.0,3.0,9,False,0,0,0,0,0,0,0,0,0,0,0,0,0,0.0,0.0,0.0,0.0,0,0,0,0,0,0.0,0.0,0.0,0.0,39,-940,30400,338,1278,188,DEF,Hannes Delcroix,Burnley
207,90,20,4,False,2025-10-26T14:00:00Z,2.0,3.0,9,False,1,0,1,0,0,0,0,0,0,0,0,0,16,17.2,13.3,0.0,3.1,0,1,0,1,0,0.0,0.28,0.28,0.05,49,-698,15512,359,1057,207,MID,Hannibal Mejbri,Burnley
305,86,18,0,True,2025-10-26T16:30:00Z,0.0,3.0,9,False,0,0,0,0,0,0,0,0,0,0,0,0,0,0.0,0.0,0.0,0.0,0,0,0,0,0,0.0,0.0,0.0,0.0,45,-360,7234,0,360,305,MID,Harrison Armstrong,Everton
482,89,10,0,True,2025-10-25T14:00:00Z,2.0,1.0,9,False,0,0,0,0,0,0,0,0,0,0,0,0,0,0.0,0.0,0.0,0.0,0,0,0,0,0,0.0,0.0,0.0,0.0,39,-1394,18112,72,1466,482,DEF,Harrison Ashby,Newcastle
557,85,7,0,False,2025-10-25T14:00:00Z,1.0,2.0,9,False,0,0,0,0,0,0,0,0,0,0,0,0,0,0.0,0.0,0.0,0.0,0,0,0,0,0,0.0,0.0,0.0,0.0,44,-108,7248,278,386,557,MID,Harrison Jones,Sunderland
336,89,15,0,False,2025-10-25T14:00:00Z,2.0,1.0,9,False,0,0,0,0,0,0,0,0,0,0,0,0,0,0.0,0.0,0.0,0.0,0,0,0,0,0,0.0,0.0,0.0,0.0,44,-1291,30228,710,2001,336,MID,Harrison Reed,Fulham
445,88,6,0,True,2025-10-25T16:30:00Z,4.0,2.0,9,False,0,0,0,0,0,0,0,0,0,0,0,0,0,0.0,0.0,0.0,0.0,0,0,0,0,0,0.0,0.0,0.0,0.0,40,-355,10941,0,355,445,DEF,Harry Amass,Man Utd
741,87,19,0,True,2025-10-24T19:00:00Z,2.0,1.0,9,False,0,0,0,0,0,0,0,0,0,0,0,0,0,0.0,0.0,0.0,0.0,0,0,0,0,0,0.0,0.0,0.0,0.0,45,-275,6235,748,1023,741,FWD,Harry Gray,Leeds
442,88,6,0,True,2025-10-25T16:30:00Z,4.0,2.0,9,False,0,0,0,0,0,0,0,0,0,0,0,0,0,0.0,0.0,0.0,0.0,0,0,0,0,0,0.0,0.0,0.0,0.0,44,19454,106781,23907,4453,442,DEF,Harry Maguire,Man Utd
289,86,18,0,True,2025-10-26T16:30:00Z,0.0,3.0,9,False,0,0,0,0,0,0,0,0,0,0,0,0,0,0.0,0.0,0.0,0.0,0,0,0,0,0,0.0,0.0,0.0,0.0,40,-249,13817,84,333,289,GKP,Harry Tyrer,Everton
329,89,15,0,False,2025-10-25T14:00:00Z,2.0,1.0,9,False,0,0,0,0,0,0,0,0,0,0,0,0,0,0.0,0.0,0.0,0.0,0,0,0,0,0,0.0,0.0,0.0,0.0,53,-587,44377,3295,3882,329,MID,Harry Wilson,Fulham
487,89,10,1,True,2025-10-25T14:00:00Z,2.0,1.0,9,False,29,0,0,0,0,0,0,0,0,0,0,0,6,5.0,16.8,8.0,3.0,0,0,0,0,0,0.0,0.05,0.05,0.18,64,-1416,50719,4251,5667,487,MID,Harvey Barnes,Newcastle
389,82,13,0,True,2025-10-26T14:00:00Z,1.0,0.0,9,False,0,0,0,0,0,0,0,0,0,0,0,0,0,0.0,0.0,0.0,0.0,0,0,0,0,0,0.0,0.0,0.0,0.0,54,-7184,41445,783,7967,389,MID,Harvey Elliott,Aston Villa
190,90,20,1,False,2025-10-26T14:00:00Z,2.0,3.0,9,False,1,0,0,0,0,0,0,0,0,0,0,0,3,0.0,0.0,0.0,0.0,0,0,0,0,0,0.0,0.0,0.0,0.05,40,-15300,156502,664,15964,190,DEF,Hjalmar Ekdal,Burnley
633,90,3,1,True,2025-10-26T14:00:00Z,2.0,3.0,9,False,84,0,0,0,2,0,0,0,0,0,0,0,10,19.8,36.1,5.0,6.1,4,4,3,7,1,0.06,0.1,0.16,1.06,44,796,12831,1511,715,633,DEF,Hugo Bueno López,Wolves
661,84,5,2,False,2025-10-25T19:00:00Z,3.0,2.0,9,False,90,0,0,0,3,0,0,0,0,0,0,0,0,3.2,12.3,17.0,3.3,4,1,0,5,1,0.35,0.01,0.36,2.75,86,30770,2072944,224463,193693,661,FWD,Hugo Ekitiké,Liverpool
642,90,3,1,True,2025-10-26T14:00:00Z,2.0,3.0,9,False,22,0,0,0,1,0,0,0,0,0,0,0,3,2.6,11.5,0.0,1.4,0,1,0,1,0,0.0,0.01,0.01,0.38,59,-2880,15742,187,3067,642,MID,Hwang Hee-chan,Wolves
105,84,12,0,True,2025-10-25T19:00:00Z,3.0,2.0,9,False,0,0,0,0,0,0,0,0,0,0,0,0,0,0.0,0.0,0.0,0.0,0,0,0,0,0,0.0,0.0,0.0,0.0,39,4229,84005,6892,2663,105,GKP,Hákon Rafn Valdimarsson,Brentford
39,82,13,1,True,2025-10-26T14:00:00Z,1.0,0.0,9,False,4,0,0,0,0,0,0,0,0,0,0,0,3,0.0,0.0,0.0,0.0,0,0,0,0,0,0.0,0.0,0.0,0.2,43,-2120,57526,834,2954,39,DEF,Ian Maatsen,Aston Villa
550,85,7,0,False,2025-10-25T14:00:00Z,1.0,2.0,9,False,0,0,0,0,0,0,0,0,0,0,0,0,0,0.0,0.0,0.0,0.0,0,0,0,0,0,0.0,0.0,0.0,0.0,48,-28,2766,37,65,550,MID,Ian Poveda-Ocampo,Sunderland
374,84,5,3,False,2025-10-25T19:00:00Z,3.0,2.0,9,False,90,0,0,0,3,0,0,0,0,0,0,0,8,25.4,11.8,4.0,4.1,6,2,4,10,1,0.0,0.01,0.01,2.75,54,-8010,346555,12495,20505,374,DEF,Ibrahima Konaté,Liverpool
521,83,4,0,False,2025-10-26T14:00:00Z,2.0,0.0,9,False,0,0,0,0,0,0,0,0,0,0,0,0,0,0.0,0.0,0.0,0.0,0,0,0,0,0,0.0,0.0,0.0,0.0,49,-213,7440,187,400,521,MID,Ibrahim Sangaré,Nott'm Forest
302,86,18,2,True,2025-10-26T16:30:00Z,0.0,3.0,9,False,85,0,0,0,2,0,0,0,0,0,0,0,17,5.2,1.8,7.0,1.4,2,7,2,11,1,0.08,0.02,0.1,1.66,54,-222,16569,1148,1370,302,MID,Idrissa Gana Gueye,Everton
526,83,4,1,False,2025-10-26T14:00:00Z,2.0,0.0,9,False,45,0,0,0,2,0,0,0,0,0,0,0,8,5.6,12.3,0.0,1.8,2,0,1,3,1,0.0,0.02,0.02,0.48,58,-4501,79482,6324,10825,526,FWD,Igor Jesus Maciel da Cruz,Nott'm Forest
149,87,11,0,False,2025-10-24T19:00:00Z,2.0,1.0,9,False,0,0,0,0,0,0,0,0,0,0,0,0,0,0.0,0.0,0.0,0.0,0,0,0,0,0,0.0,0.0,0.0,0.0,45,270,7979,695,425,149,DEF,Igor Julio dos Santos de Paulo,Brighton
136,84,12,5,True,2025-10-25T19:00:00Z,3.0,2.0,9,False,90,1,0,0,2,0,0,0,1,0,0,0,16,41.0,2.4,75.0,11.8,2,4,1,7,1,1.1,0.01,1.11,2.3,61,101249,588597,148621,47372,136,FWD,Igor Thiago Nascimento Rodrigues,Brentford
356,87,19,0,True,2025-10-24T19:00:00Z,2.0,1.0,9,False,18,0,0,0,1,0,0,0,1,0,0,0,2,0.4,0.3,0.0,0.1,0,2,1,3,0,0.0,0.0,0.0,0.22,48,-151,4437,79,230,356,MID,Ilia Gruev,Leeds
299,86,18,2,True,2025-10-26T16:30:00Z,0.0,3.0,9,False,90,0,0,0,3,0,0,0,0,0,0,0,11,13.8,3.7,21.0,3.9,1,6,3,10,1,0.17,0.56,0.73,2.08,65,95218,1378025,135650,40432,299,MID,Iliman Ndiaye,Everton
339,87,19,0,True,2025-10-24T19:00:00Z,2.0,1.0,9,False,0,0,0,0,0,0,0,0,0,0,0,0,0,0.0,0.0,0.0,0.0,0,0,0,0,0,0.0,0.0,0.0,0.0,43,-1797,51678,366,2163,339,GKP,Illan Meslier,Leeds
71,83,16,0,True,2025-10-26T14:00:00Z,2.0,0.0,9,False,0,0,0,0,0,0,0,0,0,0,0,0,0,0.0,0.0,0.0,0.0,0,0,0,0,0,0.0,0.0,0.0,0.0,50,-53,3263,0,53,71,DEF,Illia Zabarnyi,Bournemouth
495,89,10,0,True,2025-10-25T14:00:00Z,2.0,1.0,9,False,0,0,0,0,0,0,0,0,0,0,0,0,0,0.0,0.0,0.0,0.0,0,0,0,0,0,0.0,0.0,0.0,0.0,45,-34,937,0,34,495,MID,Isaac Hayden,Newcastle
308,86,18,0,True,2025-10-26T16:30:00Z,0.0,3.0,9,False,0,0,0,0,0,0,0,0,0,0,0,0,0,0.0,0.0,0.0,0.0,0,0,0,0,0,0.0,0.0,0.0,0.0,45,-76,2510,0,76,308,MID,Isaac Heath,Everton
349,87,19,0,True,2025-10-24T19:00:00Z,2.0,1.0,9,False,0,0,0,0,0,0,0,0,0,0,0,0,0,0.0,0.0,0.0,0.0,0,0,0,0,0,0.0,0.0,0.0,0.0,40,-411,10445,0,411,349,DEF,Isaac Schmidt,Leeds
267,81,1,2,False,2025-10-26T14:00:00Z,1.0,0.0,9,False,90,0,0,0,1,0,0,0,0,0,0,0,11,7.2,2.6,7.0,1.7,2,6,1,9,1,0.02,0.01,0.03,1.08,65,6233,1010293,93820,87587,267,MID,Ismaïla Sarr,Crystal Palace
28,81,8,0,True,2025-10-26T14:00:00Z,1.0,0.0,9,False,0,0,0,0,0,0,0,0,0,0,0,0,0,0.0,0.0,0.0,0.0,0,0,0,0,0,0.0,0.0,0.0,0.0,45,-778,16004,0,778,28,MID,Ismeal Kabia,Arsenal
320,89,15,1,False,2025-10-25T14:00:00Z,2.0,1.0,9,False,90,0,0,0,2,0,0,0,0,0,0,0,5,12.6,0.5,0.0,1.3,4,3,2,6,1,0.0,0.01,0.01,2.14,44,24,8401,287,263,320,DEF,Issa Diop,Fulham
137,84,12,0,True,2025-10-25T19:00:00Z,3.0,2.0,9,False,0,0,0,0,0,0,0,0,0,0,0,0,0,0.0,0.0,0.0,0.0,0,0,0,0,0,0.0,0.0,0.0,0.0,44,-1981,52329,2189,4170,137,FWD,Iwan Morgan,Brentford
695,90,3,1,True,2025-10-26T14:00:00Z,2.0,3.0,9,False,14,0,0,0,1,0,0,0,0,0,0,0,3,8.8,23.3,0.0,3.2,0,0,0,0,0,0.0,0.06,0.06,0.38,45,-50,2711,167,217,695,DEF,Jackson Tchatchoua,Wolves
462,88,6,0,True,2025-10-25T16:30:00Z,4.0,2.0,9,False,0,0,0,0,0,0,0,0,0,0,0,0,0,0.0,0.0,0.0,0.0,0,0,0,0,0,0.0,0.0,0.0,0.0,44,-152,6437,104,256,462,MID,Jack Fletcher,Man Utd
419,86,18,1,True,2025-10-26T16:30:00Z,0.0,3.0,9,False,90,0,0,0,3,0,0,0,1,0,0,0,13,14.6,34.9,20.0,7.0,3,6,1,10,1,0.15,0.09,0.24,2.08,69,45759,2287146,139242,93483,419,MID,Jack Grealish,Everton
352,87,19,1,True,2025-10-24T19:00:00Z,2.0,1.0,9,False,45,0,0,0,1,0,0,0,0,0,0,0,7,7.8,2.9,9.0,2.0,1,1,1,3,0,0.08,0.01,0.09,0.31,52,-15,8192,595,610,352,MID,Jack Harrison,Leeds
163,88,14,0,False,2025-10-25T16:30:00Z,4.0,2.0,9,False,0,0,0,0,0,0,0,0,0,0,0,0,0,0.0,0.0,0.0,0.0,0,0,0,0,0,0.0,0.0,0.0,0.0,52,-223,3815,16,239,163,MID,Jack Hinshelwood,Brighton
464,88,6,0,True,2025-10-25T16:30:00Z,4.0,2.0,9,False,0,0,0,0,0,0,0,0,0,0,0,0,0,0.0,0.0,0.0,0.0,0,0,0,0,0,0.0,0.0,0.0,0.0,45,-89,2615,0,89,464,MID,Jack Moorhouse,Man Utd
202,90,20,2,False,2025-10-26T14:00:00Z,2.0,3.0,9,False,68,0,0,0,2,0,0,0,0,0,0,0,5,3.2,11.3,13.0,2.8,0,0,1,1,1,0.07,0.11,0.18,2.18,53,-172,3885,182,354,202,MID,Jacob Bruun Larsen,Burnley
489,89,10,8,True,2025-10-25T14:00:00Z,2.0,1.0,9,False,60,1,0,0,1,0,0,0,0,0,0,1,30,41.0,3.8,57.0,10.2,0,3,1,4,1,0.49,0.03,0.52,1.35,62,-6937,110010,4004,10941,489,MID,Jacob Murphy,Newcastle
52,89,10,0,True,2025-10-25T14:00:00Z,2.0,1.0,9,False,0,0,0,0,0,0,0,0,0,0,0,0,0,0.0,0.0,0.0,0.0,0,0,0,0,0,0.0,0.0,0.0,0.0,53,-77,26055,792,869,52,MID,Jacob Ramsey,Newcastle
155,88,14,0,False,2025-10-25T16:30:00Z,4.0,2.0,9,False,0,0,0,0,0,0,0,0,0,0,0,0,0,0.0,0.0,0.0,0.0,0,0,0,0,0,0.0,0.0,0.0,0.0,40,-692,14727,0,692,155,DEF,Jacob Slater,Brighton
456,82,13,1,True,2025-10-26T14:00:00Z,1.0,0.0,9,False,44,0,0,0,0,0,0,0,0,0,0,0,2,8.0,2.3,56.0,6.6,1,1,0,2,0,0.27,0.02,0.29,0.45,59,-599,21642,733,1332,456,MID,Jadon Sancho,Aston Villa
200,90,20,2,False,2025-10-26T14:00:00Z,2.0,3.0,9,False,76,0,0,0,2,0,0,0,0,0,0,0,8,8.8,13.2,19.0,4.1,1,5,2,8,1,0.08,0.02,0.1,2.28,57,67937,904008,121896,53959,200,MID,Jaidon Anthony,Burnley
510,83,4,0,False,2025-10-26T14:00:00Z,2.0,0.0,9,False,0,0,0,0,0,0,0,0,0,0,0,0,0,0.0,0.0,0.0,0.0,0,0,0,0,0,0.0,0.0,0.0,0.0,43,-153,7376,139,292,510,DEF,Jair Paula da Cunha Filho,Nott'm Forest
344,87,19,4,True,2025-10-24T19:00:00Z,2.0,1.0,9,False,90,0,0,0,1,0,0,0,0,0,0,0,18,24.8,10.2,0.0,3.5,12,5,2,14,1,0.0,0.0,0.0,0.65,39,-624,14851,411,1035,344,DEF,Jaka Bijol,Leeds
293,86,18,1,True,2025-10-26T16:30:00Z,0.0,3.0,9,False,65,0,0,0,2,0,0,0,0,0,0,0,6,15.2,1.0,2.0,1.8,5,5,4,9,1,0.0,0.0,0.0,1.66,50,-1930,54804,1216,3146,293,DEF,Jake O'Brien,Everton
9,81,8,0,True,2025-10-26T14:00:00Z,1.0,0.0,9,False,0,0,0,0,0,0,0,0,0,0,0,0,0,0.0,0.0,0.0,0.0,0,0,0,0,0,0.0,0.0,0.0,0.0,54,-130,6794,0,130,9,DEF,Jakub Kiwior,Arsenal
480,89,10,0,True,2025-10-25T14:00:00Z,2.0,1.0,9,False,0,0,0,0,0,0,0,0,0,0,0,0,0,0.0,0.0,0.0,0.0,0,0,0,0,0,0.0,0.0,0.0,0.0,44,-207,7713,93,300,480,DEF,Jamaal Lascelles,Newcastle
62,82,13,0,True,2025-10-26T14:00:00Z,1.0,0.0,9,False,0,0,0,0,0,0,0,0,0,0,0,0,0,0.0,0.0,0.0,0.0,0,0,0,0,0,0.0,0.0,0.0,0.0,45,-83,7951,334,417,62,MID,Jamaldeen Jimoh-Aloba,Aston Villa
303,86,18,1,True,2025-10-26T16:30:00Z,0.0,3.0,9,False,90,0,0,0,3,0,0,0,1,0,0,0,19,15.2,20.0,5.0,4.0,2,2,6,10,1,0.11,0.13,0.24,2.08,50,-1212,116343,8823,10035,303,MID,James Garner,Everton
77,83,16,0,True,2025-10-26T14:00:00Z,2.0,0.0,9,False,0,0,0,0,0,0,0,0,0,0,0,0,0,0.0,0.0,0.0,0.0,0,0,0,0,0,0.0,0.0,0.0,0.0,40,-3326,109870,2796,6122,77,DEF,James Hill,Bournemouth
706,87,19,0,True,2025-10-24T19:00:00Z,2.0,1.0,9,False,46,0,0,0,1,0,0,0,1,0,0,0,0,10.8,1.1,0.0,1.2,7,4,1,8,0,0.0,0.0,0.0,0.55,40,-803,28361,547,1350,706,DEF,James Justin,Leeds
581,86,9,0,False,2025-10-26T16:30:00Z,0.0,3.0,9,False,0,0,0,0,0,0,0,0,0,0,0,0,0,0.0,0.0,0.0,0.0,0,0,0,0,0,0.0,0.0,0.0,0.0,69,-164,15787,58,222,581,MID,James Maddison,Spurs
426,83,4,0,False,2025-10-26T14:00:00Z,2.0,0.0,9,False,0,0,0,0,0,0,0,0,0,0,0,0,0,0.0,0.0,0.0,0.0,0,0,0,0,0,0.0,0.0,0.0,0.0,52,-608,12330,353,961,426,MID,James McAtee,Nott'm Forest
394,84,5,0,False,2025-10-25T19:00:00Z,3.0,2.0,9,False,0,0,0,0,0,0,0,0,0,0,0,0,0,0.0,0.0,0.0,0.0,0,0,0,0,0,0.0,0.0,0.0,0.0,44,-124,3201,0,124,394,MID,James McConnell,Liverpool
170,88,14,4,False,2025-10-25T16:30:00Z,4.0,2.0,9,False,31,0,1,0,2,0,0,0,0,0,0,0,24,24.4,34.2,0.0,5.9,1,2,0,3,0,0.0,0.28,0.28,0.67,50,-371,17642,715,1086,170,MID,James Milner,Brighton
291,86,18,1,True,2025-10-26T16:30:00Z,0.0,3.0,9,False,90,0,0,0,3,0,0,0,0,0,0,0,6,16.0,14.5,2.0,3.3,6,0,1,7,1,0.0,0.06,0.06,2.08,55,-41972,847135,13073,55045,291,DEF,James Tarkowski,Everton
182,82,2,0,False,2025-10-26T14:00:00Z,1.0,0.0,9,False,0,0,0,0,0,0,0,0,0,0,0,0,0,0.0,0.0,0.0,0.0,0,0,0,0,0,0.0,0.0,0.0,0.0,47,-6596,149805,335,6931,182,GKP,James Trafford,Man City
614,87,11,0,False,2025-10-24T19:00:00Z,2.0,1.0,9,False,0,0,0,0,0,0,0,0,0,0,0,0,0,0.0,0.0,0.0,0.0,0,0,0,0,0,0.0,0.0,0.0,0.0,57,-854,25209,640,1494,614,MID,James Ward-Prowse,Burnley
688,82,13,0,True,2025-10-26T14:00:00Z,1.0,0.0,9,False,0,0,0,0,0,0,0,0,0,0,0,0,0,0.0,0.0,0.0,0.0,0,0,0,0,0,0.0,0.0,0.0,0.0,40,-806,60299,228,1034,688,GKP,James Wright,Aston Villa
239,85,17,1,True,2025-10-25T14:00:00Z,1.0,2.0,9,False,14,0,0,0,1,0,0,0,0,0,0,0,4,5.2,21.1,0.0,2.6,1,0,0,1,0,0.0,0.02,0.02,0.14,62,-109,14140,718,827,239,MID,Jamie Bynoe-Gittens,Chelsea
151,88,14,2,False,2025-10-25T16:30:00Z,4.0,2.0,9,False,90,0,0,0,4,0,0,0,0,0,0,0,0,31.6,16.1,0.0,4.8,5,1,5,10,1,0.0,0.03,0.03,1.29,44,12915,135700,20124,7209,151,DEF,Jan Paul van Hecke,Brighton
290,86,18,0,True,2025-10-26T16:30:00Z,0.0,3.0,9,False,0,0,0,0,0,0,0,0,0,0,0,0,0,0.0,0.0,0.0,0.0,0,0,0,0,0,0.0,0.0,0.0,0.0,53,-831,21427,96,927,290,DEF,Jarrad Branthwaite,Everton
624,87,11,5,False,2025-10-24T19:00:00Z,2.0,1.0,9,False,90,0,1,0,2,0,0,0,0,0,0,0,20,26.8,48.3,22.0,9.7,0,2,0,2,1,0.1,0.63,0.73,1.49,78,-10439,1077031,94157,104596,624,FWD,Jarrod Bowen,West Ham
138,88,14,0,False,2025-10-25T16:30:00Z,4.0,2.0,9,False,0,0,0,0,0,0,0,0,0,0,0,0,0,0.0,0.0,0.0,0.0,0,0,0,0,0,0.0,0.0,0.0,0.0,43,-1037,35908,313,1350,138,GKP,Jason Steele,Brighton
461,88,6,0,True,2025-10-25T16:30:00Z,4.0,2.0,9,False,0,0,0,0,0,0,0,0,0,0,0,0,0,0.0,0.0,0.0,0.0,0,0,0,0,0,0.0,0.0,0.0,0.0,44,-68,4798,102,170,461,MID,Jayce Fitzgerald,Man Utd
723,81,1,0,False,2025-10-26T14:00:00Z,1.0,0.0,9,False,0,0,0,0,0,0,0,0,0,0,0,0,0,0.0,0.0,0.0,0.0,0,0,0,0,0,0.0,0.0,0.0,0.0,45,-20,1274,78,98,723,DEF,Jaydee Canvot,Crystal Palace
342,87,19,2,True,2025-10-24T19:00:00Z,2.0,1.0,9,False,90,0,0,0,1,0,0,0,0,0,0,0,16,23.2,14.5,17.0,5.5,4,3,5,9,1,0.03,0.17,0.2,0.65,45,-457,27079,2116,2573,342,DEF,Jayden Bogle,Leeds
398,84,5,0,False,2025-10-25T19:00:00Z,3.0,2.0,9,False,0,0,0,0,0,0,0,0,0,0,0,0,0,0.0,0.0,0.0,0.0,0,0,0,0,0,0.0,0.0,0.0,0.0,44,-1275,16257,100,1375,398,FWD,Jayden Danns,Liverpool
118,84,12,0,True,2025-10-25T19:00:00Z,3.0,2.0,9,False,0,0,0,0,0,0,0,0,0,0,0,0,0,0.0,0.0,0.0,0.0,0,0,0,0,0,0.0,0.0,0.0,0.0,40,-206,6660,0,206,118,DEF,Jayden Meghoma,Brentford
213,90,20,0,False,2025-10-26T14:00:00Z,2.0,3.0,9,False,0,0,0,0,0,0,0,0,0,0,0,0,0,0.0,0.0,0.0,0.0,0,0,0,0,0,0.0,0.0,0.0,0.0,45,-22,5493,323,345,213,MID,Jaydon Banel,Burnley
558,85,7,0,False,2025-10-25T14:00:00Z,1.0,2.0,9,False,0,0,0,0,0,0,0,0,0,0,0,0,0,0.0,0.0,0.0,0.0,0,0,0,0,0,0.0,0.0,0.0,0.0,44,-257,27919,1477,1734,558,MID,Jay Matete,Sunderland
609,87,11,0,False,2025-10-24T19:00:00Z,2.0,1.0,9,False,90,0,0,0,2,0,0,0,1,0,0,0,8,16.4,1.3,0.0,1.8,4,6,2,6,1,0.0,0.01,0.01,1.49,43,-119,12078,332,451,609,DEF,Jean-Clair Todibo,West Ham
283,81,1,2,False,2025-10-26T14:00:00Z,1.0,0.0,9,False,90,0,0,0,1,0,0,0,0,0,0,0,6,0.6,2.4,5.0,0.8,0,3,0,3,1,0.14,0.01,0.15,1.08,76,364589,1593683,436003,71414,283,FWD,Jean-Philippe Mateta,Crystal Palace
644,90,3,1,True,2025-10-26T14:00:00Z,2.0,3.0,9,False,90,0,0,0,3,0,0,0,1,0,0,0,10,14.0,14.1,15.0,4.3,1,2,3,6,1,0.1,0.12,0.22,1.43,53,-422,5767,23,445,644,MID,Jean-Ricner Bellegarde,Wolves
272,81,1,1,False,2025-10-26T14:00:00Z,1.0,0.0,9,False,1,0,0,0,0,0,0,0,0,0,0,0,3,0.2,0.3,0.0,0.1,0,1,0,1,0,0.0,0.01,0.01,0.0,49,-244,6905,108,352,272,MID,Jefferson Lerma Solís,Crystal Palace
309,86,18,0,True,2025-10-26T16:30:00Z,0.0,3.0,9,False,0,0,0,0,0,0,0,0,0,0,0,0,0,0.0,0.0,0.0,0.0,0,0,0,0,0,0.0,0.0,0.0,0.0,45,-2,102,0,2,309,MID,Jenson Metcalfe,Everton
542,85,7,0,False,2025-10-25T14:00:00Z,1.0,2.0,9,False,0,0,0,0,0,0,0,0,0,0,0,0,0,0.0,0.0,0.0,0.0,0,0,0,0,0,0.0,0.0,0.0,0.0,40,-738,15099,0,738,542,DEF,Jenson Seelt,Sunderland
370,84,5,0,False,2025-10-25T19:00:00Z,3.0,2.0,9,False,0,0,0,0,0,0,0,0,0,0,0,0,0,0.0,0.0,0.0,0.0,0,0,0,0,0,0.0,0.0,0.0,0.0,58,-79714,767191,3099,82813,370,DEF,Jeremie Frimpong,Liverpool
171,88,14,0,False,2025-10-25T16:30:00Z,4.0,2.0,9,False,0,0,0,0,0,0,0,0,0,0,0,0,0,0.0,0.0,0.0,0.0,0,0,0,0,0,0.0,0.0,0.0,0.0,49,-58,2186,0,58,171,MID,Jeremy Sarmiento Morante,Brighton
278,81,1,0,False,2025-10-26T14:00:00Z,1.0,0.0,9,False,0,0,0,0,0,0,0,0,0,0,0,0,0,0.0,0.0,0.0,0.0,0,0,0,0,0,0.0,0.0,0.0,0.0,44,-399,5347,0,399,278,MID,Jesurun Rak-Sakyi,Crystal Palace
663,90,3,2,True,2025-10-26T14:00:00Z,2.0,3.0,9,False,67,0,0,0,2,0,0,0,0,0,0,0,3,3.2,20.3,14.0,3.8,2,2,1,5,1,0.53,0.04,0.57,1.05,52,-1171,28021,871,2042,663,MID,Jhon Arias,Wolves
317,89,15,0,False,2025-10-25T14:00:00Z,2.0,1.0,9,False,0,0,0,0,0,0,0,0,0,0,0,0,0,0.0,0.0,0.0,0.0,0,0,0,0,0,0.0,0.0,0.0,0.0,45,-100848,388872,1418,102266,317,DEF,Joachim Andersen,Fulham
490,89,10,4,True,2025-10-25T14:00:00Z,2.0,1.0,9,False,90,0,0,0,1,0,0,0,0,0,0,0,18,22.2,27.0,11.0,6.0,3,6,4,13,1,0.07,0.03,0.1,1.53,59,-5,37132,2503,2508,490,MID,Joelinton Cássio Apolinário de Lira,Newcastle
534,85,7,0,False,2025-10-25T14:00:00Z,1.0,2.0,9,False,0,0,0,0,0,0,0,0,0,0,0,0,0,0.0,0.0,0.0,0.0,0,0,0,0,0,0.0,0.0,0.0,0.0,39,-1403,55611,1387,2790,534,DEF,Joe Anderson,Sunderland
34,82,13,0,True,2025-10-26T14:00:00Z,1.0,0.0,9,False,0,0,0,0,0,0,0,0,0,0,0,0,0,0.0,0.0,0.0,0.0,0,0,0,0,0,0.0,0.0,0.0,0.0,40,-458,15916,0,458,34,GKP,Joe Gauci,Aston Villa
360,87,19,0,True,2025-10-24T19:00:00Z,2.0,1.0,9,False,0,0,0,0,0,0,0,0,0,0,0,0,0,0.0,0.0,0.0,0.0,0,0,0,0,0,0.0,0.0,0.0,0.0,45,-50,1240,0,50,360,MID,Joe Gelhardt,Leeds
376,84,5,1,False,2025-10-25T19:00:00Z,3.0,2.0,9,False,7,0,0,0,0,0,0,0,0,0,0,0,2,0.0,0.3,6.0,0.5,0,0,0,0,0,0.13,0.07,0.2,0.21,49,-330,17133,325,655,376,DEF,Joe Gomez,Liverpool
653,90,3,0,True,2025-10-26T14:00:00Z,2.0,3.0,9,False,0,0,0,0,0,0,0,0,0,0,0,0,0,0.0,0.0,0.0,0.0,0,0,0,0,0,0.0,0.0,0.0,0.0,45,-139,4292,0,139,653,MID,Joe Hodge,Wolves
175,88,14,0,False,2025-10-25T16:30:00Z,4.0,2.0,9,False,0,0,0,0,0,0,0,0,0,0,0,0,0,0.0,0.0,0.0,0.0,0,0,0,0,0,0.0,0.0,0.0,0.0,45,-83,10676,511,594,175,MID,Joe Knight,Brighton
348,87,19,13,True,2025-10-24T19:00:00Z,2.0,1.0,9,False,90,1,0,0,1,0,0,0,0,0,0,3,35,61.6,10.1,33.0,10.5,10,4,1,11,1,0.25,0.0,0.25,0.65,41,4091,720112,40063,35972,348,DEF,Joe Rodon,Leeds
498,89,10,0,True,2025-10-25T14:00:00Z,2.0,1.0,9,False,0,0,0,0,0,0,0,0,0,0,0,0,0,0.0,0.0,0.0,0.0,0,0,0,0,0,0.0,0.0,0.0,0.0,45,-22,737,0,22,498,MID,Joe White,Newcastle
494,89,10,0,True,2025-10-25T14:00:00Z,2.0,1.0,9,False,0,0,0,0,0,0,0,0,0,0,0,0,0,0.0,0.0,0.0,0.0,0,0,0,0,0,0.0,0.0,0.0,0.0,50,-24,7735,431,455,494,MID,Joe Willock,Newcastle
199,90,20,0,False,2025-10-26T14:00:00Z,2.0,3.0,9,False,0,0,0,0,0,0,0,0,0,0,0,0,0,0.0,0.0,0.0,0.0,0,0,0,0,0,0.0,0.0,0.0,0.0,39,-763,25390,626,1389,199,DEF,Joe Worrall,Burnley
54,82,13,3,True,2025-10-26T14:00:00Z,1.0,0.0,9,False,73,0,0,1,0,0,0,0,0,0,0,0,8,2.6,11.4,10.0,2.4,1,3,0,4,1,0.27,0.15,0.42,0.64,54,-2679,80279,4600,7279,54,MID,John McGinn,Aston Villa
409,82,2,2,False,2025-10-26T14:00:00Z,1.0,0.0,9,False,60,0,0,0,1,0,0,0,0,0,0,0,3,15.8,13.5,0.0,2.9,3,2,0,3,1,0.0,0.02,0.02,0.54,55,-2705,90233,1293,3998,409,DEF,John Stones,Man City
715,83,4,0,False,2025-10-26T14:00:00Z,2.0,0.0,9,False,0,0,0,0,0,0,0,0,0,0,0,0,0,0.0,0.0,0.0,0.0,0,0,0,0,0,0.0,0.0,0.0,0.0,40,-999,43467,435,1434,715,GKP,John Victor Maciel Furtado,Nott'm Forest
737,89,15,1,False,2025-10-25T14:00:00Z,2.0,1.0,9,False,1,0,0,0,0,0,0,0,0,0,0,0,2,0.0,0.0,0.0,0.0,0,0,0,0,0,0.0,0.0,0.0,0.02,45,-139,7117,784,923,737,FWD,Jonah Kusi-Asare,Fulham
194,90,20,0,False,2025-10-26T14:00:00Z,2.0,3.0,9,False,0,0,0,0,0,0,0,0,0,0,0,0,0,0.0,0.0,0.0,0.0,0,0,0,0,0,0.0,0.0,0.0,0.0,40,-348,9376,25,373,194,DEF,Jordan Beyer,Burnley
124,84,12,2,True,2025-10-25T19:00:00Z,3.0,2.0,9,False,90,0,0,0,2,0,0,0,0,0,0,0,14,13.4,14.8,3.0,3.1,4,6,1,11,1,0.02,0.02,0.04,2.3,50,-1258,52480,2762,4020,124,MID,Jordan Henderson,Brentford
287,86,18,1,True,2025-10-26T16:30:00Z,0.0,3.0,9,False,90,0,0,0,3,0,0,0,0,0,1,0,-2,6.4,0.0,0.0,0.6,2,11,0,0,1,0.0,0.0,0.0,2.08,55,-28833,1228560,10819,39652,287,GKP,Jordan Pickford,Everton
321,89,15,0,False,2025-10-25T14:00:00Z,2.0,1.0,9,False,0,0,0,0,0,0,0,0,0,0,0,0,0,0.0,0.0,0.0,0.0,0,0,0,0,0,0.0,0.0,0.0,0.0,44,300,4923,445,145,321,DEF,Jorge Cuenca Barreno,Fulham
672,85,17,0,True,2025-10-25T14:00:00Z,1.0,2.0,9,False,0,0,0,0,0,0,0,0,0,0,0,0,0,0.0,0.0,0.0,0.0,0,0,0,0,0,0.0,0.0,0.0,0.0,48,-584,22759,586,1170,672,DEF,Jorrel Hato,Chelsea
466,88,6,1,True,2025-10-25T16:30:00Z,4.0,2.0,9,False,8,0,0,0,1,0,0,0,0,0,0,0,3,5.2,1.1,2.0,0.8,0,0,2,2,0,0.0,0.0,0.0,0.32,58,-918,44784,1361,2279,466,FWD,Joshua Zirkzee,Man Utd
233,85,17,2,True,2025-10-25T14:00:00Z,1.0,2.0,9,False,75,0,0,0,1,0,0,0,0,0,0,0,12,23.6,5.0,0.0,2.9,5,1,0,5,1,0.0,0.03,0.03,1.16,39,73380,232609,80194,6814,233,DEF,Josh Acheampong,Chelsea
205,90,20,2,False,2025-10-26T14:00:00Z,2.0,3.0,9,False,90,0,0,0,2,0,0,0,0,0,0,0,15,21.0,3.5,14.0,3.9,4,2,3,9,1,0.05,0.06,0.11,2.52,50,15838,307191,38605,22767,205,MID,Josh Cullen,Burnley
335,89,15,1,False,2025-10-25T14:00:00Z,2.0,1.0,9,False,14,0,0,0,1,0,0,0,0,0,0,0,3,4.4,0.0,0.0,0.4,0,1,2,3,0,0.0,0.0,0.0,0.82,45,1830,493298,40967,39137,335,MID,Josh King,Fulham
209,90,20,1,False,2025-10-26T14:00:00Z,2.0,3.0,9,False,21,0,0,0,0,0,0,0,0,0,0,0,7,5.6,0.4,0.0,0.6,1,0,2,3,0,0.0,0.0,0.0,0.34,49,-100,3607,62,162,209,MID,Josh Laurent,Burnley
15,81,8,0,True,2025-10-26T14:00:00Z,1.0,0.0,9,False,0,0,0,0,0,0,0,0,0,0,0,0,0,0.0,0.0,0.0,0.0,0,0,0,0,0,0.0,0.0,0.0,0.0,39,-1059,24922,301,1360,15,DEF,Josh Nichols,Arsenal
628,90,3,0,True,2025-10-26T14:00:00Z,2.0,3.0,9,False,0,0,0,0,0,0,0,0,0,0,0,0,0,0.0,0.0,0.0,0.0,0,0,0,0,0,0.0,0.0,0.0,0.0,44,-6864,155546,769,7633,628,GKP,José Malheiro de Sá,Wolves
673,86,9,5,False,2025-10-26T16:30:00Z,0.0,3.0,9,False,90,0,0,1,0,0,0,0,0,0,0,0,21,21.0,3.6,0.0,2.5,6,4,4,14,1,0.0,0.01,0.01,1.53,55,40566,185743,49656,9090,673,MID,João Maria Lobo Alves Palhares Costa Palhinha Gonçalves,Spurs
518,83,4,0,False,2025-10-26T14:00:00Z,2.0,0.0,9,False,0,0,0,0,0,0,0,0,0,0,0,0,0,0.0,0.0,0.0,0.0,0,0,0,0,0,0.0,0.0,0.0,0.0,54,-163,5607,0,163,518,MID,João Pedro Ferreira da Silva,Nott'm Forest
249,85,17,2,True,2025-10-25T14:00:00Z,1.0,2.0,9,False,84,0,0,0,1,0,0,0,0,0,0,0,5,10.4,13.6,6.0,3.0,2,2,0,4,1,0.0,0.02,0.02,1.19,75,-429578,7017157,161401,590979,249,FWD,João Pedro Junqueira de Jesus,Chelsea
646,90,3,1,True,2025-10-26T14:00:00Z,2.0,3.0,9,False,22,0,0,0,1,0,0,0,0,0,0,0,2,0.6,1.9,1.0,0.4,0,5,1,6,0,0.02,0.02,0.04,0.38,54,-433,12162,329,762,646,MID,João Victor Gomes da Silva,Wolves
362,87,19,0,True,2025-10-24T19:00:00Z,2.0,1.0,9,False,0,0,0,0,0,0,0,0,0,0,0,0,0,0.0,0.0,0.0,0.0,0,0,0,0,0,0.0,0.0,0.0,0.0,51,-3492,54650,1622,5114,362,FWD,Joël Piroe,Leeds
152,88,14,0,False,2025-10-25T16:30:00Z,4.0,2.0,9,False,0,0,0,0,0,0,0,0,0,0,0,0,0,0.0,0.0,0.0,0.0,0,0,0,0,0,0.0,0.0,0.0,0.0,44,-1465,16181,39,1504,152,DEF,Joël Veltman,Brighton
403,82,2,2,False,2025-10-26T14:00:00Z,1.0,0.0,9,False,90,0,0,0,1,0,0,0,0,0,0,0,6,4.6,5.3,10.0,2.0,2,5,1,3,1,0.07,0.05,0.12,0.81,59,-49684,695721,24491,74175,403,DEF,Joško Gvardiol,Man City
104,84,12,0,True,2025-10-25T19:00:00Z,3.0,2.0,9,False,0,0,0,0,0,0,0,0,0,0,0,0,0,0.0,0.0,0.0,0.0,0,0,0,0,0,0.0,0.0,0.0,0.0,40,-90,8572,99,189,104,GKP,Julian Eyestone,Brentford
161,88,14,0,False,2025-10-25T16:30:00Z,4.0,2.0,9,False,0,0,0,0,0,0,0,0,0,0,0,0,0,0.0,0.0,0.0,0.0,0,0,0,0,0,0.0,0.0,0.0,0.0,54,-24,1275,0,24,161,MID,Julio Enciso Espínola,Brighton
80,83,16,0,True,2025-10-26T14:00:00Z,2.0,0.0,9,False,0,0,0,0,0,0,0,0,0,0,0,0,0,0.0,0.0,0.0,0.0,0,0,0,0,0,0.0,0.0,0.0,0.0,40,-957,27464,440,1397,80,DEF,Julio Soler Barreto,Bournemouth
78,83,16,0,True,2025-10-26T14:00:00Z,2.0,0.0,9,False,0,0,0,0,0,0,0,0,0,0,0,0,0,0.0,0.0,0.0,0.0,0,0,0,0,0,0.0,0.0,0.0,0.0,39,-2569,89538,1431,4000,78,DEF,Julián Araujo Zúñiga,Bournemouth
745,86,9,0,False,2025-10-26T16:30:00Z,0.0,3.0,9,False,0,0,0,0,0,0,0,0,0,0,0,0,0,0.0,0.0,0.0,0.0,0,0,0,0,0,0.0,0.0,0.0,0.0,40,152,440,174,22,745,DEF,Jun'ai Byfield,Spurs
100,83,16,6,True,2025-10-26T14:00:00Z,2.0,0.0,9,False,68,1,0,1,0,0,0,0,0,0,0,0,30,32.4,13.9,17.0,6.3,0,2,0,2,1,0.15,0.06,0.21,0.14,45,136515,362815,153019,16504,100,FWD,Junior Kroupi,Bournemouth
8,81,8,6,True,2025-10-26T14:00:00Z,1.0,0.0,9,False,90,0,0,1,0,0,0,0,0,0,0,0,25,11.8,16.7,2.0,3.1,2,4,2,4,1,0.0,0.04,0.04,0.47,60,250337,2724017,290738,40401,8,DEF,Jurriën Timber,Arsenal
276,81,1,0,False,2025-10-26T14:00:00Z,1.0,0.0,9,False,0,0,0,0,0,0,0,0,0,0,0,0,0,0.0,0.0,0.0,0.0,0,0,0,0,0,0.0,0.0,0.0,0.0,44,-8183,148289,3051,11234,276,MID,Justin Devenny,Crystal Palace
81,83,16,2,True,2025-10-26T14:00:00Z,2.0,0.0,9,False,68,0,0,1,0,0,0,0,1,0,0,0,3,2.4,13.1,7.0,2.3,1,6,0,7,1,0.09,0.06,0.15,0.14,70,7916,138752,18748,10832,81,MID,Justin Kluivert,Bournemouth
418,82,2,1,False,2025-10-26T14:00:00Z,1.0,0.0,9,False,29,0,0,0,0,0,0,0,0,0,0,0,6,6.8,16.8,2.0,2.6,1,2,0,3,0,0.0,0.24,0.24,0.27,66,-147013,812396,27608,174621,418,MID,Jérémy Doku,Man City
654,90,3,6,True,2025-10-26T14:00:00Z,2.0,3.0,9,False,90,1,0,0,3,0,0,0,0,0,0,0,23,39.6,14.2,44.0,9.8,1,1,0,2,1,0.83,0.13,0.96,1.43,64,-5938,169683,8958,14896,654,FWD,Jørgen Strand Larsen,Crystal Palace
63,82,13,0,True,2025-10-26T14:00:00Z,1.0,0.0,9,False,0,0,0,0,0,0,0,0,0,0,0,0,0,0.0,0.0,0.0,0.0,0,0,0,0,0,0.0,0.0,0.0,0.0,44,-1854,80637,3027,4881,63,MID,Kadan Young,Aston Villa
281,81,1,0,False,2025-10-26T14:00:00Z,1.0,0.0,9,False,0,0,0,0,0,0,0,0,0,0,0,0,0,0.0,0.0,0.0,0.0,0,0,0,0,0,0.0,0.0,0.0,0.0,45,-19,5506,243,262,281,MID,Kaden Rodney,Crystal Palace
611,87,11,0,False,2025-10-24T19:00:00Z,2.0,1.0,9,False,0,0,0,0,0,0,0,0,0,0,0,0,0,0.0,0.0,0.0,0.0,0,0,0,0,0,0.0,0.0,0.0,0.0,40,-312,10807,0,312,611,DEF,Kaelan Casey,West Ham
30,81,8,0,True,2025-10-26T14:00:00Z,1.0,0.0,9,False,0,0,0,0,0,0,0,0,0,0,0,0,0,0.0,0.0,0.0,0.0,0,0,0,0,0,0.0,0.0,0.0,0.0,73,-614,42469,92,706,30,FWD,Kai Havertz,Arsenal
429,82,2,0,False,2025-10-26T14:00:00Z,1.0,0.0,9,False,0,0,0,0,0,0,0,0,0,0,0,0,0,0.0,0.0,0.0,0.0,0,0,0,0,0,0.0,0.0,0.0,0.0,48,-119,7886,162,281,429,MID,Kalvin Phillips,Man City
341,87,19,0,True,2025-10-24T19:00:00Z,2.0,1.0,9,False,0,0,0,0,0,0,0,0,0,0,0,0,0,0.0,0.0,0.0,0.0,0,0,0,0,0,0.0,0.0,0.0,0.0,40,-5609,298589,6603,12212,341,GKP,Karl Darlow,Leeds
3,81,8,0,True,2025-10-26T14:00:00Z,1.0,0.0,9,False,0,0,0,0,0,0,0,0,0,0,0,0,0,0.0,0.0,0.0,0.0,0,0,0,0,0,0.0,0.0,0.0,0.0,40,-1749,37371,0,1749,3,GKP,Karl Hein,Arsenal
107,84,12,0,True,2025-10-25T19:00:00Z,3.0,2.0,9,False,11,0,0,0,1,0,0,0,1,0,0,0,3,9.2,28.0,6.0,4.3,2,0,0,2,0,0.0,0.2,0.2,0.53,49,-1791,41117,638,2429,107,DEF,Keane Lewis-Potter,Brentford
248,85,17,0,True,2025-10-25T14:00:00Z,1.0,2.0,9,False,0,0,0,0,0,0,0,0,0,0,0,0,0,0.0,0.0,0.0,0.0,0,0,0,0,0,0.0,0.0,0.0,0.0,45,-6,630,0,6,248,MID,Kendry Páez Andrade,Chelsea
322,89,15,2,False,2025-10-25T14:00:00Z,2.0,1.0,9,False,90,0,0,0,2,0,0,0,1,0,0,0,8,21.0,1.5,0.0,2.3,6,4,4,10,1,0.0,0.01,0.01,2.12,45,-131,16756,794,925,322,DEF,Kenny Tete,Fulham
2,81,8,0,True,2025-10-26T14:00:00Z,1.0,0.0,9,False,0,0,0,0,0,0,0,0,0,0,0,0,0,0.0,0.0,0.0,0.0,0,0,0,0,0,0.0,0.0,0.0,0.0,43,-2402,59724,221,2623,2,GKP,Kepa Arrizabalaga Revuelta,Arsenal
570,86,9,9,False,2025-10-26T16:30:00Z,0.0,3.0,9,False,90,0,0,1,0,0,0,0,0,0,0,1,36,30.6,0.4,0.0,3.1,20,3,1,21,1,0.0,0.0,0.0,1.53,43,-131,18014,675,806,570,DEF,Kevin Danso,Spurs
731,89,15,1,False,2025-10-25T14:00:00Z,2.0,1.0,9,False,45,0,0,0,1,0,0,0,0,0,0,0,6,10.2,20.6,8.0,3.9,1,5,2,8,0,0.0,0.07,0.07,1.2,60,-884,7542,488,1372,731,MID,Kevin Santos Lopes de Macedo,Fulham
120,84,12,7,True,2025-10-25T19:00:00Z,3.0,2.0,9,False,78,1,0,0,1,0,0,0,1,0,0,1,25,42.0,51.3,21.0,11.4,0,5,1,6,1,0.67,0.18,0.85,1.77,70,-1229,63275,5981,7210,120,MID,Kevin Schade,Brentford
638,90,3,1,True,2025-10-26T14:00:00Z,2.0,3.0,9,False,75,0,0,0,2,0,0,0,0,0,0,0,2,9.2,2.3,2.0,1.4,3,2,1,4,1,0.0,0.05,0.05,1.05,40,-5646,119676,340,5986,638,DEF,Ki-Jana Hoever,Wolves
746,84,5,0,False,2025-10-25T19:00:00Z,3.0,2.0,9,False,0,0,0,0,0,0,0,0,0,0,0,0,0,0.0,0.0,0.0,0.0,0,0,0,0,0,0.0,0.0,0.0,0.0,45,0,0,0,0,746,MID,Kieran Morrison,Liverpool
478,89,10,2,True,2025-10-25T14:00:00Z,2.0,1.0,9,False,90,0,0,0,1,0,0,0,0,0,0,0,19,24.2,31.2,0.0,5.5,6,5,2,8,1,0.0,0.26,0.26,1.53,50,6434,336569,20015,13581,478,DEF,Kieran Trippier,Newcastle
242,86,18,2,True,2025-10-26T16:30:00Z,0.0,3.0,9,False,90,0,0,0,3,0,0,0,0,0,0,0,9,0.2,11.6,12.0,2.4,0,1,0,1,1,0.21,0.54,0.75,2.08,50,-24302,396794,8667,32969,242,MID,Kiernan Dewsbury-Hall,Everton
117,84,12,0,True,2025-10-25T19:00:00Z,3.0,2.0,9,False,0,0,0,0,0,0,0,0,0,0,0,0,0,0.0,0.0,0.0,0.0,0,0,0,0,0,0.0,0.0,0.0,0.0,39,-652,13829,0,652,117,DEF,Kim Ji-soo,Brentford
142,88,14,0,False,2025-10-25T16:30:00Z,4.0,2.0,9,False,0,0,0,0,0,0,0,0,0,0,0,0,0,0.0,0.0,0.0,0.0,0,0,0,0,0,0.0,0.0,0.0,0.0,40,-5,266,0,5,142,GKP,Kjell Scherpen,Brighton
458,88,6,1,True,2025-10-25T16:30:00Z,4.0,2.0,9,False,20,0,0,0,2,0,0,0,0,0,0,0,3,5.6,12.1,2.0,2.0,1,2,1,4,0,0.0,0.01,0.01,0.56,48,-1746,59722,1662,3408,458,MID,Kobbie Mainoo,Man Utd
606,87,11,0,False,2025-10-24T19:00:00Z,2.0,1.0,9,False,0,0,0,0,0,0,0,0,0,0,0,0,0,0.0,0.0,0.0,0.0,0,0,0,0,0,0.0,0.0,0.0,0.0,44,-825,8019,192,1017,606,DEF,Konstantinos Mavropanos,West Ham
377,84,5,0,False,2025-10-25T19:00:00Z,3.0,2.0,9,False,0,0,0,0,0,0,0,0,0,0,0,0,0,0.0,0.0,0.0,0.0,0,0,0,0,0,0.0,0.0,0.0,0.0,48,-303,7222,0,303,377,DEF,Konstantinos Tsimikas,Liverpool
108,84,12,4,True,2025-10-25T19:00:00Z,3.0,2.0,9,False,90,0,1,0,2,0,0,0,0,0,0,0,12,8.0,0.8,14.0,2.3,5,1,2,7,1,0.06,0.05,0.11,1.92,44,-78,18935,688,766,108,DEF,Kristoffer Ajer,Brentford
602,87,11,0,False,2025-10-24T19:00:00Z,2.0,1.0,9,False,0,0,0,0,0,0,0,0,0,0,0,0,0,0.0,0.0,0.0,0.0,0,0,0,0,0,0.0,0.0,0.0,0.0,40,-497,27445,107,604,602,GKP,Krisztián Hegyi,West Ham
659,87,11,1,False,2025-10-24T19:00:00Z,2.0,1.0,9,False,11,0,0,0,0,0,0,0,0,0,0,0,4,3.0,1.3,0.0,0.4,1,2,0,1,0,0.0,0.01,0.01,0.0,44,-1230,36964,552,1782,659,DEF,Kyle Walker-Peters,West Ham
187,90,20,3,False,2025-10-26T14:00:00Z,2.0,3.0,9,False,90,0,0,0,2,0,0,0,0,0,0,0,12,26.8,2.3,0.0,2.9,13,6,3,16,1,0.0,0.01,0.01,2.52,44,11612,200644,16682,5070,187,DEF,Kyle Walker,Burnley
709,90,3,4,True,2025-10-26T14:00:00Z,2.0,3.0,9,False,90,0,1,0,3,0,0,0,0,0,0,0,12,40.6,13.8,13.0,6.7,8,7,0,8,1,0.07,0.69,0.76,1.43,45,212,7523,811,599,709,DEF,Ladislav Krejcí,Wolves
44,82,13,0,True,2025-10-26T14:00:00Z,1.0,0.0,9,False,0,0,0,0,0,0,0,0,0,0,0,0,0,0.0,0.0,0.0,0.0,0,0,0,0,0,0.0,0.0,0.0,0.0,40,-3787,85115,2016,5803,44,DEF,Lamare Bogarde,Aston Villa
743,85,17,0,True,2025-10-25T14:00:00Z,1.0,2.0,9,False,0,0,0,0,0,0,0,0,0,0,0,0,0,0.0,0.0,0.0,0.0,0,0,0,0,0,0.0,0.0,0.0,0.0,45,51,639,130,79,743,MID,Landon Emenalo,Chelsea
357,87,19,0,True,2025-10-24T19:00:00Z,2.0,1.0,9,False,0,0,0,0,0,0,0,0,0,0,0,0,0,0.0,0.0,0.0,0.0,0,0,0,0,0,0.0,0.0,0.0,0.0,49,-54,2150,0,54,357,MID,Largie Ramazani,Leeds
61,82,13,0,True,2025-10-26T14:00:00Z,1.0,0.0,9,False,0,0,0,0,0,0,0,0,0,0,0,0,0,0.0,0.0,0.0,0.0,0,0,0,0,0,0.0,0.0,0.0,0.0,45,-552,12612,0,552,61,MID,Leander Dendoncker,Aston Villa
20,81,8,3,True,2025-10-26T14:00:00Z,1.0,0.0,9,False,90,0,0,1,0,0,0,0,0,0,0,0,4,4.8,7.7,33.0,4.6,1,6,0,7,1,0.34,0.05,0.39,0.47,69,11138,49929,13227,2089,20,MID,Leandro Trossard,Arsenal
444,88,6,1,True,2025-10-25T16:30:00Z,4.0,2.0,9,False,90,0,0,0,2,0,0,0,0,0,0,0,8,12.8,2.8,0.0,1.6,5,4,1,6,1,0.0,0.01,0.01,1.12,45,-8925,226707,3703,12628,444,DEF,Leny Yoro,Man Utd
49,82,13,0,True,2025-10-26T14:00:00Z,1.0,0.0,9,False,0,0,0,0,0,0,0,0,0,0,0,0,0,0.0,0.0,0.0,0.0,0,0,0,0,0,0.0,0.0,0.0,0.0,55,-326,10802,0,326,49,MID,Leon Bailey,Aston Villa
657,90,3,0,True,2025-10-26T14:00:00Z,2.0,3.0,9,False,0,0,0,0,0,0,0,0,0,0,0,0,0,0.0,0.0,0.0,0.0,0,0,0,0,0,0.0,0.0,0.0,0.0,44,2,3703,211,209,657,FWD,Leon Chiwome,Wolves
536,85,7,0,False,2025-10-25T14:00:00Z,1.0,2.0,9,False,0,0,0,0,0,0,0,0,0,0,0,0,0,0.0,0.0,0.0,0.0,0,0,0,0,0,0.0,0.0,0.0,0.0,40,5,553,34,29,536,DEF,Leo Fuhr Hjelde,Sunderland
676,90,20,2,False,2025-10-26T14:00:00Z,2.0,3.0,9,False,90,0,0,0,2,0,0,0,0,0,0,0,10,18.4,1.9,7.0,2.7,3,4,4,11,1,0.11,0.02,0.13,2.47,50,9394,15742,10324,930,676,MID,Lesley Ugochukwu,Burnley
227,85,17,0,True,2025-10-25T14:00:00Z,1.0,2.0,9,False,0,0,0,0,0,0,0,0,0,0,0,0,0,0.0,0.0,0.0,0.0,0,0,0,0,0,0.0,0.0,0.0,0.0,48,-225,14683,40,265,227,DEF,Levi Samuels Colwill,Chelsea
88,83,16,1,True,2025-10-26T14:00:00Z,2.0,0.0,9,False,1,0,0,0,0,0,0,0,0,0,0,0,3,0.0,0.0,0.0,0.0,0,1,0,1,0,0.0,0.0,0.0,0.0,49,207,2552,402,195,88,MID,Lewis Cook,Bournemouth
57,82,13,0,True,2025-10-26T14:00:00Z,1.0,0.0,9,False,0,0,0,0,0,0,0,0,0,0,0,0,0,0.0,0.0,0.0,0.0,0,0,0,0,0,0.0,0.0,0.0,0.0,50,-75,3496,0,75,57,MID,Lewis Dobbin,Aston Villa
146,88,14,0,False,2025-10-25T16:30:00Z,4.0,2.0,9,False,90,0,0,0,4,0,0,0,0,0,0,0,1,12.6,1.3,7.0,2.1,6,11,1,7,1,0.21,0.01,0.22,1.29,45,-2538,138505,4691,7229,146,DEF,Lewis Dunk,Brighton
473,89,10,0,True,2025-10-25T14:00:00Z,2.0,1.0,9,False,0,0,0,0,0,0,0,0,0,0,0,0,0,0.0,0.0,0.0,0.0,0,0,0,0,0,0.0,0.0,0.0,0.0,53,-16033,105407,67,16100,473,DEF,Lewis Hall,Newcastle
497,89,10,2,True,2025-10-25T14:00:00Z,2.0,1.0,9,False,60,0,0,0,1,0,0,0,0,0,0,0,5,0.2,2.5,2.0,0.5,2,2,0,4,1,0.0,0.01,0.01,1.35,44,4347,255496,18720,14373,497,MID,Lewis Miley,Newcastle
520,83,4,0,False,2025-10-26T14:00:00Z,2.0,0.0,9,False,0,0,0,0,0,0,0,0,0,0,0,0,0,0.0,0.0,0.0,0.0,0,0,0,0,0,0.0,0.0,0.0,0.0,50,-2,109,0,2,520,MID,Lewis O'Brien,Nott'm Forest
622,87,11,0,False,2025-10-24T19:00:00Z,2.0,1.0,9,False,0,0,0,0,0,0,0,0,0,0,0,0,0,0.0,0.0,0.0,0.0,0,0,0,0,0,0.0,0.0,0.0,0.0,44,-255,8681,0,255,622,MID,Lewis Orford,West Ham
250,85,17,0,True,2025-10-25T14:00:00Z,1.0,2.0,9,False,0,0,0,0,0,0,0,0,0,0,0,0,0,0.0,0.0,0.0,0.0,0,0,0,0,0,0.0,0.0,0.0,0.0,62,-3460,112530,159,3619,250,FWD,Liam Delap,Chelsea
45,82,13,0,True,2025-10-26T14:00:00Z,1.0,0.0,9,False,0,0,0,0,0,0,0,0,0,0,0,0,0,0.0,0.0,0.0,0.0,0,0,0,0,0,0.0,0.0,0.0,0.0,40,-910,38423,580,1490,45,DEF,Lino da Cruz Sousa,Aston Villa
437,88,6,0,True,2025-10-25T16:30:00Z,4.0,2.0,9,False,0,0,0,0,0,0,0,0,0,0,0,0,0,0.0,0.0,0.0,0.0,0,0,0,0,0,0.0,0.0,0.0,0.0,48,-142,9228,57,199,437,DEF,Lisandro Martínez,Man Utd
210,90,20,0,False,2025-10-26T14:00:00Z,2.0,3.0,9,False,0,0,0,0,0,0,0,0,0,0,0,0,0,0.0,0.0,0.0,0.0,0,0,0,0,0,0.0,0.0,0.0,0.0,49,383,5143,726,343,210,MID,Loum Tchaouna,Burnley
586,86,9,1,False,2025-10-26T16:30:00Z,0.0,3.0,9,False,29,0,0,0,0,0,0,0,0,0,0,0,4,1.4,0.2,0.0,0.2,0,1,2,3,0,0.0,0.0,0.0,0.45,54,-11110,56346,1091,12201,586,MID,Lucas Bergvall,Spurs
37,82,13,6,True,2025-10-26T14:00:00Z,1.0,0.0,9,False,85,0,0,1,0,0,0,0,0,0,0,0,28,11.2,16.7,11.0,3.9,1,0,3,4,1,0.06,0.06,0.12,0.98,45,-18795,202176,3035,21830,37,DEF,Lucas Digne,Aston Villa
665,87,19,1,True,2025-10-24T19:00:00Z,2.0,1.0,9,False,90,0,0,0,1,0,0,0,1,0,2,0,8,22.4,0.0,0.0,2.2,3,8,0,0,1,0.0,0.0,0.0,0.65,45,-380,29294,823,1203,665,GKP,Lucas Estella Perri,Leeds
195,90,20,0,False,2025-10-26T14:00:00Z,2.0,3.0,9,False,0,0,0,0,0,0,0,0,0,0,0,0,0,0.0,0.0,0.0,0.0,0,0,0,0,0,0.0,0.0,0.0,0.0,39,-746,20653,150,896,195,DEF,Lucas Pires Silva,Burnley
612,87,11,1,False,2025-10-24T19:00:00Z,2.0,1.0,9,False,90,0,0,0,2,0,0,0,1,0,0,0,8,7.4,25.9,8.0,4.1,0,6,1,7,1,0.09,0.1,0.19,1.49,59,-7745,365909,28054,35799,612,MID,Lucas Tolentino Coelho de Lima,West Ham
208,90,20,0,False,2025-10-26T14:00:00Z,2.0,3.0,9,False,0,0,0,0,0,0,0,0,0,0,0,0,0,0.0,0.0,0.0,0.0,0,0,0,0,0,0.0,0.0,0.0,0.0,50,-25,1544,0,25,208,MID,Luca Koleosho,Burnley
383,84,5,0,False,2025-10-25T19:00:00Z,3.0,2.0,9,False,0,0,0,0,0,0,0,0,0,0,0,0,0,0.0,0.0,0.0,0.0,0,0,0,0,0,0.0,0.0,0.0,0.0,80,-46,5847,0,46,383,MID,Luis Díaz Marulanda,Liverpool
729,83,4,0,False,2025-10-26T14:00:00Z,2.0,0.0,9,False,0,0,0,0,0,0,0,0,0,0,0,0,0,0.0,0.0,0.0,0.0,0,0,0,0,0,0.0,0.0,0.0,0.0,45,-1,52,0,1,729,DEF,Luis Eduardo Soares da Silva,Nott'm Forest
619,87,11,0,False,2025-10-24T19:00:00Z,2.0,1.0,9,False,0,0,0,0,0,0,0,0,0,0,0,0,0,0.0,0.0,0.0,0.0,0,0,0,0,0,0.0,0.0,0.0,0.0,49,-21,2454,48,69,619,MID,Luis Guilherme Lira dos Santos,West Ham
91,83,16,0,True,2025-10-26T14:00:00Z,2.0,0.0,9,False,0,0,0,0,0,0,0,0,0,0,0,0,0,0.0,0.0,0.0,0.0,0,0,0,0,0,0.0,0.0,0.0,0.0,50,-39,1472,0,39,91,MID,Luis Sinisterra Lucumí,Bournemouth
738,87,11,0,False,2025-10-24T19:00:00Z,2.0,1.0,9,False,0,0,0,0,0,0,0,0,0,0,0,0,0,0.0,0.0,0.0,0.0,0,0,0,0,0,0.0,0.0,0.0,0.0,45,257,4305,543,286,738,GKP,Lukasz Fabianski,West Ham
365,87,19,1,True,2025-10-24T19:00:00Z,2.0,1.0,9,False,3,0,0,0,1,0,0,0,0,0,0,0,4,0.0,0.3,0.0,0.0,0,0,0,0,0,0.0,0.0,0.0,0.07,50,-5719,86490,4066,9785,365,FWD,Lukas Nmecha,Leeds
578,86,9,0,False,2025-10-26T16:30:00Z,0.0,3.0,9,False,0,0,0,0,0,0,0,0,0,0,0,0,0,0.0,0.0,0.0,0.0,0,0,0,0,0,0.0,0.0,0.0,0.0,39,-2143,53993,0,2143,578,DEF,Luka Vušković,Spurs
334,89,15,0,False,2025-10-25T14:00:00Z,2.0,1.0,9,False,0,0,0,0,0,0,0,0,0,0,0,0,0,0.0,0.0,0.0,0.0,0,0,0,0,0,0.0,0.0,0.0,0.0,45,-1,226,0,1,334,MID,Luke Harris,Fulham
539,85,7,0,False,2025-10-25T14:00:00Z,1.0,2.0,9,False,0,0,0,0,0,0,0,0,0,0,0,0,0,0.0,0.0,0.0,0.0,0,0,0,0,0,0.0,0.0,0.0,0.0,40,82,4846,384,302,539,DEF,Luke O'Nien,Sunderland
443,88,6,9,True,2025-10-25T16:30:00Z,4.0,2.0,9,False,64,0,1,1,0,0,0,0,0,0,0,0,31,21.8,11.4,0.0,3.3,1,2,1,2,1,0.0,0.0,0.0,0.56,45,3765,41969,5411,1646,443,DEF,Luke Shaw,Man Utd
724,85,7,2,False,2025-10-25T14:00:00Z,1.0,2.0,9,False,90,0,0,0,1,0,0,0,0,0,0,0,9,15.6,3.8,2.0,2.1,5,4,0,5,1,0.03,0.18,0.21,0.9,45,-73,2302,146,219,724,DEF,Lutsharel Geertruida,Sunderland
563,85,7,0,False,2025-10-25T14:00:00Z,1.0,2.0,9,False,0,0,0,0,0,0,0,0,0,0,0,0,0,0.0,0.0,0.0,0.0,0,0,0,0,0,0.0,0.0,0.0,0.0,44,-849,13982,0,849,563,FWD,Luís Hemir Silva Semedo,Sunderland
217,90,20,7,False,2025-10-26T14:00:00Z,2.0,3.0,9,False,13,1,0,0,0,0,0,0,0,0,0,2,32,35.0,10.0,17.0,6.2,0,0,0,0,0,0.37,0.0,0.37,0.24,50,-50919,223680,4427,55346,217,FWD,Lyle Foster,Burnley
679,87,11,0,False,2025-10-24T19:00:00Z,2.0,1.0,9,False,0,0,0,0,0,0,0,0,0,0,0,0,0,0.0,0.0,0.0,0.0,0,0,0,0,0,0.0,0.0,0.0,0.0,44,-1158,30998,263,1421,679,GKP,Mads Hermansen,West Ham
112,84,12,0,True,2025-10-25T19:00:00Z,3.0,2.0,9,False,0,0,0,0,0,0,0,0,0,0,0,0,0,0.0,0.0,0.0,0.0,0,0,0,0,0,0.0,0.0,0.0,0.0,45,-46,2131,0,46,112,DEF,Mads Roerslev Rasmussen,Brentford
277,81,1,0,False,2025-10-26T14:00:00Z,1.0,0.0,9,False,0,0,0,0,0,0,0,0,0,0,0,0,0,0.0,0.0,0.0,0.0,0,0,0,0,0,0.0,0.0,0.0,0.0,45,-13,427,0,13,277,MID,Malcolm Ebiowei,Crystal Palace
14,81,8,0,True,2025-10-26T14:00:00Z,1.0,0.0,9,False,0,0,0,0,0,0,0,0,0,0,0,0,0,0.0,0.0,0.0,0.0,0,0,0,0,0,0.0,0.0,0.0,0.0,39,-1034,16988,0,1034,14,DEF,Maldini Kacurri,Arsenal
684,89,10,2,True,2025-10-25T14:00:00Z,2.0,1.0,9,False,90,0,0,0,1,0,0,0,0,0,0,0,14,17.0,1.3,3.0,2.1,5,6,2,7,1,0.04,0.24,0.28,1.53,49,9075,48312,11573,2498,684,DEF,Malick Thiaw,Newcastle
174,88,14,0,False,2025-10-25T16:30:00Z,4.0,2.0,9,False,0,0,0,0,0,0,0,0,0,0,0,0,0,0.0,0.0,0.0,0.0,0,0,0,0,0,0.0,0.0,0.0,0.0,50,-11,692,0,11,174,MID,Malick Yalcouyé,Brighton
228,85,17,0,True,2025-10-25T14:00:00Z,1.0,2.0,9,False,0,0,0,0,0,0,0,0,0,0,0,0,0,0.0,0.0,0.0,0.0,0,0,0,0,0,0.0,0.0,0.0,0.0,49,-21497,128968,468,21965,228,DEF,Malo Gusto,Chelsea
231,85,17,0,True,2025-10-25T14:00:00Z,1.0,2.0,9,False,0,0,0,0,0,0,0,0,0,0,0,0,0,0.0,0.0,0.0,0.0,0,0,0,0,0,0.0,0.0,0.0,0.0,45,-16,968,0,16,231,DEF,Mamadou Sarr,Chelsea
589,86,9,0,False,2025-10-26T16:30:00Z,0.0,3.0,9,False,0,0,0,0,0,0,0,0,0,0,0,0,0,0.0,0.0,0.0,0.0,0,0,0,0,0,0.0,0.0,0.0,0.0,54,-18,920,0,18,589,MID,Manor Solomon,Spurs
404,82,2,0,False,2025-10-26T14:00:00Z,1.0,0.0,9,False,0,0,0,0,0,0,0,0,0,0,0,0,0,0.0,0.0,0.0,0.0,0,0,0,0,0,0.0,0.0,0.0,0.0,54,-934,37536,0,934,404,DEF,Manuel Akanji,Man City
201,90,20,0,False,2025-10-26T14:00:00Z,2.0,3.0,9,False,0,0,0,0,0,0,0,0,0,0,0,0,0,0.0,0.0,0.0,0.0,0,0,0,0,0,0.0,0.0,0.0,0.0,54,-86,2239,0,86,201,MID,Manuel Benson Hedilazio,Burnley
459,88,6,1,True,2025-10-25T16:30:00Z,4.0,2.0,9,False,9,0,0,0,1,0,0,0,0,0,0,0,6,5.6,0.8,0.0,0.6,1,2,2,5,0,0.0,0.0,0.0,0.32,48,39,18325,1194,1155,459,MID,Manuel Ugarte Ribeiro,Man Utd
72,83,16,5,True,2025-10-26T14:00:00Z,2.0,0.0,9,False,90,0,0,1,0,0,0,0,1,0,0,0,20,17.4,1.0,0.0,1.8,5,3,0,5,1,0.0,0.02,0.02,0.35,50,122281,3327648,183642,61361,72,DEF,Marcos Senesi Barón,Bournemouth
33,82,13,0,True,2025-10-26T14:00:00Z,1.0,0.0,9,False,0,0,0,0,0,0,0,0,0,0,0,0,0,0.0,0.0,0.0,0.0,0,0,0,0,0,0.0,0.0,0.0,0.0,44,-2890,63178,211,3101,33,GKP,Marco Bizot,Aston Villa
401,82,2,0,False,2025-10-26T14:00:00Z,1.0,0.0,9,False,0,0,0,0,0,0,0,0,0,0,0,0,0,0.0,0.0,0.0,0.0,0,0,0,0,0,0.0,0.0,0.0,0.0,40,-250,14372,109,359,401,GKP,Marcus Bettinelli,Man City
206,90,20,0,False,2025-10-26T14:00:00Z,2.0,3.0,9,False,0,0,0,0,0,0,0,0,0,0,0,0,0,0.0,0.0,0.0,0.0,0,0,0,0,0,0.0,0.0,0.0,0.0,47,173,7180,597,424,206,MID,Marcus Edwards,Burnley
451,88,6,0,True,2025-10-25T16:30:00Z,4.0,2.0,9,False,0,0,0,0,0,0,0,0,0,0,0,0,0,0.0,0.0,0.0,0.0,0,0,0,0,0,0.0,0.0,0.0,0.0,70,-24,2124,0,24,451,MID,Marcus Rashford,Man Utd
84,83,16,11,True,2025-10-26T14:00:00Z,2.0,0.0,9,False,90,1,0,1,0,0,0,0,0,0,0,3,35,39.6,35.9,26.0,10.2,0,1,0,1,1,0.09,0.08,0.17,0.35,55,1287,151614,13028,11741,84,MID,Marcus Tavernier,Bournemouth
224,85,17,1,True,2025-10-25T14:00:00Z,1.0,2.0,9,False,90,0,0,0,2,0,0,0,0,0,0,0,12,17.0,40.7,11.0,6.9,2,3,2,4,1,0.12,0.22,0.34,1.31,61,92808,2799308,134086,41278,224,DEF,Marc Cucurella Saseta,Chelsea
252,85,17,2,True,2025-10-25T14:00:00Z,1.0,2.0,9,False,75,0,0,0,1,0,0,0,0,0,0,0,4,0.0,1.1,24.0,2.3,0,0,0,0,1,0.22,0.0,0.22,1.16,43,-52262,856288,40468,92730,252,FWD,Marc Guiu Paz,Chelsea
260,81,1,4,False,2025-10-26T14:00:00Z,1.0,0.0,9,False,90,0,0,0,1,0,0,0,0,0,0,0,9,23.2,0.8,9.0,3.3,9,2,1,10,1,0.09,0.01,0.1,1.08,49,33789,3919896,121670,87881,260,DEF,Marc Guéhi,Man City
524,83,4,0,False,2025-10-26T14:00:00Z,2.0,0.0,9,False,0,0,0,0,0,0,0,0,0,0,0,0,0,0.0,0.0,0.0,0.0,0,0,0,0,0,0.0,0.0,0.0,0.0,45,-90,2683,0,90,524,MID,Marko Stamenić,Nott'm Forest
471,89,10,0,True,2025-10-25T14:00:00Z,2.0,1.0,9,False,0,0,0,0,0,0,0,0,0,0,0,0,0,0.0,0.0,0.0,0.0,0,0,0,0,0,0.0,0.0,0.0,0.0,40,-301,16803,130,431,471,GKP,Mark Gillespie,Newcastle
288,86,18,0,True,2025-10-26T16:30:00Z,0.0,3.0,9,False,0,0,0,0,0,0,0,0,0,0,0,0,0,0.0,0.0,0.0,0.0,0,0,0,0,0,0.0,0.0,0.0,0.0,44,-321,14619,74,395,288,GKP,Mark Travers,Everton
648,90,3,8,True,2025-10-26T14:00:00Z,2.0,3.0,9,False,83,1,0,0,2,0,0,0,0,0,0,1,27,42.4,1.2,54.0,9.8,3,2,2,7,1,0.63,0.0,0.63,1.06,54,1058,9123,1802,744,648,MID,Marshall Munetsi,Wolves
333,89,15,0,False,2025-10-25T14:00:00Z,2.0,1.0,9,False,0,0,0,0,0,0,0,0,0,0,0,0,0,0.0,0.0,0.0,0.0,0,0,0,0,0,0.0,0.0,0.0,0.0,45,-153,3809,0,153,333,MID,Martial Godo,Fulham
470,90,20,2,False,2025-10-26T14:00:00Z,2.0,3.0,9,False,90,0,0,0,2,0,0,0,0,0,5,0,16,40.0,0.0,0.0,4.0,1,12,0,0,1,0.0,0.0,0.0,2.52,40,44731,4241246,71187,26456,470,GKP,Martin Dúbravka,Burnley
313,86,18,0,True,2025-10-26T16:30:00Z,0.0,3.0,9,False,0,0,0,0,0,0,0,0,0,0,0,0,0,0.0,0.0,0.0,0.0,0,0,0,0,0,0.0,0.0,0.0,0.0,44,-982,18347,0,982,313,FWD,Martin Sherif,Everton
17,81,8,0,True,2025-10-26T14:00:00Z,1.0,0.0,9,False,0,0,0,0,0,0,0,0,0,0,0,0,0,0.0,0.0,0.0,0.0,0,0,0,0,0,0.0,0.0,0.0,0.0,79,-15966,185365,100,16066,17,MID,Martin Ødegaard,Arsenal
26,81,8,5,True,2025-10-26T14:00:00Z,1.0,0.0,9,False,90,0,0,1,0,0,0,0,0,0,0,0,15,18.2,15.5,0.0,3.4,9,4,2,15,1,0.0,0.03,0.03,0.47,55,-32726,485411,22456,55182,26,MID,Martín Zubimendi Ibáñez,Arsenal
455,88,6,0,True,2025-10-25T16:30:00Z,4.0,2.0,9,False,0,0,0,0,0,0,0,0,0,0,0,0,0,0.0,0.0,0.0,0.0,0,0,0,0,0,0.0,0.0,0.0,0.0,59,4453,38771,7651,3198,455,MID,Mason Mount,Man Utd
75,83,16,0,True,2025-10-26T14:00:00Z,2.0,0.0,9,False,0,0,0,0,0,0,0,0,0,0,0,0,0,0.0,0.0,0.0,0.0,0,0,0,0,0,0.0,0.0,0.0,0.0,39,-264,32876,856,1120,75,DEF,Matai Akinmboni,Bournemouth
364,87,19,0,True,2025-10-24T19:00:00Z,2.0,1.0,9,False,0,0,0,0,0,0,0,0,0,0,0,0,0,0.0,0.0,0.0,0.0,0,0,0,0,0,0.0,0.0,0.0,0.0,50,-22,1376,0,22,364,FWD,Mateo Joseph Fernández-Regatillo,Leeds
422,82,2,0,False,2025-10-26T14:00:00Z,1.0,0.0,9,False,0,0,0,0,0,0,0,0,0,0,0,0,0,0.0,0.0,0.0,0.0,0,0,0,0,0,0.0,0.0,0.0,0.0,59,129,3243,397,268,422,MID,Mateo Kovačić,Man City
708,87,11,6,False,2025-10-24T19:00:00Z,2.0,1.0,9,False,25,1,0,0,0,0,0,0,0,0,0,0,22,38.0,16.8,19.0,7.4,0,0,1,1,0,0.09,0.02,0.11,0.0,55,243,3878,576,333,708,MID,Mateus Gonçalo Espanha Fernandes,West Ham
279,81,1,0,False,2025-10-26T14:00:00Z,1.0,0.0,9,False,0,0,0,0,0,0,0,0,0,0,0,0,0,0.0,0.0,0.0,0.0,0,0,0,0,0,0.0,0.0,0.0,0.0,45,-31,942,0,31,279,MID,Matheus França de Oliveira,Crystal Palace
407,82,2,2,False,2025-10-26T14:00:00Z,1.0,0.0,9,False,90,0,0,0,1,0,0,0,0,0,0,0,16,17.2,8.4,1.0,2.7,5,5,2,7,1,0.03,0.04,0.07,0.81,53,20504,91617,23898,3394,407,DEF,Matheus Nunes,Man City
450,88,6,8,True,2025-10-25T16:30:00Z,4.0,2.0,9,False,81,1,0,0,1,0,0,0,0,0,0,1,41,51.2,26.7,18.0,9.6,2,3,3,8,1,0.09,0.3,0.39,0.8,79,-1849,451481,19912,21761,450,MID,Matheus Santos Carneiro da Cunha,Man Utd
126,84,12,1,True,2025-10-25T19:00:00Z,3.0,2.0,9,False,11,0,0,0,1,0,0,0,0,0,0,0,2,2.8,1.1,0.0,0.4,1,2,0,3,0,0.0,0.01,0.01,0.53,49,1219,10150,1733,514,126,MID,Mathias Jensen,Brentford
584,86,9,1,False,2025-10-26T16:30:00Z,0.0,3.0,9,False,1,0,0,0,0,0,0,0,0,0,0,0,3,0.0,0.0,0.0,0.0,0,0,0,0,0,0.0,0.0,0.0,0.0,63,-141,17218,1699,1840,584,MID,Mathys Tel,Spurs
173,88,14,4,False,2025-10-25T16:30:00Z,4.0,2.0,9,False,86,0,0,0,3,0,0,0,0,0,0,0,24,26.0,23.8,2.0,5.2,6,6,4,16,1,0.0,0.02,0.02,0.9,49,826,7242,1124,298,173,MID,Mats Wieffer,Brighton
103,84,12,0,True,2025-10-25T19:00:00Z,3.0,2.0,9,False,0,0,0,0,0,0,0,0,0,0,0,0,0,0.0,0.0,0.0,0.0,0,0,0,0,0,0.0,0.0,0.0,0.0,40,-211,17190,169,380,103,GKP,Matthew Cox,Brentford
436,88,6,1,True,2025-10-25T16:30:00Z,4.0,2.0,9,False,90,0,0,0,2,0,0,0,0,0,0,0,9,17.8,1.4,0.0,1.9,8,5,0,8,1,0.0,0.0,0.0,1.12,50,12857,351453,23037,10180,436,DEF,Matthijs de Ligt,Man Utd
36,82,13,15,True,2025-10-26T14:00:00Z,1.0,0.0,9,False,90,1,0,1,0,0,0,0,0,0,0,3,44,48.0,19.8,7.0,7.5,5,2,2,7,1,0.06,0.07,0.13,1.18,46,-41189,592594,10706,51895,36,DEF,Matty Cash,Aston Villa
632,90,3,0,True,2025-10-26T14:00:00Z,2.0,3.0,9,False,0,0,0,0,0,0,0,0,0,0,0,0,0,0.0,0.0,0.0,0.0,0,0,0,0,0,0.0,0.0,0.0,0.0,44,-229,13901,223,452,632,DEF,Matt Doherty,Wolves
164,88,14,0,False,2025-10-25T16:30:00Z,4.0,2.0,9,False,0,0,0,0,0,0,0,0,0,0,0,0,0,0.0,0.0,0.0,0.0,0,0,0,0,0,0.0,0.0,0.0,0.0,55,-2064,50908,0,2064,164,MID,Matt O'Riley,Brighton
484,89,10,0,True,2025-10-25T14:00:00Z,2.0,1.0,9,False,0,0,0,0,0,0,0,0,0,0,0,0,0,0.0,0.0,0.0,0.0,0,0,0,0,0,0.0,0.0,0.0,0.0,40,-1309,25478,0,1309,484,DEF,Matt Targett,Newcastle
504,83,4,0,False,2025-10-26T14:00:00Z,2.0,0.0,9,False,0,0,0,0,0,0,0,0,0,0,0,0,0,0.0,0.0,0.0,0.0,0,0,0,0,0,0.0,0.0,0.0,0.0,40,-413,13132,0,413,504,GKP,Matt Turner,Nott'm Forest
502,83,4,2,False,2025-10-26T14:00:00Z,2.0,0.0,9,False,90,0,0,0,2,0,0,0,0,0,3,0,3,15.2,0.0,0.0,1.5,1,3,0,0,1,0.0,0.01,0.01,0.59,48,-80135,1125439,3925,84060,502,GKP,Matz Sels,Nott'm Forest
257,81,1,4,False,2025-10-26T14:00:00Z,1.0,0.0,9,False,90,0,0,0,1,0,0,0,0,0,0,0,21,29.8,0.6,3.0,3.3,19,1,2,21,1,0.01,0.0,0.01,1.08,51,-41360,458482,4466,45826,257,DEF,Maxence Lacroix,Crystal Palace
191,90,20,1,False,2025-10-26T14:00:00Z,2.0,3.0,9,False,90,0,0,0,2,0,0,0,0,0,0,0,7,17.8,0.8,2.0,2.1,7,2,1,8,1,0.0,0.0,0.0,2.52,40,-16108,1593111,25608,41716,191,DEF,Maxime Estève,Burnley
605,87,11,1,False,2025-10-24T19:00:00Z,2.0,1.0,9,False,90,0,0,0,2,0,0,0,0,0,0,0,4,15.6,1.1,0.0,1.7,5,6,0,5,1,0.0,0.01,0.01,1.49,44,-96,23223,1165,1261,605,DEF,Maximilian Kilman,West Ham
145,88,14,0,False,2025-10-25T16:30:00Z,4.0,2.0,9,False,58,0,0,0,2,0,0,0,0,0,0,0,4,6.0,25.3,4.0,3.5,2,5,0,2,1,0.04,0.2,0.24,0.62,44,-18055,263790,2415,20470,145,DEF,Maxim De Cuyper,Brighton
617,87,11,0,False,2025-10-24T19:00:00Z,2.0,1.0,9,False,0,0,0,0,0,0,0,0,0,0,0,0,0,0.0,0.0,0.0,0.0,0,0,0,0,0,0.0,0.0,0.0,0.0,49,-53,2196,0,53,617,MID,Maxwel Cornet,West Ham
700,81,8,0,True,2025-10-26T14:00:00Z,1.0,0.0,9,False,0,0,0,0,0,0,0,0,0,0,0,0,0,0.0,0.0,0.0,0.0,0,0,0,0,0,0.0,0.0,0.0,0.0,44,-1337,40339,3948,5285,700,MID,Max Dowman,Arsenal
183,90,20,0,False,2025-10-26T14:00:00Z,2.0,3.0,9,False,0,0,0,0,0,0,0,0,0,0,0,0,0,0.0,0.0,0.0,0.0,0,0,0,0,0,0.0,0.0,0.0,0.0,44,-370,15076,244,614,183,GKP,Max Weiß,Burnley
728,86,18,1,True,2025-10-26T16:30:00Z,0.0,3.0,9,False,24,0,0,0,1,0,0,0,0,0,0,0,-2,0.0,0.1,0.0,0.0,0,1,0,1,0,0.2,0.01,0.21,0.42,50,31,617,47,16,728,MID,Merlin Röhl,Everton
110,84,12,1,True,2025-10-25T19:00:00Z,3.0,2.0,9,False,90,0,0,0,2,0,0,0,0,0,0,0,15,20.8,29.6,7.0,5.7,5,7,1,6,1,0.07,0.19,0.26,2.3,45,1840,43990,4148,2308,110,DEF,Michael Kayode,Brentford
295,86,18,1,True,2025-10-26T16:30:00Z,0.0,3.0,9,False,90,0,0,0,3,0,0,0,0,0,0,0,2,16.0,4.3,0.0,2.0,6,4,1,7,1,0.0,0.01,0.01,2.08,45,21126,131622,28342,7216,295,DEF,Michael Keane,Everton
219,90,20,0,False,2025-10-26T14:00:00Z,2.0,3.0,9,False,0,0,0,0,0,0,0,0,0,0,0,0,0,0.0,0.0,0.0,0.0,0,0,0,0,0,0.0,0.0,0.0,0.0,44,-1235,19232,0,1235,219,FWD,Michael Obafemi,Burnley
575,86,9,23,False,2025-10-26T16:30:00Z,0.0,3.0,9,False,90,2,0,1,0,0,0,0,0,0,0,3,59,82.0,1.6,66.0,15.0,10,2,0,10,1,1.07,0.07,1.14,1.53,47,-267209,3795192,34528,301737,575,DEF,Micky van de Ven,Spurs
22,81,8,1,True,2025-10-26T14:00:00Z,1.0,0.0,9,False,8,0,0,0,0,0,0,0,0,0,0,0,4,4.0,0.3,0.0,0.4,2,0,0,2,0,0.0,0.0,0.0,0.01,59,-4290,73928,5074,9364,22,MID,Mikel Merino Zazón,Arsenal
592,86,9,0,False,2025-10-26T16:30:00Z,0.0,3.0,9,False,0,0,0,0,0,0,0,0,0,0,0,0,0,0.0,0.0,0.0,0.0,0,0,0,0,0,0.0,0.0,0.0,0.0,50,-8,470,0,8,592,MID,Mikey Moore,Spurs
222,85,17,0,True,2025-10-25T14:00:00Z,1.0,2.0,9,False,0,0,0,0,0,0,0,0,0,0,0,0,0,0.0,0.0,0.0,0.0,0,0,0,0,0,0.0,0.0,0.0,0.0,40,-4,407,0,4,222,GKP,Mike Penders,Chelsea
214,90,20,0,False,2025-10-26T14:00:00Z,2.0,3.0,9,False,0,0,0,0,0,0,0,0,0,0,0,0,0,0.0,0.0,0.0,0.0,0,0,0,0,0,0.0,0.0,0.0,0.0,44,-305,9485,408,713,214,MID,Mike Trésor Ndayishimiye,Burnley
121,84,12,7,True,2025-10-25T19:00:00Z,3.0,2.0,9,False,78,0,1,0,1,0,0,0,0,0,0,2,29,32.8,15.5,18.0,6.6,2,6,3,11,1,0.07,0.2,0.27,1.77,58,-3163,71578,1967,5130,121,MID,Mikkel Damsgaard,Brentford
546,85,7,0,False,2025-10-25T14:00:00Z,1.0,2.0,9,False,0,0,0,0,0,0,0,0,0,0,0,0,0,0.0,0.0,0.0,0.0,0,0,0,0,0,0.0,0.0,0.0,0.0,49,-52,2239,0,52,546,MID,Milan Aleksić,Sunderland
371,84,5,6,False,2025-10-25T19:00:00Z,3.0,2.0,9,False,60,1,0,0,3,0,0,0,1,0,0,0,11,41.8,7.0,35.0,8.4,3,1,1,4,1,0.6,0.02,0.62,2.37,58,-32310,471954,4856,37166,371,DEF,Milos Kerkez,Liverpool
483,89,10,0,True,2025-10-25T14:00:00Z,2.0,1.0,9,False,0,0,0,0,0,0,0,0,0,0,0,0,0,0.0,0.0,0.0,0.0,0,0,0,0,0,0.0,0.0,0.0,0.0,39,-798,27481,326,1124,483,DEF,Miodrag Pivaš,Newcastle
157,88,14,0,False,2025-10-25T16:30:00Z,4.0,2.0,9,False,0,0,0,0,0,0,0,0,0,0,0,0,0,0.0,0.0,0.0,0.0,0,0,0,0,0,0.0,0.0,0.0,0.0,63,-47622,338713,925,48547,157,MID,Mitoma Kaoru,Brighton
381,84,5,6,False,2025-10-25T19:00:00Z,3.0,2.0,9,False,90,1,0,0,3,0,0,0,1,0,0,0,15,34.8,15.5,57.0,10.7,1,1,0,2,1,0.68,0.06,0.74,2.75,143,-845146,3531263,14393,859539,381,MID,Mohamed Salah,Liverpool
582,86,9,3,False,2025-10-26T16:30:00Z,0.0,3.0,9,False,77,0,0,1,0,0,0,0,0,0,0,0,3,1.8,5.6,2.0,0.9,0,6,0,6,1,0.09,0.06,0.15,1.31,68,-71620,4228906,136687,208307,582,MID,Mohammed Kudus,Spurs
241,85,17,2,True,2025-10-25T14:00:00Z,1.0,2.0,9,False,90,0,0,0,2,0,0,0,0,0,0,0,16,15.4,26.7,4.0,4.6,4,4,1,9,1,0.04,0.16,0.2,1.31,59,311442,2226307,370445,59003,241,MID,Moisés Caicedo Corozo,Chelsea
515,83,4,2,False,2025-10-26T14:00:00Z,2.0,0.0,9,False,88,0,0,0,2,0,0,0,0,0,0,0,9,4.2,18.0,12.0,3.4,2,2,0,4,1,0.1,0.05,0.15,0.59,73,-29169,373839,6418,35587,515,MID,Morgan Gibbs-White,Nott'm Forest
47,82,13,3,True,2025-10-26T14:00:00Z,1.0,0.0,9,False,90,0,0,1,0,0,0,0,0,0,0,0,17,11.2,12.3,6.0,3.0,0,6,3,9,1,0.0,0.07,0.07,1.18,68,-11241,605254,33787,45028,47,MID,Morgan Rogers,Aston Villa
506,83,4,1,False,2025-10-26T14:00:00Z,2.0,0.0,9,False,90,0,0,0,2,0,0,0,0,0,0,0,8,28.4,0.6,0.0,2.9,5,4,3,8,1,0.0,0.0,0.0,0.59,53,-12588,255762,2567,15155,506,DEF,Murillo Costa dos Santos,Nott'm Forest
245,85,17,0,True,2025-10-25T14:00:00Z,1.0,2.0,9,False,0,0,0,0,0,0,0,0,0,0,0,0,0,0.0,0.0,0.0,0.0,0,0,0,0,0,0.0,0.0,0.0,0.0,50,-16,947,37,53,245,MID,Mykhailo Mudryk,Chelsea
10,81,8,1,True,2025-10-26T14:00:00Z,1.0,0.0,9,False,2,0,0,0,0,0,0,0,0,0,0,0,3,0.2,0.3,0.0,0.1,0,1,0,0,0,0.0,0.0,0.0,0.01,52,-8437,212160,2864,11301,10,DEF,Myles Lewis-Skelly,Arsenal
133,84,12,0,True,2025-10-25T19:00:00Z,3.0,2.0,9,False,0,0,0,0,0,0,0,0,0,0,0,0,0,0.0,0.0,0.0,0.0,0,0,0,0,0,0.0,0.0,0.0,0.0,44,1,4902,223,222,133,MID,Myles Peart-Harris,Brentford
275,81,1,0,False,2025-10-26T14:00:00Z,1.0,0.0,9,False,0,0,0,0,0,0,0,0,0,0,0,0,0,0.0,0.0,0.0,0.0,0,0,0,0,0,0.0,0.0,0.0,0.0,44,-188,5740,164,352,275,MID,Naouirou Ahamada,Crystal Palace
263,81,1,0,False,2025-10-26T14:00:00Z,1.0,0.0,9,False,0,0,0,0,0,0,0,0,0,0,0,0,0,0.0,0.0,0.0,0.0,0,0,0,0,0,0.0,0.0,0.0,0.0,39,-1938,58054,727,2665,263,DEF,Nathaniel Clyne,Crystal Palace
405,82,2,0,False,2025-10-26T14:00:00Z,1.0,0.0,9,False,0,0,0,0,0,0,0,0,0,0,0,0,0,0.0,0.0,0.0,0.0,0,0,0,0,0,0.0,0.0,0.0,0.0,54,-256,80196,1445,1701,405,DEF,Nathan Aké,Man City
106,84,12,3,True,2025-10-25T19:00:00Z,3.0,2.0,9,False,90,0,0,0,2,0,0,0,0,0,0,0,8,33.4,0.1,23.0,5.7,14,2,1,15,1,0.08,0.0,0.08,2.3,49,-3552,140482,2979,6531,106,DEF,Nathan Collins,Brentford
658,90,3,0,True,2025-10-26T14:00:00Z,2.0,3.0,9,False,0,0,0,0,0,0,0,0,0,0,0,0,0,0.0,0.0,0.0,0.0,0,0,0,0,0,0.0,0.0,0.0,0.0,44,-13532,246033,3362,16894,658,FWD,Nathan Fraser,Wolves
296,86,18,0,True,2025-10-26T16:30:00Z,0.0,3.0,9,False,0,0,0,0,0,0,0,0,0,0,0,0,0,0.0,0.0,0.0,0.0,0,0,0,0,0,0.0,0.0,0.0,0.0,44,-179,2250,11,190,296,DEF,Nathan Patterson,Everton
607,87,11,0,False,2025-10-24T19:00:00Z,2.0,1.0,9,False,0,0,0,0,0,0,0,0,0,0,0,0,0,0.0,0.0,0.0,0.0,0,0,0,0,0,0.0,0.0,0.0,0.0,44,-204,6185,0,204,607,DEF,Nayef Aguerd,West Ham
564,85,7,0,False,2025-10-25T14:00:00Z,1.0,2.0,9,False,0,0,0,0,0,0,0,0,0,0,0,0,0,0.0,0.0,0.0,0.0,0,0,0,0,0,0.0,0.0,0.0,0.0,44,-607,13262,0,607,564,FWD,Nazarii Rusyn,Sunderland
508,83,4,1,False,2025-10-26T14:00:00Z,2.0,0.0,9,False,90,0,0,0,2,0,0,0,0,0,0,0,13,16.4,5.8,10.0,3.2,4,4,3,7,1,0.09,0.05,0.14,0.59,48,-43240,478882,4611,47851,508,DEF,Neco Williams,Nott'm Forest
559,85,7,0,False,2025-10-25T14:00:00Z,1.0,2.0,9,False,0,0,0,0,0,0,0,0,0,0,0,0,0,0.0,0.0,0.0,0.0,0,0,0,0,0,0.0,0.0,0.0,0.0,44,-283,5604,0,283,559,MID,Nectarios Triantis,Sunderland
744,88,14,0,False,2025-10-25T16:30:00Z,4.0,2.0,9,False,0,0,0,0,0,0,0,0,0,0,0,0,0,0.0,0.0,0.0,0.0,0,0,0,0,0,0.0,0.0,0.0,0.0,45,241,338,270,29,744,MID,Nehemiah Oriola,Brighton
537,85,7,0,False,2025-10-25T14:00:00Z,1.0,2.0,9,False,0,0,0,0,0,0,0,0,0,0,0,0,0,0.0,0.0,0.0,0.0,0,0,0,0,0,0.0,0.0,0.0,0.0,40,-423,11303,0,423,537,DEF,Niall Huggins,Sunderland
469,89,10,3,True,2025-10-25T14:00:00Z,2.0,1.0,9,False,90,0,0,0,1,0,0,0,0,0,4,0,14,27.4,0.0,0.0,2.7,0,7,0,0,1,0.0,0.0,0.0,1.53,52,83526,1480976,119920,36394,469,GKP,Nick Pope,Newcastle
714,89,10,2,True,2025-10-25T14:00:00Z,2.0,1.0,9,False,85,0,0,0,1,0,0,0,0,0,0,0,4,1.4,12.2,15.0,2.9,1,3,0,4,1,0.39,0.01,0.4,1.53,74,940323,2625858,968397,28074,714,FWD,Nick Woltemade,Newcastle
625,87,11,0,False,2025-10-24T19:00:00Z,2.0,1.0,9,False,0,0,0,0,0,0,0,0,0,0,0,0,0,0.0,0.0,0.0,0.0,0,0,0,0,0,0.0,0.0,0.0,0.0,56,-10065,96518,80,10145,625,FWD,Niclas Füllkrug,West Ham
251,85,17,0,True,2025-10-25T14:00:00Z,1.0,2.0,9,False,0,0,0,0,0,0,0,0,0,0,0,0,0,0.0,0.0,0.0,0.0,0,0,0,0,0,0.0,0.0,0.0,0.0,65,-144,10033,0,144,251,FWD,Nicolas Jackson,Chelsea
519,83,4,1,False,2025-10-26T14:00:00Z,2.0,0.0,9,False,7,0,0,0,0,0,0,0,0,0,0,0,6,4.6,11.1,0.0,1.6,0,0,1,1,0,0.0,0.02,0.02,0.0,50,-42,1063,66,108,519,MID,Nicolás Domínguez,Nott'm Forest
716,83,4,1,False,2025-10-26T14:00:00Z,2.0,0.0,9,False,90,0,0,0,2,0,0,0,0,0,0,0,5,14.2,1.5,0.0,1.6,4,3,3,7,1,0.0,0.0,0.0,0.59,45,-40,1677,104,144,716,DEF,Nicolò Savona,Nott'm Forest
423,82,2,0,False,2025-10-26T14:00:00Z,1.0,0.0,9,False,29,0,0,0,0,0,0,0,1,0,0,0,3,4.4,3.3,7.0,1.5,1,3,2,6,0,0.12,0.02,0.14,0.27,59,-100,10748,577,677,423,MID,Nico González Iglesias,Man City
411,82,2,1,False,2025-10-26T14:00:00Z,1.0,0.0,9,False,29,0,0,0,0,0,0,0,0,0,0,0,1,8.6,11.1,17.0,3.7,1,1,3,4,0,0.13,0.07,0.2,0.27,49,40057,135132,45588,5531,411,DEF,Nico O'Reilly,Man City
505,83,4,1,False,2025-10-26T14:00:00Z,2.0,0.0,9,False,90,0,0,0,2,0,0,0,0,0,0,0,4,9.6,0.7,0.0,1.0,4,3,0,4,1,0.0,0.0,0.0,0.59,53,-47751,546266,3611,51362,505,DEF,Nikola Milenković,Nott'm Forest
698,87,19,4,True,2025-10-24T19:00:00Z,2.0,1.0,9,False,45,0,1,0,0,0,0,0,0,0,0,0,10,2.0,0.9,21.0,2.4,0,2,0,2,1,0.2,0.01,0.21,0.34,55,-7278,21245,980,8258,698,MID,Noah Okafor,Leeds
552,85,7,2,False,2025-10-25T14:00:00Z,1.0,2.0,9,False,90,0,0,0,1,0,0,0,0,0,0,0,17,15.6,11.3,0.0,2.7,5,4,2,11,1,0.0,0.01,0.01,0.9,50,-100,6080,240,340,552,MID,Noah Sadiki,Sunderland
18,81,8,0,True,2025-10-26T14:00:00Z,1.0,0.0,9,False,0,0,0,0,0,0,0,0,0,0,0,0,0,0.0,0.0,0.0,0.0,0,0,0,0,0,0.0,0.0,0.0,0.0,69,-5216,79030,67,5283,18,MID,Noni Madueke,Arsenal
311,86,18,2,True,2025-10-26T16:30:00Z,0.0,3.0,9,False,65,0,0,0,2,0,0,0,0,0,0,0,9,11.2,10.8,39.0,6.1,4,1,0,5,1,0.56,0.0,0.56,1.66,53,-35545,438400,16443,51988,311,FWD,Norberto Bercique Gomes Betuncal,Everton
66,83,16,0,True,2025-10-26T14:00:00Z,2.0,0.0,9,False,0,0,0,0,0,0,0,0,0,0,0,0,0,0.0,0.0,0.0,0.0,0,0,0,0,0,0.0,0.0,0.0,0.0,45,-347,9340,0,347,66,GKP,Norberto Murara Neto,Bournemouth
694,85,7,2,False,2025-10-25T14:00:00Z,1.0,2.0,9,False,90,0,0,0,1,0,0,0,0,0,0,0,8,12.4,0.8,2.0,1.5,5,5,1,6,1,0.0,0.01,0.01,0.9,41,145131,479348,157542,12411,694,DEF,Nordi Mukiele,Sunderland
438,88,6,0,True,2025-10-25T16:30:00Z,4.0,2.0,9,False,0,0,0,0,0,0,0,0,0,0,0,0,0,0.0,0.0,0.0,0.0,0,0,0,0,0,0.0,0.0,0.0,0.0,49,-353,21651,507,860,438,DEF,Noussair Mazraoui,Man Utd
285,81,1,0,False,2025-10-26T14:00:00Z,1.0,0.0,9,False,0,0,0,0,0,0,0,0,0,0,0,0,0,0.0,0.0,0.0,0.0,0,0,0,0,0,0.0,0.0,0.0,0.0,50,-1443,32799,0,1443,285,FWD,Odsonne Édouard,Crystal Palace
472,89,10,0,True,2025-10-25T14:00:00Z,2.0,1.0,9,False,0,0,0,0,0,0,0,0,0,0,0,0,0,0.0,0.0,0.0,0.0,0,0,0,0,0,0.0,0.0,0.0,0.0,40,-54,2218,0,54,472,GKP,Odysseas Vlachodimos,Newcastle
507,83,4,0,False,2025-10-26T14:00:00Z,2.0,0.0,9,False,0,0,0,0,0,0,0,0,0,0,0,0,0,0.0,0.0,0.0,0.0,0,0,0,0,0,0.0,0.0,0.0,0.0,48,-32702,346732,62,32764,507,DEF,Ola Aina,Nott'm Forest
12,83,4,0,False,2025-10-26T14:00:00Z,2.0,0.0,9,False,0,0,0,0,0,0,0,0,0,0,0,0,0,0.0,0.0,0.0,0.0,0,0,0,0,0,0.0,0.0,0.0,0.0,49,-512,34500,976,1488,12,DEF,Oleksandr Zinchenko,Nott'm Forest
197,90,20,0,False,2025-10-26T14:00:00Z,2.0,3.0,9,False,0,0,0,0,0,0,0,0,0,0,0,0,0,0.0,0.0,0.0,0.0,0,0,0,0,0,0.0,0.0,0.0,0.0,39,-284,17016,329,613,197,DEF,Oliver Sonne,Burnley
143,88,14,0,False,2025-10-25T16:30:00Z,4.0,2.0,9,False,0,0,0,0,0,0,0,0,0,0,0,0,0,0.0,0.0,0.0,0.0,0,0,0,0,0,0.0,0.0,0.0,0.0,43,-257,9953,98,355,143,DEF,Olivier Boscagli,Brighton
608,87,11,0,False,2025-10-24T19:00:00Z,2.0,1.0,9,False,24,0,0,0,2,0,0,0,0,0,0,0,-6,0.0,0.2,0.0,0.0,0,1,0,0,1,0.0,0.0,0.0,0.68,44,-50,4272,77,127,608,DEF,Ollie Scarles,West Ham
64,82,13,2,True,2025-10-26T14:00:00Z,1.0,0.0,9,False,85,0,0,1,0,0,0,0,0,0,0,0,6,4.2,13.0,26.0,4.3,0,1,1,2,1,0.13,0.07,0.2,0.98,86,-109408,863591,7754,117162,64,FWD,Ollie Watkins,Aston Villa
212,90,20,0,False,2025-10-26T14:00:00Z,2.0,3.0,9,False,0,0,0,0,0,0,0,0,0,0,0,0,0,0.0,0.0,0.0,0.0,0,0,0,0,0,0.0,0.0,0.0,0.0,45,-30,1066,0,30,212,MID,Oluwaseun Adewumi,Burnley
693,83,4,1,False,2025-10-26T14:00:00Z,2.0,0.0,9,False,45,0,0,0,0,0,0,0,0,0,0,0,2,1.8,16.3,4.0,2.2,0,3,0,3,0,0.0,0.03,0.03,0.1,54,-120,3327,149,269,693,MID,Omari Hutchinson,Nott'm Forest
683,85,7,0,False,2025-10-25T14:00:00Z,1.0,2.0,9,False,0,0,0,0,0,0,0,0,0,0,0,0,0,0.0,0.0,0.0,0.0,0,0,0,0,0,0.0,0.0,0.0,0.0,41,-44311,793138,36754,81065,683,DEF,Omar Alderete,Sunderland
413,82,2,1,False,2025-10-26T14:00:00Z,1.0,0.0,9,False,6,0,0,0,0,0,0,0,0,0,0,0,2,0.0,0.3,0.0,0.0,0,0,0,0,0,0.0,0.0,0.0,0.0,83,-656,315871,6005,6661,413,MID,Omar Marmoush,Man City
512,83,4,0,False,2025-10-26T14:00:00Z,2.0,0.0,9,False,0,0,0,0,0,0,0,0,0,0,0,0,0,0.0,0.0,0.0,0.0,0,0,0,0,0,0.0,0.0,0.0,0.0,45,-60,2868,0,60,512,DEF,Omar Richards,Nott'm Forest
424,82,2,2,False,2025-10-26T14:00:00Z,1.0,0.0,9,False,60,0,0,0,1,0,0,0,0,0,0,0,8,7.6,12.3,2.0,2.2,2,2,2,6,1,0.0,0.02,0.02,0.54,54,-2346,36807,1255,3601,424,MID,Oscar Bobb,Fulham
76,83,16,0,True,2025-10-26T14:00:00Z,2.0,0.0,9,False,0,0,0,0,0,0,0,0,0,0,0,0,0,0.0,0.0,0.0,0.0,0,0,0,0,0,0.0,0.0,0.0,0.0,39,-246,20336,534,780,76,DEF,Owen Bevan,Bournemouth
189,90,20,0,False,2025-10-26T14:00:00Z,2.0,3.0,9,False,0,0,0,0,0,0,0,0,0,0,0,0,0,0.0,0.0,0.0,0.0,0,0,0,0,0,0.0,0.0,0.0,0.0,40,-49,1893,0,49,189,DEF,Owen Dodgson,Burnley
593,86,9,6,False,2025-10-26T16:30:00Z,0.0,3.0,9,False,12,1,0,0,0,0,0,0,0,0,0,0,23,0.0,0.0,0.0,0.0,1,1,0,2,0,0.42,0.0,0.42,0.22,49,-30902,221916,3848,34750,593,MID,Pape Matar Sarr,Spurs
132,84,12,0,True,2025-10-25T19:00:00Z,3.0,2.0,9,False,0,0,0,0,0,0,0,0,0,0,0,0,0,0.0,0.0,0.0,0.0,0,0,0,0,0,0.0,0.0,0.0,0.0,45,-4,1475,55,59,132,MID,Paris Maghoma,Brentford
343,87,19,0,True,2025-10-24T19:00:00Z,2.0,1.0,9,False,0,0,0,0,0,0,0,0,0,0,0,0,0,0.0,0.0,0.0,0.0,0,0,0,0,0,0.0,0.0,0.0,0.0,45,-6657,41699,581,7238,343,DEF,Pascal Struijk,Leeds
363,87,19,0,True,2025-10-24T19:00:00Z,2.0,1.0,9,False,0,0,0,0,0,0,0,0,0,0,0,0,0,0.0,0.0,0.0,0.0,0,0,0,0,0,0.0,0.0,0.0,0.0,49,-3302,55073,0,3302,363,FWD,Patrick Bamford,Leeds
441,88,6,-1,True,2025-10-25T16:30:00Z,4.0,2.0,9,False,20,0,0,0,2,0,0,0,1,0,0,0,-7,3.4,0.8,0.0,0.4,0,1,2,2,0,0.0,0.0,0.0,0.56,44,-44393,448500,3261,47654,441,DEF,Patrick Dorgu,Man Utd
545,85,7,0,False,2025-10-25T14:00:00Z,1.0,2.0,9,False,0,0,0,0,0,0,0,0,0,0,0,0,0,0.0,0.0,0.0,0.0,0,0,0,0,0,0.0,0.0,0.0,0.0,54,-49,1819,0,49,545,MID,Patrick Roberts,Sunderland
41,82,13,8,True,2025-10-26T14:00:00Z,1.0,0.0,9,False,90,0,0,1,0,0,0,0,0,0,0,2,35,20.4,1.3,0.0,2.2,6,1,0,6,1,0.0,0.01,0.01,1.18,43,-582,40631,1220,1802,41,DEF,Pau Torres,Aston Villa
640,90,3,0,True,2025-10-26T14:00:00Z,2.0,3.0,9,False,0,0,0,0,0,0,0,0,0,0,0,0,0,0.0,0.0,0.0,0.0,0,0,0,0,0,0.0,0.0,0.0,0.0,40,-2805,63052,0,2805,640,DEF,Pedro Cardoso de Lima,Wolves
236,85,17,8,True,2025-10-25T14:00:00Z,1.0,2.0,9,False,84,0,1,0,1,0,0,0,0,0,0,3,28,19.6,17.3,0.0,3.7,0,3,0,3,1,0.0,0.03,0.03,1.19,70,178059,636955,193709,15650,236,MID,Pedro Lomba Neto,Chelsea
568,86,9,11,False,2025-10-26T16:30:00Z,0.0,3.0,9,False,90,0,1,1,0,0,0,0,0,0,0,2,41,32.8,15.8,0.0,4.9,6,3,2,8,1,0.0,0.29,0.29,1.53,56,-152294,2415981,18979,171273,568,DEF,Pedro Porro Sauceda,Spurs
147,88,14,0,False,2025-10-25T16:30:00Z,4.0,2.0,9,False,0,0,0,0,0,0,0,0,0,0,0,0,0,0.0,0.0,0.0,0.0,0,0,0,0,0,0.0,0.0,0.0,0.0,45,-20,1281,0,20,147,DEF,Pervis Estupiñán Tenorio,Brighton
89,83,16,0,True,2025-10-26T14:00:00Z,2.0,0.0,9,False,0,0,0,0,0,0,0,0,0,0,0,0,0,0.0,0.0,0.0,0.0,0,0,0,0,0,0.0,0.0,0.0,0.0,49,-72,3175,0,72,89,MID,Philip Billing,Bournemouth
414,82,2,1,False,2025-10-26T14:00:00Z,1.0,0.0,9,False,90,0,0,0,1,0,0,0,1,0,0,0,20,22.8,98.9,16.0,13.8,0,4,2,6,1,0.27,0.3,0.57,0.81,81,-98969,650460,19046,118015,414,MID,Phil Foden,Man City
725,81,8,1,True,2025-10-26T14:00:00Z,1.0,0.0,9,False,8,0,0,0,0,0,0,0,0,0,0,0,4,0.0,0.3,0.0,0.0,0,0,0,0,0,0.0,0.0,0.0,0.01,54,80,3037,198,118,725,DEF,Piero Hincapié,Arsenal
556,85,7,0,False,2025-10-25T14:00:00Z,1.0,2.0,9,False,0,0,0,0,0,0,0,0,0,0,0,0,0,0.0,0.0,0.0,0.0,0,0,0,0,0,0.0,0.0,0.0,0.0,45,-31,844,0,31,556,MID,Pierre Ekwah Elimby,Sunderland
192,90,20,7,False,2025-10-26T14:00:00Z,2.0,3.0,9,False,90,0,2,0,2,0,0,0,0,0,0,0,25,44.0,23.1,5.0,7.2,6,2,0,6,1,0.01,0.58,0.59,2.52,40,6340,83232,12875,6535,192,DEF,Quilindschy Hartman,Burnley
572,86,9,0,False,2025-10-26T16:30:00Z,0.0,3.0,9,False,0,0,0,0,0,0,0,0,0,0,0,0,0,0.0,0.0,0.0,0.0,0,0,0,0,0,0.0,0.0,0.0,0.0,45,3,628,37,34,572,DEF,Radu Drăgușin,Spurs
726,86,9,2,False,2025-10-26T16:30:00Z,0.0,3.0,9,False,61,0,0,1,0,0,0,0,0,0,0,0,7,2.6,10.8,2.0,1.5,1,4,1,6,1,0.0,0.02,0.02,1.08,69,1419,21278,2989,1570,726,FWD,Randal Kolo Muani,Spurs
465,88,6,0,True,2025-10-25T16:30:00Z,4.0,2.0,9,False,0,0,0,0,0,0,0,0,0,0,0,0,0,0.0,0.0,0.0,0.0,0,0,0,0,0,0.0,0.0,0.0,0.0,63,-534,35728,0,534,465,FWD,Rasmus Højlund,Man Utd
402,82,2,0,False,2025-10-26T14:00:00Z,1.0,0.0,9,False,0,0,0,0,0,0,0,0,0,0,0,0,0,0.0,0.0,0.0,0.0,0,0,0,0,0,0.0,0.0,0.0,0.0,58,-26914,623424,2184,29098,402,DEF,Rayan Aït-Nouri,Man City
417,82,2,1,False,2025-10-26T14:00:00Z,1.0,0.0,9,False,14,0,0,0,0,0,0,0,0,0,0,0,6,4.8,15.3,2.0,2.2,0,0,0,0,0,0.07,0.05,0.12,0.0,63,1763,249251,7353,5590,417,MID,Rayan Cherki,Man City
337,89,15,5,False,2025-10-25T14:00:00Z,2.0,1.0,9,False,90,0,1,0,2,0,0,0,0,0,0,0,15,10.2,4.1,72.0,8.6,0,3,2,5,1,0.71,0.03,0.74,2.14,62,487,96989,5842,5355,337,FWD,Raúl Jiménez Rodríguez,Fulham
225,85,17,1,True,2025-10-25T14:00:00Z,1.0,2.0,9,False,90,0,0,0,2,0,0,0,0,0,0,0,15,20.2,31.3,0.0,5.2,0,8,3,3,1,0.0,0.12,0.12,1.31,55,379034,931097,389037,10003,225,DEF,Reece James,Chelsea
298,86,18,0,True,2025-10-26T16:30:00Z,0.0,3.0,9,False,0,0,0,0,0,0,0,0,0,0,0,0,0,0.0,0.0,0.0,0.0,0,0,0,0,0,0.0,0.0,0.0,0.0,39,-424,17692,128,552,298,DEF,Reece Welch,Everton
541,85,7,2,False,2025-10-25T14:00:00Z,1.0,2.0,9,False,90,0,0,0,1,0,0,0,0,0,0,0,7,11.0,0.6,0.0,1.2,5,2,1,6,1,0.0,0.0,0.0,0.9,40,-28903,564764,2946,31849,541,DEF,Reinildo Mandava,Sunderland
27,84,12,0,True,2025-10-25T19:00:00Z,3.0,2.0,9,False,0,0,0,0,0,0,0,0,0,0,0,0,0,0.0,0.0,0.0,0.0,0,0,0,0,0,0.0,0.0,0.0,0.0,48,-167,13198,271,438,27,MID,Reiss Nelson,Brentford
255,81,1,0,False,2025-10-26T14:00:00Z,1.0,0.0,9,False,0,0,0,0,0,0,0,0,0,0,0,0,0,0.0,0.0,0.0,0.0,0,0,0,0,0,0.0,0.0,0.0,0.0,40,-301,12678,70,371,255,GKP,Remi Matthews,Crystal Palace
687,83,16,0,True,2025-10-26T14:00:00Z,2.0,0.0,9,False,0,0,0,0,0,0,0,0,0,0,0,0,0,0.0,0.0,0.0,0.0,0,0,0,0,0,0.0,0.0,0.0,0.0,44,-147,16959,666,813,687,MID,Remy Rees-Dottin,Bournemouth
379,84,5,0,False,2025-10-25T19:00:00Z,3.0,2.0,9,False,0,0,0,0,0,0,0,0,0,0,0,0,0,0.0,0.0,0.0,0.0,0,0,0,0,0,0.0,0.0,0.0,0.0,39,-621,22845,190,811,379,DEF,Rhys Williams,Liverpool
7,81,8,6,True,2025-10-26T14:00:00Z,1.0,0.0,9,False,81,0,0,1,0,0,0,0,0,0,0,0,26,4.6,3.8,2.0,1.0,1,6,0,1,1,0.07,0.02,0.09,0.46,58,50027,1864253,99941,49914,7,DEF,Riccardo Calafiori,Arsenal
597,86,9,4,False,2025-10-26T16:30:00Z,0.0,3.0,9,False,28,0,1,0,0,0,0,0,0,0,0,0,14,7.2,0.3,17.0,2.5,4,1,1,6,0,0.36,0.27,0.63,0.45,66,-355263,1311877,19235,374498,597,FWD,Richarlison de Andrade,Spurs
109,84,12,1,True,2025-10-25T19:00:00Z,3.0,2.0,9,False,1,0,0,0,0,0,0,0,0,0,0,0,3,0.0,0.0,0.0,0.0,0,0,0,0,0,0.0,0.0,0.0,0.38,44,-499,14015,132,631,109,DEF,Rico Henry,Brentford
410,82,2,0,False,2025-10-26T14:00:00Z,1.0,0.0,9,False,0,0,0,0,0,0,0,0,0,0,0,0,0,0.0,0.0,0.0,0.0,0,0,0,0,0,0.0,0.0,0.0,0.0,49,-15601,226503,1359,16960,410,DEF,Rico Lewis,Man City
690,81,1,0,False,2025-10-26T14:00:00Z,1.0,0.0,9,False,0,0,0,0,0,0,0,0,0,0,0,0,0,0.0,0.0,0.0,0.0,0,0,0,0,0,0.0,0.0,0.0,0.0,44,-2405,57164,2235,4640,690,MID,Rio Cardines,Crystal Palace
686,84,5,1,False,2025-10-25T19:00:00Z,3.0,2.0,9,False,20,0,0,0,0,0,0,0,0,0,0,0,2,1.0,10.8,2.0,1.4,0,0,0,0,0,0.0,0.01,0.01,0.21,45,-4415,69269,2859,7274,686,MID,Rio Ngumoha,Liverpool
220,85,17,1,True,2025-10-25T14:00:00Z,1.0,2.0,9,False,90,0,0,0,2,0,0,0,0,0,2,0,6,17.2,0.0,0.0,1.7,1,11,0,0,1,0.0,0.0,0.0,1.31,49,183,1756545,47431,47248,220,GKP,Robert Lynch Sánchez,Chelsea
670,85,7,4,False,2025-10-25T14:00:00Z,1.0,2.0,9,False,90,0,0,0,1,0,0,0,0,0,6,0,22,43.8,0.0,0.0,4.4,2,11,0,0,1,0.0,0.0,0.0,0.9,46,65281,709585,84089,18808,670,GKP,Robin Roefs,Sunderland
264,81,1,0,False,2025-10-26T14:00:00Z,1.0,0.0,9,False,0,0,0,0,0,0,0,0,0,0,0,0,0,0.0,0.0,0.0,0.0,0,0,0,0,0,0.0,0.0,0.0,0.0,40,-71,2578,0,71,264,DEF,Rob Holding,Crystal Palace
421,82,2,0,False,2025-10-26T14:00:00Z,1.0,0.0,9,False,0,0,0,0,0,0,0,0,0,0,0,0,0,0.0,0.0,0.0,0.0,0,0,0,0,0,0.0,0.0,0.0,0.0,63,-5758,60369,48,5806,421,MID,Rodrigo 'Rodri' Hernandez Cascante,Man City
585,86,9,8,False,2025-10-26T16:30:00Z,0.0,3.0,9,False,90,0,1,1,0,0,0,0,0,0,0,0,27,20.8,11.1,16.0,4.8,4,7,1,12,1,0.14,0.01,0.15,1.53,53,5497,23711,6413,916,585,MID,Rodrigo Bentancur,Spurs
635,90,3,1,True,2025-10-26T14:00:00Z,2.0,3.0,9,False,90,0,0,0,3,0,0,0,0,0,0,0,-1,7.0,16.5,29.0,5.3,2,4,1,3,1,0.23,0.03,0.26,1.43,45,-157,11582,413,570,635,DEF,Rodrigo Martins Gomes,Wolves
338,89,15,0,False,2025-10-25T14:00:00Z,2.0,1.0,9,False,0,0,0,0,0,0,0,0,0,0,0,0,0,0.0,0.0,0.0,0.0,0,0,0,0,0,0.0,0.0,0.0,0.0,54,-24900,140631,373,25273,338,FWD,Rodrigo Muniz Carvalho,Fulham
548,85,7,0,False,2025-10-25T14:00:00Z,1.0,2.0,9,False,0,0,0,0,0,0,0,0,0,0,0,0,0,0.0,0.0,0.0,0.0,0,0,0,0,0,0.0,0.0,0.0,0.0,49,-5,525,11,16,548,MID,Romaine Mundle,Sunderland
269,81,1,0,False,2025-10-26T14:00:00Z,1.0,0.0,9,False,0,0,0,0,0,0,0,0,0,0,0,0,0,0.0,0.0,0.0,0.0,0,0,0,0,0,0.0,0.0,0.0,0.0,48,-548,17937,316,864,269,MID,Romain Esse,Crystal Palace
92,83,16,0,True,2025-10-26T14:00:00Z,2.0,0.0,9,False,0,0,0,0,0,0,0,0,0,0,0,0,0,0.0,0.0,0.0,0.0,0,0,0,0,0,0.0,0.0,0.0,0.0,45,-535,10105,0,535,92,MID,Romain Faivre,Bournemouth
297,86,18,0,True,2025-10-26T16:30:00Z,0.0,3.0,9,False,0,0,0,0,0,0,0,0,0,0,0,0,0,0.0,0.0,0.0,0.0,0,0,0,0,0,0.0,0.0,0.0,0.0,39,-503,22840,212,715,297,DEF,Roman Dixon,Everton
130,84,12,0,True,2025-10-25T19:00:00Z,3.0,2.0,9,False,0,0,0,0,0,0,0,0,0,0,0,0,0,0.0,0.0,0.0,0.0,0,0,0,0,0,0.0,0.0,0.0,0.0,45,-127,13027,627,754,130,MID,Romelle Donovan,Brentford
244,85,17,0,True,2025-10-25T14:00:00Z,1.0,2.0,9,False,0,0,0,0,0,0,0,0,0,0,0,0,0,0.0,0.0,0.0,0.0,0,0,0,0,0,0.0,0.0,0.0,0.0,49,253,3191,658,405,244,MID,Roméo Lavia,Chelsea
55,82,13,1,True,2025-10-26T14:00:00Z,1.0,0.0,9,False,16,0,0,0,0,0,0,0,0,0,0,0,3,6.0,3.1,0.0,0.9,1,1,0,2,0,0.0,0.0,0.0,0.54,48,179,4769,352,173,55,MID,Ross Barkley,Aston Villa
87,83,16,1,True,2025-10-26T14:00:00Z,2.0,0.0,9,False,10,0,0,0,0,0,0,0,0,0,0,0,3,0.2,0.2,2.0,0.2,0,0,0,0,0,0.0,0.0,0.0,0.02,50,1113,9931,1575,462,87,MID,Ryan Christie,Bournemouth
390,84,5,0,False,2025-10-25T19:00:00Z,3.0,2.0,9,False,0,0,0,0,0,0,0,0,0,0,0,0,0,0.0,0.0,0.0,0.0,0,0,0,0,0,0.0,0.0,0.0,0.0,57,-144859,641397,32544,177403,390,MID,Ryan Gravenberch,Liverpool
742,82,2,0,False,2025-10-26T14:00:00Z,1.0,0.0,9,False,0,0,0,0,0,0,0,0,0,0,0,0,0,0.0,0.0,0.0,0.0,0,0,0,0,0,0.0,0.0,0.0,0.0,45,53,759,124,71,742,MID,Ryan McAidoo,Man City
328,89,15,4,False,2025-10-25T14:00:00Z,2.0,1.0,9,False,90,0,0,0,2,0,0,0,0,0,0,0,14,16.0,13.3,0.0,2.9,6,7,1,14,1,0.0,0.05,0.05,2.14,54,2217,12263,3473,1256,328,MID,Ryan Sessegnon,Fulham
134,84,12,0,True,2025-10-25T19:00:00Z,3.0,2.0,9,False,0,0,0,0,0,0,0,0,0,0,0,0,0,0.0,0.0,0.0,0.0,0,0,0,0,0,0.0,0.0,0.0,0.0,45,-21,599,0,21,134,MID,Ryan Trevitt,Brentford
522,83,4,1,False,2025-10-26T14:00:00Z,2.0,0.0,9,False,45,0,0,0,0,0,0,0,0,0,0,0,5,3.0,2.7,0.0,0.6,2,0,0,2,0,0.0,0.0,0.0,0.1,48,-422,9644,186,608,522,MID,Ryan Yates,Nott'm Forest
408,82,2,4,False,2025-10-26T14:00:00Z,1.0,0.0,9,False,90,0,0,0,1,0,0,0,0,0,0,0,14,39.6,13.3,10.0,6.3,12,2,0,12,1,0.13,0.02,0.15,0.81,55,12546,555577,26397,13851,408,DEF,Rúben dos Santos Gato Alves Dias,Man City
323,89,15,0,False,2025-10-25T14:00:00Z,2.0,1.0,9,False,0,0,0,0,0,0,0,0,0,0,0,0,0,0.0,0.0,0.0,0.0,0,0,0,0,0,0.0,0.0,0.0,0.0,39,-185,17723,364,549,323,DEF,Samuel Amissah,Fulham
727,89,15,0,False,2025-10-25T14:00:00Z,2.0,1.0,9,False,0,0,0,0,0,0,0,0,0,0,0,0,0,0.0,0.0,0.0,0.0,0,0,0,0,0,0.0,0.0,0.0,0.0,54,-499,2417,24,523,727,MID,Samuel Chukwueze,Fulham
51,82,13,0,True,2025-10-26T14:00:00Z,1.0,0.0,9,False,0,0,0,0,0,0,0,0,0,0,0,0,0,0.0,0.0,0.0,0.0,0,0,0,0,0,0.0,0.0,0.0,0.0,55,-95,2798,0,95,51,MID,Samuel Iling-Junior,Aston Villa
346,87,19,0,True,2025-10-24T19:00:00Z,2.0,1.0,9,False,0,0,0,0,0,0,0,0,0,0,0,0,0,0.0,0.0,0.0,0.0,0,0,0,0,0,0.0,0.0,0.0,0.0,39,-1507,30533,414,1921,346,DEF,Sam Byram,Leeds
355,87,19,0,True,2025-10-24T19:00:00Z,2.0,1.0,9,False,0,0,0,0,0,0,0,0,0,0,0,0,0,0.0,0.0,0.0,0.0,0,0,0,0,0,0.0,0.0,0.0,0.0,49,-149,4856,0,149,355,MID,Sam Greenwood,Leeds
627,90,3,2,True,2025-10-26T14:00:00Z,2.0,3.0,9,False,90,0,0,0,3,0,0,0,0,0,4,0,12,30.0,0.0,0.0,3.0,0,14,1,0,1,0.0,0.0,0.0,1.43,45,637,19306,1402,765,627,GKP,Sam Johnstone,Wolves
703,82,13,0,True,2025-10-26T14:00:00Z,1.0,0.0,9,False,0,0,0,0,0,0,0,0,0,0,0,0,0,0.0,0.0,0.0,0.0,0,0,0,0,0,0.0,0.0,0.0,0.0,40,-526,30279,117,643,703,GKP,Sam Proctor,Aston Villa
330,89,15,2,False,2025-10-25T14:00:00Z,2.0,1.0,9,False,90,0,0,0,2,0,0,0,0,0,0,0,15,14.0,12.7,9.0,3.6,4,3,0,7,1,0.04,0.02,0.06,2.14,49,47,8167,394,347,330,MID,Sander Berge,Fulham
491,89,10,1,True,2025-10-25T14:00:00Z,2.0,1.0,9,False,29,0,0,0,0,0,0,0,0,0,0,0,7,8.6,1.8,24.0,3.4,1,2,0,3,0,0.08,0.01,0.09,0.18,54,-4961,172623,11911,16872,491,MID,Sandro Tonali,Newcastle
636,90,3,4,True,2025-10-26T14:00:00Z,2.0,3.0,9,False,90,0,1,0,3,0,0,0,0,0,0,0,15,29.2,3.6,19.0,5.2,8,2,1,9,1,0.05,0.02,0.07,1.43,44,606,11451,1345,739,636,DEF,Santiago Ignacio Bueno,Wolves
656,90,3,0,True,2025-10-26T14:00:00Z,2.0,3.0,9,False,0,0,0,0,0,0,0,0,0,0,0,0,0,0.0,0.0,0.0,0.0,0,0,0,0,0,0.0,0.0,0.0,0.0,49,-194,7118,0,194,656,FWD,Saša Kalajdžić,Wolves
332,89,15,9,False,2025-10-25T14:00:00Z,2.0,1.0,9,False,84,1,0,0,1,0,0,0,0,0,0,2,34,41.8,27.5,35.0,10.4,2,3,3,8,1,0.53,0.07,0.6,1.63,50,-902,7554,40,942,332,MID,Saša Lukić,Fulham
493,87,19,6,True,2025-10-24T19:00:00Z,2.0,1.0,9,False,90,0,1,0,1,0,0,0,0,0,0,1,27,32.4,15.8,0.0,4.8,2,4,4,10,1,0.0,0.18,0.18,0.65,49,20815,125065,32865,12050,493,MID,Sean Longstaff,Leeds
501,89,10,0,True,2025-10-25T14:00:00Z,2.0,1.0,9,False,0,0,0,0,0,0,0,0,0,0,0,0,0,0.0,0.0,0.0,0.0,0,0,0,0,0,0.0,0.0,0.0,0.0,44,-654,28651,861,1515,501,FWD,Sean Neave,Newcastle
345,87,19,0,True,2025-10-24T19:00:00Z,2.0,1.0,9,False,0,0,0,0,0,0,0,0,0,0,0,0,0,0.0,0.0,0.0,0.0,0,0,0,0,0,0.0,0.0,0.0,0.0,39,-372,9205,134,506,345,DEF,Sebastiaan Bornauw,Leeds
733,88,6,2,True,2025-10-25T16:30:00Z,4.0,2.0,9,False,90,0,0,0,2,0,0,0,0,0,3,0,9,20.4,0.0,0.0,2.0,0,13,0,0,1,0.0,0.0,0.0,1.12,50,50867,110994,53788,2921,733,GKP,Senne Lammens,Man Utd
113,84,12,3,True,2025-10-25T19:00:00Z,3.0,2.0,9,False,90,0,0,0,2,0,0,0,0,0,0,0,4,29.0,0.6,0.0,3.0,11,3,1,12,1,0.0,0.01,0.01,2.3,45,-2342,72877,1569,3911,113,DEF,Sepp van den Berg,Brentford
689,89,10,0,True,2025-10-25T14:00:00Z,2.0,1.0,9,False,0,0,0,0,0,0,0,0,0,0,0,0,0,0.0,0.0,0.0,0.0,0,0,0,0,0,0.0,0.0,0.0,0.0,44,-842,33820,1331,2173,689,MID,Seung-Soo Park,Newcastle
196,90,20,0,False,2025-10-26T14:00:00Z,2.0,3.0,9,False,0,0,0,0,0,0,0,0,0,0,0,0,0,0.0,0.0,0.0,0.0,0,0,0,0,0,0.0,0.0,0.0,0.0,40,-189,6229,0,189,196,DEF,Shurandy Sambo,Burnley
543,85,7,0,False,2025-10-25T14:00:00Z,1.0,2.0,9,False,0,0,0,0,0,0,0,0,0,0,0,0,0,0.0,0.0,0.0,0.0,0,0,0,0,0,0.0,0.0,0.0,0.0,52,-7493,72894,942,8435,543,MID,Simon Adingra,Sunderland
529,85,7,0,False,2025-10-25T14:00:00Z,1.0,2.0,9,False,0,0,0,0,0,0,0,0,0,0,0,0,0,0.0,0.0,0.0,0.0,0,0,0,0,0,0.0,0.0,0.0,0.0,40,-894,48094,332,1226,529,GKP,Simon Moore,Sunderland
159,88,14,0,False,2025-10-25T16:30:00Z,4.0,2.0,9,False,0,0,0,0,0,0,0,0,0,0,0,0,0,0.0,0.0,0.0,0.0,0,0,0,0,0,0.0,0.0,0.0,0.0,58,-14,894,26,40,159,MID,Solly March,Brighton
579,86,9,0,False,2025-10-26T16:30:00Z,0.0,3.0,9,False,0,0,0,0,0,0,0,0,0,0,0,0,0,0.0,0.0,0.0,0.0,0,0,0,0,0,0.0,0.0,0.0,0.0,85,-148,16209,0,148,579,MID,Son Heung-min,Spurs
718,87,11,1,False,2025-10-24T19:00:00Z,2.0,1.0,9,False,11,0,0,0,0,0,0,0,0,0,0,0,5,6.6,0.8,0.0,0.7,0,1,3,4,0,0.0,0.0,0.0,0.0,50,12,1209,84,72,718,MID,Soungoutou Magassa,West Ham
180,88,14,1,False,2025-10-25T16:30:00Z,4.0,2.0,9,False,3,0,0,0,1,0,0,0,0,0,0,0,3,2.0,20.3,6.0,2.8,0,1,0,1,0,0.02,0.05,0.07,0.4,53,83,13815,1114,1031,180,FWD,Stefanos Tzimas,Brighton
393,84,5,0,False,2025-10-25T19:00:00Z,3.0,2.0,9,False,0,0,0,0,0,0,0,0,0,0,0,0,0,0.0,0.0,0.0,0.0,0,0,0,0,0,0.0,0.0,0.0,0.0,44,-216,4838,40,256,393,MID,Stefan Bajčetić Maquieira,Liverpool
400,82,2,0,False,2025-10-26T14:00:00Z,1.0,0.0,9,False,0,0,0,0,0,0,0,0,0,0,0,0,0,0.0,0.0,0.0,0.0,0,0,0,0,0,0.0,0.0,0.0,0.0,48,-388,21618,114,502,400,GKP,Stefan Ortega Moreno,Nott'm Forest
740,82,2,0,False,2025-10-26T14:00:00Z,1.0,0.0,9,False,0,0,0,0,0,0,0,0,0,0,0,0,0,0.0,0.0,0.0,0.0,0,0,0,0,0,0.0,0.0,0.0,0.0,40,-43,3150,154,197,740,DEF,Stephen Mfuni,Man City
315,89,15,0,False,2025-10-25T14:00:00Z,2.0,1.0,9,False,0,0,0,0,0,0,0,0,0,0,0,0,0,0.0,0.0,0.0,0.0,0,0,0,0,0,0.0,0.0,0.0,0.0,40,-7,610,0,7,315,GKP,Steven Benda,Fulham
475,89,10,2,True,2025-10-25T14:00:00Z,2.0,1.0,9,False,60,0,0,0,1,0,0,0,0,0,0,0,3,8.2,0.0,6.0,1.4,4,1,0,4,1,0.0,0.0,0.0,1.35,49,5843,84638,10013,4170,475,DEF,Sven Botman,Newcastle
428,82,2,0,False,2025-10-26T14:00:00Z,1.0,0.0,9,False,0,0,0,0,0,0,0,0,0,0,0,0,0,0.0,0.0,0.0,0.0,0,0,0,0,0,0.0,0.0,0.0,0.0,50,-24,1596,0,24,428,MID,Sverre Nypan,Man City
415,82,2,1,False,2025-10-26T14:00:00Z,1.0,0.0,9,False,83,0,0,0,1,0,0,0,1,0,0,0,1,5.6,9.9,17.0,3.3,1,5,2,8,1,0.07,0.1,0.17,0.81,69,4155,59543,5943,1788,415,MID,Sávio Moreira de Oliveira,Man City
294,86,18,0,True,2025-10-26T16:30:00Z,0.0,3.0,9,False,0,0,0,0,0,0,0,0,0,0,0,0,0,0.0,0.0,0.0,0.0,0,0,0,0,0,0.0,0.0,0.0,0.0,43,-361,15124,245,606,294,DEF,Séamus Coleman,Everton
463,88,6,0,True,2025-10-25T16:30:00Z,4.0,2.0,9,False,0,0,0,0,0,0,0,0,0,0,0,0,0,0.0,0.0,0.0,0.0,0,0,0,0,0,0.0,0.0,0.0,0.0,44,-199,10279,237,436,463,MID,Sékou Koné,Man Utd
527,83,4,1,False,2025-10-26T14:00:00Z,2.0,0.0,9,False,45,0,0,0,0,0,0,0,0,0,0,0,8,6.6,3.2,36.0,4.6,0,1,0,1,0,0.11,0.0,0.11,0.1,52,-372,46644,2578,2950,527,FWD,Taiwo Awoniyi,Nott'm Forest
577,86,9,0,False,2025-10-26T16:30:00Z,0.0,3.0,9,False,0,0,0,0,0,0,0,0,0,0,0,0,0,0.0,0.0,0.0,0.0,0,0,0,0,0,0.0,0.0,0.0,0.0,40,-179,6982,34,213,577,DEF,Takai Kōta,Spurs
358,87,19,3,True,2025-10-24T19:00:00Z,2.0,1.0,9,False,71,0,0,1,0,0,0,0,0,0,0,0,3,0.0,0.9,1.0,0.0,1,2,0,3,1,0.07,0.01,0.08,0.43,48,-333,14413,421,754,358,MID,Tanaka Ao,Leeds
150,88,14,0,False,2025-10-25T16:30:00Z,4.0,2.0,9,False,0,0,0,0,0,0,0,0,0,0,0,0,0,0.0,0.0,0.0,0.0,0,0,0,0,0,0.0,0.0,0.0,0.0,44,-720,13966,0,720,150,DEF,Tariq Lamptey,Brighton
650,90,3,0,True,2025-10-26T14:00:00Z,2.0,3.0,9,False,0,0,0,0,0,0,0,0,0,0,0,0,0,0.0,0.0,0.0,0.0,0,0,0,0,0,0.0,0.0,0.0,0.0,44,-1227,34213,390,1617,650,MID,Tawanda Chirewa,Wolves
310,86,18,1,True,2025-10-26T16:30:00Z,0.0,3.0,9,False,24,0,0,0,1,0,0,0,0,0,0,0,1,0.0,1.3,0.0,0.1,0,0,0,0,0,0.03,0.01,0.04,0.42,57,-1559,40703,1100,2659,310,FWD,Thierno Barry,Everton
427,82,2,1,False,2025-10-26T14:00:00Z,1.0,0.0,9,False,75,0,0,0,1,0,0,0,1,0,0,0,-1,0.0,4.3,5.0,0.4,1,2,0,3,1,0.07,0.03,0.1,0.81,57,-445987,3503303,39997,485984,427,MID,Tijjani Reijnders,Man City
319,89,15,1,False,2025-10-25T14:00:00Z,2.0,1.0,9,False,1,0,0,0,0,0,0,0,0,0,0,0,3,1.0,0.0,0.0,0.1,1,0,0,1,0,0.0,0.0,0.0,0.02,44,849,13981,1506,657,319,DEF,Timothy Castagne,Fulham
540,85,7,0,False,2025-10-25T14:00:00Z,1.0,2.0,9,False,0,0,0,0,0,0,0,0,0,0,0,0,0,0.0,0.0,0.0,0.0,0,0,0,0,0,0.0,0.0,0.0,0.0,39,-1484,54875,1282,2766,540,DEF,Timothée Pembélé,Sunderland
304,86,18,0,True,2025-10-26T16:30:00Z,0.0,3.0,9,False,0,0,0,0,0,0,0,0,0,0,0,0,0,0.0,0.0,0.0,0.0,0,0,0,0,0,0.0,0.0,0.0,0.0,49,-69,3849,63,132,304,MID,Tim Iroegbunam,Everton
477,89,10,0,True,2025-10-25T14:00:00Z,2.0,1.0,9,False,0,0,0,0,0,0,0,0,0,0,0,0,0,0.0,0.0,0.0,0.0,0,0,0,0,0,0.0,0.0,0.0,0.0,50,-115515,463493,212,115727,477,DEF,Tino Livramento,Newcastle
460,88,6,0,True,2025-10-25T16:30:00Z,4.0,2.0,9,False,0,0,0,0,0,0,0,0,0,0,0,0,0,0.0,0.0,0.0,0.0,0,0,0,0,0,0.0,0.0,0.0,0.0,45,-161,4206,0,161,460,MID,Toby Collyer,Man Utd
720,90,3,1,True,2025-10-26T14:00:00Z,2.0,3.0,9,False,6,0,0,0,1,0,0,0,0,0,0,0,3,0.0,0.0,2.0,0.2,0,0,0,0,0,0.0,0.0,0.0,0.37,55,-969,7444,506,1475,720,FWD,Tolu Arokodare,Wolves
4,81,8,0,True,2025-10-26T14:00:00Z,1.0,0.0,9,False,0,0,0,0,0,0,0,0,0,0,0,0,0,0.0,0.0,0.0,0.0,0,0,0,0,0,0.0,0.0,0.0,0.0,40,-688,26279,578,1266,4,GKP,Tommy Setford,Arsenal
331,89,15,1,False,2025-10-25T14:00:00Z,2.0,1.0,9,False,5,0,0,0,1,0,0,0,0,0,0,0,3,0.2,0.3,0.0,0.1,0,1,0,1,0,0.0,0.0,0.0,0.51,49,-189,3493,23,212,331,MID,Tom Cairney,Fulham
651,90,3,0,True,2025-10-26T14:00:00Z,2.0,3.0,9,False,0,0,0,0,0,0,0,0,0,0,0,0,0,0.0,0.0,0.0,0.0,0,0,0,0,0,0.0,0.0,0.0,0.0,44,-1721,45744,491,2212,651,MID,Tom Edozie,Wolves
434,88,6,0,True,2025-10-25T16:30:00Z,4.0,2.0,9,False,0,0,0,0,0,0,0,0,0,0,0,0,0,0.0,0.0,0.0,0.0,0,0,0,0,0,0.0,0.0,0.0,0.0,40,-655,31972,212,867,434,GKP,Tom Heaton,Man Utd
630,86,18,0,True,2025-10-26T16:30:00Z,0.0,3.0,9,False,0,0,0,0,0,0,0,0,0,0,0,0,0,0.0,0.0,0.0,0.0,0,0,0,0,0,0.0,0.0,0.0,0.0,40,-2616,140609,274,2890,630,GKP,Tom King,Everton
140,88,14,0,False,2025-10-25T16:30:00Z,4.0,2.0,9,False,0,0,0,0,0,0,0,0,0,0,0,0,0,0.0,0.0,0.0,0.0,0,0,0,0,0,0.0,0.0,0.0,0.0,40,-626,41904,467,1093,140,GKP,Tom McGill,Brighton
172,88,14,1,False,2025-10-25T16:30:00Z,4.0,2.0,9,False,31,0,0,0,2,0,0,0,0,0,0,0,7,5.6,1.3,7.0,1.4,0,2,1,3,0,0.04,0.01,0.05,0.67,49,-28,3546,77,105,172,MID,Tom Watson,Brighton
613,87,11,2,False,2025-10-24T19:00:00Z,2.0,1.0,9,False,64,0,0,0,2,0,0,0,0,0,0,0,10,5.2,3.9,7.0,1.6,2,1,0,3,1,0.24,0.01,0.25,1.49,57,-163,26577,700,863,613,MID,Tomáš Souček,West Ham
232,85,17,1,True,2025-10-25T14:00:00Z,1.0,2.0,9,False,14,0,0,0,1,0,0,0,0,0,0,0,1,5.2,0.1,0.0,0.5,1,1,1,2,0,0.0,0.0,0.0,0.14,44,-2925,59709,2627,5552,232,DEF,Tosin Adarabioyo,Chelsea
637,90,3,0,True,2025-10-26T14:00:00Z,2.0,3.0,9,False,0,0,0,0,0,0,0,0,0,0,0,0,0,0.0,0.0,0.0,0.0,0,0,0,0,0,0.0,0.0,0.0,0.0,43,-351,13167,260,611,637,DEF,Toti Gomes,Wolves
532,85,7,2,False,2025-10-25T14:00:00Z,1.0,2.0,9,False,90,0,0,0,1,0,0,0,0,0,0,0,11,11.0,1.6,0.0,1.3,5,3,1,6,1,0.0,0.01,0.01,0.9,45,5236,43803,7422,2186,532,DEF,Trai Hume,Sunderland
710,82,13,0,True,2025-10-26T14:00:00Z,1.0,0.0,9,False,0,0,0,0,0,0,0,0,0,0,0,0,0,0.0,0.0,0.0,0.0,0,0,0,0,0,0.0,0.0,0.0,0.0,39,8459,23539,9523,1064,710,DEF,Travis Patterson,Aston Villa
226,85,17,1,True,2025-10-25T14:00:00Z,1.0,2.0,9,False,90,0,0,0,2,0,0,0,0,0,0,0,8,25.8,3.2,7.0,3.6,7,8,0,7,1,0.02,0.02,0.04,1.31,51,64065,994742,90058,25993,226,DEF,Trevoh Chalobah,Chelsea
396,84,5,0,False,2025-10-25T19:00:00Z,3.0,2.0,9,False,0,0,0,0,0,0,0,0,0,0,0,0,0,0.0,0.0,0.0,0.0,0,0,0,0,0,0.0,0.0,0.0,0.0,43,24678,61799,29795,5117,396,MID,Trey Nyoni,Liverpool
701,82,13,0,True,2025-10-26T14:00:00Z,1.0,0.0,9,False,0,0,0,0,0,0,0,0,0,0,0,0,0,0.0,0.0,0.0,0.0,0,0,0,0,0,0.0,0.0,0.0,0.0,40,-441,11414,0,441,701,DEF,Triston Rowe,Aston Villa
85,83,16,6,True,2025-10-26T14:00:00Z,2.0,0.0,9,False,90,0,1,1,0,0,0,0,0,0,0,0,20,28.0,11.8,0.0,4.0,2,6,3,11,1,0.0,0.01,0.01,0.35,50,-398,47476,2259,2657,85,MID,Tyler Adams,Bournemouth
707,86,18,0,True,2025-10-26T16:30:00Z,0.0,3.0,9,False,0,0,0,0,0,0,0,0,0,0,0,0,0,0.0,0.0,0.0,0.0,0,0,0,0,0,0.0,0.0,0.0,0.0,55,-81,2931,200,281,707,MID,Tyler Dibling,Everton
446,88,6,0,True,2025-10-25T16:30:00Z,4.0,2.0,9,False,0,0,0,0,0,0,0,0,0,0,0,0,0,0.0,0.0,0.0,0.0,0,0,0,0,0,0.0,0.0,0.0,0.0,39,-324,15554,132,456,446,DEF,Tyler Fredricson,Man Utd
395,84,5,0,False,2025-10-25T19:00:00Z,3.0,2.0,9,False,0,0,0,0,0,0,0,0,0,0,0,0,0,0.0,0.0,0.0,0.0,0,0,0,0,0,0.0,0.0,0.0,0.0,45,-3,302,0,3,395,MID,Tyler Morton,Liverpool
704,86,18,0,True,2025-10-26T16:30:00Z,0.0,3.0,9,False,0,0,0,0,0,0,0,0,0,0,0,0,0,0.0,0.0,0.0,0.0,0,0,0,0,0,0.0,0.0,0.0,0.0,45,-227,7951,0,227,704,MID,Tyler Onyango,Everton
448,88,6,0,True,2025-10-25T16:30:00Z,4.0,2.0,9,False,0,0,0,0,0,0,0,0,0,0,0,0,0,0.0,0.0,0.0,0.0,0,0,0,0,0,0.0,0.0,0.0,0.0,39,-1283,42970,547,1830,448,DEF,Tyrell Malacia,Man Utd
258,81,1,2,False,2025-10-26T14:00:00Z,1.0,0.0,9,False,90,0,0,0,1,0,0,0,0,0,0,0,10,14.4,5.7,2.0,2.2,5,6,2,7,1,0.0,0.03,0.03,1.08,50,-21021,283351,3767,24788,258,DEF,Tyrick Mitchell,Crystal Palace
243,85,17,1,True,2025-10-25T14:00:00Z,1.0,2.0,9,False,5,0,0,0,1,0,0,0,0,0,0,0,4,0.0,0.0,4.0,0.4,0,0,1,1,0,0.07,0.0,0.07,0.12,49,-57,7197,349,406,243,MID,Tyrique George,Everton
40,82,13,0,True,2025-10-26T14:00:00Z,1.0,0.0,9,False,0,0,0,0,0,0,0,0,0,0,0,0,0,0.0,0.0,0.0,0.0,0,0,0,0,0,0.0,0.0,0.0,0.0,45,-10288,118198,501,10789,40,DEF,Tyrone Mings,Aston Villa
721,83,16,6,True,2025-10-26T14:00:00Z,2.0,0.0,9,False,90,0,0,1,0,0,0,0,0,0,0,0,24,13.4,0.5,0.0,1.4,4,0,0,4,1,0.0,0.0,0.0,0.35,45,-216,3717,129,345,721,DEF,Veljko Milosavljevic,Bournemouth
719,82,13,0,True,2025-10-26T14:00:00Z,1.0,0.0,9,False,0,0,0,0,0,0,0,0,0,0,0,0,0,0.0,0.0,0.0,0.0,0,0,0,0,0,0.0,0.0,0.0,0.0,45,-13,4249,280,293,719,DEF,Victor Lindelöf,Aston Villa
666,81,8,2,True,2025-10-26T14:00:00Z,1.0,0.0,9,False,90,0,0,1,0,0,0,0,0,0,0,0,0,0.0,3.3,13.0,1.5,1,2,0,3,1,0.17,0.02,0.19,0.47,90,-298334,2776130,89972,388306,666,FWD,Viktor Gyökeres,Arsenal
373,84,5,3,False,2025-10-25T19:00:00Z,3.0,2.0,9,False,90,0,0,0,3,0,0,0,0,0,0,0,7,29.4,13.6,8.0,5.1,14,3,2,16,1,0.0,0.03,0.03,2.75,60,-129944,3199414,39311,169255,373,DEF,Virgil van Dijk,Liverpool
292,86,18,1,True,2025-10-26T16:30:00Z,0.0,3.0,9,False,90,0,0,0,3,0,0,0,0,0,0,0,-4,8.6,4.8,4.0,1.7,3,3,1,4,1,0.01,0.04,0.05,2.08,49,-555,43342,1650,2205,292,DEF,Vitalii Mykolenko,Everton
125,84,12,4,True,2025-10-25T19:00:00Z,3.0,2.0,9,False,61,0,0,0,2,0,0,0,0,0,0,0,11,13.2,18.8,6.0,3.8,4,5,3,12,0,0.0,0.2,0.2,1.55,49,-5,1628,75,80,125,MID,Vitaly Janelt,Brentford
412,82,2,0,False,2025-10-26T14:00:00Z,1.0,0.0,9,False,0,0,0,0,0,0,0,0,0,0,0,0,0,0.0,0.0,0.0,0.0,0,0,0,0,0,0.0,0.0,0.0,0.0,50,-7,618,0,7,412,DEF,Vitor de Oliveira Nunes dos Reis,Man City
185,90,20,0,False,2025-10-26T14:00:00Z,2.0,3.0,9,False,0,0,0,0,0,0,0,0,0,0,0,0,0,0.0,0.0,0.0,0.0,0,0,0,0,0,0.0,0.0,0.0,0.0,40,-522,20301,194,716,185,GKP,Václav Hladký,Burnley
254,81,1,0,False,2025-10-26T14:00:00Z,1.0,0.0,9,False,0,0,0,0,0,0,0,0,0,0,0,0,0,0.0,0.0,0.0,0.0,0,0,0,0,0,0.0,0.0,0.0,0.0,40,-694,39710,244,938,254,GKP,Walter Benítez,Crystal Palace
230,85,17,0,True,2025-10-25T14:00:00Z,1.0,2.0,9,False,0,0,0,0,0,0,0,0,0,0,0,0,0,0.0,0.0,0.0,0.0,0,0,0,0,0,0.0,0.0,0.0,0.0,44,313,19034,1043,730,230,DEF,Wesley Fofana,Chelsea
601,87,11,0,False,2025-10-24T19:00:00Z,2.0,1.0,9,False,0,0,0,0,0,0,0,0,0,0,0,0,0,0.0,0.0,0.0,0.0,0,0,0,0,0,0.0,0.0,0.0,0.0,40,-1677,40759,0,1677,601,GKP,Wes Foderingham,West Ham
351,87,19,0,True,2025-10-24T19:00:00Z,2.0,1.0,9,False,0,0,0,0,0,0,0,0,0,0,0,0,0,0.0,0.0,0.0,0.0,0,0,0,0,0,0.0,0.0,0.0,0.0,52,-817,11266,15,832,351,MID,Wilfried Gnonto,Leeds
500,89,10,4,True,2025-10-25T14:00:00Z,2.0,1.0,9,False,4,0,1,0,0,0,0,0,0,0,0,0,13,3.0,0.0,12.0,1.5,0,2,0,2,0,0.13,0.0,0.13,0.0,55,-2538,38978,1558,4096,500,FWD,William Osula,Newcastle
6,81,8,1,True,2025-10-26T14:00:00Z,1.0,0.0,9,False,45,0,0,0,0,0,0,0,0,0,0,0,10,7.4,1.5,0.0,0.9,1,1,0,1,1,0.0,0.02,0.02,0.08,60,4680,1553786,41394,36714,6,DEF,William Saliba,Arsenal
514,83,4,0,False,2025-10-26T14:00:00Z,2.0,0.0,9,False,0,0,0,0,0,0,0,0,0,0,0,0,0,0.0,0.0,0.0,0.0,0,0,0,0,0,0.0,0.0,0.0,0.0,39,-1442,58036,1215,2657,514,DEF,Willy Boly,Nott'm Forest
68,83,16,0,True,2025-10-26T14:00:00Z,2.0,0.0,9,False,0,0,0,0,0,0,0,0,0,0,0,0,0,0.0,0.0,0.0,0.0,0,0,0,0,0,0.0,0.0,0.0,0.0,40,-2276,125024,911,3187,68,GKP,Will Dennis,Bournemouth
270,81,1,1,False,2025-10-26T14:00:00Z,1.0,0.0,9,False,16,0,0,0,0,0,0,0,0,0,0,0,4,3.0,15.2,4.0,2.2,0,1,0,1,0,0.0,0.03,0.03,0.0,49,-690,12155,235,925,270,MID,Will Hughes,Crystal Palace
598,86,9,0,False,2025-10-26T16:30:00Z,0.0,3.0,9,False,0,0,0,0,0,0,0,0,0,0,0,0,0,0.0,0.0,0.0,0.0,0,0,0,0,0,0.0,0.0,0.0,0.0,45,-98,3208,0,98,598,FWD,Will Lankshear,Spurs
560,85,7,7,False,2025-10-25T14:00:00Z,1.0,2.0,9,False,74,1,0,0,1,0,0,0,0,0,0,1,25,28.0,1.6,44.0,7.4,1,0,0,1,1,0.8,0.0,0.8,0.78,56,-67472,359534,22073,89545,560,FWD,Wilson Isidor,Sunderland
588,86,9,0,False,2025-10-26T16:30:00Z,0.0,3.0,9,False,0,0,0,0,0,0,0,0,0,0,0,0,0,0.0,0.0,0.0,0.0,0,0,0,0,0,0.0,0.0,0.0,0.0,53,-78,4134,197,275,588,MID,Wilson Odobert,Spurs
717,86,9,3,False,2025-10-26T16:30:00Z,0.0,3.0,9,False,60,0,0,1,0,0,0,0,0,0,0,0,7,4.6,2.3,4.0,1.1,0,4,2,6,1,0.0,0.02,0.02,1.08,69,-74222,261811,5287,79509,717,MID,Xavi Simons,Spurs
594,86,9,0,False,2025-10-26T16:30:00Z,0.0,3.0,9,False,0,0,0,0,0,0,0,0,0,0,0,0,0,0.0,0.0,0.0,0.0,0,0,0,0,0,0.0,0.0,0.0,0.0,45,-34,1678,0,34,594,MID,Yang Min-hyeok,Spurs
160,88,14,5,False,2025-10-25T16:30:00Z,4.0,2.0,9,False,90,0,1,0,4,0,0,0,0,0,0,0,16,4.4,12.3,10.0,2.7,0,3,2,5,1,0.03,0.02,0.05,1.29,60,-16476,425529,37277,53753,160,MID,Yankuba Minteh,Brighton
166,88,14,1,False,2025-10-25T16:30:00Z,4.0,2.0,9,False,59,0,0,0,2,0,0,0,0,0,0,0,10,1.0,3.4,8.0,1.2,5,6,0,11,1,0.08,0.01,0.09,0.62,49,-1258,40890,3369,4627,166,MID,Yasin Ayari,Brighton
46,82,13,0,True,2025-10-26T14:00:00Z,1.0,0.0,9,False,0,0,0,0,0,0,0,0,0,0,0,0,0,0.0,0.0,0.0,0.0,0,0,0,0,0,0.0,0.0,0.0,0.0,40,-849,18576,0,849,46,DEF,Yasin Özcan,Aston Villa
129,84,12,1,True,2025-10-25T19:00:00Z,3.0,2.0,9,False,28,0,0,0,0,0,0,0,0,0,0,0,3,4.4,0.2,0.0,0.5,1,2,1,4,1,0.0,0.0,0.0,0.75,50,702,10970,1540,838,129,MID,Yehor Yarmoliuk,Brentford
634,90,3,0,True,2025-10-26T14:00:00Z,2.0,3.0,9,False,0,0,0,0,0,0,0,0,0,0,0,0,0,0.0,0.0,0.0,0.0,0,0,0,0,0,0.0,0.0,0.0,0.0,44,-172,6277,66,238,634,DEF,Yerson Mosquera Valdelamar,Wolves
135,89,10,0,True,2025-10-25T14:00:00Z,2.0,1.0,9,False,0,0,0,0,0,0,0,0,0,0,0,0,0,0.0,0.0,0.0,0.0,0,0,0,0,0,0.0,0.0,0.0,0.0,74,-2677,65028,171,2848,135,FWD,Yoane Wissa,Newcastle
48,82,13,0,True,2025-10-26T14:00:00Z,1.0,0.0,9,False,0,0,0,0,0,0,0,0,0,0,0,0,0,0.0,0.0,0.0,0.0,0,0,0,0,0,0.0,0.0,0.0,0.0,59,-4852,76488,38,4890,48,MID,Youri Tielemans,Aston Villa
312,86,18,0,True,2025-10-26T16:30:00Z,0.0,3.0,9,False,0,0,0,0,0,0,0,0,0,0,0,0,0,0.0,0.0,0.0,0.0,0,0,0,0,0,0.0,0.0,0.0,0.0,49,-241,9415,0,241,312,FWD,Youssef Ramalho Chermiti,Everton
131,84,12,0,True,2025-10-25T19:00:00Z,3.0,2.0,9,False,0,0,0,0,0,0,0,0,0,0,0,0,0,0.0,0.0,0.0,0.0,0,0,0,0,0,0.0,0.0,0.0,0.0,44,-831,25319,766,1597,131,MID,Yunus Emre Konak,Brentford
587,86,9,0,False,2025-10-26T16:30:00Z,0.0,3.0,9,False,0,0,0,0,0,0,0,0,0,0,0,0,0,0.0,0.0,0.0,0.0,0,0,0,0,0,0.0,0.0,0.0,0.0,52,-129,5371,31,160,587,MID,Yves Bissouma,Spurs
712,81,1,1,False,2025-10-26T14:00:00Z,1.0,0.0,9,False,58,0,0,0,1,0,0,0,0,0,0,0,2,2.6,14.8,2.0,1.9,0,3,1,4,1,0.0,0.01,0.01,0.84,59,-3255,13938,761,4016,712,MID,Yéremy Pino Santos,Crystal Palace
513,83,4,0,False,2025-10-26T14:00:00Z,2.0,0.0,9,False,0,0,0,0,0,0,0,0,0,0,0,0,0,0.0,0.0,0.0,0.0,0,0,0,0,0,0.0,0.0,0.0,0.0,39,-390,23634,376,766,513,DEF,Zach Abbott,Nott'm Forest
286,81,1,0,False,2025-10-26T14:00:00Z,1.0,0.0,9,False,0,0,0,0,0,0,0,0,0,0,0,0,0,0.0,0.0,0.0,0.0,0,0,0,0,0,0.0,0.0,0.0,0.0,45,-1469,37975,1705,3174,286,FWD,Zach Marsh,Crystal Palace
95,83,16,0,True,2025-10-26T14:00:00Z,2.0,0.0,9,False,0,0,0,0,0,0,0,0,0,0,0,0,0,0.0,0.0,0.0,0.0,0,0,0,0,0,0.0,0.0,0.0,0.0,44,-1057,11584,0,1057,95,MID,Zain Silcott-Duberry,Bournemouth
538,85,7,0,False,2025-10-25T14:00:00Z,1.0,2.0,9,False,0,0,0,0,0,0,0,0,0,0,0,0,0,0.0,0.0,0.0,0.0,0,0,0,0,0,0.0,0.0,0.0,0.0,39,-459,32800,995,1454,538,DEF,Zak Johnson,Sunderland
216,90,20,0,False,2025-10-26T14:00:00Z,2.0,3.0,9,False,0,0,0,0,0,0,0,0,0,0,0,0,0,0.0,0.0,0.0,0.0,0,0,0,0,0,0.0,0.0,0.0,0.0,49,-26,2906,91,117,216,FWD,Zeki Amdouni,Burnley
215,90,20,13,False,2025-10-26T14:00:00Z,2.0,3.0,9,False,90,2,0,0,2,0,0,0,0,0,0,3,68,78.8,12.0,65.0,15.6,2,2,1,5,1,0.71,0.02,0.73,2.52,53,82,13247,1002,920,215,FWD,Zian Flemming,Burnley
65,82,13,0,True,2025-10-26T14:00:00Z,1.0,0.0,9,False,0,0,0,0,0,0,0,0,0,0,0,0,0,0.0,0.0,0.0,0.0,0,0,0,0,0,0.0,0.0,0.0,0.0,45,-2157,47765,0,2157,65,FWD,Zépiqueno Redmond,Aston Villa
713,83,16,6,True,2025-10-26T14:00:00Z,2.0,0.0,9,False,90,0,0,1,0,0,0,0,0,0,0,0,24,7.2,12.8,0.0,2.0,2,3,0,2,1,0.0,0.03,0.03,0.35,45,99,2592,276,177,713,DEF,Álex Jiménez Sánchez,Bournemouth
43,82,13,0,True,2025-10-26T14:00:00Z,1.0,0.0,9,False,0,0,0,0,0,0,0,0,0,0,0,0,0,0.0,0.0,0.0,0.0,0,0,0,0,0,0.0,0.0,0.0,0.0,40,-21764,321116,0,21764,43,DEF,Álex Moreno Lopera,Aston Villa
368,84,5,0,False,2025-10-25T19:00:00Z,3.0,2.0,9,False,0,0,0,0,0,0,0,0,0,0,0,0,0,0.0,0.0,0.0,0.0,0,0,0,0,0,0.0,0.0,0.0,0.0,39,-479,49637,1311,1790,368,GKP,Ármin Pécsi,Liverpool
67,83,16,8,True,2025-10-26T14:00:00Z,2.0,0.0,9,False,90,0,0,1,0,0,0,0,0,0,4,1,31,30.0,0.0,0.0,3.0,2,6,0,0,1,0.0,0.0,0.0,0.35,45,-2908,698621,19849,22757,67,GKP,Đorđe Petrović,Bournemouth
420,82,2,0,False,2025-10-26T14:00:00Z,1.0,0.0,9,False,0,0,0,0,0,0,0,0,0,0,0,0,0,0.0,0.0,0.0,0.0,0,0,0,0,0,0.0,0.0,0.0,0.0,63,-178,8696,0,178,420,MID,İlkay Gündoğan,Man City
