id,minute,result,X,Y,xG,player,h_a,player_id,situation,season,shotType,match_id,h_team,a_team,h_goals,a_goals,date,player_assisted,lastAction
41877,79,BlockedShot,0.754000015258789,0.720999984741211,0.017506100237369537,Duván Zapata,h,1148,OpenPlay,2014,RightFoot,5113,Napoli,Chievo,0,1,2014-09-14 14:00:00,Juan Zuñiga,Pass
41883,94,SavedShot,0.9230000305175782,0.445,0.04344220086932182,Duván Zapata,h,1148,OpenPlay,2014,Head,5113,Napoli,Chievo,0,1,2014-09-14 14:00:00,Jonathan de Guzmán,Aerial
42381,1,SavedShot,0.9059999847412109,0.27399999618530274,0.03526519984006882,Duván Zapata,h,1148,OpenPlay,2014,RightFoot,5135,Napoli,Palermo,3,3,2014-09-24 19:45:00,Walter Gargano,TakeOn
42385,10,Goal,0.8590000152587891,0.580999984741211,0.3526119887828827,Duván Zapata,h,1148,OpenPlay,2014,RightFoot,5135,Napoli,Palermo,3,3,2014-09-24 19:45:00,Marek Hamsik,Pass
42386,14,SavedShot,0.8980000305175782,0.28,0.05643099918961525,Duván Zapata,h,1148,OpenPlay,2014,RightFoot,5135,Napoli,Palermo,3,3,2014-09-24 19:45:00,Gökhan Inler,Pass
42399,58,SavedShot,0.89,0.38599998474121094,0.36093801259994507,Duván Zapata,h,1148,OpenPlay,2014,RightFoot,5135,Napoli,Palermo,3,3,2014-09-24 19:45:00,Walter Gargano,Throughball
42647,87,SavedShot,0.659000015258789,0.6469999694824219,0.015984099358320236,Duván Zapata,a,1148,OpenPlay,2014,RightFoot,5141,Sassuolo,Napoli,0,1,2014-09-28 11:30:00,Miguel Britos,Pass
44789,91,Goal,0.9230000305175782,0.4929999923706055,0.11387600004673004,Duván Zapata,a,1148,OpenPlay,2014,Head,4999,Sampdoria,Napoli,1,1,2014-12-01 20:00:00,Faouzi Ghoulam,Cross
44978,23,SavedShot,0.9330000305175781,0.43599998474121093,0.04604180157184601,Duván Zapata,h,1148,OpenPlay,2014,Head,5003,Napoli,Empoli,2,2,2014-12-07 11:30:00,Dries Mertens,Aerial
44984,30,MissedShots,0.92,0.46,0.04069430008530617,Duván Zapata,h,1148,FromCorner,2014,Head,5003,Napoli,Empoli,2,2,2014-12-07 11:30:00,Dries Mertens,Aerial
44992,66,Goal,0.924000015258789,0.48700000762939455,0.051621899008750916,Duván Zapata,h,1148,FromCorner,2014,Head,5003,Napoli,Empoli,2,2,2014-12-07 11:30:00,Dries Mertens,Aerial
45258,80,MissedShots,0.8690000152587891,0.47,0.08043850213289261,Duván Zapata,a,1148,FromCorner,2014,RightFoot,5017,AC Milan,Napoli,2,0,2014-12-14 19:45:00,Raúl Albiol,Rebound
45262,93,SavedShot,0.9,0.4809999847412109,0.050338201224803925,Duván Zapata,a,1148,OpenPlay,2014,Head,5017,AC Milan,Napoli,2,0,2014-12-14 19:45:00,David López,HeadPass
45459,18,Goal,0.905,0.5179999923706055,0.3408209979534149,Duván Zapata,h,1148,OpenPlay,2014,LeftFoot,5021,Napoli,Parma,2,0,2014-12-18 20:00:00,Christian Maggio,Cross
45462,31,BlockedShot,0.7180000305175781,0.515,0.023250900208950043,Duván Zapata,h,1148,OpenPlay,2014,RightFoot,5021,Napoli,Parma,2,0,2014-12-18 20:00:00,Marek Hamsik,Pass
45467,56,SavedShot,0.8969999694824219,0.285,0.10556499660015106,Duván Zapata,h,1148,OpenPlay,2014,RightFoot,5021,Napoli,Parma,2,0,2014-12-18 20:00:00,José Callejón,Pass
47472,76,BlockedShot,0.765,0.515,0.02911739982664585,Duván Zapata,a,1148,OpenPlay,2014,LeftFoot,4938,Palermo,Napoli,3,1,2015-02-14 19:45:00,Walter Gargano,Pass
47956,14,MissedShots,0.7780000305175782,0.38,0.03430179879069328,Duván Zapata,h,1148,OpenPlay,2014,RightFoot,4953,Napoli,Sassuolo,2,0,2015-02-23 18:00:00,Walter Gargano,TakeOn
47959,23,MissedShots,0.8959999847412109,0.5259999847412109,0.04168049991130829,Duván Zapata,h,1148,OpenPlay,2014,Head,4953,Napoli,Sassuolo,2,0,2015-02-23 18:00:00,Manolo Gabbiadini,Aerial
47965,48,MissedShots,0.9790000152587891,0.6170000076293946,0.02106110006570816,Duván Zapata,h,1148,OpenPlay,2014,Head,4953,Napoli,Sassuolo,2,0,2015-02-23 18:00:00,Christian Maggio,Cross
47969,60,Goal,0.845999984741211,0.515,0.06483250111341476,Duván Zapata,h,1148,OpenPlay,2014,RightFoot,4953,Napoli,Sassuolo,2,0,2015-02-23 18:00:00,,Rebound
47968,60,BlockedShot,0.8290000152587891,0.5420000076293945,0.0649660974740982,Duván Zapata,h,1148,OpenPlay,2014,LeftFoot,4953,Napoli,Sassuolo,2,0,2015-02-23 18:00:00,,BallTouch
48623,40,BlockedShot,0.9490000152587891,0.534000015258789,0.11723499745130539,Duván Zapata,a,1148,OpenPlay,2014,RightFoot,4904,Verona,Napoli,2,0,2015-03-15 17:00:00,Marek Hamsik,Cross
48630,67,SavedShot,0.8030000305175782,0.6880000305175781,0.027180099859833717,Duván Zapata,a,1148,OpenPlay,2014,RightFoot,4904,Verona,Napoli,2,0,2015-03-15 17:00:00,Dries Mertens,Pass
48635,80,BlockedShot,0.8930000305175781,0.6619999694824219,0.0650193989276886,Duván Zapata,a,1148,OpenPlay,2014,LeftFoot,4904,Verona,Napoli,2,0,2015-03-15 17:00:00,Faouzi Ghoulam,Pass
48858,88,Goal,0.9569999694824218,0.45799999237060546,0.435573011636734,Duván Zapata,h,1148,OpenPlay,2014,Head,4917,Napoli,Atalanta,1,1,2015-03-22 19:45:00,Marek Hamsik,Cross
49688,87,SavedShot,0.8969999694824219,0.5109999847412109,0.13914300501346588,Duván Zapata,h,1148,OpenPlay,2014,LeftFoot,4870,Napoli,Sampdoria,4,2,2015-04-26 19:45:00,Marek Hamsik,Pass
49692,92,MissedShots,0.950999984741211,0.3629999923706055,0.07721780240535736,Duván Zapata,h,1148,OpenPlay,2014,RightFoot,4870,Napoli,Sampdoria,4,2,2015-04-26 19:45:00,,Rebound
50890,20,BlockedShot,0.9280000305175782,0.675,0.07316660135984421,Duván Zapata,a,1148,OpenPlay,2014,LeftFoot,4795,Parma,Napoli,2,2,2015-05-10 17:00:00,Walter Gargano,TakeOn
93221,81,BlockedShot,0.95,0.6709999847412109,0.07598529756069183,Duván Zapata,a,1148,OpenPlay,2015,LeftFoot,553,Juventus,Udinese,0,1,2015-08-23 20:00:00,,None
93224,89,MissedShots,0.905,0.7419999694824219,0.03944750130176544,Duván Zapata,a,1148,OpenPlay,2015,RightFoot,553,Juventus,Udinese,0,1,2015-08-23 20:00:00,Bruno Fernandes,Pass
93591,17,MissedShots,0.9690000152587891,0.5790000152587891,0.4833829998970032,Duván Zapata,h,1148,OpenPlay,2015,LeftFoot,565,Udinese,Palermo,0,1,2015-08-30 22:45:00,,Rebound
93595,22,MissedShots,0.865999984741211,0.56,0.031506601721048355,Duván Zapata,h,1148,SetPiece,2015,Head,565,Udinese,Palermo,0,1,2015-08-30 22:45:00,Bruno Fernandes,Cross
93601,57,MissedShots,0.885,0.2560000038146973,0.030071500688791275,Duván Zapata,h,1148,OpenPlay,2015,RightFoot,565,Udinese,Palermo,0,1,2015-08-30 22:45:00,,None
93605,75,MissedShots,0.9369999694824219,0.46599998474121096,0.08121850341558456,Duván Zapata,h,1148,OpenPlay,2015,Head,565,Udinese,Palermo,0,1,2015-08-30 22:45:00,Ali Adnan,Cross
93606,78,MissedShots,0.865999984741211,0.28200000762939453,0.0392828993499279,Duván Zapata,h,1148,OpenPlay,2015,RightFoot,565,Udinese,Palermo,0,1,2015-08-30 22:45:00,Edenilson,Pass
93608,81,BlockedShot,0.909000015258789,0.5879999923706055,0.023301100358366966,Duván Zapata,h,1148,OpenPlay,2015,Head,565,Udinese,Palermo,0,1,2015-08-30 22:45:00,Ali Adnan,Aerial
93610,87,SavedShot,0.9109999847412109,0.49,0.27444401383399963,Duván Zapata,h,1148,OpenPlay,2015,Head,565,Udinese,Palermo,0,1,2015-08-30 22:45:00,Ali Adnan,Aerial
93611,90,MissedShots,0.8959999847412109,0.664000015258789,0.008231930434703827,Duván Zapata,h,1148,OpenPlay,2015,Head,565,Udinese,Palermo,0,1,2015-08-30 22:45:00,Danilo,Aerial
93612,91,BlockedShot,0.9059999847412109,0.47400001525878904,0.040976300835609436,Duván Zapata,h,1148,OpenPlay,2015,Head,565,Udinese,Palermo,0,1,2015-08-30 22:45:00,Edenilson,Aerial
93806,56,BlockedShot,0.8880000305175781,0.4979999923706055,0.12822799384593964,Duván Zapata,a,1148,OpenPlay,2015,RightFoot,578,Lazio,Udinese,2,0,2015-09-13 20:00:00,Emmanuel Badu,Pass
93809,60,SavedShot,0.8769999694824219,0.590999984741211,0.014409800060093403,Duván Zapata,a,1148,OpenPlay,2015,Head,578,Lazio,Udinese,2,0,2015-09-13 20:00:00,Panagiotis Kone,Aerial
95273,18,Goal,0.9690000152587891,0.509000015258789,0.6727579832077026,Duván Zapata,h,1148,OpenPlay,2015,Head,581,Udinese,Empoli,1,2,2015-09-19 20:00:00,Antonio Di Natale,Cross
94710,46,MissedShots,0.894000015258789,0.55,0.059585098177194595,Duván Zapata,h,1148,OpenPlay,2015,Head,591,Udinese,AC Milan,2,3,2015-09-22 22:45:00,Edenilson,Cross
94714,57,Goal,0.975,0.4640000152587891,0.5922120213508606,Duván Zapata,h,1148,FromCorner,2015,RightFoot,591,Udinese,AC Milan,2,3,2015-09-22 22:45:00,Cyril Théréau,Cross
95748,69,MissedShots,0.8919999694824219,0.46099998474121096,0.0680147036910057,Duván Zapata,a,1148,OpenPlay,2015,Head,607,Bologna,Udinese,1,2,2015-09-27 17:00:00,Edenilson,Cross
95751,75,MissedShots,0.914000015258789,0.56,0.08081000298261642,Duván Zapata,a,1148,OpenPlay,2015,Head,607,Bologna,Udinese,1,2,2015-09-27 17:00:00,Ali Adnan,Cross
95753,84,Goal,0.92,0.505,0.5027109980583191,Duván Zapata,a,1148,OpenPlay,2015,RightFoot,607,Bologna,Udinese,1,2,2015-09-27 17:00:00,,Dispossessed
102056,85,MissedShots,0.785,0.415,0.062435101717710495,Duván Zapata,h,1148,OpenPlay,2015,RightFoot,721,Udinese,Atalanta,2,1,2016-01-06 15:30:00,Silvan Widmer,Pass
102407,71,Goal,0.8859999847412109,0.655,0.05073339864611626,Duván Zapata,a,1148,SetPiece,2015,LeftFoot,730,Carpi,Udinese,2,1,2016-01-09 18:00:00,,Rebound
102409,80,MissedShots,0.885,0.40099998474121096,0.017416099086403847,Duván Zapata,a,1148,FromCorner,2015,Head,730,Carpi,Udinese,2,1,2016-01-09 18:00:00,Bruno Fernandes,Cross
94391,83,SavedShot,0.9640000152587891,0.425,0.10199999809265137,Duván Zapata,a,1148,OpenPlay,2015,Head,759,Palermo,Udinese,4,1,2016-01-24 18:00:00,Panagiotis Kone,Chipped
95530,22,Goal,0.92,0.5379999923706055,0.4970889985561371,Duván Zapata,a,1148,OpenPlay,2015,RightFoot,779,Empoli,Udinese,1,1,2016-02-03 23:45:00,Ryder Matos,Pass
95536,46,MissedShots,0.8419999694824218,0.6580000305175782,0.060438599437475204,Duván Zapata,a,1148,OpenPlay,2015,RightFoot,779,Empoli,Udinese,1,1,2016-02-03 23:45:00,Ali Adnan,Chipped
96093,89,MissedShots,0.8869999694824219,0.6090000152587891,0.42137500643730164,Duván Zapata,h,1148,OpenPlay,2015,LeftFoot,799,Udinese,Bologna,0,1,2016-02-14 18:00:00,Francesco Lodi,TakeOn
96714,30,MissedShots,0.754000015258789,0.37200000762939456,0.01676269993185997,Duván Zapata,a,1148,OpenPlay,2015,RightFoot,804,Genoa,Udinese,2,1,2016-02-21 18:00:00,Cyril Théréau,Pass
98127,47,ShotOnPost,0.8930000305175781,0.555,0.04021750018000603,Duván Zapata,h,1148,FromCorner,2015,Head,835,Udinese,Roma,1,2,2016-03-13 18:00:00,Bruno Fernandes,Cross
98707,7,Goal,0.9340000152587891,0.5170000076293946,0.47257599234580994,Duván Zapata,a,1148,OpenPlay,2015,LeftFoot,848,Sassuolo,Udinese,1,1,2016-03-20 18:00:00,Cyril Théréau,Cross
98715,45,MissedShots,0.875,0.23899999618530274,0.039455901831388474,Duván Zapata,a,1148,OpenPlay,2015,RightFoot,848,Sassuolo,Udinese,1,1,2016-03-20 18:00:00,,None
98717,55,MissedShots,0.965999984741211,0.46599998474121096,0.6137790083885193,Duván Zapata,a,1148,OpenPlay,2015,RightFoot,848,Sassuolo,Udinese,1,1,2016-03-20 18:00:00,Silvan Widmer,Cross
99056,34,MissedShots,0.9290000152587891,0.565,0.11712999641895294,Duván Zapata,h,1148,OpenPlay,2015,Head,853,Udinese,Napoli,3,1,2016-04-03 14:30:00,Cyril Théréau,Cross
99709,29,MissedShots,0.95,0.45599998474121095,0.14557799696922302,Duván Zapata,a,1148,OpenPlay,2015,Head,868,Sampdoria,Udinese,2,0,2016-04-10 17:00:00,Cyril Théréau,Cross
99711,36,BlockedShot,0.924000015258789,0.30100000381469727,0.04672529920935631,Duván Zapata,a,1148,OpenPlay,2015,RightFoot,868,Sampdoria,Udinese,2,0,2016-04-10 17:00:00,Thomas Heurtaux,Chipped
99715,46,BlockedShot,0.825,0.4929999923706055,0.034106601029634476,Duván Zapata,a,1148,OpenPlay,2015,LeftFoot,868,Sampdoria,Udinese,2,0,2016-04-10 17:00:00,Zdravko Kuzmanovic,Cross
99728,92,BlockedShot,0.915,0.47200000762939454,0.12824499607086182,Duván Zapata,a,1148,OpenPlay,2015,LeftFoot,868,Sampdoria,Udinese,2,0,2016-04-10 17:00:00,Cyril Théréau,Pass
99729,92,SavedShot,0.9530000305175781,0.5320000076293945,0.4669249951839447,Duván Zapata,a,1148,FromCorner,2015,Head,868,Sampdoria,Udinese,2,0,2016-04-10 17:00:00,Edenilson,Cross
99993,20,SavedShot,0.8580000305175781,0.46700000762939453,0.10192999988794327,Duván Zapata,h,1148,OpenPlay,2015,RightFoot,877,Udinese,Chievo,0,0,2016-04-17 17:00:00,Cyril Théréau,Pass
99995,28,BlockedShot,0.875,0.35,0.06473810225725174,Duván Zapata,h,1148,OpenPlay,2015,RightFoot,877,Udinese,Chievo,0,0,2016-04-17 17:00:00,Cyril Théréau,BallRecovery
100000,60,MissedShots,0.875999984741211,0.7709999847412109,0.028017500415444374,Duván Zapata,h,1148,OpenPlay,2015,LeftFoot,877,Udinese,Chievo,0,0,2016-04-17 17:00:00,Emil Hallfredsson,Chipped
99999,60,MissedShots,0.9269999694824219,0.529000015258789,0.05474559962749481,Duván Zapata,h,1148,SetPiece,2015,Head,877,Udinese,Chievo,0,0,2016-04-17 17:00:00,Danilo,Rebound
100001,65,MissedShots,0.9030000305175782,0.455,0.08940529823303223,Duván Zapata,h,1148,OpenPlay,2015,Head,877,Udinese,Chievo,0,0,2016-04-17 17:00:00,Cyril Théréau,Cross
100548,1,Goal,0.925,0.4640000152587891,0.10279600322246552,Duván Zapata,h,1148,FromCorner,2015,Head,885,Udinese,Fiorentina,2,1,2016-04-20 22:45:00,Bruno Fernandes,Cross
100563,66,MissedShots,0.8619999694824219,0.3220000076293945,0.17726099491119385,Duván Zapata,h,1148,OpenPlay,2015,RightFoot,885,Udinese,Fiorentina,2,1,2016-04-20 22:45:00,Silvan Widmer,Pass
101246,34,BlockedShot,0.8859999847412109,0.6519999694824219,0.08655860275030136,Duván Zapata,a,1148,OpenPlay,2015,RightFoot,891,Inter,Udinese,3,1,2016-04-23 22:45:00,Bruno Fernandes,Pass
101270,88,MissedShots,0.9009999847412109,0.5609999847412109,0.01618180051445961,Duván Zapata,a,1148,FromCorner,2015,Head,891,Inter,Udinese,3,1,2016-04-23 22:45:00,Zdravko Kuzmanovic,Aerial
101271,94,SavedShot,0.95,0.5379999923706055,0.5699669718742371,Duván Zapata,a,1148,SetPiece,2015,LeftFoot,891,Inter,Udinese,3,1,2016-04-23 22:45:00,Molla Wagué,HeadPass
102328,9,Goal,0.9119999694824219,0.549000015258789,0.10372000187635422,Duván Zapata,a,1148,OpenPlay,2015,Head,917,Atalanta,Udinese,1,1,2016-05-08 17:00:00,Ali Adnan,Cross
102332,19,MissedShots,0.95,0.7530000305175781,0.03790539875626564,Duván Zapata,a,1148,OpenPlay,2015,LeftFoot,917,Atalanta,Udinese,1,1,2016-05-08 17:00:00,Zdravko Kuzmanovic,Chipped
102335,39,SavedShot,0.8180000305175781,0.4540000152587891,0.056601401418447495,Duván Zapata,a,1148,OpenPlay,2015,RightFoot,917,Atalanta,Udinese,1,1,2016-05-08 17:00:00,Silvan Widmer,Pass
102337,65,MissedShots,0.9290000152587891,0.47299999237060547,0.07277409732341766,Duván Zapata,a,1148,OpenPlay,2015,Head,917,Atalanta,Udinese,1,1,2016-05-08 17:00:00,Ali Adnan,Aerial
102676,5,MissedShots,0.8919999694824219,0.634000015258789,0.07703330367803574,Duván Zapata,h,1148,OpenPlay,2015,LeftFoot,928,Udinese,Carpi,1,2,2016-05-15 22:45:00,Bruno Fernandes,Pass
102695,52,MissedShots,0.7669999694824219,0.37200000762939456,0.014740199781954288,Duván Zapata,h,1148,SetPiece,2015,RightFoot,928,Udinese,Carpi,1,2,2016-05-15 22:45:00,,None
144482,10,SavedShot,0.9419999694824219,0.6730000305175782,0.07238390296697617,Duván Zapata,a,1148,OpenPlay,2016,LeftFoot,931,Roma,Udinese,4,0,2016-08-20 20:00:00,Emil Hallfredsson,Pass
144484,17,BlockedShot,0.8809999847412109,0.38599998474121094,0.09424850344657898,Duván Zapata,a,1148,OpenPlay,2016,LeftFoot,931,Roma,Udinese,4,0,2016-08-20 20:00:00,Silvan Widmer,Pass
144508,71,BlockedShot,0.945,0.6959999847412109,0.05502929911017418,Duván Zapata,a,1148,OpenPlay,2016,RightFoot,931,Roma,Udinese,4,0,2016-08-20 20:00:00,Emil Hallfredsson,Pass
145489,46,BlockedShot,0.874000015258789,0.24899999618530275,0.03010519966483116,Duván Zapata,a,1148,OpenPlay,2016,RightFoot,955,AC Milan,Udinese,0,1,2016-09-11 17:00:00,Rodrigo de Paul,Pass
146083,24,Goal,0.935,0.47400001525878904,0.42711299657821655,Duván Zapata,h,1148,OpenPlay,2016,Head,963,Udinese,Chievo,1,2,2016-09-18 14:30:00,Emil Hallfredsson,Cross
146084,36,SavedShot,0.9459999847412109,0.295,0.06931769847869873,Duván Zapata,h,1148,OpenPlay,2016,RightFoot,963,Udinese,Chievo,1,2,2016-09-18 14:30:00,Cyril Théréau,Pass
146093,56,SavedShot,0.9290000152587891,0.485,0.11624599993228912,Duván Zapata,h,1148,FromCorner,2016,Head,963,Udinese,Chievo,1,2,2016-09-18 14:30:00,Sven Kums,Cross
146095,63,MissedShots,0.8880000305175781,0.5479999923706055,0.03664470091462135,Duván Zapata,h,1148,FromCorner,2016,Head,963,Udinese,Chievo,1,2,2016-09-18 14:30:00,Sven Kums,Cross
146586,15,MissedShots,0.915,0.4879999923706055,0.11591099947690964,Duván Zapata,h,1148,OpenPlay,2016,Head,978,Udinese,Fiorentina,2,2,2016-09-21 22:45:00,Panagiotis Kone,Cross
146587,25,Goal,0.8719999694824219,0.48700000762939455,0.36981499195098877,Duván Zapata,h,1148,OpenPlay,2016,RightFoot,978,Udinese,Fiorentina,2,2,2016-09-21 22:45:00,Rodrigo de Paul,Throughball
146588,27,SavedShot,0.8959999847412109,0.4520000076293945,0.4097610116004944,Duván Zapata,h,1148,OpenPlay,2016,RightFoot,978,Udinese,Fiorentina,2,2,2016-09-21 22:45:00,Rodrigo de Paul,Throughball
146593,44,BlockedShot,0.7759999847412109,0.509000015258789,0.015270199626684189,Duván Zapata,h,1148,FromCorner,2016,RightFoot,978,Udinese,Fiorentina,2,2,2016-09-21 22:45:00,Felipe,HeadPass
146598,57,SavedShot,0.7280000305175781,0.66,0.010849200189113617,Duván Zapata,h,1148,OpenPlay,2016,RightFoot,978,Udinese,Fiorentina,2,2,2016-09-21 22:45:00,,None
147939,8,MissedShots,0.9019999694824219,0.500999984741211,0.10459200292825699,Duván Zapata,h,1148,OpenPlay,2016,Head,991,Udinese,Lazio,0,3,2016-10-01 22:45:00,Emmanuel Badu,Cross
147958,73,MissedShots,0.8969999694824219,0.4640000152587891,0.018381699919700623,Duván Zapata,h,1148,FromCorner,2016,Head,991,Udinese,Lazio,0,3,2016-10-01 22:45:00,Sven Kums,Aerial
147963,81,MissedShots,0.9290000152587891,0.415,0.06089869886636734,Duván Zapata,h,1148,FromCorner,2016,Head,991,Udinese,Lazio,0,3,2016-10-01 22:45:00,Sven Kums,Cross
147967,89,BlockedShot,0.78,0.705,0.010231399908661842,Duván Zapata,h,1148,OpenPlay,2016,RightFoot,991,Udinese,Lazio,0,3,2016-10-01 22:45:00,,Rebound
148750,42,MissedShots,0.9209999847412109,0.3160000038146973,0.31405800580978394,Duván Zapata,h,1148,OpenPlay,2016,RightFoot,1012,Udinese,Pescara,3,1,2016-10-23 14:30:00,,None
148766,92,Goal,0.885,0.5,0.7612990140914917,Duván Zapata,h,1148,Penalty,2016,RightFoot,1012,Udinese,Pescara,3,1,2016-10-23 14:30:00,,Standard
149224,7,BlockedShot,0.8540000152587891,0.46599998474121096,0.09638780355453491,Duván Zapata,a,1148,OpenPlay,2016,RightFoot,3289,Palermo,Udinese,1,3,2016-10-27 22:45:00,Seko Fofana,Pass
149802,64,BlockedShot,0.795,0.5670000076293945,0.04236289858818054,Duván Zapata,h,1148,OpenPlay,2016,RightFoot,3298,Udinese,Torino,2,2,2016-10-31 22:00:00,Jakub Jankto,BallTouch
149805,69,SavedShot,0.95,0.3220000076293945,0.05691929906606674,Duván Zapata,h,1148,OpenPlay,2016,LeftFoot,3298,Udinese,Torino,2,2,2016-10-31 22:00:00,,None
149807,69,Goal,0.9830000305175781,0.5129999923706055,0.9522240161895752,Duván Zapata,h,1148,FromCorner,2016,RightFoot,3298,Udinese,Torino,2,2,2016-10-31 22:00:00,,Rebound
149813,92,MissedShots,0.8690000152587891,0.35700000762939454,0.09125260263681412,Duván Zapata,h,1148,OpenPlay,2016,RightFoot,3298,Udinese,Torino,2,2,2016-10-31 22:00:00,Emmanuel Badu,Pass
150174,38,MissedShots,0.9330000305175781,0.565,0.4381619989871979,Duván Zapata,a,1148,OpenPlay,2016,LeftFoot,2751,Genoa,Udinese,1,1,2016-11-06 18:00:00,,Rebound
150912,12,SavedShot,0.8859999847412109,0.624000015258789,0.01691499911248684,Duván Zapata,h,1148,OpenPlay,2016,Head,2757,Udinese,Napoli,1,2,2016-11-19 21:00:00,Seko Fofana,Cross
150913,17,SavedShot,0.9330000305175781,0.6229999923706054,0.1381720006465912,Duván Zapata,h,1148,OpenPlay,2016,LeftFoot,2757,Udinese,Napoli,1,2,2016-11-19 21:00:00,Sven Kums,TakeOn
150915,27,BlockedShot,0.8269999694824218,0.37900001525878907,0.051606498658657074,Duván Zapata,h,1148,OpenPlay,2016,RightFoot,2757,Udinese,Napoli,1,2,2016-11-19 21:00:00,Silvan Widmer,Pass
151375,13,MissedShots,0.855999984741211,0.48400001525878905,0.10163599997758865,Duván Zapata,a,1148,OpenPlay,2016,RightFoot,2769,Cagliari,Udinese,2,1,2016-11-27 18:00:00,Seko Fofana,Pass
151376,14,MissedShots,0.8980000305175782,0.47200000762939454,0.03393450006842613,Duván Zapata,a,1148,SetPiece,2016,Head,2769,Cagliari,Udinese,2,1,2016-11-27 18:00:00,Silvan Widmer,Aerial
151377,17,MissedShots,0.9030000305175782,0.515,0.024048499763011932,Duván Zapata,a,1148,FromCorner,2016,Head,2769,Cagliari,Udinese,2,1,2016-11-27 18:00:00,Ali Adnan,Aerial
151388,64,BlockedShot,0.9159999847412109,0.49599998474121093,0.05158130079507828,Duván Zapata,a,1148,SetPiece,2016,Head,2769,Cagliari,Udinese,2,1,2016-11-27 18:00:00,Ali Adnan,CornerAwarded
151991,22,SavedShot,0.9380000305175781,0.445,0.07511039823293686,Duván Zapata,h,1148,OpenPlay,2016,Head,3075,Udinese,Bologna,1,0,2016-12-06 00:00:00,Cyril Théréau,Aerial
151992,27,MissedShots,0.8040000152587891,0.66,0.03129829838871956,Duván Zapata,h,1148,OpenPlay,2016,RightFoot,3075,Udinese,Bologna,1,0,2016-12-06 00:00:00,Cyril Théréau,Chipped
151993,31,MissedShots,0.93,0.47,0.06514489650726318,Duván Zapata,h,1148,OpenPlay,2016,Head,3075,Udinese,Bologna,1,0,2016-12-06 00:00:00,Samir,Aerial
152001,72,SavedShot,0.9219999694824219,0.5070000076293946,0.13534300029277802,Duván Zapata,h,1148,OpenPlay,2016,Head,3075,Udinese,Bologna,1,0,2016-12-06 00:00:00,Samir,Cross
152288,44,Goal,0.8959999847412109,0.5070000076293946,0.4256480038166046,Duván Zapata,a,1148,OpenPlay,2016,RightFoot,3081,Atalanta,Udinese,1,3,2016-12-11 18:00:00,Cyril Théréau,BallTouch
153015,12,SavedShot,0.9130000305175782,0.29200000762939454,0.04841240122914314,Duván Zapata,h,1148,OpenPlay,2016,RightFoot,3091,Udinese,Crotone,2,0,2016-12-18 18:00:00,Silvan Widmer,Pass
153517,5,MissedShots,0.845,0.705,0.017887400463223457,Duván Zapata,a,1148,OpenPlay,2016,RightFoot,3101,Sampdoria,Udinese,0,0,2016-12-22 19:45:00,Danilo,Cross
153518,8,MissedShots,0.919000015258789,0.48200000762939454,0.044036298990249634,Duván Zapata,a,1148,FromCorner,2016,Head,3101,Sampdoria,Udinese,0,0,2016-12-22 19:45:00,Rodrigo de Paul,Aerial
153519,9,SavedShot,0.87,0.285,0.11193899810314178,Duván Zapata,a,1148,OpenPlay,2016,RightFoot,3101,Sampdoria,Udinese,0,0,2016-12-22 19:45:00,Marco Faraoni,Throughball
153535,80,MissedShots,0.914000015258789,0.4879999923706055,0.06144319847226143,Duván Zapata,a,1148,OpenPlay,2016,Head,3101,Sampdoria,Udinese,0,0,2016-12-22 19:45:00,Samir,Aerial
154061,50,MissedShots,0.955,0.5990000152587891,0.0566583015024662,Duván Zapata,h,1148,FromCorner,2016,Head,3522,Udinese,Inter,1,2,2017-01-08 15:30:00,Jakub Jankto,Cross
154062,54,MissedShots,0.895,0.6809999847412109,0.2554300129413605,Duván Zapata,h,1148,OpenPlay,2016,LeftFoot,3522,Udinese,Inter,1,2,2017-01-08 15:30:00,Jakub Jankto,Pass
154069,94,BlockedShot,0.8130000305175781,0.500999984741211,0.03852489963173866,Duván Zapata,h,1148,OpenPlay,2016,RightFoot,3522,Udinese,Inter,1,2,2017-01-08 15:30:00,Ryder Matos,HeadPass
145310,12,SavedShot,0.9740000152587891,0.645,0.11619699746370316,Duván Zapata,a,1148,OpenPlay,2016,LeftFoot,3547,Empoli,Udinese,1,0,2017-01-22 17:00:00,Jakub Jankto,Throughball
145755,50,SavedShot,0.9259999847412109,0.6580000305175782,0.26465898752212524,Duván Zapata,h,1148,OpenPlay,2016,LeftFoot,3558,Udinese,AC Milan,2,1,2017-01-29 17:00:00,Cyril Théréau,Pass
145765,67,BlockedShot,0.895,0.655,0.07700180262327194,Duván Zapata,h,1148,OpenPlay,2016,RightFoot,3558,Udinese,AC Milan,2,1,2017-01-29 17:00:00,Seko Fofana,Pass
145771,95,SavedShot,0.9159999847412109,0.53,0.49011901021003723,Duván Zapata,h,1148,OpenPlay,2016,RightFoot,3558,Udinese,AC Milan,2,1,2017-01-29 17:00:00,Jakub Jankto,Throughball
146345,54,MissedShots,0.960999984741211,0.5420000076293945,0.4803380072116852,Duván Zapata,a,1148,FromCorner,2016,Head,3564,Chievo,Udinese,0,0,2017-02-05 14:00:00,Emil Hallfredsson,Cross
146881,47,SavedShot,0.9590000152587891,0.5270000076293946,0.5223479866981506,Duván Zapata,a,1148,OpenPlay,2016,Head,3573,Fiorentina,Udinese,3,0,2017-02-11 19:45:00,Rodrigo de Paul,Cross
147918,6,SavedShot,0.9840000152587891,0.62,0.10431700199842453,Duván Zapata,a,1148,OpenPlay,2016,LeftFoot,3601,Lazio,Udinese,1,0,2017-02-26 14:00:00,Cyril Théréau,TakeOn
147930,68,BlockedShot,0.8109999847412109,0.575,0.031085699796676636,Duván Zapata,a,1148,OpenPlay,2016,RightFoot,3601,Lazio,Udinese,1,0,2017-02-26 14:00:00,Orestis Karnezis,TakeOn
148358,19,SavedShot,0.750999984741211,0.754000015258789,0.01233339961618185,Duván Zapata,h,1148,OpenPlay,2016,RightFoot,3606,Udinese,Juventus,1,1,2017-03-05 14:00:00,,BallTouch
148361,36,Goal,0.955999984741211,0.655,0.11441600322723389,Duván Zapata,h,1148,OpenPlay,2016,LeftFoot,3606,Udinese,Juventus,1,1,2017-03-05 14:00:00,Danilo,Chipped
148366,55,SavedShot,0.855,0.5029999923706054,0.03547849878668785,Duván Zapata,h,1148,OpenPlay,2016,Head,3606,Udinese,Juventus,1,1,2017-03-05 14:00:00,Danilo,Cross
149005,19,Goal,0.9169999694824219,0.5070000076293946,0.2771329879760742,Duván Zapata,a,1148,FromCorner,2016,Head,3621,Pescara,Udinese,1,3,2017-03-12 14:00:00,Jakub Jankto,Cross
149491,17,SavedShot,0.9130000305175782,0.5220000076293946,0.08941909670829773,Duván Zapata,h,1148,SetPiece,2016,RightFoot,3629,Udinese,Palermo,4,1,2017-03-19 17:00:00,Rodrigo de Paul,Cross
149496,59,Goal,0.9730000305175781,0.4929999923706055,0.7514960169792175,Duván Zapata,h,1148,FromCorner,2016,RightFoot,3629,Udinese,Palermo,4,1,2017-03-19 17:00:00,,None
150072,28,MissedShots,0.9230000305175782,0.44099998474121094,0.11775200068950653,Duván Zapata,a,1148,OpenPlay,2016,Head,3641,Torino,Udinese,2,2,2017-04-02 11:30:00,Samir,Cross
150074,34,SavedShot,0.950999984741211,0.6580000305175782,0.011827800422906876,Duván Zapata,a,1148,OpenPlay,2016,Head,3641,Torino,Udinese,2,2,2017-04-02 11:30:00,Rodrigo de Paul,Cross
150076,38,MissedShots,0.97,0.44,0.6220290064811707,Duván Zapata,a,1148,OpenPlay,2016,RightFoot,3641,Torino,Udinese,2,2,2017-04-02 11:30:00,Stipe Perica,Pass
150088,67,MissedShots,0.9319999694824219,0.6140000152587891,0.3821119964122772,Duván Zapata,a,1148,OpenPlay,2016,LeftFoot,3641,Torino,Udinese,2,2,2017-04-02 11:30:00,Emmanuel Badu,Pass
150467,30,Goal,0.885,0.5479999923706055,0.09255780279636383,Duván Zapata,h,1148,FromCorner,2016,LeftFoot,3644,Udinese,Genoa,3,0,2017-04-09 14:00:00,,Rebound
151181,24,SavedShot,0.9080000305175782,0.49599998474121093,0.03018750064074993,Duván Zapata,a,1148,FromCorner,2016,Head,3661,Napoli,Udinese,3,0,2017-04-15 19:45:00,Rodrigo de Paul,Aerial
151192,60,ShotOnPost,0.9209999847412109,0.44599998474121094,0.07439079880714417,Duván Zapata,a,1148,OpenPlay,2016,Head,3661,Napoli,Udinese,3,0,2017-04-15 19:45:00,Ali Adnan,Cross
151500,5,SavedShot,0.9259999847412109,0.3160000038146973,0.051363300532102585,Duván Zapata,h,1148,OpenPlay,2016,RightFoot,3663,Udinese,Cagliari,2,1,2017-04-23 14:00:00,Jakub Jankto,Chipped
151505,20,BlockedShot,0.879000015258789,0.6780000305175782,0.05594399943947792,Duván Zapata,h,1148,OpenPlay,2016,RightFoot,3663,Udinese,Cagliari,2,1,2017-04-23 14:00:00,Emil Hallfredsson,Pass
152274,83,SavedShot,0.889000015258789,0.5109999847412109,0.047789398580789566,Duván Zapata,a,1148,FromCorner,2016,Head,3681,Bologna,Udinese,4,0,2017-04-30 14:00:00,Sven Kums,Cross
152518,8,MissedShots,0.9030000305175782,0.6990000152587891,0.049060799181461334,Duván Zapata,h,1148,OpenPlay,2016,RightFoot,3682,Udinese,Atalanta,1,1,2017-05-07 11:30:00,,None
152528,50,BlockedShot,0.874000015258789,0.40299999237060546,0.05611860007047653,Duván Zapata,h,1148,OpenPlay,2016,RightFoot,3682,Udinese,Atalanta,1,1,2017-05-07 11:30:00,Silvan Widmer,Cross
153294,34,BlockedShot,0.8119999694824219,0.3340000152587891,0.028182899579405785,Duván Zapata,a,1148,OpenPlay,2016,LeftFoot,3701,Crotone,Udinese,1,0,2017-05-14 14:00:00,Rodrigo de Paul,BallTouch
154353,13,SavedShot,0.865999984741211,0.23299999237060548,0.024644799530506134,Duván Zapata,a,1148,OpenPlay,2016,RightFoot,3721,Inter,Udinese,5,2,2017-05-28 19:45:00,Silvan Widmer,Pass
154354,14,MissedShots,0.8130000305175781,0.36700000762939455,0.03794040158390999,Duván Zapata,a,1148,OpenPlay,2016,RightFoot,3721,Inter,Udinese,5,2,2017-05-28 19:45:00,Emil Hallfredsson,Pass
154363,56,MissedShots,0.865,0.605,0.30003899335861206,Duván Zapata,a,1148,OpenPlay,2016,LeftFoot,3721,Inter,Udinese,5,2,2017-05-28 19:45:00,,BallRecovery
154369,72,MissedShots,0.865,0.6179999923706054,0.2814599871635437,Duván Zapata,a,1148,OpenPlay,2016,RightFoot,3721,Inter,Udinese,5,2,2017-05-28 19:45:00,Ryder Matos,Pass
154375,80,BlockedShot,0.8909999847412109,0.63,0.052798401564359665,Duván Zapata,a,1148,OpenPlay,2016,RightFoot,3721,Inter,Udinese,5,2,2017-05-28 19:45:00,Felipe,Chipped
154382,91,Goal,0.985999984741211,0.4540000152587891,0.6443099975585938,Duván Zapata,a,1148,FromCorner,2016,RightFoot,3721,Inter,Udinese,5,2,2017-05-28 19:45:00,Felipe,HeadPass
173589,0,Goal,0.919000015258789,0.5570000076293945,0.10811299830675125,Duván Zapata,a,1148,OpenPlay,2017,LeftFoot,7538,Torino,Sampdoria,2,2,2017-09-17 14:00:00,Gastón Ramírez,Cross
173599,36,MissedShots,0.9419999694824219,0.6840000152587891,0.016026899218559265,Duván Zapata,a,1148,OpenPlay,2017,Head,7538,Torino,Sampdoria,2,2,2017-09-17 14:00:00,,None
173612,92,MissedShots,0.7119999694824218,0.3659999847412109,0.013790899887681007,Duván Zapata,a,1148,OpenPlay,2017,RightFoot,7538,Torino,Sampdoria,2,2,2017-09-17 14:00:00,Fabio Quagliarella,Pass
173768,55,MissedShots,0.9530000305175781,0.42700000762939455,0.3865799903869629,Duván Zapata,a,1148,OpenPlay,2017,Head,7544,Verona,Sampdoria,0,0,2017-09-20 19:45:00,Gianluca Caprari,Aerial
173770,68,BlockedShot,0.86,0.25799999237060545,0.02935199998319149,Duván Zapata,a,1148,OpenPlay,2017,RightFoot,7544,Verona,Sampdoria,0,0,2017-09-20 19:45:00,Gastón Ramírez,Pass
173783,89,MissedShots,0.9080000305175782,0.524000015258789,0.10673599690198898,Duván Zapata,a,1148,OpenPlay,2017,Head,7544,Verona,Sampdoria,0,0,2017-09-20 19:45:00,Karol Linetty,Cross
173785,91,BlockedShot,0.925,0.3579999923706055,0.14782600104808807,Duván Zapata,a,1148,OpenPlay,2017,Head,7544,Verona,Sampdoria,0,0,2017-09-20 19:45:00,Nicola Murru,Cross
174081,16,MissedShots,0.9640000152587891,0.500999984741211,0.5436840057373047,Duván Zapata,h,1148,FromCorner,2017,Head,7556,Sampdoria,AC Milan,2,0,2017-09-24 11:30:00,Lucas Torreira,Cross
174083,36,BlockedShot,0.9219999694824219,0.68,0.07561440020799637,Duván Zapata,h,1148,OpenPlay,2017,RightFoot,7556,Sampdoria,AC Milan,2,0,2017-09-24 11:30:00,Lucas Torreira,TakeOn
174087,46,MissedShots,0.9080000305175782,0.57,0.04994469881057739,Duván Zapata,h,1148,FromCorner,2017,Head,7556,Sampdoria,AC Milan,2,0,2017-09-24 11:30:00,Gastón Ramírez,Cross
174092,71,Goal,0.95,0.48,0.6153510212898254,Duván Zapata,h,1148,OpenPlay,2017,RightFoot,7556,Sampdoria,AC Milan,2,0,2017-09-24 11:30:00,,None
174414,11,BlockedShot,0.9319999694824219,0.72,0.04296499863266945,Duván Zapata,a,1148,OpenPlay,2017,LeftFoot,7568,Udinese,Sampdoria,4,0,2017-09-30 17:00:00,Dennis Praet,Chipped
174663,31,BlockedShot,0.9019999694824219,0.6370000076293946,0.07217709720134735,Duván Zapata,h,1148,OpenPlay,2017,LeftFoot,7577,Sampdoria,Atalanta,3,1,2017-10-15 14:00:00,Dennis Praet,Pass
174669,55,Goal,0.9490000152587891,0.4929999923706055,0.5545110106468201,Duván Zapata,h,1148,OpenPlay,2017,Head,7577,Sampdoria,Atalanta,3,1,2017-10-15 14:00:00,Fabio Quagliarella,Cross
175115,3,MissedShots,0.7859999847412109,0.3890000152587891,0.030929699540138245,Duván Zapata,a,1148,OpenPlay,2017,LeftFoot,7595,Inter,Sampdoria,3,2,2017-10-24 19:45:00,Gastón Ramírez,Pass
175396,43,Goal,0.975999984741211,0.524000015258789,0.9015139937400818,Duván Zapata,h,1148,OpenPlay,2017,LeftFoot,7605,Sampdoria,Chievo,4,1,2017-10-29 14:00:00,Fabio Quagliarella,Pass
175401,54,MissedShots,0.6809999847412109,0.40700000762939453,0.01298069953918457,Duván Zapata,h,1148,OpenPlay,2017,RightFoot,7605,Sampdoria,Chievo,4,1,2017-10-29 14:00:00,Fabio Quagliarella,Pass
175877,51,Goal,0.9269999694824219,0.59,0.047965001314878464,Duván Zapata,h,1148,OpenPlay,2017,Head,7625,Sampdoria,Juventus,3,2,2017-11-19 14:00:00,,Aerial
175878,55,SavedShot,0.899000015258789,0.5770000076293945,0.5945259928703308,Duván Zapata,h,1148,OpenPlay,2017,LeftFoot,7625,Sampdoria,Juventus,3,2,2017-11-19 14:00:00,Fabio Quagliarella,Throughball
176025,86,MissedShots,0.9,0.4490000152587891,0.019298899918794632,Duván Zapata,a,1148,FromCorner,2017,Head,7630,Bologna,Sampdoria,3,0,2017-11-25 14:00:00,Ricardo Álvarez,Aerial
176491,30,SavedShot,0.9159999847412109,0.3340000152587891,0.26768600940704346,Duván Zapata,h,1148,OpenPlay,2017,RightFoot,7647,Sampdoria,Lazio,1,2,2017-12-03 19:45:00,Dennis Praet,Pass
176500,55,Goal,0.9019999694824219,0.47200000762939454,0.38073500990867615,Duván Zapata,h,1148,OpenPlay,2017,RightFoot,7647,Sampdoria,Lazio,1,2,2017-12-03 19:45:00,Fabio Quagliarella,HeadPass
176509,91,MissedShots,0.8640000152587891,0.43900001525878907,0.0658326968550682,Duván Zapata,h,1148,OpenPlay,2017,RightFoot,7647,Sampdoria,Lazio,1,2,2017-12-03 19:45:00,Nicola Murru,Pass
184933,31,MissedShots,0.97,0.5179999923706055,0.5327450037002563,Duván Zapata,h,1148,FromCorner,2017,Head,7667,Sampdoria,Sassuolo,0,1,2017-12-17 14:00:00,Edgar Barreto,HeadPass
189666,47,MissedShots,0.85,0.3890000152587891,0.07807909697294235,Duván Zapata,h,1148,OpenPlay,2017,RightFoot,7527,Sampdoria,Roma,1,1,2018-01-24 19:45:00,Dennis Praet,Pass
190538,10,MissedShots,0.9219999694824219,0.5659999847412109,0.11277399957180023,Duván Zapata,a,1148,OpenPlay,2017,LeftFoot,7717,Roma,Sampdoria,0,1,2018-01-28 14:00:00,Gastón Ramírez,Cross
190541,23,MissedShots,0.9469999694824218,0.325,0.06725089997053146,Duván Zapata,a,1148,OpenPlay,2017,LeftFoot,7717,Roma,Sampdoria,0,1,2018-01-28 14:00:00,,TakeOn
190542,26,SavedShot,0.7709999847412109,0.36700000762939455,0.022128600627183914,Duván Zapata,a,1148,OpenPlay,2017,LeftFoot,7717,Roma,Sampdoria,0,1,2018-01-28 14:00:00,Gastón Ramírez,Chipped
190543,27,SavedShot,0.9319999694824219,0.675,0.0705970972776413,Duván Zapata,a,1148,OpenPlay,2017,LeftFoot,7717,Roma,Sampdoria,0,1,2018-01-28 14:00:00,Gastón Ramírez,Pass
190567,79,Goal,0.9630000305175781,0.45799999237060546,0.5950340032577515,Duván Zapata,a,1148,OpenPlay,2017,RightFoot,7717,Roma,Sampdoria,0,1,2018-01-28 14:00:00,Nicola Murru,Cross
195789,6,BlockedShot,0.7169999694824218,0.6809999847412109,0.013175399973988533,Duván Zapata,h,1148,OpenPlay,2017,RightFoot,7728,Sampdoria,Torino,1,1,2018-02-03 17:00:00,Gastón Ramírez,Pass
195800,55,MissedShots,0.8780000305175781,0.34799999237060547,0.07057970017194748,Duván Zapata,h,1148,OpenPlay,2017,RightFoot,7728,Sampdoria,Torino,1,1,2018-02-03 17:00:00,Gastón Ramírez,Pass
195927,18,SavedShot,0.8919999694824219,0.5590000152587891,0.4073159992694855,Duván Zapata,h,1148,OpenPlay,2017,RightFoot,7734,Sampdoria,Verona,2,0,2018-02-11 14:00:00,Fabio Quagliarella,Pass
195928,21,BlockedShot,0.9169999694824219,0.495,0.09617149829864502,Duván Zapata,h,1148,FromCorner,2017,Head,7734,Sampdoria,Verona,2,0,2018-02-11 14:00:00,Lucas Torreira,Cross
195936,55,MissedShots,0.830999984741211,0.46099998474121096,0.3332670032978058,Duván Zapata,h,1148,OpenPlay,2017,RightFoot,7734,Sampdoria,Verona,2,0,2018-02-11 14:00:00,Edgar Barreto,Throughball
196946,18,SavedShot,0.875999984741211,0.54,0.0387302003800869,Duván Zapata,a,1148,OpenPlay,2017,Head,7748,AC Milan,Sampdoria,1,0,2018-02-18 19:45:00,Bartosz Bereszynski,Cross
197951,82,Goal,0.8690000152587891,0.7169999694824218,0.10036800056695938,Duván Zapata,h,1148,OpenPlay,2017,LeftFoot,7749,Sampdoria,Udinese,2,1,2018-02-25 14:00:00,Ricardo Álvarez,BallRecovery
200657,68,Goal,0.870999984741211,0.48400001525878905,0.28009000420570374,Duván Zapata,a,1148,OpenPlay,2017,LeftFoot,7775,Crotone,Sampdoria,4,1,2018-03-11 14:00:00,Nicola Murru,Chipped
200658,74,BlockedShot,0.8159999847412109,0.5329999923706055,0.06633579730987549,Duván Zapata,a,1148,OpenPlay,2017,RightFoot,7775,Crotone,Sampdoria,4,1,2018-03-11 14:00:00,Leonardo Capezzi,Pass
201838,17,MissedShots,0.745999984741211,0.43099998474121093,0.017353199422359467,Duván Zapata,h,1148,OpenPlay,2017,RightFoot,7785,Sampdoria,Inter,0,5,2018-03-18 11:30:00,,None
201849,40,ShotOnPost,0.9130000305175782,0.46299999237060546,0.058630701154470444,Duván Zapata,h,1148,OpenPlay,2017,Head,7785,Sampdoria,Inter,0,5,2018-03-18 11:30:00,,Aerial
201856,61,MissedShots,0.9069999694824219,0.555,0.041342899203300476,Duván Zapata,h,1148,FromCorner,2017,Head,7785,Sampdoria,Inter,0,5,2018-03-18 11:30:00,,None
204898,77,BlockedShot,0.9019999694824219,0.5879999923706055,0.11569099873304367,Duván Zapata,a,1148,OpenPlay,2017,LeftFoot,7767,Atalanta,Sampdoria,1,2,2018-04-03 17:30:00,Gianluca Caprari,Pass
204900,83,Goal,0.8780000305175781,0.3529999923706055,0.3193120062351227,Duván Zapata,a,1148,OpenPlay,2017,RightFoot,7767,Atalanta,Sampdoria,1,2,2018-04-03 17:30:00,,BallRecovery
207971,20,BlockedShot,0.88,0.46799999237060547,0.1096780002117157,Duván Zapata,h,1148,OpenPlay,2017,LeftFoot,7804,Sampdoria,Genoa,0,0,2018-04-07 18:45:00,Fabio Quagliarella,Pass
209299,54,SavedShot,0.86,0.6270000076293946,0.011559399776160717,Duván Zapata,a,1148,OpenPlay,2017,Head,7815,Juventus,Sampdoria,3,0,2018-04-15 16:00:00,Vasco Regini,Cross
209306,91,SavedShot,0.9530000305175781,0.595999984741211,0.27737200260162354,Duván Zapata,a,1148,OpenPlay,2017,LeftFoot,7815,Juventus,Sampdoria,3,0,2018-04-15 16:00:00,Dennis Praet,Chipped
209784,86,ShotOnPost,0.919000015258789,0.5209999847412109,0.11412300169467926,Duván Zapata,h,1148,OpenPlay,2017,LeftFoot,7820,Sampdoria,Bologna,1,0,2018-04-18 18:45:00,Gianmarco Ferrari,HeadPass
209788,92,Goal,0.9169999694824219,0.48400001525878905,0.13274399936199188,Duván Zapata,h,1148,SetPiece,2017,RightFoot,7820,Sampdoria,Bologna,1,0,2018-04-18 18:45:00,,Rebound
209787,92,BlockedShot,0.895,0.4809999847412109,0.08941160142421722,Duván Zapata,h,1148,SetPiece,2017,LeftFoot,7820,Sampdoria,Bologna,1,0,2018-04-18 18:45:00,Fabio Quagliarella,HeadPass
210934,45,BlockedShot,0.8630000305175781,0.61,0.10478100180625916,Duván Zapata,a,1148,OpenPlay,2017,RightFoot,7837,Lazio,Sampdoria,4,0,2018-04-22 13:00:00,Dennis Praet,Pass
210937,52,MissedShots,0.899000015258789,0.28,0.03912600129842758,Duván Zapata,a,1148,OpenPlay,2017,RightFoot,7837,Lazio,Sampdoria,4,0,2018-04-22 13:00:00,Edgar Barreto,Pass
210938,55,BlockedShot,0.94,0.33599998474121096,0.07670930027961731,Duván Zapata,a,1148,OpenPlay,2017,RightFoot,7837,Lazio,Sampdoria,4,0,2018-04-22 13:00:00,Edgar Barreto,Pass
218918,74,SavedShot,0.8630000305175781,0.669000015258789,0.07086849957704544,Duván Zapata,h,1148,OpenPlay,2018,RightFoot,9586,Atalanta,Frosinone,4,0,2018-08-20 21:30:00,,SubstitutionOn
221165,18,ShotOnPost,0.8669999694824219,0.25799999237060545,0.02799919992685318,Duván Zapata,a,1148,OpenPlay,2018,RightFoot,9596,Roma,Atalanta,3,3,2018-08-27 21:30:00,Timothy Castagne,Pass
221184,55,BlockedShot,0.8319999694824218,0.62,0.07884570211172104,Duván Zapata,a,1148,OpenPlay,2018,RightFoot,9596,Roma,Atalanta,3,3,2018-08-27 21:30:00,Marten de Roon,Pass
221190,63,BlockedShot,0.69,0.6020000076293945,0.011592400260269642,Duván Zapata,a,1148,OpenPlay,2018,RightFoot,9596,Roma,Atalanta,3,3,2018-08-27 21:30:00,,None
224525,5,MissedShots,0.899000015258789,0.5120000076293946,0.09699179977178574,Duván Zapata,a,1148,SetPiece,2018,Head,9615,SPAL 2013,Atalanta,2,0,2018-09-17 18:30:00,Robin Gosens,Cross
224534,28,BlockedShot,0.950999984741211,0.580999984741211,0.08815909922122955,Duván Zapata,a,1148,FromCorner,2018,Head,9615,SPAL 2013,Atalanta,2,0,2018-09-17 18:30:00,Alejandro Gomez,Cross
224535,28,BlockedShot,0.975,0.6170000076293946,0.05679230019450188,Duván Zapata,a,1148,FromCorner,2018,LeftFoot,9615,SPAL 2013,Atalanta,2,0,2018-09-17 18:30:00,,Foul
224547,71,MissedShots,0.82,0.42200000762939455,0.059901800006628036,Duván Zapata,a,1148,OpenPlay,2018,LeftFoot,9615,SPAL 2013,Atalanta,2,0,2018-09-17 18:30:00,Josip Ilicic,Pass
225988,49,SavedShot,0.8980000305175782,0.6519999694824219,0.0871782973408699,Duván Zapata,a,1148,OpenPlay,2018,LeftFoot,9622,AC Milan,Atalanta,2,2,2018-09-23 16:00:00,Andrea Masiello,TakeOn
225992,62,BlockedShot,0.905,0.4420000076293945,0.06094620004296303,Duván Zapata,a,1148,OpenPlay,2018,Head,9622,AC Milan,Atalanta,2,2,2018-09-23 16:00:00,Robin Gosens,Cross
225998,81,BlockedShot,0.855999984741211,0.35700000762939454,0.062053900212049484,Duván Zapata,a,1148,OpenPlay,2018,LeftFoot,9622,AC Milan,Atalanta,2,2,2018-09-23 16:00:00,Josip Ilicic,Pass
226001,88,BlockedShot,0.919000015258789,0.5459999847412109,0.09506890177726746,Duván Zapata,a,1148,FromCorner,2018,LeftFoot,9622,AC Milan,Atalanta,2,2,2018-09-23 16:00:00,,BallTouch
226003,90,SavedShot,0.894000015258789,0.46299999237060546,0.0825318992137909,Duván Zapata,a,1148,OpenPlay,2018,RightFoot,9622,AC Milan,Atalanta,2,2,2018-09-23 16:00:00,Timothy Castagne,Cross
226811,49,SavedShot,0.9280000305175782,0.40700000762939453,0.0404524989426136,Duván Zapata,h,1148,OpenPlay,2018,Head,9627,Atalanta,Torino,0,0,2018-09-26 19:00:00,Hans Hateboer,Aerial
228583,1,SavedShot,0.7859999847412109,0.2929999923706055,0.02200240083038807,Duván Zapata,a,1148,OpenPlay,2018,LeftFoot,9642,Fiorentina,Atalanta,2,0,2018-09-30 13:00:00,Hans Hateboer,Pass
228588,25,MissedShots,0.9230000305175782,0.6279999923706054,0.03173059970140457,Duván Zapata,a,1148,SetPiece,2018,Head,9642,Fiorentina,Atalanta,2,0,2018-09-30 13:00:00,Alejandro Gomez,Cross
228593,64,BlockedShot,0.9130000305175782,0.2539999961853027,0.03349899873137474,Duván Zapata,a,1148,OpenPlay,2018,RightFoot,9642,Fiorentina,Atalanta,2,0,2018-09-30 13:00:00,Alejandro Gomez,Pass
228594,65,MissedShots,0.8780000305175781,0.580999984741211,0.045617301017045975,Duván Zapata,a,1148,FromCorner,2018,RightFoot,9642,Fiorentina,Atalanta,2,0,2018-09-30 13:00:00,Alejandro Gomez,Cross
252172,11,MissedShots,0.9330000305175781,0.6680000305175782,0.07153350114822388,Duván Zapata,h,1148,OpenPlay,2018,LeftFoot,9647,Atalanta,Sampdoria,0,1,2018-10-07 13:00:00,Mario Pasalic,Pass
252173,15,BlockedShot,0.92,0.48,0.04471660032868385,Duván Zapata,h,1148,FromCorner,2018,Head,9647,Atalanta,Sampdoria,0,1,2018-10-07 13:00:00,Alejandro Gomez,Aerial
252177,20,MissedShots,0.9159999847412109,0.4909999847412109,0.12898899614810944,Duván Zapata,h,1148,OpenPlay,2018,Head,9647,Atalanta,Sampdoria,0,1,2018-10-07 13:00:00,Remo Freuler,Cross
252180,27,ShotOnPost,0.93,0.4520000076293945,0.049131300300359726,Duván Zapata,h,1148,FromCorner,2018,Head,9647,Atalanta,Sampdoria,0,1,2018-10-07 13:00:00,Alejandro Gomez,Aerial
252183,38,BlockedShot,0.8569999694824219,0.2589999961853027,0.029815800487995148,Duván Zapata,h,1148,OpenPlay,2018,RightFoot,9647,Atalanta,Sampdoria,0,1,2018-10-07 13:00:00,Alejandro Gomez,Chipped
252189,54,BlockedShot,0.9019999694824219,0.7380000305175781,0.03164390102028847,Duván Zapata,h,1148,OpenPlay,2018,RightFoot,9647,Atalanta,Sampdoria,0,1,2018-10-07 13:00:00,Marten de Roon,Pass
252190,57,BlockedShot,0.91,0.5790000152587891,0.4178819954395294,Duván Zapata,h,1148,OpenPlay,2018,LeftFoot,9647,Atalanta,Sampdoria,0,1,2018-10-07 13:00:00,Josip Ilicic,Pass
253104,52,MissedShots,0.7969999694824219,0.6990000152587891,0.018639100715517998,Duván Zapata,a,1148,OpenPlay,2018,RightFoot,9677,Bologna,Atalanta,1,2,2018-11-04 17:00:00,Alejandro Gomez,TakeOn
253107,56,MissedShots,0.825,0.4540000152587891,0.05237950012087822,Duván Zapata,a,1148,OpenPlay,2018,RightFoot,9677,Bologna,Atalanta,1,2,2018-11-04 17:00:00,Hans Hateboer,Pass
253111,69,Goal,0.94,0.52,0.5948079824447632,Duván Zapata,a,1148,OpenPlay,2018,RightFoot,9677,Bologna,Atalanta,1,2,2018-11-04 17:00:00,,Rebound
253116,92,MissedShots,0.92,0.25,0.10386800020933151,Duván Zapata,a,1148,OpenPlay,2018,RightFoot,9677,Bologna,Atalanta,1,2,2018-11-04 17:00:00,Mario Pasalic,Chipped
253269,3,SavedShot,0.8319999694824218,0.6659999847412109,0.040960099548101425,Duván Zapata,h,1148,OpenPlay,2018,RightFoot,9687,Atalanta,Inter,4,1,2018-11-11 11:30:00,Alejandro Gomez,Pass
253280,35,MissedShots,0.9290000152587891,0.6140000152587891,0.29789701104164124,Duván Zapata,h,1148,OpenPlay,2018,RightFoot,9687,Atalanta,Inter,4,1,2018-11-11 11:30:00,Josip Ilicic,TakeOn
253281,37,BlockedShot,0.8680000305175781,0.5829999923706055,0.012001000344753265,Duván Zapata,h,1148,FromCorner,2018,Head,9687,Atalanta,Inter,4,1,2018-11-11 11:30:00,Alejandro Gomez,Aerial
253284,41,BlockedShot,0.8630000305175781,0.5770000076293945,0.09809029847383499,Duván Zapata,h,1148,OpenPlay,2018,RightFoot,9687,Atalanta,Inter,4,1,2018-11-11 11:30:00,Robin Gosens,Pass
253607,29,MissedShots,0.9119999694824219,0.52,0.11278299987316132,Duván Zapata,a,1148,OpenPlay,2018,Head,9699,Empoli,Atalanta,3,2,2018-11-25 14:00:00,Robin Gosens,Cross
253996,26,SavedShot,0.9419999694824219,0.700999984741211,0.04553170129656792,Duván Zapata,h,1148,OpenPlay,2018,LeftFoot,9707,Atalanta,Napoli,1,2,2018-12-03 19:30:00,,None
253997,28,BlockedShot,0.8930000305175781,0.7169999694824218,0.03755149990320206,Duván Zapata,h,1148,OpenPlay,2018,LeftFoot,9707,Atalanta,Napoli,1,2,2018-12-03 19:30:00,Alejandro Gomez,Pass
254007,55,Goal,0.94,0.49900001525878906,0.5595200061798096,Duván Zapata,h,1148,OpenPlay,2018,RightFoot,9707,Atalanta,Napoli,1,2,2018-12-03 19:30:00,Hans Hateboer,Rebound
254183,1,Goal,0.9590000152587891,0.5129999923706055,0.565667986869812,Duván Zapata,a,1148,FromCorner,2018,LeftFoot,9723,Udinese,Atalanta,1,3,2018-12-09 14:00:00,Rafael Toloi,HeadPass
254188,31,BlockedShot,0.9159999847412109,0.49900001525878906,0.0502890981733799,Duván Zapata,a,1148,FromCorner,2018,Head,9723,Udinese,Atalanta,1,3,2018-12-09 14:00:00,,None
254190,37,MissedShots,0.9490000152587891,0.40900001525878904,0.1002189964056015,Duván Zapata,a,1148,OpenPlay,2018,RightFoot,9723,Udinese,Atalanta,1,3,2018-12-09 14:00:00,Hans Hateboer,Cross
254192,44,MissedShots,0.87,0.785,0.02462330088019371,Duván Zapata,a,1148,OpenPlay,2018,RightFoot,9723,Udinese,Atalanta,1,3,2018-12-09 14:00:00,Alejandro Gomez,Pass
254197,61,Goal,0.9030000305175782,0.4909999847412109,0.44773900508880615,Duván Zapata,a,1148,OpenPlay,2018,RightFoot,9723,Udinese,Atalanta,1,3,2018-12-09 14:00:00,Musa Barrow,BallTouch
254203,79,Goal,0.879000015258789,0.615999984741211,0.10691899806261063,Duván Zapata,a,1148,OpenPlay,2018,RightFoot,9723,Udinese,Atalanta,1,3,2018-12-09 14:00:00,Hans Hateboer,Pass
254547,0,Goal,0.909000015258789,0.5520000076293945,0.44997501373291016,Duván Zapata,h,1148,OpenPlay,2018,RightFoot,9728,Atalanta,Lazio,1,0,2018-12-17 19:30:00,,None
254562,46,MissedShots,0.9069999694824219,0.5070000076293946,0.05347219854593277,Duván Zapata,h,1148,FromCorner,2018,Head,9728,Atalanta,Lazio,1,0,2018-12-17 19:30:00,Robin Gosens,Chipped
254781,46,MissedShots,0.909000015258789,0.6270000076293946,0.3631500005722046,Duván Zapata,a,1148,OpenPlay,2018,LeftFoot,9745,Genoa,Atalanta,3,1,2018-12-22 14:00:00,,None
254783,54,Goal,0.885,0.5,0.7612990140914917,Duván Zapata,a,1148,Penalty,2018,RightFoot,9745,Genoa,Atalanta,3,1,2018-12-22 14:00:00,,Standard
254986,5,MissedShots,0.8569999694824219,0.6990000152587891,0.04275770112872124,Duván Zapata,h,1148,OpenPlay,2018,LeftFoot,9747,Atalanta,Juventus,2,2,2018-12-26 14:00:00,Josip Ilicic,Pass
254992,23,Goal,0.8340000152587891,0.5320000076293945,0.07463829964399338,Duván Zapata,h,1148,OpenPlay,2018,LeftFoot,9747,Atalanta,Juventus,2,2,2018-12-26 14:00:00,,TakeOn
254996,33,BlockedShot,0.9009999847412109,0.7090000152587891,0.06864850223064423,Duván Zapata,h,1148,OpenPlay,2018,LeftFoot,9747,Atalanta,Juventus,2,2,2018-12-26 14:00:00,,TakeOn
255001,55,Goal,0.9680000305175781,0.495,0.5519459843635559,Duván Zapata,h,1148,FromCorner,2018,Head,9747,Atalanta,Juventus,2,2,2018-12-26 14:00:00,Alejandro Gomez,Cross
263475,18,Goal,0.9430000305175781,0.52,0.5263649821281433,Duván Zapata,a,1148,SetPiece,2018,Head,9765,Sassuolo,Atalanta,2,6,2018-12-29 14:00:00,Alejandro Gomez,Cross
263478,29,BlockedShot,0.8190000152587891,0.7,0.03056819923222065,Duván Zapata,a,1148,OpenPlay,2018,RightFoot,9765,Sassuolo,Atalanta,2,6,2018-12-29 14:00:00,Alejandro Gomez,Pass
263485,44,SavedShot,0.9080000305175782,0.6179999923706054,0.42196398973464966,Duván Zapata,a,1148,OpenPlay,2018,RightFoot,9765,Sassuolo,Atalanta,2,6,2018-12-29 14:00:00,Remo Freuler,TakeOn
263496,65,MissedShots,0.9230000305175782,0.5520000076293945,0.32093098759651184,Duván Zapata,a,1148,OpenPlay,2018,Head,9765,Sassuolo,Atalanta,2,6,2018-12-29 14:00:00,Alejandro Gomez,Chipped
276443,4,BlockedShot,0.914000015258789,0.34200000762939453,0.08035310357809067,Duván Zapata,a,1148,OpenPlay,2018,RightFoot,9769,Frosinone,Atalanta,0,5,2019-01-20 11:30:00,Josip Ilicic,Pass
276444,6,MissedShots,0.9359999847412109,0.5029999923706054,0.5407829880714417,Duván Zapata,a,1148,OpenPlay,2018,RightFoot,9769,Frosinone,Atalanta,0,5,2019-01-20 11:30:00,Hans Hateboer,HeadPass
276451,31,BlockedShot,0.8809999847412109,0.4640000152587891,0.12995800375938416,Duván Zapata,a,1148,OpenPlay,2018,RightFoot,9769,Frosinone,Atalanta,0,5,2019-01-20 11:30:00,Alejandro Gomez,Pass
276453,36,SavedShot,0.9519999694824218,0.67,0.09022460132837296,Duván Zapata,a,1148,OpenPlay,2018,LeftFoot,9769,Frosinone,Atalanta,0,5,2019-01-20 11:30:00,Alejandro Gomez,Pass
276454,43,MissedShots,0.9690000152587891,0.4620000076293945,0.16200000047683716,Duván Zapata,a,1148,OpenPlay,2018,RightFoot,9769,Frosinone,Atalanta,0,5,2019-01-20 11:30:00,Josip Ilicic,Pass
276455,43,Goal,0.9490000152587891,0.51,0.13723500072956085,Duván Zapata,a,1148,OpenPlay,2018,Head,9769,Frosinone,Atalanta,0,5,2019-01-20 11:30:00,Mario Pasalic,Aerial
276456,46,Goal,0.92,0.6120000076293945,0.4603939950466156,Duván Zapata,a,1148,OpenPlay,2018,LeftFoot,9769,Frosinone,Atalanta,0,5,2019-01-20 11:30:00,Berat Gjimshiti,TakeOn
276460,63,Goal,0.9130000305175782,0.524000015258789,0.1338459998369217,Duván Zapata,a,1148,OpenPlay,2018,RightFoot,9769,Frosinone,Atalanta,0,5,2019-01-20 11:30:00,Hans Hateboer,HeadPass
276466,72,Goal,0.93,0.44099998474121094,0.3076449930667877,Duván Zapata,a,1148,FromCorner,2018,Head,9769,Frosinone,Atalanta,0,5,2019-01-20 11:30:00,Matteo Pessina,Cross
276823,17,BlockedShot,0.8969999694824219,0.5479999923706055,0.016521500423550606,Duván Zapata,h,1148,FromCorner,2018,Head,9782,Atalanta,Roma,3,3,2019-01-27 14:00:00,Alejandro Gomez,Aerial
276825,21,SavedShot,0.89,0.4540000152587891,0.056385401636362076,Duván Zapata,h,1148,OpenPlay,2018,Head,9782,Atalanta,Roma,3,3,2019-01-27 14:00:00,Hans Hateboer,Cross
276826,24,MissedShots,0.9569999694824218,0.495,0.443217009305954,Duván Zapata,h,1148,FromCorner,2018,Head,9782,Atalanta,Roma,3,3,2019-01-27 14:00:00,Alejandro Gomez,Aerial
276836,69,MissedShots,0.885,0.5,0.7612990140914917,Duván Zapata,h,1148,Penalty,2018,RightFoot,9782,Atalanta,Roma,3,3,2019-01-27 14:00:00,,Standard
276837,70,Goal,0.909000015258789,0.37099998474121093,0.07767429947853088,Duván Zapata,h,1148,OpenPlay,2018,RightFoot,9782,Atalanta,Roma,3,3,2019-01-27 14:00:00,Josip Ilicic,Pass
276840,80,BlockedShot,0.8219999694824218,0.27,0.025791499763727188,Duván Zapata,h,1148,OpenPlay,2018,LeftFoot,9782,Atalanta,Roma,3,3,2019-01-27 14:00:00,Marten de Roon,Pass
277197,71,SavedShot,0.89,0.43099998474121093,0.058441098779439926,Duván Zapata,a,1148,OpenPlay,2018,Head,9789,Cagliari,Atalanta,0,1,2019-02-04 20:00:00,Hans Hateboer,Cross
277352,78,Goal,0.9,0.47200000762939454,0.32528600096702576,Duván Zapata,h,1148,OpenPlay,2018,RightFoot,9797,Atalanta,SPAL 2013,2,1,2019-02-10 14:00:00,Hans Hateboer,Cross
277515,2,BlockedShot,0.775,0.615999984741211,0.03708120062947273,Duván Zapata,h,1148,OpenPlay,2018,RightFoot,9807,Atalanta,AC Milan,1,3,2019-02-16 19:30:00,,TakeOn
277517,9,BlockedShot,0.9669999694824218,0.6659999847412109,0.06804700195789337,Duván Zapata,h,1148,OpenPlay,2018,LeftFoot,9807,Atalanta,AC Milan,1,3,2019-02-16 19:30:00,Alejandro Gomez,Pass
277782,44,BlockedShot,0.8030000305175782,0.5829999923706055,0.036673400551080704,Duván Zapata,a,1148,OpenPlay,2018,RightFoot,9826,Torino,Atalanta,2,0,2019-02-23 14:00:00,Andrea Masiello,Pass
277792,88,SavedShot,0.9369999694824219,0.3270000076293945,0.07530909776687622,Duván Zapata,a,1148,OpenPlay,2018,RightFoot,9826,Torino,Atalanta,2,0,2019-02-23 14:00:00,Josip Ilicic,Pass
278213,24,SavedShot,0.955,0.3129999923706055,0.05678020045161247,Duván Zapata,h,1148,OpenPlay,2018,RightFoot,9830,Atalanta,Fiorentina,3,1,2019-03-03 17:00:00,Josip Ilicic,Pass
278221,50,MissedShots,0.7609999847412109,0.4929999923706055,0.03357269987463951,Duván Zapata,h,1148,OpenPlay,2018,RightFoot,9830,Atalanta,Fiorentina,3,1,2019-03-03 17:00:00,Alejandro Gomez,Pass
278229,66,MissedShots,0.8030000305175782,0.19799999237060548,0.013584599830210209,Duván Zapata,h,1148,OpenPlay,2018,RightFoot,9830,Atalanta,Fiorentina,3,1,2019-03-03 17:00:00,Josip Ilicic,TakeOn
285091,30,SavedShot,0.9409999847412109,0.4420000076293945,0.12311799824237823,Duván Zapata,a,1148,OpenPlay,2018,RightFoot,9845,Sampdoria,Atalanta,1,2,2019-03-10 14:00:00,Hans Hateboer,Cross
285096,39,MissedShots,0.9030000305175782,0.49,0.04885860159993172,Duván Zapata,a,1148,OpenPlay,2018,Head,9845,Sampdoria,Atalanta,1,2,2019-03-10 14:00:00,Gianluca Mancini,Aerial
285102,49,Goal,0.9069999694824219,0.49599998474121093,0.4483180046081543,Duván Zapata,a,1148,OpenPlay,2018,RightFoot,9845,Sampdoria,Atalanta,1,2,2019-03-10 14:00:00,Josip Ilicic,Pass
286691,23,MissedShots,0.909000015258789,0.66,0.07684250175952911,Duván Zapata,h,1148,OpenPlay,2018,LeftFoot,9847,Atalanta,Chievo,1,1,2019-03-17 14:00:00,Josip Ilicic,Pass
286692,26,SavedShot,0.9290000152587891,0.3340000152587891,0.0768183022737503,Duván Zapata,h,1148,OpenPlay,2018,RightFoot,9847,Atalanta,Chievo,1,1,2019-03-17 14:00:00,Josip Ilicic,Pass
286702,66,MissedShots,0.91,0.40400001525878904,0.048311300575733185,Duván Zapata,h,1148,OpenPlay,2018,Head,9847,Atalanta,Chievo,1,1,2019-03-17 14:00:00,Hans Hateboer,Cross
286704,85,BlockedShot,0.915,0.5120000076293946,0.039285801351070404,Duván Zapata,h,1148,FromCorner,2018,Head,9847,Atalanta,Chievo,1,1,2019-03-17 14:00:00,Alejandro Gomez,Aerial
287866,10,SavedShot,0.8680000305175781,0.6270000076293946,0.10399000346660614,Duván Zapata,a,1148,OpenPlay,2018,LeftFoot,9863,Parma Calcio 1913,Atalanta,1,3,2019-03-31 11:30:00,Remo Freuler,Throughball
287876,38,SavedShot,0.8930000305175781,0.51,0.03827790170907974,Duván Zapata,a,1148,OpenPlay,2018,Head,9863,Parma Calcio 1913,Atalanta,1,3,2019-03-31 11:30:00,Alejandro Gomez,Aerial
287887,74,Goal,0.9569999694824218,0.455,0.6233540177345276,Duván Zapata,a,1148,OpenPlay,2018,RightFoot,9863,Parma Calcio 1913,Atalanta,1,3,2019-03-31 11:30:00,Timothy Castagne,Pass
287891,93,Goal,0.9540000152587891,0.509000015258789,0.7986369729042053,Duván Zapata,a,1148,OpenPlay,2018,RightFoot,9863,Parma Calcio 1913,Atalanta,1,3,2019-03-31 11:30:00,Alejandro Gomez,Pass
291624,14,Goal,0.9569999694824218,0.649000015258789,0.3068079948425293,Duván Zapata,h,1148,OpenPlay,2018,RightFoot,9867,Atalanta,Bologna,4,1,2019-04-04 20:00:00,Remo Freuler,Chipped
291646,72,SavedShot,0.8819999694824219,0.655,0.0847838968038559,Duván Zapata,h,1148,OpenPlay,2018,RightFoot,9867,Atalanta,Bologna,4,1,2019-04-04 20:00:00,Remo Freuler,Pass
294519,21,SavedShot,0.8580000305175781,0.6229999923706054,0.07150010019540787,Duván Zapata,h,1148,OpenPlay,2018,RightFoot,9887,Atalanta,Empoli,0,0,2019-04-15 19:30:00,Andrea Masiello,Pass
294524,25,BlockedShot,0.9080000305175782,0.5,0.443244993686676,Duván Zapata,h,1148,OpenPlay,2018,RightFoot,9887,Atalanta,Empoli,0,0,2019-04-15 19:30:00,,Rebound
294529,42,MissedShots,0.89,0.5570000076293945,0.015908200293779373,Duván Zapata,h,1148,FromCorner,2018,Head,9887,Atalanta,Empoli,0,0,2019-04-15 19:30:00,Marten de Roon,Aerial
294534,49,SavedShot,0.8880000305175781,0.3160000038146973,0.05660619959235191,Duván Zapata,h,1148,OpenPlay,2018,RightFoot,9887,Atalanta,Empoli,0,0,2019-04-15 19:30:00,Josip Ilicic,Pass
294540,59,MissedShots,0.9580000305175781,0.45099998474121095,0.16275499761104584,Duván Zapata,h,1148,OpenPlay,2018,OtherBodyPart,9887,Atalanta,Empoli,0,0,2019-04-15 19:30:00,Alejandro Gomez,Aerial
294542,63,MissedShots,0.9459999847412109,0.34200000762939453,0.0809255987405777,Duván Zapata,h,1148,OpenPlay,2018,RightFoot,9887,Atalanta,Empoli,0,0,2019-04-15 19:30:00,Josip Ilicic,Pass
294549,75,MissedShots,0.9369999694824219,0.5059999847412109,0.5436609983444214,Duván Zapata,h,1148,OpenPlay,2018,RightFoot,9887,Atalanta,Empoli,0,0,2019-04-15 19:30:00,Hans Hateboer,HeadPass
296390,52,BlockedShot,0.8969999694824219,0.3940000152587891,0.02076149918138981,Duván Zapata,a,1148,OpenPlay,2018,Head,9903,Napoli,Atalanta,1,2,2019-04-22 18:00:00,,Rebound
296396,68,Goal,0.9630000305175781,0.4540000152587891,0.6099129915237427,Duván Zapata,a,1148,OpenPlay,2018,RightFoot,9903,Napoli,Atalanta,1,2,2019-04-22 18:00:00,Hans Hateboer,Pass
296403,88,MissedShots,0.9159999847412109,0.544000015258789,0.07955929636955261,Duván Zapata,a,1148,FromCorner,2018,Head,9903,Napoli,Atalanta,1,2,2019-04-22 18:00:00,Alejandro Gomez,Cross
298488,18,SavedShot,0.8859999847412109,0.49599998474121093,0.01579350046813488,Duván Zapata,h,1148,FromCorner,2018,Head,9912,Atalanta,Udinese,2,0,2019-04-29 18:00:00,Alejandro Gomez,Aerial
298497,51,BlockedShot,0.86,0.63,0.07567489892244339,Duván Zapata,h,1148,OpenPlay,2018,RightFoot,9912,Atalanta,Udinese,2,0,2019-04-29 18:00:00,Remo Freuler,Pass
298504,88,BlockedShot,0.89,0.6020000076293945,0.030072500929236412,Duván Zapata,h,1148,FromCorner,2018,LeftFoot,9912,Atalanta,Udinese,2,0,2019-04-29 18:00:00,,Aerial
298505,91,SavedShot,0.91,0.48900001525878906,0.6507130265235901,Duván Zapata,h,1148,OpenPlay,2018,LeftFoot,9912,Atalanta,Udinese,2,0,2019-04-29 18:00:00,,TakeOn
298506,91,SavedShot,0.884000015258789,0.5059999847412109,0.014022800140082836,Duván Zapata,h,1148,OpenPlay,2018,Head,9912,Atalanta,Udinese,2,0,2019-04-29 18:00:00,,Rebound
299944,17,MissedShots,0.8819999694824219,0.5640000152587891,0.07960820198059082,Duván Zapata,a,1148,OpenPlay,2018,LeftFoot,9923,Lazio,Atalanta,1,3,2019-05-05 14:00:00,Timothy Castagne,Chipped
299947,21,Goal,0.8959999847412109,0.47,0.4083240032196045,Duván Zapata,a,1148,OpenPlay,2018,RightFoot,9923,Lazio,Atalanta,1,3,2019-05-05 14:00:00,Remo Freuler,Rebound
299952,46,SavedShot,0.87,0.524000015258789,0.013190699741244316,Duván Zapata,a,1148,FromCorner,2018,Head,9923,Lazio,Atalanta,1,3,2019-05-05 14:00:00,Alejandro Gomez,Aerial
299959,74,BlockedShot,0.905,0.2520000076293945,0.04103060066699982,Duván Zapata,a,1148,OpenPlay,2018,RightFoot,9923,Lazio,Atalanta,1,3,2019-05-05 14:00:00,Gianluca Mancini,Pass
300583,78,MissedShots,0.7880000305175782,0.6020000076293945,0.04775569960474968,Duván Zapata,h,1148,OpenPlay,2018,RightFoot,9930,Atalanta,Genoa,2,1,2019-05-11 14:00:00,Remo Freuler,Pass
303303,27,MissedShots,0.865,0.59,0.10822699964046478,Duván Zapata,a,1148,OpenPlay,2018,LeftFoot,9940,Juventus,Atalanta,1,1,2019-05-19 18:30:00,,TakeOn
303307,36,SavedShot,0.9,0.49900001525878906,0.11352100223302841,Duván Zapata,a,1148,OpenPlay,2018,RightFoot,9940,Juventus,Atalanta,1,1,2019-05-19 18:30:00,Timothy Castagne,Cross
303318,78,BlockedShot,0.7909999847412109,0.6840000152587891,0.031882401555776596,Duván Zapata,a,1148,OpenPlay,2018,RightFoot,9940,Juventus,Atalanta,1,1,2019-05-19 18:30:00,Remo Freuler,Pass
303320,81,SavedShot,0.865999984741211,0.720999984741211,0.035367000848054886,Duván Zapata,a,1148,OpenPlay,2018,LeftFoot,9940,Juventus,Atalanta,1,1,2019-05-19 18:30:00,Musa Barrow,Pass
304125,34,Goal,0.9940000152587891,0.46799999237060547,0.9588329792022705,Duván Zapata,h,1148,FromCorner,2018,RightFoot,9947,Atalanta,Sassuolo,3,1,2019-05-26 18:30:00,,None
304136,75,SavedShot,0.855999984741211,0.615,0.07157260179519653,Duván Zapata,h,1148,OpenPlay,2018,LeftFoot,9947,Atalanta,Sassuolo,3,1,2019-05-26 18:30:00,,None
313389,20,MissedShots,0.899000015258789,0.48400001525878905,0.023713400587439537,Duván Zapata,a,1148,FromCorner,2019,Head,13095,SPAL 2013,Atalanta,2,3,2019-08-25 19:45:00,Alejandro Gomez,Aerial
313392,29,SavedShot,0.85,0.28600000381469726,0.016889100894331932,Duván Zapata,a,1148,OpenPlay,2019,RightFoot,13095,SPAL 2013,Atalanta,2,3,2019-08-25 19:45:00,Hans Hateboer,HeadPass
313397,37,SavedShot,0.889000015258789,0.5540000152587891,0.024404600262641907,Duván Zapata,a,1148,OpenPlay,2019,Head,13095,SPAL 2013,Atalanta,2,3,2019-08-25 19:45:00,José Luis Palomino,Aerial
313398,39,ShotOnPost,0.8859999847412109,0.539000015258789,0.014605199918150902,Duván Zapata,a,1148,FromCorner,2019,Head,13095,SPAL 2013,Atalanta,2,3,2019-08-25 19:45:00,Alejandro Gomez,Aerial
313400,45,MissedShots,0.6759999847412109,0.4570000076293945,0.011223300360143185,Duván Zapata,a,1148,OpenPlay,2019,RightFoot,13095,SPAL 2013,Atalanta,2,3,2019-08-25 19:45:00,,Dispossessed
316730,11,MissedShots,0.9209999847412109,0.41,0.09366720169782639,Duván Zapata,h,1148,OpenPlay,2019,RightFoot,13104,Atalanta,Torino,2,3,2019-09-01 19:45:00,Alejandro Gomez,Chipped
316741,37,Goal,0.8669999694824219,0.3370000076293945,0.053950101137161255,Duván Zapata,h,1148,OpenPlay,2019,RightFoot,13104,Atalanta,Torino,2,3,2019-09-01 19:45:00,Mario Pasalic,Pass
316742,42,MissedShots,0.88,0.38,0.12228800356388092,Duván Zapata,h,1148,OpenPlay,2019,RightFoot,13104,Atalanta,Torino,2,3,2019-09-01 19:45:00,Josip Ilicic,Throughball
316745,48,BlockedShot,0.9290000152587891,0.34900001525878904,0.25376999378204346,Duván Zapata,h,1148,OpenPlay,2019,RightFoot,13104,Atalanta,Torino,2,3,2019-09-01 19:45:00,Mario Pasalic,Pass
316747,53,Goal,0.875999984741211,0.62,0.08924459666013718,Duván Zapata,h,1148,OpenPlay,2019,RightFoot,13104,Atalanta,Torino,2,3,2019-09-01 19:45:00,Alejandro Gomez,Pass
316756,80,MissedShots,0.9440000152587891,0.45599998474121095,0.0637642964720726,Duván Zapata,h,1148,FromCorner,2019,Head,13104,Atalanta,Torino,2,3,2019-09-01 19:45:00,Ruslan Malinovskiy,Aerial
317753,16,MissedShots,0.904000015258789,0.6990000152587891,0.05063030123710632,Duván Zapata,a,1148,OpenPlay,2019,LeftFoot,13111,Genoa,Atalanta,1,2,2019-09-15 10:30:00,Josip Ilicic,Pass
317761,35,SavedShot,0.9180000305175782,0.47,0.14244599640369415,Duván Zapata,a,1148,OpenPlay,2019,RightFoot,13111,Genoa,Atalanta,1,2,2019-09-15 10:30:00,,Rebound
317774,76,SavedShot,0.9230000305175782,0.64,0.30496200919151306,Duván Zapata,a,1148,OpenPlay,2019,LeftFoot,13111,Genoa,Atalanta,1,2,2019-09-15 10:30:00,Luis Muriel,TakeOn
317779,85,BlockedShot,0.8809999847412109,0.35400001525878905,0.09231030195951462,Duván Zapata,a,1148,OpenPlay,2019,RightFoot,13111,Genoa,Atalanta,1,2,2019-09-15 10:30:00,Alejandro Gomez,Pass
317782,94,Goal,0.7869999694824219,0.5379999923706055,0.039961498230695724,Duván Zapata,a,1148,OpenPlay,2019,RightFoot,13111,Genoa,Atalanta,1,2,2019-09-15 10:30:00,Marten de Roon,Pass
321315,24,MissedShots,0.8119999694824219,0.495,0.21337099373340607,Duván Zapata,h,1148,OpenPlay,2019,RightFoot,13119,Atalanta,Fiorentina,2,2,2019-09-22 16:00:00,,BallRecovery
321319,37,MissedShots,0.9269999694824219,0.44299999237060544,0.045938700437545776,Duván Zapata,h,1148,OpenPlay,2019,Head,13119,Atalanta,Fiorentina,2,2,2019-09-22 16:00:00,Timothy Castagne,Aerial
321325,64,BlockedShot,0.8830000305175781,0.3220000076293945,0.05834709852933884,Duván Zapata,h,1148,OpenPlay,2019,LeftFoot,13119,Atalanta,Fiorentina,2,2,2019-09-22 16:00:00,Josip Ilicic,Pass
321789,68,BlockedShot,0.909000015258789,0.6869999694824219,0.05007750168442726,Duván Zapata,a,1148,OpenPlay,2019,LeftFoot,13136,Roma,Atalanta,0,2,2019-09-25 17:00:00,Ruslan Malinovskiy,Chipped
321791,69,Goal,0.8969999694824219,0.5579999923706055,0.31563800573349,Duván Zapata,a,1148,OpenPlay,2019,LeftFoot,13136,Roma,Atalanta,0,2,2019-09-25 17:00:00,Remo Freuler,Chipped
321800,86,ShotOnPost,0.9009999847412109,0.45099998474121095,0.4111649990081787,Duván Zapata,a,1148,OpenPlay,2019,RightFoot,13136,Roma,Atalanta,0,2,2019-09-25 17:00:00,Hans Hateboer,Pass
323070,22,MissedShots,0.775,0.6840000152587891,0.01605680026113987,Duván Zapata,a,1148,OpenPlay,2019,RightFoot,13147,Sassuolo,Atalanta,1,4,2019-09-28 18:45:00,,Rebound
323071,24,SavedShot,0.879000015258789,0.55,0.47281500697135925,Duván Zapata,a,1148,OpenPlay,2019,RightFoot,13147,Sassuolo,Atalanta,1,4,2019-09-28 18:45:00,,None
323073,34,Goal,0.92,0.4370000076293945,0.04299670085310936,Duván Zapata,a,1148,OpenPlay,2019,Head,13147,Sassuolo,Atalanta,1,4,2019-09-28 18:45:00,Hans Hateboer,Aerial
324784,1,MissedShots,0.9390000152587891,0.5729999923706055,0.2745780050754547,Duván Zapata,h,1148,FromCorner,2019,Head,13149,Atalanta,Lecce,3,1,2019-10-06 14:00:00,Alejandro Gomez,Cross
324797,34,Goal,0.885,0.6859999847412109,0.06058000028133392,Duván Zapata,h,1148,OpenPlay,2019,RightFoot,13149,Atalanta,Lecce,3,1,2019-10-06 14:00:00,Robin Gosens,Pass
324803,45,MissedShots,0.9519999694824218,0.6730000305175782,0.09484600275754929,Duván Zapata,h,1148,OpenPlay,2019,LeftFoot,13149,Atalanta,Lecce,3,1,2019-10-06 14:00:00,Alejandro Gomez,Chipped
354331,14,SavedShot,0.895,0.509000015258789,0.054158300161361694,Duván Zapata,a,1148,SetPiece,2019,Head,13272,Inter,Atalanta,1,1,2020-01-11 19:45:00,José Luis Palomino,HeadPass
354332,17,SavedShot,0.899000015258789,0.4570000076293945,0.04270299896597862,Duván Zapata,a,1148,OpenPlay,2019,OtherBodyPart,13272,Inter,Atalanta,1,1,2020-01-11 19:45:00,Hans Hateboer,Aerial
355435,14,SavedShot,0.94,0.5629999923706055,0.10741200298070908,Duván Zapata,h,1148,OpenPlay,2019,LeftFoot,13279,Atalanta,SPAL 2013,1,2,2020-01-20 19:45:00,,None
355441,31,BlockedShot,0.875999984741211,0.29700000762939455,0.044217798858881,Duván Zapata,h,1148,OpenPlay,2019,RightFoot,13279,Atalanta,SPAL 2013,1,2,2020-01-20 19:45:00,Mario Pasalic,Pass
355451,46,BlockedShot,0.9209999847412109,0.625,0.10178399831056595,Duván Zapata,h,1148,OpenPlay,2019,LeftFoot,13279,Atalanta,SPAL 2013,1,2,2020-01-20 19:45:00,,None
355452,52,MissedShots,0.8690000152587891,0.5570000076293945,0.09901729971170425,Duván Zapata,h,1148,OpenPlay,2019,LeftFoot,13279,Atalanta,SPAL 2013,1,2,2020-01-20 19:45:00,,None
355454,55,SavedShot,0.884000015258789,0.735999984741211,0.03466099873185158,Duván Zapata,h,1148,OpenPlay,2019,RightFoot,13279,Atalanta,SPAL 2013,1,2,2020-01-20 19:45:00,Mario Pasalic,Pass
355458,60,SavedShot,0.9019999694824219,0.35700000762939454,0.26243099570274353,Duván Zapata,h,1148,OpenPlay,2019,RightFoot,13279,Atalanta,SPAL 2013,1,2,2020-01-20 19:45:00,Josip Ilicic,Chipped
355461,70,MissedShots,0.9130000305175782,0.5579999923706055,0.040581800043582916,Duván Zapata,h,1148,SetPiece,2019,Head,13279,Atalanta,SPAL 2013,1,2,2020-01-20 19:45:00,Marten de Roon,Aerial
355465,86,BlockedShot,0.9069999694824219,0.3120000076293945,0.04755669832229614,Duván Zapata,h,1148,OpenPlay,2019,RightFoot,13279,Atalanta,SPAL 2013,1,2,2020-01-20 19:45:00,,None
355468,94,SavedShot,0.8230000305175781,0.639000015258789,0.03715350106358528,Duván Zapata,h,1148,OpenPlay,2019,RightFoot,13279,Atalanta,SPAL 2013,1,2,2020-01-20 19:45:00,,None
356043,7,MissedShots,0.9259999847412109,0.40099998474121096,0.04257959872484207,Duván Zapata,a,1148,FromCorner,2019,Head,13297,Torino,Atalanta,0,7,2020-01-25 19:45:00,Alejandro Gomez,Cross
356045,15,MissedShots,0.8930000305175781,0.4159999847412109,0.02658979967236519,Duván Zapata,a,1148,OpenPlay,2019,Head,13297,Torino,Atalanta,0,7,2020-01-25 19:45:00,Hans Hateboer,Aerial
356055,27,MissedShots,0.93,0.4979999923706055,0.16635000705718994,Duván Zapata,a,1148,OpenPlay,2019,LeftFoot,13297,Torino,Atalanta,0,7,2020-01-25 19:45:00,Alejandro Gomez,Pass
356059,45,Goal,0.885,0.5,0.7612990140914917,Duván Zapata,a,1148,Penalty,2019,RightFoot,13297,Torino,Atalanta,0,7,2020-01-25 19:45:00,,Standard
357116,11,SavedShot,0.875999984741211,0.28200000762939453,0.0403704009950161,Duván Zapata,h,1148,OpenPlay,2019,RightFoot,13299,Atalanta,Genoa,2,2,2020-02-02 14:00:00,Josip Ilicic,Pass
357131,55,BlockedShot,0.8669999694824219,0.4620000076293945,0.11116500198841095,Duván Zapata,h,1148,OpenPlay,2019,RightFoot,13299,Atalanta,Genoa,2,2,2020-02-02 14:00:00,Josip Ilicic,Pass
357898,27,BlockedShot,0.895,0.4329999923706055,0.16701899468898773,Duván Zapata,a,1148,OpenPlay,2019,RightFoot,13310,Fiorentina,Atalanta,1,2,2020-02-08 14:00:00,Josip Ilicic,TakeOn
357905,48,Goal,0.9640000152587891,0.48700000762939455,0.737280011177063,Duván Zapata,a,1148,OpenPlay,2019,RightFoot,13310,Fiorentina,Atalanta,1,2,2020-02-08 14:00:00,,Rebound
357911,91,MissedShots,0.8719999694824219,0.6459999847412109,0.08659210056066513,Duván Zapata,a,1148,OpenPlay,2019,RightFoot,13310,Fiorentina,Atalanta,1,2,2020-02-08 14:00:00,Ruslan Malinovskiy,Pass
361308,5,BlockedShot,0.855,0.6359999847412109,0.0649769976735115,Duván Zapata,a,1148,OpenPlay,2019,LeftFoot,13342,Lecce,Atalanta,2,7,2020-03-01 14:00:00,Remo Freuler,Pass
361311,15,BlockedShot,0.870999984741211,0.6419999694824219,0.072496198117733,Duván Zapata,a,1148,OpenPlay,2019,LeftFoot,13342,Lecce,Atalanta,2,7,2020-03-01 14:00:00,Remo Freuler,Pass
361314,21,Goal,0.9269999694824219,0.5179999923706055,0.21134600043296814,Duván Zapata,a,1148,FromCorner,2019,Head,13342,Lecce,Atalanta,2,7,2020-03-01 14:00:00,Josip Ilicic,Aerial
361328,53,Goal,0.9540000152587891,0.4979999923706055,0.6948609948158264,Duván Zapata,a,1148,OpenPlay,2019,LeftFoot,13342,Lecce,Atalanta,2,7,2020-03-01 14:00:00,Mario Pasalic,Pass
361330,61,Goal,0.9630000305175781,0.5479999923706055,0.5882760286331177,Duván Zapata,a,1148,OpenPlay,2019,RightFoot,13342,Lecce,Atalanta,2,7,2020-03-01 14:00:00,Josip Ilicic,Chipped
365838,12,MissedShots,0.92,0.46299999237060546,0.11958300322294235,Duván Zapata,h,1148,OpenPlay,2019,Head,13329,Atalanta,Sassuolo,4,1,2020-06-21 17:30:00,Alejandro Gomez,Cross
365842,30,Goal,0.9640000152587891,0.49700000762939456,0.6739320158958435,Duván Zapata,h,1148,OpenPlay,2019,Head,13329,Atalanta,Sassuolo,4,1,2020-06-21 17:30:00,,None
365843,35,ShotOnPost,0.9269999694824219,0.46,0.40925100445747375,Duván Zapata,h,1148,OpenPlay,2019,Head,13329,Atalanta,Sassuolo,4,1,2020-06-21 17:30:00,Mario Pasalic,Cross
365853,65,Goal,0.9540000152587891,0.495,0.5529559850692749,Duván Zapata,h,1148,SetPiece,2019,Head,13329,Atalanta,Sassuolo,4,1,2020-06-21 17:30:00,Alejandro Gomez,Cross
366450,4,MissedShots,0.865,0.524000015258789,0.36803799867630005,Duván Zapata,h,1148,OpenPlay,2019,RightFoot,13349,Atalanta,Lazio,3,2,2020-06-24 19:45:00,Remo Freuler,Pass
366457,27,MissedShots,0.9359999847412109,0.515,0.5050010085105896,Duván Zapata,h,1148,OpenPlay,2019,RightFoot,13349,Atalanta,Lazio,3,2,2020-06-24 19:45:00,,Rebound
366472,64,MissedShots,0.914000015258789,0.5659999847412109,0.04551450163125992,Duván Zapata,h,1148,OpenPlay,2019,Head,13349,Atalanta,Lazio,3,2,2020-06-24 19:45:00,Alejandro Gomez,Chipped
367472,8,Goal,0.9269999694824219,0.5940000152587891,0.36358800530433655,Duván Zapata,a,1148,OpenPlay,2019,RightFoot,13368,Udinese,Atalanta,2,3,2020-06-28 17:30:00,Alejandro Gomez,Throughball
368384,40,MissedShots,0.9419999694824219,0.5,0.14496499300003052,Duván Zapata,h,1148,SetPiece,2019,Head,13369,Atalanta,Napoli,2,0,2020-07-02 17:30:00,Alejandro Gomez,Cross
368387,48,BlockedShot,0.86,0.7319999694824219,0.028780700638890266,Duván Zapata,h,1148,OpenPlay,2019,LeftFoot,13369,Atalanta,Napoli,2,0,2020-07-02 17:30:00,Robin Gosens,Chipped
368389,51,MissedShots,0.9259999847412109,0.47900001525878905,0.05261389911174774,Duván Zapata,h,1148,FromCorner,2019,Head,13369,Atalanta,Napoli,2,0,2020-07-02 17:30:00,Alejandro Gomez,Aerial
369191,84,BlockedShot,0.9119999694824219,0.445,0.1475359946489334,Duván Zapata,a,1148,OpenPlay,2019,RightFoot,13386,Cagliari,Atalanta,0,1,2020-07-05 17:30:00,,Rebound
369905,28,SavedShot,0.7819999694824219,0.605999984741211,0.0287283007055521,Duván Zapata,h,1148,OpenPlay,2019,RightFoot,13389,Atalanta,Sampdoria,2,0,2020-07-08 19:45:00,Mario Pasalic,Pass
369909,37,SavedShot,0.8730000305175781,0.5379999923706055,0.29240500926971436,Duván Zapata,h,1148,OpenPlay,2019,RightFoot,13389,Atalanta,Sampdoria,2,0,2020-07-08 19:45:00,Alejandro Gomez,Chipped
370598,5,MissedShots,0.9290000152587891,0.6,0.058730799704790115,Duván Zapata,a,1148,OpenPlay,2019,Head,13403,Juventus,Atalanta,2,2,2020-07-11 19:45:00,Timothy Castagne,Cross
370601,15,Goal,0.875,0.575999984741211,0.1076119989156723,Duván Zapata,a,1148,OpenPlay,2019,RightFoot,13403,Juventus,Atalanta,2,2,2020-07-11 19:45:00,Alejandro Gomez,Pass
370606,35,BlockedShot,0.919000015258789,0.555,0.12584799528121948,Duván Zapata,a,1148,FromCorner,2019,RightFoot,13403,Juventus,Atalanta,2,2,2020-07-11 19:45:00,,Rebound
371342,29,Goal,0.9459999847412109,0.485,0.5506430268287659,Duván Zapata,h,1148,OpenPlay,2019,Head,13410,Atalanta,Brescia,6,2,2020-07-14 19:45:00,Robin Gosens,Cross
372315,8,BlockedShot,0.765,0.5420000076293945,0.019118700176477432,Duván Zapata,a,1148,OpenPlay,2019,RightFoot,13428,Verona,Atalanta,1,1,2020-07-18 15:15:00,,TakeOn
372328,41,SavedShot,0.9290000152587891,0.6859999847412109,0.0671498030424118,Duván Zapata,a,1148,OpenPlay,2019,LeftFoot,13428,Verona,Atalanta,1,1,2020-07-18 15:15:00,Alejandro Gomez,Pass
372331,49,Goal,0.875,0.5940000152587891,0.34661799669265747,Duván Zapata,a,1148,OpenPlay,2019,LeftFoot,13428,Verona,Atalanta,1,1,2020-07-18 15:15:00,,BallRecovery
372341,62,SavedShot,0.9019999694824219,0.5920000076293945,0.34039801359176636,Duván Zapata,a,1148,OpenPlay,2019,LeftFoot,13428,Verona,Atalanta,1,1,2020-07-18 15:15:00,,Rebound
372346,79,MissedShots,0.9419999694824219,0.635,0.012861100025475025,Duván Zapata,a,1148,FromCorner,2019,Head,13428,Verona,Atalanta,1,1,2020-07-18 15:15:00,Alejandro Gomez,Aerial
373006,7,SavedShot,0.8219999694824218,0.6359999847412109,0.0437421016395092,Duván Zapata,h,1148,OpenPlay,2019,RightFoot,13429,Atalanta,Bologna,1,0,2020-07-21 17:30:00,Mario Pasalic,Pass
373012,27,BlockedShot,0.860999984741211,0.6079999923706054,0.08513099700212479,Duván Zapata,h,1148,OpenPlay,2019,RightFoot,13429,Atalanta,Bologna,1,0,2020-07-21 17:30:00,Alejandro Gomez,Pass
373020,49,MissedShots,0.9590000152587891,0.40900001525878904,0.31564199924468994,Duván Zapata,h,1148,OpenPlay,2019,RightFoot,13429,Atalanta,Bologna,1,0,2020-07-21 17:30:00,Alejandro Gomez,Chipped
373516,6,MissedShots,0.9130000305175782,0.534000015258789,0.050724901258945465,Duván Zapata,a,1148,SetPiece,2019,Head,13440,AC Milan,Atalanta,1,1,2020-07-24 19:45:00,Alejandro Gomez,Aerial
373524,33,Goal,0.9530000305175781,0.5729999923706055,0.48874199390411377,Duván Zapata,a,1148,OpenPlay,2019,LeftFoot,13440,AC Milan,Atalanta,1,1,2020-07-24 19:45:00,,Rebound
373526,35,SavedShot,0.9640000152587891,0.595999984741211,0.4264819920063019,Duván Zapata,a,1148,OpenPlay,2019,LeftFoot,13440,AC Milan,Atalanta,1,1,2020-07-24 19:45:00,,None
373530,57,MissedShots,0.9119999694824219,0.5259999847412109,0.03780810162425041,Duván Zapata,a,1148,FromCorner,2019,Head,13440,AC Milan,Atalanta,1,1,2020-07-24 19:45:00,Alejandro Gomez,Foul
373534,71,BlockedShot,0.8230000305175781,0.46,0.08305440098047256,Duván Zapata,a,1148,OpenPlay,2019,RightFoot,13440,AC Milan,Atalanta,1,1,2020-07-24 19:45:00,,TakeOn
374068,65,MissedShots,0.855,0.5779999923706055,0.07806900143623352,Duván Zapata,a,1148,OpenPlay,2019,LeftFoot,13457,Parma Calcio 1913,Atalanta,1,2,2020-07-28 17:30:00,Ruslan Malinovskiy,Pass
374075,89,SavedShot,0.9469999694824218,0.6609999847412109,0.32506000995635986,Duván Zapata,a,1148,OpenPlay,2019,RightFoot,13457,Parma Calcio 1913,Atalanta,1,2,2020-07-28 17:30:00,Luis Muriel,Chipped
374482,79,BlockedShot,0.88,0.41,0.05218710005283356,Duván Zapata,h,1148,OpenPlay,2019,RightFoot,13459,Atalanta,Inter,0,2,2020-08-01 18:45:00,Robin Gosens,HeadPass
374487,87,BlockedShot,0.865,0.4759999847412109,0.10083600133657455,Duván Zapata,h,1148,OpenPlay,2019,LeftFoot,13459,Atalanta,Inter,0,2,2020-08-01 18:45:00,Ruslan Malinovskiy,Pass
374489,88,MissedShots,0.870999984741211,0.5690000152587891,0.2867020070552826,Duván Zapata,h,1148,OpenPlay,2019,RightFoot,13459,Atalanta,Inter,0,2,2020-08-01 18:45:00,Luis Muriel,Pass
378675,15,MissedShots,0.9569999694824218,0.5059999847412109,0.13678599894046783,Duván Zapata,a,1148,OpenPlay,2020,Head,14123,Torino,Atalanta,2,4,2020-09-26 13:00:00,Robin Gosens,Aerial
378678,28,SavedShot,0.7340000152587891,0.74,0.01262119971215725,Duván Zapata,a,1148,OpenPlay,2020,RightFoot,14123,Torino,Atalanta,2,4,2020-09-26 13:00:00,,None
378680,33,MissedShots,0.9069999694824219,0.5579999923706055,0.3994700014591217,Duván Zapata,a,1148,OpenPlay,2020,RightFoot,14123,Torino,Atalanta,2,4,2020-09-26 13:00:00,Remo Freuler,HeadPass
380157,40,SavedShot,0.87,0.565,0.11520999670028687,Duván Zapata,a,1148,OpenPlay,2020,RightFoot,14135,Lazio,Atalanta,1,4,2020-09-30 18:45:00,Alejandro Gomez,Pass
380899,14,BlockedShot,0.8959999847412109,0.5940000152587891,0.28040099143981934,Duván Zapata,h,1148,OpenPlay,2020,RightFoot,15450,Atalanta,Cagliari,5,2,2020-10-04 10:30:00,José Luis Palomino,TakeOn
380910,41,Goal,0.885,0.669000015258789,0.05047199875116348,Duván Zapata,h,1148,OpenPlay,2020,RightFoot,15450,Atalanta,Cagliari,5,2,2020-10-04 10:30:00,José Luis Palomino,Pass
380912,45,BlockedShot,0.8119999694824219,0.4929999923706055,0.09625779837369919,Duván Zapata,h,1148,OpenPlay,2020,RightFoot,15450,Atalanta,Cagliari,5,2,2020-10-04 10:30:00,,TakeOn
380914,50,SavedShot,0.8830000305175781,0.6179999923706054,0.20836499333381653,Duván Zapata,h,1148,OpenPlay,2020,RightFoot,15450,Atalanta,Cagliari,5,2,2020-10-04 10:30:00,Mario Pasalic,TakeOn
380921,62,SavedShot,0.925,0.5520000076293945,0.5144010186195374,Duván Zapata,h,1148,OpenPlay,2020,LeftFoot,15450,Atalanta,Cagliari,5,2,2020-10-04 10:30:00,Mario Pasalic,Pass
381713,15,MissedShots,0.855999984741211,0.6909999847412109,0.045964401215314865,Duván Zapata,a,1148,OpenPlay,2020,LeftFoot,15456,Napoli,Atalanta,4,1,2020-10-17 13:00:00,Alejandro Gomez,Pass
383150,52,BlockedShot,0.8730000305175781,0.6020000076293945,0.07828869670629501,Duván Zapata,h,1148,OpenPlay,2020,RightFoot,15466,Atalanta,Sampdoria,1,3,2020-10-24 13:00:00,Berat Gjimshiti,Pass
383156,79,Goal,0.885,0.5,0.7612990140914917,Duván Zapata,h,1148,Penalty,2020,RightFoot,15466,Atalanta,Sampdoria,1,3,2020-10-24 13:00:00,,Standard
384501,50,BlockedShot,0.885,0.41900001525878905,0.36593198776245117,Duván Zapata,a,1148,OpenPlay,2020,LeftFoot,15477,Crotone,Atalanta,1,2,2020-10-31 14:00:00,Ruslan Malinovskiy,Pass
384508,81,MissedShots,0.8590000152587891,0.5720000076293945,0.10911600291728973,Duván Zapata,a,1148,OpenPlay,2020,RightFoot,15477,Crotone,Atalanta,1,2,2020-10-31 14:00:00,Ruslan Malinovskiy,Pass
384509,82,MissedShots,0.9309999847412109,0.4520000076293945,0.20923100411891937,Duván Zapata,a,1148,FromCorner,2020,Head,15477,Crotone,Atalanta,1,2,2020-10-31 14:00:00,Ruslan Malinovskiy,Aerial
384511,84,MissedShots,0.86,0.5379999923706055,0.10987699776887894,Duván Zapata,a,1148,OpenPlay,2020,RightFoot,15477,Crotone,Atalanta,1,2,2020-10-31 14:00:00,Ruslan Malinovskiy,Pass
387473,21,BlockedShot,0.9569999694824218,0.45,0.6104900240898132,Duván Zapata,a,1148,OpenPlay,2020,RightFoot,15503,Spezia,Atalanta,0,0,2020-11-21 17:00:00,Josip Ilicic,Pass
387475,39,BlockedShot,0.8530000305175781,0.5209999847412109,0.10036599636077881,Duván Zapata,a,1148,OpenPlay,2020,RightFoot,15503,Spezia,Atalanta,0,0,2020-11-21 17:00:00,Josip Ilicic,Pass
389095,53,SavedShot,0.919000015258789,0.5070000076293946,0.04535520076751709,Duván Zapata,h,1148,FromCorner,2020,Head,15506,Atalanta,Verona,0,2,2020-11-28 19:45:00,Alejandro Gomez,Aerial
389097,55,BlockedShot,0.895,0.5029999923706054,0.08360350131988525,Duván Zapata,h,1148,SetPiece,2020,RightFoot,15506,Atalanta,Verona,0,2,2020-11-28 19:45:00,Josip Ilicic,Cross
392013,9,SavedShot,0.94,0.5029999923706054,0.3690069913864136,Duván Zapata,h,1148,FromCorner,2020,Head,15526,Atalanta,Fiorentina,3,0,2020-12-13 14:00:00,Berat Gjimshiti,HeadPass
392023,28,SavedShot,0.9230000305175782,0.425,0.2578999996185303,Duván Zapata,h,1148,OpenPlay,2020,Head,15526,Atalanta,Fiorentina,3,0,2020-12-13 14:00:00,Robin Gosens,Chipped
392024,34,BlockedShot,0.8919999694824219,0.40900001525878904,0.1095300018787384,Duván Zapata,h,1148,OpenPlay,2020,RightFoot,15526,Atalanta,Fiorentina,3,0,2020-12-13 14:00:00,Hans Hateboer,Pass
392862,16,BlockedShot,0.8519999694824218,0.6329999923706054,0.06670469790697098,Duván Zapata,a,1148,OpenPlay,2020,RightFoot,15540,Juventus,Atalanta,1,1,2020-12-16 17:30:00,Matteo Pessina,Pass
392864,31,SavedShot,0.9480000305175781,0.625999984741211,0.3004469871520996,Duván Zapata,a,1148,OpenPlay,2020,LeftFoot,15540,Juventus,Atalanta,1,1,2020-12-16 17:30:00,Matteo Pessina,Pass
392873,61,BlockedShot,0.8109999847412109,0.6229999923706054,0.0346251018345356,Duván Zapata,a,1148,OpenPlay,2020,RightFoot,15540,Juventus,Atalanta,1,1,2020-12-16 17:30:00,Hans Hateboer,Chipped
394727,58,Goal,0.8669999694824219,0.41900001525878905,0.0787506029009819,Duván Zapata,h,1148,OpenPlay,2020,RightFoot,15546,Atalanta,Roma,4,1,2020-12-20 17:00:00,Josip Ilicic,Pass
395402,70,BlockedShot,0.865,0.5309999847412109,0.1311430037021637,Duván Zapata,a,1148,OpenPlay,2020,RightFoot,15556,Bologna,Atalanta,2,2,2020-12-23 19:45:00,Marten de Roon,Pass
396685,10,Goal,0.889000015258789,0.5159999847412109,0.41080498695373535,Duván Zapata,h,1148,OpenPlay,2020,RightFoot,15566,Atalanta,Sassuolo,5,1,2021-01-03 14:00:00,,BallTouch
396693,26,MissedShots,0.899000015258789,0.46900001525878904,0.0190529003739357,Duván Zapata,h,1148,FromCorner,2020,Head,15566,Atalanta,Sassuolo,5,1,2021-01-03 14:00:00,Josip Ilicic,Aerial
396696,34,ShotOnPost,0.9540000152587891,0.6669999694824219,0.293148010969162,Duván Zapata,h,1148,OpenPlay,2020,LeftFoot,15566,Atalanta,Sassuolo,5,1,2021-01-03 14:00:00,José Luis Palomino,Chipped
396697,34,MissedShots,0.9530000305175781,0.500999984741211,0.3317260146141052,Duván Zapata,h,1148,OpenPlay,2020,OtherBodyPart,15566,Atalanta,Sassuolo,5,1,2021-01-03 14:00:00,Josip Ilicic,Aerial
396702,48,Goal,0.905,0.4640000152587891,0.555840015411377,Duván Zapata,h,1148,OpenPlay,2020,RightFoot,15566,Atalanta,Sassuolo,5,1,2021-01-03 14:00:00,Remo Freuler,Throughball
396705,63,MissedShots,0.8590000152587891,0.7140000152587891,0.055253900587558746,Duván Zapata,h,1148,OpenPlay,2020,RightFoot,15566,Atalanta,Sassuolo,5,1,2021-01-03 14:00:00,Ruslan Malinovskiy,Pass
397185,48,Goal,0.92,0.6320000076293946,0.12045600265264511,Duván Zapata,h,1148,OpenPlay,2020,LeftFoot,15576,Atalanta,Parma Calcio 1913,3,0,2021-01-06 14:00:00,Robin Gosens,Pass
397745,18,MissedShots,0.9259999847412109,0.5690000152587891,0.33480000495910645,Duván Zapata,a,1148,OpenPlay,2020,Head,15586,Benevento,Atalanta,1,4,2021-01-09 14:00:00,Josip Ilicic,Throughball
397752,43,SavedShot,0.8430000305175781,0.5570000076293945,0.09746509790420532,Duván Zapata,a,1148,OpenPlay,2020,RightFoot,15586,Benevento,Atalanta,1,4,2021-01-09 14:00:00,Josip Ilicic,Pass
397762,70,Goal,0.9669999694824218,0.5520000076293945,0.6326460242271423,Duván Zapata,a,1148,OpenPlay,2020,LeftFoot,15586,Benevento,Atalanta,1,4,2021-01-09 14:00:00,Josip Ilicic,Cross
399489,18,SavedShot,0.955999984741211,0.4929999923706055,0.6397489905357361,Duván Zapata,h,1148,FromCorner,2020,RightFoot,15596,Atalanta,Genoa,0,0,2021-01-17 17:00:00,,Rebound
399882,82,MissedShots,0.9369999694824219,0.4179999923706055,0.05201239883899689,Duván Zapata,a,1148,OpenPlay,2020,Head,15524,Udinese,Atalanta,1,1,2021-01-20 16:00:00,Robin Gosens,Aerial
400538,31,SavedShot,0.870999984741211,0.43099998474121093,0.07619830220937729,Duván Zapata,a,1148,SetPiece,2020,LeftFoot,15611,AC Milan,Atalanta,0,3,2021-01-23 17:00:00,Josip Ilicic,Chipped
400546,59,BlockedShot,0.9630000305175781,0.6559999847412109,0.10981400310993195,Duván Zapata,a,1148,OpenPlay,2020,LeftFoot,15611,AC Milan,Atalanta,0,3,2021-01-23 17:00:00,Robin Gosens,Pass
400547,60,MissedShots,0.8919999694824219,0.590999984741211,0.10815200209617615,Duván Zapata,a,1148,OpenPlay,2020,Head,15611,AC Milan,Atalanta,0,3,2021-01-23 17:00:00,Josip Ilicic,Cross
400554,73,ShotOnPost,0.9169999694824219,0.51,0.29977598786354065,Duván Zapata,a,1148,FromCorner,2020,Head,15611,AC Milan,Atalanta,0,3,2021-01-23 17:00:00,Josip Ilicic,Cross
400556,76,Goal,0.9269999694824219,0.6359999847412109,0.3077690005302429,Duván Zapata,a,1148,OpenPlay,2020,LeftFoot,15611,AC Milan,Atalanta,0,3,2021-01-23 17:00:00,Cristian Romero,Pass
402156,43,SavedShot,0.8859999847412109,0.555,0.050511300563812256,Duván Zapata,h,1148,SetPiece,2020,Head,15618,Atalanta,Lazio,1,3,2021-01-31 14:00:00,Josip Ilicic,Cross
403072,67,MissedShots,0.8919999694824219,0.31,0.2677859961986542,Duván Zapata,h,1148,OpenPlay,2020,RightFoot,15634,Atalanta,Torino,3,3,2021-02-06 14:00:00,Aleksey Miranchuk,Pass
404703,74,MissedShots,0.7930000305175782,0.72,0.021493999287486076,Duván Zapata,a,1148,OpenPlay,2020,RightFoot,15636,Cagliari,Atalanta,0,1,2021-02-14 14:00:00,Luis Muriel,Pass
404707,82,BlockedShot,0.8969999694824219,0.445,0.10331600159406662,Duván Zapata,a,1148,FromCorner,2020,LeftFoot,15636,Cagliari,Atalanta,0,1,2021-02-14 14:00:00,,Rebound
404706,82,ShotOnPost,0.8980000305175782,0.549000015258789,0.018853699788451195,Duván Zapata,a,1148,FromCorner,2020,Head,15636,Cagliari,Atalanta,0,1,2021-02-14 14:00:00,Luis Muriel,Aerial
406155,51,Goal,0.9369999694824219,0.48,0.48930901288986206,Duván Zapata,h,1148,OpenPlay,2020,Head,15649,Atalanta,Napoli,4,2,2021-02-21 17:00:00,Luis Muriel,Aerial
408017,82,SavedShot,0.8980000305175782,0.4520000076293945,0.5242050290107727,Duván Zapata,h,1148,OpenPlay,2020,LeftFoot,15675,Atalanta,Crotone,5,1,2021-03-03 19:45:00,,None
409350,11,BlockedShot,0.894000015258789,0.46700000762939453,0.01693660020828247,Duván Zapata,a,1148,FromCorner,2020,Head,15676,Inter,Atalanta,1,0,2021-03-08 19:45:00,Ruslan Malinovskiy,Aerial
409351,17,MissedShots,0.97,0.700999984741211,0.05120199918746948,Duván Zapata,a,1148,OpenPlay,2020,LeftFoot,15676,Inter,Atalanta,1,0,2021-03-08 19:45:00,Matteo Pessina,Pass
409353,28,MissedShots,0.7780000305175782,0.7390000152587891,0.01981320045888424,Duván Zapata,a,1148,OpenPlay,2020,RightFoot,15676,Inter,Atalanta,1,0,2021-03-08 19:45:00,Marten de Roon,Pass
409354,38,SavedShot,0.9259999847412109,0.509000015258789,0.07107099890708923,Duván Zapata,a,1148,OpenPlay,2020,Head,15676,Inter,Atalanta,1,0,2021-03-08 19:45:00,Ruslan Malinovskiy,Aerial
409361,67,MissedShots,0.8530000305175781,0.590999984741211,0.07330019772052765,Duván Zapata,a,1148,OpenPlay,2020,RightFoot,15676,Inter,Atalanta,1,0,2021-03-08 19:45:00,Matteo Pessina,Pass
409591,84,SavedShot,0.8809999847412109,0.669000015258789,0.17702800035476685,Duván Zapata,h,1148,OpenPlay,2020,RightFoot,15693,Atalanta,Spezia,3,1,2021-03-12 19:45:00,Ruslan Malinovskiy,Pass
411550,13,BlockedShot,0.92,0.63,0.1431329995393753,Duván Zapata,a,1148,OpenPlay,2020,RightFoot,15696,Verona,Atalanta,0,2,2021-03-21 11:30:00,Aleksey Miranchuk,TakeOn
411555,30,SavedShot,0.894000015258789,0.29600000381469727,0.03680950030684471,Duván Zapata,a,1148,OpenPlay,2020,RightFoot,15696,Verona,Atalanta,0,2,2021-03-21 11:30:00,Marten de Roon,Pass
411558,36,BlockedShot,0.925,0.610999984741211,0.12863799929618835,Duván Zapata,a,1148,OpenPlay,2020,LeftFoot,15696,Verona,Atalanta,0,2,2021-03-21 11:30:00,Matteo Pessina,Pass
411559,41,Goal,0.9309999847412109,0.36200000762939455,0.09242569655179977,Duván Zapata,a,1148,OpenPlay,2020,RightFoot,15696,Verona,Atalanta,0,2,2021-03-21 11:30:00,Ruslan Malinovskiy,HeadPass
411560,65,BlockedShot,0.8530000305175781,0.644000015258789,0.15117600560188293,Duván Zapata,a,1148,OpenPlay,2020,RightFoot,15696,Verona,Atalanta,0,2,2021-03-21 11:30:00,Ruslan Malinovskiy,Throughball
412238,2,MissedShots,0.909000015258789,0.26,0.03382769972085953,Duván Zapata,h,1148,OpenPlay,2020,RightFoot,15714,Atalanta,Udinese,3,2,2021-04-03 13:00:00,Remo Freuler,Pass
412243,20,BlockedShot,0.855999984741211,0.56,0.10693799704313278,Duván Zapata,h,1148,OpenPlay,2020,RightFoot,15714,Atalanta,Udinese,3,2,2021-04-03 13:00:00,Luis Muriel,Pass
412253,47,SavedShot,0.789000015258789,0.26899999618530274,0.025074100121855736,Duván Zapata,h,1148,OpenPlay,2020,RightFoot,15714,Atalanta,Udinese,3,2,2021-04-03 13:00:00,Josip Ilicic,Pass
412256,52,MissedShots,0.9319999694824219,0.5829999923706055,0.06618829816579819,Duván Zapata,h,1148,FromCorner,2020,Head,15714,Atalanta,Udinese,3,2,2021-04-03 13:00:00,Ruslan Malinovskiy,Cross
412259,60,Goal,0.879000015258789,0.445,0.3915979862213135,Duván Zapata,h,1148,OpenPlay,2020,RightFoot,15714,Atalanta,Udinese,3,2,2021-04-03 13:00:00,Ruslan Malinovskiy,Pass
414810,12,Goal,0.919000015258789,0.47400001525878904,0.04199700057506561,Duván Zapata,a,1148,FromCorner,2020,Head,15716,Fiorentina,Atalanta,2,3,2021-04-11 18:45:00,Ruslan Malinovskiy,Aerial
414814,18,SavedShot,0.9369999694824219,0.34200000762939453,0.27682098746299744,Duván Zapata,a,1148,SetPiece,2020,RightFoot,15716,Fiorentina,Atalanta,2,3,2021-04-11 18:45:00,Luis Muriel,Chipped
414817,29,SavedShot,0.850999984741211,0.5990000152587891,0.2756499946117401,Duván Zapata,a,1148,OpenPlay,2020,LeftFoot,15716,Fiorentina,Atalanta,2,3,2021-04-11 18:45:00,Mario Pasalic,Pass
414819,39,Goal,0.894000015258789,0.5259999847412109,0.4229870140552521,Duván Zapata,a,1148,OpenPlay,2020,RightFoot,15716,Fiorentina,Atalanta,2,3,2021-04-11 18:45:00,Ruslan Malinovskiy,Throughball
414830,77,MissedShots,0.8980000305175782,0.7040000152587891,0.0621212013065815,Duván Zapata,a,1148,OpenPlay,2020,RightFoot,15716,Fiorentina,Atalanta,2,3,2021-04-11 18:45:00,,None
414832,84,SavedShot,0.7780000305175782,0.5429999923706055,0.23923000693321228,Duván Zapata,a,1148,OpenPlay,2020,RightFoot,15716,Fiorentina,Atalanta,2,3,2021-04-11 18:45:00,Josip Ilicic,Pass
415768,12,MissedShots,0.7530000305175781,0.28899999618530275,0.013548599556088448,Duván Zapata,h,1148,OpenPlay,2020,RightFoot,15730,Atalanta,Juventus,1,0,2021-04-18 13:00:00,Matteo Pessina,Pass
415775,24,MissedShots,0.870999984741211,0.524000015258789,0.04134710133075714,Duván Zapata,h,1148,FromCorner,2020,Head,15730,Atalanta,Juventus,1,0,2021-04-18 13:00:00,Marten de Roon,Cross
415786,69,MissedShots,0.95,0.5129999923706055,0.5491390228271484,Duván Zapata,h,1148,OpenPlay,2020,Head,15730,Atalanta,Juventus,1,0,2021-04-18 13:00:00,Josip Ilicic,Aerial
416769,13,SavedShot,0.9630000305175781,0.40900001525878904,0.09770449995994568,Duván Zapata,a,1148,OpenPlay,2020,RightFoot,15736,Roma,Atalanta,1,1,2021-04-22 16:30:00,Joakim Maehle,Cross
416771,14,MissedShots,0.9009999847412109,0.6859999847412109,0.04875890165567398,Duván Zapata,a,1148,OpenPlay,2020,LeftFoot,15736,Roma,Atalanta,1,1,2021-04-22 16:30:00,Marten de Roon,TakeOn
416773,19,SavedShot,0.91,0.3529999923706055,0.2607420086860657,Duván Zapata,a,1148,OpenPlay,2020,RightFoot,15736,Roma,Atalanta,1,1,2021-04-22 16:30:00,Ruslan Malinovskiy,Pass
416777,31,SavedShot,0.835999984741211,0.6,0.08169999718666077,Duván Zapata,a,1148,OpenPlay,2020,RightFoot,15736,Roma,Atalanta,1,1,2021-04-22 16:30:00,Berat Gjimshiti,Pass
418094,17,BlockedShot,0.805,0.6480000305175782,0.03149550035595894,Duván Zapata,h,1148,OpenPlay,2020,RightFoot,15746,Atalanta,Bologna,5,0,2021-04-25 18:45:00,Ruslan Malinovskiy,Pass
418095,17,MissedShots,0.840999984741211,0.5,0.08798009902238846,Duván Zapata,h,1148,OpenPlay,2020,RightFoot,15746,Atalanta,Bologna,5,0,2021-04-25 18:45:00,Ruslan Malinovskiy,Pass
418097,21,BlockedShot,0.9,0.53,0.4376929998397827,Duván Zapata,h,1148,OpenPlay,2020,LeftFoot,15746,Atalanta,Bologna,5,0,2021-04-25 18:45:00,,None
418100,23,BlockedShot,0.879000015258789,0.3629999923706055,0.09841439872980118,Duván Zapata,h,1148,OpenPlay,2020,RightFoot,15746,Atalanta,Bologna,5,0,2021-04-25 18:45:00,Luis Muriel,Pass
418101,27,BlockedShot,0.8030000305175782,0.34900001525878904,0.04227739945054054,Duván Zapata,h,1148,OpenPlay,2020,RightFoot,15746,Atalanta,Bologna,5,0,2021-04-25 18:45:00,Marten de Roon,Pass
418110,58,Goal,0.8680000305175781,0.590999984741211,0.3976300060749054,Duván Zapata,h,1148,OpenPlay,2020,RightFoot,15746,Atalanta,Bologna,5,0,2021-04-25 18:45:00,Ruslan Malinovskiy,BallTouch
419103,28,SavedShot,0.7859999847412109,0.4640000152587891,0.03860599920153618,Duván Zapata,a,1148,OpenPlay,2020,LeftFoot,15756,Sassuolo,Atalanta,1,1,2021-05-02 13:00:00,Ruslan Malinovskiy,Pass
420631,30,ShotOnPost,0.935,0.4470000076293945,0.15091000497341156,Duván Zapata,a,1148,OpenPlay,2020,RightFoot,15766,Parma Calcio 1913,Atalanta,2,5,2021-05-09 13:00:00,Remo Freuler,Pass
420634,40,MissedShots,0.8880000305175781,0.645,0.07515230029821396,Duván Zapata,a,1148,OpenPlay,2020,LeftFoot,15766,Parma Calcio 1913,Atalanta,2,5,2021-05-09 13:00:00,Ruslan Malinovskiy,Chipped
421297,7,MissedShots,0.8430000305175781,0.5659999847412109,0.07025139778852463,Duván Zapata,h,1148,OpenPlay,2020,LeftFoot,15776,Atalanta,Benevento,2,0,2021-05-12 18:45:00,,BallTouch
421301,24,BlockedShot,0.9030000305175782,0.36400001525878906,0.10578200221061707,Duván Zapata,h,1148,OpenPlay,2020,RightFoot,15776,Atalanta,Benevento,2,0,2021-05-12 18:45:00,Matteo Pessina,Pass
421304,43,MissedShots,0.8919999694824219,0.6480000305175782,0.07195109874010086,Duván Zapata,h,1148,OpenPlay,2020,RightFoot,15776,Atalanta,Benevento,2,0,2021-05-12 18:45:00,,Rebound
421764,8,Goal,0.9169999694824219,0.5120000076293946,0.5144850015640259,Duván Zapata,a,1148,OpenPlay,2020,RightFoot,15786,Genoa,Atalanta,3,4,2021-05-15 13:00:00,Ruslan Malinovskiy,Pass
421765,16,BlockedShot,0.9269999694824219,0.6370000076293946,0.09756240248680115,Duván Zapata,a,1148,OpenPlay,2020,LeftFoot,15786,Genoa,Atalanta,3,4,2021-05-15 13:00:00,Remo Freuler,Pass
421770,29,MissedShots,0.9130000305175782,0.500999984741211,0.11769299954175949,Duván Zapata,a,1148,OpenPlay,2020,Head,15786,Genoa,Atalanta,3,4,2021-05-15 13:00:00,Ruslan Malinovskiy,Cross
424260,56,MissedShots,0.9180000305175782,0.34200000762939453,0.06636069715023041,Duván Zapata,h,1148,OpenPlay,2020,RightFoot,15801,Atalanta,AC Milan,0,2,2021-05-23 18:45:00,Ruslan Malinovskiy,Pass
424261,58,MissedShots,0.8980000305175782,0.47,0.03572539985179901,Duván Zapata,h,1148,OpenPlay,2020,Head,15801,Atalanta,AC Milan,0,2,2021-05-23 18:45:00,,None
430144,53,SavedShot,0.8919999694824219,0.5220000076293946,0.3304919898509979,Duván Zapata,h,1148,OpenPlay,2021,RightFoot,16776,Atalanta,Fiorentina,1,2,2021-09-11 18:45:00,Ruslan Malinovskiy,Throughball
430148,64,Goal,0.885,0.5,0.7612590193748474,Duván Zapata,h,1148,Penalty,2021,RightFoot,16776,Atalanta,Fiorentina,1,2,2021-09-11 18:45:00,,Standard
430149,67,MissedShots,0.970999984741211,0.41,0.09404440224170685,Duván Zapata,h,1148,OpenPlay,2021,LeftFoot,16776,Atalanta,Fiorentina,1,2,2021-09-11 18:45:00,Remo Freuler,Cross
430150,71,SavedShot,0.904000015258789,0.63,0.07218190282583237,Duván Zapata,h,1148,OpenPlay,2021,RightFoot,16776,Atalanta,Fiorentina,1,2,2021-09-11 18:45:00,Ruslan Malinovskiy,Pass
431597,74,Goal,0.9219999694824219,0.4540000152587891,0.4782730042934418,Duván Zapata,a,1148,OpenPlay,2021,RightFoot,16792,Salernitana,Atalanta,0,1,2021-09-18 18:45:00,Josip Ilicic,Pass
431598,81,MissedShots,0.7440000152587891,0.4809999847412109,0.02647390030324459,Duván Zapata,a,1148,OpenPlay,2021,RightFoot,16792,Salernitana,Atalanta,0,1,2021-09-18 18:45:00,Davide Zappacosta,Pass
431599,83,SavedShot,0.885,0.35200000762939454,0.0921114981174469,Duván Zapata,a,1148,OpenPlay,2021,RightFoot,16792,Salernitana,Atalanta,0,1,2021-09-18 18:45:00,Josip Ilicic,Pass
432446,15,MissedShots,0.9319999694824219,0.519000015258789,0.11810299754142761,Duván Zapata,h,1148,FromCorner,2021,Head,16796,Atalanta,Sassuolo,2,1,2021-09-21 18:45:00,Ruslan Malinovskiy,Cross
432452,32,MissedShots,0.9319999694824219,0.54,0.41236600279808044,Duván Zapata,h,1148,OpenPlay,2021,Head,16796,Atalanta,Sassuolo,2,1,2021-09-21 18:45:00,Davide Zappacosta,Cross
433601,26,MissedShots,0.9259999847412109,0.42400001525878905,0.049973201006650925,Duván Zapata,a,1148,OpenPlay,2021,Head,16808,Inter,Atalanta,2,2,2021-09-25 16:00:00,Davide Zappacosta,Chipped
433613,50,BlockedShot,0.9490000152587891,0.47,0.1463789939880371,Duván Zapata,a,1148,SetPiece,2021,RightFoot,16808,Inter,Atalanta,2,2,2021-09-25 16:00:00,,Rebound
435834,13,SavedShot,0.8819999694824219,0.6930000305175781,0.32048100233078003,Duván Zapata,h,1148,OpenPlay,2021,RightFoot,16816,Atalanta,AC Milan,2,3,2021-10-03 18:45:00,Marten de Roon,TakeOn
435840,19,SavedShot,0.9369999694824219,0.4590000152587891,0.4090920090675354,Duván Zapata,h,1148,OpenPlay,2021,Head,16816,Atalanta,AC Milan,2,3,2021-10-03 18:45:00,Ruslan Malinovskiy,Cross
435855,85,Goal,0.885,0.5,0.7612990140914917,Duván Zapata,h,1148,Penalty,2021,RightFoot,16816,Atalanta,AC Milan,2,3,2021-10-03 18:45:00,,Standard
436707,55,BlockedShot,0.8169999694824219,0.6370000076293946,0.06154929846525192,Duván Zapata,a,1148,OpenPlay,2021,RightFoot,16827,Empoli,Atalanta,1,4,2021-10-17 13:00:00,Teun Koopmeiners,Pass
436710,73,MissedShots,0.38299999237060545,0.6140000152587891,0.008569479919970036,Duván Zapata,a,1148,OpenPlay,2021,RightFoot,16827,Empoli,Atalanta,1,4,2021-10-17 13:00:00,,BallRecovery
436717,84,MissedShots,0.925,0.624000015258789,0.2525160014629364,Duván Zapata,a,1148,OpenPlay,2021,LeftFoot,16827,Empoli,Atalanta,1,4,2021-10-17 13:00:00,Davide Zappacosta,Cross
436721,88,Goal,0.955999984741211,0.49900001525878906,0.9243900179862976,Duván Zapata,a,1148,OpenPlay,2021,RightFoot,16827,Empoli,Atalanta,1,4,2021-10-17 13:00:00,Mario Pasalic,Pass
438097,50,BlockedShot,0.86,0.67,0.05226920172572136,Duván Zapata,h,1148,OpenPlay,2021,LeftFoot,16836,Atalanta,Udinese,1,1,2021-10-24 10:30:00,Josip Ilicic,Pass
438947,3,MissedShots,0.860999984741211,0.3659999847412109,0.31024500727653503,Duván Zapata,a,1148,OpenPlay,2021,RightFoot,16852,Sampdoria,Atalanta,1,3,2021-10-27 16:30:00,,Dispossessed
438952,20,Goal,0.925,0.4520000076293945,0.4186770021915436,Duván Zapata,a,1148,OpenPlay,2021,Head,16852,Sampdoria,Atalanta,1,3,2021-10-27 16:30:00,Davide Zappacosta,Aerial
438954,30,SavedShot,0.91,0.4370000076293945,0.05173559859395027,Duván Zapata,a,1148,OpenPlay,2021,Head,16852,Sampdoria,Atalanta,1,3,2021-10-27 16:30:00,,None
438964,79,MissedShots,0.8640000152587891,0.4420000076293945,0.362403005361557,Duván Zapata,a,1148,OpenPlay,2021,RightFoot,16852,Sampdoria,Atalanta,1,3,2021-10-27 16:30:00,Joakim Maehle,Pass
438966,82,SavedShot,0.8769999694824219,0.6940000152587891,0.0892518013715744,Duván Zapata,a,1148,OpenPlay,2021,RightFoot,16852,Sampdoria,Atalanta,1,3,2021-10-27 16:30:00,Teun Koopmeiners,Pass
439436,8,BlockedShot,0.9080000305175782,0.6869999694824219,0.06356640160083771,Duván Zapata,h,1148,OpenPlay,2021,RightFoot,16856,Atalanta,Lazio,2,2,2021-10-30 13:00:00,Joakim Maehle,Pass
439444,45,Goal,0.94,0.33599998474121096,0.0789870023727417,Duván Zapata,h,1148,OpenPlay,2021,RightFoot,16856,Atalanta,Lazio,2,2,2021-10-30 13:00:00,Matteo Lovato,TakeOn
441287,22,SavedShot,0.8590000152587891,0.47299999237060547,0.09624920040369034,Duván Zapata,a,1148,OpenPlay,2021,RightFoot,16866,Cagliari,Atalanta,1,2,2021-11-06 19:45:00,,None
441288,24,SavedShot,0.955999984741211,0.5329999923706055,0.6635460257530212,Duván Zapata,a,1148,OpenPlay,2021,LeftFoot,16866,Cagliari,Atalanta,1,2,2021-11-06 19:45:00,Teun Koopmeiners,Pass
441295,41,MissedShots,0.9519999694824218,0.485,0.16785499453544617,Duván Zapata,a,1148,OpenPlay,2021,LeftFoot,16866,Cagliari,Atalanta,1,2,2021-11-06 19:45:00,,Rebound
441296,42,Goal,0.8959999847412109,0.44799999237060545,0.39426401257514954,Duván Zapata,a,1148,OpenPlay,2021,LeftFoot,16866,Cagliari,Atalanta,1,2,2021-11-06 19:45:00,Teun Koopmeiners,Pass
441308,85,SavedShot,0.8819999694824219,0.655,0.16966000199317932,Duván Zapata,a,1148,OpenPlay,2021,RightFoot,16866,Cagliari,Atalanta,1,2,2021-11-06 19:45:00,Mario Pasalic,TakeOn
442344,23,BlockedShot,0.9459999847412109,0.675,0.05842810124158859,Duván Zapata,h,1148,OpenPlay,2021,LeftFoot,16876,Atalanta,Spezia,5,2,2021-11-20 14:00:00,,None
442348,37,Goal,0.885,0.5,0.7612990140914917,Duván Zapata,h,1148,Penalty,2021,RightFoot,16876,Atalanta,Spezia,5,2,2021-11-20 14:00:00,,Standard
442350,43,BlockedShot,0.9030000305175782,0.685,0.08139000087976456,Duván Zapata,h,1148,OpenPlay,2021,RightFoot,16876,Atalanta,Spezia,5,2,2021-11-20 14:00:00,Mario Pasalic,Pass
442351,43,SavedShot,0.875999984741211,0.605,0.1205110028386116,Duván Zapata,h,1148,OpenPlay,2021,RightFoot,16876,Atalanta,Spezia,5,2,2021-11-20 14:00:00,Mario Pasalic,Pass
442356,77,SavedShot,0.725999984741211,0.47,0.03166579827666283,Duván Zapata,h,1148,OpenPlay,2021,RightFoot,16876,Atalanta,Spezia,5,2,2021-11-20 14:00:00,Matteo Pessina,Pass
444203,27,Goal,0.879000015258789,0.3970000076293945,0.2957029938697815,Duván Zapata,a,1148,OpenPlay,2021,RightFoot,16888,Juventus,Atalanta,0,1,2021-11-27 17:00:00,Berat Gjimshiti,Pass
444207,42,BlockedShot,0.8859999847412109,0.715999984741211,0.05120160058140755,Duván Zapata,a,1148,OpenPlay,2021,RightFoot,16888,Juventus,Atalanta,0,1,2021-11-27 17:00:00,Remo Freuler,Pass
446446,26,SavedShot,0.95,0.445,0.10385999828577042,Duván Zapata,a,1148,OpenPlay,2021,Head,16911,Napoli,Atalanta,2,3,2021-12-04 19:45:00,,Aerial
446458,51,ShotOnPost,0.9069999694824219,0.5770000076293945,0.05663749948143959,Duván Zapata,a,1148,OpenPlay,2021,Head,16911,Napoli,Atalanta,2,3,2021-12-04 19:45:00,Joakim Maehle,Cross
446466,78,MissedShots,0.955999984741211,0.46700000762939453,0.08169029653072357,Duván Zapata,a,1148,FromCorner,2021,Head,16911,Napoli,Atalanta,2,3,2021-12-04 19:45:00,Josip Ilicic,Aerial
448250,67,MissedShots,0.91,0.6530000305175782,0.0996479019522667,Duván Zapata,a,1148,OpenPlay,2021,LeftFoot,16918,Verona,Atalanta,1,2,2021-12-12 14:00:00,Aleksey Miranchuk,Pass
449338,20,SavedShot,0.7859999847412109,0.725999984741211,0.015037200413644314,Duván Zapata,h,1148,FromCorner,2021,RightFoot,16926,Atalanta,Roma,1,4,2021-12-18 14:00:00,,None
449343,30,BlockedShot,0.9290000152587891,0.5220000076293946,0.14437100291252136,Duván Zapata,h,1148,OpenPlay,2021,Head,16926,Atalanta,Roma,1,4,2021-12-18 14:00:00,Giuseppe Pezzella,Cross
449344,37,MissedShots,0.914000015258789,0.4540000152587891,0.07447560131549835,Duván Zapata,h,1148,FromCorner,2021,Head,16926,Atalanta,Roma,1,4,2021-12-18 14:00:00,Josip Ilicic,Cross
449351,67,MissedShots,0.9680000305175781,0.49,0.6666809916496277,Duván Zapata,h,1148,FromCorner,2021,OtherBodyPart,16926,Atalanta,Roma,1,4,2021-12-18 14:00:00,Ruslan Malinovskiy,Cross
449358,88,SavedShot,0.9630000305175781,0.33,0.08106929808855057,Duván Zapata,h,1148,OpenPlay,2021,RightFoot,16926,Atalanta,Roma,1,4,2021-12-18 14:00:00,Ruslan Malinovskiy,Throughball
450067,5,SavedShot,0.9059999847412109,0.37599998474121094,0.09920129925012589,Duván Zapata,a,1148,OpenPlay,2021,RightFoot,16937,Genoa,Atalanta,0,0,2021-12-21 19:45:00,Aleksey Miranchuk,Pass
450069,12,MissedShots,0.830999984741211,0.52,0.08023510128259659,Duván Zapata,a,1148,OpenPlay,2021,RightFoot,16937,Genoa,Atalanta,0,0,2021-12-21 19:45:00,Ruslan Malinovskiy,Pass
456052,63,SavedShot,0.904000015258789,0.625,0.35940200090408325,Duván Zapata,h,1148,FromCorner,2021,RightFoot,16986,Atalanta,Cagliari,1,2,2022-02-06 11:30:00,,None
467241,78,MissedShots,0.9269999694824219,0.4520000076293945,0.12574900686740875,Duván Zapata,a,1148,SetPiece,2021,Head,17073,Sassuolo,Atalanta,2,1,2022-04-10 13:00:00,Teun Koopmeiners,Cross
467243,85,MissedShots,0.9230000305175782,0.6,0.04762670025229454,Duván Zapata,a,1148,OpenPlay,2021,Head,17073,Sassuolo,Atalanta,2,1,2022-04-10 13:00:00,Ruslan Malinovskiy,Cross
469005,6,MissedShots,0.9219999694824219,0.515,0.10979100316762924,Duván Zapata,h,1148,FromCorner,2021,Head,17076,Atalanta,Verona,1,2,2022-04-18 19:00:00,José Luis Palomino,Cross
469019,36,MissedShots,0.9009999847412109,0.46,0.10224799811840057,Duván Zapata,h,1148,OpenPlay,2021,LeftFoot,17076,Atalanta,Verona,1,2,2022-04-18 19:00:00,Teun Koopmeiners,HeadPass
469023,49,BlockedShot,0.8719999694824219,0.519000015258789,0.06882359832525253,Duván Zapata,h,1148,OpenPlay,2021,RightFoot,17076,Atalanta,Verona,1,2,2022-04-18 19:00:00,Merih Demiral,BallTouch
469823,22,MissedShots,0.9390000152587891,0.5420000076293945,0.11946800351142883,Duván Zapata,a,1148,FromCorner,2021,Head,17095,Venezia,Atalanta,1,3,2022-04-23 13:00:00,Luis Muriel,Cross
469826,46,Goal,0.9790000152587891,0.524000015258789,0.9419209957122803,Duván Zapata,a,1148,OpenPlay,2021,LeftFoot,17095,Venezia,Atalanta,1,3,2022-04-23 13:00:00,Luis Muriel,Pass
469832,57,BlockedShot,0.9219999694824219,0.42700000762939455,0.13480499386787415,Duván Zapata,a,1148,OpenPlay,2021,RightFoot,17095,Venezia,Atalanta,1,3,2022-04-23 13:00:00,Mario Pasalic,Pass
469833,57,BlockedShot,0.8959999847412109,0.455,0.12199199944734573,Duván Zapata,a,1148,OpenPlay,2021,LeftFoot,17095,Venezia,Atalanta,1,3,2022-04-23 13:00:00,,Rebound
471093,25,MissedShots,0.9080000305175782,0.56,0.14240600168704987,Duván Zapata,h,1148,OpenPlay,2021,LeftFoot,16946,Atalanta,Torino,4,4,2022-04-27 20:15:00,Davide Zappacosta,Pass
471096,46,BlockedShot,0.904000015258789,0.375,0.1004289984703064,Duván Zapata,h,1148,OpenPlay,2021,RightFoot,16946,Atalanta,Torino,4,4,2022-04-27 20:15:00,Marten de Roon,Pass
471097,47,BlockedShot,0.8819999694824219,0.40400001525878904,0.04572010040283203,Duván Zapata,h,1148,FromCorner,2021,RightFoot,16946,Atalanta,Torino,4,4,2022-04-27 20:15:00,Luis Muriel,Cross
471100,55,BlockedShot,0.875,0.48,0.11527100205421448,Duván Zapata,h,1148,OpenPlay,2021,RightFoot,16946,Atalanta,Torino,4,4,2022-04-27 20:15:00,Luis Muriel,Pass
472548,41,MissedShots,0.9540000152587891,0.485,0.11898399889469147,Duván Zapata,h,1148,OpenPlay,2021,Head,17096,Atalanta,Salernitana,1,1,2022-05-02 18:45:00,Davide Zappacosta,Cross
472549,45,BlockedShot,0.730999984741211,0.3220000076293945,0.015454799868166447,Duván Zapata,h,1148,OpenPlay,2021,RightFoot,17096,Atalanta,Salernitana,1,1,2022-05-02 18:45:00,Luis Muriel,Pass
476557,60,MissedShots,0.8780000305175781,0.45099998474121095,0.06747840344905853,Duván Zapata,a,1148,OpenPlay,2021,RightFoot,17121,AC Milan,Atalanta,2,0,2022-05-15 16:00:00,,Dispossessed
476560,70,MissedShots,0.9119999694824219,0.5329999923706055,0.2763569951057434,Duván Zapata,a,1148,FromCorner,2021,Head,17121,AC Milan,Atalanta,2,0,2022-05-15 16:00:00,Ruslan Malinovskiy,Cross
476565,85,SavedShot,0.915,0.63,0.05874260142445564,Duván Zapata,a,1148,OpenPlay,2021,RightFoot,17121,AC Milan,Atalanta,2,0,2022-05-15 16:00:00,,None
476567,87,MissedShots,0.924000015258789,0.3820000076293945,0.01372859999537468,Duván Zapata,a,1148,FromCorner,2021,Head,17121,AC Milan,Atalanta,2,0,2022-05-15 16:00:00,Teun Koopmeiners,Aerial
477324,4,BlockedShot,0.9,0.42400001525878905,0.11638200283050537,Duván Zapata,h,1148,OpenPlay,2021,RightFoot,17126,Atalanta,Empoli,0,1,2022-05-21 18:45:00,Jeremie Boga,Pass
477327,8,SavedShot,0.9219999694824219,0.49900001525878906,0.444007009267807,Duván Zapata,h,1148,OpenPlay,2021,Head,17126,Atalanta,Empoli,0,1,2022-05-21 18:45:00,Jeremie Boga,Aerial
477328,8,SavedShot,0.9630000305175781,0.33,0.05084430053830147,Duván Zapata,h,1148,OpenPlay,2021,RightFoot,17126,Atalanta,Empoli,0,1,2022-05-21 18:45:00,,Rebound
477329,9,SavedShot,0.795,0.3240000152587891,0.022726599127054214,Duván Zapata,h,1148,OpenPlay,2021,RightFoot,17126,Atalanta,Empoli,0,1,2022-05-21 18:45:00,Teun Koopmeiners,Pass
477332,16,BlockedShot,0.879000015258789,0.5070000076293946,0.015133799985051155,Duván Zapata,h,1148,FromCorner,2021,Head,17126,Atalanta,Empoli,0,1,2022-05-21 18:45:00,Hans Hateboer,Aerial
477341,34,BlockedShot,0.9390000152587891,0.40400001525878904,0.13155999779701233,Duván Zapata,h,1148,OpenPlay,2021,RightFoot,17126,Atalanta,Empoli,0,1,2022-05-21 18:45:00,Mario Pasalic,Pass
477342,39,BlockedShot,0.89,0.32599998474121095,0.06287679821252823,Duván Zapata,h,1148,OpenPlay,2021,RightFoot,17126,Atalanta,Empoli,0,1,2022-05-21 18:45:00,Teun Koopmeiners,Pass
477345,41,MissedShots,0.904000015258789,0.4809999847412109,0.02452090010046959,Duván Zapata,h,1148,FromCorner,2021,Head,17126,Atalanta,Empoli,0,1,2022-05-21 18:45:00,Jeremie Boga,Aerial
477346,42,SavedShot,0.8419999694824218,0.27899999618530275,0.03187660127878189,Duván Zapata,h,1148,OpenPlay,2021,RightFoot,17126,Atalanta,Empoli,0,1,2022-05-21 18:45:00,,Dispossessed
477356,80,SavedShot,0.9230000305175782,0.6930000305175781,0.05116190016269684,Duván Zapata,h,1148,OpenPlay,2021,LeftFoot,17126,Atalanta,Empoli,0,1,2022-05-21 18:45:00,Jeremie Boga,Pass
477359,87,SavedShot,0.92,0.5429999923706055,0.09231410175561905,Duván Zapata,h,1148,OpenPlay,2021,Head,17126,Atalanta,Empoli,0,1,2022-05-21 18:45:00,Matteo Pessina,Cross
477360,87,MissedShots,0.970999984741211,0.5029999923706054,0.14939099550247192,Duván Zapata,h,1148,FromCorner,2021,RightFoot,17126,Atalanta,Empoli,0,1,2022-05-21 18:45:00,Jeremie Boga,Cross
477365,90,BlockedShot,0.8280000305175781,0.6719999694824219,0.03643929958343506,Duván Zapata,h,1148,OpenPlay,2021,RightFoot,17126,Atalanta,Empoli,0,1,2022-05-21 18:45:00,Giorgio Scalvini,Pass
480545,4,MissedShots,0.89,0.27700000762939453,0.041766200214624405,Duván Zapata,a,1148,OpenPlay,2022,RightFoot,18583,Sampdoria,Atalanta,0,2,2022-08-13 16:30:00,Rafael Toloi,Pass
480548,31,SavedShot,0.8590000152587891,0.6819999694824219,0.05878650024533272,Duván Zapata,a,1148,OpenPlay,2022,RightFoot,18583,Sampdoria,Atalanta,0,2,2022-08-13 16:30:00,Joakim Maehle,TakeOn
482825,66,BlockedShot,0.8180000305175781,0.525,0.07946129888296127,Duván Zapata,h,1148,OpenPlay,2022,RightFoot,18599,Atalanta,AC Milan,1,1,2022-08-21 18:45:00,Ruslan Malinovskiy,Pass
484589,77,BlockedShot,0.8569999694824219,0.509000015258789,0.11219800263643265,Duván Zapata,a,1148,OpenPlay,2022,RightFoot,18609,Verona,Atalanta,0,1,2022-08-28 16:30:00,Luis Muriel,Pass
485459,26,SavedShot,0.8569999694824219,0.5770000076293945,0.1600860059261322,Duván Zapata,h,1148,OpenPlay,2022,RightFoot,18620,Atalanta,Torino,3,1,2022-09-01 18:45:00,Merih Demiral,BallRecovery
498201,82,MissedShots,0.7919999694824219,0.595999984741211,0.03316760063171387,Duván Zapata,h,1148,OpenPlay,2022,RightFoot,18702,Atalanta,Napoli,1,2,2022-11-05 17:00:00,Ruslan Malinovskiy,Pass
499321,4,SavedShot,0.91,0.5820000076293945,0.12755900621414185,Duván Zapata,a,1148,OpenPlay,2022,LeftFoot,18717,Lecce,Atalanta,2,1,2022-11-09 17:30:00,Ruslan Malinovskiy,Throughball
499324,14,BlockedShot,0.8730000305175781,0.6430000305175781,0.07363809645175934,Duván Zapata,a,1148,OpenPlay,2022,RightFoot,18717,Lecce,Atalanta,2,1,2022-11-09 17:30:00,Marten de Roon,Pass
499330,39,Goal,0.889000015258789,0.5020000076293946,0.3258950114250183,Duván Zapata,a,1148,OpenPlay,2022,RightFoot,18717,Lecce,Atalanta,2,1,2022-11-09 17:30:00,Ruslan Malinovskiy,Throughball
500433,3,BlockedShot,0.86,0.5329999923706055,0.014817900024354458,Duván Zapata,h,1148,OpenPlay,2022,Head,18722,Atalanta,Inter,2,3,2022-11-13 11:30:00,Giorgio Scalvini,Aerial
500434,4,BlockedShot,0.750999984741211,0.585,0.018627600744366646,Duván Zapata,h,1148,OpenPlay,2022,RightFoot,18722,Atalanta,Inter,2,3,2022-11-13 11:30:00,,None
500446,37,MissedShots,0.9019999694824219,0.37900001525878907,0.027396300807595253,Duván Zapata,h,1148,OpenPlay,2022,Head,18722,Atalanta,Inter,2,3,2022-11-13 11:30:00,Ademola Lookman,Chipped
500449,52,MissedShots,0.8640000152587891,0.5159999847412109,0.11052499711513519,Duván Zapata,h,1148,OpenPlay,2022,RightFoot,18722,Atalanta,Inter,2,3,2022-11-13 11:30:00,Mario Pasalic,Pass
502299,20,MissedShots,0.9219999694824219,0.49400001525878906,0.0485226996243,Duván Zapata,a,1148,FromCorner,2022,OtherBodyPart,18739,Spezia,Atalanta,2,2,2023-01-04 13:30:00,Teun Koopmeiners,Aerial
502301,22,SavedShot,0.935,0.54,0.0938090980052948,Duván Zapata,a,1148,OpenPlay,2022,Head,18739,Spezia,Atalanta,2,2,2023-01-04 13:30:00,Teun Koopmeiners,Cross
503079,16,MissedShots,0.8590000152587891,0.590999984741211,0.05704230070114136,Duván Zapata,a,1148,OpenPlay,2022,RightFoot,18742,Bologna,Atalanta,1,2,2023-01-09 19:45:00,Rasmus Højlund,BallTouch
505983,81,MissedShots,0.905,0.3110000038146973,0.07179400324821472,Duván Zapata,h,1148,OpenPlay,2022,LeftFoot,18772,Atalanta,Sampdoria,2,0,2023-01-28 19:45:00,Rafael Toloi,Pass
507415,78,BlockedShot,0.769000015258789,0.575999984741211,0.02751770056784153,Duván Zapata,a,1148,OpenPlay,2022,RightFoot,18789,Sassuolo,Atalanta,1,0,2023-02-04 19:45:00,Teun Koopmeiners,Pass
507419,84,MissedShots,0.9119999694824219,0.519000015258789,0.052030399441719055,Duván Zapata,a,1148,SetPiece,2022,Head,18789,Sassuolo,Atalanta,1,0,2023-02-04 19:45:00,Jeremie Boga,Aerial
507420,88,MissedShots,0.9159999847412109,0.5429999923706055,0.03148819878697395,Duván Zapata,a,1148,FromCorner,2022,Head,18789,Sassuolo,Atalanta,1,0,2023-02-04 19:45:00,Jeremie Boga,Aerial
508669,91,BlockedShot,0.8209999847412109,0.4209999847412109,0.07778330147266388,Duván Zapata,a,1148,OpenPlay,2022,RightFoot,18797,Lazio,Atalanta,0,2,2023-02-11 19:45:00,Jeremie Boga,Pass
513662,72,SavedShot,0.875999984741211,0.5990000152587891,0.015157800167798996,Duván Zapata,a,1148,FromCorner,2022,Head,18839,Napoli,Atalanta,2,0,2023-03-11 17:00:00,Luis Muriel,Cross
514617,29,MissedShots,0.9109999847412109,0.5740000152587891,0.01698870025575161,Duván Zapata,h,1148,FromCorner,2022,Head,18842,Atalanta,Empoli,2,1,2023-03-17 19:45:00,Luis Muriel,Aerial
514618,31,BlockedShot,0.875999984741211,0.35,0.06507880240678787,Duván Zapata,h,1148,OpenPlay,2022,RightFoot,18842,Atalanta,Empoli,2,1,2023-03-17 19:45:00,,BallTouch
514621,37,MissedShots,0.925,0.5740000152587891,0.387813001871109,Duván Zapata,h,1148,OpenPlay,2022,Head,18842,Atalanta,Empoli,2,1,2023-03-17 19:45:00,,None
514622,38,MissedShots,0.7819999694824219,0.55,0.03673370182514191,Duván Zapata,h,1148,OpenPlay,2022,RightFoot,18842,Atalanta,Empoli,2,1,2023-03-17 19:45:00,Luis Muriel,Pass
516099,5,MissedShots,0.705999984741211,0.529000015258789,0.013256499543786049,Duván Zapata,a,1148,OpenPlay,2022,RightFoot,18853,Cremonese,Atalanta,1,3,2023-04-01 13:00:00,Éderson,BallRecovery
516106,45,BlockedShot,0.9409999847412109,0.33599998474121096,0.08542340248823166,Duván Zapata,a,1148,OpenPlay,2022,RightFoot,18853,Cremonese,Atalanta,1,3,2023-04-01 13:00:00,,Dispossessed
518155,66,MissedShots,0.7559999847412109,0.544000015258789,0.02611120045185089,Duván Zapata,h,1148,OpenPlay,2022,RightFoot,18862,Atalanta,Bologna,0,2,2023-04-08 14:30:00,Éderson,Pass
518159,75,MissedShots,0.8769999694824219,0.47200000762939454,0.02191770076751709,Duván Zapata,h,1148,OpenPlay,2022,Head,18862,Atalanta,Bologna,0,2,2023-04-08 14:30:00,Davide Zappacosta,Aerial
520405,29,MissedShots,0.7430000305175781,0.4229999923706055,0.01387569960206747,Duván Zapata,a,1148,OpenPlay,2022,RightFoot,18874,Fiorentina,Atalanta,1,1,2023-04-17 18:45:00,Joakim Maehle,TakeOn
522953,54,MissedShots,0.8859999847412109,0.3,0.08299186080694199,Duván Zapata,a,1148,OpenPlay,2022,RightFoot,18901,Torino,Atalanta,1,2,2023-04-29 18:45:00,,TakeOn
522961,87,Goal,0.9719999694824218,0.68,0.2761783301830292,Duván Zapata,a,1148,OpenPlay,2022,RightFoot,18901,Torino,Atalanta,1,2,2023-04-29 18:45:00,Davide Zappacosta,TakeOn
523880,22,MissedShots,0.92,0.51,0.047465115785598755,Duván Zapata,h,1148,FromCorner,2022,Head,18902,Atalanta,Spezia,3,2,2023-05-03 16:00:00,Luis Muriel,Aerial
523889,53,BlockedShot,0.91,0.4759999847412109,0.02963339164853096,Duván Zapata,h,1148,FromCorner,2022,Head,18902,Atalanta,Spezia,3,2,2023-05-03 16:00:00,Teun Koopmeiners,Aerial
524902,30,BlockedShot,0.85,0.605999984741211,0.07162704318761826,Duván Zapata,h,1148,OpenPlay,2022,RightFoot,18912,Atalanta,Juventus,0,2,2023-05-07 10:30:00,Joakim Maehle,Pass
525782,17,SavedShot,0.914000015258789,0.46900001525878904,0.12171881645917892,Duván Zapata,a,1148,OpenPlay,2022,Head,18929,Salernitana,Atalanta,1,0,2023-05-13 13:00:00,Davide Zappacosta,Cross
525783,18,MissedShots,0.9319999694824219,0.505,0.4157954752445221,Duván Zapata,a,1148,OpenPlay,2022,Head,18929,Salernitana,Atalanta,1,0,2023-05-13 13:00:00,Brandon Soppy,Cross
525786,36,MissedShots,0.759000015258789,0.3129999923706055,0.017496880143880844,Duván Zapata,a,1148,OpenPlay,2022,RightFoot,18929,Salernitana,Atalanta,1,0,2023-05-13 13:00:00,Mario Pasalic,Pass
525788,41,MissedShots,0.9180000305175782,0.5309999847412109,0.34663644433021545,Duván Zapata,a,1148,OpenPlay,2022,Head,18929,Salernitana,Atalanta,1,0,2023-05-13 13:00:00,Marten de Roon,Cross
525793,61,MissedShots,0.9380000305175781,0.3160000038146973,0.0951889157295227,Duván Zapata,a,1148,OpenPlay,2022,RightFoot,18929,Salernitana,Atalanta,1,0,2023-05-13 13:00:00,Teun Koopmeiners,Pass
533874,32,SavedShot,0.950999984741211,0.28600000381469726,0.04098423197865486,Duván Zapata,a,1148,OpenPlay,2023,RightFoot,22310,Sassuolo,Atalanta,0,2,2023-08-20 16:30:00,Teun Koopmeiners,Chipped
533877,44,BlockedShot,0.9430000305175781,0.545,0.12211361527442932,Duván Zapata,a,1148,FromCorner,2023,Head,22310,Sassuolo,Atalanta,0,2,2023-08-20 16:30:00,Teun Koopmeiners,Cross
534848,11,MissedShots,0.8090000152587891,0.624000015258789,0.04173754155635834,Duván Zapata,a,1148,OpenPlay,2023,LeftFoot,22315,Frosinone,Atalanta,2,1,2023-08-26 16:30:00,Ademola Lookman,Pass
534858,55,Goal,0.8830000305175781,0.605,0.09442221373319626,Duván Zapata,a,1148,OpenPlay,2023,RightFoot,22315,Frosinone,Atalanta,2,1,2023-08-26 16:30:00,Éderson,Pass
534860,58,MissedShots,0.9269999694824219,0.435,0.07989723980426788,Duván Zapata,a,1148,FromCorner,2023,Head,22315,Frosinone,Atalanta,2,1,2023-08-26 16:30:00,Teun Koopmeiners,Cross
537007,6,SavedShot,0.9069999694824219,0.46,0.07438436895608902,Duván Zapata,h,1148,FromCorner,2023,RightFoot,22331,Torino,Genoa,1,0,2023-09-03 16:30:00,Karol Linetty,Cross
538636,14,MissedShots,0.9219999694824219,0.46799999237060547,0.09815560281276703,Duván Zapata,a,1148,FromCorner,2023,Head,22343,Salernitana,Torino,0,3,2023-09-18 16:30:00,Valentino Lazaro,Cross
538648,56,BlockedShot,0.919000015258789,0.6759999847412109,0.11072137951850891,Duván Zapata,a,1148,OpenPlay,2023,RightFoot,22343,Salernitana,Torino,0,3,2023-09-18 16:30:00,Valentino Lazaro,Pass
540038,4,SavedShot,0.9159999847412109,0.5529999923706055,0.051099441945552826,Duván Zapata,h,1148,OpenPlay,2023,Head,22354,Torino,Roma,1,1,2023-09-24 18:45:00,Valentino Lazaro,Aerial
540046,40,MissedShots,0.914000015258789,0.42700000762939455,0.05520382151007652,Duván Zapata,h,1148,FromCorner,2023,Head,22354,Torino,Roma,1,1,2023-09-24 18:45:00,Ivan Ilic,Cross
540049,50,SavedShot,0.7709999847412109,0.29200000762939454,0.021538257598876953,Duván Zapata,h,1148,OpenPlay,2023,RightFoot,22354,Torino,Roma,1,1,2023-09-24 18:45:00,Ricardo Rodríguez,Pass
540059,84,Goal,0.960999984741211,0.47200000762939454,0.5609121918678284,Duván Zapata,h,1148,SetPiece,2023,Head,22354,Torino,Roma,1,1,2023-09-24 18:45:00,Ivan Ilic,Cross
540412,5,MissedShots,0.8440000152587891,0.4540000152587891,0.061918798834085464,Duván Zapata,a,1148,FromCorner,2023,LeftFoot,22360,Lazio,Torino,2,0,2023-09-27 18:45:00,,Rebound
540416,42,SavedShot,0.9159999847412109,0.5540000152587891,0.034283366054296494,Duván Zapata,a,1148,OpenPlay,2023,Head,22360,Lazio,Torino,2,0,2023-09-27 18:45:00,,Rebound
542810,56,MissedShots,0.8519999694824218,0.6840000152587891,0.018258877098560333,Duván Zapata,a,1148,OpenPlay,2023,RightFoot,22379,Juventus,Torino,2,0,2023-10-07 16:00:00,Raoul Bellanova,Chipped
542817,86,SavedShot,0.915,0.5529999923706055,0.05798608809709549,Duván Zapata,a,1148,OpenPlay,2023,Head,22379,Juventus,Torino,2,0,2023-10-07 16:00:00,Mergim Vojvoda,Aerial
547859,10,BlockedShot,0.8640000152587891,0.42400001525878905,0.0149374483153224,Duván Zapata,h,1148,FromCorner,2023,Head,22414,Torino,Sassuolo,2,1,2023-11-06 19:45:00,Ricardo Rodríguez,Cross
547865,35,MissedShots,0.9159999847412109,0.5059999847412109,0.05526506155729294,Duván Zapata,h,1148,OpenPlay,2023,Head,22414,Torino,Sassuolo,2,1,2023-11-06 19:45:00,Nikola Vlasic,Aerial
547867,38,MissedShots,0.8419999694824218,0.6609999847412109,0.048635248094797134,Duván Zapata,h,1148,OpenPlay,2023,RightFoot,22414,Torino,Sassuolo,2,1,2023-11-06 19:45:00,Karol Linetty,Chipped
547868,45,BlockedShot,0.8419999694824218,0.6129999923706054,0.06862574815750122,Duván Zapata,h,1148,OpenPlay,2023,RightFoot,22414,Torino,Sassuolo,2,1,2023-11-06 19:45:00,Nikola Vlasic,Pass
547878,74,MissedShots,0.9259999847412109,0.4570000076293945,0.38039231300354004,Duván Zapata,h,1148,OpenPlay,2023,RightFoot,22414,Torino,Sassuolo,2,1,2023-11-06 19:45:00,Ivan Ilic,Cross
548630,6,SavedShot,0.6909999847412109,0.6419999694824219,0.012459087185561657,Duván Zapata,a,1148,OpenPlay,2023,RightFoot,22418,Monza,Torino,1,1,2023-11-11 19:45:00,Ivan Ilic,Pass
548636,31,BlockedShot,0.8919999694824219,0.40900001525878904,0.11255697160959244,Duván Zapata,a,1148,OpenPlay,2023,RightFoot,22418,Monza,Torino,1,1,2023-11-11 19:45:00,Antonio Sanabria,Pass
548637,36,MissedShots,0.9359999847412109,0.49700000762939456,0.12447024136781693,Duván Zapata,a,1148,OpenPlay,2023,Head,22418,Monza,Torino,1,1,2023-11-11 19:45:00,Ivan Ilic,Chipped
548639,39,BlockedShot,0.774000015258789,0.40599998474121096,0.026712574064731598,Duván Zapata,a,1148,OpenPlay,2023,RightFoot,22418,Monza,Torino,1,1,2023-11-11 19:45:00,Nikola Vlasic,Pass
548643,48,MissedShots,0.894000015258789,0.6559999847412109,0.07582038640975952,Duván Zapata,a,1148,OpenPlay,2023,LeftFoot,22418,Monza,Torino,1,1,2023-11-11 19:45:00,Ivan Ilic,Pass
548651,84,MissedShots,0.9409999847412109,0.6809999847412109,0.06217705085873604,Duván Zapata,a,1148,OpenPlay,2023,LeftFoot,22418,Monza,Torino,1,1,2023-11-11 19:45:00,Ivan Ilic,Pass
550688,23,SavedShot,0.73,0.615,0.013650349341332912,Duván Zapata,a,1148,OpenPlay,2023,RightFoot,22425,Bologna,Torino,2,0,2023-11-27 19:45:00,,None
552123,21,Goal,0.9430000305175781,0.515,0.5461897253990173,Duván Zapata,h,1148,OpenPlay,2023,LeftFoot,22436,Torino,Atalanta,3,0,2023-12-04 19:45:00,Nikola Vlasic,Cross
552139,94,Goal,0.879000015258789,0.4570000076293945,0.13058950006961823,Duván Zapata,h,1148,OpenPlay,2023,RightFoot,22436,Torino,Atalanta,3,0,2023-12-04 19:45:00,Nikola Vlasic,Pass
553281,2,MissedShots,0.9319999694824219,0.5579999923706055,0.042617179453372955,Duván Zapata,a,1148,FromCorner,2023,Head,22448,Frosinone,Torino,0,0,2023-12-10 11:30:00,Mergim Vojvoda,Aerial
553291,46,SavedShot,0.855,0.26399999618530273,0.027100276201963425,Duván Zapata,a,1148,OpenPlay,2023,RightFoot,22448,Frosinone,Torino,0,0,2023-12-10 11:30:00,Raoul Bellanova,Pass
553297,72,SavedShot,0.879000015258789,0.615,0.09466880559921265,Duván Zapata,a,1148,OpenPlay,2023,LeftFoot,22448,Frosinone,Torino,0,0,2023-12-10 11:30:00,Yann Karamoh,Pass
553300,80,MissedShots,0.924000015258789,0.5520000076293945,0.08751881867647171,Duván Zapata,a,1148,FromCorner,2023,Head,22448,Frosinone,Torino,0,0,2023-12-10 11:30:00,Ivan Ilic,Cross
553304,85,MissedShots,0.9209999847412109,0.46,0.039432670921087265,Duván Zapata,a,1148,FromCorner,2023,Head,22448,Frosinone,Torino,0,0,2023-12-10 11:30:00,Ivan Ilic,Aerial
554490,2,MissedShots,0.925,0.4640000152587891,0.10347332060337067,Duván Zapata,h,1148,FromCorner,2023,Head,22461,Torino,Empoli,1,0,2023-12-16 19:45:00,Ivan Ilic,Cross
554494,24,Goal,0.955999984741211,0.5320000076293945,0.5720022320747375,Duván Zapata,h,1148,OpenPlay,2023,Head,22461,Torino,Empoli,1,0,2023-12-16 19:45:00,Raoul Bellanova,Aerial
556161,4,SavedShot,0.860999984741211,0.6559999847412109,0.042920973151922226,Duván Zapata,h,1148,OpenPlay,2023,RightFoot,22468,Torino,Udinese,1,1,2023-12-23 14:00:00,,Rebound
556176,66,MissedShots,0.9159999847412109,0.48900001525878906,0.055036790668964386,Duván Zapata,h,1148,OpenPlay,2023,Head,22468,Torino,Udinese,1,1,2023-12-23 14:00:00,Valentino Lazaro,Aerial
556783,24,SavedShot,0.89,0.495,0.15076470375061035,Duván Zapata,a,1148,SetPiece,2023,Head,22477,Fiorentina,Torino,1,0,2023-12-29 17:30:00,Samuele Ricci,Cross
556786,36,MissedShots,0.98,0.6580000305175782,0.051013823598623276,Duván Zapata,a,1148,OpenPlay,2023,RightFoot,22477,Fiorentina,Torino,1,0,2023-12-29 17:30:00,,Rebound
557670,4,SavedShot,0.7380000305175781,0.5170000076293946,0.024722617119550705,Duván Zapata,h,1148,OpenPlay,2023,RightFoot,22494,Torino,Napoli,3,0,2024-01-07 14:00:00,,TakeOn
557683,63,SavedShot,0.9730000305175781,0.524000015258789,0.8810593485832214,Duván Zapata,h,1148,OpenPlay,2023,RightFoot,22494,Torino,Napoli,3,0,2024-01-07 14:00:00,,Rebound
557949,44,BlockedShot,0.9430000305175781,0.5120000076293946,0.05941791832447052,Duván Zapata,a,1148,SetPiece,2023,Head,22497,Genoa,Torino,0,0,2024-01-13 14:00:00,Ivan Ilic,End
559574,13,BlockedShot,0.9330000305175781,0.5990000152587891,0.04951881989836693,Duván Zapata,a,1148,FromCorner,2023,Head,22523,Cagliari,Torino,1,2,2024-01-26 19:45:00,Valentino Lazaro,Cross
559575,22,Goal,0.93,0.46,0.5401535630226135,Duván Zapata,a,1148,OpenPlay,2023,RightFoot,22523,Cagliari,Torino,1,2,2024-01-26 19:45:00,Raoul Bellanova,Pass
559584,39,SavedShot,0.889000015258789,0.6090000152587891,0.3400121033191681,Duván Zapata,a,1148,OpenPlay,2023,LeftFoot,22523,Cagliari,Torino,1,2,2024-01-26 19:45:00,Antonio Sanabria,TakeOn
559588,47,SavedShot,0.8619999694824219,0.605999984741211,0.09929755330085754,Duván Zapata,a,1148,OpenPlay,2023,LeftFoot,22523,Cagliari,Torino,1,2,2024-01-26 19:45:00,Nikola Vlasic,Pass
559603,75,MissedShots,0.8319999694824218,0.6580000305175782,0.06304385513067245,Duván Zapata,a,1148,OpenPlay,2023,RightFoot,22523,Cagliari,Torino,1,2,2024-01-26 19:45:00,Nikola Vlasic,Pass
561490,19,BlockedShot,0.9290000152587891,0.6559999847412109,0.07223263382911682,Duván Zapata,h,1148,OpenPlay,2023,RightFoot,22529,Torino,Salernitana,0,0,2024-02-04 11:30:00,Karol Linetty,TakeOn
561499,93,MissedShots,0.905,0.43200000762939456,0.0463515967130661,Duván Zapata,h,1148,FromCorner,2023,Head,22529,Torino,Salernitana,0,0,2024-02-04 11:30:00,Valentino Lazaro,Cross
562751,8,Goal,0.965,0.5259999847412109,0.5996171832084656,Duván Zapata,a,1148,OpenPlay,2023,LeftFoot,22540,Sassuolo,Torino,1,1,2024-02-10 19:45:00,Raoul Bellanova,Cross
562756,29,MissedShots,0.784000015258789,0.485,0.035074785351753235,Duván Zapata,a,1148,OpenPlay,2023,RightFoot,22540,Sassuolo,Torino,1,1,2024-02-10 19:45:00,Antonio Sanabria,Pass
562759,46,MissedShots,0.9619999694824218,0.29200000762939454,0.05025462806224823,Duván Zapata,a,1148,OpenPlay,2023,RightFoot,22540,Sassuolo,Torino,1,1,2024-02-10 19:45:00,Adrien Tameze,Chipped
562768,77,SavedShot,0.895,0.4420000076293945,0.015553876757621765,Duván Zapata,a,1148,FromCorner,2023,Head,22540,Sassuolo,Torino,1,1,2024-02-10 19:45:00,Valentino Lazaro,Aerial
562773,95,BlockedShot,0.884000015258789,0.4879999923706055,0.03529555723071098,Duván Zapata,a,1148,OpenPlay,2023,Head,22540,Sassuolo,Torino,1,1,2024-02-10 19:45:00,Valentino Lazaro,Aerial
563481,28,SavedShot,0.965,0.31799999237060544,0.05883214250206947,Duván Zapata,h,1148,OpenPlay,2023,RightFoot,22547,Torino,Lecce,2,0,2024-02-16 18:00:00,Ivan Ilic,Pass
563482,38,BlockedShot,0.884000015258789,0.5,0.031103966757655144,Duván Zapata,h,1148,OpenPlay,2023,Head,22547,Torino,Lecce,2,0,2024-02-16 18:00:00,Valentino Lazaro,Aerial
563494,80,Goal,0.9340000152587891,0.5229999923706055,0.1200452595949173,Duván Zapata,h,1148,FromCorner,2023,Head,22547,Torino,Lecce,2,0,2024-02-16 18:00:00,Mergim Vojvoda,Cross
564882,9,MissedShots,0.919000015258789,0.580999984741211,0.08365397155284882,Duván Zapata,h,1148,SetPiece,2023,Head,22512,Torino,Lazio,0,2,2024-02-22 19:45:00,Ivan Ilic,Cross
564888,20,SavedShot,0.94,0.5770000076293945,0.05584237352013588,Duván Zapata,h,1148,OpenPlay,2023,Head,22512,Torino,Lazio,0,2,2024-02-22 19:45:00,Ivan Ilic,Aerial
564891,34,MissedShots,0.884000015258789,0.5940000152587891,0.024622563272714615,Duván Zapata,h,1148,OpenPlay,2023,Head,22512,Torino,Lazio,0,2,2024-02-22 19:45:00,Raoul Bellanova,Cross
564895,46,MissedShots,0.8719999694824219,0.46599998474121096,0.08118037134408951,Duván Zapata,h,1148,OpenPlay,2023,RightFoot,22512,Torino,Lazio,0,2,2024-02-22 19:45:00,Raoul Bellanova,Cross
564896,48,MissedShots,0.9009999847412109,0.38,0.021583527326583862,Duván Zapata,h,1148,OpenPlay,2023,Head,22512,Torino,Lazio,0,2,2024-02-22 19:45:00,Nikola Vlasic,Cross
564906,91,BlockedShot,0.815,0.624000015258789,0.03005409985780716,Duván Zapata,h,1148,OpenPlay,2023,RightFoot,22512,Torino,Lazio,0,2,2024-02-22 19:45:00,Adrien Tameze,Chipped
565962,5,BlockedShot,0.7580000305175781,0.7140000152587891,0.016537386924028397,Duván Zapata,a,1148,OpenPlay,2023,RightFoot,22559,Roma,Torino,3,2,2024-02-26 17:30:00,Nikola Vlasic,Pass
565971,43,Goal,0.9169999694824219,0.504000015258789,0.09590599685907364,Duván Zapata,a,1148,OpenPlay,2023,Head,22559,Roma,Torino,3,2,2024-02-26 17:30:00,Raoul Bellanova,Cross
566879,16,MissedShots,0.8809999847412109,0.6020000076293945,0.11369676887989044,Duván Zapata,h,1148,OpenPlay,2023,RightFoot,22571,Torino,Fiorentina,0,0,2024-03-02 19:45:00,,TakeOn
566892,70,MissedShots,0.9109999847412109,0.549000015258789,0.0675177350640297,Duván Zapata,h,1148,FromCorner,2023,Head,22571,Torino,Fiorentina,0,0,2024-03-02 19:45:00,Gvidas Gineitis,Cross
567646,27,SavedShot,0.8219999694824218,0.47200000762939454,0.0852234810590744,Duván Zapata,a,1148,OpenPlay,2023,RightFoot,22584,Napoli,Torino,1,1,2024-03-08 19:45:00,,TakeOn
567647,28,BlockedShot,0.9169999694824219,0.47900001525878905,0.04050741344690323,Duván Zapata,a,1148,FromCorner,2023,Head,22584,Napoli,Torino,1,1,2024-03-08 19:45:00,Gvidas Gineitis,Aerial
567653,54,MissedShots,0.9180000305175782,0.57,0.06286652386188507,Duván Zapata,a,1148,FromCorner,2023,Head,22584,Napoli,Torino,1,1,2024-03-08 19:45:00,Gvidas Gineitis,Cross
567657,63,MissedShots,0.9309999847412109,0.53,0.11544429510831833,Duván Zapata,a,1148,FromCorner,2023,Head,22584,Napoli,Torino,1,1,2024-03-08 19:45:00,Gvidas Gineitis,Cross
569267,2,BlockedShot,0.874000015258789,0.4329999923706055,0.10209637135267258,Duván Zapata,a,1148,OpenPlay,2023,RightFoot,22593,Udinese,Torino,0,2,2024-03-16 14:00:00,Samuele Ricci,Pass
569270,9,Goal,0.9080000305175782,0.5420000076293945,0.217476949095726,Duván Zapata,a,1148,OpenPlay,2023,Head,22593,Udinese,Torino,0,2,2024-03-16 14:00:00,Mergim Vojvoda,Cross
569271,15,MissedShots,0.86,0.4379999923706055,0.10450563579797745,Duván Zapata,a,1148,OpenPlay,2023,LeftFoot,22593,Udinese,Torino,0,2,2024-03-16 14:00:00,Nikola Vlasic,Pass
569272,18,BlockedShot,0.94,0.32799999237060545,0.08699347078800201,Duván Zapata,a,1148,OpenPlay,2023,RightFoot,22593,Udinese,Torino,0,2,2024-03-16 14:00:00,Mergim Vojvoda,Pass
569285,71,SavedShot,0.9319999694824219,0.5029999923706054,0.49200937151908875,Duván Zapata,a,1148,OpenPlay,2023,Head,22593,Udinese,Torino,0,2,2024-03-16 14:00:00,Raoul Bellanova,Cross
570479,17,BlockedShot,0.9109999847412109,0.4179999923706055,0.09075932204723358,Duván Zapata,h,1148,OpenPlay,2023,LeftFoot,22604,Torino,Monza,1,0,2024-03-30 14:00:00,Samuele Ricci,Cross
570488,51,MissedShots,0.9009999847412109,0.48,0.040083274245262146,Duván Zapata,h,1148,SetPiece,2023,Head,22604,Torino,Monza,1,0,2024-03-30 14:00:00,Raoul Bellanova,Aerial
570498,84,SavedShot,0.7469999694824219,0.5590000152587891,0.02726110629737377,Duván Zapata,h,1148,OpenPlay,2023,RightFoot,22604,Torino,Monza,1,0,2024-03-30 14:00:00,Antonio Sanabria,Pass
572628,17,MissedShots,0.9290000152587891,0.6029999923706054,0.06074085086584091,Duván Zapata,a,1148,OpenPlay,2023,Head,22609,Empoli,Torino,3,2,2024-04-06 18:45:00,Mergim Vojvoda,Cross
572630,23,BlockedShot,0.715999984741211,0.38,0.014996037818491459,Duván Zapata,a,1148,OpenPlay,2023,RightFoot,22609,Empoli,Torino,3,2,2024-04-06 18:45:00,Alessandro Buongiorno,Pass
572634,49,SavedShot,0.91,0.539000015258789,0.08236738294363022,Duván Zapata,a,1148,OpenPlay,2023,Head,22609,Empoli,Torino,3,2,2024-04-06 18:45:00,Raoul Bellanova,Cross
572636,51,SavedShot,0.9730000305175781,0.48700000762939455,0.6336060166358948,Duván Zapata,a,1148,FromCorner,2023,Head,22609,Empoli,Torino,3,2,2024-04-06 18:45:00,Adrien Tameze,Rebound
572638,59,Goal,0.9519999694824218,0.534000015258789,0.46183210611343384,Duván Zapata,a,1148,FromCorner,2023,Head,22609,Empoli,Torino,3,2,2024-04-06 18:45:00,Mergim Vojvoda,Cross
572640,67,BlockedShot,0.8980000305175782,0.36400001525878906,0.07816755771636963,Duván Zapata,a,1148,SetPiece,2023,RightFoot,22609,Empoli,Torino,3,2,2024-04-06 18:45:00,Raoul Bellanova,Pass
572646,90,Goal,0.93,0.47200000762939454,0.37149885296821594,Duván Zapata,a,1148,OpenPlay,2023,Head,22609,Empoli,Torino,3,2,2024-04-06 18:45:00,Raoul Bellanova,Cross
575443,30,MissedShots,0.8490000152587891,0.5270000076293946,0.09365358203649521,Duván Zapata,h,1148,OpenPlay,2023,RightFoot,22632,Torino,Frosinone,0,0,2024-04-21 13:00:00,Adrien Tameze,Pass
575447,40,MissedShots,0.8859999847412109,0.525,0.03701874986290932,Duván Zapata,h,1148,OpenPlay,2023,Head,22632,Torino,Frosinone,0,0,2024-04-21 13:00:00,Raoul Bellanova,Aerial
575448,43,SavedShot,0.6730000305175782,0.6020000076293945,0.014282716438174248,Duván Zapata,h,1148,OpenPlay,2023,RightFoot,22632,Torino,Frosinone,0,0,2024-04-21 13:00:00,David Okereke,Pass
575458,90,MissedShots,0.87,0.3920000076293945,0.08733997493982315,Duván Zapata,h,1148,OpenPlay,2023,RightFoot,22632,Torino,Frosinone,0,0,2024-04-21 13:00:00,Adrien Tameze,Pass
577079,14,SavedShot,0.850999984741211,0.6079999923706054,0.05994460731744766,Duván Zapata,a,1148,OpenPlay,2023,RightFoot,22641,Inter,Torino,2,0,2024-04-28 10:30:00,Ivan Ilic,Chipped
577080,17,MissedShots,0.899000015258789,0.46700000762939453,0.041407689452171326,Duván Zapata,a,1148,OpenPlay,2023,Head,22641,Inter,Torino,2,0,2024-04-28 10:30:00,Raoul Bellanova,Aerial
577085,38,BlockedShot,0.9009999847412109,0.555,0.07723788172006607,Duván Zapata,a,1148,OpenPlay,2023,Head,22641,Inter,Torino,2,0,2024-04-28 10:30:00,Samuele Ricci,Cross
578055,16,MissedShots,0.8980000305175782,0.4809999847412109,0.12419728934764862,Duván Zapata,h,1148,OpenPlay,2023,RightFoot,22648,Torino,Bologna,0,0,2024-05-03 18:45:00,,Rebound
578057,38,BlockedShot,0.825,0.49700000762939456,0.08601737767457962,Duván Zapata,h,1148,OpenPlay,2023,RightFoot,22648,Torino,Bologna,0,0,2024-05-03 18:45:00,,TakeOn
578062,66,BlockedShot,0.85,0.5409999847412109,0.06615342199802399,Duván Zapata,h,1148,OpenPlay,2023,RightFoot,22648,Torino,Bologna,0,0,2024-05-03 18:45:00,,Rebound
580326,29,MissedShots,0.9030000305175782,0.43599998474121093,0.04767537862062454,Duván Zapata,a,1148,FromCorner,2023,Head,22659,Verona,Torino,1,2,2024-05-12 13:00:00,Ivan Ilic,Cross
581824,25,Goal,0.9059999847412109,0.49900001525878906,0.26425862312316895,Duván Zapata,h,1148,OpenPlay,2023,Head,22674,Torino,AC Milan,3,1,2024-05-18 18:45:00,Ricardo Rodríguez,Cross
581835,58,SavedShot,0.9109999847412109,0.4209999847412109,0.047119610011577606,Duván Zapata,h,1148,FromCorner,2023,Head,22674,Torino,AC Milan,3,1,2024-05-18 18:45:00,Ivan Ilic,Cross
583469,9,MissedShots,0.9230000305175782,0.5,0.3817344605922699,Duván Zapata,a,1148,OpenPlay,2023,Head,22675,Atalanta,Torino,3,0,2024-05-26 16:00:00,Raoul Bellanova,Cross
583484,60,BlockedShot,0.8159999847412109,0.4929999923706055,0.058620572090148926,Duván Zapata,a,1148,OpenPlay,2023,RightFoot,22675,Atalanta,Torino,3,0,2024-05-26 16:00:00,Ivan Ilic,Pass
583486,63,BlockedShot,0.9219999694824219,0.5870000076293945,0.09466937184333801,Duván Zapata,a,1148,FromCorner,2023,LeftFoot,22675,Atalanta,Torino,3,0,2024-05-26 16:00:00,Adrien Tameze,None
585050,14,MissedShots,0.7859999847412109,0.695,0.024236593395471573,Duván Zapata,a,1148,OpenPlay,2024,RightFoot,27365,AC Milan,Torino,2,2,2024-08-17 18:45:00,Karol Linetty,Pass
585051,17,BlockedShot,0.8,0.46599998474121096,0.04804769903421402,Duván Zapata,a,1148,OpenPlay,2024,RightFoot,27365,AC Milan,Torino,2,2,2024-08-17 18:45:00,Antonio Sanabria,Pass
585056,37,SavedShot,0.9280000305175782,0.575999984741211,0.06977491825819016,Duván Zapata,a,1148,FromCorner,2024,Head,27365,AC Milan,Torino,2,2,2024-08-17 18:45:00,Valentino Lazaro,Cross
585064,67,Goal,0.97,0.48400001525878905,0.6373392343521118,Duván Zapata,a,1148,OpenPlay,2024,Head,27365,AC Milan,Torino,2,2,2024-08-17 18:45:00,Valentino Lazaro,Chipped
586921,47,BlockedShot,0.9340000152587891,0.5409999847412109,0.40123289823532104,Duván Zapata,h,1148,OpenPlay,2024,Head,27377,Torino,Atalanta,2,1,2024-08-25 16:30:00,Adrien Tameze,Cross
586924,48,SavedShot,0.9069999694824219,0.63,0.30499666929244995,Duván Zapata,h,1148,OpenPlay,2024,LeftFoot,27377,Torino,Atalanta,2,1,2024-08-25 16:30:00,Ivan Ilic,Pass
586934,62,SavedShot,0.9419999694824219,0.629000015258789,0.11816291511058807,Duván Zapata,h,1148,OpenPlay,2024,LeftFoot,27377,Torino,Atalanta,2,1,2024-08-25 16:30:00,Che Adams,Pass
586939,73,MissedShots,0.895,0.46599998474121096,0.06092233583331108,Duván Zapata,h,1148,FromCorner,2024,Head,27377,Torino,Atalanta,2,1,2024-08-25 16:30:00,Valentino Lazaro,Cross
586947,97,SavedShot,0.919000015258789,0.5470000076293945,0.39130789041519165,Duván Zapata,h,1148,OpenPlay,2024,Head,27377,Torino,Atalanta,2,1,2024-08-25 16:30:00,Yann Karamoh,HeadPass
588841,2,BlockedShot,0.88,0.34200000762939453,0.12077001482248306,Duván Zapata,a,1148,OpenPlay,2024,RightFoot,27382,Venezia,Torino,0,1,2024-08-30 16:30:00,Samuele Ricci,Throughball
588847,17,BlockedShot,0.9569999694824218,0.504000015258789,0.1265081763267517,Duván Zapata,a,1148,OpenPlay,2024,RightFoot,27382,Venezia,Torino,0,1,2024-08-30 16:30:00,,None
588848,30,MissedShots,0.9290000152587891,0.5579999923706055,0.12027836591005325,Duván Zapata,a,1148,OpenPlay,2024,Head,27382,Venezia,Torino,0,1,2024-08-30 16:30:00,Valentino Lazaro,Cross
591333,11,MissedShots,0.86,0.5420000076293945,0.06437237560749054,Duván Zapata,h,1148,SetPiece,2024,RightFoot,27401,Torino,Lecce,0,0,2024-09-15 13:00:00,Che Adams,HeadPass
591335,16,MissedShots,0.8980000305175782,0.6270000076293946,0.011848235502839088,Duván Zapata,h,1148,OpenPlay,2024,Head,27401,Torino,Lecce,0,0,2024-09-15 13:00:00,Karol Linetty,Aerial
591996,32,Goal,0.9159999847412109,0.534000015258789,0.0534210279583931,Duván Zapata,a,1148,OpenPlay,2024,Head,27405,Verona,Torino,2,3,2024-09-20 18:45:00,Valentino Lazaro,Aerial
591997,35,MissedShots,0.899000015258789,0.519000015258789,0.05204785615205765,Duván Zapata,a,1148,OpenPlay,2024,Head,27405,Verona,Torino,2,3,2024-09-20 18:45:00,Borna Sosa,Aerial
591999,39,BlockedShot,0.8780000305175781,0.46900001525878904,0.01432272419333458,Duván Zapata,a,1148,SetPiece,2024,Head,27405,Verona,Torino,2,3,2024-09-20 18:45:00,Samuele Ricci,Aerial
592003,55,BlockedShot,0.8909999847412109,0.44599998474121094,0.12951093912124634,Duván Zapata,a,1148,OpenPlay,2024,RightFoot,27405,Verona,Torino,2,3,2024-09-20 18:45:00,Adrien Tameze,Pass
594507,40,SavedShot,0.9169999694824219,0.534000015258789,0.03980822488665581,Duván Zapata,h,1148,OpenPlay,2024,Head,27421,Torino,Lazio,2,3,2024-09-29 10:30:00,Adrien Tameze,Aerial
595850,35,Goal,0.93,0.5690000152587891,0.38318395614624023,Duván Zapata,a,1148,OpenPlay,2024,RightFoot,27428,Inter,Torino,3,2,2024-10-05 18:45:00,Gvidas Gineitis,Throughball
595857,48,BlockedShot,0.9059999847412109,0.26600000381469724,0.03464348614215851,Duván Zapata,a,1148,OpenPlay,2024,RightFoot,27428,Inter,Torino,3,2,2024-10-05 18:45:00,,BallTouch
643689,69,SavedShot,0.8880000305175781,0.7430000305175781,0.028711233288049698,Duván Zapata,h,1148,OpenPlay,2025,RightFoot,29874,Torino,Atalanta,0,3,2025-09-21 13:00:00,Cristiano Biraghi,Pass
643690,72,SavedShot,0.885,0.5,0.7612988352775574,Duván Zapata,h,1148,Penalty,2025,RightFoot,29874,Torino,Atalanta,0,3,2025-09-21 13:00:00,,Standard
643694,91,BlockedShot,0.8030000305175782,0.610999984741211,0.039415813982486725,Duván Zapata,h,1148,OpenPlay,2025,RightFoot,29874,Torino,Atalanta,0,3,2025-09-21 13:00:00,Che Adams,Pass
647796,89,MissedShots,0.9019999694824219,0.5,0.04335465282201767,Duván Zapata,h,1148,SetPiece,2025,Head,29906,Torino,Napoli,1,0,2025-10-18 16:00:00,Cristiano Biraghi,Aerial
649332,85,BlockedShot,0.8069999694824219,0.654000015258789,0.03268470987677574,Duván Zapata,h,1148,OpenPlay,2025,RightFoot,29923,Torino,Genoa,2,1,2025-10-26 10:30:00,Cyril Ngonge,Pass
651349,84,BlockedShot,0.85,0.34099998474121096,0.055593930184841156,Duván Zapata,h,1148,OpenPlay,2025,RightFoot,29941,Torino,Pisa,2,2,2025-11-02 14:00:00,Adrien Tameze,Pass
654579,48,MissedShots,0.904000015258789,0.5470000076293945,0.08894522488117218,Duván Zapata,h,1148,OpenPlay,2025,Head,29962,Torino,Como,1,5,2025-11-24 17:30:00,Valentino Lazaro,Cross
655444,44,SavedShot,0.91,0.47299999237060547,0.3203495442867279,Duván Zapata,a,1148,OpenPlay,2025,Head,29969,Lecce,Torino,2,1,2025-11-30 11:30:00,Che Adams,Cross
657785,16,Goal,0.8859999847412109,0.29700000762939455,0.08397548645734787,Duván Zapata,h,1148,OpenPlay,2025,RightFoot,29981,Torino,AC Milan,2,3,2025-12-08 19:45:00,Nikola Vlasic,Pass
659696,29,MissedShots,0.8930000305175781,0.625999984741211,0.3060763478279114,Duván Zapata,a,1148,OpenPlay,2025,RightFoot,30002,Sassuolo,Torino,0,1,2025-12-21 14:00:00,Marcus Pedersen,Chipped
660122,89,SavedShot,0.9690000152587891,0.4420000076293945,0.5139748454093933,Duván Zapata,h,1148,OpenPlay,2025,Head,30011,Torino,Cagliari,1,2,2025-12-27 14:00:00,,Aerial
661581,77,MissedShots,0.845999984741211,0.5990000152587891,0.02208564057946205,Duván Zapata,a,1148,SetPiece,2025,RightFoot,30023,Verona,Torino,0,3,2026-01-04 17:00:00,,Aerial
662606,43,SavedShot,0.915,0.45099998474121095,0.03955598175525665,Duván Zapata,a,1148,OpenPlay,2025,Head,30034,Atalanta,Torino,2,0,2026-01-10 19:45:00,Adrien Tameze,Aerial
662610,52,MissedShots,0.7340000152587891,0.7419999694824219,0.011516354978084564,Duván Zapata,a,1148,OpenPlay,2025,RightFoot,30034,Atalanta,Torino,2,0,2026-01-10 19:45:00,,Dispossessed
666375,31,MissedShots,0.874000015258789,0.29100000381469726,0.07583510875701904,Duván Zapata,h,1148,OpenPlay,2025,RightFoot,30072,Torino,Lecce,1,0,2026-02-01 11:30:00,Nikola Vlasic,Pass
666376,34,SavedShot,0.8030000305175782,0.6220000076293946,0.0408652201294899,Duván Zapata,h,1148,OpenPlay,2025,RightFoot,30072,Torino,Lecce,1,0,2026-02-01 11:30:00,Che Adams,Pass
666383,48,SavedShot,0.924000015258789,0.5070000076293946,0.5477582812309265,Duván Zapata,h,1148,OpenPlay,2025,LeftFoot,30072,Torino,Lecce,1,0,2026-02-01 11:30:00,Nikola Vlasic,Pass
666393,72,BlockedShot,0.960999984741211,0.37799999237060544,0.02400192804634571,Duván Zapata,h,1148,FromCorner,2025,Head,30072,Torino,Lecce,1,0,2026-02-01 11:30:00,Rafael Obrador,Cross
667490,85,SavedShot,0.860999984741211,0.47900001525878905,0.08474145829677582,Duván Zapata,a,1148,OpenPlay,2025,LeftFoot,30079,Fiorentina,Torino,2,2,2026-02-07 19:45:00,Zakaria Aboukhlal,Pass
669245,61,SavedShot,0.8730000305175781,0.720999984741211,0.08262434601783752,Duván Zapata,h,1148,OpenPlay,2025,LeftFoot,30092,Torino,Bologna,1,2,2026-02-15 17:00:00,Luca Marianucci,TakeOn
669248,77,BlockedShot,0.9259999847412109,0.505,0.06963415443897247,Duván Zapata,h,1148,SetPiece,2025,Head,30092,Torino,Bologna,1,2,2026-02-15 17:00:00,Valentino Lazaro,Aerial
670102,60,SavedShot,0.8669999694824219,0.5270000076293946,0.020519910380244255,Duván Zapata,a,1148,FromCorner,2025,Head,30098,Genoa,Torino,3,0,2026-02-22 11:30:00,Gvidas Gineitis,Cross
670103,67,BlockedShot,0.8669999694824219,0.5459999847412109,0.2691980004310608,Duván Zapata,a,1148,OpenPlay,2025,RightFoot,30098,Genoa,Torino,3,0,2026-02-22 11:30:00,Nikola Vlasic,Chipped
671851,20,BlockedShot,0.860999984741211,0.525,0.07899665087461472,Duván Zapata,h,1148,OpenPlay,2025,LeftFoot,30111,Torino,Lazio,2,0,2026-03-01 17:00:00,Giovanni Simeone,HeadPass
671860,52,Goal,0.9259999847412109,0.5070000076293946,0.1420362889766693,Duván Zapata,h,1148,OpenPlay,2025,Head,30111,Torino,Lazio,2,0,2026-03-01 17:00:00,Rafael Obrador,Cross
672412,15,BlockedShot,0.8830000305175781,0.6370000076293946,0.10868111997842789,Duván Zapata,a,1148,OpenPlay,2025,RightFoot,30114,Napoli,Torino,2,1,2026-03-06 19:45:00,Gvidas Gineitis,Pass
673575,90,Goal,0.764000015258789,0.4229999923706055,0.06698258221149445,Duván Zapata,h,1148,OpenPlay,2025,RightFoot,30131,Torino,Parma Calcio 1913,4,1,2026-03-13 19:45:00,Sandro Kulenovic,Pass
675402,37,SavedShot,0.86,0.6409999847412109,0.06556630879640579,Duván Zapata,a,1148,OpenPlay,2025,LeftFoot,30141,AC Milan,Torino,3,2,2026-03-21 17:00:00,Gvidas Gineitis,TakeOn
681666,73,BlockedShot,0.9269999694824219,0.4809999847412109,0.12402340024709702,Duván Zapata,h,1148,FromCorner,2025,RightFoot,30182,Torino,Inter,2,2,2026-04-26 16:00:00,Cesare Casadei,HeadPass
681667,74,BlockedShot,0.8669999694824219,0.45299999237060545,0.028922419995069504,Duván Zapata,h,1148,OpenPlay,2025,Head,30182,Torino,Inter,2,2,2026-04-26 16:00:00,Rafael Obrador,Cross
681671,84,BlockedShot,0.8219999694824218,0.515,0.04897486791014671,Duván Zapata,h,1148,SetPiece,2025,RightFoot,30182,Torino,Inter,2,2,2026-04-26 16:00:00,Nikola Vlasic,Pass
683404,63,MissedShots,0.855999984741211,0.5429999923706055,0.018322845920920372,Duván Zapata,h,1148,OpenPlay,2025,Head,30203,Torino,Sassuolo,2,1,2026-05-08 18:45:00,Marcus Pedersen,Cross
683409,81,MissedShots,0.895,0.33,0.12246210873126984,Duván Zapata,h,1148,OpenPlay,2025,RightFoot,30203,Torino,Sassuolo,2,1,2026-05-08 18:45:00,,None
