id,minute,result,X,Y,xG,player,h_a,player_id,situation,season,shotType,match_id,h_team,a_team,h_goals,a_goals,date,player_assisted,lastAction
41598,42,MissedShots,0.9319999694824219,0.5429999923706055,0.13312199711799622,Mauro Icardi,a,1513,SetPiece,2014,Head,5157,Torino,Inter,0,0,2014-08-31 19:45:00,Dodô,Cross
41609,63,BlockedShot,0.7980000305175782,0.37099998474121093,0.03302190080285072,Mauro Icardi,a,1513,OpenPlay,2014,RightFoot,5157,Torino,Inter,0,0,2014-08-31 19:45:00,Pablo Daniel Osvaldo,Pass
41614,75,MissedShots,0.875,0.49,0.03221119940280914,Mauro Icardi,a,1513,OpenPlay,2014,Head,5157,Torino,Inter,0,0,2014-08-31 19:45:00,Jonathan,Aerial
41761,3,Goal,0.975999984741211,0.5029999923706054,0.8435329794883728,Mauro Icardi,h,1513,OpenPlay,2014,RightFoot,5116,Inter,Sassuolo,7,0,2014-09-14 14:00:00,,TakeOn
41759,3,SavedShot,0.9130000305175782,0.49900001525878906,0.46141400933265686,Mauro Icardi,h,1513,OpenPlay,2014,LeftFoot,5116,Inter,Sassuolo,7,0,2014-09-14 14:00:00,,Rebound
41760,3,SavedShot,0.95,0.5070000076293946,0.6538820266723633,Mauro Icardi,h,1513,OpenPlay,2014,LeftFoot,5116,Inter,Sassuolo,7,0,2014-09-14 14:00:00,,Rebound
41766,29,Goal,0.7809999847412109,0.5559999847412109,0.050730399787425995,Mauro Icardi,h,1513,OpenPlay,2014,RightFoot,5116,Inter,Sassuolo,7,0,2014-09-14 14:00:00,Hernanes,Pass
41771,45,BlockedShot,0.9269999694824219,0.40200000762939453,0.045500099658966064,Mauro Icardi,h,1513,FromCorner,2014,Head,5116,Inter,Sassuolo,7,0,2014-09-14 14:00:00,Hernanes,Cross
41777,52,Goal,0.8830000305175781,0.639000015258789,0.13878700137138367,Mauro Icardi,h,1513,OpenPlay,2014,LeftFoot,5116,Inter,Sassuolo,7,0,2014-09-14 14:00:00,Mateo Kovacic,Throughball
41790,80,MissedShots,0.7769999694824219,0.45299999237060545,0.04114890098571777,Mauro Icardi,h,1513,OpenPlay,2014,LeftFoot,5116,Inter,Sassuolo,7,0,2014-09-14 14:00:00,Fredy Guarín,BallRecovery
42070,51,MissedShots,0.75,0.624000015258789,0.02149830013513565,Mauro Icardi,a,1513,OpenPlay,2014,RightFoot,5128,Palermo,Inter,1,1,2014-09-21 19:45:00,Fredy Guarín,Pass
42743,11,MissedShots,0.8040000152587891,0.48200000762939454,0.052201200276613235,Mauro Icardi,a,1513,OpenPlay,2014,RightFoot,5077,Fiorentina,Inter,3,0,2014-10-05 19:45:00,Gary Medel,Pass
42746,23,BlockedShot,0.9359999847412109,0.6609999847412109,0.06005600094795227,Mauro Icardi,a,1513,SetPiece,2014,LeftFoot,5077,Fiorentina,Inter,3,0,2014-10-05 19:45:00,,None
43121,6,MissedShots,0.9230000305175782,0.43900001525878907,0.05426900088787079,Mauro Icardi,h,1513,OpenPlay,2014,Head,5087,Inter,Napoli,2,2,2014-10-19 19:45:00,Rodrigo Palacio,Aerial
43125,16,BlockedShot,0.7040000152587891,0.524000015258789,0.013300299644470215,Mauro Icardi,h,1513,OpenPlay,2014,RightFoot,5087,Inter,Napoli,2,2,2014-10-19 19:45:00,Mateo Kovacic,BallRecovery
43126,17,BlockedShot,0.8830000305175781,0.40400001525878904,0.12593600153923035,Mauro Icardi,h,1513,OpenPlay,2014,RightFoot,5087,Inter,Napoli,2,2,2014-10-19 19:45:00,Hernanes,Throughball
43128,23,MissedShots,0.889000015258789,0.5129999923706055,0.08099909871816635,Mauro Icardi,h,1513,OpenPlay,2014,Head,5087,Inter,Napoli,2,2,2014-10-19 19:45:00,Dodô,Cross
43131,31,SavedShot,0.91,0.5920000076293945,0.06057029962539673,Mauro Icardi,h,1513,OpenPlay,2014,Head,5087,Inter,Napoli,2,2,2014-10-19 19:45:00,Mateo Kovacic,Cross
43142,55,BlockedShot,0.8519999694824218,0.285,0.03454050049185753,Mauro Icardi,h,1513,OpenPlay,2014,RightFoot,5087,Inter,Napoli,2,2,2014-10-19 19:45:00,Hernanes,Pass
43148,81,MissedShots,0.9059999847412109,0.52,0.07222279906272888,Mauro Icardi,h,1513,FromCorner,2014,Head,5087,Inter,Napoli,2,2,2014-10-19 19:45:00,Dodô,Cross
43259,31,Goal,0.885,0.5,0.7612990140914917,Mauro Icardi,a,1513,Penalty,2014,RightFoot,5097,Cesena,Inter,0,1,2014-10-26 17:00:00,,Standard
43263,37,MissedShots,0.740999984741211,0.47400001525878904,0.02621139958500862,Mauro Icardi,a,1513,OpenPlay,2014,RightFoot,5097,Cesena,Inter,0,1,2014-10-26 17:00:00,Mateo Kovacic,Pass
43265,55,MissedShots,0.905,0.6530000305175782,0.03864520043134689,Mauro Icardi,a,1513,OpenPlay,2014,RightFoot,5097,Cesena,Inter,0,1,2014-10-26 17:00:00,Hernanes,Aerial
43278,78,MissedShots,0.919000015258789,0.39,0.3368789851665497,Mauro Icardi,a,1513,OpenPlay,2014,RightFoot,5097,Cesena,Inter,0,1,2014-10-26 17:00:00,,Rebound
43280,91,SavedShot,0.8819999694824219,0.38799999237060545,0.36883899569511414,Mauro Icardi,a,1513,OpenPlay,2014,RightFoot,5097,Cesena,Inter,0,1,2014-10-26 17:00:00,Hernanes,Chipped
43659,22,SavedShot,0.8919999694824219,0.53,0.028808899223804474,Mauro Icardi,h,1513,SetPiece,2014,Head,5101,Inter,Sampdoria,1,0,2014-10-29 19:45:00,Rodrigo Palacio,Aerial
43661,25,MissedShots,0.9369999694824219,0.5379999923706055,0.14499999582767487,Mauro Icardi,h,1513,OpenPlay,2014,Head,5101,Inter,Sampdoria,1,0,2014-10-29 19:45:00,Joel Obi,Cross
43667,37,MissedShots,0.8619999694824219,0.5709999847412109,0.07043959945440292,Mauro Icardi,h,1513,OpenPlay,2014,RightFoot,5101,Inter,Sampdoria,1,0,2014-10-29 19:45:00,,None
43668,38,SavedShot,0.8830000305175781,0.6379999923706055,0.07753189653158188,Mauro Icardi,h,1513,OpenPlay,2014,RightFoot,5101,Inter,Sampdoria,1,0,2014-10-29 19:45:00,Mateo Kovacic,Pass
43682,89,Goal,0.885,0.5,0.7612990140914917,Mauro Icardi,h,1513,Penalty,2014,RightFoot,5101,Inter,Sampdoria,1,0,2014-10-29 19:45:00,,Standard
43958,72,MissedShots,0.8919999694824219,0.21299999237060546,0.024441100656986237,Mauro Icardi,a,1513,OpenPlay,2014,RightFoot,5032,Parma,Inter,2,0,2014-11-01 19:45:00,Gary Medel,Pass
44149,9,BlockedShot,0.8119999694824219,0.49400001525878906,0.0590846985578537,Mauro Icardi,h,1513,OpenPlay,2014,RightFoot,5048,Inter,Verona,2,2,2014-11-09 19:45:00,Yuto Nagatomo,Pass
44152,17,Goal,0.93,0.5259999847412109,0.4999769926071167,Mauro Icardi,h,1513,OpenPlay,2014,LeftFoot,5048,Inter,Verona,2,2,2014-11-09 19:45:00,Rodrigo Palacio,HeadPass
44156,30,MissedShots,0.8280000305175781,0.44299999237060544,0.05589209869503975,Mauro Icardi,h,1513,OpenPlay,2014,RightFoot,5048,Inter,Verona,2,2,2014-11-09 19:45:00,,None
44159,32,BlockedShot,0.7019999694824218,0.5990000152587891,0.014414500445127487,Mauro Icardi,h,1513,OpenPlay,2014,RightFoot,5048,Inter,Verona,2,2,2014-11-09 19:45:00,Mateo Kovacic,Pass
44163,47,Goal,0.99,0.534000015258789,0.9465180039405823,Mauro Icardi,h,1513,OpenPlay,2014,LeftFoot,5048,Inter,Verona,2,2,2014-11-09 19:45:00,,None
44170,65,MissedShots,0.765,0.69,0.023905299603939056,Mauro Icardi,h,1513,OpenPlay,2014,RightFoot,5048,Inter,Verona,2,2,2014-11-09 19:45:00,Zdravko Kuzmanovic,Chipped
44432,7,SavedShot,0.860999984741211,0.5420000076293945,0.3574419915676117,Mauro Icardi,a,1513,OpenPlay,2014,RightFoot,5058,AC Milan,Inter,1,1,2014-11-23 19:45:00,,BallRecovery
44433,9,MissedShots,0.914000015258789,0.49900001525878906,0.058505699038505554,Mauro Icardi,a,1513,OpenPlay,2014,Head,5058,AC Milan,Inter,1,1,2014-11-23 19:45:00,Rodrigo Palacio,Aerial
44441,53,MissedShots,0.8640000152587891,0.4259999847412109,0.06870149821043015,Mauro Icardi,a,1513,FromCorner,2014,RightFoot,5058,AC Milan,Inter,1,1,2014-11-23 19:45:00,,Rebound
44446,78,ShotOnPost,0.8930000305175781,0.534000015258789,0.09971340000629425,Mauro Icardi,a,1513,OpenPlay,2014,RightFoot,5058,AC Milan,Inter,1,1,2014-11-23 19:45:00,Fredy Guarín,Cross
44951,43,Goal,0.9319999694824219,0.615999984741211,0.3539290130138397,Mauro Icardi,h,1513,OpenPlay,2014,LeftFoot,5007,Inter,Udinese,1,2,2014-12-07 19:45:00,Fredy Guarín,Throughball
45102,6,BlockedShot,0.8019999694824219,0.49,0.0489782989025116,Mauro Icardi,a,1513,OpenPlay,2014,RightFoot,5019,Chievo,Inter,0,2,2014-12-15 20:00:00,Rodrigo Palacio,Pass
45115,56,MissedShots,0.950999984741211,0.41200000762939454,0.13919700682163239,Mauro Icardi,a,1513,OpenPlay,2014,RightFoot,5019,Chievo,Inter,0,2,2014-12-15 20:00:00,Rodrigo Palacio,Cross
45117,58,BlockedShot,0.8019999694824219,0.6469999694824219,0.05088320001959801,Mauro Icardi,a,1513,OpenPlay,2014,RightFoot,5019,Chievo,Inter,0,2,2014-12-15 20:00:00,Mateo Kovacic,Pass
45445,58,MissedShots,0.8780000305175781,0.595999984741211,0.08197549730539322,Mauro Icardi,h,1513,OpenPlay,2014,RightFoot,5029,Inter,Lazio,2,2,2014-12-21 19:45:00,Mateo Kovacic,Pass
45450,69,SavedShot,0.8230000305175781,0.654000015258789,0.03360670059919357,Mauro Icardi,h,1513,OpenPlay,2014,RightFoot,5029,Inter,Lazio,2,2,2014-12-21 19:45:00,Fredy Guarín,Chipped
45921,7,MissedShots,0.8519999694824218,0.6279999923706054,0.04279680177569389,Mauro Icardi,a,1513,OpenPlay,2014,LeftFoot,4966,Juventus,Inter,1,1,2015-01-06 20:00:00,Danilo D&#039;Ambrosio,Cross
45928,63,Goal,0.9269999694824219,0.32799999237060545,0.09201789647340775,Mauro Icardi,a,1513,OpenPlay,2014,RightFoot,4966,Juventus,Inter,1,1,2015-01-06 20:00:00,Fredy Guarín,Throughball
45934,80,MissedShots,0.9409999847412109,0.455,0.6813279986381531,Mauro Icardi,a,1513,OpenPlay,2014,RightFoot,4966,Juventus,Inter,1,1,2015-01-06 20:00:00,Lukas Podolski,Pass
45937,82,SavedShot,0.8080000305175781,0.2879999923706055,0.02526099979877472,Mauro Icardi,a,1513,OpenPlay,2014,RightFoot,4966,Juventus,Inter,1,1,2015-01-06 20:00:00,Mateo Kovacic,BallRecovery
45939,85,MissedShots,0.7859999847412109,0.625999984741211,0.052383698523044586,Mauro Icardi,a,1513,OpenPlay,2014,RightFoot,4966,Juventus,Inter,1,1,2015-01-06 20:00:00,,None
46305,1,SavedShot,0.88,0.5990000152587891,0.36053499579429626,Mauro Icardi,h,1513,OpenPlay,2014,LeftFoot,4969,Inter,Genoa,3,1,2015-01-11 11:30:00,Fredy Guarín,Throughball
46308,11,SavedShot,0.8880000305175781,0.47700000762939454,0.13295100629329681,Mauro Icardi,h,1513,OpenPlay,2014,RightFoot,4969,Inter,Genoa,3,1,2015-01-11 11:30:00,Gary Medel,Throughball
46314,38,Goal,0.9519999694824218,0.544000015258789,0.07362399995326996,Mauro Icardi,h,1513,FromCorner,2014,Head,4969,Inter,Genoa,3,1,2015-01-11 11:30:00,Hernanes,Aerial
46315,43,BlockedShot,0.9059999847412109,0.615,0.09785520285367966,Mauro Icardi,h,1513,OpenPlay,2014,RightFoot,4969,Inter,Genoa,3,1,2015-01-11 11:30:00,,None
46332,90,MissedShots,0.9490000152587891,0.46,0.1501609981060028,Mauro Icardi,h,1513,OpenPlay,2014,RightFoot,4969,Inter,Genoa,3,1,2015-01-11 11:30:00,Fredy Guarín,Pass
46573,39,MissedShots,0.865999984741211,0.5120000076293946,0.02160630002617836,Mauro Icardi,h,1513,OpenPlay,2014,Head,4993,Inter,Torino,0,1,2015-01-25 14:00:00,Danilo D&#039;Ambrosio,Aerial
46584,74,BlockedShot,0.7659999847412109,0.5520000076293945,0.02914850041270256,Mauro Icardi,h,1513,OpenPlay,2014,RightFoot,4993,Inter,Torino,0,1,2015-01-25 14:00:00,Zdravko Kuzmanovic,Pass
46731,58,MissedShots,0.909000015258789,0.4259999847412109,0.0454723984003067,Mauro Icardi,a,1513,OpenPlay,2014,Head,4919,Sassuolo,Inter,3,1,2015-02-01 11:30:00,Dodô,Aerial
46737,78,MissedShots,0.7619999694824219,0.355,0.010552500374615192,Mauro Icardi,a,1513,OpenPlay,2014,RightFoot,4919,Sassuolo,Inter,3,1,2015-02-01 11:30:00,,Rebound
46738,82,Goal,0.9390000152587891,0.3139999961853027,0.28428199887275696,Mauro Icardi,a,1513,OpenPlay,2014,RightFoot,4919,Sassuolo,Inter,3,1,2015-02-01 11:30:00,,BallRecovery
47023,56,ShotOnPost,0.805,0.49900001525878906,0.019505999982357025,Mauro Icardi,h,1513,OpenPlay,2014,Head,4934,Inter,Palermo,3,0,2015-02-08 19:45:00,Fredy Guarín,Chipped
47026,59,MissedShots,0.8169999694824219,0.7069999694824218,0.034573301672935486,Mauro Icardi,h,1513,OpenPlay,2014,RightFoot,4934,Inter,Palermo,3,0,2015-02-08 19:45:00,Xherdan Shaqiri,Pass
47027,64,Goal,0.865999984741211,0.5629999923706055,0.07616359740495682,Mauro Icardi,h,1513,OpenPlay,2014,RightFoot,4934,Inter,Palermo,3,0,2015-02-08 19:45:00,Rodrigo Palacio,HeadPass
47028,67,MissedShots,0.7430000305175781,0.6530000305175782,0.020272599533200264,Mauro Icardi,h,1513,OpenPlay,2014,RightFoot,4934,Inter,Palermo,3,0,2015-02-08 19:45:00,Xherdan Shaqiri,LayOff
47029,75,MissedShots,0.9130000305175782,0.5709999847412109,0.05481259897351265,Mauro Icardi,h,1513,FromCorner,2014,Head,4934,Inter,Palermo,3,0,2015-02-08 19:45:00,Xherdan Shaqiri,Cross
47030,87,Goal,0.9430000305175781,0.4540000152587891,0.14234599471092224,Mauro Icardi,h,1513,OpenPlay,2014,Head,4934,Inter,Palermo,3,0,2015-02-08 19:45:00,Fredy Guarín,Cross
47805,28,BlockedShot,0.93,0.49599998474121093,0.5623630285263062,Mauro Icardi,a,1513,OpenPlay,2014,RightFoot,4954,Cagliari,Inter,1,2,2015-02-23 20:00:00,,Rebound
47812,40,SavedShot,0.9280000305175782,0.590999984741211,0.053058698773384094,Mauro Icardi,a,1513,FromCorner,2014,Head,4954,Cagliari,Inter,1,2,2015-02-23 20:00:00,Lukas Podolski,Cross
47825,67,Goal,0.9,0.35900001525878905,0.1757649928331375,Mauro Icardi,a,1513,OpenPlay,2014,LeftFoot,4954,Cagliari,Inter,1,2,2015-02-23 20:00:00,Gary Medel,TakeOn
47393,17,BlockedShot,0.789000015258789,0.35900001525878905,0.02582230046391487,Mauro Icardi,h,1513,OpenPlay,2014,LeftFoot,4886,Inter,Fiorentina,0,1,2015-03-01 17:00:00,,None
47401,71,MissedShots,0.8640000152587891,0.5309999847412109,0.09282220155000687,Mauro Icardi,h,1513,OpenPlay,2014,RightFoot,4886,Inter,Fiorentina,0,1,2015-03-01 17:00:00,Xherdan Shaqiri,Pass
48077,52,MissedShots,0.9130000305175782,0.5059999847412109,0.04791580140590668,Mauro Icardi,a,1513,OpenPlay,2014,Head,4896,Napoli,Inter,2,2,2015-03-08 19:45:00,Xherdan Shaqiri,Aerial
48081,68,MissedShots,0.8230000305175781,0.6359999847412109,0.031755100935697556,Mauro Icardi,a,1513,OpenPlay,2014,RightFoot,4896,Napoli,Inter,2,2,2015-03-08 19:45:00,Davide Santon,Pass
48085,86,Goal,0.885,0.5,0.7612990140914917,Mauro Icardi,a,1513,Penalty,2014,RightFoot,4896,Napoli,Inter,2,2,2015-03-08 19:45:00,,Standard
48317,65,SavedShot,0.9159999847412109,0.5170000076293946,0.06354980170726776,Mauro Icardi,h,1513,OpenPlay,2014,Head,4905,Inter,Cesena,1,1,2015-03-15 19:45:00,Danilo D&#039;Ambrosio,Aerial
48319,74,MissedShots,0.9780000305175781,0.6559999847412109,0.07781379669904709,Mauro Icardi,h,1513,OpenPlay,2014,LeftFoot,4905,Inter,Cesena,1,1,2015-03-15 19:45:00,Rodrigo Palacio,Pass
48321,85,MissedShots,0.94,0.45299999237060545,0.1412220001220703,Mauro Icardi,h,1513,OpenPlay,2014,Head,4905,Inter,Cesena,1,1,2015-03-15 19:45:00,Fredy Guarín,Cross
49083,13,MissedShots,0.9059999847412109,0.5,0.052103299647569656,Mauro Icardi,a,1513,OpenPlay,2014,Head,4914,Sampdoria,Inter,1,0,2015-03-22 19:45:00,Xherdan Shaqiri,Aerial
49089,44,MissedShots,0.835,0.29700000762939455,0.023879099637269974,Mauro Icardi,a,1513,OpenPlay,2014,LeftFoot,4914,Sampdoria,Inter,1,0,2015-03-22 19:45:00,Andrea Ranocchia,Pass
49090,45,ShotOnPost,0.915,0.73,0.04255029931664467,Mauro Icardi,a,1513,FromCorner,2014,RightFoot,4914,Sampdoria,Inter,1,0,2015-03-22 19:45:00,Fredy Guarín,Pass
49094,56,MissedShots,0.9169999694824219,0.4759999847412109,0.11062999814748764,Mauro Icardi,a,1513,OpenPlay,2014,Head,4914,Sampdoria,Inter,1,0,2015-03-22 19:45:00,Fredy Guarín,Cross
48640,10,Goal,0.9569999694824218,0.5029999923706054,0.6001459956169128,Mauro Icardi,a,1513,OpenPlay,2014,LeftFoot,4842,Verona,Inter,0,3,2015-04-11 19:45:00,Rodrigo Palacio,Cross
49228,77,BlockedShot,0.7380000305175781,0.5629999923706055,0.014228199608623981,Mauro Icardi,h,1513,OpenPlay,2014,RightFoot,4859,Inter,AC Milan,0,0,2015-04-19 19:45:00,Rodrigo Palacio,HeadPass
49237,89,MissedShots,0.855999984741211,0.47099998474121096,0.07761050015687943,Mauro Icardi,h,1513,OpenPlay,2014,RightFoot,4859,Inter,AC Milan,0,0,2015-04-19 19:45:00,Xherdan Shaqiri,Chipped
49554,49,BlockedShot,0.7780000305175782,0.3629999923706055,0.0672357976436615,Mauro Icardi,h,1513,OpenPlay,2014,RightFoot,4862,Inter,Roma,2,1,2015-04-25 19:45:00,,None
49556,51,MissedShots,0.914000015258789,0.33,0.15192699432373047,Mauro Icardi,h,1513,OpenPlay,2014,RightFoot,4862,Inter,Roma,2,1,2015-04-25 19:45:00,Fredy Guarín,Throughball
49563,83,MissedShots,0.855999984741211,0.49700000762939456,0.07895579934120178,Mauro Icardi,h,1513,OpenPlay,2014,RightFoot,4862,Inter,Roma,2,1,2015-04-25 19:45:00,Mateo Kovacic,BallRecovery
49564,87,Goal,0.91,0.3729999923706055,0.10191699862480164,Mauro Icardi,h,1513,OpenPlay,2014,RightFoot,4862,Inter,Roma,2,1,2015-04-25 19:45:00,Lukas Podolski,Pass
50498,2,MissedShots,0.754000015258789,0.7380000305175781,0.008090410381555557,Mauro Icardi,a,1513,OpenPlay,2014,RightFoot,4871,Udinese,Inter,1,2,2015-04-28 19:45:00,Davide Santon,TakeOn
50504,27,MissedShots,0.8819999694824219,0.565,0.03187020123004913,Mauro Icardi,a,1513,OpenPlay,2014,Head,4871,Udinese,Inter,1,2,2015-04-28 19:45:00,Danilo D&#039;Ambrosio,Cross
50509,44,SavedShot,0.9519999694824218,0.3609999847412109,0.08960320055484772,Mauro Icardi,a,1513,OpenPlay,2014,RightFoot,4871,Udinese,Inter,1,2,2015-04-28 19:45:00,Fredy Guarín,Pass
50512,47,Goal,0.885,0.5,0.7612990140914917,Mauro Icardi,a,1513,Penalty,2014,RightFoot,4871,Udinese,Inter,1,2,2015-04-28 19:45:00,,Standard
51227,18,ShotOnPost,0.9069999694824219,0.515,0.0830271989107132,Mauro Icardi,h,1513,FromCorner,2014,Head,4782,Inter,Chievo,0,0,2015-05-03 14:00:00,Juan Jesus,Cross
51251,78,MissedShots,0.865,0.56,0.0620867982506752,Mauro Icardi,h,1513,OpenPlay,2014,RightFoot,4782,Inter,Chievo,0,0,2015-05-03 14:00:00,Lukas Podolski,Cross
51255,91,SavedShot,0.78,0.485,0.03631620109081268,Mauro Icardi,h,1513,OpenPlay,2014,RightFoot,4782,Inter,Chievo,0,0,2015-05-03 14:00:00,Mateo Kovacic,Pass
50765,13,MissedShots,0.8980000305175782,0.375,0.3547300100326538,Mauro Icardi,a,1513,OpenPlay,2014,RightFoot,4797,Lazio,Inter,1,2,2015-05-10 19:45:00,Hernanes,Throughball
50770,28,MissedShots,0.7659999847412109,0.6909999847412109,0.014720500446856022,Mauro Icardi,a,1513,OpenPlay,2014,RightFoot,4797,Lazio,Inter,1,2,2015-05-10 19:45:00,Hernanes,Pass
50780,62,SavedShot,0.885,0.5,0.7612990140914917,Mauro Icardi,a,1513,Penalty,2014,RightFoot,4797,Lazio,Inter,1,2,2015-05-10 19:45:00,,Standard
49985,1,SavedShot,0.769000015258789,0.34799999237060547,0.021545400843024254,Mauro Icardi,h,1513,OpenPlay,2014,RightFoot,4799,Inter,Juventus,1,2,2015-05-16 17:00:00,Xherdan Shaqiri,Pass
49991,8,Goal,0.8880000305175781,0.5070000076293946,0.3492099940776825,Mauro Icardi,h,1513,FromCorner,2014,OtherBodyPart,4799,Inter,Juventus,1,2,2015-05-16 17:00:00,Marcelo Brozovic,Rebound
49993,14,SavedShot,0.8690000152587891,0.3990000152587891,0.10260599851608276,Mauro Icardi,h,1513,OpenPlay,2014,RightFoot,4799,Inter,Juventus,1,2,2015-05-16 17:00:00,Xherdan Shaqiri,Pass
50006,50,MissedShots,0.8630000305175781,0.35200000762939454,0.05481940135359764,Mauro Icardi,h,1513,OpenPlay,2014,RightFoot,4799,Inter,Juventus,1,2,2015-05-16 17:00:00,,None
50010,68,SavedShot,0.7280000305175781,0.629000015258789,0.015625499188899994,Mauro Icardi,h,1513,OpenPlay,2014,RightFoot,4799,Inter,Juventus,1,2,2015-05-16 17:00:00,Mateo Kovacic,Pass
50014,81,MissedShots,0.8780000305175781,0.565,0.029918400570750237,Mauro Icardi,h,1513,OpenPlay,2014,Head,4799,Inter,Juventus,1,2,2015-05-16 17:00:00,Yuto Nagatomo,Cross
50017,84,SavedShot,0.9230000305175782,0.45799999237060546,0.4793339967727661,Mauro Icardi,h,1513,OpenPlay,2014,RightFoot,4799,Inter,Juventus,1,2,2015-05-16 17:00:00,,Rebound
51171,18,Goal,0.9540000152587891,0.4470000076293945,0.4929719865322113,Mauro Icardi,a,1513,OpenPlay,2014,LeftFoot,4810,Genoa,Inter,3,2,2015-05-23 19:45:00,Hernanes,Cross
51187,73,BlockedShot,0.7719999694824219,0.6,0.02218550071120262,Mauro Icardi,a,1513,OpenPlay,2014,RightFoot,4810,Genoa,Inter,3,2,2015-05-23 19:45:00,Hernanes,Pass
51193,81,MissedShots,0.914000015258789,0.47700000762939454,0.3380410075187683,Mauro Icardi,a,1513,OpenPlay,2014,Head,4810,Genoa,Inter,3,2,2015-05-23 19:45:00,Xherdan Shaqiri,Cross
51196,91,BlockedShot,0.8230000305175781,0.6530000305175782,0.10898199677467346,Mauro Icardi,a,1513,DirectFreekick,2014,RightFoot,4810,Genoa,Inter,3,2,2015-05-23 19:45:00,,Standard
50039,5,BlockedShot,0.855,0.4879999923706055,0.019015800207853317,Mauro Icardi,h,1513,OpenPlay,2014,Head,4826,Inter,Empoli,4,3,2015-05-31 19:45:00,Marcelo Brozovic,Cross
50046,33,SavedShot,0.9119999694824219,0.6530000305175782,0.06214889883995056,Mauro Icardi,h,1513,FromCorner,2014,LeftFoot,4826,Inter,Empoli,4,3,2015-05-31 19:45:00,,Rebound
50055,52,Goal,0.8209999847412109,0.4909999847412109,0.2331009954214096,Mauro Icardi,h,1513,OpenPlay,2014,RightFoot,4826,Inter,Empoli,4,3,2015-05-31 19:45:00,Mateo Kovacic,Pass
50056,53,MissedShots,0.87,0.48700000762939455,0.1337299942970276,Mauro Icardi,h,1513,OpenPlay,2014,RightFoot,4826,Inter,Empoli,4,3,2015-05-31 19:45:00,Rodrigo Palacio,Pass
50064,64,MissedShots,0.95,0.5629999923706055,0.5415239930152893,Mauro Icardi,h,1513,OpenPlay,2014,RightFoot,4826,Inter,Empoli,4,3,2015-05-31 19:45:00,Rodrigo Palacio,Pass
50068,69,BlockedShot,0.885,0.425,0.11442899703979492,Mauro Icardi,h,1513,OpenPlay,2014,RightFoot,4826,Inter,Empoli,4,3,2015-05-31 19:45:00,Davide Santon,Pass
50071,74,MissedShots,0.835,0.46599998474121096,0.09047330170869827,Mauro Icardi,h,1513,OpenPlay,2014,RightFoot,4826,Inter,Empoli,4,3,2015-05-31 19:45:00,Marcelo Brozovic,Pass
50073,76,Goal,0.86,0.5070000076293946,0.11969000101089478,Mauro Icardi,h,1513,OpenPlay,2014,RightFoot,4826,Inter,Empoli,4,3,2015-05-31 19:45:00,Hernanes,Pass
50074,81,MissedShots,0.8680000305175781,0.3770000076293945,0.10114999860525131,Mauro Icardi,h,1513,OpenPlay,2014,RightFoot,4826,Inter,Empoli,4,3,2015-05-31 19:45:00,Marcelo Brozovic,Pass
50081,92,BlockedShot,0.8519999694824218,0.55,0.06371410191059113,Mauro Icardi,h,1513,OpenPlay,2014,RightFoot,4826,Inter,Empoli,4,3,2015-05-31 19:45:00,Davide Santon,Cross
93745,43,BlockedShot,0.9030000305175782,0.3320000076293945,0.06692689657211304,Mauro Icardi,h,1513,OpenPlay,2015,RightFoot,579,Inter,AC Milan,1,0,2015-09-13 22:45:00,Fredy Guarín,Pass
93747,45,SavedShot,0.9180000305175782,0.5820000076293945,0.3892439901828766,Mauro Icardi,h,1513,OpenPlay,2015,LeftFoot,579,Inter,AC Milan,1,0,2015-09-13 22:45:00,Stevan Jovetic,Throughball
93759,70,MissedShots,0.960999984741211,0.49,0.6306340098381042,Mauro Icardi,h,1513,OpenPlay,2015,Head,579,Inter,AC Milan,1,0,2015-09-13 22:45:00,Davide Santon,Cross
95026,41,Goal,0.9369999694824219,0.4909999847412109,0.8411419987678528,Mauro Icardi,a,1513,OpenPlay,2015,LeftFoot,583,Chievo,Inter,0,1,2015-09-20 14:30:00,,TakeOn
95648,29,MissedShots,0.855,0.48700000762939455,0.023613600060343742,Mauro Icardi,h,1513,OpenPlay,2015,Head,598,Inter,Verona,1,0,2015-09-23 22:45:00,Davide Santon,Cross
95948,59,ShotOnPost,0.925,0.5059999847412109,0.3976159989833832,Mauro Icardi,h,1513,SetPiece,2015,Head,608,Inter,Fiorentina,1,4,2015-09-27 22:45:00,Alex Telles,Cross
95949,59,Goal,0.9819999694824219,0.5129999923706055,0.9596449732780457,Mauro Icardi,h,1513,SetPiece,2015,RightFoot,608,Inter,Fiorentina,1,4,2015-09-27 22:45:00,,Rebound
96444,74,BlockedShot,0.9069999694824219,0.534000015258789,0.08526860177516937,Mauro Icardi,a,1513,OpenPlay,2015,RightFoot,615,Sampdoria,Inter,1,1,2015-10-04 17:00:00,Rey Manaj,BallTouch
97430,71,MissedShots,0.8430000305175781,0.5579999923706055,0.009819789789617062,Mauro Icardi,a,1513,OpenPlay,2015,Head,633,Palermo,Inter,1,1,2015-10-24 22:45:00,Fredy Guarín,Aerial
97766,47,SavedShot,0.905,0.49900001525878906,0.05495940148830414,Mauro Icardi,a,1513,OpenPlay,2015,Head,641,Bologna,Inter,0,1,2015-10-27 23:45:00,Andrea Ranocchia,Pass
97772,66,Goal,0.9469999694824218,0.46900001525878904,0.6294180154800415,Mauro Icardi,a,1513,OpenPlay,2015,RightFoot,641,Bologna,Inter,0,1,2015-10-27 23:45:00,Adem Ljajic,Pass
97774,77,MissedShots,0.76,0.4909999847412109,0.02949710004031658,Mauro Icardi,a,1513,OpenPlay,2015,RightFoot,641,Bologna,Inter,0,1,2015-10-27 23:45:00,Adem Ljajic,Pass
97775,78,BlockedShot,0.92,0.39,0.08701249957084656,Mauro Icardi,a,1513,OpenPlay,2015,RightFoot,641,Bologna,Inter,0,1,2015-10-27 23:45:00,Fredy Guarín,Cross
98932,9,MissedShots,0.9080000305175782,0.5059999847412109,0.05708390101790428,Mauro Icardi,a,1513,OpenPlay,2015,Head,663,Torino,Inter,0,1,2015-11-08 15:30:00,Felipe Melo,Aerial
98938,35,SavedShot,0.8569999694824219,0.4179999923706055,0.09457969665527344,Mauro Icardi,a,1513,OpenPlay,2015,RightFoot,663,Torino,Inter,0,1,2015-11-08 15:30:00,Rodrigo Palacio,Pass
99379,52,Goal,0.97,0.5029999923706054,0.9172989726066589,Mauro Icardi,h,1513,OpenPlay,2015,RightFoot,680,Inter,Frosinone,4,0,2015-11-22 23:45:00,Adem Ljajic,Pass
99385,71,BlockedShot,0.745,0.6120000076293945,0.01957090012729168,Mauro Icardi,h,1513,OpenPlay,2015,RightFoot,680,Inter,Frosinone,4,0,2015-11-22 23:45:00,,BallTouch
99387,74,SavedShot,0.8069999694824219,0.6819999694824219,0.026807300746440887,Mauro Icardi,h,1513,OpenPlay,2015,RightFoot,680,Inter,Frosinone,4,0,2015-11-22 23:45:00,,None
99875,31,MissedShots,0.8530000305175781,0.485,0.02064879983663559,Mauro Icardi,a,1513,OpenPlay,2015,Head,690,Napoli,Inter,2,1,2015-12-01 00:00:00,Danilo D&#039;Ambrosio,Cross
100983,22,Goal,0.889000015258789,0.32599998474121095,0.060358498245477676,Mauro Icardi,a,1513,OpenPlay,2015,RightFoot,703,Udinese,Inter,0,4,2015-12-12 23:45:00,,BallRecovery
101002,82,Goal,0.89,0.27100000381469724,0.054287999868392944,Mauro Icardi,a,1513,OpenPlay,2015,RightFoot,703,Udinese,Inter,0,4,2015-12-12 23:45:00,,Foul
101449,60,Goal,0.8390000152587891,0.5570000076293945,0.24601300060749054,Mauro Icardi,h,1513,OpenPlay,2015,RightFoot,719,Inter,Lazio,1,2,2015-12-20 23:45:00,Ivan Perisic,Pass
101454,96,MissedShots,0.895,0.44299999237060544,0.022774100303649902,Mauro Icardi,h,1513,SetPiece,2015,Head,719,Inter,Lazio,1,2,2015-12-20 23:45:00,Marcelo Brozovic,Aerial
101819,28,MissedShots,0.9330000305175781,0.5359999847412109,0.11530999839305878,Mauro Icardi,a,1513,FromCorner,2015,Head,728,Empoli,Inter,0,1,2016-01-06 21:00:00,Adem Ljajic,Cross
101825,45,Goal,0.9719999694824218,0.5379999923706055,0.6129609942436218,Mauro Icardi,a,1513,OpenPlay,2015,RightFoot,728,Empoli,Inter,0,1,2016-01-06 21:00:00,Ivan Perisic,Cross
102515,3,MissedShots,0.9130000305175782,0.3609999847412109,0.2969439923763275,Mauro Icardi,h,1513,OpenPlay,2015,RightFoot,733,Inter,Sassuolo,0,1,2016-01-10 15:30:00,Gary Medel,Throughball
102548,89,SavedShot,0.740999984741211,0.47400001525878904,0.013509299606084824,Mauro Icardi,h,1513,FromCorner,2015,RightFoot,733,Inter,Sassuolo,0,1,2016-01-10 15:30:00,,Aerial
94168,62,MissedShots,0.8959999847412109,0.49900001525878906,0.07131759822368622,Mauro Icardi,a,1513,OpenPlay,2015,Head,740,Atalanta,Inter,1,1,2016-01-16 18:00:00,Gary Medel,Cross
94170,65,MissedShots,0.905,0.5879999923706055,0.08944539725780487,Mauro Icardi,a,1513,OpenPlay,2015,LeftFoot,740,Atalanta,Inter,1,1,2016-01-16 18:00:00,Ivan Perisic,Cross
94171,66,MissedShots,0.9269999694824219,0.34400001525878904,0.06575659662485123,Mauro Icardi,a,1513,OpenPlay,2015,RightFoot,740,Atalanta,Inter,1,1,2016-01-16 18:00:00,Adem Ljajic,Chipped
93995,25,BlockedShot,0.8690000152587891,0.4370000076293945,0.09321170300245285,Mauro Icardi,h,1513,SetPiece,2015,RightFoot,755,Inter,Carpi,1,1,2016-01-24 18:00:00,Adem Ljajic,Pass
93996,25,MissedShots,0.919000015258789,0.38799999237060545,0.013975800015032291,Mauro Icardi,h,1513,FromCorner,2015,Head,755,Inter,Carpi,1,1,2016-01-24 18:00:00,Adem Ljajic,Aerial
94556,68,SavedShot,0.8959999847412109,0.34700000762939454,0.10356400161981583,Mauro Icardi,a,1513,OpenPlay,2015,RightFoot,770,AC Milan,Inter,3,0,2016-01-31 23:45:00,Adem Ljajic,Throughball
94557,69,ShotOnPost,0.885,0.5,0.7612180113792419,Mauro Icardi,a,1513,Penalty,2015,RightFoot,770,AC Milan,Inter,3,0,2016-01-31 23:45:00,,Standard
95377,12,SavedShot,0.865999984741211,0.4470000076293945,0.1044280007481575,Mauro Icardi,h,1513,OpenPlay,2015,RightFoot,774,Inter,Chievo,1,0,2016-02-03 23:45:00,Marcelo Brozovic,Pass
95384,33,MissedShots,0.925,0.46799999237060547,0.04854569956660271,Mauro Icardi,h,1513,FromCorner,2015,Head,774,Inter,Chievo,1,0,2016-02-03 23:45:00,Marcelo Brozovic,Aerial
95385,34,MissedShots,0.5359999847412109,0.445,0.007734039798378944,Mauro Icardi,h,1513,OpenPlay,2015,RightFoot,774,Inter,Chievo,1,0,2016-02-03 23:45:00,,Dispossessed
95393,47,Goal,0.9590000152587891,0.5279999923706055,0.6766669750213623,Mauro Icardi,h,1513,FromCorner,2015,RightFoot,774,Inter,Chievo,1,0,2016-02-03 23:45:00,Miranda,Pass
95394,55,ShotOnPost,0.96,0.47700000762939454,0.6141989827156067,Mauro Icardi,h,1513,OpenPlay,2015,Head,774,Inter,Chievo,1,0,2016-02-03 23:45:00,Yuto Nagatomo,Cross
95396,65,SavedShot,0.895,0.38799999237060545,0.13546599447727203,Mauro Icardi,h,1513,OpenPlay,2015,RightFoot,774,Inter,Chievo,1,0,2016-02-03 23:45:00,Yuto Nagatomo,Throughball
94904,60,Goal,0.9119999694824219,0.5179999923706055,0.39131999015808105,Mauro Icardi,a,1513,OpenPlay,2015,RightFoot,783,Verona,Inter,3,3,2016-02-07 15:30:00,Ivan Perisic,Pass
94915,86,MissedShots,0.9230000305175782,0.45599998474121095,0.33932599425315857,Mauro Icardi,a,1513,OpenPlay,2015,Head,783,Verona,Inter,3,3,2016-02-07 15:30:00,Jonathan Biabiany,Cross
96698,72,Goal,0.855,0.544000015258789,0.39615800976753235,Mauro Icardi,h,1513,OpenPlay,2015,LeftFoot,803,Inter,Sampdoria,3,1,2016-02-20 23:45:00,Marcelo Brozovic,TakeOn
97675,22,Goal,0.9359999847412109,0.47400001525878904,0.13681000471115112,Mauro Icardi,h,1513,OpenPlay,2015,LeftFoot,830,Inter,Palermo,3,1,2016-03-06 23:45:00,Rodrigo Palacio,Cross
99176,16,Goal,0.885,0.5,0.7612990140914917,Mauro Icardi,h,1513,Penalty,2015,RightFoot,859,Inter,Torino,1,2,2016-04-03 22:45:00,,Standard
99181,33,MissedShots,0.8980000305175782,0.40599998474121096,0.06467899680137634,Mauro Icardi,h,1513,FromCorner,2015,LeftFoot,859,Inter,Torino,1,2,2016-04-03 22:45:00,Ivan Perisic,BallTouch
99189,67,SavedShot,0.9319999694824219,0.48200000762939454,0.0751177966594696,Mauro Icardi,h,1513,OpenPlay,2015,Head,859,Inter,Torino,1,2,2016-04-03 22:45:00,Ivan Perisic,Aerial
99647,73,Goal,0.9019999694824219,0.55,0.04606650024652481,Mauro Icardi,a,1513,OpenPlay,2015,Head,861,Frosinone,Inter,0,1,2016-04-09 17:00:00,Ivan Perisic,Aerial
100119,3,Goal,0.915,0.5129999923706055,0.34007498621940613,Mauro Icardi,h,1513,OpenPlay,2015,LeftFoot,873,Inter,Napoli,2,0,2016-04-16 22:45:00,Gary Medel,Chipped
100639,27,BlockedShot,0.924000015258789,0.585,0.07897499948740005,Mauro Icardi,a,1513,OpenPlay,2015,Head,888,Genoa,Inter,1,0,2016-04-20 22:45:00,Rodrigo Palacio,Cross
100642,36,MissedShots,0.8769999694824219,0.5709999847412109,0.09869120270013809,Mauro Icardi,a,1513,OpenPlay,2015,RightFoot,888,Genoa,Inter,1,0,2016-04-20 22:45:00,Rodrigo Palacio,Pass
100657,82,MissedShots,0.9369999694824219,0.519000015258789,0.12164399772882462,Mauro Icardi,a,1513,OpenPlay,2015,Head,888,Genoa,Inter,1,0,2016-04-20 22:45:00,Rodrigo Palacio,Cross
101245,25,MissedShots,0.9030000305175782,0.544000015258789,0.08827680349349976,Mauro Icardi,h,1513,OpenPlay,2015,LeftFoot,891,Inter,Udinese,3,1,2016-04-23 22:45:00,Jonathan Biabiany,HeadPass
101250,42,MissedShots,0.955999984741211,0.5120000076293946,0.1421460062265396,Mauro Icardi,h,1513,OpenPlay,2015,Head,891,Inter,Udinese,3,1,2016-04-23 22:45:00,Jonathan Biabiany,Aerial
101264,69,MissedShots,0.81,0.629000015258789,0.0381023995578289,Mauro Icardi,h,1513,OpenPlay,2015,RightFoot,891,Inter,Udinese,3,1,2016-04-23 22:45:00,Geoffrey Kondogbia,Pass
102095,11,Goal,0.8619999694824219,0.5329999923706055,0.3497520089149475,Mauro Icardi,h,1513,OpenPlay,2015,RightFoot,911,Inter,Empoli,2,1,2016-05-07 20:00:00,Ivan Perisic,Pass
102107,41,MissedShots,0.895,0.42700000762939455,0.35395199060440063,Mauro Icardi,h,1513,OpenPlay,2015,RightFoot,911,Inter,Empoli,2,1,2016-05-07 20:00:00,Danilo D&#039;Ambrosio,TakeOn
144935,69,MissedShots,0.9230000305175782,0.4779999923706055,0.35848599672317505,Mauro Icardi,h,1513,SetPiece,2016,Head,943,Inter,Palermo,1,1,2016-08-28 20:00:00,Éver Banega,Cross
144936,71,Goal,0.9569999694824218,0.4229999923706055,0.3432779908180237,Mauro Icardi,h,1513,OpenPlay,2016,Head,943,Inter,Palermo,1,1,2016-08-28 20:00:00,Antonio Candreva,Cross
145520,11,SavedShot,0.92,0.639000015258789,0.12655100226402283,Mauro Icardi,a,1513,OpenPlay,2016,RightFoot,958,Pescara,Inter,1,2,2016-09-11 22:45:00,Ivan Perisic,Throughball
145530,43,MissedShots,0.915,0.5379999923706055,0.10549899935722351,Mauro Icardi,a,1513,OpenPlay,2016,Head,958,Pescara,Inter,1,2,2016-09-11 22:45:00,Antonio Candreva,Cross
145532,48,MissedShots,0.9290000152587891,0.495,0.1392190009355545,Mauro Icardi,a,1513,OpenPlay,2016,Head,958,Pescara,Inter,1,2,2016-09-11 22:45:00,Antonio Candreva,Cross
145539,56,MissedShots,0.9290000152587891,0.4570000076293945,0.0484687015414238,Mauro Icardi,a,1513,FromCorner,2016,Head,958,Pescara,Inter,1,2,2016-09-11 22:45:00,Antonio Candreva,Aerial
145541,59,MissedShots,0.8909999847412109,0.5270000076293946,0.03795599937438965,Mauro Icardi,a,1513,OpenPlay,2016,Head,958,Pescara,Inter,1,2,2016-09-11 22:45:00,Davide Santon,Aerial
145545,75,MissedShots,0.9469999694824218,0.44799999237060545,0.12185899913311005,Mauro Icardi,a,1513,FromCorner,2016,Head,958,Pescara,Inter,1,2,2016-09-11 22:45:00,Éver Banega,Cross
145546,76,Goal,0.8930000305175781,0.47200000762939454,0.06864439696073532,Mauro Icardi,a,1513,OpenPlay,2016,Head,958,Pescara,Inter,1,2,2016-09-11 22:45:00,Éver Banega,Cross
145549,90,Goal,0.875999984741211,0.580999984741211,0.3581889867782593,Mauro Icardi,a,1513,OpenPlay,2016,RightFoot,958,Pescara,Inter,1,2,2016-09-11 22:45:00,,None
145923,19,BlockedShot,0.905,0.519000015258789,0.10766000300645828,Mauro Icardi,h,1513,OpenPlay,2016,Head,968,Inter,Juventus,2,1,2016-09-18 20:00:00,Éder,Cross
145927,33,ShotOnPost,0.889000015258789,0.7319999694824219,0.039297301322221756,Mauro Icardi,h,1513,OpenPlay,2016,RightFoot,968,Inter,Juventus,2,1,2016-09-18 20:00:00,,Tackle
145930,39,BlockedShot,0.8009999847412109,0.3370000076293945,0.031427301466464996,Mauro Icardi,h,1513,OpenPlay,2016,RightFoot,968,Inter,Juventus,2,1,2016-09-18 20:00:00,Antonio Candreva,Chipped
145932,49,MissedShots,0.8919999694824219,0.5259999847412109,0.07957760244607925,Mauro Icardi,h,1513,OpenPlay,2016,Head,968,Inter,Juventus,2,1,2016-09-18 20:00:00,Davide Santon,Cross
145935,58,MissedShots,0.9219999694824219,0.710999984741211,0.04583920165896416,Mauro Icardi,h,1513,OpenPlay,2016,RightFoot,968,Inter,Juventus,2,1,2016-09-18 20:00:00,,None
145938,67,Goal,0.9259999847412109,0.534000015258789,0.04866880178451538,Mauro Icardi,h,1513,FromCorner,2016,Head,968,Inter,Juventus,2,1,2016-09-18 20:00:00,Éver Banega,Aerial
146409,9,Goal,0.96,0.5220000076293946,0.6138269901275635,Mauro Icardi,a,1513,OpenPlay,2016,Head,973,Empoli,Inter,0,2,2016-09-21 22:45:00,Antonio Candreva,Cross
146412,16,Goal,0.8159999847412109,0.45599998474121095,0.32904401421546936,Mauro Icardi,a,1513,OpenPlay,2016,RightFoot,973,Empoli,Inter,0,2,2016-09-21 22:45:00,João Mário,Throughball
146423,55,BlockedShot,0.909000015258789,0.44299999237060544,0.143885999917984,Mauro Icardi,a,1513,OpenPlay,2016,RightFoot,973,Empoli,Inter,0,2,2016-09-21 22:45:00,Geoffrey Kondogbia,Pass
146998,1,MissedShots,0.8859999847412109,0.48700000762939455,0.0209135003387928,Mauro Icardi,h,1513,SetPiece,2016,Head,985,Inter,Bologna,1,1,2016-09-25 17:00:00,Éver Banega,Aerial
147009,43,MissedShots,0.874000015258789,0.43400001525878906,0.07713600248098373,Mauro Icardi,h,1513,OpenPlay,2016,RightFoot,985,Inter,Bologna,1,1,2016-09-25 17:00:00,Antonio Candreva,Cross
147013,52,SavedShot,0.9740000152587891,0.39799999237060546,0.08400619775056839,Mauro Icardi,h,1513,OpenPlay,2016,RightFoot,985,Inter,Bologna,1,1,2016-09-25 17:00:00,,None
147014,52,MissedShots,0.9880000305175781,0.38,0.061988599598407745,Mauro Icardi,h,1513,OpenPlay,2016,RightFoot,985,Inter,Bologna,1,1,2016-09-25 17:00:00,,Rebound
147017,80,MissedShots,0.9519999694824218,0.4909999847412109,0.08228360116481781,Mauro Icardi,h,1513,FromCorner,2016,Head,985,Inter,Bologna,1,1,2016-09-25 17:00:00,Gabriel,Aerial
147021,88,MissedShots,0.8959999847412109,0.4490000152587891,0.03849869966506958,Mauro Icardi,h,1513,OpenPlay,2016,Head,985,Inter,Bologna,1,1,2016-09-25 17:00:00,Éder,Aerial
147760,0,MissedShots,0.9119999694824219,0.4809999847412109,0.09298550337553024,Mauro Icardi,a,1513,FromCorner,2016,Head,999,Roma,Inter,2,1,2016-10-02 22:45:00,Éver Banega,Cross
147794,75,OwnGoal,0.058000001907348636,0.5029999923706054,0,Mauro Icardi,a,1513,SetPiece,2016,Head,999,Roma,Inter,2,1,2016-10-02 22:45:00,,BallRecovery
148034,7,BlockedShot,0.95,0.37900001525878907,0.02721649967133999,Mauro Icardi,h,1513,FromCorner,2016,Head,1005,Inter,Cagliari,1,2,2016-10-16 17:00:00,Antonio Candreva,Cross
148036,25,MissedShots,0.885,0.5,0.7612990140914917,Mauro Icardi,h,1513,Penalty,2016,RightFoot,1005,Inter,Cagliari,1,2,2016-10-16 17:00:00,,Standard
148038,29,MissedShots,0.935,0.39,0.054827798157930374,Mauro Icardi,h,1513,FromCorner,2016,RightFoot,1005,Inter,Cagliari,1,2,2016-10-16 17:00:00,Antonio Candreva,Cross
148053,67,MissedShots,0.9390000152587891,0.5159999847412109,0.11999300122261047,Mauro Icardi,h,1513,OpenPlay,2016,Head,1005,Inter,Cagliari,1,2,2016-10-16 17:00:00,Cristian Ansaldi,Aerial
148524,56,MissedShots,0.8519999694824218,0.509000015258789,0.019579699262976646,Mauro Icardi,a,1513,OpenPlay,2016,Head,1017,Atalanta,Inter,2,1,2016-10-23 17:00:00,Miranda,Cross
149101,34,Goal,0.9159999847412109,0.524000015258789,0.107635997235775,Mauro Icardi,h,1513,OpenPlay,2016,RightFoot,3281,Inter,Torino,2,1,2016-10-26 22:45:00,,None
149103,41,MissedShots,0.8769999694824219,0.6669999694824219,0.064028300344944,Mauro Icardi,h,1513,OpenPlay,2016,LeftFoot,3281,Inter,Torino,2,1,2016-10-26 22:45:00,Marcelo Brozovic,Pass
149119,79,BlockedShot,0.924000015258789,0.525,0.3514310121536255,Mauro Icardi,h,1513,OpenPlay,2016,RightFoot,3281,Inter,Torino,2,1,2016-10-26 22:45:00,Antonio Candreva,Chipped
149122,87,Goal,0.8419999694824218,0.5070000076293946,0.09097930043935776,Mauro Icardi,h,1513,OpenPlay,2016,RightFoot,3281,Inter,Torino,2,1,2016-10-26 22:45:00,Rodrigo Palacio,Pass
149773,39,MissedShots,0.970999984741211,0.5640000152587891,0.5303509831428528,Mauro Icardi,a,1513,OpenPlay,2016,OtherBodyPart,3297,Sampdoria,Inter,1,0,2016-10-30 23:45:00,Éder,Pass
149777,62,MissedShots,0.9030000305175782,0.5459999847412109,0.031088100746273994,Mauro Icardi,a,1513,OpenPlay,2016,Head,3297,Sampdoria,Inter,1,0,2016-10-30 23:45:00,Davide Santon,Aerial
149778,66,MissedShots,0.9490000152587891,0.5220000076293946,0.5480290055274963,Mauro Icardi,a,1513,OpenPlay,2016,OtherBodyPart,3297,Sampdoria,Inter,1,0,2016-10-30 23:45:00,Marcelo Brozovic,Cross
150202,47,SavedShot,0.9380000305175781,0.5520000076293945,0.13328400254249573,Mauro Icardi,h,1513,OpenPlay,2016,Head,2753,Inter,Crotone,3,0,2016-11-06 21:00:00,Ivan Perisic,Cross
150206,57,MissedShots,0.909000015258789,0.39,0.02390659973025322,Mauro Icardi,h,1513,FromCorner,2016,Head,2753,Inter,Crotone,3,0,2016-11-06 21:00:00,Antonio Candreva,Cross
150212,75,MissedShots,0.899000015258789,0.4279999923706055,0.09174039959907532,Mauro Icardi,h,1513,OpenPlay,2016,RightFoot,2753,Inter,Crotone,3,0,2016-11-06 21:00:00,Antonio Candreva,Cross
150216,87,Goal,0.885,0.5,0.7612990140914917,Mauro Icardi,h,1513,Penalty,2016,RightFoot,2753,Inter,Crotone,3,0,2016-11-06 21:00:00,,Standard
150218,92,Goal,0.9059999847412109,0.5109999847412109,0.5349230170249939,Mauro Icardi,h,1513,OpenPlay,2016,RightFoot,2753,Inter,Crotone,3,0,2016-11-06 21:00:00,Éder,Pass
150854,35,MissedShots,0.9259999847412109,0.33799999237060546,0.06448660045862198,Mauro Icardi,a,1513,OpenPlay,2016,RightFoot,2765,AC Milan,Inter,2,2,2016-11-20 23:45:00,,None
150870,68,SavedShot,0.9280000305175782,0.37099998474121093,0.10533899813890457,Mauro Icardi,a,1513,OpenPlay,2016,RightFoot,2765,AC Milan,Inter,2,2,2016-11-20 23:45:00,Danilo D&#039;Ambrosio,Throughball
150874,83,SavedShot,0.9619999694824218,0.5770000076293945,0.10781999677419662,Mauro Icardi,a,1513,OpenPlay,2016,RightFoot,2765,AC Milan,Inter,2,2,2016-11-20 23:45:00,Ivan Perisic,Cross
151210,18,Goal,0.9259999847412109,0.41,0.4819220006465912,Mauro Icardi,h,1513,OpenPlay,2016,RightFoot,2775,Inter,Fiorentina,4,2,2016-11-29 00:00:00,Antonio Candreva,TakeOn
151212,30,BlockedShot,0.9359999847412109,0.44099998474121094,0.14242999255657196,Mauro Icardi,h,1513,OpenPlay,2016,RightFoot,2775,Inter,Fiorentina,4,2,2016-11-29 00:00:00,Danilo D&#039;Ambrosio,Cross
151221,55,MissedShots,0.865999984741211,0.5579999923706055,0.12930899858474731,Mauro Icardi,h,1513,OpenPlay,2016,RightFoot,2775,Inter,Fiorentina,4,2,2016-11-29 00:00:00,João Mário,Pass
151234,90,Goal,0.97,0.565,0.6679400205612183,Mauro Icardi,h,1513,OpenPlay,2016,RightFoot,2775,Inter,Fiorentina,4,2,2016-11-29 00:00:00,,Rebound
151235,92,MissedShots,0.9359999847412109,0.585,0.13471899926662445,Mauro Icardi,h,1513,OpenPlay,2016,RightFoot,2775,Inter,Fiorentina,4,2,2016-11-29 00:00:00,Ivan Perisic,Chipped
151879,19,MissedShots,0.884000015258789,0.6759999847412109,0.06336209923028946,Mauro Icardi,a,1513,OpenPlay,2016,LeftFoot,3066,Napoli,Inter,3,0,2016-12-02 23:45:00,Éver Banega,Pass
151880,20,SavedShot,0.8690000152587891,0.45599998474121095,0.29988500475883484,Mauro Icardi,a,1513,OpenPlay,2016,RightFoot,3066,Napoli,Inter,3,0,2016-12-02 23:45:00,Marcelo Brozovic,Pass
151884,33,SavedShot,0.8969999694824219,0.33,0.08506429940462112,Mauro Icardi,a,1513,OpenPlay,2016,RightFoot,3066,Napoli,Inter,3,0,2016-12-02 23:45:00,Antonio Candreva,Throughball
152406,37,BlockedShot,0.8080000305175781,0.6370000076293946,0.04151289910078049,Mauro Icardi,h,1513,OpenPlay,2016,RightFoot,3083,Inter,Genoa,2,0,2016-12-11 23:45:00,João Mário,Chipped
152411,55,MissedShots,0.9280000305175782,0.62,0.028682999312877655,Mauro Icardi,h,1513,OpenPlay,2016,Head,3083,Inter,Genoa,2,0,2016-12-11 23:45:00,Antonio Candreva,Aerial
152990,27,MissedShots,0.915,0.52,0.33065199851989746,Mauro Icardi,a,1513,OpenPlay,2016,Head,3090,Sassuolo,Inter,0,1,2016-12-18 15:30:00,Antonio Candreva,Cross
152994,34,MissedShots,0.9169999694824219,0.605999984741211,0.09559039771556854,Mauro Icardi,a,1513,OpenPlay,2016,RightFoot,3090,Sassuolo,Inter,0,1,2016-12-18 15:30:00,,Rebound
152997,38,MissedShots,0.9269999694824219,0.4759999847412109,0.11249300092458725,Mauro Icardi,a,1513,FromCorner,2016,Head,3090,Sassuolo,Inter,0,1,2016-12-18 15:30:00,João Mário,Cross
153454,37,MissedShots,0.9080000305175782,0.45799999237060546,0.04228319972753525,Mauro Icardi,h,1513,SetPiece,2016,Head,3098,Inter,Lazio,3,0,2016-12-21 19:45:00,Éver Banega,Aerial
153456,52,BlockedShot,0.9590000152587891,0.5329999923706055,0.15241500735282898,Mauro Icardi,h,1513,OpenPlay,2016,RightFoot,3098,Inter,Lazio,3,0,2016-12-21 19:45:00,Antonio Candreva,Pass
153458,55,Goal,0.9330000305175781,0.41900001525878905,0.29618000984191895,Mauro Icardi,h,1513,OpenPlay,2016,Head,3098,Inter,Lazio,3,0,2016-12-21 19:45:00,Danilo D&#039;Ambrosio,Cross
153460,64,Goal,0.8959999847412109,0.43900001525878907,0.11312100291252136,Mauro Icardi,h,1513,SetPiece,2016,RightFoot,3098,Inter,Lazio,3,0,2016-12-21 19:45:00,Éver Banega,Pass
153461,70,SavedShot,0.884000015258789,0.3270000076293945,0.13395200669765472,Mauro Icardi,h,1513,OpenPlay,2016,RightFoot,3098,Inter,Lazio,3,0,2016-12-21 19:45:00,Éver Banega,Throughball
153463,81,ShotOnPost,0.9030000305175782,0.45599998474121095,0.12048300355672836,Mauro Icardi,h,1513,OpenPlay,2016,RightFoot,3098,Inter,Lazio,3,0,2016-12-21 19:45:00,Rodrigo Palacio,HeadPass
144579,11,MissedShots,0.9169999694824219,0.555,0.09010309725999832,Mauro Icardi,h,1513,OpenPlay,2016,Head,3531,Inter,Chievo,3,1,2017-01-14 23:45:00,Cristian Ansaldi,Cross
144585,24,MissedShots,0.94,0.33,0.07036600261926651,Mauro Icardi,h,1513,OpenPlay,2016,RightFoot,3531,Inter,Chievo,3,1,2017-01-14 23:45:00,Danilo D&#039;Ambrosio,Pass
144587,27,BlockedShot,0.9119999694824219,0.3240000152587891,0.030384700745344162,Mauro Icardi,h,1513,OpenPlay,2016,RightFoot,3531,Inter,Chievo,3,1,2017-01-14 23:45:00,Antonio Candreva,Cross
144595,45,SavedShot,0.9280000305175782,0.4279999923706055,0.02762800082564354,Mauro Icardi,h,1513,FromCorner,2016,Head,3531,Inter,Chievo,3,1,2017-01-14 23:45:00,Antonio Candreva,Aerial
144603,63,BlockedShot,0.9180000305175782,0.595999984741211,0.07930269837379456,Mauro Icardi,h,1513,SetPiece,2016,RightFoot,3531,Inter,Chievo,3,1,2017-01-14 23:45:00,,None
144607,68,Goal,0.9469999694824218,0.435,0.43568000197410583,Mauro Icardi,h,1513,OpenPlay,2016,LeftFoot,3531,Inter,Chievo,3,1,2017-01-14 23:45:00,Antonio Candreva,Cross
144608,71,SavedShot,0.885,0.7119999694824218,0.040129899978637695,Mauro Icardi,h,1513,OpenPlay,2016,RightFoot,3531,Inter,Chievo,3,1,2017-01-14 23:45:00,Éder,Pass
144610,80,MissedShots,0.8859999847412109,0.6519999694824219,0.06780099868774414,Mauro Icardi,h,1513,OpenPlay,2016,RightFoot,3531,Inter,Chievo,3,1,2017-01-14 23:45:00,Éver Banega,Chipped
145169,10,SavedShot,0.8530000305175781,0.5379999923706055,0.07737799733877182,Mauro Icardi,a,1513,OpenPlay,2016,LeftFoot,3543,Palermo,Inter,0,1,2017-01-22 14:00:00,Miranda,Chipped
145173,26,MissedShots,0.9319999694824219,0.45799999237060546,0.502481997013092,Mauro Icardi,a,1513,FromCorner,2016,RightFoot,3543,Palermo,Inter,0,1,2017-01-22 14:00:00,,Rebound
145178,45,MissedShots,0.7980000305175782,0.30100000381469727,0.06669429689645767,Mauro Icardi,a,1513,DirectFreekick,2016,RightFoot,3543,Palermo,Inter,0,1,2017-01-22 14:00:00,,Standard
145184,60,SavedShot,0.9130000305175782,0.41700000762939454,0.1269579976797104,Mauro Icardi,a,1513,OpenPlay,2016,LeftFoot,3543,Palermo,Inter,0,1,2017-01-22 14:00:00,Roberto Gagliardini,Throughball
145186,74,BlockedShot,0.845,0.45599998474121095,0.09949109703302383,Mauro Icardi,a,1513,OpenPlay,2016,RightFoot,3543,Palermo,Inter,0,1,2017-01-22 14:00:00,Cristian Ansaldi,Pass
145819,74,MissedShots,0.7319999694824219,0.415,0.025439299643039703,Mauro Icardi,h,1513,OpenPlay,2016,RightFoot,3551,Inter,Pescara,3,0,2017-01-28 22:45:00,João Mário,Pass
146190,38,MissedShots,0.9490000152587891,0.59,0.1058100014925003,Mauro Icardi,a,1513,OpenPlay,2016,RightFoot,3568,Juventus,Inter,1,0,2017-02-05 19:45:00,Ivan Perisic,Cross
146199,67,MissedShots,0.7719999694824219,0.4759999847412109,0.04811190068721771,Mauro Icardi,a,1513,OpenPlay,2016,RightFoot,3568,Juventus,Inter,1,0,2017-02-05 19:45:00,João Mário,Pass
147742,41,MissedShots,0.9169999694824219,0.5709999847412109,0.020792100578546524,Mauro Icardi,h,1513,FromCorner,2016,Head,3598,Inter,Roma,1,3,2017-02-26 19:45:00,Marcelo Brozovic,Aerial
147750,63,MissedShots,0.8959999847412109,0.56,0.06450240314006805,Mauro Icardi,h,1513,OpenPlay,2016,LeftFoot,3598,Inter,Roma,1,3,2017-02-26 19:45:00,Ivan Perisic,Cross
147752,71,MissedShots,0.9369999694824219,0.40599998474121096,0.05533650144934654,Mauro Icardi,h,1513,FromCorner,2016,Head,3598,Inter,Roma,1,3,2017-02-26 19:45:00,Antonio Candreva,Cross
147755,80,Goal,0.98,0.555,0.6411939859390259,Mauro Icardi,h,1513,OpenPlay,2016,LeftFoot,3598,Inter,Roma,1,3,2017-02-26 19:45:00,Ivan Perisic,Pass
147757,86,MissedShots,0.8969999694824219,0.54,0.051292598247528076,Mauro Icardi,h,1513,FromCorner,2016,Head,3598,Inter,Roma,1,3,2017-02-26 19:45:00,Gabriel,Cross
147758,93,MissedShots,0.9230000305175782,0.5629999923706055,0.05820310115814209,Mauro Icardi,h,1513,OpenPlay,2016,Head,3598,Inter,Roma,1,3,2017-02-26 19:45:00,Ivan Perisic,Aerial
148335,25,MissedShots,0.9719999694824218,0.38599998474121094,0.06411699950695038,Mauro Icardi,a,1513,OpenPlay,2016,RightFoot,3605,Cagliari,Inter,1,5,2017-03-05 14:00:00,Ivan Perisic,Cross
148350,66,Goal,0.885,0.5,0.7612990140914917,Mauro Icardi,a,1513,Penalty,2016,RightFoot,3605,Cagliari,Inter,1,5,2017-03-05 14:00:00,,Standard
148353,78,ShotOnPost,0.895,0.544000015258789,0.14002199470996857,Mauro Icardi,a,1513,OpenPlay,2016,RightFoot,3605,Cagliari,Inter,1,5,2017-03-05 14:00:00,João Mário,Pass
148772,16,Goal,0.9219999694824219,0.5179999923706055,0.5498459935188293,Mauro Icardi,h,1513,SetPiece,2016,LeftFoot,3612,Inter,Atalanta,7,1,2017-03-12 14:00:00,,Rebound
148774,22,Goal,0.885,0.5,0.7612990140914917,Mauro Icardi,h,1513,Penalty,2016,RightFoot,3612,Inter,Atalanta,7,1,2017-03-12 14:00:00,,Standard
148775,25,Goal,0.9390000152587891,0.41200000762939454,0.06537570059299469,Mauro Icardi,h,1513,FromCorner,2016,Head,3612,Inter,Atalanta,7,1,2017-03-12 14:00:00,Éver Banega,Cross
148781,48,MissedShots,0.875999984741211,0.3240000152587891,0.07286900281906128,Mauro Icardi,h,1513,OpenPlay,2016,RightFoot,3612,Inter,Atalanta,7,1,2017-03-12 14:00:00,Danilo D&#039;Ambrosio,Pass
149391,4,BlockedShot,0.8469999694824218,0.475,0.07680749893188477,Mauro Icardi,a,1513,OpenPlay,2016,RightFoot,3625,Torino,Inter,2,2,2017-03-18 17:00:00,Antonio Candreva,Chipped
149410,60,SavedShot,0.9280000305175782,0.5329999923706055,0.5199030041694641,Mauro Icardi,a,1513,OpenPlay,2016,RightFoot,3625,Torino,Inter,2,2,2017-03-18 17:00:00,Éder,Pass
150049,26,MissedShots,0.91,0.4129999923706055,0.06267870217561722,Mauro Icardi,h,1513,OpenPlay,2016,Head,3640,Inter,Sampdoria,1,2,2017-04-03 19:45:00,Antonio Candreva,Cross
150063,71,MissedShots,0.9740000152587891,0.54,0.7887449860572815,Mauro Icardi,h,1513,OpenPlay,2016,LeftFoot,3640,Inter,Sampdoria,1,2,2017-04-03 19:45:00,Antonio Candreva,Pass
151135,5,MissedShots,0.9280000305175782,0.4279999923706055,0.32829800248146057,Mauro Icardi,h,1513,OpenPlay,2016,RightFoot,3659,Inter,AC Milan,2,2,2017-04-15 11:30:00,João Mário,Chipped
151142,43,Goal,0.9540000152587891,0.4909999847412109,0.6776729822158813,Mauro Icardi,h,1513,OpenPlay,2016,RightFoot,3659,Inter,AC Milan,2,2,2017-04-15 11:30:00,Ivan Perisic,Pass
151626,33,Goal,0.8880000305175781,0.4620000076293945,0.40133100748062134,Mauro Icardi,a,1513,OpenPlay,2016,RightFoot,3667,Fiorentina,Inter,5,4,2017-04-22 19:45:00,João Mário,Throughball
151640,87,Goal,0.855999984741211,0.47,0.047846999019384384,Mauro Icardi,a,1513,OpenPlay,2016,RightFoot,3667,Fiorentina,Inter,5,4,2017-04-22 19:45:00,Ivan Perisic,Cross
151641,90,Goal,0.9440000152587891,0.47400001525878904,0.4370250105857849,Mauro Icardi,a,1513,FromCorner,2016,Head,3667,Fiorentina,Inter,5,4,2017-04-22 19:45:00,Antonio Candreva,Cross
152140,11,MissedShots,0.919000015258789,0.625999984741211,0.023235000669956207,Mauro Icardi,h,1513,FromCorner,2016,Head,3677,Inter,Napoli,0,1,2017-04-30 19:45:00,Marcelo Brozovic,Cross
152153,53,BlockedShot,0.9640000152587891,0.6630000305175782,0.009728309698402882,Mauro Icardi,h,1513,OpenPlay,2016,Head,3677,Inter,Napoli,0,1,2017-04-30 19:45:00,Antonio Candreva,Aerial
152658,57,BlockedShot,0.85,0.46099998474121096,0.0658544972538948,Mauro Icardi,a,1513,OpenPlay,2016,RightFoot,3687,Genoa,Inter,1,0,2017-05-07 14:00:00,,Rebound
153253,8,MissedShots,0.74,0.4640000152587891,0.023344600573182106,Mauro Icardi,h,1513,OpenPlay,2016,RightFoot,3700,Inter,Sassuolo,1,2,2017-05-14 11:30:00,Roberto Gagliardini,Pass
153257,19,SavedShot,0.8190000152587891,0.509000015258789,0.05238249897956848,Mauro Icardi,h,1513,OpenPlay,2016,RightFoot,3700,Inter,Sassuolo,1,2,2017-05-14 11:30:00,Jeison Murillo,Chipped
153259,27,ShotOnPost,0.9769999694824218,0.4370000076293945,0.3591670095920563,Mauro Icardi,h,1513,FromCorner,2016,Head,3700,Inter,Sassuolo,1,2,2017-05-14 11:30:00,Ivan Perisic,HeadPass
172654,5,Goal,0.885,0.5,0.7612990140914917,Mauro Icardi,h,1513,Penalty,2017,RightFoot,7503,Inter,Fiorentina,3,0,2017-08-20 19:45:00,,Standard
172658,14,Goal,0.9269999694824219,0.5070000076293946,0.07751739770174026,Mauro Icardi,h,1513,OpenPlay,2017,Head,7503,Inter,Fiorentina,3,0,2017-08-20 19:45:00,Ivan Perisic,Aerial
172669,51,SavedShot,0.9369999694824219,0.4209999847412109,0.13572099804878235,Mauro Icardi,h,1513,OpenPlay,2017,RightFoot,7503,Inter,Fiorentina,3,0,2017-08-20 19:45:00,Antonio Candreva,Cross
172680,81,SavedShot,0.91,0.4929999923706055,0.5439299941062927,Mauro Icardi,h,1513,OpenPlay,2017,RightFoot,7503,Inter,Fiorentina,3,0,2017-08-20 19:45:00,Antonio Candreva,Pass
173019,11,MissedShots,0.9540000152587891,0.53,0.647068977355957,Mauro Icardi,a,1513,OpenPlay,2017,RightFoot,7510,Roma,Inter,1,3,2017-08-26 19:45:00,,Rebound
173029,42,SavedShot,0.860999984741211,0.38599998474121094,0.054356999695301056,Mauro Icardi,a,1513,OpenPlay,2017,RightFoot,7510,Roma,Inter,1,3,2017-08-26 19:45:00,,None
173037,66,Goal,0.8619999694824219,0.41700000762939454,0.07228250056505203,Mauro Icardi,a,1513,OpenPlay,2017,RightFoot,7510,Roma,Inter,1,3,2017-08-26 19:45:00,Antonio Candreva,Pass
173041,76,Goal,0.895,0.509000015258789,0.09753820300102234,Mauro Icardi,a,1513,OpenPlay,2017,RightFoot,7510,Roma,Inter,1,3,2017-08-26 19:45:00,Ivan Perisic,Cross
173042,78,SavedShot,0.9359999847412109,0.34900001525878904,0.14526699483394623,Mauro Icardi,a,1513,OpenPlay,2017,RightFoot,7510,Roma,Inter,1,3,2017-08-26 19:45:00,Borja Valero,TakeOn
173243,26,Goal,0.885,0.5,0.7612990140914917,Mauro Icardi,h,1513,Penalty,2017,RightFoot,7524,Inter,SPAL 2013,2,0,2017-09-10 11:30:00,,Standard
173244,28,SavedShot,0.95,0.33,0.09194669872522354,Mauro Icardi,h,1513,OpenPlay,2017,RightFoot,7524,Inter,SPAL 2013,2,0,2017-09-10 11:30:00,Antonio Candreva,Pass
173259,80,SavedShot,0.904000015258789,0.51,0.1264909952878952,Mauro Icardi,h,1513,OpenPlay,2017,Head,7524,Inter,SPAL 2013,2,0,2017-09-10 11:30:00,Danilo D&#039;Ambrosio,Cross
173688,52,BlockedShot,0.94,0.39799999237060546,0.01691170036792755,Mauro Icardi,a,1513,FromCorner,2017,Head,7541,Bologna,Inter,1,1,2017-09-19 19:45:00,Antonio Candreva,Aerial
173695,76,Goal,0.885,0.5,0.7612990140914917,Mauro Icardi,a,1513,Penalty,2017,RightFoot,7541,Bologna,Inter,1,1,2017-09-19 19:45:00,,Standard
174182,30,BlockedShot,0.8540000152587891,0.5329999923706055,0.11793500185012817,Mauro Icardi,a,1513,OpenPlay,2017,LeftFoot,7560,Benevento,Inter,1,2,2017-10-01 14:00:00,Marcelo Brozovic,Pass
174188,62,BlockedShot,0.7230000305175781,0.605,0.018195299431681633,Mauro Icardi,a,1513,OpenPlay,2017,RightFoot,7560,Benevento,Inter,1,2,2017-10-01 14:00:00,Ivan Perisic,Pass
174191,74,MissedShots,0.8880000305175781,0.5459999847412109,0.12806299328804016,Mauro Icardi,a,1513,OpenPlay,2017,LeftFoot,7560,Benevento,Inter,1,2,2017-10-01 14:00:00,Ivan Perisic,Pass
174193,82,SavedShot,0.8930000305175781,0.500999984741211,0.31709200143814087,Mauro Icardi,a,1513,OpenPlay,2017,RightFoot,7560,Benevento,Inter,1,2,2017-10-01 14:00:00,Matías Vecino,Chipped
174195,85,MissedShots,0.91,0.5979999923706054,0.031981199979782104,Mauro Icardi,a,1513,FromCorner,2017,Head,7560,Benevento,Inter,1,2,2017-10-01 14:00:00,Marcelo Brozovic,Cross
174567,27,Goal,0.9169999694824219,0.43099998474121093,0.3211120069026947,Mauro Icardi,h,1513,OpenPlay,2017,RightFoot,7574,Inter,AC Milan,3,2,2017-10-15 19:45:00,Antonio Candreva,Cross
174572,35,SavedShot,0.750999984741211,0.43599998474121093,0.031417299062013626,Mauro Icardi,h,1513,OpenPlay,2017,RightFoot,7574,Inter,AC Milan,3,2,2017-10-15 19:45:00,Miranda,BallRecovery
174586,62,Goal,0.915,0.5570000076293945,0.44330400228500366,Mauro Icardi,h,1513,OpenPlay,2017,RightFoot,7574,Inter,AC Milan,3,2,2017-10-15 19:45:00,Ivan Perisic,Pass
174597,89,Goal,0.885,0.5,0.7612990140914917,Mauro Icardi,h,1513,Penalty,2017,RightFoot,7574,Inter,AC Milan,3,2,2017-10-15 19:45:00,,Standard
174854,20,BlockedShot,0.8080000305175781,0.485,0.04654879868030548,Mauro Icardi,a,1513,FromCorner,2017,RightFoot,7584,Napoli,Inter,0,0,2017-10-21 19:45:00,,Rebound
174859,39,SavedShot,0.9309999847412109,0.32099998474121094,0.1086530014872551,Mauro Icardi,a,1513,OpenPlay,2017,RightFoot,7584,Napoli,Inter,0,0,2017-10-21 19:45:00,Matías Vecino,TakeOn
175123,23,MissedShots,0.8730000305175781,0.5209999847412109,0.12170100212097168,Mauro Icardi,h,1513,OpenPlay,2017,RightFoot,7595,Inter,Sampdoria,3,2,2017-10-24 19:45:00,Antonio Candreva,Pass
175127,30,SavedShot,0.8980000305175782,0.485,0.020329099148511887,Mauro Icardi,h,1513,FromCorner,2017,Head,7595,Inter,Sampdoria,3,2,2017-10-24 19:45:00,Antonio Candreva,Aerial
175129,31,Goal,0.889000015258789,0.705999984741211,0.060103900730609894,Mauro Icardi,h,1513,OpenPlay,2017,RightFoot,7595,Inter,Sampdoria,3,2,2017-10-24 19:45:00,,None
175131,39,ShotOnPost,0.9480000305175781,0.500999984741211,0.3418239951133728,Mauro Icardi,h,1513,FromCorner,2017,Head,7595,Inter,Sampdoria,3,2,2017-10-24 19:45:00,Antonio Candreva,Aerial
175137,53,Goal,0.9569999694824218,0.5029999923706054,0.7740240097045898,Mauro Icardi,h,1513,OpenPlay,2017,LeftFoot,7595,Inter,Sampdoria,3,2,2017-10-24 19:45:00,Ivan Perisic,Pass
175148,85,SavedShot,0.9390000152587891,0.6780000305175782,0.0836896002292633,Mauro Icardi,h,1513,OpenPlay,2017,LeftFoot,7595,Inter,Sampdoria,3,2,2017-10-24 19:45:00,Roberto Gagliardini,HeadPass
175279,16,MissedShots,0.8090000152587891,0.515,0.05628789961338043,Mauro Icardi,a,1513,OpenPlay,2017,RightFoot,7601,Verona,Inter,1,2,2017-10-30 19:45:00,Antonio Candreva,Pass
175285,47,MissedShots,0.8180000305175781,0.595999984741211,0.06148799881339073,Mauro Icardi,a,1513,OpenPlay,2017,LeftFoot,7601,Verona,Inter,1,2,2017-10-30 19:45:00,Ivan Perisic,Pass
175634,5,BlockedShot,0.8390000152587891,0.500999984741211,0.08578679710626602,Mauro Icardi,h,1513,OpenPlay,2017,RightFoot,7615,Inter,Torino,1,1,2017-11-05 11:30:00,Yuto Nagatomo,Pass
175637,22,SavedShot,0.8590000152587891,0.52,0.05923080071806908,Mauro Icardi,h,1513,OpenPlay,2017,RightFoot,7615,Inter,Torino,1,1,2017-11-05 11:30:00,Antonio Candreva,Chipped
175639,36,BlockedShot,0.8,0.580999984741211,0.03977540135383606,Mauro Icardi,h,1513,OpenPlay,2017,LeftFoot,7615,Inter,Torino,1,1,2017-11-05 11:30:00,Roberto Gagliardini,Pass
175649,57,BlockedShot,0.8159999847412109,0.5029999923706054,0.05183149874210358,Mauro Icardi,h,1513,OpenPlay,2017,RightFoot,7615,Inter,Torino,1,1,2017-11-05 11:30:00,Borja Valero,Pass
175651,61,MissedShots,0.895,0.3820000076293945,0.09389069676399231,Mauro Icardi,h,1513,OpenPlay,2017,RightFoot,7615,Inter,Torino,1,1,2017-11-05 11:30:00,Antonio Candreva,TakeOn
175795,24,SavedShot,0.8380000305175781,0.48200000762939454,0.333967000246048,Mauro Icardi,h,1513,OpenPlay,2017,RightFoot,7622,Inter,Atalanta,2,0,2017-11-19 19:45:00,Borja Valero,Throughball
175796,25,MissedShots,0.9490000152587891,0.40299999237060546,0.0414109006524086,Mauro Icardi,h,1513,OpenPlay,2017,Head,7622,Inter,Atalanta,2,0,2017-11-19 19:45:00,Antonio Candreva,Aerial
175797,39,MissedShots,0.9269999694824219,0.4929999923706055,0.11607199907302856,Mauro Icardi,h,1513,OpenPlay,2017,RightFoot,7622,Inter,Atalanta,2,0,2017-11-19 19:45:00,Antonio Candreva,Cross
175798,46,SavedShot,0.9159999847412109,0.54,0.05369029939174652,Mauro Icardi,h,1513,OpenPlay,2017,Head,7622,Inter,Atalanta,2,0,2017-11-19 19:45:00,Ivan Perisic,Aerial
175799,50,Goal,0.925,0.515,0.4198780059814453,Mauro Icardi,h,1513,SetPiece,2017,Head,7622,Inter,Atalanta,2,0,2017-11-19 19:45:00,Antonio Candreva,Cross
175801,59,Goal,0.9130000305175782,0.500999984741211,0.13654999434947968,Mauro Icardi,h,1513,OpenPlay,2017,Head,7622,Inter,Atalanta,2,0,2017-11-19 19:45:00,Danilo D&#039;Ambrosio,Cross
176035,28,Goal,0.9530000305175781,0.49900001525878906,0.6508380174636841,Mauro Icardi,a,1513,OpenPlay,2017,RightFoot,7631,Cagliari,Inter,1,3,2017-11-25 19:45:00,Ivan Perisic,Pass
176042,57,BlockedShot,0.9180000305175782,0.654000015258789,0.10987699776887894,Mauro Icardi,a,1513,OpenPlay,2017,LeftFoot,7631,Cagliari,Inter,1,3,2017-11-25 19:45:00,Borja Valero,Chipped
176044,66,BlockedShot,0.78,0.40900001525878904,0.08422750234603882,Mauro Icardi,a,1513,DirectFreekick,2017,RightFoot,7631,Cagliari,Inter,1,3,2017-11-25 19:45:00,,Standard
176048,82,Goal,0.93,0.5940000152587891,0.11551500111818314,Mauro Icardi,a,1513,OpenPlay,2017,RightFoot,7631,Cagliari,Inter,1,3,2017-11-25 19:45:00,,None
176049,87,SavedShot,0.8430000305175781,0.5540000152587891,0.03250670060515404,Mauro Icardi,a,1513,FromCorner,2017,LeftFoot,7631,Cagliari,Inter,1,3,2017-11-25 19:45:00,Ivan Perisic,HeadPass
176380,37,Goal,0.919000015258789,0.3340000152587891,0.29879599809646606,Mauro Icardi,h,1513,OpenPlay,2017,RightFoot,7644,Inter,Chievo,5,0,2017-12-03 14:00:00,Marcelo Brozovic,Pass
180125,55,BlockedShot,0.855,0.4759999847412109,0.10160599648952484,Mauro Icardi,a,1513,OpenPlay,2017,LeftFoot,7652,Juventus,Inter,0,0,2017-12-09 19:45:00,Marcelo Brozovic,Pass
184874,14,Goal,0.9269999694824219,0.4909999847412109,0.4596500098705292,Mauro Icardi,h,1513,OpenPlay,2017,RightFoot,7665,Inter,Udinese,1,3,2017-12-16 14:00:00,Antonio Candreva,Cross
184883,38,SavedShot,0.855,0.555,0.02558249980211258,Mauro Icardi,h,1513,OpenPlay,2017,Head,7665,Inter,Udinese,1,3,2017-12-16 14:00:00,Danilo D&#039;Ambrosio,Chipped
184888,53,MissedShots,0.935,0.4620000076293945,0.11630400270223618,Mauro Icardi,h,1513,FromCorner,2017,Head,7665,Inter,Udinese,1,3,2017-12-16 14:00:00,Antonio Candreva,Cross
185193,48,SavedShot,0.885,0.5,0.7612990140914917,Mauro Icardi,a,1513,Penalty,2017,RightFoot,7676,Sassuolo,Inter,1,0,2017-12-23 14:00:00,,Standard
185205,88,BlockedShot,0.919000015258789,0.38,0.061462998390197754,Mauro Icardi,a,1513,OpenPlay,2017,RightFoot,7676,Sassuolo,Inter,1,0,2017-12-23 14:00:00,Antonio Candreva,Cross
186125,56,MissedShots,0.9059999847412109,0.25,0.03452419862151146,Mauro Icardi,h,1513,OpenPlay,2017,RightFoot,7685,Inter,Lazio,0,0,2017-12-30 17:00:00,,None
186133,88,MissedShots,0.879000015258789,0.5129999923706055,0.01976579986512661,Mauro Icardi,h,1513,OpenPlay,2017,Head,7685,Inter,Lazio,0,0,2017-12-30 17:00:00,Ivan Perisic,Rebound
186612,54,Goal,0.96,0.4209999847412109,0.5263230204582214,Mauro Icardi,a,1513,SetPiece,2017,RightFoot,7693,Fiorentina,Inter,1,1,2018-01-05 19:45:00,,Rebound
186611,54,SavedShot,0.8959999847412109,0.425,0.1169470027089119,Mauro Icardi,a,1513,SetPiece,2017,Head,7693,Fiorentina,Inter,1,1,2018-01-05 19:45:00,João Cancelo,Cross
186632,94,MissedShots,0.9219999694824219,0.435,0.07116290181875229,Mauro Icardi,a,1513,FromCorner,2017,Head,7693,Fiorentina,Inter,1,1,2018-01-05 19:45:00,Antonio Candreva,Cross
189498,32,MissedShots,0.895,0.5209999847412109,0.08151420205831528,Mauro Icardi,h,1513,OpenPlay,2017,RightFoot,7706,Inter,Roma,1,1,2018-01-21 19:45:00,Matías Vecino,HeadPass
189503,66,MissedShots,0.9169999694824219,0.4640000152587891,0.0384134016931057,Mauro Icardi,h,1513,OpenPlay,2017,Head,7706,Inter,Roma,1,1,2018-01-21 19:45:00,Antonio Candreva,Aerial
189505,73,SavedShot,0.9230000305175782,0.37099998474121093,0.06630460172891617,Mauro Icardi,h,1513,OpenPlay,2017,LeftFoot,7706,Inter,Roma,1,1,2018-01-21 19:45:00,,None
189508,79,SavedShot,0.8580000305175781,0.500999984741211,0.033148299902677536,Mauro Icardi,h,1513,OpenPlay,2017,RightFoot,7706,Inter,Roma,1,1,2018-01-21 19:45:00,,Aerial
189511,89,MissedShots,0.82,0.8169999694824219,0.01936889998614788,Mauro Icardi,h,1513,OpenPlay,2017,LeftFoot,7706,Inter,Roma,1,1,2018-01-21 19:45:00,Dalbert,Pass
190227,44,MissedShots,0.9130000305175782,0.500999984741211,0.13944999873638153,Mauro Icardi,a,1513,OpenPlay,2017,RightFoot,7714,SPAL 2013,Inter,1,1,2018-01-28 14:00:00,Danilo D&#039;Ambrosio,Pass
201837,12,MissedShots,0.8919999694824219,0.46900001525878904,0.0903732031583786,Mauro Icardi,a,1513,OpenPlay,2017,RightFoot,7785,Sampdoria,Inter,0,5,2018-03-18 11:30:00,Antonio Candreva,Cross
201842,29,Goal,0.885,0.5,0.7612990140914917,Mauro Icardi,a,1513,Penalty,2017,RightFoot,7785,Sampdoria,Inter,0,5,2018-03-18 11:30:00,,Standard
201843,30,Goal,0.9540000152587891,0.6179999923706054,0.4646489918231964,Mauro Icardi,a,1513,OpenPlay,2017,RightFoot,7785,Sampdoria,Inter,0,5,2018-03-18 11:30:00,,None
201848,37,MissedShots,0.965999984741211,0.5029999923706054,0.6299149990081787,Mauro Icardi,a,1513,SetPiece,2017,LeftFoot,7785,Sampdoria,Inter,0,5,2018-03-18 11:30:00,João Cancelo,Cross
201851,43,Goal,0.9669999694824218,0.585,0.5256010293960571,Mauro Icardi,a,1513,OpenPlay,2017,LeftFoot,7785,Sampdoria,Inter,0,5,2018-03-18 11:30:00,,Rebound
201853,50,Goal,0.9230000305175782,0.32799999237060545,0.072017602622509,Mauro Icardi,a,1513,OpenPlay,2017,RightFoot,7785,Sampdoria,Inter,0,5,2018-03-18 11:30:00,,None
204956,0,Goal,0.8780000305175781,0.6309999847412109,0.3037469983100891,Mauro Icardi,h,1513,OpenPlay,2017,LeftFoot,7791,Inter,Verona,3,0,2018-03-31 14:00:00,Ivan Perisic,Throughball
204968,44,MissedShots,0.8859999847412109,0.36900001525878906,0.06519249826669693,Mauro Icardi,h,1513,OpenPlay,2017,RightFoot,7791,Inter,Verona,3,0,2018-03-31 14:00:00,,Rebound
204971,48,Goal,0.97,0.42700000762939455,0.5841730237007141,Mauro Icardi,h,1513,OpenPlay,2017,RightFoot,7791,Inter,Verona,3,0,2018-03-31 14:00:00,Ivan Perisic,Pass
205199,24,BlockedShot,0.8019999694824219,0.47200000762939454,0.04853520169854164,Mauro Icardi,a,1513,OpenPlay,2017,RightFoot,7764,AC Milan,Inter,0,0,2018-04-04 17:30:00,Antonio Candreva,Pass
205209,55,MissedShots,0.9619999694824218,0.519000015258789,0.7344549894332886,Mauro Icardi,a,1513,OpenPlay,2017,RightFoot,7764,AC Milan,Inter,0,0,2018-04-04 17:30:00,Antonio Candreva,Pass
205220,92,MissedShots,0.9740000152587891,0.5659999847412109,0.5869680047035217,Mauro Icardi,a,1513,OpenPlay,2017,LeftFoot,7764,AC Milan,Inter,0,0,2018-04-04 17:30:00,João Cancelo,Pass
207995,11,BlockedShot,0.9319999694824219,0.46799999237060547,0.36952999234199524,Mauro Icardi,a,1513,OpenPlay,2017,OtherBodyPart,7805,Torino,Inter,1,0,2018-04-08 10:30:00,Antonio Candreva,BallTouch
207996,12,SavedShot,0.919000015258789,0.48,0.06832510232925415,Mauro Icardi,a,1513,FromCorner,2017,RightFoot,7805,Torino,Inter,1,0,2018-04-08 10:30:00,,Aerial
208005,40,MissedShots,0.96,0.6229999923706054,0.06051480025053024,Mauro Icardi,a,1513,OpenPlay,2017,LeftFoot,7805,Torino,Inter,1,0,2018-04-08 10:30:00,João Cancelo,Cross
208881,69,MissedShots,0.9169999694824219,0.504000015258789,0.0639294981956482,Mauro Icardi,a,1513,OpenPlay,2017,Head,7812,Atalanta,Inter,0,0,2018-04-14 18:45:00,João Cancelo,Aerial
209554,22,MissedShots,0.7759999847412109,0.7119999694824218,0.02643669955432415,Mauro Icardi,h,1513,OpenPlay,2017,LeftFoot,7821,Inter,Cagliari,4,0,2018-04-17 18:45:00,Marcelo Brozovic,Pass
209556,42,BlockedShot,0.9330000305175781,0.5420000076293945,0.15090599656105042,Mauro Icardi,h,1513,OpenPlay,2017,LeftFoot,7821,Inter,Cagliari,4,0,2018-04-17 18:45:00,Ivan Perisic,Pass
209557,48,Goal,0.924000015258789,0.5220000076293946,0.5942450165748596,Mauro Icardi,h,1513,OpenPlay,2017,RightFoot,7821,Inter,Cagliari,4,0,2018-04-17 18:45:00,Rafinha,Pass
209561,73,MissedShots,0.91,0.48200000762939454,0.04118480160832405,Mauro Icardi,h,1513,FromCorner,2017,Head,7821,Inter,Cagliari,4,0,2018-04-17 18:45:00,Rafinha,Aerial
210913,49,Goal,0.9159999847412109,0.524000015258789,0.5102009773254395,Mauro Icardi,a,1513,OpenPlay,2017,RightFoot,7834,Chievo,Inter,1,2,2018-04-22 13:00:00,Danilo D&#039;Ambrosio,Pass
212106,51,Goal,0.919000015258789,0.4779999923706055,0.3349669873714447,Mauro Icardi,h,1513,SetPiece,2017,Head,7842,Inter,Juventus,2,3,2018-04-28 18:45:00,João Cancelo,Cross
213566,10,SavedShot,0.904000015258789,0.37599998474121094,0.10002999752759933,Mauro Icardi,a,1513,OpenPlay,2017,RightFoot,7855,Udinese,Inter,0,4,2018-05-06 11:30:00,Marcelo Brozovic,Pass
213584,45,Goal,0.9030000305175782,0.32799999237060545,0.09845709800720215,Mauro Icardi,a,1513,OpenPlay,2017,RightFoot,7855,Udinese,Inter,0,4,2018-05-06 11:30:00,Marcelo Brozovic,Chipped
213594,84,BlockedShot,0.57,0.37599998474121094,0.009298290126025677,Mauro Icardi,a,1513,OpenPlay,2017,RightFoot,7855,Udinese,Inter,0,4,2018-05-06 11:30:00,,BallRecovery
215183,43,SavedShot,0.925,0.46099998474121096,0.46354201436042786,Mauro Icardi,h,1513,OpenPlay,2017,RightFoot,7866,Inter,Sassuolo,1,2,2018-05-12 19:45:00,Ivan Perisic,Pass
215191,69,SavedShot,0.9309999847412109,0.45799999237060546,0.34668299555778503,Mauro Icardi,h,1513,OpenPlay,2017,RightFoot,7866,Inter,Sassuolo,1,2,2018-05-12 19:45:00,Ivan Perisic,BallTouch
215195,81,BlockedShot,0.8969999694824219,0.49599998474121093,0.12133800238370895,Mauro Icardi,h,1513,OpenPlay,2017,RightFoot,7866,Inter,Sassuolo,1,2,2018-05-12 19:45:00,Éder,Pass
215196,81,MissedShots,0.975,0.5690000152587891,0.45921099185943604,Mauro Icardi,h,1513,OpenPlay,2017,Head,7866,Inter,Sassuolo,1,2,2018-05-12 19:45:00,Ivan Perisic,Cross
216641,21,MissedShots,0.835,0.345,0.03819449990987778,Mauro Icardi,a,1513,OpenPlay,2017,RightFoot,7875,Lazio,Inter,2,3,2018-05-20 14:00:00,João Cancelo,BallRecovery
216659,77,Goal,0.885,0.5,0.7612990140914917,Mauro Icardi,a,1513,Penalty,2017,RightFoot,7875,Lazio,Inter,2,3,2018-05-20 14:00:00,,Standard
218790,13,SavedShot,0.74,0.4540000152587891,0.016593199223279953,Mauro Icardi,a,1513,OpenPlay,2018,RightFoot,9583,Sassuolo,Inter,1,0,2018-08-19 21:30:00,,None
218792,20,SavedShot,0.9719999694824218,0.32099998474121094,0.05718119814991951,Mauro Icardi,a,1513,OpenPlay,2018,RightFoot,9583,Sassuolo,Inter,1,0,2018-08-19 21:30:00,Kwadwo Asamoah,Pass
218793,20,BlockedShot,0.9669999694824218,0.39099998474121095,0.022902799770236015,Mauro Icardi,a,1513,FromCorner,2018,Head,9583,Sassuolo,Inter,1,0,2018-08-19 21:30:00,Matteo Politano,CornerAwarded
218795,30,MissedShots,0.7580000305175781,0.5829999923706055,0.023282699286937714,Mauro Icardi,a,1513,OpenPlay,2018,RightFoot,9583,Sassuolo,Inter,1,0,2018-08-19 21:30:00,Kwadwo Asamoah,Pass
218805,65,MissedShots,0.935,0.534000015258789,0.4386099874973297,Mauro Icardi,a,1513,OpenPlay,2018,RightFoot,9583,Sassuolo,Inter,1,0,2018-08-19 21:30:00,Ivan Perisic,Cross
220993,83,SavedShot,0.8969999694824219,0.3129999923706055,0.0654786005616188,Mauro Icardi,h,1513,OpenPlay,2018,RightFoot,9595,Inter,Torino,2,2,2018-08-26 21:30:00,Keita,Pass
220996,92,MissedShots,0.9569999694824218,0.3970000076293945,0.1001729965209961,Mauro Icardi,h,1513,OpenPlay,2018,RightFoot,9595,Inter,Torino,2,2,2018-08-26 21:30:00,Lautaro Martínez,Chipped
225545,55,MissedShots,0.9540000152587891,0.44099998474121094,0.14384999871253967,Mauro Icardi,a,1513,OpenPlay,2018,Head,9624,Sampdoria,Inter,0,1,2018-09-22 18:30:00,Antonio Candreva,Cross
225547,71,MissedShots,0.899000015258789,0.47200000762939454,0.08024449646472931,Mauro Icardi,a,1513,OpenPlay,2018,Head,9624,Sampdoria,Inter,0,1,2018-09-22 18:30:00,Ivan Perisic,Cross
226366,10,MissedShots,0.9030000305175782,0.524000015258789,0.20804500579833984,Mauro Icardi,h,1513,OpenPlay,2018,Head,9631,Inter,Fiorentina,2,1,2018-09-25 19:00:00,Danilo D&#039;Ambrosio,Cross
226368,14,SavedShot,0.8230000305175781,0.534000015258789,0.06840769946575165,Mauro Icardi,h,1513,OpenPlay,2018,RightFoot,9631,Inter,Fiorentina,2,1,2018-09-25 19:00:00,Radja Nainggolan,Pass
226375,44,Goal,0.885,0.5,0.7612180113792419,Mauro Icardi,h,1513,Penalty,2018,RightFoot,9631,Inter,Fiorentina,2,1,2018-09-25 19:00:00,,Standard
226388,69,MissedShots,0.9019999694824219,0.5459999847412109,0.04151720181107521,Mauro Icardi,h,1513,OpenPlay,2018,Head,9631,Inter,Fiorentina,2,1,2018-09-25 19:00:00,Kwadwo Asamoah,Aerial
252293,13,Goal,0.9430000305175781,0.405,0.0902675986289978,Mauro Icardi,a,1513,OpenPlay,2018,Head,9654,SPAL 2013,Inter,1,2,2018-10-07 18:30:00,Sime Vrsaljko,Cross
252309,67,BlockedShot,0.8980000305175782,0.5209999847412109,0.117467001080513,Mauro Icardi,a,1513,OpenPlay,2018,RightFoot,9654,SPAL 2013,Inter,1,2,2018-10-07 18:30:00,Sime Vrsaljko,Cross
252312,77,Goal,0.8680000305175781,0.5790000152587891,0.34413599967956543,Mauro Icardi,a,1513,OpenPlay,2018,RightFoot,9654,SPAL 2013,Inter,1,2,2018-10-07 18:30:00,Ivan Perisic,Throughball
252513,40,BlockedShot,0.915,0.544000015258789,0.12964199483394623,Mauro Icardi,h,1513,OpenPlay,2018,LeftFoot,9666,Inter,AC Milan,1,0,2018-10-21 18:30:00,Borja Valero,Throughball
252534,80,SavedShot,0.9069999694824219,0.46599998474121096,0.09345009922981262,Mauro Icardi,h,1513,OpenPlay,2018,Head,9666,Inter,AC Milan,1,0,2018-10-21 18:30:00,Keita,Cross
252536,91,Goal,0.9230000305175782,0.5320000076293945,0.33464500308036804,Mauro Icardi,h,1513,OpenPlay,2018,Head,9666,Inter,AC Milan,1,0,2018-10-21 18:30:00,Matías Vecino,Cross
252802,27,Goal,0.9219999694824219,0.47200000762939454,0.4932189881801605,Mauro Icardi,a,1513,OpenPlay,2018,RightFoot,9671,Lazio,Inter,0,3,2018-10-29 18:30:00,,Rebound
252814,59,MissedShots,0.7680000305175781,0.4229999923706055,0.02551339939236641,Mauro Icardi,a,1513,OpenPlay,2018,RightFoot,9671,Lazio,Inter,0,3,2018-10-29 18:30:00,,None
252820,69,Goal,0.9130000305175782,0.39,0.12856799364089966,Mauro Icardi,a,1513,OpenPlay,2018,LeftFoot,9671,Lazio,Inter,0,3,2018-10-29 18:30:00,Borja Valero,TakeOn
252824,76,MissedShots,0.8019999694824219,0.7419999694824219,0.055922601372003555,Mauro Icardi,a,1513,DirectFreekick,2018,RightFoot,9671,Lazio,Inter,0,3,2018-10-29 18:30:00,,Standard
253276,27,BlockedShot,0.8969999694824219,0.4,0.06946469843387604,Mauro Icardi,a,1513,OpenPlay,2018,RightFoot,9687,Atalanta,Inter,4,1,2018-11-11 11:30:00,Kwadwo Asamoah,Cross
253289,46,Goal,0.885,0.5,0.7612990140914917,Mauro Icardi,a,1513,Penalty,2018,RightFoot,9687,Atalanta,Inter,4,1,2018-11-11 11:30:00,,Standard
253535,79,BlockedShot,0.9269999694824219,0.3659999847412109,0.09933839738368988,Mauro Icardi,h,1513,OpenPlay,2018,RightFoot,9701,Inter,Frosinone,3,0,2018-11-24 19:30:00,Roberto Gagliardini,Pass
253959,1,MissedShots,0.9719999694824218,0.629000015258789,0.04126809909939766,Mauro Icardi,a,1513,OpenPlay,2018,RightFoot,9716,Roma,Inter,2,2,2018-12-02 19:30:00,Keita,Cross
253970,29,MissedShots,0.9690000152587891,0.34900001525878904,0.058801498264074326,Mauro Icardi,a,1513,OpenPlay,2018,RightFoot,9716,Roma,Inter,2,2,2018-12-02 19:30:00,,Rebound
253969,29,SavedShot,0.9130000305175782,0.3840000152587891,0.3529120087623596,Mauro Icardi,a,1513,OpenPlay,2018,RightFoot,9716,Roma,Inter,2,2,2018-12-02 19:30:00,Marcelo Brozovic,Throughball
253977,50,BlockedShot,0.8819999694824219,0.4520000076293945,0.11883199959993362,Mauro Icardi,a,1513,OpenPlay,2018,RightFoot,9716,Roma,Inter,2,2,2018-12-02 19:30:00,João Mário,Pass
253983,65,Goal,0.935,0.5179999923706055,0.3974969983100891,Mauro Icardi,a,1513,FromCorner,2018,Head,9716,Roma,Inter,2,2,2018-12-02 19:30:00,Marcelo Brozovic,Cross
254303,21,MissedShots,0.955999984741211,0.4229999923706055,0.04534360021352768,Mauro Icardi,h,1513,FromCorner,2018,Head,9733,Inter,Udinese,1,0,2018-12-15 17:00:00,Matteo Politano,Aerial
254309,38,MissedShots,0.899000015258789,0.4470000076293945,0.09679140150547028,Mauro Icardi,h,1513,OpenPlay,2018,LeftFoot,9733,Inter,Udinese,1,0,2018-12-15 17:00:00,Sime Vrsaljko,Cross
254311,43,BlockedShot,0.7930000305175782,0.6469999694824219,0.028985099866986275,Mauro Icardi,h,1513,OpenPlay,2018,RightFoot,9733,Inter,Udinese,1,0,2018-12-15 17:00:00,Kwadwo Asamoah,Pass
254324,65,MissedShots,0.925,0.5059999847412109,0.3999359905719757,Mauro Icardi,h,1513,OpenPlay,2018,Head,9733,Inter,Udinese,1,0,2018-12-15 17:00:00,Keita,Cross
254325,75,Goal,0.885,0.5,0.7612990140914917,Mauro Icardi,h,1513,Penalty,2018,RightFoot,9733,Inter,Udinese,1,0,2018-12-15 17:00:00,,Standard
254327,90,MissedShots,0.9490000152587891,0.31799999237060544,0.3158169984817505,Mauro Icardi,h,1513,OpenPlay,2018,RightFoot,9733,Inter,Udinese,1,0,2018-12-15 17:00:00,,None
254794,23,MissedShots,0.875,0.5109999847412109,0.027866199612617493,Mauro Icardi,a,1513,OpenPlay,2018,Head,9743,Chievo,Inter,1,1,2018-12-22 17:00:00,Radja Nainggolan,Aerial
254796,27,SavedShot,0.91,0.4620000076293945,0.33865898847579956,Mauro Icardi,a,1513,OpenPlay,2018,RightFoot,9743,Chievo,Inter,1,1,2018-12-22 17:00:00,Danilo D&#039;Ambrosio,Cross
254802,55,SavedShot,0.9169999694824219,0.38,0.3468559980392456,Mauro Icardi,a,1513,OpenPlay,2018,RightFoot,9743,Chievo,Inter,1,1,2018-12-22 17:00:00,Ivan Perisic,TakeOn
254807,64,BlockedShot,0.9290000152587891,0.3270000076293945,0.07173100113868713,Mauro Icardi,a,1513,OpenPlay,2018,RightFoot,9743,Chievo,Inter,1,1,2018-12-22 17:00:00,Marcelo Brozovic,Chipped
255159,0,SavedShot,0.5059999847412109,0.500999984741211,0.006629600189626217,Mauro Icardi,h,1513,OpenPlay,2018,RightFoot,9752,Inter,Napoli,1,0,2018-12-26 19:30:00,,None
255171,42,BlockedShot,0.975999984741211,0.5429999923706055,0.5890650153160095,Mauro Icardi,h,1513,OpenPlay,2018,RightFoot,9752,Inter,Napoli,1,0,2018-12-26 19:30:00,,BallTouch
255178,83,SavedShot,0.9259999847412109,0.5259999847412109,0.10881900042295456,Mauro Icardi,h,1513,FromCorner,2018,Head,9752,Inter,Napoli,1,0,2018-12-26 19:30:00,Matteo Politano,Cross
263388,84,SavedShot,0.88,0.4179999923706055,0.36345499753952026,Mauro Icardi,a,1513,OpenPlay,2018,RightFoot,9758,Empoli,Inter,0,1,2018-12-29 14:00:00,Radja Nainggolan,Pass
276436,70,MissedShots,0.889000015258789,0.534000015258789,0.07297240197658539,Mauro Icardi,h,1513,OpenPlay,2018,Head,9771,Inter,Sassuolo,0,0,2019-01-19 19:30:00,Danilo D&#039;Ambrosio,Cross
276872,18,SavedShot,0.805,0.33,0.0289342999458313,Mauro Icardi,a,1513,OpenPlay,2018,RightFoot,9781,Torino,Inter,1,0,2019-01-27 17:00:00,João Mário,Pass
277109,0,MissedShots,0.905,0.375,0.3556419909000397,Mauro Icardi,h,1513,OpenPlay,2018,RightFoot,9793,Inter,Bologna,0,1,2019-02-03 17:00:00,,None
277116,25,MissedShots,0.919000015258789,0.40599998474121096,0.030079400166869164,Mauro Icardi,h,1513,OpenPlay,2018,Head,9793,Inter,Bologna,0,1,2019-02-03 17:00:00,Ivan Perisic,Aerial
277128,70,BlockedShot,0.9030000305175782,0.40200000762939453,0.04322199895977974,Mauro Icardi,h,1513,OpenPlay,2018,LeftFoot,9793,Inter,Bologna,0,1,2019-02-03 17:00:00,,Aerial
277129,70,SavedShot,0.9640000152587891,0.39599998474121095,0.045354899019002914,Mauro Icardi,h,1513,FromCorner,2018,Head,9793,Inter,Bologna,0,1,2019-02-03 17:00:00,Cédric Soares,Cross
277290,33,MissedShots,0.9319999694824219,0.4520000076293945,0.0570668987929821,Mauro Icardi,a,1513,OpenPlay,2018,Head,9803,Parma Calcio 1913,Inter,0,1,2019-02-09 19:30:00,Ivan Perisic,Rebound
277293,48,MissedShots,0.9669999694824218,0.5820000076293945,0.12420699745416641,Mauro Icardi,a,1513,OpenPlay,2018,Head,9803,Parma Calcio 1913,Inter,0,1,2019-02-09 19:30:00,Ivan Perisic,Cross
277304,88,BlockedShot,0.9219999694824219,0.3240000152587891,0.13378499448299408,Mauro Icardi,a,1513,OpenPlay,2018,RightFoot,9803,Parma Calcio 1913,Inter,0,1,2019-02-09 19:30:00,Matías Vecino,TakeOn
291474,19,ShotOnPost,0.8730000305175781,0.4620000076293945,0.40103501081466675,Mauro Icardi,a,1513,OpenPlay,2018,RightFoot,9871,Genoa,Inter,0,4,2019-04-03 20:00:00,Radja Nainggolan,Pass
291478,39,Goal,0.885,0.5,0.7612990140914917,Mauro Icardi,a,1513,Penalty,2018,RightFoot,9871,Genoa,Inter,0,4,2019-04-03 20:00:00,,Standard
291480,46,MissedShots,0.899000015258789,0.5029999923706054,0.04420299828052521,Mauro Icardi,a,1513,OpenPlay,2018,Head,9871,Genoa,Inter,0,4,2019-04-03 20:00:00,Matteo Politano,Aerial
292777,30,SavedShot,0.914000015258789,0.42200000762939455,0.4174099862575531,Mauro Icardi,h,1513,OpenPlay,2018,RightFoot,9880,Inter,Atalanta,0,0,2019-04-07 17:00:00,Matteo Politano,Throughball
292785,84,MissedShots,0.9480000305175781,0.3890000152587891,0.015014800243079662,Mauro Icardi,h,1513,FromCorner,2018,Head,9880,Inter,Atalanta,0,0,2019-04-07 17:00:00,Ivan Perisic,Aerial
294425,0,BlockedShot,0.774000015258789,0.34200000762939453,0.018915299326181412,Mauro Icardi,a,1513,OpenPlay,2018,RightFoot,9890,Frosinone,Inter,1,3,2019-04-14 19:30:00,,None
294452,84,SavedShot,0.9319999694824219,0.41700000762939454,0.40986600518226624,Mauro Icardi,a,1513,OpenPlay,2018,RightFoot,9890,Frosinone,Inter,1,3,2019-04-14 19:30:00,,Rebound
294454,86,MissedShots,0.9590000152587891,0.455,0.5819309949874878,Mauro Icardi,a,1513,OpenPlay,2018,Head,9890,Frosinone,Inter,1,3,2019-04-14 19:30:00,Keita,Cross
297592,11,SavedShot,0.8919999694824219,0.6809999847412109,0.07694870233535767,Mauro Icardi,h,1513,OpenPlay,2018,LeftFoot,9907,Inter,Juventus,1,1,2019-04-27 19:30:00,Matías Vecino,Pass
297599,28,BlockedShot,0.92,0.47400001525878904,0.10002399981021881,Mauro Icardi,h,1513,FromCorner,2018,RightFoot,9907,Inter,Juventus,1,1,2019-04-27 19:30:00,Stefan de Vrij,BallTouch
297600,29,MissedShots,0.9319999694824219,0.485,0.06065040081739426,Mauro Icardi,h,1513,FromCorner,2018,Head,9907,Inter,Juventus,1,1,2019-04-27 19:30:00,Matteo Politano,Aerial
301873,37,BlockedShot,0.9219999694824219,0.48900001525878906,0.04954579845070839,Mauro Icardi,h,1513,FromCorner,2018,Head,9935,Inter,Chievo,2,0,2019-05-13 20:00:00,Matteo Politano,Aerial
301877,53,MissedShots,0.91,0.5590000152587891,0.054276298731565475,Mauro Icardi,h,1513,OpenPlay,2018,Head,9935,Inter,Chievo,2,0,2019-05-13 20:00:00,Ivan Perisic,Aerial
301885,77,MissedShots,0.9230000305175782,0.46799999237060547,0.35768699645996094,Mauro Icardi,h,1513,OpenPlay,2018,Head,9935,Inter,Chievo,2,0,2019-05-13 20:00:00,Antonio Candreva,Cross
303342,64,MissedShots,0.919000015258789,0.545,0.03429330140352249,Mauro Icardi,a,1513,FromCorner,2018,Head,9946,Napoli,Inter,4,1,2019-05-19 18:30:00,Marcelo Brozovic,Aerial
303350,76,SavedShot,0.9019999694824219,0.5220000076293946,0.0728520005941391,Mauro Icardi,a,1513,OpenPlay,2018,Head,9946,Napoli,Inter,4,1,2019-05-19 18:30:00,Danilo D&#039;Ambrosio,Cross
303352,80,Goal,0.885,0.5,0.7612590193748474,Mauro Icardi,a,1513,Penalty,2018,RightFoot,9946,Napoli,Inter,4,1,2019-05-19 18:30:00,,Standard
303353,81,MissedShots,0.8819999694824219,0.6020000076293945,0.02337470091879368,Mauro Icardi,a,1513,OpenPlay,2018,Head,9946,Napoli,Inter,4,1,2019-05-19 18:30:00,Danilo D&#039;Ambrosio,Aerial
304185,20,MissedShots,0.845,0.515,0.09238710254430771,Mauro Icardi,h,1513,OpenPlay,2018,RightFoot,9952,Inter,Empoli,2,1,2019-05-26 18:30:00,Kwadwo Asamoah,Pass
304199,60,SavedShot,0.885,0.5,0.7612590193748474,Mauro Icardi,h,1513,Penalty,2018,RightFoot,9952,Inter,Empoli,2,1,2019-05-26 18:30:00,,Standard
318263,80,BlockedShot,0.8830000305175781,0.43,0.10982400178909302,Mauro Icardi,h,1513,OpenPlay,2019,RightFoot,12758,Paris Saint Germain,Strasbourg,1,0,2019-09-14 15:30:00,Idrissa Gueye,Pass
318268,93,SavedShot,0.9359999847412109,0.6930000305175781,0.06300819665193558,Mauro Icardi,h,1513,OpenPlay,2019,LeftFoot,12758,Paris Saint Germain,Strasbourg,1,0,2019-09-14 15:30:00,Neymar,Chipped
324197,9,MissedShots,0.9009999847412109,0.44299999237060544,0.4042530059814453,Mauro Icardi,h,1513,OpenPlay,2019,RightFoot,12794,Paris Saint Germain,Angers,4,0,2019-10-05 16:30:00,Idrissa Gueye,Throughball
324205,36,Goal,0.9059999847412109,0.5309999847412109,0.48112401366233826,Mauro Icardi,h,1513,OpenPlay,2019,RightFoot,12794,Paris Saint Germain,Angers,4,0,2019-10-05 16:30:00,Pablo Sarabia,Pass
325216,2,MissedShots,0.9440000152587891,0.6229999923706054,0.09240370243787766,Mauro Icardi,a,1513,SetPiece,2019,RightFoot,12803,Nice,Paris Saint Germain,1,4,2019-10-18 19:45:00,,Rebound
325231,49,MissedShots,0.925,0.5890000152587891,0.0657024011015892,Mauro Icardi,a,1513,FromCorner,2019,Head,12803,Nice,Paris Saint Germain,1,4,2019-10-18 19:45:00,Ángel Di María,Cross
325244,90,Goal,0.9680000305175781,0.4779999923706055,0.9157609939575195,Mauro Icardi,a,1513,OpenPlay,2019,RightFoot,12803,Nice,Paris Saint Germain,1,4,2019-10-18 19:45:00,Kylian Mbappe-Lottin,Pass
328165,9,SavedShot,0.9219999694824219,0.534000015258789,0.3587779998779297,Mauro Icardi,h,1513,OpenPlay,2019,Head,12814,Paris Saint Germain,Marseille,4,0,2019-10-27 20:00:00,Ángel Di María,Cross
328166,9,Goal,0.9630000305175781,0.4879999923706055,0.6951010227203369,Mauro Icardi,h,1513,OpenPlay,2019,RightFoot,12814,Paris Saint Germain,Marseille,4,0,2019-10-27 20:00:00,,Rebound
328168,22,SavedShot,0.86,0.5329999923706055,0.398593008518219,Mauro Icardi,h,1513,OpenPlay,2019,LeftFoot,12814,Paris Saint Germain,Marseille,4,0,2019-10-27 20:00:00,Kylian Mbappe-Lottin,Throughball
328169,25,Goal,0.8619999694824219,0.519000015258789,0.28180599212646484,Mauro Icardi,h,1513,OpenPlay,2019,Head,12814,Paris Saint Germain,Marseille,4,0,2019-10-27 20:00:00,Marco Verratti,Chipped
328806,20,SavedShot,0.86,0.5179999923706055,0.37849101424217224,Mauro Icardi,a,1513,OpenPlay,2019,RightFoot,12825,Dijon,Paris Saint Germain,2,1,2019-11-01 19:45:00,Ángel Di María,Throughball
328815,53,BlockedShot,0.9359999847412109,0.4229999923706055,0.0400862991809845,Mauro Icardi,a,1513,OpenPlay,2019,Head,12825,Dijon,Paris Saint Germain,2,1,2019-11-01 19:45:00,Colin Dagba,Aerial
328820,60,MissedShots,0.8669999694824219,0.435,0.3740139901638031,Mauro Icardi,a,1513,OpenPlay,2019,RightFoot,12825,Dijon,Paris Saint Germain,2,1,2019-11-01 19:45:00,,None
328822,63,ShotOnPost,0.914000015258789,0.5129999923706055,0.2988379895687103,Mauro Icardi,a,1513,OpenPlay,2019,Head,12825,Dijon,Paris Saint Germain,2,1,2019-11-01 19:45:00,Kylian Mbappe-Lottin,Aerial
328824,65,MissedShots,0.9359999847412109,0.5479999923706055,0.49888598918914795,Mauro Icardi,a,1513,OpenPlay,2019,LeftFoot,12825,Dijon,Paris Saint Germain,2,1,2019-11-01 19:45:00,Kylian Mbappe-Lottin,Pass
328826,74,BlockedShot,0.9230000305175782,0.4909999847412109,0.13724300265312195,Mauro Icardi,a,1513,OpenPlay,2019,RightFoot,12825,Dijon,Paris Saint Germain,2,1,2019-11-01 19:45:00,Edinson Cavani,Pass
328829,86,MissedShots,0.8769999694824219,0.500999984741211,0.08455819636583328,Mauro Icardi,a,1513,OpenPlay,2019,RightFoot,12825,Dijon,Paris Saint Germain,2,1,2019-11-01 19:45:00,Edinson Cavani,Chipped
330782,84,Goal,0.9590000152587891,0.5070000076293946,0.6322879791259766,Mauro Icardi,a,1513,OpenPlay,2019,RightFoot,12835,Brest,Paris Saint Germain,1,2,2019-11-09 16:30:00,,None
330784,89,MissedShots,0.865,0.295,0.05143669992685318,Mauro Icardi,a,1513,OpenPlay,2019,RightFoot,12835,Brest,Paris Saint Germain,1,2,2019-11-09 16:30:00,Julian Draxler,Pass
331784,16,Goal,0.960999984741211,0.5329999923706055,0.609466016292572,Mauro Icardi,h,1513,OpenPlay,2019,LeftFoot,12840,Paris Saint Germain,Lille,2,0,2019-11-22 19:45:00,Idrissa Gueye,Cross
331790,36,BlockedShot,0.870999984741211,0.49700000762939456,0.11934299767017365,Mauro Icardi,h,1513,OpenPlay,2019,RightFoot,12840,Paris Saint Germain,Lille,2,0,2019-11-22 19:45:00,Ángel Di María,Cross
335788,80,Goal,0.9069999694824219,0.44,0.10673599690198898,Mauro Icardi,a,1513,OpenPlay,2019,RightFoot,12871,Montpellier,Paris Saint Germain,1,3,2019-12-07 16:30:00,Kylian Mbappe-Lottin,Cross
337879,14,SavedShot,0.89,0.5029999923706054,0.057825300842523575,Mauro Icardi,a,1513,OpenPlay,2019,Head,12880,Saint-Etienne,Paris Saint Germain,0,4,2019-12-15 20:00:00,Ángel Di María,Chipped
337900,71,Goal,0.955,0.46599998474121096,0.6366599798202515,Mauro Icardi,a,1513,OpenPlay,2019,RightFoot,12880,Saint-Etienne,Paris Saint Germain,0,4,2019-12-15 20:00:00,,None
338875,2,MissedShots,0.9530000305175781,0.48900001525878906,0.5866219997406006,Mauro Icardi,h,1513,OpenPlay,2019,Head,12897,Paris Saint Germain,Amiens,4,1,2019-12-21 19:45:00,Thomas Meunier,Cross
338902,83,Goal,0.9630000305175781,0.43099998474121093,0.5455870032310486,Mauro Icardi,h,1513,OpenPlay,2019,RightFoot,12897,Paris Saint Germain,Amiens,4,1,2019-12-21 19:45:00,Juan Bernat,Cross
354672,55,MissedShots,0.845999984741211,0.41900001525878905,0.08304399996995926,Mauro Icardi,a,1513,OpenPlay,2019,RightFoot,12851,Monaco,Paris Saint Germain,1,4,2020-01-15 20:00:00,Ángel Di María,BallRecovery
356478,65,MissedShots,0.9569999694824218,0.6,0.018933700397610664,Mauro Icardi,a,1513,FromCorner,2019,Head,12917,Lille,Paris Saint Germain,0,2,2020-01-26 20:00:00,Neymar,Aerial
356739,74,SavedShot,0.904000015258789,0.5370000076293945,0.033112600445747375,Mauro Icardi,h,1513,OpenPlay,2019,Head,12923,Paris Saint Germain,Montpellier,5,0,2020-02-01 16:30:00,Neymar,Aerial
357553,2,SavedShot,0.905,0.46799999237060547,0.4744499921798706,Mauro Icardi,a,1513,OpenPlay,2019,RightFoot,12929,Nantes,Paris Saint Germain,1,2,2020-02-04 20:05:00,,None
357560,28,Goal,0.9730000305175781,0.54,0.6477739810943604,Mauro Icardi,a,1513,OpenPlay,2019,LeftFoot,12929,Nantes,Paris Saint Germain,1,2,2020-02-04 20:05:00,Ángel Di María,None
357561,37,MissedShots,0.8859999847412109,0.34700000762939454,0.07631979882717133,Mauro Icardi,a,1513,OpenPlay,2019,LeftFoot,12929,Nantes,Paris Saint Germain,1,2,2020-02-04 20:05:00,,None
359011,34,SavedShot,0.919000015258789,0.5479999923706055,0.03468469902873039,Mauro Icardi,a,1513,FromCorner,2019,Head,12949,Amiens,Paris Saint Germain,4,4,2020-02-15 16:30:00,Julian Draxler,Aerial
359021,73,Goal,0.970999984741211,0.46700000762939453,0.7546049952507019,Mauro Icardi,a,1513,OpenPlay,2019,RightFoot,12949,Amiens,Paris Saint Germain,4,4,2020-02-15 16:30:00,Juan Bernat,Pass
360923,76,Goal,0.8819999694824219,0.40400001525878904,0.3095029890537262,Mauro Icardi,h,1513,OpenPlay,2019,RightFoot,12973,Paris Saint Germain,Dijon,4,0,2020-02-29 16:30:00,Kylian Mbappe-Lottin,Pass
377195,3,BlockedShot,0.9330000305175781,0.34700000762939454,0.05893440172076225,Mauro Icardi,h,1513,FromCorner,2020,RightFoot,14202,Paris Saint Germain,Metz,1,0,2020-09-16 19:00:00,,None
377199,11,MissedShots,0.9159999847412109,0.524000015258789,0.13101300597190857,Mauro Icardi,h,1513,OpenPlay,2020,Head,14202,Paris Saint Germain,Metz,1,0,2020-09-16 19:00:00,Ángel Di María,Cross
377205,32,MissedShots,0.8980000305175782,0.5029999923706054,0.1040090024471283,Mauro Icardi,h,1513,OpenPlay,2020,Head,14202,Paris Saint Germain,Metz,1,0,2020-09-16 19:00:00,Ángel Di María,Cross
377213,76,SavedShot,0.9209999847412109,0.5070000076293946,0.3910689949989319,Mauro Icardi,h,1513,OpenPlay,2020,LeftFoot,14202,Paris Saint Germain,Metz,1,0,2020-09-16 19:00:00,Julian Draxler,Cross
377919,58,SavedShot,0.914000015258789,0.6140000152587891,0.40896299481391907,Mauro Icardi,a,1513,OpenPlay,2020,RightFoot,14207,Nice,Paris Saint Germain,0,3,2020-09-20 11:00:00,Ángel Di María,Pass
377922,62,ShotOnPost,0.9640000152587891,0.5690000152587891,0.12004200369119644,Mauro Icardi,a,1513,FromCorner,2020,LeftFoot,14207,Nice,Paris Saint Germain,0,3,2020-09-20 11:00:00,Ángel Di María,Cross
379854,8,Goal,0.9019999694824219,0.4,0.3532629907131195,Mauro Icardi,a,1513,OpenPlay,2020,RightFoot,14223,Reims,Paris Saint Germain,0,2,2020-09-27 19:00:00,Kylian Mbappe-Lottin,Pass
379856,12,MissedShots,0.9590000152587891,0.6179999923706054,0.03154069930315018,Mauro Icardi,a,1513,FromCorner,2020,Head,14223,Reims,Paris Saint Germain,0,2,2020-09-27 19:00:00,Neymar,Cross
379859,16,SavedShot,0.9359999847412109,0.4929999923706055,0.41291698813438416,Mauro Icardi,a,1513,FromCorner,2020,Head,14223,Reims,Paris Saint Germain,0,2,2020-09-27 19:00:00,Ángel Di María,Cross
379869,61,Goal,0.93,0.47200000762939454,0.5708079934120178,Mauro Icardi,a,1513,OpenPlay,2020,RightFoot,14223,Reims,Paris Saint Germain,0,2,2020-09-27 19:00:00,Kylian Mbappe-Lottin,Pass
380323,3,BlockedShot,0.914000015258789,0.5370000076293945,0.13394099473953247,Mauro Icardi,h,1513,OpenPlay,2020,RightFoot,15806,Paris Saint Germain,Angers,6,1,2020-10-02 19:00:00,Kylian Mbappe-Lottin,Pass
380344,75,BlockedShot,0.915,0.504000015258789,0.14106599986553192,Mauro Icardi,h,1513,OpenPlay,2020,RightFoot,15806,Paris Saint Germain,Angers,6,1,2020-10-02 19:00:00,Colin Dagba,Pass
398133,77,SavedShot,0.94,0.375,0.36904099583625793,Mauro Icardi,h,1513,OpenPlay,2020,RightFoot,15943,Paris Saint Germain,Brest,3,0,2021-01-09 20:00:00,Pablo Sarabia,Throughball
398134,78,BlockedShot,0.9740000152587891,0.61,0.08700919896364212,Mauro Icardi,h,1513,FromCorner,2020,LeftFoot,15943,Paris Saint Germain,Brest,3,0,2021-01-09 20:00:00,,Rebound
398135,78,BlockedShot,0.92,0.6309999847412109,0.06861709803342819,Mauro Icardi,h,1513,FromCorner,2020,RightFoot,15943,Paris Saint Germain,Brest,3,0,2021-01-09 20:00:00,,None
398136,80,Goal,0.899000015258789,0.5259999847412109,0.1393740028142929,Mauro Icardi,h,1513,OpenPlay,2020,RightFoot,15943,Paris Saint Germain,Brest,3,0,2021-01-09 20:00:00,Kylian Mbappe-Lottin,Pass
398139,86,MissedShots,0.895,0.4859999847412109,0.028223900124430656,Mauro Icardi,h,1513,OpenPlay,2020,Head,15943,Paris Saint Germain,Brest,3,0,2021-01-09 20:00:00,,None
400293,8,MissedShots,0.904000015258789,0.43599998474121093,0.42478400468826294,Mauro Icardi,h,1513,OpenPlay,2020,RightFoot,15962,Paris Saint Germain,Montpellier,4,0,2021-01-22 20:00:00,Alessandro Florenzi,Pass
400298,25,MissedShots,0.9290000152587891,0.6359999847412109,0.34482499957084656,Mauro Icardi,h,1513,OpenPlay,2020,LeftFoot,15962,Paris Saint Germain,Montpellier,4,0,2021-01-22 20:00:00,Neymar,Throughball
400300,31,MissedShots,0.96,0.5879999923706055,0.49169400334358215,Mauro Icardi,h,1513,SetPiece,2020,LeftFoot,15962,Paris Saint Germain,Montpellier,4,0,2021-01-22 20:00:00,,None
400306,54,SavedShot,0.895,0.5729999923706055,0.3942680060863495,Mauro Icardi,h,1513,OpenPlay,2020,RightFoot,15962,Paris Saint Germain,Montpellier,4,0,2021-01-22 20:00:00,,None
400309,60,Goal,0.91,0.4879999923706055,0.12568600475788116,Mauro Icardi,h,1513,OpenPlay,2020,RightFoot,15962,Paris Saint Germain,Montpellier,4,0,2021-01-22 20:00:00,,None
402087,45,MissedShots,0.8869999694824219,0.47200000762939454,0.08650019764900208,Mauro Icardi,a,1513,OpenPlay,2020,RightFoot,15969,Lorient,Paris Saint Germain,3,2,2021-01-31 14:00:00,,None
402095,71,SavedShot,0.955,0.56,0.49035999178886414,Mauro Icardi,a,1513,OpenPlay,2020,Head,15969,Lorient,Paris Saint Germain,3,2,2021-01-31 14:00:00,Neymar,Cross
403985,5,MissedShots,0.9480000305175781,0.5579999923706055,0.07743299752473831,Mauro Icardi,a,1513,SetPiece,2020,Head,15995,Marseille,Paris Saint Germain,0,2,2021-02-07 20:00:00,Ángel Di María,Aerial
403991,23,Goal,0.9590000152587891,0.40900001525878904,0.06296209990978241,Mauro Icardi,a,1513,OpenPlay,2020,OtherBodyPart,15995,Marseille,Paris Saint Germain,0,2,2021-02-07 20:00:00,Alessandro Florenzi,Aerial
403994,46,MissedShots,0.924000015258789,0.5029999923706054,0.147489994764328,Mauro Icardi,a,1513,OpenPlay,2020,RightFoot,15995,Marseille,Paris Saint Germain,0,2,2021-02-07 20:00:00,Kylian Mbappe-Lottin,Pass
403995,48,MissedShots,0.9180000305175782,0.504000015258789,0.062155600637197495,Mauro Icardi,a,1513,OpenPlay,2020,Head,15995,Marseille,Paris Saint Germain,0,2,2021-02-07 20:00:00,Alessandro Florenzi,Aerial
404328,21,ShotOnPost,0.9630000305175781,0.5629999923706055,0.5106679797172546,Mauro Icardi,h,1513,OpenPlay,2020,LeftFoot,16003,Paris Saint Germain,Nice,2,1,2021-02-13 16:00:00,Thilo Kehrer,Cross
404337,45,BlockedShot,0.9230000305175782,0.5990000152587891,0.1033490002155304,Mauro Icardi,h,1513,OpenPlay,2020,RightFoot,16003,Paris Saint Germain,Nice,2,1,2021-02-13 16:00:00,Layvin Kurzawa,Cross
404347,63,MissedShots,0.9169999694824219,0.485,0.09803149849176407,Mauro Icardi,h,1513,FromCorner,2020,Head,16003,Paris Saint Germain,Nice,2,1,2021-02-13 16:00:00,Julian Draxler,Cross
404352,74,BlockedShot,0.8059999847412109,0.49599998474121093,0.05319960042834282,Mauro Icardi,h,1513,OpenPlay,2020,RightFoot,16003,Paris Saint Germain,Nice,2,1,2021-02-13 16:00:00,,Challenge
406257,6,MissedShots,0.91,0.34,0.05862409994006157,Mauro Icardi,h,1513,OpenPlay,2020,RightFoot,16013,Paris Saint Germain,Monaco,0,2,2021-02-21 20:00:00,Leandro Paredes,Chipped
408185,32,MissedShots,0.9530000305175781,0.555,0.08924330025911331,Mauro Icardi,a,1513,SetPiece,2020,Head,16026,Bordeaux,Paris Saint Germain,0,1,2021-03-03 20:00:00,Pablo Sarabia,Aerial
408189,41,MissedShots,0.97,0.40299999237060546,0.10227800160646439,Mauro Icardi,a,1513,OpenPlay,2020,RightFoot,16026,Bordeaux,Paris Saint Germain,0,1,2021-03-03 20:00:00,Pablo Sarabia,Chipped
415575,94,Goal,0.965,0.5870000076293945,0.35478299856185913,Mauro Icardi,h,1513,OpenPlay,2020,Head,16077,Paris Saint Germain,Saint-Etienne,3,2,2021-04-18 11:00:00,Ángel Di María,Aerial
417295,88,Goal,0.885,0.5,0.7599629759788513,Mauro Icardi,a,1513,Penalty,2020,RightFoot,16088,Metz,Paris Saint Germain,1,3,2021-04-24 15:00:00,,Standard
418628,12,MissedShots,0.79,0.5570000076293945,0.041455499827861786,Mauro Icardi,h,1513,OpenPlay,2020,RightFoot,16104,Paris Saint Germain,Lens,2,1,2021-05-01 15:00:00,Julian Draxler,BallTouch
418631,25,MissedShots,0.8530000305175781,0.42700000762939455,0.09055879712104797,Mauro Icardi,h,1513,OpenPlay,2020,LeftFoot,16104,Paris Saint Germain,Lens,2,1,2021-05-01 15:00:00,Julian Draxler,LayOff
424417,74,SavedShot,0.8869999694824219,0.5740000152587891,0.17901399731636047,Mauro Icardi,a,1513,OpenPlay,2020,RightFoot,16127,Brest,Paris Saint Germain,0,2,2021-05-23 19:00:00,Neymar,TakeOn
425236,20,Goal,0.9019999694824219,0.47200000762939454,0.4476320147514343,Mauro Icardi,a,1513,OpenPlay,2021,RightFoot,17824,Troyes,Paris Saint Germain,1,2,2021-08-07 19:00:00,Kylian Mbappe-Lottin,Pass
425247,52,MissedShots,0.9790000152587891,0.42900001525878906,0.43157199025154114,Mauro Icardi,a,1513,OpenPlay,2021,Head,17824,Troyes,Paris Saint Germain,1,2,2021-08-07 19:00:00,Kylian Mbappe-Lottin,Cross
426124,2,Goal,0.92,0.5109999847412109,0.3347580134868622,Mauro Icardi,h,1513,OpenPlay,2021,Head,17834,Paris Saint Germain,Strasbourg,4,2,2021-08-14 19:00:00,Abdou Diallo,Cross
426131,34,BlockedShot,0.765,0.545,0.02336139976978302,Mauro Icardi,h,1513,FromCorner,2021,RightFoot,17834,Paris Saint Germain,Strasbourg,4,2,2021-08-14 19:00:00,Presnel Kimpembe,Pass
426132,38,MissedShots,0.905,0.5459999847412109,0.09038929641246796,Mauro Icardi,h,1513,OpenPlay,2021,Head,17834,Paris Saint Germain,Strasbourg,4,2,2021-08-14 19:00:00,Abdou Diallo,Cross
426761,57,MissedShots,0.895,0.46299999237060546,0.08593419939279556,Mauro Icardi,a,1513,OpenPlay,2021,Head,17842,Brest,Paris Saint Germain,2,4,2021-08-20 19:00:00,Achraf Hakimi,Cross
432224,92,Goal,0.9519999694824218,0.4809999847412109,0.5764769911766052,Mauro Icardi,h,1513,OpenPlay,2021,Head,17879,Paris Saint Germain,Lyon,2,1,2021-09-19 18:45:00,Kylian Mbappe-Lottin,Cross
432831,3,BlockedShot,0.9019999694824219,0.6309999847412109,0.3441320061683655,Mauro Icardi,a,1513,OpenPlay,2021,LeftFoot,17885,Metz,Paris Saint Germain,1,2,2021-09-22 19:00:00,Neymar,Throughball
435949,82,MissedShots,0.9319999694824219,0.5420000076293945,0.41615501046180725,Mauro Icardi,h,1513,OpenPlay,2021,Head,17919,Paris Saint Germain,Angers,2,1,2021-10-15 19:00:00,Kylian Mbappe-Lottin,Cross
439340,72,MissedShots,0.909000015258789,0.5259999847412109,0.0961180031299591,Mauro Icardi,h,1513,OpenPlay,2021,Head,17939,Paris Saint Germain,Lille,2,1,2021-10-29 19:00:00,Ángel Di María,Cross
439344,84,MissedShots,0.875999984741211,0.39599998474121095,0.32854801416397095,Mauro Icardi,h,1513,OpenPlay,2021,RightFoot,17939,Paris Saint Germain,Lille,2,1,2021-10-29 19:00:00,Neymar,Throughball
446504,29,MissedShots,0.905,0.6270000076293946,0.017574600875377655,Mauro Icardi,a,1513,FromCorner,2021,Head,17991,Lens,Paris Saint Germain,1,1,2021-12-04 20:00:00,Ángel Di María,Cross
446510,36,SavedShot,0.89,0.3220000076293945,0.06665059924125671,Mauro Icardi,a,1513,OpenPlay,2021,RightFoot,17991,Lens,Paris Saint Germain,1,1,2021-12-04 20:00:00,Achraf Hakimi,Pass
446512,44,SavedShot,0.9619999694824218,0.5579999923706055,0.5233449935913086,Mauro Icardi,a,1513,OpenPlay,2021,LeftFoot,17991,Lens,Paris Saint Germain,1,1,2021-12-04 20:00:00,Lionel Messi,Cross
450242,1,MissedShots,0.919000015258789,0.5329999923706055,0.3615129888057709,Mauro Icardi,a,1513,OpenPlay,2021,RightFoot,18004,Lorient,Paris Saint Germain,1,1,2021-12-22 19:45:00,Nuno Mendes,Cross
450272,89,BlockedShot,0.855999984741211,0.44299999237060544,0.057427600026130676,Mauro Icardi,a,1513,OpenPlay,2021,RightFoot,18004,Lorient,Paris Saint Germain,1,1,2021-12-22 19:45:00,Ángel Di María,Cross
450273,90,Goal,0.9530000305175781,0.524000015258789,0.5079330205917358,Mauro Icardi,a,1513,OpenPlay,2021,Head,18004,Lorient,Paris Saint Germain,1,1,2021-12-22 19:45:00,Achraf Hakimi,Cross
452834,6,MissedShots,0.924000015258789,0.56,0.08302570134401321,Mauro Icardi,a,1513,FromCorner,2021,LeftFoot,18021,Lyon,Paris Saint Germain,1,1,2022-01-09 19:45:00,Nuno Mendes,Cross
452845,53,BlockedShot,0.9480000305175781,0.5359999847412109,0.5163559913635254,Mauro Icardi,a,1513,OpenPlay,2021,RightFoot,18021,Lyon,Paris Saint Germain,1,1,2022-01-09 19:45:00,Nuno Mendes,Cross
452849,61,MissedShots,0.91,0.47900001525878905,0.046070799231529236,Mauro Icardi,a,1513,OpenPlay,2021,Head,18021,Lyon,Paris Saint Germain,1,1,2022-01-09 19:45:00,Colin Dagba,Aerial
453464,74,SavedShot,0.9230000305175782,0.4779999923706055,0.3024410009384155,Mauro Icardi,h,1513,FromCorner,2021,Head,18026,Paris Saint Germain,Brest,2,0,2022-01-15 20:00:00,,Rebound
455470,43,BlockedShot,0.8569999694824219,0.539000015258789,0.07387310266494751,Mauro Icardi,h,1513,OpenPlay,2021,RightFoot,18041,Paris Saint Germain,Reims,4,0,2022-01-23 19:45:00,,None
455473,50,MissedShots,0.980999984741211,0.26799999237060546,0.05344440042972565,Mauro Icardi,h,1513,OpenPlay,2021,RightFoot,18041,Paris Saint Germain,Reims,4,0,2022-01-23 19:45:00,Leandro Paredes,Chipped
455474,51,BlockedShot,0.879000015258789,0.34700000762939454,0.04731690138578415,Mauro Icardi,h,1513,FromCorner,2021,RightFoot,18041,Paris Saint Germain,Reims,4,0,2022-01-23 19:45:00,,None
455483,69,SavedShot,0.9209999847412109,0.38799999237060545,0.3613229990005493,Mauro Icardi,h,1513,OpenPlay,2021,RightFoot,18041,Paris Saint Germain,Reims,4,0,2022-01-23 19:45:00,Kylian Mbappe-Lottin,Pass
455487,85,MissedShots,0.93,0.4909999847412109,0.4748480021953583,Mauro Icardi,h,1513,OpenPlay,2021,Head,18041,Paris Saint Germain,Reims,4,0,2022-01-23 19:45:00,Nuno Mendes,Cross
461381,81,BlockedShot,0.914000015258789,0.36400001525878906,0.11733199656009674,Mauro Icardi,a,1513,OpenPlay,2021,RightFoot,18091,Nice,Paris Saint Germain,1,0,2022-03-05 20:00:00,Lionel Messi,Throughball
464361,78,SavedShot,0.899000015258789,0.5840000152587891,0.4160340130329132,Mauro Icardi,a,1513,SetPiece,2021,LeftFoot,18107,Monaco,Paris Saint Germain,3,0,2022-03-20 12:00:00,Marco Verratti,Throughball
