id,minute,result,X,Y,xG,player,h_a,player_id,situation,season,shotType,match_id,h_team,a_team,h_goals,a_goals,date,player_assisted,lastAction
14642,83,BlockedShot,0.795,0.32099998474121094,0.04750959947705269,Harry Kane,a,647,OpenPlay,2014,RightFoot,4754,West Ham,Tottenham,0,1,2014-08-16 15:00:00,Andros Townsend,Pass
15400,81,OwnGoal,0.029000000953674318,0.5820000076293945,0,Harry Kane,a,647,SetPiece,2014,OtherBodyPart,4724,Sunderland,Tottenham,2,2,2014-09-13 15:00:00,,Foul
16333,68,SavedShot,0.9059999847412109,0.46900001525878904,0.4358299970626831,Harry Kane,h,647,OpenPlay,2014,LeftFoot,4715,Tottenham,Newcastle United,1,2,2014-10-26 13:30:00,Danny Rose,Pass
16901,58,SavedShot,0.9169999694824219,0.46299999237060546,0.08578819781541824,Harry Kane,a,647,FromCorner,2014,Head,4657,Aston Villa,Tottenham,1,2,2014-11-02 16:00:00,Erik Lamela,Cross
16909,89,Goal,0.7609999847412109,0.415,0.0676921010017395,Harry Kane,a,647,DirectFreekick,2014,RightFoot,4657,Aston Villa,Tottenham,1,2,2014-11-02 16:00:00,,Standard
17304,3,SavedShot,0.980999984741211,0.5579999923706055,0.5946999788284302,Harry Kane,h,647,OpenPlay,2014,Head,4666,Tottenham,Stoke,1,2,2014-11-09 13:30:00,Nacer Chadli,Cross
17310,18,SavedShot,0.915,0.5740000152587891,0.028999999165534973,Harry Kane,h,647,OpenPlay,2014,Head,4666,Tottenham,Stoke,1,2,2014-11-09 13:30:00,Kyle Naughton,Aerial
17320,58,MissedShots,0.92,0.5359999847412109,0.12436000257730484,Harry Kane,h,647,SetPiece,2014,Head,4666,Tottenham,Stoke,1,2,2014-11-09 13:30:00,Erik Lamela,Cross
17327,90,BlockedShot,0.8080000305175781,0.6020000076293945,0.11655399948358536,Harry Kane,h,647,DirectFreekick,2014,RightFoot,4666,Tottenham,Stoke,1,2,2014-11-09 13:30:00,,Standard
16634,14,SavedShot,0.775,0.7930000305175782,0.015956100076436996,Harry Kane,a,647,OpenPlay,2014,RightFoot,4677,Hull,Tottenham,1,2,2014-11-23 16:00:00,Mousa Dembélé,Pass
16644,31,BlockedShot,0.715999984741211,0.45099998474121095,0.04359370097517967,Harry Kane,a,647,DirectFreekick,2014,RightFoot,4677,Hull,Tottenham,1,2,2014-11-23 16:00:00,,Standard
16649,48,BlockedShot,0.8219999694824218,0.5659999847412109,0.06322800368070602,Harry Kane,a,647,OpenPlay,2014,LeftFoot,4677,Hull,Tottenham,1,2,2014-11-23 16:00:00,Christian Eriksen,TakeOn
16655,60,Goal,0.909000015258789,0.5309999847412109,0.48317599296569824,Harry Kane,a,647,SetPiece,2014,LeftFoot,4677,Hull,Tottenham,1,2,2014-11-23 16:00:00,,Rebound
16658,67,MissedShots,0.9569999694824218,0.5279999923706055,0.5795140266418457,Harry Kane,a,647,OpenPlay,2014,Head,4677,Hull,Tottenham,1,2,2014-11-23 16:00:00,Aaron Lennon,Cross
18504,20,SavedShot,0.805,0.4470000076293945,0.06185869872570038,Harry Kane,h,647,OpenPlay,2014,LeftFoot,4688,Tottenham,Everton,2,1,2014-11-30 16:00:00,Ryan Mason,TakeOn
18507,28,MissedShots,0.795,0.33,0.023590799421072006,Harry Kane,h,647,OpenPlay,2014,RightFoot,4688,Tottenham,Everton,2,1,2014-11-30 16:00:00,,None
18508,29,SavedShot,0.7859999847412109,0.5109999847412109,0.040104299783706665,Harry Kane,h,647,OpenPlay,2014,RightFoot,4688,Tottenham,Everton,2,1,2014-11-30 16:00:00,Roberto Soldado,TakeOn
18515,54,SavedShot,0.8219999694824218,0.22399999618530272,0.026089699938893318,Harry Kane,h,647,OpenPlay,2014,LeftFoot,4688,Tottenham,Everton,2,1,2014-11-30 16:00:00,Vlad Chiriches,Pass
19513,6,ShotOnPost,0.9069999694824219,0.47099998474121096,0.09190130233764648,Harry Kane,a,647,OpenPlay,2014,Head,4595,Chelsea,Tottenham,3,0,2014-12-03 19:45:00,Aaron Lennon,Cross
19514,10,MissedShots,0.9440000152587891,0.6719999694824219,0.06625340133905411,Harry Kane,a,647,OpenPlay,2014,LeftFoot,4595,Chelsea,Tottenham,3,0,2014-12-03 19:45:00,,BallRecovery
20195,22,MissedShots,0.7659999847412109,0.785,0.012798899784684181,Harry Kane,h,647,OpenPlay,2014,LeftFoot,4602,Tottenham,Crystal Palace,0,0,2014-12-06 15:00:00,Christian Eriksen,Pass
20201,35,BlockedShot,0.8469999694824218,0.6869999694824219,0.03559479862451553,Harry Kane,h,647,OpenPlay,2014,RightFoot,4602,Tottenham,Crystal Palace,0,0,2014-12-06 15:00:00,Ben Davies,Pass
20206,68,MissedShots,0.7480000305175781,0.6040000152587891,0.016229400411248207,Harry Kane,h,647,OpenPlay,2014,RightFoot,4602,Tottenham,Crystal Palace,0,0,2014-12-06 15:00:00,Nacer Chadli,Pass
18477,3,Goal,0.9180000305175782,0.5220000076293946,0.09423830360174179,Harry Kane,a,647,FromCorner,2014,Head,4617,Swansea,Tottenham,1,2,2014-12-14 16:00:00,Christian Eriksen,Cross
18479,18,MissedShots,0.730999984741211,0.475,0.022112000733613968,Harry Kane,a,647,OpenPlay,2014,RightFoot,4617,Swansea,Tottenham,1,2,2014-12-14 16:00:00,Roberto Soldado,LayOff
18489,61,MissedShots,0.7959999847412109,0.765,0.015175100415945053,Harry Kane,a,647,OpenPlay,2014,RightFoot,4617,Swansea,Tottenham,1,2,2014-12-14 16:00:00,Nabil Bentaleb,Pass
18497,77,MissedShots,0.919000015258789,0.4159999847412109,0.05083800107240677,Harry Kane,a,647,FromCorner,2014,Head,4617,Swansea,Tottenham,1,2,2014-12-14 16:00:00,Christian Eriksen,Cross
18500,90,SavedShot,0.915,0.6619999694824219,0.38298600912094116,Harry Kane,a,647,OpenPlay,2014,RightFoot,4617,Swansea,Tottenham,1,2,2014-12-14 16:00:00,,TakeOn
19483,15,BlockedShot,0.8930000305175781,0.29600000381469727,0.07767309993505478,Harry Kane,h,647,OpenPlay,2014,RightFoot,4621,Tottenham,Burnley,2,1,2014-12-20 15:00:00,Erik Lamela,Pass
19484,17,MissedShots,0.7319999694824219,0.4520000076293945,0.02070629969239235,Harry Kane,h,647,OpenPlay,2014,LeftFoot,4621,Tottenham,Burnley,2,1,2014-12-20 15:00:00,Christian Eriksen,Pass
19486,20,Goal,0.9619999694824218,0.4909999847412109,0.6205180287361145,Harry Kane,h,647,SetPiece,2014,Head,4621,Tottenham,Burnley,2,1,2014-12-20 15:00:00,Nacer Chadli,Cross
19493,43,MissedShots,0.8490000152587891,0.8140000152587891,0.025340599939227104,Harry Kane,h,647,OpenPlay,2014,RightFoot,4621,Tottenham,Burnley,2,1,2014-12-20 15:00:00,Ben Davies,Pass
19494,46,BlockedShot,0.75,0.5420000076293945,0.02901029959321022,Harry Kane,h,647,OpenPlay,2014,RightFoot,4621,Tottenham,Burnley,2,1,2014-12-20 15:00:00,Erik Lamela,Pass
19502,58,BlockedShot,0.884000015258789,0.7169999694824218,0.051248498260974884,Harry Kane,h,647,OpenPlay,2014,LeftFoot,4621,Tottenham,Burnley,2,1,2014-12-20 15:00:00,Christian Eriksen,Pass
19505,66,BlockedShot,0.865999984741211,0.6930000305175781,0.05759140104055405,Harry Kane,h,647,OpenPlay,2014,RightFoot,4621,Tottenham,Burnley,2,1,2014-12-20 15:00:00,Ben Davies,Chipped
17761,0,Goal,0.955999984741211,0.544000015258789,0.5403329730033875,Harry Kane,a,647,OpenPlay,2014,LeftFoot,4637,Leicester,Tottenham,1,2,2014-12-26 15:00:00,Nacer Chadli,Cross
17774,45,MissedShots,0.9440000152587891,0.4929999923706055,0.5500500202178955,Harry Kane,a,647,SetPiece,2014,Head,4637,Leicester,Tottenham,1,2,2014-12-26 15:00:00,Erik Lamela,Cross
17784,73,MissedShots,0.7180000305175781,0.7230000305175781,0.013783100061118603,Harry Kane,a,647,OpenPlay,2014,RightFoot,4637,Leicester,Tottenham,1,2,2014-12-26 15:00:00,Danny Rose,Pass
20016,29,Goal,0.749000015258789,0.519000015258789,0.018490100279450417,Harry Kane,h,647,OpenPlay,2014,RightFoot,4560,Tottenham,Chelsea,5,3,2015-01-01 17:30:00,Danny Rose,TakeOn
20023,51,Goal,0.8690000152587891,0.6659999847412109,0.08394210040569305,Harry Kane,h,647,OpenPlay,2014,RightFoot,4560,Tottenham,Chelsea,5,3,2015-01-01 17:30:00,Nacer Chadli,Pass
17689,16,SavedShot,0.8180000305175781,0.3340000152587891,0.036708101630210876,Harry Kane,a,647,OpenPlay,2014,LeftFoot,4568,Crystal Palace,Tottenham,2,1,2015-01-10 17:30:00,Andros Townsend,Tackle
17700,48,Goal,0.84,0.3920000076293945,0.06658689677715302,Harry Kane,a,647,OpenPlay,2014,RightFoot,4568,Crystal Palace,Tottenham,2,1,2015-01-10 17:30:00,Nacer Chadli,Pass
17712,84,SavedShot,0.7909999847412109,0.7419999694824219,0.01597289927303791,Harry Kane,a,647,OpenPlay,2014,RightFoot,4568,Crystal Palace,Tottenham,2,1,2015-01-10 17:30:00,Mousa Dembélé,Pass
19256,45,SavedShot,0.745999984741211,0.43900001525878907,0.020273299887776375,Harry Kane,h,647,OpenPlay,2014,RightFoot,4576,Tottenham,Sunderland,2,1,2015-01-17 15:00:00,Danny Rose,Pass
19257,46,ShotOnPost,0.7909999847412109,0.32799999237060545,0.024407900869846344,Harry Kane,h,647,OpenPlay,2014,RightFoot,4576,Tottenham,Sunderland,2,1,2015-01-17 15:00:00,Christian Eriksen,Pass
19261,49,BlockedShot,0.875999984741211,0.31,0.05425409972667694,Harry Kane,h,647,OpenPlay,2014,RightFoot,4576,Tottenham,Sunderland,2,1,2015-01-17 15:00:00,Kyle Walker,Pass
19265,58,BlockedShot,0.9130000305175782,0.28600000381469726,0.03191889822483063,Harry Kane,h,647,SetPiece,2014,RightFoot,4576,Tottenham,Sunderland,2,1,2015-01-17 15:00:00,Christian Eriksen,Pass
19266,61,MissedShots,0.7580000305175781,0.33099998474121095,0.018963100388646126,Harry Kane,h,647,OpenPlay,2014,RightFoot,4576,Tottenham,Sunderland,2,1,2015-01-17 15:00:00,Eric Dier,Pass
23871,14,Goal,0.8440000152587891,0.615,0.08140940219163895,Harry Kane,a,647,OpenPlay,2014,RightFoot,4586,West Bromwich Albion,Tottenham,0,3,2015-01-31 15:00:00,Mousa Dembélé,Pass
23880,46,MissedShots,0.715,0.764000015258789,0.015778500586748123,Harry Kane,a,647,OpenPlay,2014,RightFoot,4586,West Bromwich Albion,Tottenham,0,3,2015-01-31 15:00:00,Christian Eriksen,Pass
23882,59,BlockedShot,0.87,0.675,0.09573470056056976,Harry Kane,a,647,OpenPlay,2014,RightFoot,4586,West Bromwich Albion,Tottenham,0,3,2015-01-31 15:00:00,,TakeOn
23884,63,Goal,0.885,0.5,0.761132001876831,Harry Kane,a,647,Penalty,2014,RightFoot,4586,West Bromwich Albion,Tottenham,0,3,2015-01-31 15:00:00,,Standard
23888,69,BlockedShot,0.8540000152587891,0.47700000762939454,0.1172339990735054,Harry Kane,a,647,OpenPlay,2014,RightFoot,4586,West Bromwich Albion,Tottenham,0,3,2015-01-31 15:00:00,Nacer Chadli,Pass
23893,80,SavedShot,0.7169999694824218,0.49400001525878906,0.044978201389312744,Harry Kane,a,647,DirectFreekick,2014,RightFoot,4586,West Bromwich Albion,Tottenham,0,3,2015-01-31 15:00:00,,Standard
23605,4,SavedShot,0.8090000152587891,0.6880000305175781,0.04604509845376015,Harry Kane,h,647,OpenPlay,2014,RightFoot,4515,Tottenham,Arsenal,2,1,2015-02-07 12:45:00,Mousa Dembélé,Pass
23616,39,MissedShots,0.784000015258789,0.3609999847412109,0.027553999796509743,Harry Kane,h,647,OpenPlay,2014,RightFoot,4515,Tottenham,Arsenal,2,1,2015-02-07 12:45:00,Christian Eriksen,HeadPass
23621,55,Goal,0.955999984741211,0.5670000076293945,0.3820610046386719,Harry Kane,h,647,FromCorner,2014,RightFoot,4515,Tottenham,Arsenal,2,1,2015-02-07 12:45:00,,Aerial
23633,85,Goal,0.915,0.45599998474121095,0.12206900119781494,Harry Kane,h,647,OpenPlay,2014,Head,4515,Tottenham,Arsenal,2,1,2015-02-07 12:45:00,Nabil Bentaleb,Cross
23068,22,MissedShots,0.5,0.49900001525878906,0.007228409871459007,Harry Kane,a,647,OpenPlay,2014,RightFoot,4528,Liverpool,Tottenham,3,2,2015-02-10 20:00:00,Mousa Dembélé,Tackle
23069,25,Goal,0.8919999694824219,0.4129999923706055,0.36111798882484436,Harry Kane,a,647,OpenPlay,2014,RightFoot,4528,Liverpool,Tottenham,3,2,2015-02-10 20:00:00,Erik Lamela,Pass
23076,49,BlockedShot,0.925,0.34900001525878904,0.07206449657678604,Harry Kane,a,647,OpenPlay,2014,RightFoot,4528,Liverpool,Tottenham,3,2,2015-02-10 20:00:00,Ryan Mason,Chipped
23079,56,BlockedShot,0.95,0.3129999923706055,0.048625700175762177,Harry Kane,a,647,OpenPlay,2014,RightFoot,4528,Liverpool,Tottenham,3,2,2015-02-10 20:00:00,,None
24303,10,ShotOnPost,0.8969999694824219,0.5479999923706055,0.298458993434906,Harry Kane,h,647,OpenPlay,2014,RightFoot,4542,Tottenham,West Ham,2,2,2015-02-22 12:00:00,Danny Rose,Chipped
24323,68,BlockedShot,0.8809999847412109,0.6930000305175781,0.05326659977436066,Harry Kane,h,647,OpenPlay,2014,LeftFoot,4542,Tottenham,West Ham,2,2,2015-02-22 12:00:00,Danny Rose,TakeOn
24325,72,BlockedShot,0.7930000305175782,0.5479999923706055,0.029218899086117744,Harry Kane,h,647,OpenPlay,2014,RightFoot,4542,Tottenham,West Ham,2,2,2015-02-22 12:00:00,Christian Eriksen,Chipped
24334,92,BlockedShot,0.875999984741211,0.41200000762939454,0.08273950219154358,Harry Kane,h,647,OpenPlay,2014,RightFoot,4542,Tottenham,West Ham,2,2,2015-02-22 12:00:00,Christian Eriksen,Pass
24336,95,SavedShot,0.885,0.5,0.7611690163612366,Harry Kane,h,647,Penalty,2014,RightFoot,4542,Tottenham,West Ham,2,2,2015-02-22 12:00:00,,Standard
24337,95,Goal,0.9469999694824218,0.49900001525878906,0.6383339762687683,Harry Kane,h,647,SetPiece,2014,RightFoot,4542,Tottenham,West Ham,2,2,2015-02-22 12:00:00,,Rebound
21684,34,BlockedShot,0.7519999694824219,0.7169999694824218,0.016620999202132225,Harry Kane,h,647,OpenPlay,2014,RightFoot,4489,Tottenham,Swansea,3,2,2015-03-04 19:45:00,Danny Rose,Pass
21685,34,MissedShots,0.8859999847412109,0.5379999923706055,0.028794800862669945,Harry Kane,h,647,OpenPlay,2014,Head,4489,Tottenham,Swansea,3,2,2015-03-04 19:45:00,Kyle Walker,Aerial
21691,46,MissedShots,0.8880000305175781,0.44799999237060545,0.06056790053844452,Harry Kane,h,647,OpenPlay,2014,Head,4489,Tottenham,Swansea,3,2,2015-03-04 19:45:00,Danny Rose,Cross
21699,66,SavedShot,0.9069999694824219,0.46599998474121096,0.31948399543762207,Harry Kane,h,647,FromCorner,2014,RightFoot,4489,Tottenham,Swansea,3,2,2015-03-04 19:45:00,Christian Eriksen,Cross
21700,67,BlockedShot,0.759000015258789,0.6930000305175781,0.027930399402976036,Harry Kane,h,647,OpenPlay,2014,RightFoot,4489,Tottenham,Swansea,3,2,2015-03-04 19:45:00,Nabil Bentaleb,Pass
23638,5,SavedShot,0.955999984741211,0.445,0.48642998933792114,Harry Kane,a,647,OpenPlay,2014,Head,4492,Queens Park Rangers,Tottenham,1,2,2015-03-07 15:00:00,Kyle Walker,Cross
23644,33,Goal,0.93,0.509000015258789,0.41160500049591064,Harry Kane,a,647,SetPiece,2014,Head,4492,Queens Park Rangers,Tottenham,1,2,2015-03-07 15:00:00,Andros Townsend,Cross
23649,46,BlockedShot,0.924000015258789,0.7040000152587891,0.06672629714012146,Harry Kane,a,647,OpenPlay,2014,LeftFoot,4492,Queens Park Rangers,Tottenham,1,2,2015-03-07 15:00:00,Nacer Chadli,Pass
23651,46,MissedShots,0.9359999847412109,0.595999984741211,0.38131898641586304,Harry Kane,a,647,OpenPlay,2014,RightFoot,4492,Queens Park Rangers,Tottenham,1,2,2015-03-07 15:00:00,,Rebound
23657,67,Goal,0.92,0.6229999923706054,0.5796710252761841,Harry Kane,a,647,OpenPlay,2014,LeftFoot,4492,Queens Park Rangers,Tottenham,1,2,2015-03-07 15:00:00,Ryan Mason,TakeOn
20351,88,SavedShot,0.9380000305175781,0.31,0.08713970333337784,Harry Kane,a,647,OpenPlay,2014,RightFoot,4501,Manchester United,Tottenham,3,0,2015-03-15 16:00:00,Erik Lamela,Throughball
20374,5,Goal,0.9640000152587891,0.46099998474121096,0.5990769863128662,Harry Kane,h,647,FromCorner,2014,LeftFoot,4505,Tottenham,Leicester,4,3,2015-03-21 15:00:00,,None
20376,12,Goal,0.884000015258789,0.40400001525878904,0.09993760287761688,Harry Kane,h,647,OpenPlay,2014,LeftFoot,4505,Tottenham,Leicester,4,3,2015-03-21 15:00:00,,None
20391,63,Goal,0.885,0.5,0.7611690163612366,Harry Kane,h,647,Penalty,2014,RightFoot,4505,Tottenham,Leicester,4,3,2015-03-21 15:00:00,,Standard
20392,66,MissedShots,0.9180000305175782,0.46599998474121096,0.1306930035352707,Harry Kane,h,647,OpenPlay,2014,RightFoot,4505,Tottenham,Leicester,4,3,2015-03-21 15:00:00,Nacer Chadli,Chipped
21013,35,MissedShots,0.7580000305175781,0.3390000152587891,0.0221088994294405,Harry Kane,a,647,OpenPlay,2014,RightFoot,4447,Burnley,Tottenham,0,0,2015-04-05 13:30:00,Eric Dier,Pass
21023,69,BlockedShot,0.8959999847412109,0.3370000076293945,0.07429909706115723,Harry Kane,a,647,OpenPlay,2014,RightFoot,4447,Burnley,Tottenham,0,0,2015-04-05 13:30:00,Erik Lamela,Pass
21412,40,SavedShot,0.6819999694824219,0.6469999694824219,0.012626600451767445,Harry Kane,h,647,OpenPlay,2014,RightFoot,4455,Tottenham,Aston Villa,0,1,2015-04-11 15:00:00,Danny Rose,Pass
21421,58,MissedShots,0.8730000305175781,0.27899999618530275,0.03498470038175583,Harry Kane,h,647,OpenPlay,2014,LeftFoot,4455,Tottenham,Aston Villa,0,1,2015-04-11 15:00:00,Andros Townsend,Pass
21423,75,MissedShots,0.884000015258789,0.31799999237060544,0.0458517000079155,Harry Kane,h,647,OpenPlay,2014,RightFoot,4455,Tottenham,Aston Villa,0,1,2015-04-11 15:00:00,Roberto Soldado,BallTouch
21324,43,SavedShot,0.95,0.7069999694824218,0.0699957013130188,Harry Kane,a,647,OpenPlay,2014,LeftFoot,4467,Newcastle United,Tottenham,1,3,2015-04-19 16:00:00,Nacer Chadli,Pass
21331,66,SavedShot,0.96,0.4759999847412109,0.5131530165672302,Harry Kane,a,647,FromCorner,2014,RightFoot,4467,Newcastle United,Tottenham,1,3,2015-04-19 16:00:00,Paulinho,Cross
21336,76,SavedShot,0.7480000305175781,0.5279999923706055,0.025591399520635605,Harry Kane,a,647,OpenPlay,2014,RightFoot,4467,Newcastle United,Tottenham,1,3,2015-04-19 16:00:00,Michel Vorm,Pass
21338,82,BlockedShot,0.895,0.655,0.08386670053005219,Harry Kane,a,647,OpenPlay,2014,LeftFoot,4467,Newcastle United,Tottenham,1,3,2015-04-19 16:00:00,,Dispossessed
21340,90,Goal,0.860999984741211,0.5509999847412109,0.40032699704170227,Harry Kane,a,647,OpenPlay,2014,RightFoot,4467,Newcastle United,Tottenham,1,3,2015-04-19 16:00:00,Erik Lamela,Pass
23001,77,BlockedShot,0.76,0.5309999847412109,0.020209599286317825,Harry Kane,a,647,OpenPlay,2014,RightFoot,4468,Southampton,Tottenham,2,2,2015-04-25 12:45:00,Erik Lamela,Pass
22202,3,MissedShots,0.8109999847412109,0.37900001525878907,0.037814099341630936,Harry Kane,h,647,OpenPlay,2014,RightFoot,4407,Tottenham,Manchester City,0,1,2015-05-03 16:00:00,Erik Lamela,Pass
22205,14,MissedShots,0.7819999694824219,0.669000015258789,0.023544400930404663,Harry Kane,h,647,OpenPlay,2014,RightFoot,4407,Tottenham,Manchester City,0,1,2015-05-03 16:00:00,Nacer Chadli,Pass
22206,17,MissedShots,0.9230000305175782,0.48900001525878906,0.3990960121154785,Harry Kane,h,647,OpenPlay,2014,LeftFoot,4407,Tottenham,Manchester City,0,1,2015-05-03 16:00:00,Eric Dier,Cross
22216,40,SavedShot,0.7980000305175782,0.29200000762939454,0.021367300301790237,Harry Kane,h,647,OpenPlay,2014,RightFoot,4407,Tottenham,Manchester City,0,1,2015-05-03 16:00:00,Eric Dier,Pass
22222,52,MissedShots,0.7519999694824219,0.605999984741211,0.02129950001835823,Harry Kane,h,647,OpenPlay,2014,RightFoot,4407,Tottenham,Manchester City,0,1,2015-05-03 16:00:00,Christian Eriksen,Pass
22225,60,SavedShot,0.9069999694824219,0.345,0.054478298872709274,Harry Kane,h,647,OpenPlay,2014,RightFoot,4407,Tottenham,Manchester City,0,1,2015-05-03 16:00:00,Eric Dier,Pass
21962,64,BlockedShot,0.720999984741211,0.6419999694824219,0.014561399817466736,Harry Kane,a,647,OpenPlay,2014,RightFoot,4414,Stoke,Tottenham,3,0,2015-05-09 15:00:00,Erik Lamela,Pass
21253,7,BlockedShot,0.895,0.23899999618530274,0.030281800776720047,Harry Kane,h,647,OpenPlay,2014,RightFoot,4422,Tottenham,Hull,2,0,2015-05-16 15:00:00,Erik Lamela,Chipped
21263,57,MissedShots,0.8009999847412109,0.29600000381469727,0.029451200738549232,Harry Kane,h,647,OpenPlay,2014,RightFoot,4422,Tottenham,Hull,2,0,2015-05-16 15:00:00,Eric Dier,Pass
21265,61,BlockedShot,0.815,0.6519999694824219,0.052531901746988297,Harry Kane,h,647,OpenPlay,2014,LeftFoot,4422,Tottenham,Hull,2,0,2015-05-16 15:00:00,,Goal
21275,85,SavedShot,0.8390000152587891,0.34,0.056481100618839264,Harry Kane,h,647,OpenPlay,2014,RightFoot,4422,Tottenham,Hull,2,0,2015-05-16 15:00:00,Nabil Bentaleb,Pass
22747,11,BlockedShot,0.8430000305175781,0.695,0.03667780011892319,Harry Kane,a,647,OpenPlay,2014,LeftFoot,4434,Everton,Tottenham,0,1,2015-05-24 15:00:00,Christian Eriksen,Pass
22748,13,BlockedShot,0.720999984741211,0.5659999847412109,0.014688899740576744,Harry Kane,a,647,OpenPlay,2014,RightFoot,4434,Everton,Tottenham,0,1,2015-05-24 15:00:00,Erik Lamela,Pass
22753,20,MissedShots,0.74,0.620999984741211,0.01770769990980625,Harry Kane,a,647,OpenPlay,2014,RightFoot,4434,Everton,Tottenham,0,1,2015-05-24 15:00:00,Mousa Dembélé,Pass
22754,21,SavedShot,0.92,0.385,0.11272100359201431,Harry Kane,a,647,OpenPlay,2014,RightFoot,4434,Everton,Tottenham,0,1,2015-05-24 15:00:00,Eric Dier,Pass
22756,23,Goal,0.92,0.49,0.3463279902935028,Harry Kane,a,647,OpenPlay,2014,Head,4434,Everton,Tottenham,0,1,2015-05-24 15:00:00,Eric Dier,Cross
22757,30,BlockedShot,0.795,0.485,0.05792190134525299,Harry Kane,a,647,OpenPlay,2014,LeftFoot,4434,Everton,Tottenham,0,1,2015-05-24 15:00:00,,BallRecovery
22762,62,BlockedShot,0.8630000305175781,0.5470000076293945,0.1199759989976883,Harry Kane,a,647,OpenPlay,2014,RightFoot,4434,Everton,Tottenham,0,1,2015-05-24 15:00:00,Erik Lamela,Pass
22765,70,MissedShots,0.9159999847412109,0.504000015258789,0.3195199966430664,Harry Kane,a,647,OpenPlay,2014,Head,4434,Everton,Tottenham,0,1,2015-05-24 15:00:00,Christian Eriksen,Chipped
545904,11,BlockedShot,0.879000015258789,0.24700000762939453,0.030375510454177856,Harry Kane,a,647,OpenPlay,2015,RightFoot,81,Manchester United,Tottenham,1,0,2015-08-08 15:45:00,Christian Eriksen,Pass
545906,11,MissedShots,0.830999984741211,0.4329999923706055,0.05339966341853142,Harry Kane,a,647,FromCorner,2015,RightFoot,81,Manchester United,Tottenham,1,0,2015-08-08 15:45:00,,Rebound
545920,87,BlockedShot,0.9019999694824219,0.49900001525878906,0.09841547906398773,Harry Kane,a,647,SetPiece,2015,Head,81,Manchester United,Tottenham,1,0,2015-08-08 15:45:00,Christian Eriksen,Cross
51909,51,SavedShot,0.9290000152587891,0.5459999847412109,0.4999369978904724,Harry Kane,h,647,OpenPlay,2015,RightFoot,95,Tottenham,Stoke,2,2,2015-08-15 18:00:00,Nacer Chadli,Cross
56698,37,BlockedShot,0.7919999694824219,0.6409999847412109,0.03018219955265522,Harry Kane,a,647,OpenPlay,2015,RightFoot,105,Leicester,Tottenham,1,1,2015-08-22 18:00:00,Erik Lamela,Pass
56699,44,MissedShots,0.94,0.725999984741211,0.023719999939203262,Harry Kane,a,647,OpenPlay,2015,LeftFoot,105,Leicester,Tottenham,1,1,2015-08-22 18:00:00,Hugo Lloris,Pass
56709,62,SavedShot,0.8930000305175781,0.5479999923706055,0.09080290049314499,Harry Kane,a,647,OpenPlay,2015,RightFoot,105,Leicester,Tottenham,1,1,2015-08-22 18:00:00,,None
56712,66,MissedShots,0.7759999847412109,0.445,0.03243520110845566,Harry Kane,a,647,OpenPlay,2015,RightFoot,105,Leicester,Tottenham,1,1,2015-08-22 18:00:00,,Dispossessed
57750,9,MissedShots,0.749000015258789,0.5779999923706055,0.023351000621914864,Harry Kane,h,647,OpenPlay,2015,RightFoot,118,Tottenham,Everton,0,0,2015-08-29 20:30:00,Mousa Dembélé,Pass
57755,19,MissedShots,0.6980000305175781,0.5670000076293945,0.01287660002708435,Harry Kane,h,647,OpenPlay,2015,RightFoot,118,Tottenham,Everton,0,0,2015-08-29 20:30:00,Nabil Bentaleb,Pass
57757,22,SavedShot,0.855999984741211,0.41200000762939454,0.4717639982700348,Harry Kane,h,647,OpenPlay,2015,RightFoot,118,Tottenham,Everton,0,0,2015-08-29 20:30:00,Ryan Mason,Throughball
57767,64,BlockedShot,0.725,0.425,0.018497200682759285,Harry Kane,h,647,OpenPlay,2015,RightFoot,118,Tottenham,Everton,0,0,2015-08-29 20:30:00,Nabil Bentaleb,Pass
57768,65,BlockedShot,0.8730000305175781,0.5520000076293945,0.11048799753189087,Harry Kane,h,647,OpenPlay,2015,RightFoot,118,Tottenham,Everton,0,0,2015-08-29 20:30:00,Nacer Chadli,Pass
57944,14,MissedShots,0.754000015258789,0.625,0.02199769951403141,Harry Kane,a,647,OpenPlay,2015,RightFoot,128,Sunderland,Tottenham,0,1,2015-09-13 16:30:00,Dele Alli,Pass
57948,25,BlockedShot,0.8469999694824218,0.485,0.05908919870853424,Harry Kane,a,647,OpenPlay,2015,RightFoot,128,Sunderland,Tottenham,0,1,2015-09-13 16:30:00,Kyle Walker,Chipped
57949,30,BlockedShot,0.9359999847412109,0.28100000381469725,0.04707799851894379,Harry Kane,a,647,OpenPlay,2015,RightFoot,128,Sunderland,Tottenham,0,1,2015-09-13 16:30:00,Nacer Chadli,Chipped
57965,85,SavedShot,0.9340000152587891,0.3160000038146973,0.27236199378967285,Harry Kane,a,647,OpenPlay,2015,RightFoot,128,Sunderland,Tottenham,0,1,2015-09-13 16:30:00,Andros Townsend,Pass
58297,2,MissedShots,0.915,0.519000015258789,0.08965300023555756,Harry Kane,h,647,FromCorner,2015,Head,138,Tottenham,Crystal Palace,1,0,2015-09-20 16:30:00,Erik Lamela,Cross
58307,31,MissedShots,0.8730000305175781,0.355,0.07154469937086105,Harry Kane,h,647,OpenPlay,2015,RightFoot,138,Tottenham,Crystal Palace,1,0,2015-09-20 16:30:00,Dele Alli,Pass
58325,77,BlockedShot,0.799000015258789,0.7269999694824218,0.022409699857234955,Harry Kane,h,647,OpenPlay,2015,RightFoot,138,Tottenham,Crystal Palace,1,0,2015-09-20 16:30:00,Son Heung-Min,Pass
58326,80,BlockedShot,0.7119999694824218,0.5570000076293945,0.04158300161361694,Harry Kane,h,647,DirectFreekick,2015,RightFoot,138,Tottenham,Crystal Palace,1,0,2015-09-20 16:30:00,,Standard
58510,31,MissedShots,0.754000015258789,0.4779999923706055,0.01890680007636547,Harry Kane,h,647,OpenPlay,2015,RightFoot,141,Tottenham,Manchester City,4,1,2015-09-26 15:45:00,,TakeOn
58513,40,SavedShot,0.850999984741211,0.534000015258789,0.060301799327135086,Harry Kane,h,647,OpenPlay,2015,LeftFoot,141,Tottenham,Manchester City,4,1,2015-09-26 15:45:00,,Rebound
58523,60,Goal,0.8540000152587891,0.42700000762939455,0.30384600162506104,Harry Kane,h,647,SetPiece,2015,RightFoot,141,Tottenham,Manchester City,4,1,2015-09-26 15:45:00,,Rebound
58529,74,SavedShot,0.909000015258789,0.23399999618530273,0.04636500030755997,Harry Kane,h,647,OpenPlay,2015,RightFoot,141,Tottenham,Manchester City,4,1,2015-09-26 15:45:00,Nacer Chadli,Pass
58873,30,OwnGoal,0.02200000047683716,0.4420000076293945,0,Harry Kane,a,647,FromCorner,2015,RightFoot,159,Swansea,Tottenham,2,2,2015-10-04 19:00:00,,CornerAwarded
58876,32,SavedShot,0.8580000305175781,0.6469999694824219,0.09017810225486755,Harry Kane,a,647,OpenPlay,2015,LeftFoot,159,Swansea,Tottenham,2,2,2015-10-04 19:00:00,Erik Lamela,Pass
58878,35,BlockedShot,0.855999984741211,0.720999984741211,0.03267870098352432,Harry Kane,a,647,OpenPlay,2015,RightFoot,159,Swansea,Tottenham,2,2,2015-10-04 19:00:00,Nacer Chadli,Pass
58880,45,SavedShot,0.9430000305175781,0.445,0.4329470098018646,Harry Kane,a,647,OpenPlay,2015,RightFoot,159,Swansea,Tottenham,2,2,2015-10-04 19:00:00,Ben Davies,Pass
59131,36,SavedShot,0.9019999694824219,0.6419999694824219,0.0680788978934288,Harry Kane,h,647,OpenPlay,2015,LeftFoot,161,Tottenham,Liverpool,0,0,2015-10-17 15:45:00,,None
59138,44,BlockedShot,0.9469999694824218,0.40900001525878904,0.09896489977836609,Harry Kane,h,647,OpenPlay,2015,RightFoot,161,Tottenham,Liverpool,0,0,2015-10-17 15:45:00,Dele Alli,Cross
59148,70,BlockedShot,0.7919999694824219,0.31799999237060544,0.032675601541996,Harry Kane,h,647,OpenPlay,2015,LeftFoot,161,Tottenham,Liverpool,0,0,2015-10-17 15:45:00,,TakeOn
59152,83,SavedShot,0.825999984741211,0.5029999923706054,0.0734964981675148,Harry Kane,h,647,OpenPlay,2015,RightFoot,161,Tottenham,Liverpool,0,0,2015-10-17 15:45:00,Christian Eriksen,Pass
59239,8,Goal,0.885,0.5,0.7611690163612366,Harry Kane,a,647,Penalty,2015,RightFoot,178,Bournemouth,Tottenham,1,5,2015-10-25 18:05:00,,Standard
59243,23,SavedShot,0.94,0.5929999923706055,0.059809401631355286,Harry Kane,a,647,FromCorner,2015,Head,178,Bournemouth,Tottenham,1,5,2015-10-25 18:05:00,Christian Eriksen,Cross
59251,55,Goal,0.935,0.47200000762939454,0.5286960005760193,Harry Kane,a,647,OpenPlay,2015,RightFoot,178,Bournemouth,Tottenham,1,5,2015-10-25 18:05:00,Christian Eriksen,Chipped
59254,62,SavedShot,0.855,0.27899999618530275,0.038279399275779724,Harry Kane,a,647,OpenPlay,2015,RightFoot,178,Bournemouth,Tottenham,1,5,2015-10-25 18:05:00,Kyle Walker,Pass
59260,62,Goal,0.970999984741211,0.47900001525878905,0.6918290257453918,Harry Kane,a,647,FromCorner,2015,RightFoot,178,Bournemouth,Tottenham,1,5,2015-10-25 18:05:00,,None
53247,23,SavedShot,0.8859999847412109,0.6509999847412109,0.1281130015850067,Harry Kane,h,647,OpenPlay,2015,RightFoot,190,Tottenham,Aston Villa,3,1,2015-11-03 00:00:00,Eric Dier,Throughball
53251,42,BlockedShot,0.8669999694824219,0.53,0.041688401252031326,Harry Kane,h,647,SetPiece,2015,Head,190,Tottenham,Aston Villa,3,1,2015-11-03 00:00:00,Christian Eriksen,Chipped
53273,92,Goal,0.8669999694824219,0.575,0.34429600834846497,Harry Kane,h,647,OpenPlay,2015,RightFoot,190,Tottenham,Aston Villa,3,1,2015-11-03 00:00:00,Erik Lamela,Pass
54025,31,Goal,0.9169999694824219,0.595999984741211,0.29520800709724426,Harry Kane,a,647,OpenPlay,2015,RightFoot,199,Arsenal,Tottenham,1,1,2015-11-08 20:00:00,Danny Rose,Chipped
54027,44,SavedShot,0.879000015258789,0.235,0.03606649860739708,Harry Kane,a,647,OpenPlay,2015,RightFoot,199,Arsenal,Tottenham,1,1,2015-11-08 20:00:00,Christian Eriksen,Pass
54034,63,MissedShots,0.899000015258789,0.32799999237060545,0.08115319907665253,Harry Kane,a,647,OpenPlay,2015,RightFoot,199,Arsenal,Tottenham,1,1,2015-11-08 20:00:00,Christian Eriksen,Pass
54037,71,MissedShots,0.7480000305175781,0.4329999923706055,0.028792699798941612,Harry Kane,a,647,OpenPlay,2015,RightFoot,199,Arsenal,Tottenham,1,1,2015-11-08 20:00:00,,None
54043,89,MissedShots,0.875999984741211,0.7030000305175781,0.037491798400878906,Harry Kane,a,647,OpenPlay,2015,LeftFoot,199,Arsenal,Tottenham,1,1,2015-11-08 20:00:00,Eric Dier,TakeOn
54044,93,BlockedShot,0.8130000305175781,0.77,0.018213199451565742,Harry Kane,a,647,OpenPlay,2015,RightFoot,199,Arsenal,Tottenham,1,1,2015-11-08 20:00:00,Danny Rose,Chipped
55062,22,Goal,0.9080000305175782,0.5159999847412109,0.48535698652267456,Harry Kane,h,647,OpenPlay,2015,LeftFoot,209,Tottenham,West Ham,4,1,2015-11-22 20:00:00,Dele Alli,Pass
55071,38,MissedShots,0.8419999694824218,0.534000015258789,0.4298419952392578,Harry Kane,h,647,OpenPlay,2015,LeftFoot,209,Tottenham,West Ham,4,1,2015-11-22 20:00:00,Dele Alli,Throughball
55075,49,SavedShot,0.860999984741211,0.43099998474121093,0.06597229838371277,Harry Kane,h,647,SetPiece,2015,RightFoot,209,Tottenham,West Ham,4,1,2015-11-22 20:00:00,,None
55076,49,Goal,0.7580000305175781,0.4909999847412109,0.03770260140299797,Harry Kane,h,647,OpenPlay,2015,RightFoot,209,Tottenham,West Ham,4,1,2015-11-22 20:00:00,Christian Eriksen,Pass
55080,59,MissedShots,0.835999984741211,0.7,0.04155829921364784,Harry Kane,h,647,OpenPlay,2015,RightFoot,209,Tottenham,West Ham,4,1,2015-11-22 20:00:00,Mousa Dembélé,Pass
55081,67,SavedShot,0.7219999694824218,0.48700000762939455,0.023770399391651154,Harry Kane,h,647,OpenPlay,2015,RightFoot,209,Tottenham,West Ham,4,1,2015-11-22 20:00:00,Danny Rose,Pass
52971,9,BlockedShot,0.784000015258789,0.37099998474121093,0.029356900602579117,Harry Kane,h,647,OpenPlay,2015,LeftFoot,217,Tottenham,Chelsea,0,0,2015-11-29 16:00:00,Son Heung-Min,LayOff
52972,16,SavedShot,0.7819999694824219,0.3920000076293945,0.030156100168824196,Harry Kane,h,647,OpenPlay,2015,RightFoot,217,Tottenham,Chelsea,0,0,2015-11-29 16:00:00,,Dispossessed
52980,44,MissedShots,0.7719999694824219,0.544000015258789,0.029412999749183655,Harry Kane,h,647,OpenPlay,2015,RightFoot,217,Tottenham,Chelsea,0,0,2015-11-29 16:00:00,Jan Vertonghen,Pass
52984,92,BlockedShot,0.7669999694824219,0.6079999923706054,0.025197800248861313,Harry Kane,h,647,OpenPlay,2015,RightFoot,217,Tottenham,Chelsea,0,0,2015-11-29 16:00:00,Erik Lamela,Pass
52782,7,BlockedShot,0.7180000305175781,0.4329999923706055,0.016230300068855286,Harry Kane,a,647,OpenPlay,2015,RightFoot,224,West Bromwich Albion,Tottenham,1,1,2015-12-05 19:00:00,Dele Alli,Pass
52787,49,BlockedShot,0.9530000305175781,0.45,0.6429849863052368,Harry Kane,a,647,OpenPlay,2015,RightFoot,224,West Bromwich Albion,Tottenham,1,1,2015-12-05 19:00:00,Dele Alli,Throughball
52791,54,BlockedShot,0.835,0.3320000076293945,0.032558199018239975,Harry Kane,a,647,FromCorner,2015,RightFoot,224,West Bromwich Albion,Tottenham,1,1,2015-12-05 19:00:00,Christian Eriksen,Pass
55089,0,SavedShot,0.7809999847412109,0.6819999694824219,0.023381400853395462,Harry Kane,h,647,OpenPlay,2015,RightFoot,239,Tottenham,Newcastle United,1,2,2015-12-13 20:00:00,Danny Rose,Pass
55105,52,SavedShot,0.764000015258789,0.33799999237060546,0.02372260019183159,Harry Kane,h,647,OpenPlay,2015,RightFoot,239,Tottenham,Newcastle United,1,2,2015-12-13 20:00:00,Kyle Walker,Pass
52400,35,SavedShot,0.914000015258789,0.2929999923706055,0.050722699612379074,Harry Kane,a,647,OpenPlay,2015,RightFoot,242,Southampton,Tottenham,0,2,2015-12-19 19:00:00,Christian Eriksen,Pass
52401,39,Goal,0.855,0.5590000152587891,0.3813979923725128,Harry Kane,a,647,OpenPlay,2015,RightFoot,242,Southampton,Tottenham,0,2,2015-12-19 19:00:00,Dele Alli,TakeOn
55779,22,MissedShots,0.899000015258789,0.345,0.056281398981809616,Harry Kane,h,647,OpenPlay,2015,RightFoot,253,Tottenham,Norwich,3,0,2015-12-26 19:00:00,,Rebound
55780,25,Goal,0.885,0.5,0.7611690163612366,Harry Kane,h,647,Penalty,2015,RightFoot,253,Tottenham,Norwich,3,0,2015-12-26 19:00:00,,Standard
55786,41,Goal,0.91,0.3029999923706055,0.06960070133209229,Harry Kane,h,647,OpenPlay,2015,RightFoot,253,Tottenham,Norwich,3,0,2015-12-26 19:00:00,Dele Alli,Pass
55793,62,BlockedShot,0.855999984741211,0.6480000305175782,0.0797882005572319,Harry Kane,h,647,OpenPlay,2015,RightFoot,253,Tottenham,Norwich,3,0,2015-12-26 19:00:00,Christian Eriksen,Pass
54109,34,MissedShots,0.7340000152587891,0.6270000076293946,0.020165199413895607,Harry Kane,a,647,OpenPlay,2015,RightFoot,262,Watford,Tottenham,1,2,2015-12-28 19:00:00,,BallRecovery
54115,54,SavedShot,0.899000015258789,0.2989999961853027,0.048388998955488205,Harry Kane,a,647,OpenPlay,2015,RightFoot,262,Watford,Tottenham,1,2,2015-12-28 19:00:00,Christian Eriksen,Chipped
54116,57,MissedShots,0.9440000152587891,0.4370000076293945,0.13462099432945251,Harry Kane,a,647,OpenPlay,2015,Head,262,Watford,Tottenham,1,2,2015-12-28 19:00:00,Kieran Trippier,Cross
55341,8,BlockedShot,0.7969999694824219,0.27399999618530274,0.02190070040524006,Harry Kane,a,647,OpenPlay,2015,RightFoot,280,Everton,Tottenham,1,1,2016-01-03 20:00:00,Tom Carroll,Pass
55342,8,ShotOnPost,0.7859999847412109,0.2560000038146973,0.01846979930996895,Harry Kane,a,647,OpenPlay,2015,RightFoot,280,Everton,Tottenham,1,1,2016-01-03 20:00:00,Tom Carroll,Pass
55357,51,MissedShots,0.9209999847412109,0.41900001525878905,0.12562400102615356,Harry Kane,a,647,OpenPlay,2015,RightFoot,280,Everton,Tottenham,1,1,2016-01-03 20:00:00,Dele Alli,Pass
55390,61,SavedShot,0.9130000305175782,0.4209999847412109,0.4173319935798645,Harry Kane,h,647,OpenPlay,2015,RightFoot,290,Tottenham,Leicester,0,1,2016-01-14 00:00:00,Erik Lamela,Throughball
55392,63,BlockedShot,0.775,0.29,0.01726529933512211,Harry Kane,h,647,OpenPlay,2015,RightFoot,290,Tottenham,Leicester,0,1,2016-01-14 00:00:00,Erik Lamela,Pass
55399,80,BlockedShot,0.8730000305175781,0.425,0.07452580332756042,Harry Kane,h,647,OpenPlay,2015,LeftFoot,290,Tottenham,Leicester,0,1,2016-01-14 00:00:00,,None
55401,87,BlockedShot,0.7859999847412109,0.655,0.02326669916510582,Harry Kane,h,647,OpenPlay,2015,LeftFoot,290,Tottenham,Leicester,0,1,2016-01-14 00:00:00,,None
53343,4,SavedShot,0.7290000152587891,0.5270000076293946,0.0162626001983881,Harry Kane,h,647,OpenPlay,2015,RightFoot,291,Tottenham,Sunderland,4,1,2016-01-16 16:45:00,Mousa Dembélé,Pass
53346,16,MissedShots,0.9440000152587891,0.580999984741211,0.10383400321006775,Harry Kane,h,647,OpenPlay,2015,LeftFoot,291,Tottenham,Sunderland,4,1,2016-01-16 16:45:00,Christian Eriksen,Cross
53350,29,BlockedShot,0.8209999847412109,0.34900001525878904,0.0329183004796505,Harry Kane,h,647,OpenPlay,2015,LeftFoot,291,Tottenham,Sunderland,4,1,2016-01-16 16:45:00,,TakeOn
53351,31,BlockedShot,0.9290000152587891,0.505,0.07800669968128204,Harry Kane,h,647,OpenPlay,2015,Head,291,Tottenham,Sunderland,4,1,2016-01-16 16:45:00,Christian Eriksen,Aerial
53354,41,SavedShot,0.9119999694824219,0.3160000038146973,0.22079600393772125,Harry Kane,h,647,OpenPlay,2015,RightFoot,291,Tottenham,Sunderland,4,1,2016-01-16 16:45:00,Christian Eriksen,Pass
53363,58,SavedShot,0.7980000305175782,0.7630000305175781,0.011052500456571579,Harry Kane,h,647,OpenPlay,2015,RightFoot,291,Tottenham,Sunderland,4,1,2016-01-16 16:45:00,Danny Rose,TakeOn
53367,71,SavedShot,0.8680000305175781,0.3129999923706055,0.06631860136985779,Harry Kane,h,647,OpenPlay,2015,RightFoot,291,Tottenham,Sunderland,4,1,2016-01-16 16:45:00,Jan Vertonghen,Pass
53368,78,Goal,0.885,0.5,0.7611690163612366,Harry Kane,h,647,Penalty,2015,RightFoot,291,Tottenham,Sunderland,4,1,2016-01-16 16:45:00,,Standard
53854,15,SavedShot,0.9790000152587891,0.27,0.05969110131263733,Harry Kane,a,647,OpenPlay,2015,RightFoot,302,Crystal Palace,Tottenham,1,3,2016-01-23 19:00:00,Christian Eriksen,TakeOn
53869,54,SavedShot,0.9159999847412109,0.590999984741211,0.12438999861478806,Harry Kane,a,647,OpenPlay,2015,Head,302,Crystal Palace,Tottenham,1,3,2016-01-23 19:00:00,Eric Dier,Cross
53873,62,Goal,0.9480000305175781,0.51,0.47803398966789246,Harry Kane,a,647,OpenPlay,2015,Head,302,Crystal Palace,Tottenham,1,3,2016-01-23 19:00:00,Nacer Chadli,Aerial
53884,90,BlockedShot,0.7390000152587891,0.4379999923706055,0.02686839923262596,Harry Kane,a,647,OpenPlay,2015,RightFoot,302,Crystal Palace,Tottenham,1,3,2016-01-23 19:00:00,Son Heung-Min,BallRecovery
53703,28,SavedShot,0.8130000305175781,0.46,0.07387319952249527,Harry Kane,a,647,OpenPlay,2015,LeftFoot,313,Norwich,Tottenham,0,3,2016-02-02 23:45:00,Dele Alli,Pass
53704,29,Goal,0.885,0.5,0.7611690163612366,Harry Kane,a,647,Penalty,2015,RightFoot,313,Norwich,Tottenham,0,3,2016-02-02 23:45:00,,Standard
53705,33,ShotOnPost,0.9330000305175781,0.695,0.07536029815673828,Harry Kane,a,647,OpenPlay,2015,LeftFoot,313,Norwich,Tottenham,0,3,2016-02-02 23:45:00,Toby Alderweireld,TakeOn
53710,52,MissedShots,0.87,0.700999984741211,0.05884449928998947,Harry Kane,a,647,OpenPlay,2015,LeftFoot,313,Norwich,Tottenham,0,3,2016-02-02 23:45:00,,BallRecovery
53717,81,ShotOnPost,0.879000015258789,0.34200000762939453,0.07184319943189621,Harry Kane,a,647,OpenPlay,2015,RightFoot,313,Norwich,Tottenham,0,3,2016-02-02 23:45:00,,BallRecovery
53719,89,Goal,0.865,0.40599998474121096,0.3949759900569916,Harry Kane,a,647,OpenPlay,2015,LeftFoot,313,Norwich,Tottenham,0,3,2016-02-02 23:45:00,Christian Eriksen,BallRecovery
53944,7,SavedShot,0.9130000305175782,0.3320000076293945,0.06478729844093323,Harry Kane,h,647,OpenPlay,2015,RightFoot,324,Tottenham,Watford,1,0,2016-02-06 19:00:00,Toby Alderweireld,Chipped
53954,39,MissedShots,0.9269999694824219,0.4540000152587891,0.3534330129623413,Harry Kane,h,647,OpenPlay,2015,RightFoot,324,Tottenham,Watford,1,0,2016-02-06 19:00:00,Eric Dier,Chipped
55627,52,Goal,0.885,0.5,0.761132001876831,Harry Kane,a,647,Penalty,2015,RightFoot,340,Manchester City,Tottenham,1,2,2016-02-14 20:15:00,,Standard
55638,85,MissedShots,0.759000015258789,0.7569999694824219,0.018873300403356552,Harry Kane,a,647,OpenPlay,2015,RightFoot,340,Manchester City,Tottenham,1,2,2016-02-14 20:15:00,,TakeOn
60081,11,SavedShot,0.9730000305175781,0.4129999923706055,0.43324801325798035,Harry Kane,h,647,OpenPlay,2015,RightFoot,347,Tottenham,Swansea,2,1,2016-02-28 18:05:00,Christian Eriksen,Pass
60087,31,SavedShot,0.8640000152587891,0.29399999618530276,0.038308799266815186,Harry Kane,h,647,OpenPlay,2015,LeftFoot,347,Tottenham,Swansea,2,1,2016-02-28 18:05:00,Kyle Walker,Pass
60091,41,MissedShots,0.8590000152587891,0.47099998474121096,0.08595839887857437,Harry Kane,h,647,OpenPlay,2015,RightFoot,347,Tottenham,Swansea,2,1,2016-02-28 18:05:00,Son Heung-Min,Pass
60093,45,MissedShots,0.975999984741211,0.5929999923706055,0.09504470229148865,Harry Kane,h,647,OpenPlay,2015,LeftFoot,347,Tottenham,Swansea,2,1,2016-02-28 18:05:00,,Rebound
60096,53,SavedShot,0.7559999847412109,0.29399999618530276,0.016984600573778152,Harry Kane,h,647,OpenPlay,2015,RightFoot,347,Tottenham,Swansea,2,1,2016-02-28 18:05:00,Kyle Walker,Pass
60097,54,SavedShot,0.9459999847412109,0.5940000152587891,0.06181880086660385,Harry Kane,h,647,FromCorner,2015,Head,347,Tottenham,Swansea,2,1,2016-02-28 18:05:00,Erik Lamela,Cross
60121,75,MissedShots,0.9159999847412109,0.47400001525878904,0.12602299451828003,Harry Kane,h,647,OpenPlay,2015,Head,347,Tottenham,Swansea,2,1,2016-02-28 18:05:00,Christian Eriksen,Cross
61121,60,BlockedShot,0.9619999694824218,0.53,0.6812149882316589,Harry Kane,a,647,OpenPlay,2015,LeftFoot,354,West Ham,Tottenham,1,0,2016-03-02 23:45:00,,Rebound
61130,66,MissedShots,0.9469999694824218,0.59,0.32805800437927246,Harry Kane,a,647,OpenPlay,2015,LeftFoot,354,West Ham,Tottenham,1,0,2016-03-02 23:45:00,Christian Eriksen,Cross
60334,4,SavedShot,0.750999984741211,0.7419999694824219,0.014459299854934216,Harry Kane,h,647,OpenPlay,2015,RightFoot,359,Tottenham,Arsenal,2,2,2016-03-05 16:45:00,,TakeOn
60335,5,SavedShot,0.909000015258789,0.7140000152587891,0.05231349915266037,Harry Kane,h,647,OpenPlay,2015,RightFoot,359,Tottenham,Arsenal,2,2,2016-03-05 16:45:00,Christian Eriksen,Pass
60337,5,BlockedShot,0.8019999694824219,0.27,0.026231899857521057,Harry Kane,h,647,OpenPlay,2015,RightFoot,359,Tottenham,Arsenal,2,2,2016-03-05 16:45:00,,TakeOn
60364,56,SavedShot,0.9669999694824218,0.595999984741211,0.09801120311021805,Harry Kane,h,647,FromCorner,2015,RightFoot,359,Tottenham,Arsenal,2,2,2016-03-05 16:45:00,Toby Alderweireld,HeadPass
60367,61,Goal,0.9219999694824219,0.81,0.018350599333643913,Harry Kane,h,647,OpenPlay,2015,RightFoot,359,Tottenham,Arsenal,2,2,2016-03-05 16:45:00,Dele Alli,Pass
60372,71,MissedShots,0.874000015258789,0.39799999237060546,0.09682899713516235,Harry Kane,h,647,OpenPlay,2015,RightFoot,359,Tottenham,Arsenal,2,2,2016-03-05 16:45:00,Kyle Walker,Pass
60373,73,MissedShots,0.93,0.3029999923706055,0.06692379713058472,Harry Kane,h,647,OpenPlay,2015,RightFoot,359,Tottenham,Arsenal,2,2,2016-03-05 16:45:00,,None
60380,88,MissedShots,0.9119999694824219,0.6880000305175781,0.0407261997461319,Harry Kane,h,647,FromCorner,2015,LeftFoot,359,Tottenham,Arsenal,2,2,2016-03-05 16:45:00,,None
60737,3,ShotOnPost,0.8390000152587891,0.36700000762939455,0.31230100989341736,Harry Kane,a,647,OpenPlay,2015,RightFoot,372,Aston Villa,Tottenham,0,2,2016-03-13 20:00:00,Erik Lamela,Throughball
60744,23,SavedShot,0.895,0.49700000762939456,0.4078510105609894,Harry Kane,a,647,OpenPlay,2015,LeftFoot,372,Aston Villa,Tottenham,0,2,2016-03-13 20:00:00,Danny Rose,Pass
60746,25,SavedShot,0.9359999847412109,0.700999984741211,0.04553370177745819,Harry Kane,a,647,OpenPlay,2015,RightFoot,372,Aston Villa,Tottenham,0,2,2016-03-13 20:00:00,Kevin Wimmer,Chipped
60747,27,MissedShots,0.7290000152587891,0.36400001525878906,0.019021399319171906,Harry Kane,a,647,OpenPlay,2015,RightFoot,372,Aston Villa,Tottenham,0,2,2016-03-13 20:00:00,Erik Lamela,Pass
60751,44,Goal,0.9219999694824219,0.649000015258789,0.06809759885072708,Harry Kane,a,647,SetPiece,2015,LeftFoot,372,Aston Villa,Tottenham,0,2,2016-03-13 20:00:00,Dele Alli,Chipped
60755,47,Goal,0.9009999847412109,0.5129999923706055,0.4478200078010559,Harry Kane,a,647,OpenPlay,2015,RightFoot,372,Aston Villa,Tottenham,0,2,2016-03-13 20:00:00,Dele Alli,Pass
60770,85,MissedShots,0.8640000152587891,0.205,0.034572798758745193,Harry Kane,a,647,OpenPlay,2015,RightFoot,372,Aston Villa,Tottenham,0,2,2016-03-13 20:00:00,Tom Carroll,Pass
60660,0,Goal,0.9290000152587891,0.4329999923706055,0.34096699953079224,Harry Kane,h,647,OpenPlay,2015,RightFoot,383,Tottenham,Bournemouth,3,0,2016-03-20 20:00:00,Kyle Walker,Cross
60662,15,Goal,0.8530000305175781,0.5940000152587891,0.1351660043001175,Harry Kane,h,647,OpenPlay,2015,LeftFoot,383,Tottenham,Bournemouth,3,0,2016-03-20 20:00:00,Dele Alli,Throughball
60674,32,SavedShot,0.7559999847412109,0.23100000381469726,0.013597100041806698,Harry Kane,h,647,OpenPlay,2015,RightFoot,383,Tottenham,Bournemouth,3,0,2016-03-20 20:00:00,,None
60680,51,SavedShot,0.7190000152587891,0.36900001525878906,0.019968200474977493,Harry Kane,h,647,OpenPlay,2015,RightFoot,383,Tottenham,Bournemouth,3,0,2016-03-20 20:00:00,Erik Lamela,Pass
60693,88,MissedShots,0.7090000152587891,0.5259999847412109,0.025361699983477592,Harry Kane,h,647,OpenPlay,2015,RightFoot,383,Tottenham,Bournemouth,3,0,2016-03-20 20:00:00,Kevin Wimmer,Pass
59801,25,MissedShots,0.8930000305175781,0.33,0.06698130071163177,Harry Kane,a,647,OpenPlay,2015,RightFoot,391,Liverpool,Tottenham,1,1,2016-04-02 20:30:00,Dele Alli,Pass
59805,38,BlockedShot,0.8590000152587891,0.34200000762939453,0.040763601660728455,Harry Kane,a,647,OpenPlay,2015,RightFoot,391,Liverpool,Tottenham,1,1,2016-04-02 20:30:00,Kyle Walker,TakeOn
59809,49,BlockedShot,0.735,0.5520000076293945,0.021615799516439438,Harry Kane,a,647,OpenPlay,2015,RightFoot,391,Liverpool,Tottenham,1,1,2016-04-02 20:30:00,Danny Rose,Pass
59819,62,Goal,0.8930000305175781,0.6619999694824219,0.03359450027346611,Harry Kane,a,647,OpenPlay,2015,RightFoot,391,Liverpool,Tottenham,1,1,2016-04-02 20:30:00,Christian Eriksen,Chipped
61136,53,SavedShot,0.794000015258789,0.7269999694824218,0.023184100165963173,Harry Kane,h,647,OpenPlay,2015,RightFoot,402,Tottenham,Manchester United,3,0,2016-04-10 19:00:00,Mousa Dembélé,Pass
61144,78,SavedShot,0.8909999847412109,0.56,0.05622220039367676,Harry Kane,h,647,SetPiece,2015,Head,402,Tottenham,Manchester United,3,0,2016-04-10 19:00:00,Erik Lamela,Cross
56878,6,SavedShot,0.899000015258789,0.605999984741211,0.1290999948978424,Harry Kane,a,647,OpenPlay,2015,LeftFoot,414,Stoke,Tottenham,0,4,2016-04-18 23:00:00,Erik Lamela,Throughball
56879,8,Goal,0.8490000152587891,0.710999984741211,0.03567890077829361,Harry Kane,a,647,OpenPlay,2015,RightFoot,414,Stoke,Tottenham,0,4,2016-04-18 23:00:00,Mousa Dembélé,Pass
56893,44,MissedShots,0.870999984741211,0.27,0.042370498180389404,Harry Kane,a,647,OpenPlay,2015,RightFoot,414,Stoke,Tottenham,0,4,2016-04-18 23:00:00,Dele Alli,Pass
56898,57,MissedShots,0.8019999694824219,0.7169999694824218,0.032815899699926376,Harry Kane,a,647,OpenPlay,2015,LeftFoot,414,Stoke,Tottenham,0,4,2016-04-18 23:00:00,Dele Alli,BallRecovery
56904,70,Goal,0.909000015258789,0.4520000076293945,0.5011209845542908,Harry Kane,a,647,OpenPlay,2015,RightFoot,414,Stoke,Tottenham,0,4,2016-04-18 23:00:00,Erik Lamela,Pass
56613,6,SavedShot,0.92,0.40200000762939453,0.40644198656082153,Harry Kane,h,647,OpenPlay,2015,RightFoot,426,Tottenham,West Bromwich Albion,1,1,2016-04-25 23:00:00,Dele Alli,Pass
56616,19,BlockedShot,0.950999984741211,0.75,0.04034360125660896,Harry Kane,h,647,OpenPlay,2015,RightFoot,426,Tottenham,West Bromwich Albion,1,1,2016-04-25 23:00:00,,Dispossessed
56617,19,SavedShot,0.7830000305175782,0.6459999847412109,0.027228999882936478,Harry Kane,h,647,OpenPlay,2015,RightFoot,426,Tottenham,West Bromwich Albion,1,1,2016-04-25 23:00:00,Mousa Dembélé,Pass
56621,33,BlockedShot,0.9380000305175781,0.3060000038146973,0.07639549672603607,Harry Kane,h,647,OpenPlay,2015,RightFoot,426,Tottenham,West Bromwich Albion,1,1,2016-04-25 23:00:00,Erik Lamela,Pass
56637,70,MissedShots,0.74,0.7469999694824219,0.01113010011613369,Harry Kane,h,647,OpenPlay,2015,RightFoot,426,Tottenham,West Bromwich Albion,1,1,2016-04-25 23:00:00,Dele Alli,LayOff
56947,29,MissedShots,0.7019999694824218,0.4470000076293945,0.037933100014925,Harry Kane,a,647,DirectFreekick,2015,RightFoot,436,Chelsea,Tottenham,2,2,2016-05-02 23:00:00,,Standard
56949,34,Goal,0.9259999847412109,0.555,0.8413230180740356,Harry Kane,a,647,OpenPlay,2015,LeftFoot,436,Chelsea,Tottenham,2,2,2016-05-02 23:00:00,Erik Lamela,TakeOn
56955,46,SavedShot,0.8530000305175781,0.5129999923706055,0.015266500413417816,Harry Kane,a,647,FromCorner,2015,Head,436,Chelsea,Tottenham,2,2,2016-05-02 23:00:00,Erik Lamela,Cross
56956,49,SavedShot,0.9030000305175782,0.7319999694824219,0.06089190021157265,Harry Kane,a,647,OpenPlay,2015,RightFoot,436,Chelsea,Tottenham,2,2,2016-05-02 23:00:00,Erik Lamela,Pass
56961,65,BlockedShot,0.765,0.31799999237060544,0.024038400501012802,Harry Kane,a,647,OpenPlay,2015,RightFoot,436,Chelsea,Tottenham,2,2,2016-05-02 23:00:00,,BallTouch
56851,11,MissedShots,0.9259999847412109,0.5070000076293946,0.06499770283699036,Harry Kane,h,647,OpenPlay,2015,Head,444,Tottenham,Southampton,1,2,2016-05-08 16:30:00,Kyle Walker,Aerial
56854,22,MissedShots,0.9259999847412109,0.39599998474121095,0.09343169629573822,Harry Kane,h,647,OpenPlay,2015,RightFoot,444,Tottenham,Southampton,1,2,2016-05-08 16:30:00,Kyle Walker,Cross
56857,26,MissedShots,0.7430000305175781,0.36900001525878906,0.02362940087914467,Harry Kane,h,647,OpenPlay,2015,RightFoot,444,Tottenham,Southampton,1,2,2016-05-08 16:30:00,Eric Dier,BallRecovery
56861,47,SavedShot,0.9669999694824218,0.5940000152587891,0.2949100136756897,Harry Kane,h,647,OpenPlay,2015,RightFoot,444,Tottenham,Southampton,1,2,2016-05-08 16:30:00,Danny Rose,Chipped
56864,58,MissedShots,0.74,0.5879999923706055,0.017801599577069283,Harry Kane,h,647,OpenPlay,2015,RightFoot,444,Tottenham,Southampton,1,2,2016-05-08 16:30:00,,BallTouch
56877,94,MissedShots,0.805,0.295,0.027895500883460045,Harry Kane,h,647,FromCorner,2015,LeftFoot,444,Tottenham,Southampton,1,2,2016-05-08 16:30:00,Jan Vertonghen,Pass
52072,3,MissedShots,0.8959999847412109,0.3240000152587891,0.07096660137176514,Harry Kane,a,647,OpenPlay,2015,RightFoot,454,Newcastle United,Tottenham,5,1,2016-05-15 18:00:00,Kyle Walker,Pass
52095,74,BlockedShot,0.7909999847412109,0.6430000305175781,0.021269600838422775,Harry Kane,a,647,FromCorner,2015,RightFoot,454,Newcastle United,Tottenham,5,1,2016-05-15 18:00:00,Tom Carroll,Pass
52105,88,BlockedShot,0.82,0.509000015258789,0.07549639791250229,Harry Kane,a,647,OpenPlay,2015,LeftFoot,454,Newcastle United,Tottenham,5,1,2016-05-15 18:00:00,Christian Eriksen,Pass
52106,90,ShotOnPost,0.9159999847412109,0.669000015258789,0.04390370100736618,Harry Kane,a,647,OpenPlay,2015,RightFoot,454,Newcastle United,Tottenham,5,1,2016-05-15 18:00:00,Nacer Chadli,Chipped
112783,26,SavedShot,0.7319999694824219,0.31799999237060544,0.018313700333237648,Harry Kane,h,647,OpenPlay,2016,RightFoot,475,Tottenham,Crystal Palace,1,0,2016-08-20 18:00:00,Eric Dier,Pass
112789,46,MissedShots,0.815,0.48900001525878906,0.0651618018746376,Harry Kane,h,647,OpenPlay,2016,RightFoot,475,Tottenham,Crystal Palace,1,0,2016-08-20 18:00:00,Erik Lamela,Pass
112792,54,MissedShots,0.9019999694824219,0.54,0.05414539948105812,Harry Kane,h,647,OpenPlay,2016,Head,475,Tottenham,Crystal Palace,1,0,2016-08-20 18:00:00,Eric Dier,Chipped
112793,57,MissedShots,0.7659999847412109,0.3609999847412109,0.021005500108003616,Harry Kane,h,647,OpenPlay,2016,RightFoot,475,Tottenham,Crystal Palace,1,0,2016-08-20 18:00:00,,Dispossessed
112797,76,BlockedShot,0.745,0.53,0.019709600135684013,Harry Kane,h,647,OpenPlay,2016,RightFoot,475,Tottenham,Crystal Palace,1,0,2016-08-20 18:00:00,Dele Alli,LayOff
112799,81,BlockedShot,0.9119999694824219,0.5259999847412109,0.07893840223550797,Harry Kane,h,647,FromCorner,2016,Head,475,Tottenham,Crystal Palace,1,0,2016-08-20 18:00:00,Erik Lamela,Cross
113311,20,BlockedShot,0.8209999847412109,0.43099998474121093,0.05753859877586365,Harry Kane,a,647,OpenPlay,2016,LeftFoot,493,Stoke,Tottenham,0,4,2016-09-10 18:00:00,Dele Alli,Pass
113330,69,MissedShots,0.9469999694824218,0.39599998474121095,0.13060599565505981,Harry Kane,a,647,OpenPlay,2016,RightFoot,493,Stoke,Tottenham,0,4,2016-09-10 18:00:00,Christian Eriksen,Cross
113331,69,Goal,0.970999984741211,0.47900001525878905,0.8991109728813171,Harry Kane,a,647,OpenPlay,2016,LeftFoot,493,Stoke,Tottenham,0,4,2016-09-10 18:00:00,Son Heung-Min,Pass
113614,8,SavedShot,0.9519999694824218,0.5729999923706055,0.1162009984254837,Harry Kane,h,647,OpenPlay,2016,RightFoot,510,Tottenham,Sunderland,1,0,2016-09-18 19:30:00,Son Heung-Min,Cross
113620,14,SavedShot,0.975999984741211,0.39799999237060546,0.3619599938392639,Harry Kane,h,647,OpenPlay,2016,RightFoot,510,Tottenham,Sunderland,1,0,2016-09-18 19:30:00,,None
113637,58,Goal,0.955,0.4520000076293945,0.6018249988555908,Harry Kane,h,647,OpenPlay,2016,RightFoot,510,Tottenham,Sunderland,1,0,2016-09-18 19:30:00,,None
115063,20,MissedShots,0.899000015258789,0.49700000762939456,0.09680169820785522,Harry Kane,a,647,OpenPlay,2016,Head,2692,Arsenal,Tottenham,1,1,2016-11-06 16:00:00,Christian Eriksen,Cross
115072,50,Goal,0.885,0.5,0.7611690163612366,Harry Kane,a,647,Penalty,2016,RightFoot,2692,Arsenal,Tottenham,1,1,2016-11-06 16:00:00,,Standard
115077,59,MissedShots,0.9580000305175781,0.3920000076293945,0.08236619830131531,Harry Kane,a,647,OpenPlay,2016,RightFoot,2692,Arsenal,Tottenham,1,1,2016-11-06 16:00:00,Danny Rose,Cross
115821,10,MissedShots,0.7559999847412109,0.5579999923706055,0.025182800367474556,Harry Kane,h,647,OpenPlay,2016,RightFoot,2704,Tottenham,West Ham,3,2,2016-11-19 21:30:00,Harry Winks,Pass
115841,88,Goal,0.9269999694824219,0.46,0.5069630146026611,Harry Kane,h,647,OpenPlay,2016,LeftFoot,2704,Tottenham,West Ham,3,2,2016-11-19 21:30:00,,None
115842,90,Goal,0.885,0.5,0.7611690163612366,Harry Kane,h,647,Penalty,2016,RightFoot,2704,Tottenham,West Ham,3,2,2016-11-19 21:30:00,,Standard
116224,32,SavedShot,0.784000015258789,0.5359999847412109,0.03640729933977127,Harry Kane,a,647,OpenPlay,2016,RightFoot,2712,Chelsea,Tottenham,2,1,2016-11-26 21:30:00,Kevin Wimmer,TakeOn
115962,19,SavedShot,0.909000015258789,0.385,0.03041890077292919,Harry Kane,h,647,OpenPlay,2016,Head,3109,Tottenham,Swansea,5,0,2016-12-03 19:00:00,Kyle Walker,Cross
115963,25,BlockedShot,0.795,0.2620000076293945,0.017464399337768555,Harry Kane,h,647,OpenPlay,2016,LeftFoot,3109,Tottenham,Swansea,5,0,2016-12-03 19:00:00,Christian Eriksen,Pass
115968,38,Goal,0.885,0.5,0.7611690163612366,Harry Kane,h,647,Penalty,2016,RightFoot,3109,Tottenham,Swansea,5,0,2016-12-03 19:00:00,,Standard
115972,46,MissedShots,0.870999984741211,0.33,0.0955296978354454,Harry Kane,h,647,OpenPlay,2016,RightFoot,3109,Tottenham,Swansea,5,0,2016-12-03 19:00:00,Eric Dier,Chipped
115973,48,Goal,0.865,0.40299999237060546,0.13763399422168732,Harry Kane,h,647,OpenPlay,2016,RightFoot,3109,Tottenham,Swansea,5,0,2016-12-03 19:00:00,Son Heung-Min,Pass
115977,68,SavedShot,0.8819999694824219,0.375,0.10658399760723114,Harry Kane,h,647,OpenPlay,2016,RightFoot,3109,Tottenham,Swansea,5,0,2016-12-03 19:00:00,Christian Eriksen,Pass
115984,76,SavedShot,0.8159999847412109,0.3840000152587891,0.0333251990377903,Harry Kane,h,647,OpenPlay,2016,LeftFoot,3109,Tottenham,Swansea,5,0,2016-12-03 19:00:00,Moussa Sissoko,TakeOn
115985,78,SavedShot,0.879000015258789,0.7069999694824218,0.06264790147542953,Harry Kane,h,647,OpenPlay,2016,RightFoot,3109,Tottenham,Swansea,5,0,2016-12-03 19:00:00,Christian Eriksen,Pass
117136,39,MissedShots,0.7780000305175782,0.6519999694824219,0.023755699396133423,Harry Kane,a,647,OpenPlay,2016,RightFoot,3122,Manchester United,Tottenham,1,0,2016-12-11 18:15:00,Christian Eriksen,Pass
118288,33,MissedShots,0.7580000305175781,0.5979999923706054,0.023919900879263878,Harry Kane,h,647,OpenPlay,2016,RightFoot,3134,Tottenham,Hull,3,0,2016-12-15 00:00:00,Hugo Lloris,TakeOn
118297,58,BlockedShot,0.86,0.3029999923706055,0.05351179838180542,Harry Kane,h,647,OpenPlay,2016,LeftFoot,3134,Tottenham,Hull,3,0,2016-12-15 00:00:00,Kyle Walker,Pass
115845,4,BlockedShot,0.750999984741211,0.59,0.021015100181102753,Harry Kane,h,647,OpenPlay,2016,LeftFoot,3143,Tottenham,Burnley,2,1,2016-12-18 20:00:00,Kyle Walker,Pass
115853,14,BlockedShot,0.82,0.4540000152587891,0.06252849847078323,Harry Kane,h,647,OpenPlay,2016,RightFoot,3143,Tottenham,Burnley,2,1,2016-12-18 20:00:00,Christian Eriksen,Pass
115859,34,BlockedShot,0.8490000152587891,0.47900001525878905,0.1152229979634285,Harry Kane,h,647,OpenPlay,2016,LeftFoot,3143,Tottenham,Burnley,2,1,2016-12-18 20:00:00,Dele Alli,Pass
115862,40,SavedShot,0.8930000305175781,0.3529999923706055,0.12282399833202362,Harry Kane,h,647,OpenPlay,2016,RightFoot,3143,Tottenham,Burnley,2,1,2016-12-18 20:00:00,Dele Alli,Throughball
115875,78,MissedShots,0.965999984741211,0.6509999847412109,0.04918359965085983,Harry Kane,h,647,OpenPlay,2016,LeftFoot,3143,Tottenham,Burnley,2,1,2016-12-18 20:00:00,Kyle Walker,Cross
116694,4,MissedShots,0.8019999694824219,0.7169999694824218,0.021241100504994392,Harry Kane,a,647,SetPiece,2016,RightFoot,3154,Southampton,Tottenham,1,4,2016-12-28 23:45:00,Danny Rose,Chipped
116706,51,Goal,0.925,0.40400001525878904,0.04470060020685196,Harry Kane,a,647,FromCorner,2016,Head,3154,Southampton,Tottenham,1,4,2016-12-28 23:45:00,Christian Eriksen,Cross
116708,57,MissedShots,0.885,0.5,0.7611690163612366,Harry Kane,a,647,Penalty,2016,RightFoot,3154,Southampton,Tottenham,1,4,2016-12-28 23:45:00,,Standard
117888,13,MissedShots,0.755,0.6370000076293946,0.022579099982976913,Harry Kane,a,647,OpenPlay,2016,RightFoot,3328,Watford,Tottenham,1,4,2017-01-01 13:30:00,Danny Rose,Pass
117892,26,Goal,0.97,0.3320000076293945,0.2760080099105835,Harry Kane,a,647,OpenPlay,2016,RightFoot,3328,Watford,Tottenham,1,4,2017-01-01 13:30:00,Kieran Trippier,Pass
117896,32,Goal,0.9590000152587891,0.5220000076293946,0.6210389733314514,Harry Kane,a,647,OpenPlay,2016,RightFoot,3328,Watford,Tottenham,1,4,2017-01-01 13:30:00,Kieran Trippier,Cross
117903,55,SavedShot,0.8040000152587891,0.5790000152587891,0.12014800310134888,Harry Kane,a,647,DirectFreekick,2016,RightFoot,3328,Watford,Tottenham,1,4,2017-01-01 13:30:00,,Standard
117860,3,MissedShots,0.9159999847412109,0.549000015258789,0.11224500089883804,Harry Kane,h,647,OpenPlay,2016,RightFoot,3340,Tottenham,West Bromwich Albion,4,0,2017-01-14 16:30:00,Danny Rose,Cross
117862,7,MissedShots,0.7819999694824219,0.674000015258789,0.024666599929332733,Harry Kane,h,647,OpenPlay,2016,RightFoot,3340,Tottenham,West Bromwich Albion,4,0,2017-01-14 16:30:00,Danny Rose,Pass
117863,11,Goal,0.8619999694824219,0.5690000152587891,0.3600119948387146,Harry Kane,h,647,OpenPlay,2016,RightFoot,3340,Tottenham,West Bromwich Albion,4,0,2017-01-14 16:30:00,Christian Eriksen,Throughball
117865,23,BlockedShot,0.919000015258789,0.3139999961853027,0.026654599234461784,Harry Kane,h,647,SetPiece,2016,RightFoot,3340,Tottenham,West Bromwich Albion,4,0,2017-01-14 16:30:00,Danny Rose,Cross
117866,24,SavedShot,0.95,0.48400001525878905,0.5701339840888977,Harry Kane,h,647,OpenPlay,2016,Head,3340,Tottenham,West Bromwich Albion,4,0,2017-01-14 16:30:00,Victor Wanyama,Cross
117869,33,SavedShot,0.9359999847412109,0.4370000076293945,0.5550789833068848,Harry Kane,h,647,OpenPlay,2016,RightFoot,3340,Tottenham,West Bromwich Albion,4,0,2017-01-14 16:30:00,Kyle Walker,Pass
117870,34,SavedShot,0.7480000305175781,0.5459999847412109,0.0239912997931242,Harry Kane,h,647,OpenPlay,2016,LeftFoot,3340,Tottenham,West Bromwich Albion,4,0,2017-01-14 16:30:00,Jan Vertonghen,BallRecovery
117874,55,MissedShots,0.8519999694824218,0.435,0.05001140013337135,Harry Kane,h,647,FromCorner,2016,RightFoot,3340,Tottenham,West Bromwich Albion,4,0,2017-01-14 16:30:00,Christian Eriksen,Pass
117878,57,SavedShot,0.784000015258789,0.6040000152587891,0.04258489981293678,Harry Kane,h,647,OpenPlay,2016,RightFoot,3340,Tottenham,West Bromwich Albion,4,0,2017-01-14 16:30:00,Dele Alli,TakeOn
117883,76,Goal,0.875999984741211,0.5379999923706055,0.34042200446128845,Harry Kane,h,647,OpenPlay,2016,RightFoot,3340,Tottenham,West Bromwich Albion,4,0,2017-01-14 16:30:00,Kyle Walker,Cross
117884,81,Goal,0.9319999694824219,0.4209999847412109,0.13133999705314636,Harry Kane,h,647,OpenPlay,2016,RightFoot,3340,Tottenham,West Bromwich Albion,4,0,2017-01-14 16:30:00,Dele Alli,Chipped
118977,52,BlockedShot,0.879000015258789,0.645,0.03770500048995018,Harry Kane,a,647,FromCorner,2016,LeftFoot,3364,Sunderland,Tottenham,0,0,2017-01-31 22:45:00,Christian Eriksen,Cross
117055,34,MissedShots,0.9159999847412109,0.46599998474121096,0.3045789897441864,Harry Kane,h,647,OpenPlay,2016,Head,3377,Tottenham,Middlesbrough,1,0,2017-02-04 17:30:00,Son Heung-Min,Cross
117061,46,BlockedShot,0.8819999694824219,0.31799999237060544,0.046774301677942276,Harry Kane,h,647,OpenPlay,2016,LeftFoot,3377,Tottenham,Middlesbrough,1,0,2017-02-04 17:30:00,Christian Eriksen,Pass
117064,57,Goal,0.885,0.5,0.7611690163612366,Harry Kane,h,647,Penalty,2016,RightFoot,3377,Tottenham,Middlesbrough,1,0,2017-02-04 17:30:00,,Standard
118736,13,Goal,0.8909999847412109,0.3089999961853027,0.07324360311031342,Harry Kane,h,647,OpenPlay,2016,RightFoot,3397,Tottenham,Stoke,4,0,2017-02-26 13:30:00,,TakeOn
118743,27,MissedShots,0.7869999694824219,0.6719999694824219,0.030340300872921944,Harry Kane,h,647,OpenPlay,2016,RightFoot,3397,Tottenham,Stoke,4,0,2017-02-26 13:30:00,Jan Vertonghen,Pass
118745,31,Goal,0.8159999847412109,0.524000015258789,0.035423800349235535,Harry Kane,h,647,FromCorner,2016,LeftFoot,3397,Tottenham,Stoke,4,0,2017-02-26 13:30:00,Christian Eriksen,Cross
118746,36,Goal,0.7040000152587891,0.46900001525878904,0.016310999169945717,Harry Kane,h,647,SetPiece,2016,RightFoot,3397,Tottenham,Stoke,4,0,2017-02-26 13:30:00,Christian Eriksen,Pass
118749,55,MissedShots,0.9830000305175781,0.42700000762939455,0.1269720047712326,Harry Kane,h,647,SetPiece,2016,Head,3397,Tottenham,Stoke,4,0,2017-02-26 13:30:00,Christian Eriksen,Cross
118754,72,SavedShot,0.8209999847412109,0.3509999847412109,0.04621950164437294,Harry Kane,h,647,OpenPlay,2016,LeftFoot,3397,Tottenham,Stoke,4,0,2017-02-26 13:30:00,Harry Winks,Pass
119969,19,Goal,0.730999984741211,0.5529999923706055,0.02000810019671917,Harry Kane,h,647,OpenPlay,2016,RightFoot,3406,Tottenham,Everton,3,2,2017-03-05 13:30:00,Ben Davies,Pass
119970,20,SavedShot,0.9059999847412109,0.375,0.17615100741386414,Harry Kane,h,647,OpenPlay,2016,LeftFoot,3406,Tottenham,Everton,3,2,2017-03-05 13:30:00,Christian Eriksen,TakeOn
119979,55,Goal,0.8580000305175781,0.6869999694824219,0.06486769765615463,Harry Kane,h,647,OpenPlay,2016,RightFoot,3406,Tottenham,Everton,3,2,2017-03-05 13:30:00,Dele Alli,BallRecovery
119987,77,BlockedShot,0.84,0.3770000076293945,0.04539769887924194,Harry Kane,h,647,SetPiece,2016,RightFoot,3406,Tottenham,Everton,3,2,2017-03-05 13:30:00,,None
119989,81,SavedShot,0.925,0.3120000076293945,0.32319098711013794,Harry Kane,h,647,OpenPlay,2016,RightFoot,3406,Tottenham,Everton,3,2,2017-03-05 13:30:00,,None
119991,85,MissedShots,0.8219999694824218,0.3120000076293945,0.03828199952840805,Harry Kane,h,647,OpenPlay,2016,LeftFoot,3406,Tottenham,Everton,3,2,2017-03-05 13:30:00,Kyle Walker,Pass
120404,70,BlockedShot,0.94,0.25799999237060545,0.08106999844312668,Harry Kane,h,647,OpenPlay,2016,RightFoot,3453,Tottenham,Watford,4,0,2017-04-08 12:30:00,Kieran Trippier,Chipped
120409,92,ShotOnPost,0.7119999694824218,0.6370000076293946,0.03690360113978386,Harry Kane,h,647,DirectFreekick,2016,RightFoot,3453,Tottenham,Watford,4,0,2017-04-08 12:30:00,,Standard
121446,3,BlockedShot,0.845999984741211,0.39099998474121095,0.05712220072746277,Harry Kane,h,647,OpenPlay,2016,LeftFoot,3465,Tottenham,Bournemouth,4,0,2017-04-15 12:30:00,,None
121455,47,Goal,0.8719999694824219,0.4779999923706055,0.456508994102478,Harry Kane,h,647,OpenPlay,2016,LeftFoot,3465,Tottenham,Bournemouth,4,0,2017-04-15 12:30:00,,TakeOn
121456,51,SavedShot,0.8590000152587891,0.4159999847412109,0.4543040096759796,Harry Kane,h,647,OpenPlay,2016,RightFoot,3465,Tottenham,Bournemouth,4,0,2017-04-15 12:30:00,Christian Eriksen,Throughball
121457,52,SavedShot,0.8859999847412109,0.664000015258789,0.09199950098991394,Harry Kane,h,647,OpenPlay,2016,RightFoot,3465,Tottenham,Bournemouth,4,0,2017-04-15 12:30:00,Son Heung-Min,Pass
121460,60,SavedShot,0.764000015258789,0.6,0.03698749840259552,Harry Kane,h,647,OpenPlay,2016,RightFoot,3465,Tottenham,Bournemouth,4,0,2017-04-15 12:30:00,Son Heung-Min,Pass
119193,1,BlockedShot,0.8669999694824219,0.5659999847412109,0.06679929792881012,Harry Kane,a,647,FromCorner,2016,RightFoot,3415,Crystal Palace,Tottenham,0,1,2017-04-26 20:00:00,,None
119195,7,MissedShots,0.784000015258789,0.5579999923706055,0.02688629925251007,Harry Kane,a,647,OpenPlay,2016,RightFoot,3415,Crystal Palace,Tottenham,0,1,2017-04-26 20:00:00,Christian Eriksen,Chipped
119202,30,BlockedShot,0.885,0.47200000762939454,0.038719698786735535,Harry Kane,a,647,FromCorner,2016,Head,3415,Crystal Palace,Tottenham,0,1,2017-04-26 20:00:00,Ben Davies,Cross
119208,57,BlockedShot,0.7780000305175782,0.385,0.02796499989926815,Harry Kane,a,647,OpenPlay,2016,LeftFoot,3415,Crystal Palace,Tottenham,0,1,2017-04-26 20:00:00,Kyle Walker,Pass
119213,76,SavedShot,0.9169999694824219,0.4420000076293945,0.04624500125646591,Harry Kane,a,647,OpenPlay,2016,Head,3415,Crystal Palace,Tottenham,0,1,2017-04-26 20:00:00,Ben Davies,Aerial
121091,0,SavedShot,0.9390000152587891,0.735999984741211,0.04883909970521927,Harry Kane,h,647,OpenPlay,2016,LeftFoot,3487,Tottenham,Arsenal,2,0,2017-04-30 16:30:00,Dele Alli,BallRecovery
121093,21,BlockedShot,0.9119999694824219,0.26,0.04100869968533516,Harry Kane,h,647,OpenPlay,2016,RightFoot,3487,Tottenham,Arsenal,2,0,2017-04-30 16:30:00,Eric Dier,Chipped
121107,50,SavedShot,0.769000015258789,0.6719999694824219,0.019006600603461266,Harry Kane,h,647,OpenPlay,2016,LeftFoot,3487,Tottenham,Arsenal,2,0,2017-04-30 16:30:00,,BallRecovery
121111,57,Goal,0.885,0.5,0.7611690163612366,Harry Kane,h,647,Penalty,2016,RightFoot,3487,Tottenham,Arsenal,2,0,2017-04-30 16:30:00,,Standard
121117,67,MissedShots,0.9719999694824218,0.40400001525878904,0.05578349903225899,Harry Kane,h,647,FromCorner,2016,Head,3487,Tottenham,Arsenal,2,0,2017-04-30 16:30:00,Christian Eriksen,Cross
121119,76,SavedShot,0.9159999847412109,0.3629999923706055,0.5522930026054382,Harry Kane,h,647,OpenPlay,2016,RightFoot,3487,Tottenham,Arsenal,2,0,2017-04-30 16:30:00,Victor Wanyama,Throughball
121121,79,SavedShot,0.8059999847412109,0.30100000381469727,0.04732370004057884,Harry Kane,h,647,OpenPlay,2016,RightFoot,3487,Tottenham,Arsenal,2,0,2017-04-30 16:30:00,Kieran Trippier,HeadPass
121688,3,MissedShots,0.6909999847412109,0.34299999237060547,0.011025000363588333,Harry Kane,a,647,OpenPlay,2016,RightFoot,3499,West Ham,Tottenham,1,0,2017-05-05 20:00:00,,BallRecovery
121691,20,SavedShot,0.7609999847412109,0.4,0.026816699653863907,Harry Kane,a,647,OpenPlay,2016,RightFoot,3499,West Ham,Tottenham,1,0,2017-05-05 20:00:00,Son Heung-Min,LayOff
121693,20,SavedShot,0.8590000152587891,0.48700000762939455,0.07602769881486893,Harry Kane,a,647,OpenPlay,2016,RightFoot,3499,West Ham,Tottenham,1,0,2017-05-05 20:00:00,,Rebound
120476,21,ShotOnPost,0.9590000152587891,0.4370000076293945,0.30966898798942566,Harry Kane,h,647,FromCorner,2016,Head,3507,Tottenham,Manchester United,2,1,2017-05-14 16:30:00,Christian Eriksen,Aerial
120478,45,SavedShot,0.9419999694824219,0.29100000381469726,0.06552059948444366,Harry Kane,h,647,OpenPlay,2016,RightFoot,3507,Tottenham,Manchester United,2,1,2017-05-14 16:30:00,Christian Eriksen,Pass
120479,47,Goal,0.9640000152587891,0.5279999923706055,0.6134809851646423,Harry Kane,h,647,SetPiece,2016,RightFoot,3507,Tottenham,Manchester United,2,1,2017-05-14 16:30:00,Christian Eriksen,Cross
120481,52,MissedShots,0.7930000305175782,0.43099998474121093,0.09697719663381577,Harry Kane,h,647,OpenPlay,2016,LeftFoot,3507,Tottenham,Manchester United,2,1,2017-05-14 16:30:00,Son Heung-Min,Pass
120783,16,BlockedShot,0.7090000152587891,0.39099998474121095,0.037790101021528244,Harry Kane,a,647,DirectFreekick,2016,RightFoot,3475,Leicester,Tottenham,1,6,2017-05-18 19:45:00,,Standard
120785,20,MissedShots,0.8059999847412109,0.7330000305175781,0.013539600186049938,Harry Kane,a,647,OpenPlay,2016,RightFoot,3475,Leicester,Tottenham,1,6,2017-05-18 19:45:00,,TakeOn
120786,24,Goal,0.9159999847412109,0.43900001525878907,0.4474889934062958,Harry Kane,a,647,OpenPlay,2016,RightFoot,3475,Leicester,Tottenham,1,6,2017-05-18 19:45:00,Son Heung-Min,Pass
120790,37,BlockedShot,0.865,0.3120000076293945,0.06415829807519913,Harry Kane,a,647,OpenPlay,2016,RightFoot,3475,Leicester,Tottenham,1,6,2017-05-18 19:45:00,Moussa Sissoko,Pass
120802,62,Goal,0.9790000152587891,0.48900001525878906,0.9239330291748047,Harry Kane,a,647,OpenPlay,2016,Head,3475,Leicester,Tottenham,1,6,2017-05-18 19:45:00,,Rebound
120803,67,SavedShot,0.4259999847412109,0.655,0.00862686987966299,Harry Kane,a,647,OpenPlay,2016,RightFoot,3475,Leicester,Tottenham,1,6,2017-05-18 19:45:00,,BallRecovery
120807,77,MissedShots,0.7169999694824218,0.7730000305175782,0.028140900656580925,Harry Kane,a,647,DirectFreekick,2016,RightFoot,3475,Leicester,Tottenham,1,6,2017-05-18 19:45:00,,Standard
120809,83,MissedShots,0.779000015258789,0.639000015258789,0.04172300174832344,Harry Kane,a,647,OpenPlay,2016,RightFoot,3475,Leicester,Tottenham,1,6,2017-05-18 19:45:00,Vincent Janssen,Pass
120813,88,Goal,0.8230000305175781,0.5670000076293945,0.0845538005232811,Harry Kane,a,647,OpenPlay,2016,RightFoot,3475,Leicester,Tottenham,1,6,2017-05-18 19:45:00,Filip Lesniak,Pass
120815,91,Goal,0.8330000305175781,0.6020000076293945,0.0842892974615097,Harry Kane,a,647,OpenPlay,2016,RightFoot,3475,Leicester,Tottenham,1,6,2017-05-18 19:45:00,Ben Davies,Pass
112443,10,Goal,0.774000015258789,0.5029999923706054,0.032235801219940186,Harry Kane,a,647,OpenPlay,2016,LeftFoot,3513,Hull,Tottenham,1,7,2017-05-21 15:00:00,Christian Eriksen,Pass
112444,12,Goal,0.9669999694824218,0.48700000762939455,0.8327080011367798,Harry Kane,a,647,OpenPlay,2016,LeftFoot,3513,Hull,Tottenham,1,7,2017-05-21 15:00:00,Kieran Trippier,Pass
112450,50,BlockedShot,0.805,0.40299999237060546,0.06011730059981346,Harry Kane,a,647,OpenPlay,2016,LeftFoot,3513,Hull,Tottenham,1,7,2017-05-21 15:00:00,Christian Eriksen,Pass
112463,71,Goal,0.8730000305175781,0.3940000152587891,0.29619601368904114,Harry Kane,a,647,OpenPlay,2016,LeftFoot,3513,Hull,Tottenham,1,7,2017-05-21 15:00:00,Dele Alli,Pass
112464,76,MissedShots,0.9480000305175781,0.3160000038146973,0.056173499673604965,Harry Kane,a,647,OpenPlay,2016,RightFoot,3513,Hull,Tottenham,1,7,2017-05-21 15:00:00,Kieran Trippier,TakeOn
158291,21,BlockedShot,0.9519999694824218,0.500999984741211,0.1415019929409027,Harry Kane,a,647,SetPiece,2017,Head,7127,Newcastle United,Tottenham,0,2,2017-08-13 13:30:00,Christian Eriksen,Cross
158294,35,MissedShots,0.8919999694824219,0.59,0.023103799670934677,Harry Kane,a,647,FromCorner,2017,Head,7127,Newcastle United,Tottenham,0,2,2017-08-13 13:30:00,Ben Davies,Cross
158298,45,BlockedShot,0.755,0.52,0.024561500176787376,Harry Kane,a,647,OpenPlay,2017,LeftFoot,7127,Newcastle United,Tottenham,0,2,2017-08-13 13:30:00,Jan Vertonghen,TakeOn
158300,50,SavedShot,0.9130000305175782,0.500999984741211,0.509289026260376,Harry Kane,a,647,OpenPlay,2017,RightFoot,7127,Newcastle United,Tottenham,0,2,2017-08-13 13:30:00,,None
158303,62,BlockedShot,0.8719999694824219,0.6569999694824219,0.06915640085935593,Harry Kane,a,647,OpenPlay,2017,LeftFoot,7127,Newcastle United,Tottenham,0,2,2017-08-13 13:30:00,,None
158311,90,ShotOnPost,0.8819999694824219,0.41900001525878905,0.46924498677253723,Harry Kane,a,647,OpenPlay,2017,RightFoot,7127,Newcastle United,Tottenham,0,2,2017-08-13 13:30:00,Son Heung-Min,Throughball
159058,9,SavedShot,0.7469999694824219,0.47200000762939454,0.024226900190114975,Harry Kane,h,647,OpenPlay,2017,RightFoot,7137,Tottenham,Chelsea,1,2,2017-08-20 16:00:00,Victor Wanyama,TakeOn
159064,28,SavedShot,0.965999984741211,0.34700000762939454,0.05926100164651871,Harry Kane,h,647,OpenPlay,2017,RightFoot,7137,Tottenham,Chelsea,1,2,2017-08-20 16:00:00,Eric Dier,Pass
159065,29,MissedShots,0.8519999694824218,0.33299999237060546,0.05046660080552101,Harry Kane,h,647,OpenPlay,2017,RightFoot,7137,Tottenham,Chelsea,1,2,2017-08-20 16:00:00,Dele Alli,Pass
159066,41,ShotOnPost,0.879000015258789,0.6659999847412109,0.0587414987385273,Harry Kane,h,647,OpenPlay,2017,RightFoot,7137,Tottenham,Chelsea,1,2,2017-08-20 16:00:00,Dele Alli,Pass
159069,43,BlockedShot,0.889000015258789,0.5929999923706055,0.020752999931573868,Harry Kane,h,647,FromCorner,2017,Head,7137,Tottenham,Chelsea,1,2,2017-08-20 16:00:00,Christian Eriksen,Cross
159071,44,SavedShot,0.885,0.5940000152587891,0.018603799864649773,Harry Kane,h,647,FromCorner,2017,Head,7137,Tottenham,Chelsea,1,2,2017-08-20 16:00:00,Christian Eriksen,Cross
159074,46,MissedShots,0.924000015258789,0.54,0.09618789702653885,Harry Kane,h,647,FromCorner,2017,Head,7137,Tottenham,Chelsea,1,2,2017-08-20 16:00:00,Ben Davies,Cross
159081,76,BlockedShot,0.825,0.5509999847412109,0.06269010156393051,Harry Kane,h,647,OpenPlay,2017,RightFoot,7137,Tottenham,Chelsea,1,2,2017-08-20 16:00:00,Victor Wanyama,LayOff
158839,0,BlockedShot,0.8219999694824218,0.629000015258789,0.04622820019721985,Harry Kane,h,647,OpenPlay,2017,RightFoot,7147,Tottenham,Burnley,1,1,2017-08-27 16:00:00,Dele Alli,Pass
158846,17,MissedShots,0.9469999694824218,0.43,0.06093579903244972,Harry Kane,h,647,SetPiece,2017,Head,7147,Tottenham,Burnley,1,1,2017-08-27 16:00:00,Ben Davies,Aerial
158847,21,BlockedShot,0.909000015258789,0.27399999618530274,0.04029630124568939,Harry Kane,h,647,OpenPlay,2017,RightFoot,7147,Tottenham,Burnley,1,1,2017-08-27 16:00:00,Eric Dier,Pass
158851,32,BlockedShot,0.8030000305175782,0.595999984741211,0.039348699152469635,Harry Kane,h,647,OpenPlay,2017,LeftFoot,7147,Tottenham,Burnley,1,1,2017-08-27 16:00:00,Mousa Dembélé,TakeOn
158856,37,BlockedShot,0.9369999694824219,0.5429999923706055,0.1272609978914261,Harry Kane,h,647,OpenPlay,2017,RightFoot,7147,Tottenham,Burnley,1,1,2017-08-27 16:00:00,Ben Davies,Cross
158862,52,MissedShots,0.8730000305175781,0.610999984741211,0.10549599677324295,Harry Kane,h,647,OpenPlay,2017,RightFoot,7147,Tottenham,Burnley,1,1,2017-08-27 16:00:00,Christian Eriksen,Pass
158866,72,SavedShot,0.8580000305175781,0.5029999923706054,0.11012899875640869,Harry Kane,h,647,OpenPlay,2017,LeftFoot,7147,Tottenham,Burnley,1,1,2017-08-27 16:00:00,Ben Davies,Pass
158868,73,BlockedShot,0.9030000305175782,0.5629999923706055,0.01640930026769638,Harry Kane,h,647,FromCorner,2017,Head,7147,Tottenham,Burnley,1,1,2017-08-27 16:00:00,Christian Eriksen,Aerial
158871,75,SavedShot,0.925,0.625,0.3269450068473816,Harry Kane,h,647,OpenPlay,2017,RightFoot,7147,Tottenham,Burnley,1,1,2017-08-27 16:00:00,,TakeOn
158875,80,BlockedShot,0.774000015258789,0.7230000305175781,0.04858729988336563,Harry Kane,h,647,DirectFreekick,2017,RightFoot,7147,Tottenham,Burnley,1,1,2017-08-27 16:00:00,,Standard
159229,27,Goal,0.7819999694824219,0.155,0.019733499735593796,Harry Kane,a,647,FromCorner,2017,RightFoot,7154,Everton,Tottenham,0,3,2017-09-09 15:00:00,Kieran Trippier,Pass
159236,45,Goal,0.9169999694824219,0.549000015258789,0.43625399470329285,Harry Kane,a,647,OpenPlay,2017,RightFoot,7154,Everton,Tottenham,0,3,2017-09-09 15:00:00,Ben Davies,Cross
159235,46,MissedShots,0.835,0.500999984741211,0.07323980331420898,Harry Kane,a,647,OpenPlay,2017,LeftFoot,7154,Everton,Tottenham,0,3,2017-09-09 15:00:00,,None
159238,53,SavedShot,0.95,0.38799999237060545,0.11050800234079361,Harry Kane,a,647,OpenPlay,2017,RightFoot,7154,Everton,Tottenham,0,3,2017-09-09 15:00:00,,None
158882,8,SavedShot,0.6919999694824219,0.475,0.03523489832878113,Harry Kane,h,647,DirectFreekick,2017,RightFoot,7166,Tottenham,Swansea,0,0,2017-09-16 17:30:00,,Standard
158897,57,ShotOnPost,0.9159999847412109,0.47200000762939454,0.14357100427150726,Harry Kane,h,647,OpenPlay,2017,RightFoot,7166,Tottenham,Swansea,0,0,2017-09-16 17:30:00,Moussa Sissoko,Pass
158902,64,SavedShot,0.9669999694824218,0.6430000305175781,0.013485300354659557,Harry Kane,h,647,FromCorner,2017,Head,7166,Tottenham,Swansea,0,0,2017-09-16 17:30:00,Christian Eriksen,Cross
158906,80,MissedShots,0.76,0.5879999923706055,0.025251800194382668,Harry Kane,h,647,OpenPlay,2017,RightFoot,7166,Tottenham,Swansea,0,0,2017-09-16 17:30:00,Jan Vertonghen,Pass
159943,30,BlockedShot,0.8190000152587891,0.5070000076293946,0.06583719700574875,Harry Kane,a,647,OpenPlay,2017,RightFoot,7169,West Ham,Tottenham,2,3,2017-09-23 12:30:00,Christian Eriksen,Pass
159944,33,Goal,0.9490000152587891,0.4540000152587891,0.49639999866485596,Harry Kane,a,647,OpenPlay,2017,Head,7169,West Ham,Tottenham,2,3,2017-09-23 12:30:00,Dele Alli,Cross
159946,37,Goal,0.8809999847412109,0.5720000076293945,0.341715008020401,Harry Kane,a,647,OpenPlay,2017,LeftFoot,7169,West Ham,Tottenham,2,3,2017-09-23 12:30:00,,Rebound
159947,40,MissedShots,0.8630000305175781,0.7809999847412109,0.038636401295661926,Harry Kane,a,647,OpenPlay,2017,RightFoot,7169,West Ham,Tottenham,2,3,2017-09-23 12:30:00,Christian Eriksen,Pass
159948,59,ShotOnPost,0.7680000305175781,0.7980000305175782,0.0345086008310318,Harry Kane,a,647,DirectFreekick,2017,RightFoot,7169,West Ham,Tottenham,2,3,2017-09-23 12:30:00,,Standard
159950,62,ShotOnPost,0.9390000152587891,0.6859999847412109,0.06418590247631073,Harry Kane,a,647,OpenPlay,2017,LeftFoot,7169,West Ham,Tottenham,2,3,2017-09-23 12:30:00,,None
159957,80,BlockedShot,0.700999984741211,0.49900001525878906,0.03838089853525162,Harry Kane,a,647,DirectFreekick,2017,RightFoot,7169,West Ham,Tottenham,2,3,2017-09-23 12:30:00,,Standard
160181,0,BlockedShot,0.924000015258789,0.3370000076293945,0.06696809828281403,Harry Kane,a,647,OpenPlay,2017,RightFoot,7179,Huddersfield,Tottenham,0,4,2017-09-30 12:30:00,Kieran Trippier,Dispossessed
160184,8,Goal,0.879000015258789,0.35700000762939454,0.27772998809814453,Harry Kane,a,647,OpenPlay,2017,RightFoot,7179,Huddersfield,Tottenham,0,4,2017-09-30 12:30:00,Kieran Trippier,HeadPass
160187,17,MissedShots,0.749000015258789,0.6630000305175782,0.024114299565553665,Harry Kane,a,647,OpenPlay,2017,RightFoot,7179,Huddersfield,Tottenham,0,4,2017-09-30 12:30:00,Dele Alli,Chipped
160188,19,SavedShot,0.8969999694824219,0.62,0.1009640023112297,Harry Kane,a,647,OpenPlay,2017,RightFoot,7179,Huddersfield,Tottenham,0,4,2017-09-30 12:30:00,,BallRecovery
160189,23,Goal,0.8080000305175781,0.46,0.07173220068216324,Harry Kane,a,647,OpenPlay,2017,LeftFoot,7179,Huddersfield,Tottenham,0,4,2017-09-30 12:30:00,Kieran Trippier,Pass
161736,32,SavedShot,0.9219999694824219,0.35900001525878905,0.07658539712429047,Harry Kane,h,647,OpenPlay,2017,RightFoot,7197,Tottenham,Bournemouth,1,0,2017-10-14 15:00:00,Christian Eriksen,Chipped
161743,61,SavedShot,0.905,0.5609999847412109,0.31309399008750916,Harry Kane,h,647,OpenPlay,2017,LeftFoot,7197,Tottenham,Bournemouth,1,0,2017-10-14 15:00:00,Harry Winks,Chipped
161744,61,SavedShot,0.92,0.5059999847412109,0.14890800416469574,Harry Kane,h,647,OpenPlay,2017,LeftFoot,7197,Tottenham,Bournemouth,1,0,2017-10-14 15:00:00,Dele Alli,Pass
161746,63,BlockedShot,0.7759999847412109,0.5659999847412109,0.042361099272966385,Harry Kane,h,647,OpenPlay,2017,LeftFoot,7197,Tottenham,Bournemouth,1,0,2017-10-14 15:00:00,,None
161747,64,MissedShots,0.8290000152587891,0.39099998474121095,0.026405200362205505,Harry Kane,h,647,OpenPlay,2017,LeftFoot,7197,Tottenham,Bournemouth,1,0,2017-10-14 15:00:00,,Aerial
161751,83,BlockedShot,0.8,0.2979999923706055,0.027591900900006294,Harry Kane,h,647,OpenPlay,2017,LeftFoot,7197,Tottenham,Bournemouth,1,0,2017-10-14 15:00:00,Kieran Trippier,Pass
159637,3,Goal,0.874000015258789,0.4329999923706055,0.5575349926948547,Harry Kane,h,647,OpenPlay,2017,LeftFoot,7207,Tottenham,Liverpool,4,1,2017-10-22 16:00:00,Kieran Trippier,TakeOn
159644,29,BlockedShot,0.905,0.6469999694824219,0.09286060184240341,Harry Kane,h,647,OpenPlay,2017,LeftFoot,7207,Tottenham,Liverpool,4,1,2017-10-22 16:00:00,Dele Alli,Pass
159646,36,MissedShots,0.7980000305175782,0.735,0.033277399837970734,Harry Kane,h,647,OpenPlay,2017,RightFoot,7207,Tottenham,Liverpool,4,1,2017-10-22 16:00:00,,TakeOn
159648,45,BlockedShot,0.4379999923706055,0.6659999847412109,0.006664980202913284,Harry Kane,h,647,OpenPlay,2017,RightFoot,7207,Tottenham,Liverpool,4,1,2017-10-22 16:00:00,,None
159650,50,MissedShots,0.91,0.44799999237060545,0.02202099934220314,Harry Kane,h,647,FromCorner,2017,Head,7207,Tottenham,Liverpool,4,1,2017-10-22 16:00:00,Kieran Trippier,Aerial
159652,55,Goal,0.9309999847412109,0.5209999847412109,0.5815939903259277,Harry Kane,h,647,SetPiece,2017,RightFoot,7207,Tottenham,Liverpool,4,1,2017-10-22 16:00:00,,Rebound
159655,64,BlockedShot,0.8419999694824218,0.48900001525878906,0.15773899853229523,Harry Kane,h,647,OpenPlay,2017,LeftFoot,7207,Tottenham,Liverpool,4,1,2017-10-22 16:00:00,Christian Eriksen,TakeOn
161324,9,SavedShot,0.7319999694824219,0.7759999847412109,0.015064399689435959,Harry Kane,h,647,OpenPlay,2017,RightFoot,7226,Tottenham,Crystal Palace,1,0,2017-11-05 12:00:00,Jan Vertonghen,Pass
161329,34,MissedShots,0.895,0.49,0.044989701360464096,Harry Kane,h,647,OpenPlay,2017,Head,7226,Tottenham,Crystal Palace,1,0,2017-11-05 12:00:00,,None
161490,5,SavedShot,0.9019999694824219,0.685,0.05369019880890846,Harry Kane,a,647,OpenPlay,2017,RightFoot,7236,Arsenal,Tottenham,2,0,2017-11-18 12:30:00,,None
161494,33,SavedShot,0.875999984741211,0.549000015258789,0.0349837988615036,Harry Kane,a,647,OpenPlay,2017,Head,7236,Arsenal,Tottenham,2,0,2017-11-18 12:30:00,Moussa Sissoko,Cross
161497,43,MissedShots,0.784000015258789,0.4620000076293945,0.05126480013132095,Harry Kane,a,647,OpenPlay,2017,RightFoot,7236,Arsenal,Tottenham,2,0,2017-11-18 12:30:00,Jan Vertonghen,TakeOn
161498,48,MissedShots,0.894000015258789,0.42200000762939455,0.023459600284695625,Harry Kane,a,647,OpenPlay,2017,Head,7236,Arsenal,Tottenham,2,0,2017-11-18 12:30:00,Mousa Dembélé,Chipped
161500,55,BlockedShot,0.91,0.3629999923706055,0.08352389931678772,Harry Kane,a,647,OpenPlay,2017,RightFoot,7236,Arsenal,Tottenham,2,0,2017-11-18 12:30:00,Christian Eriksen,Pass
161663,8,MissedShots,0.9169999694824219,0.49900001525878906,0.09472549706697464,Harry Kane,h,647,FromCorner,2017,Head,7239,Tottenham,West Bromwich Albion,1,1,2017-11-25 15:00:00,Kieran Trippier,Cross
161665,17,BlockedShot,0.7090000152587891,0.6880000305175781,0.013781500048935413,Harry Kane,h,647,OpenPlay,2017,RightFoot,7239,Tottenham,West Bromwich Albion,1,1,2017-11-25 15:00:00,Dele Alli,Pass
161666,26,MissedShots,0.769000015258789,0.5729999923706055,0.027001699432730675,Harry Kane,h,647,OpenPlay,2017,LeftFoot,7239,Tottenham,West Bromwich Albion,1,1,2017-11-25 15:00:00,Christian Eriksen,TakeOn
161673,46,SavedShot,0.7580000305175781,0.40400001525878904,0.023309899494051933,Harry Kane,h,647,OpenPlay,2017,RightFoot,7239,Tottenham,West Bromwich Albion,1,1,2017-11-25 15:00:00,Dele Alli,Pass
161679,73,Goal,0.9580000305175781,0.41200000762939454,0.37487199902534485,Harry Kane,h,647,OpenPlay,2017,LeftFoot,7239,Tottenham,West Bromwich Albion,1,1,2017-11-25 15:00:00,Dele Alli,Cross
161683,81,MissedShots,0.9540000152587891,0.4929999923706055,0.7791230082511902,Harry Kane,h,647,OpenPlay,2017,OtherBodyPart,7239,Tottenham,West Bromwich Albion,1,1,2017-11-25 15:00:00,Kieran Trippier,Aerial
161686,84,SavedShot,0.7919999694824219,0.69,0.024121299386024475,Harry Kane,h,647,OpenPlay,2017,RightFoot,7239,Tottenham,West Bromwich Albion,1,1,2017-11-25 15:00:00,Christian Eriksen,Pass
161687,85,MissedShots,0.76,0.425,0.024670099839568138,Harry Kane,h,647,OpenPlay,2017,RightFoot,7239,Tottenham,West Bromwich Albion,1,1,2017-11-25 15:00:00,Dele Alli,Pass
160919,22,MissedShots,0.9169999694824219,0.7019999694824218,0.05714830011129379,Harry Kane,a,647,OpenPlay,2017,RightFoot,7249,Leicester,Tottenham,2,1,2017-11-28 19:45:00,Danny Rose,TakeOn
160921,27,BlockedShot,0.710999984741211,0.580999984741211,0.014650999568402767,Harry Kane,a,647,OpenPlay,2017,RightFoot,7249,Leicester,Tottenham,2,1,2017-11-28 19:45:00,Mousa Dembélé,Pass
160924,38,BlockedShot,0.769000015258789,0.3840000152587891,0.025740699842572212,Harry Kane,a,647,OpenPlay,2017,RightFoot,7249,Leicester,Tottenham,2,1,2017-11-28 19:45:00,Eric Dier,Pass
160927,46,MissedShots,0.905,0.23899999618530274,0.03102630004286766,Harry Kane,a,647,OpenPlay,2017,RightFoot,7249,Leicester,Tottenham,2,1,2017-11-28 19:45:00,Christian Eriksen,Pass
160931,64,BlockedShot,0.7780000305175782,0.3509999847412109,0.022925499826669693,Harry Kane,a,647,OpenPlay,2017,RightFoot,7249,Leicester,Tottenham,2,1,2017-11-28 19:45:00,Dele Alli,Pass
160935,78,Goal,0.9019999694824219,0.3770000076293945,0.09252580255270004,Harry Kane,a,647,OpenPlay,2017,RightFoot,7249,Leicester,Tottenham,2,1,2017-11-28 19:45:00,Erik Lamela,Throughball
160804,46,MissedShots,0.7190000152587891,0.6329999923706054,0.03954780101776123,Harry Kane,a,647,DirectFreekick,2017,RightFoot,7264,Watford,Tottenham,1,1,2017-12-02 15:00:00,,Standard
160806,59,BlockedShot,0.7780000305175782,0.6509999847412109,0.051530398428440094,Harry Kane,a,647,OpenPlay,2017,RightFoot,7264,Watford,Tottenham,1,1,2017-12-02 15:00:00,Dele Alli,BallRecovery
179342,36,MissedShots,0.8469999694824218,0.5059999847412109,0.34296900033950806,Harry Kane,h,647,OpenPlay,2017,RightFoot,7270,Tottenham,Stoke,5,1,2017-12-09 15:00:00,Son Heung-Min,Throughball
179344,43,BlockedShot,0.9359999847412109,0.43900001525878907,0.1311360001564026,Harry Kane,h,647,OpenPlay,2017,RightFoot,7270,Tottenham,Stoke,5,1,2017-12-09 15:00:00,Kieran Trippier,Cross
179347,53,Goal,0.9330000305175781,0.4520000076293945,0.21379299461841583,Harry Kane,h,647,FromCorner,2017,Head,7270,Tottenham,Stoke,5,1,2017-12-09 15:00:00,Ben Davies,Aerial
179349,59,MissedShots,0.7709999847412109,0.639000015258789,0.03256849944591522,Harry Kane,h,647,OpenPlay,2017,RightFoot,7270,Tottenham,Stoke,5,1,2017-12-09 15:00:00,Son Heung-Min,Pass
179351,64,Goal,0.825999984741211,0.48200000762939454,0.06609419733285904,Harry Kane,h,647,OpenPlay,2017,LeftFoot,7270,Tottenham,Stoke,5,1,2017-12-09 15:00:00,,None
179352,67,BlockedShot,0.8830000305175781,0.41900001525878905,0.11531800031661987,Harry Kane,h,647,OpenPlay,2017,LeftFoot,7270,Tottenham,Stoke,5,1,2017-12-09 15:00:00,Erik Lamela,Pass
179358,89,SavedShot,0.91,0.41700000762939454,0.4510760009288788,Harry Kane,h,647,OpenPlay,2017,RightFoot,7270,Tottenham,Stoke,5,1,2017-12-09 15:00:00,Erik Lamela,Throughball
183089,20,BlockedShot,0.9369999694824219,0.5840000152587891,0.1208449974656105,Harry Kane,h,647,FromCorner,2017,RightFoot,7288,Tottenham,Brighton,2,0,2017-12-13 20:00:00,,Rebound
183090,20,BlockedShot,0.94,0.5590000152587891,0.1369979977607727,Harry Kane,h,647,FromCorner,2017,RightFoot,7288,Tottenham,Brighton,2,0,2017-12-13 20:00:00,,Rebound
183091,23,MissedShots,0.8969999694824219,0.4759999847412109,0.06770440191030502,Harry Kane,h,647,FromCorner,2017,Head,7288,Tottenham,Brighton,2,0,2017-12-13 20:00:00,Harry Winks,Cross
183093,24,SavedShot,0.765,0.4909999847412109,0.028642799705266953,Harry Kane,h,647,OpenPlay,2017,RightFoot,7288,Tottenham,Brighton,2,0,2017-12-13 20:00:00,Harry Winks,BallRecovery
183094,29,BlockedShot,0.7809999847412109,0.4,0.03057209961116314,Harry Kane,h,647,OpenPlay,2017,RightFoot,7288,Tottenham,Brighton,2,0,2017-12-13 20:00:00,Son Heung-Min,BallTouch
183100,50,SavedShot,0.889000015258789,0.495,0.11319100111722946,Harry Kane,h,647,OpenPlay,2017,LeftFoot,7288,Tottenham,Brighton,2,0,2017-12-13 20:00:00,Moussa Sissoko,None
183104,53,BlockedShot,0.785,0.6329999923706054,0.03484150022268295,Harry Kane,h,647,OpenPlay,2017,RightFoot,7288,Tottenham,Brighton,2,0,2017-12-13 20:00:00,Christian Eriksen,Pass
183110,73,BlockedShot,0.865,0.639000015258789,0.08921760320663452,Harry Kane,h,647,OpenPlay,2017,LeftFoot,7288,Tottenham,Brighton,2,0,2017-12-13 20:00:00,Erik Lamela,Pass
183111,74,SavedShot,0.789000015258789,0.6880000305175781,0.03049740009009838,Harry Kane,h,647,OpenPlay,2017,RightFoot,7288,Tottenham,Brighton,2,0,2017-12-13 20:00:00,,Tackle
183114,84,SavedShot,0.77,0.5790000152587891,0.07632510364055634,Harry Kane,h,647,DirectFreekick,2017,RightFoot,7288,Tottenham,Brighton,2,0,2017-12-13 20:00:00,,Standard
182704,11,MissedShots,0.845,0.4929999923706055,0.022973500192165375,Harry Kane,a,647,OpenPlay,2017,Head,7298,Manchester City,Tottenham,4,1,2017-12-16 17:30:00,Christian Eriksen,Chipped
182712,34,MissedShots,0.8119999694824219,0.6990000152587891,0.023268500342965126,Harry Kane,a,647,OpenPlay,2017,RightFoot,7298,Manchester City,Tottenham,4,1,2017-12-16 17:30:00,Christian Eriksen,Pass
182716,54,SavedShot,0.7380000305175781,0.45799999237060546,0.01932070031762123,Harry Kane,a,647,OpenPlay,2017,RightFoot,7298,Manchester City,Tottenham,4,1,2017-12-16 17:30:00,Kieran Trippier,Pass
182974,6,Goal,0.885,0.5,0.7611690163612366,Harry Kane,a,647,Penalty,2017,RightFoot,7304,Burnley,Tottenham,0,3,2017-12-23 17:30:00,,Standard
182976,10,BlockedShot,0.749000015258789,0.4909999847412109,0.025491800159215927,Harry Kane,a,647,OpenPlay,2017,RightFoot,7304,Burnley,Tottenham,0,3,2017-12-23 17:30:00,Christian Eriksen,TakeOn
182979,16,MissedShots,0.925,0.42200000762939455,0.41398200392723083,Harry Kane,a,647,OpenPlay,2017,RightFoot,7304,Burnley,Tottenham,0,3,2017-12-23 17:30:00,,Rebound
182982,26,MissedShots,0.7969999694824219,0.40400001525878904,0.054313499480485916,Harry Kane,a,647,OpenPlay,2017,RightFoot,7304,Burnley,Tottenham,0,3,2017-12-23 17:30:00,Christian Eriksen,BallRecovery
182984,46,SavedShot,0.9690000152587891,0.42700000762939455,0.14566700160503387,Harry Kane,a,647,OpenPlay,2017,LeftFoot,7304,Burnley,Tottenham,0,3,2017-12-23 17:30:00,Serge Aurier,Pass
182988,58,BlockedShot,0.8680000305175781,0.7019999694824218,0.05315789952874184,Harry Kane,a,647,OpenPlay,2017,RightFoot,7304,Burnley,Tottenham,0,3,2017-12-23 17:30:00,Dele Alli,Pass
182990,68,Goal,0.8719999694824219,0.4620000076293945,0.37352898716926575,Harry Kane,a,647,OpenPlay,2017,RightFoot,7304,Burnley,Tottenham,0,3,2017-12-23 17:30:00,Moussa Sissoko,Throughball
182991,78,Goal,0.8680000305175781,0.6430000305175781,0.11903899908065796,Harry Kane,a,647,OpenPlay,2017,LeftFoot,7304,Burnley,Tottenham,0,3,2017-12-23 17:30:00,Dele Alli,TakeOn
185449,5,MissedShots,0.9630000305175781,0.40299999237060546,0.1328669935464859,Harry Kane,h,647,OpenPlay,2017,LeftFoot,7316,Tottenham,Southampton,5,2,2017-12-26 12:30:00,Christian Eriksen,Pass
185452,21,Goal,0.975999984741211,0.495,0.8189859986305237,Harry Kane,h,647,SetPiece,2017,Head,7316,Tottenham,Southampton,5,2,2017-12-26 12:30:00,Christian Eriksen,Cross
185455,33,BlockedShot,0.7709999847412109,0.75,0.04245949909090996,Harry Kane,h,647,DirectFreekick,2017,RightFoot,7316,Tottenham,Southampton,5,2,2017-12-26 12:30:00,,Standard
185456,36,MissedShots,0.7340000152587891,0.48900001525878906,0.01942400075495243,Harry Kane,h,647,SetPiece,2017,RightFoot,7316,Tottenham,Southampton,5,2,2017-12-26 12:30:00,Christian Eriksen,Pass
185457,38,Goal,0.9519999694824218,0.49400001525878906,0.6739720106124878,Harry Kane,h,647,OpenPlay,2017,LeftFoot,7316,Tottenham,Southampton,5,2,2017-12-26 12:30:00,Son Heung-Min,Pass
185459,45,MissedShots,0.795,0.40400001525878904,0.05752300098538399,Harry Kane,h,647,OpenPlay,2017,RightFoot,7316,Tottenham,Southampton,5,2,2017-12-26 12:30:00,Christian Eriksen,Pass
185466,56,MissedShots,0.9069999694824219,0.34200000762939453,0.10455600172281265,Harry Kane,h,647,OpenPlay,2017,RightFoot,7316,Tottenham,Southampton,5,2,2017-12-26 12:30:00,Danny Rose,Chipped
185468,66,Goal,0.9169999694824219,0.5590000152587891,0.5222110152244568,Harry Kane,h,647,OpenPlay,2017,LeftFoot,7316,Tottenham,Southampton,5,2,2017-12-26 12:30:00,Dele Alli,Throughball
186430,82,BlockedShot,0.8619999694824219,0.47200000762939454,0.1028909981250763,Harry Kane,a,647,OpenPlay,2017,RightFoot,7338,Swansea,Tottenham,0,2,2018-01-02 19:45:00,Dele Alli,CornerAwarded
186521,3,MissedShots,0.970999984741211,0.6,0.09142070263624191,Harry Kane,h,647,OpenPlay,2017,LeftFoot,7326,Tottenham,West Ham,1,1,2018-01-04 20:00:00,,None
186523,14,BlockedShot,0.91,0.40200000762939453,0.11507999897003174,Harry Kane,h,647,OpenPlay,2017,RightFoot,7326,Tottenham,West Ham,1,1,2018-01-04 20:00:00,Serge Aurier,Pass
186525,27,SavedShot,0.805,0.6930000305175781,0.023336799815297127,Harry Kane,h,647,OpenPlay,2017,RightFoot,7326,Tottenham,West Ham,1,1,2018-01-04 20:00:00,Dele Alli,Pass
186533,51,MissedShots,0.7419999694824219,0.715,0.016540899872779846,Harry Kane,h,647,OpenPlay,2017,RightFoot,7326,Tottenham,West Ham,1,1,2018-01-04 20:00:00,Dele Alli,Pass
186539,66,BlockedShot,0.8969999694824219,0.48700000762939455,0.20609299838542938,Harry Kane,h,647,OpenPlay,2017,LeftFoot,7326,Tottenham,West Ham,1,1,2018-01-04 20:00:00,Christian Eriksen,TakeOn
186542,71,SavedShot,0.985999984741211,0.3340000152587891,0.04987160116434097,Harry Kane,h,647,OpenPlay,2017,RightFoot,7326,Tottenham,West Ham,1,1,2018-01-04 20:00:00,,Dispossessed
186543,72,SavedShot,0.8769999694824219,0.740999984741211,0.027777299284934998,Harry Kane,h,647,OpenPlay,2017,LeftFoot,7326,Tottenham,West Ham,1,1,2018-01-04 20:00:00,Jan Vertonghen,Pass
187565,21,SavedShot,0.825999984741211,0.6680000305175782,0.03333330154418945,Harry Kane,h,647,OpenPlay,2017,RightFoot,7346,Tottenham,Everton,4,0,2018-01-13 17:30:00,Mousa Dembélé,Pass
187567,22,SavedShot,0.745999984741211,0.6480000305175782,0.016699200496077538,Harry Kane,h,647,OpenPlay,2017,LeftFoot,7346,Tottenham,Everton,4,0,2018-01-13 17:30:00,Mousa Dembélé,TakeOn
187568,24,SavedShot,0.840999984741211,0.46299999237060546,0.08818720281124115,Harry Kane,h,647,OpenPlay,2017,RightFoot,7346,Tottenham,Everton,4,0,2018-01-13 17:30:00,Dele Alli,Pass
187575,46,Goal,0.9519999694824218,0.5129999923706055,0.664027988910675,Harry Kane,h,647,OpenPlay,2017,RightFoot,7346,Tottenham,Everton,4,0,2018-01-13 17:30:00,Son Heung-Min,Rebound
187578,54,SavedShot,0.749000015258789,0.43900001525878907,0.023402299731969833,Harry Kane,h,647,OpenPlay,2017,RightFoot,7346,Tottenham,Everton,4,0,2018-01-13 17:30:00,,BallRecovery
187581,58,Goal,0.9369999694824219,0.515,0.549813985824585,Harry Kane,h,647,OpenPlay,2017,LeftFoot,7346,Tottenham,Everton,4,0,2018-01-13 17:30:00,Eric Dier,Cross
189360,17,Goal,0.955,0.4879999923706055,0.4911069869995117,Harry Kane,a,647,FromCorner,2017,Head,7355,Southampton,Tottenham,1,1,2018-01-21 16:00:00,Ben Davies,Cross
189371,67,BlockedShot,0.855999984741211,0.34200000762939453,0.05652850121259689,Harry Kane,a,647,OpenPlay,2017,LeftFoot,7355,Southampton,Tottenham,1,1,2018-01-21 16:00:00,Moussa Sissoko,Pass
189379,89,MissedShots,0.9019999694824219,0.6179999923706054,0.10499899834394455,Harry Kane,a,647,OpenPlay,2017,LeftFoot,7355,Southampton,Tottenham,1,1,2018-01-21 16:00:00,Dele Alli,Pass
193550,23,SavedShot,0.9030000305175782,0.40200000762939453,0.12347599864006042,Harry Kane,h,647,OpenPlay,2017,RightFoot,7367,Tottenham,Manchester United,2,0,2018-01-31 20:00:00,Christian Eriksen,Pass
193551,26,BlockedShot,0.735,0.49700000762939456,0.02501639910042286,Harry Kane,h,647,OpenPlay,2017,RightFoot,7367,Tottenham,Manchester United,2,0,2018-01-31 20:00:00,Mousa Dembélé,BallRecovery
193557,45,SavedShot,0.875999984741211,0.4329999923706055,0.28692498803138733,Harry Kane,h,647,SetPiece,2017,LeftFoot,7367,Tottenham,Manchester United,2,0,2018-01-31 20:00:00,Jan Vertonghen,Chipped
193560,54,MissedShots,0.845,0.31,0.07026460021734238,Harry Kane,h,647,OpenPlay,2017,RightFoot,7367,Tottenham,Manchester United,2,0,2018-01-31 20:00:00,Dele Alli,Chipped
193565,66,SavedShot,0.855999984741211,0.46700000762939453,0.1190750002861023,Harry Kane,h,647,OpenPlay,2017,RightFoot,7367,Tottenham,Manchester United,2,0,2018-01-31 20:00:00,Son Heung-Min,Pass
193567,74,MissedShots,0.76,0.5270000076293946,0.01972220093011856,Harry Kane,h,647,OpenPlay,2017,RightFoot,7367,Tottenham,Manchester United,2,0,2018-01-31 20:00:00,Christian Eriksen,TakeOn
193568,75,BlockedShot,0.875999984741211,0.34,0.08359059691429138,Harry Kane,h,647,OpenPlay,2017,RightFoot,7367,Tottenham,Manchester United,2,0,2018-01-31 20:00:00,Christian Eriksen,Pass
193571,87,MissedShots,0.8159999847412109,0.625999984741211,0.11579599976539612,Harry Kane,h,647,DirectFreekick,2017,RightFoot,7367,Tottenham,Manchester United,2,0,2018-01-31 20:00:00,,Standard
193733,27,BlockedShot,0.799000015258789,0.6509999847412109,0.030071599408984184,Harry Kane,a,647,OpenPlay,2017,RightFoot,7375,Liverpool,Tottenham,2,2,2018-02-04 16:30:00,Ben Davies,TakeOn
193739,59,SavedShot,0.92,0.5179999923706055,0.3331499993801117,Harry Kane,a,647,SetPiece,2017,Head,7375,Liverpool,Tottenham,2,2,2018-02-04 16:30:00,Christian Eriksen,Cross
193744,74,MissedShots,0.9719999694824218,0.5420000076293945,0.08691970258951187,Harry Kane,a,647,FromCorner,2017,Head,7375,Liverpool,Tottenham,2,2,2018-02-04 16:30:00,Erik Lamela,Aerial
193746,86,SavedShot,0.885,0.5,0.7611690163612366,Harry Kane,a,647,Penalty,2017,RightFoot,7375,Liverpool,Tottenham,2,2,2018-02-04 16:30:00,,Standard
193748,94,Goal,0.885,0.5,0.7611690163612366,Harry Kane,a,647,Penalty,2017,RightFoot,7375,Liverpool,Tottenham,2,2,2018-02-04 16:30:00,,Standard
194022,26,MissedShots,0.9269999694824219,0.5070000076293946,0.39639899134635925,Harry Kane,h,647,OpenPlay,2017,Head,7387,Tottenham,Arsenal,1,0,2018-02-10 12:30:00,Christian Eriksen,Cross
194026,48,Goal,0.925,0.4640000152587891,0.4016219973564148,Harry Kane,h,647,OpenPlay,2017,Head,7387,Tottenham,Arsenal,1,0,2018-02-10 12:30:00,Ben Davies,Aerial
194027,51,MissedShots,0.899000015258789,0.48200000762939454,0.262800008058548,Harry Kane,h,647,OpenPlay,2017,Head,7387,Tottenham,Arsenal,1,0,2018-02-10 12:30:00,Eric Dier,Cross
194028,53,SavedShot,0.84,0.5359999847412109,0.0650809034705162,Harry Kane,h,647,OpenPlay,2017,RightFoot,7387,Tottenham,Arsenal,1,0,2018-02-10 12:30:00,Kieran Trippier,Chipped
197794,9,SavedShot,0.919000015258789,0.47200000762939454,0.5192639827728271,Harry Kane,a,647,OpenPlay,2017,RightFoot,7397,Crystal Palace,Tottenham,0,1,2018-02-25 00:00:00,,None
197803,47,MissedShots,0.7319999694824219,0.38799999237060545,0.01982329972088337,Harry Kane,a,647,OpenPlay,2017,RightFoot,7397,Crystal Palace,Tottenham,0,1,2018-02-25 00:00:00,Dele Alli,Pass
197805,53,MissedShots,0.9519999694824218,0.5479999923706055,0.5061320066452026,Harry Kane,a,647,OpenPlay,2017,LeftFoot,7397,Crystal Palace,Tottenham,0,1,2018-02-25 00:00:00,Christian Eriksen,Chipped
197809,82,MissedShots,0.9130000305175782,0.285,0.06645070016384125,Harry Kane,a,647,FromCorner,2017,RightFoot,7397,Crystal Palace,Tottenham,0,1,2018-02-25 00:00:00,,TakeOn
197810,85,MissedShots,0.87,0.355,0.0574197992682457,Harry Kane,a,647,OpenPlay,2017,RightFoot,7397,Crystal Palace,Tottenham,0,1,2018-02-25 00:00:00,,None
197811,87,Goal,0.9719999694824218,0.43400001525878906,0.0660967007279396,Harry Kane,a,647,FromCorner,2017,Head,7397,Crystal Palace,Tottenham,0,1,2018-02-25 00:00:00,Christian Eriksen,Aerial
198892,16,SavedShot,0.950999984741211,0.5570000076293945,0.12154500186443329,Harry Kane,h,647,OpenPlay,2017,RightFoot,7407,Tottenham,Huddersfield,2,0,2018-03-03 15:00:00,Son Heung-Min,Cross
198897,37,SavedShot,0.875999984741211,0.36400001525878906,0.09589020162820816,Harry Kane,h,647,OpenPlay,2017,RightFoot,7407,Tottenham,Huddersfield,2,0,2018-03-03 15:00:00,Dele Alli,Pass
198900,47,BlockedShot,0.9290000152587891,0.41900001525878905,0.10016000270843506,Harry Kane,h,647,OpenPlay,2017,LeftFoot,7407,Tottenham,Huddersfield,2,0,2018-03-03 15:00:00,Eric Dier,CornerAwarded
198904,78,MissedShots,0.899000015258789,0.509000015258789,0.07068070024251938,Harry Kane,h,647,FromCorner,2017,RightFoot,7407,Tottenham,Huddersfield,2,0,2018-03-03 15:00:00,Christian Eriksen,Cross
198906,83,BlockedShot,0.875999984741211,0.5640000152587891,0.12142399698495865,Harry Kane,h,647,OpenPlay,2017,RightFoot,7407,Tottenham,Huddersfield,2,0,2018-03-03 15:00:00,Christian Eriksen,Chipped
198907,87,SavedShot,0.8119999694824219,0.6580000305175782,0.05351639911532402,Harry Kane,h,647,OpenPlay,2017,RightFoot,7407,Tottenham,Huddersfield,2,0,2018-03-03 15:00:00,Lucas Moura,Pass
207055,62,Goal,0.9490000152587891,0.544000015258789,0.45870500802993774,Harry Kane,a,647,SetPiece,2017,OtherBodyPart,7446,Stoke,Tottenham,1,2,2018-04-07 14:00:00,Christian Eriksen,Cross
207061,76,BlockedShot,0.8590000152587891,0.624000015258789,0.07485470175743103,Harry Kane,a,647,OpenPlay,2017,RightFoot,7446,Stoke,Tottenham,1,2,2018-04-07 14:00:00,,None
207066,91,BlockedShot,0.875,0.41200000762939454,0.11541099846363068,Harry Kane,a,647,OpenPlay,2017,LeftFoot,7446,Stoke,Tottenham,1,2,2018-04-07 14:00:00,Moussa Sissoko,Pass
209530,30,MissedShots,0.860999984741211,0.5640000152587891,0.09640289843082428,Harry Kane,a,647,OpenPlay,2017,LeftFoot,7462,Brighton,Tottenham,1,1,2018-04-17 18:45:00,Lucas Moura,Pass
209532,47,SavedShot,0.8040000152587891,0.5729999923706055,0.12248300015926361,Harry Kane,a,647,DirectFreekick,2017,RightFoot,7462,Brighton,Tottenham,1,1,2018-04-17 18:45:00,,Standard
209534,47,Goal,0.909000015258789,0.45099998474121095,0.43705201148986816,Harry Kane,a,647,OpenPlay,2017,RightFoot,7462,Brighton,Tottenham,1,1,2018-04-17 18:45:00,Son Heung-Min,Pass
209543,84,MissedShots,0.7090000152587891,0.4520000076293945,0.015555799938738346,Harry Kane,a,647,OpenPlay,2017,RightFoot,7462,Brighton,Tottenham,1,1,2018-04-17 18:45:00,Ben Davies,Pass
212799,3,SavedShot,0.81,0.5309999847412109,0.057577699422836304,Harry Kane,h,647,OpenPlay,2017,LeftFoot,7477,Tottenham,Watford,2,0,2018-04-30 19:00:00,Son Heung-Min,Pass
212800,5,BlockedShot,0.92,0.5320000076293945,0.041111499071121216,Harry Kane,h,647,FromCorner,2017,Head,7477,Tottenham,Watford,2,0,2018-04-30 19:00:00,Kieran Trippier,Aerial
212812,47,Goal,0.9159999847412109,0.4759999847412109,0.5034819841384888,Harry Kane,h,647,OpenPlay,2017,RightFoot,7477,Tottenham,Watford,2,0,2018-04-30 19:00:00,Kieran Trippier,Pass
212818,86,MissedShots,0.765,0.7019999694824218,0.029721800237894058,Harry Kane,h,647,OpenPlay,2017,RightFoot,7477,Tottenham,Watford,2,0,2018-04-30 19:00:00,Victor Wanyama,Pass
213334,6,MissedShots,0.86,0.46299999237060546,0.0557686984539032,Harry Kane,a,647,FromCorner,2017,RightFoot,7483,West Bromwich Albion,Tottenham,1,0,2018-05-05 15:00:00,Christian Eriksen,Pass
213338,29,SavedShot,0.9019999694824219,0.37900001525878907,0.3383600115776062,Harry Kane,a,647,OpenPlay,2017,RightFoot,7483,West Bromwich Albion,Tottenham,1,0,2018-05-05 15:00:00,Kieran Trippier,Throughball
213339,29,MissedShots,0.925,0.46799999237060547,0.12215899676084518,Harry Kane,a,647,FromCorner,2017,RightFoot,7483,West Bromwich Albion,Tottenham,1,0,2018-05-05 15:00:00,Christian Eriksen,Chipped
213346,50,MissedShots,0.9280000305175782,0.5690000152587891,0.049738701432943344,Harry Kane,a,647,OpenPlay,2017,Head,7483,West Bromwich Albion,Tottenham,1,0,2018-05-05 15:00:00,Christian Eriksen,Aerial
214367,31,MissedShots,0.9069999694824219,0.69,0.0526277981698513,Harry Kane,h,647,OpenPlay,2017,LeftFoot,7427,Tottenham,Newcastle United,1,0,2018-05-09 20:00:00,Christian Eriksen,Chipped
214373,49,Goal,0.855,0.49900001525878906,0.10041700303554535,Harry Kane,h,647,OpenPlay,2017,RightFoot,7427,Tottenham,Newcastle United,1,0,2018-05-09 20:00:00,Son Heung-Min,Pass
214380,63,BlockedShot,0.78,0.47,0.050606198608875275,Harry Kane,h,647,OpenPlay,2017,RightFoot,7427,Tottenham,Newcastle United,1,0,2018-05-09 20:00:00,Ben Davies,BallRecovery
215600,6,Goal,0.865,0.655,0.047842200845479965,Harry Kane,h,647,OpenPlay,2017,LeftFoot,7490,Tottenham,Leicester,5,4,2018-05-13 15:00:00,Lucas Moura,BallRecovery
215626,75,Goal,0.850999984741211,0.5940000152587891,0.04113379865884781,Harry Kane,h,647,OpenPlay,2017,RightFoot,7490,Tottenham,Leicester,5,4,2018-05-13 15:00:00,Danny Rose,TakeOn
215628,84,MissedShots,0.805,0.720999984741211,0.06323029845952988,Harry Kane,h,647,DirectFreekick,2017,RightFoot,7490,Tottenham,Leicester,5,4,2018-05-13 15:00:00,,Standard
232845,36,BlockedShot,0.9130000305175782,0.6840000152587891,0.07923620194196701,Harry Kane,a,647,OpenPlay,2018,RightFoot,9198,Newcastle United,Tottenham,1,2,2018-08-11 14:30:00,Ben Davies,Pass
232849,49,MissedShots,0.875,0.445,0.08999259769916534,Harry Kane,a,647,OpenPlay,2018,RightFoot,9198,Newcastle United,Tottenham,1,2,2018-08-11 14:30:00,Christian Eriksen,Cross
233144,13,MissedShots,0.8519999694824218,0.5929999923706055,0.07922069728374481,Harry Kane,h,647,OpenPlay,2018,RightFoot,9209,Tottenham,Fulham,3,1,2018-08-18 17:00:00,Eric Dier,Pass
233167,71,ShotOnPost,0.9369999694824219,0.505,0.5104730129241943,Harry Kane,h,647,OpenPlay,2018,LeftFoot,9209,Tottenham,Fulham,3,1,2018-08-18 17:00:00,Eric Dier,Cross
233169,76,Goal,0.9069999694824219,0.6619999694824219,0.1152539998292923,Harry Kane,h,647,OpenPlay,2018,RightFoot,9209,Tottenham,Fulham,3,1,2018-08-18 17:00:00,Erik Lamela,Pass
233171,82,SavedShot,0.885,0.57,0.4602609872817993,Harry Kane,h,647,OpenPlay,2018,LeftFoot,9209,Tottenham,Fulham,3,1,2018-08-18 17:00:00,Ben Davies,Pass
233356,49,Goal,0.8859999847412109,0.585,0.021641600877046585,Harry Kane,a,647,FromCorner,2018,Head,9226,Manchester United,Tottenham,0,3,2018-08-27 22:00:00,Kieran Trippier,Cross
233363,65,MissedShots,0.9590000152587891,0.435,0.3588060140609741,Harry Kane,a,647,FromCorner,2018,Head,9226,Manchester United,Tottenham,0,3,2018-08-27 22:00:00,Kieran Trippier,Cross
233695,28,BlockedShot,0.9009999847412109,0.5779999923706055,0.014257200062274933,Harry Kane,a,647,FromCorner,2018,Head,9236,Watford,Tottenham,2,1,2018-09-02 15:00:00,Kieran Trippier,Aerial
233710,86,MissedShots,0.9359999847412109,0.5509999847412109,0.32904499769210815,Harry Kane,a,647,OpenPlay,2018,Head,9236,Watford,Tottenham,2,1,2018-09-02 15:00:00,Kieran Trippier,Cross
233930,66,MissedShots,0.955999984741211,0.49700000762939456,0.17830899357795715,Harry Kane,h,647,OpenPlay,2018,RightFoot,9237,Tottenham,Liverpool,1,2,2018-09-15 11:30:00,Christian Eriksen,Rebound
233938,85,SavedShot,0.9619999694824218,0.5540000152587891,0.1930450052022934,Harry Kane,h,647,OpenPlay,2018,Head,9237,Tottenham,Liverpool,1,2,2018-09-15 11:30:00,,None
234026,22,MissedShots,0.9169999694824219,0.5359999847412109,0.0575065016746521,Harry Kane,a,647,OpenPlay,2018,Head,9254,Brighton,Tottenham,1,2,2018-09-22 16:30:00,Danny Rose,Aerial
234029,41,Goal,0.885,0.5,0.761132001876831,Harry Kane,a,647,Penalty,2018,RightFoot,9254,Brighton,Tottenham,1,2,2018-09-22 16:30:00,,Standard
234038,86,SavedShot,0.86,0.5790000152587891,0.06931489706039429,Harry Kane,a,647,OpenPlay,2018,RightFoot,9254,Brighton,Tottenham,1,2,2018-09-22 16:30:00,Christian Eriksen,TakeOn
234040,89,SavedShot,0.870999984741211,0.645,0.08799239993095398,Harry Kane,a,647,OpenPlay,2018,LeftFoot,9254,Brighton,Tottenham,1,2,2018-09-22 16:30:00,Jan Vertonghen,Pass
234042,92,SavedShot,0.9069999694824219,0.3609999847412109,0.27253100275993347,Harry Kane,a,647,OpenPlay,2018,RightFoot,9254,Brighton,Tottenham,1,2,2018-09-22 16:30:00,Eric Dier,Pass
234360,9,SavedShot,0.909000015258789,0.3509999847412109,0.10723800212144852,Harry Kane,a,647,OpenPlay,2018,RightFoot,9261,Huddersfield,Tottenham,0,2,2018-09-29 14:00:00,,None
234362,24,Goal,0.9219999694824219,0.524000015258789,0.4390470087528229,Harry Kane,a,647,OpenPlay,2018,Head,9261,Huddersfield,Tottenham,0,2,2018-09-29 14:00:00,Kieran Trippier,Aerial
234364,33,Goal,0.885,0.5,0.7611690163612366,Harry Kane,a,647,Penalty,2018,RightFoot,9261,Huddersfield,Tottenham,0,2,2018-09-29 14:00:00,,Standard
249022,28,SavedShot,0.7630000305175781,0.6519999694824219,0.02548990026116371,Harry Kane,h,647,OpenPlay,2018,LeftFoot,9269,Tottenham,Cardiff,1,0,2018-10-06 14:00:00,Lucas Moura,Pass
249023,31,BlockedShot,0.905,0.345,0.12758800387382507,Harry Kane,h,647,OpenPlay,2018,RightFoot,9269,Tottenham,Cardiff,1,0,2018-10-06 14:00:00,Lucas Moura,Pass
249028,45,SavedShot,0.8880000305175781,0.565,0.03668719902634621,Harry Kane,h,647,OpenPlay,2018,Head,9269,Tottenham,Cardiff,1,0,2018-10-06 14:00:00,Danny Rose,Aerial
249030,47,BlockedShot,0.805,0.6040000152587891,0.04431549832224846,Harry Kane,h,647,OpenPlay,2018,RightFoot,9269,Tottenham,Cardiff,1,0,2018-10-06 14:00:00,Moussa Sissoko,Pass
249032,53,BlockedShot,0.855999984741211,0.3509999847412109,0.066566601395607,Harry Kane,h,647,OpenPlay,2018,LeftFoot,9269,Tottenham,Cardiff,1,0,2018-10-06 14:00:00,,None
249033,55,MissedShots,0.8190000152587891,0.524000015258789,0.07395730167627335,Harry Kane,h,647,OpenPlay,2018,RightFoot,9269,Tottenham,Cardiff,1,0,2018-10-06 14:00:00,Son Heung-Min,Pass
249267,23,BlockedShot,0.785,0.2989999961853027,0.021740999072790146,Harry Kane,a,647,OpenPlay,2018,RightFoot,9279,West Ham,Tottenham,0,1,2018-10-20 14:00:00,Lucas Moura,Pass
249269,26,BlockedShot,0.8919999694824219,0.645,0.08107929676771164,Harry Kane,a,647,OpenPlay,2018,LeftFoot,9279,West Ham,Tottenham,0,1,2018-10-20 14:00:00,Lucas Moura,Pass
249723,8,MissedShots,0.750999984741211,0.37,0.03759099915623665,Harry Kane,h,647,OpenPlay,2018,RightFoot,9296,Tottenham,Manchester City,0,1,2018-10-29 19:00:00,Erik Lamela,Pass
249898,19,SavedShot,0.909000015258789,0.6930000305175781,0.05350479856133461,Harry Kane,a,647,OpenPlay,2018,LeftFoot,9304,Wolverhampton Wanderers,Tottenham,2,3,2018-11-03 19:45:00,Lucas Moura,Pass
249902,32,SavedShot,0.7290000152587891,0.5070000076293946,0.02073659934103489,Harry Kane,a,647,OpenPlay,2018,RightFoot,9304,Wolverhampton Wanderers,Tottenham,2,3,2018-11-03 19:45:00,Lucas Moura,Pass
249907,43,BlockedShot,0.9030000305175782,0.6759999847412109,0.09541729837656021,Harry Kane,a,647,OpenPlay,2018,RightFoot,9304,Wolverhampton Wanderers,Tottenham,2,3,2018-11-03 19:45:00,Erik Lamela,Pass
249913,57,MissedShots,0.855,0.25299999237060544,0.04401969909667969,Harry Kane,a,647,OpenPlay,2018,RightFoot,9304,Wolverhampton Wanderers,Tottenham,2,3,2018-11-03 19:45:00,Erik Lamela,Pass
249914,60,SavedShot,0.9219999694824219,0.475,0.5858489871025085,Harry Kane,a,647,OpenPlay,2018,RightFoot,9304,Wolverhampton Wanderers,Tottenham,2,3,2018-11-03 19:45:00,,None
249915,61,Goal,0.9669999694824218,0.5709999847412109,0.601809024810791,Harry Kane,a,647,OpenPlay,2018,LeftFoot,9304,Wolverhampton Wanderers,Tottenham,2,3,2018-11-03 19:45:00,,Rebound
249916,65,SavedShot,0.8119999694824219,0.6880000305175781,0.04273670166730881,Harry Kane,a,647,OpenPlay,2018,RightFoot,9304,Wolverhampton Wanderers,Tottenham,2,3,2018-11-03 19:45:00,Lucas Moura,Pass
249918,68,SavedShot,0.7819999694824219,0.43599998474121093,0.049155399203300476,Harry Kane,a,647,OpenPlay,2018,RightFoot,9304,Wolverhampton Wanderers,Tottenham,2,3,2018-11-03 19:45:00,Lucas Moura,Pass
250142,29,SavedShot,0.735,0.415,0.013224299997091293,Harry Kane,a,647,OpenPlay,2018,RightFoot,9312,Crystal Palace,Tottenham,0,1,2018-11-10 17:30:00,,TakeOn
250148,56,MissedShots,0.9169999694824219,0.4209999847412109,0.02233869954943657,Harry Kane,a,647,FromCorner,2018,Head,9312,Crystal Palace,Tottenham,0,1,2018-11-10 17:30:00,Ben Davies,Aerial
250149,65,BlockedShot,0.9269999694824219,0.5129999923706055,0.11302699893712997,Harry Kane,a,647,FromCorner,2018,Head,9312,Crystal Palace,Tottenham,0,1,2018-11-10 17:30:00,Erik Lamela,Cross
250386,3,SavedShot,0.9269999694824219,0.54,0.06186249852180481,Harry Kane,h,647,SetPiece,2018,Head,9323,Tottenham,Chelsea,3,1,2018-11-24 17:30:00,Serge Aurier,Aerial
250392,15,Goal,0.735999984741211,0.6969999694824218,0.022052500396966934,Harry Kane,h,647,OpenPlay,2018,RightFoot,9323,Tottenham,Chelsea,3,1,2018-11-24 17:30:00,Christian Eriksen,Pass
250395,28,BlockedShot,0.8109999847412109,0.45,0.0791947990655899,Harry Kane,h,647,OpenPlay,2018,RightFoot,9323,Tottenham,Chelsea,3,1,2018-11-24 17:30:00,Son Heung-Min,Pass
250408,67,MissedShots,0.9330000305175781,0.4570000076293945,0.5868819952011108,Harry Kane,h,647,OpenPlay,2018,RightFoot,9323,Tottenham,Chelsea,3,1,2018-11-24 17:30:00,Moussa Sissoko,Pass
250411,82,SavedShot,0.8219999694824218,0.5670000076293945,0.08715210109949112,Harry Kane,h,647,OpenPlay,2018,LeftFoot,9323,Tottenham,Chelsea,3,1,2018-11-24 17:30:00,Eric Dier,TakeOn
250712,33,Goal,0.885,0.5,0.7611690163612366,Harry Kane,a,647,Penalty,2018,RightFoot,9336,Arsenal,Tottenham,4,2,2018-12-02 14:05:00,,Standard
250716,45,MissedShots,0.7759999847412109,0.425,0.04209750145673752,Harry Kane,a,647,OpenPlay,2018,LeftFoot,9336,Arsenal,Tottenham,4,2,2018-12-02 14:05:00,,Dispossessed
250717,49,SavedShot,0.7909999847412109,0.7869999694824219,0.04160109907388687,Harry Kane,a,647,DirectFreekick,2018,RightFoot,9336,Arsenal,Tottenham,4,2,2018-12-02 14:05:00,,Standard
250977,8,Goal,0.975999984741211,0.54,0.5657600164413452,Harry Kane,h,647,FromCorner,2018,RightFoot,9346,Tottenham,Southampton,3,1,2018-12-05 20:00:00,Christian Eriksen,Cross
250981,28,SavedShot,0.8540000152587891,0.639000015258789,0.08083769679069519,Harry Kane,h,647,OpenPlay,2018,RightFoot,9346,Tottenham,Southampton,3,1,2018-12-05 20:00:00,Son Heung-Min,Pass
251001,84,BlockedShot,0.9769999694824218,0.6530000305175782,0.11433099955320358,Harry Kane,h,647,OpenPlay,2018,LeftFoot,9346,Tottenham,Southampton,3,1,2018-12-05 20:00:00,Dele Alli,Pass
251314,8,BlockedShot,0.8009999847412109,0.695,0.035428501665592194,Harry Kane,h,647,FromCorner,2018,RightFoot,9359,Tottenham,Burnley,1,0,2018-12-15 15:00:00,Danny Rose,Pass
251322,44,BlockedShot,0.865999984741211,0.315,0.04565799981355667,Harry Kane,h,647,OpenPlay,2018,RightFoot,9359,Tottenham,Burnley,1,0,2018-12-15 15:00:00,Moussa Sissoko,Pass
251696,11,MissedShots,0.8819999694824219,0.32799999237060545,0.28853198885917664,Harry Kane,a,647,OpenPlay,2018,RightFoot,9372,Everton,Tottenham,2,6,2018-12-23 16:00:00,Kieran Trippier,Chipped
251698,19,MissedShots,0.7240000152587891,0.5070000076293946,0.048435699194669724,Harry Kane,a,647,DirectFreekick,2018,RightFoot,9372,Everton,Tottenham,2,6,2018-12-23 16:00:00,,Standard
251700,22,MissedShots,0.7819999694824219,0.3320000076293945,0.022433599457144737,Harry Kane,a,647,OpenPlay,2018,LeftFoot,9372,Everton,Tottenham,2,6,2018-12-23 16:00:00,Harry Winks,Pass
251704,30,MissedShots,0.91,0.6759999847412109,0.07189829647541046,Harry Kane,a,647,OpenPlay,2018,RightFoot,9372,Everton,Tottenham,2,6,2018-12-23 16:00:00,Dele Alli,Pass
251709,41,Goal,0.9130000305175782,0.47200000762939454,0.5024530291557312,Harry Kane,a,647,SetPiece,2018,RightFoot,9372,Everton,Tottenham,2,6,2018-12-23 16:00:00,,Rebound
251713,73,Goal,0.8830000305175781,0.5629999923706055,0.31492000818252563,Harry Kane,a,647,OpenPlay,2018,RightFoot,9372,Everton,Tottenham,2,6,2018-12-23 16:00:00,Son Heung-Min,Cross
251715,79,BlockedShot,0.785,0.6530000305175782,0.042302798479795456,Harry Kane,a,647,OpenPlay,2018,RightFoot,9372,Everton,Tottenham,2,6,2018-12-23 16:00:00,Erik Lamela,Pass
251719,89,MissedShots,0.8530000305175781,0.29100000381469726,0.06902790069580078,Harry Kane,a,647,OpenPlay,2018,RightFoot,9372,Everton,Tottenham,2,6,2018-12-23 16:00:00,Lucas Moura,Chipped
251757,57,SavedShot,0.7390000152587891,0.5729999923706055,0.05404549837112427,Harry Kane,h,647,DirectFreekick,2018,RightFoot,9378,Tottenham,Bournemouth,5,0,2018-12-26 15:00:00,,Standard
251758,60,Goal,0.9119999694824219,0.629000015258789,0.424888014793396,Harry Kane,h,647,OpenPlay,2018,LeftFoot,9378,Tottenham,Bournemouth,5,0,2018-12-26 15:00:00,Christian Eriksen,Throughball
263566,21,Goal,0.7819999694824219,0.28200000762939453,0.02218499965965748,Harry Kane,h,647,OpenPlay,2018,LeftFoot,9388,Tottenham,Wolverhampton Wanderers,1,3,2018-12-29 15:00:00,Son Heung-Min,Pass
274166,2,Goal,0.9230000305175782,0.500999984741211,0.11066599935293198,Harry Kane,a,647,OpenPlay,2018,RightFoot,9404,Cardiff,Tottenham,0,3,2019-01-01 17:30:00,,None
274172,61,MissedShots,0.855999984741211,0.27700000762939453,0.09358959645032883,Harry Kane,a,647,OpenPlay,2018,RightFoot,9404,Cardiff,Tottenham,0,3,2019-01-01 17:30:00,Dele Alli,Pass
274173,63,MissedShots,0.8590000152587891,0.45799999237060546,0.0914096012711525,Harry Kane,a,647,OpenPlay,2018,RightFoot,9404,Cardiff,Tottenham,0,3,2019-01-01 17:30:00,,None
274174,63,BlockedShot,0.8980000305175782,0.4129999923706055,0.10324499756097794,Harry Kane,a,647,OpenPlay,2018,RightFoot,9404,Cardiff,Tottenham,0,3,2019-01-01 17:30:00,,Rebound
274176,66,BlockedShot,0.8430000305175781,0.5629999923706055,0.0531310997903347,Harry Kane,a,647,FromCorner,2018,RightFoot,9404,Cardiff,Tottenham,0,3,2019-01-01 17:30:00,Danny Rose,Pass
274183,91,MissedShots,0.82,0.44,0.0588672012090683,Harry Kane,a,647,OpenPlay,2018,LeftFoot,9404,Cardiff,Tottenham,0,3,2019-01-01 17:30:00,,None
274564,24,BlockedShot,0.8859999847412109,0.48700000762939455,0.05822540074586868,Harry Kane,h,647,FromCorner,2018,RightFoot,9408,Tottenham,Manchester United,0,1,2019-01-13 16:30:00,Kieran Trippier,Cross
274567,28,BlockedShot,0.8059999847412109,0.7240000152587891,0.023006699979305267,Harry Kane,h,647,OpenPlay,2018,RightFoot,9408,Tottenham,Manchester United,0,1,2019-01-13 16:30:00,Christian Eriksen,Pass
274572,48,SavedShot,0.9,0.37099998474121093,0.08041010051965714,Harry Kane,h,647,OpenPlay,2018,RightFoot,9408,Tottenham,Manchester United,0,1,2019-01-13 16:30:00,Dele Alli,Pass
274578,58,SavedShot,0.9390000152587891,0.49599998474121093,0.12743499875068665,Harry Kane,h,647,FromCorner,2018,Head,9408,Tottenham,Manchester United,0,1,2019-01-13 16:30:00,Christian Eriksen,Cross
274585,70,SavedShot,0.7440000152587891,0.6120000076293945,0.05289430171251297,Harry Kane,h,647,DirectFreekick,2018,RightFoot,9408,Tottenham,Manchester United,0,1,2019-01-13 16:30:00,,Standard
274588,78,MissedShots,0.8130000305175781,0.6719999694824219,0.032726701349020004,Harry Kane,h,647,OpenPlay,2018,LeftFoot,9408,Tottenham,Manchester United,0,1,2019-01-13 16:30:00,Erik Lamela,Pass
274589,85,SavedShot,0.8690000152587891,0.5879999923706055,0.048959601670503616,Harry Kane,h,647,OpenPlay,2018,LeftFoot,9408,Tottenham,Manchester United,0,1,2019-01-13 16:30:00,Fernando Llorente,HeadPass
275716,15,MissedShots,0.8219999694824218,0.5270000076293946,0.06870699673891068,Harry Kane,a,647,OpenPlay,2018,LeftFoot,9464,Burnley,Tottenham,2,1,2019-02-23 12:30:00,Serge Aurier,Pass
275722,38,SavedShot,0.8769999694824219,0.56,0.03478899970650673,Harry Kane,a,647,OpenPlay,2018,Head,9464,Burnley,Tottenham,2,1,2019-02-23 12:30:00,Moussa Sissoko,Cross
275725,49,SavedShot,0.7280000305175781,0.26399999618530273,0.016734300181269646,Harry Kane,a,647,OpenPlay,2018,RightFoot,9464,Burnley,Tottenham,2,1,2019-02-23 12:30:00,Harry Winks,Pass
275729,64,Goal,0.9540000152587891,0.6120000076293945,0.24962399899959564,Harry Kane,a,647,OpenPlay,2018,RightFoot,9464,Burnley,Tottenham,2,1,2019-02-23 12:30:00,Danny Rose,Pass
276066,5,BlockedShot,0.7340000152587891,0.5029999923706054,0.017326999455690384,Harry Kane,a,647,OpenPlay,2018,RightFoot,9474,Chelsea,Tottenham,2,0,2019-02-27 20:00:00,Erik Lamela,Pass
276073,41,BlockedShot,0.855,0.710999984741211,0.02707419916987419,Harry Kane,a,647,SetPiece,2018,LeftFoot,9474,Chelsea,Tottenham,2,0,2019-02-27 20:00:00,Harry Winks,Pass
276080,64,MissedShots,0.9290000152587891,0.534000015258789,0.5294989943504333,Harry Kane,a,647,OpenPlay,2018,LeftFoot,9474,Chelsea,Tottenham,2,0,2019-02-27 20:00:00,Ben Davies,Pass
276132,73,Goal,0.885,0.5,0.7611690163612366,Harry Kane,h,647,Penalty,2018,RightFoot,9480,Tottenham,Arsenal,1,1,2019-03-02 12:30:00,,Standard
284505,2,MissedShots,0.8109999847412109,0.6459999847412109,0.04433460161089897,Harry Kane,a,647,OpenPlay,2018,RightFoot,9487,Southampton,Tottenham,2,1,2019-03-09 15:00:00,Dele Alli,HeadPass
284506,3,MissedShots,0.755,0.3729999923706055,0.02060540020465851,Harry Kane,a,647,OpenPlay,2018,RightFoot,9487,Southampton,Tottenham,2,1,2019-03-09 15:00:00,Christian Eriksen,Chipped
284507,15,MissedShots,0.88,0.12600000381469725,0.014726599678397179,Harry Kane,a,647,OpenPlay,2018,LeftFoot,9487,Southampton,Tottenham,2,1,2019-03-09 15:00:00,Davinson Sánchez,TakeOn
284512,25,Goal,0.9569999694824218,0.39599998474121095,0.41761401295661926,Harry Kane,a,647,OpenPlay,2018,RightFoot,9487,Southampton,Tottenham,2,1,2019-03-09 15:00:00,Dele Alli,Chipped
284516,40,MissedShots,0.8819999694824219,0.54,0.07632560282945633,Harry Kane,a,647,OpenPlay,2018,Head,9487,Southampton,Tottenham,2,1,2019-03-09 15:00:00,Danny Rose,Cross
284520,50,SavedShot,0.8859999847412109,0.735999984741211,0.03919389843940735,Harry Kane,a,647,OpenPlay,2018,RightFoot,9487,Southampton,Tottenham,2,1,2019-03-09 15:00:00,Christian Eriksen,TakeOn
284522,54,BlockedShot,0.8019999694824219,0.3940000152587891,0.05119569972157478,Harry Kane,a,647,OpenPlay,2018,RightFoot,9487,Southampton,Tottenham,2,1,2019-03-09 15:00:00,Dele Alli,Pass
284527,67,MissedShots,0.8830000305175781,0.415,0.3718250095844269,Harry Kane,a,647,OpenPlay,2018,LeftFoot,9487,Southampton,Tottenham,2,1,2019-03-09 15:00:00,Christian Eriksen,Pass
288240,33,BlockedShot,0.8719999694824219,0.33799999237060546,0.04786580055952072,Harry Kane,a,647,OpenPlay,2018,RightFoot,9510,Liverpool,Tottenham,2,1,2019-03-31 15:30:00,Christian Eriksen,BallRecovery
288246,55,SavedShot,0.8830000305175781,0.6930000305175781,0.04212779924273491,Harry Kane,a,647,OpenPlay,2018,LeftFoot,9510,Liverpool,Tottenham,2,1,2019-03-31 15:30:00,,None
291339,18,MissedShots,0.85,0.27700000762939453,0.10457699745893478,Harry Kane,h,647,OpenPlay,2018,RightFoot,9500,Tottenham,Crystal Palace,2,0,2019-04-03 19:45:00,Kieran Trippier,Throughball
291341,27,BlockedShot,0.7930000305175782,0.6170000076293946,0.09038270264863968,Harry Kane,h,647,DirectFreekick,2018,RightFoot,9500,Tottenham,Crystal Palace,2,0,2019-04-03 19:45:00,,Standard
291343,34,SavedShot,0.889000015258789,0.5420000076293945,0.031446799635887146,Harry Kane,h,647,OpenPlay,2018,Head,9500,Tottenham,Crystal Palace,2,0,2019-04-03 19:45:00,Christian Eriksen,Aerial
291349,43,MissedShots,0.9080000305175782,0.46700000762939453,0.025509100407361984,Harry Kane,h,647,FromCorner,2018,Head,9500,Tottenham,Crystal Palace,2,0,2019-04-03 19:45:00,Danny Rose,Aerial
291353,51,BlockedShot,0.8859999847412109,0.44799999237060545,0.11824300140142441,Harry Kane,h,647,OpenPlay,2018,LeftFoot,9500,Tottenham,Crystal Palace,2,0,2019-04-03 19:45:00,Kieran Trippier,TakeOn
291356,65,MissedShots,0.855999984741211,0.6329999923706054,0.38316699862480164,Harry Kane,h,647,OpenPlay,2018,RightFoot,9500,Tottenham,Crystal Palace,2,0,2019-04-03 19:45:00,Dele Alli,BallRecovery
291364,93,SavedShot,0.9369999694824219,0.575999984741211,0.07631050050258636,Harry Kane,h,647,OpenPlay,2018,Head,9500,Tottenham,Crystal Palace,2,0,2019-04-03 19:45:00,,Aerial
310038,33,MissedShots,0.855,0.715,0.036288898438215256,Harry Kane,h,647,OpenPlay,2019,LeftFoot,11649,Tottenham,Aston Villa,3,1,2019-08-10 17:30:00,Davinson Sánchez,Pass
310043,44,MissedShots,0.9519999694824218,0.5320000076293945,0.10622099786996841,Harry Kane,h,647,OpenPlay,2019,Head,11649,Tottenham,Aston Villa,3,1,2019-08-10 17:30:00,,Aerial
310046,52,MissedShots,0.8859999847412109,0.5659999847412109,0.018593700602650642,Harry Kane,h,647,OpenPlay,2019,Head,11649,Tottenham,Aston Villa,3,1,2019-08-10 17:30:00,Harry Winks,Aerial
310047,54,BlockedShot,0.815,0.645,0.03636020049452782,Harry Kane,h,647,OpenPlay,2019,LeftFoot,11649,Tottenham,Aston Villa,3,1,2019-08-10 17:30:00,Erik Lamela,Pass
310051,64,BlockedShot,0.89,0.6519999694824219,0.05484360083937645,Harry Kane,h,647,OpenPlay,2019,RightFoot,11649,Tottenham,Aston Villa,3,1,2019-08-10 17:30:00,Danny Rose,BlockedPass
310058,73,BlockedShot,0.88,0.4520000076293945,0.11108499765396118,Harry Kane,h,647,OpenPlay,2019,RightFoot,11649,Tottenham,Aston Villa,3,1,2019-08-10 17:30:00,Christian Eriksen,Pass
310064,85,Goal,0.9019999694824219,0.5529999923706055,0.38217100501060486,Harry Kane,h,647,OpenPlay,2019,LeftFoot,11649,Tottenham,Aston Villa,3,1,2019-08-10 17:30:00,,Rebound
310067,89,Goal,0.8290000152587891,0.56,0.08711989969015121,Harry Kane,h,647,OpenPlay,2019,RightFoot,11649,Tottenham,Aston Villa,3,1,2019-08-10 17:30:00,Moussa Sissoko,Pass
310788,57,MissedShots,0.38,0.53,0.006219570059329271,Harry Kane,a,647,OpenPlay,2019,RightFoot,11659,Manchester City,Tottenham,2,2,2019-08-17 17:30:00,Christian Eriksen,Pass
313135,93,MissedShots,0.9230000305175782,0.4209999847412109,0.4421420097351074,Harry Kane,h,647,OpenPlay,2019,RightFoot,11672,Tottenham,Newcastle United,0,1,2019-08-25 16:30:00,Moussa Sissoko,Pass
316409,35,SavedShot,0.7830000305175782,0.685,0.043673399835824966,Harry Kane,a,647,OpenPlay,2019,RightFoot,11682,Arsenal,Tottenham,2,2,2019-09-01 16:30:00,Harry Winks,TakeOn
316411,39,Goal,0.885,0.5,0.7611690163612366,Harry Kane,a,647,Penalty,2019,RightFoot,11682,Arsenal,Tottenham,2,2,2019-09-01 16:30:00,,Standard
316423,58,ShotOnPost,0.92,0.295,0.06795419752597809,Harry Kane,a,647,OpenPlay,2019,RightFoot,11682,Arsenal,Tottenham,2,2,2019-09-01 16:30:00,Christian Eriksen,Pass
317356,17,MissedShots,0.745,0.500999984741211,0.030080199241638184,Harry Kane,h,647,OpenPlay,2019,RightFoot,11687,Tottenham,Crystal Palace,4,0,2019-09-14 14:00:00,Christian Eriksen,Pass
320201,2,SavedShot,0.705,0.655,0.017155999317765236,Harry Kane,a,647,OpenPlay,2019,RightFoot,11694,Leicester,Tottenham,2,1,2019-09-21 11:30:00,Tanguy NDombele Alvaro,Pass
320207,28,Goal,0.9159999847412109,0.4470000076293945,0.47894400358200073,Harry Kane,a,647,OpenPlay,2019,RightFoot,11694,Leicester,Tottenham,2,1,2019-09-21 11:30:00,Son Heung-Min,Pass
320208,30,MissedShots,0.8619999694824219,0.33599998474121096,0.07281050086021423,Harry Kane,a,647,OpenPlay,2019,RightFoot,11694,Leicester,Tottenham,2,1,2019-09-21 11:30:00,Erik Lamela,Pass
320212,40,SavedShot,0.9030000305175782,0.39599998474121095,0.12456600368022919,Harry Kane,a,647,OpenPlay,2019,LeftFoot,11694,Leicester,Tottenham,2,1,2019-09-21 11:30:00,Erik Lamela,Pass
320216,55,BlockedShot,0.895,0.2670000076293945,0.05065159872174263,Harry Kane,a,647,OpenPlay,2019,RightFoot,11694,Leicester,Tottenham,2,1,2019-09-21 11:30:00,Serge Aurier,Pass
320224,82,SavedShot,0.8519999694824218,0.585,0.08682630211114883,Harry Kane,a,647,OpenPlay,2019,LeftFoot,11694,Leicester,Tottenham,2,1,2019-09-21 11:30:00,Son Heung-Min,Pass
322686,36,MissedShots,0.53,0.43599998474121093,0.00821640994399786,Harry Kane,h,647,OpenPlay,2019,RightFoot,11704,Tottenham,Southampton,2,1,2019-09-28 14:00:00,Tanguy NDombele Alvaro,BallRecovery
322690,42,Goal,0.88,0.5459999847412109,0.49344998598098755,Harry Kane,h,647,OpenPlay,2019,RightFoot,11704,Tottenham,Southampton,2,1,2019-09-28 14:00:00,Christian Eriksen,Pass
322695,83,MissedShots,0.9009999847412109,0.72,0.08112780004739761,Harry Kane,h,647,OpenPlay,2019,LeftFoot,11704,Tottenham,Southampton,2,1,2019-09-28 14:00:00,Erik Lamela,TakeOn
323908,70,MissedShots,0.889000015258789,0.36400001525878906,0.08320789784193039,Harry Kane,a,647,OpenPlay,2019,LeftFoot,11713,Brighton,Tottenham,3,0,2019-10-05 12:30:00,Erik Lamela,Pass
325622,51,BlockedShot,0.7580000305175781,0.2929999923706055,0.014121999964118004,Harry Kane,h,647,OpenPlay,2019,LeftFoot,11731,Tottenham,Watford,1,1,2019-10-19 15:00:00,,None
325628,75,BlockedShot,0.884000015258789,0.3039999961853027,0.022936400026082993,Harry Kane,h,647,FromCorner,2019,RightFoot,11731,Tottenham,Watford,1,1,2019-10-19 15:00:00,Erik Lamela,Chipped
325632,92,BlockedShot,0.8169999694824219,0.4329999923706055,0.04928629845380783,Harry Kane,h,647,OpenPlay,2019,RightFoot,11731,Tottenham,Watford,1,1,2019-10-19 15:00:00,,None
328002,0,Goal,0.9269999694824219,0.48200000762939454,0.6098740100860596,Harry Kane,a,647,OpenPlay,2019,Head,11736,Liverpool,Tottenham,2,1,2019-10-27 16:30:00,,Rebound
330631,14,MissedShots,0.9530000305175781,0.43900001525878907,0.44863298535346985,Harry Kane,h,647,OpenPlay,2019,RightFoot,11759,Tottenham,Sheffield United,1,1,2019-11-09 15:00:00,Serge Aurier,Cross
330657,93,MissedShots,0.925,0.51,0.05295589938759804,Harry Kane,h,647,FromCorner,2019,Head,11759,Tottenham,Sheffield United,1,1,2019-11-09 15:00:00,Son Heung-Min,Aerial
331925,48,Goal,0.9259999847412109,0.529000015258789,0.40605899691581726,Harry Kane,a,647,OpenPlay,2019,Head,11772,West Ham,Tottenham,2,3,2019-11-23 12:30:00,Serge Aurier,Aerial
331931,80,SavedShot,0.6969999694824218,0.6719999694824219,0.030860399827361107,Harry Kane,a,647,DirectFreekick,2019,RightFoot,11772,West Ham,Tottenham,2,3,2019-11-23 12:30:00,,Standard
333675,22,MissedShots,0.8930000305175781,0.4179999923706055,0.03741059824824333,Harry Kane,h,647,OpenPlay,2019,Head,11779,Tottenham,Bournemouth,3,2,2019-11-30 15:00:00,,Aerial
333676,22,BlockedShot,0.7859999847412109,0.37,0.04002320021390915,Harry Kane,h,647,OpenPlay,2019,RightFoot,11779,Tottenham,Bournemouth,3,2,2019-11-30 15:00:00,,BallRecovery
333677,24,SavedShot,0.9590000152587891,0.6619999694824219,0.32847899198532104,Harry Kane,h,647,OpenPlay,2019,LeftFoot,11779,Tottenham,Bournemouth,3,2,2019-11-30 15:00:00,Son Heung-Min,Throughball
333682,36,MissedShots,0.8109999847412109,0.6730000305175782,0.05784690007567406,Harry Kane,h,647,OpenPlay,2019,LeftFoot,11779,Tottenham,Bournemouth,3,2,2019-11-30 15:00:00,Dele Alli,TakeOn
335109,11,MissedShots,0.7469999694824219,0.39799999237060546,0.05583899840712547,Harry Kane,a,647,DirectFreekick,2019,RightFoot,11788,Manchester United,Tottenham,2,1,2019-12-04 19:30:00,,Standard
335121,53,BlockedShot,0.805,0.3870000076293945,0.03951859846711159,Harry Kane,a,647,OpenPlay,2019,LeftFoot,11788,Manchester United,Tottenham,2,1,2019-12-04 19:30:00,Dele Alli,Pass
335697,4,Goal,0.7480000305175781,0.639000015258789,0.016630899161100388,Harry Kane,h,647,OpenPlay,2019,RightFoot,11800,Tottenham,Burnley,5,0,2019-12-07 15:00:00,Son Heung-Min,Pass
335698,5,BlockedShot,0.815,0.3240000152587891,0.02457449957728386,Harry Kane,h,647,OpenPlay,2019,RightFoot,11800,Tottenham,Burnley,5,0,2019-12-07 15:00:00,Eric Dier,HeadPass
335707,33,MissedShots,0.8959999847412109,0.45799999237060546,0.026371000334620476,Harry Kane,h,647,SetPiece,2019,Head,11800,Tottenham,Burnley,5,0,2019-12-07 15:00:00,Son Heung-Min,Aerial
335710,53,Goal,0.8480000305175781,0.5940000152587891,0.07628849893808365,Harry Kane,h,647,OpenPlay,2019,RightFoot,11800,Tottenham,Burnley,5,0,2019-12-07 15:00:00,Dele Alli,Dispossessed
335712,59,BlockedShot,0.7869999694824219,0.5220000076293946,0.05703889951109886,Harry Kane,h,647,OpenPlay,2019,RightFoot,11800,Tottenham,Burnley,5,0,2019-12-07 15:00:00,Lucas Moura,Pass
335715,83,MissedShots,0.514000015258789,0.6020000076293945,0.008882969617843628,Harry Kane,h,647,OpenPlay,2019,RightFoot,11800,Tottenham,Burnley,5,0,2019-12-07 15:00:00,,Dispossessed
337504,76,SavedShot,0.9069999694824219,0.5179999923706055,0.054788701236248016,Harry Kane,a,647,OpenPlay,2019,Head,11812,Wolverhampton Wanderers,Tottenham,1,2,2019-12-15 14:00:00,Lucas Moura,Aerial
337506,78,MissedShots,0.855,0.6819999694824219,0.04519620165228844,Harry Kane,a,647,OpenPlay,2019,RightFoot,11812,Wolverhampton Wanderers,Tottenham,1,2,2019-12-15 14:00:00,Lucas Moura,Pass
339346,27,MissedShots,0.8819999694824219,0.43,0.09349469840526581,Harry Kane,h,647,OpenPlay,2019,RightFoot,11820,Tottenham,Chelsea,0,2,2019-12-22 16:30:00,Moussa Sissoko,Pass
339356,96,SavedShot,0.8580000305175781,0.5929999923706055,0.08071199804544449,Harry Kane,h,647,OpenPlay,2019,LeftFoot,11820,Tottenham,Chelsea,0,2,2019-12-22 16:30:00,Tanguy NDombele Alvaro,Pass
339485,31,BlockedShot,0.77,0.27600000381469725,0.04682929813861847,Harry Kane,h,647,DirectFreekick,2019,RightFoot,11831,Tottenham,Brighton,2,1,2019-12-26 12:30:00,,Standard
339491,52,SavedShot,0.8819999694824219,0.639000015258789,0.07614859938621521,Harry Kane,h,647,OpenPlay,2019,LeftFoot,11831,Tottenham,Brighton,2,1,2019-12-26 12:30:00,,TakeOn
339492,52,Goal,0.9119999694824219,0.62,0.0694143995642662,Harry Kane,h,647,OpenPlay,2019,RightFoot,11831,Tottenham,Brighton,2,1,2019-12-26 12:30:00,,Rebound
339499,89,MissedShots,0.865,0.6329999923706054,0.10978300124406815,Harry Kane,h,647,OpenPlay,2019,RightFoot,11831,Tottenham,Brighton,2,1,2019-12-26 12:30:00,Dele Alli,Pass
339840,15,SavedShot,0.8590000152587891,0.4329999923706055,0.3109700083732605,Harry Kane,a,647,OpenPlay,2019,RightFoot,11839,Norwich,Tottenham,2,2,2019-12-28 17:30:00,Toby Alderweireld,Throughball
339855,82,Goal,0.885,0.5,0.761132001876831,Harry Kane,a,647,Penalty,2019,RightFoot,11839,Norwich,Tottenham,2,2,2019-12-28 17:30:00,,Standard
351480,4,SavedShot,0.805,0.5070000076293946,0.04671129956841469,Harry Kane,a,647,OpenPlay,2019,RightFoot,11851,Southampton,Tottenham,1,0,2020-01-01 15:00:00,,None
351491,36,SavedShot,0.9059999847412109,0.44299999237060544,0.08776020258665085,Harry Kane,a,647,SetPiece,2019,RightFoot,11851,Southampton,Tottenham,1,0,2020-01-01 15:00:00,Christian Eriksen,Chipped
351492,37,SavedShot,0.775,0.4490000152587891,0.030082499608397484,Harry Kane,a,647,OpenPlay,2019,RightFoot,11851,Southampton,Tottenham,1,0,2020-01-01 15:00:00,Serge Aurier,Pass
365115,87,BlockedShot,0.7069999694824218,0.590999984741211,0.03812120109796524,Harry Kane,h,647,DirectFreekick,2019,RightFoot,11936,Tottenham,Manchester United,1,1,2020-06-19 19:15:00,,Standard
366187,26,SavedShot,0.7669999694824219,0.32799999237060545,0.02284489944577217,Harry Kane,h,647,OpenPlay,2019,RightFoot,11944,Tottenham,West Ham,2,0,2020-06-23 19:15:00,Moussa Sissoko,Pass
366188,30,MissedShots,0.91,0.46,0.04716330021619797,Harry Kane,h,647,OpenPlay,2019,Head,11944,Tottenham,West Ham,2,0,2020-06-23 19:15:00,Serge Aurier,Aerial
366194,49,SavedShot,0.975999984741211,0.45799999237060546,0.6785929799079895,Harry Kane,h,647,OpenPlay,2019,RightFoot,11944,Tottenham,West Ham,2,0,2020-06-23 19:15:00,,None
366198,54,MissedShots,0.8009999847412109,0.7,0.025155600160360336,Harry Kane,h,647,OpenPlay,2019,RightFoot,11944,Tottenham,West Ham,2,0,2020-06-23 19:15:00,Dele Alli,Pass
366201,58,MissedShots,0.899000015258789,0.6179999923706054,0.49643099308013916,Harry Kane,h,647,OpenPlay,2019,LeftFoot,11944,Tottenham,West Ham,2,0,2020-06-23 19:15:00,,None
366209,81,Goal,0.81,0.475,0.4691070020198822,Harry Kane,h,647,OpenPlay,2019,RightFoot,11944,Tottenham,West Ham,2,0,2020-06-23 19:15:00,Son Heung-Min,Throughball
368328,22,MissedShots,0.875999984741211,0.29,0.038548700511455536,Harry Kane,a,647,OpenPlay,2019,RightFoot,11960,Sheffield United,Tottenham,3,1,2020-07-02 17:00:00,Steven Bergwijn,Pass
368330,29,MissedShots,0.7130000305175781,0.3970000076293945,0.039565298706293106,Harry Kane,a,647,DirectFreekick,2019,RightFoot,11960,Sheffield United,Tottenham,3,1,2020-07-02 17:00:00,,Standard
368339,89,Goal,0.950999984741211,0.4829999923706055,0.6205040216445923,Harry Kane,a,647,OpenPlay,2019,RightFoot,11960,Sheffield United,Tottenham,3,1,2020-07-02 17:00:00,Son Heung-Min,Pass
369326,23,BlockedShot,0.895,0.710999984741211,0.04904099926352501,Harry Kane,h,647,OpenPlay,2019,LeftFoot,11971,Tottenham,Everton,1,0,2020-07-06 19:00:00,Son Heung-Min,Pass
369330,36,BlockedShot,0.754000015258789,0.6819999694824219,0.047688599675893784,Harry Kane,h,647,DirectFreekick,2019,RightFoot,11971,Tottenham,Everton,1,0,2020-07-06 19:00:00,,Standard
370105,49,BlockedShot,0.769000015258789,0.5279999923706055,0.08158800005912781,Harry Kane,a,647,DirectFreekick,2019,RightFoot,11975,Bournemouth,Tottenham,0,0,2020-07-09 17:00:00,,Standard
370891,1,BlockedShot,0.740999984741211,0.5629999923706055,0.017588799819350243,Harry Kane,h,647,OpenPlay,2019,RightFoot,11990,Tottenham,Arsenal,2,1,2020-07-12 15:30:00,Ben Davies,Chipped
370893,9,SavedShot,0.884000015258789,0.4490000152587891,0.35858601331710815,Harry Kane,h,647,OpenPlay,2019,RightFoot,11990,Tottenham,Arsenal,2,1,2020-07-12 15:30:00,Lucas Moura,Throughball
370912,80,SavedShot,0.9119999694824219,0.67,0.2060689926147461,Harry Kane,h,647,OpenPlay,2019,LeftFoot,11990,Tottenham,Arsenal,2,1,2020-07-12 15:30:00,Lucas Moura,Pass
370914,82,SavedShot,0.9369999694824219,0.6840000152587891,0.0841996967792511,Harry Kane,h,647,OpenPlay,2019,RightFoot,11990,Tottenham,Arsenal,2,1,2020-07-12 15:30:00,Son Heung-Min,Pass
370917,91,SavedShot,0.8569999694824219,0.8169999694824219,0.0179446991533041,Harry Kane,h,647,OpenPlay,2019,RightFoot,11990,Tottenham,Arsenal,2,1,2020-07-12 15:30:00,Steven Bergwijn,Pass
371500,59,Goal,0.9519999694824218,0.529000015258789,0.5391449928283691,Harry Kane,a,647,OpenPlay,2019,Head,12000,Newcastle United,Tottenham,1,3,2020-07-15 17:00:00,Steven Bergwijn,Cross
371511,89,Goal,0.9569999694824218,0.4879999923706055,0.8971139788627625,Harry Kane,a,647,OpenPlay,2019,Head,12000,Newcastle United,Tottenham,1,3,2020-07-15 17:00:00,,Rebound
372464,28,BlockedShot,0.860999984741211,0.29399999618530276,0.047401998192071915,Harry Kane,h,647,OpenPlay,2019,RightFoot,12010,Tottenham,Leicester,3,0,2020-07-19 15:00:00,Giovani Lo Celso,Pass
372467,36,Goal,0.895,0.6519999694824219,0.33916598558425903,Harry Kane,h,647,OpenPlay,2019,LeftFoot,12010,Tottenham,Leicester,3,0,2020-07-19 15:00:00,Lucas Moura,Pass
372468,39,Goal,0.8909999847412109,0.740999984741211,0.05010639876127243,Harry Kane,h,647,OpenPlay,2019,RightFoot,12010,Tottenham,Leicester,3,0,2020-07-19 15:00:00,Lucas Moura,Pass
372472,52,BlockedShot,0.8190000152587891,0.53,0.10134799778461456,Harry Kane,h,647,OpenPlay,2019,LeftFoot,12010,Tottenham,Leicester,3,0,2020-07-19 15:00:00,Lucas Moura,Pass
373693,12,Goal,0.8569999694824219,0.590999984741211,0.08651480078697205,Harry Kane,a,647,OpenPlay,2019,RightFoot,12020,Crystal Palace,Tottenham,1,1,2020-07-26 15:00:00,Giovani Lo Celso,Pass
376964,77,MissedShots,0.9359999847412109,0.4640000152587891,0.11868999898433685,Harry Kane,h,647,FromCorner,2020,Head,14093,Tottenham,Everton,0,1,2020-09-13 15:30:00,Son Heung-Min,Cross
376966,80,SavedShot,0.92,0.4490000152587891,0.039752598851919174,Harry Kane,h,647,OpenPlay,2020,Head,14093,Tottenham,Everton,0,1,2020-09-13 15:30:00,Ben Davies,Aerial
377890,53,MissedShots,0.4859999847412109,0.56,0.007455450017005205,Harry Kane,a,647,OpenPlay,2020,RightFoot,14100,Southampton,Tottenham,2,5,2020-09-20 11:00:00,Son Heung-Min,BallRecovery
377897,81,Goal,0.950999984741211,0.485,0.6780710220336914,Harry Kane,a,647,OpenPlay,2020,LeftFoot,14100,Southampton,Tottenham,2,5,2020-09-20 11:00:00,,Rebound
379404,2,SavedShot,0.9430000305175781,0.43099998474121093,0.5324379801750183,Harry Kane,h,647,SetPiece,2020,RightFoot,14111,Tottenham,Newcastle United,1,1,2020-09-27 13:00:00,,Rebound
379405,2,MissedShots,0.9769999694824218,0.4640000152587891,0.19057899713516235,Harry Kane,h,647,SetPiece,2020,RightFoot,14111,Tottenham,Newcastle United,1,1,2020-09-27 13:00:00,,Rebound
379406,8,SavedShot,0.9269999694824219,0.5359999847412109,0.35117098689079285,Harry Kane,h,647,OpenPlay,2020,Head,14111,Tottenham,Newcastle United,1,1,2020-09-27 13:00:00,Pierre-Emile Højbjerg,Cross
379409,26,SavedShot,0.8030000305175782,0.6959999847412109,0.02195570059120655,Harry Kane,h,647,FromCorner,2020,RightFoot,14111,Tottenham,Newcastle United,1,1,2020-09-27 13:00:00,Son Heung-Min,Pass
379414,38,MissedShots,0.9290000152587891,0.7180000305175781,0.06525710225105286,Harry Kane,h,647,OpenPlay,2020,LeftFoot,14111,Tottenham,Newcastle United,1,1,2020-09-27 13:00:00,Giovani Lo Celso,Pass
379417,45,MissedShots,0.895,0.5790000152587891,0.10460499674081802,Harry Kane,h,647,OpenPlay,2020,LeftFoot,14111,Tottenham,Newcastle United,1,1,2020-09-27 13:00:00,,None
379422,59,SavedShot,0.885,0.4759999847412109,0.11940199881792068,Harry Kane,h,647,OpenPlay,2020,RightFoot,14111,Tottenham,Newcastle United,1,1,2020-09-27 13:00:00,Lucas Moura,BallTouch
379429,87,SavedShot,0.9440000152587891,0.40599998474121096,0.1224140003323555,Harry Kane,h,647,OpenPlay,2020,RightFoot,14111,Tottenham,Newcastle United,1,1,2020-09-27 13:00:00,,None
381359,14,BlockedShot,0.81,0.715,0.031529199331998825,Harry Kane,a,647,OpenPlay,2020,RightFoot,14471,Manchester United,Tottenham,1,6,2020-10-04 15:30:00,Tanguy NDombele Alvaro,Pass
381368,30,Goal,0.885,0.45799999237060546,0.41915398836135864,Harry Kane,a,647,OpenPlay,2020,RightFoot,14471,Manchester United,Tottenham,1,6,2020-10-04 15:30:00,Son Heung-Min,Pass
381370,46,MissedShots,0.9469999694824218,0.5820000076293945,0.08232320100069046,Harry Kane,a,647,FromCorner,2020,Head,14471,Manchester United,Tottenham,1,6,2020-10-04 15:30:00,Son Heung-Min,Cross
381374,54,MissedShots,0.7959999847412109,0.69,0.022870400920510292,Harry Kane,a,647,OpenPlay,2020,RightFoot,14471,Manchester United,Tottenham,1,6,2020-10-04 15:30:00,Sergio Reguilón,Pass
381376,71,SavedShot,0.845,0.34599998474121096,0.108754001557827,Harry Kane,a,647,OpenPlay,2020,RightFoot,14471,Manchester United,Tottenham,1,6,2020-10-04 15:30:00,Son Heung-Min,Pass
381379,78,Goal,0.885,0.5,0.7611690163612366,Harry Kane,a,647,Penalty,2020,RightFoot,14471,Manchester United,Tottenham,1,6,2020-10-04 15:30:00,,Standard
381380,89,BlockedShot,0.805,0.4,0.05594760179519653,Harry Kane,a,647,OpenPlay,2020,LeftFoot,14471,Manchester United,Tottenham,1,6,2020-10-04 15:30:00,Moussa Sissoko,Pass
382653,7,Goal,0.8,0.6090000152587891,0.05633369833230972,Harry Kane,h,647,OpenPlay,2020,RightFoot,14483,Tottenham,West Ham,3,3,2020-10-18 15:30:00,Son Heung-Min,TakeOn
382654,15,Goal,0.9540000152587891,0.455,0.5141159892082214,Harry Kane,h,647,OpenPlay,2020,Head,14483,Tottenham,West Ham,3,3,2020-10-18 15:30:00,Sergio Reguilón,Cross
382662,51,MissedShots,0.7390000152587891,0.4809999847412109,0.0186832994222641,Harry Kane,h,647,OpenPlay,2020,LeftFoot,14483,Tottenham,West Ham,3,3,2020-10-18 15:30:00,,None
382665,60,SavedShot,0.785,0.635,0.045237500220537186,Harry Kane,h,647,OpenPlay,2020,RightFoot,14483,Tottenham,West Ham,3,3,2020-10-18 15:30:00,Pierre-Emile Højbjerg,Pass
382666,66,BlockedShot,0.84,0.34900001525878904,0.06824909895658493,Harry Kane,h,647,OpenPlay,2020,RightFoot,14483,Tottenham,West Ham,3,3,2020-10-18 15:30:00,Son Heung-Min,Pass
382668,78,ShotOnPost,0.769000015258789,0.4570000076293945,0.03434940055012703,Harry Kane,h,647,OpenPlay,2020,LeftFoot,14483,Tottenham,West Ham,3,3,2020-10-18 15:30:00,Son Heung-Min,Pass
384263,2,MissedShots,0.9490000152587891,0.3039999961853027,0.10881499946117401,Harry Kane,a,647,OpenPlay,2020,RightFoot,14488,Burnley,Tottenham,0,1,2020-10-26 20:00:00,Toby Alderweireld,Throughball
384270,46,BlockedShot,0.7930000305175782,0.36400001525878906,0.03071730025112629,Harry Kane,a,647,OpenPlay,2020,LeftFoot,14488,Burnley,Tottenham,0,1,2020-10-26 20:00:00,Lucas Moura,Pass
384279,74,BlockedShot,0.8730000305175781,0.27399999618530274,0.03536669909954071,Harry Kane,a,647,OpenPlay,2020,RightFoot,14488,Burnley,Tottenham,0,1,2020-10-26 20:00:00,Erik Lamela,Pass
384280,75,MissedShots,0.889000015258789,0.48200000762939454,0.04400559887290001,Harry Kane,a,647,FromCorner,2020,Head,14488,Burnley,Tottenham,0,1,2020-10-26 20:00:00,Erik Lamela,Cross
385407,12,Goal,0.885,0.5,0.7611690163612366,Harry Kane,h,647,Penalty,2020,RightFoot,14503,Tottenham,Brighton,2,1,2020-11-01 19:15:00,,Standard
385417,70,ShotOnPost,0.9840000152587891,0.555,0.5881869792938232,Harry Kane,h,647,FromCorner,2020,RightFoot,14503,Tottenham,Brighton,2,1,2020-11-01 19:15:00,Gareth Bale,Aerial
386345,47,BlockedShot,0.815,0.6719999694824219,0.032723698765039444,Harry Kane,a,647,OpenPlay,2020,RightFoot,14513,West Bromwich Albion,Tottenham,0,1,2020-11-08 12:00:00,Tanguy NDombele Alvaro,Pass
386347,54,MissedShots,0.9640000152587891,0.5970000076293945,0.03248419985175133,Harry Kane,a,647,SetPiece,2020,Head,14513,West Bromwich Albion,Tottenham,0,1,2020-11-08 12:00:00,Gareth Bale,Aerial
386351,59,BlockedShot,0.85,0.36400001525878906,0.06815899908542633,Harry Kane,a,647,OpenPlay,2020,RightFoot,14513,West Bromwich Albion,Tottenham,0,1,2020-11-08 12:00:00,Tanguy NDombele Alvaro,Pass
386358,73,BlockedShot,0.815,0.6759999847412109,0.08752740174531937,Harry Kane,a,647,DirectFreekick,2020,RightFoot,14513,West Bromwich Albion,Tottenham,0,1,2020-11-08 12:00:00,,Standard
386359,73,MissedShots,0.8480000305175781,0.6759999847412109,0.0281141996383667,Harry Kane,a,647,SetPiece,2020,RightFoot,14513,West Bromwich Albion,Tottenham,0,1,2020-11-08 12:00:00,,Rebound
386360,79,BlockedShot,0.745999984741211,0.4329999923706055,0.01775909960269928,Harry Kane,a,647,OpenPlay,2020,RightFoot,14513,West Bromwich Albion,Tottenham,0,1,2020-11-08 12:00:00,Carlos Vinicius,Pass
386365,87,Goal,0.9380000305175781,0.4620000076293945,0.40162500739097595,Harry Kane,a,647,OpenPlay,2020,Head,14513,West Bromwich Albion,Tottenham,0,1,2020-11-08 12:00:00,Matt Doherty,Cross
389548,29,MissedShots,0.7530000305175781,0.6990000152587891,0.044592201709747314,Harry Kane,a,647,DirectFreekick,2020,RightFoot,14529,Chelsea,Tottenham,0,0,2020-11-29 16:30:00,,Standard
390928,28,BlockedShot,0.8469999694824218,0.6909999847412109,0.05130570009350777,Harry Kane,h,647,OpenPlay,2020,RightFoot,14542,Tottenham,Arsenal,2,0,2020-12-06 16:30:00,Steven Bergwijn,Pass
390931,45,Goal,0.9430000305175781,0.6559999847412109,0.1239669993519783,Harry Kane,h,647,OpenPlay,2020,LeftFoot,14542,Tottenham,Arsenal,2,0,2020-12-06 16:30:00,Son Heung-Min,Pass
390936,80,MissedShots,0.9340000152587891,0.48400001525878905,0.12666399776935577,Harry Kane,h,647,SetPiece,2020,Head,14542,Tottenham,Arsenal,2,0,2020-12-06 16:30:00,Son Heung-Min,Cross
392183,19,SavedShot,0.9230000305175782,0.56,0.030583500862121582,Harry Kane,a,647,FromCorner,2020,Head,14545,Crystal Palace,Tottenham,1,1,2020-12-13 14:15:00,Son Heung-Min,Aerial
392184,22,Goal,0.7119999694824218,0.545,0.014154699631035328,Harry Kane,a,647,OpenPlay,2020,RightFoot,14545,Crystal Palace,Tottenham,1,1,2020-12-13 14:15:00,Son Heung-Min,Pass
392186,27,MissedShots,0.7069999694824218,0.6630000305175782,0.03368009999394417,Harry Kane,a,647,DirectFreekick,2020,RightFoot,14545,Crystal Palace,Tottenham,1,1,2020-12-13 14:15:00,,Standard
392203,83,BlockedShot,0.7430000305175781,0.67,0.04482220113277435,Harry Kane,a,647,DirectFreekick,2020,RightFoot,14545,Crystal Palace,Tottenham,1,1,2020-12-13 14:15:00,,Standard
392205,85,SavedShot,0.9219999694824219,0.46599998474121096,0.38133901357650757,Harry Kane,a,647,OpenPlay,2020,Head,14545,Crystal Palace,Tottenham,1,1,2020-12-13 14:15:00,Serge Aurier,Rebound
393461,49,MissedShots,0.7819999694824219,0.9119999694824219,0.009209300391376019,Harry Kane,a,647,OpenPlay,2020,LeftFoot,14563,Liverpool,Tottenham,2,1,2020-12-16 20:00:00,,BallRecovery
393462,51,MissedShots,0.789000015258789,0.34900001525878904,0.02612919919192791,Harry Kane,a,647,OpenPlay,2020,RightFoot,14563,Liverpool,Tottenham,2,1,2020-12-16 20:00:00,Giovani Lo Celso,Pass
393466,62,MissedShots,0.9419999694824219,0.5129999923706055,0.432779997587204,Harry Kane,a,647,FromCorner,2020,Head,14563,Liverpool,Tottenham,2,1,2020-12-16 20:00:00,Son Heung-Min,Cross
393471,78,MissedShots,0.86,0.7230000305175781,0.032084498554468155,Harry Kane,a,647,OpenPlay,2020,RightFoot,14563,Liverpool,Tottenham,2,1,2020-12-16 20:00:00,Toby Alderweireld,Chipped
394577,33,SavedShot,0.7519999694824219,0.29200000762939454,0.0428554005920887,Harry Kane,h,647,DirectFreekick,2020,RightFoot,14573,Tottenham,Leicester,0,2,2020-12-20 14:15:00,,Standard
394578,40,MissedShots,0.9440000152587891,0.49700000762939456,0.07597420364618301,Harry Kane,h,647,FromCorner,2020,Head,14573,Tottenham,Leicester,0,2,2020-12-20 14:15:00,Son Heung-Min,Aerial
394579,41,MissedShots,0.92,0.5720000076293945,0.06371880322694778,Harry Kane,h,647,FromCorner,2020,Head,14573,Tottenham,Leicester,0,2,2020-12-20 14:15:00,Son Heung-Min,Cross
394587,60,SavedShot,0.8090000152587891,0.5520000076293945,0.10181500017642975,Harry Kane,h,647,OpenPlay,2020,LeftFoot,14573,Tottenham,Leicester,0,2,2020-12-20 14:15:00,Son Heung-Min,TakeOn
395806,8,BlockedShot,0.9380000305175781,0.56,0.1278890073299408,Harry Kane,a,647,SetPiece,2020,Head,14584,Wolverhampton Wanderers,Tottenham,1,1,2020-12-27 19:15:00,Son Heung-Min,Cross
396276,16,MissedShots,0.8980000305175782,0.69,0.0733300969004631,Harry Kane,h,647,SetPiece,2020,LeftFoot,14599,Tottenham,Leeds,3,0,2021-01-02 12:30:00,,TakeOn
396281,28,Goal,0.885,0.5,0.7611690163612366,Harry Kane,h,647,Penalty,2020,RightFoot,14599,Tottenham,Leeds,3,0,2021-01-02 12:30:00,,Standard
396283,30,MissedShots,0.9009999847412109,0.6329999923706054,0.07112299650907516,Harry Kane,h,647,SetPiece,2020,RightFoot,14599,Tottenham,Leeds,3,0,2021-01-02 12:30:00,Steven Bergwijn,Pass
396294,52,MissedShots,0.8909999847412109,0.735999984741211,0.04894249886274338,Harry Kane,h,647,OpenPlay,2020,LeftFoot,14599,Tottenham,Leeds,3,0,2021-01-02 12:30:00,Son Heung-Min,TakeOn
396299,65,SavedShot,0.9269999694824219,0.31799999237060544,0.0871959999203682,Harry Kane,h,647,OpenPlay,2020,RightFoot,14599,Tottenham,Leeds,3,0,2021-01-02 12:30:00,Steven Bergwijn,Pass
396301,72,MissedShots,0.45299999237060545,0.580999984741211,0.008865069597959518,Harry Kane,h,647,OpenPlay,2020,RightFoot,14599,Tottenham,Leeds,3,0,2021-01-02 12:30:00,,None
398721,24,Goal,0.9180000305175782,0.4640000152587891,0.3178659975528717,Harry Kane,h,647,OpenPlay,2020,Head,14589,Tottenham,Fulham,1,1,2021-01-13 20:00:00,Sergio Reguilón,Cross
398722,29,MissedShots,0.955,0.445,0.5096589922904968,Harry Kane,h,647,OpenPlay,2020,Head,14589,Tottenham,Fulham,1,1,2021-01-13 20:00:00,Serge Aurier,Cross
399374,0,BlockedShot,0.7719999694824219,0.46700000762939453,0.028639299795031548,Harry Kane,a,647,OpenPlay,2020,RightFoot,14622,Sheffield United,Tottenham,1,3,2021-01-17 14:00:00,,None
399384,39,Goal,0.7869999694824219,0.52,0.08477280288934708,Harry Kane,a,647,OpenPlay,2020,RightFoot,14622,Sheffield United,Tottenham,1,3,2021-01-17 14:00:00,Pierre-Emile Højbjerg,TakeOn
399389,49,SavedShot,0.7440000152587891,0.5870000076293945,0.021420400589704514,Harry Kane,a,647,SetPiece,2020,LeftFoot,14622,Sheffield United,Tottenham,1,3,2021-01-17 14:00:00,Pierre-Emile Højbjerg,Pass
399390,54,MissedShots,0.8180000305175781,0.5259999847412109,0.05855429917573929,Harry Kane,a,647,OpenPlay,2020,LeftFoot,14622,Sheffield United,Tottenham,1,3,2021-01-17 14:00:00,,None
399395,68,BlockedShot,0.6959999847412109,0.5520000076293945,0.02542169950902462,Harry Kane,a,647,OpenPlay,2020,RightFoot,14622,Sheffield United,Tottenham,1,3,2021-01-17 14:00:00,Ben Davies,TakeOn
399401,90,MissedShots,0.85,0.5629999923706055,0.11713500320911407,Harry Kane,a,647,OpenPlay,2020,LeftFoot,14622,Sheffield United,Tottenham,1,3,2021-01-17 14:00:00,Son Heung-Min,Pass
403545,14,MissedShots,0.855999984741211,0.5970000076293945,0.08350230008363724,Harry Kane,h,647,OpenPlay,2020,LeftFoot,14663,Tottenham,West Bromwich Albion,2,0,2021-02-07 12:00:00,Serge Aurier,Pass
403546,17,MissedShots,0.9080000305175782,0.6370000076293946,0.32718199491500854,Harry Kane,h,647,OpenPlay,2020,LeftFoot,14663,Tottenham,West Bromwich Albion,2,0,2021-02-07 12:00:00,,None
403547,18,BlockedShot,0.865999984741211,0.57,0.0996273010969162,Harry Kane,h,647,OpenPlay,2020,RightFoot,14663,Tottenham,West Bromwich Albion,2,0,2021-02-07 12:00:00,Erik Lamela,Pass
403549,36,SavedShot,0.875,0.34,0.06762350350618362,Harry Kane,h,647,OpenPlay,2020,RightFoot,14663,Tottenham,West Bromwich Albion,2,0,2021-02-07 12:00:00,Lucas Moura,Pass
403555,53,Goal,0.9080000305175782,0.615,0.3259359896183014,Harry Kane,h,647,OpenPlay,2020,RightFoot,14663,Tottenham,West Bromwich Albion,2,0,2021-02-07 12:00:00,Pierre-Emile Højbjerg,Pass
404415,13,ShotOnPost,0.7809999847412109,0.28299999237060547,0.052819401025772095,Harry Kane,a,647,DirectFreekick,2020,RightFoot,14671,Manchester City,Tottenham,3,0,2021-02-13 17:30:00,,Standard
404426,68,SavedShot,0.799000015258789,0.5940000152587891,0.016095999628305435,Harry Kane,a,647,OpenPlay,2020,Head,14671,Manchester City,Tottenham,3,0,2021-02-13 17:30:00,,Interception
405814,12,MissedShots,0.8519999694824218,0.30100000381469727,0.04054979979991913,Harry Kane,a,647,OpenPlay,2020,RightFoot,14683,West Ham,Tottenham,2,1,2021-02-21 12:00:00,Erik Lamela,Pass
405815,15,BlockedShot,0.905,0.53,0.04972989857196808,Harry Kane,a,647,FromCorner,2020,LeftFoot,14683,West Ham,Tottenham,2,1,2021-02-21 12:00:00,Eric Dier,Aerial
405816,19,MissedShots,0.9030000305175782,0.5059999847412109,0.040453098714351654,Harry Kane,a,647,OpenPlay,2020,Head,14683,West Ham,Tottenham,2,1,2021-02-21 12:00:00,,Aerial
405823,46,SavedShot,0.8730000305175781,0.27100000381469724,0.03600360080599785,Harry Kane,a,647,OpenPlay,2020,RightFoot,14683,West Ham,Tottenham,2,1,2021-02-21 12:00:00,Pierre-Emile Højbjerg,Pass
405827,58,MissedShots,0.764000015258789,0.5879999923706055,0.06963060051202774,Harry Kane,a,647,DirectFreekick,2020,RightFoot,14683,West Ham,Tottenham,2,1,2021-02-21 12:00:00,,Standard
405831,72,MissedShots,0.8130000305175781,0.5,0.057862501591444016,Harry Kane,a,647,OpenPlay,2020,LeftFoot,14683,West Ham,Tottenham,2,1,2021-02-21 12:00:00,Lucas Moura,Pass
407253,4,BlockedShot,0.78,0.33,0.02767539955675602,Harry Kane,h,647,OpenPlay,2020,LeftFoot,14693,Tottenham,Burnley,4,0,2021-02-28 14:00:00,Serge Aurier,Pass
407254,5,MissedShots,0.7880000305175782,0.55,0.04514269903302193,Harry Kane,h,647,OpenPlay,2020,RightFoot,14693,Tottenham,Burnley,4,0,2021-02-28 14:00:00,Tanguy NDombele Alvaro,Pass
407259,14,Goal,0.8540000152587891,0.7,0.04775559902191162,Harry Kane,h,647,OpenPlay,2020,RightFoot,14693,Tottenham,Burnley,4,0,2021-02-28 14:00:00,Gareth Bale,Chipped
407273,70,SavedShot,0.7519999694824219,0.47200000762939454,0.07374349981546402,Harry Kane,h,647,OpenPlay,2020,RightFoot,14693,Tottenham,Burnley,4,0,2021-02-28 14:00:00,Son Heung-Min,Pass
407277,91,MissedShots,0.914000015258789,0.5409999847412109,0.5503100156784058,Harry Kane,h,647,OpenPlay,2020,RightFoot,14693,Tottenham,Burnley,4,0,2021-02-28 14:00:00,Son Heung-Min,Pass
408223,17,SavedShot,0.925,0.495,0.3379270136356354,Harry Kane,a,647,OpenPlay,2020,Head,14757,Fulham,Tottenham,0,1,2021-03-04 18:00:00,Son Heung-Min,Chipped
408227,30,BlockedShot,0.7230000305175781,0.549000015258789,0.023808399215340614,Harry Kane,a,647,OpenPlay,2020,LeftFoot,14757,Fulham,Tottenham,0,1,2021-03-04 18:00:00,Dele Alli,Pass
408238,82,SavedShot,0.89,0.5179999923706055,0.40765100717544556,Harry Kane,a,647,OpenPlay,2020,RightFoot,14757,Fulham,Tottenham,0,1,2021-03-04 18:00:00,Erik Lamela,Throughball
409201,35,BlockedShot,0.8090000152587891,0.6840000152587891,0.07910049706697464,Harry Kane,h,647,DirectFreekick,2020,RightFoot,14702,Tottenham,Crystal Palace,4,1,2021-03-07 19:15:00,,Standard
409205,51,Goal,0.7969999694824219,0.3220000076293945,0.026433000341057777,Harry Kane,h,647,OpenPlay,2020,RightFoot,14702,Tottenham,Crystal Palace,4,1,2021-03-07 19:15:00,Matt Doherty,Pass
409209,57,MissedShots,0.8809999847412109,0.475,0.024173399433493614,Harry Kane,h,647,OpenPlay,2020,Head,14702,Tottenham,Crystal Palace,4,1,2021-03-07 19:15:00,Matt Doherty,Aerial
409211,60,MissedShots,0.925,0.5370000076293945,0.04603410139679909,Harry Kane,h,647,FromCorner,2020,Head,14702,Tottenham,Crystal Palace,4,1,2021-03-07 19:15:00,Gareth Bale,Aerial
409214,75,Goal,0.9669999694824218,0.46799999237060547,0.6745330095291138,Harry Kane,h,647,OpenPlay,2020,Head,14702,Tottenham,Crystal Palace,4,1,2021-03-07 19:15:00,Son Heung-Min,Pass
410606,78,SavedShot,0.9059999847412109,0.6370000076293946,0.014162600040435791,Harry Kane,a,647,FromCorner,2020,Head,14705,Arsenal,Tottenham,2,1,2021-03-14 16:30:00,Lucas Moura,Cross
410607,88,ShotOnPost,0.7440000152587891,0.76,0.03392229974269867,Harry Kane,a,647,DirectFreekick,2020,RightFoot,14705,Arsenal,Tottenham,2,1,2021-03-14 16:30:00,,Standard
410609,94,MissedShots,0.715999984741211,0.47200000762939454,0.04421820119023323,Harry Kane,a,647,DirectFreekick,2020,RightFoot,14705,Arsenal,Tottenham,2,1,2021-03-14 16:30:00,,Standard
412044,4,BlockedShot,0.7719999694824219,0.32099998474121094,0.02331550046801567,Harry Kane,a,647,OpenPlay,2020,RightFoot,14606,Aston Villa,Tottenham,0,2,2021-03-21 19:30:00,Giovani Lo Celso,Pass
412047,41,MissedShots,0.9390000152587891,0.4540000152587891,0.057559799402952194,Harry Kane,a,647,FromCorner,2020,Head,14606,Aston Villa,Tottenham,0,2,2021-03-21 19:30:00,Lucas Moura,Aerial
412049,47,BlockedShot,0.784000015258789,0.5570000076293945,0.04467570036649704,Harry Kane,a,647,OpenPlay,2020,RightFoot,14606,Aston Villa,Tottenham,0,2,2021-03-21 19:30:00,Lucas Moura,Pass
412053,67,Goal,0.885,0.5,0.7611690163612366,Harry Kane,a,647,Penalty,2020,RightFoot,14606,Aston Villa,Tottenham,0,2,2021-03-21 19:30:00,,Standard
413075,6,BlockedShot,0.7609999847412109,0.4779999923706055,0.07395759969949722,Harry Kane,a,647,DirectFreekick,2020,RightFoot,14732,Newcastle United,Tottenham,2,2,2021-04-04 13:05:00,,Standard
413076,7,SavedShot,0.9209999847412109,0.7180000305175781,0.0502392016351223,Harry Kane,a,647,OpenPlay,2020,LeftFoot,14732,Newcastle United,Tottenham,2,2,2021-04-04 13:05:00,Sergio Reguilón,Pass
413084,29,Goal,0.9890000152587891,0.4779999923706055,0.959559977054596,Harry Kane,a,647,OpenPlay,2020,RightFoot,14732,Newcastle United,Tottenham,2,2,2021-04-04 13:05:00,,None
413085,33,Goal,0.8909999847412109,0.3120000076293945,0.31612101197242737,Harry Kane,a,647,OpenPlay,2020,RightFoot,14732,Newcastle United,Tottenham,2,2,2021-04-04 13:05:00,Tanguy NDombele Alvaro,Throughball
413097,72,BlockedShot,0.759000015258789,0.6480000305175782,0.05592520162463188,Harry Kane,a,647,DirectFreekick,2020,RightFoot,14732,Newcastle United,Tottenham,2,2,2021-04-04 13:05:00,,Standard
413098,72,SavedShot,0.97,0.42900001525878906,0.5815759897232056,Harry Kane,a,647,OpenPlay,2020,RightFoot,14732,Newcastle United,Tottenham,2,2,2021-04-04 13:05:00,Japhet Tanganga,Throughball
413100,84,ShotOnPost,0.884000015258789,0.6140000152587891,0.13147300481796265,Harry Kane,a,647,OpenPlay,2020,RightFoot,14732,Newcastle United,Tottenham,2,2,2021-04-04 13:05:00,Erik Lamela,Pass
414632,47,MissedShots,0.8280000305175781,0.24799999237060547,0.028664400801062584,Harry Kane,h,647,OpenPlay,2020,RightFoot,14742,Tottenham,Manchester United,1,3,2021-04-11 15:30:00,Giovani Lo Celso,Pass
414644,72,SavedShot,0.9480000305175781,0.7290000152587891,0.04111490026116371,Harry Kane,h,647,OpenPlay,2020,RightFoot,14742,Tottenham,Manchester United,1,3,2021-04-11 15:30:00,Son Heung-Min,Pass
414650,84,BlockedShot,0.7530000305175781,0.705999984741211,0.016550499945878983,Harry Kane,h,647,OpenPlay,2020,RightFoot,14742,Tottenham,Manchester United,1,3,2021-04-11 15:30:00,Sergio Reguilón,Pass
415054,26,Goal,0.9130000305175782,0.47,0.49008700251579285,Harry Kane,a,647,OpenPlay,2020,LeftFoot,14748,Everton,Tottenham,2,2,2021-04-16 19:00:00,,None
415057,35,MissedShots,0.5470000076293945,0.7090000152587891,0.005306039936840534,Harry Kane,a,647,OpenPlay,2020,RightFoot,14748,Everton,Tottenham,2,2,2021-04-16 19:00:00,Eric Dier,TakeOn
415070,67,Goal,0.914000015258789,0.5220000076293946,0.4853079915046692,Harry Kane,a,647,OpenPlay,2020,RightFoot,14748,Everton,Tottenham,2,2,2021-04-16 19:00:00,,None
415072,71,ShotOnPost,0.8719999694824219,0.56,0.026681499555706978,Harry Kane,a,647,OpenPlay,2020,Head,14748,Everton,Tottenham,2,2,2021-04-16 19:00:00,Lucas Moura,Cross
415074,78,BlockedShot,0.9009999847412109,0.6580000305175782,0.10796099901199341,Harry Kane,a,647,OpenPlay,2020,RightFoot,14748,Everton,Tottenham,2,2,2021-04-16 19:00:00,Son Heung-Min,Pass
419314,17,BlockedShot,0.865999984741211,0.6359999847412109,0.12491399794816971,Harry Kane,h,647,OpenPlay,2020,LeftFoot,14773,Tottenham,Sheffield United,4,0,2021-05-02 18:15:00,Son Heung-Min,TakeOn
419315,25,MissedShots,0.855999984741211,0.485,0.10051800310611725,Harry Kane,h,647,OpenPlay,2020,LeftFoot,14773,Tottenham,Sheffield United,4,0,2021-05-02 18:15:00,Sergio Reguilón,Pass
419319,40,BlockedShot,0.7469999694824219,0.629000015258789,0.0523218996822834,Harry Kane,h,647,DirectFreekick,2020,RightFoot,14773,Tottenham,Sheffield United,4,0,2021-05-02 18:15:00,,Standard
419320,40,MissedShots,0.7669999694824219,0.6419999694824219,0.014836099930107594,Harry Kane,h,647,SetPiece,2020,RightFoot,14773,Tottenham,Sheffield United,4,0,2021-05-02 18:15:00,,Rebound
419334,89,BlockedShot,0.8480000305175781,0.6630000305175782,0.06806690245866776,Harry Kane,h,647,OpenPlay,2020,RightFoot,14773,Tottenham,Sheffield United,4,0,2021-05-02 18:15:00,Son Heung-Min,Pass
419335,90,MissedShots,0.9540000152587891,0.549000015258789,0.46887001395225525,Harry Kane,h,647,OpenPlay,2020,Head,14773,Tottenham,Sheffield United,4,0,2021-05-02 18:15:00,,None
419840,54,MissedShots,0.7719999694824219,0.5709999847412109,0.026724299415946007,Harry Kane,a,647,OpenPlay,2020,RightFoot,14778,Leeds,Tottenham,3,1,2021-05-08 11:30:00,Dele Alli,Pass
419845,71,ShotOnPost,0.7919999694824219,0.64,0.08148539811372757,Harry Kane,a,647,DirectFreekick,2020,RightFoot,14778,Leeds,Tottenham,3,1,2021-05-08 11:30:00,,Standard
422398,4,ShotOnPost,0.745999984741211,0.40200000762939453,0.023064199835062027,Harry Kane,h,647,OpenPlay,2020,RightFoot,14793,Tottenham,Wolverhampton Wanderers,2,0,2021-05-16 13:05:00,Pierre-Emile Højbjerg,Pass
422404,22,MissedShots,0.9230000305175782,0.3820000076293945,0.07796020060777664,Harry Kane,h,647,SetPiece,2020,RightFoot,14793,Tottenham,Wolverhampton Wanderers,2,0,2021-05-16 13:05:00,Gareth Bale,Chipped
422409,42,BlockedShot,0.960999984741211,0.5179999923706055,0.5729820132255554,Harry Kane,h,647,FromCorner,2020,Head,14793,Tottenham,Wolverhampton Wanderers,2,0,2021-05-16 13:05:00,,Aerial
422413,44,Goal,0.8719999694824219,0.44099998474121094,0.32237398624420166,Harry Kane,h,647,OpenPlay,2020,RightFoot,14793,Tottenham,Wolverhampton Wanderers,2,0,2021-05-16 13:05:00,Pierre-Emile Højbjerg,TakeOn
422419,53,SavedShot,0.8719999694824219,0.4540000152587891,0.5832340121269226,Harry Kane,h,647,OpenPlay,2020,RightFoot,14793,Tottenham,Wolverhampton Wanderers,2,0,2021-05-16 13:05:00,Dele Alli,Throughball
422422,54,SavedShot,0.7680000305175781,0.3770000076293945,0.02340790070593357,Harry Kane,h,647,OpenPlay,2020,RightFoot,14793,Tottenham,Wolverhampton Wanderers,2,0,2021-05-16 13:05:00,Gareth Bale,Pass
422436,86,SavedShot,0.7930000305175782,0.36900001525878906,0.09665539860725403,Harry Kane,h,647,OpenPlay,2020,LeftFoot,14793,Tottenham,Wolverhampton Wanderers,2,0,2021-05-16 13:05:00,Son Heung-Min,Pass
423286,53,MissedShots,0.93,0.32099998474121094,0.035804301500320435,Harry Kane,h,647,OpenPlay,2020,RightFoot,14803,Tottenham,Aston Villa,1,2,2021-05-19 17:00:00,Sergio Reguilón,Cross
423291,74,SavedShot,0.935,0.2989999961853027,0.04796129837632179,Harry Kane,h,647,OpenPlay,2020,RightFoot,14803,Tottenham,Aston Villa,1,2,2021-05-19 17:00:00,Gareth Bale,Pass
424031,40,Goal,0.9159999847412109,0.534000015258789,0.48724400997161865,Harry Kane,a,647,FromCorner,2020,RightFoot,14809,Leicester,Tottenham,2,4,2021-05-23 15:00:00,,None
424035,55,MissedShots,0.8380000305175781,0.5379999923706055,0.05808689817786217,Harry Kane,a,647,OpenPlay,2020,LeftFoot,14809,Leicester,Tottenham,2,4,2021-05-23 15:00:00,Son Heung-Min,TakeOn
424042,87,BlockedShot,0.895,0.445,0.1426749974489212,Harry Kane,a,647,OpenPlay,2020,RightFoot,14809,Leicester,Tottenham,2,4,2021-05-23 15:00:00,Gareth Bale,Throughball
427564,80,SavedShot,0.9459999847412109,0.595999984741211,0.4530389904975891,Harry Kane,a,647,OpenPlay,2021,RightFoot,16393,Wolverhampton Wanderers,Tottenham,0,1,2021-08-22 13:00:00,Steven Bergwijn,Pass
429084,83,SavedShot,0.9180000305175782,0.5,0.11351300030946732,Harry Kane,h,647,FromCorner,2021,RightFoot,16404,Tottenham,Watford,1,0,2021-08-29 13:00:00,Japhet Tanganga,None
431971,4,BlockedShot,0.7959999847412109,0.5870000076293945,0.10461600124835968,Harry Kane,h,647,DirectFreekick,2021,RightFoot,16425,Tottenham,Chelsea,0,3,2021-09-19 15:30:00,,Standard
431986,63,SavedShot,0.7709999847412109,0.40400001525878904,0.026732100173830986,Harry Kane,h,647,OpenPlay,2021,RightFoot,16425,Tottenham,Chelsea,0,3,2021-09-19 15:30:00,Son Heung-Min,Pass
434203,23,MissedShots,0.7080000305175781,0.5329999923706055,0.015911899507045746,Harry Kane,a,647,OpenPlay,2021,RightFoot,16434,Arsenal,Tottenham,3,1,2021-09-26 15:30:00,Lucas Moura,Pass
434206,38,MissedShots,0.91,0.5209999847412109,0.07906659692525864,Harry Kane,a,647,FromCorner,2021,Head,16434,Arsenal,Tottenham,3,1,2021-09-26 15:30:00,Son Heung-Min,Cross
434209,55,BlockedShot,0.885,0.5029999923706054,0.043183401226997375,Harry Kane,a,647,OpenPlay,2021,Head,16434,Arsenal,Tottenham,3,1,2021-09-26 15:30:00,Sergio Reguilón,Aerial
434210,60,SavedShot,0.7769999694824219,0.34900001525878904,0.022532999515533447,Harry Kane,a,647,OpenPlay,2021,RightFoot,16434,Arsenal,Tottenham,3,1,2021-09-26 15:30:00,Emerson,Pass
434212,61,MissedShots,0.874000015258789,0.6,0.2924950122833252,Harry Kane,a,647,OpenPlay,2021,RightFoot,16434,Arsenal,Tottenham,3,1,2021-09-26 15:30:00,Eric Dier,Throughball
435333,21,MissedShots,0.764000015258789,0.335,0.02282330021262169,Harry Kane,h,647,OpenPlay,2021,RightFoot,16443,Tottenham,Aston Villa,2,1,2021-10-03 13:00:00,Lucas Moura,Pass
435334,22,SavedShot,0.5640000152587891,0.6930000305175781,0.019492700695991516,Harry Kane,h,647,DirectFreekick,2021,RightFoot,16443,Tottenham,Aston Villa,2,1,2021-10-03 13:00:00,,Standard
435338,31,SavedShot,0.7480000305175781,0.4540000152587891,0.06196039915084839,Harry Kane,h,647,DirectFreekick,2021,RightFoot,16443,Tottenham,Aston Villa,2,1,2021-10-03 13:00:00,,Standard
435357,78,MissedShots,0.8119999694824219,0.63,0.05252949893474579,Harry Kane,h,647,OpenPlay,2021,RightFoot,16443,Tottenham,Aston Villa,2,1,2021-10-03 13:00:00,Giovani Lo Celso,Pass
435361,86,SavedShot,0.9230000305175782,0.629000015258789,0.17537200450897217,Harry Kane,h,647,OpenPlay,2021,LeftFoot,16443,Tottenham,Aston Villa,2,1,2021-10-03 13:00:00,Hugo Lloris,Pass
435362,86,SavedShot,0.9790000152587891,0.69,0.05334119871258736,Harry Kane,h,647,OpenPlay,2021,RightFoot,16443,Tottenham,Aston Villa,2,1,2021-10-03 13:00:00,,Rebound
437024,21,Goal,0.8569999694824219,0.5429999923706055,0.2942200005054474,Harry Kane,a,647,OpenPlay,2021,RightFoot,16452,Newcastle United,Tottenham,2,3,2021-10-17 15:30:00,Pierre-Emile Højbjerg,Chipped
437038,83,BlockedShot,0.8040000152587891,0.6719999694824219,0.08003710210323334,Harry Kane,a,647,DirectFreekick,2021,RightFoot,16452,Newcastle United,Tottenham,2,3,2021-10-17 15:30:00,,Standard
438251,43,SavedShot,0.9359999847412109,0.42200000762939455,0.049731701612472534,Harry Kane,a,647,OpenPlay,2021,Head,16465,West Ham,Tottenham,1,0,2021-10-24 13:00:00,Sergio Reguilón,Aerial
439907,82,BlockedShot,0.965999984741211,0.34900001525878904,0.0603380985558033,Harry Kane,h,647,OpenPlay,2021,RightFoot,16473,Tottenham,Manchester United,0,3,2021-10-30 16:30:00,,BallTouch
441589,18,BlockedShot,0.745999984741211,0.46,0.02297089993953705,Harry Kane,a,647,OpenPlay,2021,RightFoot,16481,Everton,Tottenham,0,0,2021-11-07 14:00:00,Ben Davies,Pass
441590,18,BlockedShot,0.85,0.42700000762939455,0.08870779722929001,Harry Kane,a,647,OpenPlay,2021,RightFoot,16481,Everton,Tottenham,0,0,2021-11-07 14:00:00,Lucas Moura,Pass
443382,45,SavedShot,0.9119999694824219,0.3840000152587891,0.2853719890117645,Harry Kane,h,647,OpenPlay,2021,RightFoot,16493,Tottenham,Leeds,2,1,2021-11-21 16:30:00,Lucas Moura,Pass
443390,57,BlockedShot,0.9259999847412109,0.524000015258789,0.11541599780321121,Harry Kane,h,647,OpenPlay,2021,Head,16493,Tottenham,Leeds,2,1,2021-11-21 16:30:00,Sergio Reguilón,Cross
443392,60,BlockedShot,0.955,0.4179999923706055,0.21845300495624542,Harry Kane,h,647,OpenPlay,2021,RightFoot,16493,Tottenham,Leeds,2,1,2021-11-21 16:30:00,,TakeOn
443404,92,BlockedShot,0.7330000305175781,0.6509999847412109,0.021400799974799156,Harry Kane,h,647,OpenPlay,2021,RightFoot,16493,Tottenham,Leeds,2,1,2021-11-21 16:30:00,Ryan Sessegnon,Chipped
445751,48,SavedShot,0.8680000305175781,0.5890000152587891,0.3153580129146576,Harry Kane,h,647,OpenPlay,2021,LeftFoot,16515,Tottenham,Brentford,2,0,2021-12-02 19:30:00,Oliver Skipp,Pass
445752,50,BlockedShot,0.9680000305175781,0.4370000076293945,0.06081769987940788,Harry Kane,h,647,FromCorner,2021,Head,16515,Tottenham,Brentford,2,0,2021-12-02 19:30:00,Sergio Reguilón,Rebound
446735,28,MissedShots,0.87,0.5420000076293945,0.1025639995932579,Harry Kane,h,647,OpenPlay,2021,RightFoot,16522,Tottenham,Norwich,3,0,2021-12-05 14:00:00,Son Heung-Min,Rebound
446740,38,MissedShots,0.779000015258789,0.26399999618530273,0.03859100118279457,Harry Kane,h,647,OpenPlay,2021,RightFoot,16522,Tottenham,Norwich,3,0,2021-12-05 14:00:00,Lucas Moura,Pass
446743,47,MissedShots,0.9369999694824219,0.49700000762939456,0.12146899849176407,Harry Kane,h,647,FromCorner,2021,OtherBodyPart,16522,Tottenham,Norwich,3,0,2021-12-05 14:00:00,Son Heung-Min,Cross
446748,65,SavedShot,0.785,0.4779999923706055,0.049459099769592285,Harry Kane,h,647,OpenPlay,2021,RightFoot,16522,Tottenham,Norwich,3,0,2021-12-05 14:00:00,Matt Doherty,Pass
446751,73,SavedShot,0.7869999694824219,0.47200000762939454,0.054043300449848175,Harry Kane,h,647,OpenPlay,2021,LeftFoot,16522,Tottenham,Norwich,3,0,2021-12-05 14:00:00,Pierre-Emile Højbjerg,Pass
449808,12,BlockedShot,0.95,0.40599998474121096,0.10425899922847748,Harry Kane,h,647,OpenPlay,2021,RightFoot,16552,Tottenham,Liverpool,2,2,2021-12-19 16:30:00,Emerson,Cross
449809,12,Goal,0.914000015258789,0.3729999923706055,0.12379299849271774,Harry Kane,h,647,OpenPlay,2021,RightFoot,16552,Tottenham,Liverpool,2,2,2021-12-19 16:30:00,Tanguy NDombele Alvaro,Throughball
449823,47,BlockedShot,0.87,0.4129999923706055,0.09771540015935898,Harry Kane,h,647,OpenPlay,2021,LeftFoot,16552,Tottenham,Liverpool,2,2,2021-12-19 16:30:00,Emerson,Pass
449825,54,SavedShot,0.9059999847412109,0.485,0.47099700570106506,Harry Kane,h,647,OpenPlay,2021,LeftFoot,16552,Tottenham,Liverpool,2,2,2021-12-19 16:30:00,Dele Alli,Pass
449826,55,MissedShots,0.965,0.47299999237060547,0.48464998602867126,Harry Kane,h,647,FromCorner,2021,Head,16552,Tottenham,Liverpool,2,2,2021-12-19 16:30:00,,None
449832,95,SavedShot,0.8980000305175782,0.66,0.06055440008640289,Harry Kane,h,647,OpenPlay,2021,LeftFoot,16552,Tottenham,Liverpool,2,2,2021-12-19 16:30:00,,None
450559,31,Goal,0.905,0.45799999237060546,0.42807498574256897,Harry Kane,h,647,OpenPlay,2021,RightFoot,16563,Tottenham,Crystal Palace,3,0,2021-12-26 15:00:00,Lucas Moura,Pass
450562,56,MissedShots,0.9080000305175782,0.41900001525878905,0.05864829942584038,Harry Kane,h,647,FromCorner,2021,RightFoot,16563,Tottenham,Crystal Palace,3,0,2021-12-26 15:00:00,Son Heung-Min,Cross
450724,28,SavedShot,0.7290000152587891,0.47,0.0507081001996994,Harry Kane,a,647,DirectFreekick,2021,RightFoot,16575,Southampton,Tottenham,1,1,2021-12-28 15:00:00,,Standard
450727,40,Goal,0.885,0.5,0.7611690163612366,Harry Kane,a,647,Penalty,2021,RightFoot,16575,Southampton,Tottenham,1,1,2021-12-28 15:00:00,,Standard
450728,48,MissedShots,0.870999984741211,0.3120000076293945,0.031033599749207497,Harry Kane,a,647,OpenPlay,2021,LeftFoot,16575,Southampton,Tottenham,1,1,2021-12-28 15:00:00,Dele Alli,Cross
450748,93,MissedShots,0.9590000152587891,0.590999984741211,0.4033609926700592,Harry Kane,a,647,OpenPlay,2021,Head,16575,Southampton,Tottenham,1,1,2021-12-28 15:00:00,Harry Winks,Aerial
450964,18,SavedShot,0.8230000305175781,0.754000015258789,0.01805949956178665,Harry Kane,a,647,OpenPlay,2021,RightFoot,16585,Watford,Tottenham,0,1,2022-01-01 15:00:00,,None
450969,30,MissedShots,0.8159999847412109,0.5579999923706055,0.06125659868121147,Harry Kane,a,647,OpenPlay,2021,RightFoot,16585,Watford,Tottenham,0,1,2022-01-01 15:00:00,Oliver Skipp,BallRecovery
450973,49,BlockedShot,0.7969999694824219,0.6659999847412109,0.022495700046420097,Harry Kane,a,647,OpenPlay,2021,RightFoot,16585,Watford,Tottenham,0,1,2022-01-01 15:00:00,Sergio Reguilón,Pass
450975,51,SavedShot,0.754000015258789,0.4540000152587891,0.025503499433398247,Harry Kane,a,647,OpenPlay,2021,LeftFoot,16585,Watford,Tottenham,0,1,2022-01-01 15:00:00,Son Heung-Min,Pass
450982,71,BlockedShot,0.9290000152587891,0.5459999847412109,0.06294800341129303,Harry Kane,a,647,OpenPlay,2021,Head,16585,Watford,Tottenham,0,1,2022-01-01 15:00:00,Emerson,Aerial
450988,98,SavedShot,0.924000015258789,0.5329999923706055,0.07298020273447037,Harry Kane,a,647,OpenPlay,2021,Head,16585,Watford,Tottenham,0,1,2022-01-01 15:00:00,Emerson,Aerial
454164,8,BlockedShot,0.9230000305175782,0.67,0.07977239787578583,Harry Kane,a,647,OpenPlay,2021,LeftFoot,16540,Leicester,Tottenham,2,3,2022-01-19 19:30:00,,TakeOn
454165,11,BlockedShot,0.8059999847412109,0.720999984741211,0.06374549865722656,Harry Kane,a,647,DirectFreekick,2021,RightFoot,16540,Leicester,Tottenham,2,3,2022-01-19 19:30:00,,Standard
454167,15,MissedShots,0.9369999694824219,0.55,0.053580500185489655,Harry Kane,a,647,FromCorner,2021,Head,16540,Leicester,Tottenham,2,3,2022-01-19 19:30:00,Sergio Reguilón,Aerial
454169,17,ShotOnPost,0.9619999694824218,0.5220000076293946,0.09000570327043533,Harry Kane,a,647,FromCorner,2021,Head,16540,Leicester,Tottenham,2,3,2022-01-19 19:30:00,Harry Winks,Aerial
454179,37,Goal,0.894000015258789,0.42,0.5983030200004578,Harry Kane,a,647,OpenPlay,2021,LeftFoot,16540,Leicester,Tottenham,2,3,2022-01-19 19:30:00,Harry Winks,TakeOn
454180,40,MissedShots,0.8680000305175781,0.40599998474121096,0.43008100986480713,Harry Kane,a,647,OpenPlay,2021,RightFoot,16540,Leicester,Tottenham,2,3,2022-01-19 19:30:00,Lucas Moura,Dispossessed
454181,42,SavedShot,0.774000015258789,0.69,0.023063899949193,Harry Kane,a,647,OpenPlay,2021,RightFoot,16540,Leicester,Tottenham,2,3,2022-01-19 19:30:00,Sergio Reguilón,Pass
454185,52,MissedShots,0.735,0.38,0.011869899928569794,Harry Kane,a,647,OpenPlay,2021,RightFoot,16540,Leicester,Tottenham,2,3,2022-01-19 19:30:00,,TakeOn
454194,71,MissedShots,0.715,0.42900001525878906,0.018766799941658974,Harry Kane,a,647,OpenPlay,2021,RightFoot,16540,Leicester,Tottenham,2,3,2022-01-19 19:30:00,Harry Winks,Pass
454196,78,BlockedShot,0.8669999694824219,0.3940000152587891,0.06987640261650085,Harry Kane,a,647,OpenPlay,2021,RightFoot,16540,Leicester,Tottenham,2,3,2022-01-19 19:30:00,Matt Doherty,Pass
455312,85,SavedShot,0.895,0.45799999237060546,0.0471763014793396,Harry Kane,a,647,FromCorner,2021,Head,16598,Chelsea,Tottenham,2,0,2022-01-23 16:30:00,Harry Winks,Cross
456607,9,SavedShot,0.664000015258789,0.5990000152587891,0.015472300350666046,Harry Kane,h,647,SetPiece,2021,RightFoot,16613,Tottenham,Southampton,2,3,2022-02-09 19:45:00,Pierre-Emile Højbjerg,Pass
456628,53,MissedShots,0.97,0.45799999237060546,0.6060150265693665,Harry Kane,h,647,OpenPlay,2021,Head,16613,Tottenham,Southampton,2,3,2022-02-09 19:45:00,Sergio Reguilón,Cross
457512,19,MissedShots,0.75,0.3820000076293945,0.016970999538898468,Harry Kane,h,647,OpenPlay,2021,RightFoot,16624,Tottenham,Wolverhampton Wanderers,0,2,2022-02-13 14:00:00,Ben Davies,BallRecovery
457514,22,BlockedShot,0.9269999694824219,0.32799999237060545,0.044754598289728165,Harry Kane,h,647,OpenPlay,2021,LeftFoot,16624,Tottenham,Wolverhampton Wanderers,0,2,2022-02-13 14:00:00,Lucas Moura,Chipped
457519,48,SavedShot,0.9059999847412109,0.5420000076293945,0.052007000893354416,Harry Kane,h,647,OpenPlay,2021,Head,16624,Tottenham,Wolverhampton Wanderers,0,2,2022-02-13 14:00:00,Lucas Moura,Aerial
457521,48,SavedShot,0.7909999847412109,0.6930000305175781,0.06406120210886002,Harry Kane,h,647,DirectFreekick,2021,RightFoot,16624,Tottenham,Wolverhampton Wanderers,0,2,2022-02-13 14:00:00,,Standard
457523,56,SavedShot,0.925,0.6519999694824219,0.11680500209331512,Harry Kane,h,647,OpenPlay,2021,LeftFoot,16624,Tottenham,Wolverhampton Wanderers,0,2,2022-02-13 14:00:00,Son Heung-Min,Pass
457524,57,SavedShot,0.865999984741211,0.5429999923706055,0.03538540005683899,Harry Kane,h,647,OpenPlay,2021,Head,16624,Tottenham,Wolverhampton Wanderers,0,2,2022-02-13 14:00:00,,Aerial
457531,82,MissedShots,0.7569999694824219,0.39799999237060546,0.019231699407100677,Harry Kane,h,647,OpenPlay,2021,RightFoot,16624,Tottenham,Wolverhampton Wanderers,0,2,2022-02-13 14:00:00,,BallRecovery
457532,87,BlockedShot,0.909000015258789,0.46,0.06783760339021683,Harry Kane,h,647,OpenPlay,2021,Head,16624,Tottenham,Wolverhampton Wanderers,0,2,2022-02-13 14:00:00,Emerson,Pass
458475,58,Goal,0.9290000152587891,0.495,0.42374300956726074,Harry Kane,a,647,OpenPlay,2021,RightFoot,16632,Manchester City,Tottenham,2,3,2022-02-19 17:30:00,Son Heung-Min,Cross
458477,63,SavedShot,0.91,0.49599998474121093,0.4941459894180298,Harry Kane,a,647,OpenPlay,2021,RightFoot,16632,Manchester City,Tottenham,2,3,2022-02-19 17:30:00,Son Heung-Min,Pass
458485,94,Goal,0.9530000305175781,0.500999984741211,0.5849310159683228,Harry Kane,a,647,OpenPlay,2021,Head,16632,Manchester City,Tottenham,2,3,2022-02-19 17:30:00,Dejan Kulusevski,Cross
459174,42,BlockedShot,0.735,0.6719999694824219,0.013278700411319733,Harry Kane,a,647,OpenPlay,2021,RightFoot,16499,Burnley,Tottenham,1,0,2022-02-23 19:30:00,Ryan Sessegnon,Pass
459176,46,ShotOnPost,0.9259999847412109,0.500999984741211,0.06868539750576019,Harry Kane,a,647,SetPiece,2021,Head,16499,Burnley,Tottenham,1,0,2022-02-23 19:30:00,Son Heung-Min,Aerial
459179,59,MissedShots,0.740999984741211,0.295,0.014747099950909615,Harry Kane,a,647,OpenPlay,2021,LeftFoot,16499,Burnley,Tottenham,1,0,2022-02-23 19:30:00,Emerson,Pass
459529,6,MissedShots,0.8440000152587891,0.31799999237060544,0.040370598435401917,Harry Kane,a,647,OpenPlay,2021,RightFoot,16642,Leeds,Tottenham,0,4,2022-02-26 12:30:00,Dejan Kulusevski,Pass
459535,26,Goal,0.9780000305175781,0.595999984741211,0.3396089971065521,Harry Kane,a,647,OpenPlay,2021,LeftFoot,16642,Leeds,Tottenham,0,4,2022-02-26 12:30:00,Pierre-Emile Højbjerg,Chipped
462035,27,MissedShots,0.86,0.5670000076293945,0.33253398537635803,Harry Kane,h,647,OpenPlay,2021,LeftFoot,16653,Tottenham,Everton,5,0,2022-03-07 20:00:00,,Rebound
462037,34,BlockedShot,0.980999984741211,0.41200000762939454,0.07001139968633652,Harry Kane,h,647,FromCorner,2021,RightFoot,16653,Tottenham,Everton,5,0,2022-03-07 20:00:00,Son Heung-Min,CornerAwarded
462038,36,Goal,0.8190000152587891,0.5179999923706055,0.3739849925041199,Harry Kane,h,647,OpenPlay,2021,RightFoot,16653,Tottenham,Everton,5,0,2022-03-07 20:00:00,Matt Doherty,Throughball
462047,54,Goal,0.9369999694824219,0.655,0.13108700513839722,Harry Kane,h,647,OpenPlay,2021,LeftFoot,16653,Tottenham,Everton,5,0,2022-03-07 20:00:00,Matt Doherty,Throughball
462662,34,Goal,0.885,0.5,0.7611690163612366,Harry Kane,a,647,Penalty,2021,RightFoot,16663,Manchester United,Tottenham,3,2,2022-03-12 17:30:00,,Standard
462664,40,BlockedShot,0.77,0.664000015258789,0.02096020057797432,Harry Kane,a,647,OpenPlay,2021,RightFoot,16663,Manchester United,Tottenham,3,2,2022-03-12 17:30:00,Rodrigo Bentancur,Pass
463568,4,MissedShots,0.9540000152587891,0.6840000152587891,0.29899299144744873,Harry Kane,a,647,OpenPlay,2021,LeftFoot,16528,Brighton,Tottenham,0,2,2022-03-16 19:30:00,,BallRecovery
463569,14,MissedShots,0.8690000152587891,0.275,0.03751619905233383,Harry Kane,a,647,OpenPlay,2021,RightFoot,16528,Brighton,Tottenham,0,2,2022-03-16 19:30:00,Dejan Kulusevski,TakeOn
463577,38,BlockedShot,0.7280000305175781,0.5979999923706054,0.019639499485492706,Harry Kane,a,647,OpenPlay,2021,RightFoot,16528,Brighton,Tottenham,0,2,2022-03-16 19:30:00,Son Heung-Min,Pass
463583,47,MissedShots,0.7559999847412109,0.585,0.06392169743776321,Harry Kane,a,647,DirectFreekick,2021,RightFoot,16528,Brighton,Tottenham,0,2,2022-03-16 19:30:00,,Standard
463592,56,Goal,0.87,0.6759999847412109,0.44274601340293884,Harry Kane,a,647,OpenPlay,2021,LeftFoot,16528,Brighton,Tottenham,0,2,2022-03-16 19:30:00,Rodrigo Bentancur,Throughball
463597,87,SavedShot,0.8109999847412109,0.4470000076293945,0.07671909779310226,Harry Kane,a,647,OpenPlay,2021,RightFoot,16528,Brighton,Tottenham,0,2,2022-03-16 19:30:00,Pierre-Emile Højbjerg,Pass
464663,39,MissedShots,0.7619999694824219,0.7090000152587891,0.018315400928258896,Harry Kane,h,647,OpenPlay,2021,RightFoot,16673,Tottenham,West Ham,3,1,2022-03-20 16:30:00,Sergio Reguilón,Pass
464664,50,SavedShot,0.9540000152587891,0.605999984741211,0.5117149949073792,Harry Kane,h,647,OpenPlay,2021,RightFoot,16673,Tottenham,West Ham,3,1,2022-03-20 16:30:00,Son Heung-Min,Pass
464671,79,MissedShots,0.9059999847412109,0.4570000076293945,0.44827699661254883,Harry Kane,h,647,OpenPlay,2021,RightFoot,16673,Tottenham,West Ham,3,1,2022-03-20 16:30:00,Pierre-Emile Højbjerg,Throughball
465991,10,BlockedShot,0.7809999847412109,0.654000015258789,0.026516800746321678,Harry Kane,h,647,OpenPlay,2021,RightFoot,16678,Tottenham,Newcastle United,5,1,2022-04-03 15:30:00,Eric Dier,Pass
465992,13,MissedShots,0.8569999694824219,0.5270000076293946,0.10284899920225143,Harry Kane,h,647,OpenPlay,2021,RightFoot,16678,Tottenham,Newcastle United,5,1,2022-04-03 15:30:00,Dejan Kulusevski,Pass
466003,57,BlockedShot,0.9340000152587891,0.654000015258789,0.11282899975776672,Harry Kane,h,647,OpenPlay,2021,LeftFoot,16678,Tottenham,Newcastle United,5,1,2022-04-03 15:30:00,Son Heung-Min,Pass
466008,69,BlockedShot,0.8880000305175781,0.3240000152587891,0.08908730000257492,Harry Kane,h,647,OpenPlay,2021,RightFoot,16678,Tottenham,Newcastle United,5,1,2022-04-03 15:30:00,Dejan Kulusevski,Pass
466014,89,MissedShots,0.745999984741211,0.654000015258789,0.01894810050725937,Harry Kane,h,647,OpenPlay,2021,RightFoot,16678,Tottenham,Newcastle United,5,1,2022-04-03 15:30:00,Son Heung-Min,Pass
466860,2,MissedShots,0.8109999847412109,0.5279999923706055,0.050093598663806915,Harry Kane,a,647,OpenPlay,2021,RightFoot,16694,Aston Villa,Tottenham,0,4,2022-04-09 16:30:00,,None
466885,59,BlockedShot,0.93,0.34,0.10930799692869186,Harry Kane,a,647,OpenPlay,2021,RightFoot,16694,Aston Villa,Tottenham,0,4,2022-04-09 16:30:00,Emerson,Pass
467921,0,MissedShots,0.7140000152587891,0.395,0.013279699720442295,Harry Kane,h,647,OpenPlay,2021,RightFoot,16699,Tottenham,Brighton,0,1,2022-04-16 11:30:00,Emerson,BallRecovery
470173,38,MissedShots,0.764000015258789,0.3110000038146973,0.01593869924545288,Harry Kane,a,647,OpenPlay,2021,RightFoot,16714,Brentford,Tottenham,0,0,2022-04-23 16:30:00,Son Heung-Min,Pass
470176,51,BlockedShot,0.8619999694824219,0.3890000152587891,0.08136879652738571,Harry Kane,a,647,OpenPlay,2021,RightFoot,16714,Brentford,Tottenham,0,0,2022-04-23 16:30:00,Cristian Romero,Pass
470177,54,BlockedShot,0.9180000305175782,0.43900001525878907,0.13663199543952942,Harry Kane,a,647,OpenPlay,2021,RightFoot,16714,Brentford,Tottenham,0,0,2022-04-23 16:30:00,Emerson,Pass
470189,91,MissedShots,0.9219999694824219,0.68,0.02681180089712143,Harry Kane,a,647,OpenPlay,2021,RightFoot,16714,Brentford,Tottenham,0,0,2022-04-23 16:30:00,Dejan Kulusevski,Cross
472044,21,Goal,0.9209999847412109,0.47900001525878905,0.31747400760650635,Harry Kane,h,647,FromCorner,2021,Head,16719,Tottenham,Leicester,3,1,2022-05-01 13:00:00,Son Heung-Min,Cross
472045,32,SavedShot,0.8730000305175781,0.4420000076293945,0.38364601135253906,Harry Kane,h,647,OpenPlay,2021,RightFoot,16719,Tottenham,Leicester,3,1,2022-05-01 13:00:00,,BallRecovery
472051,63,SavedShot,0.9009999847412109,0.73,0.08316779881715775,Harry Kane,h,647,OpenPlay,2021,LeftFoot,16719,Tottenham,Leicester,3,1,2022-05-01 13:00:00,Ben Davies,Chipped
472057,91,MissedShots,0.8109999847412109,0.4540000152587891,0.09142190217971802,Harry Kane,h,647,OpenPlay,2021,RightFoot,16719,Tottenham,Leicester,3,1,2022-05-01 13:00:00,,TakeOn
473763,11,BlockedShot,0.9069999694824219,0.6569999694824219,0.053338099271059036,Harry Kane,a,647,OpenPlay,2021,LeftFoot,16728,Liverpool,Tottenham,1,1,2022-05-07 18:45:00,Pierre-Emile Højbjerg,Chipped
475373,21,Goal,0.885,0.5,0.7611690163612366,Harry Kane,h,647,Penalty,2021,RightFoot,16593,Tottenham,Arsenal,3,0,2022-05-12 18:45:00,,Standard
475374,26,BlockedShot,0.8690000152587891,0.41200000762939454,0.18147200345993042,Harry Kane,h,647,OpenPlay,2021,RightFoot,16593,Tottenham,Arsenal,3,0,2022-05-12 18:45:00,Son Heung-Min,TakeOn
475377,35,MissedShots,0.894000015258789,0.5940000152587891,0.04067410156130791,Harry Kane,h,647,SetPiece,2021,Head,16593,Tottenham,Arsenal,3,0,2022-05-12 18:45:00,Son Heung-Min,Cross
475379,36,Goal,0.9819999694824219,0.5420000076293945,0.623196005821228,Harry Kane,h,647,FromCorner,2021,Head,16593,Tottenham,Arsenal,3,0,2022-05-12 18:45:00,Rodrigo Bentancur,Rebound
475380,41,BlockedShot,0.8469999694824218,0.595999984741211,0.07999789714813232,Harry Kane,h,647,OpenPlay,2021,RightFoot,16593,Tottenham,Arsenal,3,0,2022-05-12 18:45:00,Ben Davies,BallTouch
475387,61,SavedShot,0.6909999847412109,0.43900001525878907,0.021838199347257614,Harry Kane,h,647,OpenPlay,2021,RightFoot,16593,Tottenham,Arsenal,3,0,2022-05-12 18:45:00,Rodrigo Bentancur,Pass
475389,69,BlockedShot,0.8980000305175782,0.35400001525878905,0.0935622975230217,Harry Kane,h,647,OpenPlay,2021,RightFoot,16593,Tottenham,Arsenal,3,0,2022-05-12 18:45:00,Davinson Sánchez,Pass
475391,73,SavedShot,0.919000015258789,0.585999984741211,0.03185210004448891,Harry Kane,h,647,OpenPlay,2021,Head,16593,Tottenham,Arsenal,3,0,2022-05-12 18:45:00,,Aerial
475394,83,BlockedShot,0.7830000305175782,0.5929999923706055,0.048692598938941956,Harry Kane,h,647,OpenPlay,2021,LeftFoot,16593,Tottenham,Arsenal,3,0,2022-05-12 18:45:00,Pierre-Emile Højbjerg,Pass
476249,12,SavedShot,0.9209999847412109,0.5,0.1272049993276596,Harry Kane,h,647,OpenPlay,2021,Head,16739,Tottenham,Burnley,1,0,2022-05-15 11:00:00,Lucas Moura,Cross
476251,16,BlockedShot,0.9519999694824218,0.43,0.3787379860877991,Harry Kane,h,647,OpenPlay,2021,Head,16739,Tottenham,Burnley,1,0,2022-05-15 11:00:00,Ryan Sessegnon,Cross
476256,45,MissedShots,0.7119999694824218,0.42200000762939455,0.01564829982817173,Harry Kane,h,647,OpenPlay,2021,RightFoot,16739,Tottenham,Burnley,1,0,2022-05-15 11:00:00,Lucas Moura,Pass
476258,52,Goal,0.885,0.5,0.7611690163612366,Harry Kane,h,647,Penalty,2021,RightFoot,16739,Tottenham,Burnley,1,0,2022-05-15 11:00:00,,Standard
476261,55,BlockedShot,0.9109999847412109,0.3679999923706055,0.07255219668149948,Harry Kane,h,647,OpenPlay,2021,LeftFoot,16739,Tottenham,Burnley,1,0,2022-05-15 11:00:00,Ryan Sessegnon,Cross
476263,56,MissedShots,0.799000015258789,0.485,0.062213100492954254,Harry Kane,h,647,OpenPlay,2021,RightFoot,16739,Tottenham,Burnley,1,0,2022-05-15 11:00:00,Son Heung-Min,Pass
477961,2,BlockedShot,0.8290000152587891,0.6969999694824218,0.02781590074300766,Harry Kane,a,647,OpenPlay,2021,RightFoot,16755,Norwich,Tottenham,0,5,2022-05-22 15:00:00,Ryan Sessegnon,Pass
477963,8,SavedShot,0.8419999694824218,0.46900001525878904,0.06568039953708649,Harry Kane,a,647,OpenPlay,2021,LeftFoot,16755,Norwich,Tottenham,0,5,2022-05-22 15:00:00,,None
477964,10,SavedShot,0.9540000152587891,0.355,0.09794709831476212,Harry Kane,a,647,OpenPlay,2021,RightFoot,16755,Norwich,Tottenham,0,5,2022-05-22 15:00:00,Pierre-Emile Højbjerg,Pass
477965,11,BlockedShot,0.850999984741211,0.44299999237060544,0.051857899874448776,Harry Kane,a,647,FromCorner,2021,RightFoot,16755,Norwich,Tottenham,0,5,2022-05-22 15:00:00,Son Heung-Min,Pass
477968,31,Goal,0.924000015258789,0.45799999237060546,0.37407800555229187,Harry Kane,a,647,OpenPlay,2021,Head,16755,Norwich,Tottenham,0,5,2022-05-22 15:00:00,Rodrigo Bentancur,Cross
477974,45,SavedShot,0.904000015258789,0.41900001525878905,0.04855149984359741,Harry Kane,a,647,OpenPlay,2021,Head,16755,Norwich,Tottenham,0,5,2022-05-22 15:00:00,Ryan Sessegnon,Cross
477987,86,MissedShots,0.82,0.3390000152587891,0.04079670086503029,Harry Kane,a,647,OpenPlay,2021,RightFoot,16755,Norwich,Tottenham,0,5,2022-05-22 15:00:00,Steven Bergwijn,Pass
479331,46,SavedShot,0.9390000152587891,0.3940000152587891,0.1343490034341812,Harry Kane,h,647,OpenPlay,2022,RightFoot,18207,Tottenham,Southampton,4,1,2022-08-06 14:00:00,Emerson,Pass
479347,90,SavedShot,0.43200000762939456,0.445,0.008696340024471283,Harry Kane,h,647,OpenPlay,2022,RightFoot,18207,Tottenham,Southampton,4,1,2022-08-06 14:00:00,Yves Bissouma,BallRecovery
481015,60,MissedShots,0.8540000152587891,0.4279999923706055,0.30983400344848633,Harry Kane,a,647,OpenPlay,2022,RightFoot,18220,Chelsea,Tottenham,2,2,2022-08-14 15:30:00,Pierre-Emile Højbjerg,Throughball
481022,90,MissedShots,0.95,0.63,0.031362999230623245,Harry Kane,a,647,OpenPlay,2022,Head,18220,Chelsea,Tottenham,2,2,2022-08-14 15:30:00,,None
481025,95,Goal,0.955999984741211,0.4779999923706055,0.4884519875049591,Harry Kane,a,647,FromCorner,2022,Head,18220,Chelsea,Tottenham,2,2,2022-08-14 15:30:00,Ivan Perisic,Cross
481627,44,SavedShot,0.88,0.5179999923706055,0.032299499958753586,Harry Kane,h,647,OpenPlay,2022,Head,18222,Tottenham,Wolverhampton Wanderers,1,0,2022-08-20 11:30:00,Ivan Perisic,Aerial
481633,50,ShotOnPost,0.8980000305175782,0.45099998474121095,0.2155500054359436,Harry Kane,h,647,OpenPlay,2022,Head,18222,Tottenham,Wolverhampton Wanderers,1,0,2022-08-20 11:30:00,Dejan Kulusevski,Cross
481638,61,BlockedShot,0.8490000152587891,0.43,0.1194550022482872,Harry Kane,h,647,OpenPlay,2022,LeftFoot,18222,Tottenham,Wolverhampton Wanderers,1,0,2022-08-20 11:30:00,Dejan Kulusevski,Pass
481640,63,Goal,0.9730000305175781,0.4759999847412109,0.5369009971618652,Harry Kane,h,647,FromCorner,2022,Head,18222,Tottenham,Wolverhampton Wanderers,1,0,2022-08-20 11:30:00,Ivan Perisic,HeadPass
484468,4,Goal,0.8209999847412109,0.4329999923706055,0.06352510303258896,Harry Kane,a,647,OpenPlay,2022,RightFoot,18241,Nottingham Forest,Tottenham,0,2,2022-08-28 15:30:00,Dejan Kulusevski,Pass
484475,17,MissedShots,0.8530000305175781,0.67,0.08643539994955063,Harry Kane,a,647,OpenPlay,2022,RightFoot,18241,Nottingham Forest,Tottenham,0,2,2022-08-28 15:30:00,Son Heung-Min,Pass
484481,48,BlockedShot,0.8130000305175781,0.44599998474121094,0.06092739850282669,Harry Kane,a,647,OpenPlay,2022,RightFoot,18241,Nottingham Forest,Tottenham,0,2,2022-08-28 15:30:00,Dejan Kulusevski,Pass
484484,55,SavedShot,0.885,0.5,0.7611690163612366,Harry Kane,a,647,Penalty,2022,RightFoot,18241,Nottingham Forest,Tottenham,0,2,2022-08-28 15:30:00,,Standard
484492,77,SavedShot,0.355,0.5420000076293945,0.006248930003494024,Harry Kane,a,647,OpenPlay,2022,LeftFoot,18241,Nottingham Forest,Tottenham,0,2,2022-08-28 15:30:00,Pierre-Emile Højbjerg,Pass
484495,80,Goal,0.9490000152587891,0.45799999237060546,0.5086269974708557,Harry Kane,a,647,OpenPlay,2022,Head,18241,Nottingham Forest,Tottenham,0,2,2022-08-28 15:30:00,Richarlison,Cross
485273,10,BlockedShot,0.9080000305175782,0.4279999923706055,0.061387501657009125,Harry Kane,a,647,OpenPlay,2022,Head,18249,West Ham,Tottenham,1,1,2022-08-31 18:45:00,Ivan Perisic,Cross
485278,26,SavedShot,0.795,0.8230000305175781,0.017811400815844536,Harry Kane,a,647,OpenPlay,2022,RightFoot,18249,West Ham,Tottenham,1,1,2022-08-31 18:45:00,Ben Davies,Pass
485288,58,BlockedShot,0.9130000305175782,0.48,0.11159899830818176,Harry Kane,a,647,OpenPlay,2022,Head,18249,West Ham,Tottenham,1,1,2022-08-31 18:45:00,Ben Davies,Cross
485293,76,BlockedShot,0.95,0.3160000038146973,0.06251309812068939,Harry Kane,a,647,OpenPlay,2022,RightFoot,18249,West Ham,Tottenham,1,1,2022-08-31 18:45:00,Richarlison,Pass
485295,80,SavedShot,0.8469999694824218,0.495,0.033254899084568024,Harry Kane,a,647,OpenPlay,2022,RightFoot,18249,West Ham,Tottenham,1,1,2022-08-31 18:45:00,,Aerial
485881,6,SavedShot,0.8190000152587891,0.5270000076293946,0.06517340242862701,Harry Kane,h,647,OpenPlay,2022,RightFoot,18255,Tottenham,Fulham,2,1,2022-09-03 14:00:00,Rodrigo Bentancur,Pass
485894,48,BlockedShot,0.8490000152587891,0.5220000076293946,0.09492439776659012,Harry Kane,h,647,OpenPlay,2022,RightFoot,18255,Tottenham,Fulham,2,1,2022-09-03 14:00:00,Son Heung-Min,Pass
485907,74,Goal,0.9630000305175781,0.47299999237060547,0.718504011631012,Harry Kane,h,647,OpenPlay,2022,LeftFoot,18255,Tottenham,Fulham,2,1,2022-09-03 14:00:00,,Rebound
488926,7,Goal,0.9769999694824218,0.545,0.5270509719848633,Harry Kane,h,647,FromCorner,2022,Head,18278,Tottenham,Leicester,6,2,2022-09-17 16:30:00,Dejan Kulusevski,Cross
488953,82,BlockedShot,0.8319999694824218,0.3970000076293945,0.10917799919843674,Harry Kane,h,647,OpenPlay,2022,RightFoot,18278,Tottenham,Leicester,6,2,2022-09-17 16:30:00,Pierre-Emile Højbjerg,Pass
489837,30,Goal,0.885,0.5,0.7611690163612366,Harry Kane,a,647,Penalty,2022,RightFoot,18282,Arsenal,Tottenham,3,1,2022-10-01 11:30:00,,Standard
489838,37,SavedShot,0.9180000305175782,0.4540000152587891,0.14809399843215942,Harry Kane,a,647,OpenPlay,2022,Head,18282,Arsenal,Tottenham,3,1,2022-10-01 11:30:00,Ivan Perisic,Cross
489854,77,BlockedShot,0.7709999847412109,0.6769999694824219,0.020664799958467484,Harry Kane,a,647,SetPiece,2022,RightFoot,18282,Arsenal,Tottenham,3,1,2022-10-01 11:30:00,Eric Dier,Pass
491797,8,BlockedShot,0.8209999847412109,0.3129999923706055,0.054584801197052,Harry Kane,a,647,OpenPlay,2022,LeftFoot,18294,Brighton,Tottenham,0,1,2022-10-08 16:30:00,Pierre-Emile Højbjerg,Pass
491803,21,Goal,0.9309999847412109,0.4490000152587891,0.4680260121822357,Harry Kane,a,647,FromCorner,2022,OtherBodyPart,18294,Brighton,Tottenham,0,1,2022-10-08 16:30:00,Son Heung-Min,Pass
491812,61,MissedShots,0.8780000305175781,0.3870000076293945,0.08149109780788422,Harry Kane,a,647,OpenPlay,2022,RightFoot,18294,Brighton,Tottenham,0,1,2022-10-08 16:30:00,Cristian Romero,BallRecovery
491815,71,MissedShots,0.8680000305175781,0.3820000076293945,0.018368199467658997,Harry Kane,a,647,SetPiece,2022,Head,18294,Brighton,Tottenham,0,1,2022-10-08 16:30:00,Son Heung-Min,Cross
493262,4,MissedShots,0.9080000305175782,0.595999984741211,0.043293800204992294,Harry Kane,h,647,OpenPlay,2022,Head,18310,Tottenham,Everton,2,0,2022-10-15 16:30:00,Son Heung-Min,Cross
493265,21,BlockedShot,0.799000015258789,0.664000015258789,0.027528900653123856,Harry Kane,h,647,OpenPlay,2022,RightFoot,18310,Tottenham,Everton,2,0,2022-10-15 16:30:00,Ben Davies,Pass
493270,30,SavedShot,0.9580000305175781,0.40900001525878904,0.2827030122280121,Harry Kane,h,647,OpenPlay,2022,LeftFoot,18310,Tottenham,Everton,2,0,2022-10-15 16:30:00,Ivan Perisic,TakeOn
493276,52,SavedShot,0.89,0.38,0.0763695016503334,Harry Kane,h,647,OpenPlay,2022,RightFoot,18310,Tottenham,Everton,2,0,2022-10-15 16:30:00,Ben Davies,Chipped
493281,58,Goal,0.885,0.5,0.7611690163612366,Harry Kane,h,647,Penalty,2022,RightFoot,18310,Tottenham,Everton,2,0,2022-10-15 16:30:00,,Standard
493283,69,SavedShot,0.860999984741211,0.4640000152587891,0.11710900068283081,Harry Kane,h,647,OpenPlay,2022,LeftFoot,18310,Tottenham,Everton,2,0,2022-10-15 16:30:00,Cristian Romero,Pass
493284,73,BlockedShot,0.87,0.6840000152587891,0.08772650361061096,Harry Kane,h,647,OpenPlay,2022,LeftFoot,18310,Tottenham,Everton,2,0,2022-10-15 16:30:00,Yves Bissouma,Pass
494521,44,SavedShot,0.9309999847412109,0.29600000381469727,0.053260598331689835,Harry Kane,a,647,OpenPlay,2022,RightFoot,18321,Manchester United,Tottenham,2,0,2022-10-19 19:15:00,Matt Doherty,Pass
494524,49,BlockedShot,0.8040000152587891,0.4779999923706055,0.01973690092563629,Harry Kane,a,647,OpenPlay,2022,RightFoot,18321,Manchester United,Tottenham,2,0,2022-10-19 19:15:00,Son Heung-Min,Aerial
494529,67,SavedShot,0.97,0.41900001525878905,0.4207319915294647,Harry Kane,a,647,OpenPlay,2022,RightFoot,18321,Manchester United,Tottenham,2,0,2022-10-19 19:15:00,Ben Davies,HeadPass
495769,14,BlockedShot,0.915,0.549000015258789,0.05011089891195297,Harry Kane,h,647,OpenPlay,2022,Head,18329,Tottenham,Newcastle United,1,2,2022-10-23 15:30:00,Ryan Sessegnon,Aerial
495776,27,BlockedShot,0.735,0.46700000762939453,0.019943300634622574,Harry Kane,h,647,OpenPlay,2022,LeftFoot,18329,Tottenham,Newcastle United,1,2,2022-10-23 15:30:00,Emerson,HeadPass
495777,28,SavedShot,0.9069999694824219,0.6480000305175782,0.12244299799203873,Harry Kane,h,647,OpenPlay,2022,LeftFoot,18329,Tottenham,Newcastle United,1,2,2022-10-23 15:30:00,Rodrigo Bentancur,BallRecovery
495787,53,Goal,0.9819999694824219,0.45099998474121095,0.5081639885902405,Harry Kane,h,647,FromCorner,2022,Head,18329,Tottenham,Newcastle United,1,2,2022-10-23 15:30:00,Clement Lenglet,HeadPass
495793,86,MissedShots,0.875,0.5379999923706055,0.019843900576233864,Harry Kane,h,647,OpenPlay,2022,Head,18329,Tottenham,Newcastle United,1,2,2022-10-23 15:30:00,Ivan Perisic,Aerial
496592,7,MissedShots,0.9359999847412109,0.565,0.09484019875526428,Harry Kane,a,647,FromCorner,2022,Head,18333,Bournemouth,Tottenham,2,3,2022-10-29 14:00:00,Son Heung-Min,Cross
496607,71,MissedShots,0.915,0.49400001525878906,0.04270470142364502,Harry Kane,a,647,OpenPlay,2022,Head,18333,Bournemouth,Tottenham,2,3,2022-10-29 14:00:00,Ryan Sessegnon,Aerial
496609,74,SavedShot,0.96,0.4879999923706055,0.46733999252319336,Harry Kane,a,647,FromCorner,2022,Head,18333,Bournemouth,Tottenham,2,3,2022-10-29 14:00:00,Son Heung-Min,Aerial
498853,67,MissedShots,0.8830000305175781,0.63,0.01824679970741272,Harry Kane,h,647,SetPiece,2022,Head,18349,Tottenham,Liverpool,1,2,2022-11-06 16:30:00,Ivan Perisic,Cross
498854,69,Goal,0.9259999847412109,0.34799999237060547,0.08863569796085358,Harry Kane,h,647,OpenPlay,2022,RightFoot,18349,Tottenham,Liverpool,1,2,2022-11-06 16:30:00,Dejan Kulusevski,Pass
498859,88,MissedShots,0.9009999847412109,0.5690000152587891,0.05549890175461769,Harry Kane,h,647,OpenPlay,2022,Head,18349,Tottenham,Liverpool,1,2,2022-11-06 16:30:00,Ivan Perisic,Cross
500126,24,Goal,0.9209999847412109,0.545,0.49036699533462524,Harry Kane,h,647,FromCorner,2022,RightFoot,18359,Tottenham,Leeds,4,3,2022-11-12 15:00:00,,None
500133,50,BlockedShot,0.9119999694824219,0.45799999237060546,0.12213999778032303,Harry Kane,h,647,OpenPlay,2022,RightFoot,18359,Tottenham,Leeds,4,3,2022-11-12 15:00:00,Dejan Kulusevski,Pass
500146,84,BlockedShot,0.8240000152587891,0.38299999237060545,0.05665779858827591,Harry Kane,h,647,OpenPlay,2022,RightFoot,18359,Tottenham,Leeds,4,3,2022-11-12 15:00:00,Dejan Kulusevski,Pass
500910,11,BlockedShot,0.7519999694824219,0.455,0.06499409675598145,Harry Kane,a,647,DirectFreekick,2022,RightFoot,18364,Brentford,Tottenham,2,2,2022-12-26 12:30:00,,Standard
500922,64,Goal,0.889000015258789,0.4540000152587891,0.040967199951410294,Harry Kane,a,647,OpenPlay,2022,Head,18364,Brentford,Tottenham,2,2,2022-12-26 12:30:00,Clement Lenglet,Aerial
500926,72,MissedShots,0.9,0.545,0.09518200159072876,Harry Kane,a,647,OpenPlay,2022,Head,18364,Brentford,Tottenham,2,2,2022-12-26 12:30:00,Son Heung-Min,Cross
500927,76,MissedShots,0.9180000305175782,0.4909999847412109,0.11766400188207626,Harry Kane,a,647,OpenPlay,2022,RightFoot,18364,Brentford,Tottenham,2,2,2022-12-26 12:30:00,Matt Doherty,HeadPass
500930,83,SavedShot,0.924000015258789,0.5270000076293946,0.07126150280237198,Harry Kane,a,647,OpenPlay,2022,Head,18364,Brentford,Tottenham,2,2,2022-12-26 12:30:00,Clement Lenglet,Aerial
501925,39,BlockedShot,0.905,0.5329999923706055,0.050187498331069946,Harry Kane,h,647,OpenPlay,2022,Head,18379,Tottenham,Aston Villa,0,2,2023-01-01 14:00:00,Ivan Perisic,Aerial
501934,67,MissedShots,0.865999984741211,0.4470000076293945,0.06980709731578827,Harry Kane,h,647,OpenPlay,2022,LeftFoot,18379,Tottenham,Aston Villa,0,2,2023-01-01 14:00:00,Son Heung-Min,HeadPass
502544,24,MissedShots,0.8590000152587891,0.5179999923706055,0.02351219952106476,Harry Kane,a,647,OpenPlay,2022,Head,18386,Crystal Palace,Tottenham,0,4,2023-01-04 20:00:00,Matt Doherty,Cross
502552,43,BlockedShot,0.7859999847412109,0.41900001525878905,0.031856101006269455,Harry Kane,a,647,OpenPlay,2022,RightFoot,18386,Crystal Palace,Tottenham,0,4,2023-01-04 20:00:00,,None
502556,47,Goal,0.9790000152587891,0.43900001525878907,0.5544919967651367,Harry Kane,a,647,OpenPlay,2022,Head,18386,Crystal Palace,Tottenham,0,4,2023-01-04 20:00:00,Ivan Perisic,Cross
502558,52,Goal,0.919000015258789,0.3340000152587891,0.09467460215091705,Harry Kane,a,647,OpenPlay,2022,RightFoot,18386,Crystal Palace,Tottenham,0,4,2023-01-04 20:00:00,Bryan Gil Salvatierra,Pass
504167,47,SavedShot,0.9259999847412109,0.47400001525878904,0.3293440043926239,Harry Kane,h,647,OpenPlay,2022,Head,18400,Tottenham,Arsenal,0,2,2023-01-15 16:30:00,Pierre-Emile Højbjerg,Cross
504170,49,SavedShot,0.835,0.3320000076293945,0.04928309842944145,Harry Kane,h,647,OpenPlay,2022,RightFoot,18400,Tottenham,Arsenal,0,2,2023-01-15 16:30:00,Dejan Kulusevski,Pass
504172,52,SavedShot,0.904000015258789,0.6020000076293945,0.0335954986512661,Harry Kane,h,647,OpenPlay,2022,Head,18400,Tottenham,Arsenal,0,2,2023-01-15 16:30:00,Pierre-Emile Højbjerg,Aerial
504176,65,BlockedShot,0.915,0.3729999923706055,0.09406740218400955,Harry Kane,h,647,OpenPlay,2022,RightFoot,18400,Tottenham,Arsenal,0,2,2023-01-15 16:30:00,Son Heung-Min,Pass
504353,36,BlockedShot,0.8859999847412109,0.37900001525878907,0.09746260195970535,Harry Kane,a,647,OpenPlay,2022,RightFoot,18267,Manchester City,Tottenham,4,2,2023-01-19 19:00:00,Dejan Kulusevski,Pass
504358,46,MissedShots,0.9830000305175781,0.30700000762939456,0.06782349944114685,Harry Kane,a,647,OpenPlay,2022,RightFoot,18267,Manchester City,Tottenham,4,2,2023-01-19 19:00:00,,Tackle
504366,61,MissedShots,0.779000015258789,0.6719999694824219,0.02135859988629818,Harry Kane,a,647,OpenPlay,2022,LeftFoot,18267,Manchester City,Tottenham,4,2,2023-01-19 19:00:00,Dejan Kulusevski,Pass
505291,32,MissedShots,0.725999984741211,0.3370000076293945,0.0185674000531435,Harry Kane,a,647,OpenPlay,2022,RightFoot,18405,Fulham,Tottenham,0,1,2023-01-23 20:00:00,Rodrigo Bentancur,Pass
505295,43,BlockedShot,0.784000015258789,0.355,0.07317639887332916,Harry Kane,a,647,DirectFreekick,2022,RightFoot,18405,Fulham,Tottenham,0,1,2023-01-23 20:00:00,,Standard
505297,45,Goal,0.815,0.5379999923706055,0.06552550196647644,Harry Kane,a,647,OpenPlay,2022,RightFoot,18405,Fulham,Tottenham,0,1,2023-01-23 20:00:00,Son Heung-Min,Pass
505299,56,SavedShot,0.96,0.48700000762939455,0.47570499777793884,Harry Kane,a,647,FromCorner,2022,Head,18405,Fulham,Tottenham,0,1,2023-01-23 20:00:00,Ben Davies,HeadPass
505300,59,BlockedShot,0.855999984741211,0.62,0.052334800362586975,Harry Kane,a,647,FromCorner,2022,RightFoot,18405,Fulham,Tottenham,0,1,2023-01-23 20:00:00,,TakeOn
505302,78,MissedShots,0.88,0.4370000076293945,0.09115099906921387,Harry Kane,a,647,OpenPlay,2022,RightFoot,18405,Fulham,Tottenham,0,1,2023-01-23 20:00:00,Eric Dier,HeadPass
507747,14,Goal,0.8880000305175781,0.4490000152587891,0.39588499069213867,Harry Kane,h,647,OpenPlay,2022,RightFoot,18420,Tottenham,Manchester City,1,0,2023-02-05 16:30:00,Pierre-Emile Højbjerg,Pass
507753,42,BlockedShot,0.915,0.42400001525878905,0.11002500355243683,Harry Kane,h,647,FromCorner,2022,RightFoot,18420,Tottenham,Manchester City,1,0,2023-02-05 16:30:00,,Rebound
507757,46,MissedShots,0.8690000152587891,0.455,0.0995313972234726,Harry Kane,h,647,OpenPlay,2022,LeftFoot,18420,Tottenham,Manchester City,1,0,2023-02-05 16:30:00,Emerson,Foul
507763,68,MissedShots,0.860999984741211,0.2670000076293945,0.06754159927368164,Harry Kane,h,647,OpenPlay,2022,RightFoot,18420,Tottenham,Manchester City,1,0,2023-02-05 16:30:00,Rodrigo Bentancur,Pass
507764,69,SavedShot,0.919000015258789,0.5840000152587891,0.4549829959869385,Harry Kane,h,647,OpenPlay,2022,RightFoot,18420,Tottenham,Manchester City,1,0,2023-02-05 16:30:00,Son Heung-Min,TakeOn
508524,89,SavedShot,0.85,0.43599998474121093,0.05287560075521469,Harry Kane,a,647,OpenPlay,2022,RightFoot,18427,Leicester,Tottenham,4,1,2023-02-11 15:00:00,,None
510355,17,BlockedShot,0.7180000305175781,0.41200000762939454,0.013153700157999992,Harry Kane,h,647,OpenPlay,2022,RightFoot,18440,Tottenham,West Ham,2,0,2023-02-19 16:30:00,Dejan Kulusevski,Pass
510361,47,MissedShots,0.7440000152587891,0.624000015258789,0.034091200679540634,Harry Kane,h,647,OpenPlay,2022,RightFoot,18440,Tottenham,West Ham,2,0,2023-02-19 16:30:00,,TakeOn
510363,48,MissedShots,0.91,0.32599998474121095,0.31053200364112854,Harry Kane,h,647,OpenPlay,2022,RightFoot,18440,Tottenham,West Ham,2,0,2023-02-19 16:30:00,,None
511218,19,MissedShots,0.7869999694824219,0.629000015258789,0.02397329919040203,Harry Kane,h,647,OpenPlay,2022,LeftFoot,18450,Tottenham,Chelsea,2,0,2023-02-26 13:30:00,Ben Davies,HeadPass
511230,81,Goal,0.9669999694824218,0.5529999923706055,0.5978720188140869,Harry Kane,h,647,FromCorner,2022,RightFoot,18450,Tottenham,Chelsea,2,0,2023-02-26 13:30:00,Eric Dier,Rebound
512135,52,BlockedShot,0.78,0.5329999923706055,0.09420890361070633,Harry Kane,a,647,DirectFreekick,2022,RightFoot,18461,Wolverhampton Wanderers,Tottenham,1,0,2023-03-04 15:00:00,,Standard
512145,75,MissedShots,0.8209999847412109,0.38299999237060545,0.050071798264980316,Harry Kane,a,647,OpenPlay,2022,RightFoot,18461,Wolverhampton Wanderers,Tottenham,1,0,2023-03-04 15:00:00,Pedro Porro,Pass
512146,79,BlockedShot,0.9640000152587891,0.41,0.10525800287723541,Harry Kane,a,647,OpenPlay,2022,RightFoot,18461,Wolverhampton Wanderers,Tottenham,1,0,2023-03-04 15:00:00,Lucas Moura,Chipped
512151,87,MissedShots,0.9390000152587891,0.38599998474121094,0.03622699901461601,Harry Kane,a,647,FromCorner,2022,Head,18461,Wolverhampton Wanderers,Tottenham,1,0,2023-03-04 15:00:00,,None
513492,18,Goal,0.905,0.5520000076293945,0.04760200157761574,Harry Kane,h,647,OpenPlay,2022,Head,18470,Tottenham,Nottingham Forest,3,1,2023-03-11 15:00:00,Pedro Porro,Aerial
513494,28,SavedShot,0.8880000305175781,0.41900001525878905,0.07920689880847931,Harry Kane,h,647,SetPiece,2022,RightFoot,18470,Tottenham,Nottingham Forest,3,1,2023-03-11 15:00:00,Son Heung-Min,Chipped
513497,34,Goal,0.885,0.5,0.7611690163612366,Harry Kane,h,647,Penalty,2022,RightFoot,18470,Tottenham,Nottingham Forest,3,1,2023-03-11 15:00:00,,Standard
513498,43,MissedShots,0.96,0.42200000762939455,0.059513699263334274,Harry Kane,h,647,OpenPlay,2022,Head,18470,Tottenham,Nottingham Forest,3,1,2023-03-11 15:00:00,Pedro Porro,Aerial
515000,23,BlockedShot,0.9169999694824219,0.3579999923706055,0.11251699924468994,Harry Kane,a,647,OpenPlay,2022,LeftFoot,18480,Southampton,Tottenham,3,3,2023-03-18 15:00:00,Dejan Kulusevski,Pass
515002,31,BlockedShot,0.875,0.45599998474121095,0.0812373012304306,Harry Kane,a,647,OpenPlay,2022,RightFoot,18480,Southampton,Tottenham,3,3,2023-03-18 15:00:00,Ben Davies,Cross
515014,59,MissedShots,0.7930000305175782,0.3990000152587891,0.05986339971423149,Harry Kane,a,647,OpenPlay,2022,RightFoot,18480,Southampton,Tottenham,3,3,2023-03-18 15:00:00,Pierre-Emile Højbjerg,Pass
515017,64,Goal,0.9569999694824218,0.534000015258789,0.5301960110664368,Harry Kane,a,647,OpenPlay,2022,Head,18480,Southampton,Tottenham,3,3,2023-03-18 15:00:00,Dejan Kulusevski,Aerial
517363,8,BlockedShot,0.8859999847412109,0.46799999237060547,0.1394129991531372,Harry Kane,a,647,OpenPlay,2022,RightFoot,18487,Everton,Tottenham,1,1,2023-04-03 19:00:00,,BlockedPass
517365,15,MissedShots,0.9080000305175782,0.48400001525878905,0.2949239909648895,Harry Kane,a,647,OpenPlay,2022,Head,18487,Everton,Tottenham,1,1,2023-04-03 19:00:00,Ivan Perisic,Cross
517374,67,Goal,0.885,0.5,0.7611690163612366,Harry Kane,a,647,Penalty,2022,RightFoot,18487,Everton,Tottenham,1,1,2023-04-03 19:00:00,,Standard
518024,15,MissedShots,0.9369999694824219,0.3609999847412109,0.09177599847316742,Harry Kane,h,647,OpenPlay,2022,RightFoot,18500,Tottenham,Brighton,2,1,2023-04-08 14:00:00,,None
518036,63,MissedShots,0.8780000305175781,0.6580000305175782,0.06718769669532776,Harry Kane,h,647,OpenPlay,2022,RightFoot,18500,Tottenham,Brighton,2,1,2023-04-08 14:00:00,Ivan Perisic,Pass
518040,78,Goal,0.8340000152587891,0.48200000762939454,0.07828450202941895,Harry Kane,h,647,OpenPlay,2022,RightFoot,18500,Tottenham,Brighton,2,1,2023-04-08 14:00:00,Pierre-Emile Højbjerg,Pass
519520,15,MissedShots,0.7319999694824219,0.37599998474121094,0.02402539923787117,Harry Kane,h,647,OpenPlay,2022,RightFoot,18509,Tottenham,Bournemouth,2,3,2023-04-15 14:00:00,Cristian Romero,Pass
519523,22,SavedShot,0.889000015258789,0.425,0.14060699939727783,Harry Kane,h,647,OpenPlay,2022,RightFoot,18509,Tottenham,Bournemouth,2,3,2023-04-15 14:00:00,Son Heung-Min,Throughball
519526,36,MissedShots,0.7769999694824219,0.5670000076293945,0.0316913016140461,Harry Kane,h,647,OpenPlay,2022,RightFoot,18509,Tottenham,Bournemouth,2,3,2023-04-15 14:00:00,Son Heung-Min,Pass
519536,69,MissedShots,0.924000015258789,0.49200000762939455,0.33647701144218445,Harry Kane,h,647,OpenPlay,2022,Head,18509,Tottenham,Bournemouth,2,3,2023-04-15 14:00:00,Pedro Porro,Cross
519539,75,BlockedShot,0.9159999847412109,0.55,0.039710499346256256,Harry Kane,h,647,OpenPlay,2022,Head,18509,Tottenham,Bournemouth,2,3,2023-04-15 14:00:00,Dejan Kulusevski,Aerial
519541,75,SavedShot,0.7180000305175781,0.5159999847412109,0.0176084004342556,Harry Kane,h,647,OpenPlay,2022,RightFoot,18509,Tottenham,Bournemouth,2,3,2023-04-15 14:00:00,Pierre-Emile Højbjerg,Pass
521483,12,MissedShots,0.8630000305175781,0.41200000762939454,0.0846855416893959,Harry Kane,a,647,OpenPlay,2022,RightFoot,18521,Newcastle United,Tottenham,6,1,2023-04-23 13:00:00,Oliver Skipp,Pass
521489,29,SavedShot,0.8980000305175782,0.495,0.1604461818933487,Harry Kane,a,647,OpenPlay,2022,LeftFoot,18521,Newcastle United,Tottenham,6,1,2023-04-23 13:00:00,Son Heung-Min,Rebound
521497,48,Goal,0.9290000152587891,0.6840000152587891,0.267749547958374,Harry Kane,a,647,OpenPlay,2022,LeftFoot,18521,Newcastle United,Tottenham,6,1,2023-04-23 13:00:00,Pierre-Emile Højbjerg,TakeOn
522373,39,MissedShots,0.9730000305175781,0.664000015258789,0.06256172806024551,Harry Kane,h,647,OpenPlay,2022,LeftFoot,18525,Tottenham,Manchester United,2,2,2023-04-27 19:15:00,Pierre-Emile Højbjerg,Pass
522380,55,BlockedShot,0.9369999694824219,0.42400001525878905,0.08331173658370972,Harry Kane,h,647,OpenPlay,2022,LeftFoot,18525,Tottenham,Manchester United,2,2,2023-04-27 19:15:00,,None
522386,61,BlockedShot,0.789000015258789,0.615,0.027267901226878166,Harry Kane,h,647,OpenPlay,2022,LeftFoot,18525,Tottenham,Manchester United,2,2,2023-04-27 19:15:00,Ivan Perisic,Pass
522391,74,SavedShot,0.8059999847412109,0.34200000762939453,0.026250017806887627,Harry Kane,h,647,OpenPlay,2022,RightFoot,18525,Tottenham,Manchester United,2,2,2023-04-27 19:15:00,Cristian Romero,Pass
523440,39,Goal,0.9230000305175782,0.45599998474121095,0.2949172258377075,Harry Kane,a,647,OpenPlay,2022,RightFoot,18539,Liverpool,Tottenham,4,3,2023-04-30 15:30:00,Ivan Perisic,Chipped
524671,45,Goal,0.935,0.565,0.3393673300743103,Harry Kane,h,647,OpenPlay,2022,Head,18549,Tottenham,Crystal Palace,1,0,2023-05-06 14:00:00,Pedro Porro,Cross
525964,51,SavedShot,0.8480000305175781,0.524000015258789,0.29170680046081543,Harry Kane,a,647,OpenPlay,2022,RightFoot,18553,Aston Villa,Tottenham,2,1,2023-05-13 14:00:00,Pierre-Emile Højbjerg,BallRecovery
525967,89,Goal,0.885,0.5,0.7611688375473022,Harry Kane,a,647,Penalty,2022,RightFoot,18553,Aston Villa,Tottenham,2,1,2023-05-13 14:00:00,,Standard
527173,4,SavedShot,0.855999984741211,0.66,0.057910557836294174,Harry Kane,h,647,OpenPlay,2022,RightFoot,18569,Tottenham,Brentford,1,3,2023-05-20 11:30:00,Dejan Kulusevski,Pass
527174,7,Goal,0.759000015258789,0.5129999923706055,0.023318633437156677,Harry Kane,h,647,SetPiece,2022,RightFoot,18569,Tottenham,Brentford,1,3,2023-05-20 11:30:00,Dejan Kulusevski,Pass
527188,56,MissedShots,0.8169999694824219,0.3629999923706055,0.040158580988645554,Harry Kane,h,647,OpenPlay,2022,RightFoot,18569,Tottenham,Brentford,1,3,2023-05-20 11:30:00,Dejan Kulusevski,Pass
527193,79,MissedShots,0.8030000305175782,0.34,0.023193582892417908,Harry Kane,h,647,OpenPlay,2022,LeftFoot,18569,Tottenham,Brentford,1,3,2023-05-20 11:30:00,Richarlison,Pass
529808,1,Goal,0.8640000152587891,0.5570000076293945,0.3619548976421356,Harry Kane,a,647,OpenPlay,2022,RightFoot,18578,Leeds,Tottenham,1,4,2023-05-28 15:30:00,Son Heung-Min,Pass
529813,25,SavedShot,0.85,0.45099998474121095,0.10833141207695007,Harry Kane,a,647,OpenPlay,2022,LeftFoot,18578,Leeds,Tottenham,1,4,2023-05-28 15:30:00,Dejan Kulusevski,Pass
529830,68,Goal,0.8930000305175781,0.6090000152587891,0.4015389680862427,Harry Kane,a,647,OpenPlay,2022,RightFoot,18578,Leeds,Tottenham,1,4,2023-05-28 15:30:00,Pedro Porro,Pass
532851,10,BlockedShot,0.705,0.5259999847412109,0.016583342105150223,Harry Kane,a,647,SetPiece,2023,RightFoot,23065,Werder Bremen,Bayern Munich,0,4,2023-08-18 18:30:00,Joshua Kimmich,Pass
532855,24,SavedShot,0.915,0.534000015258789,0.0856148898601532,Harry Kane,a,647,FromCorner,2023,RightFoot,23065,Werder Bremen,Bayern Munich,0,4,2023-08-18 18:30:00,Leroy Sané,Cross
532857,38,BlockedShot,0.8669999694824219,0.33099998474121095,0.0714619904756546,Harry Kane,a,647,OpenPlay,2023,LeftFoot,23065,Werder Bremen,Bayern Munich,0,4,2023-08-18 18:30:00,Jamal Musiala,Pass
532869,60,SavedShot,0.799000015258789,0.34700000762939454,0.035431720316410065,Harry Kane,a,647,OpenPlay,2023,RightFoot,23065,Werder Bremen,Bayern Munich,0,4,2023-08-18 18:30:00,Joshua Kimmich,Pass
532873,70,MissedShots,0.9059999847412109,0.5270000076293946,0.1396525800228119,Harry Kane,a,647,OpenPlay,2023,LeftFoot,23065,Werder Bremen,Bayern Munich,0,4,2023-08-18 18:30:00,Kingsley Coman,Pass
532874,73,Goal,0.840999984741211,0.5320000076293945,0.09709116071462631,Harry Kane,a,647,OpenPlay,2023,RightFoot,23065,Werder Bremen,Bayern Munich,0,4,2023-08-18 18:30:00,Alphonso Davies,Pass
535460,39,Goal,0.885,0.5,0.75777667760849,Harry Kane,h,647,Penalty,2023,RightFoot,23082,Bayern Munich,Augsburg,3,1,2023-08-27 15:30:00,,Standard
535463,48,MissedShots,0.9269999694824219,0.6320000076293946,0.1349254846572876,Harry Kane,h,647,OpenPlay,2023,LeftFoot,23082,Bayern Munich,Augsburg,3,1,2023-08-27 15:30:00,Kingsley Coman,Throughball
535473,68,Goal,0.9180000305175782,0.5590000152587891,0.547103762626648,Harry Kane,h,647,OpenPlay,2023,RightFoot,23082,Bayern Munich,Augsburg,3,1,2023-08-27 15:30:00,Alphonso Davies,Throughball
535475,84,MissedShots,0.919000015258789,0.49,0.4035913944244385,Harry Kane,h,647,OpenPlay,2023,Head,23082,Bayern Munich,Augsburg,3,1,2023-08-27 15:30:00,Konrad Laimer,Cross
535478,93,BlockedShot,0.82,0.46099998474121096,0.08368611335754395,Harry Kane,h,647,OpenPlay,2023,RightFoot,23082,Bayern Munich,Augsburg,3,1,2023-08-27 15:30:00,Ryan Gravenberch,Pass
536491,21,BlockedShot,0.8419999694824218,0.40900001525878904,0.05944995954632759,Harry Kane,a,647,OpenPlay,2023,RightFoot,23089,Borussia M.Gladbach,Bayern Munich,1,2,2023-09-02 16:30:00,,None
536496,38,BlockedShot,0.904000015258789,0.535,0.09357450902462006,Harry Kane,a,647,OpenPlay,2023,LeftFoot,23089,Borussia M.Gladbach,Bayern Munich,1,2,2023-09-02 16:30:00,Alphonso Davies,Cross
536510,71,MissedShots,0.9519999694824218,0.5020000076293946,0.11013355851173401,Harry Kane,a,647,FromCorner,2023,Head,23089,Borussia M.Gladbach,Bayern Munich,1,2,2023-09-02 16:30:00,,Aerial
537232,6,Goal,0.9769999694824218,0.5529999923706055,0.44887444376945496,Harry Kane,h,647,FromCorner,2023,Head,23092,Bayern Munich,Bayer Leverkusen,2,2,2023-09-15 18:30:00,,None
537250,56,SavedShot,0.9180000305175782,0.5279999923706055,0.4916895627975464,Harry Kane,h,647,OpenPlay,2023,RightFoot,23092,Bayern Munich,Bayer Leverkusen,2,2,2023-09-15 18:30:00,Thomas Müller,BallTouch
539011,11,Goal,0.8969999694824219,0.4179999923706055,0.41465598344802856,Harry Kane,h,647,OpenPlay,2023,RightFoot,23104,Bayern Munich,Bochum,7,0,2023-09-23 13:30:00,,BallTouch
539012,14,MissedShots,0.8290000152587891,0.495,0.10158540308475494,Harry Kane,h,647,OpenPlay,2023,RightFoot,23104,Bayern Munich,Bochum,7,0,2023-09-23 13:30:00,Leroy Sané,Pass
539020,39,SavedShot,0.9119999694824219,0.32599998474121095,0.08439738303422928,Harry Kane,h,647,OpenPlay,2023,RightFoot,23104,Bayern Munich,Bochum,7,0,2023-09-23 13:30:00,Noussair Mazraoui,BallRecovery
539023,50,BlockedShot,0.8980000305175782,0.4490000152587891,0.419530987739563,Harry Kane,h,647,OpenPlay,2023,LeftFoot,23104,Bayern Munich,Bochum,7,0,2023-09-23 13:30:00,Leroy Sané,TakeOn
539024,53,Goal,0.885,0.5,0.75777667760849,Harry Kane,h,647,Penalty,2023,RightFoot,23104,Bayern Munich,Bochum,7,0,2023-09-23 13:30:00,,Standard
539035,87,Goal,0.9619999694824218,0.4329999923706055,0.5936906337738037,Harry Kane,h,647,OpenPlay,2023,LeftFoot,23104,Bayern Munich,Bochum,7,0,2023-09-23 13:30:00,Noussair Mazraoui,Pass
541461,56,Goal,0.885,0.5,0.75777667760849,Harry Kane,a,647,Penalty,2023,RightFoot,23116,RasenBallsport Leipzig,Bayern Munich,2,2,2023-09-30 16:30:00,,Standard
543311,18,MissedShots,0.7669999694824219,0.3370000076293945,0.02743198722600937,Harry Kane,h,647,OpenPlay,2023,RightFoot,23126,Bayern Munich,Freiburg,3,0,2023-10-08 15:30:00,Leroy Sané,Pass
543312,21,MissedShots,0.8469999694824218,0.39299999237060546,0.0810992643237114,Harry Kane,h,647,OpenPlay,2023,RightFoot,23126,Bayern Munich,Freiburg,3,0,2023-10-08 15:30:00,Noussair Mazraoui,BallRecovery
543316,39,BlockedShot,0.845999984741211,0.5220000076293946,0.09653893858194351,Harry Kane,h,647,OpenPlay,2023,RightFoot,23126,Bayern Munich,Freiburg,3,0,2023-10-08 15:30:00,Leon Goretzka,BallTouch
543321,63,BlockedShot,0.874000015258789,0.6220000076293946,0.09227129071950912,Harry Kane,h,647,OpenPlay,2023,RightFoot,23126,Bayern Munich,Freiburg,3,0,2023-10-08 15:30:00,Kingsley Coman,Cross
544266,15,Goal,0.9530000305175781,0.5329999923706055,0.5294733643531799,Harry Kane,a,647,SetPiece,2023,Head,23134,Mainz 05,Bayern Munich,1,3,2023-10-21 16:30:00,Leon Goretzka,HeadPass
544268,22,MissedShots,0.919000015258789,0.46,0.12109792232513428,Harry Kane,a,647,OpenPlay,2023,Head,23134,Mainz 05,Bayern Munich,1,3,2023-10-21 16:30:00,Alphonso Davies,Cross
545440,13,SavedShot,0.9019999694824219,0.3890000152587891,0.04560506343841553,Harry Kane,h,647,FromCorner,2023,RightFoot,23137,Bayern Munich,Darmstadt,8,0,2023-10-28 13:30:00,Leroy Sané,Cross
545450,41,BlockedShot,0.81,0.27700000762939453,0.06955865770578384,Harry Kane,h,647,DirectFreekick,2023,RightFoot,23137,Bayern Munich,Darmstadt,8,0,2023-10-28 13:30:00,,Standard
545451,42,SavedShot,0.7809999847412109,0.5459999847412109,0.0325208380818367,Harry Kane,h,647,OpenPlay,2023,RightFoot,23137,Bayern Munich,Darmstadt,8,0,2023-10-28 13:30:00,Jamal Musiala,Pass
545452,43,MissedShots,0.925,0.5970000076293945,0.03767922893166542,Harry Kane,h,647,OpenPlay,2023,Head,23137,Bayern Munich,Darmstadt,8,0,2023-10-28 13:30:00,Kingsley Coman,Aerial
545453,46,BlockedShot,0.7919999694824219,0.7380000305175781,0.056207075715065,Harry Kane,h,647,DirectFreekick,2023,RightFoot,23137,Bayern Munich,Darmstadt,8,0,2023-10-28 13:30:00,,Standard
545456,50,Goal,0.950999984741211,0.48,0.5812898278236389,Harry Kane,h,647,OpenPlay,2023,Head,23137,Bayern Munich,Darmstadt,8,0,2023-10-28 13:30:00,Noussair Mazraoui,Cross
545463,68,Goal,0.46,0.48400001525878905,0.013618764467537403,Harry Kane,h,647,OpenPlay,2023,RightFoot,23137,Bayern Munich,Darmstadt,8,0,2023-10-28 13:30:00,Thomas Müller,Pass
545469,87,Goal,0.9069999694824219,0.524000015258789,0.5798283815383911,Harry Kane,h,647,OpenPlay,2023,RightFoot,23137,Bayern Munich,Darmstadt,8,0,2023-10-28 13:30:00,Leroy Sané,Throughball
545472,90,BlockedShot,0.7669999694824219,0.47099998474121096,0.044659584760665894,Harry Kane,h,647,OpenPlay,2023,RightFoot,23137,Bayern Munich,Darmstadt,8,0,2023-10-28 13:30:00,Thomas Müller,HeadPass
547015,8,Goal,0.950999984741211,0.4759999847412109,0.7608279585838318,Harry Kane,a,647,OpenPlay,2023,RightFoot,23146,Borussia Dortmund,Bayern Munich,0,4,2023-11-04 17:30:00,Leroy Sané,Pass
547024,46,BlockedShot,0.9319999694824219,0.5770000076293945,0.10020358860492706,Harry Kane,a,647,FromCorner,2023,RightFoot,23146,Borussia Dortmund,Bayern Munich,0,4,2023-11-04 17:30:00,,None
547032,63,SavedShot,0.8980000305175782,0.43099998474121093,0.027484223246574402,Harry Kane,a,647,OpenPlay,2023,Head,23146,Borussia Dortmund,Bayern Munich,0,4,2023-11-04 17:30:00,,Aerial
547035,71,Goal,0.899000015258789,0.46,0.41308799386024475,Harry Kane,a,647,OpenPlay,2023,RightFoot,23146,Borussia Dortmund,Bayern Munich,0,4,2023-11-04 17:30:00,Kingsley Coman,Cross
547040,92,Goal,0.835,0.5020000076293946,0.2572573125362396,Harry Kane,a,647,OpenPlay,2023,RightFoot,23146,Borussia Dortmund,Bayern Munich,0,4,2023-11-04 17:30:00,Aleksandar Pavlovic,Pass
548247,13,Goal,0.8619999694824219,0.455,0.10108289867639542,Harry Kane,h,647,OpenPlay,2023,RightFoot,23155,Bayern Munich,FC Heidenheim,4,2,2023-11-11 14:30:00,Leroy Sané,Pass
548253,43,Goal,0.8969999694824219,0.46799999237060547,0.05968013033270836,Harry Kane,h,647,FromCorner,2023,Head,23155,Bayern Munich,FC Heidenheim,4,2,2023-11-11 14:30:00,Leroy Sané,Cross
548254,46,SavedShot,0.8769999694824219,0.28600000381469726,0.061752066016197205,Harry Kane,h,647,OpenPlay,2023,LeftFoot,23155,Bayern Munich,FC Heidenheim,4,2,2023-11-11 14:30:00,Leroy Sané,Pass
548257,57,SavedShot,0.8669999694824219,0.3920000076293945,0.11869554966688156,Harry Kane,h,647,OpenPlay,2023,RightFoot,23155,Bayern Munich,FC Heidenheim,4,2,2023-11-11 14:30:00,Leroy Sané,Pass
548263,77,MissedShots,0.889000015258789,0.645,0.11985194683074951,Harry Kane,h,647,OpenPlay,2023,LeftFoot,23155,Bayern Munich,FC Heidenheim,4,2,2023-11-11 14:30:00,Leroy Sané,Pass
548267,81,BlockedShot,0.8619999694824219,0.6120000076293945,0.08265477418899536,Harry Kane,h,647,OpenPlay,2023,RightFoot,23155,Bayern Munich,FC Heidenheim,4,2,2023-11-11 14:30:00,Eric Maxim Choupo-Moting,Pass
549325,19,Goal,0.9380000305175781,0.44099998474121094,0.6204071044921875,Harry Kane,a,647,OpenPlay,2023,RightFoot,23169,FC Cologne,Bayern Munich,0,1,2023-11-24 19:30:00,,Rebound
549341,74,BlockedShot,0.9059999847412109,0.5120000076293946,0.06344001740217209,Harry Kane,a,647,OpenPlay,2023,Head,23169,FC Cologne,Bayern Munich,0,1,2023-11-24 19:30:00,Kingsley Coman,Aerial
552837,24,MissedShots,0.8819999694824219,0.5870000076293945,0.39013516902923584,Harry Kane,a,647,OpenPlay,2023,RightFoot,23184,Eintracht Frankfurt,Bayern Munich,5,1,2023-12-09 14:30:00,Leon Goretzka,Throughball
552844,37,BlockedShot,0.9669999694824218,0.47400001525878904,0.7024120092391968,Harry Kane,a,647,FromCorner,2023,RightFoot,23184,Eintracht Frankfurt,Bayern Munich,5,1,2023-12-09 14:30:00,Eric Maxim Choupo-Moting,Rebound
552853,57,BlockedShot,0.9359999847412109,0.5620000076293945,0.06575951725244522,Harry Kane,a,647,OpenPlay,2023,Head,23184,Eintracht Frankfurt,Bayern Munich,5,1,2023-12-09 14:30:00,Konrad Laimer,Aerial
552859,85,SavedShot,0.8159999847412109,0.545,0.06633134186267853,Harry Kane,a,647,OpenPlay,2023,RightFoot,23184,Eintracht Frankfurt,Bayern Munich,5,1,2023-12-09 14:30:00,Thomas Müller,Pass
552860,86,MissedShots,0.9130000305175782,0.5470000076293945,0.028803562745451927,Harry Kane,a,647,FromCorner,2023,Head,23184,Eintracht Frankfurt,Bayern Munich,5,1,2023-12-09 14:30:00,Joshua Kimmich,Aerial
555037,1,Goal,0.9130000305175782,0.4979999923706055,0.4953474998474121,Harry Kane,h,647,OpenPlay,2023,RightFoot,23191,Bayern Munich,VfB Stuttgart,3,0,2023-12-17 18:30:00,Leroy Sané,Pass
555049,39,SavedShot,0.835,0.4779999923706055,0.36778709292411804,Harry Kane,h,647,OpenPlay,2023,RightFoot,23191,Bayern Munich,VfB Stuttgart,3,0,2023-12-17 18:30:00,Thomas Müller,Throughball
555050,44,SavedShot,0.8640000152587891,0.35900001525878905,0.08676086366176605,Harry Kane,h,647,OpenPlay,2023,RightFoot,23191,Bayern Munich,VfB Stuttgart,3,0,2023-12-17 18:30:00,Thomas Müller,Pass
555053,54,Goal,0.970999984741211,0.5120000076293946,0.7050266265869141,Harry Kane,h,647,SetPiece,2023,Head,23191,Bayern Munich,VfB Stuttgart,3,0,2023-12-17 18:30:00,,None
555058,80,BlockedShot,0.8280000305175781,0.3290000152587891,0.09887941926717758,Harry Kane,h,647,OpenPlay,2023,RightFoot,23191,Bayern Munich,VfB Stuttgart,3,0,2023-12-17 18:30:00,Leroy Sané,Pass
555639,7,SavedShot,0.9059999847412109,0.445,0.4696204364299774,Harry Kane,a,647,SetPiece,2023,RightFoot,23204,Wolfsburg,Bayern Munich,1,2,2023-12-20 19:30:00,,None
555651,42,Goal,0.75,0.45599998474121095,0.02925153821706772,Harry Kane,a,647,OpenPlay,2023,RightFoot,23204,Wolfsburg,Bayern Munich,1,2,2023-12-20 19:30:00,Thomas Müller,Pass
555657,73,SavedShot,0.9619999694824218,0.5990000152587891,0.3357018828392029,Harry Kane,a,647,FromCorner,2023,RightFoot,23204,Wolfsburg,Bayern Munich,1,2,2023-12-20 19:30:00,Dayotchanculle Upamecano,HeadPass
557828,37,SavedShot,0.720999984741211,0.5359999847412109,0.021175764501094818,Harry Kane,h,647,OpenPlay,2023,RightFoot,23209,Bayern Munich,Hoffenheim,3,0,2024-01-12 19:30:00,Alphonso Davies,Pass
557831,42,MissedShots,0.9280000305175782,0.5420000076293945,0.07114239037036896,Harry Kane,h,647,OpenPlay,2023,Head,23209,Bayern Munich,Hoffenheim,3,0,2024-01-12 19:30:00,Thomas Müller,Aerial
557837,56,BlockedShot,0.855999984741211,0.44400001525878907,0.10893645137548447,Harry Kane,h,647,OpenPlay,2023,RightFoot,23209,Bayern Munich,Hoffenheim,3,0,2024-01-12 19:30:00,Jamal Musiala,Pass
557848,71,MissedShots,0.884000015258789,0.685,0.10557487607002258,Harry Kane,h,647,OpenPlay,2023,LeftFoot,23209,Bayern Munich,Hoffenheim,3,0,2024-01-12 19:30:00,Thomas Müller,Pass
557850,76,BlockedShot,0.9169999694824219,0.31,0.11138687282800674,Harry Kane,h,647,OpenPlay,2023,RightFoot,23209,Bayern Munich,Hoffenheim,3,0,2024-01-12 19:30:00,,TakeOn
557856,84,MissedShots,0.899000015258789,0.48700000762939455,0.22664183378219604,Harry Kane,h,647,OpenPlay,2023,Head,23209,Bayern Munich,Hoffenheim,3,0,2024-01-12 19:30:00,Joshua Kimmich,Cross
557857,89,Goal,0.8569999694824219,0.524000015258789,0.4786783754825592,Harry Kane,h,647,OpenPlay,2023,LeftFoot,23209,Bayern Munich,Hoffenheim,3,0,2024-01-12 19:30:00,Leon Goretzka,Throughball
559289,49,MissedShots,0.8040000152587891,0.605,0.04398234188556671,Harry Kane,h,647,OpenPlay,2023,RightFoot,23218,Bayern Munich,Werder Bremen,0,1,2024-01-21 14:30:00,Jamal Musiala,BallTouch
559296,72,MissedShots,0.9590000152587891,0.43,0.05368001013994217,Harry Kane,h,647,FromCorner,2023,Head,23218,Bayern Munich,Werder Bremen,0,1,2024-01-21 14:30:00,Leon Goretzka,Rebound
559299,79,SavedShot,0.9680000305175781,0.5379999923706055,0.12725931406021118,Harry Kane,h,647,FromCorner,2023,Head,23218,Bayern Munich,Werder Bremen,0,1,2024-01-21 14:30:00,,Aerial
559547,45,ShotOnPost,0.9030000305175782,0.61,0.1034926250576973,Harry Kane,h,647,OpenPlay,2023,LeftFoot,23173,Bayern Munich,Union Berlin,1,0,2024-01-24 18:30:00,Raphael Guerreiro,Pass
559554,83,BlockedShot,0.860999984741211,0.375,0.08385317027568817,Harry Kane,h,647,OpenPlay,2023,RightFoot,23173,Bayern Munich,Union Berlin,1,0,2024-01-24 18:30:00,,BallTouch
559780,45,MissedShots,0.9309999847412109,0.3129999923706055,0.07351915538311005,Harry Kane,a,647,OpenPlay,2023,RightFoot,23234,Augsburg,Bayern Munich,2,3,2024-01-27 14:30:00,Leroy Sané,Pass
559789,57,Goal,0.96,0.5559999847412109,0.5803251266479492,Harry Kane,a,647,OpenPlay,2023,RightFoot,23234,Augsburg,Bayern Munich,2,3,2024-01-27 14:30:00,,Dispossessed
559794,81,BlockedShot,0.899000015258789,0.500999984741211,0.06732825934886932,Harry Kane,a,647,FromCorner,2023,Head,23234,Augsburg,Bayern Munich,2,3,2024-01-27 14:30:00,Raphael Guerreiro,Cross
561118,4,MissedShots,0.8619999694824219,0.42400001525878905,0.013499682769179344,Harry Kane,h,647,OpenPlay,2023,Head,23236,Bayern Munich,Borussia M.Gladbach,3,1,2024-02-03 14:30:00,,Rebound
561121,19,BlockedShot,0.8809999847412109,0.600999984741211,0.09647734463214874,Harry Kane,h,647,OpenPlay,2023,LeftFoot,23236,Bayern Munich,Borussia M.Gladbach,3,1,2024-02-03 14:30:00,Alphonso Davies,Pass
561125,30,SavedShot,0.7759999847412109,0.545,0.09296439588069916,Harry Kane,h,647,DirectFreekick,2023,RightFoot,23236,Bayern Munich,Borussia M.Gladbach,3,1,2024-02-03 14:30:00,,Standard
561137,62,SavedShot,0.87,0.5979999923706054,0.09186743944883347,Harry Kane,h,647,OpenPlay,2023,RightFoot,23236,Bayern Munich,Borussia M.Gladbach,3,1,2024-02-03 14:30:00,Leroy Sané,Pass
561139,69,Goal,0.9080000305175782,0.4979999923706055,0.4925646185874939,Harry Kane,h,647,OpenPlay,2023,Head,23236,Bayern Munich,Borussia M.Gladbach,3,1,2024-02-03 14:30:00,,Aerial
561143,87,BlockedShot,0.745999984741211,0.495,0.060023847967386246,Harry Kane,h,647,OpenPlay,2023,RightFoot,23236,Bayern Munich,Borussia M.Gladbach,3,1,2024-02-03 14:30:00,Leon Goretzka,BallRecovery
562745,78,BlockedShot,0.784000015258789,0.5720000076293945,0.03821352869272232,Harry Kane,a,647,OpenPlay,2023,RightFoot,23250,Bayer Leverkusen,Bayern Munich,3,0,2024-02-10 17:30:00,Thomas Müller,Pass
564577,12,BlockedShot,0.960999984741211,0.40400001525878904,0.025669356808066368,Harry Kane,a,647,FromCorner,2023,Head,23260,Bochum,Bayern Munich,3,2,2024-02-18 16:30:00,,Aerial
564582,18,MissedShots,0.8190000152587891,0.5570000076293945,0.23067498207092285,Harry Kane,a,647,OpenPlay,2023,RightFoot,23260,Bochum,Bayern Munich,3,2,2024-02-18 16:30:00,Jamal Musiala,Pass
564591,48,BlockedShot,0.93,0.4859999847412109,0.12469305843114853,Harry Kane,a,647,OpenPlay,2023,RightFoot,23260,Bochum,Bayern Munich,3,2,2024-02-18 16:30:00,Thomas Müller,Pass
564601,89,MissedShots,0.835999984741211,0.5029999923706054,0.07591675221920013,Harry Kane,a,647,OpenPlay,2023,RightFoot,23260,Bochum,Bayern Munich,3,2,2024-02-18 16:30:00,Leon Goretzka,Pass
564605,93,Goal,0.9159999847412109,0.47,0.427055299282074,Harry Kane,a,647,OpenPlay,2023,LeftFoot,23260,Bochum,Bayern Munich,3,2,2024-02-18 16:30:00,Mathys Tel,Pass
564607,99,SavedShot,0.955,0.445,0.406237930059433,Harry Kane,a,647,OpenPlay,2023,Head,23260,Bochum,Bayern Munich,3,2,2024-02-18 16:30:00,Mathys Tel,Cross
564610,102,BlockedShot,0.9159999847412109,0.335,0.061434175819158554,Harry Kane,a,647,OpenPlay,2023,RightFoot,23260,Bochum,Bayern Munich,3,2,2024-02-18 16:30:00,Jamal Musiala,Pass
565385,4,SavedShot,0.889000015258789,0.509000015258789,0.28665921092033386,Harry Kane,h,647,OpenPlay,2023,Head,23271,Bayern Munich,RasenBallsport Leipzig,2,1,2024-02-24 17:30:00,Raphael Guerreiro,Chipped
565389,41,SavedShot,0.92,0.5420000076293945,0.10670493543148041,Harry Kane,h,647,OpenPlay,2023,RightFoot,23271,Bayern Munich,RasenBallsport Leipzig,2,1,2024-02-24 17:30:00,Thomas Müller,HeadPass
565390,41,BlockedShot,0.815,0.5659999847412109,0.053130362182855606,Harry Kane,h,647,OpenPlay,2023,RightFoot,23271,Bayern Munich,RasenBallsport Leipzig,2,1,2024-02-24 17:30:00,Leon Goretzka,Pass
565395,55,Goal,0.9019999694824219,0.625,0.31201931834220886,Harry Kane,h,647,OpenPlay,2023,LeftFoot,23271,Bayern Munich,RasenBallsport Leipzig,2,1,2024-02-24 17:30:00,Jamal Musiala,Pass
565403,71,BlockedShot,0.8730000305175781,0.47900001525878905,0.08297044038772583,Harry Kane,h,647,OpenPlay,2023,RightFoot,23271,Bayern Munich,RasenBallsport Leipzig,2,1,2024-02-24 17:30:00,,None
565405,79,MissedShots,0.9230000305175782,0.5120000076293946,0.4454686641693115,Harry Kane,h,647,OpenPlay,2023,Head,23271,Bayern Munich,RasenBallsport Leipzig,2,1,2024-02-24 17:30:00,Leon Goretzka,HeadPass
565408,90,Goal,0.875999984741211,0.5870000076293945,0.06756756454706192,Harry Kane,h,647,OpenPlay,2023,LeftFoot,23271,Bayern Munich,RasenBallsport Leipzig,2,1,2024-02-24 17:30:00,Eric Maxim Choupo-Moting,Chipped
566171,17,MissedShots,0.9059999847412109,0.46,0.07822246849536896,Harry Kane,a,647,OpenPlay,2023,Head,23273,Freiburg,Bayern Munich,2,2,2024-03-01 19:30:00,Raphael Guerreiro,Cross
566185,46,MissedShots,0.8919999694824219,0.6459999847412109,0.32945001125335693,Harry Kane,a,647,OpenPlay,2023,LeftFoot,23273,Freiburg,Bayern Munich,2,2,2024-03-01 19:30:00,Jamal Musiala,Pass
566189,62,MissedShots,0.8830000305175781,0.34200000762939453,0.06211124733090401,Harry Kane,a,647,OpenPlay,2023,RightFoot,23273,Freiburg,Bayern Munich,2,2,2024-03-01 19:30:00,Aleksandar Pavlovic,Pass
566190,63,MissedShots,0.9030000305175782,0.35200000762939454,0.08283095061779022,Harry Kane,a,647,OpenPlay,2023,RightFoot,23273,Freiburg,Bayern Munich,2,2,2024-03-01 19:30:00,Mathys Tel,Pass
566194,71,BlockedShot,0.9109999847412109,0.5259999847412109,0.27387291193008423,Harry Kane,a,647,FromCorner,2023,Head,23273,Freiburg,Bayern Munich,2,2,2024-03-01 19:30:00,Aleksandar Pavlovic,Cross
566195,71,MissedShots,0.8619999694824219,0.5129999923706055,0.0360858291387558,Harry Kane,a,647,FromCorner,2023,Head,23273,Freiburg,Bayern Munich,2,2,2024-03-01 19:30:00,,None
567983,7,MissedShots,0.8769999694824219,0.37799999237060544,0.06594645977020264,Harry Kane,h,647,OpenPlay,2023,RightFoot,23281,Bayern Munich,Mainz 05,8,1,2024-03-09 14:30:00,,Rebound
567985,12,Goal,0.9780000305175781,0.45799999237060546,0.883387565612793,Harry Kane,h,647,OpenPlay,2023,RightFoot,23281,Bayern Munich,Mainz 05,8,1,2024-03-09 14:30:00,Jamal Musiala,Pass
567986,13,SavedShot,0.8519999694824218,0.37900001525878907,0.08308973163366318,Harry Kane,h,647,OpenPlay,2023,RightFoot,23281,Bayern Munich,Mainz 05,8,1,2024-03-09 14:30:00,Leroy Sané,Pass
567987,18,ShotOnPost,0.9219999694824219,0.46900001525878904,0.3988247215747833,Harry Kane,h,647,SetPiece,2023,Head,23281,Bayern Munich,Mainz 05,8,1,2024-03-09 14:30:00,Joshua Kimmich,Cross
567990,27,BlockedShot,0.8619999694824219,0.600999984741211,0.11714044958353043,Harry Kane,h,647,OpenPlay,2023,RightFoot,23281,Bayern Munich,Mainz 05,8,1,2024-03-09 14:30:00,Leroy Sané,Pass
567995,51,Goal,0.9259999847412109,0.5790000152587891,0.4434906840324402,Harry Kane,h,647,OpenPlay,2023,LeftFoot,23281,Bayern Munich,Mainz 05,8,1,2024-03-09 14:30:00,Leon Goretzka,Throughball
568006,63,SavedShot,0.875999984741211,0.4179999923706055,0.31357988715171814,Harry Kane,h,647,OpenPlay,2023,RightFoot,23281,Bayern Munich,Mainz 05,8,1,2024-03-09 14:30:00,Serge Gnabry,Pass
568010,69,Goal,0.99,0.4640000152587891,0.806016206741333,Harry Kane,h,647,FromCorner,2023,Head,23281,Bayern Munich,Mainz 05,8,1,2024-03-09 14:30:00,,None
568013,88,MissedShots,0.860999984741211,0.53,0.10371498763561249,Harry Kane,h,647,OpenPlay,2023,LeftFoot,23281,Bayern Munich,Mainz 05,8,1,2024-03-09 14:30:00,Matthijs de Ligt,Cross
569397,13,MissedShots,0.9290000152587891,0.515,0.12204458564519882,Harry Kane,a,647,OpenPlay,2023,RightFoot,23298,Darmstadt,Bayern Munich,2,5,2024-03-16 14:30:00,Raphael Guerreiro,Cross
569399,16,BlockedShot,0.8980000305175782,0.66,0.29437413811683655,Harry Kane,a,647,OpenPlay,2023,LeftFoot,23298,Darmstadt,Bayern Munich,2,5,2024-03-16 14:30:00,Jamal Musiala,Pass
569412,45,Goal,0.955,0.5079999923706054,0.5925517678260803,Harry Kane,a,647,OpenPlay,2023,Head,23298,Darmstadt,Bayern Munich,2,5,2024-03-16 14:30:00,Joshua Kimmich,Cross
569421,77,MissedShots,0.9769999694824218,0.445,0.6813713908195496,Harry Kane,a,647,OpenPlay,2023,RightFoot,23298,Darmstadt,Bayern Munich,2,5,2024-03-16 14:30:00,,Rebound
570978,6,BlockedShot,0.955999984741211,0.5170000076293946,0.5487303137779236,Harry Kane,h,647,OpenPlay,2023,Head,23299,Bayern Munich,Borussia Dortmund,0,2,2024-03-30 17:30:00,Joshua Kimmich,Aerial
570982,22,MissedShots,0.9259999847412109,0.5,0.40369880199432373,Harry Kane,h,647,OpenPlay,2023,Head,23299,Bayern Munich,Borussia Dortmund,0,2,2024-03-30 17:30:00,Joshua Kimmich,Cross
570984,27,BlockedShot,0.889000015258789,0.35,0.06606617569923401,Harry Kane,h,647,OpenPlay,2023,RightFoot,23299,Bayern Munich,Borussia Dortmund,0,2,2024-03-30 17:30:00,Joshua Kimmich,Pass
571000,66,MissedShots,0.9390000152587891,0.4279999923706055,0.05100679770112038,Harry Kane,h,647,FromCorner,2023,Head,23299,Bayern Munich,Borussia Dortmund,0,2,2024-03-30 17:30:00,,None
572268,37,Goal,0.8909999847412109,0.46799999237060547,0.4181230068206787,Harry Kane,a,647,OpenPlay,2023,RightFoot,23315,FC Heidenheim,Bayern Munich,3,2,2024-04-06 13:30:00,Serge Gnabry,Throughball
572275,55,SavedShot,0.8440000152587891,0.46700000762939453,0.08654999732971191,Harry Kane,a,647,OpenPlay,2023,RightFoot,23315,FC Heidenheim,Bayern Munich,3,2,2024-04-06 13:30:00,Jamal Musiala,Pass
572278,68,MissedShots,0.924000015258789,0.26,0.03546085208654404,Harry Kane,a,647,OpenPlay,2023,RightFoot,23315,FC Heidenheim,Bayern Munich,3,2,2024-04-06 13:30:00,Joshua Kimmich,Pass
572281,72,MissedShots,0.7680000305175781,0.44299999237060544,0.028253424912691116,Harry Kane,a,647,OpenPlay,2023,RightFoot,23315,FC Heidenheim,Bayern Munich,3,2,2024-04-06 13:30:00,Thomas Müller,Pass
572286,89,BlockedShot,0.8169999694824219,0.5570000076293945,0.051844172179698944,Harry Kane,a,647,OpenPlay,2023,RightFoot,23315,FC Heidenheim,Bayern Munich,3,2,2024-04-06 13:30:00,Raphael Guerreiro,Pass
573546,30,MissedShots,0.9219999694824219,0.5520000076293945,0.03761827573180199,Harry Kane,h,647,FromCorner,2023,Head,23317,Bayern Munich,FC Cologne,2,0,2024-04-13 13:30:00,Eric Dier,Aerial
573548,33,ShotOnPost,0.89,0.495,0.4322773516178131,Harry Kane,h,647,OpenPlay,2023,RightFoot,23317,Bayern Munich,FC Cologne,2,0,2024-04-13 13:30:00,Thomas Müller,Pass
573549,37,MissedShots,0.9459999847412109,0.27799999237060546,0.045386359095573425,Harry Kane,h,647,OpenPlay,2023,RightFoot,23317,Bayern Munich,FC Cologne,2,0,2024-04-13 13:30:00,,TakeOn
573550,40,SavedShot,0.9119999694824219,0.4909999847412109,0.3441740572452545,Harry Kane,h,647,OpenPlay,2023,Head,23317,Bayern Munich,FC Cologne,2,0,2024-04-13 13:30:00,Joshua Kimmich,Cross
573557,53,MissedShots,0.9030000305175782,0.5270000076293946,0.07045099884271622,Harry Kane,h,647,FromCorner,2023,Head,23317,Bayern Munich,FC Cologne,2,0,2024-04-13 13:30:00,Joshua Kimmich,Cross
575142,4,SavedShot,0.7719999694824219,0.34900001525878904,0.023712746798992157,Harry Kane,a,647,OpenPlay,2023,RightFoot,23327,Union Berlin,Bayern Munich,1,5,2024-04-20 16:30:00,Leon Goretzka,Pass
575159,45,Goal,0.7669999694824219,0.37400001525878906,0.06945119798183441,Harry Kane,a,647,DirectFreekick,2023,RightFoot,23327,Union Berlin,Bayern Munich,1,5,2024-04-20 16:30:00,,Standard
575164,71,SavedShot,0.8769999694824219,0.37400001525878906,0.09527826309204102,Harry Kane,a,647,OpenPlay,2023,RightFoot,23327,Union Berlin,Bayern Munich,1,5,2024-04-20 16:30:00,,Dispossessed
576659,2,BlockedShot,0.835999984741211,0.6780000305175782,0.03745860233902931,Harry Kane,h,647,OpenPlay,2023,RightFoot,23335,Bayern Munich,Eintracht Frankfurt,2,1,2024-04-27 13:30:00,Leon Goretzka,Pass
576661,8,Goal,0.9230000305175782,0.5320000076293945,0.6332604289054871,Harry Kane,h,647,OpenPlay,2023,RightFoot,23335,Bayern Munich,Eintracht Frankfurt,2,1,2024-04-27 13:30:00,Konrad Laimer,Pass
576682,60,Goal,0.885,0.5,0.75777667760849,Harry Kane,h,647,Penalty,2023,RightFoot,23335,Bayern Munich,Eintracht Frankfurt,2,1,2024-04-27 13:30:00,,Standard
576685,82,SavedShot,0.789000015258789,0.7219999694824218,0.022318443283438683,Harry Kane,h,647,OpenPlay,2023,RightFoot,23335,Bayern Munich,Eintracht Frankfurt,2,1,2024-04-27 13:30:00,Alphonso Davies,Pass
576686,91,SavedShot,0.8880000305175781,0.6940000152587891,0.0569312609732151,Harry Kane,h,647,OpenPlay,2023,RightFoot,23335,Bayern Munich,Eintracht Frankfurt,2,1,2024-04-27 13:30:00,Eric Maxim Choupo-Moting,Pass
576688,95,BlockedShot,0.8969999694824219,0.6630000305175782,0.10947608202695847,Harry Kane,h,647,OpenPlay,2023,LeftFoot,23335,Bayern Munich,Eintracht Frankfurt,2,1,2024-04-27 13:30:00,Thomas Müller,Pass
578231,8,SavedShot,0.735,0.5790000152587891,0.012406088411808014,Harry Kane,a,647,OpenPlay,2023,RightFoot,23351,VfB Stuttgart,Bayern Munich,3,1,2024-05-04 13:30:00,Eric Maxim Choupo-Moting,TakeOn
578239,36,Goal,0.885,0.5,0.75777667760849,Harry Kane,a,647,Penalty,2023,RightFoot,23351,VfB Stuttgart,Bayern Munich,3,1,2024-05-04 13:30:00,,Standard
578256,68,MissedShots,0.9369999694824219,0.4590000152587891,0.14333675801753998,Harry Kane,a,647,OpenPlay,2023,Head,23351,VfB Stuttgart,Bayern Munich,3,1,2024-05-04 13:30:00,Mathys Tel,Cross
578259,77,BlockedShot,0.8830000305175781,0.615,0.41744786500930786,Harry Kane,a,647,OpenPlay,2023,RightFoot,23351,VfB Stuttgart,Bayern Munich,3,1,2024-05-04 13:30:00,Bryan Zaragoza,TakeOn
586689,10,SavedShot,0.9230000305175782,0.3390000152587891,0.07864826172590256,Harry Kane,a,647,OpenPlay,2024,RightFoot,27749,Wolfsburg,Bayern Munich,2,3,2024-08-25 13:30:00,Michael Olise,Pass
586707,79,BlockedShot,0.915,0.5179999923706055,0.10775043815374374,Harry Kane,a,647,OpenPlay,2024,RightFoot,27749,Wolfsburg,Bayern Munich,2,3,2024-08-25 13:30:00,Kingsley Coman,Cross
590031,34,BlockedShot,0.924000015258789,0.5670000076293945,0.0526578351855278,Harry Kane,h,647,OpenPlay,2024,Head,27759,Bayern Munich,Freiburg,2,0,2024-09-01 15:30:00,Michael Olise,Aerial
590032,37,Goal,0.885,0.5,0.75777667760849,Harry Kane,h,647,Penalty,2024,RightFoot,27759,Bayern Munich,Freiburg,2,0,2024-09-01 15:30:00,,Standard
590044,92,BlockedShot,0.9030000305175782,0.5690000152587891,0.04919910058379173,Harry Kane,h,647,FromCorner,2024,Head,27759,Bayern Munich,Freiburg,2,0,2024-09-01 15:30:00,Joshua Kimmich,Cross
591031,6,Goal,0.845999984741211,0.5790000152587891,0.08742847293615341,Harry Kane,a,647,OpenPlay,2024,RightFoot,27766,Holstein Kiel,Bayern Munich,1,6,2024-09-14 16:30:00,Serge Gnabry,BallRecovery
591035,25,MissedShots,0.9059999847412109,0.45,0.533030092716217,Harry Kane,a,647,OpenPlay,2024,RightFoot,27766,Holstein Kiel,Bayern Munich,1,6,2024-09-14 16:30:00,Serge Gnabry,Pass
591040,42,Goal,0.8080000305175781,0.44,0.06653312593698502,Harry Kane,a,647,OpenPlay,2024,RightFoot,27766,Holstein Kiel,Bayern Munich,1,6,2024-09-14 16:30:00,Kingsley Coman,Pass
591046,49,MissedShots,0.9680000305175781,0.40099998474121096,0.05778276547789574,Harry Kane,a,647,FromCorner,2024,RightFoot,27766,Holstein Kiel,Bayern Munich,1,6,2024-09-14 16:30:00,Joshua Kimmich,Cross
591055,82,BlockedShot,0.7480000305175781,0.5209999847412109,0.03961379453539848,Harry Kane,a,647,OpenPlay,2024,RightFoot,27766,Holstein Kiel,Bayern Munich,1,6,2024-09-14 16:30:00,Thomas Müller,Pass
591058,90,Goal,0.885,0.5,0.75777667760849,Harry Kane,a,647,Penalty,2024,RightFoot,27766,Holstein Kiel,Bayern Munich,1,6,2024-09-14 16:30:00,,Standard
592173,15,MissedShots,0.7230000305175781,0.485,0.051165297627449036,Harry Kane,a,647,DirectFreekick,2024,RightFoot,27773,Werder Bremen,Bayern Munich,0,5,2024-09-21 13:30:00,,Standard
592175,22,BlockedShot,0.8930000305175781,0.6459999847412109,0.04177800565958023,Harry Kane,a,647,OpenPlay,2024,LeftFoot,27773,Werder Bremen,Bayern Munich,0,5,2024-09-21 13:30:00,Michael Olise,Cross
592177,28,BlockedShot,0.7430000305175781,0.43400001525878906,0.026978284120559692,Harry Kane,a,647,OpenPlay,2024,RightFoot,27773,Werder Bremen,Bayern Munich,0,5,2024-09-21 13:30:00,Dayotchanculle Upamecano,Pass
592180,43,BlockedShot,0.9309999847412109,0.5179999923706055,0.12271971255540848,Harry Kane,a,647,OpenPlay,2024,LeftFoot,27773,Werder Bremen,Bayern Munich,0,5,2024-09-21 13:30:00,,BallTouch
592182,46,BlockedShot,0.8580000305175781,0.605,0.09361138194799423,Harry Kane,a,647,OpenPlay,2024,RightFoot,27773,Werder Bremen,Bayern Munich,0,5,2024-09-21 13:30:00,Joshua Kimmich,Pass
592184,56,Goal,0.85,0.54,0.11678730696439743,Harry Kane,a,647,OpenPlay,2024,RightFoot,27773,Werder Bremen,Bayern Munich,0,5,2024-09-21 13:30:00,Michael Olise,Pass
592188,71,SavedShot,0.9430000305175781,0.5729999923706055,0.4026026427745819,Harry Kane,a,647,OpenPlay,2024,Head,27773,Werder Bremen,Bayern Munich,0,5,2024-09-21 13:30:00,Joshua Kimmich,Aerial
596336,46,MissedShots,0.8009999847412109,0.6880000305175781,0.07659897953271866,Harry Kane,a,647,DirectFreekick,2024,RightFoot,27787,Eintracht Frankfurt,Bayern Munich,3,3,2024-10-06 15:30:00,,Standard
596341,62,MissedShots,0.904000015258789,0.5220000076293946,0.14370258152484894,Harry Kane,a,647,OpenPlay,2024,LeftFoot,27787,Eintracht Frankfurt,Bayern Munich,3,3,2024-10-06 15:30:00,,Rebound
597287,19,MissedShots,0.9159999847412109,0.575,0.04339990019798279,Harry Kane,h,647,OpenPlay,2024,Head,27797,Bayern Munich,VfB Stuttgart,4,0,2024-10-19 16:30:00,Thomas Müller,Aerial
597291,30,MissedShots,0.9290000152587891,0.5870000076293945,0.048883914947509766,Harry Kane,h,647,OpenPlay,2024,Head,27797,Bayern Munich,VfB Stuttgart,4,0,2024-10-19 16:30:00,Raphael Guerreiro,Chipped
597293,50,MissedShots,0.9740000152587891,0.4909999847412109,0.9011882543563843,Harry Kane,h,647,OpenPlay,2024,LeftFoot,27797,Bayern Munich,VfB Stuttgart,4,0,2024-10-19 16:30:00,Serge Gnabry,Pass
597296,56,Goal,0.7180000305175781,0.49,0.019296035170555115,Harry Kane,h,647,OpenPlay,2024,RightFoot,27797,Bayern Munich,VfB Stuttgart,4,0,2024-10-19 16:30:00,Joshua Kimmich,Pass
597297,59,SavedShot,0.9069999694824219,0.6079999923706054,0.3749524652957916,Harry Kane,h,647,OpenPlay,2024,RightFoot,27797,Bayern Munich,VfB Stuttgart,4,0,2024-10-19 16:30:00,Serge Gnabry,Pass
597299,59,BlockedShot,0.875,0.5359999847412109,0.1169857457280159,Harry Kane,h,647,OpenPlay,2024,LeftFoot,27797,Bayern Munich,VfB Stuttgart,4,0,2024-10-19 16:30:00,Thomas Müller,Pass
597300,59,Goal,0.9259999847412109,0.51,0.5422542095184326,Harry Kane,h,647,OpenPlay,2024,RightFoot,27797,Bayern Munich,VfB Stuttgart,4,0,2024-10-19 16:30:00,,TakeOn
597301,66,MissedShots,0.88,0.4229999923706055,0.12956345081329346,Harry Kane,h,647,OpenPlay,2024,RightFoot,27797,Bayern Munich,VfB Stuttgart,4,0,2024-10-19 16:30:00,Alphonso Davies,Pass
597304,76,SavedShot,0.9119999694824219,0.7,0.08960647135972977,Harry Kane,h,647,OpenPlay,2024,LeftFoot,27797,Bayern Munich,VfB Stuttgart,4,0,2024-10-19 16:30:00,Joshua Kimmich,Chipped
597306,79,Goal,0.9319999694824219,0.48400001525878905,0.6123526096343994,Harry Kane,h,647,OpenPlay,2024,LeftFoot,27797,Bayern Munich,VfB Stuttgart,4,0,2024-10-19 16:30:00,,Rebound
599183,29,MissedShots,0.7709999847412109,0.505,0.0430474579334259,Harry Kane,a,647,OpenPlay,2024,RightFoot,27812,Bochum,Bayern Munich,0,5,2024-10-27 14:30:00,Alphonso Davies,Pass
599189,56,Goal,0.879000015258789,0.5609999847412109,0.39331504702568054,Harry Kane,a,647,OpenPlay,2024,LeftFoot,27812,Bochum,Bayern Munich,0,5,2024-10-27 14:30:00,Jamal Musiala,Pass
599931,14,Goal,0.885,0.5,0.75777667760849,Harry Kane,h,647,Penalty,2024,RightFoot,27815,Bayern Munich,Union Berlin,3,0,2024-11-02 14:30:00,,Standard
599942,50,Goal,0.9590000152587891,0.46799999237060547,0.5899361968040466,Harry Kane,h,647,OpenPlay,2024,LeftFoot,27815,Bayern Munich,Union Berlin,3,0,2024-11-02 14:30:00,Kingsley Coman,HeadPass
599948,84,MissedShots,0.835999984741211,0.6940000152587891,0.04050253704190254,Harry Kane,h,647,OpenPlay,2024,RightFoot,27815,Bayern Munich,Union Berlin,3,0,2024-11-02 14:30:00,Kingsley Coman,Pass
601321,23,MissedShots,0.799000015258789,0.40700000762939453,0.04466920718550682,Harry Kane,a,647,OpenPlay,2024,RightFoot,27831,St. Pauli,Bayern Munich,0,1,2024-11-09 14:30:00,Jamal Musiala,Pass
601325,52,MissedShots,0.915,0.6029999923706054,0.3302679657936096,Harry Kane,a,647,OpenPlay,2024,Head,27831,St. Pauli,Bayern Munich,0,1,2024-11-09 14:30:00,Dayotchanculle Upamecano,Aerial
601326,70,BlockedShot,0.735,0.40599998474121096,0.02681059204041958,Harry Kane,a,647,OpenPlay,2024,RightFoot,27831,St. Pauli,Bayern Munich,0,1,2024-11-09 14:30:00,Leon Goretzka,Pass
601331,81,MissedShots,0.885,0.5840000152587891,0.11367985606193542,Harry Kane,a,647,OpenPlay,2024,LeftFoot,27831,St. Pauli,Bayern Munich,0,1,2024-11-09 14:30:00,Alphonso Davies,Pass
601333,88,SavedShot,0.905,0.53,0.4860471785068512,Harry Kane,a,647,OpenPlay,2024,RightFoot,27831,St. Pauli,Bayern Munich,0,1,2024-11-09 14:30:00,Jamal Musiala,Pass
602506,26,SavedShot,0.9580000305175781,0.34799999237060547,0.07491111010313034,Harry Kane,h,647,OpenPlay,2024,LeftFoot,27834,Bayern Munich,Augsburg,3,0,2024-11-22 19:30:00,Michael Olise,TakeOn
602510,30,MissedShots,0.784000015258789,0.6020000076293945,0.030180467292666435,Harry Kane,h,647,OpenPlay,2024,RightFoot,27834,Bayern Munich,Augsburg,3,0,2024-11-22 19:30:00,Alphonso Davies,Pass
602523,62,Goal,0.885,0.5,0.75777667760849,Harry Kane,h,647,Penalty,2024,RightFoot,27834,Bayern Munich,Augsburg,3,0,2024-11-22 19:30:00,,Standard
602525,65,MissedShots,0.9680000305175781,0.39099998474121095,0.06884927302598953,Harry Kane,h,647,OpenPlay,2024,Head,27834,Bayern Munich,Augsburg,3,0,2024-11-22 19:30:00,Kingsley Coman,Cross
602533,92,Goal,0.885,0.5,0.75777667760849,Harry Kane,h,647,Penalty,2024,RightFoot,27834,Bayern Munich,Augsburg,3,0,2024-11-22 19:30:00,,Standard
602534,94,Goal,0.9680000305175781,0.514000015258789,0.7695308327674866,Harry Kane,h,647,OpenPlay,2024,Head,27834,Bayern Munich,Augsburg,3,0,2024-11-22 19:30:00,Leon Goretzka,Throughball
608067,15,MissedShots,0.8419999694824218,0.5879999923706055,0.06001320853829384,Harry Kane,h,647,OpenPlay,2024,LeftFoot,27870,Bayern Munich,RasenBallsport Leipzig,5,1,2024-12-20 19:30:00,,None
608072,38,SavedShot,0.9009999847412109,0.37900001525878907,0.12733179330825806,Harry Kane,h,647,OpenPlay,2024,LeftFoot,27870,Bayern Munich,RasenBallsport Leipzig,5,1,2024-12-20 19:30:00,Michael Olise,Pass
608081,66,SavedShot,0.9259999847412109,0.3579999923706055,0.3127638101577759,Harry Kane,h,647,OpenPlay,2024,RightFoot,27870,Bayern Munich,RasenBallsport Leipzig,5,1,2024-12-20 19:30:00,Leon Goretzka,Pass
608082,68,MissedShots,0.7630000305175781,0.7659999847412109,0.040148746222257614,Harry Kane,h,647,DirectFreekick,2024,RightFoot,27870,Bayern Munich,RasenBallsport Leipzig,5,1,2024-12-20 19:30:00,,Standard
610847,43,BlockedShot,0.845999984741211,0.33299999237060546,0.0444655604660511,Harry Kane,a,647,OpenPlay,2024,RightFoot,27884,Borussia M.Gladbach,Bayern Munich,0,1,2025-01-11 17:30:00,,None
610855,67,Goal,0.885,0.5,0.75777667760849,Harry Kane,a,647,Penalty,2024,RightFoot,27884,Borussia M.Gladbach,Bayern Munich,0,1,2025-01-11 17:30:00,,Standard
611679,7,SavedShot,0.9069999694824219,0.46099998474121096,0.05931560695171356,Harry Kane,h,647,OpenPlay,2024,Head,27888,Bayern Munich,Hoffenheim,5,0,2025-01-15 19:30:00,,Aerial
611683,23,BlockedShot,0.8769999694824219,0.5129999923706055,0.11887391656637192,Harry Kane,h,647,OpenPlay,2024,RightFoot,27888,Bayern Munich,Hoffenheim,5,0,2025-01-15 19:30:00,Alphonso Davies,Chipped
611684,25,Goal,0.885,0.5,0.75777667760849,Harry Kane,h,647,Penalty,2024,RightFoot,27888,Bayern Munich,Hoffenheim,5,0,2025-01-15 19:30:00,,Standard
611691,51,SavedShot,0.860999984741211,0.40400001525878904,0.40956079959869385,Harry Kane,h,647,OpenPlay,2024,LeftFoot,27888,Bayern Munich,Hoffenheim,5,0,2025-01-15 19:30:00,,Tackle
611692,53,SavedShot,0.865,0.4129999923706055,0.08636865019798279,Harry Kane,h,647,OpenPlay,2024,RightFoot,27888,Bayern Munich,Hoffenheim,5,0,2025-01-15 19:30:00,,None
612182,3,SavedShot,0.9009999847412109,0.7090000152587891,0.047093555331230164,Harry Kane,h,647,OpenPlay,2024,RightFoot,27897,Bayern Munich,Wolfsburg,3,2,2025-01-18 14:30:00,Michael Olise,Pass
612185,17,MissedShots,0.8730000305175781,0.5540000152587891,0.10685916244983673,Harry Kane,h,647,OpenPlay,2024,LeftFoot,27897,Bayern Munich,Wolfsburg,3,2,2025-01-18 14:30:00,Kingsley Coman,Pass
612191,36,SavedShot,0.925,0.5659999847412109,0.033981502056121826,Harry Kane,h,647,FromCorner,2024,Head,27897,Bayern Munich,Wolfsburg,3,2,2025-01-18 14:30:00,Michael Olise,Aerial
612193,41,BlockedShot,0.9080000305175782,0.5990000152587891,0.11321497708559036,Harry Kane,h,647,OpenPlay,2024,LeftFoot,27897,Bayern Munich,Wolfsburg,3,2,2025-01-18 14:30:00,,BallRecovery
612196,47,SavedShot,0.8880000305175781,0.524000015258789,0.028880655765533447,Harry Kane,h,647,SetPiece,2024,Head,27897,Bayern Munich,Wolfsburg,3,2,2025-01-18 14:30:00,Joshua Kimmich,Aerial
612198,53,MissedShots,0.925,0.585,0.0538606196641922,Harry Kane,h,647,OpenPlay,2024,Head,27897,Bayern Munich,Wolfsburg,3,2,2025-01-18 14:30:00,Joshua Kimmich,Aerial
612204,73,MissedShots,0.9259999847412109,0.47200000762939454,0.1465391218662262,Harry Kane,h,647,OpenPlay,2024,RightFoot,27897,Bayern Munich,Wolfsburg,3,2,2025-01-18 14:30:00,Konrad Laimer,Pass
613242,14,Goal,0.8859999847412109,0.31799999237060544,0.060497839003801346,Harry Kane,a,647,OpenPlay,2024,RightFoot,27912,Freiburg,Bayern Munich,1,2,2025-01-25 14:30:00,Eric Dier,Pass
614808,45,Goal,0.919000015258789,0.48400001525878905,0.3834226131439209,Harry Kane,h,647,OpenPlay,2024,Head,27918,Bayern Munich,Holstein Kiel,4,3,2025-02-01 14:30:00,Raphael Guerreiro,Cross
614807,47,Goal,0.960999984741211,0.49,0.6389631628990173,Harry Kane,h,647,OpenPlay,2024,Head,27918,Bayern Munich,Holstein Kiel,4,3,2025-02-01 14:30:00,Kingsley Coman,Cross
614811,51,SavedShot,0.9219999694824219,0.72,0.10261663794517517,Harry Kane,h,647,OpenPlay,2024,LeftFoot,27918,Bayern Munich,Holstein Kiel,4,3,2025-02-01 14:30:00,Kingsley Coman,Pass
614814,54,SavedShot,0.71,0.5790000152587891,0.02417626604437828,Harry Kane,h,647,OpenPlay,2024,RightFoot,27918,Bayern Munich,Holstein Kiel,4,3,2025-02-01 14:30:00,Aleksandar Pavlovic,Pass
615879,37,MissedShots,0.9169999694824219,0.495,0.06093040853738785,Harry Kane,h,647,OpenPlay,2024,Head,27922,Bayern Munich,Werder Bremen,3,0,2025-02-07 19:30:00,Jamal Musiala,Aerial
615881,45,MissedShots,0.860999984741211,0.43400001525878906,0.023685293272137642,Harry Kane,h,647,OpenPlay,2024,Head,27922,Bayern Munich,Werder Bremen,3,0,2025-02-07 19:30:00,Sacha Boey,Cross
615882,45,ShotOnPost,0.7809999847412109,0.4,0.048649534583091736,Harry Kane,h,647,OpenPlay,2024,RightFoot,27922,Bayern Munich,Werder Bremen,3,0,2025-02-07 19:30:00,Jamal Musiala,Pass
615883,55,Goal,0.885,0.5,0.75777667760849,Harry Kane,h,647,Penalty,2024,RightFoot,27922,Bayern Munich,Werder Bremen,3,0,2025-02-07 19:30:00,,Standard
615884,58,MissedShots,0.9180000305175782,0.6270000076293946,0.3623300790786743,Harry Kane,h,647,OpenPlay,2024,LeftFoot,27922,Bayern Munich,Werder Bremen,3,0,2025-02-07 19:30:00,Michael Olise,Pass
615891,92,SavedShot,0.955999984741211,0.580999984741211,0.40317800641059875,Harry Kane,h,647,OpenPlay,2024,Head,27922,Bayern Munich,Werder Bremen,3,0,2025-02-07 19:30:00,Joshua Kimmich,Aerial
615893,96,Goal,0.885,0.5,0.75777667760849,Harry Kane,h,647,Penalty,2024,RightFoot,27922,Bayern Munich,Werder Bremen,3,0,2025-02-07 19:30:00,,Standard
617402,72,BlockedShot,0.9030000305175782,0.26899999618530274,0.03991984948515892,Harry Kane,a,647,OpenPlay,2024,RightFoot,27931,Bayer Leverkusen,Bayern Munich,0,0,2025-02-15 17:30:00,Leroy Sané,Pass
619160,90,SavedShot,0.8140000152587891,0.504000015258789,0.08498349040746689,Harry Kane,h,647,OpenPlay,2024,RightFoot,27940,Bayern Munich,Eintracht Frankfurt,4,0,2025-02-23 16:30:00,Alphonso Davies,Pass
619696,2,BlockedShot,0.7269999694824218,0.43599998474121093,0.012797902338206768,Harry Kane,a,647,OpenPlay,2024,RightFoot,27949,VfB Stuttgart,Bayern Munich,1,3,2025-02-28 19:30:00,,None
619712,62,SavedShot,0.865,0.5059999847412109,0.10782440751791,Harry Kane,a,647,OpenPlay,2024,LeftFoot,27949,VfB Stuttgart,Bayern Munich,1,3,2025-02-28 19:30:00,Michael Olise,Pass
619722,87,SavedShot,0.8019999694824219,0.505,0.062304459512233734,Harry Kane,a,647,OpenPlay,2024,LeftFoot,27949,VfB Stuttgart,Bayern Munich,1,3,2025-02-28 19:30:00,Kingsley Coman,Pass
619724,97,MissedShots,0.745999984741211,0.5279999923706055,0.0656832903623581,Harry Kane,a,647,DirectFreekick,2024,RightFoot,27949,VfB Stuttgart,Bayern Munich,1,3,2025-02-28 19:30:00,,Standard
621133,83,BlockedShot,0.7430000305175781,0.44599998474121094,0.022008424624800682,Harry Kane,h,647,OpenPlay,2024,RightFoot,27959,Bayern Munich,Bochum,2,3,2025-03-08 14:30:00,Joshua Kimmich,Pass
621135,87,MissedShots,0.9280000305175782,0.5970000076293945,0.07367358356714249,Harry Kane,h,647,SetPiece,2024,Head,27959,Bayern Munich,Bochum,2,3,2025-03-08 14:30:00,Michael Olise,Cross
622497,36,BlockedShot,0.8269999694824218,0.5670000076293945,0.05544445663690567,Harry Kane,a,647,OpenPlay,2024,RightFoot,27973,Union Berlin,Bayern Munich,1,1,2025-03-15 14:30:00,,None
622501,49,SavedShot,0.7069999694824218,0.504000015258789,0.043389447033405304,Harry Kane,a,647,DirectFreekick,2024,RightFoot,27973,Union Berlin,Bayern Munich,1,1,2025-03-15 14:30:00,,Standard
622507,65,MissedShots,0.9119999694824219,0.49700000762939456,0.2908499836921692,Harry Kane,a,647,OpenPlay,2024,OtherBodyPart,27973,Union Berlin,Bayern Munich,1,1,2025-03-15 14:30:00,Michael Olise,Chipped
624144,16,Goal,0.9259999847412109,0.48,0.553168773651123,Harry Kane,h,647,OpenPlay,2024,RightFoot,27977,Bayern Munich,St. Pauli,3,2,2025-03-29 14:30:00,Michael Olise,Pass
624148,24,BlockedShot,0.85,0.6569999694824219,0.07025671005249023,Harry Kane,h,647,OpenPlay,2024,LeftFoot,27977,Bayern Munich,St. Pauli,3,2,2025-03-29 14:30:00,Leroy Sané,Pass
624159,65,MissedShots,0.88,0.34700000762939454,0.10154601186513901,Harry Kane,h,647,OpenPlay,2024,RightFoot,27977,Bayern Munich,St. Pauli,3,2,2025-03-29 14:30:00,Konrad Laimer,TakeOn
625309,47,BlockedShot,0.765,0.6519999694824219,0.06266248226165771,Harry Kane,a,647,DirectFreekick,2024,RightFoot,27989,Augsburg,Bayern Munich,1,3,2025-04-04 18:30:00,,Standard
625314,59,Goal,0.950999984741211,0.5429999923706055,0.49344703555107117,Harry Kane,a,647,SetPiece,2024,Head,27989,Augsburg,Bayern Munich,1,3,2025-04-04 18:30:00,Michael Olise,Cross
625315,64,SavedShot,0.7430000305175781,0.664000015258789,0.01949295960366726,Harry Kane,a,647,OpenPlay,2024,RightFoot,27989,Augsburg,Bayern Munich,1,3,2025-04-04 18:30:00,Thomas Müller,Pass
625319,75,BlockedShot,0.8830000305175781,0.534000015258789,0.11728747934103012,Harry Kane,a,647,OpenPlay,2024,RightFoot,27989,Augsburg,Bayern Munich,1,3,2025-04-04 18:30:00,Josip Stanisic,BallTouch
625320,84,MissedShots,0.8009999847412109,0.4570000076293945,0.08024057000875473,Harry Kane,a,647,OpenPlay,2024,RightFoot,27989,Augsburg,Bayern Munich,1,3,2025-04-04 18:30:00,Serge Gnabry,Pass
627332,19,SavedShot,0.9540000152587891,0.605,0.0762634351849556,Harry Kane,h,647,OpenPlay,2024,Head,27996,Bayern Munich,Borussia Dortmund,2,2,2025-04-12 16:30:00,Thomas Müller,Cross
627341,46,SavedShot,0.8580000305175781,0.3609999847412109,0.06458854675292969,Harry Kane,h,647,OpenPlay,2024,RightFoot,27996,Bayern Munich,Borussia Dortmund,2,2,2025-04-12 16:30:00,Thomas Müller,Pass
627347,59,MissedShots,0.764000015258789,0.46700000762939453,0.028474340215325356,Harry Kane,h,647,OpenPlay,2024,RightFoot,27996,Bayern Munich,Borussia Dortmund,2,2,2025-04-12 16:30:00,Thomas Müller,Pass
627351,72,SavedShot,0.899000015258789,0.7269999694824218,0.05016951262950897,Harry Kane,h,647,OpenPlay,2024,RightFoot,27996,Bayern Munich,Borussia Dortmund,2,2,2025-04-12 16:30:00,Serge Gnabry,Pass
627357,76,MissedShots,0.9680000305175781,0.3940000152587891,0.3889038860797882,Harry Kane,h,647,OpenPlay,2024,RightFoot,27996,Bayern Munich,Borussia Dortmund,2,2,2025-04-12 16:30:00,,None
627356,76,SavedShot,0.9519999694824218,0.33,0.21040697395801544,Harry Kane,h,647,OpenPlay,2024,RightFoot,27996,Bayern Munich,Borussia Dortmund,2,2,2025-04-12 16:30:00,Michael Olise,Pass
628462,11,Goal,0.8040000152587891,0.4979999923706055,0.04846379905939102,Harry Kane,a,647,OpenPlay,2024,LeftFoot,28005,FC Heidenheim,Bayern Munich,0,4,2025-04-19 13:30:00,Michael Olise,Pass
628465,21,MissedShots,0.9619999694824218,0.4590000152587891,0.5086894035339355,Harry Kane,a,647,OpenPlay,2024,Head,28005,FC Heidenheim,Bayern Munich,0,4,2025-04-19 13:30:00,,None
628466,24,MissedShots,0.9219999694824219,0.4929999923706055,0.3437826633453369,Harry Kane,a,647,FromCorner,2024,Head,28005,FC Heidenheim,Bayern Munich,0,4,2025-04-19 13:30:00,Joshua Kimmich,Cross
628468,28,BlockedShot,0.8030000305175782,0.49,0.10026097297668457,Harry Kane,a,647,OpenPlay,2024,RightFoot,28005,FC Heidenheim,Bayern Munich,0,4,2025-04-19 13:30:00,Michael Olise,Pass
628475,45,MissedShots,0.86,0.71,0.05676954984664917,Harry Kane,a,647,OpenPlay,2024,LeftFoot,28005,FC Heidenheim,Bayern Munich,0,4,2025-04-19 13:30:00,Serge Gnabry,Pass
628477,58,SavedShot,0.865,0.46099998474121096,0.15525689721107483,Harry Kane,a,647,OpenPlay,2024,RightFoot,28005,FC Heidenheim,Bayern Munich,0,4,2025-04-19 13:30:00,Joshua Kimmich,TakeOn
630163,31,BlockedShot,0.830999984741211,0.515,0.09116866439580917,Harry Kane,h,647,OpenPlay,2024,RightFoot,28014,Bayern Munich,Mainz 05,3,0,2025-04-26 13:30:00,Joshua Kimmich,Pass
632977,15,SavedShot,0.9690000152587891,0.5520000076293945,0.1396038681268692,Harry Kane,h,647,OpenPlay,2024,Head,28032,Bayern Munich,Borussia M.Gladbach,2,0,2025-05-10 16:30:00,,Aerial
632984,30,Goal,0.9230000305175782,0.47,0.4624539613723755,Harry Kane,h,647,OpenPlay,2024,Head,28032,Bayern Munich,Borussia M.Gladbach,2,0,2025-05-10 16:30:00,Michael Olise,None
632987,41,BlockedShot,0.9269999694824219,0.28899999618530275,0.060771532356739044,Harry Kane,h,647,OpenPlay,2024,RightFoot,28032,Bayern Munich,Borussia M.Gladbach,2,0,2025-05-10 16:30:00,Josip Stanisic,Chipped
632998,56,BlockedShot,0.8669999694824219,0.32799999237060545,0.07032003998756409,Harry Kane,h,647,OpenPlay,2024,RightFoot,28032,Bayern Munich,Borussia M.Gladbach,2,0,2025-05-10 16:30:00,Michael Olise,Pass
634417,79,ShotOnPost,0.8830000305175781,0.5940000152587891,0.31569796800613403,Harry Kane,a,647,OpenPlay,2024,RightFoot,28041,Hoffenheim,Bayern Munich,0,4,2025-05-17 13:30:00,Leroy Sané,Pass
634420,85,Goal,0.9059999847412109,0.49700000762939456,0.552945077419281,Harry Kane,a,647,OpenPlay,2024,RightFoot,28041,Hoffenheim,Bayern Munich,0,4,2025-05-17 13:30:00,Sacha Boey,Pass
638516,24,MissedShots,0.8640000152587891,0.43200000762939456,0.12117602676153183,Harry Kane,h,647,OpenPlay,2025,RightFoot,30224,Bayern Munich,RasenBallsport Leipzig,6,0,2025-08-22 18:30:00,Joshua Kimmich,Throughball
638522,35,BlockedShot,0.924000015258789,0.32799999237060545,0.05382798612117767,Harry Kane,h,647,SetPiece,2025,RightFoot,30224,Bayern Munich,RasenBallsport Leipzig,6,0,2025-08-22 18:30:00,,Rebound
638534,63,Goal,0.955,0.5870000076293945,0.6798102855682373,Harry Kane,h,647,OpenPlay,2025,RightFoot,30224,Bayern Munich,RasenBallsport Leipzig,6,0,2025-08-22 18:30:00,Luis Díaz,TakeOn
638535,73,Goal,0.85,0.7190000152587891,0.05273452028632164,Harry Kane,h,647,OpenPlay,2025,RightFoot,30224,Bayern Munich,RasenBallsport Leipzig,6,0,2025-08-22 18:30:00,Luis Díaz,Pass
638536,77,Goal,0.9259999847412109,0.6270000076293946,0.3288537859916687,Harry Kane,h,647,OpenPlay,2025,LeftFoot,30224,Bayern Munich,RasenBallsport Leipzig,6,0,2025-08-22 18:30:00,Kim Min-Jae,Pass
641934,25,Goal,0.885,0.5,0.75777667760849,Harry Kane,h,647,Penalty,2025,RightFoot,30248,Bayern Munich,Hamburger SV,5,0,2025-09-13 16:30:00,,Standard
641949,61,Goal,0.8680000305175781,0.44299999237060544,0.34382808208465576,Harry Kane,h,647,OpenPlay,2025,RightFoot,30248,Bayern Munich,Hamburger SV,5,0,2025-09-13 16:30:00,Michael Olise,Pass
642988,15,SavedShot,0.769000015258789,0.624000015258789,0.020495837554335594,Harry Kane,a,647,OpenPlay,2025,LeftFoot,30255,Hoffenheim,Bayern Munich,1,4,2025-09-20 13:30:00,,None
642996,43,Goal,0.894000015258789,0.40900001525878904,0.04941040650010109,Harry Kane,a,647,FromCorner,2025,RightFoot,30255,Hoffenheim,Bayern Munich,1,4,2025-09-20 13:30:00,Lennart Karl,Cross
643000,47,Goal,0.885,0.5,0.75777667760849,Harry Kane,a,647,Penalty,2025,RightFoot,30255,Hoffenheim,Bayern Munich,1,4,2025-09-20 13:30:00,,Standard
643005,76,Goal,0.885,0.5,0.75777667760849,Harry Kane,a,647,Penalty,2025,RightFoot,30255,Hoffenheim,Bayern Munich,1,4,2025-09-20 13:30:00,,Standard
643007,87,BlockedShot,0.8140000152587891,0.500999984741211,0.08595159649848938,Harry Kane,a,647,OpenPlay,2025,RightFoot,30255,Hoffenheim,Bayern Munich,1,4,2025-09-20 13:30:00,Konrad Laimer,Pass
643010,94,BlockedShot,0.8,0.6370000076293946,0.044198181480169296,Harry Kane,a,647,OpenPlay,2025,RightFoot,30255,Hoffenheim,Bayern Munich,1,4,2025-09-20 13:30:00,Tom Bischof,BallTouch
644363,2,MissedShots,0.8630000305175781,0.5670000076293945,0.09415905922651291,Harry Kane,h,647,OpenPlay,2025,LeftFoot,30260,Bayern Munich,Werder Bremen,4,0,2025-09-26 18:30:00,Michael Olise,Pass
644364,4,SavedShot,0.9069999694824219,0.5359999847412109,0.12198439985513687,Harry Kane,h,647,OpenPlay,2025,RightFoot,30260,Bayern Munich,Werder Bremen,4,0,2025-09-26 18:30:00,Michael Olise,Pass
644369,25,SavedShot,0.88,0.6329999923706054,0.10024191439151764,Harry Kane,h,647,OpenPlay,2025,LeftFoot,30260,Bayern Munich,Werder Bremen,4,0,2025-09-26 18:30:00,Leon Goretzka,Pass
644372,38,BlockedShot,0.960999984741211,0.4929999923706055,0.7798081040382385,Harry Kane,h,647,OpenPlay,2025,RightFoot,30260,Bayern Munich,Werder Bremen,4,0,2025-09-26 18:30:00,Leon Goretzka,Pass
644374,44,Goal,0.885,0.5,0.75777667760849,Harry Kane,h,647,Penalty,2025,RightFoot,30260,Bayern Munich,Werder Bremen,4,0,2025-09-26 18:30:00,,Standard
644385,64,Goal,0.895,0.4859999847412109,0.4797327518463135,Harry Kane,h,647,OpenPlay,2025,RightFoot,30260,Bayern Munich,Werder Bremen,4,0,2025-09-26 18:30:00,Luis Díaz,Rebound
646333,26,Goal,0.794000015258789,0.35400001525878905,0.03959836810827255,Harry Kane,a,647,OpenPlay,2025,RightFoot,30272,Eintracht Frankfurt,Bayern Munich,0,3,2025-10-04 16:30:00,Luis Díaz,Pass
646341,54,ShotOnPost,0.9569999694824218,0.580999984741211,0.4639088809490204,Harry Kane,a,647,FromCorner,2025,RightFoot,30272,Eintracht Frankfurt,Bayern Munich,0,3,2025-10-04 16:30:00,Dayotchanculle Upamecano,Rebound
647825,21,Goal,0.9580000305175781,0.5379999923706055,0.480851411819458,Harry Kane,h,647,FromCorner,2025,Head,30278,Bayern Munich,Borussia Dortmund,2,1,2025-10-18 16:30:00,Joshua Kimmich,Cross
647828,34,MissedShots,0.855999984741211,0.725999984741211,0.039269935339689255,Harry Kane,h,647,OpenPlay,2025,RightFoot,30278,Bayern Munich,Borussia Dortmund,2,1,2025-10-18 16:30:00,Nicolas Jackson,Pass
648898,21,BlockedShot,0.8680000305175781,0.44599998474121094,0.010966001078486443,Harry Kane,a,647,SetPiece,2025,Head,30289,Borussia M.Gladbach,Bayern Munich,0,3,2025-10-25 13:30:00,Joshua Kimmich,Aerial
648902,41,SavedShot,0.8580000305175781,0.5,0.10170124471187592,Harry Kane,a,647,OpenPlay,2025,RightFoot,30289,Borussia M.Gladbach,Bayern Munich,0,3,2025-10-25 13:30:00,Luis Díaz,Pass
648909,52,BlockedShot,0.8130000305175781,0.524000015258789,0.06249193102121353,Harry Kane,a,647,OpenPlay,2025,RightFoot,30289,Borussia M.Gladbach,Bayern Munich,0,3,2025-10-25 13:30:00,Tom Bischof,Pass
648910,58,BlockedShot,0.895,0.44400001525878907,0.03218616917729378,Harry Kane,a,647,OpenPlay,2025,Head,30289,Borussia M.Gladbach,Bayern Munich,0,3,2025-10-25 13:30:00,Michael Olise,Aerial
648917,67,BlockedShot,0.860999984741211,0.7469999694824219,0.03524204343557358,Harry Kane,a,647,OpenPlay,2025,RightFoot,30289,Borussia M.Gladbach,Bayern Munich,0,3,2025-10-25 13:30:00,Luis Díaz,Pass
648923,92,SavedShot,0.904000015258789,0.515,0.10675826668739319,Harry Kane,a,647,OpenPlay,2025,Head,30289,Borussia M.Gladbach,Bayern Munich,0,3,2025-10-25 13:30:00,Michael Olise,Cross
651105,82,BlockedShot,0.9569999694824218,0.590999984741211,0.10164843499660492,Harry Kane,h,647,FromCorner,2025,LeftFoot,30297,Bayern Munich,Bayer Leverkusen,3,0,2025-11-01 17:30:00,Aleksandar Pavlovic,Pass
652158,32,BlockedShot,0.9,0.615,0.061162449419498444,Harry Kane,a,647,OpenPlay,2025,LeftFoot,30312,Union Berlin,Bayern Munich,2,2,2025-11-08 14:30:00,Josip Stanisic,Cross
652162,46,BlockedShot,0.845,0.35200000762939454,0.04918748512864113,Harry Kane,a,647,OpenPlay,2025,RightFoot,30312,Union Berlin,Bayern Munich,2,2,2025-11-08 14:30:00,,None
652175,92,Goal,0.9290000152587891,0.514000015258789,0.36480724811553955,Harry Kane,a,647,OpenPlay,2025,Head,30312,Union Berlin,Bayern Munich,2,2,2025-11-08 14:30:00,Tom Bischof,Cross
652176,95,BlockedShot,0.7680000305175781,0.5420000076293945,0.029433198273181915,Harry Kane,a,647,OpenPlay,2025,RightFoot,30312,Union Berlin,Bayern Munich,2,2,2025-11-08 14:30:00,Tom Bischof,Pass
653555,53,BlockedShot,0.8880000305175781,0.3579999923706055,0.07898248732089996,Harry Kane,h,647,OpenPlay,2025,RightFoot,30315,Bayern Munich,Freiburg,6,2,2025-11-22 14:30:00,Lennart Karl,Pass
653556,54,BlockedShot,0.8590000152587891,0.35400001525878905,0.05697989836335182,Harry Kane,h,647,OpenPlay,2025,RightFoot,30315,Bayern Munich,Freiburg,6,2,2025-11-22 14:30:00,Aleksandar Pavlovic,Pass
653559,59,Goal,0.855999984741211,0.49200000762939455,0.39509978890419006,Harry Kane,h,647,OpenPlay,2025,LeftFoot,30315,Bayern Munich,Freiburg,6,2,2025-11-22 14:30:00,Aleksandar Pavlovic,BallTouch
655029,28,MissedShots,0.9109999847412109,0.6730000305175782,0.05321846902370453,Harry Kane,h,647,OpenPlay,2025,LeftFoot,30324,Bayern Munich,St. Pauli,3,1,2025-11-29 14:30:00,,None
655034,39,MissedShots,0.7390000152587891,0.625999984741211,0.05201715603470802,Harry Kane,h,647,DirectFreekick,2025,RightFoot,30324,Bayern Munich,St. Pauli,3,1,2025-11-29 14:30:00,,Standard
655046,70,BlockedShot,0.9180000305175782,0.3139999961853027,0.11174634844064713,Harry Kane,h,647,OpenPlay,2025,RightFoot,30324,Bayern Munich,St. Pauli,3,1,2025-11-29 14:30:00,Michael Olise,Throughball
655047,80,SavedShot,0.9619999694824218,0.39099998474121095,0.035799019038677216,Harry Kane,h,647,FromCorner,2025,RightFoot,30324,Bayern Munich,St. Pauli,3,1,2025-11-29 14:30:00,,Aerial
655048,81,BlockedShot,0.9640000152587891,0.38599998474121094,0.034551721066236496,Harry Kane,h,647,FromCorner,2025,Head,30324,Bayern Munich,St. Pauli,3,1,2025-11-29 14:30:00,Joshua Kimmich,Cross
656863,65,Goal,0.7019999694824218,0.4570000076293945,0.03602023050189018,Harry Kane,a,647,OpenPlay,2025,RightFoot,30332,VfB Stuttgart,Bayern Munich,0,5,2025-12-06 14:30:00,Joshua Kimmich,Pass
656867,74,SavedShot,0.8519999694824218,0.35700000762939454,0.06394116580486298,Harry Kane,a,647,OpenPlay,2025,LeftFoot,30332,VfB Stuttgart,Bayern Munich,0,5,2025-12-06 14:30:00,Dayotchanculle Upamecano,Pass
656870,81,Goal,0.885,0.5,0.75777667760849,Harry Kane,a,647,Penalty,2025,RightFoot,30332,VfB Stuttgart,Bayern Munich,0,5,2025-12-06 14:30:00,,Standard
656873,87,Goal,0.9690000152587891,0.48700000762939455,0.9042953252792358,Harry Kane,a,647,OpenPlay,2025,LeftFoot,30332,VfB Stuttgart,Bayern Munich,0,5,2025-12-06 14:30:00,Michael Olise,Pass
658820,16,MissedShots,0.7769999694824219,0.3390000152587891,0.019462469965219498,Harry Kane,h,647,OpenPlay,2025,RightFoot,30342,Bayern Munich,Mainz 05,2,2,2025-12-14 16:30:00,Michael Olise,Pass
658821,19,SavedShot,0.955999984741211,0.51,0.5920195579528809,Harry Kane,h,647,OpenPlay,2025,Head,30342,Bayern Munich,Mainz 05,2,2,2025-12-14 16:30:00,Michael Olise,Cross
658826,28,MissedShots,0.924000015258789,0.27899999618530275,0.044893331825733185,Harry Kane,h,647,OpenPlay,2025,RightFoot,30342,Bayern Munich,Mainz 05,2,2,2025-12-14 16:30:00,,None
658829,33,SavedShot,0.894000015258789,0.44,0.13120879232883453,Harry Kane,h,647,OpenPlay,2025,RightFoot,30342,Bayern Munich,Mainz 05,2,2,2025-12-14 16:30:00,Lennart Karl,Pass
658831,35,BlockedShot,0.904000015258789,0.5209999847412109,0.11893609911203384,Harry Kane,h,647,OpenPlay,2025,RightFoot,30342,Bayern Munich,Mainz 05,2,2,2025-12-14 16:30:00,Michael Olise,Cross
658837,63,BlockedShot,0.8859999847412109,0.465,0.37660354375839233,Harry Kane,h,647,OpenPlay,2025,LeftFoot,30342,Bayern Munich,Mainz 05,2,2,2025-12-14 16:30:00,,Rebound
658843,78,SavedShot,0.925,0.5429999923706055,0.30517667531967163,Harry Kane,h,647,OpenPlay,2025,Head,30342,Bayern Munich,Mainz 05,2,2,2025-12-14 16:30:00,Joshua Kimmich,Aerial
658845,86,Goal,0.885,0.5,0.75777667760849,Harry Kane,h,647,Penalty,2025,RightFoot,30342,Bayern Munich,Mainz 05,2,2,2025-12-14 16:30:00,,Standard
659798,37,SavedShot,0.86,0.5640000152587891,0.03079700656235218,Harry Kane,a,647,SetPiece,2025,RightFoot,30354,FC Heidenheim,Bayern Munich,0,4,2025-12-21 16:30:00,Josip Stanisic,Cross
659804,52,ShotOnPost,0.96,0.43599998474121093,0.1940816342830658,Harry Kane,a,647,OpenPlay,2025,RightFoot,30354,FC Heidenheim,Bayern Munich,0,4,2025-12-21 16:30:00,Lennart Karl,TakeOn
659808,56,SavedShot,0.8809999847412109,0.54,0.1296563446521759,Harry Kane,a,647,OpenPlay,2025,RightFoot,30354,FC Heidenheim,Bayern Munich,0,4,2025-12-21 16:30:00,Michael Olise,Pass
659815,84,SavedShot,0.915,0.5659999847412109,0.04174347221851349,Harry Kane,a,647,OpenPlay,2025,Head,30354,FC Heidenheim,Bayern Munich,0,4,2025-12-21 16:30:00,Dayotchanculle Upamecano,Aerial
659817,91,Goal,0.8859999847412109,0.455,0.4981572926044464,Harry Kane,a,647,OpenPlay,2025,RightFoot,30354,FC Heidenheim,Bayern Munich,0,4,2025-12-21 16:30:00,Serge Gnabry,TakeOn
662815,59,SavedShot,0.9369999694824219,0.47400001525878904,0.7613726854324341,Harry Kane,h,647,OpenPlay,2025,RightFoot,30360,Bayern Munich,Wolfsburg,8,1,2026-01-11 16:30:00,Michael Olise,Throughball
662819,68,Goal,0.8380000305175781,0.6940000152587891,0.055636707693338394,Harry Kane,h,647,OpenPlay,2025,RightFoot,30360,Bayern Munich,Wolfsburg,8,1,2026-01-11 16:30:00,Luis Díaz,Pass
663095,23,MissedShots,0.9640000152587891,0.335,0.2763379216194153,Harry Kane,a,647,OpenPlay,2025,LeftFoot,30370,FC Cologne,Bayern Munich,1,3,2026-01-14 19:30:00,,Rebound
663096,24,BlockedShot,0.9109999847412109,0.765,0.03061930648982525,Harry Kane,a,647,OpenPlay,2025,LeftFoot,30370,FC Cologne,Bayern Munich,1,3,2026-01-14 19:30:00,Leon Goretzka,Pass
663100,38,BlockedShot,0.7580000305175781,0.5790000152587891,0.02447693794965744,Harry Kane,a,647,OpenPlay,2025,LeftFoot,30370,FC Cologne,Bayern Munich,1,3,2026-01-14 19:30:00,Michael Olise,Pass
663880,39,MissedShots,0.9109999847412109,0.40400001525878904,0.4086747467517853,Harry Kane,a,647,OpenPlay,2025,RightFoot,30382,RasenBallsport Leipzig,Bayern Munich,1,5,2026-01-17 17:30:00,,None
663888,60,SavedShot,0.96,0.4179999923706055,0.4893568754196167,Harry Kane,a,647,OpenPlay,2025,RightFoot,30382,RasenBallsport Leipzig,Bayern Munich,1,5,2026-01-17 17:30:00,Michael Olise,Throughball
663892,66,Goal,0.9209999847412109,0.5479999923706055,0.35424482822418213,Harry Kane,a,647,OpenPlay,2025,RightFoot,30382,RasenBallsport Leipzig,Bayern Munich,1,5,2026-01-17 17:30:00,Michael Olise,Cross
663903,94,BlockedShot,0.835999984741211,0.415,0.06688285619020462,Harry Kane,a,647,OpenPlay,2025,RightFoot,30382,RasenBallsport Leipzig,Bayern Munich,1,5,2026-01-17 17:30:00,,None
664746,44,BlockedShot,0.924000015258789,0.48700000762939455,0.12749981880187988,Harry Kane,h,647,OpenPlay,2025,RightFoot,30387,Bayern Munich,Augsburg,1,2,2026-01-24 14:30:00,Michael Olise,Cross
664747,44,SavedShot,0.9340000152587891,0.3579999923706055,0.06475512683391571,Harry Kane,h,647,FromCorner,2025,RightFoot,30387,Bayern Munich,Augsburg,1,2,2026-01-24 14:30:00,,None
664751,56,BlockedShot,0.904000015258789,0.57,0.06352143734693527,Harry Kane,h,647,FromCorner,2025,Head,30387,Bayern Munich,Augsburg,1,2,2026-01-24 14:30:00,Alphonso Davies,Cross
664754,70,SavedShot,0.9130000305175782,0.42900001525878906,0.3256876766681671,Harry Kane,h,647,OpenPlay,2025,RightFoot,30387,Bayern Munich,Augsburg,1,2,2026-01-24 14:30:00,Joshua Kimmich,Chipped
664759,78,MissedShots,0.7180000305175781,0.5259999847412109,0.048313915729522705,Harry Kane,h,647,DirectFreekick,2025,RightFoot,30387,Bayern Munich,Augsburg,1,2,2026-01-24 14:30:00,,Standard
666227,21,MissedShots,0.8080000305175781,0.720999984741211,0.02074187994003296,Harry Kane,a,647,OpenPlay,2025,RightFoot,30399,Hamburger SV,Bayern Munich,2,2,2026-01-31 17:30:00,Serge Gnabry,Pass
666234,41,Goal,0.9569999694824218,0.48200000762939454,0.6592746376991272,Harry Kane,a,647,OpenPlay,2025,RightFoot,30399,Hamburger SV,Bayern Munich,2,2,2026-01-31 17:30:00,Joshua Kimmich,Rebound
667874,19,Goal,0.885,0.5,0.75777667760849,Harry Kane,h,647,Penalty,2025,RightFoot,30404,Bayern Munich,Hoffenheim,5,1,2026-02-08 16:30:00,,Standard
667878,26,MissedShots,0.9169999694824219,0.47900001525878905,0.5045173764228821,Harry Kane,h,647,OpenPlay,2025,RightFoot,30404,Bayern Munich,Hoffenheim,5,1,2026-02-08 16:30:00,,Rebound
667880,28,SavedShot,0.750999984741211,0.35900001525878905,0.042942680418491364,Harry Kane,h,647,OpenPlay,2025,RightFoot,30404,Bayern Munich,Hoffenheim,5,1,2026-02-08 16:30:00,Michael Olise,Pass
667885,37,SavedShot,0.9219999694824219,0.46700000762939453,0.37644609808921814,Harry Kane,h,647,OpenPlay,2025,RightFoot,30404,Bayern Munich,Hoffenheim,5,1,2026-02-08 16:30:00,Serge Gnabry,Chipped
667886,44,Goal,0.885,0.5,0.75777667760849,Harry Kane,h,647,Penalty,2025,RightFoot,30404,Bayern Munich,Hoffenheim,5,1,2026-02-08 16:30:00,,Standard
667888,50,SavedShot,0.9230000305175782,0.509000015258789,0.42564937472343445,Harry Kane,h,647,OpenPlay,2025,Head,30404,Bayern Munich,Hoffenheim,5,1,2026-02-08 16:30:00,Joshua Kimmich,Chipped
667892,66,SavedShot,0.9019999694824219,0.46599998474121096,0.45808497071266174,Harry Kane,h,647,OpenPlay,2025,RightFoot,30404,Bayern Munich,Hoffenheim,5,1,2026-02-08 16:30:00,Luis Díaz,Pass
668725,8,BlockedShot,0.8680000305175781,0.5729999923706055,0.06445632129907608,Harry Kane,a,647,OpenPlay,2025,LeftFoot,30421,Werder Bremen,Bayern Munich,0,3,2026-02-14 14:30:00,Luis Díaz,Cross
668726,21,Goal,0.885,0.5,0.75777667760849,Harry Kane,a,647,Penalty,2025,RightFoot,30421,Werder Bremen,Bayern Munich,0,3,2026-02-14 14:30:00,,Standard
668727,24,Goal,0.7709999847412109,0.38299999237060545,0.03196310997009277,Harry Kane,a,647,OpenPlay,2025,RightFoot,30421,Werder Bremen,Bayern Munich,0,3,2026-02-14 14:30:00,Luis Díaz,Pass
669691,18,SavedShot,0.9569999694824218,0.6769999694824219,0.08460884541273117,Harry Kane,h,647,OpenPlay,2025,LeftFoot,30422,Bayern Munich,Eintracht Frankfurt,3,2,2026-02-21 14:30:00,Luis Díaz,Pass
669692,19,Goal,0.9730000305175781,0.495,0.614041805267334,Harry Kane,h,647,FromCorner,2025,Head,30422,Bayern Munich,Eintracht Frankfurt,3,2,2026-02-21 14:30:00,Josip Stanisic,HeadPass
669694,26,MissedShots,0.7769999694824219,0.2929999923706055,0.024309206753969193,Harry Kane,h,647,OpenPlay,2025,RightFoot,30422,Bayern Munich,Eintracht Frankfurt,3,2,2026-02-21 14:30:00,Luis Díaz,Pass
669696,33,SavedShot,0.7869999694824219,0.5209999847412109,0.04004456475377083,Harry Kane,h,647,OpenPlay,2025,RightFoot,30422,Bayern Munich,Eintracht Frankfurt,3,2,2026-02-21 14:30:00,Joshua Kimmich,BallRecovery
669705,53,MissedShots,0.8490000152587891,0.35,0.06986450403928757,Harry Kane,h,647,OpenPlay,2025,RightFoot,30422,Bayern Munich,Eintracht Frankfurt,3,2,2026-02-21 14:30:00,,BallRecovery
669707,58,SavedShot,0.8119999694824219,0.40900001525878904,0.06649725884199142,Harry Kane,h,647,OpenPlay,2025,RightFoot,30422,Bayern Munich,Eintracht Frankfurt,3,2,2026-02-21 14:30:00,Michael Olise,Pass
669708,58,SavedShot,0.960999984741211,0.33799999237060546,0.11678634583950043,Harry Kane,h,647,OpenPlay,2025,RightFoot,30422,Bayern Munich,Eintracht Frankfurt,3,2,2026-02-21 14:30:00,Michael Olise,Pass
669711,67,Goal,0.7480000305175781,0.504000015258789,0.031250908970832825,Harry Kane,h,647,OpenPlay,2025,LeftFoot,30422,Bayern Munich,Eintracht Frankfurt,3,2,2026-02-21 14:30:00,Joshua Kimmich,BallRecovery
671271,10,BlockedShot,0.8669999694824219,0.624000015258789,0.07270944863557816,Harry Kane,a,647,OpenPlay,2025,RightFoot,30434,Borussia Dortmund,Bayern Munich,2,3,2026-02-28 17:30:00,Konrad Laimer,Pass
671280,53,Goal,0.9319999694824219,0.47200000762939454,0.5074024796485901,Harry Kane,a,647,OpenPlay,2025,LeftFoot,30434,Borussia Dortmund,Bayern Munich,2,3,2026-02-28 17:30:00,Serge Gnabry,HeadPass
671286,69,Goal,0.885,0.5,0.75777667760849,Harry Kane,a,647,Penalty,2025,RightFoot,30434,Borussia Dortmund,Bayern Munich,2,3,2026-02-28 17:30:00,,Standard
673809,70,SavedShot,0.34599998474121096,0.505,0.009376662783324718,Harry Kane,a,647,OpenPlay,2025,RightFoot,30449,Bayer Leverkusen,Bayern Munich,1,1,2026-03-14 14:30:00,Leon Goretzka,Interception
675250,8,MissedShots,0.9259999847412109,0.47700000762939454,0.4086763560771942,Harry Kane,h,647,OpenPlay,2025,RightFoot,30459,Bayern Munich,Union Berlin,4,0,2026-03-21 14:30:00,Michael Olise,Chipped
675252,16,BlockedShot,0.7980000305175782,0.6519999694824219,0.029520003125071526,Harry Kane,h,647,OpenPlay,2025,RightFoot,30459,Bayern Munich,Union Berlin,4,0,2026-03-21 14:30:00,Michael Olise,Pass
675257,37,MissedShots,0.7569999694824219,0.6320000076293946,0.06147545203566551,Harry Kane,h,647,DirectFreekick,2025,RightFoot,30459,Bayern Munich,Union Berlin,4,0,2026-03-21 14:30:00,,Standard
675260,38,MissedShots,0.9680000305175781,0.5929999923706055,0.7032135128974915,Harry Kane,h,647,OpenPlay,2025,LeftFoot,30459,Bayern Munich,Union Berlin,4,0,2026-03-21 14:30:00,,TakeOn
675265,48,Goal,0.8440000152587891,0.54,0.10186143964529037,Harry Kane,h,647,OpenPlay,2025,RightFoot,30459,Bayern Munich,Union Berlin,4,0,2026-03-21 14:30:00,Konrad Laimer,Pass
675268,53,BlockedShot,0.8669999694824219,0.55,0.12780243158340454,Harry Kane,h,647,OpenPlay,2025,RightFoot,30459,Bayern Munich,Union Berlin,4,0,2026-03-21 14:30:00,Konrad Laimer,Pass
675269,54,SavedShot,0.96,0.5920000076293945,0.0477161705493927,Harry Kane,h,647,FromCorner,2025,Head,30459,Bayern Munich,Union Berlin,4,0,2026-03-21 14:30:00,Serge Gnabry,HeadPass
675270,55,BlockedShot,0.8580000305175781,0.5079999923706054,0.21198581159114838,Harry Kane,h,647,OpenPlay,2025,RightFoot,30459,Bayern Munich,Union Berlin,4,0,2026-03-21 14:30:00,Lennart Karl,TakeOn
675274,64,MissedShots,0.975999984741211,0.395,0.035223156213760376,Harry Kane,h,647,FromCorner,2025,Head,30459,Bayern Munich,Union Berlin,4,0,2026-03-21 14:30:00,Joshua Kimmich,Cross
675283,83,BlockedShot,0.965999984741211,0.585999984741211,0.035624902695417404,Harry Kane,h,647,FromCorner,2025,Head,30459,Bayern Munich,Union Berlin,4,0,2026-03-21 14:30:00,Michael Olise,Aerial
675285,88,MissedShots,0.8380000305175781,0.4520000076293945,0.40544962882995605,Harry Kane,h,647,OpenPlay,2025,RightFoot,30459,Bayern Munich,Union Berlin,4,0,2026-03-21 14:30:00,,BallRecovery
679822,51,Goal,0.9490000152587891,0.4879999923706055,0.6018545627593994,Harry Kane,h,647,FromCorner,2025,LeftFoot,30486,Bayern Munich,VfB Stuttgart,4,2,2026-04-19 15:30:00,,Rebound
679836,89,MissedShots,0.93,0.28899999618530275,0.03267239034175873,Harry Kane,h,647,OpenPlay,2025,RightFoot,30486,Bayern Munich,VfB Stuttgart,4,2,2026-04-19 15:30:00,,Rebound
680896,82,Goal,0.9569999694824218,0.41900001525878905,0.4798209071159363,Harry Kane,a,647,OpenPlay,2025,RightFoot,30499,Mainz 05,Bayern Munich,3,4,2026-04-25 13:30:00,,None
683847,35,MissedShots,0.885,0.5,0.75777667760849,Harry Kane,a,647,Penalty,2025,RightFoot,30520,Wolfsburg,Bayern Munich,0,1,2026-05-09 16:30:00,,Standard
683856,60,SavedShot,0.85,0.6270000076293946,0.0803913101553917,Harry Kane,a,647,OpenPlay,2025,RightFoot,30520,Wolfsburg,Bayern Munich,0,1,2026-05-09 16:30:00,Jamal Musiala,Pass
683858,63,BlockedShot,0.8590000152587891,0.5170000076293946,0.1174113005399704,Harry Kane,a,647,OpenPlay,2025,RightFoot,30520,Wolfsburg,Bayern Munich,0,1,2026-05-09 16:30:00,Jamal Musiala,Pass
