id,minute,result,X,Y,xG,player,h_a,player_id,situation,season,shotType,match_id,h_team,a_team,h_goals,a_goals,date,player_assisted,lastAction
127656,37,BlockedShot,0.8669999694824219,0.5840000152587891,0.099822498857975,Vincenzo Grifo,a,5266,OpenPlay,2016,LeftFoot,1334,Hertha Berlin,Freiburg,2,1,2016-08-28 17:30:00,Maximilian Philipp,Pass
127657,53,BlockedShot,0.8519999694824218,0.7609999847412109,0.021942000836133957,Vincenzo Grifo,a,5266,OpenPlay,2016,RightFoot,1334,Hertha Berlin,Freiburg,2,1,2016-08-28 17:30:00,,None
127662,68,MissedShots,0.7369999694824219,0.62,0.018723899498581886,Vincenzo Grifo,a,5266,OpenPlay,2016,RightFoot,1334,Hertha Berlin,Freiburg,2,1,2016-08-28 17:30:00,Nicolas Höfler,Pass
128073,4,SavedShot,0.7969999694824219,0.29200000762939454,0.024901900440454483,Vincenzo Grifo,h,5266,OpenPlay,2016,LeftFoot,1340,Freiburg,Borussia M.Gladbach,3,1,2016-09-10 17:30:00,Pascal Stenzel,Pass
128079,36,BlockedShot,0.725999984741211,0.6419999694824219,0.04412680119276047,Vincenzo Grifo,h,5266,DirectFreekick,2016,RightFoot,1340,Freiburg,Borussia M.Gladbach,3,1,2016-09-10 17:30:00,,Standard
128084,51,BlockedShot,0.7280000305175781,0.6270000076293946,0.046553999185562134,Vincenzo Grifo,h,5266,DirectFreekick,2016,RightFoot,1340,Freiburg,Borussia M.Gladbach,3,1,2016-09-10 17:30:00,,Standard
128088,61,SavedShot,0.675,0.5179999923706055,0.0324523001909256,Vincenzo Grifo,h,5266,DirectFreekick,2016,RightFoot,1340,Freiburg,Borussia M.Gladbach,3,1,2016-09-10 17:30:00,,Standard
128091,65,SavedShot,0.7169999694824218,0.805,0.027237899601459503,Vincenzo Grifo,h,5266,DirectFreekick,2016,RightFoot,1340,Freiburg,Borussia M.Gladbach,3,1,2016-09-10 17:30:00,,Standard
128270,36,SavedShot,0.6940000152587891,0.4370000076293945,0.0372002013027668,Vincenzo Grifo,a,5266,DirectFreekick,2016,RightFoot,1345,FC Cologne,Freiburg,3,0,2016-09-16 22:30:00,,Standard
128277,59,BlockedShot,0.8380000305175781,0.5459999847412109,0.052730098366737366,Vincenzo Grifo,a,5266,OpenPlay,2016,RightFoot,1345,FC Cologne,Freiburg,3,0,2016-09-16 22:30:00,,None
128278,66,SavedShot,0.7330000305175781,0.624000015258789,0.01251859962940216,Vincenzo Grifo,a,5266,OpenPlay,2016,RightFoot,1345,FC Cologne,Freiburg,3,0,2016-09-16 22:30:00,Christian Günter,TakeOn
128566,20,BlockedShot,0.8019999694824219,0.639000015258789,0.03385519981384277,Vincenzo Grifo,h,5266,OpenPlay,2016,RightFoot,1357,Freiburg,Hamburger SV,1,0,2016-09-20 22:00:00,Amir Abrashi,Pass
128569,20,BlockedShot,0.9019999694824219,0.73,0.03093690052628517,Vincenzo Grifo,h,5266,OpenPlay,2016,RightFoot,1357,Freiburg,Hamburger SV,1,0,2016-09-20 22:00:00,,Rebound
128571,26,BlockedShot,0.7019999694824218,0.45799999237060546,0.04072830080986023,Vincenzo Grifo,h,5266,DirectFreekick,2016,RightFoot,1357,Freiburg,Hamburger SV,1,0,2016-09-20 22:00:00,,Standard
128575,39,SavedShot,0.7140000152587891,0.4470000076293945,0.0454850010573864,Vincenzo Grifo,h,5266,DirectFreekick,2016,RightFoot,1357,Freiburg,Hamburger SV,1,0,2016-09-20 22:00:00,,Standard
128582,69,SavedShot,0.710999984741211,0.705,0.011615700088441372,Vincenzo Grifo,h,5266,OpenPlay,2016,RightFoot,1357,Freiburg,Hamburger SV,1,0,2016-09-20 22:00:00,Christian Günter,Pass
128589,78,BlockedShot,0.7909999847412109,0.48200000762939454,0.06378600001335144,Vincenzo Grifo,h,5266,OpenPlay,2016,RightFoot,1357,Freiburg,Hamburger SV,1,0,2016-09-20 22:00:00,Maximilian Philipp,LayOff
128605,4,SavedShot,0.8819999694824219,0.6859999847412109,0.4497140049934387,Vincenzo Grifo,a,5266,OpenPlay,2016,RightFoot,1363,Borussia Dortmund,Freiburg,3,1,2016-09-23 22:30:00,,BallRecovery
128624,54,SavedShot,0.9159999847412109,0.7559999847412109,0.033713601529598236,Vincenzo Grifo,a,5266,SetPiece,2016,LeftFoot,1363,Borussia Dortmund,Freiburg,3,1,2016-09-23 22:30:00,Georg Niedermeier,Chipped
129013,3,Goal,0.8830000305175781,0.5940000152587891,0.10184399783611298,Vincenzo Grifo,h,5266,OpenPlay,2016,RightFoot,1377,Freiburg,Eintracht Frankfurt,1,0,2016-10-01 17:30:00,Onur Bulut,Pass
129019,19,SavedShot,0.7659999847412109,0.7190000152587891,0.01665169931948185,Vincenzo Grifo,h,5266,SetPiece,2016,RightFoot,1377,Freiburg,Eintracht Frankfurt,1,0,2016-10-01 17:30:00,Christian Günter,Pass
129231,14,MissedShots,0.84,0.7730000305175782,0.024159500375390053,Vincenzo Grifo,a,5266,OpenPlay,2016,RightFoot,1385,Hoffenheim,Freiburg,2,1,2016-10-15 17:30:00,Onur Bulut,Pass
129244,55,MissedShots,0.8390000152587891,0.34700000762939454,0.04397439956665039,Vincenzo Grifo,a,5266,OpenPlay,2016,LeftFoot,1385,Hoffenheim,Freiburg,2,1,2016-10-15 17:30:00,Onur Bulut,Pass
129448,34,MissedShots,0.764000015258789,0.5070000076293946,0.026091299951076508,Vincenzo Grifo,h,5266,OpenPlay,2016,RightFoot,1393,Freiburg,Augsburg,2,1,2016-10-22 17:30:00,Maximilian Philipp,Pass
129457,68,MissedShots,0.784000015258789,0.7530000305175781,0.04940510168671608,Vincenzo Grifo,h,5266,DirectFreekick,2016,RightFoot,1393,Freiburg,Augsburg,2,1,2016-10-22 17:30:00,,Standard
129461,81,MissedShots,0.7169999694824218,0.710999984741211,0.01608780026435852,Vincenzo Grifo,h,5266,OpenPlay,2016,RightFoot,1393,Freiburg,Augsburg,2,1,2016-10-22 17:30:00,Nils Petersen,Pass
130046,38,Goal,0.885,0.5,0.7577769756317139,Vincenzo Grifo,a,5266,Penalty,2016,RightFoot,3303,Werder Bremen,Freiburg,1,3,2016-10-29 17:30:00,,Standard
130047,41,MissedShots,0.674000015258789,0.605999984741211,0.03041060082614422,Vincenzo Grifo,a,5266,DirectFreekick,2016,RightFoot,3303,Werder Bremen,Freiburg,1,3,2016-10-29 17:30:00,,Standard
130057,71,SavedShot,0.7719999694824219,0.575,0.052899498492479324,Vincenzo Grifo,a,5266,OpenPlay,2016,RightFoot,3303,Werder Bremen,Freiburg,1,3,2016-10-29 17:30:00,Christian Günter,TakeOn
129692,1,MissedShots,0.88,0.654000015258789,0.02913930080831051,Vincenzo Grifo,h,5266,OpenPlay,2016,RightFoot,2811,Freiburg,Wolfsburg,0,3,2016-11-05 18:30:00,Mike Frantz,Cross
129697,20,MissedShots,0.865999984741211,0.5279999923706055,0.4026409983634949,Vincenzo Grifo,h,5266,OpenPlay,2016,RightFoot,2811,Freiburg,Wolfsburg,0,3,2016-11-05 18:30:00,Maximilian Philipp,Chipped
129699,28,MissedShots,0.7180000305175781,0.46,0.047909900546073914,Vincenzo Grifo,h,5266,DirectFreekick,2016,RightFoot,2811,Freiburg,Wolfsburg,0,3,2016-11-05 18:30:00,,Standard
129702,34,BlockedShot,0.7830000305175782,0.5790000152587891,0.07617480307817459,Vincenzo Grifo,h,5266,OpenPlay,2016,RightFoot,2811,Freiburg,Wolfsburg,0,3,2016-11-05 18:30:00,Maximilian Philipp,TakeOn
129906,8,BlockedShot,0.8009999847412109,0.6990000152587891,0.022137200459837914,Vincenzo Grifo,a,5266,OpenPlay,2016,RightFoot,2817,Mainz 05,Freiburg,4,2,2016-11-19 18:30:00,Amir Abrashi,Pass
129913,31,SavedShot,0.749000015258789,0.6859999847412109,0.04811989888548851,Vincenzo Grifo,a,5266,DirectFreekick,2016,RightFoot,2817,Mainz 05,Freiburg,4,2,2016-11-19 18:30:00,,Standard
129916,37,BlockedShot,0.7780000305175782,0.3770000076293945,0.07896039634943008,Vincenzo Grifo,a,5266,DirectFreekick,2016,RightFoot,2817,Mainz 05,Freiburg,4,2,2016-11-19 18:30:00,,Standard
129920,47,BlockedShot,0.735,0.6370000076293946,0.04867229983210564,Vincenzo Grifo,a,5266,DirectFreekick,2016,RightFoot,2817,Mainz 05,Freiburg,4,2,2016-11-19 18:30:00,,Standard
129926,57,MissedShots,0.735,0.4370000076293945,0.05612559989094734,Vincenzo Grifo,a,5266,DirectFreekick,2016,RightFoot,2817,Mainz 05,Freiburg,4,2,2016-11-19 18:30:00,,Standard
129930,66,Goal,0.9130000305175782,0.3340000152587891,0.2447730004787445,Vincenzo Grifo,a,5266,OpenPlay,2016,RightFoot,2817,Mainz 05,Freiburg,4,2,2016-11-19 18:30:00,Florian Niederlechner,Pass
130306,31,SavedShot,0.894000015258789,0.8080000305175781,0.06724689900875092,Vincenzo Grifo,h,5266,DirectFreekick,2016,RightFoot,2824,Freiburg,RasenBallsport Leipzig,1,4,2016-11-25 23:30:00,,Standard
130309,45,BlockedShot,0.8540000152587891,0.6459999847412109,0.058293599635362625,Vincenzo Grifo,h,5266,OpenPlay,2016,RightFoot,2824,Freiburg,RasenBallsport Leipzig,1,4,2016-11-25 23:30:00,Mike Frantz,Pass
130311,49,BlockedShot,0.7290000152587891,0.34799999237060547,0.04427599906921387,Vincenzo Grifo,h,5266,DirectFreekick,2016,RightFoot,2824,Freiburg,RasenBallsport Leipzig,1,4,2016-11-25 23:30:00,,Standard
130318,66,SavedShot,0.745999984741211,0.615999984741211,0.01711129955947399,Vincenzo Grifo,h,5266,SetPiece,2016,RightFoot,2824,Freiburg,RasenBallsport Leipzig,1,4,2016-11-25 23:30:00,Christian Günter,Pass
130400,53,MissedShots,0.695,0.3629999923706055,0.03406649827957153,Vincenzo Grifo,a,5266,DirectFreekick,2016,RightFoot,3195,Bayer Leverkusen,Freiburg,1,1,2016-12-03 18:30:00,,Standard
131344,27,BlockedShot,0.8059999847412109,0.4759999847412109,0.04814179986715317,Vincenzo Grifo,h,5266,OpenPlay,2016,RightFoot,3202,Freiburg,Darmstadt,1,0,2016-12-10 18:30:00,,None
131354,56,MissedShots,0.6980000305175781,0.5109999847412109,0.013960599899291992,Vincenzo Grifo,h,5266,OpenPlay,2016,RightFoot,3202,Freiburg,Darmstadt,1,0,2016-12-10 18:30:00,Mike Frantz,Pass
131448,38,MissedShots,0.9330000305175781,0.715,0.07022909820079803,Vincenzo Grifo,a,5266,OpenPlay,2016,LeftFoot,3214,Schalke 04,Freiburg,1,1,2016-12-17 18:30:00,Janik Haberer,Pass
130346,83,MissedShots,0.789000015258789,0.7230000305175781,0.02670159935951233,Vincenzo Grifo,a,5266,OpenPlay,2016,RightFoot,3223,Ingolstadt,Freiburg,1,2,2016-12-21 23:00:00,Christian Günter,Pass
130909,48,MissedShots,0.754000015258789,0.30700000762939456,0.04913029819726944,Vincenzo Grifo,h,5266,DirectFreekick,2016,RightFoot,3722,Freiburg,Bayern Munich,1,2,2017-01-20 19:30:00,,Standard
130910,49,BlockedShot,0.8380000305175781,0.6619999694824219,0.041683100163936615,Vincenzo Grifo,h,5266,OpenPlay,2016,RightFoot,3722,Freiburg,Bayern Munich,1,2,2017-01-20 19:30:00,Florian Niederlechner,Pass
131419,45,MissedShots,0.8180000305175781,0.46700000762939453,0.04258529841899872,Vincenzo Grifo,h,5266,OpenPlay,2016,RightFoot,3738,Freiburg,Hertha Berlin,2,1,2017-01-29 17:30:00,Maximilian Philipp,Cross
131423,56,MissedShots,0.730999984741211,0.47400001525878904,0.022673500701785088,Vincenzo Grifo,h,5266,OpenPlay,2016,RightFoot,3738,Freiburg,Hertha Berlin,2,1,2017-01-29 17:30:00,Florian Niederlechner,Pass
131424,58,BlockedShot,0.85,0.625,0.03699909895658493,Vincenzo Grifo,h,5266,OpenPlay,2016,RightFoot,3738,Freiburg,Hertha Berlin,2,1,2017-01-29 17:30:00,Maximilian Philipp,Cross
131438,91,BlockedShot,0.925,0.2929999923706055,0.06909990310668945,Vincenzo Grifo,h,5266,OpenPlay,2016,RightFoot,3738,Freiburg,Hertha Berlin,2,1,2017-01-29 17:30:00,Onur Bulut,Pass
131592,45,BlockedShot,0.705999984741211,0.525,0.011201400309801102,Vincenzo Grifo,a,5266,OpenPlay,2016,RightFoot,3744,Borussia M.Gladbach,Freiburg,3,0,2017-02-04 14:30:00,,None
131593,45,BlockedShot,0.899000015258789,0.695,0.05060410127043724,Vincenzo Grifo,a,5266,OpenPlay,2016,RightFoot,3744,Borussia M.Gladbach,Freiburg,3,0,2017-02-04 14:30:00,Lukas Kübler,Chipped
131594,50,SavedShot,0.875,0.639000015258789,0.07141319662332535,Vincenzo Grifo,a,5266,OpenPlay,2016,RightFoot,3744,Borussia M.Gladbach,Freiburg,3,0,2017-02-04 14:30:00,Janik Haberer,Pass
131602,86,BlockedShot,0.7040000152587891,0.3129999923706055,0.033116500824689865,Vincenzo Grifo,a,5266,DirectFreekick,2016,RightFoot,3744,Borussia M.Gladbach,Freiburg,3,0,2017-02-04 14:30:00,,Standard
131603,87,SavedShot,0.904000015258789,0.33099998474121095,0.07784389704465866,Vincenzo Grifo,a,5266,OpenPlay,2016,RightFoot,3744,Borussia M.Gladbach,Freiburg,3,0,2017-02-04 14:30:00,Janik Haberer,TakeOn
131807,8,SavedShot,0.7280000305175781,0.34200000762939453,0.014177200384438038,Vincenzo Grifo,h,5266,OpenPlay,2016,RightFoot,3757,Freiburg,FC Cologne,2,1,2017-02-12 16:30:00,Maximilian Philipp,LayOff
131810,20,SavedShot,0.6919999694824219,0.509000015258789,0.03754299879074097,Vincenzo Grifo,h,5266,DirectFreekick,2016,RightFoot,3757,Freiburg,FC Cologne,2,1,2017-02-12 16:30:00,,Standard
131812,31,Goal,0.8590000152587891,0.64,0.06041549891233444,Vincenzo Grifo,h,5266,OpenPlay,2016,RightFoot,3757,Freiburg,FC Cologne,2,1,2017-02-12 16:30:00,Christian Günter,Pass
131821,66,MissedShots,0.895,0.7559999847412109,0.023563800379633904,Vincenzo Grifo,h,5266,FromCorner,2016,RightFoot,3757,Freiburg,FC Cologne,2,1,2017-02-12 16:30:00,Nicolas Höfler,Chipped
131824,73,MissedShots,0.6990000152587891,0.740999984741211,0.028613299131393433,Vincenzo Grifo,h,5266,DirectFreekick,2016,RightFoot,3757,Freiburg,FC Cologne,2,1,2017-02-12 16:30:00,,Standard
131825,76,SavedShot,0.6880000305175781,0.654000015258789,0.03145039826631546,Vincenzo Grifo,h,5266,DirectFreekick,2016,RightFoot,3757,Freiburg,FC Cologne,2,1,2017-02-12 16:30:00,,Standard
132216,48,BlockedShot,0.7969999694824219,0.7390000152587891,0.022718099877238274,Vincenzo Grifo,a,5266,OpenPlay,2016,RightFoot,3764,Hamburger SV,Freiburg,2,2,2017-02-18 17:30:00,Maximilian Philipp,Pass
132222,71,Goal,0.8690000152587891,0.45799999237060546,0.3765220046043396,Vincenzo Grifo,a,5266,OpenPlay,2016,RightFoot,3764,Hamburger SV,Freiburg,2,2,2017-02-18 17:30:00,Nils Petersen,Pass
132353,20,MissedShots,0.6940000152587891,0.59,0.03616679832339287,Vincenzo Grifo,h,5266,DirectFreekick,2016,RightFoot,3770,Freiburg,Borussia Dortmund,0,3,2017-02-25 14:30:00,,Standard
132356,24,BlockedShot,0.750999984741211,0.445,0.019747300073504448,Vincenzo Grifo,h,5266,OpenPlay,2016,RightFoot,3770,Freiburg,Borussia Dortmund,0,3,2017-02-25 14:30:00,Christian Günter,TakeOn
133393,55,SavedShot,0.8009999847412109,0.6840000152587891,0.025084400549530983,Vincenzo Grifo,a,5266,OpenPlay,2016,RightFoot,3783,Eintracht Frankfurt,Freiburg,1,2,2017-03-05 14:30:00,Christian Günter,Pass
133454,9,SavedShot,0.735999984741211,0.7340000152587891,0.03697760030627251,Vincenzo Grifo,h,5266,DirectFreekick,2016,RightFoot,3807,Freiburg,Werder Bremen,2,5,2017-04-01 14:30:00,,Standard
133474,76,Goal,0.779000015258789,0.3970000076293945,0.027445100247859955,Vincenzo Grifo,h,5266,OpenPlay,2016,RightFoot,3807,Freiburg,Werder Bremen,2,5,2017-04-01 14:30:00,Maximilian Philipp,Pass
133946,34,SavedShot,0.7609999847412109,0.73,0.0181294996291399,Vincenzo Grifo,a,5266,OpenPlay,2016,RightFoot,3819,Wolfsburg,Freiburg,0,1,2017-04-05 19:00:00,Janik Haberer,Pass
133950,45,BlockedShot,0.7519999694824219,0.585,0.017758099362254143,Vincenzo Grifo,a,5266,OpenPlay,2016,RightFoot,3819,Wolfsburg,Freiburg,0,1,2017-04-05 19:00:00,,None
133956,57,BlockedShot,0.85,0.664000015258789,0.07153459638357162,Vincenzo Grifo,a,5266,OpenPlay,2016,RightFoot,3819,Wolfsburg,Freiburg,0,1,2017-04-05 19:00:00,Julian Schuster,Pass
133959,65,SavedShot,0.759000015258789,0.4329999923706055,0.025557300075888634,Vincenzo Grifo,a,5266,OpenPlay,2016,RightFoot,3819,Wolfsburg,Freiburg,0,1,2017-04-05 19:00:00,Julian Schuster,Pass
133967,90,BlockedShot,0.7290000152587891,0.620999984741211,0.04763469845056534,Vincenzo Grifo,a,5266,DirectFreekick,2016,RightFoot,3819,Wolfsburg,Freiburg,0,1,2017-04-05 19:00:00,,Standard
134863,23,SavedShot,0.795,0.674000015258789,0.030118299648165703,Vincenzo Grifo,h,5266,OpenPlay,2016,RightFoot,3822,Freiburg,Mainz 05,1,0,2017-04-08 14:30:00,Aleksandar Ignjovski,TakeOn
134870,54,MissedShots,0.769000015258789,0.4540000152587891,0.025852199643850327,Vincenzo Grifo,h,5266,OpenPlay,2016,RightFoot,3822,Freiburg,Mainz 05,1,0,2017-04-08 14:30:00,Florian Niederlechner,None
133548,66,SavedShot,0.745999984741211,0.5459999847412109,0.06468860059976578,Vincenzo Grifo,h,5266,DirectFreekick,2016,RightFoot,3873,Freiburg,Ingolstadt,1,1,2017-05-13 14:30:00,,Standard
133557,90,BlockedShot,0.7390000152587891,0.49599998474121093,0.061167098581790924,Vincenzo Grifo,h,5266,DirectFreekick,2016,RightFoot,3873,Freiburg,Ingolstadt,1,1,2017-05-13 14:30:00,,Standard
128133,35,SavedShot,0.875999984741211,0.649000015258789,0.05695969983935356,Vincenzo Grifo,a,5266,OpenPlay,2016,LeftFoot,3883,Bayern Munich,Freiburg,4,1,2017-05-20 14:30:00,Florian Niederlechner,Pass
128146,59,BlockedShot,0.8540000152587891,0.7480000305175781,0.024859299883246422,Vincenzo Grifo,a,5266,OpenPlay,2016,RightFoot,3883,Bayern Munich,Freiburg,4,1,2017-05-20 14:30:00,Janik Haberer,Pass
167126,85,BlockedShot,0.6919999694824219,0.56,0.013272300362586975,Vincenzo Grifo,h,5266,OpenPlay,2017,RightFoot,8315,Borussia M.Gladbach,Hannover 96,2,1,2017-09-30 14:30:00,Denis Zakaria,Pass
168533,20,ShotOnPost,0.8490000152587891,0.75,0.02351289987564087,Vincenzo Grifo,a,5266,OpenPlay,2017,RightFoot,8341,Hoffenheim,Borussia M.Gladbach,1,3,2017-10-28 14:30:00,Oscar Wendt,Pass
168540,32,SavedShot,0.7440000152587891,0.3240000152587891,0.04749419912695885,Vincenzo Grifo,a,5266,DirectFreekick,2017,RightFoot,8341,Hoffenheim,Borussia M.Gladbach,1,3,2017-10-28 14:30:00,,Standard
167509,71,MissedShots,0.8090000152587891,0.6990000152587891,0.026366500183939934,Vincenzo Grifo,h,5266,OpenPlay,2017,RightFoot,8352,Borussia M.Gladbach,Mainz 05,1,1,2017-11-04 14:30:00,Lars Stindl,Pass
169057,13,SavedShot,0.7330000305175781,0.524000015258789,0.05685830116271973,Vincenzo Grifo,a,5266,DirectFreekick,2017,RightFoot,8384,Wolfsburg,Borussia M.Gladbach,3,0,2017-12-03 17:00:00,,Standard
169062,35,SavedShot,0.805,0.7030000305175781,0.019252300262451172,Vincenzo Grifo,a,5266,OpenPlay,2017,RightFoot,8384,Wolfsburg,Borussia M.Gladbach,3,0,2017-12-03 17:00:00,Lars Stindl,Pass
179699,36,BlockedShot,0.8780000305175781,0.5529999923706055,0.3793559968471527,Vincenzo Grifo,h,5266,OpenPlay,2017,RightFoot,8390,Borussia M.Gladbach,Schalke 04,1,1,2017-12-09 17:30:00,Raffael,Pass
179702,50,SavedShot,0.9259999847412109,0.695,0.04138749837875366,Vincenzo Grifo,h,5266,FromCorner,2017,RightFoot,8390,Borussia M.Gladbach,Schalke 04,1,1,2017-12-09 17:30:00,,None
183768,80,BlockedShot,0.835999984741211,0.615999984741211,0.02704020030796528,Vincenzo Grifo,h,5266,OpenPlay,2017,RightFoot,8408,Borussia M.Gladbach,Hamburger SV,3,1,2017-12-15 19:30:00,,Aerial
194779,84,SavedShot,0.9,0.6120000076293945,0.07225240021944046,Vincenzo Grifo,h,5266,OpenPlay,2017,RightFoot,8441,Borussia M.Gladbach,RasenBallsport Leipzig,0,1,2018-02-03 17:30:00,Thorgan Hazard,Chipped
195135,36,BlockedShot,0.875,0.6859999847412109,0.04893049970269203,Vincenzo Grifo,a,5266,FromCorner,2017,LeftFoot,8450,VfB Stuttgart,Borussia M.Gladbach,1,0,2018-02-11 14:30:00,,Rebound
200171,5,SavedShot,0.8669999694824219,0.6759999847412109,0.05359699949622154,Vincenzo Grifo,a,5266,OpenPlay,2017,RightFoot,8492,Bayer Leverkusen,Borussia M.Gladbach,2,0,2018-03-10 17:30:00,Lars Stindl,Pass
255380,52,MissedShots,0.7530000305175781,0.4179999923706055,0.06638800352811813,Vincenzo Grifo,h,5266,DirectFreekick,2018,RightFoot,10392,Hoffenheim,Eintracht Frankfurt,1,2,2018-10-07 13:30:00,,Standard
255381,58,MissedShots,0.9009999847412109,0.5059999847412109,0.05410879850387573,Vincenzo Grifo,h,5266,OpenPlay,2018,Head,10392,Hoffenheim,Eintracht Frankfurt,1,2,2018-10-07 13:30:00,Ádám Szalai,Aerial
255384,65,MissedShots,0.9480000305175781,0.34200000762939453,0.040753498673439026,Vincenzo Grifo,h,5266,FromCorner,2018,RightFoot,10392,Hoffenheim,Eintracht Frankfurt,1,2,2018-10-07 13:30:00,Nico Schulz,Chipped
255392,94,MissedShots,0.9769999694824218,0.3270000076293945,0.03134850040078163,Vincenzo Grifo,h,5266,OpenPlay,2018,RightFoot,10392,Hoffenheim,Eintracht Frankfurt,1,2,2018-10-07 13:30:00,Nico Schulz,Cross
255794,61,MissedShots,0.769000015258789,0.705,0.017600499093532562,Vincenzo Grifo,h,5266,SetPiece,2018,RightFoot,10409,Hoffenheim,VfB Stuttgart,4,0,2018-10-27 16:30:00,Kerem Demirbay,Pass
255795,72,MissedShots,0.905,0.40400001525878904,0.10529600083827972,Vincenzo Grifo,h,5266,OpenPlay,2018,RightFoot,10409,Hoffenheim,VfB Stuttgart,4,0,2018-10-27 16:30:00,,None
255801,85,ShotOnPost,0.8090000152587891,0.515,0.07917580008506775,Vincenzo Grifo,h,5266,OpenPlay,2018,RightFoot,10409,Hoffenheim,VfB Stuttgart,4,0,2018-10-27 16:30:00,Kerem Demirbay,Pass
255804,89,BlockedShot,0.749000015258789,0.6619999694824219,0.016746999695897102,Vincenzo Grifo,h,5266,OpenPlay,2018,RightFoot,10409,Hoffenheim,VfB Stuttgart,4,0,2018-10-27 16:30:00,,None
256036,36,BlockedShot,0.7619999694824219,0.31799999237060544,0.021254999563097954,Vincenzo Grifo,a,5266,OpenPlay,2018,RightFoot,10424,Bayer Leverkusen,Hoffenheim,1,4,2018-11-03 14:30:00,Reiss Nelson,Pass
256039,48,Goal,0.885,0.5,0.7577769756317139,Vincenzo Grifo,a,5266,Penalty,2018,RightFoot,10424,Bayer Leverkusen,Hoffenheim,1,4,2018-11-03 14:30:00,,Standard
256219,85,SavedShot,0.7580000305175781,0.59,0.03018599934875965,Vincenzo Grifo,h,5266,OpenPlay,2018,RightFoot,10427,Hoffenheim,Augsburg,2,1,2018-11-10 14:30:00,Reiss Nelson,Pass
257862,34,SavedShot,0.7680000305175781,0.6659999847412109,0.06149410083889961,Vincenzo Grifo,h,5266,DirectFreekick,2018,RightFoot,10482,Hoffenheim,Mainz 05,1,1,2018-12-23 17:00:00,,Standard
257866,47,MissedShots,0.8680000305175781,0.515,0.0790271982550621,Vincenzo Grifo,h,5266,OpenPlay,2018,RightFoot,10482,Hoffenheim,Mainz 05,1,1,2018-12-23 17:00:00,,None
257870,63,MissedShots,0.784000015258789,0.35700000762939454,0.026624299585819244,Vincenzo Grifo,h,5266,OpenPlay,2018,LeftFoot,10482,Hoffenheim,Mainz 05,1,1,2018-12-23 17:00:00,Florian Grillitsch,Pass
257883,91,ShotOnPost,0.8159999847412109,0.5459999847412109,0.05585680156946182,Vincenzo Grifo,h,5266,OpenPlay,2018,RightFoot,10482,Hoffenheim,Mainz 05,1,1,2018-12-23 17:00:00,Reiss Nelson,Pass
278317,31,SavedShot,0.7040000152587891,0.5790000152587891,0.040105100721120834,Vincenzo Grifo,a,5266,DirectFreekick,2018,RightFoot,10492,Eintracht Frankfurt,Freiburg,3,1,2019-01-19 14:30:00,,Standard
278336,88,MissedShots,0.7619999694824219,0.669000015258789,0.013282899744808674,Vincenzo Grifo,a,5266,OpenPlay,2018,RightFoot,10492,Eintracht Frankfurt,Freiburg,3,1,2019-01-19 14:30:00,Nils Petersen,Pass
278339,91,SavedShot,0.875999984741211,0.38799999237060545,0.05442339926958084,Vincenzo Grifo,a,5266,OpenPlay,2018,RightFoot,10492,Eintracht Frankfurt,Freiburg,3,1,2019-01-19 14:30:00,Nils Petersen,HeadPass
278920,8,BlockedShot,0.8830000305175781,0.365,0.09663999825716019,Vincenzo Grifo,a,5266,OpenPlay,2018,RightFoot,10509,VfB Stuttgart,Freiburg,2,2,2019-02-03 17:00:00,Janik Haberer,Pass
278928,31,BlockedShot,0.7909999847412109,0.7240000152587891,0.021270500496029854,Vincenzo Grifo,a,5266,FromCorner,2018,RightFoot,10509,VfB Stuttgart,Freiburg,2,2,2019-02-03 17:00:00,,Rebound
278937,52,SavedShot,0.8619999694824219,0.6179999923706054,0.1190200001001358,Vincenzo Grifo,a,5266,OpenPlay,2018,RightFoot,10509,VfB Stuttgart,Freiburg,2,2,2019-02-03 17:00:00,Lucas Höler,Pass
278940,62,BlockedShot,0.750999984741211,0.43400001525878906,0.06672170013189316,Vincenzo Grifo,a,5266,DirectFreekick,2018,RightFoot,10509,VfB Stuttgart,Freiburg,2,2,2019-02-03 17:00:00,,Standard
278948,93,BlockedShot,0.8230000305175781,0.5179999923706055,0.05110999941825867,Vincenzo Grifo,a,5266,OpenPlay,2018,RightFoot,10509,VfB Stuttgart,Freiburg,2,2,2019-02-03 17:00:00,,None
279069,36,Goal,0.855999984741211,0.4929999923706055,0.3417220115661621,Vincenzo Grifo,h,5266,OpenPlay,2018,RightFoot,10523,Freiburg,Wolfsburg,3,3,2019-02-09 14:30:00,Florian Niederlechner,Pass
279076,64,MissedShots,0.8269999694824218,0.7019999694824218,0.02814609929919243,Vincenzo Grifo,h,5266,OpenPlay,2018,RightFoot,10523,Freiburg,Wolfsburg,3,3,2019-02-09 14:30:00,,None
281335,61,SavedShot,0.83,0.4809999847412109,0.05454780161380768,Vincenzo Grifo,a,5266,OpenPlay,2018,RightFoot,10534,Schalke 04,Freiburg,0,0,2019-02-16 14:30:00,,Rebound
281341,75,BlockedShot,0.8830000305175781,0.735999984741211,0.03275429829955101,Vincenzo Grifo,a,5266,OpenPlay,2018,RightFoot,10534,Schalke 04,Freiburg,0,0,2019-02-16 14:30:00,Philipp Lienhart,Pass
279429,12,SavedShot,0.8,0.6459999847412109,0.04701419919729233,Vincenzo Grifo,h,5266,OpenPlay,2018,RightFoot,10541,Freiburg,Augsburg,5,1,2019-02-23 14:30:00,,BallRecovery
279431,16,BlockedShot,0.860999984741211,0.6580000305175782,0.0711337998509407,Vincenzo Grifo,h,5266,OpenPlay,2018,RightFoot,10541,Freiburg,Augsburg,5,1,2019-02-23 14:30:00,Gian-Luca Waldschmidt,Pass
279435,25,MissedShots,0.8190000152587891,0.5529999923706055,0.07304730266332626,Vincenzo Grifo,h,5266,OpenPlay,2018,LeftFoot,10541,Freiburg,Augsburg,5,1,2019-02-23 14:30:00,Nils Petersen,BallTouch
279437,29,Goal,0.7609999847412109,0.710999984741211,0.04890739917755127,Vincenzo Grifo,h,5266,DirectFreekick,2018,RightFoot,10541,Freiburg,Augsburg,5,1,2019-02-23 14:30:00,,Standard
279439,38,BlockedShot,0.915,0.66,0.056014299392700195,Vincenzo Grifo,h,5266,OpenPlay,2018,RightFoot,10541,Freiburg,Augsburg,5,1,2019-02-23 14:30:00,,Rebound
279442,44,MissedShots,0.919000015258789,0.6270000076293946,0.35982900857925415,Vincenzo Grifo,h,5266,OpenPlay,2018,LeftFoot,10541,Freiburg,Augsburg,5,1,2019-02-23 14:30:00,Janik Haberer,TakeOn
279669,33,MissedShots,0.774000015258789,0.775,0.016324199736118317,Vincenzo Grifo,a,5266,OpenPlay,2018,RightFoot,10545,Bayer Leverkusen,Freiburg,2,0,2019-03-02 14:30:00,Christian Günter,Pass
279686,80,MissedShots,0.7859999847412109,0.66,0.028161000460386276,Vincenzo Grifo,a,5266,OpenPlay,2018,RightFoot,10545,Bayer Leverkusen,Freiburg,2,0,2019-03-02 14:30:00,Christian Günter,TakeOn
279688,87,BlockedShot,0.8590000152587891,0.5790000152587891,0.06838669627904892,Vincenzo Grifo,a,5266,OpenPlay,2018,RightFoot,10545,Bayer Leverkusen,Freiburg,2,0,2019-03-02 14:30:00,Florian Niederlechner,BallTouch
284382,58,MissedShots,0.89,0.7390000152587891,0.02289070002734661,Vincenzo Grifo,h,5266,OpenPlay,2018,RightFoot,10560,Freiburg,Hertha Berlin,2,1,2019-03-09 14:30:00,Janik Haberer,Cross
285881,9,Goal,0.86,0.5520000076293945,0.055497799068689346,Vincenzo Grifo,a,5266,OpenPlay,2018,RightFoot,10569,Borussia M.Gladbach,Freiburg,1,1,2019-03-15 19:30:00,Pascal Stenzel,Cross
285887,35,SavedShot,0.9490000152587891,0.6370000076293946,0.0667262002825737,Vincenzo Grifo,a,5266,FromCorner,2018,RightFoot,10569,Borussia M.Gladbach,Freiburg,1,1,2019-03-15 19:30:00,,None
287375,5,MissedShots,0.7130000305175781,0.40900001525878904,0.04300690069794655,Vincenzo Grifo,h,5266,DirectFreekick,2018,RightFoot,10578,Freiburg,Bayern Munich,1,1,2019-03-30 14:30:00,,Standard
287395,51,MissedShots,0.73,0.6569999694824219,0.013745499774813652,Vincenzo Grifo,h,5266,OpenPlay,2018,RightFoot,10578,Freiburg,Bayern Munich,1,1,2019-03-30 14:30:00,Janik Haberer,TakeOn
287399,60,MissedShots,0.799000015258789,0.754000015258789,0.022001300007104874,Vincenzo Grifo,h,5266,OpenPlay,2018,RightFoot,10578,Freiburg,Bayern Munich,1,1,2019-03-30 14:30:00,Janik Haberer,Pass
291686,47,BlockedShot,0.85,0.7390000152587891,0.027330199256539345,Vincenzo Grifo,a,5266,OpenPlay,2018,RightFoot,10587,Mainz 05,Freiburg,5,0,2019-04-05 19:30:00,Nicolas Höfler,Pass
293506,43,MissedShots,0.8619999694824219,0.31,0.11319400370121002,Vincenzo Grifo,a,5266,OpenPlay,2018,LeftFoot,10594,Werder Bremen,Freiburg,2,1,2019-04-13 14:30:00,Janik Haberer,Throughball
295919,23,BlockedShot,0.8730000305175781,0.4,0.08042609691619873,Vincenzo Grifo,h,5266,OpenPlay,2018,RightFoot,10601,Freiburg,Borussia Dortmund,0,4,2019-04-21 14:30:00,Florian Niederlechner,Pass
297337,65,Goal,0.73,0.41200000762939454,0.05128069967031479,Vincenzo Grifo,a,5266,DirectFreekick,2018,RightFoot,10609,RasenBallsport Leipzig,Freiburg,2,1,2019-04-27 14:30:00,,Standard
297342,70,SavedShot,0.8569999694824219,0.7440000152587891,0.028126200661063194,Vincenzo Grifo,a,5266,OpenPlay,2018,RightFoot,10609,RasenBallsport Leipzig,Freiburg,2,1,2019-04-27 14:30:00,Jérôme Gondorf,Pass
297344,75,MissedShots,0.8130000305175781,0.44299999237060544,0.058231599628925323,Vincenzo Grifo,a,5266,OpenPlay,2018,RightFoot,10609,RasenBallsport Leipzig,Freiburg,2,1,2019-04-27 14:30:00,Jérôme Gondorf,Pass
300022,7,BlockedShot,0.9219999694824219,0.7759999847412109,0.04699470102787018,Vincenzo Grifo,h,5266,OpenPlay,2018,RightFoot,10622,Freiburg,Fortuna Duesseldorf,1,1,2019-05-05 14:30:00,,TakeOn
300023,8,Goal,0.885,0.5,0.7577769756317139,Vincenzo Grifo,h,5266,Penalty,2018,RightFoot,10622,Freiburg,Fortuna Duesseldorf,1,1,2019-05-05 14:30:00,,Standard
300024,9,BlockedShot,0.915,0.40200000762939453,0.1808840036392212,Vincenzo Grifo,h,5266,OpenPlay,2018,RightFoot,10622,Freiburg,Fortuna Duesseldorf,1,1,2019-05-05 14:30:00,Nicolas Höfler,TakeOn
300026,18,BlockedShot,0.774000015258789,0.7419999694824219,0.04802539944648743,Vincenzo Grifo,h,5266,DirectFreekick,2018,RightFoot,10622,Freiburg,Fortuna Duesseldorf,1,1,2019-05-05 14:30:00,,Standard
300027,26,BlockedShot,0.870999984741211,0.3039999961853027,0.10923100262880325,Vincenzo Grifo,h,5266,OpenPlay,2018,RightFoot,10622,Freiburg,Fortuna Duesseldorf,1,1,2019-05-05 14:30:00,,BallRecovery
300037,79,BlockedShot,0.9069999694824219,0.825999984741211,0.06264760345220566,Vincenzo Grifo,h,5266,DirectFreekick,2018,RightFoot,10622,Freiburg,Fortuna Duesseldorf,1,1,2019-05-05 14:30:00,,Standard
300042,88,SavedShot,0.67,0.43599998474121093,0.0085325101390481,Vincenzo Grifo,h,5266,OpenPlay,2018,LeftFoot,10622,Freiburg,Fortuna Duesseldorf,1,1,2019-05-05 14:30:00,,Aerial
302391,15,BlockedShot,0.8040000152587891,0.5990000152587891,0.054853301495313644,Vincenzo Grifo,h,5266,OpenPlay,2018,RightFoot,10636,Freiburg,Nuernberg,5,1,2019-05-18 13:30:00,Gian-Luca Waldschmidt,TakeOn
302408,60,Goal,0.965,0.37400001525878906,0.0956709012389183,Vincenzo Grifo,h,5266,OpenPlay,2018,RightFoot,10636,Freiburg,Nuernberg,5,1,2019-05-18 13:30:00,Christian Günter,Cross
320331,86,BlockedShot,0.75,0.539000015258789,0.024074800312519073,Vincenzo Grifo,h,5266,OpenPlay,2019,RightFoot,12441,Freiburg,Augsburg,1,1,2019-09-21 13:30:00,Nicolas Höfler,Pass
320335,88,BlockedShot,0.870999984741211,0.73,0.0315186008810997,Vincenzo Grifo,h,5266,OpenPlay,2019,RightFoot,12441,Freiburg,Augsburg,1,1,2019-09-21 13:30:00,Nicolas Höfler,Pass
320337,93,SavedShot,0.7290000152587891,0.6619999694824219,0.04314560070633888,Vincenzo Grifo,h,5266,DirectFreekick,2019,RightFoot,12441,Freiburg,Augsburg,1,1,2019-09-21 13:30:00,,Standard
323345,90,BlockedShot,0.8469999694824218,0.6930000305175781,0.043966300785541534,Vincenzo Grifo,a,5266,OpenPlay,2019,RightFoot,12455,Fortuna Duesseldorf,Freiburg,1,2,2019-09-29 13:30:00,Nicolas Höfler,Pass
325426,75,BlockedShot,0.840999984741211,0.35900001525878905,0.0338343009352684,Vincenzo Grifo,a,5266,OpenPlay,2019,RightFoot,12468,Union Berlin,Freiburg,2,0,2019-10-19 14:30:00,Jonathan Schmid,Cross
327055,34,BlockedShot,0.7919999694824219,0.740999984741211,0.021637100726366043,Vincenzo Grifo,h,5266,OpenPlay,2019,RightFoot,12481,Freiburg,RasenBallsport Leipzig,2,1,2019-10-26 14:30:00,Christian Günter,Pass
327058,45,BlockedShot,0.845999984741211,0.754000015258789,0.026632599532604218,Vincenzo Grifo,h,5266,OpenPlay,2019,RightFoot,12481,Freiburg,RasenBallsport Leipzig,2,1,2019-10-26 14:30:00,Christian Günter,Pass
328986,11,MissedShots,0.7169999694824218,0.615999984741211,0.04284130036830902,Vincenzo Grifo,a,5266,DirectFreekick,2019,RightFoot,12488,Werder Bremen,Freiburg,2,2,2019-11-02 14:30:00,,Standard
328994,44,MissedShots,0.8080000305175781,0.6840000152587891,0.029904499650001526,Vincenzo Grifo,a,5266,OpenPlay,2019,RightFoot,12488,Werder Bremen,Freiburg,2,2,2019-11-02 14:30:00,Lucas Höler,BallTouch
331605,4,BlockedShot,0.9719999694824218,0.30700000762939456,0.053732000291347504,Vincenzo Grifo,h,5266,OpenPlay,2019,RightFoot,12496,Freiburg,Eintracht Frankfurt,1,0,2019-11-10 17:00:00,Roland Sallai,Pass
331606,4,BlockedShot,0.8019999694824219,0.23899999618530274,0.021238699555397034,Vincenzo Grifo,h,5266,FromCorner,2019,RightFoot,12496,Freiburg,Eintracht Frankfurt,1,0,2019-11-10 17:00:00,Christian Günter,Pass
331607,6,SavedShot,0.8819999694824219,0.6959999847412109,0.03469580039381981,Vincenzo Grifo,h,5266,FromCorner,2019,RightFoot,12496,Freiburg,Eintracht Frankfurt,1,0,2019-11-10 17:00:00,,None
331611,22,MissedShots,0.7709999847412109,0.27700000762939453,0.05072769895195961,Vincenzo Grifo,h,5266,DirectFreekick,2019,RightFoot,12496,Freiburg,Eintracht Frankfurt,1,0,2019-11-10 17:00:00,,Standard
336933,71,MissedShots,0.9209999847412109,0.69,0.05892359837889671,Vincenzo Grifo,a,5266,OpenPlay,2019,LeftFoot,12533,Hertha Berlin,Freiburg,1,0,2019-12-14 14:30:00,Nils Petersen,TakeOn
336938,84,SavedShot,0.8540000152587891,0.7559999847412109,0.027488499879837036,Vincenzo Grifo,a,5266,OpenPlay,2019,RightFoot,12533,Hertha Berlin,Freiburg,1,0,2019-12-14 14:30:00,Christian Günter,Pass
336941,92,BlockedShot,0.7859999847412109,0.365,0.02044060081243515,Vincenzo Grifo,a,5266,OpenPlay,2019,RightFoot,12533,Hertha Berlin,Freiburg,1,0,2019-12-14 14:30:00,Kwon Chang-Hoon,HeadPass
338227,36,MissedShots,0.8919999694824219,0.505,0.32521700859069824,Vincenzo Grifo,h,5266,OpenPlay,2019,RightFoot,12544,Freiburg,Bayern Munich,1,3,2019-12-18 19:30:00,Mike Frantz,Cross
338230,39,SavedShot,0.8469999694824218,0.764000015258789,0.022412700578570366,Vincenzo Grifo,h,5266,OpenPlay,2019,RightFoot,12544,Freiburg,Bayern Munich,1,3,2019-12-18 19:30:00,Nicolas Höfler,Pass
338236,58,Goal,0.91,0.615999984741211,0.28893300890922546,Vincenzo Grifo,h,5266,OpenPlay,2019,RightFoot,12544,Freiburg,Bayern Munich,1,3,2019-12-18 19:30:00,Janik Haberer,Chipped
338243,72,SavedShot,0.764000015258789,0.5359999847412109,0.028466099873185158,Vincenzo Grifo,h,5266,OpenPlay,2019,RightFoot,12544,Freiburg,Bayern Munich,1,3,2019-12-18 19:30:00,Manuel Gulde,BlockedPass
338470,17,BlockedShot,0.7319999694824219,0.445,0.016942499205470085,Vincenzo Grifo,a,5266,OpenPlay,2019,RightFoot,12553,Schalke 04,Freiburg,2,2,2019-12-21 14:30:00,Lucas Höler,Pass
338494,66,Goal,0.885,0.5,0.7576959729194641,Vincenzo Grifo,a,5266,Penalty,2019,RightFoot,12553,Schalke 04,Freiburg,2,2,2019-12-21 14:30:00,,Standard
355759,62,SavedShot,0.735999984741211,0.45,0.02059140056371689,Vincenzo Grifo,h,5266,OpenPlay,2019,RightFoot,12572,Freiburg,Paderborn,0,2,2020-01-25 14:30:00,Janik Haberer,Pass
358012,86,BlockedShot,0.8580000305175781,0.41,0.09610529989004135,Vincenzo Grifo,h,5266,OpenPlay,2019,LeftFoot,12590,Freiburg,Hoffenheim,1,0,2020-02-08 14:30:00,Lucas Höler,Pass
358883,9,SavedShot,0.735,0.674000015258789,0.0440531000494957,Vincenzo Grifo,a,5266,DirectFreekick,2019,RightFoot,12597,Augsburg,Freiburg,1,1,2020-02-15 14:30:00,,Standard
358893,42,MissedShots,0.965,0.36,0.010567699559032917,Vincenzo Grifo,a,5266,OpenPlay,2019,Head,12597,Augsburg,Freiburg,1,1,2020-02-15 14:30:00,Amir Abrashi,Aerial
358898,54,SavedShot,0.7469999694824219,0.7730000305175782,0.03511570021510124,Vincenzo Grifo,a,5266,DirectFreekick,2019,RightFoot,12597,Augsburg,Freiburg,1,1,2020-02-15 14:30:00,,Standard
359861,34,SavedShot,0.705999984741211,0.6140000152587891,0.03883880004286766,Vincenzo Grifo,h,5266,DirectFreekick,2019,RightFoot,12608,Freiburg,Fortuna Duesseldorf,0,2,2020-02-22 14:30:00,,Standard
359865,38,SavedShot,0.7280000305175781,0.644000015258789,0.044745899736881256,Vincenzo Grifo,h,5266,DirectFreekick,2019,RightFoot,12608,Freiburg,Fortuna Duesseldorf,0,2,2020-02-22 14:30:00,,Standard
360725,24,MissedShots,0.8430000305175781,0.3729999923706055,0.047253500670194626,Vincenzo Grifo,a,5266,OpenPlay,2019,RightFoot,12610,Borussia Dortmund,Freiburg,1,0,2020-02-29 14:30:00,Roland Sallai,Pass
360741,69,SavedShot,0.7319999694824219,0.49700000762939456,0.05656279996037483,Vincenzo Grifo,a,5266,DirectFreekick,2019,RightFoot,12610,Borussia Dortmund,Freiburg,1,0,2020-02-29 14:30:00,,Standard
362948,49,BlockedShot,0.9030000305175782,0.7340000152587891,0.048280999064445496,Vincenzo Grifo,a,5266,OpenPlay,2019,RightFoot,12629,RasenBallsport Leipzig,Freiburg,1,1,2020-05-16 13:30:00,Manuel Gulde,Pass
362956,61,MissedShots,0.5570000076293945,0.44299999237060544,0.012115299701690674,Vincenzo Grifo,a,5266,OpenPlay,2019,RightFoot,12629,RasenBallsport Leipzig,Freiburg,1,1,2020-05-16 13:30:00,Nicolas Höfler,BallRecovery
363210,4,SavedShot,0.7630000305175781,0.725999984741211,0.04695139825344086,Vincenzo Grifo,h,5266,DirectFreekick,2019,RightFoot,12643,Freiburg,Werder Bremen,0,1,2020-05-23 13:30:00,,Standard
363231,79,BlockedShot,0.8219999694824218,0.519000015258789,0.058650799095630646,Vincenzo Grifo,h,5266,OpenPlay,2019,RightFoot,12643,Freiburg,Werder Bremen,0,1,2020-05-23 13:30:00,Roland Sallai,Pass
363235,96,BlockedShot,0.9259999847412109,0.33,0.05130640044808388,Vincenzo Grifo,h,5266,FromCorner,2019,RightFoot,12643,Freiburg,Werder Bremen,0,1,2020-05-23 13:30:00,,None
363421,27,Goal,0.8590000152587891,0.5690000152587891,0.0717473030090332,Vincenzo Grifo,a,5266,OpenPlay,2019,RightFoot,12646,Eintracht Frankfurt,Freiburg,3,3,2020-05-26 18:30:00,,None
363426,35,BlockedShot,0.765,0.549000015258789,0.024005500599741936,Vincenzo Grifo,a,5266,OpenPlay,2019,RightFoot,12646,Eintracht Frankfurt,Freiburg,3,3,2020-05-26 18:30:00,,None
363569,6,BlockedShot,0.7709999847412109,0.7730000305175782,0.013499099761247635,Vincenzo Grifo,h,5266,OpenPlay,2019,RightFoot,12660,Freiburg,Bayer Leverkusen,0,1,2020-05-29 18:30:00,,BallRecovery
363808,3,MissedShots,0.7830000305175782,0.7030000305175781,0.023576000705361366,Vincenzo Grifo,h,5266,OpenPlay,2019,RightFoot,12670,Freiburg,Borussia M.Gladbach,1,0,2020-06-05 18:30:00,Christian Günter,Pass
363823,48,BlockedShot,0.794000015258789,0.8109999847412109,0.01498039998114109,Vincenzo Grifo,h,5266,OpenPlay,2019,RightFoot,12670,Freiburg,Borussia M.Gladbach,1,0,2020-06-05 18:30:00,Christian Günter,Pass
364199,78,MissedShots,0.8059999847412109,0.710999984741211,0.022487299516797066,Vincenzo Grifo,a,5266,OpenPlay,2019,RightFoot,12674,Wolfsburg,Freiburg,2,2,2020-06-13 13:30:00,Lucas Höler,Pass
364606,12,BlockedShot,0.850999984741211,0.6569999694824219,0.047241099178791046,Vincenzo Grifo,h,5266,OpenPlay,2019,RightFoot,12688,Freiburg,Hertha Berlin,2,1,2020-06-16 18:30:00,Christian Günter,Pass
364611,24,BlockedShot,0.7469999694824219,0.6179999923706054,0.05754049867391586,Vincenzo Grifo,h,5266,DirectFreekick,2019,RightFoot,12688,Freiburg,Hertha Berlin,2,1,2020-06-16 18:30:00,,Standard
364618,60,Goal,0.7880000305175782,0.7469999694824219,0.05230659991502762,Vincenzo Grifo,h,5266,DirectFreekick,2019,RightFoot,12688,Freiburg,Hertha Berlin,2,1,2020-06-16 18:30:00,,Standard
364625,78,BlockedShot,0.7980000305175782,0.37,0.0363427996635437,Vincenzo Grifo,h,5266,OpenPlay,2019,RightFoot,12688,Freiburg,Hertha Berlin,2,1,2020-06-16 18:30:00,Nils Petersen,Pass
364631,88,BlockedShot,0.8719999694824219,0.5520000076293945,0.10764499753713608,Vincenzo Grifo,h,5266,OpenPlay,2019,RightFoot,12688,Freiburg,Hertha Berlin,2,1,2020-06-16 18:30:00,,Rebound
367060,26,SavedShot,0.835,0.909000015258789,0.031891800463199615,Vincenzo Grifo,h,5266,DirectFreekick,2019,RightFoot,12706,Freiburg,Schalke 04,4,0,2020-06-27 13:30:00,,Standard
367086,86,SavedShot,0.9019999694824219,0.6719999694824219,0.07302509993314743,Vincenzo Grifo,h,5266,OpenPlay,2019,RightFoot,12706,Freiburg,Schalke 04,4,0,2020-06-27 13:30:00,Christian Günter,TakeOn
377451,47,Goal,0.919000015258789,0.47200000762939454,0.5671489834785461,Vincenzo Grifo,a,5266,OpenPlay,2020,RightFoot,14178,VfB Stuttgart,Freiburg,2,3,2020-09-19 13:30:00,Lucas Höler,Pass
379675,24,SavedShot,0.75,0.4490000152587891,0.06733319908380508,Vincenzo Grifo,h,5266,DirectFreekick,2020,RightFoot,14190,Freiburg,Wolfsburg,1,1,2020-09-27 16:00:00,,Standard
379678,27,MissedShots,0.8640000152587891,0.509000015258789,0.10471100360155106,Vincenzo Grifo,h,5266,OpenPlay,2020,RightFoot,14190,Freiburg,Wolfsburg,1,1,2020-09-27 16:00:00,,Rebound
380498,56,BlockedShot,0.8540000152587891,0.7080000305175781,0.03667290136218071,Vincenzo Grifo,a,5266,OpenPlay,2020,RightFoot,15162,Borussia Dortmund,Freiburg,4,0,2020-10-03 13:30:00,,BallRecovery
380504,81,SavedShot,0.895,0.45799999237060546,0.32513099908828735,Vincenzo Grifo,a,5266,OpenPlay,2020,RightFoot,15162,Borussia Dortmund,Freiburg,4,0,2020-10-03 13:30:00,,Rebound
381818,41,SavedShot,0.7769999694824219,0.7569999694824219,0.020363399758934975,Vincenzo Grifo,h,5266,OpenPlay,2020,RightFoot,15168,Freiburg,Werder Bremen,1,1,2020-10-17 13:30:00,Christian Günter,Pass
381821,43,SavedShot,0.85,0.655,0.05453009903430939,Vincenzo Grifo,h,5266,OpenPlay,2020,RightFoot,15168,Freiburg,Werder Bremen,1,1,2020-10-17 13:30:00,Jonathan Schmid,Pass
383206,33,Goal,0.9059999847412109,0.6840000152587891,0.05626849830150604,Vincenzo Grifo,a,5266,OpenPlay,2020,RightFoot,15177,Union Berlin,Freiburg,1,1,2020-10-24 13:30:00,Christian Günter,Pass
383215,57,SavedShot,0.76,0.7319999694824219,0.01428459957242012,Vincenzo Grifo,a,5266,OpenPlay,2020,RightFoot,15177,Union Berlin,Freiburg,1,1,2020-10-24 13:30:00,Nils Petersen,BallTouch
385187,24,MissedShots,0.8069999694824219,0.6329999923706054,0.10516300052404404,Vincenzo Grifo,h,5266,DirectFreekick,2020,RightFoot,15191,Freiburg,Bayer Leverkusen,2,4,2020-11-01 14:30:00,,Standard
385191,32,SavedShot,0.9180000305175782,0.590999984741211,0.29988300800323486,Vincenzo Grifo,h,5266,OpenPlay,2020,Head,15191,Freiburg,Bayer Leverkusen,2,4,2020-11-01 14:30:00,Jonathan Schmid,HeadPass
385195,46,MissedShots,0.7580000305175781,0.55,0.025363799184560776,Vincenzo Grifo,h,5266,OpenPlay,2020,RightFoot,15191,Freiburg,Bayer Leverkusen,2,4,2020-11-01 14:30:00,Christian Günter,Pass
387986,21,MissedShots,0.89,0.6940000152587891,0.04864250123500824,Vincenzo Grifo,h,5266,OpenPlay,2020,LeftFoot,15210,Freiburg,Mainz 05,1,3,2020-11-22 14:30:00,Roland Sallai,Pass
387992,35,SavedShot,0.8059999847412109,0.46299999237060546,0.059187501668930054,Vincenzo Grifo,h,5266,OpenPlay,2020,RightFoot,15210,Freiburg,Mainz 05,1,3,2020-11-22 14:30:00,Lucas Höler,Pass
388003,66,BlockedShot,0.7340000152587891,0.24600000381469728,0.03427020087838173,Vincenzo Grifo,h,5266,DirectFreekick,2020,RightFoot,15210,Freiburg,Mainz 05,1,3,2020-11-22 14:30:00,,Standard
388617,21,MissedShots,0.875999984741211,0.44799999237060545,0.07827349752187729,Vincenzo Grifo,a,5266,OpenPlay,2020,RightFoot,15219,Augsburg,Freiburg,1,1,2020-11-28 14:30:00,Jonathan Schmid,Cross
388623,63,Goal,0.9219999694824219,0.575,0.09771779924631119,Vincenzo Grifo,a,5266,OpenPlay,2020,RightFoot,15219,Augsburg,Freiburg,1,1,2020-11-28 14:30:00,Nicolas Höfler,Cross
388632,89,BlockedShot,0.6840000152587891,0.5820000076293945,0.03357509896159172,Vincenzo Grifo,a,5266,DirectFreekick,2020,RightFoot,15219,Augsburg,Freiburg,1,1,2020-11-28 14:30:00,,Standard
390105,30,SavedShot,0.8340000152587891,0.41,0.0507160983979702,Vincenzo Grifo,h,5266,OpenPlay,2020,RightFoot,15223,Freiburg,Borussia M.Gladbach,2,2,2020-12-05 14:30:00,Nicolas Höfler,Pass
390113,48,Goal,0.885,0.5,0.7577769756317139,Vincenzo Grifo,h,5266,Penalty,2020,RightFoot,15223,Freiburg,Borussia M.Gladbach,2,2,2020-12-05 14:30:00,,Standard
390123,77,ShotOnPost,0.9590000152587891,0.6719999694824219,0.050557900220155716,Vincenzo Grifo,h,5266,OpenPlay,2020,RightFoot,15223,Freiburg,Borussia M.Gladbach,2,2,2020-12-05 14:30:00,Christian Günter,Chipped
391504,38,SavedShot,0.879000015258789,0.6580000305175782,0.06585299968719482,Vincenzo Grifo,h,5266,OpenPlay,2020,RightFoot,15235,Freiburg,Arminia Bielefeld,2,0,2020-12-12 14:30:00,Lucas Höler,Pass
391507,47,MissedShots,0.89,0.2879999923706055,0.016035500913858414,Vincenzo Grifo,h,5266,OpenPlay,2020,RightFoot,15235,Freiburg,Arminia Bielefeld,2,0,2020-12-12 14:30:00,Christian Günter,Cross
391509,52,SavedShot,0.924000015258789,0.29200000762939454,0.055718500167131424,Vincenzo Grifo,h,5266,OpenPlay,2020,RightFoot,15235,Freiburg,Arminia Bielefeld,2,0,2020-12-12 14:30:00,,TakeOn
391510,58,SavedShot,0.875,0.6459999847412109,0.06318110227584839,Vincenzo Grifo,h,5266,OpenPlay,2020,RightFoot,15235,Freiburg,Arminia Bielefeld,2,0,2020-12-12 14:30:00,Baptiste Santamaria,Chipped
391515,78,Goal,0.885,0.5,0.7576149702072144,Vincenzo Grifo,h,5266,Penalty,2020,RightFoot,15235,Freiburg,Arminia Bielefeld,2,0,2020-12-12 14:30:00,,Standard
394599,6,Goal,0.9230000305175782,0.5379999923706055,0.33109599351882935,Vincenzo Grifo,h,5266,OpenPlay,2020,Head,15252,Freiburg,Hertha Berlin,4,1,2020-12-20 14:30:00,Jonathan Schmid,Cross
394605,44,SavedShot,0.855999984741211,0.5670000076293945,0.3087190091609955,Vincenzo Grifo,h,5266,OpenPlay,2020,RightFoot,15252,Freiburg,Hertha Berlin,4,1,2020-12-20 14:30:00,Ermedin Demirovic,Pass
394617,72,SavedShot,0.8780000305175781,0.710999984741211,0.06379640102386475,Vincenzo Grifo,h,5266,OpenPlay,2020,RightFoot,15252,Freiburg,Hertha Berlin,4,1,2020-12-20 14:30:00,Woo-Yeong Jeong,Pass
396430,33,Goal,0.885,0.5,0.7577769756317139,Vincenzo Grifo,a,5266,Penalty,2020,RightFoot,15259,Hoffenheim,Freiburg,1,3,2021-01-02 14:30:00,,Standard
396443,74,SavedShot,0.785,0.6869999694824219,0.02150540053844452,Vincenzo Grifo,a,5266,OpenPlay,2020,RightFoot,15259,Hoffenheim,Freiburg,1,3,2021-01-02 14:30:00,Nils Petersen,Pass
397850,14,BlockedShot,0.860999984741211,0.4490000152587891,0.06951680034399033,Vincenzo Grifo,h,5266,OpenPlay,2020,RightFoot,15269,Freiburg,FC Cologne,5,0,2021-01-09 14:30:00,Baptiste Santamaria,HeadPass
399428,71,MissedShots,0.8680000305175781,0.575,0.021729499101638794,Vincenzo Grifo,a,5266,OpenPlay,2020,Head,15275,Bayern Munich,Freiburg,2,1,2021-01-17 14:30:00,Christian Günter,Cross
400040,73,SavedShot,0.8590000152587891,0.590999984741211,0.08478990197181702,Vincenzo Grifo,h,5266,OpenPlay,2020,RightFoot,15287,Freiburg,Eintracht Frankfurt,2,2,2021-01-20 19:30:00,Christian Günter,Pass
403087,26,MissedShots,0.7609999847412109,0.5690000152587891,0.02507220022380352,Vincenzo Grifo,h,5266,OpenPlay,2020,RightFoot,15314,Freiburg,Borussia Dortmund,2,1,2021-02-06 14:30:00,Baptiste Santamaria,Pass
403091,51,BlockedShot,0.74,0.49400001525878906,0.02902830019593239,Vincenzo Grifo,h,5266,OpenPlay,2020,RightFoot,15314,Freiburg,Borussia Dortmund,2,1,2021-02-06 14:30:00,Woo-Yeong Jeong,Pass
407466,5,BlockedShot,0.8440000152587891,0.7080000305175781,0.03459319844841957,Vincenzo Grifo,a,5266,OpenPlay,2020,RightFoot,15341,Bayer Leverkusen,Freiburg,1,2,2021-02-28 17:00:00,Christian Günter,Pass
408526,35,BlockedShot,0.715,0.504000015258789,0.047099001705646515,Vincenzo Grifo,h,5266,DirectFreekick,2020,RightFoot,15354,Freiburg,RasenBallsport Leipzig,0,3,2021-03-06 14:30:00,,Standard
408532,50,BlockedShot,0.685,0.46700000762939453,0.013335700146853924,Vincenzo Grifo,h,5266,OpenPlay,2020,RightFoot,15354,Freiburg,RasenBallsport Leipzig,0,3,2021-03-06 14:30:00,Lukas Kübler,Pass
409912,13,MissedShots,0.8190000152587891,0.605,0.05138060078024864,Vincenzo Grifo,a,5266,OpenPlay,2020,RightFoot,15361,Mainz 05,Freiburg,1,0,2021-03-13 14:30:00,Woo-Yeong Jeong,Pass
409916,27,BlockedShot,0.855,0.6120000076293945,0.07031930238008499,Vincenzo Grifo,a,5266,OpenPlay,2020,RightFoot,15361,Mainz 05,Freiburg,1,0,2021-03-13 14:30:00,Nicolas Höfler,Pass
411963,29,MissedShots,0.7,0.6840000152587891,0.012857500463724136,Vincenzo Grifo,h,5266,OpenPlay,2020,RightFoot,15367,Freiburg,Augsburg,2,0,2021-03-21 17:00:00,Lucas Höler,Pass
417159,71,SavedShot,0.914000015258789,0.5929999923706055,0.05867600068449974,Vincenzo Grifo,h,5266,OpenPlay,2020,Head,15414,Freiburg,Hoffenheim,1,1,2021-04-24 13:30:00,Lucas Höler,Cross
417161,80,Goal,0.885,0.5,0.7577769756317139,Vincenzo Grifo,h,5266,Penalty,2020,RightFoot,15414,Freiburg,Hoffenheim,1,1,2021-04-24 13:30:00,,Standard
419595,91,MissedShots,0.7280000305175781,0.37599998474121094,0.011126800440251827,Vincenzo Grifo,a,5266,OpenPlay,2020,RightFoot,15405,Hertha Berlin,Freiburg,3,0,2021-05-06 16:30:00,Woo-Yeong Jeong,Chipped
419596,93,SavedShot,0.9330000305175781,0.6990000152587891,0.0529497005045414,Vincenzo Grifo,a,5266,OpenPlay,2020,LeftFoot,15405,Hertha Berlin,Freiburg,3,0,2021-05-06 16:30:00,Yannik Keitel,Pass
420467,66,MissedShots,0.8159999847412109,0.4620000076293945,0.05936169996857643,Vincenzo Grifo,a,5266,OpenPlay,2020,RightFoot,15425,FC Cologne,Freiburg,1,4,2021-05-09 11:30:00,Janik Haberer,Pass
420468,75,MissedShots,0.855999984741211,0.745999984741211,0.03689499944448471,Vincenzo Grifo,a,5266,OpenPlay,2020,RightFoot,15425,FC Cologne,Freiburg,1,4,2021-05-09 11:30:00,Christian Günter,Pass
420474,92,Goal,0.92,0.5729999923706055,0.5793480277061462,Vincenzo Grifo,a,5266,OpenPlay,2020,RightFoot,15425,FC Cologne,Freiburg,1,4,2021-05-09 11:30:00,Lucas Höler,Pass
421846,3,MissedShots,0.9280000305175782,0.8590000152587891,0.05408930033445358,Vincenzo Grifo,h,5266,DirectFreekick,2020,RightFoot,15431,Freiburg,Bayern Munich,2,2,2021-05-15 13:30:00,,Standard
421851,20,MissedShots,0.75,0.6309999847412109,0.023137899115681648,Vincenzo Grifo,h,5266,OpenPlay,2020,RightFoot,15431,Freiburg,Bayern Munich,2,2,2021-05-15 13:30:00,Baptiste Santamaria,Pass
421855,36,BlockedShot,0.8019999694824219,0.47099998474121096,0.06399799883365631,Vincenzo Grifo,h,5266,OpenPlay,2020,RightFoot,15431,Freiburg,Bayern Munich,2,2,2021-05-15 13:30:00,Nils Petersen,Pass
421874,87,MissedShots,0.7330000305175781,0.4540000152587891,0.055966101586818695,Vincenzo Grifo,h,5266,DirectFreekick,2020,RightFoot,15431,Freiburg,Bayern Munich,2,2,2021-05-15 13:30:00,,Standard
423536,0,MissedShots,0.8969999694824219,0.6780000305175782,0.08663540333509445,Vincenzo Grifo,a,5266,OpenPlay,2020,RightFoot,15441,Eintracht Frankfurt,Freiburg,3,1,2021-05-22 13:30:00,,TakeOn
423538,4,MissedShots,0.8419999694824218,0.580999984741211,0.03717910125851631,Vincenzo Grifo,a,5266,OpenPlay,2020,RightFoot,15441,Eintracht Frankfurt,Freiburg,3,1,2021-05-22 13:30:00,Nils Petersen,Cross
423539,10,MissedShots,0.8619999694824219,0.6519999694824219,0.05384090170264244,Vincenzo Grifo,a,5266,OpenPlay,2020,RightFoot,15441,Eintracht Frankfurt,Freiburg,3,1,2021-05-22 13:30:00,Jonathan Schmid,Chipped
423547,45,SavedShot,0.7569999694824219,0.7119999694824218,0.02102549932897091,Vincenzo Grifo,a,5266,OpenPlay,2020,RightFoot,15441,Eintracht Frankfurt,Freiburg,3,1,2021-05-22 13:30:00,Christian Günter,Pass
426890,5,Goal,0.7390000152587891,0.6070000076293945,0.05430930107831955,Vincenzo Grifo,h,5266,DirectFreekick,2021,RightFoot,17529,Freiburg,Borussia Dortmund,2,1,2021-08-21 13:30:00,,Standard
426910,61,SavedShot,0.7569999694824219,0.38299999237060545,0.06405399739742279,Vincenzo Grifo,h,5266,DirectFreekick,2021,RightFoot,17529,Freiburg,Borussia Dortmund,2,1,2021-08-21 13:30:00,,Standard
428502,23,SavedShot,0.7380000305175781,0.5029999923706054,0.019304299727082253,Vincenzo Grifo,a,5266,OpenPlay,2021,RightFoot,17539,VfB Stuttgart,Freiburg,2,3,2021-08-28 13:30:00,,None
429686,7,MissedShots,0.98,0.585999984741211,0.048911601305007935,Vincenzo Grifo,h,5266,OpenPlay,2021,Head,17545,Freiburg,FC Cologne,1,1,2021-09-11 13:30:00,Lucas Höler,Chipped
431280,93,SavedShot,0.8569999694824219,0.649000015258789,0.05280299857258797,Vincenzo Grifo,a,5266,OpenPlay,2021,RightFoot,17554,Mainz 05,Freiburg,0,0,2021-09-18 13:30:00,,None
434220,1,BlockedShot,0.7709999847412109,0.715,0.018616199493408203,Vincenzo Grifo,h,5266,OpenPlay,2021,RightFoot,17569,Freiburg,Augsburg,3,0,2021-09-26 15:30:00,Christian Günter,Pass
434226,17,MissedShots,0.7680000305175781,0.775,0.018518399447202682,Vincenzo Grifo,h,5266,OpenPlay,2021,RightFoot,17569,Freiburg,Augsburg,3,0,2021-09-26 15:30:00,Christian Günter,Pass
434229,32,Goal,0.885,0.5,0.7576149702072144,Vincenzo Grifo,h,5266,Penalty,2021,RightFoot,17569,Freiburg,Augsburg,3,0,2021-09-26 15:30:00,,Standard
434237,64,BlockedShot,0.9919999694824219,0.539000015258789,0.9656640291213989,Vincenzo Grifo,h,5266,OpenPlay,2021,RightFoot,17569,Freiburg,Augsburg,3,0,2021-09-26 15:30:00,,None
436058,51,MissedShots,0.7319999694824219,0.355,0.04635149985551834,Vincenzo Grifo,h,5266,DirectFreekick,2021,RightFoot,17582,Freiburg,RasenBallsport Leipzig,1,1,2021-10-16 13:30:00,,Standard
437670,26,BlockedShot,0.9259999847412109,0.8159999847412109,0.06935960054397583,Vincenzo Grifo,a,5266,DirectFreekick,2021,RightFoot,17594,Wolfsburg,Freiburg,0,2,2021-10-23 13:30:00,,Standard
437677,34,SavedShot,0.8380000305175781,0.49900001525878906,0.2527480125427246,Vincenzo Grifo,a,5266,OpenPlay,2021,Head,17594,Wolfsburg,Freiburg,0,2,2021-10-23 13:30:00,,None
439514,7,MissedShots,0.710999984741211,0.6419999694824219,0.017091600224375725,Vincenzo Grifo,h,5266,OpenPlay,2021,RightFoot,17600,Freiburg,Greuther Fuerth,3,1,2021-10-30 13:30:00,Christian Günter,Pass
439518,21,BlockedShot,0.7930000305175782,0.544000015258789,0.04033219814300537,Vincenzo Grifo,h,5266,FromCorner,2021,RightFoot,17600,Freiburg,Greuther Fuerth,3,1,2021-10-30 13:30:00,Christian Günter,Pass
439519,21,BlockedShot,0.725,0.6020000076293945,0.01576869934797287,Vincenzo Grifo,h,5266,OpenPlay,2021,RightFoot,17600,Freiburg,Greuther Fuerth,3,1,2021-10-30 13:30:00,,Rebound
439522,35,MissedShots,0.794000015258789,0.7240000152587891,0.026216700673103333,Vincenzo Grifo,h,5266,OpenPlay,2021,RightFoot,17600,Freiburg,Greuther Fuerth,3,1,2021-10-30 13:30:00,Christian Günter,Pass
439524,45,SavedShot,0.7290000152587891,0.40200000762939453,0.017576200887560844,Vincenzo Grifo,h,5266,OpenPlay,2021,RightFoot,17600,Freiburg,Greuther Fuerth,3,1,2021-10-30 13:30:00,Maximilian Eggestein,BallTouch
439531,78,Goal,0.885,0.5,0.7577769756317139,Vincenzo Grifo,h,5266,Penalty,2021,RightFoot,17600,Freiburg,Greuther Fuerth,3,1,2021-10-30 13:30:00,,Standard
440985,58,MissedShots,0.8469999694824218,0.7030000305175781,0.03404799848794937,Vincenzo Grifo,a,5266,OpenPlay,2021,RightFoot,17614,Bayern Munich,Freiburg,2,1,2021-11-06 14:30:00,Nicolas Höfler,Pass
440997,78,BlockedShot,0.7630000305175781,0.3940000152587891,0.07031469792127609,Vincenzo Grifo,a,5266,DirectFreekick,2021,RightFoot,17614,Bayern Munich,Freiburg,2,1,2021-11-06 14:30:00,,Standard
443284,17,SavedShot,0.9169999694824219,0.5529999923706055,0.04962389916181564,Vincenzo Grifo,h,5266,OpenPlay,2021,Head,17619,Freiburg,Eintracht Frankfurt,0,2,2021-11-21 14:30:00,Lukas Kübler,Aerial
443292,44,BlockedShot,0.7819999694824219,0.48400001525878905,0.0384662002325058,Vincenzo Grifo,h,5266,OpenPlay,2021,LeftFoot,17619,Freiburg,Eintracht Frankfurt,0,2,2021-11-21 14:30:00,Nicolas Höfler,Pass
443294,49,BlockedShot,0.7609999847412109,0.7880000305175782,0.036422498524188995,Vincenzo Grifo,h,5266,DirectFreekick,2021,RightFoot,17619,Freiburg,Eintracht Frankfurt,0,2,2021-11-21 14:30:00,,Standard
443298,56,BlockedShot,0.9080000305175782,0.6609999847412109,0.06066349893808365,Vincenzo Grifo,h,5266,OpenPlay,2021,RightFoot,17619,Freiburg,Eintracht Frankfurt,0,2,2021-11-21 14:30:00,Maximilian Eggestein,BallTouch
443919,21,BlockedShot,0.815,0.675,0.03286980092525482,Vincenzo Grifo,a,5266,OpenPlay,2021,RightFoot,17625,Bochum,Freiburg,2,1,2021-11-27 14:30:00,Lucas Höler,Pass
443931,61,BlockedShot,0.865999984741211,0.625999984741211,0.057060301303863525,Vincenzo Grifo,a,5266,OpenPlay,2021,LeftFoot,17625,Bochum,Freiburg,2,1,2021-11-27 14:30:00,,Rebound
443932,63,SavedShot,0.9119999694824219,0.47,0.03908529877662659,Vincenzo Grifo,a,5266,FromCorner,2021,Head,17625,Bochum,Freiburg,2,1,2021-11-27 14:30:00,Maximilian Eggestein,Aerial
447636,61,SavedShot,0.885,0.5,0.7576959729194641,Vincenzo Grifo,h,5266,Penalty,2021,RightFoot,17646,Freiburg,Hoffenheim,1,2,2021-12-11 14:30:00,,Standard
449041,45,MissedShots,0.9209999847412109,0.6170000076293946,0.37399598956108093,Vincenzo Grifo,a,5266,OpenPlay,2021,RightFoot,17656,Union Berlin,Freiburg,0,0,2021-12-15 19:30:00,Lucas Höler,Pass
449043,49,MissedShots,0.795,0.46599998474121096,0.042346399277448654,Vincenzo Grifo,a,5266,OpenPlay,2021,RightFoot,17656,Union Berlin,Freiburg,0,0,2021-12-15 19:30:00,Woo-Yeong Jeong,Pass
449046,62,MissedShots,0.9290000152587891,0.6229999923706054,0.011791599914431572,Vincenzo Grifo,a,5266,SetPiece,2021,Head,17656,Union Berlin,Freiburg,0,0,2021-12-15 19:30:00,Woo-Yeong Jeong,Aerial
449770,32,Goal,0.885,0.5,0.7577769756317139,Vincenzo Grifo,h,5266,Penalty,2021,RightFoot,17665,Freiburg,Bayer Leverkusen,2,1,2021-12-19 14:30:00,,Standard
449777,65,MissedShots,0.750999984741211,0.669000015258789,0.019171100109815598,Vincenzo Grifo,h,5266,OpenPlay,2021,RightFoot,17665,Freiburg,Bayer Leverkusen,2,1,2021-12-19 14:30:00,Woo-Yeong Jeong,Pass
452121,1,MissedShots,0.9080000305175782,0.5479999923706055,0.050978001207113266,Vincenzo Grifo,h,5266,OpenPlay,2021,Head,17673,Freiburg,Arminia Bielefeld,2,2,2022-01-08 14:30:00,Lukas Kübler,Aerial
452128,16,MissedShots,0.7580000305175781,0.595999984741211,0.06816469877958298,Vincenzo Grifo,h,5266,DirectFreekick,2021,RightFoot,17673,Freiburg,Arminia Bielefeld,2,2,2022-01-08 14:30:00,,Standard
454528,28,MissedShots,0.9219999694824219,0.5479999923706055,0.11221899837255478,Vincenzo Grifo,h,5266,OpenPlay,2021,RightFoot,17691,Freiburg,VfB Stuttgart,2,0,2022-01-22 14:30:00,Lukas Kübler,Cross
454534,49,BlockedShot,0.87,0.5620000076293945,0.09711819887161255,Vincenzo Grifo,h,5266,OpenPlay,2021,RightFoot,17691,Freiburg,VfB Stuttgart,2,0,2022-01-22 14:30:00,,None
454540,62,BlockedShot,0.85,0.545,0.09379030019044876,Vincenzo Grifo,h,5266,OpenPlay,2021,RightFoot,17691,Freiburg,VfB Stuttgart,2,0,2022-01-22 14:30:00,Kevin Schade,Pass
455673,33,BlockedShot,0.715,0.5059999847412109,0.04709060117602348,Vincenzo Grifo,a,5266,DirectFreekick,2021,RightFoot,17696,FC Cologne,Freiburg,1,0,2022-02-05 14:30:00,,Standard
455676,48,MissedShots,0.7759999847412109,0.5159999847412109,0.03422959893941879,Vincenzo Grifo,a,5266,OpenPlay,2021,RightFoot,17696,FC Cologne,Freiburg,1,0,2022-02-05 14:30:00,Lucas Höler,HeadPass
456877,33,MissedShots,0.7769999694824219,0.519000015258789,0.0966648980975151,Vincenzo Grifo,h,5266,DirectFreekick,2021,RightFoot,17708,Freiburg,Mainz 05,1,1,2022-02-12 14:30:00,,Standard
456879,38,SavedShot,0.785,0.7530000305175781,0.04977409914135933,Vincenzo Grifo,h,5266,DirectFreekick,2021,RightFoot,17708,Freiburg,Mainz 05,1,1,2022-02-12 14:30:00,,Standard
456884,46,BlockedShot,0.805,0.69,0.07866589725017548,Vincenzo Grifo,h,5266,DirectFreekick,2021,RightFoot,17708,Freiburg,Mainz 05,1,1,2022-02-12 14:30:00,,Standard
456900,90,BlockedShot,0.75,0.6909999847412109,0.020418699830770493,Vincenzo Grifo,h,5266,OpenPlay,2021,RightFoot,17708,Freiburg,Mainz 05,1,1,2022-02-12 14:30:00,Nico Schlotterbeck,Pass
458182,19,BlockedShot,0.75,0.6079999923706054,0.06081020087003708,Vincenzo Grifo,a,5266,DirectFreekick,2021,RightFoot,17717,Augsburg,Freiburg,1,2,2022-02-19 14:30:00,,Standard
458183,23,MissedShots,0.7580000305175781,0.3890000152587891,0.013794300146400928,Vincenzo Grifo,a,5266,FromCorner,2021,LeftFoot,17717,Augsburg,Freiburg,1,2,2022-02-19 14:30:00,,Aerial
458193,63,SavedShot,0.7730000305175782,0.7230000305175781,0.05156879872083664,Vincenzo Grifo,a,5266,DirectFreekick,2021,RightFoot,17717,Augsburg,Freiburg,1,2,2022-02-19 14:30:00,,Standard
459716,5,SavedShot,0.7609999847412109,0.38,0.06629469990730286,Vincenzo Grifo,h,5266,DirectFreekick,2021,RightFoot,17727,Freiburg,Hertha Berlin,3,0,2022-02-26 14:30:00,,Standard
459719,11,Goal,0.885,0.5,0.7577769756317139,Vincenzo Grifo,h,5266,Penalty,2021,RightFoot,17727,Freiburg,Hertha Berlin,3,0,2022-02-26 14:30:00,,Standard
459723,25,ShotOnPost,0.9619999694824218,0.610999984741211,0.39867499470710754,Vincenzo Grifo,h,5266,OpenPlay,2021,RightFoot,17727,Freiburg,Hertha Berlin,3,0,2022-02-26 14:30:00,Nils Petersen,BallTouch
459733,49,MissedShots,0.755,0.2,0.03363659977912903,Vincenzo Grifo,h,5266,DirectFreekick,2021,RightFoot,17727,Freiburg,Hertha Berlin,3,0,2022-02-26 14:30:00,,Standard
459743,79,MissedShots,0.8930000305175781,0.6029999923706054,0.11622100323438644,Vincenzo Grifo,h,5266,OpenPlay,2021,LeftFoot,17727,Freiburg,Hertha Berlin,3,0,2022-02-26 14:30:00,Nico Schlotterbeck,Pass
462461,6,Goal,0.75,0.7280000305175781,0.04198649898171425,Vincenzo Grifo,h,5266,DirectFreekick,2021,RightFoot,17744,Freiburg,Wolfsburg,3,2,2022-03-12 14:30:00,,Standard
462466,35,SavedShot,0.7830000305175782,0.634000015258789,0.03486340120434761,Vincenzo Grifo,h,5266,OpenPlay,2021,RightFoot,17744,Freiburg,Wolfsburg,3,2,2022-03-12 14:30:00,Lucas Höler,Pass
462467,43,Goal,0.925,0.4640000152587891,0.1332709938287735,Vincenzo Grifo,h,5266,OpenPlay,2021,RightFoot,17744,Freiburg,Wolfsburg,3,2,2022-03-12 14:30:00,Nicolas Höfler,Cross
462475,63,BlockedShot,0.8190000152587891,0.38,0.05784580111503601,Vincenzo Grifo,h,5266,OpenPlay,2021,LeftFoot,17744,Freiburg,Wolfsburg,3,2,2022-03-12 14:30:00,Lucas Höler,Pass
464004,21,BlockedShot,0.779000015258789,0.7080000305175781,0.019540399312973022,Vincenzo Grifo,a,5266,FromCorner,2021,RightFoot,17750,Greuther Fuerth,Freiburg,0,0,2022-03-19 14:30:00,Lucas Höler,Pass
464006,35,SavedShot,0.9159999847412109,0.415,0.14193400740623474,Vincenzo Grifo,a,5266,OpenPlay,2021,LeftFoot,17750,Greuther Fuerth,Freiburg,0,0,2022-03-19 14:30:00,Roland Sallai,TakeOn
464012,76,SavedShot,0.7080000305175781,0.4520000076293945,0.04300500079989433,Vincenzo Grifo,a,5266,DirectFreekick,2021,RightFoot,17750,Greuther Fuerth,Freiburg,0,0,2022-03-19 14:30:00,,Standard
467506,26,Goal,0.9030000305175782,0.5420000076293945,0.5523840188980103,Vincenzo Grifo,a,5266,OpenPlay,2021,RightFoot,17773,Eintracht Frankfurt,Freiburg,1,2,2022-04-10 15:30:00,Roland Sallai,Pass
468007,26,BlockedShot,0.8730000305175781,0.445,0.13241200149059296,Vincenzo Grifo,h,5266,OpenPlay,2021,RightFoot,17781,Freiburg,Bochum,3,0,2022-04-16 13:30:00,Woo-Yeong Jeong,Pass
469916,14,SavedShot,0.8169999694824219,0.5509999847412109,0.06796760112047195,Vincenzo Grifo,h,5266,OpenPlay,2021,RightFoot,17790,Freiburg,Borussia M.Gladbach,3,3,2022-04-23 13:30:00,Woo-Yeong Jeong,Pass
469924,48,Goal,0.885,0.5,0.7577769756317139,Vincenzo Grifo,h,5266,Penalty,2021,RightFoot,17790,Freiburg,Borussia M.Gladbach,3,3,2022-04-23 13:30:00,,Standard
471850,45,MissedShots,0.675,0.42200000762939455,0.03144650161266327,Vincenzo Grifo,a,5266,DirectFreekick,2021,RightFoot,17798,Hoffenheim,Freiburg,3,4,2022-04-30 16:30:00,,Standard
471858,66,SavedShot,0.879000015258789,0.7030000305175781,0.045427899807691574,Vincenzo Grifo,a,5266,OpenPlay,2021,RightFoot,17798,Hoffenheim,Freiburg,3,4,2022-04-30 16:30:00,Nicolas Höfler,Pass
473061,18,BlockedShot,0.79,0.7119999694824218,0.017635799944400787,Vincenzo Grifo,h,5266,OpenPlay,2021,RightFoot,17809,Freiburg,Union Berlin,1,4,2022-05-07 13:30:00,,None
473079,71,BlockedShot,0.8069999694824219,0.6680000305175782,0.026111099869012833,Vincenzo Grifo,h,5266,OpenPlay,2021,RightFoot,17809,Freiburg,Union Berlin,1,4,2022-05-07 13:30:00,Lukas Kübler,Chipped
473083,82,BlockedShot,0.845999984741211,0.600999984741211,0.03516190126538277,Vincenzo Grifo,h,5266,OpenPlay,2021,RightFoot,17809,Freiburg,Union Berlin,1,4,2022-05-07 13:30:00,Jonathan Schmid,Cross
475626,43,MissedShots,0.805,0.759000015258789,0.020307200029492378,Vincenzo Grifo,a,5266,OpenPlay,2021,RightFoot,17819,Bayer Leverkusen,Freiburg,2,1,2022-05-14 13:30:00,Nicolas Höfler,Pass
479215,4,BlockedShot,0.7959999847412109,0.63,0.014405599795281887,Vincenzo Grifo,a,5266,OpenPlay,2022,RightFoot,19347,Augsburg,Freiburg,0,4,2022-08-06 13:30:00,,Aerial
479217,28,SavedShot,0.9059999847412109,0.54,0.05581609904766083,Vincenzo Grifo,a,5266,OpenPlay,2022,Head,19347,Augsburg,Freiburg,0,4,2022-08-06 13:30:00,Michael Gregoritsch,HeadPass
479228,47,Goal,0.7780000305175782,0.22700000762939454,0.04333930090069771,Vincenzo Grifo,a,5266,DirectFreekick,2022,RightFoot,19347,Augsburg,Freiburg,0,4,2022-08-06 13:30:00,,Standard
479232,59,MissedShots,0.71,0.72,0.01242270041257143,Vincenzo Grifo,a,5266,OpenPlay,2022,RightFoot,19347,Augsburg,Freiburg,0,4,2022-08-06 13:30:00,,None
480045,33,SavedShot,0.7969999694824219,0.7769999694824219,0.0484996996819973,Vincenzo Grifo,h,5266,DirectFreekick,2022,RightFoot,19351,Freiburg,Borussia Dortmund,1,3,2022-08-12 18:30:00,,Standard
480049,40,BlockedShot,0.8930000305175781,0.69,0.05986449867486954,Vincenzo Grifo,h,5266,OpenPlay,2022,RightFoot,19351,Freiburg,Borussia Dortmund,1,3,2022-08-12 18:30:00,Christian Günter,Pass
481722,10,Goal,0.9740000152587891,0.5640000152587891,0.527396023273468,Vincenzo Grifo,a,5266,OpenPlay,2022,LeftFoot,19363,VfB Stuttgart,Freiburg,0,1,2022-08-20 13:30:00,Kiliann Sildillia,Cross
483284,47,SavedShot,0.885,0.5,0.7577769756317139,Vincenzo Grifo,h,5266,Penalty,2022,RightFoot,19369,Freiburg,Bochum,1,0,2022-08-26 18:30:00,,Standard
483285,47,SavedShot,0.9209999847412109,0.5379999923706055,0.3631890118122101,Vincenzo Grifo,h,5266,SetPiece,2022,Head,19369,Freiburg,Bochum,1,0,2022-08-26 18:30:00,,Rebound
483286,47,Goal,0.9590000152587891,0.5270000076293946,0.672173023223877,Vincenzo Grifo,h,5266,SetPiece,2022,RightFoot,19369,Freiburg,Bochum,1,0,2022-08-26 18:30:00,,Rebound
483287,50,MissedShots,0.7440000152587891,0.63,0.05415539816021919,Vincenzo Grifo,h,5266,DirectFreekick,2022,RightFoot,19369,Freiburg,Bochum,1,0,2022-08-26 18:30:00,,Standard
483288,52,BlockedShot,0.7569999694824219,0.6919999694824219,0.024737300351262093,Vincenzo Grifo,h,5266,OpenPlay,2022,RightFoot,19369,Freiburg,Bochum,1,0,2022-08-26 18:30:00,Nicolas Höfler,Pass
483300,71,BlockedShot,0.8780000305175781,0.629000015258789,0.09055580198764801,Vincenzo Grifo,h,5266,OpenPlay,2022,RightFoot,19369,Freiburg,Bochum,1,0,2022-08-26 18:30:00,,BallRecovery
483303,71,SavedShot,0.905,0.5609999847412109,0.03691139817237854,Vincenzo Grifo,h,5266,OpenPlay,2022,Head,19369,Freiburg,Bochum,1,0,2022-08-26 18:30:00,,Rebound
485843,26,BlockedShot,0.6909999847412109,0.37599998474121094,0.033698998391628265,Vincenzo Grifo,a,5266,DirectFreekick,2022,RightFoot,19379,Bayer Leverkusen,Freiburg,2,3,2022-09-03 13:30:00,,Standard
489603,40,SavedShot,0.7909999847412109,0.710999984741211,0.018417099490761757,Vincenzo Grifo,a,5266,OpenPlay,2022,RightFoot,19404,Hoffenheim,Freiburg,0,0,2022-09-18 17:30:00,Maximilian Eggestein,Pass
490033,53,BlockedShot,0.7519999694824219,0.45099998474121095,0.06906650215387344,Vincenzo Grifo,h,5266,DirectFreekick,2022,RightFoot,19407,Freiburg,Mainz 05,2,1,2022-10-01 13:30:00,,Standard
492593,24,MissedShots,0.9,0.6619999694824219,0.04088030010461807,Vincenzo Grifo,a,5266,OpenPlay,2022,RightFoot,19422,Hertha Berlin,Freiburg,2,2,2022-10-09 15:30:00,Ritsu Doan,Cross
492598,43,MissedShots,0.750999984741211,0.6559999847412109,0.05394190177321434,Vincenzo Grifo,a,5266,DirectFreekick,2022,RightFoot,19422,Hertha Berlin,Freiburg,2,2,2022-10-09 15:30:00,,Standard
494898,15,BlockedShot,0.774000015258789,0.3820000076293945,0.07675570249557495,Vincenzo Grifo,h,5266,DirectFreekick,2022,RightFoot,19434,Freiburg,Werder Bremen,2,0,2022-10-22 13:30:00,,Standard
494913,61,SavedShot,0.815,0.710999984741211,0.03482240065932274,Vincenzo Grifo,h,5266,OpenPlay,2022,RightFoot,19434,Freiburg,Werder Bremen,2,0,2022-10-22 13:30:00,Christian Günter,Pass
494917,68,BlockedShot,0.779000015258789,0.6179999923706054,0.038837600499391556,Vincenzo Grifo,h,5266,OpenPlay,2022,RightFoot,19434,Freiburg,Werder Bremen,2,0,2022-10-22 13:30:00,,None
494922,75,BlockedShot,0.875,0.685,0.06547070294618607,Vincenzo Grifo,h,5266,OpenPlay,2022,RightFoot,19434,Freiburg,Werder Bremen,2,0,2022-10-22 13:30:00,Ritsu Doan,Pass
494923,76,MissedShots,0.759000015258789,0.565,0.035716600716114044,Vincenzo Grifo,h,5266,OpenPlay,2022,LeftFoot,19434,Freiburg,Werder Bremen,2,0,2022-10-22 13:30:00,Daniel-Kofi Kyereh,None
494924,79,Goal,0.885,0.5,0.7577769756317139,Vincenzo Grifo,h,5266,Penalty,2022,RightFoot,19434,Freiburg,Werder Bremen,2,0,2022-10-22 13:30:00,,Standard
494927,86,MissedShots,0.7759999847412109,0.3370000076293945,0.06718579679727554,Vincenzo Grifo,h,5266,DirectFreekick,2022,RightFoot,19434,Freiburg,Werder Bremen,2,0,2022-10-22 13:30:00,,Standard
497406,45,Goal,0.8190000152587891,0.7019999694824218,0.028172900900244713,Vincenzo Grifo,a,5266,OpenPlay,2022,RightFoot,19448,Schalke 04,Freiburg,0,2,2022-10-30 16:30:00,Maximilian Eggestein,Pass
497407,50,SavedShot,0.7759999847412109,0.7480000305175781,0.019644200801849365,Vincenzo Grifo,a,5266,SetPiece,2022,RightFoot,19448,Schalke 04,Freiburg,0,2,2022-10-30 16:30:00,Christian Günter,Pass
497409,52,BlockedShot,0.8780000305175781,0.645,0.035257499665021896,Vincenzo Grifo,a,5266,OpenPlay,2022,RightFoot,19448,Schalke 04,Freiburg,0,2,2022-10-30 16:30:00,,Aerial
497412,53,MissedShots,0.9319999694824219,0.7380000305175781,0.04800890013575554,Vincenzo Grifo,a,5266,OpenPlay,2022,RightFoot,19448,Schalke 04,Freiburg,0,2,2022-10-30 16:30:00,Woo-Yeong Jeong,Pass
497415,60,Goal,0.885,0.5,0.7577769756317139,Vincenzo Grifo,a,5266,Penalty,2022,RightFoot,19448,Schalke 04,Freiburg,0,2,2022-10-30 16:30:00,,Standard
498817,2,SavedShot,0.915,0.6909999847412109,0.05476149916648865,Vincenzo Grifo,h,5266,OpenPlay,2022,RightFoot,19450,Freiburg,FC Cologne,2,0,2022-11-06 16:30:00,,None
500802,3,Goal,0.885,0.5,0.7577769756317139,Vincenzo Grifo,h,5266,Penalty,2022,RightFoot,19469,Freiburg,Union Berlin,4,1,2022-11-13 16:30:00,,Standard
500803,5,Goal,0.9369999694824219,0.54,0.7098299860954285,Vincenzo Grifo,h,5266,OpenPlay,2022,LeftFoot,19469,Freiburg,Union Berlin,4,1,2022-11-13 16:30:00,Michael Gregoritsch,Pass
500805,19,Goal,0.885,0.5,0.7577769756317139,Vincenzo Grifo,h,5266,Penalty,2022,RightFoot,19469,Freiburg,Union Berlin,4,1,2022-11-13 16:30:00,,Standard
505811,84,BlockedShot,0.8730000305175781,0.5979999923706054,0.10746999830007553,Vincenzo Grifo,h,5266,OpenPlay,2022,RightFoot,19498,Freiburg,Augsburg,3,1,2023-01-28 14:30:00,Christian Günter,Pass
508351,59,Goal,0.885,0.5,0.7577769756317139,Vincenzo Grifo,h,5266,Penalty,2022,RightFoot,19515,Freiburg,VfB Stuttgart,2,1,2023-02-11 14:30:00,,Standard
508357,83,Goal,0.885,0.5,0.7577769756317139,Vincenzo Grifo,h,5266,Penalty,2022,RightFoot,19515,Freiburg,VfB Stuttgart,2,1,2023-02-11 14:30:00,,Standard
509468,13,BlockedShot,0.955,0.7019999694824218,0.05726649984717369,Vincenzo Grifo,a,5266,OpenPlay,2022,LeftFoot,19528,Bochum,Freiburg,0,2,2023-02-18 14:30:00,,Tackle
509470,24,BlockedShot,0.8530000305175781,0.67,0.053291600197553635,Vincenzo Grifo,a,5266,OpenPlay,2022,LeftFoot,19528,Bochum,Freiburg,0,2,2023-02-18 14:30:00,Christian Günter,Pass
511370,16,MissedShots,0.8119999694824219,0.45799999237060546,0.0559408999979496,Vincenzo Grifo,h,5266,OpenPlay,2022,RightFoot,19533,Freiburg,Bayer Leverkusen,1,1,2023-02-26 14:30:00,Michael Gregoritsch,Pass
511373,27,Goal,0.7380000305175781,0.4540000152587891,0.05913250148296356,Vincenzo Grifo,h,5266,DirectFreekick,2022,RightFoot,19533,Freiburg,Bayer Leverkusen,1,1,2023-02-26 14:30:00,,Standard
511384,60,BlockedShot,0.8380000305175781,0.5209999847412109,0.08466300368309021,Vincenzo Grifo,h,5266,OpenPlay,2022,RightFoot,19533,Freiburg,Bayer Leverkusen,1,1,2023-02-26 14:30:00,Roland Sallai,None
512012,62,MissedShots,0.7719999694824219,0.7380000305175781,0.048078201711177826,Vincenzo Grifo,a,5266,DirectFreekick,2022,RightFoot,19544,Borussia M.Gladbach,Freiburg,0,0,2023-03-04 14:30:00,,Standard
515848,62,SavedShot,0.7319999694824219,0.31799999237060544,0.018058300018310547,Vincenzo Grifo,a,5266,OpenPlay,2022,RightFoot,19561,Mainz 05,Freiburg,1,1,2023-03-19 18:30:00,Kiliann Sildillia,CornerAwarded
515851,73,SavedShot,0.750999984741211,0.665,0.022235099226236343,Vincenzo Grifo,a,5266,OpenPlay,2022,RightFoot,19561,Mainz 05,Freiburg,1,1,2023-03-19 18:30:00,Ritsu Doan,Pass
516126,25,SavedShot,0.7340000152587891,0.539000015258789,0.05693019926548004,Vincenzo Grifo,h,5266,DirectFreekick,2022,RightFoot,19568,Freiburg,Hertha Berlin,1,1,2023-04-01 13:30:00,,Standard
516130,39,MissedShots,0.7580000305175781,0.7119999694824218,0.01210089959204197,Vincenzo Grifo,h,5266,OpenPlay,2022,RightFoot,19568,Freiburg,Hertha Berlin,1,1,2023-04-01 13:30:00,,None
516134,51,Goal,0.8059999847412109,0.534000015258789,0.14160500466823578,Vincenzo Grifo,h,5266,DirectFreekick,2022,RightFoot,19568,Freiburg,Hertha Berlin,1,1,2023-04-01 13:30:00,,Standard
516145,78,SavedShot,0.9009999847412109,0.519000015258789,0.0459366999566555,Vincenzo Grifo,h,5266,OpenPlay,2022,Head,19568,Freiburg,Hertha Berlin,1,1,2023-04-01 13:30:00,,None
516147,82,BlockedShot,0.7980000305175782,0.5640000152587891,0.04196630045771599,Vincenzo Grifo,h,5266,OpenPlay,2022,LeftFoot,19568,Freiburg,Hertha Berlin,1,1,2023-04-01 13:30:00,Ritsu Doan,Pass
517898,4,BlockedShot,0.8680000305175781,0.6719999694824219,0.050889499485492706,Vincenzo Grifo,h,5266,OpenPlay,2022,RightFoot,19578,Freiburg,Bayern Munich,0,1,2023-04-08 13:30:00,Maximilian Eggestein,Pass
520090,6,BlockedShot,0.8019999694824219,0.64,0.0964490994811058,Vincenzo Grifo,a,5266,DirectFreekick,2022,RightFoot,19593,Werder Bremen,Freiburg,1,2,2023-04-16 13:30:00,,Standard
520094,25,SavedShot,0.725,0.545,0.05138060078024864,Vincenzo Grifo,a,5266,DirectFreekick,2022,RightFoot,19593,Werder Bremen,Freiburg,1,2,2023-04-16 13:30:00,,Standard
520096,45,BlockedShot,0.81,0.5120000076293946,0.05634310096502304,Vincenzo Grifo,a,5266,OpenPlay,2022,RightFoot,19593,Werder Bremen,Freiburg,1,2,2023-04-16 13:30:00,Lucas Höler,Pass
521517,12,ShotOnPost,0.8969999694824219,0.33599998474121096,0.1480242908000946,Vincenzo Grifo,h,5266,OpenPlay,2022,RightFoot,19596,Freiburg,Schalke 04,4,0,2023-04-23 13:30:00,Ritsu Doan,Throughball
521523,33,SavedShot,0.775,0.6609999847412109,0.024556675925850868,Vincenzo Grifo,h,5266,OpenPlay,2022,RightFoot,19596,Freiburg,Schalke 04,4,0,2023-04-23 13:30:00,Yannik Keitel,TakeOn
525948,59,MissedShots,0.6869999694824219,0.595999984741211,0.015996765345335007,Vincenzo Grifo,a,5266,SetPiece,2022,RightFoot,19624,Union Berlin,Freiburg,4,2,2023-05-13 13:30:00,Noah Weißhaupt,Pass
525950,69,Goal,0.885,0.5,0.75777667760849,Vincenzo Grifo,a,5266,Penalty,2022,RightFoot,19624,Union Berlin,Freiburg,4,2,2023-05-13 13:30:00,,Standard
527042,13,SavedShot,0.8530000305175781,0.6719999694824219,0.04298768937587738,Vincenzo Grifo,h,5266,OpenPlay,2022,RightFoot,19632,Freiburg,Wolfsburg,2,0,2023-05-19 18:30:00,Maximilian Eggestein,Pass
527047,23,BlockedShot,0.8530000305175781,0.3970000076293945,0.06967642158269882,Vincenzo Grifo,h,5266,OpenPlay,2022,RightFoot,19632,Freiburg,Wolfsburg,2,0,2023-05-19 18:30:00,,BallRecovery
527049,35,MissedShots,0.9130000305175782,0.645,0.06955556571483612,Vincenzo Grifo,h,5266,OpenPlay,2022,RightFoot,19632,Freiburg,Wolfsburg,2,0,2023-05-19 18:30:00,,None
529132,29,SavedShot,0.8669999694824219,0.6990000152587891,0.047195758670568466,Vincenzo Grifo,a,5266,OpenPlay,2022,RightFoot,19644,Eintracht Frankfurt,Freiburg,2,1,2023-05-27 13:30:00,Lucas Höler,BallTouch
529138,43,Goal,0.9619999694824218,0.5609999847412109,0.5032550692558289,Vincenzo Grifo,a,5266,OpenPlay,2022,Head,19644,Eintracht Frankfurt,Freiburg,2,1,2023-05-27 13:30:00,,None
529139,48,SavedShot,0.6969999694824218,0.5129999923706055,0.039303943514823914,Vincenzo Grifo,a,5266,DirectFreekick,2022,RightFoot,19644,Eintracht Frankfurt,Freiburg,2,1,2023-05-27 13:30:00,,Standard
529142,53,BlockedShot,0.845999984741211,0.5320000076293945,0.10213316231966019,Vincenzo Grifo,a,5266,OpenPlay,2022,LeftFoot,19644,Eintracht Frankfurt,Freiburg,2,1,2023-05-27 13:30:00,Ritsu Doan,Pass
533052,35,MissedShots,0.8730000305175781,0.6140000152587891,0.08978115022182465,Vincenzo Grifo,a,5266,OpenPlay,2023,RightFoot,23068,Hoffenheim,Freiburg,1,2,2023-08-19 13:30:00,Lucas Höler,TakeOn
533071,59,ShotOnPost,0.8059999847412109,0.625999984741211,0.041930779814720154,Vincenzo Grifo,a,5266,OpenPlay,2023,RightFoot,23068,Hoffenheim,Freiburg,1,2,2023-08-19 13:30:00,Christian Günter,Pass
534614,22,SavedShot,0.914000015258789,0.5790000152587891,0.36767908930778503,Vincenzo Grifo,h,5266,OpenPlay,2023,RightFoot,23075,Freiburg,Werder Bremen,1,0,2023-08-26 13:30:00,,Rebound
534633,66,BlockedShot,0.865999984741211,0.6959999847412109,0.042665183544158936,Vincenzo Grifo,h,5266,OpenPlay,2023,RightFoot,23075,Freiburg,Werder Bremen,1,0,2023-08-26 13:30:00,,None
534639,84,BlockedShot,0.884000015258789,0.6919999694824219,0.05102735385298729,Vincenzo Grifo,h,5266,OpenPlay,2023,RightFoot,23075,Freiburg,Werder Bremen,1,0,2023-08-26 13:30:00,Noah Weißhaupt,Pass
536027,0,MissedShots,0.8590000152587891,0.6220000076293946,0.06146300584077835,Vincenzo Grifo,a,5266,OpenPlay,2023,LeftFoot,23088,VfB Stuttgart,Freiburg,5,0,2023-09-02 13:30:00,Lucas Höler,HeadPass
537560,54,MissedShots,0.865999984741211,0.46900001525878904,0.11702687293291092,Vincenzo Grifo,h,5266,OpenPlay,2023,RightFoot,23094,Freiburg,Borussia Dortmund,2,4,2023-09-16 13:30:00,Ritsu Doan,Pass
537567,78,MissedShots,0.7019999694824218,0.46700000762939453,0.04094305261969566,Vincenzo Grifo,h,5266,DirectFreekick,2023,RightFoot,23094,Freiburg,Borussia Dortmund,2,4,2023-09-16 13:30:00,,Standard
541904,4,Goal,0.885,0.5,0.75777667760849,Vincenzo Grifo,h,5266,Penalty,2023,RightFoot,23118,Freiburg,Augsburg,2,0,2023-10-01 15:30:00,,Standard
541915,55,BlockedShot,0.8590000152587891,0.6819999694824219,0.0590885654091835,Vincenzo Grifo,h,5266,OpenPlay,2023,RightFoot,23118,Freiburg,Augsburg,2,0,2023-10-01 15:30:00,Ritsu Doan,Pass
541920,69,MissedShots,0.8490000152587891,0.6819999694824219,0.04221109300851822,Vincenzo Grifo,h,5266,OpenPlay,2023,RightFoot,23118,Freiburg,Augsburg,2,0,2023-10-01 15:30:00,,None
543943,35,MissedShots,0.8630000305175781,0.610999984741211,0.07263589650392532,Vincenzo Grifo,h,5266,OpenPlay,2023,RightFoot,23130,Freiburg,Bochum,2,1,2023-10-21 13:30:00,Roland Sallai,BallTouch
543946,43,SavedShot,0.7190000152587891,0.725999984741211,0.009059314616024494,Vincenzo Grifo,h,5266,OpenPlay,2023,RightFoot,23130,Freiburg,Bochum,2,1,2023-10-21 13:30:00,Roland Sallai,LayOff
543948,46,Goal,0.885,0.5,0.75777667760849,Vincenzo Grifo,h,5266,Penalty,2023,RightFoot,23130,Freiburg,Bochum,2,1,2023-10-21 13:30:00,,Standard
543957,62,MissedShots,0.8009999847412109,0.8040000152587891,0.04376692697405815,Vincenzo Grifo,h,5266,DirectFreekick,2023,RightFoot,23130,Freiburg,Bochum,2,1,2023-10-21 13:30:00,,Standard
546785,63,SavedShot,0.7819999694824219,0.7919999694824219,0.010141732171177864,Vincenzo Grifo,h,5266,OpenPlay,2023,RightFoot,23148,Freiburg,Borussia M.Gladbach,3,3,2023-11-04 14:30:00,Lucas Höler,Pass
546792,95,Goal,0.885,0.5,0.75777667760849,Vincenzo Grifo,h,5266,Penalty,2023,RightFoot,23148,Freiburg,Borussia M.Gladbach,3,3,2023-11-04 14:30:00,,Standard
549218,57,SavedShot,0.9680000305175781,0.24600000381469728,0.024659497663378716,Vincenzo Grifo,a,5266,FromCorner,2023,RightFoot,23156,RasenBallsport Leipzig,Freiburg,3,1,2023-11-12 19:30:00,Noah Weißhaupt,TakeOn
549222,75,MissedShots,0.9569999694824218,0.29399999618530276,0.047453489154577255,Vincenzo Grifo,a,5266,OpenPlay,2023,RightFoot,23156,RasenBallsport Leipzig,Freiburg,3,1,2023-11-12 19:30:00,Maximilian Eggestein,Pass
549669,11,MissedShots,0.72,0.580999984741211,0.046781446784734726,Vincenzo Grifo,h,5266,DirectFreekick,2023,RightFoot,23166,Freiburg,Darmstadt,1,1,2023-11-25 14:30:00,,Standard
549673,28,SavedShot,0.7819999694824219,0.6,0.02929195761680603,Vincenzo Grifo,h,5266,OpenPlay,2023,LeftFoot,23166,Freiburg,Darmstadt,1,1,2023-11-25 14:30:00,Nicolas Höfler,Pass
554874,28,SavedShot,0.784000015258789,0.6459999847412109,0.026864539831876755,Vincenzo Grifo,h,5266,OpenPlay,2023,RightFoot,23193,Freiburg,FC Cologne,2,0,2023-12-17 14:30:00,Nicolas Höfler,Pass
554875,29,BlockedShot,0.8619999694824219,0.4879999923706055,0.0791269838809967,Vincenzo Grifo,h,5266,OpenPlay,2023,RightFoot,23193,Freiburg,FC Cologne,2,0,2023-12-17 14:30:00,,None
554876,32,MissedShots,0.799000015258789,0.595999984741211,0.03876204788684845,Vincenzo Grifo,h,5266,OpenPlay,2023,RightFoot,23193,Freiburg,FC Cologne,2,0,2023-12-17 14:30:00,Lucas Höler,Pass
558059,15,SavedShot,0.9459999847412109,0.4809999847412109,0.5369840860366821,Vincenzo Grifo,h,5266,OpenPlay,2023,Head,23211,Freiburg,Union Berlin,0,0,2024-01-13 14:30:00,Roland Sallai,Cross
558068,59,BlockedShot,0.909000015258789,0.7280000305175781,0.047308288514614105,Vincenzo Grifo,h,5266,OpenPlay,2023,RightFoot,23211,Freiburg,Union Berlin,0,0,2024-01-13 14:30:00,,BallTouch
558890,20,SavedShot,0.7719999694824219,0.6480000305175782,0.024604061618447304,Vincenzo Grifo,h,5266,OpenPlay,2023,RightFoot,23220,Freiburg,Hoffenheim,3,2,2024-01-20 14:30:00,Jordy Makengo,TakeOn
558896,41,MissedShots,0.745999984741211,0.634000015258789,0.028787635266780853,Vincenzo Grifo,h,5266,OpenPlay,2023,RightFoot,23220,Freiburg,Hoffenheim,3,2,2024-01-20 14:30:00,Jordy Makengo,TakeOn
558901,54,Goal,0.8780000305175781,0.42,0.12138129770755768,Vincenzo Grifo,h,5266,OpenPlay,2023,LeftFoot,23220,Freiburg,Hoffenheim,3,2,2024-01-20 14:30:00,Roland Sallai,TakeOn
559709,20,BlockedShot,0.7709999847412109,0.710999984741211,0.05324927344918251,Vincenzo Grifo,a,5266,DirectFreekick,2023,RightFoot,23233,Werder Bremen,Freiburg,3,1,2024-01-27 14:30:00,,Standard
559711,27,Goal,0.885,0.5,0.75777667760849,Vincenzo Grifo,a,5266,Penalty,2023,RightFoot,23233,Werder Bremen,Freiburg,3,1,2024-01-27 14:30:00,,Standard
564462,49,Goal,0.885,0.5,0.75777667760849,Vincenzo Grifo,h,5266,Penalty,2023,RightFoot,23255,Freiburg,Eintracht Frankfurt,3,3,2024-02-18 14:30:00,,Standard
565864,18,Goal,0.885,0.5,0.75777667760849,Vincenzo Grifo,a,5266,Penalty,2023,RightFoot,23264,Augsburg,Freiburg,2,1,2024-02-25 18:30:00,,Standard
566165,0,MissedShots,0.769000015258789,0.4829999923706055,0.038362499326467514,Vincenzo Grifo,h,5266,OpenPlay,2023,RightFoot,23273,Freiburg,Bayern Munich,2,2,2024-03-01 19:30:00,Maximilian Eggestein,HeadPass
566173,21,MissedShots,0.855,0.544000015258789,0.19926999509334564,Vincenzo Grifo,h,5266,OpenPlay,2023,RightFoot,23273,Freiburg,Bayern Munich,2,2,2024-03-01 19:30:00,Roland Sallai,TakeOn
566174,26,BlockedShot,0.7930000305175782,0.6769999694824219,0.02818446420133114,Vincenzo Grifo,h,5266,OpenPlay,2023,RightFoot,23273,Freiburg,Bayern Munich,2,2,2024-03-01 19:30:00,Ritsu Doan,Chipped
568647,24,BlockedShot,0.8419999694824218,0.6459999847412109,0.050534479320049286,Vincenzo Grifo,a,5266,OpenPlay,2023,LeftFoot,23287,Bochum,Freiburg,1,2,2024-03-10 14:30:00,Maximilian Eggestein,BallRecovery
572368,58,Goal,0.8090000152587891,0.524000015258789,0.02549467235803604,Vincenzo Grifo,h,5266,OpenPlay,2023,LeftFoot,23310,Freiburg,RasenBallsport Leipzig,1,4,2024-04-06 13:30:00,Christian Günter,Cross
574278,41,SavedShot,0.7980000305175782,0.7030000305175781,0.030650779604911804,Vincenzo Grifo,a,5266,OpenPlay,2023,RightFoot,23325,Darmstadt,Freiburg,0,1,2024-04-14 13:30:00,Michael Gregoritsch,Pass
576652,53,MissedShots,0.8490000152587891,0.6020000076293945,0.09175324440002441,Vincenzo Grifo,h,5266,OpenPlay,2023,RightFoot,23337,Freiburg,Wolfsburg,1,2,2024-04-27 13:30:00,Roland Sallai,Pass
576653,59,SavedShot,0.835999984741211,0.6990000152587891,0.14323876798152924,Vincenzo Grifo,h,5266,OpenPlay,2023,RightFoot,23337,Freiburg,Wolfsburg,1,2,2024-04-27 13:30:00,Roland Sallai,TakeOn
578655,19,MissedShots,0.924000015258789,0.5279999923706055,0.06750058382749557,Vincenzo Grifo,a,5266,OpenPlay,2023,Head,23348,FC Cologne,Freiburg,0,0,2024-05-04 16:30:00,Lukas Kübler,Aerial
579793,23,SavedShot,0.8390000152587891,0.29100000381469726,0.03542438521981239,Vincenzo Grifo,h,5266,OpenPlay,2023,LeftFoot,23355,Freiburg,FC Heidenheim,1,1,2024-05-11 13:30:00,Roland Sallai,BallTouch
579804,49,BlockedShot,0.81,0.5479999923706055,0.05515296757221222,Vincenzo Grifo,h,5266,OpenPlay,2023,LeftFoot,23355,Freiburg,FC Heidenheim,1,1,2024-05-11 13:30:00,Christian Günter,Pass
579807,60,ShotOnPost,0.700999984741211,0.580999984741211,0.016753271222114563,Vincenzo Grifo,h,5266,OpenPlay,2023,RightFoot,23355,Freiburg,FC Heidenheim,1,1,2024-05-11 13:30:00,Nicolas Höfler,Pass
579808,64,MissedShots,0.7880000305175782,0.575999984741211,0.03507499769330025,Vincenzo Grifo,h,5266,OpenPlay,2023,RightFoot,23355,Freiburg,FC Heidenheim,1,1,2024-05-11 13:30:00,Ritsu Doan,Pass
579814,87,BlockedShot,0.8619999694824219,0.32799999237060545,0.053557369858026505,Vincenzo Grifo,h,5266,OpenPlay,2023,RightFoot,23355,Freiburg,FC Heidenheim,1,1,2024-05-11 13:30:00,Ritsu Doan,Pass
579815,92,MissedShots,0.754000015258789,0.7169999694824218,0.04511094465851784,Vincenzo Grifo,h,5266,DirectFreekick,2023,RightFoot,23355,Freiburg,FC Heidenheim,1,1,2024-05-11 13:30:00,,Standard
581499,57,BlockedShot,0.845999984741211,0.6229999923706054,0.06680119782686234,Vincenzo Grifo,a,5266,OpenPlay,2023,RightFoot,23363,Union Berlin,Freiburg,2,1,2024-05-18 13:30:00,Maximilian Eggestein,Pass
585955,27,BlockedShot,0.875,0.62,0.07574300467967987,Vincenzo Grifo,h,5266,OpenPlay,2024,RightFoot,27745,Freiburg,VfB Stuttgart,3,1,2024-08-24 13:30:00,Junior Adamu,BallTouch
585956,29,BlockedShot,0.8780000305175781,0.645,0.10651732236146927,Vincenzo Grifo,h,5266,OpenPlay,2024,RightFoot,27745,Freiburg,VfB Stuttgart,3,1,2024-08-24 13:30:00,Patrick Osterhage,TakeOn
585957,31,MissedShots,0.845,0.8240000152587891,0.050293125212192535,Vincenzo Grifo,h,5266,DirectFreekick,2024,RightFoot,27745,Freiburg,VfB Stuttgart,3,1,2024-08-24 13:30:00,,Standard
590034,39,SavedShot,0.9180000305175782,0.6990000152587891,0.051805801689624786,Vincenzo Grifo,a,5266,OpenPlay,2024,LeftFoot,27759,Bayern Munich,Freiburg,2,0,2024-09-01 15:30:00,Ritsu Doan,Pass
590669,11,BlockedShot,0.904000015258789,0.27299999237060546,0.07300172001123428,Vincenzo Grifo,h,5266,OpenPlay,2024,RightFoot,27762,Freiburg,Bochum,2,1,2024-09-14 13:30:00,,None
590678,36,BlockedShot,0.8680000305175781,0.6379999923706055,0.05711055174469948,Vincenzo Grifo,h,5266,OpenPlay,2024,LeftFoot,27762,Freiburg,Bochum,2,1,2024-09-14 13:30:00,,Rebound
590677,36,BlockedShot,0.8159999847412109,0.55,0.059774816036224365,Vincenzo Grifo,h,5266,OpenPlay,2024,RightFoot,27762,Freiburg,Bochum,2,1,2024-09-14 13:30:00,Lukas Kübler,Pass
590692,62,MissedShots,0.9080000305175782,0.59,0.10857712477445602,Vincenzo Grifo,h,5266,OpenPlay,2024,RightFoot,27762,Freiburg,Bochum,2,1,2024-09-14 13:30:00,,None
590695,66,BlockedShot,0.85,0.5479999923706055,0.10562901943922043,Vincenzo Grifo,h,5266,OpenPlay,2024,RightFoot,27762,Freiburg,Bochum,2,1,2024-09-14 13:30:00,Eren Sami Dinkci,Pass
592323,7,SavedShot,0.8209999847412109,0.685,0.031539060175418854,Vincenzo Grifo,a,5266,OpenPlay,2024,RightFoot,27772,FC Heidenheim,Freiburg,0,3,2024-09-21 13:30:00,Junior Adamu,Pass
592324,13,BlockedShot,0.8190000152587891,0.6459999847412109,0.0386134497821331,Vincenzo Grifo,a,5266,OpenPlay,2024,RightFoot,27772,FC Heidenheim,Freiburg,0,3,2024-09-21 13:30:00,Eren Sami Dinkci,Pass
592336,58,Goal,0.8630000305175781,0.46799999237060547,0.34643298387527466,Vincenzo Grifo,a,5266,OpenPlay,2024,RightFoot,27772,FC Heidenheim,Freiburg,0,3,2024-09-21 13:30:00,,Rebound
592338,64,Goal,0.92,0.5729999923706055,0.12128379195928574,Vincenzo Grifo,a,5266,OpenPlay,2024,RightFoot,27772,FC Heidenheim,Freiburg,0,3,2024-09-21 13:30:00,Lucas Höler,BallTouch
594008,15,SavedShot,0.7619999694824219,0.6569999694824219,0.05983758345246315,Vincenzo Grifo,h,5266,DirectFreekick,2024,RightFoot,27779,Freiburg,St. Pauli,0,3,2024-09-28 13:30:00,,Standard
594011,27,MissedShots,0.875999984741211,0.5790000152587891,0.03505846485495567,Vincenzo Grifo,h,5266,OpenPlay,2024,Head,27779,Freiburg,St. Pauli,0,3,2024-09-28 13:30:00,Christian Günter,Chipped
594013,35,BlockedShot,0.795,0.7290000152587891,0.021374836564064026,Vincenzo Grifo,h,5266,OpenPlay,2024,RightFoot,27779,Freiburg,St. Pauli,0,3,2024-09-28 13:30:00,Patrick Osterhage,Pass
594014,40,SavedShot,0.885,0.5,0.75777667760849,Vincenzo Grifo,h,5266,Penalty,2024,RightFoot,27779,Freiburg,St. Pauli,0,3,2024-09-28 13:30:00,,Standard
595404,11,MissedShots,0.7219999694824218,0.49,0.018438734114170074,Vincenzo Grifo,a,5266,OpenPlay,2024,RightFoot,27789,Werder Bremen,Freiburg,0,1,2024-10-05 13:30:00,Junior Adamu,Pass
595405,15,BlockedShot,0.76,0.6909999847412109,0.016368724405765533,Vincenzo Grifo,a,5266,OpenPlay,2024,RightFoot,27789,Werder Bremen,Freiburg,0,1,2024-10-05 13:30:00,Christian Günter,Pass
595414,45,ShotOnPost,0.8719999694824219,0.62,0.31428423523902893,Vincenzo Grifo,a,5266,OpenPlay,2024,RightFoot,27789,Werder Bremen,Freiburg,0,1,2024-10-05 13:30:00,Patrick Osterhage,Pass
595415,52,SavedShot,0.8019999694824219,0.6359999847412109,0.05757825821638107,Vincenzo Grifo,a,5266,OpenPlay,2024,RightFoot,27789,Werder Bremen,Freiburg,0,1,2024-10-05 13:30:00,Junior Adamu,Pass
596939,33,Goal,0.7909999847412109,0.4640000152587891,0.04829641431570053,Vincenzo Grifo,h,5266,OpenPlay,2024,RightFoot,27800,Freiburg,Augsburg,3,1,2024-10-19 13:30:00,Eren Sami Dinkci,TakeOn
598361,50,SavedShot,0.7530000305175781,0.7030000305175781,0.019542451947927475,Vincenzo Grifo,a,5266,OpenPlay,2024,RightFoot,27806,RasenBallsport Leipzig,Freiburg,3,1,2024-10-26 13:30:00,Christian Günter,Pass
598362,51,MissedShots,0.764000015258789,0.525,0.08156454563140869,Vincenzo Grifo,a,5266,DirectFreekick,2024,RightFoot,27806,RasenBallsport Leipzig,Freiburg,3,1,2024-10-26 13:30:00,,Standard
600590,25,SavedShot,0.7090000152587891,0.46799999237060547,0.016243482008576393,Vincenzo Grifo,h,5266,OpenPlay,2024,RightFoot,27819,Freiburg,Mainz 05,0,0,2024-11-03 14:30:00,Ritsu Doan,Pass
600599,62,BlockedShot,0.8669999694824219,0.7240000152587891,0.05985457822680473,Vincenzo Grifo,h,5266,OpenPlay,2024,RightFoot,27819,Freiburg,Mainz 05,0,0,2024-11-03 14:30:00,Junior Adamu,Pass
600600,62,BlockedShot,0.93,0.745999984741211,0.04155261069536209,Vincenzo Grifo,h,5266,FromCorner,2024,RightFoot,27819,Freiburg,Mainz 05,0,0,2024-11-03 14:30:00,Christian Günter,Pass
601150,9,BlockedShot,0.8319999694824218,0.47900001525878905,0.07791107892990112,Vincenzo Grifo,a,5266,OpenPlay,2024,RightFoot,27829,Union Berlin,Freiburg,0,0,2024-11-08 19:30:00,Eren Sami Dinkci,Pass
601154,21,SavedShot,0.885,0.5,0.75777667760849,Vincenzo Grifo,a,5266,Penalty,2024,RightFoot,27829,Union Berlin,Freiburg,0,0,2024-11-08 19:30:00,,Standard
601157,29,BlockedShot,0.7759999847412109,0.6730000305175782,0.022717585787177086,Vincenzo Grifo,a,5266,OpenPlay,2024,RightFoot,27829,Union Berlin,Freiburg,0,0,2024-11-08 19:30:00,Junior Adamu,Pass
602746,23,SavedShot,0.8619999694824219,0.5979999923706054,0.27397075295448303,Vincenzo Grifo,a,5266,OpenPlay,2024,RightFoot,27835,Borussia Dortmund,Freiburg,4,0,2024-11-23 14:30:00,Ritsu Doan,Pass
602751,41,MissedShots,0.75,0.5840000152587891,0.015647396445274353,Vincenzo Grifo,a,5266,OpenPlay,2024,RightFoot,27835,Borussia Dortmund,Freiburg,4,0,2024-11-23 14:30:00,Lucas Höler,HeadPass
604216,51,BlockedShot,0.7919999694824219,0.6480000305175782,0.042940765619277954,Vincenzo Grifo,h,5266,OpenPlay,2024,RightFoot,27845,Freiburg,Borussia M.Gladbach,3,1,2024-11-30 14:30:00,Lucas Höler,Pass
606550,76,BlockedShot,0.8440000152587891,0.6170000076293946,0.08701986819505692,Vincenzo Grifo,a,5266,OpenPlay,2024,RightFoot,27852,Hoffenheim,Freiburg,1,1,2024-12-08 16:30:00,Maximilian Eggestein,TakeOn
606552,83,BlockedShot,0.9009999847412109,0.32299999237060545,0.05985933542251587,Vincenzo Grifo,a,5266,OpenPlay,2024,RightFoot,27852,Hoffenheim,Freiburg,1,1,2024-12-08 16:30:00,Maximilian Eggestein,Pass
606804,45,SavedShot,0.7930000305175782,0.43599998474121093,0.05287816375494003,Vincenzo Grifo,h,5266,OpenPlay,2024,RightFoot,27862,Freiburg,Wolfsburg,3,2,2024-12-13 19:30:00,Lucas Höler,Pass
606805,45,MissedShots,0.759000015258789,0.36,0.027166316285729408,Vincenzo Grifo,h,5266,OpenPlay,2024,RightFoot,27862,Freiburg,Wolfsburg,3,2,2024-12-13 19:30:00,Maximilian Eggestein,Pass
606810,51,MissedShots,0.8880000305175781,0.634000015258789,0.10431519895792007,Vincenzo Grifo,h,5266,OpenPlay,2024,RightFoot,27862,Freiburg,Wolfsburg,3,2,2024-12-13 19:30:00,Lucas Höler,Pass
608485,17,BlockedShot,0.740999984741211,0.3970000076293945,0.017817139625549316,Vincenzo Grifo,a,5266,OpenPlay,2024,RightFoot,27868,Bayer Leverkusen,Freiburg,5,1,2024-12-21 17:30:00,Lucas Höler,Pass
608495,54,Goal,0.8540000152587891,0.6029999923706054,0.07845959067344666,Vincenzo Grifo,a,5266,OpenPlay,2024,RightFoot,27868,Bayer Leverkusen,Freiburg,5,1,2024-12-21 17:30:00,Michael Gregoritsch,Pass
608500,72,ShotOnPost,0.845,0.6480000305175782,0.053971752524375916,Vincenzo Grifo,a,5266,OpenPlay,2024,RightFoot,27868,Bayer Leverkusen,Freiburg,5,1,2024-12-21 17:30:00,Maximilian Eggestein,Pass
610671,73,Goal,0.904000015258789,0.575,0.11291713267564774,Vincenzo Grifo,h,5266,OpenPlay,2024,RightFoot,27881,Freiburg,Holstein Kiel,3,2,2025-01-11 14:30:00,,None
611444,62,SavedShot,0.7090000152587891,0.6170000076293946,0.01459086500108242,Vincenzo Grifo,a,5266,OpenPlay,2024,RightFoot,27889,Eintracht Frankfurt,Freiburg,4,1,2025-01-14 19:30:00,Eren Sami Dinkci,Pass
613251,86,BlockedShot,0.794000015258789,0.6519999694824219,0.026591068133711815,Vincenzo Grifo,h,5266,OpenPlay,2024,RightFoot,27912,Freiburg,Bayern Munich,1,2,2025-01-25 14:30:00,Michael Gregoritsch,HeadPass
614731,12,SavedShot,0.745999984741211,0.5479999923706055,0.06455042213201523,Vincenzo Grifo,a,5266,DirectFreekick,2024,RightFoot,27914,Bochum,Freiburg,0,1,2025-02-01 14:30:00,,Standard
616063,29,Goal,0.9569999694824218,0.5429999923706055,0.5256137847900391,Vincenzo Grifo,h,5266,OpenPlay,2024,Head,27926,Freiburg,FC Heidenheim,1,0,2025-02-08 14:30:00,Ritsu Doan,Chipped
616066,49,SavedShot,0.95,0.685,0.2753315567970276,Vincenzo Grifo,h,5266,OpenPlay,2024,LeftFoot,27926,Freiburg,FC Heidenheim,1,0,2025-02-08 14:30:00,Eren Sami Dinkci,Pass
616072,69,BlockedShot,0.7430000305175781,0.6070000076293945,0.01820317469537258,Vincenzo Grifo,h,5266,OpenPlay,2024,RightFoot,27926,Freiburg,FC Heidenheim,1,0,2025-02-08 14:30:00,,Rebound
617050,42,MissedShots,0.7980000305175782,0.6040000152587891,0.10626525431871414,Vincenzo Grifo,a,5266,DirectFreekick,2024,RightFoot,27939,St. Pauli,Freiburg,0,1,2025-02-15 14:30:00,,Standard
617051,45,SavedShot,0.885,0.5,0.75777667760849,Vincenzo Grifo,a,5266,Penalty,2024,RightFoot,27939,St. Pauli,Freiburg,0,1,2025-02-15 14:30:00,,Standard
617053,56,SavedShot,0.749000015258789,0.654000015258789,0.0532294400036335,Vincenzo Grifo,a,5266,DirectFreekick,2024,RightFoot,27939,St. Pauli,Freiburg,0,1,2025-02-15 14:30:00,,Standard
618107,32,Goal,0.7719999694824219,0.3060000038146973,0.05746396258473396,Vincenzo Grifo,h,5266,DirectFreekick,2024,RightFoot,27944,Freiburg,Werder Bremen,5,0,2025-02-21 19:30:00,,Standard
618112,56,Goal,0.9290000152587891,0.534000015258789,0.46176883578300476,Vincenzo Grifo,h,5266,OpenPlay,2024,RightFoot,27944,Freiburg,Werder Bremen,5,0,2025-02-21 19:30:00,Lucas Höler,Cross
621520,86,MissedShots,0.7630000305175781,0.5279999923706055,0.022024771198630333,Vincenzo Grifo,h,5266,OpenPlay,2024,RightFoot,27963,Freiburg,RasenBallsport Leipzig,0,0,2025-03-08 17:30:00,,Rebound
622527,43,SavedShot,0.8,0.595999984741211,0.1119970753788948,Vincenzo Grifo,a,5266,DirectFreekick,2024,RightFoot,27972,Mainz 05,Freiburg,2,2,2025-03-15 14:30:00,,Standard
622540,67,SavedShot,0.7619999694824219,0.385,0.022811440750956535,Vincenzo Grifo,a,5266,OpenPlay,2024,RightFoot,27972,Mainz 05,Freiburg,2,2,2025-03-15 14:30:00,Maximilian Eggestein,Pass
624638,24,SavedShot,0.769000015258789,0.2670000076293945,0.04792347922921181,Vincenzo Grifo,h,5266,DirectFreekick,2024,RightFoot,27982,Freiburg,Union Berlin,1,2,2025-03-30 14:30:00,,Standard
624646,59,SavedShot,0.9,0.4470000076293945,0.3383197784423828,Vincenzo Grifo,h,5266,OpenPlay,2024,RightFoot,27982,Freiburg,Union Berlin,1,2,2025-03-30 14:30:00,Eren Sami Dinkci,BallTouch
625603,7,BlockedShot,0.91,0.42200000762939455,0.12591850757598877,Vincenzo Grifo,h,5266,OpenPlay,2024,RightFoot,27988,Freiburg,Borussia Dortmund,1,4,2025-04-05 13:30:00,Patrick Osterhage,Pass
625607,25,MissedShots,0.9119999694824219,0.4540000152587891,0.138017475605011,Vincenzo Grifo,h,5266,OpenPlay,2024,RightFoot,27988,Freiburg,Borussia Dortmund,1,4,2025-04-05 13:30:00,Maximilian Eggestein,Pass
630190,35,SavedShot,0.8969999694824219,0.5429999923706055,0.06259981542825699,Vincenzo Grifo,a,5266,OpenPlay,2024,RightFoot,28018,Wolfsburg,Freiburg,0,1,2025-04-26 13:30:00,Lucas Höler,Aerial
630195,61,MissedShots,0.805,0.73,0.014777553267776966,Vincenzo Grifo,a,5266,SetPiece,2024,RightFoot,28018,Wolfsburg,Freiburg,0,1,2025-04-26 13:30:00,,Rebound
630194,61,BlockedShot,0.805,0.73,0.06458432227373123,Vincenzo Grifo,a,5266,DirectFreekick,2024,RightFoot,28018,Wolfsburg,Freiburg,0,1,2025-04-26 13:30:00,,Standard
632114,16,SavedShot,0.7519999694824219,0.4370000076293945,0.018523480743169785,Vincenzo Grifo,h,5266,OpenPlay,2024,RightFoot,28024,Freiburg,Bayer Leverkusen,2,2,2025-05-04 15:30:00,,None
632115,28,BlockedShot,0.8480000305175781,0.66,0.01926286332309246,Vincenzo Grifo,h,5266,FromCorner,2024,RightFoot,28024,Freiburg,Bayer Leverkusen,2,2,2025-05-04 15:30:00,,Aerial
632605,26,ShotOnPost,0.8980000305175782,0.615,0.08147773146629333,Vincenzo Grifo,a,5266,OpenPlay,2024,RightFoot,28038,Holstein Kiel,Freiburg,1,2,2025-05-10 13:30:00,Maximilian Eggestein,Pass
638731,23,BlockedShot,0.8590000152587891,0.45599998474121095,0.07437896728515625,Vincenzo Grifo,h,5266,OpenPlay,2025,RightFoot,30229,Freiburg,Augsburg,1,3,2025-08-23 13:30:00,,None
638745,57,Goal,0.885,0.5,0.757696270942688,Vincenzo Grifo,h,5266,Penalty,2025,RightFoot,30229,Freiburg,Augsburg,1,3,2025-08-23 13:30:00,,Standard
641104,53,BlockedShot,0.759000015258789,0.6309999847412109,0.0463995635509491,Vincenzo Grifo,a,5266,OpenPlay,2025,RightFoot,30241,FC Cologne,Freiburg,4,1,2025-08-31 17:30:00,Yuito Suzuki,Pass
643018,32,Goal,0.885,0.5,0.75777667760849,Vincenzo Grifo,a,5266,Penalty,2025,RightFoot,30252,Werder Bremen,Freiburg,0,3,2025-09-20 13:30:00,,Standard
643021,45,ShotOnPost,0.8190000152587891,0.5170000076293946,0.06935000419616699,Vincenzo Grifo,a,5266,OpenPlay,2025,RightFoot,30252,Werder Bremen,Freiburg,0,3,2025-09-20 13:30:00,Lucas Höler,Pass
645306,14,MissedShots,0.865,0.71,0.03898152336478233,Vincenzo Grifo,h,5266,OpenPlay,2025,RightFoot,30266,Freiburg,Hoffenheim,1,1,2025-09-28 13:30:00,,None
647041,35,MissedShots,0.8030000305175782,0.6,0.039246197789907455,Vincenzo Grifo,a,5266,OpenPlay,2025,RightFoot,30270,Borussia M.Gladbach,Freiburg,0,0,2025-10-05 17:30:00,,None
648169,86,Goal,0.7290000152587891,0.2570000076293945,0.03424270078539848,Vincenzo Grifo,h,5266,DirectFreekick,2025,RightFoot,30280,Freiburg,Eintracht Frankfurt,2,2,2025-10-19 13:30:00,,Standard
648171,90,BlockedShot,0.8480000305175781,0.664000015258789,0.05038077384233475,Vincenzo Grifo,h,5266,OpenPlay,2025,RightFoot,30280,Freiburg,Eintracht Frankfurt,2,2,2025-10-19 13:30:00,Igor Matanovic,Pass
650714,42,MissedShots,0.965,0.605,0.07812251895666122,Vincenzo Grifo,a,5266,OpenPlay,2025,RightFoot,30303,Union Berlin,Freiburg,0,0,2025-11-01 14:30:00,Jan-Niklas Beste,Cross
655907,20,MissedShots,0.899000015258789,0.61,0.10470709949731827,Vincenzo Grifo,h,5266,OpenPlay,2025,RightFoot,30327,Freiburg,Mainz 05,4,0,2025-11-30 18:30:00,,Rebound
655909,25,Goal,0.9230000305175782,0.5320000076293945,0.5259917974472046,Vincenzo Grifo,h,5266,OpenPlay,2025,RightFoot,30327,Freiburg,Mainz 05,4,0,2025-11-30 18:30:00,Lucas Höler,Pass
655921,76,MissedShots,0.5579999923706055,0.2610000038146973,0.01151143480092287,Vincenzo Grifo,h,5266,OpenPlay,2025,RightFoot,30327,Freiburg,Mainz 05,4,0,2025-11-30 18:30:00,,BallRecovery
655923,83,BlockedShot,0.7809999847412109,0.7,0.020391955971717834,Vincenzo Grifo,h,5266,OpenPlay,2025,RightFoot,30327,Freiburg,Mainz 05,4,0,2025-11-30 18:30:00,,None
656749,46,BlockedShot,0.909000015258789,0.67,0.09489939361810684,Vincenzo Grifo,a,5266,OpenPlay,2025,LeftFoot,30338,FC Heidenheim,Freiburg,2,1,2025-12-06 14:30:00,Philipp Treu,Pass
659191,55,Goal,0.885,0.5,0.75777667760849,Vincenzo Grifo,a,5266,Penalty,2025,RightFoot,30358,Wolfsburg,Freiburg,3,4,2025-12-20 14:30:00,,Standard
662412,52,Goal,0.885,0.5,0.75777667760849,Vincenzo Grifo,h,5266,Penalty,2025,RightFoot,30363,Freiburg,Hamburger SV,2,1,2026-01-10 14:30:00,,Standard
664190,3,MissedShots,0.81,0.4909999847412109,0.0508296824991703,Vincenzo Grifo,a,5266,OpenPlay,2025,RightFoot,30377,Augsburg,Freiburg,2,2,2026-01-18 16:30:00,Lucas Höler,Chipped
668718,90,BlockedShot,0.7880000305175782,0.41900001525878905,0.024529866874217987,Vincenzo Grifo,a,5266,FromCorner,2025,RightFoot,30418,Hoffenheim,Freiburg,3,0,2026-02-14 14:30:00,,None
671834,48,SavedShot,0.8909999847412109,0.37599998474121094,0.06957120448350906,Vincenzo Grifo,a,5266,OpenPlay,2025,RightFoot,30435,Eintracht Frankfurt,Freiburg,2,0,2026-03-01 16:30:00,,None
672527,13,SavedShot,0.9119999694824219,0.4109999847412109,0.4031412601470947,Vincenzo Grifo,h,5266,OpenPlay,2025,RightFoot,30442,Freiburg,Bayer Leverkusen,3,3,2026-03-07 14:30:00,,None
672537,33,Goal,0.925,0.545,0.3780830204486847,Vincenzo Grifo,h,5266,OpenPlay,2025,LeftFoot,30442,Freiburg,Bayer Leverkusen,3,3,2026-03-07 14:30:00,Christian Günter,Cross
674621,102,BlockedShot,0.830999984741211,0.49700000762939456,0.054916687309741974,Vincenzo Grifo,h,5266,OpenPlay,2025,RightFoot,30453,Freiburg,Union Berlin,0,1,2026-03-15 16:30:00,,BallTouch
676109,17,SavedShot,0.8919999694824219,0.34,0.07362709939479828,Vincenzo Grifo,a,5266,OpenPlay,2025,RightFoot,30465,St. Pauli,Freiburg,1,2,2026-03-22 16:30:00,Yuito Suzuki,Pass
676120,54,SavedShot,0.8190000152587891,0.6840000152587891,0.03362001106142998,Vincenzo Grifo,a,5266,OpenPlay,2025,RightFoot,30465,St. Pauli,Freiburg,1,2,2026-03-22 16:30:00,Cyriaque Irié,Pass
676123,64,BlockedShot,0.7709999847412109,0.6070000076293945,0.026546120643615723,Vincenzo Grifo,a,5266,OpenPlay,2025,RightFoot,30465,St. Pauli,Freiburg,1,2,2026-03-22 16:30:00,Igor Matanovic,Pass
679646,27,BlockedShot,0.7480000305175781,0.645,0.013759649358689785,Vincenzo Grifo,h,5266,OpenPlay,2025,RightFoot,30489,Freiburg,FC Heidenheim,2,1,2026-04-19 13:30:00,,Aerial
679648,36,BlockedShot,0.74,0.5579999923706055,0.02359604462981224,Vincenzo Grifo,h,5266,OpenPlay,2025,RightFoot,30489,Freiburg,FC Heidenheim,2,1,2026-04-19 13:30:00,Derry Scherhant,HeadPass
683125,11,MissedShots,0.7719999694824219,0.32099998474121094,0.060887228697538376,Vincenzo Grifo,h,5266,DirectFreekick,2025,RightFoot,30507,Freiburg,Wolfsburg,1,1,2026-05-03 17:30:00,,Standard
683127,20,SavedShot,0.7719999694824219,0.5620000076293945,0.028248893097043037,Vincenzo Grifo,h,5266,OpenPlay,2025,RightFoot,30507,Freiburg,Wolfsburg,1,1,2026-05-03 17:30:00,Yuito Suzuki,Pass
