id,minute,result,X,Y,xG,player,h_a,player_id,situation,season,shotType,match_id,h_team,a_team,h_goals,a_goals,date,player_assisted,lastAction
86822,84,SavedShot,0.8880000305175781,0.6930000305175781,0.10085099935531616,Mikel Oyarzabal,h,2234,OpenPlay,2015,LeftFoot,1509,Real Sociedad,Sevilla,2,0,2015-11-21 19:00:00,Yuri,Pass
87825,75,BlockedShot,0.7930000305175782,0.6880000305175781,0.021990200504660606,Mikel Oyarzabal,a,2234,OpenPlay,2015,LeftFoot,1520,Barcelona,Real Sociedad,4,0,2015-11-28 19:00:00,,Dispossessed
87829,84,MissedShots,0.889000015258789,0.47200000762939454,0.06857220083475113,Mikel Oyarzabal,a,2234,OpenPlay,2015,Head,1520,Barcelona,Real Sociedad,4,0,2015-11-28 19:00:00,Aritz Elustondo,Cross
88807,87,ShotOnPost,0.8080000305175781,0.615999984741211,0.046553999185562134,Mikel Oyarzabal,h,2234,OpenPlay,2015,LeftFoot,1591,Real Sociedad,Deportivo La Coruna,1,1,2016-01-17 01:05:00,Jonathas,BallRecovery
89479,47,MissedShots,0.769000015258789,0.6409999847412109,0.01128930039703846,Mikel Oyarzabal,h,2234,SetPiece,2015,LeftFoot,1612,Real Sociedad,Real Betis,2,1,2016-01-31 01:05:00,,Aerial
89305,17,MissedShots,0.8080000305175781,0.53,0.04030130058526993,Mikel Oyarzabal,a,2234,SetPiece,2015,RightFoot,1627,Espanyol,Real Sociedad,0,5,2016-02-08 23:30:00,,None
89309,51,Goal,0.8919999694824219,0.505,0.45558199286460876,Mikel Oyarzabal,a,2234,OpenPlay,2015,LeftFoot,1627,Espanyol,Real Sociedad,0,5,2016-02-08 23:30:00,Rubén Pardo,Pass
89657,20,Goal,0.9690000152587891,0.5879999923706055,0.09526000171899796,Mikel Oyarzabal,h,2234,OpenPlay,2015,LeftFoot,1633,Real Sociedad,Granada,3,0,2016-02-14 15:00:00,Yuri,Cross
89667,59,Goal,0.9269999694824219,0.43099998474121093,0.5576450228691101,Mikel Oyarzabal,h,2234,OpenPlay,2015,LeftFoot,1633,Real Sociedad,Granada,3,0,2016-02-14 15:00:00,Carlos Vela,Pass
90134,28,ShotOnPost,0.975999984741211,0.4520000076293945,0.1391109973192215,Mikel Oyarzabal,h,2234,FromCorner,2015,LeftFoot,1654,Real Sociedad,Malaga,1,1,2016-02-28 01:05:00,Rubén Pardo,Cross
90139,52,BlockedShot,0.9169999694824219,0.3240000152587891,0.06790260225534439,Mikel Oyarzabal,h,2234,OpenPlay,2015,LeftFoot,1654,Real Sociedad,Malaga,1,1,2016-02-28 01:05:00,Bruma,Pass
91191,69,MissedShots,0.899000015258789,0.6990000152587891,0.04558359831571579,Mikel Oyarzabal,h,2234,OpenPlay,2015,LeftFoot,1676,Real Sociedad,Levante,1,1,2016-03-06 21:15:00,Esteban Granero,Pass
91194,73,MissedShots,0.8930000305175781,0.5420000076293945,0.31942200660705566,Mikel Oyarzabal,h,2234,OpenPlay,2015,RightFoot,1676,Real Sociedad,Levante,1,1,2016-03-06 21:15:00,Yuri,Cross
90657,66,MissedShots,0.8109999847412109,0.4759999847412109,0.041770800948143005,Mikel Oyarzabal,a,2234,FromCorner,2015,LeftFoot,1681,Celta Vigo,Real Sociedad,1,0,2016-03-12 21:15:00,Xabi Prieto,Pass
90478,44,MissedShots,0.8380000305175781,0.61,0.049887899309396744,Mikel Oyarzabal,h,2234,OpenPlay,2015,LeftFoot,1691,Real Sociedad,Las Palmas,0,1,2016-03-19 21:15:00,,None
90481,49,SavedShot,0.845999984741211,0.3060000038146973,0.03945469856262207,Mikel Oyarzabal,h,2234,OpenPlay,2015,LeftFoot,1691,Real Sociedad,Las Palmas,0,1,2016-03-19 21:15:00,Rubén Pardo,Pass
90482,49,BlockedShot,0.7719999694824219,0.5609999847412109,0.03378809988498688,Mikel Oyarzabal,h,2234,FromCorner,2015,LeftFoot,1691,Real Sociedad,Las Palmas,0,1,2016-03-19 21:15:00,,TakeOn
90489,84,BlockedShot,0.7819999694824219,0.5029999923706054,0.014007600024342537,Mikel Oyarzabal,h,2234,OpenPlay,2015,LeftFoot,1691,Real Sociedad,Las Palmas,0,1,2016-03-19 21:15:00,,Aerial
91702,52,BlockedShot,0.7730000305175782,0.2610000038146973,0.00937207043170929,Mikel Oyarzabal,a,2234,SetPiece,2015,RightFoot,1707,Sevilla,Real Sociedad,1,2,2016-04-03 22:30:00,,Aerial
91082,4,Goal,0.9,0.46799999237060547,0.09830710291862488,Mikel Oyarzabal,h,2234,OpenPlay,2015,Head,1712,Real Sociedad,Barcelona,1,0,2016-04-09 22:30:00,Xabi Prieto,Cross
91095,84,MissedShots,0.755,0.5059999847412109,0.019427500665187836,Mikel Oyarzabal,h,2234,FromCorner,2015,LeftFoot,1712,Real Sociedad,Barcelona,1,0,2016-04-09 22:30:00,,None
91670,13,MissedShots,0.9019999694824219,0.64,0.04847380146384239,Mikel Oyarzabal,h,2234,OpenPlay,2015,LeftFoot,1737,Real Sociedad,Getafe,1,2,2016-04-21 22:30:00,Carlos Vela,Cross
92280,22,SavedShot,0.7859999847412109,0.355,0.02498590014874935,Mikel Oyarzabal,a,2234,OpenPlay,2015,LeftFoot,1747,Villarreal,Real Sociedad,0,0,2016-04-24 22:30:00,Carlos Vela,Pass
92286,59,MissedShots,0.9319999694824219,0.38599998474121094,0.05277879908680916,Mikel Oyarzabal,a,2234,OpenPlay,2015,Head,1747,Villarreal,Real Sociedad,0,0,2016-04-24 22:30:00,Carlos Vela,Cross
92929,85,MissedShots,0.9009999847412109,0.769000015258789,0.02770259976387024,Mikel Oyarzabal,h,2234,OpenPlay,2015,LeftFoot,1750,Real Sociedad,Real Madrid,0,1,2016-04-30 18:00:00,Jon Bautista,Pass
92707,11,Goal,0.7959999847412109,0.6669999694824219,0.02096170000731945,Mikel Oyarzabal,h,2234,FromCorner,2015,LeftFoot,1764,Real Sociedad,Rayo Vallecano,2,1,2016-05-08 19:00:00,,None
92717,38,SavedShot,0.805,0.47900001525878905,0.09375009685754776,Mikel Oyarzabal,h,2234,OpenPlay,2015,RightFoot,1764,Real Sociedad,Rayo Vallecano,2,1,2016-05-08 19:00:00,Xabi Prieto,Pass
92724,54,MissedShots,0.8959999847412109,0.6309999847412109,0.12271600216627121,Mikel Oyarzabal,h,2234,OpenPlay,2015,LeftFoot,1764,Real Sociedad,Rayo Vallecano,2,1,2016-05-08 19:00:00,Alberto De la Bella,Pass
92316,67,MissedShots,0.805,0.6790000152587891,0.028342299163341522,Mikel Oyarzabal,a,2234,OpenPlay,2015,LeftFoot,1769,Valencia,Real Sociedad,0,1,2016-05-13 22:30:00,Alberto De la Bella,Pass
92328,93,Goal,0.92,0.45799999237060546,0.10629100352525711,Mikel Oyarzabal,a,2234,OpenPlay,2015,LeftFoot,1769,Valencia,Real Sociedad,0,1,2016-05-13 22:30:00,Alberto De la Bella,BallTouch
135077,16,BlockedShot,0.7119999694824218,0.4209999847412109,0.011208600364625454,Mikel Oyarzabal,h,2234,OpenPlay,2016,LeftFoot,1785,Real Sociedad,Real Madrid,0,3,2016-08-21 22:15:00,Asier Illarramendi,BallRecovery
135096,83,BlockedShot,0.9119999694824219,0.35700000762939454,0.08260189741849899,Mikel Oyarzabal,h,2234,OpenPlay,2016,RightFoot,1785,Real Sociedad,Real Madrid,0,3,2016-08-21 22:15:00,Xabi Prieto,Chipped
135521,38,MissedShots,0.8969999694824219,0.46900001525878904,0.11033499985933304,Mikel Oyarzabal,a,2234,OpenPlay,2016,Head,1791,Osasuna,Real Sociedad,0,2,2016-08-27 20:15:00,Xabi Prieto,Cross
135523,45,SavedShot,0.8090000152587891,0.24899999618530275,0.025494899600744247,Mikel Oyarzabal,a,2234,OpenPlay,2016,LeftFoot,1791,Osasuna,Real Sociedad,0,2,2016-08-27 20:15:00,Rubén Pardo,BallRecovery
135763,72,BlockedShot,0.8640000152587891,0.32799999237060545,0.025452300906181335,Mikel Oyarzabal,h,2234,OpenPlay,2016,LeftFoot,1799,Real Sociedad,Espanyol,1,1,2016-09-09 22:45:00,Yuri,Cross
135971,54,BlockedShot,0.7959999847412109,0.48900001525878906,0.043722398579120636,Mikel Oyarzabal,a,2234,OpenPlay,2016,LeftFoot,1816,Villarreal,Real Sociedad,2,1,2016-09-18 20:30:00,Yuri,Pass
136671,38,BlockedShot,0.7669999694824219,0.6430000305175781,0.019844399765133858,Mikel Oyarzabal,h,2234,OpenPlay,2016,RightFoot,1839,Real Sociedad,Real Betis,1,0,2016-09-30 22:45:00,Carlos Vela,Pass
136680,89,SavedShot,0.955999984741211,0.32799999237060545,0.07482299953699112,Mikel Oyarzabal,h,2234,OpenPlay,2016,RightFoot,1839,Real Sociedad,Real Betis,1,0,2016-09-30 22:45:00,Willian José,Pass
137013,63,SavedShot,0.7780000305175782,0.5120000076293946,0.03327390179038048,Mikel Oyarzabal,a,2234,OpenPlay,2016,LeftFoot,1855,Athletic Club,Real Sociedad,3,2,2016-10-16 18:15:00,Willian José,Pass
137314,51,MissedShots,0.879000015258789,0.54,0.0809210017323494,Mikel Oyarzabal,h,2234,OpenPlay,2016,Head,1862,Real Sociedad,Alaves,3,0,2016-10-22 20:30:00,Willian José,Cross
137318,61,SavedShot,0.9080000305175782,0.7180000305175781,0.06620629876852036,Mikel Oyarzabal,h,2234,OpenPlay,2016,LeftFoot,1862,Real Sociedad,Alaves,3,0,2016-10-22 20:30:00,Yuri,LayOff
137485,68,MissedShots,0.7169999694824218,0.49700000762939456,0.01440849993377924,Mikel Oyarzabal,h,2234,FromCorner,2016,LeftFoot,2778,Real Sociedad,Atletico Madrid,2,0,2016-11-05 19:15:00,,None
137765,34,BlockedShot,0.8530000305175781,0.6359999847412109,0.06564369797706604,Mikel Oyarzabal,a,2234,OpenPlay,2016,LeftFoot,2793,Sporting Gijon,Real Sociedad,1,3,2016-11-20 21:30:00,Yuri,Pass
137766,34,SavedShot,0.7930000305175782,0.4329999923706055,0.03355909883975983,Mikel Oyarzabal,a,2234,OpenPlay,2016,LeftFoot,2793,Sporting Gijon,Real Sociedad,1,3,2016-11-20 21:30:00,Asier Illarramendi,Pass
137773,63,MissedShots,0.8780000305175781,0.5540000152587891,0.11474700272083282,Mikel Oyarzabal,a,2234,OpenPlay,2016,LeftFoot,2793,Sporting Gijon,Real Sociedad,1,3,2016-11-20 21:30:00,Xabi Prieto,Pass
137987,9,MissedShots,0.795,0.4,0.02668140083551407,Mikel Oyarzabal,h,2234,FromCorner,2016,RightFoot,2804,Real Sociedad,Barcelona,1,1,2016-11-27 23:45:00,,None
137993,35,MissedShots,0.81,0.47900001525878905,0.03917659819126129,Mikel Oyarzabal,h,2234,FromCorner,2016,RightFoot,2804,Real Sociedad,Barcelona,1,1,2016-11-27 23:45:00,,None
138092,10,MissedShots,0.7580000305175781,0.46299999237060546,0.019737299531698227,Mikel Oyarzabal,a,2234,FromCorner,2016,RightFoot,3172,Deportivo La Coruna,Real Sociedad,5,1,2016-12-05 23:45:00,,None
138097,20,BlockedShot,0.87,0.7169999694824218,0.02320300042629242,Mikel Oyarzabal,a,2234,OpenPlay,2016,LeftFoot,3172,Deportivo La Coruna,Real Sociedad,5,1,2016-12-05 23:45:00,Carlos Martínez,Cross
140861,9,BlockedShot,0.9009999847412109,0.7419999694824219,0.031592000275850296,Mikel Oyarzabal,a,2234,OpenPlay,2016,LeftFoot,3186,Granada,Real Sociedad,0,2,2016-12-17 21:30:00,Carlos Vela,Chipped
140870,25,BlockedShot,0.7569999694824219,0.6809999847412109,0.0223494004458189,Mikel Oyarzabal,a,2234,OpenPlay,2016,LeftFoot,3186,Granada,Real Sociedad,0,2,2016-12-17 21:30:00,Asier Illarramendi,Pass
139192,54,SavedShot,0.9080000305175782,0.524000015258789,0.05374139919877052,Mikel Oyarzabal,h,2234,OpenPlay,2016,Head,3888,Real Sociedad,Sevilla,0,4,2017-01-07 23:45:00,Carlos Vela,Chipped
139202,92,MissedShots,0.885,0.4,0.020478300750255585,Mikel Oyarzabal,h,2234,OpenPlay,2016,Head,3888,Real Sociedad,Sevilla,0,4,2017-01-07 23:45:00,Yuri,Aerial
141080,86,SavedShot,0.8440000152587891,0.33,0.061507001519203186,Mikel Oyarzabal,a,2234,OpenPlay,2016,LeftFoot,3903,Malaga,Real Sociedad,0,2,2017-01-16 23:45:00,Xabi Prieto,Pass
140800,17,BlockedShot,0.83,0.515,0.051020700484514236,Mikel Oyarzabal,h,2234,FromCorner,2016,LeftFoot,3932,Real Sociedad,Osasuna,3,2,2017-02-05 17:30:00,,None
140805,33,SavedShot,0.764000015258789,0.425,0.027019500732421875,Mikel Oyarzabal,h,2234,OpenPlay,2016,LeftFoot,3932,Real Sociedad,Osasuna,3,2,2017-02-05 17:30:00,Carlos Vela,Pass
138643,12,MissedShots,0.7719999694824219,0.3129999923706055,0.02611749991774559,Mikel Oyarzabal,a,2234,FromCorner,2016,LeftFoot,3942,Espanyol,Real Sociedad,1,2,2017-02-10 19:45:00,Carlos Vela,Pass
138655,75,SavedShot,0.7330000305175781,0.615,0.014764600433409214,Mikel Oyarzabal,a,2234,FromCorner,2016,RightFoot,3942,Espanyol,Real Sociedad,1,2,2017-02-10 19:45:00,,None
138660,89,SavedShot,0.759000015258789,0.33,0.024974500760436058,Mikel Oyarzabal,a,2234,OpenPlay,2016,LeftFoot,3942,Espanyol,Real Sociedad,1,2,2017-02-10 19:45:00,Álvaro Odriozola,Pass
139497,34,BlockedShot,0.9209999847412109,0.5159999847412109,0.11217500269412994,Mikel Oyarzabal,h,2234,FromCorner,2016,Head,3951,Real Sociedad,Villarreal,0,1,2017-02-19 11:00:00,Carlos Vela,Cross
140464,10,SavedShot,0.9459999847412109,0.5359999847412109,0.09623289853334427,Mikel Oyarzabal,a,2234,SetPiece,2016,LeftFoot,3963,Las Palmas,Real Sociedad,0,1,2017-02-24 19:45:00,,BallTouch
140468,26,MissedShots,0.85,0.46299999237060546,0.0914686992764473,Mikel Oyarzabal,a,2234,OpenPlay,2016,RightFoot,3963,Las Palmas,Real Sociedad,0,1,2017-02-24 19:45:00,Álvaro Odriozola,Pass
140474,42,BlockedShot,0.8009999847412109,0.3089999961853027,0.02626590058207512,Mikel Oyarzabal,a,2234,OpenPlay,2016,LeftFoot,3963,Las Palmas,Real Sociedad,0,1,2017-02-24 19:45:00,Xabi Prieto,Pass
141527,32,MissedShots,0.754000015258789,0.6719999694824219,0.018848899751901627,Mikel Oyarzabal,h,2234,OpenPlay,2016,LeftFoot,3974,Real Sociedad,Eibar,2,2,2017-02-28 18:30:00,Xabi Prieto,Pass
141530,53,SavedShot,0.830999984741211,0.45,0.31339800357818604,Mikel Oyarzabal,h,2234,OpenPlay,2016,RightFoot,3974,Real Sociedad,Eibar,2,2,2017-02-28 18:30:00,Raúl Navas,Throughball
141539,84,MissedShots,0.889000015258789,0.40799999237060547,0.42870399355888367,Mikel Oyarzabal,h,2234,SetPiece,2016,RightFoot,3974,Real Sociedad,Eibar,2,2,2017-02-28 18:30:00,Carlos Vela,Pass
140092,13,MissedShots,0.755,0.5259999847412109,0.019298100844025612,Mikel Oyarzabal,h,2234,FromCorner,2016,RightFoot,3988,Real Sociedad,Athletic Club,0,2,2017-03-12 11:00:00,,None
140098,36,SavedShot,0.9430000305175781,0.7830000305175782,0.02815850079059601,Mikel Oyarzabal,h,2234,OpenPlay,2016,LeftFoot,3988,Real Sociedad,Athletic Club,0,2,2017-03-12 11:00:00,Carlos Vela,Chipped
140101,37,BlockedShot,0.7190000152587891,0.41900001525878905,0.010571200400590897,Mikel Oyarzabal,h,2234,OpenPlay,2016,LeftFoot,3988,Real Sociedad,Athletic Club,0,2,2017-03-12 11:00:00,Xabi Prieto,Chipped
140894,37,BlockedShot,0.710999984741211,0.515,0.012269199825823307,Mikel Oyarzabal,a,2234,FromCorner,2016,LeftFoot,4004,Alaves,Real Sociedad,1,0,2017-03-18 17:30:00,,Aerial
142406,76,SavedShot,0.720999984741211,0.555,0.014526699669659138,Mikel Oyarzabal,h,2234,FromCorner,2016,LeftFoot,4009,Real Sociedad,Leganes,1,1,2017-04-01 17:30:00,,None
142637,11,SavedShot,0.9269999694824219,0.5459999847412109,0.5314499735832214,Mikel Oyarzabal,a,2234,OpenPlay,2016,LeftFoot,4039,Barcelona,Real Sociedad,3,2,2017-04-15 19:45:00,Carlos Vela,Pass
142638,13,SavedShot,0.7269999694824218,0.6229999923706054,0.013012800365686417,Mikel Oyarzabal,a,2234,SetPiece,2016,LeftFoot,4039,Barcelona,Real Sociedad,3,2,2017-04-15 19:45:00,Raúl Navas,BallTouch
142642,22,MissedShots,0.7959999847412109,0.3189999961853027,0.022430799901485443,Mikel Oyarzabal,a,2234,OpenPlay,2016,LeftFoot,4039,Barcelona,Real Sociedad,3,2,2017-04-15 19:45:00,Xabi Prieto,Chipped
142648,41,BlockedShot,0.8690000152587891,0.37099998474121093,0.12779900431632996,Mikel Oyarzabal,a,2234,OpenPlay,2016,LeftFoot,4039,Barcelona,Real Sociedad,3,2,2017-04-15 19:45:00,Xabi Prieto,TakeOn
142216,35,MissedShots,0.805,0.45,0.054511699825525284,Mikel Oyarzabal,h,2234,OpenPlay,2016,LeftFoot,4048,Real Sociedad,Deportivo La Coruna,1,0,2017-04-23 11:00:00,David Zurutuza,Pass
142217,44,BlockedShot,0.769000015258789,0.39799999237060546,0.03280559927225113,Mikel Oyarzabal,h,2234,OpenPlay,2016,LeftFoot,4048,Real Sociedad,Deportivo La Coruna,1,0,2017-04-23 11:00:00,Asier Illarramendi,Pass
142224,81,BlockedShot,0.7759999847412109,0.639000015258789,0.032466500997543335,Mikel Oyarzabal,h,2234,OpenPlay,2016,RightFoot,4048,Real Sociedad,Deportivo La Coruna,1,0,2017-04-23 11:00:00,Xabi Prieto,Pass
142921,64,Goal,0.8859999847412109,0.4759999847412109,0.4787229895591736,Mikel Oyarzabal,a,2234,OpenPlay,2016,RightFoot,4057,Valencia,Real Sociedad,2,3,2017-04-26 19:30:00,Álvaro Odriozola,Pass
143494,34,MissedShots,0.77,0.500999984741211,0.022897299379110336,Mikel Oyarzabal,h,2234,FromCorner,2016,LeftFoot,4067,Real Sociedad,Granada,2,1,2017-04-29 12:00:00,,None
143496,52,BlockedShot,0.77,0.44,0.04448679834604263,Mikel Oyarzabal,h,2234,OpenPlay,2016,LeftFoot,4067,Real Sociedad,Granada,2,1,2017-04-29 12:00:00,,Dispossessed
143501,73,MissedShots,0.9,0.47,0.4626829922199249,Mikel Oyarzabal,h,2234,OpenPlay,2016,LeftFoot,4067,Real Sociedad,Granada,2,1,2017-04-29 12:00:00,Juanmi,Pass
143922,11,MissedShots,0.784000015258789,0.32599998474121095,0.024405300617218018,Mikel Oyarzabal,a,2234,OpenPlay,2016,LeftFoot,4076,Sevilla,Real Sociedad,1,1,2017-05-05 20:00:00,Xabi Prieto,Pass
143325,66,MissedShots,0.9230000305175782,0.639000015258789,0.2778500020503998,Mikel Oyarzabal,h,2234,OpenPlay,2016,LeftFoot,4094,Real Sociedad,Malaga,2,2,2017-05-14 19:00:00,Gerónimo Rulli,Chipped
143847,33,BlockedShot,0.9030000305175782,0.7269999694824218,0.03237739950418472,Mikel Oyarzabal,a,2234,OpenPlay,2016,LeftFoot,4104,Celta Vigo,Real Sociedad,2,2,2017-05-21 15:45:00,,Rebound
143857,63,BlockedShot,0.8680000305175781,0.624000015258789,0.06239650025963783,Mikel Oyarzabal,a,2234,SetPiece,2016,LeftFoot,4104,Celta Vigo,Real Sociedad,2,2,2017-05-21 15:45:00,,BallTouch
143865,81,Goal,0.8690000152587891,0.5529999923706055,0.2672579884529114,Mikel Oyarzabal,a,2234,OpenPlay,2016,LeftFoot,4104,Celta Vigo,Real Sociedad,2,2,2017-05-21 15:45:00,Xabi Prieto,Chipped
169252,32,Goal,0.7619999694824219,0.605999984741211,0.2528499960899353,Mikel Oyarzabal,a,2234,OpenPlay,2017,LeftFoot,7881,Celta Vigo,Real Sociedad,2,3,2017-08-19 17:15:00,,Rebound
169394,75,BlockedShot,0.8819999694824219,0.38799999237060545,0.10547000169754028,Mikel Oyarzabal,h,2234,OpenPlay,2017,LeftFoot,7889,Real Sociedad,Villarreal,3,0,2017-08-25 19:15:00,Carlos Vela,Pass
169397,86,SavedShot,0.8959999847412109,0.6809999847412109,0.06239889934659004,Mikel Oyarzabal,h,2234,OpenPlay,2017,LeftFoot,7889,Real Sociedad,Villarreal,3,0,2017-08-25 19:15:00,,None
170304,45,SavedShot,0.784000015258789,0.455,0.10692500323057175,Mikel Oyarzabal,h,2234,DirectFreekick,2017,LeftFoot,7929,Real Sociedad,Valencia,2,3,2017-09-24 19:45:00,,Standard
170310,58,Goal,0.8490000152587891,0.645,0.05394649878144264,Mikel Oyarzabal,h,2234,OpenPlay,2017,LeftFoot,7929,Real Sociedad,Valencia,2,3,2017-09-24 19:45:00,Kévin Rodrigues,Pass
170753,14,BlockedShot,0.7080000305175781,0.3270000076293945,0.01879340037703514,Mikel Oyarzabal,h,2234,OpenPlay,2017,LeftFoot,7939,Real Sociedad,Real Betis,4,4,2017-10-01 11:00:00,Asier Illarramendi,Pass
170756,25,Goal,0.9030000305175782,0.544000015258789,0.1288370043039322,Mikel Oyarzabal,h,2234,OpenPlay,2017,LeftFoot,7939,Real Sociedad,Real Betis,4,4,2017-10-01 11:00:00,Kévin Rodrigues,Pass
171293,3,BlockedShot,0.87,0.3,0.03355789929628372,Mikel Oyarzabal,a,2234,FromCorner,2017,LeftFoot,7950,Alaves,Real Sociedad,0,2,2017-10-14 17:30:00,Xabi Prieto,Pass
171300,42,SavedShot,0.8030000305175782,0.26799999237060546,0.02332719974219799,Mikel Oyarzabal,a,2234,OpenPlay,2017,LeftFoot,7950,Alaves,Real Sociedad,0,2,2017-10-14 17:30:00,Willian José,Pass
171308,76,Goal,0.8540000152587891,0.37,0.06987620145082474,Mikel Oyarzabal,a,2234,OpenPlay,2017,LeftFoot,7950,Alaves,Real Sociedad,0,2,2017-10-14 17:30:00,Álvaro Odriozola,Pass
170878,17,BlockedShot,0.7340000152587891,0.595999984741211,0.018505599349737167,Mikel Oyarzabal,h,2234,OpenPlay,2017,LeftFoot,7963,Real Sociedad,Espanyol,1,1,2017-10-23 19:00:00,Iñigo Martínez,Pass
170883,43,SavedShot,0.7719999694824219,0.7480000305175781,0.016277000308036804,Mikel Oyarzabal,h,2234,OpenPlay,2017,LeftFoot,7963,Real Sociedad,Espanyol,1,1,2017-10-23 19:00:00,Carlos Vela,Pass
170885,52,SavedShot,0.875,0.725999984741211,0.03496579825878143,Mikel Oyarzabal,h,2234,OpenPlay,2017,RightFoot,7963,Real Sociedad,Espanyol,1,1,2017-10-23 19:00:00,,None
171524,4,Goal,0.8969999694824219,0.365,0.2697089910507202,Mikel Oyarzabal,a,2234,OpenPlay,2017,RightFoot,7971,Getafe,Real Sociedad,2,1,2017-10-29 11:00:00,Adnan Januzaj,Pass
171531,42,MissedShots,0.8719999694824219,0.4329999923706055,0.08465369790792465,Mikel Oyarzabal,a,2234,SetPiece,2017,RightFoot,7971,Getafe,Real Sociedad,2,1,2017-10-29 11:00:00,,Rebound
172039,45,Goal,0.8669999694824219,0.4420000076293945,0.45963799953460693,Mikel Oyarzabal,h,2234,OpenPlay,2017,LeftFoot,7981,Real Sociedad,Eibar,3,1,2017-11-05 17:30:00,Asier Illarramendi,Throughball
172370,26,SavedShot,0.7369999694824219,0.4909999847412109,0.03166290000081062,Mikel Oyarzabal,a,2234,OpenPlay,2017,LeftFoot,7992,Girona,Real Sociedad,1,1,2017-11-17 20:00:00,Willian José,LayOff
172375,50,BlockedShot,0.8959999847412109,0.38599998474121094,0.10774700343608856,Mikel Oyarzabal,a,2234,OpenPlay,2017,LeftFoot,7992,Girona,Real Sociedad,1,1,2017-11-17 20:00:00,Xabi Prieto,Pass
172386,69,SavedShot,0.8719999694824219,0.5659999847412109,0.08679579943418503,Mikel Oyarzabal,a,2234,OpenPlay,2017,LeftFoot,7992,Girona,Real Sociedad,1,1,2017-11-17 20:00:00,Adnan Januzaj,Dispossessed
171351,52,MissedShots,0.905,0.4,0.4017159938812256,Mikel Oyarzabal,h,2234,OpenPlay,2017,LeftFoot,8002,Real Sociedad,Las Palmas,2,2,2017-11-26 15:15:00,Xabi Prieto,Pass
171923,81,BlockedShot,0.7519999694824219,0.3129999923706055,0.021747399121522903,Mikel Oyarzabal,a,2234,FromCorner,2017,LeftFoot,8013,Atletico Madrid,Real Sociedad,2,1,2017-12-02 15:15:00,Willian José,Pass
179918,5,MissedShots,0.9330000305175781,0.44299999237060544,0.35454198718070984,Mikel Oyarzabal,h,2234,OpenPlay,2017,Head,8023,Real Sociedad,Malaga,0,2,2017-12-10 11:00:00,Adnan Januzaj,Chipped
179941,90,SavedShot,0.845999984741211,0.3609999847412109,0.04063799977302551,Mikel Oyarzabal,h,2234,OpenPlay,2017,LeftFoot,8023,Real Sociedad,Malaga,0,2,2017-12-10 11:00:00,Juanmi,Chipped
184598,14,BlockedShot,0.8469999694824218,0.6840000152587891,0.017652900889515877,Mikel Oyarzabal,a,2234,OpenPlay,2017,RightFoot,8035,Athletic Club,Real Sociedad,0,0,2017-12-16 15:15:00,Álvaro Odriozola,Cross
184599,19,MissedShots,0.879000015258789,0.649000015258789,0.0679595023393631,Mikel Oyarzabal,a,2234,OpenPlay,2017,LeftFoot,8035,Athletic Club,Real Sociedad,0,0,2017-12-16 15:15:00,Adnan Januzaj,Pass
186987,38,SavedShot,0.894000015258789,0.40099998474121096,0.3877440094947815,Mikel Oyarzabal,a,2234,OpenPlay,2017,LeftFoot,8054,Leganes,Real Sociedad,1,0,2018-01-07 11:00:00,Álvaro Odriozola,Pass
186996,73,SavedShot,0.895,0.3039999961853027,0.05130850151181221,Mikel Oyarzabal,a,2234,OpenPlay,2017,RightFoot,8054,Leganes,Real Sociedad,1,0,2018-01-07 11:00:00,Asier Illarramendi,Chipped
188054,73,MissedShots,0.7559999847412109,0.5770000076293945,0.031121499836444855,Mikel Oyarzabal,h,2234,OpenPlay,2017,LeftFoot,8065,Real Sociedad,Barcelona,2,4,2018-01-14 19:45:00,Kévin Rodrigues,LayOff
188061,90,BlockedShot,0.875999984741211,0.345,0.07124590128660202,Mikel Oyarzabal,h,2234,OpenPlay,2017,LeftFoot,8065,Real Sociedad,Barcelona,2,4,2018-01-14 19:45:00,Sergio Canales,Pass
189461,62,BlockedShot,0.865999984741211,0.37400001525878906,0.08662869781255722,Mikel Oyarzabal,h,2234,OpenPlay,2017,LeftFoot,8077,Real Sociedad,Celta Vigo,1,2,2018-01-21 17:30:00,Xabi Prieto,TakeOn
190150,20,SavedShot,0.73,0.4570000076293945,0.016336899250745773,Mikel Oyarzabal,a,2234,OpenPlay,2017,LeftFoot,8079,Villarreal,Real Sociedad,4,2,2018-01-27 19:45:00,Xabi Prieto,Pass
190156,30,BlockedShot,0.830999984741211,0.5459999847412109,0.04483519867062569,Mikel Oyarzabal,a,2234,OpenPlay,2017,LeftFoot,8079,Villarreal,Real Sociedad,4,2,2018-01-27 19:45:00,,Rebound
190163,50,MissedShots,0.8969999694824219,0.55,0.09058599919080734,Mikel Oyarzabal,a,2234,OpenPlay,2017,Head,8079,Villarreal,Real Sociedad,4,2,2018-01-27 19:45:00,Iñigo Martínez,Cross
190169,69,MissedShots,0.9540000152587891,0.3529999923706055,0.036346398293972015,Mikel Oyarzabal,a,2234,OpenPlay,2017,LeftFoot,8079,Villarreal,Real Sociedad,4,2,2018-01-27 19:45:00,Álvaro Odriozola,Cross
190179,92,SavedShot,0.9540000152587891,0.6179999923706054,0.05866340175271034,Mikel Oyarzabal,a,2234,OpenPlay,2017,LeftFoot,8079,Villarreal,Real Sociedad,4,2,2018-01-27 19:45:00,Willian José,Chipped
195181,2,MissedShots,0.7619999694824219,0.29100000381469726,0.021817000582814217,Mikel Oyarzabal,h,2234,OpenPlay,2017,LeftFoot,8090,Real Sociedad,Deportivo La Coruna,5,0,2018-02-02 20:00:00,Asier Illarramendi,Pass
195184,25,MissedShots,0.9130000305175782,0.18299999237060546,0.07118000090122223,Mikel Oyarzabal,h,2234,DirectFreekick,2017,LeftFoot,8090,Real Sociedad,Deportivo La Coruna,5,0,2018-02-02 20:00:00,,Standard
195197,76,MissedShots,0.899000015258789,0.6780000305175782,0.08384200185537338,Mikel Oyarzabal,h,2234,OpenPlay,2017,LeftFoot,8090,Real Sociedad,Deportivo La Coruna,5,0,2018-02-02 20:00:00,Sergio Canales,Pass
198038,13,MissedShots,0.905,0.539000015258789,0.05044519901275635,Mikel Oyarzabal,a,2234,OpenPlay,2017,Head,8119,Valencia,Real Sociedad,2,1,2018-02-25 17:30:00,Álvaro Odriozola,Aerial
198046,53,Goal,0.850999984741211,0.504000015258789,0.3703080117702484,Mikel Oyarzabal,a,2234,OpenPlay,2017,LeftFoot,8119,Valencia,Real Sociedad,2,1,2018-02-25 17:30:00,Sergio Canales,Pass
199533,22,BlockedShot,0.9259999847412109,0.6170000076293946,0.0978144034743309,Mikel Oyarzabal,h,2234,OpenPlay,2017,LeftFoot,8140,Real Sociedad,Alaves,2,1,2018-03-04 17:30:00,,None
199544,87,MissedShots,0.7959999847412109,0.27899999618530275,0.027583200484514236,Mikel Oyarzabal,h,2234,OpenPlay,2017,LeftFoot,8140,Real Sociedad,Alaves,2,1,2018-03-04 17:30:00,David Zurutuza,Pass
200470,69,SavedShot,0.7819999694824219,0.509000015258789,0.03621470183134079,Mikel Oyarzabal,a,2234,OpenPlay,2017,LeftFoot,8150,Espanyol,Real Sociedad,2,1,2018-03-11 11:00:00,Adnan Januzaj,Pass
200476,82,BlockedShot,0.81,0.49900001525878906,0.046856701374053955,Mikel Oyarzabal,a,2234,OpenPlay,2017,LeftFoot,8150,Espanyol,Real Sociedad,2,1,2018-03-11 11:00:00,,None
201678,0,SavedShot,0.9030000305175782,0.655,0.0356656014919281,Mikel Oyarzabal,h,2234,SetPiece,2017,LeftFoot,8161,Real Sociedad,Getafe,1,2,2018-03-17 17:30:00,Alberto De la Bella,Pass
201691,74,BlockedShot,0.735999984741211,0.590999984741211,0.018640099093317986,Mikel Oyarzabal,h,2234,OpenPlay,2017,LeftFoot,8161,Real Sociedad,Getafe,1,2,2018-03-17 17:30:00,Alberto De la Bella,Pass
204624,25,MissedShots,0.889000015258789,0.42900001525878906,0.059705398976802826,Mikel Oyarzabal,a,2234,OpenPlay,2017,Head,8171,Eibar,Real Sociedad,0,0,2018-04-01 17:30:00,Álvaro Odriozola,Cross
204631,48,BlockedShot,0.745,0.3240000152587891,0.012011700309813023,Mikel Oyarzabal,a,2234,OpenPlay,2017,LeftFoot,8171,Eibar,Real Sociedad,0,0,2018-04-01 17:30:00,,None
207627,42,SavedShot,0.9319999694824219,0.45799999237060546,0.582485020160675,Mikel Oyarzabal,h,2234,OpenPlay,2017,RightFoot,8186,Real Sociedad,Girona,5,0,2018-04-08 16:30:00,Adnan Januzaj,Pass
207633,70,Goal,0.8819999694824219,0.445,0.5163570046424866,Mikel Oyarzabal,h,2234,OpenPlay,2017,RightFoot,8186,Real Sociedad,Girona,5,0,2018-04-08 16:30:00,David Zurutuza,Throughball
207636,84,Goal,0.9419999694824219,0.35700000762939454,0.4110729992389679,Mikel Oyarzabal,h,2234,OpenPlay,2017,LeftFoot,8186,Real Sociedad,Girona,5,0,2018-04-08 16:30:00,,None
208691,20,Goal,0.89,0.6140000152587891,0.28065600991249084,Mikel Oyarzabal,a,2234,OpenPlay,2017,LeftFoot,8192,Las Palmas,Real Sociedad,0,1,2018-04-14 16:30:00,Asier Illarramendi,Chipped
208692,24,SavedShot,0.9530000305175781,0.41900001525878905,0.5106989741325378,Mikel Oyarzabal,a,2234,OpenPlay,2017,LeftFoot,8192,Las Palmas,Real Sociedad,0,1,2018-04-14 16:30:00,Adnan Januzaj,Throughball
208693,30,SavedShot,0.93,0.7019999694824218,0.05884519964456558,Mikel Oyarzabal,a,2234,OpenPlay,2017,LeftFoot,8192,Las Palmas,Real Sociedad,0,1,2018-04-14 16:30:00,Adnan Januzaj,Pass
208704,59,MissedShots,0.87,0.549000015258789,0.0885339006781578,Mikel Oyarzabal,a,2234,OpenPlay,2017,LeftFoot,8192,Las Palmas,Real Sociedad,0,1,2018-04-14 16:30:00,Aritz Elustondo,Chipped
208706,62,SavedShot,0.789000015258789,0.524000015258789,0.0553337000310421,Mikel Oyarzabal,a,2234,OpenPlay,2017,RightFoot,8192,Las Palmas,Real Sociedad,0,1,2018-04-14 16:30:00,,None
211112,65,MissedShots,0.86,0.4570000076293945,0.009978819638490677,Mikel Oyarzabal,a,2234,SetPiece,2017,Head,8213,Malaga,Real Sociedad,2,0,2018-04-22 14:15:00,Sergio Canales,Aerial
211806,36,Goal,0.9130000305175782,0.46,0.5087230205535889,Mikel Oyarzabal,h,2234,OpenPlay,2017,LeftFoot,8223,Real Sociedad,Athletic Club,3,1,2018-04-28 00:00:00,Adnan Januzaj,Pass
211820,73,BlockedShot,0.799000015258789,0.46900001525878904,0.06212190166115761,Mikel Oyarzabal,h,2234,OpenPlay,2017,LeftFoot,8223,Real Sociedad,Athletic Club,3,1,2018-04-28 00:00:00,Willian José,Pass
212914,35,SavedShot,0.9080000305175782,0.40299999237060546,0.2961919903755188,Mikel Oyarzabal,a,2234,OpenPlay,2017,LeftFoot,8234,Sevilla,Real Sociedad,1,0,2018-05-04 20:00:00,Sergio Canales,Chipped
214793,17,Goal,0.9459999847412109,0.5690000152587891,0.5111569762229919,Mikel Oyarzabal,h,2234,OpenPlay,2017,LeftFoot,8245,Real Sociedad,Leganes,3,2,2018-05-12 17:30:00,,Rebound
214807,86,SavedShot,0.8880000305175781,0.6040000152587891,0.308788001537323,Mikel Oyarzabal,h,2234,OpenPlay,2017,LeftFoot,8245,Real Sociedad,Leganes,3,2,2018-05-12 17:30:00,Willian José,Chipped
216618,29,MissedShots,0.855,0.46,0.09443560242652893,Mikel Oyarzabal,a,2234,OpenPlay,2017,LeftFoot,8258,Barcelona,Real Sociedad,1,0,2018-05-20 16:00:00,Willian José,Pass
216621,46,BlockedShot,0.7709999847412109,0.42400001525878905,0.015568399801850319,Mikel Oyarzabal,a,2234,FromCorner,2017,RightFoot,8258,Barcelona,Real Sociedad,1,0,2018-05-20 16:00:00,,Aerial
218380,78,MissedShots,0.77,0.24700000762939453,0.02324490062892437,Mikel Oyarzabal,a,2234,OpenPlay,2018,LeftFoot,9960,Villarreal,Real Sociedad,1,2,2018-08-18 21:15:00,Zaldúa,Pass
221393,77,BlockedShot,0.8240000152587891,0.6359999847412109,0.045252200216054916,Mikel Oyarzabal,a,2234,OpenPlay,2018,LeftFoot,9978,Eibar,Real Sociedad,2,1,2018-08-31 23:00:00,,TakeOn
223634,53,SavedShot,0.8630000305175781,0.5940000152587891,0.05393360182642937,Mikel Oyarzabal,h,2234,FromCorner,2018,LeftFoot,9989,Real Sociedad,Barcelona,1,2,2018-09-15 14:15:00,David Zurutuza,Pass
223636,58,MissedShots,0.9009999847412109,0.3629999923706055,0.3568370044231415,Mikel Oyarzabal,h,2234,OpenPlay,2018,RightFoot,9989,Real Sociedad,Barcelona,1,2,2018-09-15 14:15:00,Rubén Pardo,Pass
224694,34,MissedShots,0.7319999694824219,0.5670000076293945,0.02009359933435917,Mikel Oyarzabal,a,2234,OpenPlay,2018,LeftFoot,10003,SD Huesca,Real Sociedad,0,1,2018-09-21 19:00:00,Mikel Merino,HeadPass
226349,33,MissedShots,0.754000015258789,0.4929999923706055,0.014697300270199776,Mikel Oyarzabal,h,2234,FromCorner,2018,RightFoot,10008,Real Sociedad,Rayo Vallecano,2,2,2018-09-25 19:00:00,,Aerial
227720,39,SavedShot,0.8640000152587891,0.28299999237060547,0.033052198588848114,Mikel Oyarzabal,h,2234,OpenPlay,2018,LeftFoot,10023,Real Sociedad,Valencia,0,1,2018-09-29 11:00:00,Igor Zubeldia,Chipped
227724,49,MissedShots,0.8380000305175781,0.39799999237060546,0.05256510153412819,Mikel Oyarzabal,h,2234,OpenPlay,2018,LeftFoot,10023,Real Sociedad,Valencia,0,1,2018-09-29 11:00:00,Sandro Ramírez,BallTouch
257939,29,Goal,0.885,0.5,0.7432780265808105,Mikel Oyarzabal,a,2234,Penalty,2018,LeftFoot,10035,Athletic Club,Real Sociedad,1,3,2018-10-05 19:00:00,,Standard
257947,73,Goal,0.885,0.5,0.7432780265808105,Mikel Oyarzabal,a,2234,Penalty,2018,LeftFoot,10035,Athletic Club,Real Sociedad,1,3,2018-10-05 19:00:00,,Standard
258419,13,SavedShot,0.9269999694824219,0.720999984741211,0.048173099756240845,Mikel Oyarzabal,h,2234,OpenPlay,2018,LeftFoot,10039,Real Sociedad,Girona,0,0,2018-10-22 19:00:00,Raúl Navas,Chipped
258434,66,SavedShot,0.955,0.29700000762939455,0.04528069868683815,Mikel Oyarzabal,h,2234,OpenPlay,2018,LeftFoot,10039,Real Sociedad,Girona,0,0,2018-10-22 19:00:00,,Rebound
258997,61,BlockedShot,0.955999984741211,0.6469999694824219,0.06613480299711227,Mikel Oyarzabal,a,2234,OpenPlay,2018,LeftFoot,10071,Levante,Real Sociedad,1,3,2018-11-09 20:00:00,Willian José,Pass
259009,82,Goal,0.9219999694824219,0.6120000076293945,0.3900820016860962,Mikel Oyarzabal,a,2234,OpenPlay,2018,LeftFoot,10071,Levante,Real Sociedad,1,3,2018-11-09 20:00:00,Juanmi,Pass
259478,16,SavedShot,0.8680000305175781,0.6430000305175781,0.05276289954781532,Mikel Oyarzabal,h,2234,OpenPlay,2018,LeftFoot,10078,Real Sociedad,Celta Vigo,2,1,2018-11-26 20:00:00,Adnan Januzaj,Chipped
259484,36,Goal,0.8380000305175781,0.36700000762939455,0.04290670156478882,Mikel Oyarzabal,h,2234,OpenPlay,2018,LeftFoot,10078,Real Sociedad,Celta Vigo,2,1,2018-11-26 20:00:00,,Rebound
259488,71,BlockedShot,0.9540000152587891,0.4470000076293945,0.12403199821710587,Mikel Oyarzabal,h,2234,OpenPlay,2018,RightFoot,10078,Real Sociedad,Celta Vigo,2,1,2018-11-26 20:00:00,,None
259617,61,SavedShot,0.9119999694824219,0.46599998474121096,0.3662889897823334,Mikel Oyarzabal,a,2234,OpenPlay,2018,RightFoot,10094,Real Betis,Real Sociedad,1,0,2018-12-02 11:00:00,Andoni Gorosabel,BallTouch
259943,51,BlockedShot,0.81,0.5359999847412109,0.03635840117931366,Mikel Oyarzabal,h,2234,FromCorner,2018,LeftFoot,10102,Real Sociedad,Real Valladolid,1,2,2018-12-09 17:30:00,Sandro Ramírez,Pass
259949,61,Goal,0.98,0.5070000076293946,0.7635049819946289,Mikel Oyarzabal,h,2234,FromCorner,2018,LeftFoot,10102,Real Sociedad,Real Valladolid,1,2,2018-12-09 17:30:00,Robin Le Normand,HeadPass
260036,12,MissedShots,0.8569999694824219,0.39099998474121095,0.034808799624443054,Mikel Oyarzabal,a,2234,OpenPlay,2018,LeftFoot,10113,Getafe,Real Sociedad,1,0,2018-12-15 12:00:00,Theo Hernández,Cross
260283,14,MissedShots,0.879000015258789,0.4370000076293945,0.048801399767398834,Mikel Oyarzabal,h,2234,OpenPlay,2018,Head,10123,Real Sociedad,Alaves,0,1,2018-12-21 20:00:00,Adnan Januzaj,Cross
260300,62,BlockedShot,0.7830000305175782,0.5209999847412109,0.02681490033864975,Mikel Oyarzabal,h,2234,FromCorner,2018,LeftFoot,10123,Real Sociedad,Alaves,0,1,2018-12-21 20:00:00,,None
260305,87,MissedShots,0.925,0.4929999923706055,0.3935520052909851,Mikel Oyarzabal,h,2234,OpenPlay,2018,Head,10123,Real Sociedad,Alaves,0,1,2018-12-21 20:00:00,Adnan Januzaj,Cross
280000,49,BlockedShot,0.8880000305175781,0.5979999923706054,0.10856500267982483,Mikel Oyarzabal,a,2234,OpenPlay,2018,LeftFoot,10133,Real Madrid,Real Sociedad,0,2,2019-01-06 17:30:00,David Zurutuza,Pass
280001,49,MissedShots,0.88,0.595999984741211,0.104264996945858,Mikel Oyarzabal,a,2234,OpenPlay,2018,LeftFoot,10133,Real Madrid,Real Sociedad,0,2,2019-01-06 17:30:00,,Rebound
280308,82,SavedShot,0.9540000152587891,0.6430000305175781,0.3214069902896881,Mikel Oyarzabal,h,2234,OpenPlay,2018,LeftFoot,10138,Real Sociedad,Espanyol,3,2,2019-01-14 20:00:00,,TakeOn
280451,2,SavedShot,0.865999984741211,0.509000015258789,0.04808180034160614,Mikel Oyarzabal,a,2234,SetPiece,2018,Head,10149,Rayo Vallecano,Real Sociedad,2,2,2019-01-20 17:30:00,Asier Illarramendi,Chipped
280453,16,MissedShots,0.9319999694824219,0.69,0.44368600845336914,Mikel Oyarzabal,a,2234,OpenPlay,2018,LeftFoot,10149,Rayo Vallecano,Real Sociedad,2,2,2019-01-20 17:30:00,Asier Illarramendi,TakeOn
280457,33,MissedShots,0.9,0.4929999923706055,0.07866290211677551,Mikel Oyarzabal,a,2234,OpenPlay,2018,LeftFoot,10149,Rayo Vallecano,Real Sociedad,2,2,2019-01-20 17:30:00,Theo Hernández,HeadPass
280469,90,MissedShots,0.935,0.5359999847412109,0.14261400699615479,Mikel Oyarzabal,a,2234,OpenPlay,2018,RightFoot,10149,Rayo Vallecano,Real Sociedad,2,2,2019-01-20 17:30:00,Sandro Ramírez,Pass
280839,15,Goal,0.9030000305175782,0.524000015258789,0.7494180202484131,Mikel Oyarzabal,h,2234,OpenPlay,2018,LeftFoot,10171,Real Sociedad,Athletic Club,2,1,2019-02-02 15:15:00,Willian José,TakeOn
281192,39,BlockedShot,0.7709999847412109,0.5829999923706055,0.04089939966797829,Mikel Oyarzabal,a,2234,OpenPlay,2018,LeftFoot,10186,Valencia,Real Sociedad,0,0,2019-02-10 15:15:00,Willian José,LayOff
281369,49,Goal,0.9569999694824218,0.5590000152587891,0.4771220088005066,Mikel Oyarzabal,h,2234,OpenPlay,2018,Head,10188,Real Sociedad,Leganes,3,0,2019-02-16 17:30:00,Adnan Januzaj,Cross
281372,58,Goal,0.874000015258789,0.4420000076293945,0.10750400274991989,Mikel Oyarzabal,h,2234,OpenPlay,2018,LeftFoot,10188,Real Sociedad,Leganes,3,0,2019-02-16 17:30:00,Willian José,BallTouch
281375,66,MissedShots,0.8919999694824219,0.5729999923706055,0.28665798902511597,Mikel Oyarzabal,h,2234,OpenPlay,2018,LeftFoot,10188,Real Sociedad,Leganes,3,0,2019-02-16 17:30:00,Adnan Januzaj,Cross
281768,21,MissedShots,0.9069999694824219,0.534000015258789,0.08994770050048828,Mikel Oyarzabal,a,2234,OpenPlay,2018,LeftFoot,10201,Girona,Real Sociedad,0,0,2019-02-25 20:00:00,Juanmi,None
281775,61,BlockedShot,0.7919999694824219,0.31799999237060544,0.021731799468398094,Mikel Oyarzabal,a,2234,OpenPlay,2018,LeftFoot,10201,Girona,Real Sociedad,0,0,2019-02-25 20:00:00,,None
281957,13,SavedShot,0.84,0.3089999961853027,0.04206389933824539,Mikel Oyarzabal,h,2234,OpenPlay,2018,LeftFoot,10209,Real Sociedad,Atletico Madrid,0,2,2019-03-03 17:30:00,,BlockedPass
281968,55,MissedShots,0.9459999847412109,0.435,0.08076860010623932,Mikel Oyarzabal,h,2234,OpenPlay,2018,Head,10209,Real Sociedad,Atletico Madrid,0,2,2019-03-03 17:30:00,Sandro Ramírez,Aerial
281976,75,BlockedShot,0.8190000152587891,0.3189999961853027,0.03166880086064339,Mikel Oyarzabal,h,2234,OpenPlay,2018,LeftFoot,10209,Real Sociedad,Atletico Madrid,0,2,2019-03-03 17:30:00,Sandro Ramírez,Pass
285316,27,Goal,0.89,0.7090000152587891,0.03590739890933037,Mikel Oyarzabal,a,2234,OpenPlay,2018,LeftFoot,10225,Sevilla,Real Sociedad,5,2,2019-03-10 17:30:00,Mikel Merino,Pass
285317,31,MissedShots,0.720999984741211,0.4759999847412109,0.018153099343180656,Mikel Oyarzabal,a,2234,FromCorner,2018,LeftFoot,10225,Sevilla,Real Sociedad,5,2,2019-03-10 17:30:00,Raúl Navas,BallTouch
285333,68,OwnGoal,0.048000001907348634,0.48400001525878905,0,Mikel Oyarzabal,a,2234,FromCorner,2018,LeftFoot,10225,Sevilla,Real Sociedad,5,2,2019-03-10 17:30:00,,CornerAwarded
285334,76,Goal,0.885,0.5,0.743149995803833,Mikel Oyarzabal,a,2234,Penalty,2018,LeftFoot,10225,Sevilla,Real Sociedad,5,2,2019-03-10 17:30:00,,Standard
285928,19,BlockedShot,0.825999984741211,0.6,0.04874489828944206,Mikel Oyarzabal,h,2234,OpenPlay,2018,LeftFoot,10228,Real Sociedad,Levante,1,1,2019-03-15 20:00:00,David Zurutuza,Pass
285936,54,MissedShots,0.8980000305175782,0.5629999923706055,0.1328970044851303,Mikel Oyarzabal,h,2234,OpenPlay,2018,LeftFoot,10228,Real Sociedad,Levante,1,1,2019-03-15 20:00:00,Theo Hernández,Pass
285939,62,SavedShot,0.9790000152587891,0.645,0.12400999665260315,Mikel Oyarzabal,h,2234,OpenPlay,2018,LeftFoot,10228,Real Sociedad,Levante,1,1,2019-03-15 20:00:00,David Zurutuza,Throughball
285949,85,SavedShot,0.8490000152587891,0.62,0.06154410168528557,Mikel Oyarzabal,h,2234,OpenPlay,2018,LeftFoot,10228,Real Sociedad,Levante,1,1,2019-03-15 20:00:00,Adnan Januzaj,Pass
288351,78,Goal,0.91,0.44799999237060545,0.2408760040998459,Mikel Oyarzabal,a,2234,OpenPlay,2018,Head,10242,Real Valladolid,Real Sociedad,1,1,2019-03-31 16:30:00,Luca Sangalli,Aerial
291668,82,Goal,0.9259999847412109,0.4779999923706055,0.4091919958591461,Mikel Oyarzabal,h,2234,OpenPlay,2018,RightFoot,10249,Real Sociedad,Real Betis,2,1,2019-04-04 20:30:00,Juanmi,Chipped
292825,45,MissedShots,0.795,0.534000015258789,0.05925939977169037,Mikel Oyarzabal,a,2234,OpenPlay,2018,LeftFoot,10264,Celta Vigo,Real Sociedad,3,1,2019-04-07 17:30:00,,None
292835,79,BlockedShot,0.9059999847412109,0.3629999923706055,0.08184830099344254,Mikel Oyarzabal,a,2234,OpenPlay,2018,RightFoot,10264,Celta Vigo,Real Sociedad,3,1,2019-04-07 17:30:00,Zaldúa,Pass
295703,46,MissedShots,0.93,0.40700000762939453,0.08470139652490616,Mikel Oyarzabal,a,2234,OpenPlay,2018,Head,10285,Barcelona,Real Sociedad,2,1,2019-04-20 19:45:00,Willian José,Cross
295713,83,BlockedShot,0.8719999694824219,0.4520000076293945,0.1159449964761734,Mikel Oyarzabal,a,2234,OpenPlay,2018,LeftFoot,10285,Barcelona,Real Sociedad,2,1,2019-04-20 19:45:00,Willian José,TakeOn
297069,27,BlockedShot,0.8009999847412109,0.509000015258789,0.037482500076293945,Mikel Oyarzabal,h,2234,OpenPlay,2018,LeftFoot,10293,Real Sociedad,Villarreal,0,1,2019-04-25 19:30:00,Luca Sangalli,Pass
297074,55,SavedShot,0.9,0.47299999237060547,0.4034759998321533,Mikel Oyarzabal,h,2234,OpenPlay,2018,LeftFoot,10293,Real Sociedad,Villarreal,0,1,2019-04-25 19:30:00,Rubén Pardo,Rebound
298158,16,SavedShot,0.9290000152587891,0.6909999847412109,0.04749859869480133,Mikel Oyarzabal,h,2234,OpenPlay,2018,LeftFoot,10298,Real Sociedad,Getafe,2,1,2019-04-28 15:15:00,Rubén Pardo,Pass
298160,22,MissedShots,0.965999984741211,0.639000015258789,0.03123600035905838,Mikel Oyarzabal,h,2234,OpenPlay,2018,Head,10298,Real Sociedad,Getafe,2,1,2019-04-28 15:15:00,Zaldúa,Cross
298166,52,Goal,0.905,0.40799999237060547,0.4011639952659607,Mikel Oyarzabal,h,2234,OpenPlay,2018,LeftFoot,10298,Real Sociedad,Getafe,2,1,2019-04-28 15:15:00,Willian José,Pass
298167,59,SavedShot,0.875999984741211,0.3089999961853027,0.046836499124765396,Mikel Oyarzabal,h,2234,OpenPlay,2018,LeftFoot,10298,Real Sociedad,Getafe,2,1,2019-04-28 15:15:00,Gerónimo Rulli,Pass
301764,14,SavedShot,0.8219999694824218,0.43599998474121093,0.031309399753808975,Mikel Oyarzabal,h,2234,OpenPlay,2018,LeftFoot,10326,Real Sociedad,Real Madrid,3,1,2019-05-12 17:30:00,Aihen Muñoz,Cross
301768,31,MissedShots,0.7290000152587891,0.534000015258789,0.015480799600481987,Mikel Oyarzabal,h,2234,FromCorner,2018,LeftFoot,10326,Real Sociedad,Real Madrid,3,1,2019-05-12 17:30:00,,None
301771,38,BlockedShot,0.7130000305175781,0.4879999923706055,0.014058399945497513,Mikel Oyarzabal,h,2234,FromCorner,2018,RightFoot,10326,Real Sociedad,Real Madrid,3,1,2019-05-12 17:30:00,,None
301774,44,BlockedShot,0.7909999847412109,0.3729999923706055,0.029126299545168877,Mikel Oyarzabal,h,2234,OpenPlay,2018,LeftFoot,10326,Real Sociedad,Real Madrid,3,1,2019-05-12 17:30:00,Ander Barrenetxea,Pass
301781,66,ShotOnPost,0.875,0.43599998474121093,0.06943649798631668,Mikel Oyarzabal,h,2234,OpenPlay,2018,LeftFoot,10326,Real Sociedad,Real Madrid,3,1,2019-05-12 17:30:00,Aihen Muñoz,Cross
301783,80,BlockedShot,0.7580000305175781,0.44099998474121094,0.04518039897084236,Mikel Oyarzabal,h,2234,OpenPlay,2018,LeftFoot,10326,Real Sociedad,Real Madrid,3,1,2019-05-12 17:30:00,Asier Illarramendi,Pass
310982,5,MissedShots,0.7830000305175782,0.345,0.026631399989128113,Mikel Oyarzabal,a,2234,OpenPlay,2019,LeftFoot,12024,Valencia,Real Sociedad,1,1,2019-08-17 18:00:00,Mikel Merino,Pass
310985,9,BlockedShot,0.7980000305175782,0.5029999923706054,0.046655599027872086,Mikel Oyarzabal,a,2234,OpenPlay,2019,LeftFoot,12024,Valencia,Real Sociedad,1,1,2019-08-17 18:00:00,Mikel Merino,Pass
311006,100,Goal,0.885,0.5,0.743149995803833,Mikel Oyarzabal,a,2234,Penalty,2019,LeftFoot,12024,Valencia,Real Sociedad,1,1,2019-08-17 18:00:00,,Standard
313068,40,MissedShots,0.9280000305175782,0.46099998474121096,0.41166698932647705,Mikel Oyarzabal,a,2234,OpenPlay,2019,Head,12040,Mallorca,Real Sociedad,0,1,2019-08-25 16:00:00,Adnan Januzaj,Cross
313069,45,SavedShot,0.855,0.5259999847412109,0.07697489857673645,Mikel Oyarzabal,a,2234,OpenPlay,2019,RightFoot,12040,Mallorca,Real Sociedad,0,1,2019-08-25 16:00:00,Asier Illarramendi,Chipped
313072,59,SavedShot,0.8619999694824219,0.6719999694824219,0.03856340050697327,Mikel Oyarzabal,a,2234,OpenPlay,2019,LeftFoot,12040,Mallorca,Real Sociedad,0,1,2019-08-25 16:00:00,Mikel Merino,Pass
317550,4,MissedShots,0.6619999694824219,0.9719999694824218,0.00811253022402525,Mikel Oyarzabal,h,2234,OpenPlay,2019,LeftFoot,12061,Real Sociedad,Atletico Madrid,2,0,2019-09-14 16:30:00,Diego Llorente,Pass
317554,24,SavedShot,0.91,0.5629999923706055,0.46239998936653137,Mikel Oyarzabal,h,2234,OpenPlay,2019,LeftFoot,12061,Real Sociedad,Atletico Madrid,2,0,2019-09-14 16:30:00,Alexander Isak,Throughball
317555,26,BlockedShot,0.7719999694824219,0.655,0.01788260042667389,Mikel Oyarzabal,h,2234,FromCorner,2019,LeftFoot,12061,Real Sociedad,Atletico Madrid,2,0,2019-09-14 16:30:00,,None
317559,36,BlockedShot,0.92,0.5690000152587891,0.0602228008210659,Mikel Oyarzabal,h,2234,OpenPlay,2019,Head,12061,Real Sociedad,Atletico Madrid,2,0,2019-09-14 16:30:00,Portu,Chipped
317566,68,SavedShot,0.7480000305175781,0.7519999694824219,0.021080000326037407,Mikel Oyarzabal,h,2234,OpenPlay,2019,LeftFoot,12061,Real Sociedad,Atletico Madrid,2,0,2019-09-14 16:30:00,Martin Odegaard,Pass
317573,96,MissedShots,0.8490000152587891,0.28299999237060547,0.032852400094270706,Mikel Oyarzabal,h,2234,OpenPlay,2019,LeftFoot,12061,Real Sociedad,Atletico Madrid,2,0,2019-09-14 16:30:00,,None
320970,32,SavedShot,0.779000015258789,0.74,0.019224200397729874,Mikel Oyarzabal,a,2234,OpenPlay,2019,LeftFoot,12072,Espanyol,Real Sociedad,1,3,2019-09-22 12:00:00,,None
322200,4,BlockedShot,0.8630000305175781,0.435,0.07539000362157822,Mikel Oyarzabal,h,2234,OpenPlay,2019,LeftFoot,12077,Real Sociedad,Alaves,3,0,2019-09-26 19:00:00,Martin Odegaard,Chipped
322203,13,MissedShots,0.8780000305175781,0.56,0.13961799442768097,Mikel Oyarzabal,h,2234,OpenPlay,2019,RightFoot,12077,Real Sociedad,Alaves,3,0,2019-09-26 19:00:00,Willian José,Pass
322204,18,Goal,0.9519999694824218,0.5779999923706055,0.4985690116882324,Mikel Oyarzabal,h,2234,OpenPlay,2019,LeftFoot,12077,Real Sociedad,Alaves,3,0,2019-09-26 19:00:00,Martin Odegaard,Throughball
322207,40,Goal,0.885,0.5,0.7432780265808105,Mikel Oyarzabal,h,2234,Penalty,2019,LeftFoot,12077,Real Sociedad,Alaves,3,0,2019-09-26 19:00:00,,Standard
322212,50,SavedShot,0.9680000305175781,0.355,0.09041520208120346,Mikel Oyarzabal,h,2234,SetPiece,2019,LeftFoot,12077,Real Sociedad,Alaves,3,0,2019-09-26 19:00:00,Martin Odegaard,Throughball
322211,50,MissedShots,0.8640000152587891,0.7019999694824218,0.03669470176100731,Mikel Oyarzabal,h,2234,OpenPlay,2019,LeftFoot,12077,Real Sociedad,Alaves,3,0,2019-09-26 19:00:00,Andoni Gorosabel,Cross
322213,54,BlockedShot,0.7580000305175781,0.575,0.022168200463056564,Mikel Oyarzabal,h,2234,SetPiece,2019,LeftFoot,12077,Real Sociedad,Alaves,3,0,2019-09-26 19:00:00,Martin Odegaard,Pass
323585,3,Goal,0.8819999694824219,0.57,0.37220698595046997,Mikel Oyarzabal,a,2234,OpenPlay,2019,LeftFoot,12091,Sevilla,Real Sociedad,3,2,2019-09-29 19:00:00,Adnan Januzaj,Throughball
325069,19,SavedShot,0.9180000305175782,0.654000015258789,0.09480849653482437,Mikel Oyarzabal,h,2234,OpenPlay,2019,LeftFoot,12100,Real Sociedad,Getafe,1,2,2019-10-06 17:30:00,Willian José,Pass
325071,33,MissedShots,0.9,0.44799999237060545,0.10753700137138367,Mikel Oyarzabal,h,2234,OpenPlay,2019,RightFoot,12100,Real Sociedad,Getafe,1,2,2019-10-06 17:30:00,Zaldúa,Cross
326215,50,MissedShots,0.9009999847412109,0.7380000305175781,0.057935599237680435,Mikel Oyarzabal,h,2234,OpenPlay,2019,LeftFoot,12111,Real Sociedad,Real Betis,3,1,2019-10-20 13:00:00,Mikel Merino,Chipped
326224,75,MissedShots,0.9330000305175781,0.43099998474121093,0.12587200105190277,Mikel Oyarzabal,h,2234,OpenPlay,2019,LeftFoot,12111,Real Sociedad,Real Betis,3,1,2019-10-20 13:00:00,Portu,Cross
327629,2,MissedShots,0.7230000305175781,0.5309999847412109,0.016580000519752502,Mikel Oyarzabal,a,2234,OpenPlay,2019,LeftFoot,12114,Celta Vigo,Real Sociedad,0,1,2019-10-27 11:00:00,Mikel Merino,TakeOn
327640,63,SavedShot,0.7659999847412109,0.5729999923706055,0.026635700836777687,Mikel Oyarzabal,a,2234,OpenPlay,2019,LeftFoot,12114,Celta Vigo,Real Sociedad,0,1,2019-10-27 11:00:00,Portu,Pass
330088,61,BlockedShot,0.7769999694824219,0.5120000076293946,0.03306590020656586,Mikel Oyarzabal,a,2234,OpenPlay,2019,LeftFoot,12135,Granada,Real Sociedad,1,2,2019-11-03 20:00:00,Portu,Pass
330089,77,SavedShot,0.8930000305175781,0.7169999694824218,0.059324901551008224,Mikel Oyarzabal,a,2234,OpenPlay,2019,LeftFoot,12135,Granada,Real Sociedad,1,2,2019-11-03 20:00:00,Portu,Pass
330332,86,MissedShots,0.8769999694824219,0.5309999847412109,0.08094750344753265,Mikel Oyarzabal,h,2234,OpenPlay,2019,LeftFoot,12151,Real Sociedad,Leganes,1,1,2019-11-08 20:00:00,,None
333717,46,Goal,0.8590000152587891,0.5629999923706055,0.0706816017627716,Mikel Oyarzabal,h,2234,OpenPlay,2019,LeftFoot,12170,Real Sociedad,Eibar,4,1,2019-11-30 15:00:00,,None
336422,55,BlockedShot,0.815,0.455,0.05563550069928169,Mikel Oyarzabal,a,2234,OpenPlay,2019,LeftFoot,12182,Real Valladolid,Real Sociedad,0,0,2019-12-08 15:00:00,Martin Odegaard,Pass
336429,79,MissedShots,0.8109999847412109,0.49599998474121093,0.06567119807004929,Mikel Oyarzabal,a,2234,OpenPlay,2019,LeftFoot,12182,Real Valladolid,Real Sociedad,0,0,2019-12-08 15:00:00,Ander Guevara,TakeOn
336430,89,MissedShots,0.875,0.549000015258789,0.09179940074682236,Mikel Oyarzabal,a,2234,OpenPlay,2019,RightFoot,12182,Real Valladolid,Real Sociedad,0,0,2019-12-08 15:00:00,Mikel Merino,TakeOn
336432,92,SavedShot,0.7980000305175782,0.3189999961853027,0.02637539990246296,Mikel Oyarzabal,a,2234,OpenPlay,2019,LeftFoot,12182,Real Valladolid,Real Sociedad,0,0,2019-12-08 15:00:00,Ander Barrenetxea,Pass
337009,4,MissedShots,0.7809999847412109,0.6329999923706054,0.027029799297451973,Mikel Oyarzabal,h,2234,OpenPlay,2019,LeftFoot,12190,Real Sociedad,Barcelona,2,2,2019-12-14 15:00:00,Mikel Merino,Pass
337011,11,Goal,0.885,0.5,0.7432780265808105,Mikel Oyarzabal,h,2234,Penalty,2019,LeftFoot,12190,Real Sociedad,Barcelona,2,2,2019-12-14 15:00:00,,Standard
339161,14,Goal,0.875,0.5209999847412109,0.10509999841451645,Mikel Oyarzabal,a,2234,OpenPlay,2019,LeftFoot,12199,Osasuna,Real Sociedad,3,4,2019-12-22 13:00:00,Martin Odegaard,Pass
339180,68,MissedShots,0.5540000152587891,0.9359999847412109,0.007945040240883827,Mikel Oyarzabal,a,2234,OpenPlay,2019,LeftFoot,12199,Osasuna,Real Sociedad,3,4,2019-12-22 13:00:00,,BallRecovery
339185,90,SavedShot,0.9590000152587891,0.645,0.29465898871421814,Mikel Oyarzabal,a,2234,OpenPlay,2019,LeftFoot,12199,Osasuna,Real Sociedad,3,4,2019-12-22 13:00:00,Alexander Isak,Pass
355133,65,MissedShots,0.8619999694824219,0.4779999923706055,0.029210200533270836,Mikel Oyarzabal,a,2234,OpenPlay,2019,Head,12215,Real Betis,Real Sociedad,3,0,2020-01-19 13:00:00,Zaldúa,Cross
355138,79,MissedShots,0.8109999847412109,0.3840000152587891,0.03826329857110977,Mikel Oyarzabal,a,2234,OpenPlay,2019,LeftFoot,12215,Real Betis,Real Sociedad,3,0,2020-01-19 13:00:00,Martin Odegaard,Pass
356413,34,BlockedShot,0.774000015258789,0.6270000076293946,0.019635800272226334,Mikel Oyarzabal,h,2234,FromCorner,2019,LeftFoot,12229,Real Sociedad,Mallorca,3,0,2020-01-26 17:30:00,,None
358364,5,MissedShots,0.7780000305175782,0.534000015258789,0.033386699855327606,Mikel Oyarzabal,h,2234,OpenPlay,2019,LeftFoot,12247,Real Sociedad,Athletic Club,2,1,2020-02-09 13:00:00,Portu,Pass
358368,20,BlockedShot,0.8430000305175781,0.6419999694824219,0.07077129930257797,Mikel Oyarzabal,h,2234,OpenPlay,2019,LeftFoot,12247,Real Sociedad,Athletic Club,2,1,2020-02-09 13:00:00,Willian José,Pass
358378,81,BlockedShot,0.8909999847412109,0.37099998474121093,0.050450101494789124,Mikel Oyarzabal,h,2234,SetPiece,2019,LeftFoot,12247,Real Sociedad,Athletic Club,2,1,2020-02-09 13:00:00,Portu,Pass
359986,84,BlockedShot,0.7909999847412109,0.4540000152587891,0.06050179898738861,Mikel Oyarzabal,h,2234,OpenPlay,2019,LeftFoot,12271,Real Sociedad,Valencia,3,0,2020-02-22 17:30:00,Luca Sangalli,Pass
360606,58,MissedShots,0.7140000152587891,0.4520000076293945,0.015525800175964832,Mikel Oyarzabal,h,2234,OpenPlay,2019,LeftFoot,12280,Real Sociedad,Real Valladolid,1,0,2020-02-28 20:00:00,Mikel Merino,Pass
361819,72,MissedShots,0.7819999694824219,0.6840000152587891,0.022467700764536858,Mikel Oyarzabal,a,2234,OpenPlay,2019,LeftFoot,12285,Barcelona,Real Sociedad,1,0,2020-03-07 17:30:00,Mikel Merino,Pass
362590,15,Goal,0.885,0.5,0.743149995803833,Mikel Oyarzabal,a,2234,Penalty,2019,LeftFoot,12255,Eibar,Real Sociedad,1,2,2020-03-10 19:00:00,,Standard
362600,70,BlockedShot,0.92,0.705,0.055220600217580795,Mikel Oyarzabal,a,2234,OpenPlay,2019,LeftFoot,12255,Eibar,Real Sociedad,1,2,2020-03-10 19:00:00,Ander Guevara,Chipped
364454,53,SavedShot,0.8859999847412109,0.4129999923706055,0.06878239661455154,Mikel Oyarzabal,h,2234,OpenPlay,2019,RightFoot,12302,Real Sociedad,Osasuna,1,1,2020-06-14 20:00:00,,None
364456,60,Goal,0.8819999694824219,0.534000015258789,0.49948498606681824,Mikel Oyarzabal,h,2234,OpenPlay,2019,LeftFoot,12302,Real Sociedad,Osasuna,1,1,2020-06-14 20:00:00,Willian José,Pass
364906,49,MissedShots,0.74,0.7959999847412109,0.016487300395965576,Mikel Oyarzabal,a,2234,OpenPlay,2019,LeftFoot,12303,Alaves,Real Sociedad,2,0,2020-06-18 17:30:00,Remiro,Pass
366394,69,MissedShots,0.7340000152587891,0.4829999923706055,0.020355800166726112,Mikel Oyarzabal,h,2234,OpenPlay,2019,LeftFoot,12330,Real Sociedad,Celta Vigo,0,1,2020-06-24 17:30:00,Willian José,Pass
367626,9,BlockedShot,0.9080000305175782,0.6790000152587891,0.05824029818177223,Mikel Oyarzabal,a,2234,OpenPlay,2019,LeftFoot,12337,Getafe,Real Sociedad,2,1,2020-06-29 20:00:00,,None
367634,68,MissedShots,0.74,0.63,0.011498900130391121,Mikel Oyarzabal,a,2234,SetPiece,2019,LeftFoot,12337,Getafe,Real Sociedad,2,1,2020-06-29 20:00:00,,None
368361,33,BlockedShot,0.749000015258789,0.639000015258789,0.01814199984073639,Mikel Oyarzabal,h,2234,OpenPlay,2019,LeftFoot,12350,Real Sociedad,Espanyol,2,1,2020-07-02 17:30:00,Willian José,Pass
370310,49,MissedShots,0.794000015258789,0.41,0.03328210115432739,Mikel Oyarzabal,h,2234,OpenPlay,2019,LeftFoot,12367,Real Sociedad,Granada,2,3,2020-07-10 17:30:00,Portu,Pass
370316,82,Goal,0.9180000305175782,0.485,0.0929287001490593,Mikel Oyarzabal,h,2234,OpenPlay,2019,RightFoot,12367,Real Sociedad,Granada,2,3,2020-07-10 17:30:00,Näis Djouahra,Cross
371221,19,MissedShots,0.755,0.3659999847412109,0.023130999878048897,Mikel Oyarzabal,a,2234,OpenPlay,2019,LeftFoot,12382,Villarreal,Real Sociedad,1,2,2020-07-13 17:30:00,Martín Zubimendi,Pass
371235,92,BlockedShot,0.8,0.27100000381469724,0.02277039922773838,Mikel Oyarzabal,a,2234,FromCorner,2019,LeftFoot,12382,Villarreal,Real Sociedad,1,2,2020-07-13 17:30:00,Mikel Merino,Pass
378357,56,MissedShots,0.860999984741211,0.38599998474121094,0.07667340338230133,Mikel Oyarzabal,h,2234,OpenPlay,2020,LeftFoot,14152,Real Sociedad,Real Madrid,0,0,2020-09-20 19:00:00,Andoni Gorosabel,Pass
378951,23,BlockedShot,0.884000015258789,0.6090000152587891,0.07378239929676056,Mikel Oyarzabal,a,2234,OpenPlay,2020,LeftFoot,14163,Elche,Real Sociedad,0,3,2020-09-26 16:30:00,,None
378952,23,BlockedShot,0.8730000305175781,0.2720000076293945,0.035810600966215134,Mikel Oyarzabal,a,2234,FromCorner,2020,LeftFoot,14163,Elche,Real Sociedad,0,3,2020-09-26 16:30:00,Andoni Gorosabel,Pass
380030,51,MissedShots,0.7880000305175782,0.34799999237060547,0.0291725005954504,Mikel Oyarzabal,h,2234,FromCorner,2020,LeftFoot,14170,Real Sociedad,Valencia,0,1,2020-09-29 17:00:00,Martín Zubimendi,Pass
380031,54,SavedShot,0.904000015258789,0.73,0.03404830023646355,Mikel Oyarzabal,h,2234,OpenPlay,2020,LeftFoot,14170,Real Sociedad,Valencia,0,1,2020-09-29 17:00:00,Mikel Merino,Pass
380035,73,BlockedShot,0.8680000305175781,0.42200000762939455,0.07287710160017014,Mikel Oyarzabal,h,2234,OpenPlay,2020,LeftFoot,14170,Real Sociedad,Valencia,0,1,2020-09-29 17:00:00,,None
380723,27,Goal,0.885,0.5,0.7432780265808105,Mikel Oyarzabal,h,2234,Penalty,2020,LeftFoot,14821,Real Sociedad,Getafe,3,0,2020-10-03 16:30:00,,Standard
380733,69,MissedShots,0.8580000305175781,0.6079999923706054,0.024793600663542747,Mikel Oyarzabal,h,2234,SetPiece,2020,RightFoot,14821,Real Sociedad,Getafe,3,0,2020-10-03 16:30:00,,Aerial
380734,70,BlockedShot,0.855,0.4809999847412109,0.09356100112199783,Mikel Oyarzabal,h,2234,OpenPlay,2020,RightFoot,14821,Real Sociedad,Getafe,3,0,2020-10-03 16:30:00,,None
382843,6,SavedShot,0.955999984741211,0.47,0.10899300128221512,Mikel Oyarzabal,a,2234,OpenPlay,2020,LeftFoot,14827,Real Betis,Real Sociedad,0,3,2020-10-18 19:00:00,,None
382852,73,Goal,0.885,0.5,0.7432780265808105,Mikel Oyarzabal,a,2234,Penalty,2020,LeftFoot,14827,Real Betis,Real Sociedad,0,3,2020-10-18 19:00:00,,Standard
384155,34,Goal,0.885,0.5,0.7432780265808105,Mikel Oyarzabal,h,2234,Penalty,2020,LeftFoot,14841,Real Sociedad,SD Huesca,4,1,2020-10-25 20:00:00,,Standard
384156,40,MissedShots,0.9359999847412109,0.669000015258789,0.07378680258989334,Mikel Oyarzabal,h,2234,OpenPlay,2020,LeftFoot,14841,Real Sociedad,SD Huesca,4,1,2020-10-25 20:00:00,Andoni Gorosabel,Chipped
384161,49,SavedShot,0.8680000305175781,0.5940000152587891,0.10810200124979019,Mikel Oyarzabal,h,2234,OpenPlay,2020,LeftFoot,14841,Real Sociedad,SD Huesca,4,1,2020-10-25 20:00:00,Portu,Pass
384162,51,MissedShots,0.840999984741211,0.534000015258789,0.07467369735240936,Mikel Oyarzabal,h,2234,OpenPlay,2020,LeftFoot,14841,Real Sociedad,SD Huesca,4,1,2020-10-25 20:00:00,David Silva,BallTouch
384163,53,Goal,0.9119999694824219,0.5709999847412109,0.044505901634693146,Mikel Oyarzabal,h,2234,OpenPlay,2020,Head,14841,Real Sociedad,SD Huesca,4,1,2020-10-25 20:00:00,Andoni Gorosabel,Aerial
385212,25,SavedShot,0.7619999694824219,0.4279999923706055,0.03520739823579788,Mikel Oyarzabal,a,2234,OpenPlay,2020,LeftFoot,14848,Celta Vigo,Real Sociedad,1,4,2020-11-01 15:00:00,,None
385215,33,SavedShot,0.9069999694824219,0.425,0.11682199686765671,Mikel Oyarzabal,a,2234,OpenPlay,2020,LeftFoot,14848,Celta Vigo,Real Sociedad,1,4,2020-11-01 15:00:00,,Dispossessed
385216,33,Goal,0.985999984741211,0.47,0.9374470114707947,Mikel Oyarzabal,a,2234,OpenPlay,2020,RightFoot,14848,Celta Vigo,Real Sociedad,1,4,2020-11-01 15:00:00,,Rebound
385218,42,BlockedShot,0.7519999694824219,0.41,0.031105000525712967,Mikel Oyarzabal,a,2234,OpenPlay,2020,LeftFoot,14848,Celta Vigo,Real Sociedad,1,4,2020-11-01 15:00:00,Jon Guridi,Pass
386671,11,SavedShot,0.9619999694824218,0.735,0.0417741984128952,Mikel Oyarzabal,h,2234,OpenPlay,2020,LeftFoot,14860,Real Sociedad,Granada,2,0,2020-11-08 15:15:00,Willian José,Pass
386676,23,SavedShot,0.795,0.7140000152587891,0.027897000312805176,Mikel Oyarzabal,h,2234,OpenPlay,2020,LeftFoot,14860,Real Sociedad,Granada,2,0,2020-11-08 15:15:00,Nacho Monreal,Pass
386679,26,Goal,0.885,0.5,0.7432780265808105,Mikel Oyarzabal,h,2234,Penalty,2020,LeftFoot,14860,Real Sociedad,Granada,2,0,2020-11-08 15:15:00,,Standard
386682,53,MissedShots,0.9130000305175782,0.7290000152587891,0.0287127997726202,Mikel Oyarzabal,h,2234,SetPiece,2020,LeftFoot,14860,Real Sociedad,Granada,2,0,2020-11-08 15:15:00,,Rebound
388019,24,BlockedShot,0.8580000305175781,0.705,0.041436001658439636,Mikel Oyarzabal,a,2234,OpenPlay,2020,LeftFoot,14869,Cadiz,Real Sociedad,0,1,2020-11-22 15:15:00,Nacho Monreal,Pass
388024,45,BlockedShot,0.75,0.49599998474121093,0.02360530011355877,Mikel Oyarzabal,a,2234,OpenPlay,2020,LeftFoot,14869,Cadiz,Real Sociedad,0,1,2020-11-22 15:15:00,Ander Guevara,Pass
388026,64,SavedShot,0.915,0.4540000152587891,0.08782800287008286,Mikel Oyarzabal,a,2234,OpenPlay,2020,LeftFoot,14869,Cadiz,Real Sociedad,0,1,2020-11-22 15:15:00,,None
388028,72,MissedShots,0.88,0.5359999847412109,0.08985509723424911,Mikel Oyarzabal,a,2234,OpenPlay,2020,RightFoot,14869,Cadiz,Real Sociedad,0,1,2020-11-22 15:15:00,Zaldúa,Cross
388030,75,BlockedShot,0.7859999847412109,0.6580000305175782,0.03271080181002617,Mikel Oyarzabal,a,2234,OpenPlay,2020,LeftFoot,14869,Cadiz,Real Sociedad,0,1,2020-11-22 15:15:00,Portu,Pass
389733,13,SavedShot,0.8519999694824218,0.37900001525878907,0.053417500108480453,Mikel Oyarzabal,h,2234,OpenPlay,2020,LeftFoot,14881,Real Sociedad,Villarreal,1,1,2020-11-29 20:00:00,,BallRecovery
389741,32,Goal,0.885,0.5,0.743149995803833,Mikel Oyarzabal,h,2234,Penalty,2020,LeftFoot,14881,Real Sociedad,Villarreal,1,1,2020-11-29 20:00:00,,Standard
396180,43,MissedShots,0.7440000152587891,0.2560000038146973,0.04056749865412712,Mikel Oyarzabal,a,2234,DirectFreekick,2020,LeftFoot,14927,Athletic Club,Real Sociedad,0,1,2020-12-31 13:00:00,,Standard
396184,53,MissedShots,0.9690000152587891,0.6580000305175782,0.08645190298557281,Mikel Oyarzabal,a,2234,OpenPlay,2020,LeftFoot,14927,Athletic Club,Real Sociedad,0,1,2020-12-31 13:00:00,,Dispossessed
396188,64,SavedShot,0.8130000305175781,0.47400001525878904,0.04347290098667145,Mikel Oyarzabal,a,2234,SetPiece,2020,LeftFoot,14927,Athletic Club,Real Sociedad,0,1,2020-12-31 13:00:00,Alexander Isak,Pass
397026,32,MissedShots,0.7440000152587891,0.34799999237060547,0.01929819956421852,Mikel Oyarzabal,h,2234,OpenPlay,2020,LeftFoot,14944,Real Sociedad,Osasuna,1,1,2021-01-03 17:30:00,Portu,Pass
397729,37,BlockedShot,0.914000015258789,0.6179999923706054,0.04700540006160736,Mikel Oyarzabal,a,2234,OpenPlay,2020,RightFoot,14955,Sevilla,Real Sociedad,3,2,2021-01-09 13:00:00,,Aerial
400599,56,Goal,0.9130000305175782,0.5729999923706055,0.4385969936847687,Mikel Oyarzabal,h,2234,OpenPlay,2020,LeftFoot,14970,Real Sociedad,Real Betis,2,2,2021-01-23 17:30:00,Alexander Isak,Throughball
400603,63,MissedShots,0.9290000152587891,0.675,0.08460470288991928,Mikel Oyarzabal,h,2234,OpenPlay,2020,LeftFoot,14970,Real Sociedad,Real Betis,2,2,2021-01-23 17:30:00,Mikel Merino,Pass
401872,8,MissedShots,0.9219999694824219,0.639000015258789,0.024762200191617012,Mikel Oyarzabal,a,2234,OpenPlay,2020,Head,14987,Villarreal,Real Sociedad,1,1,2021-01-30 20:00:00,Zaldúa,Cross
403591,4,BlockedShot,0.720999984741211,0.485,0.019621899351477623,Mikel Oyarzabal,h,2234,OpenPlay,2020,LeftFoot,14995,Real Sociedad,Cadiz,4,1,2021-02-07 13:00:00,Mikel Merino,Pass
403594,25,Goal,0.885,0.5,0.7432780265808105,Mikel Oyarzabal,h,2234,Penalty,2020,LeftFoot,14995,Real Sociedad,Cadiz,4,1,2021-02-07 13:00:00,,Standard
403595,33,Goal,0.86,0.5590000152587891,0.3026829957962036,Mikel Oyarzabal,h,2234,OpenPlay,2020,LeftFoot,14995,Real Sociedad,Cadiz,4,1,2021-02-07 13:00:00,Mikel Merino,Chipped
403600,58,SavedShot,0.95,0.485,0.5579090118408203,Mikel Oyarzabal,h,2234,OpenPlay,2020,Head,14995,Real Sociedad,Cadiz,4,1,2021-02-07 13:00:00,Andoni Gorosabel,Cross
404645,29,ShotOnPost,0.9319999694824219,0.6,0.2995080053806305,Mikel Oyarzabal,a,2234,OpenPlay,2020,LeftFoot,15001,Getafe,Real Sociedad,0,1,2021-02-14 13:00:00,Zaldúa,Cross
406074,36,BlockedShot,0.8969999694824219,0.6519999694824219,0.09410150349140167,Mikel Oyarzabal,h,2234,OpenPlay,2020,LeftFoot,15014,Real Sociedad,Alaves,4,0,2021-02-21 15:15:00,Alexander Isak,Pass
409176,21,MissedShots,0.885,0.5,0.7432780265808105,Mikel Oyarzabal,h,2234,Penalty,2020,LeftFoot,15034,Real Sociedad,Levante,1,0,2021-03-07 17:30:00,,Standard
409181,33,SavedShot,0.835,0.5940000152587891,0.07955499738454819,Mikel Oyarzabal,h,2234,OpenPlay,2020,LeftFoot,15034,Real Sociedad,Levante,1,0,2021-03-07 17:30:00,,BallRecovery
410538,23,SavedShot,0.7909999847412109,0.769000015258789,0.02129190042614937,Mikel Oyarzabal,a,2234,OpenPlay,2020,LeftFoot,15043,Granada,Real Sociedad,1,0,2021-03-14 15:15:00,Mikel Merino,Pass
410539,33,MissedShots,0.749000015258789,0.549000015258789,0.024316100403666496,Mikel Oyarzabal,a,2234,OpenPlay,2020,LeftFoot,15043,Granada,Real Sociedad,1,0,2021-03-14 15:15:00,Mikel Merino,Pass
410548,72,MissedShots,0.7719999694824219,0.7119999694824218,0.05715259909629822,Mikel Oyarzabal,a,2234,DirectFreekick,2020,LeftFoot,15043,Granada,Real Sociedad,1,0,2021-03-14 15:15:00,,Standard
412061,5,BlockedShot,0.765,0.3029999923706055,0.013110199943184853,Mikel Oyarzabal,h,2234,OpenPlay,2020,LeftFoot,15054,Real Sociedad,Barcelona,1,6,2021-03-21 20:00:00,Alexander Isak,HeadPass
414583,13,MissedShots,0.7930000305175782,0.580999984741211,0.11089800298213959,Mikel Oyarzabal,a,2234,DirectFreekick,2020,LeftFoot,15075,Valencia,Real Sociedad,2,2,2021-04-11 14:15:00,,Standard
414593,54,BlockedShot,0.8090000152587891,0.5479999923706055,0.0691227987408638,Mikel Oyarzabal,a,2234,OpenPlay,2020,RightFoot,15075,Valencia,Real Sociedad,2,2,2021-04-11 14:15:00,Ander Guevara,Pass
414599,65,SavedShot,0.8090000152587891,0.19799999237060548,0.049675699323415756,Mikel Oyarzabal,a,2234,DirectFreekick,2020,LeftFoot,15075,Valencia,Real Sociedad,2,2,2021-04-11 14:15:00,,Standard
415626,16,BlockedShot,0.8180000305175781,0.46599998474121096,0.10637100040912628,Mikel Oyarzabal,h,2234,OpenPlay,2020,LeftFoot,15107,Real Sociedad,Sevilla,1,2,2021-04-18 12:00:00,Ander Barrenetxea,TakeOn
419702,1,SavedShot,0.8859999847412109,0.5970000076293945,0.10490699857473373,Mikel Oyarzabal,h,2234,OpenPlay,2020,LeftFoot,15125,Real Sociedad,Elche,2,0,2021-05-07 19:00:00,Jon Guridi,Pass
419718,91,Goal,0.815,0.4759999847412109,0.07258410006761551,Mikel Oyarzabal,h,2234,OpenPlay,2020,LeftFoot,15125,Real Sociedad,Elche,2,0,2021-05-07 19:00:00,Jon Bautista,Pass
421531,20,BlockedShot,0.764000015258789,0.7419999694824219,0.017331300303339958,Mikel Oyarzabal,a,2234,OpenPlay,2020,LeftFoot,15128,Atletico Madrid,Real Sociedad,2,1,2021-05-12 20:00:00,Nacho Monreal,Pass
422706,92,SavedShot,0.889000015258789,0.5629999923706055,0.3119159936904907,Mikel Oyarzabal,h,2234,OpenPlay,2020,LeftFoot,15145,Real Sociedad,Real Valladolid,4,1,2021-05-16 16:30:00,Roberto López,Pass
423768,41,BlockedShot,0.6840000152587891,0.6370000076293946,0.03322650119662285,Mikel Oyarzabal,a,2234,DirectFreekick,2020,LeftFoot,15153,Osasuna,Real Sociedad,0,1,2021-05-22 16:00:00,,Standard
423771,53,MissedShots,0.9359999847412109,0.66,0.03730349987745285,Mikel Oyarzabal,a,2234,OpenPlay,2020,LeftFoot,15153,Osasuna,Real Sociedad,0,1,2021-05-22 16:00:00,Andoni Gorosabel,Cross
423772,55,MissedShots,0.919000015258789,0.654000015258789,0.07313080132007599,Mikel Oyarzabal,a,2234,OpenPlay,2020,LeftFoot,15153,Osasuna,Real Sociedad,0,1,2021-05-22 16:00:00,Ander Guevara,Pass
426572,50,BlockedShot,0.8580000305175781,0.534000015258789,0.14072899520397186,Mikel Oyarzabal,a,2234,OpenPlay,2021,LeftFoot,17142,Barcelona,Real Sociedad,4,2,2021-08-15 18:00:00,Mikel Merino,TakeOn
426573,52,MissedShots,0.8569999694824219,0.33,0.06408049911260605,Mikel Oyarzabal,a,2234,OpenPlay,2021,LeftFoot,17142,Barcelona,Real Sociedad,4,2,2021-08-15 18:00:00,,TakeOn
426580,84,Goal,0.7480000305175781,0.545,0.07038810104131699,Mikel Oyarzabal,a,2234,DirectFreekick,2021,LeftFoot,17142,Barcelona,Real Sociedad,4,2,2021-08-15 18:00:00,,Standard
427719,36,BlockedShot,0.8380000305175781,0.40299999237060546,0.04789780080318451,Mikel Oyarzabal,h,2234,OpenPlay,2021,LeftFoot,17151,Real Sociedad,Rayo Vallecano,1,0,2021-08-22 15:00:00,Mikel Merino,Pass
427720,36,SavedShot,0.9130000305175782,0.48400001525878905,0.12859800457954407,Mikel Oyarzabal,h,2234,OpenPlay,2021,Head,17151,Real Sociedad,Rayo Vallecano,1,0,2021-08-22 15:00:00,Alexander Isak,Cross
427722,44,SavedShot,0.7430000305175781,0.5970000076293945,0.06167199835181236,Mikel Oyarzabal,h,2234,DirectFreekick,2021,LeftFoot,17151,Real Sociedad,Rayo Vallecano,1,0,2021-08-22 15:00:00,,Standard
427730,67,Goal,0.885,0.5,0.7432780265808105,Mikel Oyarzabal,h,2234,Penalty,2021,LeftFoot,17151,Real Sociedad,Rayo Vallecano,1,0,2021-08-22 15:00:00,,Standard
427731,71,MissedShots,0.9009999847412109,0.3820000076293945,0.10861500352621078,Mikel Oyarzabal,h,2234,OpenPlay,2021,LeftFoot,17151,Real Sociedad,Rayo Vallecano,1,0,2021-08-22 15:00:00,Alexander Isak,Pass
428908,29,MissedShots,0.87,0.47900001525878905,0.37379100918769836,Mikel Oyarzabal,h,2234,OpenPlay,2021,LeftFoot,17159,Real Sociedad,Levante,1,0,2021-08-28 17:30:00,Alexander Isak,Pass
430671,12,MissedShots,0.9530000305175781,0.6840000152587891,0.10133399814367294,Mikel Oyarzabal,a,2234,OpenPlay,2021,LeftFoot,17168,Cadiz,Real Sociedad,0,2,2021-09-12 16:30:00,Robin Le Normand,Throughball
430675,26,MissedShots,0.905,0.41,0.11704300343990326,Mikel Oyarzabal,a,2234,OpenPlay,2021,LeftFoot,17168,Cadiz,Real Sociedad,0,2,2021-09-12 16:30:00,Portu,Pass
430676,42,BlockedShot,0.754000015258789,0.40099998474121096,0.06889340281486511,Mikel Oyarzabal,a,2234,DirectFreekick,2021,LeftFoot,17168,Cadiz,Real Sociedad,0,2,2021-09-12 16:30:00,,Standard
430681,63,BlockedShot,0.8930000305175781,0.5309999847412109,0.1806419938802719,Mikel Oyarzabal,a,2234,OpenPlay,2021,LeftFoot,17168,Cadiz,Real Sociedad,0,2,2021-09-12 16:30:00,Mikel Merino,TakeOn
430683,70,Goal,0.8719999694824219,0.5320000076293945,0.2580980062484741,Mikel Oyarzabal,a,2234,OpenPlay,2021,Head,17168,Cadiz,Real Sociedad,0,2,2021-09-12 16:30:00,Aritz Elustondo,Chipped
430685,83,Goal,0.885,0.5,0.7432780265808105,Mikel Oyarzabal,a,2234,Penalty,2021,LeftFoot,17168,Cadiz,Real Sociedad,0,2,2021-09-12 16:30:00,,Standard
431918,26,SavedShot,0.885,0.5,0.7432780265808105,Mikel Oyarzabal,h,2234,Penalty,2021,LeftFoot,17182,Real Sociedad,Sevilla,0,0,2021-09-19 14:15:00,,Standard
431924,49,BlockedShot,0.7859999847412109,0.655,0.02654300071299076,Mikel Oyarzabal,h,2234,OpenPlay,2021,LeftFoot,17182,Real Sociedad,Sevilla,0,0,2021-09-19 14:15:00,Aihen Muñoz,Pass
432996,50,SavedShot,0.9,0.6569999694824219,0.07032480090856552,Mikel Oyarzabal,a,2234,OpenPlay,2021,LeftFoot,17192,Granada,Real Sociedad,2,3,2021-09-23 17:30:00,Mikel Merino,Pass
434341,35,MissedShots,0.6719999694824219,0.6120000076293945,0.016717800870537758,Mikel Oyarzabal,h,2234,OpenPlay,2021,LeftFoot,17201,Real Sociedad,Elche,1,0,2021-09-26 16:30:00,Beñat Turrientes,Pass
434348,52,BlockedShot,0.889000015258789,0.545,0.39285901188850403,Mikel Oyarzabal,h,2234,OpenPlay,2021,LeftFoot,17201,Real Sociedad,Elche,1,0,2021-09-26 16:30:00,,Rebound
434346,52,SavedShot,0.8690000152587891,0.49900001525878906,0.3540570139884949,Mikel Oyarzabal,h,2234,OpenPlay,2021,LeftFoot,17201,Real Sociedad,Elche,1,0,2021-09-26 16:30:00,,TakeOn
434347,52,BlockedShot,0.8980000305175782,0.5659999847412109,0.11371000111103058,Mikel Oyarzabal,h,2234,OpenPlay,2021,LeftFoot,17201,Real Sociedad,Elche,1,0,2021-09-26 16:30:00,,Rebound
434352,80,Goal,0.9359999847412109,0.43900001525878907,0.7746779918670654,Mikel Oyarzabal,h,2234,OpenPlay,2021,RightFoot,17201,Real Sociedad,Elche,1,0,2021-09-26 16:30:00,Igor Zubeldia,TakeOn
435769,67,Goal,0.9180000305175782,0.5179999923706055,0.3006669878959656,Mikel Oyarzabal,a,2234,OpenPlay,2021,Head,17214,Getafe,Real Sociedad,1,1,2021-10-03 16:30:00,Andoni Gorosabel,Cross
444750,16,BlockedShot,0.7290000152587891,0.4570000076293945,0.01891309954226017,Mikel Oyarzabal,a,2234,FromCorner,2021,LeftFoot,17281,Espanyol,Real Sociedad,1,0,2021-11-28 15:15:00,Igor Zubeldia,BallTouch
444766,90,BlockedShot,0.960999984741211,0.4640000152587891,0.10437300056219101,Mikel Oyarzabal,a,2234,OpenPlay,2021,RightFoot,17281,Espanyol,Real Sociedad,1,0,2021-11-28 15:15:00,Andoni Gorosabel,CornerAwarded
446484,43,MissedShots,0.9490000152587891,0.6840000152587891,0.021644899621605873,Mikel Oyarzabal,h,2234,SetPiece,2021,LeftFoot,17295,Real Sociedad,Real Madrid,0,2,2021-12-04 20:00:00,,Aerial
446490,57,MissedShots,0.795,0.6409999847412109,0.02341029979288578,Mikel Oyarzabal,h,2234,OpenPlay,2021,LeftFoot,17295,Real Sociedad,Real Madrid,0,2,2021-12-04 20:00:00,Ander Guevara,None
452194,12,Goal,0.9,0.555,0.5029550194740295,Mikel Oyarzabal,h,2234,OpenPlay,2021,LeftFoot,17332,Real Sociedad,Celta Vigo,1,0,2022-01-08 15:15:00,,Rebound
452193,12,SavedShot,0.874000015258789,0.5459999847412109,0.5367329716682434,Mikel Oyarzabal,h,2234,OpenPlay,2021,LeftFoot,17332,Real Sociedad,Celta Vigo,1,0,2022-01-08 15:15:00,Mikel Merino,Throughball
455382,32,SavedShot,0.7369999694824219,0.4879999923706055,0.03815999999642372,Mikel Oyarzabal,h,2234,OpenPlay,2021,LeftFoot,17352,Real Sociedad,Getafe,0,0,2022-01-23 17:30:00,,CornerAwarded
456082,48,BlockedShot,0.7380000305175781,0.624000015258789,0.01409399975091219,Mikel Oyarzabal,a,2234,SetPiece,2021,LeftFoot,17364,Valencia,Real Sociedad,0,0,2022-02-06 13:00:00,,BallTouch
456095,90,MissedShots,0.705,0.475,0.045298799872398376,Mikel Oyarzabal,a,2234,DirectFreekick,2021,LeftFoot,17364,Valencia,Real Sociedad,0,0,2022-02-06 13:00:00,,Standard
457745,36,Goal,0.885,0.5,0.7432780265808105,Mikel Oyarzabal,h,2234,Penalty,2021,LeftFoot,17372,Real Sociedad,Granada,2,0,2022-02-13 17:30:00,,Standard
457749,49,BlockedShot,0.95,0.46,0.13576200604438782,Mikel Oyarzabal,h,2234,OpenPlay,2021,RightFoot,17372,Real Sociedad,Granada,2,0,2022-02-13 17:30:00,Adnan Januzaj,Cross
459083,38,BlockedShot,0.7969999694824219,0.28899999618530275,0.0704881027340889,Mikel Oyarzabal,a,2234,DirectFreekick,2021,LeftFoot,17376,Athletic Club,Real Sociedad,4,0,2022-02-20 20:00:00,,Standard
459085,46,MissedShots,0.919000015258789,0.5629999923706055,0.11977700144052505,Mikel Oyarzabal,a,2234,OpenPlay,2021,Head,17376,Athletic Club,Real Sociedad,4,0,2022-02-20 20:00:00,Andoni Gorosabel,Cross
459094,78,SavedShot,0.95,0.33,0.05168230086565018,Mikel Oyarzabal,a,2234,OpenPlay,2021,LeftFoot,17376,Athletic Club,Real Sociedad,4,0,2022-02-20 20:00:00,,None
460514,71,BlockedShot,0.8640000152587891,0.6730000305175782,0.07207400351762772,Mikel Oyarzabal,h,2234,OpenPlay,2021,LeftFoot,17392,Real Sociedad,Osasuna,1,0,2022-02-27 17:30:00,Alexander Sørloth,HeadPass
460713,8,BlockedShot,0.93,0.32299999237060545,0.05648000165820122,Mikel Oyarzabal,a,2234,OpenPlay,2021,RightFoot,17341,Mallorca,Real Sociedad,0,2,2022-03-02 20:00:00,Portu,Pass
460719,39,MissedShots,0.8669999694824219,0.6780000305175782,0.08307930082082748,Mikel Oyarzabal,a,2234,OpenPlay,2021,LeftFoot,17341,Mallorca,Real Sociedad,0,2,2022-03-02 20:00:00,Alexander Sørloth,Pass
461347,9,Goal,0.885,0.5,0.7432780265808105,Mikel Oyarzabal,a,2234,Penalty,2021,LeftFoot,17403,Real Madrid,Real Sociedad,4,1,2022-03-05 20:00:00,,Standard
502861,82,SavedShot,0.889000015258789,0.4779999923706055,0.3745959997177124,Mikel Oyarzabal,a,2234,OpenPlay,2022,RightFoot,19116,Almeria,Real Sociedad,0,2,2023-01-08 13:00:00,Ander Guevara,Chipped
503831,61,Goal,0.885,0.5,0.7432780265808105,Mikel Oyarzabal,h,2234,Penalty,2022,LeftFoot,19127,Real Sociedad,Athletic Club,3,1,2023-01-14 20:00:00,,Standard
503835,90,MissedShots,0.9359999847412109,0.4929999923706055,0.4154469966888428,Mikel Oyarzabal,h,2234,FromCorner,2022,Head,19127,Real Sociedad,Athletic Club,3,1,2023-01-14 20:00:00,Roberto Navarro,Cross
509254,9,SavedShot,0.730999984741211,0.34799999237060547,0.02413179911673069,Mikel Oyarzabal,a,2234,FromCorner,2022,LeftFoot,19164,Espanyol,Real Sociedad,2,3,2023-02-13 20:00:00,Asier Illarramendi,Pass
509552,4,Goal,0.9330000305175781,0.7440000152587891,0.05746399983763695,Mikel Oyarzabal,h,2234,OpenPlay,2022,LeftFoot,19180,Real Sociedad,Celta Vigo,1,1,2023-02-18 10:00:00,Takefusa Kubo,Pass
509564,65,SavedShot,0.9059999847412109,0.46599998474121096,0.5027989745140076,Mikel Oyarzabal,h,2234,OpenPlay,2022,LeftFoot,19180,Real Sociedad,Celta Vigo,1,1,2023-02-18 10:00:00,Takefusa Kubo,Throughball
509569,70,MissedShots,0.750999984741211,0.5970000076293945,0.01718219928443432,Mikel Oyarzabal,h,2234,FromCorner,2022,LeftFoot,19180,Real Sociedad,Celta Vigo,1,1,2023-02-18 10:00:00,,None
511089,16,SavedShot,0.86,0.8430000305175781,0.021093400195240974,Mikel Oyarzabal,a,2234,OpenPlay,2022,LeftFoot,19183,Valencia,Real Sociedad,1,0,2023-02-25 20:00:00,Diego Rico,Pass
511107,94,MissedShots,0.9009999847412109,0.6530000305175782,0.015450599603354931,Mikel Oyarzabal,a,2234,OpenPlay,2022,Head,19183,Valencia,Real Sociedad,1,0,2023-02-25 20:00:00,,Aerial
513866,1,SavedShot,0.8719999694824219,0.6040000152587891,0.27202901244163513,Mikel Oyarzabal,a,2234,OpenPlay,2022,LeftFoot,19205,Mallorca,Real Sociedad,1,1,2023-03-12 13:00:00,David Silva,LayOff
513876,53,BlockedShot,0.87,0.47,0.10605599731206894,Mikel Oyarzabal,a,2234,OpenPlay,2022,LeftFoot,19205,Mallorca,Real Sociedad,1,1,2023-03-12 13:00:00,David Silva,Pass
513878,63,BlockedShot,0.935,0.45799999237060546,0.07981149852275848,Mikel Oyarzabal,a,2234,OpenPlay,2022,OtherBodyPart,19205,Mallorca,Real Sociedad,1,1,2023-03-12 13:00:00,Diego Rico,Aerial
518285,43,SavedShot,0.885,0.5,0.7432780265808105,Mikel Oyarzabal,h,2234,Penalty,2022,LeftFoot,19241,Real Sociedad,Getafe,2,0,2023-04-08 16:30:00,,Standard
518288,46,Goal,0.9590000152587891,0.5420000076293945,0.5164530277252197,Mikel Oyarzabal,h,2234,OpenPlay,2022,Head,19241,Real Sociedad,Getafe,2,0,2023-04-08 16:30:00,,Rebound
521092,31,BlockedShot,0.8090000152587891,0.29700000762939455,0.02683289349079132,Mikel Oyarzabal,h,2234,OpenPlay,2022,LeftFoot,19260,Real Sociedad,Rayo Vallecano,2,1,2023-04-22 16:30:00,David Silva,Pass
522530,66,SavedShot,0.8719999694824219,0.4879999923706055,0.38102802634239197,Mikel Oyarzabal,a,2234,OpenPlay,2022,LeftFoot,19276,Osasuna,Real Sociedad,0,2,2023-04-28 19:00:00,Alexander Sørloth,Pass
523866,37,BlockedShot,0.7869999694824219,0.6179999923706054,0.02939148060977459,Mikel Oyarzabal,h,2234,OpenPlay,2022,RightFoot,19285,Real Sociedad,Real Madrid,2,0,2023-05-02 20:00:00,Martín Zubimendi,Pass
525754,4,Goal,0.885,0.5,0.7432776093482971,Mikel Oyarzabal,h,2234,Penalty,2022,LeftFoot,19292,Real Sociedad,Girona,2,2,2023-05-13 12:00:00,,Standard
530054,41,MissedShots,0.855,0.6869999694824219,0.033390868455171585,Mikel Oyarzabal,a,2234,SetPiece,2022,RightFoot,19323,Atletico Madrid,Real Sociedad,2,1,2023-05-28 17:00:00,,None
532182,67,SavedShot,0.8719999694824219,0.4209999847412109,0.35796937346458435,Mikel Oyarzabal,h,2234,OpenPlay,2023,RightFoot,22687,Real Sociedad,Girona,1,1,2023-08-12 15:00:00,Brais Méndez,Pass
534314,54,BlockedShot,0.865999984741211,0.565,0.061222925782203674,Mikel Oyarzabal,a,2234,OpenPlay,2023,RightFoot,22705,Las Palmas,Real Sociedad,0,0,2023-08-25 17:30:00,Takefusa Kubo,Cross
534318,72,BlockedShot,0.8919999694824219,0.38,0.1139170229434967,Mikel Oyarzabal,a,2234,OpenPlay,2023,RightFoot,22705,Las Palmas,Real Sociedad,0,0,2023-08-25 17:30:00,Hamari Traore,Throughball
538590,79,MissedShots,0.8180000305175781,0.565,0.33278894424438477,Mikel Oyarzabal,a,2234,OpenPlay,2023,LeftFoot,22729,Real Madrid,Real Sociedad,2,1,2023-09-17 19:00:00,,None
539538,60,Goal,0.885,0.5,0.7432776093482971,Mikel Oyarzabal,h,2234,Penalty,2023,LeftFoot,22743,Real Sociedad,Getafe,4,3,2023-09-24 12:00:00,,Standard
539545,87,Goal,0.9330000305175781,0.405,0.456874817609787,Mikel Oyarzabal,h,2234,OpenPlay,2023,LeftFoot,22743,Real Sociedad,Getafe,4,3,2023-09-24 12:00:00,Mikel Merino,Pass
541567,65,Goal,0.970999984741211,0.4109999847412109,0.6397347450256348,Mikel Oyarzabal,h,2234,OpenPlay,2023,RightFoot,22762,Real Sociedad,Athletic Club,3,0,2023-09-30 19:00:00,Martín Zubimendi,TakeOn
543265,47,MissedShots,0.9259999847412109,0.5459999847412109,0.2733010947704315,Mikel Oyarzabal,a,2234,OpenPlay,2023,Head,22765,Atletico Madrid,Real Sociedad,2,1,2023-10-08 14:15:00,Takefusa Kubo,Chipped
543271,63,ShotOnPost,0.7859999847412109,0.65,0.02406981959939003,Mikel Oyarzabal,a,2234,OpenPlay,2023,RightFoot,22765,Atletico Madrid,Real Sociedad,2,1,2023-10-08 14:15:00,,Tackle
543274,72,Goal,0.8109999847412109,0.49,0.3652680516242981,Mikel Oyarzabal,a,2234,OpenPlay,2023,LeftFoot,22765,Atletico Madrid,Real Sociedad,2,1,2023-10-08 14:15:00,Carlos Fernández,Chipped
543277,82,SavedShot,0.7680000305175781,0.265,0.020869974046945572,Mikel Oyarzabal,a,2234,OpenPlay,2023,LeftFoot,22765,Atletico Madrid,Real Sociedad,2,1,2023-10-08 14:15:00,Brais Méndez,Pass
543768,66,SavedShot,0.9390000152587891,0.4779999923706055,0.5470421314239502,Mikel Oyarzabal,h,2234,OpenPlay,2023,LeftFoot,22781,Real Sociedad,Mallorca,1,0,2023-10-21 12:00:00,Takefusa Kubo,Cross
543774,76,SavedShot,0.8619999694824219,0.500999984741211,0.3328346908092499,Mikel Oyarzabal,h,2234,OpenPlay,2023,LeftFoot,22781,Real Sociedad,Mallorca,1,0,2023-10-21 12:00:00,Ander Barrenetxea,HeadPass
546164,19,BlockedShot,0.9,0.5870000076293945,0.09399536997079849,Mikel Oyarzabal,a,2234,OpenPlay,2023,RightFoot,22790,Rayo Vallecano,Real Sociedad,2,2,2023-10-29 15:15:00,Aihen Muñoz,End
546173,40,Goal,0.9290000152587891,0.47,0.40576842427253723,Mikel Oyarzabal,a,2234,OpenPlay,2023,RightFoot,22790,Rayo Vallecano,Real Sociedad,2,2,2023-10-29 15:15:00,Ander Barrenetxea,Cross
546181,65,Goal,0.885,0.5,0.7432776093482971,Mikel Oyarzabal,a,2234,Penalty,2023,LeftFoot,22790,Rayo Vallecano,Real Sociedad,2,2,2023-10-29 15:15:00,,Standard
547138,1,SavedShot,0.9019999694824219,0.6909999847412109,0.28970131278038025,Mikel Oyarzabal,h,2234,OpenPlay,2023,LeftFoot,22800,Real Sociedad,Barcelona,0,1,2023-11-04 20:00:00,,None
548410,2,MissedShots,0.905,0.46900001525878904,0.10407763719558716,Mikel Oyarzabal,a,2234,OpenPlay,2023,LeftFoot,22805,Almeria,Real Sociedad,1,3,2023-11-11 15:15:00,,BallTouch
548416,28,SavedShot,0.794000015258789,0.2720000076293945,0.06373508274555206,Mikel Oyarzabal,a,2234,DirectFreekick,2023,LeftFoot,22805,Almeria,Real Sociedad,1,3,2023-11-11 15:15:00,,Standard
548425,61,Goal,0.975,0.545,0.6782361268997192,Mikel Oyarzabal,a,2234,FromCorner,2023,LeftFoot,22805,Almeria,Real Sociedad,1,3,2023-11-11 15:15:00,,Rebound
554899,6,MissedShots,0.9459999847412109,0.5670000076293945,0.06841643154621124,Mikel Oyarzabal,h,2234,OpenPlay,2023,Head,22851,Real Sociedad,Real Betis,0,0,2023-12-17 15:15:00,,Aerial
554898,6,BlockedShot,0.86,0.6309999847412109,0.070168636739254,Mikel Oyarzabal,h,2234,OpenPlay,2023,LeftFoot,22851,Real Sociedad,Real Betis,0,0,2023-12-17 15:15:00,Kieran Tierney,Pass
554909,47,BlockedShot,0.759000015258789,0.34200000762939453,0.061778049916028976,Mikel Oyarzabal,h,2234,DirectFreekick,2023,LeftFoot,22851,Real Sociedad,Real Betis,0,0,2023-12-17 15:15:00,,Standard
555836,29,BlockedShot,0.9619999694824218,0.385,0.01842259243130684,Mikel Oyarzabal,a,2234,SetPiece,2023,Head,22858,Cadiz,Real Sociedad,0,0,2023-12-21 18:00:00,,Aerial
557278,53,BlockedShot,0.950999984741211,0.5529999923706055,0.14088164269924164,Mikel Oyarzabal,h,2234,FromCorner,2023,RightFoot,22874,Real Sociedad,Alaves,1,1,2024-01-02 18:15:00,,Rebound
558183,1,BlockedShot,0.720999984741211,0.5220000076293946,0.053437840193510056,Mikel Oyarzabal,a,2234,DirectFreekick,2023,LeftFoot,22876,Athletic Club,Real Sociedad,2,1,2024-01-13 17:30:00,,Standard
558201,87,Goal,0.950999984741211,0.504000015258789,0.6227705478668213,Mikel Oyarzabal,a,2234,OpenPlay,2023,OtherBodyPart,22876,Athletic Club,Real Sociedad,2,1,2024-01-13 17:30:00,Aihen Muñoz,Rebound
561474,61,BlockedShot,0.7880000305175782,0.5640000152587891,0.04374999552965164,Mikel Oyarzabal,a,2234,OpenPlay,2023,LeftFoot,22907,Girona,Real Sociedad,0,0,2024-02-03 20:00:00,Igor Zubeldia,TakeOn
569164,27,SavedShot,0.9390000152587891,0.33299999237060546,0.2695046663284302,Mikel Oyarzabal,h,2234,OpenPlay,2023,LeftFoot,22970,Real Sociedad,Cadiz,2,0,2024-03-15 20:00:00,Brais Méndez,Chipped
569169,40,BlockedShot,0.8869999694824219,0.5720000076293945,0.42215123772621155,Mikel Oyarzabal,h,2234,OpenPlay,2023,LeftFoot,22970,Real Sociedad,Cadiz,2,0,2024-03-15 20:00:00,,BallRecovery
571490,1,BlockedShot,0.8530000305175781,0.5890000152587891,0.06418025493621826,Mikel Oyarzabal,a,2234,OpenPlay,2023,LeftFoot,22980,Alaves,Real Sociedad,0,1,2024-03-31 17:30:00,,None
571493,15,BlockedShot,0.8190000152587891,0.55,0.054945893585681915,Mikel Oyarzabal,a,2234,OpenPlay,2023,RightFoot,22980,Alaves,Real Sociedad,0,1,2024-03-31 17:30:00,Martín Zubimendi,Pass
574508,40,MissedShots,0.9159999847412109,0.35400001525878905,0.09899819642305374,Mikel Oyarzabal,h,2234,OpenPlay,2023,LeftFoot,22991,Real Sociedad,Almeria,2,2,2024-04-14 19:00:00,Sheraldo Becker,TakeOn
574517,58,Goal,0.980999984741211,0.5690000152587891,0.585096538066864,Mikel Oyarzabal,h,2234,OpenPlay,2023,LeftFoot,22991,Real Sociedad,Almeria,2,2,2024-04-14 19:00:00,Sheraldo Becker,Pass
576544,30,SavedShot,0.7630000305175781,0.445,0.043573807924985886,Mikel Oyarzabal,h,2234,OpenPlay,2023,LeftFoot,23014,Real Sociedad,Real Madrid,0,1,2024-04-26 19:00:00,Igor Zubeldia,Pass
576551,79,BlockedShot,0.8369999694824218,0.47299999237060547,0.13023212552070618,Mikel Oyarzabal,h,2234,OpenPlay,2023,RightFoot,23014,Real Sociedad,Real Madrid,0,1,2024-04-26 19:00:00,Takefusa Kubo,Throughball
578202,47,SavedShot,0.8540000152587891,0.5120000076293946,0.4479430019855499,Mikel Oyarzabal,h,2234,OpenPlay,2023,LeftFoot,23023,Real Sociedad,Las Palmas,2,0,2024-05-04 12:00:00,,None
580876,20,MissedShots,0.7519999694824219,0.625999984741211,0.022570239380002022,Mikel Oyarzabal,a,2234,OpenPlay,2023,LeftFoot,23027,Barcelona,Real Sociedad,2,0,2024-05-13 19:00:00,Brais Méndez,Pass
582574,8,BlockedShot,0.855999984741211,0.5720000076293945,0.13130725920200348,Mikel Oyarzabal,a,2234,OpenPlay,2023,LeftFoot,23048,Real Betis,Real Sociedad,0,2,2024-05-19 17:00:00,Mikel Merino,Throughball
582594,72,MissedShots,0.985999984741211,0.4379999923706055,0.14461208879947662,Mikel Oyarzabal,a,2234,FromCorner,2023,RightFoot,23048,Real Betis,Real Sociedad,0,2,2024-05-19 17:00:00,Aritz Elustondo,Rebound
585385,25,BlockedShot,0.965,0.57,0.14523208141326904,Mikel Oyarzabal,h,2234,OpenPlay,2024,Head,26988,Real Sociedad,Rayo Vallecano,1,2,2024-08-18 17:00:00,Sheraldo Becker,Cross
585391,52,BlockedShot,0.8159999847412109,0.5829999923706055,0.03714314475655556,Mikel Oyarzabal,h,2234,OpenPlay,2024,LeftFoot,26988,Real Sociedad,Rayo Vallecano,1,2,2024-08-18 17:00:00,Aritz Elustondo,Pass
587310,4,BlockedShot,0.8269999694824218,0.5990000152587891,0.07892444729804993,Mikel Oyarzabal,h,2234,OpenPlay,2024,LeftFoot,27008,Real Sociedad,Alaves,1,2,2024-08-28 19:30:00,Martín Zubimendi,BallRecovery
592137,61,MissedShots,0.875,0.495,0.05611356347799301,Mikel Oyarzabal,a,2234,OpenPlay,2024,Head,27039,Real Valladolid,Real Sociedad,0,0,2024-09-21 12:00:00,Sheraldo Becker,Cross
592142,73,MissedShots,0.9419999694824219,0.455,0.4537803530693054,Mikel Oyarzabal,a,2234,OpenPlay,2024,Head,27039,Real Valladolid,Real Sociedad,0,0,2024-09-21 12:00:00,,Rebound
596531,25,SavedShot,0.92,0.6790000152587891,0.0518672801554203,Mikel Oyarzabal,h,2234,OpenPlay,2024,LeftFoot,27067,Real Sociedad,Atletico Madrid,1,1,2024-10-06 19:00:00,Igor Zubeldia,Chipped
596532,32,MissedShots,0.8859999847412109,0.4259999847412109,0.0445101298391819,Mikel Oyarzabal,h,2234,OpenPlay,2024,Head,27067,Real Sociedad,Atletico Madrid,1,1,2024-10-06 19:00:00,Jon Aramburu,Cross
596542,91,MissedShots,0.9,0.5029999923706054,0.10517459362745285,Mikel Oyarzabal,h,2234,OpenPlay,2024,Head,27067,Real Sociedad,Atletico Madrid,1,1,2024-10-06 19:00:00,Sergio Gómez,Cross
597266,27,MissedShots,0.850999984741211,0.4159999847412109,0.0458238460123539,Mikel Oyarzabal,a,2234,OpenPlay,2024,LeftFoot,27076,Girona,Real Sociedad,0,1,2024-10-19 16:30:00,Ander Barrenetxea,Cross
597268,28,SavedShot,0.909000015258789,0.40400001525878904,0.042184438556432724,Mikel Oyarzabal,a,2234,FromCorner,2024,Head,27076,Girona,Real Sociedad,0,1,2024-10-19 16:30:00,Sergio Gómez,Cross
597271,40,SavedShot,0.7669999694824219,0.475,0.051780276000499725,Mikel Oyarzabal,a,2234,OpenPlay,2024,LeftFoot,27076,Girona,Real Sociedad,0,1,2024-10-19 16:30:00,Luka Sucic,Pass
597272,43,Goal,0.9230000305175782,0.47,0.3934498727321625,Mikel Oyarzabal,a,2234,OpenPlay,2024,Head,27076,Girona,Real Sociedad,0,1,2024-10-19 16:30:00,Ander Barrenetxea,Cross
600858,44,BlockedShot,0.905,0.46599998474121096,0.11350786685943604,Mikel Oyarzabal,a,2234,OpenPlay,2024,RightFoot,27100,Sevilla,Real Sociedad,0,2,2024-11-03 17:30:00,Takefusa Kubo,Cross
600866,67,Goal,0.885,0.5,0.7432776093482971,Mikel Oyarzabal,a,2234,Penalty,2024,LeftFoot,27100,Sevilla,Real Sociedad,0,2,2024-11-03 17:30:00,,Standard
602351,19,BlockedShot,0.9209999847412109,0.4759999847412109,0.10255953669548035,Mikel Oyarzabal,h,2234,OpenPlay,2024,LeftFoot,27108,Real Sociedad,Barcelona,1,0,2024-11-10 20:00:00,Takefusa Kubo,Cross
602360,45,MissedShots,0.889000015258789,0.44599998474121094,0.4975697100162506,Mikel Oyarzabal,h,2234,OpenPlay,2024,RightFoot,27108,Real Sociedad,Barcelona,1,0,2024-11-10 20:00:00,Sheraldo Becker,Pass
602364,50,SavedShot,0.8390000152587891,0.5109999847412109,0.08622191101312637,Mikel Oyarzabal,h,2234,OpenPlay,2024,LeftFoot,27108,Real Sociedad,Barcelona,1,0,2024-11-10 20:00:00,,Rebound
603709,77,MissedShots,0.8969999694824219,0.5670000076293945,0.05453548952937126,Mikel Oyarzabal,a,2234,FromCorner,2024,LeftFoot,27112,Athletic Club,Real Sociedad,1,0,2024-11-24 20:00:00,Sergio Gómez,Cross
605039,30,Goal,0.885,0.5,0.7432776093482971,Mikel Oyarzabal,h,2234,Penalty,2024,LeftFoot,27130,Real Sociedad,Real Betis,2,0,2024-12-01 20:00:00,,Standard
606210,11,BlockedShot,0.9259999847412109,0.3270000076293945,0.060655273497104645,Mikel Oyarzabal,a,2234,OpenPlay,2024,RightFoot,27133,Leganes,Real Sociedad,0,3,2024-12-08 13:00:00,Brais Méndez,Pass
606215,25,BlockedShot,0.9419999694824219,0.37900001525878907,0.08915886282920837,Mikel Oyarzabal,a,2234,OpenPlay,2024,RightFoot,27133,Leganes,Real Sociedad,0,3,2024-12-08 13:00:00,Takefusa Kubo,Cross
606233,91,Goal,0.8590000152587891,0.5020000076293946,0.1284095048904419,Mikel Oyarzabal,a,2234,OpenPlay,2024,LeftFoot,27133,Leganes,Real Sociedad,0,3,2024-12-08 13:00:00,Ander Barrenetxea,Pass
607722,24,ShotOnPost,0.8880000305175781,0.5209999847412109,0.4336431920528412,Mikel Oyarzabal,h,2234,OpenPlay,2024,LeftFoot,27151,Real Sociedad,Las Palmas,0,0,2024-12-15 17:30:00,,None
608429,62,MissedShots,0.9169999694824219,0.4379999923706055,0.07583930343389511,Mikel Oyarzabal,a,2234,OpenPlay,2024,LeftFoot,27154,Celta Vigo,Real Sociedad,2,0,2024-12-21 15:15:00,,None
613900,37,SavedShot,0.9330000305175781,0.53,0.4556003510951996,Mikel Oyarzabal,h,2234,OpenPlay,2024,Head,27188,Real Sociedad,Getafe,0,3,2025-01-26 15:15:00,Takefusa Kubo,Cross
615677,28,MissedShots,0.9319999694824219,0.7080000305175781,0.054205287247896194,Mikel Oyarzabal,a,2234,OpenPlay,2024,LeftFoot,27195,Osasuna,Real Sociedad,2,1,2025-02-02 17:30:00,Jon Ander Olasagasti,Pass
615683,46,MissedShots,0.874000015258789,0.504000015258789,0.0667635053396225,Mikel Oyarzabal,a,2234,OpenPlay,2024,LeftFoot,27195,Osasuna,Real Sociedad,2,1,2025-02-02 17:30:00,Javier López,Cross
619350,82,MissedShots,0.885,0.519000015258789,0.4550797939300537,Mikel Oyarzabal,h,2234,OpenPlay,2024,RightFoot,27230,Real Sociedad,Leganes,3,0,2025-02-23 20:00:00,Ander Barrenetxea,TakeOn
623944,22,Goal,0.9130000305175782,0.45299999237060545,0.35217323899269104,Mikel Oyarzabal,h,2234,OpenPlay,2024,LeftFoot,27265,Real Sociedad,Real Valladolid,2,1,2025-03-29 13:00:00,Pablo Marín,Cross
623948,38,BlockedShot,0.84,0.629000015258789,0.06889737397432327,Mikel Oyarzabal,h,2234,OpenPlay,2024,LeftFoot,27265,Real Sociedad,Real Valladolid,2,1,2025-03-29 13:00:00,Martín Zubimendi,Pass
626104,4,Goal,0.9330000305175781,0.5159999847412109,0.5867406129837036,Mikel Oyarzabal,a,2234,OpenPlay,2024,RightFoot,27274,Las Palmas,Real Sociedad,1,3,2025-04-06 12:00:00,,Rebound
626964,23,SavedShot,0.8469999694824218,0.2539999961853027,0.03664025664329529,Mikel Oyarzabal,h,2234,FromCorner,2024,LeftFoot,27290,Real Sociedad,Mallorca,0,2,2025-04-12 12:00:00,Luka Sucic,Pass
629191,18,Goal,0.885,0.5,0.7432776093482971,Mikel Oyarzabal,a,2234,Penalty,2024,LeftFoot,27298,Villarreal,Real Sociedad,2,2,2025-04-20 14:15:00,,Standard
629199,48,Goal,0.980999984741211,0.5029999923706054,0.8868854641914368,Mikel Oyarzabal,a,2234,OpenPlay,2024,LeftFoot,27298,Villarreal,Real Sociedad,2,2,2025-04-20 14:15:00,,None
632292,1,MissedShots,0.845,0.6680000305175782,0.0511954240500927,Mikel Oyarzabal,h,2234,OpenPlay,2024,LeftFoot,27315,Real Sociedad,Athletic Club,0,0,2025-05-04 19:00:00,Martín Zubimendi,Interception
632306,90,MissedShots,0.9069999694824219,0.5279999923706055,0.056198786944150925,Mikel Oyarzabal,h,2234,OpenPlay,2024,Head,27315,Real Sociedad,Athletic Club,0,0,2025-05-04 19:00:00,Jon Aramburu,Aerial
633964,32,MissedShots,0.9159999847412109,0.4540000152587891,0.03741583228111267,Mikel Oyarzabal,h,2234,FromCorner,2024,OtherBodyPart,27337,Real Sociedad,Celta Vigo,0,1,2025-05-13 18:00:00,Sergio Gómez,Aerial
633970,64,ShotOnPost,0.9619999694824218,0.4,0.07728739827871323,Mikel Oyarzabal,h,2234,OpenPlay,2024,Head,27337,Real Sociedad,Celta Vigo,0,1,2025-05-13 18:00:00,Aihen Muñoz,Cross
633974,80,SavedShot,0.8969999694824219,0.49599998474121093,0.3763127326965332,Mikel Oyarzabal,h,2234,OpenPlay,2024,LeftFoot,27337,Real Sociedad,Celta Vigo,0,1,2025-05-13 18:00:00,Luka Sucic,HeadPass
633975,82,MissedShots,0.9230000305175782,0.55,0.24569009244441986,Mikel Oyarzabal,h,2234,FromCorner,2024,RightFoot,27337,Real Sociedad,Celta Vigo,0,1,2025-05-13 18:00:00,Takefusa Kubo,Cross
635267,8,BlockedShot,0.980999984741211,0.539000015258789,0.2230186015367508,Mikel Oyarzabal,h,2234,OpenPlay,2024,Head,27347,Real Sociedad,Girona,3,2,2025-05-18 17:00:00,,None
635270,19,Goal,0.885,0.5,0.7432776093482971,Mikel Oyarzabal,h,2234,Penalty,2024,LeftFoot,27347,Real Sociedad,Girona,3,2,2025-05-18 17:00:00,,Standard
635277,49,SavedShot,0.9309999847412109,0.4590000152587891,0.14512188732624054,Mikel Oyarzabal,h,2234,OpenPlay,2024,Head,27347,Real Sociedad,Girona,3,2,2025-05-18 17:00:00,Ander Barrenetxea,Cross
637949,63,BlockedShot,0.7809999847412109,0.5070000076293946,0.029845306649804115,Mikel Oyarzabal,a,2234,OpenPlay,2025,LeftFoot,29162,Valencia,Real Sociedad,1,1,2025-08-16 19:30:00,Remiro,Pass
637956,85,SavedShot,0.8430000305175781,0.6580000305175782,0.04612917825579643,Mikel Oyarzabal,a,2234,OpenPlay,2025,RightFoot,29162,Valencia,Real Sociedad,1,1,2025-08-16 19:30:00,,None
639631,29,MissedShots,0.9640000152587891,0.37400001525878906,0.08720529824495316,Mikel Oyarzabal,h,2234,OpenPlay,2025,Head,29174,Real Sociedad,Espanyol,2,2,2025-08-24 17:30:00,Ander Barrenetxea,Cross
640487,33,SavedShot,0.855999984741211,0.504000015258789,0.08977527171373367,Mikel Oyarzabal,a,2234,OpenPlay,2025,LeftFoot,29182,Real Oviedo,Real Sociedad,1,0,2025-08-30 17:00:00,Jon Gorrotxategi,Pass
640488,34,MissedShots,0.925,0.535,0.06553731113672256,Mikel Oyarzabal,a,2234,OpenPlay,2025,Head,29182,Real Oviedo,Real Sociedad,1,0,2025-08-30 17:00:00,Ander Barrenetxea,Aerial
640494,54,SavedShot,0.9359999847412109,0.5459999847412109,0.13819700479507446,Mikel Oyarzabal,a,2234,FromCorner,2025,RightFoot,29182,Real Oviedo,Real Sociedad,1,0,2025-08-30 17:00:00,Igor Zubeldia,Rebound
640496,64,BlockedShot,0.785,0.6669999694824219,0.024884218350052834,Mikel Oyarzabal,a,2234,OpenPlay,2025,LeftFoot,29182,Real Oviedo,Real Sociedad,1,0,2025-08-30 17:00:00,Jon Aramburu,Pass
641770,35,MissedShots,0.95,0.40900001525878904,0.07819459587335587,Mikel Oyarzabal,h,2234,FromCorner,2025,Head,29195,Real Sociedad,Real Madrid,1,2,2025-09-13 14:15:00,Ander Barrenetxea,Cross
641778,55,Goal,0.885,0.5,0.7432776093482971,Mikel Oyarzabal,h,2234,Penalty,2025,LeftFoot,29195,Real Sociedad,Real Madrid,1,2,2025-09-13 14:15:00,,Standard
641780,64,SavedShot,0.9640000152587891,0.37799999237060544,0.36243194341659546,Mikel Oyarzabal,h,2234,OpenPlay,2025,RightFoot,29195,Real Sociedad,Real Madrid,1,2,2025-09-13 14:15:00,Ander Barrenetxea,Throughball
641788,83,SavedShot,0.875,0.45799999237060546,0.3859945833683014,Mikel Oyarzabal,h,2234,OpenPlay,2025,LeftFoot,29195,Real Sociedad,Real Madrid,1,2,2025-09-13 14:15:00,Carlos Soler,Throughball
642810,47,MissedShots,0.914000015258789,0.45799999237060546,0.056997667998075485,Mikel Oyarzabal,a,2234,OpenPlay,2025,Head,29200,Real Betis,Real Sociedad,3,1,2025-09-19 19:00:00,Brais Méndez,Aerial
644230,2,BlockedShot,0.9130000305175782,0.5890000152587891,0.0950499176979065,Mikel Oyarzabal,h,2234,OpenPlay,2025,RightFoot,29215,Real Sociedad,Mallorca,1,0,2025-09-24 19:30:00,Ander Barrenetxea,CornerAwarded
644241,46,MissedShots,0.905,0.44799999237060545,0.08813366293907166,Mikel Oyarzabal,h,2234,OpenPlay,2025,Head,29215,Real Sociedad,Mallorca,1,0,2025-09-24 19:30:00,Jon Aramburu,Cross
644242,48,Goal,0.9619999694824218,0.4909999847412109,0.7351172566413879,Mikel Oyarzabal,h,2234,OpenPlay,2025,RightFoot,29215,Real Sociedad,Mallorca,1,0,2025-09-24 19:30:00,Ander Barrenetxea,Pass
645534,8,MissedShots,0.860999984741211,0.44599998474121094,0.036605797708034515,Mikel Oyarzabal,a,2234,SetPiece,2025,Head,29220,Barcelona,Real Sociedad,2,1,2025-09-28 16:30:00,Gonçalo Guedes,Cross
645537,20,BlockedShot,0.71,0.4379999923706055,0.014135443605482578,Mikel Oyarzabal,a,2234,OpenPlay,2025,LeftFoot,29220,Barcelona,Real Sociedad,2,1,2025-09-28 16:30:00,Ander Barrenetxea,BallRecovery
645550,61,SavedShot,0.8619999694824219,0.5729999923706055,0.10485222190618515,Mikel Oyarzabal,a,2234,OpenPlay,2025,LeftFoot,29220,Barcelona,Real Sociedad,2,1,2025-09-28 16:30:00,Aihen Muñoz,Throughball
645551,63,BlockedShot,0.8680000305175781,0.42700000762939455,0.08573459088802338,Mikel Oyarzabal,a,2234,OpenPlay,2025,LeftFoot,29220,Barcelona,Real Sociedad,2,1,2025-09-28 16:30:00,Takefusa Kubo,Pass
646994,21,SavedShot,0.9340000152587891,0.6830000305175781,0.05887160822749138,Mikel Oyarzabal,h,2234,OpenPlay,2025,LeftFoot,29237,Real Sociedad,Rayo Vallecano,0,1,2025-10-05 16:30:00,,None
646995,24,BlockedShot,0.8159999847412109,0.395,0.06191582977771759,Mikel Oyarzabal,h,2234,OpenPlay,2025,LeftFoot,29237,Real Sociedad,Rayo Vallecano,0,1,2025-10-05 16:30:00,Gonçalo Guedes,Pass
646998,48,BlockedShot,0.9169999694824219,0.5659999847412109,0.13421660661697388,Mikel Oyarzabal,h,2234,OpenPlay,2025,LeftFoot,29237,Real Sociedad,Rayo Vallecano,0,1,2025-10-05 16:30:00,Ander Barrenetxea,Pass
647000,52,SavedShot,0.7780000305175782,0.36,0.02571699768304825,Mikel Oyarzabal,h,2234,OpenPlay,2025,LeftFoot,29237,Real Sociedad,Rayo Vallecano,0,1,2025-10-05 16:30:00,Gonçalo Guedes,Pass
647003,63,BlockedShot,0.720999984741211,0.5359999847412109,0.05303950607776642,Mikel Oyarzabal,h,2234,DirectFreekick,2025,LeftFoot,29237,Real Sociedad,Rayo Vallecano,0,1,2025-10-05 16:30:00,,Standard
647004,67,BlockedShot,0.945,0.37599998474121094,0.18044614791870117,Mikel Oyarzabal,h,2234,OpenPlay,2025,RightFoot,29237,Real Sociedad,Rayo Vallecano,0,1,2025-10-05 16:30:00,Ander Barrenetxea,TakeOn
648201,6,MissedShots,0.9269999694824219,0.44400001525878907,0.12917546927928925,Mikel Oyarzabal,a,2234,OpenPlay,2025,Head,29241,Celta Vigo,Real Sociedad,1,1,2025-10-19 14:15:00,Sergio Gómez,Cross
648207,44,BlockedShot,0.9369999694824219,0.46599998474121096,0.40364131331443787,Mikel Oyarzabal,a,2234,FromCorner,2025,Head,29241,Celta Vigo,Real Sociedad,1,1,2025-10-19 14:15:00,Sergio Gómez,Cross
648217,82,SavedShot,0.879000015258789,0.575999984741211,0.08942094445228577,Mikel Oyarzabal,a,2234,FromCorner,2025,LeftFoot,29241,Celta Vigo,Real Sociedad,1,1,2025-10-19 14:15:00,,Rebound
648669,18,Goal,0.885,0.5,0.7432776093482971,Mikel Oyarzabal,h,2234,Penalty,2025,LeftFoot,29250,Real Sociedad,Sevilla,2,1,2025-10-24 19:00:00,,Standard
648671,35,Goal,0.9209999847412109,0.6519999694824219,0.06877612322568893,Mikel Oyarzabal,h,2234,OpenPlay,2025,LeftFoot,29250,Real Sociedad,Sevilla,2,1,2025-10-24 19:00:00,,None
651065,25,MissedShots,0.874000015258789,0.664000015258789,0.055953674018383026,Mikel Oyarzabal,h,2234,OpenPlay,2025,LeftFoot,29264,Real Sociedad,Athletic Club,3,2,2025-11-01 17:30:00,,None
652006,43,MissedShots,0.514000015258789,0.509000015258789,0.007452382706105709,Mikel Oyarzabal,a,2234,OpenPlay,2025,LeftFoot,29270,Elche,Real Sociedad,1,1,2025-11-07 20:00:00,,BallRecovery
652007,43,SavedShot,0.865,0.3840000152587891,0.06917756050825119,Mikel Oyarzabal,a,2234,OpenPlay,2025,RightFoot,29270,Elche,Real Sociedad,1,1,2025-11-07 20:00:00,Carlos Soler,HeadPass
652013,65,BlockedShot,0.845999984741211,0.25299999237060544,0.026177220046520233,Mikel Oyarzabal,a,2234,OpenPlay,2025,LeftFoot,29270,Elche,Real Sociedad,1,1,2025-11-07 20:00:00,Remiro,Chipped
652015,88,Goal,0.885,0.5,0.7432776093482971,Mikel Oyarzabal,a,2234,Penalty,2025,LeftFoot,29270,Elche,Real Sociedad,1,1,2025-11-07 20:00:00,,Standard
652016,93,MissedShots,0.715999984741211,0.3729999923706055,0.013834775425493717,Mikel Oyarzabal,a,2234,OpenPlay,2025,LeftFoot,29270,Elche,Real Sociedad,1,1,2025-11-07 20:00:00,Jon Gorrotxategi,HeadPass
653872,45,MissedShots,0.9059999847412109,0.5070000076293946,0.3839007318019867,Mikel Oyarzabal,a,2234,OpenPlay,2025,LeftFoot,29282,Osasuna,Real Sociedad,1,3,2025-11-22 17:30:00,Arsen Zakharyan,Cross
653879,67,SavedShot,0.8480000305175781,0.72,0.23904547095298767,Mikel Oyarzabal,a,2234,OpenPlay,2025,LeftFoot,29282,Osasuna,Real Sociedad,1,3,2025-11-22 17:30:00,Jon Gorrotxategi,Pass
653888,91,MissedShots,0.7580000305175781,0.7419999694824219,0.04545222595334053,Mikel Oyarzabal,a,2234,DirectFreekick,2025,LeftFoot,29282,Osasuna,Real Sociedad,1,3,2025-11-22 17:30:00,,Standard
659364,17,BlockedShot,0.9119999694824219,0.30100000381469727,0.030406389385461807,Mikel Oyarzabal,a,2234,FromCorner,2025,LeftFoot,29321,Levante,Real Sociedad,1,1,2025-12-20 15:15:00,Gonçalo Guedes,Chipped
659365,22,MissedShots,0.9159999847412109,0.32099998474121094,0.0793006494641304,Mikel Oyarzabal,a,2234,OpenPlay,2025,RightFoot,29321,Levante,Real Sociedad,1,1,2025-12-20 15:15:00,Takefusa Kubo,Pass
659378,64,MissedShots,0.9569999694824218,0.6129999923706054,0.04693135991692543,Mikel Oyarzabal,a,2234,FromCorner,2025,Head,29321,Levante,Real Sociedad,1,1,2025-12-20 15:15:00,Pablo Marín,Cross
659380,74,SavedShot,0.9440000152587891,0.6719999694824219,0.08455538004636765,Mikel Oyarzabal,a,2234,OpenPlay,2025,LeftFoot,29321,Levante,Real Sociedad,1,1,2025-12-20 15:15:00,Arsen Zakharyan,Pass
659384,86,SavedShot,0.885,0.5070000076293946,0.31728512048721313,Mikel Oyarzabal,a,2234,OpenPlay,2025,LeftFoot,29321,Levante,Real Sociedad,1,1,2025-12-20 15:15:00,Takefusa Kubo,Chipped
661714,4,MissedShots,0.7630000305175781,0.495,0.026058882474899292,Mikel Oyarzabal,h,2234,OpenPlay,2025,LeftFoot,29332,Real Sociedad,Atletico Madrid,1,1,2026-01-04 20:00:00,Beñat Turrientes,BallRecovery
661721,38,BlockedShot,0.8919999694824219,0.3579999923706055,0.07951216399669647,Mikel Oyarzabal,h,2234,OpenPlay,2025,LeftFoot,29332,Real Sociedad,Atletico Madrid,1,1,2026-01-04 20:00:00,Takefusa Kubo,Pass
661722,39,BlockedShot,0.955999984741211,0.5509999847412109,0.09317770600318909,Mikel Oyarzabal,h,2234,FromCorner,2025,Head,29332,Real Sociedad,Atletico Madrid,1,1,2026-01-04 20:00:00,,Aerial
662317,58,MissedShots,0.8130000305175781,0.34299999237060547,0.3227117657661438,Mikel Oyarzabal,a,2234,OpenPlay,2025,LeftFoot,29339,Getafe,Real Sociedad,1,2,2026-01-09 20:00:00,,BallRecovery
662321,77,SavedShot,0.86,0.669000015258789,0.06631531566381454,Mikel Oyarzabal,a,2234,OpenPlay,2025,LeftFoot,29339,Getafe,Real Sociedad,1,2,2026-01-09 20:00:00,,None
662322,79,SavedShot,0.905,0.48900001525878906,0.06978720426559448,Mikel Oyarzabal,a,2234,OpenPlay,2025,Head,29339,Getafe,Real Sociedad,1,2,2026-01-09 20:00:00,Carlos Soler,Aerial
664343,31,Goal,0.9540000152587891,0.5829999923706055,0.3548589050769806,Mikel Oyarzabal,h,2234,OpenPlay,2025,LeftFoot,29350,Real Sociedad,Barcelona,2,1,2026-01-18 20:00:00,Gonçalo Guedes,Cross
664360,73,MissedShots,0.9569999694824218,0.5029999923706054,0.6212531328201294,Mikel Oyarzabal,h,2234,OpenPlay,2025,Head,29350,Real Sociedad,Barcelona,2,1,2026-01-18 20:00:00,Álvaro Odriozola,Cross
665501,16,Goal,0.7930000305175782,0.5470000076293945,0.06417879462242126,Mikel Oyarzabal,h,2234,OpenPlay,2025,LeftFoot,29362,Real Sociedad,Celta Vigo,3,1,2026-01-25 17:30:00,Beñat Turrientes,Pass
665519,74,Goal,0.78,0.534000015258789,0.07324254512786865,Mikel Oyarzabal,h,2234,OpenPlay,2025,LeftFoot,29362,Real Sociedad,Celta Vigo,3,1,2026-01-25 17:30:00,Jon Gorrotxategi,BallRecovery
666829,4,BlockedShot,0.9780000305175781,0.5770000076293945,0.5062664747238159,Mikel Oyarzabal,a,2234,OpenPlay,2025,LeftFoot,29376,Athletic Club,Real Sociedad,1,1,2026-02-01 20:00:00,,Rebound
666843,51,MissedShots,0.9269999694824219,0.4179999923706055,0.37263476848602295,Mikel Oyarzabal,a,2234,OpenPlay,2025,LeftFoot,29376,Athletic Club,Real Sociedad,1,1,2026-02-01 20:00:00,,TakeOn
667572,36,Goal,0.79,0.4570000076293945,0.33307528495788574,Mikel Oyarzabal,h,2234,OpenPlay,2025,RightFoot,29383,Real Sociedad,Elche,3,1,2026-02-07 20:00:00,,BallRecovery
667579,68,MissedShots,0.855999984741211,0.509000015258789,0.13109561800956726,Mikel Oyarzabal,h,2234,OpenPlay,2025,LeftFoot,29383,Real Sociedad,Elche,3,1,2026-02-07 20:00:00,Carlos Soler,Pass
668915,3,MissedShots,0.7480000305175781,0.38599998474121094,0.01994311809539795,Mikel Oyarzabal,a,2234,SetPiece,2025,LeftFoot,29391,Real Madrid,Real Sociedad,4,1,2026-02-14 20:00:00,Carlos Soler,Pass
668917,5,MissedShots,0.914000015258789,0.41,0.060994312167167664,Mikel Oyarzabal,a,2234,OpenPlay,2025,Head,29391,Real Madrid,Real Sociedad,4,1,2026-02-14 20:00:00,Aihen Muñoz,Cross
668920,20,Goal,0.885,0.5,0.7431496977806091,Mikel Oyarzabal,a,2234,Penalty,2025,LeftFoot,29391,Real Madrid,Real Sociedad,4,1,2026-02-14 20:00:00,,Standard
669561,4,SavedShot,0.7230000305175781,0.43900001525878907,0.020571283996105194,Mikel Oyarzabal,h,2234,OpenPlay,2025,LeftFoot,29407,Real Sociedad,Real Oviedo,3,3,2026-02-21 13:00:00,Brais Méndez,Pass
672809,67,Goal,0.8209999847412109,0.5929999923706055,0.0456182025372982,Mikel Oyarzabal,a,2234,OpenPlay,2025,LeftFoot,29419,Atletico Madrid,Real Sociedad,3,2,2026-03-07 17:30:00,,None
672815,84,BlockedShot,0.8590000152587891,0.3729999923706055,0.06120067834854126,Mikel Oyarzabal,a,2234,OpenPlay,2025,LeftFoot,29419,Atletico Madrid,Real Sociedad,3,2,2026-03-07 17:30:00,Brais Méndez,Pass
674754,15,MissedShots,0.935,0.5379999923706055,0.5806257128715515,Mikel Oyarzabal,h,2234,OpenPlay,2025,RightFoot,29437,Real Sociedad,Osasuna,3,1,2026-03-15 20:00:00,Brais Méndez,Pass
674757,21,MissedShots,0.9319999694824219,0.5209999847412109,0.577736496925354,Mikel Oyarzabal,h,2234,OpenPlay,2025,LeftFoot,29437,Real Sociedad,Osasuna,3,1,2026-03-15 20:00:00,Ander Barrenetxea,Pass
674758,23,Goal,0.885,0.5,0.7432776093482971,Mikel Oyarzabal,h,2234,Penalty,2025,LeftFoot,29437,Real Sociedad,Osasuna,3,1,2026-03-15 20:00:00,,Standard
675033,43,SavedShot,0.899000015258789,0.39299999237060546,0.30898940563201904,Mikel Oyarzabal,a,2234,OpenPlay,2025,RightFoot,29438,Villarreal,Real Sociedad,3,1,2026-03-20 20:00:00,Brais Méndez,Chipped
676364,0,SavedShot,0.7809999847412109,0.63,0.032041288912296295,Mikel Oyarzabal,h,2234,OpenPlay,2025,LeftFoot,29457,Real Sociedad,Levante,2,0,2026-04-04 12:00:00,Carlos Soler,TakeOn
676365,10,ShotOnPost,0.9690000152587891,0.7030000305175781,0.1727338433265686,Mikel Oyarzabal,h,2234,OpenPlay,2025,LeftFoot,29457,Real Sociedad,Levante,2,0,2026-04-04 12:00:00,Gonçalo Guedes,Pass
676378,53,BlockedShot,0.7480000305175781,0.3160000038146973,0.01434823963791132,Mikel Oyarzabal,h,2234,FromCorner,2025,LeftFoot,29457,Real Sociedad,Levante,2,0,2026-04-04 12:00:00,,None
681369,21,Goal,0.8580000305175781,0.5029999923706054,0.09309763461351395,Mikel Oyarzabal,a,2234,OpenPlay,2025,LeftFoot,29475,Rayo Vallecano,Real Sociedad,3,3,2026-04-26 12:00:00,Ander Barrenetxea,Pass
681378,58,SavedShot,0.9490000152587891,0.5579999923706055,0.44412776827812195,Mikel Oyarzabal,a,2234,OpenPlay,2025,LeftFoot,29475,Rayo Vallecano,Real Sociedad,3,3,2026-04-26 12:00:00,Sergio Gómez,Cross
681384,75,Goal,0.885,0.5,0.7432776093482971,Mikel Oyarzabal,a,2234,Penalty,2025,LeftFoot,29475,Rayo Vallecano,Real Sociedad,3,3,2026-04-26 12:00:00,,Standard
683884,74,BlockedShot,0.8,0.44400001525878907,0.04879952594637871,Mikel Oyarzabal,h,2234,OpenPlay,2025,LeftFoot,29504,Real Sociedad,Real Betis,2,2,2026-05-09 19:00:00,Jon Gorrotxategi,Pass
683886,84,SavedShot,0.8109999847412109,0.325,0.02776430919766426,Mikel Oyarzabal,h,2234,OpenPlay,2025,LeftFoot,29504,Real Sociedad,Real Betis,2,2,2026-05-09 19:00:00,Jon Gorrotxategi,Pass
683889,90,Goal,0.885,0.5,0.7432776093482971,Mikel Oyarzabal,h,2234,Penalty,2025,LeftFoot,29504,Real Sociedad,Real Betis,2,2,2026-05-09 19:00:00,,Standard
683892,96,MissedShots,0.905,0.7180000305175781,0.042676158249378204,Mikel Oyarzabal,h,2234,SetPiece,2025,LeftFoot,29504,Real Sociedad,Real Betis,2,2,2026-05-09 19:00:00,Jon Gorrotxategi,Chipped
