id,minute,result,X,Y,xG,player,h_a,player_id,situation,season,shotType,match_id,h_team,a_team,h_goals,a_goals,date,player_assisted,lastAction
41620,14,MissedShots,0.7240000152587891,0.40700000762939453,0.013829600065946579,Luis Muriel,h,1229,OpenPlay,2014,RightFoot,5158,Udinese,Empoli,2,0,2014-08-31 19:45:00,Guilherme,TakeOn
41795,6,BlockedShot,0.769000015258789,0.35,0.020838800817728043,Luis Muriel,a,1229,OpenPlay,2014,RightFoot,5110,Juventus,Udinese,2,0,2014-09-13 19:45:00,Guilherme,BallRecovery
42351,2,SavedShot,0.9169999694824219,0.909000015258789,0.03771480172872543,Luis Muriel,a,1229,DirectFreekick,2014,RightFoot,5138,Lazio,Udinese,0,1,2014-09-25 19:45:00,,Standard
42354,15,BlockedShot,0.745,0.57,0.05830889940261841,Luis Muriel,a,1229,DirectFreekick,2014,RightFoot,5138,Lazio,Udinese,0,1,2014-09-25 19:45:00,,Standard
42357,21,BlockedShot,0.8690000152587891,0.31799999237060544,0.2957040071487427,Luis Muriel,a,1229,OpenPlay,2014,LeftFoot,5138,Lazio,Udinese,0,1,2014-09-25 19:45:00,,None
42709,86,BlockedShot,0.8430000305175781,0.6179999923706054,0.13259899616241455,Luis Muriel,h,1229,OpenPlay,2014,RightFoot,5147,Udinese,Parma,4,2,2014-09-29 18:00:00,Iván Piris,TakeOn
43585,11,BlockedShot,0.879000015258789,0.275,0.05617069825530052,Luis Muriel,a,1229,OpenPlay,2014,RightFoot,5106,Fiorentina,Udinese,3,0,2014-10-29 19:45:00,Thomas Heurtaux,Pass
44043,83,MissedShots,0.899000015258789,0.5629999923706055,0.09658899903297424,Luis Muriel,h,1229,OpenPlay,2014,RightFoot,5035,Udinese,Genoa,2,4,2014-11-02 14:00:00,Lucas Evangelista,Pass
44044,84,MissedShots,0.8619999694824219,0.6769999694824219,0.045872900635004044,Luis Muriel,h,1229,OpenPlay,2014,RightFoot,5035,Udinese,Genoa,2,4,2014-11-02 14:00:00,Iván Piris,Pass
44213,31,MissedShots,0.8119999694824219,0.26600000381469724,0.029911400750279427,Luis Muriel,a,1229,OpenPlay,2014,RightFoot,5046,Palermo,Udinese,1,1,2014-11-09 14:00:00,Allan,Pass
44217,51,SavedShot,0.8169999694824219,0.56,0.14309999346733093,Luis Muriel,a,1229,OpenPlay,2014,LeftFoot,5046,Palermo,Udinese,1,1,2014-11-09 14:00:00,Cyril Théréau,Throughball
47564,88,BlockedShot,0.730999984741211,0.5520000076293945,0.016862399876117706,Luis Muriel,a,1229,OpenPlay,2014,RightFoot,4945,Chievo,Sampdoria,2,1,2015-02-15 17:00:00,Afriyie Acquah,Pass
47565,90,Goal,0.9180000305175782,0.4520000076293945,0.2772580087184906,Luis Muriel,a,1229,OpenPlay,2014,RightFoot,4945,Chievo,Sampdoria,2,1,2015-02-15 17:00:00,Samuel Eto&#039;o,Chipped
47712,5,SavedShot,0.7030000305175781,0.28,0.013094400055706501,Luis Muriel,a,1229,OpenPlay,2014,RightFoot,4883,Atalanta,Sampdoria,1,2,2015-03-01 14:00:00,Angelo Palombo,Pass
47724,50,MissedShots,0.7240000152587891,0.4879999923706055,0.0486362986266613,Luis Muriel,a,1229,DirectFreekick,2014,RightFoot,4883,Atalanta,Sampdoria,1,2,2015-03-01 14:00:00,,Standard
47727,57,SavedShot,0.7169999694824218,0.49599998474121093,0.017470499500632286,Luis Muriel,a,1229,OpenPlay,2014,RightFoot,4883,Atalanta,Sampdoria,1,2,2015-03-01 14:00:00,Angelo Palombo,Pass
47729,59,MissedShots,0.894000015258789,0.5279999923706055,0.10851400345563889,Luis Muriel,a,1229,FromCorner,2014,RightFoot,4883,Atalanta,Sampdoria,1,2,2015-03-01 14:00:00,,Rebound
47734,67,Goal,0.8959999847412109,0.7030000305175781,0.10663700103759766,Luis Muriel,a,1229,OpenPlay,2014,LeftFoot,4883,Atalanta,Sampdoria,1,2,2015-03-01 14:00:00,Stefano Okaka,Throughball
47738,74,BlockedShot,0.9,0.575,0.05632869899272919,Luis Muriel,a,1229,FromCorner,2014,RightFoot,4883,Atalanta,Sampdoria,1,2,2015-03-01 14:00:00,Alfred Duncan,Cross
47739,74,MissedShots,0.9030000305175782,0.5709999847412109,0.10182899981737137,Luis Muriel,a,1229,FromCorner,2014,LeftFoot,4883,Atalanta,Sampdoria,1,2,2015-03-01 14:00:00,,Rebound
47887,26,BlockedShot,0.8080000305175781,0.46599998474121096,0.0476967990398407,Luis Muriel,h,1229,OpenPlay,2014,RightFoot,4889,Sampdoria,Cagliari,2,0,2015-03-07 17:00:00,,None
48739,77,ShotOnPost,0.8830000305175781,0.6040000152587891,0.16439299285411835,Luis Muriel,a,1229,OpenPlay,2014,RightFoot,4908,Roma,Sampdoria,0,2,2015-03-16 20:00:00,Samuel Eto&#039;o,TakeOn
48740,77,Goal,0.889000015258789,0.5420000076293945,0.13232000172138214,Luis Muriel,a,1229,OpenPlay,2014,LeftFoot,4908,Roma,Sampdoria,0,2,2015-03-16 20:00:00,Éder,Pass
49082,10,MissedShots,0.8830000305175781,0.4129999923706055,0.34977200627326965,Luis Muriel,h,1229,OpenPlay,2014,LeftFoot,4914,Sampdoria,Inter,1,0,2015-03-22 19:45:00,Éder,TakeOn
49087,34,MissedShots,0.8290000152587891,0.725999984741211,0.05197399854660034,Luis Muriel,h,1229,OpenPlay,2014,RightFoot,4914,Sampdoria,Inter,1,0,2015-03-22 19:45:00,Lorenzo De Silvestri,TakeOn
49088,38,BlockedShot,0.8330000305175781,0.63,0.05131400004029274,Luis Muriel,h,1229,OpenPlay,2014,RightFoot,4914,Sampdoria,Inter,1,0,2015-03-22 19:45:00,Samuel Eto&#039;o,Pass
48270,5,BlockedShot,0.6730000305175782,0.39599998474121095,0.00904036033898592,Luis Muriel,a,1229,OpenPlay,2014,RightFoot,4837,Fiorentina,Sampdoria,2,0,2015-04-04 17:30:00,Angelo Palombo,TakeOn
48283,51,BlockedShot,0.884000015258789,0.40900001525878904,0.1307709962129593,Luis Muriel,a,1229,OpenPlay,2014,LeftFoot,4837,Fiorentina,Sampdoria,2,0,2015-04-04 17:30:00,Éder,TakeOn
48290,72,MissedShots,0.89,0.7169999694824218,0.07539200037717819,Luis Muriel,a,1229,OpenPlay,2014,RightFoot,4837,Fiorentina,Sampdoria,2,0,2015-04-04 17:30:00,Samuel Eto&#039;o,Pass
48895,92,MissedShots,0.7580000305175781,0.5029999923706054,0.025897899642586708,Luis Muriel,a,1229,OpenPlay,2014,RightFoot,4849,AC Milan,Sampdoria,1,1,2015-04-12 19:45:00,Pedro Obiang,Pass
49011,20,MissedShots,0.9159999847412109,0.46799999237060547,0.4032909870147705,Luis Muriel,h,1229,OpenPlay,2014,RightFoot,4851,Sampdoria,Cesena,0,0,2015-04-18 17:00:00,,TakeOn
49012,22,BlockedShot,0.9019999694824219,0.37099998474121093,0.09591159969568253,Luis Muriel,h,1229,OpenPlay,2014,LeftFoot,4851,Sampdoria,Cesena,0,0,2015-04-18 17:00:00,Samuel Eto&#039;o,Pass
49681,66,BlockedShot,0.6990000152587891,0.3529999923706055,0.009753989987075329,Luis Muriel,a,1229,OpenPlay,2014,RightFoot,4870,Napoli,Sampdoria,4,2,2015-04-26 19:45:00,Pedro Obiang,Pass
49689,88,Goal,0.7419999694824219,0.59,0.019744599238038063,Luis Muriel,a,1229,OpenPlay,2014,RightFoot,4870,Napoli,Sampdoria,4,2,2015-04-26 19:45:00,,TakeOn
50380,20,MissedShots,0.835,0.44299999237060544,0.08242060244083405,Luis Muriel,h,1229,OpenPlay,2014,RightFoot,4879,Sampdoria,Verona,1,1,2015-04-29 19:45:00,Joaquín Correa,Pass
50397,69,MissedShots,0.7140000152587891,0.40700000762939453,0.015547400340437889,Luis Muriel,h,1229,OpenPlay,2014,RightFoot,4879,Sampdoria,Verona,1,1,2015-04-29 19:45:00,Samuel Eto&#039;o,Pass
50398,70,BlockedShot,0.9280000305175782,0.29600000381469727,0.05111350119113922,Luis Muriel,h,1229,OpenPlay,2014,RightFoot,4879,Sampdoria,Verona,1,1,2015-04-29 19:45:00,Pedro Obiang,Pass
49618,70,MissedShots,0.7419999694824219,0.29,0.03942200168967247,Luis Muriel,h,1229,DirectFreekick,2014,RightFoot,4779,Sampdoria,Juventus,0,1,2015-05-02 17:00:00,,Standard
49623,90,MissedShots,0.8390000152587891,0.315,0.04199109971523285,Luis Muriel,h,1229,FromCorner,2014,LeftFoot,4779,Sampdoria,Juventus,0,1,2015-05-02 17:00:00,Samuel Eto&#039;o,Pass
51134,21,SavedShot,0.8519999694824218,0.695,0.041923899203538895,Luis Muriel,a,1229,OpenPlay,2014,RightFoot,4792,Udinese,Sampdoria,1,4,2015-05-10 14:00:00,Samuel Eto&#039;o,Pass
51147,50,BlockedShot,0.915,0.5609999847412109,0.4025929868221283,Luis Muriel,a,1229,OpenPlay,2014,LeftFoot,4792,Udinese,Sampdoria,1,4,2015-05-10 14:00:00,,Rebound
51145,50,SavedShot,0.865,0.4620000076293945,0.10818500071763992,Luis Muriel,a,1229,OpenPlay,2014,RightFoot,4792,Udinese,Sampdoria,1,4,2015-05-10 14:00:00,Roberto Soriano,Pass
51148,53,BlockedShot,0.8730000305175781,0.664000015258789,0.12905000150203705,Luis Muriel,a,1229,OpenPlay,2014,LeftFoot,4792,Udinese,Sampdoria,1,4,2015-05-10 14:00:00,Roberto Soriano,Throughball
51450,7,BlockedShot,0.7880000305175782,0.295,0.022576600313186646,Luis Muriel,a,1229,OpenPlay,2014,LeftFoot,4811,Empoli,Sampdoria,1,1,2015-05-24 11:30:00,Afriyie Acquah,Pass
51451,8,BlockedShot,0.8590000152587891,0.32799999237060545,0.052064698189496994,Luis Muriel,a,1229,OpenPlay,2014,RightFoot,4811,Empoli,Sampdoria,1,1,2015-05-24 11:30:00,Luka Djordjevic,Pass
51456,35,SavedShot,0.9869999694824219,0.2720000076293945,0.06403529644012451,Luis Muriel,a,1229,OpenPlay,2014,RightFoot,4811,Empoli,Sampdoria,1,1,2015-05-24 11:30:00,,TakeOn
51463,56,MissedShots,0.845999984741211,0.29700000762939455,0.03527570143342018,Luis Muriel,a,1229,OpenPlay,2014,RightFoot,4811,Empoli,Sampdoria,1,1,2015-05-24 11:30:00,Lorenzo De Silvestri,Chipped
51468,74,SavedShot,0.899000015258789,0.5729999923706055,0.10906700044870377,Luis Muriel,a,1229,OpenPlay,2014,RightFoot,4811,Empoli,Sampdoria,1,1,2015-05-24 11:30:00,Alfred Duncan,Pass
50745,36,MissedShots,0.750999984741211,0.524000015258789,0.024385899305343628,Luis Muriel,h,1229,OpenPlay,2014,RightFoot,4822,Sampdoria,Parma,2,2,2015-05-31 19:45:00,Samuel Eto&#039;o,Pass
93288,20,Goal,0.9159999847412109,0.33,0.08845580369234085,Luis Muriel,h,1229,OpenPlay,2015,RightFoot,555,Sampdoria,Carpi,5,2,2015-08-23 22:45:00,Éder,Pass
93291,30,Goal,0.889000015258789,0.38599998474121094,0.1195020005106926,Luis Muriel,h,1229,OpenPlay,2015,RightFoot,555,Sampdoria,Carpi,5,2,2015-08-23 22:45:00,Mattia Cassani,Pass
93298,41,SavedShot,0.8830000305175781,0.3160000038146973,0.053213998675346375,Luis Muriel,h,1229,OpenPlay,2015,RightFoot,555,Sampdoria,Carpi,5,2,2015-08-23 22:45:00,,None
93526,63,SavedShot,0.7519999694824219,0.3089999961853027,0.020374799147248268,Luis Muriel,a,1229,OpenPlay,2015,LeftFoot,566,Napoli,Sampdoria,2,2,2015-08-30 22:45:00,Mattia Cassani,Pass
93534,80,SavedShot,0.855,0.315,0.04399849846959114,Luis Muriel,a,1229,OpenPlay,2015,RightFoot,566,Napoli,Sampdoria,2,2,2015-08-30 22:45:00,Fernando,Pass
93851,15,SavedShot,0.785,0.6880000305175781,0.018206700682640076,Luis Muriel,h,1229,OpenPlay,2015,RightFoot,580,Sampdoria,Bologna,2,0,2015-09-14 22:45:00,,None
93852,22,BlockedShot,0.9490000152587891,0.445,0.14544199407100677,Luis Muriel,h,1229,OpenPlay,2015,RightFoot,580,Sampdoria,Bologna,2,0,2015-09-14 22:45:00,Éder,Pass
93854,26,MissedShots,0.8009999847412109,0.76,0.01361090037971735,Luis Muriel,h,1229,OpenPlay,2015,RightFoot,580,Sampdoria,Bologna,2,0,2015-09-14 22:45:00,Fernando,TakeOn
93862,72,MissedShots,0.8719999694824219,0.5170000076293946,0.3354960083961487,Luis Muriel,h,1229,OpenPlay,2015,RightFoot,580,Sampdoria,Bologna,2,0,2015-09-14 22:45:00,,TakeOn
95256,46,MissedShots,0.9530000305175781,0.6819999694824219,0.43309998512268066,Luis Muriel,a,1229,OpenPlay,2015,LeftFoot,586,Torino,Sampdoria,2,0,2015-09-20 17:00:00,Éder,TakeOn
94674,14,MissedShots,0.8280000305175781,0.2610000038146973,0.024355199187994003,Luis Muriel,h,1229,OpenPlay,2015,RightFoot,594,Sampdoria,Roma,2,1,2015-09-23 22:45:00,Edgar Barreto,BallRecovery
94694,71,BlockedShot,0.855,0.6469999694824219,0.06118680164217949,Luis Muriel,h,1229,OpenPlay,2015,RightFoot,594,Sampdoria,Roma,2,1,2015-09-23 22:45:00,Éder,Pass
95709,2,BlockedShot,0.68,0.6840000152587891,0.012735700234770775,Luis Muriel,a,1229,OpenPlay,2015,RightFoot,610,Atalanta,Sampdoria,2,1,2015-09-28 23:00:00,Djamel Mesbah,Pass
95725,53,MissedShots,0.7419999694824219,0.39,0.019783399999141693,Luis Muriel,a,1229,OpenPlay,2015,RightFoot,610,Atalanta,Sampdoria,2,1,2015-09-28 23:00:00,Fernando,Pass
96437,49,MissedShots,0.925,0.544000015258789,0.33489999175071716,Luis Muriel,h,1229,OpenPlay,2015,Head,615,Sampdoria,Inter,1,1,2015-10-04 17:00:00,Djamel Mesbah,Cross
96438,50,Goal,0.9619999694824218,0.524000015258789,0.6098679900169373,Luis Muriel,h,1229,OpenPlay,2015,LeftFoot,615,Sampdoria,Inter,1,1,2015-10-04 17:00:00,Pedro Pereira,Cross
96442,70,MissedShots,0.845,0.6580000305175782,0.1118289977312088,Luis Muriel,h,1229,OpenPlay,2015,LeftFoot,615,Sampdoria,Inter,1,1,2015-10-04 17:00:00,Éder,BallRecovery
96795,5,ShotOnPost,0.8859999847412109,0.3340000152587891,0.30300700664520264,Luis Muriel,a,1229,OpenPlay,2015,RightFoot,624,Frosinone,Sampdoria,2,0,2015-10-18 17:00:00,Antonio Cassano,Throughball
96796,5,BlockedShot,0.9019999694824219,0.5570000076293945,0.11746600270271301,Luis Muriel,a,1229,OpenPlay,2015,LeftFoot,624,Frosinone,Sampdoria,2,0,2015-10-18 17:00:00,,Rebound
96797,5,MissedShots,0.8169999694824219,0.5120000076293946,0.05338890105485916,Luis Muriel,a,1229,OpenPlay,2015,RightFoot,624,Frosinone,Sampdoria,2,0,2015-10-18 17:00:00,Roberto Soriano,Pass
96800,21,MissedShots,0.87,0.33599998474121096,0.0605567991733551,Luis Muriel,a,1229,OpenPlay,2015,LeftFoot,624,Frosinone,Sampdoria,2,0,2015-10-18 17:00:00,Pedro Pereira,Pass
96811,49,BlockedShot,0.9009999847412109,0.29399999618530276,0.0504118986427784,Luis Muriel,a,1229,OpenPlay,2015,RightFoot,624,Frosinone,Sampdoria,2,0,2015-10-18 17:00:00,Roberto Soriano,Pass
97441,9,BlockedShot,0.865999984741211,0.6509999847412109,0.06738399714231491,Luis Muriel,h,1229,OpenPlay,2015,LeftFoot,634,Sampdoria,Verona,4,1,2015-10-25 15:30:00,Carlos Carbonero,Pass
97442,10,Goal,0.9059999847412109,0.5359999847412109,0.4337329864501953,Luis Muriel,h,1229,OpenPlay,2015,RightFoot,634,Sampdoria,Verona,4,1,2015-10-25 15:30:00,,Dispossessed
97921,72,MissedShots,0.7219999694824218,0.46299999237060546,0.016979200765490532,Luis Muriel,h,1229,OpenPlay,2015,RightFoot,650,Sampdoria,Empoli,1,1,2015-10-29 23:45:00,Joaquín Correa,Pass
97924,86,MissedShots,0.875999984741211,0.49900001525878906,0.08875419944524765,Luis Muriel,h,1229,OpenPlay,2015,LeftFoot,650,Sampdoria,Empoli,1,1,2015-10-29 23:45:00,Joaquín Correa,HeadPass
98254,7,SavedShot,0.9719999694824218,0.710999984741211,0.050227198749780655,Luis Muriel,a,1229,OpenPlay,2015,RightFoot,659,Chievo,Sampdoria,1,1,2015-11-02 22:00:00,Edgar Barreto,Pass
98270,67,SavedShot,0.909000015258789,0.634000015258789,0.36293500661849976,Luis Muriel,a,1229,OpenPlay,2015,RightFoot,659,Chievo,Sampdoria,1,1,2015-11-02 22:00:00,Fernando,TakeOn
99450,12,MissedShots,0.7709999847412109,0.4929999923706055,0.023793300613760948,Luis Muriel,a,1229,OpenPlay,2015,RightFoot,675,Udinese,Sampdoria,1,0,2015-11-22 18:00:00,Roberto Soriano,Pass
99460,57,MissedShots,0.955999984741211,0.6509999847412109,0.04549359902739525,Luis Muriel,a,1229,OpenPlay,2015,RightFoot,675,Udinese,Sampdoria,1,0,2015-11-22 18:00:00,Emiliano Viviano,TakeOn
99844,18,BlockedShot,0.71,0.40700000762939453,0.014378700405359268,Luis Muriel,a,1229,OpenPlay,2015,RightFoot,682,AC Milan,Sampdoria,4,1,2015-11-28 23:45:00,David Ivan,Pass
99851,45,BlockedShot,0.8630000305175781,0.48200000762939454,0.09662660211324692,Luis Muriel,a,1229,OpenPlay,2015,RightFoot,682,AC Milan,Sampdoria,4,1,2015-11-28 23:45:00,Éder,Pass
100866,73,MissedShots,0.8619999694824219,0.285,0.03521059826016426,Luis Muriel,a,1229,OpenPlay,2015,RightFoot,709,Lazio,Sampdoria,1,1,2015-12-14 23:45:00,Lorenzo De Silvestri,Pass
101497,86,MissedShots,0.794000015258789,0.3340000152587891,0.045728400349617004,Luis Muriel,h,1229,OpenPlay,2015,RightFoot,716,Sampdoria,Palermo,2,0,2015-12-20 21:00:00,David Ivan,HeadPass
101861,76,BlockedShot,0.8080000305175781,0.544000015258789,0.07814250141382217,Luis Muriel,a,1229,OpenPlay,2015,RightFoot,720,Genoa,Sampdoria,2,3,2016-01-05 23:45:00,,TakeOn
102599,90,BlockedShot,0.7340000152587891,0.629000015258789,0.017035799100995064,Luis Muriel,h,1229,OpenPlay,2015,LeftFoot,739,Sampdoria,Juventus,1,2,2016-01-10 23:45:00,David Ivan,Pass
94359,70,SavedShot,0.91,0.515,0.41144099831581116,Luis Muriel,a,1229,OpenPlay,2015,LeftFoot,748,Carpi,Sampdoria,2,1,2016-01-17 18:00:00,Roberto Soriano,Rebound
94360,70,BlockedShot,0.9030000305175782,0.51,0.0860574021935463,Luis Muriel,a,1229,OpenPlay,2015,RightFoot,748,Carpi,Sampdoria,2,1,2016-01-17 18:00:00,,None
94792,25,MissedShots,0.71,0.525,0.010881099849939346,Luis Muriel,a,1229,OpenPlay,2015,LeftFoot,769,Bologna,Sampdoria,3,2,2016-01-31 18:00:00,Andrea Ranocchia,BallRecovery
94796,53,Goal,0.8859999847412109,0.3139999961853027,0.03726210072636604,Luis Muriel,a,1229,OpenPlay,2015,RightFoot,769,Bologna,Sampdoria,3,2,2016-01-31 18:00:00,,None
94798,55,SavedShot,0.7919999694824219,0.4370000076293945,0.04096199944615364,Luis Muriel,a,1229,OpenPlay,2015,RightFoot,769,Bologna,Sampdoria,3,2,2016-01-31 18:00:00,Joaquín Correa,Pass
94801,77,MissedShots,0.875,0.46799999237060547,0.07616639882326126,Luis Muriel,a,1229,OpenPlay,2015,RightFoot,769,Bologna,Sampdoria,3,2,2016-01-31 18:00:00,Jacopo Sala,Cross
95504,7,SavedShot,0.750999984741211,0.3920000076293945,0.019564900547266006,Luis Muriel,h,1229,OpenPlay,2015,LeftFoot,778,Sampdoria,Torino,2,2,2016-02-03 23:45:00,Jacopo Sala,Tackle
95515,60,MissedShots,0.7630000305175781,0.26299999237060545,0.01958319917321205,Luis Muriel,h,1229,OpenPlay,2015,RightFoot,778,Sampdoria,Torino,2,2,2016-02-03 23:45:00,Joaquín Correa,Pass
95518,65,Goal,0.935,0.5029999923706054,0.4302850067615509,Luis Muriel,h,1229,FromCorner,2015,Head,778,Sampdoria,Torino,2,2,2016-02-03 23:45:00,Dodô,Cross
95098,15,MissedShots,0.895,0.71,0.0959865003824234,Luis Muriel,a,1229,OpenPlay,2015,LeftFoot,790,Roma,Sampdoria,2,1,2016-02-07 23:45:00,,BallRecovery
96700,81,MissedShots,0.7559999847412109,0.475,0.015403199940919876,Luis Muriel,a,1229,OpenPlay,2015,RightFoot,803,Inter,Sampdoria,3,1,2016-02-20 23:45:00,,None
96702,88,SavedShot,0.9219999694824219,0.2929999923706055,0.07977999746799469,Luis Muriel,a,1229,OpenPlay,2015,RightFoot,803,Inter,Sampdoria,3,1,2016-02-20 23:45:00,Fernando,Throughball
99712,41,MissedShots,0.975,0.5170000076293946,0.7528300285339355,Luis Muriel,h,1229,OpenPlay,2015,Head,868,Sampdoria,Udinese,2,0,2016-04-10 17:00:00,Roberto Soriano,Cross
99714,45,SavedShot,0.8680000305175781,0.365,0.061938099563121796,Luis Muriel,h,1229,SetPiece,2015,RightFoot,868,Sampdoria,Udinese,2,0,2016-04-10 17:00:00,Nenad Krsticic,Chipped
99717,54,BlockedShot,0.9230000305175782,0.5579999923706055,0.11351100355386734,Luis Muriel,h,1229,OpenPlay,2015,Head,868,Sampdoria,Udinese,2,0,2016-04-10 17:00:00,Edgar Barreto,Cross
100699,56,SavedShot,0.97,0.655,0.05059349909424782,Luis Muriel,a,1229,OpenPlay,2015,RightFoot,882,Sassuolo,Sampdoria,0,0,2016-04-20 20:30:00,Lorenzo De Silvestri,TakeOn
101102,13,SavedShot,0.7959999847412109,0.6229999923706054,0.034615401178598404,Luis Muriel,h,1229,OpenPlay,2015,LeftFoot,894,Sampdoria,Lazio,2,1,2016-04-24 17:00:00,Fernando,TakeOn
101106,22,MissedShots,0.795,0.425,0.10748299956321716,Luis Muriel,h,1229,DirectFreekick,2015,RightFoot,894,Sampdoria,Lazio,2,1,2016-04-24 17:00:00,,Standard
101114,48,SavedShot,0.9819999694824219,0.355,0.05582280084490776,Luis Muriel,h,1229,OpenPlay,2015,RightFoot,894,Sampdoria,Lazio,2,1,2016-04-24 17:00:00,,Rebound
101756,86,MissedShots,0.909000015258789,0.5620000076293945,0.08915089815855026,Luis Muriel,a,1229,SetPiece,2015,Head,904,Palermo,Sampdoria,2,0,2016-05-01 17:00:00,Antonio Cassano,Cross
102148,91,BlockedShot,0.7480000305175781,0.4879999923706055,0.02763720043003559,Luis Muriel,h,1229,OpenPlay,2015,RightFoot,914,Sampdoria,Genoa,0,3,2016-05-08 17:00:00,Fernando,TakeOn
144319,32,BlockedShot,0.899000015258789,0.3029999923706055,0.04712260141968727,Luis Muriel,a,1229,OpenPlay,2016,RightFoot,939,Empoli,Sampdoria,0,1,2016-08-21 22:45:00,Ricardo Álvarez,Chipped
144323,36,Goal,0.915,0.69,0.059997301548719406,Luis Muriel,a,1229,OpenPlay,2016,LeftFoot,939,Empoli,Sampdoria,0,1,2016-08-21 22:45:00,Ricardo Álvarez,Pass
144324,45,MissedShots,0.7530000305175781,0.655,0.02317970059812069,Luis Muriel,a,1229,OpenPlay,2016,RightFoot,939,Empoli,Sampdoria,0,1,2016-08-21 22:45:00,,Tackle
144334,64,MissedShots,0.845,0.33599998474121096,0.0610014982521534,Luis Muriel,a,1229,OpenPlay,2016,RightFoot,939,Empoli,Sampdoria,0,1,2016-08-21 22:45:00,Edgar Barreto,Pass
144995,7,MissedShots,0.7919999694824219,0.720999984741211,0.02358040027320385,Luis Muriel,h,1229,OpenPlay,2016,RightFoot,944,Sampdoria,Atalanta,2,1,2016-08-28 22:45:00,Daniel Pavlovic,TakeOn
144999,30,ShotOnPost,0.8619999694824219,0.75,0.02683749981224537,Luis Muriel,h,1229,OpenPlay,2016,RightFoot,944,Sampdoria,Atalanta,2,1,2016-08-28 22:45:00,Karol Linetty,Pass
145552,5,MissedShots,0.8019999694824219,0.2620000076293945,0.02061850018799305,Luis Muriel,a,1229,OpenPlay,2016,RightFoot,956,Roma,Sampdoria,3,2,2016-09-11 17:00:00,Lucas Torreira,Chipped
145559,17,Goal,0.965999984741211,0.295,0.04223660007119179,Luis Muriel,a,1229,OpenPlay,2016,RightFoot,956,Roma,Sampdoria,3,2,2016-09-11 17:00:00,Vasco Regini,Chipped
145561,19,SavedShot,0.8440000152587891,0.3220000076293945,0.0374097004532814,Luis Muriel,a,1229,OpenPlay,2016,RightFoot,956,Roma,Sampdoria,3,2,2016-09-11 17:00:00,Ricardo Álvarez,Pass
146017,37,BlockedShot,0.71,0.620999984741211,0.03753279894590378,Luis Muriel,h,1229,DirectFreekick,2016,RightFoot,960,Sampdoria,AC Milan,0,1,2016-09-16 22:45:00,,Standard
146018,39,BlockedShot,0.764000015258789,0.5790000152587891,0.07136649638414383,Luis Muriel,h,1229,DirectFreekick,2016,RightFoot,960,Sampdoria,AC Milan,0,1,2016-09-16 22:45:00,,Standard
146019,40,MissedShots,0.7930000305175782,0.634000015258789,0.04301699995994568,Luis Muriel,h,1229,OpenPlay,2016,RightFoot,960,Sampdoria,AC Milan,0,1,2016-09-16 22:45:00,Edgar Barreto,TakeOn
146022,52,MissedShots,0.8730000305175781,0.4329999923706055,0.07140350341796875,Luis Muriel,h,1229,FromCorner,2016,LeftFoot,960,Sampdoria,AC Milan,0,1,2016-09-16 22:45:00,Edgar Barreto,HeadPass
146026,79,SavedShot,0.8959999847412109,0.2620000076293945,0.033647000789642334,Luis Muriel,h,1229,OpenPlay,2016,RightFoot,960,Sampdoria,AC Milan,0,1,2016-09-16 22:45:00,Bruno Fernandes,Pass
146376,9,SavedShot,0.7280000305175781,0.40200000762939453,0.019193699583411217,Luis Muriel,a,1229,OpenPlay,2016,RightFoot,971,Bologna,Sampdoria,2,0,2016-09-21 20:30:00,Edgar Barreto,Pass
146377,13,SavedShot,0.8159999847412109,0.5609999847412109,0.061427000910043716,Luis Muriel,a,1229,OpenPlay,2016,RightFoot,971,Bologna,Sampdoria,2,0,2016-09-21 20:30:00,Karol Linetty,Pass
146905,37,BlockedShot,0.7340000152587891,0.42400001525878905,0.016016099601984024,Luis Muriel,a,1229,OpenPlay,2016,LeftFoot,989,Cagliari,Sampdoria,2,1,2016-09-26 23:00:00,,None
147826,4,SavedShot,0.7290000152587891,0.5629999923706055,0.021268099546432495,Luis Muriel,h,1229,OpenPlay,2016,RightFoot,993,Sampdoria,Palermo,1,1,2016-10-02 17:00:00,Milan Skriniar,Pass
147829,9,MissedShots,0.8590000152587891,0.6809999847412109,0.04858560115098953,Luis Muriel,h,1229,OpenPlay,2016,RightFoot,993,Sampdoria,Palermo,1,1,2016-10-02 17:00:00,Lucas Torreira,Pass
147831,13,MissedShots,0.8830000305175781,0.644000015258789,0.05589909851551056,Luis Muriel,h,1229,OpenPlay,2016,RightFoot,993,Sampdoria,Palermo,1,1,2016-10-02 17:00:00,Emiliano Viviano,Pass
147836,46,SavedShot,0.935,0.2929999923706055,0.05465099960565567,Luis Muriel,h,1229,OpenPlay,2016,RightFoot,993,Sampdoria,Palermo,1,1,2016-10-02 17:00:00,Fabio Quagliarella,BallRecovery
147840,54,SavedShot,0.909000015258789,0.6669999694824219,0.05864059925079346,Luis Muriel,h,1229,SetPiece,2016,RightFoot,993,Sampdoria,Palermo,1,1,2016-10-02 17:00:00,Ricardo Álvarez,Chipped
147845,70,BlockedShot,0.8440000152587891,0.509000015258789,0.054370198398828506,Luis Muriel,h,1229,OpenPlay,2016,RightFoot,993,Sampdoria,Palermo,1,1,2016-10-02 17:00:00,Jacopo Sala,Cross
147846,72,MissedShots,0.8669999694824219,0.43200000762939456,0.0138306999579072,Luis Muriel,h,1229,OpenPlay,2016,Head,993,Sampdoria,Palermo,1,1,2016-10-02 17:00:00,Ricardo Álvarez,Aerial
147849,92,BlockedShot,0.7430000305175781,0.395,0.053439099341630936,Luis Muriel,h,1229,DirectFreekick,2016,RightFoot,993,Sampdoria,Palermo,1,1,2016-10-02 17:00:00,,Standard
148213,73,SavedShot,0.9,0.7319999694824219,0.03497140109539032,Luis Muriel,a,1229,OpenPlay,2016,RightFoot,1001,Pescara,Sampdoria,1,1,2016-10-15 20:00:00,Karol Linetty,Pass
148690,10,SavedShot,0.8059999847412109,0.3029999923706055,0.025239799171686172,Luis Muriel,h,1229,OpenPlay,2016,RightFoot,1010,Sampdoria,Genoa,2,1,2016-10-22 20:00:00,Karol Linetty,Chipped
148691,11,Goal,0.9,0.5279999923706055,0.4473380148410797,Luis Muriel,h,1229,OpenPlay,2016,RightFoot,1010,Sampdoria,Genoa,2,1,2016-10-22 20:00:00,Fabio Quagliarella,Pass
148705,56,SavedShot,0.860999984741211,0.255,0.0317642018198967,Luis Muriel,h,1229,OpenPlay,2016,RightFoot,1010,Sampdoria,Genoa,2,1,2016-10-22 20:00:00,Fabio Quagliarella,TakeOn
149137,67,MissedShots,0.845,0.40900001525878904,0.04715390130877495,Luis Muriel,a,1229,OpenPlay,2016,RightFoot,3282,Juventus,Sampdoria,4,1,2016-10-26 22:45:00,,None
149142,82,MissedShots,0.6909999847412109,0.6370000076293946,0.009955179877579212,Luis Muriel,a,1229,OpenPlay,2016,RightFoot,3282,Juventus,Sampdoria,4,1,2016-10-26 22:45:00,Luca Cigarini,Pass
149763,12,MissedShots,0.8959999847412109,0.615999984741211,0.31055599451065063,Luis Muriel,h,1229,OpenPlay,2016,LeftFoot,3297,Sampdoria,Inter,1,0,2016-10-30 23:45:00,Bruno Fernandes,Pass
149771,37,MissedShots,0.7559999847412109,0.59,0.029367899522185326,Luis Muriel,h,1229,OpenPlay,2016,RightFoot,3297,Sampdoria,Inter,1,0,2016-10-30 23:45:00,,TakeOn
150125,1,MissedShots,0.7719999694824219,0.649000015258789,0.06391680240631104,Luis Muriel,a,1229,DirectFreekick,2016,RightFoot,2754,Fiorentina,Sampdoria,1,1,2016-11-06 21:00:00,,Standard
150133,20,MissedShots,0.8809999847412109,0.6809999847412109,0.05146550014615059,Luis Muriel,a,1229,OpenPlay,2016,LeftFoot,2754,Fiorentina,Sampdoria,1,1,2016-11-06 21:00:00,Bruno Fernandes,Pass
150149,56,Goal,0.889000015258789,0.59,0.016781499609351158,Luis Muriel,a,1229,OpenPlay,2016,Head,2754,Fiorentina,Sampdoria,1,1,2016-11-06 21:00:00,Vasco Regini,Aerial
150882,17,MissedShots,0.885,0.645,0.09510549902915955,Luis Muriel,h,1229,OpenPlay,2016,RightFoot,2759,Sampdoria,Sassuolo,3,2,2016-11-20 15:30:00,,TakeOn
150893,59,SavedShot,0.7340000152587891,0.5590000152587891,0.017781799659132957,Luis Muriel,h,1229,OpenPlay,2016,RightFoot,2759,Sampdoria,Sassuolo,3,2,2016-11-20 15:30:00,Bruno Fernandes,TakeOn
150906,84,Goal,0.8980000305175782,0.575,0.3824479877948761,Luis Muriel,h,1229,OpenPlay,2016,RightFoot,2759,Sampdoria,Sassuolo,3,2,2016-11-20 15:30:00,Fabio Quagliarella,Pass
150909,90,Goal,0.885,0.5,0.7612990140914917,Luis Muriel,h,1229,Penalty,2016,RightFoot,2759,Sampdoria,Sassuolo,3,2,2016-11-20 15:30:00,,Standard
151402,23,BlockedShot,0.7609999847412109,0.5659999847412109,0.025312699377536774,Luis Muriel,a,1229,OpenPlay,2016,RightFoot,2770,Crotone,Sampdoria,1,1,2016-11-27 18:00:00,Fabio Quagliarella,LayOff
151412,53,SavedShot,0.915,0.28899999618530275,0.04227079823613167,Luis Muriel,a,1229,OpenPlay,2016,RightFoot,2770,Crotone,Sampdoria,1,1,2016-11-27 18:00:00,,Rebound
151413,60,ShotOnPost,0.91,0.29399999618530276,0.05270259827375412,Luis Muriel,a,1229,OpenPlay,2016,RightFoot,2770,Crotone,Sampdoria,1,1,2016-11-27 18:00:00,Edgar Barreto,Pass
151418,76,BlockedShot,0.9130000305175782,0.6659999847412109,0.07721439749002457,Luis Muriel,a,1229,OpenPlay,2016,RightFoot,2770,Crotone,Sampdoria,1,1,2016-11-27 18:00:00,Bruno Fernandes,TakeOn
151419,76,MissedShots,0.9180000305175782,0.44599998474121094,0.25005701184272766,Luis Muriel,a,1229,FromCorner,2016,Head,2770,Crotone,Sampdoria,1,1,2016-11-27 18:00:00,Bruno Fernandes,Cross
151933,7,MissedShots,0.8630000305175781,0.5259999847412109,0.07324369996786118,Luis Muriel,h,1229,OpenPlay,2016,RightFoot,3071,Sampdoria,Torino,2,0,2016-12-04 18:00:00,Bruno Fernandes,Cross
151952,59,MissedShots,0.784000015258789,0.37,0.0778203010559082,Luis Muriel,h,1229,DirectFreekick,2016,RightFoot,3071,Sampdoria,Torino,2,0,2016-12-04 18:00:00,,Standard
152485,74,BlockedShot,0.784000015258789,0.39799999237060546,0.04263409972190857,Luis Muriel,h,1229,OpenPlay,2016,RightFoot,3077,Sampdoria,Lazio,1,2,2016-12-10 23:45:00,Karol Linetty,TakeOn
152784,16,BlockedShot,0.7909999847412109,0.3729999923706055,0.028996199369430542,Luis Muriel,a,1229,OpenPlay,2016,RightFoot,3094,Chievo,Sampdoria,2,1,2016-12-18 18:00:00,Fabio Quagliarella,TakeOn
152785,19,SavedShot,0.7819999694824219,0.5,0.013127599842846394,Luis Muriel,a,1229,OpenPlay,2016,LeftFoot,3094,Chievo,Sampdoria,2,1,2016-12-18 18:00:00,,Aerial
152802,56,MissedShots,0.879000015258789,0.5159999847412109,0.02644130028784275,Luis Muriel,a,1229,OpenPlay,2016,Head,3094,Chievo,Sampdoria,2,1,2016-12-18 18:00:00,Jacopo Sala,Chipped
153526,45,BlockedShot,0.74,0.745,0.012041600421071053,Luis Muriel,h,1229,OpenPlay,2016,RightFoot,3101,Sampdoria,Udinese,0,0,2016-12-22 19:45:00,Vasco Regini,BallRecovery
153528,54,MissedShots,0.775,0.515,0.019783200696110725,Luis Muriel,h,1229,OpenPlay,2016,RightFoot,3101,Sampdoria,Udinese,0,0,2016-12-22 19:45:00,Fabio Quagliarella,TakeOn
153531,62,SavedShot,0.7880000305175782,0.4909999847412109,0.02897159941494465,Luis Muriel,h,1229,OpenPlay,2016,RightFoot,3101,Sampdoria,Udinese,0,0,2016-12-22 19:45:00,,Rebound
153976,59,BlockedShot,0.8780000305175781,0.365,0.09196270257234573,Luis Muriel,a,1229,OpenPlay,2016,LeftFoot,3521,Napoli,Sampdoria,2,1,2017-01-07 23:45:00,Christian Puggioni,TakeOn
153981,72,SavedShot,0.8719999694824219,0.6569999694824219,0.05120430141687393,Luis Muriel,a,1229,OpenPlay,2016,RightFoot,3521,Napoli,Sampdoria,2,1,2017-01-07 23:45:00,Christian Puggioni,TakeOn
144622,16,MissedShots,0.9569999694824218,0.40299999237060546,0.11319199949502945,Luis Muriel,h,1229,FromCorner,2016,RightFoot,3533,Sampdoria,Empoli,0,0,2017-01-15 18:00:00,Milan Skriniar,Rebound
144623,20,MissedShots,0.919000015258789,0.4540000152587891,0.5033050179481506,Luis Muriel,h,1229,OpenPlay,2016,LeftFoot,3533,Sampdoria,Empoli,0,0,2017-01-15 18:00:00,,None
144627,33,BlockedShot,0.7759999847412109,0.52,0.0430992990732193,Luis Muriel,h,1229,OpenPlay,2016,RightFoot,3533,Sampdoria,Empoli,0,0,2017-01-15 18:00:00,Patrik Schick,HeadPass
144637,74,MissedShots,0.76,0.6359999847412109,0.022380299866199493,Luis Muriel,h,1229,OpenPlay,2016,RightFoot,3533,Sampdoria,Empoli,0,0,2017-01-15 18:00:00,Bruno Fernandes,Pass
144639,77,SavedShot,0.9390000152587891,0.47200000762939454,0.11775799840688705,Luis Muriel,h,1229,OpenPlay,2016,RightFoot,3533,Sampdoria,Empoli,0,0,2017-01-15 18:00:00,,None
145247,68,SavedShot,0.740999984741211,0.6459999847412109,0.018518200144171715,Luis Muriel,a,1229,OpenPlay,2016,LeftFoot,3548,Atalanta,Sampdoria,1,0,2017-01-22 20:00:00,Pedro Pereira,Pass
145829,13,MissedShots,0.87,0.674000015258789,0.04589330032467842,Luis Muriel,h,1229,OpenPlay,2016,RightFoot,3554,Sampdoria,Roma,3,2,2017-01-29 14:00:00,Dennis Praet,Pass
145830,17,BlockedShot,0.8519999694824218,0.26600000381469724,0.029485899955034256,Luis Muriel,h,1229,OpenPlay,2016,RightFoot,3554,Sampdoria,Roma,3,2,2017-01-29 14:00:00,Lucas Torreira,Pass
145834,26,MissedShots,0.935,0.6880000305175781,0.050280600786209106,Luis Muriel,h,1229,OpenPlay,2016,LeftFoot,3554,Sampdoria,Roma,3,2,2017-01-29 14:00:00,Dennis Praet,Chipped
145847,72,Goal,0.7480000305175781,0.6430000305175781,0.05113150179386139,Luis Muriel,h,1229,DirectFreekick,2016,RightFoot,3554,Sampdoria,Roma,3,2,2017-01-29 14:00:00,,Standard
146270,19,BlockedShot,0.8719999694824219,0.3820000076293945,0.06612420082092285,Luis Muriel,a,1229,OpenPlay,2016,LeftFoot,3561,AC Milan,Sampdoria,0,1,2017-02-05 11:30:00,,None
146285,69,Goal,0.885,0.5,0.7612990140914917,Luis Muriel,a,1229,Penalty,2016,RightFoot,3561,AC Milan,Sampdoria,0,1,2017-02-05 11:30:00,,Standard
146641,3,MissedShots,0.889000015258789,0.605999984741211,0.32707101106643677,Luis Muriel,h,1229,OpenPlay,2016,LeftFoot,3579,Sampdoria,Bologna,3,1,2017-02-12 17:00:00,Bruno Fernandes,Throughball
146662,76,MissedShots,0.8969999694824219,0.3629999923706055,0.06759870052337646,Luis Muriel,h,1229,OpenPlay,2016,RightFoot,3579,Sampdoria,Bologna,3,1,2017-02-12 17:00:00,Filip Djuricic,TakeOn
146664,81,Goal,0.885,0.5,0.7612990140914917,Luis Muriel,h,1229,Penalty,2016,RightFoot,3579,Sampdoria,Bologna,3,1,2017-02-12 17:00:00,,Standard
147220,21,BlockedShot,0.905,0.6780000305175782,0.066382497549057,Luis Muriel,h,1229,OpenPlay,2016,LeftFoot,3587,Sampdoria,Cagliari,1,1,2017-02-19 14:00:00,Bruno Fernandes,TakeOn
147230,63,MissedShots,0.88,0.6509999847412109,0.10486199706792831,Luis Muriel,h,1229,FromCorner,2016,LeftFoot,3587,Sampdoria,Cagliari,1,1,2017-02-19 14:00:00,Filip Djuricic,Throughball
148473,34,SavedShot,0.899000015258789,0.5,0.13265100121498108,Luis Muriel,h,1229,OpenPlay,2016,LeftFoot,3610,Sampdoria,Pescara,3,1,2017-03-04 17:00:00,Fabio Quagliarella,Throughball
148474,34,MissedShots,0.9359999847412109,0.5279999923706055,0.43479499220848083,Luis Muriel,h,1229,OpenPlay,2016,Head,3610,Sampdoria,Pescara,3,1,2017-03-04 17:00:00,,Rebound
148476,42,MissedShots,0.7240000152587891,0.42700000762939455,0.046319201588630676,Luis Muriel,h,1229,DirectFreekick,2016,RightFoot,3610,Sampdoria,Pescara,3,1,2017-03-04 17:00:00,,Standard
148954,8,MissedShots,0.8230000305175781,0.5570000076293945,0.07082740217447281,Luis Muriel,a,1229,OpenPlay,2016,RightFoot,3619,Genoa,Sampdoria,0,1,2017-03-11 19:45:00,Karol Linetty,Pass
148957,16,MissedShots,0.8430000305175781,0.2720000076293945,0.026700599119067192,Luis Muriel,a,1229,OpenPlay,2016,RightFoot,3619,Genoa,Sampdoria,0,1,2017-03-11 19:45:00,Fabio Quagliarella,Pass
148963,50,ShotOnPost,0.7780000305175782,0.49900001525878906,0.041016701608896255,Luis Muriel,a,1229,OpenPlay,2016,LeftFoot,3619,Genoa,Sampdoria,0,1,2017-03-11 19:45:00,Jacopo Sala,TakeOn
148970,70,Goal,0.8780000305175781,0.5690000152587891,0.09116560220718384,Luis Muriel,a,1229,OpenPlay,2016,RightFoot,3619,Genoa,Sampdoria,0,1,2017-03-11 19:45:00,,BallRecovery
148971,72,BlockedShot,0.8480000305175781,0.6759999847412109,0.05939580127596855,Luis Muriel,a,1229,OpenPlay,2016,RightFoot,3619,Genoa,Sampdoria,0,1,2017-03-11 19:45:00,,Dispossessed
149430,14,SavedShot,0.8080000305175781,0.3160000038146973,0.025954699143767357,Luis Muriel,h,1229,OpenPlay,2016,RightFoot,3626,Sampdoria,Juventus,0,1,2017-03-19 14:00:00,,None
153787,61,SavedShot,0.9219999694824219,0.27899999618530275,0.03598269820213318,Luis Muriel,a,1229,OpenPlay,2016,RightFoot,3710,Udinese,Sampdoria,1,1,2017-05-21 14:00:00,Dennis Praet,Pass
153788,63,Goal,0.885,0.5,0.7612990140914917,Luis Muriel,a,1229,Penalty,2016,RightFoot,3710,Udinese,Sampdoria,1,1,2017-05-21 14:00:00,,Standard
169088,28,MissedShots,0.87,0.655,0.0736204981803894,Luis Muriel,h,1229,OpenPlay,2017,RightFoot,7883,Sevilla,Espanyol,1,1,2017-08-19 21:15:00,Borja Lasso,Chipped
169090,30,SavedShot,0.9369999694824219,0.5729999923706055,0.509319007396698,Luis Muriel,h,1229,OpenPlay,2017,LeftFoot,7883,Sevilla,Espanyol,1,1,2017-08-19 21:15:00,,None
169097,70,ShotOnPost,0.92,0.5829999923706055,0.30396100878715515,Luis Muriel,h,1229,OpenPlay,2017,LeftFoot,7883,Sevilla,Espanyol,1,1,2017-08-19 21:15:00,Nolito,Chipped
169098,80,SavedShot,0.9219999694824219,0.5790000152587891,0.44744300842285156,Luis Muriel,h,1229,OpenPlay,2017,LeftFoot,7883,Sevilla,Espanyol,1,1,2017-08-19 21:15:00,Pablo Sarabia,Pass
169500,91,SavedShot,0.860999984741211,0.5659999847412109,0.6313170194625854,Luis Muriel,a,1229,OpenPlay,2017,RightFoot,7893,Getafe,Sevilla,0,1,2017-08-27 19:15:00,Gabriel Mercado,TakeOn
169974,51,SavedShot,0.9169999694824219,0.6990000152587891,0.1032629981637001,Luis Muriel,a,1229,OpenPlay,2017,LeftFoot,7916,Girona,Sevilla,0,1,2017-09-17 15:15:00,Pablo Sarabia,Throughball
169975,53,SavedShot,0.6990000152587891,0.4879999923706055,0.042860399931669235,Luis Muriel,a,1229,DirectFreekick,2017,RightFoot,7916,Girona,Sevilla,0,1,2017-09-17 15:15:00,,Standard
169978,68,Goal,0.87,0.6329999923706054,0.062298599630594254,Luis Muriel,a,1229,OpenPlay,2017,LeftFoot,7916,Girona,Sevilla,0,1,2017-09-17 15:15:00,Franco Vázquez,Pass
169989,90,SavedShot,0.8619999694824219,0.31799999237060544,0.2504970133304596,Luis Muriel,a,1229,OpenPlay,2017,RightFoot,7916,Girona,Sevilla,0,1,2017-09-17 15:15:00,Steven N&#039;Zonzi,Pass
169990,91,SavedShot,0.7290000152587891,0.72,0.03911390155553818,Luis Muriel,a,1229,DirectFreekick,2017,RightFoot,7916,Girona,Sevilla,0,1,2017-09-17 15:15:00,,Standard
170658,51,BlockedShot,0.825999984741211,0.6630000305175782,0.055483099073171616,Luis Muriel,a,1229,OpenPlay,2017,RightFoot,7937,Atletico Madrid,Sevilla,2,0,2017-09-23 12:00:00,,TakeOn
171155,14,MissedShots,0.899000015258789,0.365,0.31915000081062317,Luis Muriel,h,1229,OpenPlay,2017,RightFoot,7947,Sevilla,Malaga,2,0,2017-09-30 15:15:00,Joaquín Correa,Pass
171169,69,Goal,0.9209999847412109,0.35400001525878905,0.32332301139831543,Luis Muriel,h,1229,OpenPlay,2017,RightFoot,7947,Sevilla,Malaga,2,0,2017-09-30 15:15:00,,TakeOn
170802,82,MissedShots,0.92,0.2589999961853027,0.03168410062789917,Luis Muriel,a,1229,OpenPlay,2017,RightFoot,7951,Athletic Club,Sevilla,1,0,2017-10-14 12:00:00,Franco Vázquez,Pass
171364,2,SavedShot,0.805,0.3189999961853027,0.02981339953839779,Luis Muriel,a,1229,OpenPlay,2017,RightFoot,7964,Valencia,Sevilla,4,0,2017-10-21 17:30:00,,BallRecovery
171370,12,BlockedShot,0.75,0.675,0.053841300308704376,Luis Muriel,a,1229,DirectFreekick,2017,RightFoot,7964,Valencia,Sevilla,4,0,2017-10-21 17:30:00,,Standard
171382,53,BlockedShot,0.915,0.6509999847412109,0.06147110089659691,Luis Muriel,a,1229,OpenPlay,2017,LeftFoot,7964,Valencia,Sevilla,4,0,2017-10-21 17:30:00,Guido Pizarro,Pass
171389,75,MissedShots,0.9480000305175781,0.54,0.1170940026640892,Luis Muriel,a,1229,OpenPlay,2017,Head,7964,Valencia,Sevilla,4,0,2017-10-21 17:30:00,Pablo Sarabia,Aerial
171390,76,BlockedShot,0.8519999694824218,0.759000015258789,0.023852799087762833,Luis Muriel,a,1229,OpenPlay,2017,RightFoot,7964,Valencia,Sevilla,4,0,2017-10-21 17:30:00,Franco Vázquez,Chipped
171392,78,MissedShots,0.835999984741211,0.519000015258789,0.08094850182533264,Luis Muriel,a,1229,OpenPlay,2017,LeftFoot,7964,Valencia,Sevilla,4,0,2017-10-21 17:30:00,Franco Vázquez,Pass
172251,13,MissedShots,0.84,0.4159999847412109,0.06829729676246643,Luis Muriel,a,1229,OpenPlay,2017,RightFoot,7987,Barcelona,Sevilla,2,1,2017-11-05 03:45:00,,BallRecovery
172257,46,MissedShots,0.8330000305175781,0.549000015258789,0.06898000091314316,Luis Muriel,a,1229,OpenPlay,2017,LeftFoot,7987,Barcelona,Sevilla,2,1,2017-11-05 03:45:00,Éver Banega,Pass
172258,54,MissedShots,0.7019999694824218,0.36900001525878906,0.016164099797606468,Luis Muriel,a,1229,OpenPlay,2017,RightFoot,7987,Barcelona,Sevilla,2,1,2017-11-05 03:45:00,Éver Banega,Pass
172486,30,BlockedShot,0.885,0.6309999847412109,0.06479070335626602,Luis Muriel,h,1229,OpenPlay,2017,LeftFoot,7997,Sevilla,Celta Vigo,2,1,2017-11-18 17:30:00,Franco Vázquez,Pass
172489,35,Goal,0.9180000305175782,0.4779999923706055,0.1315860003232956,Luis Muriel,h,1229,SetPiece,2017,Head,7997,Sevilla,Celta Vigo,2,1,2017-11-18 17:30:00,Johannes Geis,Cross
172500,84,MissedShots,0.8519999694824218,0.4759999847412109,0.1325410008430481,Luis Muriel,h,1229,OpenPlay,2017,RightFoot,7997,Sevilla,Celta Vigo,2,1,2017-11-18 17:30:00,Pablo Sarabia,Throughball
171548,3,SavedShot,0.7380000305175781,0.524000015258789,0.023824399337172508,Luis Muriel,a,1229,OpenPlay,2017,RightFoot,8006,Villarreal,Sevilla,2,3,2017-11-26 17:30:00,Joaquín Correa,Pass
171571,64,MissedShots,0.769000015258789,0.764000015258789,0.02015010081231594,Luis Muriel,a,1229,OpenPlay,2017,RightFoot,8006,Villarreal,Sevilla,2,3,2017-11-26 17:30:00,Joaquín Correa,Pass
171575,75,BlockedShot,0.8190000152587891,0.6630000305175782,0.032266899943351746,Luis Muriel,a,1229,OpenPlay,2017,RightFoot,8006,Villarreal,Sevilla,2,3,2017-11-26 17:30:00,Pablo Sarabia,Pass
171578,88,BlockedShot,0.850999984741211,0.43900001525878907,0.09556899964809418,Luis Muriel,a,1229,OpenPlay,2017,RightFoot,8006,Villarreal,Sevilla,2,3,2017-11-26 17:30:00,Éver Banega,Pass
179993,52,SavedShot,0.9259999847412109,0.2989999961853027,0.04628920182585716,Luis Muriel,a,1229,OpenPlay,2017,RightFoot,8025,Real Madrid,Sevilla,5,0,2017-12-09 15:15:00,Jesús Navas,Pass
180000,81,SavedShot,0.8680000305175781,0.38799999237060545,0.07782469689846039,Luis Muriel,a,1229,OpenPlay,2017,RightFoot,8025,Real Madrid,Sevilla,5,0,2017-12-09 15:15:00,Jesús Navas,Pass
184638,90,MissedShots,0.740999984741211,0.754000015258789,0.017093900591135025,Luis Muriel,h,1229,OpenPlay,2017,RightFoot,8036,Sevilla,Levante,0,0,2017-12-15 20:00:00,Sergio Escudero,Pass
188535,22,MissedShots,0.879000015258789,0.6669999694824219,0.06756319850683212,Luis Muriel,a,1229,OpenPlay,2017,LeftFoot,8072,Espanyol,Sevilla,0,3,2018-01-20 12:00:00,Pablo Sarabia,Pass
188550,89,Goal,0.884000015258789,0.5609999847412109,0.1633239984512329,Luis Muriel,a,1229,OpenPlay,2017,RightFoot,8072,Espanyol,Sevilla,0,3,2018-01-20 12:00:00,Pablo Sarabia,TakeOn
190504,71,Goal,0.9390000152587891,0.485,0.1416819989681244,Luis Muriel,h,1229,OpenPlay,2017,RightFoot,8083,Sevilla,Getafe,1,1,2018-01-28 17:30:00,Pablo Sarabia,Pass
190505,74,MissedShots,0.8280000305175781,0.40599998474121096,0.0298008993268013,Luis Muriel,h,1229,SetPiece,2017,LeftFoot,8083,Sevilla,Getafe,1,1,2018-01-28 17:30:00,Éver Banega,Pass
195533,28,MissedShots,0.8059999847412109,0.67,0.02728850021958351,Luis Muriel,h,1229,OpenPlay,2017,RightFoot,8106,Sevilla,Girona,1,0,2018-02-11 11:00:00,Jesús Navas,Pass
198051,2,SavedShot,0.8780000305175781,0.5029999923706054,0.38228800892829895,Luis Muriel,h,1229,OpenPlay,2017,RightFoot,8127,Sevilla,Atletico Madrid,2,5,2018-02-25 19:45:00,Jesús Navas,Pass
198940,23,ShotOnPost,0.9259999847412109,0.5029999923706054,0.43559500575065613,Luis Muriel,h,1229,OpenPlay,2017,Head,8148,Sevilla,Athletic Club,2,0,2018-03-03 15:15:00,Franco Vázquez,Cross
198942,26,Goal,0.950999984741211,0.32799999237060545,0.2215290069580078,Luis Muriel,h,1229,OpenPlay,2017,RightFoot,8148,Sevilla,Athletic Club,2,0,2018-03-03 15:15:00,Franco Vázquez,Pass
198947,39,BlockedShot,0.9359999847412109,0.33599998474121096,0.1319279968738556,Luis Muriel,h,1229,OpenPlay,2017,RightFoot,8148,Sevilla,Athletic Club,2,0,2018-03-03 15:15:00,Pablo Sarabia,Throughball
198950,58,MissedShots,0.9569999694824218,0.4329999923706055,0.36211100220680237,Luis Muriel,h,1229,FromCorner,2017,Head,8148,Sevilla,Athletic Club,2,0,2018-03-03 15:15:00,Éver Banega,Cross
200065,22,BlockedShot,0.95,0.6580000305175782,0.08245529979467392,Luis Muriel,h,1229,OpenPlay,2017,LeftFoot,8158,Sevilla,Valencia,0,2,2018-03-10 15:15:00,Franco Vázquez,Pass
200071,36,MissedShots,0.9080000305175782,0.5579999923706055,0.07601240277290344,Luis Muriel,h,1229,FromCorner,2017,Head,8158,Sevilla,Valencia,0,2,2018-03-10 15:15:00,Pablo Sarabia,Cross
200072,41,ShotOnPost,0.85,0.7140000152587891,0.027755700051784515,Luis Muriel,h,1229,OpenPlay,2017,RightFoot,8158,Sevilla,Valencia,0,2,2018-03-10 15:15:00,Éver Banega,Pass
200083,60,BlockedShot,0.8930000305175781,0.43099998474121093,0.06673909723758698,Luis Muriel,h,1229,OpenPlay,2017,RightFoot,8158,Sevilla,Valencia,0,2,2018-03-10 15:15:00,Franco Vázquez,Cross
204784,15,MissedShots,0.9690000152587891,0.534000015258789,0.5028939843177795,Luis Muriel,h,1229,FromCorner,2017,Head,8177,Sevilla,Barcelona,2,2,2018-03-31 00:00:00,,None
204787,20,MissedShots,0.9209999847412109,0.6959999847412109,0.04451629891991615,Luis Muriel,h,1229,OpenPlay,2017,LeftFoot,8177,Sevilla,Barcelona,2,2,2018-03-31 00:00:00,Joaquín Correa,Pass
204789,21,SavedShot,0.7340000152587891,0.7730000305175782,0.015355399809777737,Luis Muriel,h,1229,OpenPlay,2017,RightFoot,8177,Sevilla,Barcelona,2,2,2018-03-31 00:00:00,Sergio Escudero,TakeOn
204798,49,Goal,0.8680000305175781,0.524000015258789,0.11518900096416473,Luis Muriel,h,1229,OpenPlay,2017,RightFoot,8177,Sevilla,Barcelona,2,2,2018-03-31 00:00:00,,Rebound
204804,61,MissedShots,0.884000015258789,0.605999984741211,0.14258599281311035,Luis Muriel,h,1229,OpenPlay,2017,RightFoot,8177,Sevilla,Barcelona,2,2,2018-03-31 00:00:00,Franco Vázquez,TakeOn
204807,67,MissedShots,0.8930000305175781,0.2670000076293945,0.09821560233831406,Luis Muriel,h,1229,OpenPlay,2017,RightFoot,8177,Sevilla,Barcelona,2,2,2018-03-31 00:00:00,Franco Vázquez,Pass
204810,74,BlockedShot,0.8930000305175781,0.645,0.10100600123405457,Luis Muriel,h,1229,OpenPlay,2017,RightFoot,8177,Sevilla,Barcelona,2,2,2018-03-31 00:00:00,Franco Vázquez,Pass
204814,82,BlockedShot,0.8719999694824219,0.605999984741211,0.11696299910545349,Luis Muriel,h,1229,OpenPlay,2017,RightFoot,8177,Sevilla,Barcelona,2,2,2018-03-31 00:00:00,Nolito,Pass
208215,41,MissedShots,0.9490000152587891,0.48700000762939455,0.1146249994635582,Luis Muriel,h,1229,OpenPlay,2017,RightFoot,8196,Sevilla,Villarreal,2,2,2018-04-14 11:00:00,Steven N&#039;Zonzi,Cross
209519,88,BlockedShot,0.9290000152587891,0.33,0.059815600514411926,Luis Muriel,a,1229,OpenPlay,2017,RightFoot,8206,Deportivo La Coruna,Sevilla,0,0,2018-04-17 17:30:00,Éver Banega,Pass
214426,58,SavedShot,0.8430000305175781,0.48700000762939455,0.42214998602867126,Luis Muriel,h,1229,OpenPlay,2017,RightFoot,8215,Sevilla,Real Madrid,3,2,2018-05-09 20:30:00,Franco Vázquez,Throughball
225622,91,MissedShots,0.78,0.46700000762939453,0.05037679895758629,Luis Muriel,a,1229,OpenPlay,2018,RightFoot,10002,Levante,Sevilla,2,6,2018-09-23 10:00:00,Franco Vázquez,Pass
258325,84,MissedShots,0.7969999694824219,0.6370000076293946,0.025335699319839478,Luis Muriel,a,1229,OpenPlay,2018,RightFoot,10037,Barcelona,Sevilla,4,2,2018-10-20 18:45:00,Éver Banega,Pass
258331,90,Goal,0.8419999694824218,0.639000015258789,0.08120139688253403,Luis Muriel,a,1229,OpenPlay,2018,RightFoot,10037,Barcelona,Sevilla,4,2,2018-10-20 18:45:00,Wissam Ben Yedder,Pass
258923,48,MissedShots,0.94,0.44099998474121094,0.14209799468517303,Luis Muriel,a,1229,OpenPlay,2018,Head,10064,Real Sociedad,Sevilla,0,0,2018-11-04 17:30:00,Jesús Navas,Cross
276479,27,MissedShots,0.774000015258789,0.46599998474121096,0.023313699290156364,Luis Muriel,h,1229,OpenPlay,2018,RightFoot,9768,Fiorentina,Sampdoria,3,3,2019-01-20 14:00:00,,Rebound
276482,33,Goal,0.8959999847412109,0.6530000305175782,0.19054199755191803,Luis Muriel,h,1229,OpenPlay,2018,LeftFoot,9768,Fiorentina,Sampdoria,3,3,2019-01-20 14:00:00,Vitor Hugo,TakeOn
276492,69,Goal,0.8819999694824219,0.33,0.3237670063972473,Luis Muriel,h,1229,OpenPlay,2018,RightFoot,9768,Fiorentina,Sampdoria,3,3,2019-01-20 14:00:00,Federico Chiesa,TakeOn
276743,3,Goal,0.9480000305175781,0.610999984741211,0.4195829927921295,Luis Muriel,a,1229,SetPiece,2018,LeftFoot,9784,Chievo,Fiorentina,3,4,2019-01-27 11:30:00,,None
276758,55,MissedShots,0.8280000305175781,0.36700000762939455,0.22118499875068665,Luis Muriel,a,1229,OpenPlay,2018,RightFoot,9784,Chievo,Fiorentina,3,4,2019-01-27 11:30:00,Alban Lafont,Pass
276773,81,ShotOnPost,0.9490000152587891,0.3820000076293945,0.07960829883813858,Luis Muriel,a,1229,FromCorner,2018,RightFoot,9784,Chievo,Fiorentina,3,4,2019-01-27 11:30:00,,None
277067,22,MissedShots,0.8830000305175781,0.5640000152587891,0.036678798496723175,Luis Muriel,a,1229,OpenPlay,2018,Head,9788,Udinese,Fiorentina,1,1,2019-02-03 14:00:00,Edimilson Fernandes,Cross
277074,47,BlockedShot,0.7669999694824219,0.6140000152587891,0.020949700847268105,Luis Muriel,a,1229,OpenPlay,2018,LeftFoot,9788,Udinese,Fiorentina,1,1,2019-02-03 14:00:00,,None
277079,64,BlockedShot,0.6980000305175781,0.5590000152587891,0.014970299787819386,Luis Muriel,a,1229,OpenPlay,2018,RightFoot,9788,Udinese,Fiorentina,1,1,2019-02-03 14:00:00,Cristiano Biraghi,Pass
277264,31,BlockedShot,0.8030000305175782,0.48200000762939454,0.05116739869117737,Luis Muriel,h,1229,OpenPlay,2018,LeftFoot,9800,Fiorentina,Napoli,0,0,2019-02-09 17:00:00,Edimilson Fernandes,Pass
277547,32,ShotOnPost,0.9590000152587891,0.4809999847412109,0.5938699841499329,Luis Muriel,a,1229,OpenPlay,2018,RightFoot,9815,SPAL 2013,Fiorentina,1,4,2019-02-17 11:30:00,Cristiano Biraghi,Cross
277556,59,MissedShots,0.9209999847412109,0.27600000381469725,0.026156499981880188,Luis Muriel,a,1229,FromCorner,2018,RightFoot,9815,SPAL 2013,Fiorentina,1,4,2019-02-17 11:30:00,Marco Benassi,Chipped
277559,67,MissedShots,0.9119999694824219,0.7319999694824219,0.0422695018351078,Luis Muriel,a,1229,FromCorner,2018,LeftFoot,9815,SPAL 2013,Fiorentina,1,4,2019-02-17 11:30:00,Federico Chiesa,Pass
277951,73,Goal,0.7169999694824218,0.3509999847412109,0.03773749992251396,Luis Muriel,h,1229,DirectFreekick,2018,RightFoot,9819,Fiorentina,Inter,3,3,2019-02-24 19:30:00,,Standard
277953,83,MissedShots,0.7609999847412109,0.5179999923706055,0.024549700319767,Luis Muriel,h,1229,OpenPlay,2018,RightFoot,9819,Fiorentina,Inter,3,3,2019-02-24 19:30:00,,None
278206,2,Goal,0.9130000305175782,0.68,0.06300300359725952,Luis Muriel,a,1229,OpenPlay,2018,LeftFoot,9830,Atalanta,Fiorentina,3,1,2019-03-03 17:00:00,,BallRecovery
278230,69,BlockedShot,0.735,0.6669999694824219,0.04226589947938919,Luis Muriel,a,1229,DirectFreekick,2018,RightFoot,9830,Atalanta,Fiorentina,3,1,2019-03-03 17:00:00,,Standard
285393,12,MissedShots,0.7269999694824218,0.34799999237060547,0.017484299838542938,Luis Muriel,h,1229,OpenPlay,2018,RightFoot,9839,Fiorentina,Lazio,1,1,2019-03-10 19:30:00,Edimilson Fernandes,Pass
285408,60,Goal,0.9280000305175782,0.40599998474121096,0.09151849895715714,Luis Muriel,h,1229,OpenPlay,2018,LeftFoot,9839,Fiorentina,Lazio,1,1,2019-03-10 19:30:00,Kevin Mirallas,Cross
285874,81,BlockedShot,0.9069999694824219,0.6569999694824219,0.05284620076417923,Luis Muriel,a,1229,FromCorner,2018,RightFoot,9848,Cagliari,Fiorentina,2,1,2019-03-15 19:30:00,,None
285876,85,MissedShots,0.7169999694824218,0.4809999847412109,0.01606529951095581,Luis Muriel,a,1229,OpenPlay,2018,RightFoot,9848,Cagliari,Fiorentina,2,1,2019-03-15 19:30:00,Bryan Dabo,Pass
288092,22,SavedShot,0.8859999847412109,0.3160000038146973,0.06892839819192886,Luis Muriel,h,1229,OpenPlay,2018,LeftFoot,9859,Fiorentina,Torino,1,1,2019-03-31 13:00:00,Kevin Mirallas,Pass
288093,32,SavedShot,0.8569999694824219,0.24600000381469728,0.03266090154647827,Luis Muriel,h,1229,OpenPlay,2018,RightFoot,9859,Fiorentina,Torino,1,1,2019-03-31 13:00:00,Jordan Veretout,Pass
288101,59,MissedShots,0.7290000152587891,0.5540000152587891,0.016353700309991837,Luis Muriel,h,1229,OpenPlay,2018,RightFoot,9859,Fiorentina,Torino,1,1,2019-03-31 13:00:00,Vitor Hugo,BallRecovery
291492,11,SavedShot,0.8180000305175781,0.28100000381469725,0.10732699930667877,Luis Muriel,a,1229,OpenPlay,2018,RightFoot,9873,Roma,Fiorentina,2,2,2019-04-03 20:00:00,Gerson,Throughball
291496,23,ShotOnPost,0.6819999694824219,0.5590000152587891,0.008983040228486061,Luis Muriel,a,1229,OpenPlay,2018,RightFoot,9873,Roma,Fiorentina,2,2,2019-04-03 20:00:00,,None
291506,64,BlockedShot,0.8130000305175781,0.42700000762939455,0.054769400507211685,Luis Muriel,a,1229,OpenPlay,2018,RightFoot,9873,Roma,Fiorentina,2,2,2019-04-03 20:00:00,Bryan Dabo,Pass
291515,93,MissedShots,0.789000015258789,0.715,0.022211799398064613,Luis Muriel,a,1229,OpenPlay,2018,RightFoot,9873,Roma,Fiorentina,2,2,2019-04-03 20:00:00,Jordan Veretout,Pass
294093,47,MissedShots,0.8030000305175782,0.645,0.03132329881191254,Luis Muriel,h,1229,OpenPlay,2018,RightFoot,9889,Fiorentina,Bologna,0,0,2019-04-14 14:00:00,Cristiano Biraghi,Pass
294096,63,SavedShot,0.875,0.7019999694824218,0.278874009847641,Luis Muriel,h,1229,OpenPlay,2018,LeftFoot,9889,Fiorentina,Bologna,0,0,2019-04-14 14:00:00,Federico Ceccherini,Chipped
295434,69,SavedShot,0.7709999847412109,0.6270000076293946,0.04111180081963539,Luis Muriel,a,1229,OpenPlay,2018,RightFoot,9901,Juventus,Fiorentina,2,1,2019-04-20 17:00:00,Marco Benassi,Pass
295437,90,BlockedShot,0.8019999694824219,0.4929999923706055,0.04479379951953888,Luis Muriel,a,1229,OpenPlay,2018,RightFoot,9901,Juventus,Fiorentina,2,1,2019-04-20 17:00:00,Edimilson Fernandes,Pass
298523,44,BlockedShot,0.7319999694824219,0.5379999923706055,0.013823499903082848,Luis Muriel,h,1229,OpenPlay,2018,LeftFoot,9915,Fiorentina,Sassuolo,0,1,2019-04-29 20:00:00,Bryan Dabo,TakeOn
298526,72,BlockedShot,0.8780000305175781,0.45599998474121095,0.09812449663877487,Luis Muriel,h,1229,OpenPlay,2018,RightFoot,9915,Fiorentina,Sassuolo,0,1,2019-04-29 20:00:00,Federico Chiesa,Pass
298529,95,MissedShots,0.7859999847412109,0.645,0.01769609935581684,Luis Muriel,h,1229,SetPiece,2018,LeftFoot,9915,Fiorentina,Sassuolo,0,1,2019-04-29 20:00:00,,None
299666,5,SavedShot,0.785,0.5479999923706055,0.0359761007130146,Luis Muriel,a,1229,OpenPlay,2018,LeftFoot,9918,Empoli,Fiorentina,1,0,2019-05-05 11:30:00,Jordan Veretout,Pass
299668,13,SavedShot,0.8730000305175781,0.49900001525878906,0.028661899268627167,Luis Muriel,a,1229,OpenPlay,2018,Head,9918,Empoli,Fiorentina,1,0,2019-05-05 11:30:00,Cristiano Biraghi,Aerial
299670,28,MissedShots,0.7140000152587891,0.4759999847412109,0.015786299481987953,Luis Muriel,a,1229,OpenPlay,2018,RightFoot,9918,Empoli,Fiorentina,1,0,2019-05-05 11:30:00,Marco Benassi,Pass
299685,56,SavedShot,0.865999984741211,0.7330000305175781,0.032712701708078384,Luis Muriel,a,1229,OpenPlay,2018,LeftFoot,9918,Empoli,Fiorentina,1,0,2019-05-05 11:30:00,Marco Benassi,Pass
300997,4,SavedShot,0.8719999694824219,0.7180000305175781,0.03191529959440231,Luis Muriel,h,1229,OpenPlay,2018,RightFoot,9933,Fiorentina,AC Milan,0,1,2019-05-11 19:30:00,Kevin Mirallas,Chipped
301001,17,MissedShots,0.7430000305175781,0.6869999694824219,0.04275650158524513,Luis Muriel,h,1229,DirectFreekick,2018,RightFoot,9933,Fiorentina,AC Milan,0,1,2019-05-11 19:30:00,,Standard
301017,56,MissedShots,0.7980000305175782,0.3940000152587891,0.03829050064086914,Luis Muriel,h,1229,OpenPlay,2018,LeftFoot,9933,Fiorentina,AC Milan,0,1,2019-05-11 19:30:00,Kevin Mirallas,Pass
303181,77,MissedShots,0.7909999847412109,0.7169999694824218,0.022884400561451912,Luis Muriel,a,1229,OpenPlay,2018,RightFoot,9943,Parma Calcio 1913,Fiorentina,1,0,2019-05-19 13:00:00,Vitor Hugo,Pass
303184,91,BlockedShot,0.769000015258789,0.3770000076293945,0.025069300085306168,Luis Muriel,a,1229,OpenPlay,2018,RightFoot,9943,Parma Calcio 1913,Fiorentina,1,0,2019-05-19 13:00:00,Jordan Veretout,Pass
304039,0,SavedShot,0.9490000152587891,0.35200000762939454,0.06068820133805275,Luis Muriel,h,1229,OpenPlay,2018,RightFoot,9950,Fiorentina,Genoa,0,0,2019-05-26 18:30:00,Nikola Milenkovic,Chipped
304043,46,BlockedShot,0.8690000152587891,0.4520000076293945,0.07193309813737869,Luis Muriel,h,1229,SetPiece,2018,RightFoot,9950,Fiorentina,Genoa,0,0,2019-05-26 18:30:00,,None
313405,61,SavedShot,0.8319999694824218,0.36900001525878906,0.04223319888114929,Luis Muriel,a,1229,OpenPlay,2019,LeftFoot,13095,SPAL 2013,Atalanta,2,3,2019-08-25 19:45:00,,None
313406,69,Goal,0.7140000152587891,0.43,0.0157111007720232,Luis Muriel,a,1229,OpenPlay,2019,RightFoot,13095,SPAL 2013,Atalanta,2,3,2019-08-25 19:45:00,Alejandro Gomez,Pass
313409,75,Goal,0.8080000305175781,0.5070000076293946,0.04835529997944832,Luis Muriel,a,1229,OpenPlay,2019,RightFoot,13095,SPAL 2013,Atalanta,2,3,2019-08-25 19:45:00,,None
313410,87,SavedShot,0.904000015258789,0.6969999694824218,0.3130300045013428,Luis Muriel,a,1229,OpenPlay,2019,LeftFoot,13095,SPAL 2013,Atalanta,2,3,2019-08-25 19:45:00,,BallRecovery
316753,71,SavedShot,0.78,0.395,0.03049210086464882,Luis Muriel,h,1229,OpenPlay,2019,RightFoot,13104,Atalanta,Torino,2,3,2019-09-01 19:45:00,Duván Zapata,Pass
316759,87,BlockedShot,0.8909999847412109,0.6719999694824219,0.06196289882063866,Luis Muriel,h,1229,OpenPlay,2019,RightFoot,13104,Atalanta,Torino,2,3,2019-09-01 19:45:00,Josip Ilicic,Pass
317771,63,Goal,0.885,0.5,0.7612990140914917,Luis Muriel,a,1229,Penalty,2019,RightFoot,13111,Genoa,Atalanta,1,2,2019-09-15 10:30:00,,Standard
321307,1,MissedShots,0.7809999847412109,0.6609999847412109,0.06698150187730789,Luis Muriel,h,1229,DirectFreekick,2019,RightFoot,13119,Atalanta,Fiorentina,2,2,2019-09-22 16:00:00,,Standard
321310,13,MissedShots,0.879000015258789,0.69,0.05683419853448868,Luis Muriel,h,1229,OpenPlay,2019,LeftFoot,13119,Atalanta,Fiorentina,2,2,2019-09-22 16:00:00,Marten de Roon,Pass
321312,20,SavedShot,0.8580000305175781,0.6719999694824219,0.04358949884772301,Luis Muriel,h,1229,OpenPlay,2019,RightFoot,13119,Atalanta,Fiorentina,2,2,2019-09-22 16:00:00,Ruslan Malinovskiy,Chipped
321318,35,ShotOnPost,0.905,0.67,0.280925989151001,Luis Muriel,h,1229,OpenPlay,2019,LeftFoot,13119,Atalanta,Fiorentina,2,2,2019-09-22 16:00:00,Ruslan Malinovskiy,Pass
324811,67,SavedShot,0.7959999847412109,0.57,0.06578280031681061,Luis Muriel,h,1229,OpenPlay,2019,RightFoot,13149,Atalanta,Lecce,3,1,2019-10-06 14:00:00,Marten de Roon,TakeOn
324815,76,SavedShot,0.870999984741211,0.49700000762939456,0.3970009982585907,Luis Muriel,h,1229,OpenPlay,2019,LeftFoot,13149,Atalanta,Lecce,3,1,2019-10-06 14:00:00,Remo Freuler,Pass
324820,91,SavedShot,0.855999984741211,0.27100000381469724,0.04544369876384735,Luis Muriel,h,1229,OpenPlay,2019,RightFoot,13149,Atalanta,Lecce,3,1,2019-10-06 14:00:00,Ruslan Malinovskiy,Pass
325336,11,MissedShots,0.875999984741211,0.5329999923706055,0.1148340031504631,Luis Muriel,a,1229,OpenPlay,2019,LeftFoot,13162,Lazio,Atalanta,3,3,2019-10-19 14:00:00,Alejandro Gomez,Pass
325338,20,MissedShots,0.774000015258789,0.615,0.025944700464606285,Luis Muriel,a,1229,OpenPlay,2019,RightFoot,13162,Lazio,Atalanta,3,3,2019-10-19 14:00:00,Robin Gosens,Pass
325339,22,Goal,0.8630000305175781,0.5529999923706055,0.10194399952888489,Luis Muriel,a,1229,OpenPlay,2019,RightFoot,13162,Lazio,Atalanta,3,3,2019-10-19 14:00:00,Robin Gosens,Pass
325340,24,MissedShots,0.8690000152587891,0.39,0.0833015963435173,Luis Muriel,a,1229,OpenPlay,2019,RightFoot,13162,Lazio,Atalanta,3,3,2019-10-19 14:00:00,,None
325341,27,Goal,0.755,0.8230000305175781,0.02978000044822693,Luis Muriel,a,1229,DirectFreekick,2019,RightFoot,13162,Lazio,Atalanta,3,3,2019-10-19 14:00:00,,Standard
327790,6,MissedShots,0.9690000152587891,0.4640000152587891,0.7082700133323669,Luis Muriel,h,1229,OpenPlay,2019,RightFoot,13169,Atalanta,Udinese,7,1,2019-10-27 14:00:00,Hans Hateboer,Pass
327796,34,Goal,0.885,0.5,0.7612990140914917,Luis Muriel,h,1229,Penalty,2019,RightFoot,13169,Atalanta,Udinese,7,1,2019-10-27 14:00:00,,Standard
327803,46,Goal,0.919000015258789,0.47400001525878904,0.5655570030212402,Luis Muriel,h,1229,OpenPlay,2019,RightFoot,13169,Atalanta,Udinese,7,1,2019-10-27 14:00:00,Alejandro Gomez,Pass
327815,74,Goal,0.885,0.5,0.7612990140914917,Luis Muriel,h,1229,Penalty,2019,RightFoot,13169,Atalanta,Udinese,7,1,2019-10-27 14:00:00,,Standard
329666,22,BlockedShot,0.8080000305175781,0.549000015258789,0.046541400253772736,Luis Muriel,h,1229,OpenPlay,2019,RightFoot,13189,Atalanta,Cagliari,0,2,2019-11-03 11:30:00,,None
329668,23,BlockedShot,0.7180000305175781,0.55,0.012112000025808811,Luis Muriel,h,1229,SetPiece,2019,RightFoot,13189,Atalanta,Cagliari,0,2,2019-11-03 11:30:00,,Rebound
329678,59,BlockedShot,0.875999984741211,0.5459999847412109,0.02975109964609146,Luis Muriel,h,1229,OpenPlay,2019,Head,13189,Atalanta,Cagliari,0,2,2019-11-03 11:30:00,Timothy Castagne,Cross
329680,68,MissedShots,0.8730000305175781,0.4909999847412109,0.031644999980926514,Luis Muriel,h,1229,OpenPlay,2019,Head,13189,Atalanta,Cagliari,0,2,2019-11-03 11:30:00,Timothy Castagne,Cross
331297,39,BlockedShot,0.9569999694824218,0.585999984741211,0.10644199699163437,Luis Muriel,a,1229,FromCorner,2019,RightFoot,13206,Sampdoria,Atalanta,0,0,2019-11-10 14:00:00,,None
331301,47,MissedShots,0.89,0.5359999847412109,0.09722460061311722,Luis Muriel,a,1229,OpenPlay,2019,RightFoot,13206,Sampdoria,Atalanta,0,0,2019-11-10 14:00:00,Hans Hateboer,Cross
331305,58,MissedShots,0.879000015258789,0.5609999847412109,0.0710752010345459,Luis Muriel,a,1229,OpenPlay,2019,LeftFoot,13206,Sampdoria,Atalanta,0,0,2019-11-10 14:00:00,Ruslan Malinovskiy,Cross
331986,61,BlockedShot,0.8830000305175781,0.365,0.1298220008611679,Luis Muriel,h,1229,OpenPlay,2019,RightFoot,13209,Atalanta,Juventus,1,3,2019-11-23 14:00:00,Alejandro Gomez,Pass
331993,76,SavedShot,0.6890000152587891,0.5,0.012277199886739254,Luis Muriel,h,1229,OpenPlay,2019,RightFoot,13209,Atalanta,Juventus,1,3,2019-11-23 14:00:00,Remo Freuler,Pass
333464,0,MissedShots,0.835,0.45799999237060546,0.11487200111150742,Luis Muriel,a,1229,OpenPlay,2019,RightFoot,13219,Brescia,Atalanta,0,3,2019-11-30 14:00:00,Josip Ilicic,Pass
333471,13,SavedShot,0.8959999847412109,0.57,0.054402001202106476,Luis Muriel,a,1229,FromCorner,2019,RightFoot,13219,Brescia,Atalanta,0,3,2019-11-30 14:00:00,Alejandro Gomez,Cross
333478,34,SavedShot,0.794000015258789,0.63,0.03801180049777031,Luis Muriel,a,1229,OpenPlay,2019,RightFoot,13219,Brescia,Atalanta,0,3,2019-11-30 14:00:00,Robin Gosens,Pass
335511,10,SavedShot,0.8919999694824219,0.5879999923706055,0.3557940125465393,Luis Muriel,h,1229,OpenPlay,2019,LeftFoot,13229,Atalanta,Verona,3,2,2019-12-07 14:00:00,,None
335515,33,SavedShot,0.8780000305175781,0.69,0.039826899766922,Luis Muriel,h,1229,OpenPlay,2019,LeftFoot,13229,Atalanta,Verona,3,2,2019-12-07 14:00:00,Alejandro Gomez,Chipped
335521,46,BlockedShot,0.9269999694824219,0.3970000076293945,0.11671800166368484,Luis Muriel,h,1229,OpenPlay,2019,RightFoot,13229,Atalanta,Verona,3,2,2019-12-07 14:00:00,Ruslan Malinovskiy,Pass
335526,63,Goal,0.885,0.5,0.7612990140914917,Luis Muriel,h,1229,Penalty,2019,RightFoot,13229,Atalanta,Verona,3,2,2019-12-07 14:00:00,,Standard
337618,29,BlockedShot,0.8159999847412109,0.7680000305175781,0.01654299907386303,Luis Muriel,a,1229,OpenPlay,2019,RightFoot,13239,Bologna,Atalanta,2,1,2019-12-15 14:00:00,,None
337624,47,MissedShots,0.7609999847412109,0.49700000762939456,0.01163719967007637,Luis Muriel,a,1229,OpenPlay,2019,RightFoot,13239,Bologna,Atalanta,2,1,2019-12-15 14:00:00,,Aerial
337627,54,MissedShots,0.89,0.27299999237060546,0.026886900886893272,Luis Muriel,a,1229,OpenPlay,2019,RightFoot,13239,Bologna,Atalanta,2,1,2019-12-15 14:00:00,,None
339152,82,Goal,0.8540000152587891,0.51,0.407925009727478,Luis Muriel,h,1229,OpenPlay,2019,RightFoot,13249,Atalanta,AC Milan,5,0,2019-12-22 11:30:00,,TakeOn
354001,35,MissedShots,0.759000015258789,0.654000015258789,0.022305600345134735,Luis Muriel,h,1229,OpenPlay,2019,RightFoot,13259,Atalanta,Parma Calcio 1913,5,0,2020-01-06 14:00:00,Berat Gjimshiti,Pass
354002,37,SavedShot,0.8809999847412109,0.3029999923706055,0.0706837996840477,Luis Muriel,h,1229,OpenPlay,2019,RightFoot,13259,Atalanta,Parma Calcio 1913,5,0,2020-01-06 14:00:00,Josip Ilicic,Pass
354007,53,MissedShots,0.7390000152587891,0.625,0.04898989945650101,Luis Muriel,h,1229,DirectFreekick,2019,RightFoot,13259,Atalanta,Parma Calcio 1913,5,0,2020-01-06 14:00:00,,Standard
354348,78,SavedShot,0.8819999694824219,0.46099998474121096,0.03187369927763939,Luis Muriel,a,1229,OpenPlay,2019,Head,13272,Inter,Atalanta,1,1,2020-01-11 19:45:00,Hans Hateboer,Aerial
354349,83,BlockedShot,0.7669999694824219,0.5929999923706055,0.07162640243768692,Luis Muriel,a,1229,DirectFreekick,2019,RightFoot,13272,Inter,Atalanta,1,1,2020-01-11 19:45:00,,Standard
354352,87,SavedShot,0.885,0.5,0.7612990140914917,Luis Muriel,a,1229,Penalty,2019,RightFoot,13272,Inter,Atalanta,1,1,2020-01-11 19:45:00,,Standard
356076,85,Goal,0.885,0.5,0.7612990140914917,Luis Muriel,a,1229,Penalty,2019,RightFoot,13297,Torino,Atalanta,0,7,2020-01-25 19:45:00,,Standard
356077,87,Goal,0.9159999847412109,0.6559999847412109,0.09521389752626419,Luis Muriel,a,1229,OpenPlay,2019,LeftFoot,13297,Torino,Atalanta,0,7,2020-01-25 19:45:00,Alejandro Gomez,Pass
359218,93,SavedShot,0.725999984741211,0.7669999694824219,0.029994800686836243,Luis Muriel,h,1229,DirectFreekick,2019,RightFoot,13319,Atalanta,Roma,2,1,2020-02-15 19:45:00,,Standard
361336,78,SavedShot,0.8569999694824219,0.5570000076293945,0.11517500132322311,Luis Muriel,a,1229,OpenPlay,2019,RightFoot,13342,Lecce,Atalanta,2,7,2020-03-01 14:00:00,Ruslan Malinovskiy,Pass
361339,86,ShotOnPost,0.845,0.5029999923706054,0.4245530068874359,Luis Muriel,a,1229,OpenPlay,2019,RightFoot,13342,Lecce,Atalanta,2,7,2020-03-01 14:00:00,Ruslan Malinovskiy,Throughball
361340,86,Goal,0.9159999847412109,0.5940000152587891,0.49692100286483765,Luis Muriel,a,1229,OpenPlay,2019,RightFoot,13342,Lecce,Atalanta,2,7,2020-03-01 14:00:00,,None
365857,77,SavedShot,0.8580000305175781,0.66,0.07955709844827652,Luis Muriel,h,1229,OpenPlay,2019,RightFoot,13329,Atalanta,Sassuolo,4,1,2020-06-21 17:30:00,Mario Pasalic,Pass
366474,78,BlockedShot,0.895,0.40700000762939453,0.1212019994854927,Luis Muriel,h,1229,OpenPlay,2019,LeftFoot,13349,Atalanta,Lazio,3,2,2020-06-24 19:45:00,,TakeOn
366479,90,BlockedShot,0.9180000305175782,0.42400001525878905,0.1396609991788864,Luis Muriel,h,1229,OpenPlay,2019,RightFoot,13349,Atalanta,Lazio,3,2,2020-06-24 19:45:00,Hans Hateboer,Pass
367482,67,SavedShot,0.8919999694824219,0.625999984741211,0.09749040007591248,Luis Muriel,a,1229,OpenPlay,2019,LeftFoot,13368,Udinese,Atalanta,2,3,2020-06-28 17:30:00,Robin Gosens,Pass
367483,70,Goal,0.749000015258789,0.5459999847412109,0.06300369650125504,Luis Muriel,a,1229,DirectFreekick,2019,RightFoot,13368,Udinese,Atalanta,2,3,2020-06-28 17:30:00,,Standard
367484,72,SavedShot,0.7859999847412109,0.335,0.03357600048184395,Luis Muriel,a,1229,OpenPlay,2019,LeftFoot,13368,Udinese,Atalanta,2,3,2020-06-28 17:30:00,,Dispossessed
367486,77,SavedShot,0.7280000305175781,0.5179999923706055,0.014772200025618076,Luis Muriel,a,1229,FromCorner,2019,RightFoot,13368,Udinese,Atalanta,2,3,2020-06-28 17:30:00,,None
367487,78,Goal,0.74,0.4109999847412109,0.02245750091969967,Luis Muriel,a,1229,OpenPlay,2019,RightFoot,13368,Udinese,Atalanta,2,3,2020-06-28 17:30:00,Alejandro Gomez,Pass
369167,22,ShotOnPost,0.9359999847412109,0.6569999694824219,0.0905596986413002,Luis Muriel,a,1229,OpenPlay,2019,LeftFoot,13386,Cagliari,Atalanta,0,1,2020-07-05 17:30:00,Marten de Roon,TakeOn
369169,26,Goal,0.885,0.5,0.7612990140914917,Luis Muriel,a,1229,Penalty,2019,RightFoot,13386,Cagliari,Atalanta,0,1,2020-07-05 17:30:00,,Standard
369170,30,MissedShots,0.914000015258789,0.4809999847412109,0.13248799741268158,Luis Muriel,a,1229,OpenPlay,2019,RightFoot,13386,Cagliari,Atalanta,0,1,2020-07-05 17:30:00,,BallTouch
369173,38,SavedShot,0.9180000305175782,0.54,0.058501798659563065,Luis Muriel,a,1229,OpenPlay,2019,Head,13386,Cagliari,Atalanta,0,1,2020-07-05 17:30:00,Bosko Sutalo,Aerial
369174,40,BlockedShot,0.7530000305175781,0.3770000076293945,0.05684259906411171,Luis Muriel,a,1229,DirectFreekick,2019,RightFoot,13386,Cagliari,Atalanta,0,1,2020-07-05 17:30:00,,Standard
369179,44,BlockedShot,0.8159999847412109,0.5279999923706055,0.16320399940013885,Luis Muriel,a,1229,DirectFreekick,2019,RightFoot,13386,Cagliari,Atalanta,0,1,2020-07-05 17:30:00,,Standard
369923,84,Goal,0.8090000152587891,0.5220000076293946,0.0350663997232914,Luis Muriel,h,1229,FromCorner,2019,RightFoot,13389,Atalanta,Sampdoria,2,0,2020-07-08 19:45:00,,None
370612,73,BlockedShot,0.7030000305175781,0.64,0.03424660116434097,Luis Muriel,a,1229,DirectFreekick,2019,RightFoot,13403,Juventus,Atalanta,2,2,2020-07-11 19:45:00,,Standard
373019,48,SavedShot,0.9030000305175782,0.63,0.08149780333042145,Luis Muriel,h,1229,OpenPlay,2019,LeftFoot,13429,Atalanta,Bologna,1,0,2020-07-21 17:30:00,Robin Gosens,BlockedPass
373026,61,Goal,0.850999984741211,0.4159999847412109,0.0682343989610672,Luis Muriel,h,1229,OpenPlay,2019,RightFoot,13429,Atalanta,Bologna,1,0,2020-07-21 17:30:00,Duván Zapata,Pass
373539,86,BlockedShot,0.779000015258789,0.39599998474121095,0.028826000168919563,Luis Muriel,a,1229,OpenPlay,2019,RightFoot,13440,AC Milan,Atalanta,1,1,2020-07-24 19:45:00,Mario Pasalic,Pass
374067,62,MissedShots,0.8909999847412109,0.3120000076293945,0.08087319880723953,Luis Muriel,a,1229,OpenPlay,2019,RightFoot,13457,Parma Calcio 1913,Atalanta,1,2,2020-07-28 17:30:00,Duván Zapata,Pass
374070,67,MissedShots,0.88,0.6480000305175782,0.06816370040178299,Luis Muriel,a,1229,OpenPlay,2019,LeftFoot,13457,Parma Calcio 1913,Atalanta,1,2,2020-07-28 17:30:00,Timothy Castagne,Pass
374073,85,BlockedShot,0.9059999847412109,0.51,0.1446409970521927,Luis Muriel,a,1229,OpenPlay,2019,LeftFoot,13457,Parma Calcio 1913,Atalanta,1,2,2020-07-28 17:30:00,Duván Zapata,Pass
378671,11,MissedShots,0.85,0.265,0.015108900144696236,Luis Muriel,a,1229,FromCorner,2020,RightFoot,14123,Torino,Atalanta,2,4,2020-09-26 13:00:00,,Aerial
378677,20,Goal,0.9269999694824219,0.29,0.04363119974732399,Luis Muriel,a,1229,OpenPlay,2020,RightFoot,14123,Torino,Atalanta,2,4,2020-09-26 13:00:00,Alejandro Gomez,Chipped
378679,32,BlockedShot,0.7480000305175781,0.29,0.019411399960517883,Luis Muriel,a,1229,OpenPlay,2020,RightFoot,14123,Torino,Atalanta,2,4,2020-09-26 13:00:00,Marten de Roon,Pass
378683,46,MissedShots,0.8809999847412109,0.34599998474121096,0.08876380324363708,Luis Muriel,a,1229,OpenPlay,2020,RightFoot,14123,Torino,Atalanta,2,4,2020-09-26 13:00:00,Alejandro Gomez,Pass
380169,86,MissedShots,0.8380000305175781,0.5779999923706055,0.26427799463272095,Luis Muriel,a,1229,OpenPlay,2020,RightFoot,14135,Lazio,Atalanta,1,4,2020-09-30 18:45:00,Ruslan Malinovskiy,Pass
380897,6,Goal,0.8209999847412109,0.5220000076293946,0.2515200078487396,Luis Muriel,h,1229,OpenPlay,2020,RightFoot,15450,Atalanta,Cagliari,5,2,2020-10-04 10:30:00,José Luis Palomino,Pass
380898,10,MissedShots,0.9280000305175782,0.95,0.03164669871330261,Luis Muriel,h,1229,DirectFreekick,2020,RightFoot,15450,Atalanta,Cagliari,5,2,2020-10-04 10:30:00,,Standard
380901,19,MissedShots,0.915,0.4570000076293945,0.07248079776763916,Luis Muriel,h,1229,SetPiece,2020,Head,15450,Atalanta,Cagliari,5,2,2020-10-04 10:30:00,Mario Pasalic,Chipped
380915,50,SavedShot,0.97,0.4879999923706055,0.9255949854850769,Luis Muriel,h,1229,OpenPlay,2020,LeftFoot,15450,Atalanta,Cagliari,5,2,2020-10-04 10:30:00,,Rebound
384490,4,MissedShots,0.9080000305175782,0.2989999961853027,0.11525700241327286,Luis Muriel,a,1229,OpenPlay,2020,RightFoot,15477,Crotone,Atalanta,1,2,2020-10-31 14:00:00,Rafael Toloi,Throughball
384492,7,SavedShot,0.915,0.5579999923706055,0.44099700450897217,Luis Muriel,a,1229,OpenPlay,2020,RightFoot,15477,Crotone,Atalanta,1,2,2020-10-31 14:00:00,Ruslan Malinovskiy,Pass
384493,21,BlockedShot,0.9169999694824219,0.6859999847412109,0.060954101383686066,Luis Muriel,a,1229,OpenPlay,2020,LeftFoot,15477,Crotone,Atalanta,1,2,2020-10-31 14:00:00,Ruslan Malinovskiy,Pass
384494,25,Goal,0.860999984741211,0.3370000076293945,0.056866999715566635,Luis Muriel,a,1229,OpenPlay,2020,RightFoot,15477,Crotone,Atalanta,1,2,2020-10-31 14:00:00,Ruslan Malinovskiy,Pass
384498,35,SavedShot,0.9469999694824218,0.69,0.12866699695587158,Luis Muriel,a,1229,OpenPlay,2020,LeftFoot,15477,Crotone,Atalanta,1,2,2020-10-31 14:00:00,Alejandro Gomez,Throughball
384499,37,Goal,0.8419999694824218,0.5720000076293945,0.09539009630680084,Luis Muriel,a,1229,OpenPlay,2020,RightFoot,15477,Crotone,Atalanta,1,2,2020-10-31 14:00:00,Remo Freuler,Pass
386618,82,MissedShots,0.725,0.6459999847412109,0.015873100608587265,Luis Muriel,h,1229,OpenPlay,2020,RightFoot,15486,Atalanta,Inter,1,1,2020-11-08 14:00:00,Alejandro Gomez,Pass
386619,84,MissedShots,0.9519999694824218,0.5159999847412109,0.5558729767799377,Luis Muriel,h,1229,OpenPlay,2020,Head,15486,Atalanta,Inter,1,1,2020-11-08 14:00:00,Remo Freuler,Cross
389103,70,MissedShots,0.8619999694824219,0.5359999847412109,0.08096040040254593,Luis Muriel,h,1229,OpenPlay,2020,LeftFoot,15506,Atalanta,Verona,0,2,2020-11-28 19:45:00,Marten de Roon,Pass
389105,77,MissedShots,0.855999984741211,0.524000015258789,0.018490299582481384,Luis Muriel,h,1229,OpenPlay,2020,Head,15506,Atalanta,Verona,0,2,2020-11-28 19:45:00,Hans Hateboer,Aerial
389107,84,MissedShots,0.784000015258789,0.3240000152587891,0.020517800003290176,Luis Muriel,h,1229,OpenPlay,2020,RightFoot,15506,Atalanta,Verona,0,2,2020-11-28 19:45:00,Sam Lammers,Pass
394730,71,Goal,0.9019999694824219,0.5509999847412109,0.43997400999069214,Luis Muriel,h,1229,OpenPlay,2020,LeftFoot,15546,Atalanta,Roma,4,1,2020-12-20 17:00:00,,BallRecovery
394731,73,BlockedShot,0.700999984741211,0.3820000076293945,0.018726300448179245,Luis Muriel,h,1229,OpenPlay,2020,RightFoot,15546,Atalanta,Roma,4,1,2020-12-20 17:00:00,Ruslan Malinovskiy,Pass
395391,21,Goal,0.885,0.5,0.7612590193748474,Luis Muriel,a,1229,Penalty,2020,RightFoot,15556,Bologna,Atalanta,2,2,2020-12-23 19:45:00,,Standard
395392,22,Goal,0.895,0.5579999923706055,0.19465799629688263,Luis Muriel,a,1229,OpenPlay,2020,LeftFoot,15556,Bologna,Atalanta,2,2,2020-12-23 19:45:00,,TakeOn
395399,49,SavedShot,0.8419999694824218,0.77,0.03418000042438507,Luis Muriel,a,1229,OpenPlay,2020,RightFoot,15556,Bologna,Atalanta,2,2,2020-12-23 19:45:00,Remo Freuler,Pass
396707,66,Goal,0.9080000305175782,0.534000015258789,0.525393009185791,Luis Muriel,h,1229,OpenPlay,2020,RightFoot,15566,Atalanta,Sassuolo,5,1,2021-01-03 14:00:00,Remo Freuler,Pass
396714,84,BlockedShot,0.8919999694824219,0.6559999847412109,0.10785199701786041,Luis Muriel,h,1229,OpenPlay,2020,RightFoot,15566,Atalanta,Sassuolo,5,1,2021-01-03 14:00:00,Aleksey Miranchuk,Pass
397179,14,Goal,0.9119999694824219,0.5929999923706055,0.3721809983253479,Luis Muriel,h,1229,OpenPlay,2020,LeftFoot,15576,Atalanta,Parma Calcio 1913,3,0,2021-01-06 14:00:00,Josip Ilicic,Throughball
397181,21,SavedShot,0.7869999694824219,0.7069999694824218,0.028079399839043617,Luis Muriel,h,1229,OpenPlay,2020,RightFoot,15576,Atalanta,Parma Calcio 1913,3,0,2021-01-06 14:00:00,Berat Gjimshiti,Pass
397183,37,MissedShots,0.81,0.5120000076293946,0.06631139665842056,Luis Muriel,h,1229,OpenPlay,2020,RightFoot,15576,Atalanta,Parma Calcio 1913,3,0,2021-01-06 14:00:00,Robin Gosens,Pass
397765,78,SavedShot,0.8719999694824219,0.445,0.32765400409698486,Luis Muriel,a,1229,OpenPlay,2020,LeftFoot,15586,Benevento,Atalanta,1,4,2021-01-09 14:00:00,Ruslan Malinovskiy,Pass
397767,82,SavedShot,0.8640000152587891,0.555,0.1073710024356842,Luis Muriel,a,1229,OpenPlay,2020,LeftFoot,15586,Benevento,Atalanta,1,4,2021-01-09 14:00:00,Josip Ilicic,Pass
397769,85,Goal,0.805,0.6759999847412109,0.04712599888443947,Luis Muriel,a,1229,OpenPlay,2020,RightFoot,15586,Benevento,Atalanta,1,4,2021-01-09 14:00:00,Ruslan Malinovskiy,Pass
399500,59,MissedShots,0.8580000305175781,0.5309999847412109,0.0753989964723587,Luis Muriel,h,1229,OpenPlay,2020,RightFoot,15596,Atalanta,Genoa,0,0,2021-01-17 17:00:00,,None
399504,67,MissedShots,0.8669999694824219,0.5720000076293945,0.07951880246400833,Luis Muriel,h,1229,OpenPlay,2020,LeftFoot,15596,Atalanta,Genoa,0,0,2021-01-17 17:00:00,Remo Freuler,HeadPass
399506,72,MissedShots,0.78,0.6370000076293946,0.07257819920778275,Luis Muriel,h,1229,DirectFreekick,2020,RightFoot,15596,Atalanta,Genoa,0,0,2021-01-17 17:00:00,,Standard
399865,15,MissedShots,0.7130000305175781,0.5659999847412109,0.041810598224401474,Luis Muriel,a,1229,DirectFreekick,2020,RightFoot,15524,Udinese,Atalanta,1,1,2021-01-20 16:00:00,,Standard
399873,43,Goal,0.9309999847412109,0.475,0.6153920292854309,Luis Muriel,a,1229,OpenPlay,2020,RightFoot,15524,Udinese,Atalanta,1,1,2021-01-20 16:00:00,Matteo Pessina,TakeOn
402165,78,ShotOnPost,0.8690000152587891,0.5379999923706055,0.31825101375579834,Luis Muriel,h,1229,OpenPlay,2020,LeftFoot,15618,Atalanta,Lazio,1,3,2021-01-31 14:00:00,Sam Lammers,TakeOn
403054,20,SavedShot,0.9009999847412109,0.634000015258789,0.2874009907245636,Luis Muriel,h,1229,OpenPlay,2020,RightFoot,15634,Atalanta,Torino,3,3,2021-02-06 14:00:00,Josip Ilicic,Pass
403055,20,Goal,0.960999984741211,0.53,0.8965139985084534,Luis Muriel,h,1229,OpenPlay,2020,RightFoot,15634,Atalanta,Torino,3,3,2021-02-06 14:00:00,,Rebound
404704,77,BlockedShot,0.8009999847412109,0.5209999847412109,0.04549439996480942,Luis Muriel,a,1229,OpenPlay,2020,RightFoot,15636,Cagliari,Atalanta,0,1,2021-02-14 14:00:00,,None
404709,89,Goal,0.8590000152587891,0.645,0.059518199414014816,Luis Muriel,a,1229,OpenPlay,2020,RightFoot,15636,Cagliari,Atalanta,0,1,2021-02-14 14:00:00,Aleksey Miranchuk,TakeOn
406146,4,BlockedShot,0.9490000152587891,0.7,0.05108730122447014,Luis Muriel,h,1229,OpenPlay,2020,RightFoot,15649,Atalanta,Napoli,4,2,2021-02-21 17:00:00,Robin Gosens,Pass
406161,69,MissedShots,0.8380000305175781,0.6819999694824219,0.04862229898571968,Luis Muriel,h,1229,OpenPlay,2020,RightFoot,15649,Atalanta,Napoli,4,2,2021-02-21 17:00:00,Matteo Pessina,Pass
406162,70,Goal,0.914000015258789,0.6809999847412109,0.07628600299358368,Luis Muriel,h,1229,OpenPlay,2020,LeftFoot,15649,Atalanta,Napoli,4,2,2021-02-21 17:00:00,,BallRecovery
406167,80,MissedShots,0.8569999694824219,0.7269999694824218,0.12710799276828766,Luis Muriel,h,1229,OpenPlay,2020,LeftFoot,15649,Atalanta,Napoli,4,2,2021-02-21 17:00:00,Matteo Pessina,Chipped
407032,4,SavedShot,0.850999984741211,0.6959999847412109,0.039462801069021225,Luis Muriel,a,1229,OpenPlay,2020,RightFoot,15656,Sampdoria,Atalanta,0,2,2021-02-28 11:30:00,Rafael Toloi,Pass
408000,18,SavedShot,0.9209999847412109,0.5,0.5722360014915466,Luis Muriel,h,1229,OpenPlay,2020,RightFoot,15675,Atalanta,Crotone,5,1,2021-03-03 19:45:00,Josip Ilicic,Pass
408004,42,SavedShot,0.8419999694824218,0.4779999923706055,0.09021110087633133,Luis Muriel,h,1229,OpenPlay,2020,RightFoot,15675,Atalanta,Crotone,5,1,2021-03-03 19:45:00,Ruslan Malinovskiy,Pass
408009,49,Goal,0.925,0.455,0.5189329981803894,Luis Muriel,h,1229,OpenPlay,2020,LeftFoot,15675,Atalanta,Crotone,5,1,2021-03-03 19:45:00,,None
408011,58,MissedShots,0.88,0.35700000762939454,0.10232699662446976,Luis Muriel,h,1229,OpenPlay,2020,RightFoot,15675,Atalanta,Crotone,5,1,2021-03-03 19:45:00,Joakim Maehle,Pass
409363,75,SavedShot,0.9280000305175782,0.7119999694824218,0.04286219924688339,Luis Muriel,a,1229,OpenPlay,2020,LeftFoot,15676,Inter,Atalanta,1,0,2021-03-08 19:45:00,,None
409584,54,Goal,0.8269999694824218,0.654000015258789,0.02866620011627674,Luis Muriel,h,1229,OpenPlay,2020,RightFoot,15693,Atalanta,Spezia,3,1,2021-03-12 19:45:00,Robin Gosens,HeadPass
409586,64,SavedShot,0.785,0.5459999847412109,0.07726939767599106,Luis Muriel,h,1229,OpenPlay,2020,RightFoot,15693,Atalanta,Spezia,3,1,2021-03-12 19:45:00,Remo Freuler,TakeOn
411564,78,MissedShots,0.8080000305175781,0.46599998474121096,0.07473090291023254,Luis Muriel,a,1229,OpenPlay,2020,RightFoot,15696,Verona,Atalanta,0,2,2021-03-21 11:30:00,Josip Ilicic,Pass
411566,86,MissedShots,0.9030000305175782,0.625,0.29249900579452515,Luis Muriel,a,1229,OpenPlay,2020,RightFoot,15696,Verona,Atalanta,0,2,2021-03-21 11:30:00,Ruslan Malinovskiy,Pass
412239,7,BlockedShot,0.7969999694824219,0.654000015258789,0.027312500402331352,Luis Muriel,h,1229,OpenPlay,2020,RightFoot,15714,Atalanta,Udinese,3,2,2021-04-03 13:00:00,Matteo Pessina,Pass
412240,13,SavedShot,0.705,0.6070000076293945,0.03676469996571541,Luis Muriel,h,1229,DirectFreekick,2020,RightFoot,15714,Atalanta,Udinese,3,2,2021-04-03 13:00:00,,Standard
412242,18,Goal,0.8530000305175781,0.67,0.05096939951181412,Luis Muriel,h,1229,OpenPlay,2020,LeftFoot,15714,Atalanta,Udinese,3,2,2021-04-03 13:00:00,Matteo Pessina,Pass
412244,25,BlockedShot,0.8730000305175781,0.40700000762939453,0.11312799900770187,Luis Muriel,h,1229,OpenPlay,2020,RightFoot,15714,Atalanta,Udinese,3,2,2021-04-03 13:00:00,Matteo Pessina,TakeOn
412251,42,Goal,0.9259999847412109,0.4759999847412109,0.5493999719619751,Luis Muriel,h,1229,OpenPlay,2020,RightFoot,15714,Atalanta,Udinese,3,2,2021-04-03 13:00:00,Ruslan Malinovskiy,Pass
414823,58,BlockedShot,0.73,0.4909999847412109,0.05195600166916847,Luis Muriel,a,1229,DirectFreekick,2020,RightFoot,15716,Fiorentina,Atalanta,2,3,2021-04-11 18:45:00,,Standard
415767,10,BlockedShot,0.91,0.5670000076293945,0.04180920124053955,Luis Muriel,h,1229,OpenPlay,2020,Head,15730,Atalanta,Juventus,1,0,2021-04-18 13:00:00,Matteo Pessina,Aerial
415773,22,BlockedShot,0.7880000305175782,0.41900001525878905,0.027361299842596054,Luis Muriel,h,1229,OpenPlay,2020,RightFoot,15730,Atalanta,Juventus,1,0,2021-04-18 13:00:00,Berat Gjimshiti,Pass
415783,58,MissedShots,0.8480000305175781,0.7190000152587891,0.0314113013446331,Luis Muriel,h,1229,OpenPlay,2020,RightFoot,15730,Atalanta,Juventus,1,0,2021-04-18 13:00:00,Remo Freuler,Pass
416788,63,MissedShots,0.925,0.5509999847412109,0.4991520047187805,Luis Muriel,a,1229,OpenPlay,2020,RightFoot,15736,Roma,Atalanta,1,1,2021-04-22 16:30:00,Duván Zapata,Pass
416791,73,MissedShots,0.7859999847412109,0.5429999923706055,0.07377059757709503,Luis Muriel,a,1229,OpenPlay,2020,LeftFoot,15736,Roma,Atalanta,1,1,2021-04-22 16:30:00,Rafael Toloi,TakeOn
416800,90,MissedShots,0.8419999694824218,0.395,0.0734269991517067,Luis Muriel,a,1229,OpenPlay,2020,RightFoot,15736,Roma,Atalanta,1,1,2021-04-22 16:30:00,Mario Pasalic,Pass
416802,95,MissedShots,0.745999984741211,0.5279999923706055,0.06180350109934807,Luis Muriel,a,1229,DirectFreekick,2020,RightFoot,15736,Roma,Atalanta,1,1,2021-04-22 16:30:00,,Standard
418087,4,SavedShot,0.8580000305175781,0.6780000305175782,0.050525300204753876,Luis Muriel,h,1229,OpenPlay,2020,LeftFoot,15746,Atalanta,Bologna,5,0,2021-04-25 18:45:00,Remo Freuler,Pass
418099,22,ShotOnPost,0.9069999694824219,0.5870000076293945,0.3906269967556,Luis Muriel,h,1229,OpenPlay,2020,RightFoot,15746,Atalanta,Bologna,5,0,2021-04-25 18:45:00,Ruslan Malinovskiy,TakeOn
418104,35,BlockedShot,0.720999984741211,0.6329999923706054,0.04046199843287468,Luis Muriel,h,1229,DirectFreekick,2020,RightFoot,15746,Atalanta,Bologna,5,0,2021-04-25 18:45:00,,Standard
418105,40,MissedShots,0.865999984741211,0.54,0.03517350181937218,Luis Muriel,h,1229,OpenPlay,2020,Head,15746,Atalanta,Bologna,5,0,2021-04-25 18:45:00,Hans Hateboer,Cross
418106,43,Goal,0.885,0.5,0.7612990140914917,Luis Muriel,h,1229,Penalty,2020,RightFoot,15746,Atalanta,Bologna,5,0,2021-04-25 18:45:00,,Standard
418108,51,MissedShots,0.9630000305175781,0.6840000152587891,0.11161600053310394,Luis Muriel,h,1229,OpenPlay,2020,LeftFoot,15746,Atalanta,Bologna,5,0,2021-04-25 18:45:00,Rafael Toloi,TakeOn
419115,76,SavedShot,0.885,0.5,0.7612990140914917,Luis Muriel,a,1229,Penalty,2020,RightFoot,15756,Sassuolo,Atalanta,1,1,2021-05-02 13:00:00,,Standard
420637,56,MissedShots,0.845999984741211,0.6569999694824219,0.10534100234508514,Luis Muriel,a,1229,OpenPlay,2020,RightFoot,15766,Parma Calcio 1913,Atalanta,2,5,2021-05-09 13:00:00,Matteo Pessina,BallRecovery
420641,76,Goal,0.9059999847412109,0.43099998474121093,0.4524509906768799,Luis Muriel,a,1229,OpenPlay,2020,RightFoot,15766,Parma Calcio 1913,Atalanta,2,5,2021-05-09 13:00:00,Mario Pasalic,Pass
420644,85,Goal,0.9540000152587891,0.5359999847412109,0.7545369863510132,Luis Muriel,a,1229,OpenPlay,2020,RightFoot,15766,Parma Calcio 1913,Atalanta,2,5,2021-05-09 13:00:00,,Rebound
421298,21,Goal,0.8859999847412109,0.5270000076293946,0.3985770046710968,Luis Muriel,h,1229,OpenPlay,2020,LeftFoot,15776,Atalanta,Benevento,2,0,2021-05-12 18:45:00,Ruslan Malinovskiy,Throughball
421305,45,SavedShot,0.9930000305175781,0.6819999694824219,0.06870000064373016,Luis Muriel,h,1229,OpenPlay,2020,LeftFoot,15776,Atalanta,Benevento,2,0,2021-05-12 18:45:00,Robin Gosens,Pass
421306,48,MissedShots,0.7559999847412109,0.4209999847412109,0.02916649915277958,Luis Muriel,h,1229,OpenPlay,2020,RightFoot,15776,Atalanta,Benevento,2,0,2021-05-12 18:45:00,Robin Gosens,Pass
424264,61,MissedShots,0.7169999694824218,0.4,0.04148070141673088,Luis Muriel,h,1229,DirectFreekick,2020,RightFoot,15801,Atalanta,AC Milan,0,2,2021-05-23 18:45:00,,Standard
424268,71,MissedShots,0.764000015258789,0.5690000152587891,0.025054899975657463,Luis Muriel,h,1229,OpenPlay,2020,RightFoot,15801,Atalanta,AC Milan,0,2,2021-05-23 18:45:00,Remo Freuler,Pass
424269,81,MissedShots,0.81,0.4640000152587891,0.06041700020432472,Luis Muriel,h,1229,OpenPlay,2020,RightFoot,15801,Atalanta,AC Milan,0,2,2021-05-23 18:45:00,Rafael Toloi,LayOff
427355,5,Goal,0.8240000152587891,0.3340000152587891,0.038726601749658585,Luis Muriel,a,1229,OpenPlay,2021,LeftFoot,16758,Torino,Atalanta,1,2,2021-08-21 18:45:00,Josip Ilicic,Chipped
427360,21,BlockedShot,0.924000015258789,0.3870000076293945,0.10625000298023224,Luis Muriel,a,1229,OpenPlay,2021,RightFoot,16758,Torino,Atalanta,1,2,2021-08-21 18:45:00,,None
428862,16,SavedShot,0.8109999847412109,0.72,0.024561800062656403,Luis Muriel,h,1229,OpenPlay,2021,RightFoot,16769,Atalanta,Bologna,0,0,2021-08-28 16:30:00,Ruslan Malinovskiy,Pass
428867,44,BlockedShot,0.7369999694824219,0.62,0.048580098897218704,Luis Muriel,h,1229,DirectFreekick,2021,RightFoot,16769,Atalanta,Bologna,0,0,2021-08-28 16:30:00,,Standard
428868,49,MissedShots,0.9280000305175782,0.6780000305175782,0.0758495032787323,Luis Muriel,h,1229,OpenPlay,2021,RightFoot,16769,Atalanta,Bologna,0,0,2021-08-28 16:30:00,Robin Gosens,Pass
428874,66,BlockedShot,0.7809999847412109,0.59,0.03848779946565628,Luis Muriel,h,1229,FromCorner,2021,RightFoot,16769,Atalanta,Bologna,0,0,2021-08-28 16:30:00,Joakim Maehle,Pass
435853,81,BlockedShot,0.8519999694824218,0.67,0.07780329883098602,Luis Muriel,h,1229,OpenPlay,2021,RightFoot,16816,Atalanta,AC Milan,2,3,2021-10-03 18:45:00,Teun Koopmeiners,TakeOn
436689,3,BlockedShot,0.8680000305175781,0.445,0.10416799783706665,Luis Muriel,a,1229,OpenPlay,2021,RightFoot,16827,Empoli,Atalanta,1,4,2021-10-17 13:00:00,Josip Ilicic,Pass
436696,18,SavedShot,0.9530000305175781,0.6759999847412109,0.061150599271059036,Luis Muriel,a,1229,OpenPlay,2021,LeftFoot,16827,Empoli,Atalanta,1,4,2021-10-17 13:00:00,Teun Koopmeiners,Chipped
436697,19,MissedShots,0.850999984741211,0.8209999847412109,0.02365569956600666,Luis Muriel,a,1229,OpenPlay,2021,RightFoot,16827,Empoli,Atalanta,1,4,2021-10-17 13:00:00,Joakim Maehle,Pass
436702,41,SavedShot,0.914000015258789,0.5779999923706055,0.09483999758958817,Luis Muriel,a,1229,OpenPlay,2021,RightFoot,16827,Empoli,Atalanta,1,4,2021-10-17 13:00:00,José Luis Palomino,TakeOn
436703,44,MissedShots,0.9490000152587891,0.5670000076293945,0.39198601245880127,Luis Muriel,a,1229,OpenPlay,2021,RightFoot,16827,Empoli,Atalanta,1,4,2021-10-17 13:00:00,Teun Koopmeiners,Chipped
439452,70,BlockedShot,0.875999984741211,0.46099998474121096,0.07882969826459885,Luis Muriel,h,1229,FromCorner,2021,LeftFoot,16856,Atalanta,Lazio,2,2,2021-10-30 13:00:00,,None
439457,84,MissedShots,0.8230000305175781,0.5529999923706055,0.05059250071644783,Luis Muriel,h,1229,OpenPlay,2021,RightFoot,16856,Atalanta,Lazio,2,2,2021-10-30 13:00:00,Duván Zapata,Pass
442358,82,Goal,0.8719999694824219,0.524000015258789,0.1362839937210083,Luis Muriel,h,1229,OpenPlay,2021,LeftFoot,16876,Atalanta,Spezia,5,2,2021-11-20 14:00:00,Mario Pasalic,Pass
442361,87,SavedShot,0.8090000152587891,0.5309999847412109,0.04957029968500137,Luis Muriel,h,1229,OpenPlay,2021,RightFoot,16876,Atalanta,Spezia,5,2,2021-11-20 14:00:00,,None
445064,61,ShotOnPost,0.9109999847412109,0.585,0.42600899934768677,Luis Muriel,h,1229,OpenPlay,2021,RightFoot,16896,Atalanta,Venezia,4,0,2021-11-30 17:30:00,Mario Pasalic,Pass
446467,83,BlockedShot,0.7569999694824219,0.415,0.03030800074338913,Luis Muriel,a,1229,OpenPlay,2021,RightFoot,16911,Napoli,Atalanta,2,3,2021-12-04 19:45:00,Rafael Toloi,Pass
446470,92,BlockedShot,0.8769999694824219,0.64,0.08723299950361252,Luis Muriel,a,1229,OpenPlay,2021,RightFoot,16911,Napoli,Atalanta,2,3,2021-12-04 19:45:00,Mario Pasalic,Pass
448235,32,MissedShots,0.8640000152587891,0.6680000305175782,0.043658800423145294,Luis Muriel,a,1229,OpenPlay,2021,LeftFoot,16918,Verona,Atalanta,1,2,2021-12-12 14:00:00,,Rebound
448242,47,SavedShot,0.674000015258789,0.6170000076293946,0.01555979996919632,Luis Muriel,a,1229,OpenPlay,2021,RightFoot,16918,Verona,Atalanta,1,2,2021-12-12 14:00:00,Teun Koopmeiners,Pass
449345,45,MissedShots,0.8180000305175781,0.3120000076293945,0.02504670061171055,Luis Muriel,h,1229,OpenPlay,2021,RightFoot,16926,Atalanta,Roma,1,4,2021-12-18 14:00:00,Josip Ilicic,Pass
450081,83,MissedShots,0.7530000305175781,0.519000015258789,0.021007299423217773,Luis Muriel,a,1229,OpenPlay,2021,RightFoot,16937,Genoa,Atalanta,0,0,2021-12-21 19:45:00,Davide Zappacosta,TakeOn
452565,3,MissedShots,0.9209999847412109,0.6669999694824219,0.06347949802875519,Luis Muriel,a,1229,OpenPlay,2021,LeftFoot,16964,Udinese,Atalanta,2,6,2022-01-09 15:30:00,Teun Koopmeiners,Chipped
452569,21,Goal,0.894000015258789,0.43599998474121093,0.31515800952911377,Luis Muriel,a,1229,OpenPlay,2021,LeftFoot,16964,Udinese,Atalanta,2,6,2022-01-09 15:30:00,Ruslan Malinovskiy,TakeOn
452583,70,BlockedShot,0.8980000305175782,0.34200000762939453,0.09888610243797302,Luis Muriel,a,1229,OpenPlay,2021,RightFoot,16964,Udinese,Atalanta,2,6,2022-01-09 15:30:00,Ruslan Malinovskiy,Pass
452585,75,Goal,0.875,0.34,0.33475199341773987,Luis Muriel,a,1229,OpenPlay,2021,RightFoot,16964,Udinese,Atalanta,2,6,2022-01-09 15:30:00,Aleksey Miranchuk,TakeOn
453854,39,BlockedShot,0.8780000305175781,0.49,0.09860879927873611,Luis Muriel,h,1229,OpenPlay,2021,RightFoot,16966,Atalanta,Inter,0,0,2022-01-16 19:45:00,Mario Pasalic,BallTouch
453864,80,SavedShot,0.8769999694824219,0.38599998474121094,0.12307800352573395,Luis Muriel,h,1229,OpenPlay,2021,RightFoot,16966,Atalanta,Inter,0,0,2022-01-16 19:45:00,Aleksey Miranchuk,BallRecovery
456042,8,MissedShots,0.795,0.700999984741211,0.02613059990108013,Luis Muriel,h,1229,OpenPlay,2021,RightFoot,16986,Atalanta,Cagliari,1,2,2022-02-06 11:30:00,Remo Freuler,TakeOn
457796,15,BlockedShot,0.769000015258789,0.69,0.016142500564455986,Luis Muriel,h,1229,OpenPlay,2021,RightFoot,16996,Atalanta,Juventus,1,1,2022-02-13 19:45:00,Davide Zappacosta,Pass
457800,29,MissedShots,0.7930000305175782,0.6659999847412109,0.0740382969379425,Luis Muriel,h,1229,DirectFreekick,2021,RightFoot,16996,Atalanta,Juventus,1,1,2022-02-13 19:45:00,,Standard
457802,30,MissedShots,0.8419999694824218,0.27700000762939453,0.15124599635601044,Luis Muriel,h,1229,OpenPlay,2021,RightFoot,16996,Atalanta,Juventus,1,1,2022-02-13 19:45:00,Teun Koopmeiners,Pass
463288,12,MissedShots,0.8590000152587891,0.5590000152587891,0.09371580183506012,Luis Muriel,h,1229,OpenPlay,2021,RightFoot,17036,Atalanta,Genoa,0,0,2022-03-13 17:00:00,Berat Gjimshiti,Pass
463292,36,ShotOnPost,0.8640000152587891,0.5979999923706054,0.09117759764194489,Luis Muriel,h,1229,OpenPlay,2021,RightFoot,17036,Atalanta,Genoa,0,0,2022-03-13 17:00:00,Mario Pasalic,Pass
463305,85,BlockedShot,0.8769999694824219,0.5970000076293945,0.07539939880371094,Luis Muriel,h,1229,OpenPlay,2021,LeftFoot,17036,Atalanta,Genoa,0,0,2022-03-13 17:00:00,Mario Pasalic,HeadPass
464788,15,MissedShots,0.8019999694824219,0.6840000152587891,0.027526000514626503,Luis Muriel,a,1229,OpenPlay,2021,RightFoot,17046,Bologna,Atalanta,0,1,2022-03-20 19:45:00,Remo Freuler,Pass
465685,2,BlockedShot,0.7369999694824219,0.7030000305175781,0.03870920091867447,Luis Muriel,h,1229,DirectFreekick,2021,RightFoot,17056,Atalanta,Napoli,1,3,2022-04-03 13:00:00,,Standard
465686,4,MissedShots,0.755,0.3160000038146973,0.01590449921786785,Luis Muriel,h,1229,OpenPlay,2021,RightFoot,17056,Atalanta,Napoli,1,3,2022-04-03 13:00:00,Hans Hateboer,Pass
467236,63,SavedShot,0.8480000305175781,0.425,0.08326459676027298,Luis Muriel,a,1229,OpenPlay,2021,RightFoot,17073,Sassuolo,Atalanta,2,1,2022-04-10 13:00:00,Mario Pasalic,Pass
467246,92,Goal,0.8869999694824219,0.5790000152587891,0.2696259915828705,Luis Muriel,a,1229,OpenPlay,2021,LeftFoot,17073,Sassuolo,Atalanta,2,1,2022-04-10 13:00:00,,None
469819,12,MissedShots,0.855999984741211,0.5629999923706055,0.09815239906311035,Luis Muriel,a,1229,OpenPlay,2021,LeftFoot,17095,Venezia,Atalanta,1,3,2022-04-23 13:00:00,Duván Zapata,Pass
469831,57,ShotOnPost,0.86,0.66,0.07457199692726135,Luis Muriel,a,1229,OpenPlay,2021,LeftFoot,17095,Venezia,Atalanta,1,3,2022-04-23 13:00:00,Mario Pasalic,Pass
469834,62,Goal,0.94,0.55,0.4891520142555237,Luis Muriel,a,1229,OpenPlay,2021,Head,17095,Venezia,Atalanta,1,3,2022-04-23 13:00:00,Davide Zappacosta,Cross
471090,16,Goal,0.885,0.5,0.7612990140914917,Luis Muriel,h,1229,Penalty,2021,RightFoot,16946,Atalanta,Torino,4,4,2022-04-27 20:15:00,,Standard
471099,52,MissedShots,0.799000015258789,0.6959999847412109,0.06826460361480713,Luis Muriel,h,1229,DirectFreekick,2021,RightFoot,16946,Atalanta,Torino,4,4,2022-04-27 20:15:00,,Standard
471107,80,BlockedShot,0.914000015258789,0.3320000076293945,0.06882060319185257,Luis Muriel,h,1229,OpenPlay,2021,RightFoot,16946,Atalanta,Torino,4,4,2022-04-27 20:15:00,Jeremie Boga,Pass
471108,83,Goal,0.885,0.5,0.7612990140914917,Luis Muriel,h,1229,Penalty,2021,RightFoot,16946,Atalanta,Torino,4,4,2022-04-27 20:15:00,,Standard
472542,30,BlockedShot,0.7580000305175781,0.37400001525878906,0.05941610038280487,Luis Muriel,h,1229,DirectFreekick,2021,RightFoot,17096,Atalanta,Salernitana,1,1,2022-05-02 18:45:00,,Standard
472551,48,BlockedShot,0.8519999694824218,0.525,0.08083269745111465,Luis Muriel,h,1229,OpenPlay,2021,LeftFoot,17096,Atalanta,Salernitana,1,1,2022-05-02 18:45:00,Mario Pasalic,TakeOn
472558,64,BlockedShot,0.7959999847412109,0.6079999923706054,0.03205220028758049,Luis Muriel,h,1229,OpenPlay,2021,RightFoot,17096,Atalanta,Salernitana,1,1,2022-05-02 18:45:00,Davide Zappacosta,Pass
473842,15,Goal,0.8880000305175781,0.47,0.42031899094581604,Luis Muriel,a,1229,OpenPlay,2021,RightFoot,17113,Spezia,Atalanta,1,3,2022-05-08 10:30:00,Ruslan Malinovskiy,Pass
473848,48,BlockedShot,0.7669999694824219,0.580999984741211,0.016984300687909126,Luis Muriel,a,1229,SetPiece,2021,RightFoot,17113,Spezia,Atalanta,1,3,2022-05-08 10:30:00,,Rebound
473851,59,MissedShots,0.8480000305175781,0.6459999847412109,0.04643839970231056,Luis Muriel,a,1229,OpenPlay,2021,RightFoot,17113,Spezia,Atalanta,1,3,2022-05-08 10:30:00,Joakim Maehle,Pass
473857,80,BlockedShot,0.874000015258789,0.5120000076293946,0.1240679994225502,Luis Muriel,a,1229,OpenPlay,2021,LeftFoot,17113,Spezia,Atalanta,1,3,2022-05-08 10:30:00,Teun Koopmeiners,Pass
473861,88,SavedShot,0.885,0.6759999847412109,0.09304050356149673,Luis Muriel,a,1229,OpenPlay,2021,LeftFoot,17113,Spezia,Atalanta,1,3,2022-05-08 10:30:00,Teun Koopmeiners,Chipped
476549,30,SavedShot,0.75,0.4640000152587891,0.022847799584269524,Luis Muriel,a,1229,OpenPlay,2021,RightFoot,17121,AC Milan,Atalanta,2,0,2022-05-15 16:00:00,Hans Hateboer,Pass
484595,95,SavedShot,0.8619999694824219,0.255,0.03806380182504654,Luis Muriel,a,1229,OpenPlay,2022,RightFoot,18609,Verona,Atalanta,0,1,2022-08-28 16:30:00,Joakim Maehle,Pass
487780,6,SavedShot,0.7369999694824219,0.72,0.010656099766492844,Luis Muriel,h,1229,OpenPlay,2022,RightFoot,18632,Atalanta,Cremonese,1,1,2022-09-11 10:30:00,Ademola Lookman,None
487788,30,MissedShots,0.8090000152587891,0.665,0.020951999351382256,Luis Muriel,h,1229,OpenPlay,2022,RightFoot,18632,Atalanta,Cremonese,1,1,2022-09-11 10:30:00,Teun Koopmeiners,TakeOn
489538,68,MissedShots,0.875,0.6359999847412109,0.06633339822292328,Luis Muriel,a,1229,OpenPlay,2022,RightFoot,18647,Roma,Atalanta,0,1,2022-09-18 16:00:00,Rafael Toloi,Chipped
490992,5,MissedShots,0.72,0.6320000076293946,0.04017940163612366,Luis Muriel,h,1229,DirectFreekick,2022,LeftFoot,18652,Atalanta,Fiorentina,1,0,2022-10-02 16:00:00,,Standard
492151,9,MissedShots,0.8919999694824219,0.850999984741211,0.04871020093560219,Luis Muriel,a,1229,DirectFreekick,2022,RightFoot,18671,Udinese,Atalanta,2,2,2022-10-09 13:00:00,,Standard
492152,15,SavedShot,0.950999984741211,0.5790000152587891,0.11167299747467041,Luis Muriel,a,1229,OpenPlay,2022,RightFoot,18671,Udinese,Atalanta,2,2,2022-10-09 13:00:00,Ademola Lookman,Cross
492160,55,Goal,0.885,0.5,0.7612990140914917,Luis Muriel,a,1229,Penalty,2022,RightFoot,18671,Udinese,Atalanta,2,2,2022-10-09 13:00:00,,Standard
495832,67,BlockedShot,0.8159999847412109,0.6370000076293946,0.04616570100188255,Luis Muriel,h,1229,OpenPlay,2022,RightFoot,18682,Atalanta,Lazio,0,2,2022-10-23 16:00:00,Joakim Maehle,Pass
502312,68,MissedShots,0.8769999694824219,0.6480000305175782,0.08083619922399521,Luis Muriel,a,1229,OpenPlay,2022,LeftFoot,18739,Spezia,Atalanta,2,2,2023-01-04 13:30:00,Teun Koopmeiners,Pass
502315,75,BlockedShot,0.8630000305175781,0.7169999694824218,0.035585999488830566,Luis Muriel,a,1229,OpenPlay,2022,RightFoot,18739,Spezia,Atalanta,2,2,2023-01-04 13:30:00,Teun Koopmeiners,Pass
502316,76,BlockedShot,0.8090000152587891,0.7140000152587891,0.02347940020263195,Luis Muriel,a,1229,OpenPlay,2022,RightFoot,18739,Spezia,Atalanta,2,2,2023-01-04 13:30:00,Teun Koopmeiners,Pass
509997,93,SavedShot,0.8009999847412109,0.5070000076293946,0.050406500697135925,Luis Muriel,h,1229,OpenPlay,2022,LeftFoot,18802,Atalanta,Lecce,1,2,2023-02-19 11:30:00,Rasmus Højlund,Pass
512326,83,MissedShots,0.7980000305175782,0.6959999847412109,0.02407260052859783,Luis Muriel,h,1229,OpenPlay,2022,LeftFoot,18822,Atalanta,Udinese,0,0,2023-03-04 17:00:00,Marten de Roon,Pass
513661,72,SavedShot,0.89,0.7030000305175781,0.0518375001847744,Luis Muriel,a,1229,OpenPlay,2022,LeftFoot,18839,Napoli,Atalanta,2,0,2023-03-11 17:00:00,Matteo Ruggeri,Pass
514614,18,BlockedShot,0.7769999694824219,0.664000015258789,0.024719299748539925,Luis Muriel,h,1229,OpenPlay,2022,RightFoot,18842,Atalanta,Empoli,2,1,2023-03-17 19:45:00,Giorgio Scalvini,TakeOn
514633,67,BlockedShot,0.9019999694824219,0.8219999694824218,0.059512898325920105,Luis Muriel,h,1229,DirectFreekick,2022,RightFoot,18842,Atalanta,Empoli,2,1,2023-03-17 19:45:00,,Standard
518166,93,SavedShot,0.8130000305175781,0.6229999923706054,0.020416200160980225,Luis Muriel,h,1229,OpenPlay,2022,RightFoot,18862,Atalanta,Bologna,0,2,2023-04-08 14:30:00,Duván Zapata,Cross
520415,78,MissedShots,0.8830000305175781,0.4329999923706055,0.0361706018447876,Luis Muriel,a,1229,OpenPlay,2022,Head,18874,Fiorentina,Atalanta,1,1,2023-04-17 18:45:00,Teun Koopmeiners,Cross
522962,92,MissedShots,0.8280000305175781,0.7030000305175781,0.03928818553686142,Luis Muriel,a,1229,OpenPlay,2022,LeftFoot,18901,Torino,Atalanta,1,2,2023-04-29 18:45:00,Jeremie Boga,Pass
523890,53,Goal,0.895,0.5690000152587891,0.07672058790922165,Luis Muriel,h,1229,FromCorner,2022,RightFoot,18902,Atalanta,Spezia,3,2,2023-05-03 16:00:00,Berat Gjimshiti,Pass
524911,69,BlockedShot,0.925,0.6669999694824219,0.06306332349777222,Luis Muriel,h,1229,OpenPlay,2022,LeftFoot,18912,Atalanta,Juventus,0,2,2023-05-07 10:30:00,Marten de Roon,Pass
524912,71,MissedShots,0.735999984741211,0.445,0.019156642258167267,Luis Muriel,h,1229,OpenPlay,2022,RightFoot,18912,Atalanta,Juventus,0,2,2023-05-07 10:30:00,Giorgio Scalvini,Pass
524914,79,BlockedShot,0.7709999847412109,0.5159999847412109,0.030465053394436836,Luis Muriel,h,1229,OpenPlay,2022,RightFoot,18912,Atalanta,Juventus,0,2,2023-05-07 10:30:00,Joakim Maehle,Pass
524915,80,BlockedShot,0.925,0.6859999847412109,0.01885404624044895,Luis Muriel,h,1229,OpenPlay,2022,RightFoot,18912,Atalanta,Juventus,0,2,2023-05-07 10:30:00,,Aerial
525799,84,MissedShots,0.7730000305175782,0.5520000076293945,0.029340149834752083,Luis Muriel,a,1229,OpenPlay,2022,RightFoot,18929,Salernitana,Atalanta,1,0,2023-05-13 13:00:00,Rasmus Højlund,Pass
527566,18,BlockedShot,0.9630000305175781,0.38,0.06123330071568489,Luis Muriel,h,1229,FromCorner,2022,RightFoot,18932,Atalanta,Verona,3,1,2023-05-20 16:00:00,Rafael Toloi,Pass
527569,28,MissedShots,0.7090000152587891,0.29700000762939455,0.012019864283502102,Luis Muriel,h,1229,SetPiece,2022,RightFoot,18932,Atalanta,Verona,3,1,2023-05-20 16:00:00,Teun Koopmeiners,Pass
527573,37,BlockedShot,0.7930000305175782,0.33299999237060546,0.02655223198235035,Luis Muriel,h,1229,FromCorner,2022,LeftFoot,18932,Atalanta,Verona,3,1,2023-05-20 16:00:00,Teun Koopmeiners,Cross
529274,90,BlockedShot,0.745999984741211,0.580999984741211,0.05788667872548103,Luis Muriel,a,1229,DirectFreekick,2022,RightFoot,18945,Inter,Atalanta,3,2,2023-05-27 18:45:00,,Standard
529275,90,ShotOnPost,0.7680000305175781,0.6,0.016472894698381424,Luis Muriel,a,1229,SetPiece,2022,RightFoot,18945,Inter,Atalanta,3,2,2023-05-27 18:45:00,,None
529277,94,MissedShots,0.875999984741211,0.18600000381469728,0.023631036281585693,Luis Muriel,a,1229,FromCorner,2022,LeftFoot,18945,Inter,Atalanta,3,2,2023-05-27 18:45:00,Teun Koopmeiners,Pass
531158,82,MissedShots,0.93,0.495,0.47696778178215027,Luis Muriel,h,1229,OpenPlay,2022,Head,18952,Atalanta,Monza,5,2,2023-06-04 19:00:00,Teun Koopmeiners,Chipped
531161,91,Goal,0.8540000152587891,0.39099998474121095,0.08988168835639954,Luis Muriel,h,1229,OpenPlay,2022,RightFoot,18952,Atalanta,Monza,5,2,2023-06-04 19:00:00,Ademola Lookman,Pass
536583,86,SavedShot,0.8590000152587891,0.37,0.09301329404115677,Luis Muriel,h,1229,OpenPlay,2023,RightFoot,22329,Atalanta,Monza,3,0,2023-09-02 18:45:00,Ademola Lookman,Pass
541964,73,SavedShot,0.7469999694824219,0.5670000076293945,0.059907857328653336,Luis Muriel,h,1229,DirectFreekick,2023,RightFoot,22365,Atalanta,Juventus,0,0,2023-10-01 16:00:00,,Standard
541968,87,SavedShot,0.7140000152587891,0.6840000152587891,0.01559317484498024,Luis Muriel,h,1229,OpenPlay,2023,RightFoot,22365,Atalanta,Juventus,0,0,2023-10-01 16:00:00,Berat Gjimshiti,Pass
543180,89,SavedShot,0.8690000152587891,0.415,0.08093434572219849,Luis Muriel,a,1229,OpenPlay,2023,RightFoot,22382,Lazio,Atalanta,3,2,2023-10-08 13:00:00,Ademola Lookman,Pass
543181,93,BlockedShot,0.700999984741211,0.590999984741211,0.03630794957280159,Luis Muriel,a,1229,DirectFreekick,2023,RightFoot,22382,Lazio,Atalanta,3,2,2023-10-08 13:00:00,,Standard
546430,89,BlockedShot,0.7569999694824219,0.485,0.08611053228378296,Luis Muriel,a,1229,OpenPlay,2023,RightFoot,22400,Empoli,Atalanta,0,3,2023-10-30 17:30:00,Marten de Roon,Pass
547007,84,BlockedShot,0.8590000152587891,0.32599998474121095,0.04222649708390236,Luis Muriel,h,1229,OpenPlay,2023,LeftFoot,22405,Atalanta,Inter,1,2,2023-11-04 17:00:00,Hans Hateboer,BallRecovery
549924,92,MissedShots,0.7980000305175782,0.615,0.029539957642555237,Luis Muriel,h,1229,OpenPlay,2023,LeftFoot,22426,Atalanta,Napoli,1,2,2023-11-25 17:00:00,Gianluca Scamacca,Pass
552134,78,BlockedShot,0.7719999694824219,0.7609999847412109,0.012928653508424759,Luis Muriel,a,1229,OpenPlay,2023,RightFoot,22436,Torino,Atalanta,3,0,2023-12-04 19:45:00,Matteo Ruggeri,Pass
552138,90,MissedShots,0.7030000305175781,0.46599998474121096,0.011558295227587223,Luis Muriel,a,1229,OpenPlay,2023,RightFoot,22436,Torino,Atalanta,3,0,2023-12-04 19:45:00,Giorgio Scalvini,Pass
553069,94,Goal,0.95,0.4129999923706055,0.13770583271980286,Luis Muriel,h,1229,OpenPlay,2023,RightFoot,22445,Atalanta,AC Milan,3,2,2023-12-09 17:00:00,Aleksey Miranchuk,Pass
555143,29,BlockedShot,0.7930000305175782,0.500999984741211,0.027833158150315285,Luis Muriel,h,1229,FromCorner,2023,LeftFoot,22455,Atalanta,Salernitana,4,1,2023-12-18 19:45:00,,None
555144,31,SavedShot,0.735,0.575,0.017926430329680443,Luis Muriel,h,1229,SetPiece,2023,RightFoot,22455,Atalanta,Salernitana,4,1,2023-12-18 19:45:00,Marten de Roon,Pass
555146,34,MissedShots,0.7659999847412109,0.5170000076293946,0.01984090730547905,Luis Muriel,h,1229,FromCorner,2023,RightFoot,22455,Atalanta,Salernitana,4,1,2023-12-18 19:45:00,,None
555147,46,Goal,0.8109999847412109,0.534000015258789,0.01921352744102478,Luis Muriel,h,1229,FromCorner,2023,RightFoot,22455,Atalanta,Salernitana,4,1,2023-12-18 19:45:00,,Aerial
555155,61,SavedShot,0.76,0.5920000076293945,0.02026848867535591,Luis Muriel,h,1229,SetPiece,2023,RightFoot,22455,Atalanta,Salernitana,4,1,2023-12-18 19:45:00,Teun Koopmeiners,Pass
555156,64,MissedShots,0.795,0.875999984741211,0.029812239110469818,Luis Muriel,h,1229,DirectFreekick,2023,RightFoot,22455,Atalanta,Salernitana,4,1,2023-12-18 19:45:00,,Standard
556157,83,MissedShots,0.8730000305175781,0.485,0.11516327410936356,Luis Muriel,a,1229,OpenPlay,2023,RightFoot,22469,Bologna,Atalanta,1,0,2023-12-23 14:00:00,Teun Koopmeiners,Pass
556878,77,MissedShots,0.875999984741211,0.5029999923706054,0.12452688813209534,Luis Muriel,h,1229,OpenPlay,2023,RightFoot,22475,Atalanta,Lecce,1,0,2023-12-30 11:30:00,Nadir Zortea,Pass
558769,67,BlockedShot,0.8169999694824219,0.46599998474121096,0.07869849354028702,Luis Muriel,h,1229,OpenPlay,2023,LeftFoot,22495,Atalanta,Frosinone,5,0,2024-01-15 19:45:00,Aleksey Miranchuk,Pass
558770,70,BlockedShot,0.764000015258789,0.7080000305175781,0.04767065495252609,Luis Muriel,h,1229,DirectFreekick,2023,RightFoot,22495,Atalanta,Frosinone,5,0,2024-01-15 19:45:00,,Standard
558777,84,SavedShot,0.860999984741211,0.355,0.08092062920331955,Luis Muriel,h,1229,OpenPlay,2023,RightFoot,22495,Atalanta,Frosinone,5,0,2024-01-15 19:45:00,Aleksey Miranchuk,Pass
559704,91,MissedShots,0.7769999694824219,0.7269999694824218,0.01897229440510273,Luis Muriel,h,1229,OpenPlay,2023,RightFoot,22515,Atalanta,Udinese,2,0,2024-01-27 14:00:00,Davide Zappacosta,Pass
