id,minute,result,X,Y,xG,player,h_a,player_id,situation,season,shotType,match_id,h_team,a_team,h_goals,a_goals,date,player_assisted,lastAction
93247,73,MissedShots,0.985999984741211,0.3390000152587891,0.03592820093035698,Sergej Milinkovic-Savic,h,1543,OpenPlay,2015,RightFoot,552,Lazio,Bologna,2,1,2015-08-22 22:45:00,Marco Parolo,Cross
95197,63,MissedShots,0.8680000305175781,0.26299999237060545,0.03154290094971657,Sergej Milinkovic-Savic,a,1543,OpenPlay,2015,RightFoot,590,Napoli,Lazio,5,0,2015-09-20 22:45:00,Alessandro Matri,Pass
95204,89,ShotOnPost,0.9169999694824219,0.48200000762939454,0.09453509747982025,Sergej Milinkovic-Savic,a,1543,FromCorner,2015,Head,590,Napoli,Lazio,5,0,2015-09-20 22:45:00,Keita,Cross
94637,32,SavedShot,0.9169999694824219,0.45299999237060545,0.04737810045480728,Sergej Milinkovic-Savic,h,1543,SetPiece,2015,Head,592,Lazio,Genoa,2,0,2015-09-23 22:45:00,Ricardo Kishna,CornerAwarded
95882,28,BlockedShot,0.9,0.509000015258789,0.10169299691915512,Sergej Milinkovic-Savic,a,1543,FromCorner,2015,RightFoot,604,Verona,Lazio,1,2,2015-09-27 17:00:00,,None
95889,55,MissedShots,0.9519999694824218,0.3370000076293945,0.008546769618988037,Sergej Milinkovic-Savic,a,1543,OpenPlay,2015,Head,604,Verona,Lazio,1,2,2015-09-27 17:00:00,Senad Lulic,Aerial
96951,8,ShotOnPost,0.9159999847412109,0.4,0.04968760162591934,Sergej Milinkovic-Savic,a,1543,OpenPlay,2015,Head,627,Sassuolo,Lazio,2,1,2015-10-18 17:00:00,Antonio Candreva,Cross
96954,25,MissedShots,0.754000015258789,0.4640000152587891,0.021453799679875374,Sergej Milinkovic-Savic,a,1543,OpenPlay,2015,LeftFoot,627,Sassuolo,Lazio,2,1,2015-10-18 17:00:00,,None
96956,32,SavedShot,0.955999984741211,0.7090000152587891,0.043178901076316833,Sergej Milinkovic-Savic,a,1543,OpenPlay,2015,RightFoot,627,Sassuolo,Lazio,2,1,2015-10-18 17:00:00,,None
96977,93,MissedShots,0.894000015258789,0.3609999847412109,0.0582055002450943,Sergej Milinkovic-Savic,a,1543,OpenPlay,2015,LeftFoot,627,Sassuolo,Lazio,2,1,2015-10-18 17:00:00,,None
99417,2,SavedShot,0.789000015258789,0.3940000152587891,0.030467400327324867,Sergej Milinkovic-Savic,h,1543,OpenPlay,2015,LeftFoot,674,Lazio,Palermo,1,1,2015-11-22 18:00:00,,None
99424,24,MissedShots,0.7769999694824219,0.3390000152587891,0.016779599711298943,Sergej Milinkovic-Savic,h,1543,OpenPlay,2015,LeftFoot,674,Lazio,Palermo,1,1,2015-11-22 18:00:00,Marco Parolo,TakeOn
99426,30,MissedShots,0.8869999694824219,0.3129999923706055,0.055608101189136505,Sergej Milinkovic-Savic,h,1543,OpenPlay,2015,RightFoot,674,Lazio,Palermo,1,1,2015-11-22 18:00:00,Filip Djordjevic,Pass
99765,20,SavedShot,0.78,0.5520000076293945,0.03655809909105301,Sergej Milinkovic-Savic,a,1543,OpenPlay,2015,LeftFoot,687,Empoli,Lazio,1,0,2015-11-29 21:00:00,Lucas Biglia,TakeOn
99769,35,BlockedShot,0.8630000305175781,0.5129999923706055,0.08352039754390717,Sergej Milinkovic-Savic,a,1543,SetPiece,2015,RightFoot,687,Empoli,Lazio,1,0,2015-11-29 21:00:00,Antonio Candreva,Rebound
100424,63,SavedShot,0.7519999694824219,0.48900001525878906,0.0228767991065979,Sergej Milinkovic-Savic,h,1543,OpenPlay,2015,LeftFoot,691,Lazio,Juventus,0,2,2015-12-04 23:45:00,Stefan Radu,Pass
101444,24,BlockedShot,0.740999984741211,0.534000015258789,0.026563100516796112,Sergej Milinkovic-Savic,a,1543,OpenPlay,2015,LeftFoot,719,Inter,Lazio,1,2,2015-12-20 23:45:00,Marco Parolo,Pass
102420,28,MissedShots,0.9030000305175782,0.3920000076293945,0.0960393026471138,Sergej Milinkovic-Savic,a,1543,OpenPlay,2015,RightFoot,731,Fiorentina,Lazio,1,3,2016-01-09 21:00:00,Filip Djordjevic,TakeOn
102421,31,BlockedShot,0.9469999694824218,0.42700000762939455,0.09448689967393875,Sergej Milinkovic-Savic,a,1543,FromCorner,2015,Head,731,Fiorentina,Lazio,1,3,2016-01-09 21:00:00,Lucas Biglia,Cross
102438,91,Goal,0.8690000152587891,0.435,0.20924599468708038,Sergej Milinkovic-Savic,a,1543,OpenPlay,2015,LeftFoot,731,Fiorentina,Lazio,1,3,2016-01-09 21:00:00,,TakeOn
94258,24,BlockedShot,0.87,0.5170000076293946,0.07660719752311707,Sergej Milinkovic-Savic,a,1543,FromCorner,2015,LeftFoot,744,Bologna,Lazio,2,2,2016-01-17 18:00:00,,None
94269,74,MissedShots,0.855999984741211,0.38,0.051997799426317215,Sergej Milinkovic-Savic,a,1543,OpenPlay,2015,LeftFoot,744,Bologna,Lazio,2,2,2016-01-17 18:00:00,,None
94064,17,SavedShot,0.74,0.4259999847412109,0.02036529965698719,Sergej Milinkovic-Savic,h,1543,OpenPlay,2015,RightFoot,758,Lazio,Chievo,4,1,2016-01-24 18:00:00,Abdoulay Konko,Pass
94066,28,MissedShots,0.74,0.5520000076293945,0.024048300459980965,Sergej Milinkovic-Savic,h,1543,OpenPlay,2015,RightFoot,758,Lazio,Chievo,4,1,2016-01-24 18:00:00,Marco Parolo,LayOff
94604,17,SavedShot,0.9,0.55,0.01719680055975914,Sergej Milinkovic-Savic,a,1543,FromCorner,2015,Head,765,Udinese,Lazio,0,0,2016-01-31 18:00:00,Danilo Cataldi,Aerial
94609,37,MissedShots,0.9819999694824219,0.42900001525878906,0.07481840252876282,Sergej Milinkovic-Savic,a,1543,OpenPlay,2015,Head,765,Udinese,Lazio,0,0,2016-01-31 18:00:00,,None
96159,17,MissedShots,0.885,0.625,0.019905900582671165,Sergej Milinkovic-Savic,h,1543,FromCorner,2015,Head,791,Lazio,Verona,5,2,2016-02-11 23:45:00,Danilo Cataldi,Cross
96618,77,SavedShot,0.904000015258789,0.529000015258789,0.10053800046443939,Sergej Milinkovic-Savic,a,1543,OpenPlay,2015,Head,808,Frosinone,Lazio,0,0,2016-02-21 21:00:00,Senad Lulic,Cross
96620,82,BlockedShot,0.8430000305175781,0.26399999618530273,0.032459698617458344,Sergej Milinkovic-Savic,a,1543,OpenPlay,2015,RightFoot,808,Frosinone,Lazio,0,0,2016-02-21 21:00:00,Abdoulay Konko,TakeOn
97208,85,MissedShots,0.7559999847412109,0.24700000762939453,0.011283200234174728,Sergej Milinkovic-Savic,h,1543,OpenPlay,2015,RightFoot,819,Lazio,Sassuolo,0,2,2016-02-29 22:00:00,Lucas Biglia,Pass
97630,57,BlockedShot,0.8440000152587891,0.4909999847412109,0.07687269896268845,Sergej Milinkovic-Savic,a,1543,OpenPlay,2015,RightFoot,824,Torino,Lazio,1,1,2016-03-06 15:30:00,Lucas Biglia,Pass
97633,66,SavedShot,0.9,0.6980000305175781,0.060128599405288696,Sergej Milinkovic-Savic,a,1543,OpenPlay,2015,LeftFoot,824,Torino,Lazio,1,1,2016-03-06 15:30:00,Felipe Anderson,TakeOn
102719,63,SavedShot,0.7440000152587891,0.3629999923706055,0.010900000110268593,Sergej Milinkovic-Savic,h,1543,OpenPlay,2015,RightFoot,929,Lazio,Fiorentina,2,4,2016-05-15 22:45:00,,None
102726,78,MissedShots,0.865,0.34200000762939453,0.06276469677686691,Sergej Milinkovic-Savic,h,1543,OpenPlay,2015,RightFoot,929,Lazio,Fiorentina,2,4,2016-05-15 22:45:00,Keita,Pass
102729,84,BlockedShot,0.7959999847412109,0.3320000076293945,0.0179929006844759,Sergej Milinkovic-Savic,h,1543,OpenPlay,2015,RightFoot,929,Lazio,Fiorentina,2,4,2016-05-15 22:45:00,,None
102730,85,MissedShots,0.905,0.43900001525878907,0.05294179916381836,Sergej Milinkovic-Savic,h,1543,FromCorner,2015,Head,929,Lazio,Fiorentina,2,4,2016-05-15 22:45:00,Keita,Cross
144251,44,MissedShots,0.769000015258789,0.745999984741211,0.01603589951992035,Sergej Milinkovic-Savic,a,1543,OpenPlay,2016,RightFoot,936,Atalanta,Lazio,3,4,2016-08-21 22:45:00,Ricardo Kishna,Pass
144954,63,BlockedShot,0.7980000305175782,0.48700000762939455,0.04766720160841942,Sergej Milinkovic-Savic,h,1543,OpenPlay,2016,RightFoot,941,Lazio,Juventus,0,1,2016-08-27 20:00:00,Ciro Immobile,Pass
145396,75,MissedShots,0.7980000305175782,0.6669999694824219,0.02586979977786541,Sergej Milinkovic-Savic,a,1543,OpenPlay,2016,RightFoot,954,Chievo,Lazio,1,1,2016-09-11 17:00:00,Felipe Anderson,Pass
145948,27,SavedShot,0.92,0.54,0.29663801193237305,Sergej Milinkovic-Savic,h,1543,FromCorner,2016,Head,961,Lazio,Pescara,3,0,2016-09-17 20:00:00,Danilo Cataldi,Cross
145956,42,BlockedShot,0.7709999847412109,0.5609999847412109,0.019893700256943703,Sergej Milinkovic-Savic,h,1543,OpenPlay,2016,RightFoot,961,Lazio,Pescara,3,0,2016-09-17 20:00:00,,Rebound
145969,66,Goal,0.8959999847412109,0.519000015258789,0.046713199466466904,Sergej Milinkovic-Savic,h,1543,OpenPlay,2016,Head,961,Lazio,Pescara,3,0,2016-09-17 20:00:00,Felipe Anderson,Aerial
146491,11,SavedShot,0.915,0.6370000076293946,0.01822569966316223,Sergej Milinkovic-Savic,a,1543,OpenPlay,2016,Head,970,AC Milan,Lazio,2,0,2016-09-20 22:45:00,Senad Lulic,Pass
146504,50,BlockedShot,0.715999984741211,0.5579999923706055,0.04344300180673599,Sergej Milinkovic-Savic,a,1543,DirectFreekick,2016,RightFoot,970,AC Milan,Lazio,2,0,2016-09-20 22:45:00,,Standard
146521,93,BlockedShot,0.740999984741211,0.41,0.017594600096344948,Sergej Milinkovic-Savic,a,1543,OpenPlay,2016,RightFoot,970,AC Milan,Lazio,2,0,2016-09-20 22:45:00,Marco Parolo,Pass
147941,24,MissedShots,0.9259999847412109,0.22299999237060547,0.017703600227832794,Sergej Milinkovic-Savic,a,1543,FromCorner,2016,RightFoot,991,Udinese,Lazio,0,3,2016-10-01 22:45:00,Senad Lulic,Chipped
148085,2,MissedShots,0.8719999694824219,0.38599998474121094,0.040882598608732224,Sergej Milinkovic-Savic,h,1543,FromCorner,2016,RightFoot,1006,Lazio,Bologna,1,1,2016-10-16 17:00:00,Felipe Anderson,Cross
148097,43,BlockedShot,0.7180000305175781,0.500999984741211,0.016733400523662567,Sergej Milinkovic-Savic,h,1543,OpenPlay,2016,RightFoot,1006,Lazio,Bologna,1,1,2016-10-16 17:00:00,Marco Parolo,Pass
148100,52,SavedShot,0.9359999847412109,0.3920000076293945,0.29058000445365906,Sergej Milinkovic-Savic,h,1543,OpenPlay,2016,RightFoot,1006,Lazio,Bologna,1,1,2016-10-16 17:00:00,Stefan Radu,Cross
148102,54,SavedShot,0.9080000305175782,0.38799999237060545,0.01210820022970438,Sergej Milinkovic-Savic,h,1543,FromCorner,2016,Head,1006,Lazio,Bologna,1,1,2016-10-16 17:00:00,Keita,Aerial
148105,62,MissedShots,0.965999984741211,0.35900001525878905,0.2524450123310089,Sergej Milinkovic-Savic,h,1543,OpenPlay,2016,RightFoot,1006,Lazio,Bologna,1,1,2016-10-16 17:00:00,Senad Lulic,Cross
150229,44,MissedShots,0.9180000305175782,0.5279999923706055,0.12274099886417389,Sergej Milinkovic-Savic,a,1543,SetPiece,2016,Head,2747,Napoli,Lazio,1,1,2016-11-05 23:45:00,Lucas Biglia,Cross
150827,30,SavedShot,0.8619999694824219,0.595999984741211,0.10666599869728088,Sergej Milinkovic-Savic,h,1543,OpenPlay,2016,RightFoot,2760,Lazio,Genoa,3,1,2016-11-20 18:00:00,,TakeOn
150833,49,MissedShots,0.935,0.41200000762939454,0.03735319897532463,Sergej Milinkovic-Savic,h,1543,SetPiece,2016,Head,2760,Lazio,Genoa,3,1,2016-11-20 18:00:00,Lucas Biglia,Aerial
151261,3,SavedShot,0.8909999847412109,0.5520000076293945,0.0496147982776165,Sergej Milinkovic-Savic,a,1543,OpenPlay,2016,Head,2768,Palermo,Lazio,0,1,2016-11-27 15:30:00,Keita,Cross
151270,30,Goal,0.955999984741211,0.41900001525878905,0.48412400484085083,Sergej Milinkovic-Savic,a,1543,OpenPlay,2016,RightFoot,2768,Palermo,Lazio,0,1,2016-11-27 15:30:00,Dusan Basta,Pass
151287,75,MissedShots,0.749000015258789,0.6930000305175781,0.02298559993505478,Sergej Milinkovic-Savic,a,1543,OpenPlay,2016,RightFoot,2768,Palermo,Lazio,0,1,2016-11-27 15:30:00,Lucas Biglia,Pass
151290,87,BlockedShot,0.9180000305175782,0.47299999237060547,0.09279389679431915,Sergej Milinkovic-Savic,a,1543,FromCorner,2016,Head,2768,Palermo,Lazio,0,1,2016-11-27 15:30:00,Lucas Biglia,Cross
151830,4,MissedShots,0.8730000305175781,0.48200000762939454,0.05143459886312485,Sergej Milinkovic-Savic,h,1543,FromCorner,2016,RightFoot,3069,Lazio,Roma,0,2,2016-12-04 18:00:00,Lucas Biglia,Cross
151843,72,MissedShots,0.9490000152587891,0.5979999923706054,0.08095060288906097,Sergej Milinkovic-Savic,h,1543,OpenPlay,2016,LeftFoot,3069,Lazio,Roma,0,2,2016-12-04 18:00:00,,None
152470,7,MissedShots,0.7809999847412109,0.7169999694824218,0.020892100408673286,Sergej Milinkovic-Savic,a,1543,OpenPlay,2016,RightFoot,3077,Sampdoria,Lazio,1,2,2016-12-10 23:45:00,Senad Lulic,Pass
152476,39,Goal,0.950999984741211,0.534000015258789,0.5418779850006104,Sergej Milinkovic-Savic,a,1543,OpenPlay,2016,Head,3077,Sampdoria,Lazio,1,2,2016-12-10 23:45:00,Felipe Anderson,Cross
153451,25,MissedShots,0.924000015258789,0.509000015258789,0.05208269879221916,Sergej Milinkovic-Savic,a,1543,FromCorner,2016,Head,3098,Inter,Lazio,3,0,2016-12-21 19:45:00,Lucas Biglia,Aerial
153920,87,MissedShots,0.8209999847412109,0.72,0.022821299731731415,Sergej Milinkovic-Savic,h,1543,OpenPlay,2016,RightFoot,3525,Lazio,Crotone,1,0,2017-01-08 18:00:00,,None
144529,45,Goal,0.9319999694824219,0.45,0.06317870318889618,Sergej Milinkovic-Savic,h,1543,SetPiece,2016,Head,3537,Lazio,Atalanta,2,1,2017-01-15 18:00:00,Senad Lulic,Aerial
144532,54,MissedShots,0.8030000305175782,0.23,0.013065200299024582,Sergej Milinkovic-Savic,h,1543,OpenPlay,2016,RightFoot,3537,Lazio,Atalanta,2,1,2017-01-15 18:00:00,,None
144537,73,MissedShots,0.775,0.5729999923706055,0.030352799221873283,Sergej Milinkovic-Savic,h,1543,OpenPlay,2016,RightFoot,3537,Lazio,Atalanta,2,1,2017-01-15 18:00:00,Stefan Radu,Pass
144543,84,MissedShots,0.914000015258789,0.5640000152587891,0.4604929983615875,Sergej Milinkovic-Savic,h,1543,OpenPlay,2016,RightFoot,3537,Lazio,Atalanta,2,1,2017-01-15 18:00:00,Ciro Immobile,Pass
144546,93,BlockedShot,0.9059999847412109,0.6370000076293946,0.10178399831056595,Sergej Milinkovic-Savic,h,1543,OpenPlay,2016,LeftFoot,3537,Lazio,Atalanta,2,1,2017-01-15 18:00:00,Senad Lulic,Pass
145191,24,MissedShots,0.7569999694824219,0.6140000152587891,0.013677099719643593,Sergej Milinkovic-Savic,a,1543,OpenPlay,2016,RightFoot,3542,Juventus,Lazio,2,0,2017-01-22 14:30:00,,None
145204,72,BlockedShot,0.7959999847412109,0.43,0.04453879967331886,Sergej Milinkovic-Savic,a,1543,OpenPlay,2016,RightFoot,3542,Juventus,Lazio,2,0,2017-01-22 14:30:00,Alessandro Murgia,Pass
145644,6,MissedShots,0.9209999847412109,0.41900001525878905,0.04009529948234558,Sergej Milinkovic-Savic,h,1543,OpenPlay,2016,Head,3550,Lazio,Chievo,0,1,2017-01-28 20:00:00,Senad Lulic,Aerial
145649,31,SavedShot,0.8209999847412109,0.740999984741211,0.022333400323987007,Sergej Milinkovic-Savic,h,1543,OpenPlay,2016,LeftFoot,3550,Lazio,Chievo,0,1,2017-01-28 20:00:00,Senad Lulic,Pass
145651,32,BlockedShot,0.9169999694824219,0.44099998474121094,0.12230300158262253,Sergej Milinkovic-Savic,h,1543,FromCorner,2016,RightFoot,3550,Lazio,Chievo,0,1,2017-01-28 20:00:00,,Rebound
145658,51,MissedShots,0.899000015258789,0.4779999923706055,0.09326440095901489,Sergej Milinkovic-Savic,h,1543,OpenPlay,2016,Head,3550,Lazio,Chievo,0,1,2017-01-28 20:00:00,Dusan Basta,Cross
145659,54,BlockedShot,0.8130000305175781,0.4909999847412109,0.05211900174617767,Sergej Milinkovic-Savic,h,1543,OpenPlay,2016,LeftFoot,3550,Lazio,Chievo,0,1,2017-01-28 20:00:00,,None
145666,66,MissedShots,0.9,0.6840000152587891,0.05352549999952316,Sergej Milinkovic-Savic,h,1543,OpenPlay,2016,LeftFoot,3550,Lazio,Chievo,0,1,2017-01-28 20:00:00,,None
145669,71,BlockedShot,0.86,0.5729999923706055,0.0649150013923645,Sergej Milinkovic-Savic,h,1543,SetPiece,2016,RightFoot,3550,Lazio,Chievo,0,1,2017-01-28 20:00:00,,None
146218,39,SavedShot,0.915,0.45599998474121095,0.06030470132827759,Sergej Milinkovic-Savic,a,1543,OpenPlay,2016,Head,3566,Pescara,Lazio,2,6,2017-02-05 14:00:00,Jordan Lukaku,Aerial
146222,48,ShotOnPost,0.9580000305175781,0.585,0.09779159724712372,Sergej Milinkovic-Savic,a,1543,SetPiece,2016,RightFoot,3566,Pescara,Lazio,2,6,2017-02-05 14:00:00,Felipe Anderson,Cross
146793,27,BlockedShot,0.89,0.5690000152587891,0.01365359965711832,Sergej Milinkovic-Savic,h,1543,FromCorner,2016,Head,3581,Lazio,AC Milan,1,1,2017-02-13 19:45:00,Lucas Biglia,Aerial
146810,79,MissedShots,0.825999984741211,0.6909999847412109,0.03949590027332306,Sergej Milinkovic-Savic,h,1543,OpenPlay,2016,RightFoot,3581,Lazio,AC Milan,1,1,2017-02-13 19:45:00,Senad Lulic,Pass
147266,7,MissedShots,0.735999984741211,0.5690000152587891,0.01925550028681755,Sergej Milinkovic-Savic,a,1543,OpenPlay,2016,RightFoot,3584,Empoli,Lazio,1,2,2017-02-18 19:45:00,Senad Lulic,Pass
147282,55,SavedShot,0.9440000152587891,0.6459999847412109,0.023371700197458267,Sergej Milinkovic-Savic,a,1543,OpenPlay,2016,Head,3584,Empoli,Lazio,1,2,2017-02-18 19:45:00,Marco Parolo,Chipped
148381,25,SavedShot,0.865999984741211,0.524000015258789,0.38420701026916504,Sergej Milinkovic-Savic,a,1543,OpenPlay,2016,RightFoot,3607,Bologna,Lazio,0,2,2017-03-05 19:45:00,Felipe Anderson,Throughball
148391,70,BlockedShot,0.94,0.40599998474121096,0.034760501235723495,Sergej Milinkovic-Savic,a,1543,SetPiece,2016,Head,3607,Bologna,Lazio,0,2,2017-03-05 19:45:00,Alessandro Murgia,Aerial
148978,14,BlockedShot,0.9309999847412109,0.5070000076293946,0.12660400569438934,Sergej Milinkovic-Savic,h,1543,OpenPlay,2016,RightFoot,3620,Lazio,Torino,3,1,2017-03-13 19:45:00,Ciro Immobile,Cross
148982,34,BlockedShot,0.905,0.3729999923706055,0.051491301506757736,Sergej Milinkovic-Savic,h,1543,FromCorner,2016,RightFoot,3620,Lazio,Torino,3,1,2017-03-13 19:45:00,Marco Parolo,Pass
148992,69,SavedShot,0.8130000305175781,0.3729999923706055,0.05308140069246292,Sergej Milinkovic-Savic,h,1543,OpenPlay,2016,LeftFoot,3620,Lazio,Torino,3,1,2017-03-13 19:45:00,Felipe Anderson,Pass
149993,53,BlockedShot,0.7559999847412109,0.645,0.01828869991004467,Sergej Milinkovic-Savic,a,1543,OpenPlay,2016,RightFoot,3638,Sassuolo,Lazio,1,2,2017-04-01 17:00:00,,Tackle
149996,70,BlockedShot,0.7769999694824219,0.7240000152587891,0.014617400243878365,Sergej Milinkovic-Savic,a,1543,OpenPlay,2016,RightFoot,3638,Sassuolo,Lazio,1,2,2017-04-01 17:00:00,Felipe Anderson,LayOff
149998,74,SavedShot,0.9059999847412109,0.664000015258789,0.06824640184640884,Sergej Milinkovic-Savic,a,1543,OpenPlay,2016,LeftFoot,3638,Sassuolo,Lazio,1,2,2017-04-01 17:00:00,Ciro Immobile,BallTouch
150004,93,BlockedShot,0.8019999694824219,0.56,0.044605500996112823,Sergej Milinkovic-Savic,a,1543,OpenPlay,2016,RightFoot,3638,Sassuolo,Lazio,1,2,2017-04-01 17:00:00,Keita,Pass
150508,5,MissedShots,0.894000015258789,0.605999984741211,0.07040119916200638,Sergej Milinkovic-Savic,h,1543,OpenPlay,2016,LeftFoot,3646,Lazio,Napoli,0,3,2017-04-09 19:45:00,Felipe Anderson,Cross
150510,11,SavedShot,0.8240000152587891,0.7290000152587891,0.02472420036792755,Sergej Milinkovic-Savic,h,1543,OpenPlay,2016,LeftFoot,3646,Lazio,Napoli,0,3,2017-04-09 19:45:00,Felipe Anderson,TakeOn
150522,60,MissedShots,0.9,0.4520000076293945,0.046370599418878555,Sergej Milinkovic-Savic,h,1543,OpenPlay,2016,Head,3646,Lazio,Napoli,0,3,2017-04-09 19:45:00,Jordan Lukaku,Aerial
150524,65,MissedShots,0.7580000305175781,0.555,0.012963499873876572,Sergej Milinkovic-Savic,h,1543,OpenPlay,2016,RightFoot,3646,Lazio,Napoli,0,3,2017-04-09 19:45:00,,Rebound
150533,78,MissedShots,0.7780000305175782,0.7069999694824218,0.011733800172805786,Sergej Milinkovic-Savic,h,1543,OpenPlay,2016,RightFoot,3646,Lazio,Napoli,0,3,2017-04-09 19:45:00,Keita,Pass
151104,30,MissedShots,0.9330000305175781,0.575,0.037807099521160126,Sergej Milinkovic-Savic,a,1543,OpenPlay,2016,Head,3658,Genoa,Lazio,2,2,2017-04-15 14:00:00,Felipe Anderson,Aerial
151117,68,BlockedShot,0.764000015258789,0.5570000076293945,0.019037900492548943,Sergej Milinkovic-Savic,a,1543,OpenPlay,2016,RightFoot,3658,Genoa,Lazio,2,2,2017-04-15 14:00:00,,Rebound
151127,95,MissedShots,0.905,0.5070000076293946,0.11422599852085114,Sergej Milinkovic-Savic,a,1543,OpenPlay,2016,Head,3658,Genoa,Lazio,2,2,2017-04-15 14:00:00,Luis Alberto,Cross
151688,63,SavedShot,0.7880000305175782,0.6780000305175782,0.06689179688692093,Sergej Milinkovic-Savic,h,1543,DirectFreekick,2016,RightFoot,3669,Lazio,Palermo,6,2,2017-04-23 14:00:00,,Standard
152112,90,BlockedShot,0.865999984741211,0.5509999847412109,0.11308000236749649,Sergej Milinkovic-Savic,a,1543,OpenPlay,2016,RightFoot,3675,Roma,Lazio,1,3,2017-04-30 11:30:00,Felipe Anderson,Cross
152739,55,BlockedShot,0.830999984741211,0.6809999847412109,0.03352639824151993,Sergej Milinkovic-Savic,h,1543,OpenPlay,2016,RightFoot,3690,Lazio,Sampdoria,7,3,2017-05-07 14:00:00,,None
154201,92,SavedShot,0.7669999694824219,0.49,0.01916470006108284,Sergej Milinkovic-Savic,a,1543,OpenPlay,2016,RightFoot,3716,Crotone,Lazio,3,1,2017-05-28 19:45:00,Ciro Immobile,Pass
172709,15,SavedShot,0.8569999694824219,0.23899999618530274,0.027458300814032555,Sergej Milinkovic-Savic,h,1543,OpenPlay,2017,RightFoot,7504,Lazio,SPAL 2013,0,0,2017-08-20 19:45:00,Luis Alberto,Pass
172711,19,MissedShots,0.89,0.5729999923706055,0.03606079891324043,Sergej Milinkovic-Savic,h,1543,OpenPlay,2017,Head,7504,Lazio,SPAL 2013,0,0,2017-08-20 19:45:00,Dusan Basta,Chipped
172712,25,BlockedShot,0.8019999694824219,0.575,0.04218360036611557,Sergej Milinkovic-Savic,h,1543,OpenPlay,2017,LeftFoot,7504,Lazio,SPAL 2013,0,0,2017-08-20 19:45:00,Senad Lulic,Pass
172727,61,MissedShots,0.7269999694824218,0.45,0.01987290009856224,Sergej Milinkovic-Savic,h,1543,OpenPlay,2017,RightFoot,7504,Lazio,SPAL 2013,0,0,2017-08-20 19:45:00,Luis Alberto,Pass
172728,73,SavedShot,0.84,0.34,0.04020880162715912,Sergej Milinkovic-Savic,h,1543,OpenPlay,2017,RightFoot,7504,Lazio,SPAL 2013,0,0,2017-08-20 19:45:00,Adam Marusic,Pass
172734,83,SavedShot,0.9069999694824219,0.37400001525878906,0.020825399085879326,Sergej Milinkovic-Savic,h,1543,OpenPlay,2017,Head,7504,Lazio,SPAL 2013,0,0,2017-08-20 19:45:00,Senad Lulic,Cross
172736,87,BlockedShot,0.7880000305175782,0.33299999237060546,0.020649699494242668,Sergej Milinkovic-Savic,h,1543,OpenPlay,2017,RightFoot,7504,Lazio,SPAL 2013,0,0,2017-08-20 19:45:00,Adam Marusic,Pass
172869,46,MissedShots,0.735,0.8209999847412109,0.009177209809422493,Sergej Milinkovic-Savic,a,1543,OpenPlay,2017,RightFoot,7516,Chievo,Lazio,1,2,2017-08-27 19:45:00,Senad Lulic,Pass
172872,52,BlockedShot,0.840999984741211,0.624000015258789,0.05098240077495575,Sergej Milinkovic-Savic,a,1543,OpenPlay,2017,LeftFoot,7516,Chievo,Lazio,1,2,2017-08-27 19:45:00,,None
172882,88,Goal,0.7830000305175782,0.33599998474121096,0.02375050075352192,Sergej Milinkovic-Savic,a,1543,OpenPlay,2017,RightFoot,7516,Chievo,Lazio,1,2,2017-08-27 19:45:00,Marco Parolo,Pass
173420,9,BlockedShot,0.7880000305175782,0.664000015258789,0.023151099681854248,Sergej Milinkovic-Savic,a,1543,SetPiece,2017,RightFoot,7532,Genoa,Lazio,2,3,2017-09-17 19:45:00,Luis Alberto,Pass
173421,12,SavedShot,0.7819999694824219,0.285,0.05400519818067551,Sergej Milinkovic-Savic,a,1543,DirectFreekick,2017,RightFoot,7532,Genoa,Lazio,2,3,2017-09-17 19:45:00,,Standard
173429,50,MissedShots,0.6959999847412109,0.53,0.017676400020718575,Sergej Milinkovic-Savic,a,1543,OpenPlay,2017,RightFoot,7532,Genoa,Lazio,2,3,2017-09-17 19:45:00,Lucas Leiva,Pass
173435,71,MissedShots,0.9269999694824219,0.37599998474121094,0.052574001252651215,Sergej Milinkovic-Savic,a,1543,OpenPlay,2017,Head,7532,Genoa,Lazio,2,3,2017-09-17 19:45:00,Senad Lulic,Cross
174601,16,BlockedShot,0.7780000305175782,0.7440000152587891,0.046130698174238205,Sergej Milinkovic-Savic,a,1543,DirectFreekick,2017,RightFoot,7575,Juventus,Lazio,1,2,2017-10-14 17:00:00,,Standard
174617,64,MissedShots,0.764000015258789,0.6079999923706054,0.0324534997344017,Sergej Milinkovic-Savic,a,1543,OpenPlay,2017,RightFoot,7575,Juventus,Lazio,1,2,2017-10-14 17:00:00,,None
174619,67,SavedShot,0.8469999694824218,0.6909999847412109,0.05193439871072769,Sergej Milinkovic-Savic,a,1543,OpenPlay,2017,RightFoot,7575,Juventus,Lazio,1,2,2017-10-14 17:00:00,Lucas Leiva,Chipped
174803,26,MissedShots,0.9490000152587891,0.40599998474121096,0.052779000252485275,Sergej Milinkovic-Savic,h,1543,OpenPlay,2017,Head,7582,Lazio,Cagliari,3,0,2017-10-22 19:45:00,Senad Lulic,Aerial
174818,86,MissedShots,0.8069999694824219,0.47299999237060547,0.06845010071992874,Sergej Milinkovic-Savic,h,1543,OpenPlay,2017,RightFoot,7582,Lazio,Cagliari,3,0,2017-10-22 19:45:00,Ciro Immobile,Pass
174992,3,Goal,0.845999984741211,0.5729999923706055,0.08427129685878754,Sergej Milinkovic-Savic,a,1543,OpenPlay,2017,RightFoot,7590,Bologna,Lazio,1,2,2017-10-25 19:45:00,Senad Lulic,Pass
175223,36,SavedShot,0.8640000152587891,0.6090000152587891,0.12111499905586243,Sergej Milinkovic-Savic,a,1543,OpenPlay,2017,LeftFoot,7599,Benevento,Lazio,1,5,2017-10-29 11:30:00,Luis Alberto,TakeOn
175224,39,SavedShot,0.7709999847412109,0.38799999237060545,0.0398298017680645,Sergej Milinkovic-Savic,a,1543,OpenPlay,2017,RightFoot,7599,Benevento,Lazio,1,5,2017-10-29 11:30:00,Marco Parolo,Pass
175837,13,BlockedShot,0.8630000305175781,0.6969999694824218,0.04434550181031227,Sergej Milinkovic-Savic,a,1543,OpenPlay,2017,RightFoot,7624,Roma,Lazio,2,1,2017-11-18 17:00:00,Senad Lulic,Pass
175851,61,BlockedShot,0.750999984741211,0.575,0.010604900307953358,Sergej Milinkovic-Savic,a,1543,OpenPlay,2017,RightFoot,7624,Roma,Lazio,2,1,2017-11-18 17:00:00,,Aerial
176142,36,SavedShot,0.784000015258789,0.4640000152587891,0.04817580059170723,Sergej Milinkovic-Savic,h,1543,OpenPlay,2017,RightFoot,7635,Lazio,Fiorentina,1,1,2017-11-26 17:00:00,Luis Alberto,Pass
176503,64,BlockedShot,0.8590000152587891,0.3120000076293945,0.04023350030183792,Sergej Milinkovic-Savic,a,1543,OpenPlay,2017,RightFoot,7647,Sampdoria,Lazio,1,2,2017-12-03 19:45:00,Luis Alberto,Pass
176506,79,Goal,0.975999984741211,0.43900001525878907,0.6316739916801453,Sergej Milinkovic-Savic,a,1543,SetPiece,2017,RightFoot,7647,Sampdoria,Lazio,1,2,2017-12-03 19:45:00,Marco Parolo,Rebound
180141,17,MissedShots,0.9259999847412109,0.5709999847412109,0.026208199560642242,Sergej Milinkovic-Savic,h,1543,FromCorner,2017,Head,7653,Lazio,Torino,1,3,2017-12-11 20:00:00,Luis Alberto,Aerial
180151,33,MissedShots,0.7759999847412109,0.46299999237060546,0.08916780352592468,Sergej Milinkovic-Savic,h,1543,DirectFreekick,2017,RightFoot,7653,Lazio,Torino,1,3,2017-12-11 20:00:00,,Standard
180157,47,MissedShots,0.8,0.6930000305175781,0.01984819956123829,Sergej Milinkovic-Savic,h,1543,FromCorner,2017,RightFoot,7653,Lazio,Torino,1,3,2017-12-11 20:00:00,Senad Lulic,Dispossessed
180161,52,SavedShot,0.875999984741211,0.365,0.06923370063304901,Sergej Milinkovic-Savic,h,1543,OpenPlay,2017,RightFoot,7653,Lazio,Torino,1,3,2017-12-11 20:00:00,Lucas Leiva,Pass
184712,26,Goal,0.8209999847412109,0.674000015258789,0.037461500614881516,Sergej Milinkovic-Savic,a,1543,OpenPlay,2017,LeftFoot,7659,Atalanta,Lazio,3,3,2017-12-17 19:45:00,Lucas Leiva,Pass
184713,34,Goal,0.825,0.6120000076293945,0.03871329873800278,Sergej Milinkovic-Savic,a,1543,OpenPlay,2017,RightFoot,7659,Atalanta,Lazio,3,3,2017-12-17 19:45:00,Marco Parolo,Pass
185102,5,MissedShots,0.9519999694824218,0.5659999847412109,0.11407399922609329,Sergej Milinkovic-Savic,h,1543,FromCorner,2017,Head,7673,Lazio,Crotone,4,0,2017-12-23 11:30:00,Luis Alberto,Cross
185111,46,MissedShots,0.8040000152587891,0.255,0.02078399993479252,Sergej Milinkovic-Savic,h,1543,OpenPlay,2017,RightFoot,7673,Lazio,Crotone,4,0,2017-12-23 11:30:00,Marco Parolo,HeadPass
185112,51,MissedShots,0.9130000305175782,0.6630000305175782,0.01978529989719391,Sergej Milinkovic-Savic,h,1543,OpenPlay,2017,Head,7673,Lazio,Crotone,4,0,2017-12-23 11:30:00,Patric,Chipped
186117,19,SavedShot,0.7519999694824219,0.40799999237060547,0.018528100103139877,Sergej Milinkovic-Savic,a,1543,OpenPlay,2017,RightFoot,7685,Inter,Lazio,0,0,2017-12-30 17:00:00,Ciro Immobile,LayOff
186707,9,BlockedShot,0.8230000305175781,0.49900001525878906,0.07291229814291,Sergej Milinkovic-Savic,a,1543,OpenPlay,2017,RightFoot,7695,SPAL 2013,Lazio,2,5,2018-01-06 14:00:00,Luis Alberto,Pass
189152,13,SavedShot,0.8290000152587891,0.33599998474121096,0.03286829963326454,Sergej Milinkovic-Savic,h,1543,OpenPlay,2017,RightFoot,7700,Lazio,Chievo,5,1,2018-01-21 14:00:00,Adam Marusic,Pass
189156,22,BlockedShot,0.865999984741211,0.48700000762939455,0.08684399724006653,Sergej Milinkovic-Savic,h,1543,OpenPlay,2017,RightFoot,7700,Lazio,Chievo,5,1,2018-01-21 14:00:00,Senad Lulic,Chipped
189160,30,Goal,0.8019999694824219,0.6859999847412109,0.02619140036404133,Sergej Milinkovic-Savic,h,1543,OpenPlay,2017,RightFoot,7700,Lazio,Chievo,5,1,2018-01-21 14:00:00,Marco Parolo,Pass
189169,67,Goal,0.9330000305175781,0.3940000152587891,0.3093549907207489,Sergej Milinkovic-Savic,h,1543,OpenPlay,2017,LeftFoot,7700,Lazio,Chievo,5,1,2018-01-21 14:00:00,Lucas Leiva,Chipped
189170,74,MissedShots,0.754000015258789,0.5379999923706055,0.035053301602602005,Sergej Milinkovic-Savic,h,1543,OpenPlay,2017,RightFoot,7700,Lazio,Chievo,5,1,2018-01-21 14:00:00,Lucas Leiva,Pass
189635,44,SavedShot,0.7190000152587891,0.46599998474121096,0.023674799129366875,Sergej Milinkovic-Savic,h,1543,OpenPlay,2017,RightFoot,7617,Lazio,Udinese,3,0,2018-01-24 18:00:00,Lucas Leiva,Pass
189637,55,BlockedShot,0.9159999847412109,0.504000015258789,0.04149549826979637,Sergej Milinkovic-Savic,h,1543,FromCorner,2017,Head,7617,Lazio,Udinese,3,0,2018-01-24 18:00:00,Nani,Aerial
189640,62,MissedShots,0.8059999847412109,0.6179999923706054,0.04873180016875267,Sergej Milinkovic-Savic,h,1543,OpenPlay,2017,RightFoot,7617,Lazio,Udinese,3,0,2018-01-24 18:00:00,Jordan Lukaku,Pass
190471,29,SavedShot,0.9,0.5059999847412109,0.04846020042896271,Sergej Milinkovic-Savic,a,1543,OpenPlay,2017,Head,7716,AC Milan,Lazio,2,1,2018-01-28 14:00:00,Senad Lulic,Aerial
190479,60,MissedShots,0.9069999694824219,0.6140000152587891,0.014083700254559517,Sergej Milinkovic-Savic,a,1543,OpenPlay,2017,Head,7716,AC Milan,Lazio,2,1,2018-01-28 14:00:00,Marco Parolo,Aerial
190480,65,BlockedShot,0.8780000305175781,0.5179999923706055,0.09937319904565811,Sergej Milinkovic-Savic,a,1543,OpenPlay,2017,LeftFoot,7716,AC Milan,Lazio,2,1,2018-01-28 14:00:00,Felipe Anderson,Pass
190482,67,SavedShot,0.9159999847412109,0.544000015258789,0.04572970047593117,Sergej Milinkovic-Savic,a,1543,OpenPlay,2017,Head,7716,AC Milan,Lazio,2,1,2018-01-28 14:00:00,Adam Marusic,Aerial
190483,69,SavedShot,0.7830000305175782,0.4879999923706055,0.03112819977104664,Sergej Milinkovic-Savic,a,1543,OpenPlay,2017,RightFoot,7716,AC Milan,Lazio,2,1,2018-01-28 14:00:00,Felipe Caicedo,Pass
190486,87,BlockedShot,0.8169999694824219,0.5579999923706055,0.021042199805378914,Sergej Milinkovic-Savic,a,1543,OpenPlay,2017,LeftFoot,7716,AC Milan,Lazio,2,1,2018-01-28 14:00:00,Senad Lulic,Aerial
196112,58,MissedShots,0.7269999694824218,0.620999984741211,0.014620199799537659,Sergej Milinkovic-Savic,a,1543,OpenPlay,2017,RightFoot,7736,Napoli,Lazio,4,1,2018-02-10 19:45:00,Ciro Immobile,Pass
197023,21,MissedShots,0.92,0.46,0.052783798426389694,Sergej Milinkovic-Savic,h,1543,FromCorner,2017,Head,7744,Lazio,Verona,2,0,2018-02-19 19:45:00,Marco Parolo,HeadPass
197025,28,MissedShots,0.885,0.4370000076293945,0.024817800149321556,Sergej Milinkovic-Savic,h,1543,OpenPlay,2017,Head,7744,Lazio,Verona,2,0,2018-02-19 19:45:00,Jordan Lukaku,Aerial
197026,28,BlockedShot,0.785,0.46599998474121096,0.03747420012950897,Sergej Milinkovic-Savic,h,1543,OpenPlay,2017,RightFoot,7744,Lazio,Verona,2,0,2018-02-19 19:45:00,Ciro Immobile,Pass
197033,50,MissedShots,0.769000015258789,0.3089999961853027,0.01695219986140728,Sergej Milinkovic-Savic,h,1543,OpenPlay,2017,LeftFoot,7744,Lazio,Verona,2,0,2018-02-19 19:45:00,Luis Alberto,Pass
197042,85,MissedShots,0.8690000152587891,0.4809999847412109,0.04905249923467636,Sergej Milinkovic-Savic,h,1543,FromCorner,2017,RightFoot,7744,Lazio,Verona,2,0,2018-02-19 19:45:00,Luis Alberto,Cross
197882,4,SavedShot,0.9269999694824219,0.5670000076293945,0.050076600164175034,Sergej Milinkovic-Savic,a,1543,OpenPlay,2017,Head,7754,Sassuolo,Lazio,0,3,2018-02-25 14:00:00,Adam Marusic,Aerial
197883,6,Goal,0.7809999847412109,0.629000015258789,0.02294839918613434,Sergej Milinkovic-Savic,a,1543,OpenPlay,2017,RightFoot,7754,Sassuolo,Lazio,0,3,2018-02-25 14:00:00,Felipe Anderson,Pass
197891,45,Goal,0.924000015258789,0.48200000762939454,0.4072990119457245,Sergej Milinkovic-Savic,a,1543,OpenPlay,2017,Head,7754,Sassuolo,Lazio,0,3,2018-02-25 14:00:00,Felipe Anderson,Cross
199017,19,SavedShot,0.9290000152587891,0.5629999923706055,0.08952820301055908,Sergej Milinkovic-Savic,h,1543,FromCorner,2017,Head,7765,Lazio,Juventus,0,1,2018-03-03 17:00:00,Luis Alberto,Cross
204930,86,BlockedShot,0.7819999694824219,0.615,0.08015710115432739,Sergej Milinkovic-Savic,h,1543,DirectFreekick,2017,RightFoot,7789,Lazio,Benevento,6,2,2018-03-31 14:00:00,,Standard
208053,18,BlockedShot,0.93,0.3089999961853027,0.03421249985694885,Sergej Milinkovic-Savic,a,1543,OpenPlay,2017,RightFoot,7807,Udinese,Lazio,1,2,2018-04-08 16:00:00,Felipe Anderson,Chipped
209397,94,MissedShots,0.37599998474121094,0.5459999847412109,0.006208629813045263,Sergej Milinkovic-Savic,h,1543,OpenPlay,2017,RightFoot,7814,Lazio,Roma,0,0,2018-04-15 18:45:00,Stefan de Vrij,BallRecovery
210926,31,Goal,0.9119999694824219,0.4779999923706055,0.2941510081291199,Sergej Milinkovic-Savic,h,1543,OpenPlay,2017,Head,7837,Lazio,Sampdoria,4,0,2018-04-22 13:00:00,Stefan Radu,Cross
210930,37,SavedShot,0.7230000305175781,0.49,0.021644899621605873,Sergej Milinkovic-Savic,h,1543,OpenPlay,2017,RightFoot,7837,Lazio,Sampdoria,4,0,2018-04-22 13:00:00,Lucas Leiva,Pass
210935,47,SavedShot,0.769000015258789,0.33,0.024838900193572044,Sergej Milinkovic-Savic,h,1543,OpenPlay,2017,RightFoot,7837,Lazio,Sampdoria,4,0,2018-04-22 13:00:00,Felipe Anderson,Pass
210943,81,BlockedShot,0.8190000152587891,0.4909999847412109,0.04124759882688522,Sergej Milinkovic-Savic,h,1543,FromCorner,2017,LeftFoot,7837,Lazio,Sampdoria,4,0,2018-04-22 13:00:00,,None
212654,43,BlockedShot,0.8109999847412109,0.6930000305175781,0.027372799813747406,Sergej Milinkovic-Savic,a,1543,OpenPlay,2017,RightFoot,7843,Torino,Lazio,0,1,2018-04-29 18:45:00,Lucas Leiva,Pass
212655,45,BlockedShot,0.835,0.43599998474121093,0.07828039675951004,Sergej Milinkovic-Savic,a,1543,OpenPlay,2017,RightFoot,7843,Torino,Lazio,0,1,2018-04-29 18:45:00,Luis Alberto,Pass
212656,47,MissedShots,0.894000015258789,0.5279999923706055,0.03436540067195892,Sergej Milinkovic-Savic,a,1543,SetPiece,2017,Head,7843,Torino,Lazio,0,1,2018-04-29 18:45:00,Luis Alberto,Aerial
212658,55,Goal,0.9719999694824218,0.5459999847412109,0.5084350109100342,Sergej Milinkovic-Savic,a,1543,FromCorner,2017,Head,7843,Torino,Lazio,0,1,2018-04-29 18:45:00,Luis Alberto,Cross
212665,71,MissedShots,0.7219999694824218,0.500999984741211,0.01838890090584755,Sergej Milinkovic-Savic,a,1543,OpenPlay,2017,RightFoot,7843,Torino,Lazio,0,1,2018-04-29 18:45:00,Alessandro Murgia,Pass
212667,74,BlockedShot,0.825999984741211,0.34599998474121096,0.053818099200725555,Sergej Milinkovic-Savic,a,1543,OpenPlay,2017,RightFoot,7843,Torino,Lazio,0,1,2018-04-29 18:45:00,Luis Alberto,Pass
212668,82,MissedShots,0.870999984741211,0.4759999847412109,0.1274619996547699,Sergej Milinkovic-Savic,a,1543,OpenPlay,2017,RightFoot,7843,Torino,Lazio,0,1,2018-04-29 18:45:00,Lucas Leiva,Pass
213670,26,BlockedShot,0.7930000305175782,0.4109999847412109,0.036881301552057266,Sergej Milinkovic-Savic,h,1543,OpenPlay,2017,RightFoot,7849,Lazio,Atalanta,1,1,2018-05-06 14:00:00,Alessandro Murgia,Pass
213682,71,MissedShots,0.8930000305175781,0.5209999847412109,0.04415620118379593,Sergej Milinkovic-Savic,h,1543,OpenPlay,2017,Head,7849,Lazio,Atalanta,1,1,2018-05-06 14:00:00,Adam Marusic,Aerial
213684,75,MissedShots,0.970999984741211,0.6070000076293945,0.02090049907565117,Sergej Milinkovic-Savic,h,1543,OpenPlay,2017,Head,7849,Lazio,Atalanta,1,1,2018-05-06 14:00:00,Bastos,Aerial
215471,11,MissedShots,0.76,0.664000015258789,0.020000800490379333,Sergej Milinkovic-Savic,a,1543,OpenPlay,2017,RightFoot,7863,Crotone,Lazio,2,2,2018-05-13 14:00:00,Thomas Strakosha,Pass
215477,40,SavedShot,0.8719999694824219,0.625999984741211,0.0535476990044117,Sergej Milinkovic-Savic,a,1543,FromCorner,2017,RightFoot,7863,Crotone,Lazio,2,2,2018-05-13 14:00:00,Stefan Radu,Pass
215481,53,MissedShots,0.7140000152587891,0.41,0.01898930035531521,Sergej Milinkovic-Savic,a,1543,OpenPlay,2017,RightFoot,7863,Crotone,Lazio,2,2,2018-05-13 14:00:00,Felipe Anderson,Pass
215486,68,BlockedShot,0.7080000305175781,0.524000015258789,0.015185199677944183,Sergej Milinkovic-Savic,a,1543,OpenPlay,2017,RightFoot,7863,Crotone,Lazio,2,2,2018-05-13 14:00:00,Felipe Anderson,Pass
215487,72,MissedShots,0.8619999694824219,0.3920000076293945,0.060409799218177795,Sergej Milinkovic-Savic,a,1543,OpenPlay,2017,RightFoot,7863,Crotone,Lazio,2,2,2018-05-13 14:00:00,Felipe Anderson,Pass
215489,83,Goal,0.92,0.5329999923706055,0.10973100364208221,Sergej Milinkovic-Savic,a,1543,FromCorner,2017,RightFoot,7863,Crotone,Lazio,2,2,2018-05-13 14:00:00,Stefan de Vrij,HeadPass
215490,85,MissedShots,0.955,0.4420000076293945,0.4382539987564087,Sergej Milinkovic-Savic,a,1543,OpenPlay,2017,Head,7863,Crotone,Lazio,2,2,2018-05-13 14:00:00,Martín Cáceres,Cross
215491,86,SavedShot,0.904000015258789,0.46099998474121096,0.081672802567482,Sergej Milinkovic-Savic,a,1543,OpenPlay,2017,Head,7863,Crotone,Lazio,2,2,2018-05-13 14:00:00,Martín Cáceres,Cross
216637,8,SavedShot,0.92,0.4909999847412109,0.35550299286842346,Sergej Milinkovic-Savic,h,1543,OpenPlay,2017,Head,7875,Lazio,Inter,2,3,2018-05-20 14:00:00,Senad Lulic,Cross
216642,24,ShotOnPost,0.7769999694824219,0.36,0.06952060014009476,Sergej Milinkovic-Savic,h,1543,DirectFreekick,2017,RightFoot,7875,Lazio,Inter,2,3,2018-05-20 14:00:00,,Standard
216648,43,SavedShot,0.7380000305175781,0.5179999923706055,0.023576799780130386,Sergej Milinkovic-Savic,h,1543,OpenPlay,2017,RightFoot,7875,Lazio,Inter,2,3,2018-05-20 14:00:00,Thomas Strakosha,Pass
216663,82,MissedShots,0.8240000152587891,0.56,0.01787859946489334,Sergej Milinkovic-Savic,h,1543,OpenPlay,2017,RightFoot,7875,Lazio,Inter,2,3,2018-05-20 14:00:00,,Aerial
220236,34,MissedShots,0.7169999694824218,0.6680000305175782,0.014197999611496925,Sergej Milinkovic-Savic,a,1543,OpenPlay,2018,RightFoot,9587,Juventus,Lazio,2,0,2018-08-25 19:00:00,Senad Lulic,Pass
222546,24,MissedShots,0.91,0.625999984741211,0.32615500688552856,Sergej Milinkovic-Savic,h,1543,OpenPlay,2018,RightFoot,9601,Lazio,Frosinone,1,0,2018-09-02 18:30:00,Ciro Immobile,Pass
222550,33,MissedShots,0.759000015258789,0.5479999923706055,0.024284200742840767,Sergej Milinkovic-Savic,h,1543,OpenPlay,2018,RightFoot,9601,Lazio,Frosinone,1,0,2018-09-02 18:30:00,Senad Lulic,Pass
222552,41,MissedShots,0.7930000305175782,0.649000015258789,0.02421480044722557,Sergej Milinkovic-Savic,h,1543,OpenPlay,2018,RightFoot,9601,Lazio,Frosinone,1,0,2018-09-02 18:30:00,Senad Lulic,Pass
222565,59,SavedShot,0.7559999847412109,0.6990000152587891,0.016428500413894653,Sergej Milinkovic-Savic,h,1543,OpenPlay,2018,RightFoot,9601,Lazio,Frosinone,1,0,2018-09-02 18:30:00,Ciro Immobile,Pass
224349,5,MissedShots,0.865999984741211,0.6029999923706054,0.1479800045490265,Sergej Milinkovic-Savic,a,1543,OpenPlay,2018,RightFoot,9608,Empoli,Lazio,0,1,2018-09-16 16:00:00,Luis Alberto,TakeOn
224350,7,BlockedShot,0.740999984741211,0.69,0.04163600131869316,Sergej Milinkovic-Savic,a,1543,DirectFreekick,2018,RightFoot,9608,Empoli,Lazio,0,1,2018-09-16 16:00:00,,Standard
224354,11,BlockedShot,0.85,0.6,0.06509970128536224,Sergej Milinkovic-Savic,a,1543,OpenPlay,2018,LeftFoot,9608,Empoli,Lazio,0,1,2018-09-16 16:00:00,Senad Lulic,Pass
224361,35,MissedShots,0.7680000305175781,0.3029999923706055,0.021824199706315994,Sergej Milinkovic-Savic,a,1543,OpenPlay,2018,RightFoot,9608,Empoli,Lazio,0,1,2018-09-16 16:00:00,Lucas Leiva,Pass
224367,45,MissedShots,0.9519999694824218,0.46599998474121096,0.15448099374771118,Sergej Milinkovic-Savic,a,1543,OpenPlay,2018,LeftFoot,9608,Empoli,Lazio,0,1,2018-09-16 16:00:00,Wallace,Rebound
225766,11,BlockedShot,0.7280000305175781,0.4640000152587891,0.05021670088171959,Sergej Milinkovic-Savic,h,1543,DirectFreekick,2018,RightFoot,9621,Lazio,Genoa,4,1,2018-09-23 13:00:00,,Standard
225768,12,BlockedShot,0.8030000305175782,0.685,0.028213800862431526,Sergej Milinkovic-Savic,h,1543,OpenPlay,2018,RightFoot,9621,Lazio,Genoa,4,1,2018-09-23 13:00:00,Ciro Immobile,Pass
225777,35,BlockedShot,0.905,0.4159999847412109,0.03637919947504997,Sergej Milinkovic-Savic,h,1543,FromCorner,2018,Head,9621,Lazio,Genoa,4,1,2018-09-23 13:00:00,Lucas Leiva,Cross
225783,52,Goal,0.9080000305175782,0.46700000762939453,0.05269930139183998,Sergej Milinkovic-Savic,h,1543,OpenPlay,2018,Head,9621,Lazio,Genoa,4,1,2018-09-23 13:00:00,Senad Lulic,Aerial
225785,59,BlockedShot,0.8159999847412109,0.629000015258789,0.04681970179080963,Sergej Milinkovic-Savic,h,1543,OpenPlay,2018,RightFoot,9621,Lazio,Genoa,4,1,2018-09-23 13:00:00,Senad Lulic,Pass
227761,25,MissedShots,0.9280000305175782,0.49400001525878906,0.11576300114393234,Sergej Milinkovic-Savic,a,1543,FromCorner,2018,Head,9637,Roma,Lazio,3,1,2018-09-29 13:00:00,Luis Alberto,Cross
227768,53,MissedShots,0.7530000305175781,0.504000015258789,0.024089200422167778,Sergej Milinkovic-Savic,a,1543,OpenPlay,2018,RightFoot,9637,Roma,Lazio,3,1,2018-09-29 13:00:00,Joaquín Correa,Pass
227781,80,SavedShot,0.730999984741211,0.37599998474121094,0.016812900081276894,Sergej Milinkovic-Savic,a,1543,OpenPlay,2018,RightFoot,9637,Roma,Lazio,3,1,2018-09-29 13:00:00,Ciro Immobile,Pass
252472,50,MissedShots,0.8530000305175781,0.3170000076293945,0.0458391010761261,Sergej Milinkovic-Savic,a,1543,OpenPlay,2018,RightFoot,9662,Parma Calcio 1913,Lazio,0,2,2018-10-21 13:00:00,Lucas Leiva,HeadPass
252475,53,SavedShot,0.81,0.5170000076293946,0.06027720123529434,Sergej Milinkovic-Savic,a,1543,OpenPlay,2018,RightFoot,9662,Parma Calcio 1913,Lazio,0,2,2018-10-21 13:00:00,Ciro Immobile,Pass
252805,36,MissedShots,0.7930000305175782,0.6309999847412109,0.026468999683856964,Sergej Milinkovic-Savic,h,1543,OpenPlay,2018,RightFoot,9671,Lazio,Inter,0,3,2018-10-29 18:30:00,Marco Parolo,Pass
252811,52,MissedShots,0.875,0.6370000076293946,0.03399030119180679,Sergej Milinkovic-Savic,h,1543,OpenPlay,2018,RightFoot,9671,Lazio,Inter,0,3,2018-10-29 18:30:00,Adam Marusic,Cross
252826,81,BlockedShot,0.715,0.6459999847412109,0.00917034037411213,Sergej Milinkovic-Savic,h,1543,OpenPlay,2018,RightFoot,9671,Lazio,Inter,0,3,2018-10-29 18:30:00,Senad Lulic,Pass
252984,5,BlockedShot,0.8530000305175781,0.715,0.027804799377918243,Sergej Milinkovic-Savic,h,1543,OpenPlay,2018,RightFoot,9682,Lazio,SPAL 2013,4,1,2018-11-04 11:30:00,Ciro Immobile,Pass
252994,33,MissedShots,0.955999984741211,0.48900001525878906,0.5287759900093079,Sergej Milinkovic-Savic,h,1543,FromCorner,2018,RightFoot,9682,Lazio,SPAL 2013,4,1,2018-11-04 11:30:00,Danilo Cataldi,Cross
253000,57,BlockedShot,0.735,0.5829999923706055,0.05120709910988808,Sergej Milinkovic-Savic,h,1543,DirectFreekick,2018,RightFoot,9682,Lazio,SPAL 2013,4,1,2018-11-04 11:30:00,,Standard
253005,72,SavedShot,0.875,0.3529999923706055,0.09046170115470886,Sergej Milinkovic-Savic,h,1543,OpenPlay,2018,RightFoot,9682,Lazio,SPAL 2013,4,1,2018-11-04 11:30:00,Joaquín Correa,Pass
253406,26,MissedShots,0.7419999694824219,0.645,0.014282500371336937,Sergej Milinkovic-Savic,a,1543,OpenPlay,2018,RightFoot,9693,Sassuolo,Lazio,1,1,2018-11-11 17:00:00,Ciro Immobile,Pass
253662,2,MissedShots,0.9030000305175782,0.4929999923706055,0.024642199277877808,Sergej Milinkovic-Savic,h,1543,FromCorner,2018,Head,9703,Lazio,AC Milan,1,1,2018-11-25 17:00:00,Luis Alberto,Aerial
253670,20,MissedShots,0.7030000305175781,0.6759999847412109,0.011002999730408192,Sergej Milinkovic-Savic,h,1543,OpenPlay,2018,RightFoot,9703,Lazio,AC Milan,1,1,2018-11-25 17:00:00,Ciro Immobile,Pass
253671,30,BlockedShot,0.7919999694824219,0.5259999847412109,0.03318969905376434,Sergej Milinkovic-Savic,h,1543,OpenPlay,2018,RightFoot,9703,Lazio,AC Milan,1,1,2018-11-25 17:00:00,Ciro Immobile,Pass
253678,47,BlockedShot,0.795,0.6309999847412109,0.02460329979658127,Sergej Milinkovic-Savic,h,1543,OpenPlay,2018,RightFoot,9703,Lazio,AC Milan,1,1,2018-11-25 17:00:00,Luis Alberto,Pass
253945,37,SavedShot,0.875999984741211,0.5320000076293945,0.07377629727125168,Sergej Milinkovic-Savic,a,1543,OpenPlay,2018,LeftFoot,9708,Chievo,Lazio,1,1,2018-12-02 17:00:00,Milan Badelj,Cross
253949,60,MissedShots,0.9059999847412109,0.575999984741211,0.0703829973936081,Sergej Milinkovic-Savic,a,1543,SetPiece,2018,RightFoot,9708,Chievo,Lazio,1,1,2018-12-02 17:00:00,Joaquín Correa,Cross
254851,40,MissedShots,0.805,0.664000015258789,0.019177500158548355,Sergej Milinkovic-Savic,h,1543,SetPiece,2018,RightFoot,9718,Lazio,Sampdoria,2,2,2018-12-08 19:30:00,,Rebound
254858,55,BlockedShot,0.9530000305175781,0.47,0.09154099971055984,Sergej Milinkovic-Savic,h,1543,OpenPlay,2018,Head,9718,Lazio,Sampdoria,2,2,2018-12-08 19:30:00,Stefan Radu,Aerial
254861,61,MissedShots,0.9159999847412109,0.565,0.06378520280122757,Sergej Milinkovic-Savic,h,1543,OpenPlay,2018,RightFoot,9718,Lazio,Sampdoria,2,2,2018-12-08 19:30:00,Senad Lulic,Aerial
254867,76,SavedShot,0.8680000305175781,0.6309999847412109,0.04928790032863617,Sergej Milinkovic-Savic,h,1543,OpenPlay,2018,RightFoot,9718,Lazio,Sampdoria,2,2,2018-12-08 19:30:00,Francesco Acerbi,Chipped
254870,84,MissedShots,0.9219999694824219,0.4779999923706055,0.36132800579071045,Sergej Milinkovic-Savic,h,1543,OpenPlay,2018,Head,9718,Lazio,Sampdoria,2,2,2018-12-08 19:30:00,Senad Lulic,Cross
254554,23,MissedShots,0.7930000305175782,0.6669999694824219,0.02192460000514984,Sergej Milinkovic-Savic,a,1543,OpenPlay,2018,RightFoot,9728,Atalanta,Lazio,1,0,2018-12-17 19:30:00,Marco Parolo,HeadPass
254558,40,SavedShot,0.9130000305175782,0.47200000762939454,0.08529649674892426,Sergej Milinkovic-Savic,a,1543,OpenPlay,2018,Head,9728,Atalanta,Lazio,1,0,2018-12-17 19:30:00,Senad Lulic,Cross
254561,44,BlockedShot,0.94,0.664000015258789,0.055580999702215195,Sergej Milinkovic-Savic,a,1543,OpenPlay,2018,RightFoot,9728,Atalanta,Lazio,1,0,2018-12-17 19:30:00,,None
254563,51,MissedShots,0.7240000152587891,0.500999984741211,0.017834799364209175,Sergej Milinkovic-Savic,a,1543,OpenPlay,2018,RightFoot,9728,Atalanta,Lazio,1,0,2018-12-17 19:30:00,Ciro Immobile,Pass
254565,54,MissedShots,0.764000015258789,0.69,0.01629050076007843,Sergej Milinkovic-Savic,a,1543,OpenPlay,2018,RightFoot,9728,Atalanta,Lazio,1,0,2018-12-17 19:30:00,Joaquín Correa,Pass
254568,71,MissedShots,0.9159999847412109,0.575,0.018899500370025635,Sergej Milinkovic-Savic,a,1543,FromCorner,2018,Head,9728,Atalanta,Lazio,1,0,2018-12-17 19:30:00,Luis Alberto,Aerial
254573,5,SavedShot,0.9390000152587891,0.4929999923706055,0.1287509948015213,Sergej Milinkovic-Savic,h,1543,FromCorner,2018,Head,9737,Lazio,Cagliari,3,1,2018-12-22 11:30:00,Luis Alberto,Cross
254576,11,Goal,0.875999984741211,0.5309999847412109,0.09263739734888077,Sergej Milinkovic-Savic,h,1543,OpenPlay,2018,RightFoot,9737,Lazio,Cagliari,3,1,2018-12-22 11:30:00,,Rebound
254589,50,MissedShots,0.9,0.4909999847412109,0.021935300901532173,Sergej Milinkovic-Savic,h,1543,FromCorner,2018,Head,9737,Lazio,Cagliari,3,1,2018-12-22 11:30:00,Luis Alberto,Aerial
254595,62,MissedShots,0.785,0.62,0.030347000807523727,Sergej Milinkovic-Savic,h,1543,OpenPlay,2018,LeftFoot,9737,Lazio,Cagliari,3,1,2018-12-22 11:30:00,Ciro Immobile,Pass
255035,68,SavedShot,0.8919999694824219,0.47,0.044360700994729996,Sergej Milinkovic-Savic,a,1543,OpenPlay,2018,Head,9748,Bologna,Lazio,0,2,2018-12-26 14:00:00,Senad Lulic,Aerial
263433,61,Goal,0.7519999694824219,0.37,0.018293099477887154,Sergej Milinkovic-Savic,h,1543,OpenPlay,2018,RightFoot,9761,Lazio,Torino,1,1,2018-12-29 14:00:00,Lucas Leiva,HeadPass
263435,65,BlockedShot,0.845999984741211,0.6,0.0660649985074997,Sergej Milinkovic-Savic,h,1543,OpenPlay,2018,RightFoot,9761,Lazio,Torino,1,1,2018-12-29 14:00:00,Senad Lulic,Pass
276553,4,SavedShot,0.9569999694824218,0.5570000076293945,0.4888019859790802,Sergej Milinkovic-Savic,a,1543,OpenPlay,2018,Head,9773,Napoli,Lazio,2,1,2019-01-20 19:30:00,Lucas Leiva,Aerial
276556,17,SavedShot,0.7380000305175781,0.585,0.016895700246095657,Sergej Milinkovic-Savic,a,1543,OpenPlay,2018,RightFoot,9773,Napoli,Lazio,2,1,2019-01-20 19:30:00,Luis Alberto,Pass
276561,24,SavedShot,0.7809999847412109,0.6530000305175782,0.025644199922680855,Sergej Milinkovic-Savic,a,1543,OpenPlay,2018,RightFoot,9773,Napoli,Lazio,2,1,2019-01-20 19:30:00,Lucas Leiva,Pass
276908,67,MissedShots,0.7930000305175782,0.615999984741211,0.059707000851631165,Sergej Milinkovic-Savic,h,1543,OpenPlay,2018,RightFoot,9786,Lazio,Juventus,1,2,2019-01-27 19:30:00,Joaquín Correa,TakeOn
276915,95,MissedShots,0.8019999694824219,0.6020000076293945,0.10793499648571014,Sergej Milinkovic-Savic,h,1543,DirectFreekick,2018,RightFoot,9786,Lazio,Juventus,1,2,2019-01-27 19:30:00,,Standard
277208,17,BlockedShot,0.7580000305175781,0.30700000762939456,0.04782019928097725,Sergej Milinkovic-Savic,h,1543,DirectFreekick,2018,RightFoot,9801,Lazio,Empoli,1,0,2019-02-07 19:30:00,,Standard
277212,32,MissedShots,0.909000015258789,0.48200000762939454,0.36903101205825806,Sergej Milinkovic-Savic,h,1543,OpenPlay,2018,Head,9801,Lazio,Empoli,1,0,2019-02-07 19:30:00,Senad Lulic,Aerial
285399,29,SavedShot,0.86,0.28,0.06344719976186752,Sergej Milinkovic-Savic,a,1543,OpenPlay,2018,RightFoot,9839,Fiorentina,Lazio,1,1,2019-03-10 19:30:00,Joaquín Correa,LayOff
285403,46,MissedShots,0.799000015258789,0.34200000762939453,0.03814449906349182,Sergej Milinkovic-Savic,a,1543,OpenPlay,2018,RightFoot,9839,Fiorentina,Lazio,1,1,2019-03-10 19:30:00,Adam Marusic,Pass
285404,47,BlockedShot,0.7619999694824219,0.40599998474121096,0.029651900753378868,Sergej Milinkovic-Savic,a,1543,OpenPlay,2018,RightFoot,9839,Fiorentina,Lazio,1,1,2019-03-10 19:30:00,Joaquín Correa,Pass
286908,0,SavedShot,0.7340000152587891,0.3270000076293945,0.01375459972769022,Sergej Milinkovic-Savic,h,1543,OpenPlay,2018,RightFoot,9851,Lazio,Parma Calcio 1913,4,1,2019-03-17 14:00:00,,BallTouch
286914,33,BlockedShot,0.795,0.3,0.021326100453734398,Sergej Milinkovic-Savic,h,1543,OpenPlay,2018,RightFoot,9851,Lazio,Parma Calcio 1913,4,1,2019-03-17 14:00:00,Adam Marusic,Pass
286915,34,MissedShots,0.904000015258789,0.4759999847412109,0.023913700133562088,Sergej Milinkovic-Savic,h,1543,FromCorner,2018,Head,9851,Lazio,Parma Calcio 1913,4,1,2019-03-17 14:00:00,Luis Alberto,Aerial
286930,80,BlockedShot,0.7909999847412109,0.5690000152587891,0.04347189888358116,Sergej Milinkovic-Savic,h,1543,OpenPlay,2018,RightFoot,9851,Lazio,Parma Calcio 1913,4,1,2019-03-17 14:00:00,Pedro Neto,Pass
288357,12,Goal,0.9769999694824218,0.44099998474121094,0.5718590021133423,Sergej Milinkovic-Savic,a,1543,OpenPlay,2018,Head,9861,Inter,Lazio,0,1,2019-03-31 18:30:00,Luis Alberto,Cross
291427,56,BlockedShot,0.765,0.3160000038146973,0.01935959979891777,Sergej Milinkovic-Savic,a,1543,OpenPlay,2018,RightFoot,9875,SPAL 2013,Lazio,1,0,2019-04-03 20:00:00,Joaquín Correa,Pass
292762,81,SavedShot,0.9159999847412109,0.4570000076293945,0.35440701246261597,Sergej Milinkovic-Savic,h,1543,OpenPlay,2018,Head,9881,Lazio,Sassuolo,2,2,2019-04-07 17:00:00,Stefan Radu,Aerial
292765,89,MissedShots,0.904000015258789,0.37900001525878907,0.013593100011348724,Sergej Milinkovic-Savic,h,1543,OpenPlay,2018,Head,9881,Lazio,Sassuolo,2,2,2019-04-07 17:00:00,Senad Lulic,Aerial
293893,35,SavedShot,0.830999984741211,0.365,0.04696530103683472,Sergej Milinkovic-Savic,a,1543,OpenPlay,2018,RightFoot,9891,AC Milan,Lazio,1,0,2019-04-13 19:30:00,Luis Alberto,Pass
294640,16,SavedShot,0.889000015258789,0.5729999923706055,0.0346066989004612,Sergej Milinkovic-Savic,h,1543,OpenPlay,2018,Head,9821,Lazio,Udinese,2,0,2019-04-17 18:00:00,Rômulo,Chipped
294667,77,MissedShots,0.7959999847412109,0.37,0.03101780079305172,Sergej Milinkovic-Savic,h,1543,OpenPlay,2018,RightFoot,9821,Lazio,Udinese,2,0,2019-04-17 18:00:00,,None
294671,88,MissedShots,0.730999984741211,0.37099998474121093,0.02401920035481453,Sergej Milinkovic-Savic,h,1543,OpenPlay,2018,RightFoot,9821,Lazio,Udinese,2,0,2019-04-17 18:00:00,Ciro Immobile,Pass
294959,24,BlockedShot,0.725,0.710999984741211,0.03453170135617256,Sergej Milinkovic-Savic,h,1543,DirectFreekick,2018,RightFoot,9902,Lazio,Chievo,1,2,2019-04-20 14:00:00,,Standard
303403,79,Goal,0.710999984741211,0.38599998474121094,0.03832760080695152,Sergej Milinkovic-Savic,h,1543,DirectFreekick,2018,RightFoot,9941,Lazio,Bologna,3,3,2019-05-20 18:30:00,,Standard
313353,8,SavedShot,0.725999984741211,0.43099998474121093,0.018021300435066223,Sergej Milinkovic-Savic,a,1543,OpenPlay,2019,RightFoot,13094,Sampdoria,Lazio,0,3,2019-08-25 19:45:00,Joaquín Correa,Pass
313355,28,SavedShot,0.47099998474121096,0.47,0.0063003599643707275,Sergej Milinkovic-Savic,a,1543,OpenPlay,2019,RightFoot,13094,Sampdoria,Lazio,0,3,2019-08-25 19:45:00,Ciro Immobile,Pass
313361,36,MissedShots,0.9,0.38,0.02156429924070835,Sergej Milinkovic-Savic,a,1543,OpenPlay,2019,Head,13094,Sampdoria,Lazio,0,3,2019-08-25 19:45:00,Senad Lulic,Cross
313374,72,SavedShot,0.875,0.34700000762939454,0.04286539927124977,Sergej Milinkovic-Savic,a,1543,OpenPlay,2019,RightFoot,13094,Sampdoria,Lazio,0,3,2019-08-25 19:45:00,,Rebound
316566,6,SavedShot,0.8,0.38299999237060545,0.03683340176939964,Sergej Milinkovic-Savic,h,1543,OpenPlay,2019,RightFoot,13102,Lazio,Roma,1,1,2019-09-01 17:00:00,Luis Alberto,Pass
316591,64,BlockedShot,0.9640000152587891,0.635,0.03135719895362854,Sergej Milinkovic-Savic,h,1543,SetPiece,2019,LeftFoot,13102,Lazio,Roma,1,1,2019-09-01 17:00:00,Luis Alberto,Cross
321390,9,MissedShots,0.7480000305175781,0.30100000381469727,0.01630139909684658,Sergej Milinkovic-Savic,h,1543,OpenPlay,2019,RightFoot,13123,Lazio,Parma Calcio 1913,2,0,2019-09-22 18:45:00,Adam Marusic,Pass
321393,25,SavedShot,0.8640000152587891,0.38,0.059223201125860214,Sergej Milinkovic-Savic,h,1543,OpenPlay,2019,RightFoot,13123,Lazio,Parma Calcio 1913,2,0,2019-09-22 18:45:00,Luiz Felipe,HeadPass
321400,48,MissedShots,0.904000015258789,0.5840000152587891,0.017550600692629814,Sergej Milinkovic-Savic,h,1543,FromCorner,2019,Head,13123,Lazio,Parma Calcio 1913,2,0,2019-09-22 18:45:00,,Aerial
321415,87,MissedShots,0.9219999694824219,0.35700000762939454,0.12616300582885742,Sergej Milinkovic-Savic,h,1543,OpenPlay,2019,RightFoot,13123,Lazio,Parma Calcio 1913,2,0,2019-09-22 18:45:00,Felipe Caicedo,Pass
322057,49,BlockedShot,0.88,0.5029999923706054,0.05411490052938461,Sergej Milinkovic-Savic,a,1543,FromCorner,2019,LeftFoot,13133,Inter,Lazio,1,0,2019-09-25 19:00:00,Jony,Cross
323276,6,Goal,0.8530000305175781,0.46700000762939453,0.059039801359176636,Sergej Milinkovic-Savic,h,1543,OpenPlay,2019,LeftFoot,13141,Lazio,Genoa,4,0,2019-09-29 13:00:00,Ciro Immobile,Rebound
323287,29,MissedShots,0.8519999694824218,0.504000015258789,0.02094539999961853,Sergej Milinkovic-Savic,h,1543,OpenPlay,2019,Head,13141,Lazio,Genoa,4,0,2019-09-29 13:00:00,Senad Lulic,Aerial
324705,14,MissedShots,0.8959999847412109,0.47900001525878905,0.018889600411057472,Sergej Milinkovic-Savic,a,1543,FromCorner,2019,Head,13150,Bologna,Lazio,2,2,2019-10-06 14:00:00,Luis Alberto,Aerial
324706,16,MissedShots,0.8059999847412109,0.39099998474121095,0.038711901754140854,Sergej Milinkovic-Savic,a,1543,OpenPlay,2019,RightFoot,13150,Bologna,Lazio,2,2,2019-10-06 14:00:00,Ciro Immobile,Pass
324713,36,BlockedShot,0.7530000305175781,0.42700000762939455,0.06351029872894287,Sergej Milinkovic-Savic,a,1543,DirectFreekick,2019,RightFoot,13150,Bologna,Lazio,2,2,2019-10-06 14:00:00,,Standard
325334,4,MissedShots,0.8780000305175781,0.6580000305175782,0.06833519786596298,Sergej Milinkovic-Savic,h,1543,OpenPlay,2019,LeftFoot,13162,Lazio,Atalanta,3,3,2019-10-19 14:00:00,Ciro Immobile,TakeOn
325353,64,BlockedShot,0.7480000305175781,0.6120000076293945,0.017349300906062126,Sergej Milinkovic-Savic,h,1543,OpenPlay,2019,RightFoot,13162,Lazio,Atalanta,3,3,2019-10-19 14:00:00,Danilo Cataldi,Pass
325359,75,MissedShots,0.7669999694824219,0.41200000762939454,0.02140210010111332,Sergej Milinkovic-Savic,h,1543,OpenPlay,2019,LeftFoot,13162,Lazio,Atalanta,3,3,2019-10-19 14:00:00,Thomas Strakosha,Chipped
328554,44,BlockedShot,0.8569999694824219,0.28,0.049135901033878326,Sergej Milinkovic-Savic,h,1543,OpenPlay,2019,RightFoot,13182,Lazio,Torino,4,0,2019-10-30 20:00:00,Adam Marusic,Pass
328562,75,MissedShots,0.8069999694824219,0.3270000076293945,0.01075149979442358,Sergej Milinkovic-Savic,h,1543,FromCorner,2019,RightFoot,13182,Lazio,Torino,4,0,2019-10-30 20:00:00,Luis Alberto,Chipped
328566,87,MissedShots,0.9430000305175781,0.34799999237060547,0.0831042006611824,Sergej Milinkovic-Savic,h,1543,OpenPlay,2019,RightFoot,13182,Lazio,Torino,4,0,2019-10-30 20:00:00,Senad Lulic,Cross
328567,89,BlockedShot,0.9690000152587891,0.6179999923706054,0.023185599595308304,Sergej Milinkovic-Savic,h,1543,FromCorner,2019,Head,13182,Lazio,Torino,4,0,2019-10-30 20:00:00,Luis Alberto,Cross
331344,12,MissedShots,0.9319999694824219,0.5420000076293945,0.38793399930000305,Sergej Milinkovic-Savic,h,1543,OpenPlay,2019,LeftFoot,13203,Lazio,Lecce,4,2,2019-11-10 14:00:00,Lucas Leiva,Chipped
331352,23,MissedShots,0.8919999694824219,0.4859999847412109,0.017595700919628143,Sergej Milinkovic-Savic,h,1543,FromCorner,2019,Head,13203,Lazio,Lecce,4,2,2019-11-10 14:00:00,Luis Alberto,Aerial
331360,46,BlockedShot,0.8069999694824219,0.6580000305175782,0.08895149827003479,Sergej Milinkovic-Savic,h,1543,DirectFreekick,2019,RightFoot,13203,Lazio,Lecce,4,2,2019-11-10 14:00:00,,Standard
331365,54,MissedShots,0.904000015258789,0.44299999237060544,0.06999029964208603,Sergej Milinkovic-Savic,h,1543,OpenPlay,2019,Head,13203,Lazio,Lecce,4,2,2019-11-10 14:00:00,Francesco Acerbi,Cross
331368,61,Goal,0.9469999694824218,0.5109999847412109,0.5778819918632507,Sergej Milinkovic-Savic,h,1543,OpenPlay,2019,RightFoot,13203,Lazio,Lecce,4,2,2019-11-10 14:00:00,Francesco Acerbi,Cross
332916,14,BlockedShot,0.8930000305175781,0.4159999847412109,0.10870400071144104,Sergej Milinkovic-Savic,a,1543,OpenPlay,2019,RightFoot,13216,Sassuolo,Lazio,1,2,2019-11-24 14:00:00,Manuel Lazzari,Pass
334289,86,MissedShots,0.7530000305175781,0.4490000152587891,0.022748999297618866,Sergej Milinkovic-Savic,h,1543,OpenPlay,2019,RightFoot,13226,Lazio,Udinese,3,0,2019-12-01 14:00:00,Ciro Immobile,Pass
336025,73,Goal,0.9209999847412109,0.605,0.08365830034017563,Sergej Milinkovic-Savic,h,1543,OpenPlay,2019,LeftFoot,13232,Lazio,Juventus,3,1,2019-12-07 19:45:00,Luis Alberto,Chipped
337924,70,MissedShots,0.9059999847412109,0.5220000076293946,0.07838059961795807,Sergej Milinkovic-Savic,a,1543,FromCorner,2019,Head,13241,Cagliari,Lazio,1,2,2019-12-16 19:45:00,Danilo Cataldi,Cross
337929,85,BlockedShot,0.9209999847412109,0.37400001525878906,0.015472900122404099,Sergej Milinkovic-Savic,a,1543,OpenPlay,2019,Head,13241,Cagliari,Lazio,1,2,2019-12-16 19:45:00,Jony,Aerial
353769,25,MissedShots,0.9580000305175781,0.580999984741211,0.040416598320007324,Sergej Milinkovic-Savic,a,1543,FromCorner,2019,Head,13261,Brescia,Lazio,1,2,2020-01-05 11:30:00,Joaquín Correa,Aerial
353779,66,BlockedShot,0.904000015258789,0.4179999923706055,0.12324199825525284,Sergej Milinkovic-Savic,a,1543,OpenPlay,2019,RightFoot,13261,Brescia,Lazio,1,2,2020-01-05 11:30:00,Felipe Caicedo,LayOff
353780,67,MissedShots,0.78,0.345,0.020977500826120377,Sergej Milinkovic-Savic,a,1543,OpenPlay,2019,LeftFoot,13261,Brescia,Lazio,1,2,2020-01-05 11:30:00,,None
354197,30,MissedShots,0.9269999694824219,0.49900001525878906,0.055826298892498016,Sergej Milinkovic-Savic,h,1543,FromCorner,2019,Head,13273,Lazio,Napoli,1,0,2020-01-11 17:00:00,Luis Alberto,Aerial
354199,41,SavedShot,0.7709999847412109,0.415,0.02645139954984188,Sergej Milinkovic-Savic,h,1543,OpenPlay,2019,RightFoot,13273,Lazio,Napoli,1,0,2020-01-11 17:00:00,Ciro Immobile,Pass
354201,42,BlockedShot,0.889000015258789,0.355,0.058157701045274734,Sergej Milinkovic-Savic,h,1543,OpenPlay,2019,RightFoot,13273,Lazio,Napoli,1,0,2020-01-11 17:00:00,,Rebound
354784,86,SavedShot,0.7190000152587891,0.47200000762939454,0.017576299607753754,Sergej Milinkovic-Savic,h,1543,SetPiece,2019,RightFoot,13284,Lazio,Sampdoria,5,1,2020-01-18 14:00:00,Luis Alberto,Pass
356405,88,MissedShots,0.785,0.5829999923706055,0.030870400369167328,Sergej Milinkovic-Savic,a,1543,OpenPlay,2019,RightFoot,13294,Roma,Lazio,1,1,2020-01-26 17:00:00,Ciro Immobile,Pass
357151,9,MissedShots,0.915,0.4,0.03364330157637596,Sergej Milinkovic-Savic,h,1543,FromCorner,2019,Head,13303,Lazio,SPAL 2013,5,1,2020-02-02 14:00:00,Luis Alberto,Cross
357733,24,BlockedShot,0.759000015258789,0.43,0.06844740360975266,Sergej Milinkovic-Savic,h,1543,DirectFreekick,2019,RightFoot,13252,Lazio,Verona,0,0,2020-02-05 19:45:00,,Standard
357743,44,BlockedShot,0.8880000305175781,0.4179999923706055,0.021309399977326393,Sergej Milinkovic-Savic,h,1543,OpenPlay,2019,Head,13252,Lazio,Verona,0,0,2020-02-05 19:45:00,Stefan Radu,Aerial
359535,8,ShotOnPost,0.740999984741211,0.28899999618530275,0.01541799958795309,Sergej Milinkovic-Savic,h,1543,OpenPlay,2019,RightFoot,13323,Lazio,Inter,2,1,2020-02-16 19:45:00,Luis Alberto,Pass
359536,13,SavedShot,0.9059999847412109,0.45799999237060546,0.06454619765281677,Sergej Milinkovic-Savic,h,1543,FromCorner,2019,Head,13323,Lazio,Inter,2,1,2020-02-16 19:45:00,Jony,Cross
359550,68,Goal,0.879000015258789,0.4570000076293945,0.0876379981637001,Sergej Milinkovic-Savic,h,1543,FromCorner,2019,LeftFoot,13323,Lazio,Inter,2,1,2020-02-16 19:45:00,,Rebound
360189,17,SavedShot,0.8419999694824218,0.4909999847412109,0.00903759989887476,Sergej Milinkovic-Savic,a,1543,SetPiece,2019,Head,13333,Genoa,Lazio,2,3,2020-02-23 11:30:00,Luis Alberto,Aerial
360202,59,BlockedShot,0.8109999847412109,0.5259999847412109,0.0523625984787941,Sergej Milinkovic-Savic,a,1543,OpenPlay,2019,RightFoot,13333,Genoa,Lazio,2,3,2020-02-23 11:30:00,Luis Alberto,Chipped
360697,16,MissedShots,0.9169999694824219,0.4,0.01422990020364523,Sergej Milinkovic-Savic,h,1543,FromCorner,2019,Head,13341,Lazio,Bologna,2,0,2020-02-29 14:00:00,Jony,Aerial
360715,55,MissedShots,0.9309999847412109,0.5020000076293946,0.11931300163269043,Sergej Milinkovic-Savic,h,1543,FromCorner,2019,Head,13341,Lazio,Bologna,2,0,2020-02-29 14:00:00,Jony,Cross
366452,10,Goal,0.725,0.42200000762939455,0.020292600616812706,Sergej Milinkovic-Savic,a,1543,OpenPlay,2019,RightFoot,13349,Atalanta,Lazio,3,2,2020-06-24 19:45:00,Luis Alberto,Tackle
367280,47,BlockedShot,0.7819999694824219,0.40599998474121096,0.03100919909775257,Sergej Milinkovic-Savic,h,1543,OpenPlay,2019,LeftFoot,13362,Lazio,Fiorentina,2,1,2020-06-27 19:45:00,Felipe Caicedo,Pass
367678,23,MissedShots,0.7609999847412109,0.22,0.014261900447309017,Sergej Milinkovic-Savic,a,1543,OpenPlay,2019,RightFoot,13374,Torino,Lazio,1,2,2020-06-30 17:30:00,Felipe Caicedo,Pass
367684,62,MissedShots,0.950999984741211,0.40700000762939453,0.055302899330854416,Sergej Milinkovic-Savic,a,1543,OpenPlay,2019,Head,13374,Torino,Lazio,1,2,2020-06-30 17:30:00,Stefan Radu,Chipped
367688,71,SavedShot,0.9290000152587891,0.35700000762939454,0.05993790179491043,Sergej Milinkovic-Savic,a,1543,OpenPlay,2019,RightFoot,13374,Torino,Lazio,1,2,2020-06-30 17:30:00,Jordan Lukaku,Cross
367693,86,BlockedShot,0.825999984741211,0.47400001525878904,0.0779803991317749,Sergej Milinkovic-Savic,a,1543,OpenPlay,2019,LeftFoot,13374,Torino,Lazio,1,2,2020-06-30 17:30:00,,Dispossessed
368830,20,SavedShot,0.7340000152587891,0.4929999923706055,0.05433579906821251,Sergej Milinkovic-Savic,h,1543,DirectFreekick,2019,RightFoot,13379,Lazio,AC Milan,0,3,2020-07-04 19:45:00,,Standard
368841,64,MissedShots,0.7980000305175782,0.24100000381469727,0.013945800252258778,Sergej Milinkovic-Savic,h,1543,OpenPlay,2019,RightFoot,13379,Lazio,AC Milan,0,3,2020-07-04 19:45:00,Manuel Lazzari,Pass
369507,57,MissedShots,0.955999984741211,0.46799999237060547,0.14353500306606293,Sergej Milinkovic-Savic,a,1543,FromCorner,2019,RightFoot,13393,Lecce,Lazio,2,1,2020-07-07 17:30:00,Luis Alberto,Cross
369517,78,SavedShot,0.8730000305175781,0.46900001525878904,0.05036519840359688,Sergej Milinkovic-Savic,a,1543,FromCorner,2019,RightFoot,13393,Lecce,Lazio,2,1,2020-07-07 17:30:00,Danilo Cataldi,Cross
369519,81,MissedShots,0.895,0.38799999237060545,0.024218399077653885,Sergej Milinkovic-Savic,a,1543,OpenPlay,2019,Head,13393,Lecce,Lazio,2,1,2020-07-07 17:30:00,Francesco Acerbi,Chipped
369522,91,MissedShots,0.745999984741211,0.40700000762939453,0.01987149938941002,Sergej Milinkovic-Savic,a,1543,OpenPlay,2019,RightFoot,13393,Lecce,Lazio,2,1,2020-07-07 17:30:00,Danilo Cataldi,Pass
369525,98,SavedShot,0.87,0.590999984741211,0.019218899309635162,Sergej Milinkovic-Savic,a,1543,OpenPlay,2019,Head,13393,Lecce,Lazio,2,1,2020-07-07 17:30:00,Bobby Adekanye,Cross
370450,31,MissedShots,0.8159999847412109,0.455,0.07718829810619354,Sergej Milinkovic-Savic,h,1543,OpenPlay,2019,RightFoot,13402,Lazio,Sassuolo,1,2,2020-07-11 15:15:00,,TakeOn
371692,42,MissedShots,0.8580000305175781,0.46,0.09602969884872437,Sergej Milinkovic-Savic,a,1543,OpenPlay,2019,RightFoot,13409,Udinese,Lazio,0,0,2020-07-15 19:45:00,Felipe Caicedo,Pass
371694,46,BlockedShot,0.885,0.5259999847412109,0.034684401005506516,Sergej Milinkovic-Savic,a,1543,OpenPlay,2019,Head,13409,Udinese,Lazio,0,0,2020-07-15 19:45:00,Stefan Radu,Aerial
371701,65,MissedShots,0.7930000305175782,0.3890000152587891,0.034039899706840515,Sergej Milinkovic-Savic,a,1543,OpenPlay,2019,RightFoot,13409,Udinese,Lazio,0,0,2020-07-15 19:45:00,Felipe Caicedo,Pass
371706,92,MissedShots,0.9219999694824219,0.5279999923706055,0.06787469983100891,Sergej Milinkovic-Savic,a,1543,OpenPlay,2019,Head,13409,Udinese,Lazio,0,0,2020-07-15 19:45:00,Luis Alberto,Aerial
372974,77,MissedShots,0.9469999694824218,0.48900001525878906,0.07736840099096298,Sergej Milinkovic-Savic,a,1543,FromCorner,2019,Head,13423,Juventus,Lazio,2,1,2020-07-20 19:45:00,André Anderson,Aerial
372976,89,SavedShot,0.7340000152587891,0.6630000305175782,0.04235060140490532,Sergej Milinkovic-Savic,a,1543,DirectFreekick,2019,RightFoot,13423,Juventus,Lazio,2,1,2020-07-20 19:45:00,,Standard
373488,5,BlockedShot,0.7480000305175781,0.4229999923706055,0.0176915992051363,Sergej Milinkovic-Savic,h,1543,OpenPlay,2019,LeftFoot,13431,Lazio,Cagliari,2,1,2020-07-23 19:45:00,Felipe Caicedo,Pass
373501,36,MissedShots,0.875999984741211,0.415,0.06448060274124146,Sergej Milinkovic-Savic,h,1543,OpenPlay,2019,RightFoot,13431,Lazio,Cagliari,2,1,2020-07-23 19:45:00,Luis Alberto,Cross
373505,46,Goal,0.8059999847412109,0.49700000762939456,0.042959898710250854,Sergej Milinkovic-Savic,h,1543,OpenPlay,2019,RightFoot,13431,Lazio,Cagliari,2,1,2020-07-23 19:45:00,,None
373966,10,SavedShot,0.8230000305175781,0.495,0.07113319635391235,Sergej Milinkovic-Savic,a,1543,OpenPlay,2019,LeftFoot,13446,Verona,Lazio,1,5,2020-07-26 17:30:00,Joaquín Correa,Pass
373973,31,MissedShots,0.884000015258789,0.39799999237060546,0.09203460067510605,Sergej Milinkovic-Savic,a,1543,SetPiece,2019,RightFoot,13446,Verona,Lazio,1,5,2020-07-26 17:30:00,Luis Alberto,Pass
373976,40,MissedShots,0.765,0.46,0.023649100214242935,Sergej Milinkovic-Savic,a,1543,OpenPlay,2019,RightFoot,13446,Verona,Lazio,1,5,2020-07-26 17:30:00,Ciro Immobile,Pass
373981,55,Goal,0.7230000305175781,0.5840000152587891,0.045134201645851135,Sergej Milinkovic-Savic,a,1543,DirectFreekick,2019,RightFoot,13446,Verona,Lazio,1,5,2020-07-26 17:30:00,,Standard
374126,49,BlockedShot,0.840999984741211,0.43599998474121093,0.07964839786291122,Sergej Milinkovic-Savic,h,1543,OpenPlay,2019,RightFoot,13458,Lazio,Brescia,2,0,2020-07-29 17:30:00,,None
374127,52,SavedShot,0.915,0.5429999923706055,0.3002510070800781,Sergej Milinkovic-Savic,h,1543,OpenPlay,2019,Head,13458,Lazio,Brescia,2,0,2020-07-29 17:30:00,Luis Alberto,Cross
374130,64,MissedShots,0.92,0.47900001525878905,0.07995189726352692,Sergej Milinkovic-Savic,h,1543,OpenPlay,2019,Head,13458,Lazio,Brescia,2,0,2020-07-29 17:30:00,Jordan Lukaku,Aerial
374131,65,MissedShots,0.8480000305175781,0.5279999923706055,0.10596500337123871,Sergej Milinkovic-Savic,h,1543,OpenPlay,2019,RightFoot,13458,Lazio,Brescia,2,0,2020-07-29 17:30:00,Joaquín Correa,Pass
374138,86,SavedShot,0.8169999694824219,0.5059999847412109,0.0615231990814209,Sergej Milinkovic-Savic,h,1543,OpenPlay,2019,RightFoot,13458,Lazio,Brescia,2,0,2020-07-29 17:30:00,,None
374147,91,MissedShots,0.8930000305175781,0.43900001525878907,0.035201698541641235,Sergej Milinkovic-Savic,h,1543,FromCorner,2019,Head,13458,Lazio,Brescia,2,0,2020-07-29 17:30:00,Luis Alberto,Cross
374407,20,MissedShots,0.8009999847412109,0.735999984741211,0.018376199528574944,Sergej Milinkovic-Savic,a,1543,SetPiece,2019,RightFoot,13462,Napoli,Lazio,3,1,2020-08-01 18:45:00,Luis Alberto,Pass
374416,64,MissedShots,0.875,0.55,0.012895800173282623,Sergej Milinkovic-Savic,a,1543,FromCorner,2019,Head,13462,Napoli,Lazio,3,1,2020-08-01 18:45:00,Luis Alberto,Aerial
374420,84,SavedShot,0.695,0.4759999847412109,0.03634180128574371,Sergej Milinkovic-Savic,a,1543,DirectFreekick,2019,RightFoot,13462,Napoli,Lazio,3,1,2020-08-01 18:45:00,,Standard
378897,5,MissedShots,0.9340000152587891,0.3629999923706055,0.08704979717731476,Sergej Milinkovic-Savic,a,1543,OpenPlay,2020,RightFoot,14124,Cagliari,Lazio,0,2,2020-09-26 16:00:00,Luis Alberto,Chipped
378898,12,MissedShots,0.945,0.5209999847412109,0.12892000377178192,Sergej Milinkovic-Savic,a,1543,FromCorner,2020,Head,14124,Cagliari,Lazio,0,2,2020-09-26 16:00:00,Luis Alberto,Cross
378907,32,SavedShot,0.91,0.34,0.27897700667381287,Sergej Milinkovic-Savic,a,1543,OpenPlay,2020,RightFoot,14124,Cagliari,Lazio,0,2,2020-09-26 16:00:00,Adam Marusic,TakeOn
378914,64,SavedShot,0.795,0.5029999923706054,0.05191799998283386,Sergej Milinkovic-Savic,a,1543,OpenPlay,2020,RightFoot,14124,Cagliari,Lazio,0,2,2020-09-26 16:00:00,Ciro Immobile,Pass
380152,19,MissedShots,0.8619999694824219,0.38,0.058082301169633865,Sergej Milinkovic-Savic,h,1543,OpenPlay,2020,LeftFoot,14135,Lazio,Atalanta,1,4,2020-09-30 18:45:00,Ciro Immobile,Pass
381163,54,Goal,0.980999984741211,0.43099998474121093,0.392425000667572,Sergej Milinkovic-Savic,h,1543,OpenPlay,2020,Head,15452,Lazio,Inter,1,1,2020-10-04 13:00:00,Francesco Acerbi,Aerial
381170,75,SavedShot,0.6919999694824219,0.4490000152587891,0.01450090017169714,Sergej Milinkovic-Savic,h,1543,OpenPlay,2020,RightFoot,15452,Lazio,Inter,1,1,2020-10-04 13:00:00,Luis Alberto,Pass
381987,18,MissedShots,0.485,0.41900001525878905,0.006881580222398043,Sergej Milinkovic-Savic,a,1543,OpenPlay,2020,RightFoot,15458,Sampdoria,Lazio,3,0,2020-10-17 16:00:00,Patric,Pass
381993,46,MissedShots,0.9619999694824218,0.5690000152587891,0.11765699833631516,Sergej Milinkovic-Savic,a,1543,FromCorner,2020,Head,15458,Sampdoria,Lazio,3,0,2020-10-17 16:00:00,Luis Alberto,Cross
381998,72,MissedShots,0.7630000305175781,0.43,0.020941099151968956,Sergej Milinkovic-Savic,a,1543,OpenPlay,2020,RightFoot,15458,Sampdoria,Lazio,3,0,2020-10-17 16:00:00,Vedat Muriqi,Pass
385169,47,Goal,0.784000015258789,0.36400001525878906,0.07610850036144257,Sergej Milinkovic-Savic,a,1543,DirectFreekick,2020,RightFoot,15483,Torino,Lazio,3,4,2020-11-01 14:00:00,,Standard
386319,36,BlockedShot,0.8240000152587891,0.5279999923706055,0.05163130164146423,Sergej Milinkovic-Savic,h,1543,OpenPlay,2020,LeftFoot,15491,Lazio,Juventus,1,1,2020-11-08 11:30:00,,BallRecovery
386332,73,BlockedShot,0.7859999847412109,0.6630000305175782,0.06987600028514862,Sergej Milinkovic-Savic,h,1543,DirectFreekick,2020,RightFoot,15491,Lazio,Juventus,1,1,2020-11-08 11:30:00,,Standard
390033,32,Goal,0.74,0.475,0.05778450146317482,Sergej Milinkovic-Savic,a,1543,DirectFreekick,2020,RightFoot,15523,Spezia,Lazio,1,2,2020-12-05 14:00:00,,Standard
391782,55,BlockedShot,0.8980000305175782,0.34900001525878904,0.053113698959350586,Sergej Milinkovic-Savic,h,1543,FromCorner,2020,LeftFoot,15531,Lazio,Verona,1,2,2020-12-12 19:45:00,,None
391789,85,SavedShot,0.8919999694824219,0.5609999847412109,0.014333199709653854,Sergej Milinkovic-Savic,h,1543,FromCorner,2020,Head,15531,Lazio,Verona,1,2,2020-12-12 19:45:00,Andreas Pereira,Aerial
392702,82,MissedShots,0.8780000305175781,0.5420000076293945,0.08224490284919739,Sergej Milinkovic-Savic,a,1543,OpenPlay,2020,Head,15536,Benevento,Lazio,1,1,2020-12-15 19:45:00,Andreas Pereira,Throughball
394808,68,MissedShots,0.965,0.5720000076293945,0.0857653021812439,Sergej Milinkovic-Savic,h,1543,SetPiece,2020,OtherBodyPart,15551,Lazio,Napoli,2,0,2020-12-20 19:45:00,Luis Alberto,Aerial
396778,22,MissedShots,0.7730000305175782,0.595999984741211,0.07628980278968811,Sergej Milinkovic-Savic,a,1543,DirectFreekick,2020,RightFoot,15570,Genoa,Lazio,1,1,2021-01-03 14:00:00,,Standard
396780,26,MissedShots,0.8780000305175781,0.4470000076293945,0.05112230032682419,Sergej Milinkovic-Savic,a,1543,OpenPlay,2020,Head,15570,Genoa,Lazio,1,1,2021-01-03 14:00:00,Adam Marusic,Cross
396792,77,SavedShot,0.715,0.5220000076293946,0.016325699165463448,Sergej Milinkovic-Savic,a,1543,OpenPlay,2020,RightFoot,15570,Genoa,Lazio,1,1,2021-01-03 14:00:00,Gonzalo Escalante,Pass
397254,12,MissedShots,0.7019999694824218,0.509000015258789,0.017275599762797356,Sergej Milinkovic-Savic,h,1543,OpenPlay,2020,RightFoot,15580,Lazio,Fiorentina,2,1,2021-01-06 14:00:00,Adam Marusic,Pass
397259,33,BlockedShot,0.8,0.6880000305175781,0.07158780097961426,Sergej Milinkovic-Savic,h,1543,DirectFreekick,2020,RightFoot,15580,Lazio,Fiorentina,2,1,2021-01-06 14:00:00,,Standard
397260,35,BlockedShot,0.7980000305175782,0.5459999847412109,0.04475649818778038,Sergej Milinkovic-Savic,h,1543,OpenPlay,2020,RightFoot,15580,Lazio,Fiorentina,2,1,2021-01-06 14:00:00,Luis Alberto,Pass
398326,3,BlockedShot,0.889000015258789,0.32299999237060545,0.054256901144981384,Sergej Milinkovic-Savic,a,1543,OpenPlay,2020,RightFoot,15591,Parma Calcio 1913,Lazio,0,2,2021-01-10 14:00:00,,None
398335,29,SavedShot,0.9209999847412109,0.425,0.09721670299768448,Sergej Milinkovic-Savic,a,1543,OpenPlay,2020,Head,15591,Parma Calcio 1913,Lazio,0,2,2021-01-10 14:00:00,Stefan Radu,Cross
398355,88,MissedShots,0.9669999694824218,0.6079999923706054,0.03640789911150932,Sergej Milinkovic-Savic,a,1543,FromCorner,2020,Head,15591,Parma Calcio 1913,Lazio,0,2,2021-01-10 14:00:00,Andreas Pereira,Cross
398818,58,SavedShot,0.8590000152587891,0.555,0.1178470030426979,Sergej Milinkovic-Savic,h,1543,OpenPlay,2020,RightFoot,15601,Lazio,Roma,3,0,2021-01-15 19:45:00,Ciro Immobile,Pass
400973,14,MissedShots,0.9030000305175782,0.4759999847412109,0.023394599556922913,Sergej Milinkovic-Savic,h,1543,FromCorner,2020,Head,15610,Lazio,Sassuolo,2,1,2021-01-24 17:00:00,Joaquín Correa,Aerial
400978,24,Goal,0.950999984741211,0.5,0.47888898849487305,Sergej Milinkovic-Savic,h,1543,FromCorner,2020,Head,15610,Lazio,Sassuolo,2,1,2021-01-24 17:00:00,Joaquín Correa,Cross
400980,35,MissedShots,0.715999984741211,0.27700000762939453,0.01217500027269125,Sergej Milinkovic-Savic,h,1543,OpenPlay,2020,RightFoot,15610,Lazio,Sassuolo,2,1,2021-01-24 17:00:00,Joaquín Correa,Pass
402150,19,MissedShots,0.7380000305175781,0.629000015258789,0.04803669825196266,Sergej Milinkovic-Savic,a,1543,DirectFreekick,2020,RightFoot,15618,Atalanta,Lazio,1,3,2021-01-31 14:00:00,,Standard
402154,31,SavedShot,0.895,0.4909999847412109,0.283053994178772,Sergej Milinkovic-Savic,a,1543,OpenPlay,2020,Head,15618,Atalanta,Lazio,1,3,2021-01-31 14:00:00,Ciro Immobile,Chipped
403946,21,BlockedShot,0.8490000152587891,0.4909999847412109,0.09821879863739014,Sergej Milinkovic-Savic,h,1543,OpenPlay,2020,LeftFoot,15627,Lazio,Cagliari,1,0,2021-02-07 19:45:00,Luis Alberto,Pass
403952,36,MissedShots,0.94,0.30100000381469727,0.04307340085506439,Sergej Milinkovic-Savic,h,1543,OpenPlay,2020,RightFoot,15627,Lazio,Cagliari,1,0,2021-02-07 19:45:00,,Rebound
404975,60,BlockedShot,0.740999984741211,0.48200000762939454,0.05864420160651207,Sergej Milinkovic-Savic,a,1543,DirectFreekick,2020,RightFoot,15641,Inter,Lazio,3,1,2021-02-14 19:45:00,,Standard
405450,36,BlockedShot,0.7609999847412109,0.415,0.06803639978170395,Sergej Milinkovic-Savic,h,1543,DirectFreekick,2020,RightFoot,15651,Lazio,Sampdoria,1,0,2021-02-20 14:00:00,,Standard
406838,9,MissedShots,0.725,0.6409999847412109,0.04123469814658165,Sergej Milinkovic-Savic,a,1543,DirectFreekick,2020,RightFoot,15662,Bologna,Lazio,2,0,2021-02-27 17:00:00,,Standard
406862,77,BlockedShot,0.85,0.46099998474121096,0.08921399712562561,Sergej Milinkovic-Savic,a,1543,OpenPlay,2020,LeftFoot,15662,Bologna,Lazio,2,0,2021-02-27 17:00:00,Felipe Caicedo,LayOff
406867,93,MissedShots,0.740999984741211,0.49900001525878906,0.010706399567425251,Sergej Milinkovic-Savic,a,1543,OpenPlay,2020,LeftFoot,15662,Bologna,Lazio,2,0,2021-02-27 17:00:00,,Rebound
408720,8,MissedShots,0.76,0.534000015258789,0.07274419814348221,Sergej Milinkovic-Savic,a,1543,DirectFreekick,2020,RightFoot,15681,Juventus,Lazio,3,1,2021-03-06 19:45:00,,Standard
408722,19,SavedShot,0.779000015258789,0.6079999923706054,0.03627509996294975,Sergej Milinkovic-Savic,a,1543,OpenPlay,2020,RightFoot,15681,Juventus,Lazio,3,1,2021-03-06 19:45:00,Luis Alberto,Pass
408729,51,ShotOnPost,0.92,0.5529999923706055,0.23544199764728546,Sergej Milinkovic-Savic,a,1543,OpenPlay,2020,Head,15681,Juventus,Lazio,3,1,2021-03-06 19:45:00,Luis Alberto,Chipped
408734,76,MissedShots,0.7290000152587891,0.4640000152587891,0.014400499872863293,Sergej Milinkovic-Savic,a,1543,OpenPlay,2020,RightFoot,15681,Juventus,Lazio,3,1,2021-03-06 19:45:00,Ciro Immobile,BallTouch
408737,89,MissedShots,0.924000015258789,0.45099998474121095,0.03866619989275932,Sergej Milinkovic-Savic,a,1543,FromCorner,2020,Head,15681,Juventus,Lazio,3,1,2021-03-06 19:45:00,Andreas Pereira,Aerial
409524,13,Goal,0.95,0.3679999923706055,0.26009601354599,Sergej Milinkovic-Savic,h,1543,OpenPlay,2020,RightFoot,15686,Lazio,Crotone,3,2,2021-03-12 14:00:00,Stefan Radu,Cross
409545,73,MissedShots,0.9230000305175782,0.48700000762939455,0.30057498812675476,Sergej Milinkovic-Savic,h,1543,OpenPlay,2020,Head,15686,Lazio,Crotone,3,2,2021-03-12 14:00:00,Luis Alberto,Chipped
409547,78,SavedShot,0.9209999847412109,0.515,0.35292500257492065,Sergej Milinkovic-Savic,h,1543,OpenPlay,2020,RightFoot,15686,Lazio,Crotone,3,2,2021-03-12 14:00:00,Luis Alberto,Chipped
411791,14,BlockedShot,0.8490000152587891,0.41200000762939454,0.02944529987871647,Sergej Milinkovic-Savic,a,1543,OpenPlay,2020,LeftFoot,15700,Udinese,Lazio,0,1,2021-03-21 14:00:00,Luis Alberto,Aerial
411794,26,MissedShots,0.865999984741211,0.53,0.029415499418973923,Sergej Milinkovic-Savic,a,1543,OpenPlay,2020,Head,15700,Udinese,Lazio,0,1,2021-03-21 14:00:00,Stefan Radu,Cross
411796,29,BlockedShot,0.845,0.519000015258789,0.025661800056695938,Sergej Milinkovic-Savic,a,1543,FromCorner,2020,RightFoot,15700,Udinese,Lazio,0,1,2021-03-21 14:00:00,,Aerial
412275,16,MissedShots,0.865999984741211,0.514000015258789,0.011334500275552273,Sergej Milinkovic-Savic,h,1543,SetPiece,2020,Head,15713,Lazio,Spezia,2,1,2021-04-03 13:00:00,Andreas Pereira,Aerial
414401,2,MissedShots,0.8819999694824219,0.43099998474121093,0.0820131003856659,Sergej Milinkovic-Savic,a,1543,OpenPlay,2020,RightFoot,15721,Verona,Lazio,0,1,2021-04-11 13:00:00,Luis Alberto,HeadPass
414413,66,BlockedShot,0.7319999694824219,0.5070000076293946,0.022032400593161583,Sergej Milinkovic-Savic,a,1543,OpenPlay,2020,RightFoot,15721,Verona,Lazio,0,1,2021-04-11 13:00:00,Luis Alberto,Pass
414417,91,Goal,0.919000015258789,0.45799999237060546,0.07046840339899063,Sergej Milinkovic-Savic,a,1543,OpenPlay,2020,Head,15721,Verona,Lazio,0,1,2021-04-11 13:00:00,Stefan Radu,Chipped
416836,51,SavedShot,0.9119999694824219,0.59,0.2720760107040405,Sergej Milinkovic-Savic,a,1543,OpenPlay,2020,RightFoot,15741,Napoli,Lazio,5,2,2021-04-22 18:45:00,Stefan Radu,Cross
416840,66,MissedShots,0.8690000152587891,0.5370000076293945,0.02620140090584755,Sergej Milinkovic-Savic,a,1543,OpenPlay,2020,Head,15741,Napoli,Lazio,5,2,2021-04-22 18:45:00,Andreas Pereira,Chipped
416842,73,Goal,0.7830000305175782,0.6409999847412109,0.07387799769639969,Sergej Milinkovic-Savic,a,1543,DirectFreekick,2020,RightFoot,15741,Napoli,Lazio,5,2,2021-04-22 18:45:00,,Standard
418211,5,MissedShots,0.84,0.580999984741211,0.0856596976518631,Sergej Milinkovic-Savic,h,1543,OpenPlay,2020,RightFoot,15749,Lazio,AC Milan,3,0,2021-04-26 18:45:00,Ciro Immobile,LayOff
418852,17,SavedShot,0.764000015258789,0.26399999618530273,0.015940099954605103,Sergej Milinkovic-Savic,h,1543,OpenPlay,2020,RightFoot,15760,Lazio,Genoa,4,3,2021-05-02 10:30:00,Luis Alberto,Pass
420302,45,MissedShots,0.9319999694824219,0.509000015258789,0.11743400245904922,Sergej Milinkovic-Savic,a,1543,FromCorner,2020,Head,15770,Fiorentina,Lazio,2,0,2021-05-08 18:45:00,Manuel Lazzari,Cross
422026,34,MissedShots,0.85,0.5370000076293945,0.32437700033187866,Sergej Milinkovic-Savic,a,1543,OpenPlay,2020,RightFoot,15791,Roma,Lazio,2,0,2021-05-15 18:45:00,Luis Alberto,Throughball
422027,38,SavedShot,0.7619999694824219,0.4,0.020270800217986107,Sergej Milinkovic-Savic,a,1543,OpenPlay,2020,RightFoot,15791,Roma,Lazio,2,0,2021-05-15 18:45:00,,None
427384,5,Goal,0.9740000152587891,0.44599998474121094,0.4774149954319,Sergej Milinkovic-Savic,a,1543,FromCorner,2021,Head,16759,Empoli,Lazio,1,3,2021-08-21 18:45:00,Felipe Anderson,Aerial
427399,62,MissedShots,0.8569999694824219,0.5520000076293945,0.12043099850416183,Sergej Milinkovic-Savic,a,1543,OpenPlay,2021,LeftFoot,16759,Empoli,Lazio,1,3,2021-08-21 18:45:00,Ciro Immobile,Pass
428846,55,BlockedShot,0.700999984741211,0.48400001525878905,0.03848329931497574,Sergej Milinkovic-Savic,h,1543,DirectFreekick,2021,RightFoot,16768,Lazio,Spezia,6,1,2021-08-28 16:30:00,,Standard
430644,16,SavedShot,0.8669999694824219,0.5309999847412109,0.016315199434757233,Sergej Milinkovic-Savic,a,1543,OpenPlay,2021,Head,16780,AC Milan,Lazio,2,0,2021-09-12 16:00:00,Elseid Hysaj,Aerial
430658,56,SavedShot,0.7609999847412109,0.27399999618530274,0.014574199914932251,Sergej Milinkovic-Savic,a,1543,OpenPlay,2021,RightFoot,16780,AC Milan,Lazio,2,0,2021-09-12 16:00:00,Lucas Leiva,HeadPass
432030,31,SavedShot,0.779000015258789,0.5609999847412109,0.03094629943370819,Sergej Milinkovic-Savic,h,1543,OpenPlay,2021,RightFoot,16791,Lazio,Cagliari,2,2,2021-09-19 16:00:00,Felipe Anderson,Pass
432033,40,MissedShots,0.825,0.41900001525878905,0.05203390121459961,Sergej Milinkovic-Savic,h,1543,OpenPlay,2021,LeftFoot,16791,Lazio,Cagliari,2,2,2021-09-19 16:00:00,,None
432047,66,SavedShot,0.914000015258789,0.5220000076293946,0.08570410311222076,Sergej Milinkovic-Savic,h,1543,FromCorner,2021,Head,16791,Lazio,Cagliari,2,2,2021-09-19 16:00:00,Danilo Cataldi,Cross
432053,82,BlockedShot,0.8969999694824219,0.4929999923706055,0.04058440029621124,Sergej Milinkovic-Savic,h,1543,OpenPlay,2021,Head,16791,Lazio,Cagliari,2,2,2021-09-19 16:00:00,,None
432056,92,SavedShot,0.9269999694824219,0.3609999847412109,0.014895400032401085,Sergej Milinkovic-Savic,h,1543,OpenPlay,2021,Head,16791,Lazio,Cagliari,2,2,2021-09-19 16:00:00,Mattia Zaccagni,Aerial
432974,67,MissedShots,0.7469999694824219,0.27,0.01372859999537468,Sergej Milinkovic-Savic,a,1543,OpenPlay,2021,RightFoot,16805,Torino,Lazio,1,1,2021-09-23 16:30:00,Jean-Daniel Akpa-Akpro,Pass
434285,9,Goal,0.9119999694824219,0.4979999923706055,0.2713710069656372,Sergej Milinkovic-Savic,h,1543,OpenPlay,2021,Head,16810,Lazio,Roma,3,2,2021-09-26 16:00:00,Felipe Anderson,Cross
434296,48,MissedShots,0.87,0.4779999923706055,0.012805899605154991,Sergej Milinkovic-Savic,h,1543,SetPiece,2021,Head,16810,Lazio,Roma,3,2,2021-09-26 16:00:00,Luis Alberto,Aerial
435217,18,SavedShot,0.825999984741211,0.34700000762939454,0.0466344989836216,Sergej Milinkovic-Savic,a,1543,OpenPlay,2021,LeftFoot,16817,Bologna,Lazio,3,0,2021-10-03 10:30:00,Lucas Leiva,Pass
436389,3,BlockedShot,0.754000015258789,0.36,0.05476729944348335,Sergej Milinkovic-Savic,h,1543,DirectFreekick,2021,RightFoot,16830,Lazio,Inter,3,1,2021-10-16 16:00:00,,Standard
436396,24,BlockedShot,0.9519999694824218,0.5840000152587891,0.08400599658489227,Sergej Milinkovic-Savic,h,1543,FromCorner,2021,Head,16830,Lazio,Inter,3,1,2021-10-16 16:00:00,Felipe Anderson,Cross
436406,59,MissedShots,0.759000015258789,0.33799999237060546,0.019313499331474304,Sergej Milinkovic-Savic,h,1543,OpenPlay,2021,RightFoot,16830,Lazio,Inter,3,1,2021-10-16 16:00:00,Felipe Anderson,Pass
436417,90,Goal,0.919000015258789,0.500999984741211,0.3670639991760254,Sergej Milinkovic-Savic,h,1543,SetPiece,2021,Head,16830,Lazio,Inter,3,1,2021-10-16 16:00:00,Luis Alberto,Aerial
438354,10,BlockedShot,0.735,0.5459999847412109,0.05376579985022545,Sergej Milinkovic-Savic,a,1543,DirectFreekick,2021,RightFoot,16839,Verona,Lazio,4,1,2021-10-24 13:00:00,,Standard
438370,71,ShotOnPost,0.9619999694824218,0.5670000076293945,0.24432599544525146,Sergej Milinkovic-Savic,a,1543,FromCorner,2021,Head,16839,Verona,Lazio,4,1,2021-10-24 13:00:00,Luis Alberto,Aerial
439130,47,MissedShots,0.904000015258789,0.509000015258789,0.044578198343515396,Sergej Milinkovic-Savic,h,1543,SetPiece,2021,Head,16849,Lazio,Fiorentina,1,0,2021-10-27 18:45:00,Luis Alberto,Aerial
441962,17,BlockedShot,0.8809999847412109,0.35200000762939454,0.03788039833307266,Sergej Milinkovic-Savic,h,1543,FromCorner,2021,RightFoot,16869,Lazio,Salernitana,3,0,2021-11-07 17:00:00,Francesco Acerbi,Pass
441964,24,SavedShot,0.8090000152587891,0.4520000076293945,0.05571649968624115,Sergej Milinkovic-Savic,h,1543,OpenPlay,2021,RightFoot,16869,Lazio,Salernitana,3,0,2021-11-07 17:00:00,Felipe Anderson,Pass
441968,43,MissedShots,0.7569999694824219,0.5,0.07118500024080276,Sergej Milinkovic-Savic,h,1543,DirectFreekick,2021,RightFoot,16869,Lazio,Salernitana,3,0,2021-11-07 17:00:00,,Standard
442748,33,BlockedShot,0.7090000152587891,0.6809999847412109,0.03306270018219948,Sergej Milinkovic-Savic,h,1543,DirectFreekick,2021,RightFoot,16882,Lazio,Juventus,0,2,2021-11-20 17:00:00,,Standard
442750,35,SavedShot,0.749000015258789,0.6120000076293945,0.021794000640511513,Sergej Milinkovic-Savic,h,1543,FromCorner,2021,RightFoot,16882,Lazio,Juventus,0,2,2021-11-20 17:00:00,Elseid Hysaj,Pass
444952,31,MissedShots,0.74,0.445,0.013291199691593647,Sergej Milinkovic-Savic,a,1543,OpenPlay,2021,RightFoot,16890,Napoli,Lazio,4,0,2021-11-28 19:45:00,Felipe Anderson,Pass
445762,9,SavedShot,0.805,0.5320000076293945,0.032581500709056854,Sergej Milinkovic-Savic,h,1543,FromCorner,2021,RightFoot,16902,Lazio,Udinese,4,4,2021-12-02 19:45:00,,None
445774,39,MissedShots,0.87,0.46599998474121096,0.029342399910092354,Sergej Milinkovic-Savic,h,1543,OpenPlay,2021,Head,16902,Lazio,Udinese,4,4,2021-12-02 19:45:00,Francesco Acerbi,Chipped
445780,55,Goal,0.8169999694824219,0.2979999923706055,0.023643599823117256,Sergej Milinkovic-Savic,h,1543,OpenPlay,2021,LeftFoot,16902,Lazio,Udinese,4,4,2021-12-02 19:45:00,,BallRecovery
447048,6,Goal,0.915,0.36400001525878906,0.3039979934692383,Sergej Milinkovic-Savic,a,1543,OpenPlay,2021,LeftFoot,16913,Sampdoria,Lazio,1,3,2021-12-05 17:00:00,Mattia Zaccagni,Pass
447049,11,MissedShots,0.8490000152587891,0.44099998474121094,0.08346729725599289,Sergej Milinkovic-Savic,a,1543,OpenPlay,2021,RightFoot,16913,Sampdoria,Lazio,1,3,2021-12-05 17:00:00,Pedro,Pass
447050,11,SavedShot,0.8530000305175781,0.580999984741211,0.07435370236635208,Sergej Milinkovic-Savic,a,1543,OpenPlay,2021,LeftFoot,16913,Sampdoria,Lazio,1,3,2021-12-05 17:00:00,,Rebound
451741,26,SavedShot,0.7819999694824219,0.5379999923706055,0.03063019923865795,Sergej Milinkovic-Savic,h,1543,OpenPlay,2021,LeftFoot,16950,Lazio,Empoli,3,3,2022-01-06 13:30:00,Felipe Anderson,Pass
451743,30,SavedShot,0.9540000152587891,0.5029999923706054,0.11050499975681305,Sergej Milinkovic-Savic,h,1543,FromCorner,2021,Head,16950,Lazio,Empoli,3,3,2022-01-06 13:30:00,,Aerial
451746,36,BlockedShot,0.8119999694824219,0.5209999847412109,0.0475056990981102,Sergej Milinkovic-Savic,h,1543,OpenPlay,2021,RightFoot,16950,Lazio,Empoli,3,3,2022-01-06 13:30:00,Ciro Immobile,Pass
451758,64,MissedShots,0.94,0.5790000152587891,0.03943460062146187,Sergej Milinkovic-Savic,h,1543,OpenPlay,2021,Head,16950,Lazio,Empoli,3,3,2022-01-06 13:30:00,,Aerial
451759,65,Goal,0.8980000305175782,0.44299999237060544,0.08636599779129028,Sergej Milinkovic-Savic,h,1543,OpenPlay,2021,RightFoot,16950,Lazio,Empoli,3,3,2022-01-06 13:30:00,Felipe Anderson,Cross
451761,67,MissedShots,0.8680000305175781,0.53,0.1010420024394989,Sergej Milinkovic-Savic,h,1543,OpenPlay,2021,RightFoot,16950,Lazio,Empoli,3,3,2022-01-06 13:30:00,Ciro Immobile,Pass
451766,89,MissedShots,0.725999984741211,0.4129999923706055,0.04631640017032623,Sergej Milinkovic-Savic,h,1543,DirectFreekick,2021,RightFoot,16950,Lazio,Empoli,3,3,2022-01-06 13:30:00,,Standard
451768,92,Goal,0.9569999694824218,0.485,0.5334129929542542,Sergej Milinkovic-Savic,h,1543,OpenPlay,2021,Head,16950,Lazio,Empoli,3,3,2022-01-06 13:30:00,Mattia Zaccagni,Aerial
452789,52,MissedShots,0.9230000305175782,0.425,0.32058200240135193,Sergej Milinkovic-Savic,a,1543,OpenPlay,2021,LeftFoot,16960,Inter,Lazio,2,1,2022-01-09 19:45:00,Felipe Anderson,Cross
452798,94,MissedShots,0.960999984741211,0.5520000076293945,0.0762678012251854,Sergej Milinkovic-Savic,a,1543,FromCorner,2021,Head,16960,Inter,Lazio,2,1,2022-01-09 19:45:00,Luis Alberto,Aerial
453332,60,MissedShots,0.7219999694824218,0.43599998474121093,0.018305299803614616,Sergej Milinkovic-Savic,a,1543,OpenPlay,2021,RightFoot,16972,Salernitana,Lazio,0,3,2022-01-15 17:00:00,Ciro Immobile,Pass
454818,38,MissedShots,0.794000015258789,0.24799999237060547,0.01504219975322485,Sergej Milinkovic-Savic,h,1543,OpenPlay,2021,RightFoot,16981,Lazio,Atalanta,0,0,2022-01-22 19:45:00,Felipe Anderson,Pass
455982,50,MissedShots,0.914000015258789,0.52,0.28608500957489014,Sergej Milinkovic-Savic,a,1543,SetPiece,2021,Head,16988,Fiorentina,Lazio,0,3,2022-02-05 19:45:00,Luis Alberto,Chipped
455983,51,Goal,0.8969999694824219,0.565,0.37462499737739563,Sergej Milinkovic-Savic,a,1543,OpenPlay,2021,RightFoot,16988,Fiorentina,Lazio,0,3,2022-02-05 19:45:00,Mattia Zaccagni,Pass
456843,17,SavedShot,0.6890000152587891,0.3390000152587891,0.02321079932153225,Sergej Milinkovic-Savic,h,1543,OpenPlay,2021,RightFoot,17000,Lazio,Bologna,3,0,2022-02-12 14:00:00,Luis Alberto,TakeOn
456849,46,MissedShots,0.87,0.5279999923706055,0.0485944002866745,Sergej Milinkovic-Savic,h,1543,FromCorner,2021,LeftFoot,17000,Lazio,Bologna,3,0,2022-02-12 14:00:00,Luis Alberto,Cross
459065,63,MissedShots,0.8959999847412109,0.5529999923706055,0.043936800211668015,Sergej Milinkovic-Savic,a,1543,FromCorner,2021,Head,17014,Udinese,Lazio,1,1,2022-02-20 19:45:00,Danilo Cataldi,Cross
460533,40,SavedShot,0.9719999694824218,0.5970000076293945,0.40345999598503113,Sergej Milinkovic-Savic,h,1543,OpenPlay,2021,LeftFoot,17020,Lazio,Napoli,1,2,2022-02-27 19:45:00,,None
460537,58,SavedShot,0.925,0.4,0.02005540020763874,Sergej Milinkovic-Savic,h,1543,SetPiece,2021,Head,17020,Lazio,Napoli,1,2,2022-02-27 19:45:00,Luis Alberto,Aerial
461324,24,MissedShots,0.9180000305175782,0.57,0.2574650049209595,Sergej Milinkovic-Savic,a,1543,SetPiece,2021,Head,17027,Cagliari,Lazio,0,3,2022-03-05 19:45:00,Luis Alberto,Chipped
461325,28,MissedShots,0.84,0.37599998474121094,0.03795519843697548,Sergej Milinkovic-Savic,a,1543,FromCorner,2021,LeftFoot,17027,Cagliari,Lazio,0,3,2022-03-05 19:45:00,,None
461326,40,MissedShots,0.784000015258789,0.32,0.028135400265455246,Sergej Milinkovic-Savic,a,1543,OpenPlay,2021,RightFoot,17027,Cagliari,Lazio,0,3,2022-03-05 19:45:00,Luis Alberto,Pass
463481,14,MissedShots,0.765,0.4370000076293945,0.07446610182523727,Sergej Milinkovic-Savic,h,1543,DirectFreekick,2021,RightFoot,17039,Lazio,Venezia,1,0,2022-03-14 19:45:00,,Standard
464739,67,BlockedShot,0.7219999694824218,0.43900001525878907,0.015839900821447372,Sergej Milinkovic-Savic,a,1543,OpenPlay,2021,RightFoot,17053,Roma,Lazio,3,0,2022-03-20 17:00:00,,TakeOn
465392,50,Goal,0.92,0.5259999847412109,0.4928390085697174,Sergej Milinkovic-Savic,h,1543,SetPiece,2021,LeftFoot,17060,Lazio,Sassuolo,2,1,2022-04-02 16:00:00,Luis Alberto,Pass
467072,49,SavedShot,0.830999984741211,0.515,0.08750849962234497,Sergej Milinkovic-Savic,a,1543,OpenPlay,2021,LeftFoot,17069,Genoa,Lazio,1,4,2022-04-10 10:30:00,Luis Alberto,Pass
468411,38,SavedShot,0.9780000305175781,0.385,0.06992390006780624,Sergej Milinkovic-Savic,h,1543,SetPiece,2021,RightFoot,17080,Lazio,Torino,1,1,2022-04-16 18:45:00,Luis Alberto,Chipped
468422,75,BlockedShot,0.779000015258789,0.625999984741211,0.03615739941596985,Sergej Milinkovic-Savic,h,1543,FromCorner,2021,RightFoot,17080,Lazio,Torino,1,1,2022-04-16 18:45:00,Toma Basic,Pass
468424,76,SavedShot,0.860999984741211,0.5309999847412109,0.03427800163626671,Sergej Milinkovic-Savic,h,1543,FromCorner,2021,Head,17080,Lazio,Torino,1,1,2022-04-16 18:45:00,,None
470881,68,MissedShots,0.7,0.27600000381469725,0.010576499626040459,Sergej Milinkovic-Savic,h,1543,OpenPlay,2021,RightFoot,17091,Lazio,AC Milan,1,2,2022-04-24 18:45:00,Manuel Lazzari,Pass
470883,74,BlockedShot,0.8169999694824219,0.3940000152587891,0.053532201796770096,Sergej Milinkovic-Savic,h,1543,OpenPlay,2021,LeftFoot,17091,Lazio,AC Milan,1,2,2022-04-24 18:45:00,Francesco Acerbi,LayOff
471877,29,SavedShot,0.915,0.3110000038146973,0.06523130089044571,Sergej Milinkovic-Savic,a,1543,OpenPlay,2021,RightFoot,17104,Spezia,Lazio,3,4,2022-04-30 18:45:00,,TakeOn
471890,67,Goal,0.895,0.47,0.43795400857925415,Sergej Milinkovic-Savic,a,1543,OpenPlay,2021,LeftFoot,17104,Spezia,Lazio,3,4,2022-04-30 18:45:00,,None
471894,82,MissedShots,0.7709999847412109,0.47200000762939454,0.026851600036025047,Sergej Milinkovic-Savic,a,1543,OpenPlay,2021,LeftFoot,17104,Spezia,Lazio,3,4,2022-04-30 18:45:00,Ciro Immobile,Pass
473742,28,SavedShot,0.7080000305175781,0.590999984741211,0.010049100033938885,Sergej Milinkovic-Savic,h,1543,OpenPlay,2021,RightFoot,17110,Lazio,Sampdoria,2,0,2022-05-07 18:45:00,Luis Alberto,Chipped
476872,95,Goal,0.965999984741211,0.345,0.0999165028333664,Sergej Milinkovic-Savic,a,1543,OpenPlay,2021,RightFoot,17120,Juventus,Lazio,2,2,2022-05-16 18:45:00,,Rebound
477371,9,MissedShots,0.9030000305175782,0.4209999847412109,0.06335169821977615,Sergej Milinkovic-Savic,h,1543,SetPiece,2021,Head,17130,Lazio,Verona,3,3,2022-05-21 18:45:00,Danilo Cataldi,Cross
477382,55,MissedShots,0.9340000152587891,0.485,0.39380499720573425,Sergej Milinkovic-Savic,h,1543,FromCorner,2021,Head,17130,Lazio,Verona,3,3,2022-05-21 18:45:00,Danilo Cataldi,Cross
477383,57,MissedShots,0.9640000152587891,0.48400001525878905,0.519806981086731,Sergej Milinkovic-Savic,h,1543,FromCorner,2021,Head,17130,Lazio,Verona,3,3,2022-05-21 18:45:00,Danilo Cataldi,Cross
477385,59,BlockedShot,0.91,0.37400001525878906,0.08071160316467285,Sergej Milinkovic-Savic,h,1543,OpenPlay,2021,RightFoot,17130,Lazio,Verona,3,3,2022-05-21 18:45:00,Toma Basic,TakeOn
477386,60,MissedShots,0.93,0.5720000076293945,0.07664760202169418,Sergej Milinkovic-Savic,h,1543,FromCorner,2021,Head,17130,Lazio,Verona,3,3,2022-05-21 18:45:00,Danilo Cataldi,Cross
477394,79,MissedShots,0.7169999694824218,0.37900001525878907,0.010447800159454346,Sergej Milinkovic-Savic,h,1543,OpenPlay,2021,RightFoot,17130,Lazio,Verona,3,3,2022-05-21 18:45:00,Felipe Anderson,LayOff
481090,58,MissedShots,0.765,0.46,0.0284000001847744,Sergej Milinkovic-Savic,h,1543,OpenPlay,2022,RightFoot,18586,Lazio,Bologna,2,1,2022-08-14 16:30:00,Danilo Cataldi,Pass
482015,63,MissedShots,0.77,0.4759999847412109,0.028839999809861183,Sergej Milinkovic-Savic,a,1543,OpenPlay,2022,RightFoot,18592,Torino,Lazio,0,0,2022-08-20 16:30:00,,None
482016,64,BlockedShot,0.8590000152587891,0.5279999923706055,0.08436959981918335,Sergej Milinkovic-Savic,a,1543,OpenPlay,2022,RightFoot,18592,Torino,Lazio,0,0,2022-08-20 16:30:00,,BallRecovery
484994,58,MissedShots,0.755,0.4540000152587891,0.031600598245859146,Sergej Milinkovic-Savic,a,1543,OpenPlay,2022,RightFoot,18616,Sampdoria,Lazio,1,1,2022-08-31 16:30:00,Mattia Zaccagni,Pass
485004,93,MissedShots,0.9180000305175782,0.5120000076293946,0.34792301058769226,Sergej Milinkovic-Savic,a,1543,OpenPlay,2022,Head,18616,Sampdoria,Lazio,1,1,2022-08-31 16:30:00,Matteo Cancellieri,Cross
488134,18,BlockedShot,0.9030000305175782,0.475,0.07442700117826462,Sergej Milinkovic-Savic,h,1543,FromCorner,2022,Head,18637,Lazio,Verona,2,0,2022-09-11 16:00:00,Toma Basic,Cross
488137,24,SavedShot,0.785,0.3629999923706055,0.030830800533294678,Sergej Milinkovic-Savic,h,1543,OpenPlay,2022,RightFoot,18637,Lazio,Verona,2,0,2022-09-11 16:00:00,Ivan Provedel,Chipped
488151,86,MissedShots,0.91,0.5370000076293945,0.026707399636507034,Sergej Milinkovic-Savic,h,1543,FromCorner,2022,Head,18637,Lazio,Verona,2,0,2022-09-11 16:00:00,Luis Alberto,Aerial
489167,46,Goal,0.9319999694824219,0.5320000076293945,0.6006569862365723,Sergej Milinkovic-Savic,a,1543,OpenPlay,2022,LeftFoot,18643,Cremonese,Lazio,0,4,2022-09-18 13:00:00,,Rebound
490504,20,MissedShots,0.9459999847412109,0.24600000381469728,0.051141198724508286,Sergej Milinkovic-Savic,h,1543,OpenPlay,2022,RightFoot,18657,Lazio,Spezia,4,0,2022-10-02 10:30:00,Felipe Anderson,Pass
490508,35,ShotOnPost,0.8980000305175782,0.4809999847412109,0.02506290003657341,Sergej Milinkovic-Savic,h,1543,FromCorner,2022,Head,18657,Lazio,Spezia,4,0,2022-10-02 10:30:00,,Aerial
490517,61,Goal,0.915,0.47200000762939454,0.5554779767990112,Sergej Milinkovic-Savic,h,1543,OpenPlay,2022,RightFoot,18657,Lazio,Spezia,4,0,2022-10-02 10:30:00,Mattia Zaccagni,Pass
490527,90,Goal,0.92,0.34599998474121096,0.4284769892692566,Sergej Milinkovic-Savic,h,1543,OpenPlay,2022,RightFoot,18657,Lazio,Spezia,4,0,2022-10-02 10:30:00,Elseid Hysaj,Throughball
493637,27,SavedShot,0.9490000152587891,0.41700000762939454,0.2501389980316162,Sergej Milinkovic-Savic,h,1543,OpenPlay,2022,Head,18676,Lazio,Udinese,0,0,2022-10-16 13:00:00,Felipe Anderson,Cross
493645,79,SavedShot,0.76,0.7030000305175781,0.046931199729442596,Sergej Milinkovic-Savic,h,1543,DirectFreekick,2022,RightFoot,18676,Lazio,Udinese,0,0,2022-10-16 13:00:00,,Standard
495819,11,MissedShots,0.785,0.3529999923706055,0.027210399508476257,Sergej Milinkovic-Savic,a,1543,OpenPlay,2022,RightFoot,18682,Atalanta,Lazio,0,2,2022-10-23 16:00:00,Pedro,Pass
497444,84,MissedShots,0.825999984741211,0.345,0.045478299260139465,Sergej Milinkovic-Savic,h,1543,OpenPlay,2022,RightFoot,18696,Lazio,Salernitana,1,3,2022-10-30 17:00:00,Toma Basic,Pass
499668,3,MissedShots,0.769000015258789,0.5420000076293945,0.02710689976811409,Sergej Milinkovic-Savic,h,1543,OpenPlay,2022,LeftFoot,18716,Lazio,Monza,1,0,2022-11-10 19:45:00,Felipe Anderson,Pass
499675,37,BlockedShot,0.855,0.600999984741211,0.0736507996916771,Sergej Milinkovic-Savic,h,1543,OpenPlay,2022,LeftFoot,18716,Lazio,Monza,1,0,2022-11-10 19:45:00,Felipe Anderson,Pass
500868,31,BlockedShot,0.7780000305175782,0.3240000152587891,0.02059759944677353,Sergej Milinkovic-Savic,a,1543,OpenPlay,2022,LeftFoot,18726,Juventus,Lazio,3,0,2022-11-13 19:45:00,Luka Romero,Pass
500873,45,BlockedShot,0.764000015258789,0.43099998474121093,0.024449199438095093,Sergej Milinkovic-Savic,a,1543,OpenPlay,2022,RightFoot,18726,Juventus,Lazio,3,0,2022-11-13 19:45:00,Elseid Hysaj,Pass
502370,19,BlockedShot,0.8109999847412109,0.5379999923706055,0.06455709785223007,Sergej Milinkovic-Savic,a,1543,OpenPlay,2022,RightFoot,18735,Lecce,Lazio,2,1,2023-01-04 15:30:00,Ciro Immobile,Pass
502899,30,MissedShots,0.905,0.515,0.025741899386048317,Sergej Milinkovic-Savic,h,1543,FromCorner,2022,Head,18746,Lazio,Empoli,2,2,2023-01-08 14:00:00,Luis Alberto,Aerial
502908,62,SavedShot,0.675,0.38,0.015009099617600441,Sergej Milinkovic-Savic,h,1543,OpenPlay,2022,RightFoot,18746,Lazio,Empoli,2,2,2023-01-08 14:00:00,Felipe Anderson,Pass
502910,89,MissedShots,0.7680000305175781,0.35900001525878905,0.029012300074100494,Sergej Milinkovic-Savic,h,1543,OpenPlay,2022,LeftFoot,18746,Lazio,Empoli,2,2,2023-01-08 14:00:00,Felipe Anderson,Pass
503846,45,BlockedShot,0.9869999694824219,0.42400001525878905,0.07902009785175323,Sergej Milinkovic-Savic,a,1543,FromCorner,2022,Head,18759,Sassuolo,Lazio,0,2,2023-01-15 11:30:00,Luis Alberto,Cross
505409,3,Goal,0.8730000305175781,0.53,0.34107500314712524,Sergej Milinkovic-Savic,h,1543,OpenPlay,2022,LeftFoot,18767,Lazio,AC Milan,4,0,2023-01-24 19:45:00,Mattia Zaccagni,Pass
505416,43,BlockedShot,0.7619999694824219,0.335,0.020189499482512474,Sergej Milinkovic-Savic,h,1543,OpenPlay,2022,RightFoot,18767,Lazio,AC Milan,4,0,2023-01-24 19:45:00,Mattia Zaccagni,Pass
506334,76,MissedShots,0.9480000305175781,0.26600000381469724,0.04301710054278374,Sergej Milinkovic-Savic,h,1543,SetPiece,2022,RightFoot,18777,Lazio,Fiorentina,1,1,2023-01-29 17:00:00,Felipe Anderson,Chipped
506339,86,BlockedShot,0.865,0.3079999923706055,0.047880299389362335,Sergej Milinkovic-Savic,h,1543,OpenPlay,2022,RightFoot,18777,Lazio,Fiorentina,1,1,2023-01-29 17:00:00,,BallRecovery
507929,9,MissedShots,0.725999984741211,0.3940000152587891,0.04480630159378052,Sergej Milinkovic-Savic,a,1543,DirectFreekick,2022,RightFoot,18784,Verona,Lazio,1,1,2023-02-06 17:30:00,,Standard
508641,14,BlockedShot,0.8009999847412109,0.2560000038146973,0.018238399177789688,Sergej Milinkovic-Savic,h,1543,OpenPlay,2022,RightFoot,18797,Lazio,Atalanta,0,2,2023-02-11 19:45:00,,BallRecovery
508653,46,SavedShot,0.7319999694824219,0.500999984741211,0.053163301199674606,Sergej Milinkovic-Savic,h,1543,DirectFreekick,2022,RightFoot,18797,Lazio,Atalanta,0,2,2023-02-11 19:45:00,,Standard
511625,20,MissedShots,0.9119999694824219,0.495,0.03472039848566055,Sergej Milinkovic-Savic,h,1543,FromCorner,2022,Head,18816,Lazio,Sampdoria,1,0,2023-02-27 19:45:00,Luis Alberto,Aerial
511637,65,MissedShots,0.9119999694824219,0.46,0.051352400332689285,Sergej Milinkovic-Savic,h,1543,OpenPlay,2022,Head,18816,Lazio,Sampdoria,1,0,2023-02-27 19:45:00,Manuel Lazzari,Aerial
511793,19,BlockedShot,0.870999984741211,0.49900001525878906,0.09391680359840393,Sergej Milinkovic-Savic,a,1543,OpenPlay,2022,LeftFoot,18826,Napoli,Lazio,0,1,2023-03-03 19:45:00,Ciro Immobile,BallTouch
511808,90,ShotOnPost,0.779000015258789,0.32299999237060545,0.061639200896024704,Sergej Milinkovic-Savic,a,1543,DirectFreekick,2022,RightFoot,18826,Napoli,Lazio,0,1,2023-03-03 19:45:00,,Standard
515797,36,MissedShots,0.8480000305175781,0.5540000152587891,0.05753910169005394,Sergej Milinkovic-Savic,h,1543,OpenPlay,2022,RightFoot,18845,Lazio,Roma,1,0,2023-03-19 17:00:00,Elseid Hysaj,Chipped
516951,55,Goal,0.784000015258789,0.6519999694824219,0.07156279683113098,Sergej Milinkovic-Savic,a,1543,DirectFreekick,2022,RightFoot,18858,Monza,Lazio,0,2,2023-04-02 13:00:00,,Standard
518360,9,MissedShots,0.914000015258789,0.544000015258789,0.10795100033283234,Sergej Milinkovic-Savic,h,1543,SetPiece,2022,Head,18865,Lazio,Juventus,2,1,2023-04-08 18:45:00,Luis Alberto,Cross
518361,11,MissedShots,0.905,0.5270000076293946,0.06845460087060928,Sergej Milinkovic-Savic,h,1543,FromCorner,2022,Head,18865,Lazio,Juventus,2,1,2023-04-08 18:45:00,Luis Alberto,Cross
518362,14,BlockedShot,0.725999984741211,0.5159999847412109,0.04964480176568031,Sergej Milinkovic-Savic,h,1543,DirectFreekick,2022,RightFoot,18865,Lazio,Juventus,2,1,2023-04-08 18:45:00,,Standard
518364,37,Goal,0.9419999694824219,0.445,0.4407550096511841,Sergej Milinkovic-Savic,h,1543,OpenPlay,2022,LeftFoot,18865,Lazio,Juventus,2,1,2023-04-08 18:45:00,Mattia Zaccagni,Cross
518369,59,BlockedShot,0.8090000152587891,0.524000015258789,0.0671778991818428,Sergej Milinkovic-Savic,h,1543,OpenPlay,2022,RightFoot,18865,Lazio,Juventus,2,1,2023-04-08 18:45:00,Ciro Immobile,Pass
519066,49,SavedShot,0.7530000305175781,0.3970000076293945,0.024573499336838722,Sergej Milinkovic-Savic,a,1543,OpenPlay,2022,RightFoot,18880,Spezia,Lazio,0,3,2023-04-14 18:45:00,Mattia Zaccagni,Pass
519072,66,MissedShots,0.975,0.395,0.06985180079936981,Sergej Milinkovic-Savic,a,1543,FromCorner,2022,LeftFoot,18880,Spezia,Lazio,0,3,2023-04-14 18:45:00,Luis Alberto,Pass
519075,86,MissedShots,0.7330000305175781,0.5979999923706054,0.04882809892296791,Sergej Milinkovic-Savic,a,1543,DirectFreekick,2022,RightFoot,18880,Spezia,Lazio,0,3,2023-04-14 18:45:00,,Standard
521004,37,SavedShot,0.7530000305175781,0.615,0.05803341791033745,Sergej Milinkovic-Savic,h,1543,DirectFreekick,2022,RightFoot,18883,Lazio,Torino,0,1,2023-04-22 16:00:00,,Standard
521010,76,BlockedShot,0.8769999694824219,0.49900001525878906,0.08396470546722412,Sergej Milinkovic-Savic,h,1543,OpenPlay,2022,RightFoot,18883,Lazio,Torino,0,1,2023-04-22 16:00:00,Manuel Lazzari,Cross
521014,88,SavedShot,0.9269999694824219,0.3659999847412109,0.02562715858221054,Sergej Milinkovic-Savic,h,1543,OpenPlay,2022,Head,18883,Lazio,Torino,0,1,2023-04-22 16:00:00,Luca Pellegrini,Cross
523011,87,BlockedShot,0.79,0.5970000076293945,0.0292226392775774,Sergej Milinkovic-Savic,a,1543,OpenPlay,2022,RightFoot,18895,Inter,Lazio,3,1,2023-04-30 10:30:00,Pedro,Tackle
524444,5,MissedShots,0.955,0.605999984741211,0.09014418721199036,Sergej Milinkovic-Savic,a,1543,OpenPlay,2022,RightFoot,18916,AC Milan,Lazio,2,0,2023-05-06 13:00:00,Luis Alberto,Chipped
525587,42,SavedShot,0.8540000152587891,0.4129999923706055,0.09517954289913177,Sergej Milinkovic-Savic,h,1543,OpenPlay,2022,RightFoot,18927,Lazio,Lecce,2,2,2023-05-12 18:45:00,Luis Alberto,Pass
525595,58,BlockedShot,0.9359999847412109,0.37099998474121093,0.05817333236336708,Sergej Milinkovic-Savic,h,1543,OpenPlay,2022,RightFoot,18927,Lazio,Lecce,2,2,2023-05-12 18:45:00,Luca Pellegrini,Cross
525597,59,MissedShots,0.899000015258789,0.355,0.023319724947214127,Sergej Milinkovic-Savic,h,1543,OpenPlay,2022,Head,18927,Lazio,Lecce,2,2,2023-05-12 18:45:00,Mattia Zaccagni,Chipped
525605,78,MissedShots,0.904000015258789,0.42400001525878905,0.02488778345286846,Sergej Milinkovic-Savic,h,1543,OpenPlay,2022,Head,18927,Lazio,Lecce,2,2,2023-05-12 18:45:00,Mattia Zaccagni,Aerial
525612,93,Goal,0.9359999847412109,0.46599998474121096,0.06512157618999481,Sergej Milinkovic-Savic,h,1543,OpenPlay,2022,Head,18927,Lazio,Lecce,2,2,2023-05-12 18:45:00,,Aerial
528293,71,SavedShot,0.905,0.5620000076293945,0.40789735317230225,Sergej Milinkovic-Savic,a,1543,OpenPlay,2022,LeftFoot,18941,Udinese,Lazio,0,1,2023-05-21 18:45:00,Luis Alberto,Throughball
529941,36,Goal,0.955,0.4229999923706055,0.42872291803359985,Sergej Milinkovic-Savic,h,1543,SetPiece,2022,RightFoot,18947,Lazio,Cremonese,3,2,2023-05-28 16:00:00,Pedro,Cross
529950,74,BlockedShot,0.94,0.44299999237060544,0.37349143624305725,Sergej Milinkovic-Savic,h,1543,FromCorner,2022,Head,18947,Lazio,Cremonese,3,2,2023-05-28 16:00:00,Mattia Zaccagni,Cross
529956,88,Goal,0.9890000152587891,0.5109999847412109,0.8182953000068665,Sergej Milinkovic-Savic,h,1543,FromCorner,2022,Head,18947,Lazio,Cremonese,3,2,2023-05-28 16:00:00,,None
530798,28,MissedShots,0.92,0.5520000076293945,0.08080221712589264,Sergej Milinkovic-Savic,a,1543,FromCorner,2022,Head,18954,Empoli,Lazio,0,2,2023-06-03 19:00:00,Luis Alberto,Cross
530807,44,BlockedShot,0.735,0.5379999923706055,0.020242838189005852,Sergej Milinkovic-Savic,a,1543,OpenPlay,2022,RightFoot,18954,Empoli,Lazio,0,2,2023-06-03 19:00:00,Pedro,BallTouch
530811,60,BlockedShot,0.8440000152587891,0.49400001525878906,0.09983338415622711,Sergej Milinkovic-Savic,a,1543,OpenPlay,2022,RightFoot,18954,Empoli,Lazio,0,2,2023-06-03 19:00:00,Ciro Immobile,Pass
