id,minute,result,X,Y,xG,player,h_a,player_id,situation,season,shotType,match_id,h_team,a_team,h_goals,a_goals,date,player_assisted,lastAction
32985,6,MissedShots,0.8919999694824219,0.425,0.07120630145072937,Gerard Moreno,a,2120,OpenPlay,2014,LeftFoot,5794,Granada,Villarreal,0,0,2014-09-14 20:00:00,Moi Gómez,Cross
33176,70,Goal,0.8830000305175781,0.275,0.030448999255895615,Gerard Moreno,a,2120,OpenPlay,2014,LeftFoot,5808,Eibar,Villarreal,1,1,2014-09-24 19:00:00,Bruno,Pass
33177,77,MissedShots,0.905,0.6580000305175782,0.07970579713582993,Gerard Moreno,a,2120,OpenPlay,2014,LeftFoot,5808,Eibar,Villarreal,1,1,2014-09-24 19:00:00,Denis Cheryshev,Pass
35151,42,Goal,0.9369999694824219,0.62,0.11758500337600708,Gerard Moreno,h,2120,OpenPlay,2014,LeftFoot,5743,Villarreal,Getafe,2,1,2014-11-23 20:00:00,Denis Cheryshev,Pass
35813,45,SavedShot,0.850999984741211,0.49900001525878906,0.357107013463974,Gerard Moreno,a,2120,OpenPlay,2014,LeftFoot,5752,Cordoba,Villarreal,0,2,2014-11-30 18:00:00,Denis Cheryshev,Throughball
34030,91,BlockedShot,0.8580000305175781,0.37200000762939456,0.062027398496866226,Gerard Moreno,h,2120,OpenPlay,2014,LeftFoot,5693,Villarreal,Real Sociedad,4,0,2014-12-07 18:00:00,Moi Gómez,HeadPass
41060,19,SavedShot,0.865999984741211,0.35700000762939454,0.08502069860696793,Gerard Moreno,h,2120,OpenPlay,2014,LeftFoot,5610,Villarreal,Granada,2,0,2015-02-07 17:00:00,Joel Campbell,Pass
41071,75,SavedShot,0.88,0.46700000762939453,0.10610499978065491,Gerard Moreno,h,2120,SetPiece,2014,LeftFoot,5610,Villarreal,Granada,2,0,2015-02-07 17:00:00,Giovani dos Santos,Pass
41076,91,Goal,0.9230000305175782,0.4209999847412109,0.4718959927558899,Gerard Moreno,h,2120,OpenPlay,2014,LeftFoot,5610,Villarreal,Granada,2,0,2015-02-07 17:00:00,Denis Cheryshev,Pass
40901,21,MissedShots,0.875999984741211,0.475,0.021696200594305992,Gerard Moreno,a,2120,OpenPlay,2014,Head,5625,Rayo Vallecano,Villarreal,2,0,2015-02-15 18:00:00,Joel Campbell,Aerial
39897,13,SavedShot,0.8980000305175782,0.675,0.0641103982925415,Gerard Moreno,h,2120,OpenPlay,2014,LeftFoot,5635,Villarreal,Eibar,1,0,2015-02-22 18:00:00,Moi Gómez,HeadPass
39898,15,MissedShots,0.9490000152587891,0.5259999847412109,0.5547829866409302,Gerard Moreno,h,2120,OpenPlay,2014,LeftFoot,5635,Villarreal,Eibar,1,0,2015-02-22 18:00:00,Joel Campbell,Cross
39903,29,BlockedShot,0.92,0.495,0.13689599931240082,Gerard Moreno,h,2120,OpenPlay,2014,Head,5635,Villarreal,Eibar,1,0,2015-02-22 18:00:00,Giovani dos Santos,Cross
39912,65,MissedShots,0.92,0.509000015258789,0.13891999423503876,Gerard Moreno,h,2120,OpenPlay,2014,Head,5635,Villarreal,Eibar,1,0,2015-02-22 18:00:00,Antonio Rukavina,Cross
39596,11,SavedShot,0.915,0.4759999847412109,0.4729529917240143,Gerard Moreno,a,2120,FromCorner,2014,LeftFoot,5569,Real Madrid,Villarreal,1,1,2015-03-01 20:00:00,Sergio Marcos,Throughball
39615,63,Goal,0.8430000305175781,0.509000015258789,0.06052140146493912,Gerard Moreno,a,2120,OpenPlay,2014,LeftFoot,5569,Real Madrid,Villarreal,1,1,2015-03-01 20:00:00,,None
40009,7,SavedShot,0.8959999847412109,0.6329999923706054,0.08504249900579453,Gerard Moreno,h,2120,OpenPlay,2014,LeftFoot,5578,Villarreal,Celta Vigo,4,1,2015-03-08 18:00:00,Jaume Costa,Pass
40032,83,Goal,0.86,0.49900001525878906,0.48046600818634033,Gerard Moreno,h,2120,OpenPlay,2014,LeftFoot,5578,Villarreal,Celta Vigo,4,1,2015-03-08 18:00:00,Tomás Pina,Throughball
39654,7,MissedShots,0.9680000305175781,0.6630000305175782,0.013721800409257412,Gerard Moreno,a,2120,FromCorner,2014,Head,5586,Almeria,Villarreal,0,0,2015-03-15 11:00:00,Moi Gómez,Cross
39660,25,SavedShot,0.759000015258789,0.40200000762939453,0.025402400642633438,Gerard Moreno,a,2120,OpenPlay,2014,LeftFoot,5586,Almeria,Villarreal,0,0,2015-03-15 11:00:00,Antonio Rukavina,Pass
39669,53,BlockedShot,0.8969999694824219,0.5229999923706055,0.1319359987974167,Gerard Moreno,a,2120,OpenPlay,2014,RightFoot,5586,Almeria,Villarreal,0,0,2015-03-15 11:00:00,Moi Gómez,Pass
39679,92,SavedShot,0.8690000152587891,0.2610000038146973,0.08035449683666229,Gerard Moreno,a,2120,OpenPlay,2014,LeftFoot,5586,Almeria,Villarreal,0,0,2015-03-15 11:00:00,Denis Cheryshev,Chipped
39548,25,SavedShot,0.7659999847412109,0.34700000762939454,0.024111300706863403,Gerard Moreno,h,2120,OpenPlay,2014,LeftFoot,5598,Villarreal,Sevilla,0,2,2015-03-22 16:00:00,Moi Gómez,Pass
39560,43,MissedShots,0.965999984741211,0.3840000152587891,0.11984500288963318,Gerard Moreno,h,2120,OpenPlay,2014,RightFoot,5598,Villarreal,Sevilla,0,2,2015-03-22 16:00:00,Giovani dos Santos,TakeOn
39566,72,SavedShot,0.9130000305175782,0.43099998474121093,0.049626801162958145,Gerard Moreno,h,2120,OpenPlay,2014,Head,5598,Villarreal,Sevilla,0,2,2015-03-22 16:00:00,Manu Trigueros,Aerial
39570,86,BlockedShot,0.85,0.4640000152587891,0.05945960059762001,Gerard Moreno,h,2120,OpenPlay,2014,RightFoot,5598,Villarreal,Sevilla,0,2,2015-03-22 16:00:00,,None
40128,25,MissedShots,0.7869999694824219,0.4209999847412109,0.03084539994597435,Gerard Moreno,a,2120,OpenPlay,2014,RightFoot,5511,Valencia,Villarreal,0,0,2015-04-05 16:00:00,Joel Campbell,Pass
39106,42,MissedShots,0.7709999847412109,0.38599998474121094,0.02339410036802292,Gerard Moreno,a,2120,OpenPlay,2014,LeftFoot,5530,Getafe,Villarreal,1,1,2015-04-12 11:00:00,Antonio Rukavina,TakeOn
39316,9,BlockedShot,0.7669999694824219,0.5820000076293945,0.023020800203084946,Gerard Moreno,h,2120,OpenPlay,2014,LeftFoot,5542,Villarreal,Cordoba,0,0,2015-04-19 18:00:00,,None
39321,22,ShotOnPost,0.7869999694824219,0.34400001525878904,0.026405999436974525,Gerard Moreno,h,2120,OpenPlay,2014,LeftFoot,5542,Villarreal,Cordoba,0,0,2015-04-19 18:00:00,Mario,Pass
39334,58,MissedShots,0.8519999694824218,0.6719999694824219,0.050069499760866165,Gerard Moreno,h,2120,OpenPlay,2014,LeftFoot,5542,Villarreal,Cordoba,0,0,2015-04-19 18:00:00,Denis Cheryshev,Pass
39343,85,MissedShots,0.9640000152587891,0.6880000305175781,0.04839110001921654,Gerard Moreno,h,2120,OpenPlay,2014,LeftFoot,5542,Villarreal,Cordoba,0,0,2015-04-19 18:00:00,Joel Campbell,Chipped
39347,87,MissedShots,0.9480000305175781,0.5059999847412109,0.10683999955654144,Gerard Moreno,h,2120,FromCorner,2014,Head,5542,Villarreal,Cordoba,0,0,2015-04-19 18:00:00,,Aerial
36058,41,MissedShots,0.9540000152587891,0.5279999923706055,0.26502999663352966,Gerard Moreno,a,2120,FromCorner,2014,OtherBodyPart,5549,Real Sociedad,Villarreal,0,0,2015-04-25 21:00:00,,None
36508,33,BlockedShot,0.9569999694824218,0.43099998474121093,0.1246429979801178,Gerard Moreno,h,2120,SetPiece,2014,RightFoot,5562,Villarreal,Atletico Madrid,0,1,2015-04-29 21:00:00,,Rebound
37003,42,BlockedShot,0.925,0.34700000762939454,0.10142400115728378,Gerard Moreno,a,2120,OpenPlay,2014,LeftFoot,5469,Deportivo La Coruna,Villarreal,1,1,2015-05-02 21:00:00,,TakeOn
37353,72,SavedShot,0.9159999847412109,0.3120000076293945,0.07151699811220169,Gerard Moreno,h,2120,OpenPlay,2014,RightFoot,5481,Villarreal,Elche,1,0,2015-05-10 16:00:00,Luciano Vietto,Pass
36296,81,Goal,0.9280000305175782,0.5179999923706055,0.5471090078353882,Gerard Moreno,h,2120,OpenPlay,2014,LeftFoot,5485,Villarreal,Malaga,2,1,2015-05-17 18:00:00,,None
36298,86,Goal,0.8319999694824218,0.51,0.3704279959201813,Gerard Moreno,h,2120,OpenPlay,2014,LeftFoot,5485,Villarreal,Malaga,2,1,2015-05-17 18:00:00,,BallRecovery
36794,41,SavedShot,0.919000015258789,0.49900001525878906,0.3401769995689392,Gerard Moreno,a,2120,OpenPlay,2014,Head,5498,Athletic Club,Villarreal,4,0,2015-05-23 17:30:00,Joel Campbell,Cross
36799,44,BlockedShot,0.845,0.32799999237060545,0.03920320048928261,Gerard Moreno,a,2120,OpenPlay,2014,LeftFoot,5498,Athletic Club,Villarreal,4,0,2015-05-23 17:30:00,Joel Campbell,Pass
84109,83,BlockedShot,0.91,0.365,0.19508899748325348,Gerard Moreno,h,2120,OpenPlay,2015,LeftFoot,1401,Espanyol,Getafe,1,0,2015-08-22 20:30:00,Burgui,TakeOn
84373,61,SavedShot,0.9280000305175782,0.37900001525878907,0.29210901260375977,Gerard Moreno,a,2120,OpenPlay,2015,RightFoot,1409,Villarreal,Espanyol,3,1,2015-08-28 22:30:00,Víctor Álvarez,Cross
84605,30,MissedShots,0.914000015258789,0.5329999923706055,0.12264899909496307,Gerard Moreno,h,2120,OpenPlay,2015,Head,1420,Espanyol,Real Madrid,0,6,2015-09-12 18:00:00,Anaitz Arbilla,Cross
84608,34,BlockedShot,0.8859999847412109,0.285,0.04506149888038635,Gerard Moreno,h,2120,OpenPlay,2015,RightFoot,1420,Espanyol,Real Madrid,0,6,2015-09-12 18:00:00,Felipe Caicedo,Pass
84611,43,MissedShots,0.86,0.72,0.0317331999540329,Gerard Moreno,h,2120,OpenPlay,2015,LeftFoot,1420,Espanyol,Real Madrid,0,6,2015-09-12 18:00:00,Víctor Álvarez,Pass
84620,71,SavedShot,0.9269999694824219,0.47,0.3565230071544647,Gerard Moreno,h,2120,OpenPlay,2015,Head,1420,Espanyol,Real Madrid,0,6,2015-09-12 18:00:00,Paco Montañés,Cross
85751,36,BlockedShot,0.885,0.6580000305175782,0.05696260184049606,Gerard Moreno,a,2120,OpenPlay,2015,LeftFoot,1433,Real Sociedad,Espanyol,2,3,2015-09-20 00:00:00,Víctor Sánchez,Rebound
85753,43,Goal,0.885,0.5,0.7432780265808105,Gerard Moreno,a,2120,Penalty,2015,LeftFoot,1433,Real Sociedad,Espanyol,2,3,2015-09-20 00:00:00,,Standard
85759,57,SavedShot,0.8219999694824218,0.3320000076293945,0.03409409895539284,Gerard Moreno,a,2120,OpenPlay,2015,LeftFoot,1433,Real Sociedad,Espanyol,2,3,2015-09-20 00:00:00,Hernán Pérez,Pass
85765,74,BlockedShot,0.9219999694824219,0.5029999923706054,0.15292200446128845,Gerard Moreno,a,2120,OpenPlay,2015,LeftFoot,1433,Real Sociedad,Espanyol,2,3,2015-09-20 00:00:00,,Rebound
85198,91,BlockedShot,0.87,0.34,0.0675560012459755,Gerard Moreno,h,2120,OpenPlay,2015,LeftFoot,1439,Espanyol,Valencia,1,0,2015-09-22 22:00:00,Hernán Pérez,Pass
84902,55,MissedShots,0.8930000305175781,0.5379999923706055,0.0461358018219471,Gerard Moreno,a,2120,OpenPlay,2015,Head,1456,Deportivo La Coruna,Espanyol,3,0,2015-09-27 18:00:00,Rubén Duarte,Aerial
84904,58,SavedShot,0.7809999847412109,0.26600000381469724,0.018045900389552116,Gerard Moreno,a,2120,OpenPlay,2015,LeftFoot,1456,Deportivo La Coruna,Espanyol,3,0,2015-09-27 18:00:00,Hernán Pérez,Pass
84907,64,BlockedShot,0.9159999847412109,0.27299999237060546,0.03653309866786003,Gerard Moreno,a,2120,OpenPlay,2015,RightFoot,1456,Deportivo La Coruna,Espanyol,3,0,2015-09-27 18:00:00,Hernán Pérez,TakeOn
85554,68,SavedShot,0.9169999694824219,0.545,0.09350650012493134,Gerard Moreno,h,2120,FromCorner,2015,Head,1462,Espanyol,Sporting Gijon,1,2,2015-10-03 22:30:00,Víctor Sánchez,Cross
88313,84,MissedShots,0.7809999847412109,0.425,0.02952600084245205,Gerard Moreno,a,2120,OpenPlay,2015,LeftFoot,1521,Atletico Madrid,Espanyol,1,0,2015-11-28 21:15:00,,Rebound
87255,55,Goal,0.9869999694824219,0.5729999923706055,0.6356359720230103,Gerard Moreno,h,2120,OpenPlay,2015,LeftFoot,1538,Espanyol,Levante,1,1,2015-12-07 23:30:00,Víctor Sánchez,Pass
87262,86,BlockedShot,0.8159999847412109,0.5529999923706055,0.052066098898649216,Gerard Moreno,h,2120,OpenPlay,2015,LeftFoot,1538,Espanyol,Levante,1,1,2015-12-07 23:30:00,,None
87555,46,BlockedShot,0.795,0.5729999923706055,0.03572339937090874,Gerard Moreno,h,2120,OpenPlay,2015,LeftFoot,1550,Espanyol,Las Palmas,1,0,2015-12-19 21:15:00,Marco Asensio,Pass
87559,53,MissedShots,0.9269999694824219,0.375,0.02911739982664585,Gerard Moreno,h,2120,FromCorner,2015,Head,1550,Espanyol,Las Palmas,1,0,2015-12-19 21:15:00,Marco Asensio,Cross
87080,86,MissedShots,0.8130000305175781,0.53,0.05784130096435547,Gerard Moreno,a,2120,OpenPlay,2015,LeftFoot,1561,Sevilla,Espanyol,2,0,2015-12-30 21:15:00,Burgui,Pass
88162,69,BlockedShot,0.87,0.664000015258789,0.04817340150475502,Gerard Moreno,h,2120,OpenPlay,2015,LeftFoot,1568,Espanyol,Barcelona,0,0,2016-01-02 19:00:00,Felipe Caicedo,Pass
89006,39,Goal,0.9430000305175781,0.534000015258789,0.5071970224380493,Gerard Moreno,h,2120,OpenPlay,2015,LeftFoot,1600,Espanyol,Villarreal,2,2,2016-01-23 21:15:00,Burgui,Cross
89009,52,SavedShot,0.745,0.3770000076293945,0.02735929936170578,Gerard Moreno,h,2120,OpenPlay,2015,LeftFoot,1600,Espanyol,Villarreal,2,2,2016-01-23 21:15:00,Marco Asensio,Pass
89016,72,MissedShots,0.909000015258789,0.725999984741211,0.05155239999294281,Gerard Moreno,h,2120,OpenPlay,2015,LeftFoot,1600,Espanyol,Villarreal,2,2,2016-01-23 21:15:00,,Rebound
89696,45,MissedShots,0.774000015258789,0.46900001525878904,0.04096150025725365,Gerard Moreno,a,2120,OpenPlay,2015,LeftFoot,1631,Valencia,Espanyol,2,1,2016-02-13 23:30:00,Abraham,TakeOn
89698,50,BlockedShot,0.8909999847412109,0.4329999923706055,0.0806121975183487,Gerard Moreno,a,2120,OpenPlay,2015,RightFoot,1631,Valencia,Espanyol,2,1,2016-02-13 23:30:00,Marco Asensio,Cross
89714,81,MissedShots,0.9290000152587891,0.534000015258789,0.137596994638443,Gerard Moreno,a,2120,FromCorner,2015,LeftFoot,1631,Valencia,Espanyol,2,1,2016-02-13 23:30:00,,Rebound
89716,89,MissedShots,0.895,0.605999984741211,0.05549139901995659,Gerard Moreno,a,2120,OpenPlay,2015,LeftFoot,1631,Valencia,Espanyol,2,1,2016-02-13 23:30:00,Víctor Sánchez,Cross
89985,73,SavedShot,0.83,0.49400001525878906,0.08035679906606674,Gerard Moreno,h,2120,OpenPlay,2015,RightFoot,1641,Espanyol,Deportivo La Coruna,1,0,2016-02-20 21:15:00,,None
89992,84,SavedShot,0.9130000305175782,0.3940000152587891,0.37816399335861206,Gerard Moreno,h,2120,OpenPlay,2015,RightFoot,1641,Espanyol,Deportivo La Coruna,1,0,2016-02-20 21:15:00,Marco Asensio,Throughball
90197,20,MissedShots,0.7780000305175782,0.2560000038146973,0.018345799297094345,Gerard Moreno,a,2120,OpenPlay,2015,LeftFoot,1652,Sporting Gijon,Espanyol,2,4,2016-02-27 21:15:00,Marco Asensio,Pass
90205,47,Goal,0.935,0.5320000076293945,0.4613179862499237,Gerard Moreno,a,2120,OpenPlay,2015,LeftFoot,1652,Sporting Gijon,Espanyol,2,4,2016-02-27 21:15:00,Javi López,Cross
90207,50,SavedShot,0.945,0.7419999694824219,0.030662499368190765,Gerard Moreno,a,2120,FromCorner,2015,LeftFoot,1652,Sporting Gijon,Espanyol,2,4,2016-02-27 21:15:00,,BallTouch
90208,57,Goal,0.87,0.285,0.043800100684165955,Gerard Moreno,a,2120,OpenPlay,2015,LeftFoot,1652,Sporting Gijon,Espanyol,2,4,2016-02-27 21:15:00,Víctor Sánchez,Pass
90215,79,SavedShot,0.7559999847412109,0.47200000762939454,0.031131399795413017,Gerard Moreno,a,2120,OpenPlay,2015,LeftFoot,1652,Sporting Gijon,Espanyol,2,4,2016-02-27 21:15:00,Marco Asensio,Pass
90607,13,MissedShots,0.8809999847412109,0.455,0.0691848024725914,Gerard Moreno,h,2120,OpenPlay,2015,RightFoot,1667,Espanyol,Real Betis,0,3,2016-03-03 23:30:00,Hernán Pérez,Cross
90626,85,SavedShot,0.8809999847412109,0.7080000305175781,0.04345820099115372,Gerard Moreno,h,2120,OpenPlay,2015,LeftFoot,1667,Espanyol,Real Betis,0,3,2016-03-03 23:30:00,Abraham,TakeOn
91840,63,SavedShot,0.925,0.40200000762939453,0.40998899936676025,Gerard Moreno,h,2120,OpenPlay,2015,RightFoot,1678,Espanyol,Rayo Vallecano,2,1,2016-03-07 23:30:00,Víctor Sánchez,TakeOn
91232,25,MissedShots,0.8909999847412109,0.27600000381469725,0.0410442017018795,Gerard Moreno,a,2120,OpenPlay,2015,LeftFoot,1688,Granada,Espanyol,1,1,2016-03-14 23:30:00,,None
91243,75,MissedShots,0.905,0.500999984741211,0.09273629635572433,Gerard Moreno,a,2120,OpenPlay,2015,Head,1688,Granada,Espanyol,1,1,2016-03-14 23:30:00,Hernán Pérez,Cross
91247,83,BlockedShot,0.7880000305175782,0.42200000762939455,0.0342256985604763,Gerard Moreno,a,2120,OpenPlay,2015,LeftFoot,1688,Granada,Espanyol,1,1,2016-03-14 23:30:00,Hernán Pérez,Pass
91031,32,MissedShots,0.8009999847412109,0.585,0.04313259944319725,Gerard Moreno,h,2120,OpenPlay,2015,LeftFoot,1695,Espanyol,Athletic Club,2,1,2016-03-20 15:00:00,Víctor Sánchez,Chipped
91042,52,MissedShots,0.919000015258789,0.500999984741211,0.39381399750709534,Gerard Moreno,h,2120,OpenPlay,2015,RightFoot,1695,Espanyol,Athletic Club,2,1,2016-03-20 15:00:00,Víctor Sánchez,Chipped
91759,22,SavedShot,0.9290000152587891,0.7280000305175781,0.034591998904943466,Gerard Moreno,h,2120,OpenPlay,2015,LeftFoot,1711,Espanyol,Atletico Madrid,1,3,2016-04-09 20:15:00,Víctor Sánchez,Pass
91764,40,MissedShots,0.905,0.4209999847412109,0.049351099878549576,Gerard Moreno,h,2120,FromCorner,2015,Head,1711,Espanyol,Atletico Madrid,1,3,2016-04-09 20:15:00,Abraham,Cross
91773,85,SavedShot,0.8980000305175782,0.31,0.06751719862222672,Gerard Moreno,h,2120,OpenPlay,2015,LeftFoot,1711,Espanyol,Atletico Madrid,1,3,2016-04-09 20:15:00,Marco Asensio,Pass
91777,91,MissedShots,0.9009999847412109,0.46599998474121096,0.109313003718853,Gerard Moreno,h,2120,OpenPlay,2015,Head,1711,Espanyol,Atletico Madrid,1,3,2016-04-09 20:15:00,Álvaro González,Cross
92369,73,ShotOnPost,0.7980000305175782,0.4640000152587891,0.0549997016787529,Gerard Moreno,h,2120,OpenPlay,2015,LeftFoot,1755,Espanyol,Sevilla,1,0,2016-05-01 18:00:00,Marco Asensio,Pass
92587,12,Goal,0.97,0.605999984741211,0.6622589826583862,Gerard Moreno,h,2120,OpenPlay,2015,LeftFoot,1775,Espanyol,Eibar,4,2,2016-05-15 21:00:00,Víctor Sánchez,TakeOn
92604,75,Goal,0.8880000305175781,0.6079999923706054,0.46845200657844543,Gerard Moreno,h,2120,OpenPlay,2015,LeftFoot,1775,Espanyol,Eibar,4,2,2016-05-15 21:00:00,Marco Asensio,Throughball
135231,43,BlockedShot,0.9319999694824219,0.7330000305175781,0.03416350111365318,Gerard Moreno,a,2120,OpenPlay,2016,LeftFoot,1783,Sevilla,Espanyol,6,4,2016-08-21 00:15:00,,Rebound
135242,78,Goal,0.845,0.46299999237060546,0.09879569709300995,Gerard Moreno,a,2120,OpenPlay,2016,RightFoot,1783,Sevilla,Espanyol,6,4,2016-08-21 00:15:00,,TakeOn
135505,27,Goal,0.8669999694824219,0.5070000076293946,0.10006500035524368,Gerard Moreno,h,2120,OpenPlay,2016,LeftFoot,1790,Espanyol,Malaga,2,2,2016-08-27 00:00:00,Leo Baptistao,Pass
135508,60,Goal,0.895,0.44599998474121094,0.0763688012957573,Gerard Moreno,h,2120,SetPiece,2016,Head,1790,Espanyol,Malaga,2,2,2016-08-27 00:00:00,Pablo Piatti,Cross
135514,76,MissedShots,0.8159999847412109,0.44,0.07372099906206131,Gerard Moreno,h,2120,OpenPlay,2016,LeftFoot,1790,Espanyol,Malaga,2,2,2016-08-27 00:00:00,Pablo Piatti,Tackle
136044,35,MissedShots,0.8569999694824219,0.5359999847412109,0.034746598452329636,Gerard Moreno,a,2120,SetPiece,2016,Head,1827,Osasuna,Espanyol,1,2,2016-09-22 22:00:00,Reyes,Cross
136052,53,MissedShots,0.7980000305175782,0.5590000152587891,0.051502298563718796,Gerard Moreno,a,2120,OpenPlay,2016,RightFoot,1827,Osasuna,Espanyol,1,2,2016-09-22 22:00:00,Hernán Pérez,Pass
136057,71,Goal,0.8719999694824219,0.6270000076293946,0.35190799832344055,Gerard Moreno,a,2120,OpenPlay,2016,RightFoot,1827,Osasuna,Espanyol,1,2,2016-09-22 22:00:00,Marc Roca,TakeOn
136288,55,MissedShots,0.9019999694824219,0.37099998474121093,0.013744399882853031,Gerard Moreno,h,2120,OpenPlay,2016,Head,1837,Espanyol,Celta Vigo,0,2,2016-09-25 22:45:00,Reyes,Aerial
136290,70,BlockedShot,0.8680000305175781,0.63,0.06417790055274963,Gerard Moreno,h,2120,OpenPlay,2016,LeftFoot,1837,Espanyol,Celta Vigo,0,2,2016-09-25 22:45:00,Víctor Sánchez,Chipped
136296,89,MissedShots,0.794000015258789,0.605999984741211,0.024742400273680687,Gerard Moreno,h,2120,SetPiece,2016,LeftFoot,1837,Espanyol,Celta Vigo,0,2,2016-09-25 22:45:00,,None
136526,29,MissedShots,0.8169999694824219,0.7469999694824219,0.021404100582003593,Gerard Moreno,h,2120,OpenPlay,2016,LeftFoot,1847,Espanyol,Villarreal,0,0,2016-10-02 20:30:00,,BallRecovery
136528,32,BlockedShot,0.87,0.4520000076293945,0.04562490060925484,Gerard Moreno,h,2120,FromCorner,2016,LeftFoot,1847,Espanyol,Villarreal,0,0,2016-10-02 20:30:00,Reyes,Cross
137146,27,MissedShots,0.92,0.4909999847412109,0.10467399656772614,Gerard Moreno,a,2120,OpenPlay,2016,RightFoot,1849,Las Palmas,Espanyol,0,0,2016-10-14 22:45:00,Leo Baptistao,Cross
137156,92,MissedShots,0.904000015258789,0.45799999237060546,0.1106799989938736,Gerard Moreno,a,2120,OpenPlay,2016,Head,1849,Las Palmas,Espanyol,0,0,2016-10-14 22:45:00,Víctor Sánchez,Cross
136731,23,MissedShots,0.715999984741211,0.5579999923706055,0.017346400767564774,Gerard Moreno,h,2120,OpenPlay,2016,LeftFoot,1860,Espanyol,Eibar,3,3,2016-10-22 15:00:00,David López,Pass
136743,90,SavedShot,0.9069999694824219,0.41900001525878905,0.050749100744724274,Gerard Moreno,h,2120,FromCorner,2016,Head,1860,Espanyol,Eibar,3,3,2016-10-22 15:00:00,Aarón Martín,Cross
137123,35,SavedShot,0.9380000305175781,0.6480000305175782,0.0694975033402443,Gerard Moreno,a,2120,OpenPlay,2016,LeftFoot,3315,Real Betis,Espanyol,0,1,2016-10-30 21:30:00,,None
137130,61,BlockedShot,0.815,0.49900001525878906,0.05997850000858307,Gerard Moreno,a,2120,OpenPlay,2016,RightFoot,3315,Real Betis,Espanyol,0,1,2016-10-30 21:30:00,Hernán Pérez,Pass
137635,36,MissedShots,0.894000015258789,0.315,0.047013700008392334,Gerard Moreno,h,2120,OpenPlay,2016,LeftFoot,2782,Espanyol,Athletic Club,0,0,2016-11-06 19:15:00,David López,TakeOn
137640,92,SavedShot,0.9359999847412109,0.5629999923706055,0.13080500066280365,Gerard Moreno,h,2120,OpenPlay,2016,Head,2782,Espanyol,Athletic Club,0,0,2016-11-06 19:15:00,Reyes,Cross
137838,50,BlockedShot,0.8690000152587891,0.54,0.0675709992647171,Gerard Moreno,a,2120,OpenPlay,2016,LeftFoot,2791,Alaves,Espanyol,0,1,2016-11-20 15:00:00,Pablo Piatti,Cross
137845,78,SavedShot,0.885,0.5,0.7432780265808105,Gerard Moreno,a,2120,Penalty,2016,LeftFoot,2791,Alaves,Espanyol,0,1,2016-11-20 15:00:00,,Standard
137846,80,Goal,0.925,0.5070000076293946,0.11803700029850006,Gerard Moreno,a,2120,FromCorner,2016,Head,2791,Alaves,Espanyol,0,1,2016-11-20 15:00:00,Pablo Piatti,Cross
138321,11,MissedShots,0.9,0.49900001525878906,0.07461240142583847,Gerard Moreno,h,2120,FromCorner,2016,Head,2799,Espanyol,Leganes,3,0,2016-11-26 21:30:00,Pablo Piatti,Cross
138330,45,Goal,0.9619999694824218,0.5879999923706055,0.44783899188041687,Gerard Moreno,h,2120,SetPiece,2016,LeftFoot,2799,Espanyol,Leganes,3,0,2016-11-26 21:30:00,Pablo Piatti,BallTouch
138146,18,SavedShot,0.8730000305175781,0.46099998474121096,0.058452799916267395,Gerard Moreno,a,2120,OpenPlay,2016,LeftFoot,3166,Atletico Madrid,Espanyol,0,0,2016-12-03 23:45:00,Aarón Martín,Cross
138147,41,SavedShot,0.8769999694824219,0.41200000762939454,0.34841400384902954,Gerard Moreno,a,2120,OpenPlay,2016,RightFoot,3166,Atletico Madrid,Espanyol,0,0,2016-12-03 23:45:00,Leo Baptistao,Pass
138437,3,MissedShots,0.895,0.5609999847412109,0.0755074992775917,Gerard Moreno,h,2120,OpenPlay,2016,LeftFoot,3180,Espanyol,Sporting Gijon,2,1,2016-12-11 21:30:00,Leo Baptistao,Cross
138441,23,MissedShots,0.749000015258789,0.485,0.027252599596977234,Gerard Moreno,h,2120,OpenPlay,2016,LeftFoot,3180,Espanyol,Sporting Gijon,2,1,2016-12-11 21:30:00,Leo Baptistao,LayOff
140628,5,MissedShots,0.8859999847412109,0.3039999961853027,0.04810449853539467,Gerard Moreno,a,2120,OpenPlay,2016,LeftFoot,3190,Barcelona,Espanyol,4,1,2016-12-18 23:45:00,Jurado,Chipped
140630,15,MissedShots,0.895,0.3920000076293945,0.01910270005464554,Gerard Moreno,a,2120,OpenPlay,2016,Head,3190,Barcelona,Espanyol,4,1,2016-12-18 23:45:00,Aarón Martín,Aerial
139469,12,MissedShots,0.8880000305175781,0.5179999923706055,0.03877599909901619,Gerard Moreno,h,2120,OpenPlay,2016,Head,3884,Espanyol,Deportivo La Coruna,1,1,2017-01-06 23:45:00,,Aerial
139479,50,SavedShot,0.9,0.5309999847412109,0.08356370031833649,Gerard Moreno,h,2120,OpenPlay,2016,LeftFoot,3884,Espanyol,Deportivo La Coruna,1,1,2017-01-06 23:45:00,Hernán Pérez,Cross
139487,62,Goal,0.9169999694824219,0.5520000076293945,0.4758340120315552,Gerard Moreno,h,2120,OpenPlay,2016,LeftFoot,3884,Espanyol,Deportivo La Coruna,1,1,2017-01-06 23:45:00,,None
139493,92,MissedShots,0.88,0.56,0.046546898782253265,Gerard Moreno,h,2120,OpenPlay,2016,Head,3884,Espanyol,Deportivo La Coruna,1,1,2017-01-06 23:45:00,Aarón Martín,Cross
140359,84,SavedShot,0.9269999694824219,0.5320000076293945,0.11880499869585037,Gerard Moreno,a,2120,FromCorner,2016,Head,3898,Valencia,Espanyol,2,1,2017-01-15 15:00:00,Reyes,Cross
141501,26,MissedShots,0.86,0.445,0.025522399693727493,Gerard Moreno,h,2120,OpenPlay,2016,Head,3905,Espanyol,Granada,3,1,2017-01-21 15:00:00,Marc Navarro,Cross
141502,29,MissedShots,0.9119999694824219,0.5129999923706055,0.0846719965338707,Gerard Moreno,h,2120,FromCorner,2016,LeftFoot,3905,Espanyol,Granada,3,1,2017-01-21 15:00:00,Pablo Piatti,Cross
141507,54,SavedShot,0.909000015258789,0.6859999847412109,0.062346599996089935,Gerard Moreno,h,2120,OpenPlay,2016,LeftFoot,3905,Espanyol,Granada,3,1,2017-01-21 15:00:00,,None
141512,65,BlockedShot,0.7869999694824219,0.24899999618530275,0.04710330069065094,Gerard Moreno,h,2120,OpenPlay,2016,LeftFoot,3905,Espanyol,Granada,3,1,2017-01-21 15:00:00,David López,Chipped
139551,40,MissedShots,0.9130000305175782,0.5120000076293946,0.1307159960269928,Gerard Moreno,h,2120,OpenPlay,2016,Head,3920,Espanyol,Sevilla,3,1,2017-01-29 18:15:00,Aarón Martín,Cross
139560,52,MissedShots,0.915,0.44799999237060545,0.11108499765396118,Gerard Moreno,h,2120,OpenPlay,2016,RightFoot,3920,Espanyol,Sevilla,3,1,2017-01-29 18:15:00,,None
139569,70,Goal,0.9330000305175781,0.5029999923706054,0.14929300546646118,Gerard Moreno,h,2120,OpenPlay,2016,Head,3920,Espanyol,Sevilla,3,1,2017-01-29 18:15:00,Marc Navarro,Cross
139568,70,BlockedShot,0.9309999847412109,0.48400001525878905,0.4986549913883209,Gerard Moreno,h,2120,OpenPlay,2016,Head,3920,Espanyol,Sevilla,3,1,2017-01-29 18:15:00,,Rebound
140674,28,SavedShot,0.870999984741211,0.5329999923706055,0.051532499492168427,Gerard Moreno,a,2120,SetPiece,2016,Head,3931,Malaga,Espanyol,0,1,2017-02-04 12:00:00,Jurado,Cross
138652,65,MissedShots,0.71,0.485,0.017204400151968002,Gerard Moreno,h,2120,OpenPlay,2016,LeftFoot,3942,Espanyol,Real Sociedad,1,2,2017-02-10 19:45:00,David López,Pass
139781,14,SavedShot,0.9159999847412109,0.4779999923706055,0.09173549711704254,Gerard Moreno,h,2120,SetPiece,2016,Head,3955,Espanyol,Osasuna,3,0,2017-02-26 11:00:00,Jurado,Chipped
139783,16,MissedShots,0.9630000305175781,0.580999984741211,0.12983199954032898,Gerard Moreno,h,2120,OpenPlay,2016,Head,3955,Espanyol,Osasuna,3,0,2017-02-26 11:00:00,Pablo Piatti,Cross
139787,29,BlockedShot,0.705999984741211,0.43599998474121093,0.018611999228596687,Gerard Moreno,h,2120,OpenPlay,2016,LeftFoot,3955,Espanyol,Osasuna,3,0,2017-02-26 11:00:00,Pablo Piatti,Pass
139799,89,BlockedShot,0.885,0.5720000076293945,0.048789698630571365,Gerard Moreno,h,2120,FromCorner,2016,LeftFoot,3955,Espanyol,Osasuna,3,0,2017-02-26 11:00:00,Reyes,Cross
139800,90,Goal,0.830999984741211,0.37099998474121093,0.3427070081233978,Gerard Moreno,h,2120,OpenPlay,2016,LeftFoot,3955,Espanyol,Osasuna,3,0,2017-02-26 11:00:00,,BallRecovery
140848,27,Goal,0.95,0.4129999923706055,0.034140899777412415,Gerard Moreno,a,2120,FromCorner,2016,Head,3968,Celta Vigo,Espanyol,2,2,2017-03-01 20:30:00,Pablo Piatti,Aerial
140855,73,BlockedShot,0.860999984741211,0.5329999923706055,0.014020299538969994,Gerard Moreno,a,2120,OpenPlay,2016,Head,3968,Celta Vigo,Espanyol,2,2,2017-03-01 20:30:00,Jurado,Aerial
138863,18,MissedShots,0.8619999694824219,0.5690000152587891,0.02476090006530285,Gerard Moreno,a,2120,OpenPlay,2016,Head,3975,Villarreal,Espanyol,2,0,2017-03-04 17:30:00,Aarón Martín,Cross
138877,84,MissedShots,0.825,0.6469999694824219,0.030916500836610794,Gerard Moreno,a,2120,FromCorner,2016,LeftFoot,3975,Villarreal,Espanyol,2,0,2017-03-04 17:30:00,,None
140398,29,SavedShot,0.925,0.3240000152587891,0.1296360045671463,Gerard Moreno,h,2120,OpenPlay,2016,LeftFoot,3991,Espanyol,Las Palmas,4,3,2017-03-10 19:45:00,Felipe Caicedo,Throughball
140403,45,Goal,0.8619999694824219,0.48900001525878906,0.1025800034403801,Gerard Moreno,h,2120,OpenPlay,2016,LeftFoot,3991,Espanyol,Las Palmas,4,3,2017-03-10 19:45:00,Pablo Piatti,Pass
140409,61,MissedShots,0.725,0.29700000762939455,0.01757960021495819,Gerard Moreno,h,2120,OpenPlay,2016,LeftFoot,3991,Espanyol,Las Palmas,4,3,2017-03-10 19:45:00,Javi López,Pass
140410,69,MissedShots,0.895,0.46299999237060546,0.04801839962601662,Gerard Moreno,h,2120,OpenPlay,2016,Head,3991,Espanyol,Las Palmas,4,3,2017-03-10 19:45:00,Aarón Martín,Aerial
140414,80,MissedShots,0.89,0.45599998474121095,0.023434000089764595,Gerard Moreno,h,2120,OpenPlay,2016,Head,3991,Espanyol,Las Palmas,4,3,2017-03-10 19:45:00,Jurado,Aerial
141752,45,MissedShots,0.9309999847412109,0.43,0.09046459943056107,Gerard Moreno,a,2120,FromCorner,2016,Head,3995,Eibar,Espanyol,1,1,2017-03-18 12:00:00,Aarón Martín,Cross
142512,67,MissedShots,0.725,0.3,0.009037420153617859,Gerard Moreno,h,2120,OpenPlay,2016,LeftFoot,4011,Espanyol,Real Betis,2,1,2017-03-31 19:45:00,Pablo Piatti,TakeOn
142184,14,SavedShot,0.7609999847412109,0.28200000762939453,0.019074000418186188,Gerard Moreno,h,2120,OpenPlay,2016,LeftFoot,4032,Espanyol,Alaves,1,0,2017-04-08 12:00:00,Jurado,TakeOn
142194,39,SavedShot,0.870999984741211,0.9440000152587891,0.01716409996151924,Gerard Moreno,h,2120,OpenPlay,2016,LeftFoot,4032,Espanyol,Alaves,1,0,2017-04-08 12:00:00,Aarón Martín,Pass
142196,46,BlockedShot,0.8059999847412109,0.3629999923706055,0.03991390019655228,Gerard Moreno,h,2120,OpenPlay,2016,RightFoot,4032,Espanyol,Alaves,1,0,2017-04-08 12:00:00,,Dispossessed
142197,49,MissedShots,0.874000015258789,0.6309999847412109,0.07223919779062271,Gerard Moreno,h,2120,OpenPlay,2016,LeftFoot,4032,Espanyol,Alaves,1,0,2017-04-08 12:00:00,,Dispossessed
142203,83,SavedShot,0.8719999694824219,0.5520000076293945,0.02722249925136566,Gerard Moreno,h,2120,OpenPlay,2016,Head,4032,Espanyol,Alaves,1,0,2017-04-08 12:00:00,Hernán Pérez,Aerial
142369,23,MissedShots,0.7319999694824219,0.509000015258789,0.021187199279665947,Gerard Moreno,h,2120,OpenPlay,2016,LeftFoot,4053,Espanyol,Atletico Madrid,0,1,2017-04-22 19:45:00,Jurado,Pass
142386,77,MissedShots,0.9209999847412109,0.4570000076293945,0.10101299732923508,Gerard Moreno,h,2120,FromCorner,2016,Head,4053,Espanyol,Atletico Madrid,0,1,2017-04-22 19:45:00,Pablo Piatti,Cross
143098,25,MissedShots,0.8580000305175781,0.555,0.013295699842274189,Gerard Moreno,a,2120,OpenPlay,2016,Head,4059,Sporting Gijon,Espanyol,1,1,2017-04-25 18:30:00,Aarón Martín,Aerial
143103,31,BlockedShot,0.8959999847412109,0.710999984741211,0.04589869827032089,Gerard Moreno,a,2120,OpenPlay,2016,LeftFoot,4059,Sporting Gijon,Espanyol,1,1,2017-04-25 18:30:00,,None
143106,35,SavedShot,0.9580000305175781,0.37400001525878906,0.07307689636945724,Gerard Moreno,a,2120,OpenPlay,2016,LeftFoot,4059,Sporting Gijon,Espanyol,1,1,2017-04-25 18:30:00,Pablo Piatti,Chipped
143110,54,Goal,0.935,0.645,0.5728840231895447,Gerard Moreno,a,2120,OpenPlay,2016,LeftFoot,4059,Sporting Gijon,Espanyol,1,1,2017-04-25 18:30:00,Leo Baptistao,TakeOn
143112,61,SavedShot,0.91,0.5729999923706055,0.08714369684457779,Gerard Moreno,a,2120,SetPiece,2016,Head,4059,Sporting Gijon,Espanyol,1,1,2017-04-25 18:30:00,Jurado,Cross
143123,92,BlockedShot,0.7730000305175782,0.46,0.03094800002872944,Gerard Moreno,a,2120,OpenPlay,2016,LeftFoot,4059,Sporting Gijon,Espanyol,1,1,2017-04-25 18:30:00,Jurado,Pass
143398,66,SavedShot,0.8619999694824219,0.5629999923706055,0.009302560240030289,Gerard Moreno,h,2120,SetPiece,2016,Head,4065,Espanyol,Barcelona,0,3,2017-04-29 19:45:00,Víctor Sánchez,Aerial
144000,19,MissedShots,0.7480000305175781,0.45099998474121095,0.03557790070772171,Gerard Moreno,a,2120,OpenPlay,2016,LeftFoot,4079,Deportivo La Coruna,Espanyol,1,2,2017-05-07 17:30:00,Javi Fuego,TakeOn
144003,28,Goal,0.87,0.5029999923706054,0.3911620080471039,Gerard Moreno,a,2120,OpenPlay,2016,LeftFoot,4079,Deportivo La Coruna,Espanyol,1,2,2017-05-07 17:30:00,Pablo Piatti,Pass
144005,35,MissedShots,0.38599998474121094,0.48200000762939454,0.008699189871549606,Gerard Moreno,a,2120,OpenPlay,2016,LeftFoot,4079,Deportivo La Coruna,Espanyol,1,2,2017-05-07 17:30:00,,BallRecovery
143010,18,SavedShot,0.8519999694824218,0.40900001525878904,0.06821040064096451,Gerard Moreno,h,2120,OpenPlay,2016,LeftFoot,4088,Espanyol,Valencia,0,1,2017-05-13 15:00:00,Leo Baptistao,Pass
143022,73,MissedShots,0.950999984741211,0.500999984741211,0.13338899612426758,Gerard Moreno,h,2120,OpenPlay,2016,Head,4088,Espanyol,Valencia,0,1,2017-05-13 15:00:00,Aarón Martín,Aerial
169084,11,MissedShots,0.845999984741211,0.3509999847412109,0.04854489862918854,Gerard Moreno,a,2120,OpenPlay,2017,RightFoot,7883,Sevilla,Espanyol,1,1,2017-08-19 21:15:00,Pablo Piatti,Chipped
169093,50,SavedShot,0.9169999694824219,0.4779999923706055,0.10350999981164932,Gerard Moreno,a,2120,FromCorner,2017,Head,7883,Sevilla,Espanyol,1,1,2017-08-19 21:15:00,Pablo Piatti,Cross
169464,38,BlockedShot,0.855999984741211,0.43900001525878907,0.07995250076055527,Gerard Moreno,h,2120,OpenPlay,2017,RightFoot,7892,Espanyol,Leganes,0,1,2017-08-27 17:15:00,Jurado,Pass
169465,38,MissedShots,0.9480000305175781,0.519000015258789,0.08336620032787323,Gerard Moreno,h,2120,FromCorner,2017,Head,7892,Espanyol,Leganes,0,1,2017-08-27 17:15:00,Pablo Piatti,Aerial
169476,88,MissedShots,0.875999984741211,0.46299999237060546,0.054333899170160294,Gerard Moreno,h,2120,OpenPlay,2017,Head,7892,Espanyol,Leganes,0,1,2017-08-27 17:15:00,Leo Baptistao,Cross
169688,88,BlockedShot,0.7380000305175781,0.6140000152587891,0.01855199970304966,Gerard Moreno,a,2120,OpenPlay,2017,LeftFoot,7903,Barcelona,Espanyol,5,0,2017-09-09 19:45:00,Papakouly Diop,Pass
169909,5,MissedShots,0.9,0.36,0.15351900458335876,Gerard Moreno,h,2120,OpenPlay,2017,LeftFoot,7913,Espanyol,Celta Vigo,2,1,2017-09-18 20:00:00,Leo Baptistao,BallRecovery
169911,9,Goal,0.8430000305175781,0.57,0.07788179814815521,Gerard Moreno,h,2120,OpenPlay,2017,LeftFoot,7913,Espanyol,Celta Vigo,2,1,2017-09-18 20:00:00,Leo Baptistao,Pass
169918,35,MissedShots,0.919000015258789,0.5309999847412109,0.134553000330925,Gerard Moreno,h,2120,OpenPlay,2017,LeftFoot,7913,Espanyol,Celta Vigo,2,1,2017-09-18 20:00:00,Pablo Piatti,Cross
170134,23,MissedShots,0.795,0.17600000381469727,0.018639100715517998,Gerard Moreno,a,2120,OpenPlay,2017,LeftFoot,7922,Villarreal,Espanyol,0,0,2017-09-21 19:00:00,Sergi Darder,Pass
170139,53,MissedShots,0.9590000152587891,0.49,0.14198599755764008,Gerard Moreno,a,2120,OpenPlay,2017,Head,7922,Villarreal,Espanyol,0,0,2017-09-21 19:00:00,Aarón Martín,Aerial
170140,61,SavedShot,0.9369999694824219,0.3129999923706055,0.05796929821372032,Gerard Moreno,a,2120,OpenPlay,2017,RightFoot,7922,Villarreal,Espanyol,0,0,2017-09-21 19:00:00,Leo Baptistao,Pass
170381,19,MissedShots,0.925,0.5459999847412109,0.377828985452652,Gerard Moreno,h,2120,SetPiece,2017,Head,7932,Espanyol,Deportivo La Coruna,4,1,2017-09-24 11:00:00,Sergi Darder,Chipped
170400,71,Goal,0.885,0.5,0.7432780265808105,Gerard Moreno,h,2120,Penalty,2017,LeftFoot,7932,Espanyol,Deportivo La Coruna,4,1,2017-09-24 11:00:00,,Standard
170403,77,SavedShot,0.92,0.5120000076293946,0.1110209971666336,Gerard Moreno,h,2120,FromCorner,2017,Head,7932,Espanyol,Deportivo La Coruna,4,1,2017-09-24 11:00:00,Esteban Granero,Cross
170409,89,Goal,0.9619999694824218,0.5279999923706055,0.5804349780082703,Gerard Moreno,h,2120,OpenPlay,2017,LeftFoot,7932,Espanyol,Deportivo La Coruna,4,1,2017-09-24 11:00:00,Leo Baptistao,Chipped
170857,41,SavedShot,0.895,0.30700000762939456,0.04162469878792763,Gerard Moreno,a,2120,OpenPlay,2017,LeftFoot,7941,Real Madrid,Espanyol,2,0,2017-10-01 19:45:00,Mario Hermoso,TakeOn
170859,43,ShotOnPost,0.8919999694824219,0.5970000076293945,0.0687170997262001,Gerard Moreno,a,2120,OpenPlay,2017,LeftFoot,7941,Real Madrid,Espanyol,2,0,2017-10-01 19:45:00,,None
170468,37,MissedShots,0.92,0.68,0.10600599646568298,Gerard Moreno,h,2120,OpenPlay,2017,LeftFoot,7952,Espanyol,Levante,0,0,2017-10-13 20:00:00,Sergi Darder,Throughball
170477,61,SavedShot,0.9380000305175781,0.5659999847412109,0.049300000071525574,Gerard Moreno,h,2120,FromCorner,2017,Head,7952,Espanyol,Levante,0,0,2017-10-13 20:00:00,Pablo Piatti,Aerial
170478,62,BlockedShot,0.9290000152587891,0.4520000076293945,0.3785269856452942,Gerard Moreno,h,2120,OpenPlay,2017,Head,7952,Espanyol,Levante,0,0,2017-10-13 20:00:00,Sergio García,Rebound
170481,71,SavedShot,0.9590000152587891,0.35700000762939454,0.019206399098038673,Gerard Moreno,h,2120,FromCorner,2017,Head,7952,Espanyol,Levante,0,0,2017-10-13 20:00:00,Pablo Piatti,Cross
171484,18,SavedShot,0.9669999694824218,0.40299999237060546,0.06632430106401443,Gerard Moreno,h,2120,FromCorner,2017,Head,7970,Espanyol,Real Betis,1,0,2017-10-30 20:00:00,Sergi Darder,Cross
171490,54,Goal,0.899000015258789,0.5779999923706055,0.3073979914188385,Gerard Moreno,h,2120,OpenPlay,2017,LeftFoot,7970,Espanyol,Real Betis,1,0,2017-10-30 20:00:00,Pablo Piatti,Chipped
171943,59,MissedShots,0.7619999694824219,0.5709999847412109,0.02504030056297779,Gerard Moreno,a,2120,OpenPlay,2017,LeftFoot,7979,Alaves,Espanyol,1,0,2017-11-04 17:30:00,Leo Baptistao,Pass
171950,91,MissedShots,0.9,0.49700000762939456,0.10016299784183502,Gerard Moreno,a,2120,SetPiece,2017,Head,7979,Alaves,Espanyol,1,0,2017-11-04 17:30:00,Aarón Martín,Cross
172306,35,ShotOnPost,0.9719999694824218,0.36700000762939455,0.08192410320043564,Gerard Moreno,h,2120,OpenPlay,2017,RightFoot,7989,Espanyol,Valencia,0,2,2017-11-19 15:15:00,Aarón Martín,TakeOn
172311,61,SavedShot,0.9740000152587891,0.3390000152587891,0.05200890079140663,Gerard Moreno,h,2120,OpenPlay,2017,LeftFoot,7989,Espanyol,Valencia,0,2,2017-11-19 15:15:00,Sergi Darder,Chipped
172543,54,Goal,0.9480000305175781,0.534000015258789,0.5298150181770325,Gerard Moreno,h,2120,SetPiece,2017,LeftFoot,7999,Espanyol,Getafe,1,0,2017-11-27 20:00:00,Pablo Piatti,Cross
172546,73,SavedShot,0.8069999694824219,0.35200000762939454,0.03975899890065193,Gerard Moreno,h,2120,OpenPlay,2017,LeftFoot,7999,Espanyol,Getafe,1,0,2017-11-27 20:00:00,Óscar Melendo,Pass
171758,15,SavedShot,0.9009999847412109,0.6840000152587891,0.0886572003364563,Gerard Moreno,a,2120,OpenPlay,2017,LeftFoot,8010,Eibar,Espanyol,3,1,2017-12-03 17:30:00,Aarón Martín,Throughball
178976,63,MissedShots,0.909000015258789,0.720999984741211,0.036208201199769974,Gerard Moreno,h,2120,OpenPlay,2017,LeftFoot,8020,Espanyol,Girona,0,1,2017-12-11 20:00:00,Jurado,Pass
178977,70,SavedShot,0.91,0.33299999237060546,0.1087300032377243,Gerard Moreno,h,2120,OpenPlay,2017,Head,8020,Espanyol,Girona,0,1,2017-12-11 20:00:00,Víctor Sánchez,Cross
184298,19,Goal,0.9290000152587891,0.5670000076293945,0.48841699957847595,Gerard Moreno,a,2120,OpenPlay,2017,LeftFoot,8033,Las Palmas,Espanyol,2,2,2017-12-17 17:30:00,Leo Baptistao,Pass
184302,40,Goal,0.9730000305175781,0.4779999923706055,0.8256360292434692,Gerard Moreno,a,2120,OpenPlay,2017,LeftFoot,8033,Las Palmas,Espanyol,2,2,2017-12-17 17:30:00,Sergio García,Pass
184303,43,MissedShots,0.8769999694824219,0.46700000762939453,0.4516800045967102,Gerard Moreno,a,2120,OpenPlay,2017,LeftFoot,8033,Las Palmas,Espanyol,2,2,2017-12-17 17:30:00,David López,Pass
184316,92,MissedShots,0.889000015258789,0.6,0.05245549976825714,Gerard Moreno,a,2120,OpenPlay,2017,LeftFoot,8033,Las Palmas,Espanyol,2,2,2017-12-17 17:30:00,Aarón Martín,Cross
184398,57,BlockedShot,0.8880000305175781,0.674000015258789,0.045407701283693314,Gerard Moreno,h,2120,OpenPlay,2017,LeftFoot,8041,Espanyol,Atletico Madrid,1,0,2017-12-22 20:30:00,Mario Hermoso,TakeOn
184406,77,SavedShot,0.860999984741211,0.3160000038146973,0.07062280178070068,Gerard Moreno,h,2120,OpenPlay,2017,LeftFoot,8041,Espanyol,Atletico Madrid,1,0,2017-12-22 20:30:00,,TakeOn
187111,50,BlockedShot,0.8619999694824219,0.40799999237060547,0.04032690078020096,Gerard Moreno,a,2120,OpenPlay,2017,RightFoot,8051,Malaga,Espanyol,0,1,2018-01-08 20:00:00,Sergio García,Aerial
188019,16,BlockedShot,0.7290000152587891,0.5070000076293946,0.058417901396751404,Gerard Moreno,h,2120,DirectFreekick,2017,LeftFoot,8062,Espanyol,Athletic Club,1,1,2018-01-14 17:30:00,,Standard
188021,28,Goal,0.845999984741211,0.41,0.06914349645376205,Gerard Moreno,h,2120,OpenPlay,2017,LeftFoot,8062,Espanyol,Athletic Club,1,1,2018-01-14 17:30:00,,BallRecovery
188028,51,SavedShot,0.9369999694824219,0.5879999923706055,0.07785060256719589,Gerard Moreno,h,2120,SetPiece,2017,LeftFoot,8062,Espanyol,Athletic Club,1,1,2018-01-14 17:30:00,,None
188029,58,MissedShots,0.74,0.5029999923706054,0.021853499114513397,Gerard Moreno,h,2120,OpenPlay,2017,LeftFoot,8062,Espanyol,Athletic Club,1,1,2018-01-14 17:30:00,Aarón Martín,Pass
188530,12,MissedShots,0.91,0.47900001525878905,0.3590579926967621,Gerard Moreno,h,2120,OpenPlay,2017,LeftFoot,8072,Espanyol,Sevilla,0,3,2018-01-20 12:00:00,Dídac Vilá,Cross
188542,43,BlockedShot,0.7469999694824219,0.4,0.018716899678111076,Gerard Moreno,h,2120,OpenPlay,2017,LeftFoot,8072,Espanyol,Sevilla,0,3,2018-01-20 12:00:00,David López,Pass
188546,72,BlockedShot,0.91,0.705,0.04257139936089516,Gerard Moreno,h,2120,OpenPlay,2017,LeftFoot,8072,Espanyol,Sevilla,0,3,2018-01-20 12:00:00,Sergio García,Pass
188548,87,MissedShots,0.88,0.664000015258789,0.04134399816393852,Gerard Moreno,h,2120,OpenPlay,2017,LeftFoot,8072,Espanyol,Sevilla,0,3,2018-01-20 12:00:00,David López,Chipped
190217,79,SavedShot,0.919000015258789,0.534000015258789,0.05050399899482727,Gerard Moreno,a,2120,OpenPlay,2017,Head,8084,Leganes,Espanyol,3,2,2018-01-28 00:00:00,,Aerial
196134,64,MissedShots,0.9159999847412109,0.5770000076293945,0.08810149878263474,Gerard Moreno,h,2120,OpenPlay,2017,LeftFoot,8093,Espanyol,Barcelona,1,1,2018-02-04 15:15:00,,None
196135,65,Goal,0.9130000305175782,0.500999984741211,0.29024800658226013,Gerard Moreno,h,2120,OpenPlay,2017,Head,8093,Espanyol,Barcelona,1,1,2018-02-04 15:15:00,Sergio García,Cross
195470,33,BlockedShot,0.9330000305175781,0.6859999847412109,0.07743149995803833,Gerard Moreno,a,2120,OpenPlay,2017,LeftFoot,8103,Celta Vigo,Espanyol,2,2,2018-02-11 17:30:00,,TakeOn
195482,86,Goal,0.78,0.655,0.024869000539183617,Gerard Moreno,a,2120,OpenPlay,2017,LeftFoot,8103,Celta Vigo,Espanyol,2,2,2018-02-11 17:30:00,Víctor Sánchez,Chipped
196900,79,BlockedShot,0.9169999694824219,0.47200000762939454,0.10172100365161896,Gerard Moreno,h,2120,FromCorner,2017,Head,8112,Espanyol,Villarreal,1,1,2018-02-18 17:30:00,Esteban Granero,Cross
196901,79,SavedShot,0.8480000305175781,0.4420000076293945,0.04687109962105751,Gerard Moreno,h,2120,FromCorner,2017,LeftFoot,8112,Espanyol,Villarreal,1,1,2018-02-18 17:30:00,Sergio García,Chipped
196907,92,MissedShots,0.9790000152587891,0.43400001525878906,0.6044380068778992,Gerard Moreno,h,2120,OpenPlay,2017,RightFoot,8112,Espanyol,Villarreal,1,1,2018-02-18 17:30:00,,Rebound
197117,6,SavedShot,0.84,0.6480000305175782,0.05473310127854347,Gerard Moreno,a,2120,OpenPlay,2017,LeftFoot,8125,Deportivo La Coruna,Espanyol,0,0,2018-02-23 20:00:00,Leo Baptistao,Pass
197125,46,BlockedShot,0.7,0.345,0.009164979681372643,Gerard Moreno,a,2120,OpenPlay,2017,LeftFoot,8125,Deportivo La Coruna,Espanyol,0,0,2018-02-23 20:00:00,,None
198204,25,MissedShots,0.8780000305175781,0.37599998474121094,0.23733699321746826,Gerard Moreno,h,2120,OpenPlay,2017,RightFoot,8133,Espanyol,Real Madrid,1,0,2018-02-27 19:00:00,Carlos Sánchez,BallRecovery
198216,55,SavedShot,0.9009999847412109,0.6029999923706054,0.08047869801521301,Gerard Moreno,h,2120,OpenPlay,2017,LeftFoot,8133,Espanyol,Real Madrid,1,0,2018-02-27 19:00:00,David López,Chipped
198224,76,SavedShot,0.9159999847412109,0.5179999923706055,0.05935090035200119,Gerard Moreno,h,2120,OpenPlay,2017,Head,8133,Espanyol,Real Madrid,1,0,2018-02-27 19:00:00,Sergio García,Aerial
198226,87,MissedShots,0.8909999847412109,0.33099998474121095,0.05659760162234306,Gerard Moreno,h,2120,OpenPlay,2017,LeftFoot,8133,Espanyol,Real Madrid,1,0,2018-02-27 19:00:00,Sergio García,Pass
198228,92,Goal,0.855,0.4540000152587891,0.0672018975019455,Gerard Moreno,h,2120,OpenPlay,2017,RightFoot,8133,Espanyol,Real Madrid,1,0,2018-02-27 19:00:00,Sergio García,Chipped
199302,15,BlockedShot,0.7380000305175781,0.5609999847412109,0.021176200360059738,Gerard Moreno,a,2120,OpenPlay,2017,LeftFoot,8141,Levante,Espanyol,1,1,2018-03-04 11:00:00,Sergi Darder,Pass
199309,37,BlockedShot,0.8630000305175781,0.4759999847412109,0.017371799796819687,Gerard Moreno,a,2120,OpenPlay,2017,Head,8141,Levante,Espanyol,1,1,2018-03-04 11:00:00,Marc Navarro,Aerial
199315,48,MissedShots,0.9019999694824219,0.5459999847412109,0.1021450012922287,Gerard Moreno,a,2120,OpenPlay,2017,Head,8141,Levante,Espanyol,1,1,2018-03-04 11:00:00,Sergi Darder,Cross
200453,7,SavedShot,0.960999984741211,0.5729999923706055,0.12040500342845917,Gerard Moreno,h,2120,FromCorner,2017,Head,8150,Espanyol,Real Sociedad,2,1,2018-03-11 11:00:00,Esteban Granero,Cross
200456,19,SavedShot,0.725,0.5429999923706055,0.019543200731277466,Gerard Moreno,h,2120,OpenPlay,2017,LeftFoot,8150,Espanyol,Real Sociedad,2,1,2018-03-11 11:00:00,Pablo Piatti,Pass
200466,50,SavedShot,0.9330000305175781,0.5979999923706054,0.07605840265750885,Gerard Moreno,h,2120,OpenPlay,2017,LeftFoot,8150,Espanyol,Real Sociedad,2,1,2018-03-11 11:00:00,Pablo Piatti,Cross
200469,56,MissedShots,0.904000015258789,0.6170000076293946,0.057323601096868515,Gerard Moreno,h,2120,OpenPlay,2017,LeftFoot,8150,Espanyol,Real Sociedad,2,1,2018-03-11 11:00:00,Aarón Martín,Cross
200471,71,SavedShot,0.885,0.5,0.743149995803833,Gerard Moreno,h,2120,Penalty,2017,LeftFoot,8150,Espanyol,Real Sociedad,2,1,2018-03-11 11:00:00,,Standard
200472,71,Goal,0.9540000152587891,0.46799999237060547,0.6375100016593933,Gerard Moreno,h,2120,SetPiece,2017,RightFoot,8150,Espanyol,Real Sociedad,2,1,2018-03-11 11:00:00,,Rebound
204589,46,SavedShot,0.7519999694824219,0.6469999694824219,0.02111559920012951,Gerard Moreno,h,2120,OpenPlay,2017,LeftFoot,8169,Espanyol,Alaves,0,0,2018-04-01 11:00:00,Pablo Piatti,Pass
204591,63,MissedShots,0.955999984741211,0.46599998474121096,0.08474940061569214,Gerard Moreno,h,2120,FromCorner,2017,Head,8169,Espanyol,Alaves,0,0,2018-04-01 11:00:00,Pablo Piatti,Aerial
204592,63,MissedShots,0.8390000152587891,0.355,0.04680920019745827,Gerard Moreno,h,2120,OpenPlay,2017,LeftFoot,8169,Espanyol,Alaves,0,0,2018-04-01 11:00:00,Óscar Melendo,Pass
204602,77,BlockedShot,0.9,0.5320000076293945,0.10630299896001816,Gerard Moreno,h,2120,OpenPlay,2017,LeftFoot,8169,Espanyol,Alaves,0,0,2018-04-01 11:00:00,Pablo Piatti,Chipped
204605,88,MissedShots,0.9230000305175782,0.46799999237060547,0.13478399813175201,Gerard Moreno,h,2120,OpenPlay,2017,Head,8169,Espanyol,Alaves,0,0,2018-04-01 11:00:00,Pablo Piatti,Cross
207550,10,SavedShot,0.9259999847412109,0.4929999923706055,0.05736960098147392,Gerard Moreno,a,2120,OpenPlay,2017,Head,8183,Valencia,Espanyol,1,0,2018-04-08 18:45:00,Dídac Vilá,Aerial
207553,22,BlockedShot,0.7390000152587891,0.500999984741211,0.021496199071407318,Gerard Moreno,a,2120,OpenPlay,2017,LeftFoot,8183,Valencia,Espanyol,1,0,2018-04-08 18:45:00,Óscar Melendo,Pass
207555,27,MissedShots,0.914000015258789,0.43599998474121093,0.03909730166196823,Gerard Moreno,a,2120,OpenPlay,2017,Head,8183,Valencia,Espanyol,1,0,2018-04-08 18:45:00,Óscar Melendo,Aerial
207563,40,SavedShot,0.8980000305175782,0.285,0.03680869936943054,Gerard Moreno,a,2120,OpenPlay,2017,LeftFoot,8183,Valencia,Espanyol,1,0,2018-04-08 18:45:00,Marc Navarro,Chipped
207564,43,BlockedShot,0.8109999847412109,0.5059999847412109,0.15495799481868744,Gerard Moreno,a,2120,DirectFreekick,2017,LeftFoot,8183,Valencia,Espanyol,1,0,2018-04-08 18:45:00,,Standard
207576,70,MissedShots,0.9219999694824219,0.4909999847412109,0.05573510006070137,Gerard Moreno,a,2120,FromCorner,2017,Head,8183,Valencia,Espanyol,1,0,2018-04-08 18:45:00,Esteban Granero,Aerial
207580,85,BlockedShot,0.8730000305175781,0.41700000762939454,0.08526729792356491,Gerard Moreno,a,2120,OpenPlay,2017,LeftFoot,8183,Valencia,Espanyol,1,0,2018-04-08 18:45:00,Marc Navarro,Pass
209319,72,BlockedShot,0.8730000305175781,0.504000015258789,0.0995652973651886,Gerard Moreno,a,2120,OpenPlay,2017,LeftFoot,8189,Getafe,Espanyol,1,0,2018-04-15 16:30:00,Pablo Piatti,Pass
209687,59,MissedShots,0.904000015258789,0.44799999237060545,0.0832941010594368,Gerard Moreno,h,2120,OpenPlay,2017,Head,8199,Espanyol,Eibar,0,1,2018-04-18 17:30:00,Javi López,Cross
209691,69,SavedShot,0.970999984741211,0.3060000038146973,0.047810498625040054,Gerard Moreno,h,2120,OpenPlay,2017,LeftFoot,8199,Espanyol,Eibar,0,1,2018-04-18 17:30:00,,Rebound
210741,42,Goal,0.9219999694824219,0.649000015258789,0.064690500497818,Gerard Moreno,a,2120,SetPiece,2017,RightFoot,8210,Girona,Espanyol,0,2,2018-04-22 10:00:00,Sergi Darder,Chipped
210745,54,Goal,0.855999984741211,0.645,0.3273259997367859,Gerard Moreno,a,2120,OpenPlay,2017,LeftFoot,8210,Girona,Espanyol,0,2,2018-04-22 10:00:00,Sergi Darder,Throughball
211512,29,SavedShot,0.889000015258789,0.534000015258789,0.07737410068511963,Gerard Moreno,h,2120,OpenPlay,2017,LeftFoot,8220,Espanyol,Las Palmas,1,1,2018-04-28 00:00:00,Dídac Vilá,Cross
211516,40,BlockedShot,0.845999984741211,0.585,0.047716401517391205,Gerard Moreno,h,2120,OpenPlay,2017,LeftFoot,8220,Espanyol,Las Palmas,1,1,2018-04-28 00:00:00,Pau López,TakeOn
211522,56,ShotOnPost,0.915,0.49900001525878906,0.09771809726953506,Gerard Moreno,h,2120,OpenPlay,2017,Head,8220,Espanyol,Las Palmas,1,1,2018-04-28 00:00:00,Óscar Melendo,Cross
211523,56,SavedShot,0.9309999847412109,0.549000015258789,0.5137900114059448,Gerard Moreno,h,2120,OpenPlay,2017,LeftFoot,8220,Espanyol,Las Palmas,1,1,2018-04-28 00:00:00,,Rebound
211527,75,Goal,0.9530000305175781,0.544000015258789,0.5352320075035095,Gerard Moreno,h,2120,OpenPlay,2017,LeftFoot,8220,Espanyol,Las Palmas,1,1,2018-04-28 00:00:00,Sergio García,HeadPass
213791,29,SavedShot,0.74,0.41,0.016988400369882584,Gerard Moreno,a,2120,OpenPlay,2017,LeftFoot,8231,Atletico Madrid,Espanyol,0,2,2018-05-06 15:15:00,Dídac Vilá,TakeOn
213800,65,SavedShot,0.9309999847412109,0.5520000076293945,0.15300999581813812,Gerard Moreno,a,2120,OpenPlay,2017,LeftFoot,8231,Atletico Madrid,Espanyol,0,2,2018-05-06 15:15:00,,Rebound
213805,81,MissedShots,0.9309999847412109,0.7240000152587891,0.08473040163516998,Gerard Moreno,a,2120,OpenPlay,2017,LeftFoot,8231,Atletico Madrid,Espanyol,0,2,2018-05-06 15:15:00,Sergio García,Chipped
215792,7,SavedShot,0.9,0.615,0.3700459897518158,Gerard Moreno,h,2120,OpenPlay,2017,LeftFoot,8242,Espanyol,Malaga,4,1,2018-05-13 15:15:00,Sergi Darder,Throughball
215793,7,Goal,0.9830000305175781,0.5320000076293945,0.8815310001373291,Gerard Moreno,h,2120,OpenPlay,2017,LeftFoot,8242,Espanyol,Malaga,4,1,2018-05-13 15:15:00,,Rebound
215795,18,BlockedShot,0.889000015258789,0.3940000152587891,0.11065500229597092,Gerard Moreno,h,2120,OpenPlay,2017,LeftFoot,8242,Espanyol,Malaga,4,1,2018-05-13 15:15:00,Dídac Vilá,Pass
215796,21,MissedShots,0.924000015258789,0.5370000076293945,0.06547950208187103,Gerard Moreno,h,2120,SetPiece,2017,Head,8242,Espanyol,Malaga,4,1,2018-05-13 15:15:00,Sergi Darder,Aerial
215807,57,BlockedShot,0.7709999847412109,0.6480000305175782,0.03530459851026535,Gerard Moreno,h,2120,OpenPlay,2017,RightFoot,8242,Espanyol,Malaga,4,1,2018-05-13 15:15:00,Sergio García,Pass
215813,73,MissedShots,0.8219999694824218,0.3390000152587891,0.05302629992365837,Gerard Moreno,h,2120,OpenPlay,2017,LeftFoot,8242,Espanyol,Malaga,4,1,2018-05-13 15:15:00,Leo Baptistao,Pass
216426,35,BlockedShot,0.8930000305175781,0.46099998474121096,0.13458700478076935,Gerard Moreno,a,2120,OpenPlay,2017,RightFoot,8252,Athletic Club,Espanyol,0,1,2018-05-20 16:00:00,Leo Baptistao,Pass
216435,77,MissedShots,0.6359999847412109,0.4809999847412109,0.009573710151016712,Gerard Moreno,a,2120,OpenPlay,2017,LeftFoot,8252,Athletic Club,Espanyol,0,1,2018-05-20 16:00:00,,None
218366,15,Goal,0.875999984741211,0.295,0.04392879828810692,Gerard Moreno,h,2120,OpenPlay,2018,LeftFoot,9960,Villarreal,Real Sociedad,1,2,2018-08-18 21:15:00,Santiago Cáseres,TakeOn
218382,80,BlockedShot,0.7469999694824219,0.39799999237060546,0.021975500509142876,Gerard Moreno,h,2120,OpenPlay,2018,LeftFoot,9960,Villarreal,Real Sociedad,1,2,2018-08-18 21:15:00,Carlos Bacca,Pass
221047,50,BlockedShot,0.8859999847412109,0.5329999923706055,0.08413060009479523,Gerard Moreno,a,2120,OpenPlay,2018,LeftFoot,9973,Sevilla,Villarreal,0,0,2018-08-26 21:15:00,,None
221401,20,SavedShot,0.89,0.57,0.38565799593925476,Gerard Moreno,h,2120,OpenPlay,2018,LeftFoot,9979,Villarreal,Girona,0,1,2018-08-31 23:00:00,Santiago Cazorla,Throughball
221405,30,MissedShots,0.925,0.3129999923706055,0.052917398512363434,Gerard Moreno,h,2120,OpenPlay,2018,LeftFoot,9979,Villarreal,Girona,0,1,2018-08-31 23:00:00,Manu Trigueros,Pass
221412,46,MissedShots,0.8690000152587891,0.3,0.03836379945278168,Gerard Moreno,h,2120,OpenPlay,2018,LeftFoot,9979,Villarreal,Girona,0,1,2018-08-31 23:00:00,Pablo Fornals,Pass
226653,45,BlockedShot,0.8080000305175781,0.46,0.041651900857686996,Gerard Moreno,a,2120,OpenPlay,2018,LeftFoot,10015,Athletic Club,Villarreal,0,3,2018-09-26 18:00:00,Carlos Bacca,Chipped
226660,57,BlockedShot,0.889000015258789,0.32799999237060545,0.052143801003694534,Gerard Moreno,a,2120,OpenPlay,2018,RightFoot,10015,Athletic Club,Villarreal,0,3,2018-09-26 18:00:00,Carlos Bacca,Pass
226664,70,SavedShot,0.88,0.345,0.0745266005396843,Gerard Moreno,a,2120,OpenPlay,2018,LeftFoot,10015,Athletic Club,Villarreal,0,3,2018-09-26 18:00:00,,None
228676,22,SavedShot,0.9219999694824219,0.28100000381469725,0.0368926003575325,Gerard Moreno,h,2120,OpenPlay,2018,LeftFoot,10026,Villarreal,Real Valladolid,0,1,2018-09-30 14:15:00,Santiago Cazorla,Pass
228684,36,ShotOnPost,0.9209999847412109,0.549000015258789,0.34500598907470703,Gerard Moreno,h,2120,OpenPlay,2018,LeftFoot,10026,Villarreal,Real Valladolid,0,1,2018-09-30 14:15:00,Manu Trigueros,Chipped
228689,44,SavedShot,0.915,0.6619999694824219,0.07799310237169266,Gerard Moreno,h,2120,OpenPlay,2018,LeftFoot,10026,Villarreal,Real Valladolid,0,1,2018-09-30 14:15:00,Carlos Bacca,Pass
228696,59,MissedShots,0.9719999694824218,0.42700000762939455,0.3061780035495758,Gerard Moreno,h,2120,OpenPlay,2018,Head,10026,Villarreal,Real Valladolid,0,1,2018-09-30 14:15:00,Jaume Costa,Aerial
228697,61,SavedShot,0.9030000305175782,0.47,0.07391390204429626,Gerard Moreno,h,2120,FromCorner,2018,Head,10026,Villarreal,Real Valladolid,0,1,2018-09-30 14:15:00,Miguel Layún,Cross
228700,70,BlockedShot,0.9030000305175782,0.4,0.02103080041706562,Gerard Moreno,h,2120,OpenPlay,2018,Head,10026,Villarreal,Real Valladolid,0,1,2018-09-30 14:15:00,Pablo Fornals,Aerial
228704,73,MissedShots,0.925,0.4570000076293945,0.3251509964466095,Gerard Moreno,h,2120,OpenPlay,2018,Head,10026,Villarreal,Real Valladolid,0,1,2018-09-30 14:15:00,Víctor Ruiz,Cross
228707,82,SavedShot,0.885,0.5,0.7432780265808105,Gerard Moreno,h,2120,Penalty,2018,LeftFoot,10026,Villarreal,Real Valladolid,0,1,2018-09-30 14:15:00,,Standard
228709,85,MissedShots,0.915,0.5359999847412109,0.12468700110912323,Gerard Moreno,h,2120,SetPiece,2018,Head,10026,Villarreal,Real Valladolid,0,1,2018-09-30 14:15:00,Miguel Layún,Cross
258141,81,SavedShot,0.88,0.54,0.5800589919090271,Gerard Moreno,a,2120,OpenPlay,2018,LeftFoot,10033,Espanyol,Villarreal,3,1,2018-10-07 16:30:00,Pablo Fornals,Throughball
258270,40,BlockedShot,0.7930000305175782,0.31,0.034695301204919815,Gerard Moreno,h,2120,OpenPlay,2018,LeftFoot,10042,Villarreal,Atletico Madrid,1,1,2018-10-20 16:30:00,,TakeOn
258273,57,SavedShot,0.8969999694824219,0.585,0.4166730046272278,Gerard Moreno,h,2120,OpenPlay,2018,LeftFoot,10042,Villarreal,Atletico Madrid,1,1,2018-10-20 16:30:00,Pablo Fornals,Throughball
258280,73,SavedShot,0.8880000305175781,0.3820000076293945,0.3192079961299896,Gerard Moreno,h,2120,OpenPlay,2018,LeftFoot,10042,Villarreal,Atletico Madrid,1,1,2018-10-20 16:30:00,Manu Trigueros,Pass
258282,74,MissedShots,0.8230000305175781,0.34700000762939454,0.03744979947805405,Gerard Moreno,h,2120,OpenPlay,2018,RightFoot,10042,Villarreal,Atletico Madrid,1,1,2018-10-20 16:30:00,Carlos Bacca,Pass
258284,79,MissedShots,0.8969999694824219,0.580999984741211,0.11531499773263931,Gerard Moreno,h,2120,OpenPlay,2018,LeftFoot,10042,Villarreal,Atletico Madrid,1,1,2018-10-20 16:30:00,Santiago Cazorla,Pass
258285,87,SavedShot,0.935,0.4370000076293945,0.07047460228204727,Gerard Moreno,h,2120,OpenPlay,2018,Head,10042,Villarreal,Atletico Madrid,1,1,2018-10-20 16:30:00,Manu Trigueros,Aerial
258670,9,Goal,0.9619999694824218,0.4909999847412109,0.6390929818153381,Gerard Moreno,a,2120,OpenPlay,2018,LeftFoot,10055,Alaves,Villarreal,2,1,2018-10-28 16:30:00,,None
258681,67,MissedShots,0.909000015258789,0.3270000076293945,0.049398601055145264,Gerard Moreno,a,2120,FromCorner,2018,LeftFoot,10055,Alaves,Villarreal,2,1,2018-10-28 16:30:00,,None
258693,90,MissedShots,0.9590000152587891,0.40400001525878904,0.06835220009088516,Gerard Moreno,a,2120,OpenPlay,2018,OtherBodyPart,10055,Alaves,Villarreal,2,1,2018-10-28 16:30:00,Mario,Cross
259157,31,SavedShot,0.895,0.3340000152587891,0.06062750145792961,Gerard Moreno,a,2120,OpenPlay,2018,RightFoot,10070,Rayo Vallecano,Villarreal,2,2,2018-11-11 17:30:00,Samuel Chukwueze,BallRecovery
259460,50,BlockedShot,0.8480000305175781,0.6819999694824219,0.045590199530124664,Gerard Moreno,h,2120,OpenPlay,2018,LeftFoot,10079,Villarreal,Real Betis,2,1,2018-11-25 19:45:00,Santiago Cáseres,BallRecovery
259462,51,Goal,0.9169999694824219,0.5109999847412109,0.3229359984397888,Gerard Moreno,h,2120,FromCorner,2018,Head,10079,Villarreal,Real Betis,2,1,2018-11-25 19:45:00,Santiago Cazorla,Cross
259467,67,BlockedShot,0.9319999694824219,0.4520000076293945,0.05552459880709648,Gerard Moreno,h,2120,FromCorner,2018,Head,10079,Villarreal,Real Betis,2,1,2018-11-25 19:45:00,Santiago Cazorla,Aerial
259658,12,ShotOnPost,0.9309999847412109,0.4520000076293945,0.4174160063266754,Gerard Moreno,a,2120,OpenPlay,2018,LeftFoot,10095,Barcelona,Villarreal,2,0,2018-12-02 17:30:00,Álvaro González,TakeOn
259668,41,BlockedShot,0.8719999694824219,0.355,0.06290540099143982,Gerard Moreno,a,2120,OpenPlay,2018,LeftFoot,10095,Barcelona,Villarreal,2,0,2018-12-02 17:30:00,Mario,Pass
259814,24,SavedShot,0.9219999694824219,0.48400001525878905,0.07902749627828598,Gerard Moreno,h,2120,OpenPlay,2018,Head,10099,Villarreal,Celta Vigo,2,3,2018-12-08 17:30:00,Pablo Fornals,Aerial
259819,42,MissedShots,0.8180000305175781,0.41900001525878905,0.049700599163770676,Gerard Moreno,h,2120,OpenPlay,2018,LeftFoot,10099,Villarreal,Celta Vigo,2,3,2018-12-08 17:30:00,Pablo Fornals,Pass
259834,91,ShotOnPost,0.91,0.4540000152587891,0.4700219929218292,Gerard Moreno,h,2120,OpenPlay,2018,RightFoot,10099,Villarreal,Celta Vigo,2,3,2018-12-08 17:30:00,Mario,Pass
260176,16,BlockedShot,0.8630000305175781,0.5070000076293946,0.10858400166034698,Gerard Moreno,a,2120,OpenPlay,2018,LeftFoot,10112,SD Huesca,Villarreal,2,2,2018-12-16 17:30:00,Carlos Bacca,Pass
260196,59,SavedShot,0.775,0.36700000762939455,0.026121100410819054,Gerard Moreno,a,2120,OpenPlay,2018,LeftFoot,10112,SD Huesca,Villarreal,2,2,2018-12-16 17:30:00,Samuel Chukwueze,Pass
260202,74,BlockedShot,0.855999984741211,0.6619999694824219,0.08740880340337753,Gerard Moreno,a,2120,OpenPlay,2018,LeftFoot,10112,SD Huesca,Villarreal,2,2,2018-12-16 17:30:00,Ramiro Funes Mori,TakeOn
260204,80,Goal,0.9319999694824219,0.4620000076293945,0.40228399634361267,Gerard Moreno,a,2120,OpenPlay,2018,LeftFoot,10112,SD Huesca,Villarreal,2,2,2018-12-16 17:30:00,Alfonso,Cross
279789,21,SavedShot,0.8690000152587891,0.5220000076293946,0.012153400108218193,Gerard Moreno,h,2120,SetPiece,2018,Head,10126,Villarreal,Real Madrid,2,2,2019-01-03 20:30:00,Santiago Cazorla,Aerial
279799,63,MissedShots,0.745999984741211,0.54,0.01826390065252781,Gerard Moreno,h,2120,OpenPlay,2018,LeftFoot,10126,Villarreal,Real Madrid,2,2,2019-01-03 20:30:00,,None
279941,51,SavedShot,0.9569999694824218,0.47,0.5894259810447693,Gerard Moreno,a,2120,OpenPlay,2018,RightFoot,10135,Eibar,Villarreal,0,0,2019-01-06 11:00:00,Santiago Cazorla,LayOff
280166,10,SavedShot,0.875,0.565,0.07383400201797485,Gerard Moreno,h,2120,OpenPlay,2018,LeftFoot,10137,Villarreal,Getafe,1,2,2019-01-12 19:45:00,Pablo Fornals,Chipped
280179,56,SavedShot,0.8730000305175781,0.5070000076293946,0.40189799666404724,Gerard Moreno,h,2120,OpenPlay,2018,LeftFoot,10137,Villarreal,Getafe,1,2,2019-01-12 19:45:00,Pablo Fornals,TakeOn
280181,62,MissedShots,0.9430000305175781,0.42700000762939455,0.11244600266218185,Gerard Moreno,h,2120,FromCorner,2018,RightFoot,10137,Villarreal,Getafe,1,2,2019-01-12 19:45:00,Vicente Iborra,HeadPass
280442,48,BlockedShot,0.7809999847412109,0.6270000076293946,0.02494790032505989,Gerard Moreno,h,2120,OpenPlay,2018,LeftFoot,10152,Villarreal,Athletic Club,1,1,2019-01-20 15:15:00,,None
280443,49,MissedShots,0.904000015258789,0.45099998474121095,0.19093100726604462,Gerard Moreno,h,2120,OpenPlay,2018,Head,10152,Villarreal,Athletic Club,1,1,2019-01-20 15:15:00,Álvaro González,Aerial
280911,11,MissedShots,0.9019999694824219,0.5770000076293945,0.07466589659452438,Gerard Moreno,h,2120,FromCorner,2018,LeftFoot,10169,Villarreal,Espanyol,2,2,2019-02-03 11:00:00,Karl Toko Ekambi,Pass
280914,30,BlockedShot,0.9280000305175782,0.5579999923706055,0.1378449946641922,Gerard Moreno,h,2120,OpenPlay,2018,LeftFoot,10169,Villarreal,Espanyol,2,2,2019-02-03 11:00:00,Karl Toko Ekambi,Pass
280916,34,SavedShot,0.7859999847412109,0.3970000076293945,0.05058789998292923,Gerard Moreno,h,2120,OpenPlay,2018,LeftFoot,10169,Villarreal,Espanyol,2,2,2019-02-03 11:00:00,Karl Toko Ekambi,TakeOn
280917,36,SavedShot,0.935,0.5129999923706055,0.5059379935264587,Gerard Moreno,h,2120,SetPiece,2018,Head,10169,Villarreal,Espanyol,2,2,2019-02-03 11:00:00,Santiago Cazorla,Cross
280919,42,MissedShots,0.899000015258789,0.4909999847412109,0.47165200114250183,Gerard Moreno,h,2120,OpenPlay,2018,LeftFoot,10169,Villarreal,Espanyol,2,2,2019-02-03 11:00:00,Alfonso,Pass
281049,35,MissedShots,0.9119999694824219,0.53,0.10029599815607071,Gerard Moreno,a,2120,OpenPlay,2018,LeftFoot,10181,Real Valladolid,Villarreal,0,0,2019-02-08 20:00:00,Karl Toko Ekambi,Cross
281712,78,BlockedShot,0.8780000305175781,0.395,0.07150120288133621,Gerard Moreno,a,2120,OpenPlay,2018,RightFoot,10204,Atletico Madrid,Villarreal,2,0,2019-02-24 15:15:00,Álvaro González,Pass
281717,92,SavedShot,0.8490000152587891,0.33599998474121096,0.04451090097427368,Gerard Moreno,a,2120,FromCorner,2018,LeftFoot,10204,Atletico Madrid,Villarreal,2,0,2019-02-24 15:15:00,Víctor Ruiz,Pass
281872,79,BlockedShot,0.8590000152587891,0.475,0.06585399806499481,Gerard Moreno,h,2120,OpenPlay,2018,LeftFoot,10211,Villarreal,Alaves,1,2,2019-03-02 15:15:00,,None
285342,12,SavedShot,0.9230000305175782,0.5429999923706055,0.10311099886894226,Gerard Moreno,a,2120,OpenPlay,2018,LeftFoot,10220,Levante,Villarreal,0,2,2019-03-10 17:30:00,Alfonso,Cross
285347,33,BlockedShot,0.8040000152587891,0.5,0.05618640035390854,Gerard Moreno,a,2120,OpenPlay,2018,LeftFoot,10220,Levante,Villarreal,0,2,2019-03-10 17:30:00,Karl Toko Ekambi,Pass
285348,39,SavedShot,0.8109999847412109,0.4420000076293945,0.04777580127120018,Gerard Moreno,a,2120,OpenPlay,2018,LeftFoot,10220,Levante,Villarreal,0,2,2019-03-10 17:30:00,Alfonso,Pass
285350,50,BlockedShot,0.9209999847412109,0.6140000152587891,0.014866800047457218,Gerard Moreno,a,2120,FromCorner,2018,Head,10220,Levante,Villarreal,0,2,2019-03-10 17:30:00,Santiago Cazorla,Aerial
287004,75,BlockedShot,0.8719999694824219,0.525,0.11968100070953369,Gerard Moreno,h,2120,OpenPlay,2018,LeftFoot,10236,Villarreal,Rayo Vallecano,3,1,2019-03-17 17:30:00,,Rebound
287007,87,Goal,0.8590000152587891,0.395,0.5036739706993103,Gerard Moreno,h,2120,OpenPlay,2018,LeftFoot,10236,Villarreal,Rayo Vallecano,3,1,2019-03-17 17:30:00,Manuel Morlanes,Throughball
297082,84,Goal,0.9280000305175782,0.47900001525878905,0.3817169964313507,Gerard Moreno,a,2120,FromCorner,2018,Head,10293,Real Sociedad,Villarreal,0,1,2019-04-25 19:30:00,Santiago Cazorla,Cross
298333,58,SavedShot,0.7480000305175781,0.3340000152587891,0.01936580054461956,Gerard Moreno,h,2120,OpenPlay,2018,LeftFoot,10306,Villarreal,SD Huesca,1,1,2019-04-28 17:30:00,,None
300046,9,MissedShots,0.8830000305175781,0.5629999923706055,0.04937789961695671,Gerard Moreno,a,2120,FromCorner,2018,LeftFoot,10312,Real Madrid,Villarreal,3,2,2019-05-05 15:15:00,Santiago Cazorla,Cross
300047,10,Goal,0.8219999694824218,0.44099998474121094,0.05103420093655586,Gerard Moreno,a,2120,OpenPlay,2018,LeftFoot,10312,Real Madrid,Villarreal,3,2,2019-05-05 15:15:00,Álvaro González,BallRecovery
300062,47,SavedShot,0.750999984741211,0.3509999847412109,0.02076059952378273,Gerard Moreno,a,2120,OpenPlay,2018,LeftFoot,10312,Real Madrid,Villarreal,3,2,2019-05-05 15:15:00,Andrés Fernández,Chipped
300075,80,SavedShot,0.8440000152587891,0.3029999923706055,0.0627347007393837,Gerard Moreno,a,2120,OpenPlay,2018,LeftFoot,10312,Real Madrid,Villarreal,3,2,2019-05-05 15:15:00,Álvaro González,Pass
301619,54,MissedShots,0.8290000152587891,0.4620000076293945,0.059945400804281235,Gerard Moreno,h,2120,OpenPlay,2018,LeftFoot,10319,Villarreal,Eibar,1,0,2019-05-12 17:30:00,,None
302519,86,Goal,0.9819999694824219,0.44299999237060544,0.1420149952173233,Gerard Moreno,a,2120,OpenPlay,2018,RightFoot,10333,Getafe,Villarreal,2,2,2019-05-18 14:15:00,,Rebound
311021,64,Goal,0.8859999847412109,0.595999984741211,0.10099399834871292,Gerard Moreno,h,2120,OpenPlay,2019,LeftFoot,12028,Villarreal,Granada,4,4,2019-08-17 20:00:00,Moi Gómez,Pass
312234,2,Goal,0.96,0.48,0.6838880181312561,Gerard Moreno,a,2120,OpenPlay,2019,RightFoot,12041,Levante,Villarreal,2,1,2019-08-23 21:00:00,Karl Toko Ekambi,Pass
312242,24,MissedShots,0.8619999694824219,0.73,0.04379560053348541,Gerard Moreno,a,2120,OpenPlay,2019,RightFoot,12041,Levante,Villarreal,2,1,2019-08-23 21:00:00,Alberto Moreno,Pass
312248,29,SavedShot,0.9380000305175781,0.435,0.11981000006198883,Gerard Moreno,a,2120,OpenPlay,2019,LeftFoot,12041,Levante,Villarreal,2,1,2019-08-23 21:00:00,Mario,Cross
312257,56,MissedShots,0.9219999694824219,0.49900001525878906,0.09248880296945572,Gerard Moreno,a,2120,OpenPlay,2019,Head,12041,Levante,Villarreal,2,1,2019-08-23 21:00:00,Moi Gómez,Chipped
312270,89,MissedShots,0.9169999694824219,0.49700000762939456,0.49488499760627747,Gerard Moreno,a,2120,OpenPlay,2019,RightFoot,12041,Levante,Villarreal,2,1,2019-08-23 21:00:00,Samuel Chukwueze,Pass
316649,9,MissedShots,0.899000015258789,0.7190000152587891,0.036846600472927094,Gerard Moreno,h,2120,OpenPlay,2019,LeftFoot,12052,Villarreal,Real Madrid,2,2,2019-09-01 20:00:00,Xavier Quintillá,Pass
316651,11,Goal,0.915,0.5829999923706055,0.44147899746894836,Gerard Moreno,h,2120,OpenPlay,2019,LeftFoot,12052,Villarreal,Real Madrid,2,2,2019-09-01 20:00:00,,None
316653,23,BlockedShot,0.9069999694824219,0.5729999923706055,0.13337799906730652,Gerard Moreno,h,2120,OpenPlay,2019,RightFoot,12052,Villarreal,Real Madrid,2,2,2019-09-01 20:00:00,Santiago Cazorla,Pass
316659,40,SavedShot,0.8569999694824219,0.3340000152587891,0.08370880037546158,Gerard Moreno,h,2120,OpenPlay,2019,LeftFoot,12052,Villarreal,Real Madrid,2,2,2019-09-01 20:00:00,Samuel Chukwueze,Pass
316669,73,SavedShot,0.8519999694824218,0.46,0.07734750211238861,Gerard Moreno,h,2120,OpenPlay,2019,LeftFoot,12052,Villarreal,Real Madrid,2,2,2019-09-01 20:00:00,,Rebound
317385,25,Goal,0.879000015258789,0.41900001525878905,0.3003779947757721,Gerard Moreno,a,2120,OpenPlay,2019,LeftFoot,12058,Leganes,Villarreal,0,3,2019-09-14 14:00:00,Santiago Cazorla,Chipped
317396,92,Goal,0.845999984741211,0.4929999923706055,0.11819600313901901,Gerard Moreno,a,2120,OpenPlay,2019,LeftFoot,12058,Leganes,Villarreal,0,3,2019-09-14 14:00:00,Karl Toko Ekambi,Pass
320174,11,SavedShot,0.9230000305175782,0.40900001525878904,0.09049929678440094,Gerard Moreno,h,2120,OpenPlay,2019,Head,12070,Villarreal,Real Valladolid,2,0,2019-09-21 11:00:00,Rubén Peña,Cross
320181,48,BlockedShot,0.7240000152587891,0.5779999923706055,0.015511100180447102,Gerard Moreno,h,2120,OpenPlay,2019,LeftFoot,12070,Villarreal,Real Valladolid,2,0,2019-09-21 11:00:00,Franck Zambo,BallRecovery
321620,24,BlockedShot,0.754000015258789,0.590999984741211,0.021914200857281685,Gerard Moreno,a,2120,OpenPlay,2019,LeftFoot,12073,Barcelona,Villarreal,2,1,2019-09-24 19:00:00,Santiago Cazorla,Pass
322282,10,MissedShots,0.9469999694824218,0.46599998474121096,0.08048280328512192,Gerard Moreno,h,2120,FromCorner,2019,Head,12092,Villarreal,Real Betis,5,1,2019-09-27 19:00:00,Santiago Cazorla,Aerial
322286,37,BlockedShot,0.925,0.5129999923706055,0.07539310306310654,Gerard Moreno,h,2120,OpenPlay,2019,LeftFoot,12092,Villarreal,Real Betis,5,1,2019-09-27 19:00:00,Rubén Peña,Aerial
322294,59,BlockedShot,0.8519999694824218,0.52,0.04458719864487648,Gerard Moreno,h,2120,OpenPlay,2019,LeftFoot,12092,Villarreal,Real Betis,5,1,2019-09-27 19:00:00,Karl Toko Ekambi,Cross
322297,61,MissedShots,0.845,0.5790000152587891,0.06357579678297043,Gerard Moreno,h,2120,OpenPlay,2019,LeftFoot,12092,Villarreal,Real Betis,5,1,2019-09-27 19:00:00,,Rebound
322304,91,Goal,0.915,0.37400001525878906,0.3069770038127899,Gerard Moreno,h,2120,OpenPlay,2019,LeftFoot,12092,Villarreal,Real Betis,5,1,2019-09-27 19:00:00,Manu Trigueros,BallRecovery
324474,4,SavedShot,0.935,0.4929999923706055,0.07727059721946716,Gerard Moreno,a,2120,SetPiece,2019,Head,12098,Osasuna,Villarreal,2,1,2019-10-05 20:00:00,Santiago Cazorla,Aerial
324495,68,MissedShots,0.8690000152587891,0.645,0.06305799633264542,Gerard Moreno,a,2120,OpenPlay,2019,LeftFoot,12098,Osasuna,Villarreal,2,1,2019-10-05 20:00:00,Javi Ontiveros,Pass
324503,87,MissedShots,0.8909999847412109,0.545,0.21010999381542206,Gerard Moreno,a,2120,OpenPlay,2019,Head,12098,Osasuna,Villarreal,2,1,2019-10-05 20:00:00,Samuel Chukwueze,Cross
326414,90,MissedShots,0.9280000305175782,0.7330000305175781,0.058646999299526215,Gerard Moreno,a,2120,OpenPlay,2019,LeftFoot,12107,Espanyol,Villarreal,0,1,2019-10-20 15:00:00,,None
326871,31,MissedShots,0.775,0.4809999847412109,0.05011430010199547,Gerard Moreno,h,2120,OpenPlay,2019,LeftFoot,12121,Villarreal,Alaves,4,1,2019-10-25 20:00:00,Santiago Cazorla,BallRecovery
326878,52,MissedShots,0.8830000305175781,0.35400001525878905,0.10379300266504288,Gerard Moreno,h,2120,OpenPlay,2019,RightFoot,12121,Villarreal,Alaves,4,1,2019-10-25 20:00:00,Vicente Iborra,Chipped
326887,73,BlockedShot,0.745999984741211,0.43599998474121093,0.03832700103521347,Gerard Moreno,h,2120,OpenPlay,2019,LeftFoot,12121,Villarreal,Alaves,4,1,2019-10-25 20:00:00,Samuel Chukwueze,LayOff
326888,76,SavedShot,0.8680000305175781,0.4129999923706055,0.08426559716463089,Gerard Moreno,h,2120,OpenPlay,2019,RightFoot,12121,Villarreal,Alaves,4,1,2019-10-25 20:00:00,Santiago Cazorla,Chipped
326889,83,Goal,0.9219999694824219,0.475,0.6462100148200989,Gerard Moreno,h,2120,OpenPlay,2019,RightFoot,12121,Villarreal,Alaves,4,1,2019-10-25 20:00:00,Santiago Cazorla,Pass
328697,73,BlockedShot,0.779000015258789,0.24600000381469728,0.018922200426459312,Gerard Moreno,a,2120,OpenPlay,2019,LeftFoot,12127,Eibar,Villarreal,2,1,2019-10-31 18:00:00,Raúl Albiol,Pass
328705,87,Goal,0.9,0.5479999923706055,0.5368639826774597,Gerard Moreno,a,2120,OpenPlay,2019,LeftFoot,12127,Eibar,Villarreal,2,1,2019-10-31 18:00:00,Pau Torres,TakeOn
328710,93,BlockedShot,0.7030000305175781,0.30100000381469727,0.011073900386691093,Gerard Moreno,a,2120,OpenPlay,2019,LeftFoot,12127,Eibar,Villarreal,2,1,2019-10-31 18:00:00,,BallRecovery
329705,58,SavedShot,0.9319999694824219,0.45099998474121095,0.32645899057388306,Gerard Moreno,h,2120,FromCorner,2019,RightFoot,12141,Villarreal,Athletic Club,0,0,2019-11-03 13:00:00,Raúl Albiol,Chipped
331106,6,MissedShots,0.884000015258789,0.4779999923706055,0.07294300198554993,Gerard Moreno,a,2120,OpenPlay,2019,Head,12150,Mallorca,Villarreal,3,1,2019-11-10 11:00:00,Rubén Peña,Cross
331118,46,BlockedShot,0.9330000305175781,0.445,0.10130900144577026,Gerard Moreno,a,2120,FromCorner,2019,RightFoot,12150,Mallorca,Villarreal,3,1,2019-11-10 11:00:00,Moi Gómez,None
331132,94,BlockedShot,0.8190000152587891,0.534000015258789,0.04703180119395256,Gerard Moreno,a,2120,SetPiece,2019,LeftFoot,12150,Mallorca,Villarreal,3,1,2019-11-10 11:00:00,,None
333117,11,BlockedShot,0.8419999694824218,0.5709999847412109,0.08143720030784607,Gerard Moreno,h,2120,OpenPlay,2019,LeftFoot,12161,Villarreal,Celta Vigo,1,3,2019-11-24 17:30:00,Samuel Chukwueze,Pass
333119,17,MissedShots,0.9269999694824219,0.49700000762939456,0.12210199981927872,Gerard Moreno,h,2120,FromCorner,2019,Head,12161,Villarreal,Celta Vigo,1,3,2019-11-24 17:30:00,Santiago Cazorla,Cross
333120,23,MissedShots,0.785,0.63,0.030332500115036964,Gerard Moreno,h,2120,OpenPlay,2019,LeftFoot,12161,Villarreal,Celta Vigo,1,3,2019-11-24 17:30:00,Karl Toko Ekambi,BallRecovery
333130,61,ShotOnPost,0.970999984741211,0.6229999923706054,0.07291629910469055,Gerard Moreno,h,2120,OpenPlay,2019,LeftFoot,12161,Villarreal,Celta Vigo,1,3,2019-11-24 17:30:00,Moi Gómez,None
333134,70,MissedShots,0.8469999694824218,0.5429999923706055,0.08660680055618286,Gerard Moreno,h,2120,OpenPlay,2019,LeftFoot,12161,Villarreal,Celta Vigo,1,3,2019-11-24 17:30:00,Karl Toko Ekambi,Pass
333135,72,MissedShots,0.8819999694824219,0.46,0.06002600118517876,Gerard Moreno,h,2120,OpenPlay,2019,Head,12161,Villarreal,Celta Vigo,1,3,2019-11-24 17:30:00,Rubén Peña,Cross
333138,87,MissedShots,0.904000015258789,0.5459999847412109,0.06057969853281975,Gerard Moreno,h,2120,OpenPlay,2019,LeftFoot,12161,Villarreal,Celta Vigo,1,3,2019-11-24 17:30:00,,Aerial
334032,14,SavedShot,0.885,0.5,0.7432780265808105,Gerard Moreno,a,2120,Penalty,2019,LeftFoot,12172,Valencia,Villarreal,2,1,2019-11-30 20:00:00,,Standard
334036,19,BlockedShot,0.9619999694824218,0.6569999694824219,0.06436610221862793,Gerard Moreno,a,2120,OpenPlay,2019,LeftFoot,12172,Valencia,Villarreal,2,1,2019-11-30 20:00:00,,None
334064,93,BlockedShot,0.8980000305175782,0.524000015258789,0.10755900293588638,Gerard Moreno,a,2120,OpenPlay,2019,LeftFoot,12172,Valencia,Villarreal,2,1,2019-11-30 20:00:00,,Rebound
335372,9,MissedShots,0.9059999847412109,0.5929999923706055,0.05511150136590004,Gerard Moreno,h,2120,FromCorner,2019,Head,12181,Villarreal,Atletico Madrid,0,0,2019-12-06 20:00:00,Moi Gómez,Cross
335376,29,BlockedShot,0.9259999847412109,0.6659999847412109,0.010956499725580215,Gerard Moreno,h,2120,OpenPlay,2019,Head,12181,Villarreal,Atletico Madrid,0,0,2019-12-06 20:00:00,Manu Trigueros,Aerial
335396,68,MissedShots,0.76,0.6459999847412109,0.02401850000023842,Gerard Moreno,h,2120,OpenPlay,2019,LeftFoot,12181,Villarreal,Atletico Madrid,0,0,2019-12-06 20:00:00,Pau Torres,Pass
337794,7,MissedShots,0.795,0.6329999923706054,0.027868300676345825,Gerard Moreno,a,2120,OpenPlay,2019,LeftFoot,12191,Sevilla,Villarreal,1,2,2019-12-15 17:30:00,Pau Torres,TakeOn
337808,55,SavedShot,0.914000015258789,0.3120000076293945,0.2692430019378662,Gerard Moreno,a,2120,OpenPlay,2019,LeftFoot,12191,Sevilla,Villarreal,1,2,2019-12-15 17:30:00,Samuel Chukwueze,Pass
338772,24,ShotOnPost,0.9690000152587891,0.485,0.6625530123710632,Gerard Moreno,h,2120,OpenPlay,2019,Head,12201,Villarreal,Getafe,1,0,2019-12-21 17:30:00,Moi Gómez,Cross
338775,32,SavedShot,0.9780000305175781,0.6669999694824219,0.0499889999628067,Gerard Moreno,h,2120,OpenPlay,2019,LeftFoot,12201,Villarreal,Getafe,1,0,2019-12-21 17:30:00,Manu Trigueros,Pass
353789,9,MissedShots,0.9,0.45,0.0411854013800621,Gerard Moreno,a,2120,FromCorner,2019,Head,12209,Real Sociedad,Villarreal,1,2,2020-01-05 13:00:00,Samuel Chukwueze,Chipped
357362,34,MissedShots,0.9219999694824219,0.48900001525878906,0.31812500953674316,Gerard Moreno,h,2120,OpenPlay,2019,OtherBodyPart,12241,Villarreal,Osasuna,3,1,2020-02-02 17:30:00,Rubén Peña,Cross
358116,7,SavedShot,0.8440000152587891,0.649000015258789,0.048984598368406296,Gerard Moreno,a,2120,OpenPlay,2019,RightFoot,12248,Real Valladolid,Villarreal,1,1,2020-02-08 17:30:00,,None
358123,53,Goal,0.9719999694824218,0.54,0.6190090179443359,Gerard Moreno,a,2120,FromCorner,2019,LeftFoot,12248,Real Valladolid,Villarreal,1,1,2020-02-08 17:30:00,Vicente Iborra,None
359051,8,Goal,0.8669999694824219,0.35400001525878905,0.0645110011100769,Gerard Moreno,h,2120,OpenPlay,2019,LeftFoot,12262,Villarreal,Levante,2,1,2020-02-15 17:30:00,Paco Alcácer,BallTouch
359058,36,MissedShots,0.9219999694824219,0.46599998474121096,0.0877946987748146,Gerard Moreno,h,2120,OpenPlay,2019,Head,12262,Villarreal,Levante,2,1,2020-02-15 17:30:00,Rubén Peña,Aerial
359072,82,BlockedShot,0.8669999694824219,0.6669999694824219,0.03613920137286186,Gerard Moreno,h,2120,FromCorner,2019,LeftFoot,12262,Villarreal,Levante,2,1,2020-02-15 17:30:00,Ramiro Funes Mori,HeadPass
360432,62,MissedShots,0.9159999847412109,0.4640000152587891,0.06195719912648201,Gerard Moreno,a,2120,OpenPlay,2019,Head,12264,Atletico Madrid,Villarreal,3,1,2020-02-23 20:00:00,Rubén Peña,Aerial
361242,11,SavedShot,0.879000015258789,0.46799999237060547,0.3875339925289154,Gerard Moreno,a,2120,OpenPlay,2019,LeftFoot,12273,Athletic Club,Villarreal,1,0,2020-03-01 13:00:00,Paco Alcácer,Throughball
362332,4,Goal,0.9490000152587891,0.524000015258789,0.5699290037155151,Gerard Moreno,h,2120,OpenPlay,2019,Head,12288,Villarreal,Leganes,1,2,2020-03-08 17:30:00,Santiago Cazorla,Cross
362334,6,MissedShots,0.9569999694824218,0.67,0.11979299783706665,Gerard Moreno,h,2120,OpenPlay,2019,LeftFoot,12288,Villarreal,Leganes,1,2,2020-03-08 17:30:00,Santiago Cazorla,Throughball
362336,13,MissedShots,0.8619999694824219,0.5129999923706055,0.025060400366783142,Gerard Moreno,h,2120,FromCorner,2019,Head,12288,Villarreal,Leganes,1,2,2020-03-08 17:30:00,Santiago Cazorla,Cross
362339,17,MissedShots,0.8059999847412109,0.31,0.03869039937853813,Gerard Moreno,h,2120,OpenPlay,2019,LeftFoot,12288,Villarreal,Leganes,1,2,2020-03-08 17:30:00,,None
362348,40,MissedShots,0.924000015258789,0.4,0.3134390115737915,Gerard Moreno,h,2120,OpenPlay,2019,LeftFoot,12288,Villarreal,Leganes,1,2,2020-03-08 17:30:00,Moi Gómez,Cross
362349,44,SavedShot,0.825999984741211,0.5479999923706055,0.07993599772453308,Gerard Moreno,h,2120,OpenPlay,2019,LeftFoot,12288,Villarreal,Leganes,1,2,2020-03-08 17:30:00,Paco Alcácer,Pass
362357,84,SavedShot,0.8969999694824219,0.5420000076293945,0.24309000372886658,Gerard Moreno,h,2120,OpenPlay,2019,Head,12288,Villarreal,Leganes,1,2,2020-03-08 17:30:00,Javi Ontiveros,Cross
364283,14,MissedShots,0.870999984741211,0.6370000076293946,0.03627629950642586,Gerard Moreno,a,2120,OpenPlay,2019,LeftFoot,12295,Celta Vigo,Villarreal,0,1,2020-06-13 15:00:00,Alberto Moreno,Cross
364292,34,MissedShots,0.91,0.5970000076293945,0.30208200216293335,Gerard Moreno,a,2120,OpenPlay,2019,LeftFoot,12295,Celta Vigo,Villarreal,0,1,2020-06-13 15:00:00,Paco Alcácer,Chipped
364572,66,SavedShot,0.9159999847412109,0.7569999694824219,0.037852298468351364,Gerard Moreno,h,2120,OpenPlay,2019,LeftFoot,12309,Villarreal,Mallorca,1,0,2020-06-16 17:30:00,Alberto Moreno,Pass
364580,88,BlockedShot,0.825999984741211,0.3609999847412109,0.06810010224580765,Gerard Moreno,h,2120,OpenPlay,2019,LeftFoot,12309,Villarreal,Mallorca,1,0,2020-06-16 17:30:00,Samuel Chukwueze,Pass
365056,10,Goal,0.8969999694824219,0.33,0.10812699794769287,Gerard Moreno,a,2120,OpenPlay,2019,LeftFoot,12318,Granada,Villarreal,0,1,2020-06-19 17:30:00,Rubén Peña,Throughball
365987,29,SavedShot,0.8769999694824219,0.715,0.10676400363445282,Gerard Moreno,h,2120,OpenPlay,2019,LeftFoot,12331,Villarreal,Sevilla,2,2,2020-06-22 20:00:00,Paco Alcácer,Chipped
367363,20,ShotOnPost,0.894000015258789,0.6079999923706054,0.02559730038046837,Gerard Moreno,h,2120,FromCorner,2019,Head,12342,Villarreal,Valencia,2,0,2020-06-28 16:30:00,Santiago Cazorla,Cross
367370,43,Goal,0.8580000305175781,0.44799999237060545,0.36508598923683167,Gerard Moreno,h,2120,OpenPlay,2019,LeftFoot,12342,Villarreal,Valencia,2,0,2020-06-28 16:30:00,Santiago Cazorla,Pass
367373,49,MissedShots,0.879000015258789,0.5459999847412109,0.056497398763895035,Gerard Moreno,h,2120,SetPiece,2019,Head,12342,Villarreal,Valencia,2,0,2020-06-28 16:30:00,Santiago Cazorla,Cross
368280,6,Goal,0.885,0.5,0.7432780265808105,Gerard Moreno,a,2120,Penalty,2019,LeftFoot,12345,Real Betis,Villarreal,0,2,2020-07-01 20:00:00,,Standard
368283,29,Goal,0.8530000305175781,0.5070000076293946,0.122250996530056,Gerard Moreno,a,2120,OpenPlay,2019,RightFoot,12345,Real Betis,Villarreal,0,2,2020-07-01 20:00:00,Carlos Bacca,TakeOn
368285,37,BlockedShot,0.8969999694824219,0.4229999923706055,0.4784570038318634,Gerard Moreno,a,2120,OpenPlay,2019,LeftFoot,12345,Real Betis,Villarreal,0,2,2020-07-01 20:00:00,Alberto Moreno,Pass
369282,13,Goal,0.925,0.485,0.6426709890365601,Gerard Moreno,h,2120,OpenPlay,2019,RightFoot,12361,Villarreal,Barcelona,1,4,2020-07-05 20:00:00,,Rebound
369864,52,MissedShots,0.9309999847412109,0.5179999923706055,0.0740266963839531,Gerard Moreno,a,2120,SetPiece,2019,Head,12370,Getafe,Villarreal,1,3,2020-07-08 18:30:00,Santiago Cazorla,Aerial
372573,24,MissedShots,0.9469999694824218,0.32599998474121095,0.06935639679431915,Gerard Moreno,h,2120,OpenPlay,2019,RightFoot,12401,Villarreal,Eibar,4,0,2020-07-19 19:00:00,Vicente Iborra,Pass
372576,33,BlockedShot,0.9130000305175782,0.6930000305175781,0.09670980274677277,Gerard Moreno,h,2120,OpenPlay,2019,LeftFoot,12401,Villarreal,Eibar,4,0,2020-07-19 19:00:00,Santiago Cazorla,Chipped
372581,57,BlockedShot,0.8540000152587891,0.34200000762939453,0.043306201696395874,Gerard Moreno,h,2120,OpenPlay,2019,LeftFoot,12401,Villarreal,Eibar,4,0,2020-07-19 19:00:00,Santiago Cazorla,Pass
372587,85,Goal,0.93,0.5929999923706055,0.21245400607585907,Gerard Moreno,h,2120,OpenPlay,2019,LeftFoot,12401,Villarreal,Eibar,4,0,2020-07-19 19:00:00,Andrés Fernández,TakeOn
372588,88,Goal,0.889000015258789,0.6530000305175782,0.26321300864219666,Gerard Moreno,h,2120,OpenPlay,2019,LeftFoot,12401,Villarreal,Eibar,4,0,2020-07-19 19:00:00,Moi Gómez,Pass
376992,5,SavedShot,0.9590000152587891,0.345,0.08044219762086868,Gerard Moreno,h,2120,OpenPlay,2020,RightFoot,14143,Villarreal,SD Huesca,1,1,2020-09-13 16:30:00,Samuel Chukwueze,Pass
376993,8,MissedShots,0.92,0.46900001525878904,0.10586400330066681,Gerard Moreno,h,2120,FromCorner,2020,Head,14143,Villarreal,SD Huesca,1,1,2020-09-13 16:30:00,Moi Gómez,Cross
376995,21,SavedShot,0.909000015258789,0.5120000076293946,0.11200699955224991,Gerard Moreno,h,2120,SetPiece,2020,Head,14143,Villarreal,SD Huesca,1,1,2020-09-13 16:30:00,Moi Gómez,Cross
377001,50,MissedShots,0.7859999847412109,0.4929999923706055,0.03972189873456955,Gerard Moreno,h,2120,OpenPlay,2020,LeftFoot,14143,Villarreal,SD Huesca,1,1,2020-09-13 16:30:00,Samuel Chukwueze,Pass
377007,65,MissedShots,0.91,0.5720000076293945,0.027868900448083878,Gerard Moreno,h,2120,SetPiece,2020,Head,14143,Villarreal,SD Huesca,1,1,2020-09-13 16:30:00,Moi Gómez,Aerial
377008,67,Goal,0.885,0.5,0.7432780265808105,Gerard Moreno,h,2120,Penalty,2020,LeftFoot,14143,Villarreal,SD Huesca,1,1,2020-09-13 16:30:00,,Standard
377552,45,BlockedShot,0.8719999694824219,0.29100000381469726,0.3134700059890747,Gerard Moreno,h,2120,OpenPlay,2020,LeftFoot,14146,Villarreal,Eibar,2,1,2020-09-19 14:00:00,Samuel Chukwueze,Throughball
377557,55,SavedShot,0.9259999847412109,0.475,0.4011240005493164,Gerard Moreno,h,2120,OpenPlay,2020,Head,14146,Villarreal,Eibar,2,1,2020-09-19 14:00:00,Mario,Cross
377558,62,Goal,0.9319999694824219,0.355,0.08134949952363968,Gerard Moreno,h,2120,OpenPlay,2020,RightFoot,14146,Villarreal,Eibar,2,1,2020-09-19 14:00:00,Samuel Chukwueze,Pass
377563,78,SavedShot,0.9330000305175781,0.49900001525878906,0.2655639946460724,Gerard Moreno,h,2120,SetPiece,2020,Head,14146,Villarreal,Eibar,2,1,2020-09-19 14:00:00,Moi Gómez,Interception
377568,91,SavedShot,0.8619999694824219,0.4159999847412109,0.12755000591278076,Gerard Moreno,h,2120,OpenPlay,2020,LeftFoot,14146,Villarreal,Eibar,2,1,2020-09-19 14:00:00,Takefusa Kubo,Pass
379838,44,BlockedShot,0.8809999847412109,0.549000015258789,0.07908190041780472,Gerard Moreno,a,2120,OpenPlay,2020,LeftFoot,14156,Barcelona,Villarreal,4,0,2020-09-27 19:00:00,Francis Coquelin,BlockedPass
380108,45,Goal,0.885,0.5,0.7432780265808105,Gerard Moreno,h,2120,Penalty,2020,LeftFoot,14172,Villarreal,Alaves,3,1,2020-09-30 17:00:00,,Standard
380114,66,ShotOnPost,0.860999984741211,0.4129999923706055,0.3037329912185669,Gerard Moreno,h,2120,OpenPlay,2020,RightFoot,14172,Villarreal,Alaves,3,1,2020-09-30 17:00:00,Moi Gómez,Chipped
380626,52,MissedShots,0.914000015258789,0.37099998474121093,0.06790170073509216,Gerard Moreno,a,2120,OpenPlay,2020,RightFoot,14816,Atletico Madrid,Villarreal,0,0,2020-10-03 14:00:00,Moi Gómez,Chipped
380634,89,MissedShots,0.8540000152587891,0.3089999961853027,0.03668159991502762,Gerard Moreno,a,2120,OpenPlay,2020,LeftFoot,14816,Atletico Madrid,Villarreal,0,0,2020-10-03 14:00:00,Estupiñán,Chipped
385589,41,ShotOnPost,0.85,0.634000015258789,0.09101749956607819,Gerard Moreno,h,2120,OpenPlay,2020,LeftFoot,14854,Villarreal,Real Valladolid,2,0,2020-11-02 20:00:00,Samuel Chukwueze,Chipped
385593,60,MissedShots,0.8490000152587891,0.23100000381469726,0.026615699753165245,Gerard Moreno,h,2120,OpenPlay,2020,LeftFoot,14854,Villarreal,Real Valladolid,2,0,2020-11-02 20:00:00,Samuel Chukwueze,Pass
385598,79,MissedShots,0.855999984741211,0.35200000762939454,0.0737622007727623,Gerard Moreno,h,2120,OpenPlay,2020,LeftFoot,14854,Villarreal,Real Valladolid,2,0,2020-11-02 20:00:00,Mario,Pass
386401,1,BlockedShot,0.85,0.26399999618530273,0.02859090082347393,Gerard Moreno,a,2120,OpenPlay,2020,LeftFoot,14857,Getafe,Villarreal,1,3,2020-11-08 13:00:00,Mario,Pass
386411,61,Goal,0.9009999847412109,0.40900001525878904,0.39447999000549316,Gerard Moreno,a,2120,OpenPlay,2020,RightFoot,14857,Getafe,Villarreal,1,3,2020-11-08 13:00:00,Paco Alcácer,Pass
387383,56,MissedShots,0.925,0.3529999923706055,0.06859699636697769,Gerard Moreno,h,2120,OpenPlay,2020,RightFoot,14874,Villarreal,Real Madrid,1,1,2020-11-21 15:15:00,Manu Trigueros,Pass
387389,75,Goal,0.885,0.5,0.7432780265808105,Gerard Moreno,h,2120,Penalty,2020,LeftFoot,14874,Villarreal,Real Madrid,1,1,2020-11-21 15:15:00,,Standard
387391,81,BlockedShot,0.8430000305175781,0.5509999847412109,0.06851299852132797,Gerard Moreno,h,2120,OpenPlay,2020,LeftFoot,14874,Villarreal,Real Madrid,1,1,2020-11-21 15:15:00,Vicente Iborra,Foul
387392,82,BlockedShot,0.8830000305175781,0.6730000305175782,0.06035559996962547,Gerard Moreno,h,2120,OpenPlay,2020,LeftFoot,14874,Villarreal,Real Madrid,1,1,2020-11-21 15:15:00,Samuel Chukwueze,Pass
389732,5,Goal,0.885,0.5,0.743149995803833,Gerard Moreno,a,2120,Penalty,2020,LeftFoot,14881,Real Sociedad,Villarreal,1,1,2020-11-29 20:00:00,,Standard
389744,66,BlockedShot,0.9319999694824219,0.5629999923706055,0.045258600264787674,Gerard Moreno,a,2120,FromCorner,2020,Head,14881,Real Sociedad,Villarreal,1,1,2020-11-29 20:00:00,Daniel Parejo,Aerial
389745,71,BlockedShot,0.8580000305175781,0.6930000305175781,0.06062790006399155,Gerard Moreno,a,2120,OpenPlay,2020,LeftFoot,14881,Real Sociedad,Villarreal,1,1,2020-11-29 20:00:00,Estupiñán,Pass
389746,87,BlockedShot,0.775,0.6309999847412109,0.02260489948093891,Gerard Moreno,a,2120,SetPiece,2020,LeftFoot,14881,Real Sociedad,Villarreal,1,1,2020-11-29 20:00:00,Daniel Parejo,Pass
391001,5,MissedShots,0.7390000152587891,0.575999984741211,0.02182839997112751,Gerard Moreno,h,2120,OpenPlay,2020,LeftFoot,14890,Villarreal,Elche,0,0,2020-12-06 17:30:00,Daniel Parejo,Pass
391008,70,MissedShots,0.799000015258789,0.654000015258789,0.029493700712919235,Gerard Moreno,h,2120,OpenPlay,2020,LeftFoot,14890,Villarreal,Elche,0,0,2020-12-06 17:30:00,Estupiñán,Pass
391014,91,SavedShot,0.8480000305175781,0.4879999923706055,0.012476700358092785,Gerard Moreno,h,2120,OpenPlay,2020,Head,14890,Villarreal,Elche,0,0,2020-12-06 17:30:00,Takefusa Kubo,Aerial
392247,64,MissedShots,0.850999984741211,0.4570000076293945,0.029979800805449486,Gerard Moreno,a,2120,SetPiece,2020,Head,14899,Real Betis,Villarreal,1,1,2020-12-13 15:15:00,Daniel Parejo,Cross
392249,71,SavedShot,0.879000015258789,0.5279999923706055,0.015805700793862343,Gerard Moreno,a,2120,SetPiece,2020,Head,14899,Real Betis,Villarreal,1,1,2020-12-13 15:15:00,Daniel Parejo,Aerial
394132,6,Goal,0.914000015258789,0.605,0.4086749851703644,Gerard Moreno,a,2120,OpenPlay,2020,LeftFoot,14915,Osasuna,Villarreal,1,3,2020-12-19 17:30:00,Manu Trigueros,Throughball
394140,59,SavedShot,0.8980000305175782,0.645,0.11147499829530716,Gerard Moreno,a,2120,OpenPlay,2020,LeftFoot,14915,Osasuna,Villarreal,1,3,2020-12-19 17:30:00,Yeremi Pino,Pass
394149,85,Goal,0.92,0.44099998474121094,0.4893760085105896,Gerard Moreno,a,2120,OpenPlay,2020,RightFoot,14915,Osasuna,Villarreal,1,3,2020-12-19 17:30:00,,None
395066,25,MissedShots,0.925,0.5429999923706055,0.09605109691619873,Gerard Moreno,h,2120,OpenPlay,2020,LeftFoot,14923,Villarreal,Athletic Club,1,1,2020-12-22 21:00:00,Alfonso,Cross
395069,40,MissedShots,0.950999984741211,0.35200000762939454,0.04632759839296341,Gerard Moreno,h,2120,OpenPlay,2020,LeftFoot,14923,Villarreal,Athletic Club,1,1,2020-12-22 21:00:00,Rubén Peña,Cross
395075,49,SavedShot,0.7330000305175781,0.525,0.020739300176501274,Gerard Moreno,h,2120,OpenPlay,2020,LeftFoot,14923,Villarreal,Athletic Club,1,1,2020-12-22 21:00:00,Daniel Parejo,Pass
395079,58,SavedShot,0.960999984741211,0.675,0.04854150116443634,Gerard Moreno,h,2120,OpenPlay,2020,LeftFoot,14923,Villarreal,Athletic Club,1,1,2020-12-22 21:00:00,Fernando Niño,Pass
395941,3,MissedShots,0.835999984741211,0.34900001525878904,0.041649699211120605,Gerard Moreno,a,2120,OpenPlay,2020,LeftFoot,14935,Sevilla,Villarreal,2,0,2020-12-29 18:00:00,Moi Gómez,TakeOn
396317,53,Goal,0.8730000305175781,0.580999984741211,0.10940100252628326,Gerard Moreno,h,2120,OpenPlay,2020,RightFoot,14946,Villarreal,Levante,2,1,2021-01-02 13:00:00,Samuel Chukwueze,Pass
396318,55,BlockedShot,0.925,0.33599998474121096,0.03695319965481758,Gerard Moreno,h,2120,FromCorner,2020,LeftFoot,14946,Villarreal,Levante,2,1,2021-01-02 13:00:00,Daniel Parejo,Cross
396321,64,SavedShot,0.9269999694824219,0.5670000076293945,0.4991289973258972,Gerard Moreno,h,2120,OpenPlay,2020,LeftFoot,14946,Villarreal,Levante,2,1,2021-01-02 13:00:00,Daniel Parejo,Pass
396326,76,ShotOnPost,0.815,0.2720000076293945,0.029664000496268272,Gerard Moreno,h,2120,OpenPlay,2020,LeftFoot,14946,Villarreal,Levante,2,1,2021-01-02 13:00:00,Rubén Peña,Pass
397696,4,Goal,0.8719999694824219,0.5,0.40750399231910706,Gerard Moreno,a,2120,OpenPlay,2020,LeftFoot,14949,Celta Vigo,Villarreal,0,4,2021-01-08 20:00:00,Daniel Parejo,Throughball
397710,68,SavedShot,0.8730000305175781,0.6419999694824219,0.08258780092000961,Gerard Moreno,a,2120,OpenPlay,2020,LeftFoot,14949,Celta Vigo,Villarreal,0,4,2021-01-08 20:00:00,Manu Trigueros,Pass
397715,84,BlockedShot,0.769000015258789,0.7069999694824218,0.0281211007386446,Gerard Moreno,a,2120,OpenPlay,2020,LeftFoot,14949,Celta Vigo,Villarreal,0,4,2021-01-08 20:00:00,Manu Trigueros,Pass
403385,15,Goal,0.9180000305175782,0.42900001525878906,0.47369199991226196,Gerard Moreno,a,2120,OpenPlay,2020,LeftFoot,14997,Elche,Villarreal,2,2,2021-02-06 17:30:00,Paco Alcácer,Pass
403387,34,Goal,0.815,0.500999984741211,0.07601380348205566,Gerard Moreno,a,2120,OpenPlay,2020,LeftFoot,14997,Elche,Villarreal,2,2,2021-02-06 17:30:00,Jaume Costa,Pass
403390,41,SavedShot,0.9119999694824219,0.5779999923706055,0.11699800193309784,Gerard Moreno,a,2120,OpenPlay,2020,LeftFoot,14997,Elche,Villarreal,2,2,2021-02-06 17:30:00,Paco Alcácer,Chipped
405001,49,SavedShot,0.7819999694824219,0.3579999923706055,0.022415999323129654,Gerard Moreno,h,2120,OpenPlay,2020,LeftFoot,15007,Villarreal,Real Betis,1,2,2021-02-14 20:00:00,Álex Baena,Pass
405005,64,Goal,0.885,0.5,0.7432780265808105,Gerard Moreno,h,2120,Penalty,2020,LeftFoot,15007,Villarreal,Real Betis,1,2,2021-02-14 20:00:00,,Standard
405006,67,SavedShot,0.8519999694824218,0.4,0.05641549825668335,Gerard Moreno,h,2120,OpenPlay,2020,LeftFoot,15007,Villarreal,Real Betis,1,2,2021-02-14 20:00:00,,None
406238,15,Goal,0.769000015258789,0.46599998474121096,0.02710369974374771,Gerard Moreno,a,2120,OpenPlay,2020,LeftFoot,15008,Athletic Club,Villarreal,1,1,2021-02-21 20:00:00,,None
406244,45,SavedShot,0.5179999923706055,0.4540000152587891,0.008390329778194427,Gerard Moreno,a,2120,OpenPlay,2020,LeftFoot,15008,Athletic Club,Villarreal,1,1,2021-02-21 20:00:00,Paco Alcácer,Pass
407633,34,SavedShot,0.9780000305175781,0.5129999923706055,0.8534060120582581,Gerard Moreno,h,2120,SetPiece,2020,Head,15027,Villarreal,Atletico Madrid,0,2,2021-02-28 20:00:00,Daniel Parejo,Cross
407636,39,BlockedShot,0.8809999847412109,0.3240000152587891,0.0597538985311985,Gerard Moreno,h,2120,OpenPlay,2020,LeftFoot,15027,Villarreal,Atletico Madrid,0,2,2021-02-28 20:00:00,Samuel Chukwueze,Pass
407639,64,BlockedShot,0.8680000305175781,0.5929999923706055,0.04178500175476074,Gerard Moreno,h,2120,FromCorner,2020,LeftFoot,15027,Villarreal,Atletico Madrid,0,2,2021-02-28 20:00:00,Juan Foyth,Cross
407640,64,BlockedShot,0.8640000152587891,0.57,0.07973840087652206,Gerard Moreno,h,2120,FromCorner,2020,RightFoot,15027,Villarreal,Atletico Madrid,0,2,2021-02-28 20:00:00,,Rebound
407649,90,BlockedShot,0.7619999694824219,0.39099998474121095,0.018124699592590332,Gerard Moreno,h,2120,OpenPlay,2020,LeftFoot,15027,Villarreal,Atletico Madrid,0,2,2021-02-28 20:00:00,Samuel Chukwueze,Pass
408332,35,BlockedShot,0.9069999694824219,0.49599998474121093,0.06003909930586815,Gerard Moreno,a,2120,OpenPlay,2020,Head,15035,Valencia,Villarreal,2,1,2021-03-05 20:00:00,Estupiñán,Aerial
408333,39,Goal,0.885,0.5,0.7432780265808105,Gerard Moreno,a,2120,Penalty,2020,LeftFoot,15035,Valencia,Villarreal,2,1,2021-03-05 20:00:00,,Standard
408348,63,SavedShot,0.9169999694824219,0.545,0.5284420251846313,Gerard Moreno,a,2120,OpenPlay,2020,LeftFoot,15035,Valencia,Villarreal,2,1,2021-03-05 20:00:00,Manu Trigueros,Pass
408357,89,MissedShots,0.9230000305175782,0.539000015258789,0.1072629988193512,Gerard Moreno,a,2120,FromCorner,2020,Head,15035,Valencia,Villarreal,2,1,2021-03-05 20:00:00,Daniel Parejo,Cross
410664,47,BlockedShot,0.89,0.32,0.06889049708843231,Gerard Moreno,a,2120,OpenPlay,2020,LeftFoot,15041,Eibar,Villarreal,1,3,2021-03-14 17:30:00,Manu Trigueros,Pass
410667,51,MissedShots,0.95,0.44599998474121094,0.0714413970708847,Gerard Moreno,a,2120,FromCorner,2020,Head,15041,Eibar,Villarreal,1,3,2021-03-14 17:30:00,Manu Trigueros,Aerial
410672,65,BlockedShot,0.9059999847412109,0.3029999923706055,0.12040399760007858,Gerard Moreno,a,2120,OpenPlay,2020,RightFoot,15041,Eibar,Villarreal,1,3,2021-03-14 17:30:00,Samuel Chukwueze,Throughball
410675,71,SavedShot,0.9519999694824218,0.4779999923706055,0.5814840197563171,Gerard Moreno,a,2120,OpenPlay,2020,LeftFoot,15041,Eibar,Villarreal,1,3,2021-03-14 17:30:00,Samuel Chukwueze,Chipped
411907,4,Goal,0.885,0.5,0.7432780265808105,Gerard Moreno,h,2120,Penalty,2020,LeftFoot,15057,Villarreal,Cadiz,2,1,2021-03-21 15:15:00,,Standard
411922,81,BlockedShot,0.860999984741211,0.455,0.030649200081825256,Gerard Moreno,h,2120,OpenPlay,2020,Head,15057,Villarreal,Cadiz,2,1,2021-03-21 15:15:00,Moi Gómez,Chipped
411923,83,BlockedShot,0.899000015258789,0.27700000762939453,0.04133100062608719,Gerard Moreno,h,2120,OpenPlay,2020,RightFoot,15057,Villarreal,Cadiz,2,1,2021-03-21 15:15:00,Yeremi Pino,Pass
411925,87,BlockedShot,0.9680000305175781,0.63,0.09907300025224686,Gerard Moreno,h,2120,OpenPlay,2020,LeftFoot,15057,Villarreal,Cadiz,2,1,2021-03-21 15:15:00,,BallTouch
412217,2,SavedShot,0.93,0.4779999923706055,0.43728500604629517,Gerard Moreno,a,2120,OpenPlay,2020,Head,15061,Granada,Villarreal,0,3,2021-04-03 12:00:00,Alfonso,Cross
412219,8,Goal,0.885,0.5,0.7432780265808105,Gerard Moreno,a,2120,Penalty,2020,LeftFoot,15061,Granada,Villarreal,0,3,2021-04-03 12:00:00,,Standard
412222,17,Goal,0.9719999694824218,0.6459999847412109,0.2943199872970581,Gerard Moreno,a,2120,OpenPlay,2020,LeftFoot,15061,Granada,Villarreal,0,3,2021-04-03 12:00:00,Manu Trigueros,TakeOn
412225,45,ShotOnPost,0.9530000305175781,0.43900001525878907,0.13788899779319763,Gerard Moreno,a,2120,OpenPlay,2020,Head,15061,Granada,Villarreal,0,3,2021-04-03 12:00:00,Alfonso,Cross
412227,59,Goal,0.885,0.5,0.7432780265808105,Gerard Moreno,a,2120,Penalty,2020,LeftFoot,15061,Granada,Villarreal,0,3,2021-04-03 12:00:00,,Standard
414271,62,SavedShot,0.8859999847412109,0.46,0.2968499958515167,Gerard Moreno,h,2120,OpenPlay,2020,RightFoot,15077,Villarreal,Osasuna,1,2,2021-04-11 12:00:00,Alfonso,Cross
414278,84,MissedShots,0.875999984741211,0.51,0.049385398626327515,Gerard Moreno,h,2120,OpenPlay,2020,Head,15077,Villarreal,Osasuna,1,2,2021-04-11 12:00:00,Alfonso,Cross
414279,87,MissedShots,0.925,0.455,0.11978200078010559,Gerard Moreno,h,2120,OpenPlay,2020,LeftFoot,15077,Villarreal,Osasuna,1,2,2021-04-11 12:00:00,Samuel Chukwueze,Pass
416064,12,Goal,0.9259999847412109,0.37,0.27588900923728943,Gerard Moreno,a,2120,OpenPlay,2020,LeftFoot,15105,Levante,Villarreal,1,5,2021-04-18 19:00:00,Daniel Parejo,TakeOn
416703,15,MissedShots,0.8230000305175781,0.5109999847412109,0.06837490200996399,Gerard Moreno,a,2120,OpenPlay,2020,LeftFoot,15078,Alaves,Villarreal,2,1,2021-04-21 19:00:00,Daniel Parejo,Pass
416709,38,SavedShot,0.8909999847412109,0.5409999847412109,0.10263299942016602,Gerard Moreno,a,2120,OpenPlay,2020,LeftFoot,15078,Alaves,Villarreal,2,1,2021-04-21 19:00:00,Alfonso,Pass
416708,38,BlockedShot,0.825,0.41700000762939454,0.05759710073471069,Gerard Moreno,a,2120,OpenPlay,2020,LeftFoot,15078,Alaves,Villarreal,2,1,2021-04-21 19:00:00,Mario,Pass
417901,3,MissedShots,0.9259999847412109,0.35700000762939454,0.02020159922540188,Gerard Moreno,h,2120,FromCorner,2020,Head,15096,Villarreal,Barcelona,1,2,2021-04-25 14:15:00,Daniel Parejo,Cross
417903,6,MissedShots,0.8619999694824219,0.415,0.0879649966955185,Gerard Moreno,h,2120,OpenPlay,2020,LeftFoot,15096,Villarreal,Barcelona,1,2,2021-04-25 14:15:00,Samuel Chukwueze,Pass
417914,50,SavedShot,0.8980000305175782,0.4540000152587891,0.08783909678459167,Gerard Moreno,h,2120,SetPiece,2020,Head,15096,Villarreal,Barcelona,1,2,2021-04-25 14:15:00,Samuel Chukwueze,Cross
417922,77,MissedShots,0.899000015258789,0.36700000762939455,0.08159749954938889,Gerard Moreno,h,2120,OpenPlay,2020,RightFoot,15096,Villarreal,Barcelona,1,2,2021-04-25 14:15:00,Samuel Chukwueze,Pass
417924,86,MissedShots,0.91,0.44599998474121094,0.0754467025399208,Gerard Moreno,h,2120,SetPiece,2020,LeftFoot,15096,Villarreal,Barcelona,1,2,2021-04-25 14:15:00,Daniel Parejo,Cross
420835,86,Goal,0.885,0.5,0.7432780265808105,Gerard Moreno,h,2120,Penalty,2020,LeftFoot,15127,Villarreal,Celta Vigo,2,4,2021-05-09 16:30:00,,Standard
420838,94,MissedShots,0.915,0.495,0.10336700081825256,Gerard Moreno,h,2120,FromCorner,2020,Head,15127,Villarreal,Celta Vigo,2,4,2021-05-09 16:30:00,Manu Trigueros,Cross
421552,12,MissedShots,0.8319999694824218,0.6179999923706054,0.04730140045285225,Gerard Moreno,a,2120,OpenPlay,2020,RightFoot,15136,Real Valladolid,Villarreal,0,2,2021-05-13 17:00:00,Moi Gómez,Pass
421554,15,MissedShots,0.9259999847412109,0.5070000076293946,0.12009300291538239,Gerard Moreno,a,2120,FromCorner,2020,Head,15136,Real Valladolid,Villarreal,0,2,2021-05-13 17:00:00,Daniel Parejo,Cross
421562,67,Goal,0.8780000305175781,0.3970000076293945,0.06942059844732285,Gerard Moreno,a,2120,OpenPlay,2020,LeftFoot,15136,Real Valladolid,Villarreal,0,2,2021-05-13 17:00:00,Pau Torres,Chipped
422749,22,MissedShots,0.9469999694824218,0.54,0.07825309783220291,Gerard Moreno,h,2120,FromCorner,2020,Head,15147,Villarreal,Sevilla,4,0,2021-05-16 16:30:00,Daniel Parejo,Aerial
422762,65,Goal,0.8669999694824219,0.6359999847412109,0.3925740122795105,Gerard Moreno,h,2120,OpenPlay,2020,LeftFoot,15147,Villarreal,Sevilla,4,0,2021-05-16 16:30:00,,BallRecovery
426654,35,SavedShot,0.88,0.435,0.0364827997982502,Gerard Moreno,h,2120,OpenPlay,2021,Head,17144,Villarreal,Granada,0,0,2021-08-16 18:00:00,Alfonso,Chipped
426657,47,BlockedShot,0.8380000305175781,0.42700000762939455,0.06297630071640015,Gerard Moreno,h,2120,OpenPlay,2021,LeftFoot,17144,Villarreal,Granada,0,0,2021-08-16 18:00:00,Manu Trigueros,Chipped
426661,72,MissedShots,0.8980000305175782,0.49,0.3470200002193451,Gerard Moreno,h,2120,SetPiece,2021,Head,17144,Villarreal,Granada,0,0,2021-08-16 18:00:00,Manu Trigueros,Aerial
426663,88,BlockedShot,0.9169999694824219,0.6580000305175782,0.3101530075073242,Gerard Moreno,h,2120,OpenPlay,2021,LeftFoot,17144,Villarreal,Granada,0,0,2021-08-16 18:00:00,Raba,Throughball
427329,3,BlockedShot,0.8330000305175781,0.285,0.030504200607538223,Gerard Moreno,a,2120,OpenPlay,2021,LeftFoot,17149,Espanyol,Villarreal,0,0,2021-08-21 17:30:00,Moi Gómez,Pass
427343,52,MissedShots,0.914000015258789,0.43599998474121093,0.04996820166707039,Gerard Moreno,a,2120,OpenPlay,2021,Head,17149,Espanyol,Villarreal,0,0,2021-08-21 17:30:00,Boulaye Dia,Aerial
427347,70,BlockedShot,0.754000015258789,0.3509999847412109,0.018406599760055542,Gerard Moreno,a,2120,OpenPlay,2021,LeftFoot,17149,Espanyol,Villarreal,0,0,2021-08-21 17:30:00,,Dispossessed
437106,54,Goal,0.88,0.544000015258789,0.2611280083656311,Gerard Moreno,h,2120,OpenPlay,2021,LeftFoot,17225,Villarreal,Osasuna,1,2,2021-10-17 16:30:00,Alfonso,Cross
437112,92,SavedShot,0.7569999694824219,0.47,0.02555290050804615,Gerard Moreno,h,2120,OpenPlay,2021,LeftFoot,17225,Villarreal,Osasuna,1,2,2021-10-17 16:30:00,Daniel Parejo,Pass
445959,46,SavedShot,0.8059999847412109,0.5570000076293945,0.04270210117101669,Gerard Moreno,a,2120,OpenPlay,2021,LeftFoot,17292,Sevilla,Villarreal,1,0,2021-12-04 13:00:00,,None
445970,78,MissedShots,0.9790000152587891,0.46900001525878904,0.9009569883346558,Gerard Moreno,a,2120,OpenPlay,2021,RightFoot,17292,Sevilla,Villarreal,1,0,2021-12-04 13:00:00,Estupiñán,Rebound
445971,87,BlockedShot,0.8390000152587891,0.32,0.036968499422073364,Gerard Moreno,a,2120,OpenPlay,2021,LeftFoot,17292,Sevilla,Villarreal,1,0,2021-12-04 13:00:00,Alberto Moreno,Pass
448116,25,SavedShot,0.9319999694824219,0.44299999237060544,0.13802699744701385,Gerard Moreno,h,2120,OpenPlay,2021,LeftFoot,17305,Villarreal,Rayo Vallecano,2,0,2021-12-12 13:00:00,Mario,Pass
448118,35,Goal,0.885,0.5,0.743149995803833,Gerard Moreno,h,2120,Penalty,2021,LeftFoot,17305,Villarreal,Rayo Vallecano,2,0,2021-12-12 13:00:00,,Standard
448120,45,BlockedShot,0.7219999694824218,0.28299999237060547,0.01754009909927845,Gerard Moreno,h,2120,OpenPlay,2021,LeftFoot,17305,Villarreal,Rayo Vallecano,2,0,2021-12-12 13:00:00,Yeremi Pino,Pass
449479,3,MissedShots,0.9569999694824218,0.5659999847412109,0.06584610044956207,Gerard Moreno,a,2120,FromCorner,2021,Head,17312,Real Sociedad,Villarreal,1,3,2021-12-18 15:15:00,Daniel Parejo,Aerial
449487,37,Goal,0.9490000152587891,0.5420000076293945,0.13471099734306335,Gerard Moreno,a,2120,FromCorner,2021,Head,17312,Real Sociedad,Villarreal,1,3,2021-12-18 15:15:00,Daniel Parejo,Cross
449488,41,BlockedShot,0.9009999847412109,0.4209999847412109,0.1173430010676384,Gerard Moreno,a,2120,OpenPlay,2021,RightFoot,17312,Real Sociedad,Villarreal,1,3,2021-12-18 15:15:00,Yeremi Pino,Pass
449492,63,SavedShot,0.9180000305175782,0.5309999847412109,0.4796279966831207,Gerard Moreno,a,2120,FromCorner,2021,LeftFoot,17312,Real Sociedad,Villarreal,1,3,2021-12-18 15:15:00,Pau Torres,Pass
449493,67,Goal,0.955,0.4759999847412109,0.48333799839019775,Gerard Moreno,a,2120,FromCorner,2021,Head,17312,Real Sociedad,Villarreal,1,3,2021-12-18 15:15:00,Alberto Moreno,Cross
450019,17,Goal,0.8680000305175781,0.45099998474121095,0.10605599731206894,Gerard Moreno,h,2120,OpenPlay,2021,LeftFoot,17175,Villarreal,Alaves,5,2,2021-12-21 20:00:00,Daniel Parejo,Pass
450029,61,MissedShots,0.915,0.5870000076293945,0.06248379871249199,Gerard Moreno,h,2120,OpenPlay,2021,OtherBodyPart,17175,Villarreal,Alaves,5,2,2021-12-21 20:00:00,Manu Trigueros,Cross
450039,80,MissedShots,0.935,0.600999984741211,0.060563698410987854,Gerard Moreno,h,2120,FromCorner,2021,Head,17175,Villarreal,Alaves,5,2,2021-12-21 20:00:00,Alfonso,Cross
450042,87,BlockedShot,0.7930000305175782,0.355,0.024530300870537758,Gerard Moreno,h,2120,OpenPlay,2021,LeftFoot,17175,Villarreal,Alaves,5,2,2021-12-21 20:00:00,Moi Gómez,TakeOn
450043,87,Goal,0.9690000152587891,0.47,0.795760989189148,Gerard Moreno,h,2120,OpenPlay,2021,LeftFoot,17175,Villarreal,Alaves,5,2,2021-12-21 20:00:00,Alfonso,Pass
451356,18,BlockedShot,0.875999984741211,0.47299999237060547,0.13596400618553162,Gerard Moreno,h,2120,OpenPlay,2021,LeftFoot,17318,Villarreal,Levante,5,0,2022-01-03 18:00:00,Boulaye Dia,Pass
451357,22,MissedShots,0.8869999694824219,0.38299999237060545,0.12134800106287003,Gerard Moreno,h,2120,OpenPlay,2021,LeftFoot,17318,Villarreal,Levante,5,0,2022-01-03 18:00:00,Boulaye Dia,Pass
451361,36,Goal,0.8540000152587891,0.49,0.11531800031661987,Gerard Moreno,h,2120,OpenPlay,2021,LeftFoot,17318,Villarreal,Levante,5,0,2022-01-03 18:00:00,Manu Trigueros,Pass
451373,78,Goal,0.9569999694824218,0.504000015258789,0.7273690104484558,Gerard Moreno,h,2120,OpenPlay,2021,LeftFoot,17318,Villarreal,Levante,5,0,2022-01-03 18:00:00,Yeremi Pino,Pass
452864,22,SavedShot,0.885,0.5,0.7432780265808105,Gerard Moreno,h,2120,Penalty,2021,LeftFoot,17335,Villarreal,Atletico Madrid,2,2,2022-01-09 20:00:00,,Standard
452868,53,MissedShots,0.7759999847412109,0.29200000762939454,0.01456109993159771,Gerard Moreno,h,2120,OpenPlay,2021,LeftFoot,17335,Villarreal,Atletico Madrid,2,2,2022-01-09 20:00:00,,None
452877,91,MissedShots,0.9180000305175782,0.675,0.01980550028383732,Gerard Moreno,h,2120,SetPiece,2021,LeftFoot,17335,Villarreal,Atletico Madrid,2,2,2022-01-09 20:00:00,Daniel Parejo,Cross
454011,50,MissedShots,0.92,0.6469999694824219,0.017709100618958473,Gerard Moreno,a,2120,FromCorner,2021,Head,17345,Elche,Villarreal,1,0,2022-01-16 18:00:00,Daniel Parejo,Cross
454019,84,MissedShots,0.8080000305175781,0.519000015258789,0.04701070114970207,Gerard Moreno,a,2120,OpenPlay,2021,LeftFoot,17345,Elche,Villarreal,1,0,2022-01-16 18:00:00,Alfonso,BallTouch
465326,5,MissedShots,0.8219999694824218,0.3390000152587891,0.043627601116895676,Gerard Moreno,a,2120,OpenPlay,2021,LeftFoot,17433,Levante,Villarreal,2,0,2022-04-02 14:15:00,Raúl Albiol,Chipped
465336,50,BlockedShot,0.845999984741211,0.3659999847412109,0.05215800181031227,Gerard Moreno,a,2120,OpenPlay,2021,LeftFoot,17433,Levante,Villarreal,2,0,2022-04-02 14:15:00,Yeremi Pino,Pass
466903,61,BlockedShot,0.815,0.565,0.057066500186920166,Gerard Moreno,h,2120,OpenPlay,2021,LeftFoot,17444,Villarreal,Athletic Club,1,1,2022-04-09 16:30:00,Arnaut Danjuma Groeneveld,BallRecovery
468431,6,Goal,0.81,0.545,0.2298389971256256,Gerard Moreno,a,2120,OpenPlay,2021,LeftFoot,17450,Getafe,Villarreal,1,2,2022-04-16 19:00:00,Paco Alcácer,Pass
480590,35,BlockedShot,0.855999984741211,0.6480000305175782,0.07336469739675522,Gerard Moreno,a,2120,OpenPlay,2022,LeftFoot,18964,Real Valladolid,Villarreal,0,3,2022-08-13 17:00:00,Nicolas Jackson,Pass
480591,36,MissedShots,0.955999984741211,0.42400001525878905,0.2737250030040741,Gerard Moreno,a,2120,FromCorner,2022,RightFoot,18964,Real Valladolid,Villarreal,0,3,2022-08-13 17:00:00,Daniel Parejo,Cross
482744,32,ShotOnPost,0.9430000305175781,0.49900001525878906,0.5559020042419434,Gerard Moreno,a,2120,SetPiece,2022,LeftFoot,18978,Atletico Madrid,Villarreal,0,2,2022-08-21 17:30:00,Juan Foyth,HeadPass
482762,91,BlockedShot,0.8680000305175781,0.3870000076293945,0.27607500553131104,Gerard Moreno,a,2120,OpenPlay,2022,LeftFoot,18978,Atletico Madrid,Villarreal,0,2,2022-08-21 17:30:00,Juan Foyth,Pass
482764,96,Goal,0.875999984741211,0.6320000076293946,0.33149099349975586,Gerard Moreno,a,2120,OpenPlay,2022,LeftFoot,18978,Atletico Madrid,Villarreal,0,2,2022-08-21 17:30:00,Alfonso,Pass
484526,40,SavedShot,0.860999984741211,0.555,0.10006199777126312,Gerard Moreno,a,2120,OpenPlay,2022,LeftFoot,18987,Getafe,Villarreal,0,0,2022-08-28 15:30:00,Morales,Pass
484538,88,MissedShots,0.8780000305175781,0.3089999961853027,0.03812180086970329,Gerard Moreno,a,2120,OpenPlay,2022,LeftFoot,18987,Getafe,Villarreal,0,0,2022-08-28 15:30:00,Etienne Capoue,Pass
484540,96,BlockedShot,0.81,0.5179999923706055,0.05804689973592758,Gerard Moreno,a,2120,OpenPlay,2022,LeftFoot,18987,Getafe,Villarreal,0,0,2022-08-28 15:30:00,Alfonso,Pass
486762,21,SavedShot,0.9109999847412109,0.7080000305175781,0.03998799994587898,Gerard Moreno,h,2120,OpenPlay,2022,LeftFoot,18997,Villarreal,Elche,4,0,2022-09-04 16:30:00,Alfonso,Pass
486764,25,Goal,0.9580000305175781,0.49400001525878906,0.6845690011978149,Gerard Moreno,h,2120,OpenPlay,2022,RightFoot,18997,Villarreal,Elche,4,0,2022-09-04 16:30:00,,Rebound
486763,25,SavedShot,0.904000015258789,0.5120000076293946,0.34956100583076477,Gerard Moreno,h,2120,OpenPlay,2022,LeftFoot,18997,Villarreal,Elche,4,0,2022-09-04 16:30:00,Kiko Femenía,Cross
488271,12,BlockedShot,0.879000015258789,0.48700000762939455,0.40857601165771484,Gerard Moreno,a,2120,OpenPlay,2022,LeftFoot,19003,Real Betis,Villarreal,1,0,2022-09-11 19:00:00,Yeremi Pino,Pass
488275,24,MissedShots,0.955999984741211,0.5840000152587891,0.34229400753974915,Gerard Moreno,a,2120,OpenPlay,2022,RightFoot,19003,Real Betis,Villarreal,1,0,2022-09-11 19:00:00,Etienne Capoue,Chipped
488283,44,SavedShot,0.8130000305175781,0.49400001525878906,0.05781330168247223,Gerard Moreno,a,2120,OpenPlay,2022,LeftFoot,19003,Real Betis,Villarreal,1,0,2022-09-11 19:00:00,Pau Torres,Chipped
501781,0,MissedShots,0.9359999847412109,0.495,0.6096590161323547,Gerard Moreno,h,2120,OpenPlay,2022,LeftFoot,19110,Villarreal,Valencia,2,1,2022-12-31 15:15:00,Álex Baena,Pass
501800,59,SavedShot,0.845,0.46599998474121096,0.08636239916086197,Gerard Moreno,h,2120,OpenPlay,2022,LeftFoot,19110,Villarreal,Valencia,2,1,2022-12-31 15:15:00,Yeremi Pino,Pass
502705,62,Goal,0.885,0.5,0.7432780265808105,Gerard Moreno,h,2120,Penalty,2022,LeftFoot,19121,Villarreal,Real Madrid,2,1,2023-01-07 15:15:00,,Standard
503396,14,Goal,0.7830000305175782,0.47200000762939454,0.03737049922347069,Gerard Moreno,a,2120,OpenPlay,2022,LeftFoot,19122,Celta Vigo,Villarreal,1,1,2023-01-13 20:00:00,Samuel Chukwueze,Chipped
503404,46,MissedShots,0.6880000305175781,0.5720000076293945,0.012263700366020203,Gerard Moreno,a,2120,OpenPlay,2022,RightFoot,19122,Celta Vigo,Villarreal,1,1,2023-01-13 20:00:00,,None
504888,3,MissedShots,0.9080000305175782,0.4179999923706055,0.07737299799919128,Gerard Moreno,h,2120,SetPiece,2022,LeftFoot,19141,Villarreal,Girona,1,0,2023-01-22 13:00:00,Yeremi Pino,Chipped
504892,19,SavedShot,0.754000015258789,0.4129999923706055,0.022631900385022163,Gerard Moreno,h,2120,OpenPlay,2022,LeftFoot,19141,Villarreal,Girona,1,0,2023-01-22 13:00:00,,BallRecovery
504897,35,SavedShot,0.914000015258789,0.6819999694824219,0.33094701170921326,Gerard Moreno,h,2120,OpenPlay,2022,LeftFoot,19141,Villarreal,Girona,1,0,2023-01-22 13:00:00,Álex Baena,Throughball
504905,66,BlockedShot,0.845999984741211,0.5370000076293945,0.0842519998550415,Gerard Moreno,h,2120,OpenPlay,2022,RightFoot,19141,Villarreal,Girona,1,0,2023-01-22 13:00:00,Pau Torres,Pass
504907,73,SavedShot,0.7380000305175781,0.39799999237060546,0.02049409970641136,Gerard Moreno,h,2120,OpenPlay,2022,LeftFoot,19141,Villarreal,Girona,1,0,2023-01-22 13:00:00,Etienne Capoue,Pass
504911,93,SavedShot,0.885,0.5,0.7432780265808105,Gerard Moreno,h,2120,Penalty,2022,LeftFoot,19141,Villarreal,Girona,1,0,2023-01-22 13:00:00,,Standard
506476,16,MissedShots,0.92,0.524000015258789,0.37248000502586365,Gerard Moreno,h,2120,FromCorner,2022,Head,19151,Villarreal,Rayo Vallecano,0,1,2023-01-30 20:00:00,Yeremi Pino,Cross
506493,90,MissedShots,0.8959999847412109,0.4809999847412109,0.40502700209617615,Gerard Moreno,h,2120,OpenPlay,2022,LeftFoot,19151,Villarreal,Rayo Vallecano,0,1,2023-01-30 20:00:00,Francis Coquelin,HeadPass
507216,11,BlockedShot,0.9069999694824219,0.524000015258789,0.11754100024700165,Gerard Moreno,a,2120,OpenPlay,2022,LeftFoot,19156,Elche,Villarreal,3,1,2023-02-04 15:15:00,Johan Mojica,Pass
507220,21,Goal,0.9109999847412109,0.610999984741211,0.40145498514175415,Gerard Moreno,a,2120,OpenPlay,2022,LeftFoot,19156,Elche,Villarreal,3,1,2023-02-04 15:15:00,Álex Baena,Throughball
507239,88,MissedShots,0.9290000152587891,0.46700000762939453,0.14227299392223358,Gerard Moreno,a,2120,OpenPlay,2022,Head,19156,Elche,Villarreal,3,1,2023-02-04 15:15:00,Johan Mojica,Cross
512249,71,BlockedShot,0.9059999847412109,0.4779999923706055,0.06379040330648422,Gerard Moreno,a,2120,SetPiece,2022,RightFoot,19196,Almeria,Villarreal,0,2,2023-03-04 15:15:00,Daniel Parejo,Aerial
512251,75,Goal,0.8590000152587891,0.435,0.09580100327730179,Gerard Moreno,a,2120,OpenPlay,2022,RightFoot,19196,Almeria,Villarreal,0,2,2023-03-04 15:15:00,Samuel Chukwueze,Pass
514328,2,MissedShots,0.9290000152587891,0.46700000762939453,0.13933399319648743,Gerard Moreno,h,2120,OpenPlay,2022,Head,19208,Villarreal,Real Betis,1,1,2023-03-12 17:30:00,Alfonso,Cross
514338,50,BlockedShot,0.8569999694824219,0.37900001525878907,0.06602390110492706,Gerard Moreno,h,2120,OpenPlay,2022,LeftFoot,19208,Villarreal,Real Betis,1,1,2023-03-12 17:30:00,Samuel Chukwueze,Pass
526180,70,SavedShot,0.7880000305175782,0.40599998474121096,0.12726008892059326,Gerard Moreno,h,2120,OpenPlay,2022,LeftFoot,19297,Villarreal,Athletic Club,5,1,2023-05-13 16:30:00,Aissa Mandi,Throughball
526186,80,SavedShot,0.6890000152587891,0.41200000762939454,0.02058757096529007,Gerard Moreno,h,2120,OpenPlay,2022,LeftFoot,19297,Villarreal,Athletic Club,5,1,2023-05-13 16:30:00,Ramón Terrats,Pass
526187,83,MissedShots,0.9209999847412109,0.33099998474121095,0.150147944688797,Gerard Moreno,h,2120,OpenPlay,2022,RightFoot,19297,Villarreal,Athletic Club,5,1,2023-05-13 16:30:00,Pau Torres,Throughball
526188,88,MissedShots,0.885,0.3110000038146973,0.058700673282146454,Gerard Moreno,h,2120,OpenPlay,2022,LeftFoot,19297,Villarreal,Athletic Club,5,1,2023-05-13 16:30:00,Giovani Lo Celso,Pass
527219,85,SavedShot,0.8619999694824219,0.44,0.0355253703892231,Gerard Moreno,a,2120,SetPiece,2022,Head,19304,Girona,Villarreal,1,2,2023-05-20 12:00:00,Giovani Lo Celso,Cross
527222,93,Goal,0.9619999694824218,0.4490000152587891,0.5887824892997742,Gerard Moreno,a,2120,OpenPlay,2022,RightFoot,19304,Girona,Villarreal,1,2,2023-05-20 12:00:00,Nicolas Jackson,Cross
528554,12,MissedShots,0.9019999694824219,0.34900001525878904,0.3276268541812897,Gerard Moreno,h,2120,OpenPlay,2022,LeftFoot,19319,Villarreal,Cadiz,2,0,2023-05-24 17:30:00,,None
528564,45,SavedShot,0.8909999847412109,0.3629999923706055,0.3091645836830139,Gerard Moreno,h,2120,OpenPlay,2022,LeftFoot,19319,Villarreal,Cadiz,2,0,2023-05-24 17:30:00,Nicolas Jackson,Pass
528569,56,SavedShot,0.7819999694824219,0.4779999923706055,0.09585965424776077,Gerard Moreno,h,2120,OpenPlay,2022,LeftFoot,19319,Villarreal,Cadiz,2,0,2023-05-24 17:30:00,Yeremi Pino,Pass
532632,4,BlockedShot,0.86,0.4179999923706055,0.088150255382061,Gerard Moreno,h,2120,OpenPlay,2023,LeftFoot,22691,Villarreal,Real Betis,1,2,2023-08-13 17:30:00,Alexander Sørloth,Pass
532643,49,SavedShot,0.9219999694824219,0.4759999847412109,0.053180743008852005,Gerard Moreno,h,2120,FromCorner,2023,Head,22691,Villarreal,Real Betis,1,2,2023-08-13 17:30:00,Álex Baena,Aerial
532835,58,BlockedShot,0.860999984741211,0.37599998474121094,0.061576731503009796,Gerard Moreno,a,2120,OpenPlay,2023,LeftFoot,22695,Mallorca,Villarreal,0,1,2023-08-18 17:30:00,,None
532838,61,Goal,0.9790000152587891,0.509000015258789,0.9225877523422241,Gerard Moreno,a,2120,FromCorner,2023,RightFoot,22695,Mallorca,Villarreal,0,1,2023-08-18 17:30:00,,Rebound
535419,8,BlockedShot,0.8040000152587891,0.38799999237060545,0.036125823855400085,Gerard Moreno,h,2120,OpenPlay,2023,LeftFoot,22710,Villarreal,Barcelona,3,4,2023-08-27 15:30:00,Etienne Capoue,Pass
535427,28,BlockedShot,0.845,0.40599998474121096,0.061462532728910446,Gerard Moreno,h,2120,OpenPlay,2023,LeftFoot,22710,Villarreal,Barcelona,3,4,2023-08-27 15:30:00,Etienne Capoue,Pass
536147,41,MissedShots,0.745999984741211,0.4879999923706055,0.023261170834302902,Gerard Moreno,a,2120,OpenPlay,2023,LeftFoot,22718,Cadiz,Villarreal,3,1,2023-09-01 17:30:00,Denis Suárez,Pass
536152,51,BlockedShot,0.8519999694824218,0.34,0.041326459497213364,Gerard Moreno,a,2120,OpenPlay,2023,LeftFoot,22718,Cadiz,Villarreal,3,1,2023-09-01 17:30:00,,None
538315,49,Goal,0.905,0.5320000076293945,0.3211413621902466,Gerard Moreno,h,2120,OpenPlay,2023,RightFoot,22730,Villarreal,Almeria,2,1,2023-09-17 14:15:00,Álex Baena,BallTouch
538327,76,BlockedShot,0.9530000305175781,0.649000015258789,0.08276005834341049,Gerard Moreno,h,2120,OpenPlay,2023,LeftFoot,22730,Villarreal,Almeria,2,1,2023-09-17 14:15:00,Yeremi Pino,Pass
538328,76,MissedShots,0.915,0.4209999847412109,0.020074373111128807,Gerard Moreno,h,2120,FromCorner,2023,Head,22730,Villarreal,Almeria,2,1,2023-09-17 14:15:00,Alberto Moreno,Aerial
539837,40,ShotOnPost,0.8180000305175781,0.34700000762939454,0.036769378930330276,Gerard Moreno,a,2120,OpenPlay,2023,LeftFoot,22741,Rayo Vallecano,Villarreal,1,1,2023-09-24 14:15:00,,None
543035,91,Goal,0.759000015258789,0.3770000076293945,0.019658619537949562,Gerard Moreno,h,2120,OpenPlay,2023,LeftFoot,22774,Villarreal,Las Palmas,1,2,2023-10-08 12:00:00,Ilias Akhomach,Pass
544877,29,MissedShots,0.875,0.534000015258789,0.05970396474003792,Gerard Moreno,h,2120,OpenPlay,2023,LeftFoot,22784,Villarreal,Alaves,1,1,2023-10-22 16:30:00,Alfonso,Cross
544888,64,Goal,0.885,0.5,0.7432776093482971,Gerard Moreno,h,2120,Penalty,2023,LeftFoot,22784,Villarreal,Alaves,1,1,2023-10-22 16:30:00,,Standard
546456,17,Goal,0.8969999694824219,0.5270000076293946,0.42636173963546753,Gerard Moreno,a,2120,OpenPlay,2023,LeftFoot,22791,Granada,Villarreal,2,3,2023-10-30 20:00:00,Alexander Sørloth,Pass
546457,22,Goal,0.885,0.5,0.7432776093482971,Gerard Moreno,a,2120,Penalty,2023,LeftFoot,22791,Granada,Villarreal,2,3,2023-10-30 20:00:00,,Standard
546463,44,SavedShot,0.8969999694824219,0.6969999694824218,0.1280170977115631,Gerard Moreno,a,2120,OpenPlay,2023,LeftFoot,22791,Granada,Villarreal,2,3,2023-10-30 20:00:00,Álex Baena,Throughball
547623,30,BlockedShot,0.8,0.6419999694824219,0.034170329570770264,Gerard Moreno,h,2120,OpenPlay,2023,LeftFoot,22798,Villarreal,Athletic Club,2,3,2023-11-05 17:30:00,Etienne Capoue,Pass
547628,47,BlockedShot,0.8869999694824219,0.5840000152587891,0.0974963828921318,Gerard Moreno,h,2120,OpenPlay,2023,LeftFoot,22798,Villarreal,Athletic Club,2,3,2023-11-05 17:30:00,Álex Baena,Pass
547636,61,MissedShots,0.860999984741211,0.5529999923706055,0.10597003251314163,Gerard Moreno,h,2120,OpenPlay,2023,LeftFoot,22798,Villarreal,Athletic Club,2,3,2023-11-05 17:30:00,Etienne Capoue,TakeOn
547638,67,MissedShots,0.9640000152587891,0.6270000076293946,0.047177303582429886,Gerard Moreno,h,2120,OpenPlay,2023,LeftFoot,22798,Villarreal,Athletic Club,2,3,2023-11-05 17:30:00,Álex Baena,Chipped
547643,85,Goal,0.8719999694824219,0.385,0.0766705572605133,Gerard Moreno,h,2120,OpenPlay,2023,LeftFoot,22798,Villarreal,Athletic Club,2,3,2023-11-05 17:30:00,Etienne Capoue,Pass
549236,19,Goal,0.8640000152587891,0.534000015258789,0.08943750709295273,Gerard Moreno,a,2120,OpenPlay,2023,LeftFoot,22807,Atletico Madrid,Villarreal,3,1,2023-11-12 20:00:00,,Rebound
549249,48,SavedShot,0.904000015258789,0.3679999923706055,0.08561738580465317,Gerard Moreno,a,2120,OpenPlay,2023,RightFoot,22807,Atletico Madrid,Villarreal,3,1,2023-11-12 20:00:00,Ilias Akhomach,Pass
549264,89,MissedShots,0.9290000152587891,0.43,0.03549697622656822,Gerard Moreno,a,2120,FromCorner,2023,Head,22807,Atletico Madrid,Villarreal,3,1,2023-11-12 20:00:00,Ramón Terrats,Aerial
550207,50,MissedShots,0.875,0.53,0.0575910247862339,Gerard Moreno,h,2120,OpenPlay,2023,Head,22824,Villarreal,Osasuna,3,1,2023-11-26 13:00:00,Daniel Parejo,Cross
553108,44,SavedShot,0.97,0.4520000076293945,0.6272797584533691,Gerard Moreno,h,2120,FromCorner,2023,RightFoot,22844,Villarreal,Real Sociedad,0,3,2023-12-09 17:30:00,,Rebound
553114,61,BlockedShot,0.8480000305175781,0.49599998474121093,0.06918066740036011,Gerard Moreno,h,2120,OpenPlay,2023,LeftFoot,22844,Villarreal,Real Sociedad,0,3,2023-12-09 17:30:00,,BallTouch
553119,68,MissedShots,0.8869999694824219,0.5970000076293945,0.31176555156707764,Gerard Moreno,h,2120,OpenPlay,2023,LeftFoot,22844,Villarreal,Real Sociedad,0,3,2023-12-09 17:30:00,Álex Baena,Pass
553121,83,MissedShots,0.8330000305175781,0.63,0.040753696113824844,Gerard Moreno,h,2120,OpenPlay,2023,LeftFoot,22844,Villarreal,Real Sociedad,0,3,2023-12-09 17:30:00,,None
557322,21,BlockedShot,0.835999984741211,0.47700000762939454,0.05748908221721649,Gerard Moreno,a,2120,OpenPlay,2023,LeftFoot,22866,Valencia,Villarreal,3,1,2024-01-02 20:30:00,,None
557331,60,MissedShots,0.8980000305175782,0.580999984741211,0.1081981286406517,Gerard Moreno,a,2120,OpenPlay,2023,LeftFoot,22866,Valencia,Villarreal,3,1,2024-01-02 20:30:00,Morales,Pass
557332,72,Goal,0.9459999847412109,0.44099998474121094,0.48981818556785583,Gerard Moreno,a,2120,OpenPlay,2023,RightFoot,22866,Valencia,Villarreal,3,1,2024-01-02 20:30:00,Ilias Akhomach,Pass
557924,37,MissedShots,0.9530000305175781,0.33599998474121096,0.2535146474838257,Gerard Moreno,a,2120,OpenPlay,2023,RightFoot,22882,Las Palmas,Villarreal,3,0,2024-01-13 13:00:00,Santiago Comesaña,TakeOn
557925,43,MissedShots,0.915,0.47200000762939454,0.12678958475589752,Gerard Moreno,a,2120,SetPiece,2023,Head,22882,Las Palmas,Villarreal,3,0,2024-01-13 13:00:00,Álex Baena,Cross
557931,62,BlockedShot,0.8980000305175782,0.40599998474121096,0.10072912275791168,Gerard Moreno,a,2120,OpenPlay,2023,RightFoot,22882,Las Palmas,Villarreal,3,0,2024-01-13 13:00:00,Ilias Akhomach,Pass
557936,82,BlockedShot,0.8669999694824219,0.47900001525878905,0.0886758491396904,Gerard Moreno,a,2120,OpenPlay,2023,LeftFoot,22882,Las Palmas,Villarreal,3,0,2024-01-13 13:00:00,Ilias Akhomach,Pass
557940,88,BlockedShot,0.8130000305175781,0.4520000076293945,0.05971796438097954,Gerard Moreno,a,2120,OpenPlay,2023,LeftFoot,22882,Las Palmas,Villarreal,3,0,2024-01-13 13:00:00,Ilias Akhomach,Pass
558998,13,BlockedShot,0.845999984741211,0.48900001525878906,0.09400603920221329,Gerard Moreno,h,2120,OpenPlay,2023,LeftFoot,22893,Villarreal,Mallorca,1,1,2024-01-20 15:15:00,Ilias Akhomach,Pass
559001,22,SavedShot,0.85,0.34400001525878904,0.07373788952827454,Gerard Moreno,h,2120,OpenPlay,2023,LeftFoot,22893,Villarreal,Mallorca,1,1,2024-01-20 15:15:00,Alexander Sørloth,Pass
559014,67,BlockedShot,0.8219999694824218,0.5359999847412109,0.07868199050426483,Gerard Moreno,h,2120,OpenPlay,2023,LeftFoot,22893,Villarreal,Mallorca,1,1,2024-01-20 15:15:00,Alberto Moreno,Pass
559015,67,SavedShot,0.9269999694824219,0.4759999847412109,0.061709582805633545,Gerard Moreno,h,2120,FromCorner,2023,Head,22893,Villarreal,Mallorca,1,1,2024-01-20 15:15:00,Alberto Moreno,Aerial
559955,35,SavedShot,0.8830000305175781,0.37599998474121094,0.0578741617500782,Gerard Moreno,a,2120,OpenPlay,2023,LeftFoot,22896,Barcelona,Villarreal,3,5,2024-01-27 17:30:00,Alexander Sørloth,HeadPass
559956,40,Goal,0.8730000305175781,0.53,0.11058522015810013,Gerard Moreno,a,2120,OpenPlay,2023,LeftFoot,22896,Barcelona,Villarreal,3,5,2024-01-27 17:30:00,Alexander Sørloth,Pass
561527,15,BlockedShot,0.86,0.590999984741211,0.08956529200077057,Gerard Moreno,h,2120,OpenPlay,2023,LeftFoot,22913,Villarreal,Cadiz,0,0,2024-02-04 13:00:00,Álex Baena,Pass
561544,82,MissedShots,0.8930000305175781,0.40200000762939453,0.06740465015172958,Gerard Moreno,h,2120,OpenPlay,2023,LeftFoot,22913,Villarreal,Cadiz,0,0,2024-02-04 13:00:00,Gonçalo Guedes,Cross
561548,95,MissedShots,0.8690000152587891,0.4979999923706055,0.04632551223039627,Gerard Moreno,h,2120,OpenPlay,2023,Head,22913,Villarreal,Cadiz,0,0,2024-02-04 13:00:00,Álex Baena,Cross
562288,5,SavedShot,0.9030000305175782,0.5109999847412109,0.11611257493495941,Gerard Moreno,a,2120,OpenPlay,2023,Head,22919,Alaves,Villarreal,1,1,2024-02-10 13:00:00,Jorge Cuenca,Cross
562297,11,MissedShots,0.8090000152587891,0.5579999923706055,0.08100300282239914,Gerard Moreno,a,2120,OpenPlay,2023,LeftFoot,22919,Alaves,Villarreal,1,1,2024-02-10 13:00:00,Alexander Sørloth,Pass
562304,23,BlockedShot,0.784000015258789,0.33099998474121095,0.02163539081811905,Gerard Moreno,a,2120,OpenPlay,2023,LeftFoot,22919,Alaves,Villarreal,1,1,2024-02-10 13:00:00,Ilias Akhomach,Pass
562308,40,BlockedShot,0.945,0.6730000305175782,0.15851636230945587,Gerard Moreno,a,2120,SetPiece,2023,LeftFoot,22919,Alaves,Villarreal,1,1,2024-02-10 13:00:00,Ilias Akhomach,Pass
562313,60,BlockedShot,0.8769999694824219,0.36,0.07378602027893066,Gerard Moreno,a,2120,OpenPlay,2023,RightFoot,22919,Alaves,Villarreal,1,1,2024-02-10 13:00:00,Ilias Akhomach,Pass
563585,32,MissedShots,0.9019999694824219,0.3990000152587891,0.027271751314401627,Gerard Moreno,h,2120,FromCorner,2023,Head,22932,Villarreal,Getafe,1,1,2024-02-16 20:00:00,Álex Baena,Rebound
563606,80,BlockedShot,0.8340000152587891,0.3240000152587891,0.034849222749471664,Gerard Moreno,h,2120,OpenPlay,2023,LeftFoot,22932,Villarreal,Getafe,1,1,2024-02-16 20:00:00,Gonçalo Guedes,Chipped
567010,6,ShotOnPost,0.9259999847412109,0.44,0.1029551550745964,Gerard Moreno,h,2120,OpenPlay,2023,LeftFoot,22953,Villarreal,Granada,5,1,2024-03-03 13:00:00,Bertrand Traoré,Cross
568942,55,SavedShot,0.9580000305175781,0.590999984741211,0.4417824149131775,Gerard Moreno,a,2120,OpenPlay,2023,LeftFoot,22957,Real Betis,Villarreal,2,3,2024-03-10 20:00:00,Álex Baena,Pass
570011,75,MissedShots,0.905,0.6179999923706054,0.10434282571077347,Gerard Moreno,h,2120,OpenPlay,2023,LeftFoot,22972,Villarreal,Valencia,1,0,2024-03-17 15:15:00,,Dispossessed
570013,79,SavedShot,0.879000015258789,0.4209999847412109,0.3907710611820221,Gerard Moreno,h,2120,OpenPlay,2023,LeftFoot,22972,Villarreal,Valencia,1,0,2024-03-17 15:15:00,Santiago Comesaña,Pass
571726,24,MissedShots,0.745999984741211,0.41200000762939454,0.021172884851694107,Gerard Moreno,h,2120,OpenPlay,2023,LeftFoot,22982,Villarreal,Atletico Madrid,1,2,2024-04-01 19:00:00,Yerson Mosquera,Pass
571730,41,MissedShots,0.91,0.4809999847412109,0.1109239012002945,Gerard Moreno,h,2120,FromCorner,2023,RightFoot,22982,Villarreal,Atletico Madrid,1,2,2024-04-01 19:00:00,Alexander Sørloth,HeadPass
571737,66,MissedShots,0.8809999847412109,0.46700000762939453,0.056979864835739136,Gerard Moreno,h,2120,SetPiece,2023,Head,22982,Villarreal,Atletico Madrid,1,2,2024-04-01 19:00:00,Álex Baena,Cross
574418,10,ShotOnPost,0.885,0.5,0.7432776093482971,Gerard Moreno,a,2120,Penalty,2023,LeftFoot,22985,Athletic Club,Villarreal,1,1,2024-04-14 16:30:00,,Standard
585675,45,SavedShot,0.8680000305175781,0.325,0.07927843183279037,Gerard Moreno,h,2120,OpenPlay,2024,LeftFoot,26991,Villarreal,Atletico Madrid,2,2,2024-08-19 19:30:00,Yeremi Pino,Pass
585679,57,SavedShot,0.9059999847412109,0.47299999237060547,0.04900696873664856,Gerard Moreno,h,2120,FromCorner,2024,Head,26991,Villarreal,Atletico Madrid,2,2,2024-08-19 19:30:00,Sergi Cardona,None
587178,14,MissedShots,0.749000015258789,0.4829999923706055,0.02289682626724243,Gerard Moreno,h,2120,OpenPlay,2024,LeftFoot,27002,Villarreal,Celta Vigo,4,3,2024-08-26 19:30:00,Álex Baena,Pass
587181,17,SavedShot,0.91,0.5270000076293946,0.08971497416496277,Gerard Moreno,h,2120,OpenPlay,2024,LeftFoot,27002,Villarreal,Celta Vigo,4,3,2024-08-26 19:30:00,Sergi Cardona,Cross
587185,25,BlockedShot,0.9340000152587891,0.644000015258789,0.019577087834477425,Gerard Moreno,h,2120,FromCorner,2024,Head,27002,Villarreal,Celta Vigo,4,3,2024-08-26 19:30:00,Álex Baena,Cross
603324,48,SavedShot,0.8730000305175781,0.335,0.06333702802658081,Gerard Moreno,a,2120,OpenPlay,2024,LeftFoot,27114,Osasuna,Villarreal,2,2,2024-11-24 13:00:00,Álex Baena,Pass
603326,62,BlockedShot,0.8380000305175781,0.4929999923706055,0.067035973072052,Gerard Moreno,a,2120,OpenPlay,2024,LeftFoot,27114,Osasuna,Villarreal,2,2,2024-11-24 13:00:00,Daniel Parejo,Pass
603331,72,SavedShot,0.78,0.590999984741211,0.028190916404128075,Gerard Moreno,a,2120,OpenPlay,2024,LeftFoot,27114,Osasuna,Villarreal,2,2,2024-11-24 13:00:00,,None
603335,92,Goal,0.885,0.5,0.7432776093482971,Gerard Moreno,a,2120,Penalty,2024,LeftFoot,27114,Osasuna,Villarreal,2,2,2024-11-24 13:00:00,,Standard
604592,100,MissedShots,0.9459999847412109,0.6659999847412109,0.0903162732720375,Gerard Moreno,h,2120,OpenPlay,2024,LeftFoot,27128,Villarreal,Girona,2,2,2024-12-01 13:00:00,Pape Alassane Gueye,Pass
606421,63,MissedShots,0.8680000305175781,0.4470000076293945,0.06724414229393005,Gerard Moreno,a,2120,OpenPlay,2024,RightFoot,27134,Athletic Club,Villarreal,2,0,2024-12-08 15:15:00,,None
606424,80,MissedShots,0.9290000152587891,0.375,0.014217331074178219,Gerard Moreno,a,2120,FromCorner,2024,Head,27134,Athletic Club,Villarreal,2,0,2024-12-08 15:15:00,Álex Baena,Aerial
607687,3,SavedShot,0.7930000305175782,0.5129999923706055,0.04408109188079834,Gerard Moreno,h,2120,OpenPlay,2024,LeftFoot,27148,Villarreal,Real Betis,1,2,2024-12-15 17:30:00,Álex Baena,Pass
607690,7,MissedShots,0.7340000152587891,0.34200000762939453,0.016531532630324364,Gerard Moreno,h,2120,OpenPlay,2024,LeftFoot,27148,Villarreal,Real Betis,1,2,2024-12-15 17:30:00,Ayoze Pérez,Pass
608906,75,MissedShots,0.8669999694824219,0.33599998474121096,0.04743357002735138,Gerard Moreno,a,2120,FromCorner,2024,RightFoot,27158,Leganes,Villarreal,2,5,2024-12-22 17:30:00,Kiko Femenía,Pass
608908,79,BlockedShot,0.7959999847412109,0.3290000152587891,0.03406963869929314,Gerard Moreno,a,2120,OpenPlay,2024,LeftFoot,27158,Leganes,Villarreal,2,5,2024-12-22 17:30:00,Daniel Parejo,Pass
608909,80,ShotOnPost,0.9109999847412109,0.5279999923706055,0.0896003320813179,Gerard Moreno,a,2120,FromCorner,2024,Head,27158,Leganes,Villarreal,2,5,2024-12-22 17:30:00,Álex Baena,Cross
608910,82,SavedShot,0.915,0.375,0.37207886576652527,Gerard Moreno,a,2120,OpenPlay,2024,RightFoot,27158,Leganes,Villarreal,2,5,2024-12-22 17:30:00,Pau Cabanes De La Torre,Pass
608913,91,Goal,0.885,0.5,0.7432776093482971,Gerard Moreno,a,2120,Penalty,2024,LeftFoot,27158,Leganes,Villarreal,2,5,2024-12-22 17:30:00,,Standard
611296,63,SavedShot,0.8569999694824219,0.5779999923706055,0.11211944371461868,Gerard Moreno,a,2120,OpenPlay,2024,LeftFoot,27164,Real Sociedad,Villarreal,1,0,2025-01-13 20:00:00,Thierno Barry,Pass
611304,88,MissedShots,0.7930000305175782,0.27899999618530275,0.0157027468085289,Gerard Moreno,a,2120,OpenPlay,2024,LeftFoot,27164,Real Sociedad,Villarreal,1,0,2025-01-13 20:00:00,Thierno Barry,TakeOn
613055,31,SavedShot,0.8730000305175781,0.31,0.06950797140598297,Gerard Moreno,h,2120,OpenPlay,2024,LeftFoot,27178,Villarreal,Mallorca,4,0,2025-01-20 20:00:00,Yeremi Pino,Pass
613444,28,Goal,0.885,0.5,0.7432776093482971,Gerard Moreno,a,2120,Penalty,2024,LeftFoot,27183,Atletico Madrid,Villarreal,1,1,2025-01-25 15:15:00,,Standard
613445,36,MissedShots,0.9219999694824219,0.4909999847412109,0.11316866427659988,Gerard Moreno,a,2120,FromCorner,2024,Head,27183,Atletico Madrid,Villarreal,1,1,2025-01-25 15:15:00,Álex Baena,Cross
613446,40,BlockedShot,0.870999984741211,0.6309999847412109,0.08722934871912003,Gerard Moreno,a,2120,OpenPlay,2024,LeftFoot,27183,Atletico Madrid,Villarreal,1,1,2025-01-25 15:15:00,Álex Baena,BallRecovery
614979,50,BlockedShot,0.835999984741211,0.6229999923706054,0.0824180394411087,Gerard Moreno,h,2120,OpenPlay,2024,LeftFoot,27196,Villarreal,Real Valladolid,5,1,2025-02-01 15:15:00,Ayoze Pérez,LayOff
637556,10,SavedShot,0.8159999847412109,0.534000015258789,0.05229215323925018,Gerard Moreno,h,2120,OpenPlay,2025,RightFoot,29159,Villarreal,Real Oviedo,2,0,2025-08-15 19:30:00,Sergi Cardona,Pass
637569,44,BlockedShot,0.8209999847412109,0.47,0.06315585225820541,Gerard Moreno,h,2120,OpenPlay,2025,LeftFoot,29159,Villarreal,Real Oviedo,2,0,2025-08-15 19:30:00,,None
637570,44,SavedShot,0.9080000305175782,0.5879999923706055,0.13901132345199585,Gerard Moreno,h,2120,OpenPlay,2025,LeftFoot,29159,Villarreal,Real Oviedo,2,0,2025-08-15 19:30:00,Santiago Comesaña,Pass
637571,46,BlockedShot,0.8340000152587891,0.32299999237060545,0.04882168024778366,Gerard Moreno,h,2120,OpenPlay,2025,LeftFoot,29159,Villarreal,Real Oviedo,2,0,2025-08-15 19:30:00,Nicolas Pepe,Pass
649225,44,Goal,0.885,0.5,0.7432776093482971,Gerard Moreno,a,2120,Penalty,2025,LeftFoot,29251,Valencia,Villarreal,0,2,2025-10-25 19:00:00,,Standard
650602,15,BlockedShot,0.855999984741211,0.41900001525878905,0.09021810442209244,Gerard Moreno,h,2120,OpenPlay,2025,LeftFoot,29267,Villarreal,Rayo Vallecano,4,0,2025-11-01 13:00:00,Nicolas Pepe,Pass
650606,21,Goal,0.874000015258789,0.3659999847412109,0.09920892864465714,Gerard Moreno,h,2120,OpenPlay,2025,RightFoot,29267,Villarreal,Rayo Vallecano,4,0,2025-11-01 13:00:00,Georges Mikautadze,TakeOn
652521,32,BlockedShot,0.8780000305175781,0.5379999923706055,0.0503237321972847,Gerard Moreno,a,2120,FromCorner,2025,LeftFoot,29271,Espanyol,Villarreal,0,2,2025-11-08 20:00:00,Alberto Moleiro,Cross
652523,42,Goal,0.8209999847412109,0.34599998474121096,0.03781101480126381,Gerard Moreno,a,2120,OpenPlay,2025,LeftFoot,29271,Espanyol,Villarreal,0,2,2025-11-08 20:00:00,Santiago Comesaña,Pass
652527,58,MissedShots,0.840999984741211,0.51,0.12073677033185959,Gerard Moreno,a,2120,OpenPlay,2025,LeftFoot,29271,Espanyol,Villarreal,0,2,2025-11-08 20:00:00,Alfonso,Pass
653969,5,Goal,0.9730000305175781,0.5,0.6213042140007019,Gerard Moreno,h,2120,OpenPlay,2025,LeftFoot,29287,Villarreal,Mallorca,2,1,2025-11-22 20:00:00,Ayoze Pérez,BallTouch
653979,42,BlockedShot,0.9359999847412109,0.6859999847412109,0.05765363946557045,Gerard Moreno,h,2120,OpenPlay,2025,LeftFoot,29287,Villarreal,Mallorca,2,1,2025-11-22 20:00:00,,None
662547,47,MissedShots,0.945,0.6459999847412109,0.08977970480918884,Gerard Moreno,h,2120,OpenPlay,2025,LeftFoot,29341,Villarreal,Alaves,3,1,2026-01-10 15:15:00,Georges Mikautadze,Pass
662549,54,Goal,0.8190000152587891,0.49200000762939455,0.11254459619522095,Gerard Moreno,h,2120,OpenPlay,2025,LeftFoot,29341,Villarreal,Alaves,3,1,2026-01-10 15:15:00,,None
662567,96,MissedShots,0.87,0.634000015258789,0.09735321998596191,Gerard Moreno,h,2120,OpenPlay,2025,LeftFoot,29341,Villarreal,Alaves,3,1,2026-01-10 15:15:00,Georges Mikautadze,Chipped
663929,7,MissedShots,0.9619999694824218,0.40299999237060546,0.08438170701265335,Gerard Moreno,a,2120,OpenPlay,2025,RightFoot,29352,Real Betis,Villarreal,2,0,2026-01-17 20:00:00,Alfonso,Cross
665073,55,MissedShots,0.93,0.33299999237060546,0.18288788199424744,Gerard Moreno,h,2120,OpenPlay,2025,LeftFoot,29367,Villarreal,Real Madrid,0,2,2026-01-24 20:00:00,Daniel Parejo,Chipped
665074,61,MissedShots,0.9,0.5120000076293946,0.48348814249038696,Gerard Moreno,h,2120,SetPiece,2025,LeftFoot,29367,Villarreal,Real Madrid,0,2,2026-01-24 20:00:00,Daniel Parejo,Pass
666097,16,Goal,0.885,0.5,0.7432776093482971,Gerard Moreno,a,2120,Penalty,2025,LeftFoot,29370,Osasuna,Villarreal,2,2,2026-01-31 15:15:00,,Standard
666102,33,SavedShot,0.915,0.5740000152587891,0.06896892935037613,Gerard Moreno,a,2120,FromCorner,2025,Head,29370,Osasuna,Villarreal,2,2,2026-01-31 15:15:00,Alfonso,Cross
666110,69,Goal,0.9480000305175781,0.39299999237060546,0.05328519269824028,Gerard Moreno,a,2120,FromCorner,2025,Head,29370,Osasuna,Villarreal,2,2,2026-01-31 15:15:00,Nicolas Pepe,Cross
673033,83,MissedShots,0.965,0.3820000076293945,0.03385975584387779,Gerard Moreno,h,2120,FromCorner,2025,Head,29424,Villarreal,Elche,2,1,2026-03-08 13:00:00,Nicolas Pepe,Cross
675020,6,Goal,0.9569999694824218,0.5120000076293946,0.4869951605796814,Gerard Moreno,h,2120,FromCorner,2025,Head,29438,Villarreal,Real Sociedad,3,1,2026-03-20 20:00:00,Santiago Comesaña,Pass
675021,14,SavedShot,0.9269999694824219,0.5770000076293945,0.4996371269226074,Gerard Moreno,h,2120,OpenPlay,2025,LeftFoot,29438,Villarreal,Real Sociedad,3,1,2026-03-20 20:00:00,,None
675032,43,BlockedShot,0.8730000305175781,0.4590000152587891,0.10973218828439713,Gerard Moreno,h,2120,OpenPlay,2025,LeftFoot,29438,Villarreal,Real Sociedad,3,1,2026-03-20 20:00:00,Santiago Comesaña,BallTouch
675035,47,SavedShot,0.924000015258789,0.6819999694824219,0.08186063170433044,Gerard Moreno,h,2120,OpenPlay,2025,LeftFoot,29438,Villarreal,Real Sociedad,3,1,2026-03-20 20:00:00,Alberto Moleiro,Pass
675037,50,MissedShots,0.904000015258789,0.5720000076293945,0.056875210255384445,Gerard Moreno,h,2120,FromCorner,2025,RightFoot,29438,Villarreal,Real Sociedad,3,1,2026-03-20 20:00:00,Alfonso,Cross
677400,19,BlockedShot,0.8519999694824218,0.505,0.08866757899522781,Gerard Moreno,a,2120,OpenPlay,2025,LeftFoot,29451,Girona,Villarreal,1,0,2026-04-06 19:00:00,Nicolas Pepe,Pass
677404,48,BlockedShot,0.9019999694824219,0.43400001525878906,0.08013975620269775,Gerard Moreno,a,2120,OpenPlay,2025,LeftFoot,29451,Girona,Villarreal,1,0,2026-04-06 19:00:00,Georges Mikautadze,Cross
677413,72,BlockedShot,0.8580000305175781,0.54,0.05386960133910179,Gerard Moreno,a,2120,OpenPlay,2025,LeftFoot,29451,Girona,Villarreal,1,0,2026-04-06 19:00:00,Alfonso,Cross
678704,29,SavedShot,0.889000015258789,0.5690000152587891,0.015696533024311066,Gerard Moreno,a,2120,FromCorner,2025,Head,29458,Athletic Club,Villarreal,1,2,2026-04-12 19:00:00,Alfon,Aerial
681769,1,Goal,0.885,0.5,0.7432776093482971,Gerard Moreno,h,2120,Penalty,2025,LeftFoot,29470,Villarreal,Celta Vigo,2,1,2026-04-26 19:00:00,,Standard
681777,47,BlockedShot,0.775,0.545,0.03604058176279068,Gerard Moreno,h,2120,OpenPlay,2025,LeftFoot,29470,Villarreal,Celta Vigo,2,1,2026-04-26 19:00:00,Alberto Moleiro,Pass
681790,88,BlockedShot,0.9009999847412109,0.3039999961853027,0.40749499201774597,Gerard Moreno,h,2120,OpenPlay,2025,LeftFoot,29470,Villarreal,Celta Vigo,2,1,2026-04-26 19:00:00,,None
682063,5,MissedShots,0.8580000305175781,0.295,0.04053515940904617,Gerard Moreno,h,2120,OpenPlay,2025,LeftFoot,29489,Villarreal,Levante,5,1,2026-05-02 12:00:00,Santiago Comesaña,Pass
682084,75,MissedShots,0.7380000305175781,0.4229999923706055,0.028560349717736244,Gerard Moreno,h,2120,OpenPlay,2025,LeftFoot,29489,Villarreal,Levante,5,1,2026-05-02 12:00:00,Alberto Moleiro,Pass
684017,88,MissedShots,0.9419999694824219,0.6680000305175782,0.05858935788273811,Gerard Moreno,a,2120,OpenPlay,2025,LeftFoot,29502,Mallorca,Villarreal,1,1,2026-05-10 12:00:00,Georges Mikautadze,Chipped
684930,12,Goal,0.850999984741211,0.5259999847412109,0.13035760819911957,Gerard Moreno,h,2120,OpenPlay,2025,LeftFoot,29516,Villarreal,Sevilla,2,3,2026-05-13 17:00:00,Georges Mikautadze,TakeOn
684946,83,BlockedShot,0.785,0.32799999237060545,0.02326493337750435,Gerard Moreno,h,2120,OpenPlay,2025,LeftFoot,29516,Villarreal,Sevilla,2,3,2026-05-13 17:00:00,Santiago Comesaña,Pass
