id,minute,result,X,Y,xG,player,h_a,player_id,situation,season,shotType,match_id,h_team,a_team,h_goals,a_goals,date,player_assisted,lastAction
135214,74,SavedShot,0.675,0.6090000152587891,0.01655450090765953,Kike García,a,5074,OpenPlay,2016,RightFoot,1780,Deportivo La Coruna,Eibar,2,1,2016-08-20 00:00:00,Dani García,Pass
135440,46,MissedShots,0.92,0.5279999923706055,0.10620100051164627,Kike García,h,5074,FromCorner,2016,Head,1792,Eibar,Valencia,1,0,2016-08-27 20:15:00,Pedro León,Cross
135447,55,MissedShots,0.7669999694824219,0.67,0.015838999301195145,Kike García,h,5074,OpenPlay,2016,LeftFoot,1792,Eibar,Valencia,1,0,2016-08-27 20:15:00,,None
135681,7,SavedShot,0.8969999694824219,0.5659999847412109,0.06040380150079727,Kike García,a,5074,FromCorner,2016,Head,1807,Granada,Eibar,1,2,2016-09-11 20:15:00,Fran Rico,Cross
135926,7,SavedShot,0.86,0.705,0.0387394018471241,Kike García,h,5074,OpenPlay,2016,RightFoot,1812,Eibar,Sevilla,1,1,2016-09-17 20:30:00,,None
135932,28,BlockedShot,0.8419999694824218,0.4779999923706055,0.05967320129275322,Kike García,h,5074,OpenPlay,2016,RightFoot,1812,Eibar,Sevilla,1,1,2016-09-17 20:30:00,,None
136433,59,SavedShot,0.7769999694824219,0.31799999237060544,0.027884699404239655,Kike García,h,5074,OpenPlay,2016,RightFoot,1830,Eibar,Real Sociedad,2,0,2016-09-24 15:00:00,Gonzalo Escalante,Pass
136699,77,SavedShot,0.8159999847412109,0.8140000152587891,0.0152623001486063,Kike García,a,5074,OpenPlay,2016,RightFoot,1845,Real Madrid,Eibar,1,1,2016-10-02 18:15:00,Dani García,BallRecovery
136728,12,MissedShots,0.9119999694824219,0.4640000152587891,0.05591920018196106,Kike García,a,5074,OpenPlay,2016,Head,1860,Espanyol,Eibar,3,3,2016-10-22 15:00:00,Pedro León,Aerial
136735,43,Goal,0.9490000152587891,0.5129999923706055,0.698186993598938,Kike García,a,5074,OpenPlay,2016,RightFoot,1860,Espanyol,Eibar,3,3,2016-10-22 15:00:00,Sergi Enrich,Pass
137170,64,SavedShot,0.9619999694824218,0.44799999237060545,0.13543400168418884,Kike García,h,5074,OpenPlay,2016,RightFoot,3313,Eibar,Villarreal,2,1,2016-10-30 15:00:00,,Rebound
137285,54,BlockedShot,0.9530000305175781,0.46299999237060546,0.4817639887332916,Kike García,a,5074,OpenPlay,2016,Head,2780,Las Palmas,Eibar,1,0,2016-11-05 23:45:00,Sergi Enrich,Pass
137927,74,SavedShot,0.7680000305175781,0.710999984741211,0.047181300818920135,Kike García,h,5074,OpenPlay,2016,RightFoot,2796,Eibar,Real Betis,3,1,2016-11-25 23:45:00,Fran Rico,Chipped
137933,91,Goal,0.9530000305175781,0.5070000076293946,0.6056640148162842,Kike García,h,5074,OpenPlay,2016,Head,2796,Eibar,Real Betis,3,1,2016-11-25 23:45:00,,Rebound
140321,71,Goal,0.9019999694824219,0.42700000762939455,0.39734700322151184,Kike García,a,5074,OpenPlay,2016,RightFoot,3990,Osasuna,Eibar,1,1,2017-03-13 19:45:00,Ander Capa,Pass
141744,19,Goal,0.9730000305175781,0.4329999923706055,0.132423996925354,Kike García,h,5074,FromCorner,2016,Head,3995,Eibar,Espanyol,1,1,2017-03-18 12:00:00,Pedro León,Cross
141755,50,SavedShot,0.9580000305175781,0.3970000076293945,0.08705870062112808,Kike García,h,5074,OpenPlay,2016,RightFoot,3995,Eibar,Espanyol,1,1,2017-03-18 12:00:00,Sergi Enrich,Cross
141756,50,SavedShot,0.965,0.38799999237060545,0.017827600240707397,Kike García,h,5074,OpenPlay,2016,Head,3995,Eibar,Espanyol,1,1,2017-03-18 12:00:00,,Rebound
141757,51,MissedShots,0.9219999694824219,0.4370000076293945,0.08582119643688202,Kike García,h,5074,FromCorner,2016,Head,3995,Eibar,Espanyol,1,1,2017-03-18 12:00:00,Pedro León,Cross
142575,53,Goal,0.9530000305175781,0.4329999923706055,0.4280189871788025,Kike García,a,5074,OpenPlay,2016,RightFoot,4012,Villarreal,Eibar,2,3,2017-04-01 12:00:00,Anaitz Arbilla,Cross
142229,12,Goal,0.8119999694824219,0.4929999923706055,0.04648179933428764,Kike García,a,5074,OpenPlay,2016,RightFoot,4025,Celta Vigo,Eibar,0,2,2017-04-09 15:15:00,Sergi Enrich,HeadPass
142492,45,SavedShot,0.9280000305175782,0.5370000076293945,0.10029800236225128,Kike García,a,5074,OpenPlay,2016,Head,4036,Real Betis,Eibar,2,0,2017-04-16 17:30:00,Pedro León,Cross
142498,80,MissedShots,0.9330000305175781,0.415,0.0750282034277916,Kike García,a,5074,FromCorner,2016,Head,4036,Real Betis,Eibar,2,0,2017-04-16 17:30:00,Pedro León,Cross
143764,16,MissedShots,0.9280000305175782,0.5359999847412109,0.13771000504493713,Kike García,h,5074,OpenPlay,2016,Head,4072,Eibar,Leganes,2,0,2017-04-30 17:30:00,Takashi Inui,Cross
143772,61,Goal,0.905,0.5320000076293945,0.11839000135660172,Kike García,h,5074,OpenPlay,2016,Head,4072,Eibar,Leganes,2,0,2017-04-30 17:30:00,David Juncà,Cross
143386,92,MissedShots,0.9,0.5279999923706055,0.053218599408864975,Kike García,a,5074,OpenPlay,2016,Head,4095,Barcelona,Eibar,4,2,2017-05-21 19:00:00,Anaitz Arbilla,Chipped
169279,52,BlockedShot,0.905,0.27899999618530275,0.04380819946527481,Kike García,a,5074,OpenPlay,2017,RightFoot,7888,Malaga,Eibar,0,1,2017-08-21 21:00:00,,None
169516,69,SavedShot,0.9440000152587891,0.509000015258789,0.5043749809265137,Kike García,h,5074,OpenPlay,2017,LeftFoot,7894,Eibar,Athletic Club,0,1,2017-08-27 17:15:00,Bebé,Cross
169517,71,SavedShot,0.9130000305175782,0.43,0.09567569941282272,Kike García,h,5074,SetPiece,2017,Head,7894,Eibar,Athletic Club,0,1,2017-08-27 17:15:00,José Ángel,Cross
169521,77,MissedShots,0.9069999694824219,0.5029999923706054,0.09092699736356735,Kike García,h,5074,OpenPlay,2017,RightFoot,7894,Eibar,Athletic Club,0,1,2017-08-27 17:15:00,Joan Jordán,Chipped
169724,69,BlockedShot,0.9730000305175781,0.4229999923706055,0.5183060169219971,Kike García,a,5074,OpenPlay,2017,RightFoot,7905,Sevilla,Eibar,3,0,2017-09-09 17:30:00,Sergi Enrich,Rebound
170442,35,MissedShots,0.915,0.355,0.29454100131988525,Kike García,h,5074,OpenPlay,2017,RightFoot,7934,Eibar,Celta Vigo,0,4,2017-09-24 17:30:00,Gonzalo Escalante,Throughball
170448,54,BlockedShot,0.87,0.40599998474121096,0.03633299842476845,Kike García,h,5074,OpenPlay,2017,RightFoot,7934,Eibar,Celta Vigo,0,4,2017-09-24 17:30:00,Ander Capa,Cross
170947,45,MissedShots,0.9769999694824218,0.4,0.07407619804143906,Kike García,a,5074,OpenPlay,2017,RightFoot,7943,Villarreal,Eibar,3,0,2017-10-01 17:30:00,Sergi Enrich,HeadPass
170950,54,BlockedShot,0.8969999694824219,0.3840000152587891,0.03602509945631027,Kike García,a,5074,SetPiece,2017,RightFoot,7943,Villarreal,Eibar,3,0,2017-10-01 17:30:00,,Aerial
170952,58,BlockedShot,0.7130000305175781,0.5370000076293945,0.009520100429654121,Kike García,a,5074,OpenPlay,2017,LeftFoot,7943,Villarreal,Eibar,3,0,2017-10-01 17:30:00,,Aerial
170516,12,SavedShot,0.9619999694824218,0.2560000038146973,0.10654400289058685,Kike García,h,5074,OpenPlay,2017,RightFoot,7954,Eibar,Deportivo La Coruna,0,0,2017-10-15 11:00:00,Ander Capa,Throughball
170527,72,SavedShot,0.8969999694824219,0.3509999847412109,0.04013359919190407,Kike García,h,5074,OpenPlay,2017,LeftFoot,7954,Eibar,Deportivo La Coruna,0,0,2017-10-15 11:00:00,Joan Jordán,Cross
170981,87,MissedShots,0.8469999694824218,0.3509999847412109,0.035110801458358765,Kike García,a,5074,OpenPlay,2017,RightFoot,7961,Real Madrid,Eibar,3,0,2017-10-22 19:45:00,Rubén Peña,Chipped
171590,39,MissedShots,0.9369999694824219,0.5279999923706055,0.08641050010919571,Kike García,h,5074,OpenPlay,2017,RightFoot,7972,Eibar,Levante,2,2,2017-10-29 17:30:00,Ander Capa,Cross
172027,3,SavedShot,0.874000015258789,0.7140000152587891,0.03719570115208626,Kike García,a,5074,OpenPlay,2017,LeftFoot,7981,Real Sociedad,Eibar,3,1,2017-11-05 17:30:00,Ander Capa,Chipped
172038,36,BlockedShot,0.8930000305175781,0.705999984741211,0.04885929822921753,Kike García,a,5074,OpenPlay,2017,LeftFoot,7981,Real Sociedad,Eibar,3,1,2017-11-05 17:30:00,Sergi Enrich,Tackle
172361,82,MissedShots,0.9030000305175782,0.6930000305175781,0.07376439869403839,Kike García,h,5074,OpenPlay,2017,LeftFoot,7991,Eibar,Real Betis,5,0,2017-11-20 20:00:00,Takashi Inui,Pass
171757,8,Goal,0.9359999847412109,0.52,0.600383996963501,Kike García,h,5074,SetPiece,2017,LeftFoot,8010,Eibar,Espanyol,3,1,2017-12-03 17:30:00,,Rebound
179867,45,BlockedShot,0.8640000152587891,0.7559999847412109,0.032298099249601364,Kike García,a,5074,OpenPlay,2017,LeftFoot,8019,Getafe,Eibar,0,0,2017-12-09 12:00:00,Dani García,HeadPass
184280,88,BlockedShot,0.8619999694824219,0.7080000305175781,0.04314630106091499,Kike García,h,5074,OpenPlay,2017,RightFoot,8031,Eibar,Valencia,2,1,2017-12-16 17:30:00,Joan Jordán,Pass
184344,20,MissedShots,0.9530000305175781,0.4159999847412109,0.25772300362586975,Kike García,h,5074,FromCorner,2017,Head,8039,Eibar,Girona,4,1,2017-12-21 18:30:00,Joan Jordán,Pass
184353,53,SavedShot,0.8969999694824219,0.36,0.08638259768486023,Kike García,h,5074,OpenPlay,2017,RightFoot,8039,Eibar,Girona,4,1,2017-12-21 18:30:00,Charles,HeadPass
187621,70,BlockedShot,0.8130000305175781,0.49400001525878906,0.04811429977416992,Kike García,h,5074,OpenPlay,2017,LeftFoot,8067,Eibar,Atletico Madrid,0,1,2018-01-13 17:30:00,,None
187627,79,SavedShot,0.8,0.7140000152587891,0.023659300059080124,Kike García,h,5074,OpenPlay,2017,RightFoot,8067,Eibar,Atletico Madrid,0,1,2018-01-13 17:30:00,Fabián Orellana,Pass
187629,89,MissedShots,0.9019999694824219,0.37599998474121094,0.02896459959447384,Kike García,h,5074,OpenPlay,2017,Head,8067,Eibar,Atletico Madrid,0,1,2018-01-13 17:30:00,Papakouly Diop,Cross
189579,9,MissedShots,0.88,0.4420000076293945,0.027901500463485718,Kike García,h,5074,OpenPlay,2017,Head,8071,Eibar,Malaga,1,1,2018-01-22 20:00:00,Iván Alejo,Aerial
189589,36,MissedShots,0.8930000305175781,0.615,0.009670989587903023,Kike García,h,5074,SetPiece,2017,Head,8071,Eibar,Malaga,1,1,2018-01-22 20:00:00,Joan Jordán,Aerial
189594,75,Goal,0.9740000152587891,0.56,0.5327249765396118,Kike García,h,5074,OpenPlay,2017,LeftFoot,8071,Eibar,Malaga,1,1,2018-01-22 20:00:00,Bebé,Cross
189599,86,SavedShot,0.9540000152587891,0.59,0.449753999710083,Kike García,h,5074,FromCorner,2017,LeftFoot,8071,Eibar,Malaga,1,1,2018-01-22 20:00:00,Charles,Pass
189757,34,SavedShot,0.9219999694824219,0.38599998474121094,0.04377580061554909,Kike García,a,5074,OpenPlay,2017,Head,8082,Athletic Club,Eibar,1,1,2018-01-26 20:00:00,Fabián Orellana,Cross
189764,72,Goal,0.909000015258789,0.38799999237060545,0.06927520036697388,Kike García,a,5074,OpenPlay,2017,RightFoot,8082,Athletic Club,Eibar,1,1,2018-01-26 20:00:00,,None
189769,86,MissedShots,0.9730000305175781,0.39099998474121095,0.017232999205589294,Kike García,a,5074,OpenPlay,2017,Head,8082,Athletic Club,Eibar,1,1,2018-01-26 20:00:00,Charles,Rebound
195267,0,Goal,0.8969999694824219,0.6630000305175782,0.04975840076804161,Kike García,h,5074,OpenPlay,2017,LeftFoot,8095,Eibar,Sevilla,5,1,2018-02-03 12:00:00,Anaitz Arbilla,BallRecovery
195274,22,SavedShot,0.9230000305175782,0.5529999923706055,0.35917800664901733,Kike García,h,5074,OpenPlay,2017,Head,8095,Eibar,Sevilla,5,1,2018-02-03 12:00:00,Fabián Orellana,Cross
195508,26,MissedShots,0.9169999694824219,0.435,0.04959620162844658,Kike García,a,5074,OpenPlay,2017,Head,8105,Leganes,Eibar,0,1,2018-02-10 17:30:00,Rubén Peña,Aerial
195524,92,SavedShot,0.9869999694824219,0.5990000152587891,0.019525600597262383,Kike García,a,5074,OpenPlay,2017,Head,8105,Leganes,Eibar,0,1,2018-02-10 17:30:00,José Ángel,Aerial
196337,6,SavedShot,0.95,0.27,0.03138649836182594,Kike García,h,5074,OpenPlay,2017,RightFoot,8114,Eibar,Barcelona,0,2,2018-02-17 15:15:00,Fabián Orellana,Pass
196344,35,MissedShots,0.74,0.6780000305175782,0.013099700212478638,Kike García,h,5074,OpenPlay,2017,LeftFoot,8114,Eibar,Barcelona,0,2,2018-02-17 15:15:00,,BallRecovery
197165,19,BlockedShot,0.955999984741211,0.5990000152587891,0.1006689965724945,Kike García,a,5074,OpenPlay,2017,RightFoot,8123,Celta Vigo,Eibar,2,0,2018-02-24 12:00:00,Anaitz Arbilla,Dispossessed
197171,40,MissedShots,0.9259999847412109,0.40400001525878904,0.08642230182886124,Kike García,a,5074,OpenPlay,2017,RightFoot,8123,Celta Vigo,Eibar,2,0,2018-02-24 12:00:00,Charles,Cross
197173,45,MissedShots,0.855,0.42700000762939455,0.064799003303051,Kike García,a,5074,OpenPlay,2017,RightFoot,8123,Celta Vigo,Eibar,2,0,2018-02-24 12:00:00,Iván Alejo,Chipped
198331,11,BlockedShot,0.8769999694824219,0.66,0.052176300436258316,Kike García,h,5074,OpenPlay,2017,RightFoot,8131,Eibar,Villarreal,1,0,2018-02-28 20:30:00,Charles,Pass
198332,11,BlockedShot,0.77,0.6780000305175782,0.022671500220894814,Kike García,h,5074,OpenPlay,2017,RightFoot,8131,Eibar,Villarreal,1,0,2018-02-28 20:30:00,Charles,LayOff
198333,15,Goal,0.960999984741211,0.5990000152587891,0.4212529957294464,Kike García,h,5074,OpenPlay,2017,LeftFoot,8131,Eibar,Villarreal,1,0,2018-02-28 20:30:00,Pedro León,Pass
198335,23,BlockedShot,0.960999984741211,0.595999984741211,0.11998499929904938,Kike García,h,5074,OpenPlay,2017,LeftFoot,8131,Eibar,Villarreal,1,0,2018-02-28 20:30:00,Pedro León,Tackle
198346,68,MissedShots,0.9309999847412109,0.3370000076293945,0.015498300082981586,Kike García,h,5074,FromCorner,2017,Head,8131,Eibar,Villarreal,1,0,2018-02-28 20:30:00,Pedro León,Cross
199082,79,MissedShots,0.870999984741211,0.49599998474121093,0.02051129937171936,Kike García,a,5074,OpenPlay,2017,Head,8143,Deportivo La Coruna,Eibar,1,1,2018-03-03 17:30:00,José Ángel,Aerial
199804,18,SavedShot,0.8109999847412109,0.7290000152587891,0.020631900057196617,Kike García,h,5074,OpenPlay,2017,RightFoot,8152,Eibar,Real Madrid,1,2,2018-03-10 12:00:00,Takashi Inui,Pass
199821,79,MissedShots,0.899000015258789,0.6930000305175781,0.25045400857925415,Kike García,h,5074,OpenPlay,2017,LeftFoot,8152,Eibar,Real Madrid,1,2,2018-03-10 12:00:00,Joan Jordán,Pass
201153,1,MissedShots,0.8780000305175781,0.43900001525878907,0.05655369907617569,Kike García,a,5074,OpenPlay,2017,RightFoot,8162,Levante,Eibar,2,1,2018-03-16 20:00:00,Iván Alejo,Cross
201156,19,SavedShot,0.875,0.6409999847412109,0.05517749860882759,Kike García,a,5074,SetPiece,2017,LeftFoot,8162,Levante,Eibar,2,1,2018-03-16 20:00:00,,None
201159,32,BlockedShot,0.8109999847412109,0.53,0.04294290021061897,Kike García,a,5074,OpenPlay,2017,RightFoot,8162,Levante,Eibar,2,1,2018-03-16 20:00:00,Iván Alejo,HeadPass
201162,46,MissedShots,0.9530000305175781,0.5120000076293946,0.4892899990081787,Kike García,a,5074,OpenPlay,2017,Head,8162,Levante,Eibar,2,1,2018-03-16 20:00:00,Ander Capa,Cross
204621,14,BlockedShot,0.9219999694824219,0.31799999237060544,0.06587020307779312,Kike García,h,5074,OpenPlay,2017,RightFoot,8171,Eibar,Real Sociedad,0,0,2018-04-01 17:30:00,Pedro León,BallTouch
204625,28,MissedShots,0.8880000305175781,0.48200000762939454,0.03136349841952324,Kike García,h,5074,OpenPlay,2017,Head,8171,Eibar,Real Sociedad,0,0,2018-04-01 17:30:00,Pedro León,Aerial
204640,84,MissedShots,0.765,0.66,0.02155360020697117,Kike García,h,5074,OpenPlay,2017,RightFoot,8171,Eibar,Real Sociedad,0,0,2018-04-01 17:30:00,,TakeOn
207607,43,MissedShots,0.904000015258789,0.4520000076293945,0.10916099697351456,Kike García,a,5074,OpenPlay,2017,RightFoot,8185,Real Betis,Eibar,2,0,2018-04-07 16:30:00,Rubén Peña,Pass
208947,66,MissedShots,0.9590000152587891,0.4620000076293945,0.5134469866752625,Kike García,h,5074,OpenPlay,2017,Head,8190,Eibar,Alaves,0,1,2018-04-15 10:00:00,Fabián Orellana,Chipped
208948,68,SavedShot,0.89,0.46099998474121096,0.07370519638061523,Kike García,h,5074,OpenPlay,2017,LeftFoot,8190,Eibar,Alaves,0,1,2018-04-15 10:00:00,Fabián Orellana,Cross
210233,18,SavedShot,0.9019999694824219,0.625999984741211,0.009636770002543926,Kike García,h,5074,SetPiece,2017,Head,8209,Eibar,Getafe,0,1,2018-04-21 11:00:00,Pedro León,Aerial
212593,38,MissedShots,0.9180000305175782,0.47,0.10274499654769897,Kike García,a,5074,FromCorner,2017,Head,8219,Valencia,Eibar,0,0,2018-04-29 15:00:00,Pedro León,Cross
212602,69,SavedShot,0.8009999847412109,0.6430000305175781,0.03092369996011257,Kike García,a,5074,OpenPlay,2017,RightFoot,8219,Valencia,Eibar,0,0,2018-04-29 15:00:00,Joan Jordán,Pass
212605,79,BlockedShot,0.955999984741211,0.4490000152587891,0.5287219882011414,Kike García,a,5074,OpenPlay,2017,RightFoot,8219,Valencia,Eibar,0,0,2018-04-29 15:00:00,Fabián Orellana,Cross
212991,8,Goal,0.9159999847412109,0.5990000152587891,0.39319801330566406,Kike García,a,5074,OpenPlay,2017,LeftFoot,8229,Girona,Eibar,1,4,2018-05-05 12:00:00,Dani García,Pass
213000,37,Goal,0.94,0.5029999923706054,0.22944499552249908,Kike García,a,5074,FromCorner,2017,Head,8229,Girona,Eibar,1,4,2018-05-05 12:00:00,José Ángel,Aerial
213003,45,SavedShot,0.9419999694824219,0.56,0.35694900155067444,Kike García,a,5074,OpenPlay,2017,Head,8229,Girona,Eibar,1,4,2018-05-05 12:00:00,Fabián Orellana,Cross
216592,27,MissedShots,0.899000015258789,0.5,0.07354869693517685,Kike García,a,5074,SetPiece,2017,Head,8250,Atletico Madrid,Eibar,2,2,2018-05-20 16:00:00,José Ángel,Chipped
216595,34,Goal,0.875,0.6309999847412109,0.35556501150131226,Kike García,a,5074,OpenPlay,2017,LeftFoot,8250,Atletico Madrid,Eibar,2,2,2018-05-20 16:00:00,Joan Jordán,Throughball
216601,54,BlockedShot,0.904000015258789,0.5659999847412109,0.08473169803619385,Kike García,a,5074,OpenPlay,2017,RightFoot,8250,Atletico Madrid,Eibar,2,2,2018-05-20 16:00:00,,None
216606,76,MissedShots,0.7140000152587891,0.5059999847412109,0.016446499153971672,Kike García,a,5074,OpenPlay,2017,LeftFoot,8250,Atletico Madrid,Eibar,2,2,2018-05-20 16:00:00,Dani García,HeadPass
218614,17,BlockedShot,0.8969999694824219,0.46099998474121096,0.10548599809408188,Kike García,h,5074,OpenPlay,2018,RightFoot,9962,Eibar,SD Huesca,1,2,2018-08-19 19:15:00,Rubén Peña,Pass
219786,41,MissedShots,0.9030000305175782,0.54,0.07694830000400543,Kike García,a,5074,OpenPlay,2018,Head,9967,Getafe,Eibar,2,0,2018-08-24 21:15:00,Pere Milla,Cross
219787,45,MissedShots,0.9,0.3609999847412109,0.07574780285358429,Kike García,a,5074,OpenPlay,2018,RightFoot,9967,Getafe,Eibar,2,0,2018-08-24 21:15:00,Rubén Peña,Pass
225237,51,Goal,0.9330000305175781,0.509000015258789,0.44954800605773926,Kike García,h,5074,OpenPlay,2018,Head,10004,Eibar,Leganes,1,0,2018-09-22 14:15:00,,Rebound
225238,64,MissedShots,0.7519999694824219,0.25,0.01640469953417778,Kike García,h,5074,OpenPlay,2018,LeftFoot,10004,Eibar,Leganes,1,0,2018-09-22 14:15:00,Sergi Enrich,Pass
225239,69,MissedShots,0.95,0.3029999923706055,0.2297240048646927,Kike García,h,5074,OpenPlay,2018,RightFoot,10004,Eibar,Leganes,1,0,2018-09-22 14:15:00,Pablo De Blasis,Pass
258548,18,SavedShot,0.875999984741211,0.5309999847412109,0.041746098548173904,Kike García,a,5074,OpenPlay,2018,Head,10052,Celta Vigo,Eibar,4,0,2018-10-27 16:30:00,José Ángel,Chipped
258553,38,MissedShots,0.7390000152587891,0.5309999847412109,0.02046849951148033,Kike García,a,5074,OpenPlay,2018,RightFoot,10052,Celta Vigo,Eibar,4,0,2018-10-27 16:30:00,Joan Jordán,BallRecovery
258554,39,MissedShots,0.799000015258789,0.7069999694824218,0.01273259986191988,Kike García,a,5074,OpenPlay,2018,RightFoot,10052,Celta Vigo,Eibar,4,0,2018-10-27 16:30:00,Pablo De Blasis,Chipped
258565,87,MissedShots,0.879000015258789,0.46,0.05353860184550285,Kike García,a,5074,OpenPlay,2018,Head,10052,Celta Vigo,Eibar,4,0,2018-10-27 16:30:00,Marc Cucurella,Cross
258830,42,MissedShots,0.925,0.5970000076293945,0.07620009779930115,Kike García,h,5074,OpenPlay,2018,LeftFoot,10063,Eibar,Alaves,2,1,2018-11-04 11:00:00,José Ángel,Cross
258844,67,MissedShots,0.9269999694824219,0.45099998474121095,0.11381900310516357,Kike García,h,5074,OpenPlay,2018,Head,10063,Eibar,Alaves,2,1,2018-11-04 11:00:00,Rubén Peña,Cross
259031,75,MissedShots,0.9259999847412109,0.500999984741211,0.40355101227760315,Kike García,a,5074,OpenPlay,2018,Head,10068,Real Valladolid,Eibar,0,0,2018-11-10 12:00:00,José Ángel,Cross
259032,77,SavedShot,0.9230000305175782,0.6619999694824219,0.06347739696502686,Kike García,a,5074,OpenPlay,2018,LeftFoot,10068,Real Valladolid,Eibar,0,0,2018-11-10 12:00:00,Rubén Peña,TakeOn
259264,2,SavedShot,0.7269999694824218,0.36700000762939455,0.02044609934091568,Kike García,h,5074,OpenPlay,2018,RightFoot,10084,Eibar,Real Madrid,3,0,2018-11-24 12:00:00,Fabián Orellana,Pass
259266,14,MissedShots,0.8780000305175781,0.5609999847412109,0.047006599605083466,Kike García,h,5074,FromCorner,2018,Head,10084,Eibar,Real Madrid,3,0,2018-11-24 12:00:00,José Ángel,Cross
259268,15,SavedShot,0.9390000152587891,0.54,0.6387069821357727,Kike García,h,5074,OpenPlay,2018,RightFoot,10084,Eibar,Real Madrid,3,0,2018-11-24 12:00:00,Marc Cucurella,Pass
259277,56,Goal,0.955999984741211,0.4929999923706055,0.5536689758300781,Kike García,h,5074,OpenPlay,2018,RightFoot,10084,Eibar,Real Madrid,3,0,2018-11-24 12:00:00,Sergi Enrich,BallTouch
259279,62,MissedShots,0.89,0.375,0.062287699431180954,Kike García,h,5074,FromCorner,2018,LeftFoot,10084,Eibar,Real Madrid,3,0,2018-11-24 12:00:00,,None
259281,67,MissedShots,0.784000015258789,0.3240000152587891,0.03330659866333008,Kike García,h,5074,OpenPlay,2018,RightFoot,10084,Eibar,Real Madrid,3,0,2018-11-24 12:00:00,Marc Cucurella,Pass
259511,73,MissedShots,0.909000015258789,0.5309999847412109,0.09603089839220047,Kike García,a,5074,OpenPlay,2018,LeftFoot,10089,Rayo Vallecano,Eibar,1,0,2018-11-30 20:00:00,José Ángel,Cross
259912,87,SavedShot,0.909000015258789,0.669000015258789,0.11185099929571152,Kike García,h,5074,OpenPlay,2018,LeftFoot,10104,Eibar,Levante,4,4,2018-12-09 11:00:00,Paulo Oliveira,BallRecovery
260314,36,BlockedShot,0.9159999847412109,0.41900001525878905,0.07933209836483002,Kike García,a,5074,OpenPlay,2018,RightFoot,10125,Real Betis,Eibar,1,1,2018-12-22 12:00:00,Rubén Peña,Cross
260315,48,MissedShots,0.925,0.4,0.05139549821615219,Kike García,a,5074,FromCorner,2018,Head,10125,Real Betis,Eibar,1,1,2018-12-22 12:00:00,Joan Jordán,Cross
260320,69,SavedShot,0.879000015258789,0.38,0.07852409780025482,Kike García,a,5074,OpenPlay,2018,RightFoot,10125,Real Betis,Eibar,1,1,2018-12-22 12:00:00,Rubén Peña,Pass
260325,80,MissedShots,0.8580000305175781,0.48700000762939455,0.17927700281143188,Kike García,a,5074,OpenPlay,2018,RightFoot,10125,Real Betis,Eibar,1,1,2018-12-22 12:00:00,José Ángel,TakeOn
279949,82,SavedShot,0.9259999847412109,0.24600000381469728,0.13231900334358215,Kike García,h,5074,OpenPlay,2018,RightFoot,10135,Eibar,Villarreal,0,0,2019-01-06 11:00:00,Fabián Orellana,Throughball
279954,91,BlockedShot,0.7680000305175781,0.38599998474121094,0.012618900276720524,Kike García,h,5074,OpenPlay,2018,RightFoot,10135,Eibar,Villarreal,0,0,2019-01-06 11:00:00,,Aerial
279955,92,SavedShot,0.9130000305175782,0.4370000076293945,0.07192719727754593,Kike García,h,5074,FromCorner,2018,Head,10135,Eibar,Villarreal,0,0,2019-01-06 11:00:00,Fabián Orellana,Cross
280254,78,SavedShot,0.965999984741211,0.705,0.03536539897322655,Kike García,a,5074,OpenPlay,2018,LeftFoot,10144,Barcelona,Eibar,3,0,2019-01-13 17:30:00,Pablo De Blasis,Chipped
280256,87,MissedShots,0.9540000152587891,0.41,0.07604199647903442,Kike García,a,5074,OpenPlay,2018,RightFoot,10144,Barcelona,Eibar,3,0,2019-01-13 17:30:00,Rubén Peña,Cross
280517,8,SavedShot,0.92,0.45799999237060546,0.3878369927406311,Kike García,h,5074,OpenPlay,2018,LeftFoot,10155,Eibar,Espanyol,3,0,2019-01-21 20:00:00,Pablo De Blasis,Cross
280518,9,MissedShots,0.8109999847412109,0.33799999237060546,0.03687870129942894,Kike García,h,5074,OpenPlay,2018,RightFoot,10155,Eibar,Espanyol,3,0,2019-01-21 20:00:00,Rubén Peña,BallRecovery
280617,28,Goal,0.9219999694824219,0.46599998474121096,0.33711299300193787,Kike García,a,5074,FromCorner,2018,Head,10159,Leganes,Eibar,2,2,2019-01-26 17:30:00,Joan Jordán,Cross
281289,70,MissedShots,0.925,0.5479999923706055,0.05064060166478157,Kike García,h,5074,FromCorner,2018,Head,10194,Eibar,Getafe,2,2,2019-02-15 20:00:00,,Aerial
281655,33,SavedShot,0.7869999694824219,0.31,0.022067099809646606,Kike García,a,5074,OpenPlay,2018,RightFoot,10205,Athletic Club,Eibar,1,0,2019-02-23 19:45:00,Rubén Peña,Pass
284289,19,MissedShots,0.915,0.46700000762939453,0.12890399992465973,Kike García,a,5074,OpenPlay,2018,Head,10217,Alaves,Eibar,1,1,2019-03-09 12:00:00,Rubén Peña,Cross
287848,38,MissedShots,0.955,0.3820000076293945,0.07102339714765549,Kike García,a,5074,OpenPlay,2018,RightFoot,10245,Levante,Eibar,2,2,2019-03-31 11:00:00,,None
291251,24,MissedShots,0.8809999847412109,0.555,0.04911220073699951,Kike García,h,5074,OpenPlay,2018,Head,10254,Eibar,Rayo Vallecano,2,1,2019-04-03 19:30:00,José Ángel,Cross
291258,39,SavedShot,0.9169999694824219,0.5479999923706055,0.5049840211868286,Kike García,h,5074,OpenPlay,2018,RightFoot,10254,Eibar,Rayo Vallecano,2,1,2019-04-03 19:30:00,,None
295349,80,MissedShots,0.8969999694824219,0.4570000076293945,0.09863480180501938,Kike García,h,5074,OpenPlay,2018,Head,10280,Eibar,Atletico Madrid,0,1,2019-04-20 15:15:00,Pablo De Blasis,Cross
295352,87,SavedShot,0.9219999694824219,0.6,0.07414469867944717,Kike García,h,5074,OpenPlay,2018,LeftFoot,10280,Eibar,Atletico Madrid,0,1,2019-04-20 15:15:00,José Ángel,Cross
303242,80,MissedShots,0.925,0.38,0.01451020035892725,Kike García,h,5074,FromCorner,2018,Head,10329,Eibar,Barcelona,2,2,2019-05-19 14:15:00,Joan Jordán,Aerial
310967,52,MissedShots,0.9330000305175781,0.5879999923706055,0.07647199928760529,Kike García,a,5074,FromCorner,2019,Head,12025,Mallorca,Eibar,2,1,2019-08-17 19:00:00,Tejero,Cross
310971,56,SavedShot,0.9330000305175781,0.3940000152587891,0.016799500212073326,Kike García,a,5074,FromCorner,2019,Head,12025,Mallorca,Eibar,2,1,2019-08-17 19:00:00,Pedro León,Aerial
310980,92,MissedShots,0.879000015258789,0.44299999237060544,0.017792200669646263,Kike García,a,5074,OpenPlay,2019,Head,12025,Mallorca,Eibar,2,1,2019-08-17 19:00:00,Pedro León,Aerial
312616,74,MissedShots,0.9319999694824219,0.5770000076293945,0.05495300143957138,Kike García,a,5074,OpenPlay,2019,Head,12033,Osasuna,Eibar,0,0,2019-08-24 16:00:00,,Aerial
312620,91,BlockedShot,0.7380000305175781,0.6509999847412109,0.02016950026154518,Kike García,a,5074,OpenPlay,2019,RightFoot,12033,Osasuna,Eibar,0,0,2019-08-24 16:00:00,Edu Expósito,Pass
312621,91,BlockedShot,0.925,0.555,0.1283009946346283,Kike García,a,5074,OpenPlay,2019,RightFoot,12033,Osasuna,Eibar,0,0,2019-08-24 16:00:00,Pedro León,Pass
316535,76,MissedShots,0.8640000152587891,0.46,0.0329849012196064,Kike García,a,5074,OpenPlay,2019,Head,12051,Atletico Madrid,Eibar,3,2,2019-09-01 18:00:00,Tejero,Cross
316538,92,MissedShots,0.89,0.47,0.08077050000429153,Kike García,a,5074,OpenPlay,2019,RightFoot,12051,Atletico Madrid,Eibar,3,2,2019-09-01 18:00:00,Iván Ramis,HeadPass
323210,12,MissedShots,0.9369999694824219,0.4129999923706055,0.10993800312280655,Kike García,h,5074,OpenPlay,2019,Head,12086,Eibar,Celta Vigo,2,0,2019-09-29 12:00:00,Takashi Inui,Cross
323790,27,MissedShots,0.9119999694824219,0.41900001525878905,0.08255650103092194,Kike García,a,5074,OpenPlay,2019,Head,12094,Real Betis,Eibar,1,1,2019-10-04 20:00:00,Pedro Bigas,Cross
327386,88,MissedShots,0.7380000305175781,0.54,0.018042799085378647,Kike García,a,5074,OpenPlay,2019,RightFoot,12122,Real Valladolid,Eibar,2,0,2019-10-26 17:30:00,Anaitz Arbilla,Pass
328681,25,MissedShots,0.9319999694824219,0.49900001525878906,0.4761370122432709,Kike García,h,5074,OpenPlay,2019,Head,12127,Eibar,Villarreal,2,1,2019-10-31 18:00:00,Pablo De Blasis,Cross
328683,30,BlockedShot,0.830999984741211,0.695,0.031065799295902252,Kike García,h,5074,OpenPlay,2019,RightFoot,12127,Eibar,Villarreal,2,1,2019-10-31 18:00:00,Papakouly Diop,Pass
328685,36,SavedShot,0.8159999847412109,0.3129999923706055,0.0343639999628067,Kike García,h,5074,OpenPlay,2019,RightFoot,12127,Eibar,Villarreal,2,1,2019-10-31 18:00:00,Papakouly Diop,Chipped
328691,46,MissedShots,0.9119999694824219,0.500999984741211,0.04394010081887245,Kike García,h,5074,FromCorner,2019,Head,12127,Eibar,Villarreal,2,1,2019-10-31 18:00:00,Fabián Orellana,Aerial
328694,59,BlockedShot,0.7340000152587891,0.5690000152587891,0.021591100841760635,Kike García,h,5074,OpenPlay,2019,LeftFoot,12127,Eibar,Villarreal,2,1,2019-10-31 18:00:00,Gonzalo Escalante,Pass
328695,61,Goal,0.9080000305175782,0.5,0.08972450345754623,Kike García,h,5074,FromCorner,2019,Head,12127,Eibar,Villarreal,2,1,2019-10-31 18:00:00,Fabián Orellana,Cross
328698,76,MissedShots,0.8819999694824219,0.504000015258789,0.03819660097360611,Kike García,h,5074,OpenPlay,2019,Head,12127,Eibar,Villarreal,2,1,2019-10-31 18:00:00,José Ángel,CornerAwarded
328701,80,ShotOnPost,0.7480000305175781,0.575,0.03262389823794365,Kike García,h,5074,OpenPlay,2019,RightFoot,12127,Eibar,Villarreal,2,1,2019-10-31 18:00:00,Takashi Inui,BallRecovery
330033,83,Goal,0.875999984741211,0.37799999237060544,0.5259000062942505,Kike García,a,5074,OpenPlay,2019,RightFoot,12136,Leganes,Eibar,1,2,2019-11-03 17:30:00,Fabián Orellana,Throughball
330871,39,BlockedShot,0.850999984741211,0.625999984741211,0.06448759883642197,Kike García,h,5074,OpenPlay,2019,RightFoot,12148,Eibar,Real Madrid,0,4,2019-11-09 17:30:00,Papakouly Diop,Pass
332962,6,MissedShots,0.9469999694824218,0.33099998474121095,0.060982901602983475,Kike García,h,5074,OpenPlay,2019,RightFoot,12154,Eibar,Alaves,0,2,2019-11-24 15:00:00,Anaitz Arbilla,Chipped
332963,13,BlockedShot,0.9209999847412109,0.4490000152587891,0.5154340267181396,Kike García,h,5074,OpenPlay,2019,RightFoot,12154,Eibar,Alaves,0,2,2019-11-24 15:00:00,Fabián Orellana,Pass
332968,31,SavedShot,0.9259999847412109,0.48900001525878906,0.3626660108566284,Kike García,h,5074,FromCorner,2019,Head,12154,Eibar,Alaves,0,2,2019-11-24 15:00:00,Pedro León,Cross
332972,47,BlockedShot,0.765,0.6120000076293945,0.022291500121355057,Kike García,h,5074,FromCorner,2019,RightFoot,12154,Eibar,Alaves,0,2,2019-11-24 15:00:00,,BallRecovery
332979,71,BlockedShot,0.8969999694824219,0.46599998474121096,0.06350740045309067,Kike García,h,5074,FromCorner,2019,Head,12154,Eibar,Alaves,0,2,2019-11-24 15:00:00,Fabián Orellana,Cross
333720,63,SavedShot,0.855,0.43900001525878907,0.018259499222040176,Kike García,a,5074,OpenPlay,2019,Head,12170,Real Sociedad,Eibar,4,1,2019-11-30 15:00:00,Quique González,Cross
336098,17,MissedShots,0.945,0.3770000076293945,0.03882849961519241,Kike García,h,5074,OpenPlay,2019,Head,12175,Eibar,Getafe,0,1,2019-12-08 11:00:00,Charles,Cross
336102,25,SavedShot,0.8009999847412109,0.4759999847412109,0.052029598504304886,Kike García,h,5074,OpenPlay,2019,LeftFoot,12175,Eibar,Getafe,0,1,2019-12-08 11:00:00,Charles,BallTouch
337186,33,MissedShots,0.9430000305175781,0.35200000762939454,0.040925800800323486,Kike García,a,5074,FromCorner,2019,RightFoot,12184,Athletic Club,Eibar,0,0,2019-12-14 17:30:00,Pedro León,Cross
337189,45,MissedShots,0.9119999694824219,0.445,0.048663198947906494,Kike García,a,5074,OpenPlay,2019,Head,12184,Athletic Club,Eibar,0,0,2019-12-14 17:30:00,Tejero,Aerial
337192,67,SavedShot,0.8719999694824219,0.49400001525878906,0.044655799865722656,Kike García,a,5074,OpenPlay,2019,Head,12184,Athletic Club,Eibar,0,0,2019-12-14 17:30:00,Tejero,Cross
338366,25,Goal,0.9,0.34,0.22221100330352783,Kike García,h,5074,SetPiece,2019,RightFoot,12195,Eibar,Granada,3,0,2019-12-20 20:00:00,Edu Expósito,Pass
362591,27,BlockedShot,0.9269999694824219,0.40599998474121096,0.08064229786396027,Kike García,h,5074,SetPiece,2019,Head,12255,Eibar,Real Sociedad,1,2,2020-03-10 19:00:00,José Ángel,Cross
362596,54,MissedShots,0.905,0.585,0.09250450134277344,Kike García,h,5074,OpenPlay,2019,RightFoot,12255,Eibar,Real Sociedad,1,2,2020-03-10 19:00:00,Edu Expósito,Rebound
364721,18,Goal,0.960999984741211,0.5209999847412109,0.5734949707984924,Kike García,h,5074,OpenPlay,2019,Head,12305,Eibar,Athletic Club,2,2,2020-06-17 17:30:00,Pedro León,Cross
366597,56,BlockedShot,0.9030000305175782,0.43099998474121093,0.0530502013862133,Kike García,h,5074,FromCorner,2019,Head,12326,Eibar,Valencia,1,0,2020-06-25 17:30:00,Pedro León,Cross
366601,62,MissedShots,0.9230000305175782,0.580999984741211,0.022691499441862106,Kike García,h,5074,FromCorner,2019,Head,12326,Eibar,Valencia,1,0,2020-06-25 17:30:00,Pedro León,Aerial
367521,12,BlockedShot,0.9059999847412109,0.27700000762939453,0.04296340048313141,Kike García,a,5074,OpenPlay,2019,RightFoot,12338,Granada,Eibar,1,2,2020-06-28 18:30:00,,None
367525,35,SavedShot,0.6840000152587891,0.5129999923706055,0.010625800117850304,Kike García,a,5074,OpenPlay,2019,RightFoot,12338,Granada,Eibar,1,2,2020-06-28 18:30:00,,Aerial
367528,46,MissedShots,0.899000015258789,0.5070000076293946,0.05687540024518967,Kike García,a,5074,OpenPlay,2019,Head,12338,Granada,Eibar,1,2,2020-06-28 18:30:00,,Aerial
367529,47,BlockedShot,0.8569999694824219,0.48700000762939455,0.0697764977812767,Kike García,a,5074,OpenPlay,2019,LeftFoot,12338,Granada,Eibar,1,2,2020-06-28 18:30:00,Rafa Soares,Cross
367534,53,MissedShots,0.9030000305175782,0.5529999923706055,0.3219220042228699,Kike García,a,5074,OpenPlay,2019,LeftFoot,12338,Granada,Eibar,1,2,2020-06-28 18:30:00,Fabián Orellana,Chipped
367537,68,Goal,0.874000015258789,0.4540000152587891,0.1084669977426529,Kike García,a,5074,OpenPlay,2019,LeftFoot,12338,Granada,Eibar,1,2,2020-06-28 18:30:00,Fabián Orellana,Pass
367539,83,MissedShots,0.8880000305175781,0.5779999923706055,0.07598009705543518,Kike García,a,5074,FromCorner,2019,LeftFoot,12338,Granada,Eibar,1,2,2020-06-28 18:30:00,,None
368347,35,MissedShots,0.9159999847412109,0.52,0.10126399993896484,Kike García,h,5074,FromCorner,2019,Head,12346,Eibar,Osasuna,0,2,2020-07-02 17:30:00,Pedro León,Cross
368350,51,MissedShots,0.9169999694824219,0.4,0.020225800573825836,Kike García,h,5074,OpenPlay,2019,Head,12346,Eibar,Osasuna,0,2,2020-07-02 17:30:00,Pablo De Blasis,Aerial
368353,71,SavedShot,0.9230000305175782,0.5,0.2790899872779846,Kike García,h,5074,OpenPlay,2019,Head,12346,Eibar,Osasuna,0,2,2020-07-02 17:30:00,José Ángel,Cross
369365,77,MissedShots,0.9030000305175782,0.27700000762939453,0.036979399621486664,Kike García,a,5074,OpenPlay,2019,RightFoot,12360,Sevilla,Eibar,1,0,2020-07-06 20:00:00,Tejero,Pass
369370,95,ShotOnPost,0.9390000152587891,0.6020000076293945,0.07537060230970383,Kike García,a,5074,OpenPlay,2019,LeftFoot,12360,Sevilla,Eibar,1,0,2020-07-06 20:00:00,Esteban Burgos,HeadPass
370167,15,SavedShot,0.8619999694824219,0.5309999847412109,0.03322359919548035,Kike García,h,5074,OpenPlay,2019,Head,12369,Eibar,Leganes,0,0,2020-07-09 17:30:00,Edu Expósito,Cross
370175,65,BlockedShot,0.9319999694824219,0.47200000762939454,0.08580339699983597,Kike García,h,5074,OpenPlay,2019,Head,12369,Eibar,Leganes,0,0,2020-07-09 17:30:00,Pablo De Blasis,Aerial
370723,20,SavedShot,0.7819999694824219,0.639000015258789,0.026238400489091873,Kike García,a,5074,OpenPlay,2019,RightFoot,12379,Espanyol,Eibar,0,2,2020-07-12 12:00:00,Papakouly Diop,Pass
370733,54,SavedShot,0.8490000152587891,0.59,0.10560400038957596,Kike García,a,5074,OpenPlay,2019,LeftFoot,12379,Espanyol,Eibar,0,2,2020-07-12 12:00:00,Takashi Inui,Pass
372569,20,SavedShot,0.9030000305175782,0.40799999237060547,0.0865762010216713,Kike García,a,5074,OpenPlay,2019,RightFoot,12401,Villarreal,Eibar,4,0,2020-07-19 19:00:00,Charles,HeadPass
372574,26,MissedShots,0.91,0.6029999923706054,0.022944999858736992,Kike García,a,5074,OpenPlay,2019,Head,12401,Villarreal,Eibar,4,0,2020-07-19 19:00:00,Rafa Soares,Aerial
372578,46,MissedShots,0.8730000305175781,0.6969999694824218,0.008679820224642754,Kike García,a,5074,FromCorner,2019,Head,12401,Villarreal,Eibar,4,0,2020-07-19 19:00:00,Pablo De Blasis,Cross
372579,50,SavedShot,0.8530000305175781,0.6819999694824219,0.008286840282380581,Kike García,a,5074,OpenPlay,2019,Head,12401,Villarreal,Eibar,4,0,2020-07-19 19:00:00,Rober Correa,Aerial
376536,27,MissedShots,0.94,0.544000015258789,0.0848802998661995,Kike García,h,5074,OpenPlay,2020,Head,14136,Eibar,Celta Vigo,0,0,2020-09-12 14:00:00,Pedro León,Aerial
377547,13,SavedShot,0.899000015258789,0.5129999923706055,0.051030099391937256,Kike García,a,5074,OpenPlay,2020,Head,14146,Villarreal,Eibar,2,1,2020-09-19 14:00:00,Rafa Soares,Aerial
377554,49,Goal,0.9180000305175782,0.6880000305175781,0.4986869990825653,Kike García,a,5074,OpenPlay,2020,LeftFoot,14146,Villarreal,Eibar,2,1,2020-09-19 14:00:00,Edu Expósito,TakeOn
377559,63,MissedShots,0.9009999847412109,0.40299999237060546,0.09116269648075104,Kike García,a,5074,OpenPlay,2020,LeftFoot,14146,Villarreal,Eibar,2,1,2020-09-19 14:00:00,,BallRecovery
379312,15,MissedShots,0.91,0.47299999237060547,0.10173799842596054,Kike García,h,5074,OpenPlay,2020,RightFoot,14158,Eibar,Athletic Club,1,2,2020-09-27 12:00:00,Takashi Inui,Cross
379319,47,Goal,0.9290000152587891,0.4540000152587891,0.11247999966144562,Kike García,h,5074,FromCorner,2020,Head,14158,Eibar,Athletic Club,1,2,2020-09-27 12:00:00,Pedro León,Cross
380206,48,MissedShots,0.924000015258789,0.41200000762939454,0.06222900003194809,Kike García,h,5074,FromCorner,2020,Head,14166,Eibar,Elche,0,1,2020-09-30 19:30:00,Pedro León,Cross
380208,56,MissedShots,0.8369999694824218,0.3579999923706055,0.047881800681352615,Kike García,h,5074,OpenPlay,2020,RightFoot,14166,Eibar,Elche,0,1,2020-09-30 19:30:00,Tejero,Pass
380384,80,SavedShot,0.805,0.6459999847412109,0.10096299648284912,Kike García,a,5074,DirectFreekick,2020,RightFoot,14823,Real Valladolid,Eibar,1,2,2020-10-03 11:00:00,,Standard
383479,40,Goal,0.8880000305175781,0.36400001525878906,0.10967499762773514,Kike García,a,5074,OpenPlay,2020,RightFoot,14842,Sevilla,Eibar,0,1,2020-10-24 16:30:00,Papakouly Diop,Throughball
383489,70,BlockedShot,0.88,0.6730000305175782,0.07166410237550735,Kike García,a,5074,OpenPlay,2020,LeftFoot,14842,Sevilla,Eibar,0,1,2020-10-24 16:30:00,Bryan Gil Salvatierra,Pass
384336,8,MissedShots,0.865,0.5529999923706055,0.05314439907670021,Kike García,h,5074,OpenPlay,2020,RightFoot,14849,Eibar,Cadiz,0,2,2020-10-30 20:00:00,Alejandro Pozo,Cross
384347,78,MissedShots,0.89,0.53,0.022720100358128548,Kike García,h,5074,FromCorner,2020,Head,14849,Eibar,Cadiz,0,2,2020-10-30 20:00:00,Bryan Gil Salvatierra,Aerial
385814,53,MissedShots,0.740999984741211,0.23899999618530274,0.021925199776887894,Kike García,a,5074,OpenPlay,2020,RightFoot,14858,SD Huesca,Eibar,1,1,2020-11-07 13:00:00,Sergio Álvarez,Pass
387744,11,SavedShot,0.8980000305175782,0.6029999923706054,0.3689570128917694,Kike García,h,5074,OpenPlay,2020,LeftFoot,14868,Eibar,Getafe,0,0,2020-11-22 13:00:00,Edu Expósito,Pass
387745,11,ShotOnPost,0.9359999847412109,0.59,0.40896400809288025,Kike García,h,5074,OpenPlay,2020,RightFoot,14868,Eibar,Getafe,0,0,2020-11-22 13:00:00,,Rebound
387747,15,SavedShot,0.765,0.5270000076293946,0.035858698189258575,Kike García,h,5074,OpenPlay,2020,RightFoot,14868,Eibar,Getafe,0,0,2020-11-22 13:00:00,Papakouly Diop,TakeOn
387754,41,SavedShot,0.9119999694824219,0.6609999847412109,0.07183220237493515,Kike García,h,5074,OpenPlay,2020,LeftFoot,14868,Eibar,Getafe,0,0,2020-11-22 13:00:00,Bryan Gil Salvatierra,Pass
387760,86,MissedShots,0.9290000152587891,0.49900001525878906,0.08013469725847244,Kike García,h,5074,SetPiece,2020,Head,14868,Eibar,Getafe,0,0,2020-11-22 13:00:00,Bryan Gil Salvatierra,Aerial
391193,29,MissedShots,0.9719999694824218,0.5870000076293945,0.12623299658298492,Kike García,h,5074,OpenPlay,2020,RightFoot,14894,Eibar,Valencia,0,0,2020-12-07 20:00:00,Bryan Gil Salvatierra,Pass
391194,32,MissedShots,0.9259999847412109,0.41900001525878905,0.10306599736213684,Kike García,h,5074,OpenPlay,2020,Head,14894,Eibar,Valencia,0,0,2020-12-07 20:00:00,Edu Expósito,Cross
391195,32,SavedShot,0.9019999694824219,0.5729999923706055,0.12408299744129181,Kike García,h,5074,OpenPlay,2020,LeftFoot,14894,Eibar,Valencia,0,0,2020-12-07 20:00:00,Edu Expósito,Pass
391201,49,MissedShots,0.845999984741211,0.5479999923706055,0.06760480254888535,Kike García,h,5074,OpenPlay,2020,RightFoot,14894,Eibar,Valencia,0,0,2020-12-07 20:00:00,Rober Correa,None
391203,53,MissedShots,0.9569999694824218,0.41900001525878905,0.0539621002972126,Kike García,h,5074,FromCorner,2020,OtherBodyPart,14894,Eibar,Valencia,0,0,2020-12-07 20:00:00,Bryan Gil Salvatierra,Cross
391205,63,MissedShots,0.9290000152587891,0.5,0.1244489997625351,Kike García,h,5074,FromCorner,2020,Head,14894,Eibar,Valencia,0,0,2020-12-07 20:00:00,Bryan Gil Salvatierra,Cross
391206,66,MissedShots,0.8009999847412109,0.6120000076293945,0.036793000996112823,Kike García,h,5074,OpenPlay,2020,RightFoot,14894,Eibar,Valencia,0,0,2020-12-07 20:00:00,Yoshinori Muto,Pass
391964,31,MissedShots,0.9269999694824219,0.3189999961853027,0.007238349877297878,Kike García,a,5074,SetPiece,2020,Head,14904,Real Sociedad,Eibar,1,1,2020-12-13 13:00:00,Bryan Gil Salvatierra,Aerial
391965,33,BlockedShot,0.7319999694824219,0.49700000762939456,0.015959400683641434,Kike García,a,5074,OpenPlay,2020,RightFoot,14904,Real Sociedad,Eibar,1,1,2020-12-13 13:00:00,Edu Expósito,BallRecovery
391971,49,SavedShot,0.89,0.5120000076293946,0.09901569783687592,Kike García,a,5074,OpenPlay,2020,RightFoot,14904,Real Sociedad,Eibar,1,1,2020-12-13 13:00:00,Kévin Rodrigues,Pass
391976,72,BlockedShot,0.9059999847412109,0.654000015258789,0.08335469663143158,Kike García,a,5074,OpenPlay,2020,LeftFoot,14904,Real Sociedad,Eibar,1,1,2020-12-13 13:00:00,Bryan Gil Salvatierra,Pass
394820,27,Goal,0.7830000305175782,0.7040000152587891,0.01241340022534132,Kike García,h,5074,OpenPlay,2020,RightFoot,14911,Eibar,Real Madrid,1,3,2020-12-20 20:00:00,Kévin Rodrigues,Chipped
395566,15,MissedShots,0.8619999694824219,0.705,0.3343139886856079,Kike García,a,5074,OpenPlay,2020,RightFoot,14917,Alaves,Eibar,2,1,2020-12-23 21:00:00,,BallRecovery
395578,49,SavedShot,0.9259999847412109,0.555,0.1002969965338707,Kike García,a,5074,FromCorner,2020,Head,14917,Alaves,Eibar,2,1,2020-12-23 21:00:00,Bryan Gil Salvatierra,Cross
395584,93,MissedShots,0.9690000152587891,0.5570000076293945,0.0799826979637146,Kike García,a,5074,FromCorner,2020,Head,14917,Alaves,Eibar,2,1,2020-12-23 21:00:00,Bryan Gil Salvatierra,Aerial
395958,10,MissedShots,0.875,0.46299999237060546,0.07208190113306046,Kike García,a,5074,SetPiece,2020,RightFoot,14928,Barcelona,Eibar,1,1,2020-12-29 18:00:00,,None
395972,56,Goal,0.825,0.5920000076293945,0.3309069871902466,Kike García,a,5074,OpenPlay,2020,LeftFoot,14928,Barcelona,Eibar,1,1,2020-12-29 18:00:00,,BallRecovery
395973,64,BlockedShot,0.8040000152587891,0.6719999694824219,0.03751190006732941,Kike García,a,5074,OpenPlay,2020,RightFoot,14928,Barcelona,Eibar,1,1,2020-12-29 18:00:00,Takashi Inui,Pass
397040,29,SavedShot,0.97,0.539000015258789,0.1284549981355667,Kike García,h,5074,OpenPlay,2020,LeftFoot,14940,Eibar,Granada,2,0,2021-01-03 17:30:00,Bryan Gil Salvatierra,Cross
397053,80,SavedShot,0.8640000152587891,0.5309999847412109,0.38974300026893616,Kike García,h,5074,OpenPlay,2020,RightFoot,14940,Eibar,Granada,2,0,2021-01-03 17:30:00,Yoshinori Muto,Pass
400209,41,MissedShots,0.925,0.509000015258789,0.07472039759159088,Kike García,h,5074,OpenPlay,2020,Head,14962,Eibar,Atletico Madrid,1,2,2021-01-21 20:30:00,Takashi Inui,Aerial
400210,48,MissedShots,0.9219999694824219,0.595999984741211,0.08766280114650726,Kike García,h,5074,OpenPlay,2020,RightFoot,14962,Eibar,Atletico Madrid,1,2,2021-01-21 20:30:00,Takashi Inui,Cross
400211,49,MissedShots,0.9640000152587891,0.5629999923706055,0.10977400094270706,Kike García,h,5074,OpenPlay,2020,RightFoot,14962,Eibar,Atletico Madrid,1,2,2021-01-21 20:30:00,Takashi Inui,Cross
401025,18,SavedShot,0.8930000305175781,0.4570000076293945,0.05742720142006874,Kike García,a,5074,FromCorner,2020,LeftFoot,14974,Celta Vigo,Eibar,1,1,2021-01-24 17:30:00,Edu Expósito,Cross
401029,39,MissedShots,0.8930000305175781,0.44599998474121094,0.07530660182237625,Kike García,a,5074,OpenPlay,2020,LeftFoot,14974,Celta Vigo,Eibar,1,1,2021-01-24 17:30:00,Rafa Soares,Cross
401498,37,MissedShots,0.865,0.4,0.07248230278491974,Kike García,h,5074,FromCorner,2020,LeftFoot,14980,Eibar,Sevilla,0,2,2021-01-30 13:00:00,Bryan Gil Salvatierra,Rebound
401500,40,SavedShot,0.865,0.710999984741211,0.041666798293590546,Kike García,h,5074,OpenPlay,2020,RightFoot,14980,Eibar,Sevilla,0,2,2021-01-30 13:00:00,Bryan Gil Salvatierra,Pass
401501,43,ShotOnPost,0.919000015258789,0.48700000762939455,0.34711501002311707,Kike García,h,5074,SetPiece,2020,Head,14980,Eibar,Sevilla,0,2,2021-01-30 13:00:00,Edu Expósito,Cross
401509,80,MissedShots,0.7330000305175781,0.3820000076293945,0.014146200381219387,Kike García,h,5074,OpenPlay,2020,RightFoot,14980,Eibar,Sevilla,0,2,2021-01-30 13:00:00,Sergi Enrich,Pass
401514,94,SavedShot,0.8819999694824219,0.5029999923706054,0.05876019969582558,Kike García,h,5074,SetPiece,2020,Head,14980,Eibar,Sevilla,0,2,2021-01-30 13:00:00,Aleix García,Chipped
403903,13,MissedShots,0.8040000152587891,0.509000015258789,0.05296510085463524,Kike García,a,5074,OpenPlay,2020,RightFoot,14994,Osasuna,Eibar,2,1,2021-02-07 17:30:00,Bryan Gil Salvatierra,Pass
403908,33,BlockedShot,0.8769999694824219,0.4879999923706055,0.01526929996907711,Kike García,a,5074,FromCorner,2020,Head,14994,Osasuna,Eibar,2,1,2021-02-07 17:30:00,Edu Expósito,Aerial
403911,37,BlockedShot,0.9459999847412109,0.4759999847412109,0.1344909965991974,Kike García,a,5074,OpenPlay,2020,LeftFoot,14994,Osasuna,Eibar,2,1,2021-02-07 17:30:00,,Rebound
403913,43,Goal,0.889000015258789,0.5790000152587891,0.4013510048389435,Kike García,a,5074,OpenPlay,2020,RightFoot,14994,Osasuna,Eibar,2,1,2021-02-07 17:30:00,Bryan Gil Salvatierra,Pass
404438,22,Goal,0.9309999847412109,0.5070000076293946,0.37997400760650635,Kike García,h,5074,OpenPlay,2020,Head,15000,Eibar,Real Valladolid,1,1,2021-02-13 17:30:00,Bryan Gil Salvatierra,Chipped
404445,54,MissedShots,0.9380000305175781,0.5359999847412109,0.06889250129461288,Kike García,h,5074,FromCorner,2020,Head,15000,Eibar,Real Valladolid,1,1,2021-02-13 17:30:00,Edu Expósito,Aerial
404447,66,SavedShot,0.784000015258789,0.3340000152587891,0.024580299854278564,Kike García,h,5074,OpenPlay,2020,RightFoot,15000,Eibar,Real Valladolid,1,1,2021-02-13 17:30:00,Takashi Inui,BallTouch
405425,29,SavedShot,0.914000015258789,0.63,0.08857929706573486,Kike García,a,5074,OpenPlay,2020,LeftFoot,15017,Elche,Eibar,1,0,2021-02-20 13:00:00,Edu Expósito,Pass
405427,33,SavedShot,0.8090000152587891,0.6459999847412109,0.034357499331235886,Kike García,a,5074,OpenPlay,2020,LeftFoot,15017,Elche,Eibar,1,0,2021-02-20 13:00:00,Bryan Gil Salvatierra,Pass
405428,34,MissedShots,0.8580000305175781,0.45099998474121095,0.05414459854364395,Kike García,a,5074,OpenPlay,2020,RightFoot,15017,Elche,Eibar,1,0,2021-02-20 13:00:00,Sergi Enrich,Cross
406581,12,MissedShots,0.980999984741211,0.43400001525878906,0.5106130242347717,Kike García,h,5074,OpenPlay,2020,RightFoot,15020,Eibar,SD Huesca,1,1,2021-02-27 13:00:00,Pedro León,Cross
406587,47,MissedShots,0.759000015258789,0.41900001525878905,0.023609500378370285,Kike García,h,5074,OpenPlay,2020,RightFoot,15020,Eibar,SD Huesca,1,1,2021-02-27 13:00:00,Edu Expósito,BallRecovery
406589,55,SavedShot,0.8280000305175781,0.6990000152587891,0.034129798412323,Kike García,h,5074,OpenPlay,2020,RightFoot,15020,Eibar,SD Huesca,1,1,2021-02-27 13:00:00,,Dispossessed
406590,62,BlockedShot,0.7240000152587891,0.5159999847412109,0.020428599789738655,Kike García,h,5074,OpenPlay,2020,RightFoot,15020,Eibar,SD Huesca,1,1,2021-02-27 13:00:00,Papakouly Diop,Pass
406597,84,MissedShots,0.9130000305175782,0.5870000076293945,0.0926503986120224,Kike García,h,5074,OpenPlay,2020,RightFoot,15020,Eibar,SD Huesca,1,1,2021-02-27 13:00:00,Rafa Soares,Chipped
408669,29,MissedShots,0.9209999847412109,0.4129999923706055,0.0604822002351284,Kike García,a,5074,FromCorner,2020,Head,15031,Cadiz,Eibar,1,0,2021-03-06 17:30:00,Pedro León,Cross
410659,14,BlockedShot,0.909000015258789,0.5120000076293946,0.04541439935564995,Kike García,h,5074,OpenPlay,2020,Head,15041,Eibar,Villarreal,1,3,2021-03-14 17:30:00,Anaitz Arbilla,Aerial
411229,3,BlockedShot,0.9259999847412109,0.3820000076293945,0.0747900977730751,Kike García,a,5074,OpenPlay,2020,RightFoot,15048,Athletic Club,Eibar,1,1,2021-03-20 13:00:00,Alejandro Pozo,Cross
411233,16,Goal,0.889000015258789,0.639000015258789,0.26566699147224426,Kike García,a,5074,OpenPlay,2020,RightFoot,15048,Athletic Club,Eibar,1,1,2021-03-20 13:00:00,,BallRecovery
411234,22,MissedShots,0.9,0.5029999923706054,0.04814809933304787,Kike García,a,5074,OpenPlay,2020,Head,15048,Athletic Club,Eibar,1,1,2021-03-20 13:00:00,Rafa Soares,Aerial
412645,83,MissedShots,0.7669999694824219,0.385,0.02139130048453808,Kike García,a,5074,OpenPlay,2020,RightFoot,15064,Real Madrid,Eibar,2,0,2021-04-03 14:15:00,Miguel Ángel Atienza,BlockedPass
414032,28,SavedShot,0.914000015258789,0.5279999923706055,0.04092400148510933,Kike García,h,5074,FromCorner,2020,Head,15071,Eibar,Levante,0,1,2021-04-10 16:30:00,Aleix García,Aerial
414039,53,SavedShot,0.769000015258789,0.5729999923706055,0.025882799178361893,Kike García,h,5074,OpenPlay,2020,LeftFoot,15071,Eibar,Levante,0,1,2021-04-10 16:30:00,Papakouly Diop,Pass
414045,88,MissedShots,0.9230000305175782,0.5929999923706055,0.07263080030679703,Kike García,h,5074,OpenPlay,2020,RightFoot,15071,Eibar,Levante,0,1,2021-04-10 16:30:00,José Ángel,Cross
416883,63,Goal,0.9009999847412109,0.40599998474121096,0.30797499418258667,Kike García,a,5074,OpenPlay,2020,RightFoot,15083,Granada,Eibar,4,1,2021-04-22 19:00:00,Pedro León,TakeOn
416887,69,BlockedShot,0.904000015258789,0.5720000076293945,0.08004140108823776,Kike García,a,5074,OpenPlay,2020,RightFoot,15083,Granada,Eibar,4,1,2021-04-22 19:00:00,Quique González,BallTouch
418265,56,SavedShot,0.919000015258789,0.40299999237060546,0.028683800250291824,Kike García,h,5074,OpenPlay,2020,Head,15090,Eibar,Real Sociedad,0,1,2021-04-26 19:00:00,Papakouly Diop,Aerial
418266,69,MissedShots,0.914000015258789,0.505,0.06086390092968941,Kike García,h,5074,SetPiece,2020,Head,15090,Eibar,Real Sociedad,0,1,2021-04-26 19:00:00,Bryan Gil Salvatierra,Aerial
418273,90,BlockedShot,0.855999984741211,0.485,0.0285521000623703,Kike García,h,5074,OpenPlay,2020,Head,15090,Eibar,Real Sociedad,0,1,2021-04-26 19:00:00,Rober Correa,Cross
418511,2,Goal,0.9390000152587891,0.47,0.5275300145149231,Kike García,h,5074,OpenPlay,2020,RightFoot,15114,Eibar,Alaves,3,0,2021-05-01 12:00:00,Bryan Gil Salvatierra,HeadPass
418525,49,Goal,0.93,0.5129999923706055,0.4363130033016205,Kike García,h,5074,OpenPlay,2020,RightFoot,15114,Eibar,Alaves,3,0,2021-05-01 12:00:00,Edu Expósito,Cross
418526,58,Goal,0.9519999694824218,0.7030000305175781,0.07045809924602509,Kike García,h,5074,OpenPlay,2020,RightFoot,15114,Eibar,Alaves,3,0,2021-05-01 12:00:00,Rafa Soares,Pass
420486,60,SavedShot,0.9219999694824219,0.49700000762939456,0.14055000245571136,Kike García,a,5074,OpenPlay,2020,Head,15122,Getafe,Eibar,0,1,2021-05-09 12:00:00,Sergi Enrich,Cross
421607,38,MissedShots,0.8809999847412109,0.5370000076293945,0.0575093999505043,Kike García,h,5074,OpenPlay,2020,Head,15130,Eibar,Real Betis,1,1,2021-05-13 18:00:00,Bryan Gil Salvatierra,Cross
422712,9,BlockedShot,0.894000015258789,0.43900001525878907,0.09457050263881683,Kike García,a,5074,OpenPlay,2020,RightFoot,15146,Valencia,Eibar,4,1,2021-05-16 16:30:00,,Rebound
422718,36,MissedShots,0.9230000305175782,0.49700000762939456,0.3516770005226135,Kike García,a,5074,OpenPlay,2020,Head,15146,Valencia,Eibar,4,1,2021-05-16 16:30:00,José Ángel,Cross
423716,29,SavedShot,0.884000015258789,0.3039999961853027,0.03267280012369156,Kike García,h,5074,OpenPlay,2020,RightFoot,15149,Eibar,Barcelona,0,1,2021-05-22 16:00:00,Anaitz Arbilla,Pass
423719,44,MissedShots,0.9380000305175781,0.44299999237060544,0.13902899622917175,Kike García,h,5074,OpenPlay,2020,Head,15149,Eibar,Barcelona,0,1,2021-05-22 16:00:00,Bryan Gil Salvatierra,Cross
426143,3,MissedShots,0.9009999847412109,0.5790000152587891,0.06895820051431656,Kike García,h,5074,OpenPlay,2021,Head,17137,Osasuna,Espanyol,0,0,2021-08-14 20:00:00,Nacho Vidal,Cross
426156,64,MissedShots,0.9569999694824218,0.42400001525878905,0.08938340097665787,Kike García,h,5074,OpenPlay,2021,LeftFoot,17137,Osasuna,Espanyol,0,0,2021-08-14 20:00:00,,None
428076,8,MissedShots,0.9169999694824219,0.3920000076293945,0.39646199345588684,Kike García,h,5074,OpenPlay,2021,RightFoot,17155,Osasuna,Celta Vigo,0,0,2021-08-23 20:00:00,Kike Barja,BallTouch
428078,16,SavedShot,0.855,0.5459999847412109,0.08092500269412994,Kike García,h,5074,OpenPlay,2021,RightFoot,17155,Osasuna,Celta Vigo,0,0,2021-08-23 20:00:00,,BlockedPass
428080,29,SavedShot,0.815,0.3039999961853027,0.01614380069077015,Kike García,h,5074,OpenPlay,2021,RightFoot,17155,Osasuna,Celta Vigo,0,0,2021-08-23 20:00:00,Sergio Herrera,Aerial
429382,20,SavedShot,0.7280000305175781,0.595999984741211,0.019206900149583817,Kike García,a,5074,OpenPlay,2021,RightFoot,17163,Cadiz,Osasuna,2,3,2021-08-29 17:30:00,Rubén García,Pass
429386,39,MissedShots,0.7830000305175782,0.4809999847412109,0.038529399782419205,Kike García,a,5074,OpenPlay,2021,LeftFoot,17163,Cadiz,Osasuna,2,3,2021-08-29 17:30:00,Nacho Vidal,Pass
429390,59,Goal,0.885,0.5,0.7432780265808105,Kike García,a,5074,Penalty,2021,RightFoot,17163,Cadiz,Osasuna,2,3,2021-08-29 17:30:00,,Standard
429393,76,ShotOnPost,0.8959999847412109,0.6859999847412109,0.04506950080394745,Kike García,a,5074,OpenPlay,2021,LeftFoot,17163,Cadiz,Osasuna,2,3,2021-08-29 17:30:00,Roberto Torres,Pass
429395,89,BlockedShot,0.9440000152587891,0.539000015258789,0.20353999733924866,Kike García,a,5074,OpenPlay,2021,Head,17163,Cadiz,Osasuna,2,3,2021-08-29 17:30:00,Robert Ibáñez,BallTouch
430515,48,SavedShot,0.9,0.3659999847412109,0.0842588022351265,Kike García,h,5074,OpenPlay,2021,RightFoot,17172,Osasuna,Valencia,1,4,2021-09-12 14:15:00,Rubén García,Pass
431616,67,MissedShots,0.9030000305175782,0.5420000076293945,0.1187409982085228,Kike García,a,5074,OpenPlay,2021,RightFoot,17176,Alaves,Osasuna,0,2,2021-09-18 19:00:00,Darko Brasanac,Cross
433018,32,SavedShot,0.765,0.495,0.026877300813794136,Kike García,h,5074,OpenPlay,2021,RightFoot,17195,Osasuna,Real Betis,1,3,2021-09-23 17:30:00,Rubén García,Pass
433021,38,Goal,0.879000015258789,0.6079999923706054,0.38408300280570984,Kike García,h,5074,OpenPlay,2021,RightFoot,17195,Osasuna,Real Betis,1,3,2021-09-23 17:30:00,Roberto Torres,Throughball
433032,66,MissedShots,0.91,0.46,0.11845199763774872,Kike García,h,5074,OpenPlay,2021,Head,17195,Osasuna,Real Betis,1,3,2021-09-23 17:30:00,Roberto Torres,Cross
434672,21,SavedShot,0.965999984741211,0.6680000305175782,0.0659841001033783,Kike García,h,5074,OpenPlay,2021,LeftFoot,17208,Osasuna,Rayo Vallecano,1,0,2021-10-02 12:00:00,Darko Brasanac,Pass
434675,28,BlockedShot,0.8490000152587891,0.645,0.05074260011315346,Kike García,h,5074,OpenPlay,2021,RightFoot,17208,Osasuna,Rayo Vallecano,1,0,2021-10-02 12:00:00,Roberto Torres,Pass
437099,17,MissedShots,0.9,0.46099998474121096,0.06619240343570709,Kike García,a,5074,FromCorner,2021,Head,17225,Villarreal,Osasuna,1,2,2021-10-17 16:30:00,Rubén García,Cross
437102,34,BlockedShot,0.874000015258789,0.3729999923706055,0.08740080147981644,Kike García,a,5074,OpenPlay,2021,RightFoot,17225,Villarreal,Osasuna,1,2,2021-10-17 16:30:00,Jon Moncayola,Pass
437469,87,SavedShot,0.7659999847412109,0.655,0.026897799223661423,Kike García,h,5074,OpenPlay,2021,RightFoot,17230,Osasuna,Granada,1,1,2021-10-22 19:00:00,David García,BallRecovery
439162,35,MissedShots,0.9319999694824219,0.5,0.1068509966135025,Kike García,a,5074,FromCorner,2021,LeftFoot,17237,Real Madrid,Osasuna,0,0,2021-10-27 19:30:00,,None
442789,6,BlockedShot,0.7130000305175781,0.7330000305175781,0.015623900108039379,Kike García,a,5074,OpenPlay,2021,RightFoot,17266,Atletico Madrid,Osasuna,1,0,2021-11-20 17:30:00,Darko Brasanac,Pass
442791,16,SavedShot,0.919000015258789,0.4470000076293945,0.060673899948596954,Kike García,a,5074,OpenPlay,2021,Head,17266,Atletico Madrid,Osasuna,1,0,2021-11-20 17:30:00,Ezequiel Ávila,Aerial
445016,2,MissedShots,0.9490000152587891,0.43599998474121093,0.41184499859809875,Kike García,h,5074,OpenPlay,2021,Head,17282,Osasuna,Elche,1,1,2021-11-29 20:00:00,José Ángel,Cross
445023,23,SavedShot,0.83,0.27299999237060546,0.028330499306321144,Kike García,h,5074,OpenPlay,2021,LeftFoot,17282,Osasuna,Elche,1,1,2021-11-29 20:00:00,Ante Budimir,BallTouch
445037,80,MissedShots,0.924000015258789,0.725999984741211,0.034651000052690506,Kike García,h,5074,OpenPlay,2021,LeftFoot,17282,Osasuna,Elche,1,1,2021-11-29 20:00:00,Darko Brasanac,Pass
445041,90,BlockedShot,0.919000015258789,0.49599998474121093,0.13980300724506378,Kike García,h,5074,OpenPlay,2021,RightFoot,17282,Osasuna,Elche,1,1,2021-11-29 20:00:00,,Rebound
445042,92,MissedShots,0.960999984741211,0.4279999923706055,0.1363389939069748,Kike García,h,5074,OpenPlay,2021,LeftFoot,17282,Osasuna,Elche,1,1,2021-11-29 20:00:00,Roberto Torres,Pass
451496,9,Goal,0.9019999694824219,0.5540000152587891,0.03994309902191162,Kike García,h,5074,OpenPlay,2021,Head,17325,Osasuna,Athletic Club,1,3,2022-01-03 20:00:00,Jon Moncayola,Aerial
451501,27,SavedShot,0.9219999694824219,0.5029999923706054,0.05613330006599426,Kike García,h,5074,FromCorner,2021,Head,17325,Osasuna,Athletic Club,1,3,2022-01-03 20:00:00,Rubén García,Aerial
451504,32,BlockedShot,0.8219999694824218,0.5690000152587891,0.04961109906435013,Kike García,h,5074,OpenPlay,2021,LeftFoot,17325,Osasuna,Athletic Club,1,3,2022-01-03 20:00:00,,Rebound
451510,46,MissedShots,0.845,0.4779999923706055,0.07003329694271088,Kike García,h,5074,OpenPlay,2021,LeftFoot,17325,Osasuna,Athletic Club,1,3,2022-01-03 20:00:00,Nacho Vidal,Pass
452693,19,MissedShots,0.9219999694824219,0.3940000152587891,0.028697799891233444,Kike García,h,5074,OpenPlay,2021,Head,17330,Osasuna,Cadiz,2,0,2022-01-09 17:30:00,Rubén García,Aerial
452695,26,BlockedShot,0.9059999847412109,0.27700000762939453,0.04001370072364807,Kike García,h,5074,OpenPlay,2021,LeftFoot,17330,Osasuna,Cadiz,2,0,2022-01-09 17:30:00,José Ángel,Chipped
454930,78,SavedShot,0.9419999694824219,0.6909999847412109,0.07866170257329941,Kike García,a,5074,OpenPlay,2021,LeftFoot,17348,Granada,Osasuna,0,2,2022-01-23 13:00:00,Rubén García,BallRecovery
454932,83,MissedShots,0.8059999847412109,0.5790000152587891,0.058706700801849365,Kike García,a,5074,OpenPlay,2021,RightFoot,17348,Granada,Osasuna,0,2,2022-01-23 13:00:00,Rubén García,Pass
454933,88,Goal,0.9540000152587891,0.5279999923706055,0.6551910042762756,Kike García,a,5074,OpenPlay,2021,RightFoot,17348,Granada,Osasuna,0,2,2022-01-23 13:00:00,Nacho Vidal,Pass
457253,76,MissedShots,0.955,0.47900001525878905,0.37821900844573975,Kike García,a,5074,FromCorner,2021,RightFoot,17374,Rayo Vallecano,Osasuna,0,3,2022-02-12 17:30:00,David García,CornerAwarded
457254,92,Goal,0.8909999847412109,0.34,0.2510159909725189,Kike García,a,5074,OpenPlay,2021,RightFoot,17374,Rayo Vallecano,Osasuna,0,3,2022-02-12 17:30:00,Javi Martínez,Pass
458399,69,SavedShot,0.9,0.5329999923706055,0.08519899845123291,Kike García,h,5074,OpenPlay,2021,RightFoot,17382,Osasuna,Atletico Madrid,0,3,2022-02-19 15:15:00,Ante Budimir,BallTouch
460518,77,MissedShots,0.8580000305175781,0.46,0.026071999222040176,Kike García,a,5074,OpenPlay,2021,Head,17392,Real Sociedad,Osasuna,1,0,2022-02-27 17:30:00,Ezequiel Ávila,Cross
460521,80,BlockedShot,0.7440000152587891,0.590999984741211,0.016660600900650024,Kike García,a,5074,OpenPlay,2021,RightFoot,17392,Real Sociedad,Osasuna,1,0,2022-02-27 17:30:00,,Dispossessed
460878,60,MissedShots,0.894000015258789,0.634000015258789,0.017402300611138344,Kike García,h,5074,FromCorner,2021,Head,17402,Osasuna,Villarreal,1,0,2022-03-05 13:00:00,Jon Moncayola,Cross
460881,68,MissedShots,0.8490000152587891,0.28600000381469726,0.03775480017066002,Kike García,h,5074,OpenPlay,2021,RightFoot,17402,Osasuna,Villarreal,1,0,2022-03-05 13:00:00,Ezequiel Ávila,Chipped
464168,72,BlockedShot,0.9059999847412109,0.46700000762939453,0.12389300018548965,Kike García,h,5074,OpenPlay,2021,RightFoot,17421,Osasuna,Levante,3,1,2022-03-19 17:30:00,Iker Benito,Cross
464171,75,MissedShots,0.9019999694824219,0.545,0.37966498732566833,Kike García,h,5074,OpenPlay,2021,LeftFoot,17421,Osasuna,Levante,3,1,2022-03-19 17:30:00,Manuel Sánchez,Cross
464174,78,MissedShots,0.8540000152587891,0.455,0.09475400298833847,Kike García,h,5074,OpenPlay,2021,LeftFoot,17421,Osasuna,Levante,3,1,2022-03-19 17:30:00,Iñigo Pérez,Pass
464178,88,SavedShot,0.9540000152587891,0.6120000076293945,0.3726949989795685,Kike García,h,5074,FromCorner,2021,LeftFoot,17421,Osasuna,Levante,3,1,2022-03-19 17:30:00,,Rebound
464180,91,SavedShot,0.8190000152587891,0.6370000076293946,0.09751290082931519,Kike García,h,5074,OpenPlay,2021,LeftFoot,17421,Osasuna,Levante,3,1,2022-03-19 17:30:00,Iñigo Pérez,Pass
465923,75,BlockedShot,0.8140000152587891,0.7969999694824219,0.019077999517321587,Kike García,a,5074,OpenPlay,2021,RightFoot,17429,Real Betis,Osasuna,4,1,2022-04-03 14:15:00,Javi Martínez,Pass
467143,65,SavedShot,0.8690000152587891,0.48200000762939454,0.04890520125627518,Kike García,h,5074,OpenPlay,2021,Head,17440,Osasuna,Alaves,1,0,2022-04-10 12:00:00,Roberto Torres,Cross
467148,93,MissedShots,0.46299999237060546,0.5890000152587891,0.007024719845503569,Kike García,h,5074,OpenPlay,2021,RightFoot,17440,Osasuna,Alaves,1,0,2022-04-10 12:00:00,,None
475112,63,MissedShots,0.9119999694824219,0.37599998474121094,0.02571439929306507,Kike García,h,5074,FromCorner,2021,Head,17489,Osasuna,Getafe,1,1,2022-05-11 17:00:00,Rubén García,Cross
478129,87,MissedShots,0.9180000305175782,0.46900001525878904,0.13145600259304047,Kike García,h,5074,OpenPlay,2021,Head,17509,Osasuna,Mallorca,0,2,2022-05-22 18:00:00,Iñigo Pérez,Cross
480087,87,SavedShot,0.7519999694824219,0.7480000305175781,0.02316970005631447,Kike García,h,5074,OpenPlay,2022,RightFoot,18962,Osasuna,Sevilla,2,1,2022-08-12 19:00:00,Pablo Ibáñez,Pass
481979,78,Goal,0.885,0.5,0.7432780265808105,Kike García,h,5074,Penalty,2022,RightFoot,18974,Osasuna,Cadiz,2,0,2022-08-20 15:30:00,,Standard
481981,89,BlockedShot,0.84,0.5359999847412109,0.07786940038204193,Kike García,h,5074,OpenPlay,2022,RightFoot,18974,Osasuna,Cadiz,2,0,2022-08-20 15:30:00,,None
488350,95,MissedShots,0.91,0.295,0.057270199060440063,Kike García,a,5074,OpenPlay,2022,RightFoot,19007,Almeria,Osasuna,0,1,2022-09-12 19:00:00,Pablo Ibáñez,Pass
491109,49,Goal,0.8780000305175781,0.4779999923706055,0.019734099507331848,Kike García,a,5074,OpenPlay,2022,Head,19030,Real Madrid,Osasuna,1,1,2022-10-02 19:00:00,Unai García,Aerial
491110,52,MissedShots,0.9219999694824219,0.43900001525878907,0.13569700717926025,Kike García,a,5074,OpenPlay,2022,RightFoot,19030,Real Madrid,Osasuna,1,1,2022-10-02 19:00:00,Moi Gómez,Pass
491298,7,MissedShots,0.865,0.38,0.0722476989030838,Kike García,h,5074,OpenPlay,2022,RightFoot,19037,Osasuna,Valencia,1,2,2022-10-07 19:00:00,Abdessamad Ezzalzouli,Pass
491301,23,SavedShot,0.8290000152587891,0.29399999618530276,0.03668690100312233,Kike García,h,5074,OpenPlay,2022,RightFoot,19037,Osasuna,Valencia,1,2,2022-10-07 19:00:00,Aimar Oroz,Chipped
491318,82,MissedShots,0.914000015258789,0.4640000152587891,0.34299299120903015,Kike García,h,5074,SetPiece,2022,Head,19037,Osasuna,Valencia,1,2,2022-10-07 19:00:00,Rubén García,Cross
491322,92,BlockedShot,0.885,0.585,0.04487429931759834,Kike García,h,5074,SetPiece,2022,Head,19037,Osasuna,Valencia,1,2,2022-10-07 19:00:00,Rubén García,Cross
494161,53,MissedShots,0.76,0.5479999923706055,0.026055099442601204,Kike García,a,5074,OpenPlay,2022,RightFoot,19050,Villarreal,Osasuna,2,0,2022-10-17 19:00:00,Juan Cruz,BallRecovery
494168,65,BlockedShot,0.9319999694824219,0.669000015258789,0.01089549995958805,Kike García,a,5074,OpenPlay,2022,Head,19050,Villarreal,Osasuna,2,0,2022-10-17 19:00:00,Juan Cruz,Cross
497055,79,SavedShot,0.8919999694824219,0.5179999923706055,0.11091700196266174,Kike García,h,5074,OpenPlay,2022,RightFoot,19074,Osasuna,Real Valladolid,2,0,2022-10-30 13:00:00,,None
497056,81,MissedShots,0.76,0.3920000076293945,0.021834099665284157,Kike García,h,5074,OpenPlay,2022,LeftFoot,19074,Osasuna,Real Valladolid,2,0,2022-10-30 13:00:00,,None
497058,84,BlockedShot,0.860999984741211,0.634000015258789,0.11617100238800049,Kike García,h,5074,OpenPlay,2022,LeftFoot,19074,Osasuna,Real Valladolid,2,0,2022-10-30 13:00:00,,TakeOn
497061,90,SavedShot,0.785,0.4129999923706055,0.04471559822559357,Kike García,h,5074,OpenPlay,2022,RightFoot,19074,Osasuna,Real Valladolid,2,0,2022-10-30 13:00:00,Roberto Torres,Pass
499256,58,SavedShot,0.919000015258789,0.40299999237060546,0.03450329974293709,Kike García,h,5074,OpenPlay,2022,Head,19097,Osasuna,Barcelona,1,2,2022-11-08 20:30:00,Ezequiel Ávila,Aerial
499260,76,MissedShots,0.92,0.51,0.07869599759578705,Kike García,h,5074,OpenPlay,2022,Head,19097,Osasuna,Barcelona,1,2,2022-11-08 20:30:00,Nacho Vidal,Aerial
499261,78,MissedShots,0.9519999694824218,0.43099998474121093,0.5665609836578369,Kike García,h,5074,OpenPlay,2022,RightFoot,19097,Osasuna,Barcelona,1,2,2022-11-08 20:30:00,Rubén Peña,Pass
503721,80,MissedShots,0.8930000305175781,0.6669999694824219,0.12296400219202042,Kike García,h,5074,OpenPlay,2022,LeftFoot,19129,Osasuna,Mallorca,1,0,2023-01-14 17:30:00,Aimar Oroz,Throughball
505037,79,MissedShots,0.875,0.53,0.013569300062954426,Kike García,a,5074,SetPiece,2022,Head,19135,Elche,Osasuna,1,1,2023-01-22 15:15:00,Diego Moreno,Aerial
505038,81,SavedShot,0.9409999847412109,0.6880000305175781,0.04883740097284317,Kike García,a,5074,OpenPlay,2022,RightFoot,19135,Elche,Osasuna,1,1,2023-01-22 15:15:00,Aimar Oroz,Pass
506261,92,MissedShots,0.9630000305175781,0.610999984741211,0.050345201045274734,Kike García,h,5074,FromCorner,2022,RightFoot,19146,Osasuna,Atletico Madrid,0,1,2023-01-29 15:15:00,Kike Barja,Cross
506923,91,MissedShots,0.8830000305175781,0.43,0.019096100702881813,Kike García,a,5074,OpenPlay,2022,Head,19158,Espanyol,Osasuna,1,1,2023-02-04 13:00:00,Moi Gómez,Aerial
509103,70,SavedShot,0.695,0.54,0.02214290015399456,Kike García,a,5074,OpenPlay,2022,RightFoot,19171,Real Valladolid,Osasuna,0,0,2023-02-12 17:30:00,,BallRecovery
509106,82,MissedShots,0.9169999694824219,0.4829999923706055,0.05157909914851189,Kike García,a,5074,FromCorner,2022,Head,19171,Real Valladolid,Osasuna,0,0,2023-02-12 17:30:00,,Aerial
511566,33,MissedShots,0.54,0.3320000076293945,0.008443419821560383,Kike García,a,5074,OpenPlay,2022,RightFoot,19182,Sevilla,Osasuna,2,3,2023-02-26 20:00:00,Pablo Ibáñez,BallRecovery
511568,43,MissedShots,0.9669999694824218,0.30700000762939456,0.02684829942882061,Kike García,a,5074,OpenPlay,2022,LeftFoot,19182,Sevilla,Osasuna,2,3,2023-02-26 20:00:00,Kike Barja,Cross
511569,45,SavedShot,0.8880000305175781,0.4370000076293945,0.08810640126466751,Kike García,a,5074,OpenPlay,2022,LeftFoot,19182,Sevilla,Osasuna,2,3,2023-02-26 20:00:00,Kike Barja,Cross
511570,46,MissedShots,0.9230000305175782,0.39099998474121095,0.3518980145454407,Kike García,a,5074,OpenPlay,2022,RightFoot,19182,Sevilla,Osasuna,2,3,2023-02-26 20:00:00,Pablo Ibáñez,HeadPass
511578,60,MissedShots,0.9290000152587891,0.3079999923706055,0.03551860153675079,Kike García,a,5074,OpenPlay,2022,RightFoot,19182,Sevilla,Osasuna,2,3,2023-02-26 20:00:00,Kike Barja,Cross
511580,66,MissedShots,0.904000015258789,0.43,0.07820429652929306,Kike García,a,5074,OpenPlay,2022,Head,19182,Sevilla,Osasuna,2,3,2023-02-26 20:00:00,Kike Barja,Cross
516006,87,MissedShots,0.8490000152587891,0.5309999847412109,0.07949580252170563,Kike García,a,5074,OpenPlay,2022,RightFoot,19224,Mallorca,Osasuna,0,0,2023-03-31 20:00:00,Abdessamad Ezzalzouli,Foul
517809,85,BlockedShot,0.9009999847412109,0.46099998474121096,0.4614560008049011,Kike García,h,5074,OpenPlay,2022,RightFoot,19239,Osasuna,Elche,2,1,2023-04-08 12:00:00,Iker Benito,Pass
517810,94,BlockedShot,0.9390000152587891,0.6959999847412109,0.10976500064134598,Kike García,h,5074,OpenPlay,2022,LeftFoot,19239,Osasuna,Elche,2,1,2023-04-08 12:00:00,Aimar Oroz,TakeOn
519114,52,BlockedShot,0.8059999847412109,0.580999984741211,0.054918400943279266,Kike García,a,5074,OpenPlay,2022,LeftFoot,19249,Rayo Vallecano,Osasuna,2,1,2023-04-14 19:00:00,Aimar Oroz,TakeOn
522515,8,SavedShot,0.8809999847412109,0.44799999237060545,0.04985799267888069,Kike García,h,5074,OpenPlay,2022,Head,19276,Osasuna,Real Sociedad,0,2,2023-04-28 19:00:00,Moi Gómez,Cross
522517,22,MissedShots,0.9180000305175782,0.5940000152587891,0.4493044912815094,Kike García,h,5074,SetPiece,2022,LeftFoot,19276,Osasuna,Real Sociedad,0,2,2023-04-28 19:00:00,Aridane Hernández,Pass
522522,36,MissedShots,0.865,0.44799999237060545,0.05390731617808342,Kike García,h,5074,OpenPlay,2022,RightFoot,19276,Osasuna,Real Sociedad,0,2,2023-04-28 19:00:00,Moi Gómez,Cross
523783,74,SavedShot,0.9159999847412109,0.5209999847412109,0.05857476592063904,Kike García,a,5074,SetPiece,2022,Head,19284,Barcelona,Osasuna,1,0,2023-05-02 17:30:00,Kike Barja,Aerial
523786,77,MissedShots,0.8180000305175781,0.35700000762939454,0.03933020308613777,Kike García,a,5074,OpenPlay,2022,RightFoot,19284,Barcelona,Osasuna,1,0,2023-05-02 17:30:00,,None
528076,73,MissedShots,0.7619999694824219,0.67,0.018312470987439156,Kike García,a,5074,OpenPlay,2022,RightFoot,19311,Atletico Madrid,Osasuna,3,0,2023-05-21 14:15:00,Manuel Sánchez,Pass
532749,97,MissedShots,0.86,0.565,0.024588264524936676,Kike García,a,5074,OpenPlay,2023,Head,22693,Cadiz,Alaves,1,0,2023-08-14 17:30:00,Javier López,Cross
534153,5,MissedShots,0.9180000305175782,0.495,0.12919208407402039,Kike García,h,5074,OpenPlay,2023,RightFoot,22703,Alaves,Sevilla,4,3,2023-08-21 17:00:00,Xeber Alkain,Cross
534160,23,SavedShot,0.87,0.539000015258789,0.05967901274561882,Kike García,h,5074,OpenPlay,2023,RightFoot,22703,Alaves,Sevilla,4,3,2023-08-21 17:00:00,Rubén Duarte,Cross
534172,53,Goal,0.924000015258789,0.52,0.4432353675365448,Kike García,h,5074,OpenPlay,2023,Head,22703,Alaves,Sevilla,4,3,2023-08-21 17:00:00,Jon Guridi,HeadPass
534175,58,Goal,0.9730000305175781,0.644000015258789,0.5238238573074341,Kike García,h,5074,OpenPlay,2023,LeftFoot,22703,Alaves,Sevilla,4,3,2023-08-21 17:00:00,Luis Rioja,TakeOn
535698,49,MissedShots,0.8959999847412109,0.7030000305175781,0.04591546580195427,Kike García,a,5074,OpenPlay,2023,LeftFoot,22713,Getafe,Alaves,1,0,2023-08-28 17:30:00,Rubén Duarte,Chipped
536470,4,SavedShot,0.885,0.5,0.7432776093482971,Kike García,h,5074,Penalty,2023,RightFoot,22720,Alaves,Valencia,1,0,2023-09-02 16:30:00,,Standard
536475,39,ShotOnPost,0.8680000305175781,0.3370000076293945,0.051595401018857956,Kike García,h,5074,OpenPlay,2023,LeftFoot,22720,Alaves,Valencia,1,0,2023-09-02 16:30:00,Xeber Alkain,Pass
536484,68,MissedShots,0.945,0.41,0.3129398226737976,Kike García,h,5074,OpenPlay,2023,Head,22720,Alaves,Valencia,1,0,2023-09-02 16:30:00,Alex Sola,Cross
537293,34,MissedShots,0.86,0.41,0.12347707152366638,Kike García,a,5074,OpenPlay,2023,RightFoot,22734,Rayo Vallecano,Alaves,2,0,2023-09-15 19:00:00,Jon Guridi,TakeOn
537297,37,SavedShot,0.9219999694824219,0.7280000305175781,0.04610234498977661,Kike García,a,5074,OpenPlay,2023,LeftFoot,22734,Rayo Vallecano,Alaves,2,0,2023-09-15 19:00:00,Antonio Sivera,Pass
537307,61,MissedShots,0.9219999694824219,0.4809999847412109,0.05438556522130966,Kike García,a,5074,FromCorner,2023,Head,22734,Rayo Vallecano,Alaves,2,0,2023-09-15 19:00:00,Luis Rioja,Aerial
538824,9,BlockedShot,0.9769999694824218,0.62,0.04835529625415802,Kike García,h,5074,FromCorner,2023,RightFoot,22742,Alaves,Athletic Club,0,2,2023-09-22 19:00:00,Ianis Hagi,Chipped
538828,28,SavedShot,0.8469999694824218,0.710999984741211,0.049328483641147614,Kike García,h,5074,OpenPlay,2023,LeftFoot,22742,Alaves,Athletic Club,0,2,2023-09-22 19:00:00,Carlos Benavídez,Pass
538838,69,SavedShot,0.93,0.38,0.3730940818786621,Kike García,h,5074,OpenPlay,2023,RightFoot,22742,Alaves,Athletic Club,0,2,2023-09-22 19:00:00,Andoni Gorosabel,Pass
538847,94,SavedShot,0.9580000305175781,0.44799999237060545,0.5617802143096924,Kike García,h,5074,OpenPlay,2023,RightFoot,22742,Alaves,Athletic Club,0,2,2023-09-22 19:00:00,,Dispossessed
540598,93,SavedShot,0.715,0.605,0.01824338175356388,Kike García,a,5074,OpenPlay,2023,RightFoot,22754,Celta Vigo,Alaves,1,1,2023-09-28 17:00:00,Antonio Blanco,Pass
541858,34,BlockedShot,0.9119999694824219,0.6270000076293946,0.12441272288560867,Kike García,h,5074,OpenPlay,2023,RightFoot,22761,Alaves,Osasuna,0,2,2023-10-01 14:15:00,Luis Rioja,TakeOn
541861,38,MissedShots,0.9169999694824219,0.475,0.046955082565546036,Kike García,h,5074,OpenPlay,2023,Head,22761,Alaves,Osasuna,0,2,2023-10-01 14:15:00,Alex Sola,Aerial
543427,17,MissedShots,0.9169999694824219,0.555,0.09638682007789612,Kike García,h,5074,OpenPlay,2023,RightFoot,22769,Alaves,Real Betis,1,1,2023-10-08 16:30:00,Luis Rioja,Cross
543428,17,MissedShots,0.895,0.555,0.42858755588531494,Kike García,h,5074,OpenPlay,2023,RightFoot,22769,Alaves,Real Betis,1,1,2023-10-08 16:30:00,,None
543434,34,SavedShot,0.9359999847412109,0.4470000076293945,0.35779842734336853,Kike García,h,5074,SetPiece,2023,Head,22769,Alaves,Real Betis,1,1,2023-10-08 16:30:00,Ianis Hagi,Cross
543437,43,BlockedShot,0.7830000305175782,0.51,0.04113214090466499,Kike García,h,5074,OpenPlay,2023,RightFoot,22769,Alaves,Real Betis,1,1,2023-10-08 16:30:00,Aleksander Sedlar,BallTouch
543443,51,MissedShots,0.9390000152587891,0.2989999961853027,0.10792972147464752,Kike García,h,5074,OpenPlay,2023,RightFoot,22769,Alaves,Real Betis,1,1,2023-10-08 16:30:00,Ianis Hagi,Throughball
547237,2,MissedShots,0.9569999694824218,0.580999984741211,0.10696876049041748,Kike García,h,5074,FromCorner,2023,Head,22797,Alaves,Almeria,1,0,2023-11-05 13:00:00,Ianis Hagi,Cross
547240,27,MissedShots,0.909000015258789,0.475,0.09983359277248383,Kike García,h,5074,OpenPlay,2023,LeftFoot,22797,Alaves,Almeria,1,0,2023-11-05 13:00:00,Luis Rioja,Cross
547245,35,MissedShots,0.9259999847412109,0.425,0.05331314355134964,Kike García,h,5074,OpenPlay,2023,Head,22797,Alaves,Almeria,1,0,2023-11-05 13:00:00,Ianis Hagi,None
547255,58,SavedShot,0.9730000305175781,0.565,0.5284910798072815,Kike García,h,5074,OpenPlay,2023,RightFoot,22797,Alaves,Almeria,1,0,2023-11-05 13:00:00,Luis Rioja,Cross
549032,91,BlockedShot,0.91,0.425,0.032640427350997925,Kike García,a,5074,OpenPlay,2023,Head,22814,Barcelona,Alaves,2,1,2023-11-12 15:15:00,Nahuel Tenaglia,Aerial
552671,83,SavedShot,0.9569999694824218,0.6,0.04373479634523392,Kike García,h,5074,FromCorner,2023,Head,22840,Alaves,Las Palmas,0,1,2023-12-09 13:00:00,,None
552672,83,BlockedShot,0.9390000152587891,0.63,0.07077435404062271,Kike García,h,5074,FromCorner,2023,LeftFoot,22840,Alaves,Las Palmas,0,1,2023-12-09 13:00:00,,None
552673,87,BlockedShot,0.9590000152587891,0.4590000152587891,0.6205654144287109,Kike García,h,5074,OpenPlay,2023,RightFoot,22840,Alaves,Las Palmas,0,1,2023-12-09 13:00:00,Alex Sola,Pass
555206,85,MissedShots,0.75,0.6029999923706054,0.013363953679800034,Kike García,a,5074,OpenPlay,2023,RightFoot,22854,Girona,Alaves,3,0,2023-12-18 20:00:00,Abderrahmane Rebbach,None
557284,90,SavedShot,0.899000015258789,0.24600000381469728,0.03725061193108559,Kike García,a,5074,OpenPlay,2023,LeftFoot,22874,Real Sociedad,Alaves,1,1,2024-01-02 18:15:00,Luis Rioja,Pass
557774,39,Goal,0.865999984741211,0.4779999923706055,0.09453073143959045,Kike García,a,5074,OpenPlay,2023,RightFoot,22884,Sevilla,Alaves,2,3,2024-01-12 20:00:00,Carlos Vicente,HeadPass
557775,45,SavedShot,0.9059999847412109,0.4420000076293945,0.09355773776769638,Kike García,a,5074,SetPiece,2023,Head,22884,Sevilla,Alaves,2,3,2024-01-12 20:00:00,Carlos Vicente,Cross
557776,46,SavedShot,0.97,0.47099998474121096,0.10007666051387787,Kike García,a,5074,SetPiece,2023,LeftFoot,22884,Sevilla,Alaves,2,3,2024-01-12 20:00:00,,None
557786,67,SavedShot,0.8069999694824219,0.5359999847412109,0.07467258721590042,Kike García,a,5074,OpenPlay,2023,RightFoot,22884,Sevilla,Alaves,2,3,2024-01-12 20:00:00,Carlos Vicente,Pass
558806,5,BlockedShot,0.7219999694824218,0.4420000076293945,0.02089281566441059,Kike García,h,5074,OpenPlay,2023,RightFoot,22887,Alaves,Cadiz,1,0,2024-01-19 20:00:00,Ander Guevara,Pass
558808,11,SavedShot,0.9069999694824219,0.48400001525878905,0.05733100324869156,Kike García,h,5074,OpenPlay,2023,Head,22887,Alaves,Cadiz,1,0,2024-01-19 20:00:00,Luis Rioja,Aerial
558819,57,MissedShots,0.9119999694824219,0.4829999923706055,0.04496723413467407,Kike García,h,5074,FromCorner,2023,Head,22887,Alaves,Cadiz,1,0,2024-01-19 20:00:00,,Aerial
565382,91,BlockedShot,0.8959999847412109,0.5870000076293945,0.07429494708776474,Kike García,h,5074,SetPiece,2023,RightFoot,22943,Alaves,Mallorca,1,1,2024-02-24 17:30:00,Carlos Benavídez,HeadPass
568474,81,MissedShots,0.7880000305175782,0.32,0.030162179842591286,Kike García,h,5074,OpenPlay,2023,LeftFoot,22960,Alaves,Rayo Vallecano,1,0,2024-03-10 13:00:00,Carlos Benavídez,Pass
569730,82,MissedShots,0.9340000152587891,0.345,0.018452642485499382,Kike García,a,5074,OpenPlay,2023,Head,22974,Athletic Club,Alaves,2,0,2024-03-16 20:00:00,Ianis Hagi,Pass
575711,52,MissedShots,0.85,0.3729999923706055,0.06908883899450302,Kike García,h,5074,OpenPlay,2023,RightFoot,22999,Alaves,Atletico Madrid,2,0,2024-04-21 16:30:00,Abdelkabir Abqar,Chipped
575712,54,SavedShot,0.7419999694824219,0.6559999847412109,0.02525385282933712,Kike García,h,5074,OpenPlay,2023,LeftFoot,22999,Alaves,Atletico Madrid,2,0,2024-04-21 16:30:00,Giuliano Simeone,Pass
576909,29,MissedShots,0.9219999694824219,0.48400001525878905,0.3496823310852051,Kike García,h,5074,FromCorner,2023,Head,23010,Alaves,Celta Vigo,3,0,2024-04-27 16:30:00,Carlos Vicente,Cross
576911,36,SavedShot,0.9269999694824219,0.43,0.4876803457736969,Kike García,h,5074,OpenPlay,2023,RightFoot,23010,Alaves,Celta Vigo,3,0,2024-04-27 16:30:00,Andoni Gorosabel,Pass
576916,61,SavedShot,0.9540000152587891,0.41,0.46634218096733093,Kike García,h,5074,OpenPlay,2023,RightFoot,23010,Alaves,Celta Vigo,3,0,2024-04-27 16:30:00,Jon Guridi,BallTouch
579149,6,ShotOnPost,0.909000015258789,0.5670000076293945,0.03979656100273132,Kike García,a,5074,OpenPlay,2023,OtherBodyPart,23024,Valencia,Alaves,0,1,2024-05-05 16:30:00,Carlos Vicente,Aerial
579152,19,SavedShot,0.7669999694824219,0.545,0.028416939079761505,Kike García,a,5074,OpenPlay,2023,LeftFoot,23024,Valencia,Alaves,0,1,2024-05-05 16:30:00,Giuliano Simeone,Pass
579164,56,SavedShot,0.8880000305175781,0.25,0.10057523846626282,Kike García,a,5074,OpenPlay,2023,RightFoot,23024,Valencia,Alaves,0,1,2024-05-05 16:30:00,Antonio Blanco,Throughball
579608,9,MissedShots,0.9230000305175782,0.6029999923706054,0.06790658086538315,Kike García,h,5074,OpenPlay,2023,RightFoot,23030,Alaves,Girona,2,2,2024-05-10 19:00:00,Javier López,Cross
579615,28,MissedShots,0.955999984741211,0.4809999847412109,0.5809546113014221,Kike García,h,5074,OpenPlay,2023,RightFoot,23030,Alaves,Girona,2,2,2024-05-10 19:00:00,Carlos Vicente,Cross
579625,60,SavedShot,0.92,0.3189999961853027,0.05564834550023079,Kike García,h,5074,OpenPlay,2023,RightFoot,23030,Alaves,Girona,2,2,2024-05-10 19:00:00,Ander Guevara,Chipped
581848,16,MissedShots,0.9730000305175781,0.42200000762939455,0.41276854276657104,Kike García,h,5074,OpenPlay,2023,Head,23050,Alaves,Getafe,1,0,2024-05-18 19:00:00,Carlos Vicente,Cross
581851,26,ShotOnPost,0.92,0.4829999923706055,0.6416885852813721,Kike García,h,5074,OpenPlay,2023,RightFoot,23050,Alaves,Getafe,1,0,2024-05-18 19:00:00,Giuliano Simeone,Pass
584543,16,Goal,0.9269999694824219,0.45799999237060546,0.310863196849823,Kike García,a,5074,OpenPlay,2024,Head,26984,Celta Vigo,Alaves,2,1,2024-08-16 17:00:00,Antonio Blanco,Chipped
584546,47,MissedShots,0.89,0.47400001525878904,0.10749171674251556,Kike García,a,5074,OpenPlay,2024,Head,26984,Celta Vigo,Alaves,2,1,2024-08-16 17:00:00,Luka Romero,Cross
584551,69,MissedShots,0.955999984741211,0.5820000076293945,0.10178400576114655,Kike García,a,5074,OpenPlay,2024,RightFoot,26984,Celta Vigo,Alaves,2,1,2024-08-16 17:00:00,Luis Rioja,Cross
584552,70,BlockedShot,0.9630000305175781,0.3340000152587891,0.03823766112327576,Kike García,a,5074,OpenPlay,2024,RightFoot,26984,Celta Vigo,Alaves,2,1,2024-08-16 17:00:00,Carlos Vicente,Cross
587322,69,MissedShots,0.7190000152587891,0.4759999847412109,0.01836245134472847,Kike García,a,5074,OpenPlay,2024,RightFoot,27008,Real Sociedad,Alaves,1,2,2024-08-28 19:30:00,Jon Guridi,Pass
587325,73,MissedShots,0.8690000152587891,0.40599998474121096,0.06241459399461746,Kike García,a,5074,FromCorner,2024,LeftFoot,27008,Real Sociedad,Alaves,1,2,2024-08-28 19:30:00,Adrián Pica,None
587332,91,MissedShots,0.87,0.4490000152587891,0.25764772295951843,Kike García,a,5074,OpenPlay,2024,Head,27008,Real Sociedad,Alaves,1,2,2024-08-28 19:30:00,Manuel Sánchez,Cross
589884,46,BlockedShot,0.8959999847412109,0.5570000076293945,0.09788278490304947,Kike García,h,5074,OpenPlay,2024,Head,27017,Alaves,Las Palmas,2,0,2024-09-01 15:00:00,Tomás Conechny,Cross
590876,9,SavedShot,0.885,0.5920000076293945,0.01807398349046707,Kike García,a,5074,OpenPlay,2024,Head,27022,Espanyol,Alaves,3,2,2024-09-14 14:15:00,Antonio Blanco,Aerial
592058,85,BlockedShot,0.8830000305175781,0.4279999923706055,0.1091231256723404,Kike García,h,5074,OpenPlay,2024,LeftFoot,27035,Alaves,Sevilla,2,1,2024-09-20 19:00:00,Carlos Vicente,BallTouch
593482,85,Goal,0.955,0.6669999694824219,0.23682153224945068,Kike García,a,5074,OpenPlay,2024,LeftFoot,27051,Real Madrid,Alaves,3,2,2024-09-24 19:00:00,Carlos Benavídez,Chipped
596223,77,SavedShot,0.874000015258789,0.44799999237060545,0.31576889753341675,Kike García,h,5074,OpenPlay,2024,RightFoot,27064,Alaves,Barcelona,0,3,2024-10-06 14:15:00,Ander Guevara,SubstitutionOn
596696,96,Goal,0.84,0.6780000305175782,0.03029896505177021,Kike García,h,5074,OpenPlay,2024,RightFoot,27078,Alaves,Real Valladolid,2,3,2024-10-18 19:00:00,Abdelkabir Abqar,Chipped
601511,24,SavedShot,0.960999984741211,0.4540000152587891,0.36929455399513245,Kike García,a,5074,OpenPlay,2024,OtherBodyPart,27111,Villarreal,Alaves,3,0,2024-11-09 15:15:00,,None
604144,29,SavedShot,0.45,0.05599999904632568,0.0066811032593250275,Kike García,h,5074,OpenPlay,2024,RightFoot,27124,Alaves,Leganes,1,1,2024-11-30 15:15:00,,BallRecovery
604150,51,BlockedShot,0.9019999694824219,0.42400001525878905,0.016847459599375725,Kike García,h,5074,FromCorner,2024,Head,27124,Alaves,Leganes,1,1,2024-11-30 15:15:00,Carlos Vicente,Aerial
604158,79,BlockedShot,0.950999984741211,0.595999984741211,0.08840768784284592,Kike García,h,5074,OpenPlay,2024,Head,27124,Alaves,Leganes,1,1,2024-11-30 15:15:00,Luka Romero,Cross
604162,92,SavedShot,0.7759999847412109,0.705,0.023667167872190475,Kike García,h,5074,OpenPlay,2024,RightFoot,27124,Alaves,Leganes,1,1,2024-11-30 15:15:00,Antonio Martínez,HeadPass
606574,0,Goal,0.9259999847412109,0.4640000152587891,0.3590103089809418,Kike García,a,5074,OpenPlay,2024,Head,27141,Osasuna,Alaves,2,2,2024-12-08 17:30:00,Carlos Martín,Cross
606577,38,SavedShot,0.8680000305175781,0.5029999923706054,0.4094941318035126,Kike García,a,5074,OpenPlay,2024,RightFoot,27141,Osasuna,Alaves,2,2,2024-12-08 17:30:00,Santiago Mouriño,Pass
606583,50,MissedShots,0.914000015258789,0.6709999847412109,0.029180867597460747,Kike García,a,5074,FromCorner,2024,Head,27141,Osasuna,Alaves,2,2,2024-12-08 17:30:00,,None
606592,67,Goal,0.9740000152587891,0.5259999847412109,0.5670592188835144,Kike García,a,5074,OpenPlay,2024,LeftFoot,27141,Osasuna,Alaves,2,2,2024-12-08 17:30:00,Carlos Vicente,Cross
607552,2,MissedShots,0.855999984741211,0.40900001525878904,0.07607161998748779,Kike García,h,5074,OpenPlay,2024,RightFoot,27149,Alaves,Athletic Club,1,1,2024-12-15 15:15:00,Joan Jordán,Pass
608612,6,MissedShots,0.935,0.4520000076293945,0.10924380272626877,Kike García,a,5074,OpenPlay,2024,RightFoot,27161,Valencia,Alaves,2,2,2024-12-22 13:00:00,,Goal
608618,57,MissedShots,0.7559999847412109,0.3029999923706055,0.02965148724615574,Kike García,a,5074,OpenPlay,2024,RightFoot,27161,Valencia,Alaves,2,2,2024-12-22 13:00:00,Stoichkov,Chipped
610544,19,MissedShots,0.94,0.46,0.13813179731369019,Kike García,h,5074,OpenPlay,2024,Head,27166,Alaves,Girona,0,1,2025-01-11 13:00:00,Antonio Blanco,Cross
610546,26,MissedShots,0.8090000152587891,0.6719999694824219,0.05365186557173729,Kike García,h,5074,OpenPlay,2024,LeftFoot,27166,Alaves,Girona,0,1,2025-01-11 13:00:00,Antonio Blanco,Pass
612424,10,Goal,0.885,0.5,0.7432776093482971,Kike García,a,5074,Penalty,2024,RightFoot,27181,Real Betis,Alaves,1,3,2025-01-18 17:30:00,,Standard
612432,77,BlockedShot,0.8980000305175782,0.5109999847412109,0.09874344617128372,Kike García,a,5074,OpenPlay,2024,RightFoot,27181,Real Betis,Alaves,1,3,2025-01-18 17:30:00,Carlos Vicente,Cross
612433,79,Goal,0.855999984741211,0.5540000152587891,0.08048395067453384,Kike García,a,5074,OpenPlay,2024,LeftFoot,27181,Real Betis,Alaves,1,3,2025-01-18 17:30:00,Carlos Vicente,BallTouch
612434,83,Goal,0.884000015258789,0.47200000762939454,0.2652492821216583,Kike García,a,5074,OpenPlay,2024,Head,27181,Real Betis,Alaves,1,3,2025-01-18 17:30:00,Carlos Vicente,Cross
614255,5,Goal,0.885,0.5,0.7432776093482971,Kike García,h,5074,Penalty,2024,RightFoot,27186,Alaves,Celta Vigo,1,1,2025-01-27 20:00:00,,Standard
617020,24,Goal,0.874000015258789,0.6129999923706054,0.07334224879741669,Kike García,a,5074,OpenPlay,2024,LeftFoot,27219,Leganes,Alaves,3,3,2025-02-15 13:00:00,Carles Aleñá,Pass
617024,46,MissedShots,0.7609999847412109,0.3189999961853027,0.01816737838089466,Kike García,a,5074,OpenPlay,2024,RightFoot,27219,Leganes,Alaves,3,3,2025-02-15 13:00:00,Abdelkabir Abqar,Chipped
618252,39,SavedShot,0.8880000305175781,0.47299999237060547,0.33609190583229065,Kike García,h,5074,SetPiece,2024,RightFoot,27231,Alaves,Espanyol,0,1,2025-02-22 13:00:00,Joan Jordán,Chipped
620691,29,BlockedShot,0.9059999847412109,0.66,0.05808020755648613,Kike García,a,5074,OpenPlay,2024,RightFoot,27240,Mallorca,Alaves,1,1,2025-03-02 17:30:00,,CornerAwarded
620697,55,BlockedShot,0.855,0.644000015258789,0.05804569274187088,Kike García,a,5074,OpenPlay,2024,RightFoot,27240,Mallorca,Alaves,1,1,2025-03-02 17:30:00,Carles Aleñá,Pass
620699,58,MissedShots,0.93,0.519000015258789,0.06400298327207565,Kike García,a,5074,FromCorner,2024,Head,27240,Mallorca,Alaves,1,1,2025-03-02 17:30:00,Joan Jordán,Aerial
620708,67,Goal,0.980999984741211,0.4759999847412109,0.9179942607879639,Kike García,a,5074,FromCorner,2024,RightFoot,27240,Mallorca,Alaves,1,1,2025-03-02 17:30:00,Carlos Martín,Rebound
624291,39,SavedShot,0.7959999847412109,0.6609999847412109,0.025996901094913483,Kike García,h,5074,OpenPlay,2024,RightFoot,27266,Alaves,Rayo Vallecano,0,2,2025-03-29 17:30:00,Jon Guridi,Pass
624295,52,MissedShots,0.8540000152587891,0.519000015258789,0.054246965795755386,Kike García,h,5074,OpenPlay,2024,RightFoot,27266,Alaves,Rayo Vallecano,0,2,2025-03-29 17:30:00,Manuel Sánchez,Cross
624299,60,MissedShots,0.8830000305175781,0.5420000076293945,0.03434717655181885,Kike García,h,5074,OpenPlay,2024,Head,27266,Alaves,Rayo Vallecano,0,2,2025-03-29 17:30:00,Nahuel Tenaglia,Aerial
624305,82,BlockedShot,0.8809999847412109,0.385,0.0781826451420784,Kike García,h,5074,OpenPlay,2024,LeftFoot,27266,Alaves,Rayo Vallecano,0,2,2025-03-29 17:30:00,Carlos Vicente,Pass
625442,7,SavedShot,0.8180000305175781,0.49900001525878906,0.09000082314014435,Kike García,a,5074,OpenPlay,2024,RightFoot,27280,Girona,Alaves,0,1,2025-04-05 12:00:00,Carlos Martín,Pass
627809,13,SavedShot,0.7530000305175781,0.5479999923706055,0.023683300241827965,Kike García,h,5074,OpenPlay,2024,RightFoot,27287,Alaves,Real Madrid,0,1,2025-04-13 14:15:00,,BallRecovery
627814,26,MissedShots,0.889000015258789,0.36,0.07251066714525223,Kike García,h,5074,OpenPlay,2024,LeftFoot,27287,Alaves,Real Madrid,0,1,2025-04-13 14:15:00,Joan Jordán,Pass
627817,49,MissedShots,0.8830000305175781,0.5479999923706055,0.05364838242530823,Kike García,h,5074,OpenPlay,2024,Head,27287,Alaves,Real Madrid,0,1,2025-04-13 14:15:00,Manuel Sánchez,Cross
627819,56,SavedShot,0.8809999847412109,0.4809999847412109,0.0595242902636528,Kike García,h,5074,OpenPlay,2024,Head,27287,Alaves,Real Madrid,0,1,2025-04-13 14:15:00,Joan Jordán,Cross
629395,27,MissedShots,0.9030000305175782,0.6990000152587891,0.0453559048473835,Kike García,a,5074,OpenPlay,2024,LeftFoot,27299,Sevilla,Alaves,1,1,2025-04-20 16:30:00,Carles Aleñá,Chipped
629399,46,Goal,0.9209999847412109,0.49900001525878906,0.5259876251220703,Kike García,a,5074,OpenPlay,2024,RightFoot,27299,Sevilla,Alaves,1,1,2025-04-20 16:30:00,Carlos Vicente,Rebound
629400,56,MissedShots,0.8819999694824219,0.48200000762939454,0.07080584019422531,Kike García,a,5074,OpenPlay,2024,RightFoot,27299,Sevilla,Alaves,1,1,2025-04-20 16:30:00,Carlos Vicente,Cross
631219,30,MissedShots,0.8980000305175782,0.40700000762939453,0.043910469859838486,Kike García,h,5074,SetPiece,2024,Head,27314,Alaves,Atletico Madrid,0,0,2025-05-03 12:00:00,Manuel Sánchez,Cross
631220,47,MissedShots,0.8809999847412109,0.47900001525878905,0.13809779286384583,Kike García,h,5074,OpenPlay,2024,LeftFoot,27314,Alaves,Atletico Madrid,0,0,2025-05-03 12:00:00,Antonio Blanco,Pass
631229,72,SavedShot,0.9369999694824219,0.6270000076293946,0.29170146584510803,Kike García,h,5074,OpenPlay,2024,RightFoot,27314,Alaves,Atletico Madrid,0,0,2025-05-03 12:00:00,Nahuel Tenaglia,Chipped
631232,84,SavedShot,0.96,0.28,0.047651831060647964,Kike García,h,5074,OpenPlay,2024,RightFoot,27314,Alaves,Atletico Madrid,0,0,2025-05-03 12:00:00,Carlos Benavídez,Chipped
634013,29,MissedShots,0.889000015258789,0.669000015258789,0.10843221098184586,Kike García,h,5074,OpenPlay,2024,LeftFoot,27333,Alaves,Valencia,1,0,2025-05-14 17:00:00,Carles Aleñá,Throughball
634020,65,BlockedShot,0.9259999847412109,0.5740000152587891,0.4591929018497467,Kike García,h,5074,OpenPlay,2024,LeftFoot,27333,Alaves,Valencia,1,0,2025-05-14 17:00:00,,BallRecovery
635328,12,SavedShot,0.925,0.6530000305175782,0.08172514289617538,Kike García,a,5074,OpenPlay,2024,LeftFoot,27349,Real Valladolid,Alaves,0,1,2025-05-18 17:00:00,Carles Aleñá,Pass
635329,17,Goal,0.885,0.5,0.7432776093482971,Kike García,a,5074,Penalty,2024,RightFoot,27349,Real Valladolid,Alaves,0,1,2025-05-18 17:00:00,,Standard
635343,78,MissedShots,0.8690000152587891,0.730999984741211,0.04023619368672371,Kike García,a,5074,OpenPlay,2024,RightFoot,27349,Real Valladolid,Alaves,0,1,2025-05-18 17:00:00,Ander Guevara,Pass
636137,18,MissedShots,0.8390000152587891,0.55,0.06351509690284729,Kike García,h,5074,OpenPlay,2024,RightFoot,27356,Alaves,Osasuna,1,1,2025-05-24 19:00:00,,None
636142,31,MissedShots,0.9069999694824219,0.49599998474121093,0.06999073922634125,Kike García,h,5074,OpenPlay,2024,Head,27356,Alaves,Osasuna,1,1,2025-05-24 19:00:00,Jon Guridi,Chipped
636146,43,MissedShots,0.850999984741211,0.5970000076293945,0.05273742973804474,Kike García,h,5074,FromCorner,2024,RightFoot,27356,Alaves,Osasuna,1,1,2025-05-24 19:00:00,,None
638344,50,MissedShots,0.9169999694824219,0.46299999237060546,0.09954245388507843,Kike García,h,5074,OpenPlay,2025,Head,29165,Espanyol,Atletico Madrid,2,1,2025-08-17 19:30:00,Carlos Romero,Cross
641069,0,MissedShots,0.885,0.485,0.12131442874670029,Kike García,h,5074,OpenPlay,2025,RightFoot,29187,Espanyol,Osasuna,1,0,2025-08-31 17:30:00,Pere Milla,Pass
641071,13,SavedShot,0.899000015258789,0.5520000076293945,0.454635888338089,Kike García,h,5074,OpenPlay,2025,RightFoot,29187,Espanyol,Osasuna,1,0,2025-08-31 17:30:00,Pere Milla,Pass
641077,45,BlockedShot,0.8690000152587891,0.3,0.03665253520011902,Kike García,h,5074,OpenPlay,2025,RightFoot,29187,Espanyol,Osasuna,1,0,2025-08-31 17:30:00,Edu Expósito,Pass
642709,80,Goal,0.885,0.5,0.7432776093482971,Kike García,h,5074,Penalty,2025,RightFoot,29198,Espanyol,Mallorca,3,2,2025-09-15 19:00:00,,Standard
644104,21,MissedShots,0.7269999694824218,0.5820000076293945,0.013329540379345417,Kike García,h,5074,OpenPlay,2025,RightFoot,29209,Espanyol,Valencia,2,2,2025-09-23 17:00:00,,None
644106,31,SavedShot,0.98,0.615,0.06538798660039902,Kike García,h,5074,OpenPlay,2025,LeftFoot,29209,Espanyol,Valencia,2,2,2025-09-23 17:00:00,,None
644122,76,MissedShots,0.92,0.585999984741211,0.40551328659057617,Kike García,h,5074,OpenPlay,2025,LeftFoot,29209,Espanyol,Valencia,2,2,2025-09-23 17:00:00,Roberto Fernández,Pass
647196,32,SavedShot,0.9230000305175782,0.49,0.49102771282196045,Kike García,a,5074,OpenPlay,2025,Head,29246,Real Oviedo,Espanyol,0,2,2025-10-17 19:00:00,,Aerial
647200,35,BlockedShot,0.8619999694824219,0.34700000762939454,0.051404159516096115,Kike García,a,5074,OpenPlay,2025,RightFoot,29246,Real Oviedo,Espanyol,0,2,2025-10-17 19:00:00,Edu Expósito,Rebound
647206,51,SavedShot,0.915,0.5070000076293946,0.1001993790268898,Kike García,a,5074,OpenPlay,2025,RightFoot,29246,Real Oviedo,Espanyol,0,2,2025-10-17 19:00:00,Leandro Cabrera,HeadPass
647207,51,SavedShot,0.9630000305175781,0.47099998474121096,0.6703152656555176,Kike García,a,5074,OpenPlay,2025,LeftFoot,29246,Real Oviedo,Espanyol,0,2,2025-10-17 19:00:00,,Rebound
647215,69,Goal,0.9869999694824219,0.47,0.8762786984443665,Kike García,a,5074,OpenPlay,2025,RightFoot,29246,Real Oviedo,Espanyol,0,2,2025-10-17 19:00:00,,None
651476,15,BlockedShot,0.8880000305175781,0.685,0.04753883555531502,Kike García,a,5074,OpenPlay,2025,LeftFoot,29258,Alaves,Espanyol,2,1,2025-11-02 15:15:00,Pere Milla,Pass
651478,19,BlockedShot,0.8680000305175781,0.385,0.014906339347362518,Kike García,a,5074,FromCorner,2025,Head,29258,Alaves,Espanyol,2,1,2025-11-02 15:15:00,Edu Expósito,Cross
651479,19,MissedShots,0.8780000305175781,0.35200000762939454,0.0639350637793541,Kike García,a,5074,FromCorner,2025,RightFoot,29258,Alaves,Espanyol,2,1,2025-11-02 15:15:00,,Rebound
651483,29,BlockedShot,0.874000015258789,0.5359999847412109,0.03460584208369255,Kike García,a,5074,FromCorner,2025,Head,29258,Alaves,Espanyol,2,1,2025-11-02 15:15:00,Rubén Sánchez,Cross
652534,83,MissedShots,0.9109999847412109,0.68,0.05196274816989899,Kike García,h,5074,OpenPlay,2025,LeftFoot,29271,Espanyol,Villarreal,0,2,2025-11-08 20:00:00,José Salinas,Pass
652537,90,SavedShot,0.899000015258789,0.5279999923706055,0.05037109926342964,Kike García,h,5074,OpenPlay,2025,Head,29271,Espanyol,Villarreal,0,2,2025-11-08 20:00:00,Jofre Carreras,Aerial
654651,3,MissedShots,0.899000015258789,0.40099998474121096,0.09021607041358948,Kike García,h,5074,OpenPlay,2025,LeftFoot,29281,Espanyol,Sevilla,2,1,2025-11-24 20:00:00,Tyrhys Dolan,BallTouch
654662,40,SavedShot,0.9169999694824219,0.4570000076293945,0.057943712919950485,Kike García,h,5074,OpenPlay,2025,Head,29281,Espanyol,Sevilla,2,1,2025-11-24 20:00:00,,Aerial
655795,85,Goal,0.9640000152587891,0.6270000076293946,0.02603183500468731,Kike García,a,5074,FromCorner,2025,Head,29289,Celta Vigo,Espanyol,0,1,2025-11-30 17:30:00,Edu Expósito,Cross
659983,81,SavedShot,0.96,0.8069999694824219,0.05167284980416298,Kike García,a,5074,OpenPlay,2025,RightFoot,29318,Athletic Club,Espanyol,1,2,2025-12-22 20:00:00,,TakeOn
662722,24,MissedShots,0.9069999694824219,0.5890000152587891,0.0710306242108345,Kike García,a,5074,OpenPlay,2025,Head,29346,Levante,Espanyol,1,1,2026-01-11 15:15:00,Edu Expósito,Cross
664875,53,SavedShot,0.9619999694824218,0.45799999237060546,0.6021600365638733,Kike García,a,5074,OpenPlay,2025,LeftFoot,29364,Valencia,Espanyol,3,2,2026-01-24 15:15:00,Jofre Carreras,Pass
664879,57,MissedShots,0.8059999847412109,0.46700000762939453,0.04698965325951576,Kike García,a,5074,OpenPlay,2025,RightFoot,29364,Valencia,Espanyol,3,2,2026-01-24 15:15:00,Carlos Romero,Pass
664882,73,SavedShot,0.8780000305175781,0.5509999847412109,0.05051073059439659,Kike García,a,5074,OpenPlay,2025,Head,29364,Valencia,Espanyol,3,2,2026-01-24 15:15:00,Edu Expósito,Cross
664888,83,SavedShot,0.980999984741211,0.27899999618530275,0.03287351503968239,Kike García,a,5074,OpenPlay,2025,RightFoot,29364,Valencia,Espanyol,3,2,2026-01-24 15:15:00,Urko Gonzalez,Pass
665829,6,BlockedShot,0.8480000305175781,0.39099998474121095,0.06723789870738983,Kike García,h,5074,OpenPlay,2025,LeftFoot,29371,Espanyol,Alaves,1,2,2026-01-30 20:00:00,Fernando Calero,BallRecovery
665841,64,SavedShot,0.9309999847412109,0.46799999237060547,0.0777999758720398,Kike García,h,5074,OpenPlay,2025,Head,29371,Espanyol,Alaves,1,2,2026-01-30 20:00:00,Carlos Romero,Aerial
665847,93,MissedShots,0.9030000305175782,0.509000015258789,0.23684076964855194,Kike García,h,5074,OpenPlay,2025,Head,29371,Espanyol,Alaves,1,2,2026-01-30 20:00:00,Edu Expósito,Cross
668151,67,MissedShots,0.8719999694824219,0.5129999923706055,0.050760600715875626,Kike García,a,5074,OpenPlay,2025,Head,29384,Villarreal,Espanyol,4,1,2026-02-09 20:00:00,Pere Milla,Cross
668569,64,MissedShots,0.91,0.47900001525878905,0.04345342889428139,Kike García,h,5074,OpenPlay,2025,Head,29397,Espanyol,Celta Vigo,2,2,2026-02-14 13:00:00,Omar El Hilali,Aerial
668571,65,Goal,0.8669999694824219,0.5509999847412109,0.07619861513376236,Kike García,h,5074,OpenPlay,2025,LeftFoot,29397,Espanyol,Celta Vigo,2,2,2026-02-14 13:00:00,,Rebound
671474,6,Goal,0.9169999694824219,0.6959999847412109,0.06578581780195236,Kike García,a,5074,OpenPlay,2025,RightFoot,29410,Elche,Espanyol,2,2,2026-03-01 13:00:00,Pol Lozano,Pass
673487,10,MissedShots,0.9530000305175781,0.39299999237060546,0.017547598108649254,Kike García,h,5074,FromCorner,2025,Head,29421,Espanyol,Real Oviedo,1,1,2026-03-09 20:00:00,Cyril Ngonge,Aerial
673494,35,Goal,0.87,0.534000015258789,0.29621973633766174,Kike García,h,5074,OpenPlay,2025,RightFoot,29421,Espanyol,Real Oviedo,1,1,2026-03-09 20:00:00,Cyril Ngonge,Cross
673510,81,MissedShots,0.8719999694824219,0.555,0.026504751294851303,Kike García,h,5074,FromCorner,2025,Head,29421,Espanyol,Real Oviedo,1,1,2026-03-09 20:00:00,Pere Milla,Cross
674292,8,MissedShots,0.9580000305175781,0.41400001525878904,0.08373162895441055,Kike García,a,5074,OpenPlay,2025,Head,29435,Mallorca,Espanyol,2,1,2026-03-15 13:00:00,Omar El Hilali,Pass
674301,29,MissedShots,0.67,0.4979999923706055,0.010894428007304668,Kike García,a,5074,OpenPlay,2025,RightFoot,29435,Mallorca,Espanyol,2,1,2026-03-15 13:00:00,,BallRecovery
674304,31,SavedShot,0.9269999694824219,0.48700000762939455,0.6038417220115662,Kike García,a,5074,OpenPlay,2025,Head,29435,Mallorca,Espanyol,2,1,2026-03-15 13:00:00,,None
674303,31,MissedShots,0.8240000152587891,0.539000015258789,0.09681548923254013,Kike García,a,5074,OpenPlay,2025,LeftFoot,29435,Mallorca,Espanyol,2,1,2026-03-15 13:00:00,,Rebound
675345,1,MissedShots,0.9130000305175782,0.529000015258789,0.12469106167554855,Kike García,h,5074,OpenPlay,2025,Head,29442,Espanyol,Getafe,1,2,2026-03-21 15:15:00,Urko Gonzalez,Cross
675347,21,BlockedShot,0.879000015258789,0.46099998474121096,0.014145600609481335,Kike García,h,5074,SetPiece,2025,Head,29442,Espanyol,Getafe,1,2,2026-03-21 15:15:00,Edu Expósito,Aerial
675348,34,SavedShot,0.855,0.5470000076293945,0.06943576037883759,Kike García,h,5074,SetPiece,2025,RightFoot,29442,Espanyol,Getafe,1,2,2026-03-21 15:15:00,Tyrhys Dolan,HeadPass
675355,56,MissedShots,0.9309999847412109,0.514000015258789,0.09607543796300888,Kike García,h,5074,OpenPlay,2025,Head,29442,Espanyol,Getafe,1,2,2026-03-21 15:15:00,Omar El Hilali,Aerial
675366,91,SavedShot,0.9230000305175782,0.5520000076293945,0.13675522804260254,Kike García,h,5074,FromCorner,2025,Head,29442,Espanyol,Getafe,1,2,2026-03-21 15:15:00,Rubén Sánchez,Chipped
678014,12,SavedShot,0.8390000152587891,0.375,0.12873150408267975,Kike García,a,5074,OpenPlay,2025,RightFoot,29459,Barcelona,Espanyol,4,1,2026-04-11 16:30:00,Leandro Cabrera,Throughball
680507,54,BlockedShot,0.91,0.7019999694824218,0.04327666386961937,Kike García,a,5074,OpenPlay,2025,RightFoot,29486,Rayo Vallecano,Espanyol,1,0,2026-04-23 18:00:00,Carlos Romero,Pass
680511,67,MissedShots,0.9,0.639000015258789,0.07591342180967331,Kike García,a,5074,OpenPlay,2025,RightFoot,29486,Rayo Vallecano,Espanyol,1,0,2026-04-23 18:00:00,Ramón Terrats,Tackle
680514,71,BlockedShot,0.8769999694824219,0.385,0.06794517487287521,Kike García,a,5074,OpenPlay,2025,RightFoot,29486,Rayo Vallecano,Espanyol,1,0,2026-04-23 18:00:00,,None
680515,73,SavedShot,0.885,0.5,0.7431496977806091,Kike García,a,5074,Penalty,2025,RightFoot,29486,Rayo Vallecano,Espanyol,1,0,2026-04-23 18:00:00,,Standard
681884,2,SavedShot,0.9330000305175781,0.46900001525878904,0.13128267228603363,Kike García,h,5074,OpenPlay,2025,RightFoot,29477,Espanyol,Levante,0,0,2026-04-27 19:00:00,Cyril Ngonge,Throughball
681888,39,SavedShot,0.850999984741211,0.49900001525878906,0.009364989586174488,Kike García,h,5074,SetPiece,2025,Head,29477,Espanyol,Levante,0,0,2026-04-27 19:00:00,Edu Expósito,Aerial
681889,42,MissedShots,0.9109999847412109,0.7140000152587891,0.04704589769244194,Kike García,h,5074,OpenPlay,2025,RightFoot,29477,Espanyol,Levante,0,0,2026-04-27 19:00:00,,None
681890,43,BlockedShot,0.8530000305175781,0.3220000076293945,0.07423142343759537,Kike García,h,5074,OpenPlay,2025,RightFoot,29477,Espanyol,Levante,0,0,2026-04-27 19:00:00,Omar El Hilali,Pass
683228,73,MissedShots,0.9540000152587891,0.3579999923706055,0.02027849666774273,Kike García,h,5074,FromCorner,2025,Head,29494,Espanyol,Real Madrid,0,2,2026-05-03 19:00:00,Pere Milla,Cross
684928,91,Goal,0.8680000305175781,0.3340000152587891,0.3498944938182831,Kike García,h,5074,OpenPlay,2025,LeftFoot,29513,Espanyol,Athletic Club,2,0,2026-05-13 17:00:00,Ramón Terrats,Throughball
