id,minute,result,X,Y,xG,player,h_a,player_id,situation,season,shotType,match_id,h_team,a_team,h_goals,a_goals,date,player_assisted,lastAction
32716,62,SavedShot,0.879000015258789,0.515,0.03288489952683449,Raúl Jiménez,h,4105,OpenPlay,2014,Head,5840,Atletico Madrid,Eibar,2,1,2014-08-30 20:00:00,Gabi,Aerial
32724,89,SavedShot,0.745999984741211,0.4640000152587891,0.02838289923965931,Raúl Jiménez,h,4105,OpenPlay,2014,RightFoot,5840,Atletico Madrid,Eibar,2,1,2014-08-30 20:00:00,,None
32921,38,BlockedShot,0.7959999847412109,0.544000015258789,0.0507315993309021,Raúl Jiménez,a,4105,OpenPlay,2014,LeftFoot,5789,Real Madrid,Atletico Madrid,1,2,2014-09-13 19:00:00,Mario Mandzukic,HeadPass
33336,5,MissedShots,0.795,0.65,0.048656899482011795,Raúl Jiménez,h,4105,OpenPlay,2014,RightFoot,5799,Atletico Madrid,Celta Vigo,2,2,2014-09-20 19:00:00,Koke,Pass
33343,37,MissedShots,0.92,0.46599998474121096,0.09863849729299545,Raúl Jiménez,h,4105,OpenPlay,2014,LeftFoot,5799,Atletico Madrid,Celta Vigo,2,2,2014-09-20 19:00:00,Antoine Griezmann,Cross
33350,76,SavedShot,0.9,0.52,0.4552620053291321,Raúl Jiménez,h,4105,OpenPlay,2014,RightFoot,5799,Atletico Madrid,Celta Vigo,2,2,2014-09-20 19:00:00,Raúl García,BallTouch
33159,88,Goal,0.9569999694824218,0.5029999923706054,0.5632209777832031,Raúl Jiménez,h,4105,SetPiece,2014,Head,5819,Atletico Madrid,Sevilla,4,0,2014-09-27 19:00:00,Koke,Cross
34934,60,SavedShot,0.955999984741211,0.45799999237060546,0.11218100041151047,Raúl Jiménez,h,4105,OpenPlay,2014,Head,5736,Atletico Madrid,Malaga,3,1,2014-11-22 15:00:00,Cristian Ansaldi,Aerial
34936,64,SavedShot,0.865999984741211,0.509000015258789,0.1124420017004013,Raúl Jiménez,h,4105,OpenPlay,2014,RightFoot,5736,Atletico Madrid,Malaga,3,1,2014-11-22 15:00:00,Antoine Griezmann,Pass
34937,65,MissedShots,0.9230000305175782,0.504000015258789,0.11683399975299835,Raúl Jiménez,h,4105,FromCorner,2014,Head,5736,Atletico Madrid,Malaga,3,1,2014-11-22 15:00:00,Koke,Cross
35655,70,MissedShots,0.725999984741211,0.5690000152587891,0.02242469973862171,Raúl Jiménez,h,4105,OpenPlay,2014,RightFoot,5750,Atletico Madrid,Deportivo La Coruna,2,0,2014-11-30 11:00:00,Cristian Rodríguez,BallRecovery
40652,14,MissedShots,0.8580000305175781,0.3820000076293945,0.08023619651794434,Raúl Jiménez,h,4105,OpenPlay,2014,RightFoot,5592,Atletico Madrid,Getafe,2,0,2015-03-21 15:00:00,Koke,None
40663,59,SavedShot,0.674000015258789,0.32,0.011359700001776218,Raúl Jiménez,h,4105,OpenPlay,2014,RightFoot,5592,Atletico Madrid,Getafe,2,0,2015-03-21 15:00:00,,None
38801,79,MissedShots,0.8819999694824219,0.580999984741211,0.10184899717569351,Raúl Jiménez,h,4105,OpenPlay,2014,LeftFoot,5515,Atletico Madrid,Real Sociedad,2,0,2015-04-07 19:00:00,Antoine Griezmann,HeadPass
39290,63,SavedShot,0.769000015258789,0.7069999694824218,0.018537800759077072,Raúl Jiménez,a,4105,OpenPlay,2014,RightFoot,5537,Deportivo La Coruna,Atletico Madrid,1,2,2015-04-18 17:00:00,Koke,Pass
39294,72,SavedShot,0.8619999694824219,0.4759999847412109,0.4439460039138794,Raúl Jiménez,a,4105,OpenPlay,2014,RightFoot,5537,Deportivo La Coruna,Atletico Madrid,1,2,2015-04-18 17:00:00,Fernando Torres,HeadPass
39297,72,BlockedShot,0.9069999694824219,0.4329999923706055,0.4406079947948456,Raúl Jiménez,a,4105,OpenPlay,2014,RightFoot,5537,Deportivo La Coruna,Atletico Madrid,1,2,2015-04-18 17:00:00,Raúl García,Rebound
232931,59,SavedShot,0.89,0.3529999923706055,0.29954400658607483,Raúl Jiménez,h,4105,OpenPlay,2018,RightFoot,9203,Wolverhampton Wanderers,Everton,2,2,2018-08-11 19:30:00,Ryan Bennett,Throughball
232935,76,BlockedShot,0.8930000305175781,0.41,0.07273360341787338,Raúl Jiménez,h,4105,OpenPlay,2018,RightFoot,9203,Wolverhampton Wanderers,Everton,2,2,2018-08-11 19:30:00,Matt Doherty,Cross
232936,79,Goal,0.915,0.47299999237060547,0.27432000637054443,Raúl Jiménez,h,4105,OpenPlay,2018,Head,9203,Wolverhampton Wanderers,Everton,2,2,2018-08-11 19:30:00,Rúben Neves,Cross
233087,20,ShotOnPost,0.779000015258789,0.6619999694824219,0.023502100259065628,Raúl Jiménez,a,4105,OpenPlay,2018,RightFoot,9210,Leicester,Wolverhampton Wanderers,2,0,2018-08-18 17:00:00,Jonny,Pass
233093,47,BlockedShot,0.9540000152587891,0.3609999847412109,0.05784109979867935,Raúl Jiménez,a,4105,OpenPlay,2018,RightFoot,9210,Leicester,Wolverhampton Wanderers,2,0,2018-08-18 17:00:00,,None
233096,57,SavedShot,0.9359999847412109,0.3220000076293945,0.09331350028514862,Raúl Jiménez,a,4105,OpenPlay,2018,RightFoot,9210,Leicester,Wolverhampton Wanderers,2,0,2018-08-18 17:00:00,João Moutinho,Throughball
233446,37,MissedShots,0.9219999694824219,0.3160000038146973,0.031154099851846695,Raúl Jiménez,h,4105,FromCorner,2018,LeftFoot,9217,Wolverhampton Wanderers,Manchester City,1,1,2018-08-25 14:30:00,Rúben Neves,Chipped
233712,2,MissedShots,0.7659999847412109,0.33599998474121096,0.022275499999523163,Raúl Jiménez,a,4105,OpenPlay,2018,RightFoot,9228,West Ham,Wolverhampton Wanderers,0,1,2018-09-01 14:00:00,Matt Doherty,HeadPass
233722,42,MissedShots,0.8119999694824219,0.45799999237060546,0.04873650148510933,Raúl Jiménez,a,4105,OpenPlay,2018,RightFoot,9228,West Ham,Wolverhampton Wanderers,0,1,2018-09-01 14:00:00,,None
233729,59,SavedShot,0.9030000305175782,0.4229999923706055,0.14040899276733398,Raúl Jiménez,a,4105,SetPiece,2018,Head,9228,West Ham,Wolverhampton Wanderers,0,1,2018-09-01 14:00:00,João Moutinho,Cross
233733,73,MissedShots,0.8219999694824218,0.4620000076293945,0.07050710171461105,Raúl Jiménez,a,4105,OpenPlay,2018,LeftFoot,9228,West Ham,Wolverhampton Wanderers,0,1,2018-09-01 14:00:00,Adama Traoré,Pass
233967,10,BlockedShot,0.769000015258789,0.32799999237060545,0.018996400758624077,Raúl Jiménez,h,4105,OpenPlay,2018,RightFoot,9244,Wolverhampton Wanderers,Burnley,1,0,2018-09-16 12:30:00,,BlockedPass
233973,29,SavedShot,0.9130000305175782,0.55,0.4546720087528229,Raúl Jiménez,h,4105,OpenPlay,2018,RightFoot,9244,Wolverhampton Wanderers,Burnley,1,0,2018-09-16 12:30:00,Diogo Jota,Pass
233974,29,MissedShots,0.9019999694824219,0.55,0.027562199160456657,Raúl Jiménez,h,4105,OpenPlay,2018,Head,9244,Wolverhampton Wanderers,Burnley,1,0,2018-09-16 12:30:00,,Rebound
233978,34,SavedShot,0.92,0.3770000076293945,0.021121399477124214,Raúl Jiménez,h,4105,OpenPlay,2018,Head,9244,Wolverhampton Wanderers,Burnley,1,0,2018-09-16 12:30:00,Jonny,Aerial
233982,45,MissedShots,0.8730000305175781,0.4909999847412109,0.3639709949493408,Raúl Jiménez,h,4105,OpenPlay,2018,LeftFoot,9244,Wolverhampton Wanderers,Burnley,1,0,2018-09-16 12:30:00,Diogo Jota,Pass
233986,60,Goal,0.8859999847412109,0.435,0.11824999749660492,Raúl Jiménez,h,4105,OpenPlay,2018,RightFoot,9244,Wolverhampton Wanderers,Burnley,1,0,2018-09-16 12:30:00,Matt Doherty,Pass
234194,6,SavedShot,0.9059999847412109,0.47,0.43167799711227417,Raúl Jiménez,a,4105,OpenPlay,2018,RightFoot,9248,Manchester United,Wolverhampton Wanderers,1,1,2018-09-22 14:00:00,Hélder Costa,Pass
234458,38,SavedShot,0.9219999694824219,0.47,0.14323100447654724,Raúl Jiménez,h,4105,OpenPlay,2018,RightFoot,9258,Wolverhampton Wanderers,Southampton,2,0,2018-09-29 14:00:00,Matt Doherty,Pass
234459,41,MissedShots,0.9569999694824218,0.5829999923706055,0.058364901691675186,Raúl Jiménez,h,4105,OpenPlay,2018,Head,9258,Wolverhampton Wanderers,Southampton,2,0,2018-09-29 14:00:00,João Moutinho,Aerial
234472,82,SavedShot,0.895,0.5970000076293945,0.02916480042040348,Raúl Jiménez,h,4105,FromCorner,2018,Head,9258,Wolverhampton Wanderers,Southampton,2,0,2018-09-29 14:00:00,João Moutinho,Cross
234473,83,MissedShots,0.9069999694824219,0.6530000305175782,0.039815399795770645,Raúl Jiménez,h,4105,FromCorner,2018,RightFoot,9258,Wolverhampton Wanderers,Southampton,2,0,2018-09-29 14:00:00,Rúben Neves,Cross
249064,21,MissedShots,0.8130000305175781,0.52,0.0831167995929718,Raúl Jiménez,a,4105,OpenPlay,2018,RightFoot,9271,Crystal Palace,Wolverhampton Wanderers,0,1,2018-10-06 14:00:00,Diogo Jota,Pass
249065,25,SavedShot,0.9069999694824219,0.40200000762939453,0.3899970054626465,Raúl Jiménez,a,4105,OpenPlay,2018,RightFoot,9271,Crystal Palace,Wolverhampton Wanderers,0,1,2018-10-06 14:00:00,Diogo Jota,Throughball
249251,38,MissedShots,0.8,0.29100000381469726,0.021773599088191986,Raúl Jiménez,h,4105,OpenPlay,2018,RightFoot,9278,Wolverhampton Wanderers,Watford,0,2,2018-10-20 14:00:00,Diogo Jota,Pass
249522,1,BlockedShot,0.9390000152587891,0.3320000076293945,0.043418701738119125,Raúl Jiménez,a,4105,OpenPlay,2018,RightFoot,9290,Brighton,Wolverhampton Wanderers,1,0,2018-10-27 14:00:00,Matt Doherty,Cross
249528,17,MissedShots,0.85,0.5929999923706055,0.055648598819971085,Raúl Jiménez,a,4105,OpenPlay,2018,RightFoot,9290,Brighton,Wolverhampton Wanderers,1,0,2018-10-27 14:00:00,,Rebound
249537,50,MissedShots,0.9640000152587891,0.33599998474121096,0.06646029651165009,Raúl Jiménez,a,4105,OpenPlay,2018,RightFoot,9290,Brighton,Wolverhampton Wanderers,1,0,2018-10-27 14:00:00,Matt Doherty,Pass
249896,10,MissedShots,0.7659999847412109,0.31,0.019279399886727333,Raúl Jiménez,h,4105,OpenPlay,2018,RightFoot,9304,Wolverhampton Wanderers,Tottenham,2,3,2018-11-03 19:45:00,Matt Doherty,Pass
249904,39,BlockedShot,0.9330000305175781,0.4329999923706055,0.13184499740600586,Raúl Jiménez,h,4105,FromCorner,2018,RightFoot,9304,Wolverhampton Wanderers,Tottenham,2,3,2018-11-03 19:45:00,,TakeOn
249910,48,SavedShot,0.899000015258789,0.32,0.06532949954271317,Raúl Jiménez,h,4105,OpenPlay,2018,RightFoot,9304,Wolverhampton Wanderers,Tottenham,2,3,2018-11-03 19:45:00,Hélder Costa,Pass
249920,78,Goal,0.885,0.5,0.7611690163612366,Raúl Jiménez,h,4105,Penalty,2018,RightFoot,9304,Wolverhampton Wanderers,Tottenham,2,3,2018-11-03 19:45:00,,Standard
249921,80,SavedShot,0.9069999694824219,0.5379999923706055,0.03834740072488785,Raúl Jiménez,h,4105,OpenPlay,2018,Head,9304,Wolverhampton Wanderers,Tottenham,2,3,2018-11-03 19:45:00,Matt Doherty,Aerial
250230,10,MissedShots,0.6279999923706054,0.5109999847412109,0.013486499898135662,Raúl Jiménez,a,4105,OpenPlay,2018,RightFoot,9316,Arsenal,Wolverhampton Wanderers,1,1,2018-11-11 16:30:00,Conor Coady,BallRecovery
250239,35,MissedShots,0.799000015258789,0.4,0.043290600180625916,Raúl Jiménez,a,4105,OpenPlay,2018,RightFoot,9316,Arsenal,Wolverhampton Wanderers,1,1,2018-11-11 16:30:00,Matt Doherty,Pass
250450,11,MissedShots,0.754000015258789,0.5790000152587891,0.020653100684285164,Raúl Jiménez,h,4105,OpenPlay,2018,RightFoot,9325,Wolverhampton Wanderers,Huddersfield,0,2,2018-11-25 16:00:00,,None
250460,55,BlockedShot,0.9740000152587891,0.5840000152587891,0.08891309797763824,Raúl Jiménez,h,4105,OpenPlay,2018,Head,9325,Wolverhampton Wanderers,Huddersfield,0,2,2018-11-25 16:00:00,Adama Traoré,Cross
250461,55,SavedShot,0.9540000152587891,0.5459999847412109,0.06869509816169739,Raúl Jiménez,h,4105,OpenPlay,2018,Head,9325,Wolverhampton Wanderers,Huddersfield,0,2,2018-11-25 16:00:00,,Rebound
250464,65,MissedShots,0.9,0.36700000762939455,0.0665144994854927,Raúl Jiménez,h,4105,OpenPlay,2018,RightFoot,9325,Wolverhampton Wanderers,Huddersfield,0,2,2018-11-25 16:00:00,Ryan Bennett,Pass
250465,68,MissedShots,0.9680000305175781,0.3189999961853027,0.05395419895648956,Raúl Jiménez,h,4105,OpenPlay,2018,RightFoot,9325,Wolverhampton Wanderers,Huddersfield,0,2,2018-11-25 16:00:00,Hélder Costa,Pass
250507,17,SavedShot,0.93,0.4370000076293945,0.035955000668764114,Raúl Jiménez,a,4105,FromCorner,2018,Head,9335,Cardiff,Wolverhampton Wanderers,2,1,2018-11-30 20:00:00,João Moutinho,Aerial
250521,53,MissedShots,0.7819999694824219,0.2979999923706055,0.023376300930976868,Raúl Jiménez,a,4105,OpenPlay,2018,RightFoot,9335,Cardiff,Wolverhampton Wanderers,2,1,2018-11-30 20:00:00,Willy Boly,Pass
250528,65,MissedShots,0.9440000152587891,0.534000015258789,0.1490039974451065,Raúl Jiménez,a,4105,OpenPlay,2018,Head,9335,Cardiff,Wolverhampton Wanderers,2,1,2018-11-30 20:00:00,Rúben Vinagre,Cross
250846,26,MissedShots,0.965,0.595999984741211,0.03370770066976547,Raúl Jiménez,h,4105,OpenPlay,2018,Head,9339,Wolverhampton Wanderers,Chelsea,2,1,2018-12-05 19:45:00,,Aerial
250848,34,MissedShots,0.914000015258789,0.4779999923706055,0.04148999974131584,Raúl Jiménez,h,4105,OpenPlay,2018,Head,9339,Wolverhampton Wanderers,Chelsea,2,1,2018-12-05 19:45:00,,None
250853,58,Goal,0.8919999694824219,0.3340000152587891,0.06145929917693138,Raúl Jiménez,h,4105,OpenPlay,2018,RightFoot,9339,Wolverhampton Wanderers,Chelsea,2,1,2018-12-05 19:45:00,Morgan Gibbs-White,Pass
251207,74,ShotOnPost,0.8580000305175781,0.6569999694824219,0.08099319785833359,Raúl Jiménez,a,4105,OpenPlay,2018,RightFoot,9348,Newcastle United,Wolverhampton Wanderers,1,2,2018-12-09 16:00:00,Hélder Costa,Pass
251209,82,SavedShot,0.9269999694824219,0.5690000152587891,0.07576709985733032,Raúl Jiménez,a,4105,FromCorner,2018,Head,9348,Newcastle United,Wolverhampton Wanderers,1,2,2018-12-09 16:00:00,João Moutinho,Cross
251211,90,MissedShots,0.6959999847412109,0.27100000381469724,0.0084181297570467,Raúl Jiménez,a,4105,OpenPlay,2018,LeftFoot,9348,Newcastle United,Wolverhampton Wanderers,1,2,2018-12-09 16:00:00,,None
251266,11,Goal,0.9580000305175781,0.47900001525878905,0.6879069805145264,Raúl Jiménez,h,4105,OpenPlay,2018,RightFoot,9357,Wolverhampton Wanderers,Bournemouth,2,0,2018-12-15 15:00:00,Diogo Jota,Rebound
251268,28,MissedShots,0.8080000305175781,0.48700000762939455,0.06386540085077286,Raúl Jiménez,h,4105,OpenPlay,2018,RightFoot,9357,Wolverhampton Wanderers,Bournemouth,2,0,2018-12-15 15:00:00,,None
251275,54,BlockedShot,0.8440000152587891,0.395,0.08329469710588455,Raúl Jiménez,h,4105,OpenPlay,2018,RightFoot,9357,Wolverhampton Wanderers,Bournemouth,2,0,2018-12-15 15:00:00,Morgan Gibbs-White,BallRecovery
251492,41,BlockedShot,0.8580000305175781,0.5920000076293945,0.07729759812355042,Raúl Jiménez,h,4105,OpenPlay,2018,RightFoot,9367,Wolverhampton Wanderers,Liverpool,0,2,2018-12-21 20:00:00,Matt Doherty,Pass
251725,11,MissedShots,0.9030000305175782,0.51,0.11221899837255478,Raúl Jiménez,a,4105,OpenPlay,2018,RightFoot,9383,Fulham,Wolverhampton Wanderers,1,1,2018-12-26 12:30:00,João Moutinho,Chipped
251731,31,SavedShot,0.9180000305175782,0.24899999618530275,0.03374920040369034,Raúl Jiménez,a,4105,OpenPlay,2018,RightFoot,9383,Fulham,Wolverhampton Wanderers,1,1,2018-12-26 12:30:00,,None
251734,50,MissedShots,0.924000015258789,0.549000015258789,0.058219198137521744,Raúl Jiménez,a,4105,OpenPlay,2018,Head,9383,Fulham,Wolverhampton Wanderers,1,1,2018-12-26 12:30:00,Jonny,Aerial
251736,57,SavedShot,0.78,0.62,0.02786009944975376,Raúl Jiménez,a,4105,OpenPlay,2018,RightFoot,9383,Fulham,Wolverhampton Wanderers,1,1,2018-12-26 12:30:00,Ivan Cavaleiro,BallRecovery
251739,80,MissedShots,0.905,0.5070000076293946,0.03824310004711151,Raúl Jiménez,a,4105,OpenPlay,2018,Head,9383,Fulham,Wolverhampton Wanderers,1,1,2018-12-26 12:30:00,Romain Saiss,Aerial
251740,83,BlockedShot,0.935,0.605999984741211,0.08229169994592667,Raúl Jiménez,a,4105,OpenPlay,2018,RightFoot,9383,Fulham,Wolverhampton Wanderers,1,1,2018-12-26 12:30:00,Ivan Cavaleiro,Cross
263567,24,BlockedShot,0.91,0.3270000076293945,0.05886799842119217,Raúl Jiménez,a,4105,OpenPlay,2018,RightFoot,9388,Tottenham,Wolverhampton Wanderers,1,3,2018-12-29 15:00:00,Adama Traoré,Pass
263573,56,MissedShots,0.8419999694824218,0.7530000305175781,0.01930359937250614,Raúl Jiménez,a,4105,OpenPlay,2018,RightFoot,9388,Tottenham,Wolverhampton Wanderers,1,3,2018-12-29 15:00:00,Ivan Cavaleiro,Cross
263576,82,Goal,0.8430000305175781,0.5420000076293945,0.0902412012219429,Raúl Jiménez,a,4105,OpenPlay,2018,RightFoot,9388,Tottenham,Wolverhampton Wanderers,1,3,2018-12-29 15:00:00,Ivan Cavaleiro,Pass
274210,10,MissedShots,0.705999984741211,0.3390000152587891,0.009740140289068222,Raúl Jiménez,h,4105,OpenPlay,2018,RightFoot,9397,Wolverhampton Wanderers,Crystal Palace,0,2,2019-01-02 19:45:00,,None
274213,27,BlockedShot,0.775,0.6309999847412109,0.025045499205589294,Raúl Jiménez,h,4105,OpenPlay,2018,RightFoot,9397,Wolverhampton Wanderers,Crystal Palace,0,2,2019-01-02 19:45:00,Jonny,Pass
274226,76,MissedShots,0.865999984741211,0.3,0.022838400676846504,Raúl Jiménez,h,4105,OpenPlay,2018,RightFoot,9397,Wolverhampton Wanderers,Crystal Palace,0,2,2019-01-02 19:45:00,Ivan Cavaleiro,HeadPass
274634,39,SavedShot,0.889000015258789,0.5770000076293945,0.13178199529647827,Raúl Jiménez,h,4105,OpenPlay,2018,LeftFoot,9417,Wolverhampton Wanderers,Leicester,4,3,2019-01-19 12:30:00,Rúben Vinagre,Pass
274635,40,BlockedShot,0.855999984741211,0.44099998474121094,0.10862799733877182,Raúl Jiménez,h,4105,OpenPlay,2018,RightFoot,9417,Wolverhampton Wanderers,Leicester,4,3,2019-01-19 12:30:00,Diogo Jota,Chipped
274952,1,MissedShots,0.899000015258789,0.43099998474121093,0.09108930081129074,Raúl Jiménez,h,4105,OpenPlay,2018,RightFoot,9427,Wolverhampton Wanderers,West Ham,3,0,2019-01-29 19:45:00,Leander Dendoncker,Cross
274953,4,BlockedShot,0.735999984741211,0.5529999923706055,0.018025999888777733,Raúl Jiménez,h,4105,OpenPlay,2018,RightFoot,9427,Wolverhampton Wanderers,West Ham,3,0,2019-01-29 19:45:00,,BallRecovery
274969,68,BlockedShot,0.865999984741211,0.295,0.05452499911189079,Raúl Jiménez,h,4105,OpenPlay,2018,RightFoot,9427,Wolverhampton Wanderers,West Ham,3,0,2019-01-29 19:45:00,,None
274971,79,Goal,0.9219999694824219,0.4909999847412109,0.10513299703598022,Raúl Jiménez,h,4105,SetPiece,2018,RightFoot,9427,Wolverhampton Wanderers,West Ham,3,0,2019-01-29 19:45:00,João Moutinho,Cross
274972,85,Goal,0.92,0.5640000152587891,0.5170469880104065,Raúl Jiménez,h,4105,OpenPlay,2018,LeftFoot,9427,Wolverhampton Wanderers,West Ham,3,0,2019-01-29 19:45:00,Diogo Jota,Pass
274975,93,MissedShots,0.9540000152587891,0.48400001525878905,0.12916800379753113,Raúl Jiménez,h,4105,OpenPlay,2018,Head,9427,Wolverhampton Wanderers,West Ham,3,0,2019-01-29 19:45:00,Ivan Cavaleiro,Aerial
275236,44,Goal,0.8880000305175781,0.5179999923706055,0.24252699315547943,Raúl Jiménez,a,4105,SetPiece,2018,Head,9441,Everton,Wolverhampton Wanderers,1,3,2019-02-02 15:00:00,João Moutinho,Chipped
275244,81,BlockedShot,0.8009999847412109,0.580999984741211,0.06188569962978363,Raúl Jiménez,a,4105,OpenPlay,2018,RightFoot,9441,Everton,Wolverhampton Wanderers,1,3,2019-02-02 15:00:00,João Moutinho,Pass
275629,18,MissedShots,0.889000015258789,0.509000015258789,0.12588900327682495,Raúl Jiménez,h,4105,OpenPlay,2018,RightFoot,9450,Wolverhampton Wanderers,Newcastle United,1,1,2019-02-11 20:00:00,Matt Doherty,Pass
275635,34,SavedShot,0.9009999847412109,0.7169999694824218,0.024846600368618965,Raúl Jiménez,h,4105,OpenPlay,2018,RightFoot,9450,Wolverhampton Wanderers,Newcastle United,1,1,2019-02-11 20:00:00,Rúben Neves,TakeOn
275640,47,BlockedShot,0.87,0.32599998474121095,0.056774601340293884,Raúl Jiménez,h,4105,OpenPlay,2018,LeftFoot,9450,Wolverhampton Wanderers,Newcastle United,1,1,2019-02-11 20:00:00,Matt Doherty,Pass
275651,81,MissedShots,0.9280000305175782,0.5059999847412109,0.34701600670814514,Raúl Jiménez,h,4105,OpenPlay,2018,Head,9450,Wolverhampton Wanderers,Newcastle United,1,1,2019-02-11 20:00:00,,Rebound
275652,84,MissedShots,0.8830000305175781,0.31,0.04394499957561493,Raúl Jiménez,h,4105,FromCorner,2018,LeftFoot,9450,Wolverhampton Wanderers,Newcastle United,1,1,2019-02-11 20:00:00,,TakeOn
275655,94,BlockedShot,0.875999984741211,0.4229999923706055,0.03603829815983772,Raúl Jiménez,h,4105,OpenPlay,2018,RightFoot,9450,Wolverhampton Wanderers,Newcastle United,1,1,2019-02-11 20:00:00,,Aerial
275750,68,BlockedShot,0.8030000305175782,0.5609999847412109,0.046803198754787445,Raúl Jiménez,a,4105,OpenPlay,2018,RightFoot,9465,Bournemouth,Wolverhampton Wanderers,1,1,2019-02-23 15:00:00,João Moutinho,Pass
275754,82,Goal,0.885,0.5,0.7611690163612366,Raúl Jiménez,a,4105,Penalty,2018,RightFoot,9465,Bournemouth,Wolverhampton Wanderers,1,1,2019-02-23 15:00:00,,Standard
275756,85,MissedShots,0.925,0.47,0.0999922975897789,Raúl Jiménez,a,4105,OpenPlay,2018,OtherBodyPart,9465,Bournemouth,Wolverhampton Wanderers,1,1,2019-02-23 15:00:00,Adama Traoré,Aerial
275904,40,MissedShots,0.925,0.55,0.12035299837589264,Raúl Jiménez,a,4105,SetPiece,2018,Head,9468,Huddersfield,Wolverhampton Wanderers,1,0,2019-02-26 19:45:00,João Moutinho,Cross
276138,17,Goal,0.91,0.5570000076293945,0.4242739975452423,Raúl Jiménez,h,4105,OpenPlay,2018,RightFoot,9477,Wolverhampton Wanderers,Cardiff,2,0,2019-03-02 15:00:00,Diogo Jota,Pass
276152,64,MissedShots,0.9130000305175782,0.47900001525878905,0.03455900028347969,Raúl Jiménez,h,4105,FromCorner,2018,Head,9477,Wolverhampton Wanderers,Cardiff,2,0,2019-03-02 15:00:00,João Moutinho,Aerial
276154,73,SavedShot,0.9059999847412109,0.47299999237060547,0.5261560082435608,Raúl Jiménez,h,4105,OpenPlay,2018,LeftFoot,9477,Wolverhampton Wanderers,Cardiff,2,0,2019-03-02 15:00:00,Matt Doherty,Pass
285120,55,Goal,0.8819999694824219,0.46900001525878904,0.5833370089530945,Raúl Jiménez,a,4105,OpenPlay,2018,RightFoot,9494,Chelsea,Wolverhampton Wanderers,1,1,2019-03-10 14:05:00,Diogo Jota,Throughball
287560,68,BlockedShot,0.799000015258789,0.33799999237060546,0.027273699641227722,Raúl Jiménez,a,4105,OpenPlay,2018,RightFoot,9515,Burnley,Wolverhampton Wanderers,2,0,2019-03-30 15:00:00,João Moutinho,Pass
287566,91,BlockedShot,0.850999984741211,0.41200000762939454,0.03259740024805069,Raúl Jiménez,a,4105,OpenPlay,2018,RightFoot,9515,Burnley,Wolverhampton Wanderers,2,0,2019-03-30 15:00:00,Diogo Jota,Cross
291002,8,BlockedShot,0.8530000305175781,0.3029999923706055,0.03759469836950302,Raúl Jiménez,h,4105,OpenPlay,2018,LeftFoot,9517,Wolverhampton Wanderers,Manchester United,2,1,2019-04-02 19:45:00,Rúben Neves,Pass
291007,23,MissedShots,0.9419999694824219,0.315,0.04750939831137657,Raúl Jiménez,h,4105,SetPiece,2018,RightFoot,9517,Wolverhampton Wanderers,Manchester United,2,1,2019-04-02 19:45:00,Willy Boly,Pass
291023,76,BlockedShot,0.9469999694824218,0.49900001525878906,0.07183849811553955,Raúl Jiménez,h,4105,OpenPlay,2018,Head,9517,Wolverhampton Wanderers,Manchester United,2,1,2019-04-02 19:45:00,João Moutinho,Tackle
293529,18,SavedShot,0.815,0.48400001525878905,0.06528879702091217,Raúl Jiménez,a,4105,OpenPlay,2018,LeftFoot,9529,Southampton,Wolverhampton Wanderers,3,1,2019-04-13 15:00:00,,TakeOn
293541,68,MissedShots,0.9209999847412109,0.445,0.10788100212812424,Raúl Jiménez,a,4105,FromCorner,2018,RightFoot,9529,Southampton,Wolverhampton Wanderers,3,1,2019-04-13 15:00:00,,None
295231,4,MissedShots,0.9290000152587891,0.41,0.06140829995274544,Raúl Jiménez,h,4105,FromCorner,2018,Head,9537,Wolverhampton Wanderers,Brighton,0,0,2019-04-20 15:00:00,João Moutinho,Cross
295247,67,MissedShots,0.895,0.500999984741211,0.04733889922499657,Raúl Jiménez,h,4105,OpenPlay,2018,Head,9537,Wolverhampton Wanderers,Brighton,0,0,2019-04-20 15:00:00,Rúben Vinagre,Aerial
295248,68,MissedShots,0.9019999694824219,0.27700000762939453,0.02860409952700138,Raúl Jiménez,h,4105,FromCorner,2018,RightFoot,9537,Wolverhampton Wanderers,Brighton,0,0,2019-04-20 15:00:00,,None
296786,24,MissedShots,0.9580000305175781,0.49400001525878906,0.12463799864053726,Raúl Jiménez,h,4105,OpenPlay,2018,LeftFoot,9497,Wolverhampton Wanderers,Arsenal,3,1,2019-04-24 19:45:00,Willy Boly,HeadPass
296788,29,MissedShots,0.885,0.3370000076293945,0.08187709748744965,Raúl Jiménez,h,4105,OpenPlay,2018,RightFoot,9497,Wolverhampton Wanderers,Arsenal,3,1,2019-04-24 19:45:00,Jonny,Pass
296799,59,BlockedShot,0.855999984741211,0.4159999847412109,0.040311701595783234,Raúl Jiménez,h,4105,FromCorner,2018,LeftFoot,9497,Wolverhampton Wanderers,Arsenal,3,1,2019-04-24 19:45:00,João Moutinho,Cross
296800,67,MissedShots,0.9359999847412109,0.3220000076293945,0.09477079659700394,Raúl Jiménez,h,4105,OpenPlay,2018,RightFoot,9497,Wolverhampton Wanderers,Arsenal,3,1,2019-04-24 19:45:00,Jonny,Pass
297373,32,BlockedShot,0.965999984741211,0.519000015258789,0.9316459894180298,Raúl Jiménez,a,4105,OpenPlay,2018,RightFoot,9547,Watford,Wolverhampton Wanderers,1,2,2019-04-27 15:00:00,Leander Dendoncker,Pass
297378,40,Goal,0.9640000152587891,0.4759999847412109,0.531108021736145,Raúl Jiménez,a,4105,FromCorner,2018,Head,9547,Watford,Wolverhampton Wanderers,1,2,2019-04-27 15:00:00,Diogo Jota,Cross
297376,40,BlockedShot,0.93,0.365,0.012797599658370018,Raúl Jiménez,a,4105,FromCorner,2018,Head,9547,Watford,Wolverhampton Wanderers,1,2,2019-04-27 15:00:00,João Moutinho,Aerial
299276,48,BlockedShot,0.7680000305175781,0.3579999923706055,0.018396100029349327,Raúl Jiménez,h,4105,OpenPlay,2018,RightFoot,9557,Wolverhampton Wanderers,Fulham,1,0,2019-05-04 14:00:00,,None
299281,64,MissedShots,0.9569999694824218,0.580999984741211,0.09202989935874939,Raúl Jiménez,h,4105,FromCorner,2018,Head,9557,Wolverhampton Wanderers,Fulham,1,0,2019-05-04 14:00:00,João Moutinho,Cross
301357,35,MissedShots,0.9290000152587891,0.46599998474121096,0.09769880026578903,Raúl Jiménez,a,4105,OpenPlay,2018,RightFoot,9571,Liverpool,Wolverhampton Wanderers,2,0,2019-05-12 14:00:00,Willy Boly,HeadPass
301361,59,MissedShots,0.9059999847412109,0.28899999618530275,0.048172399401664734,Raúl Jiménez,a,4105,OpenPlay,2018,RightFoot,9571,Liverpool,Wolverhampton Wanderers,2,0,2019-05-12 14:00:00,Diogo Jota,Pass
301363,64,MissedShots,0.895,0.445,0.10763899981975555,Raúl Jiménez,a,4105,OpenPlay,2018,RightFoot,9571,Liverpool,Wolverhampton Wanderers,2,0,2019-05-12 14:00:00,Matt Doherty,Pass
310231,46,SavedShot,0.8830000305175781,0.3840000152587891,0.17117899656295776,Raúl Jiménez,a,4105,OpenPlay,2019,RightFoot,11651,Leicester,Wolverhampton Wanderers,0,0,2019-08-11 14:00:00,Rúben Neves,TakeOn
310241,82,SavedShot,0.8030000305175782,0.565,0.04423670098185539,Raúl Jiménez,a,4105,OpenPlay,2019,RightFoot,11651,Leicester,Wolverhampton Wanderers,0,0,2019-08-11 14:00:00,Jonny,Pass
311296,31,BlockedShot,0.8690000152587891,0.59,0.06200540065765381,Raúl Jiménez,h,4105,FromCorner,2019,RightFoot,11662,Wolverhampton Wanderers,Manchester United,1,1,2019-08-19 20:00:00,,None
311298,53,ShotOnPost,0.8830000305175781,0.44,0.045065298676490784,Raúl Jiménez,h,4105,SetPiece,2019,Head,11662,Wolverhampton Wanderers,Manchester United,1,1,2019-08-19 20:00:00,João Moutinho,Cross
313096,46,BlockedShot,0.805,0.5170000076293946,0.05138330161571503,Raúl Jiménez,h,4105,OpenPlay,2019,LeftFoot,11668,Wolverhampton Wanderers,Burnley,1,1,2019-08-25 16:30:00,Willy Boly,Pass
313097,47,MissedShots,0.8519999694824218,0.5120000076293946,0.06539099663496017,Raúl Jiménez,h,4105,OpenPlay,2019,RightFoot,11668,Wolverhampton Wanderers,Burnley,1,1,2019-08-25 16:30:00,Ryan Bennett,Cross
313109,92,ShotOnPost,0.870999984741211,0.509000015258789,0.041322700679302216,Raúl Jiménez,h,4105,OpenPlay,2019,RightFoot,11668,Wolverhampton Wanderers,Burnley,1,1,2019-08-25 16:30:00,,Aerial
313112,96,Goal,0.885,0.5,0.7611690163612366,Raúl Jiménez,h,4105,Penalty,2019,RightFoot,11668,Wolverhampton Wanderers,Burnley,1,1,2019-08-25 16:30:00,,Standard
316299,23,SavedShot,0.86,0.7330000305175781,0.02515150047838688,Raúl Jiménez,a,4105,OpenPlay,2019,RightFoot,11681,Everton,Wolverhampton Wanderers,3,2,2019-09-01 14:00:00,Ryan Bennett,Chipped
316306,74,Goal,0.9569999694824218,0.49900001525878906,0.4760420024394989,Raúl Jiménez,a,4105,OpenPlay,2019,Head,11681,Everton,Wolverhampton Wanderers,3,2,2019-09-01 14:00:00,Willy Boly,HeadPass
317304,46,MissedShots,0.895,0.44299999237060544,0.04996759817004204,Raúl Jiménez,h,4105,OpenPlay,2019,Head,11688,Wolverhampton Wanderers,Chelsea,2,5,2019-09-14 14:00:00,Adama Traoré,Cross
317308,57,MissedShots,0.9690000152587891,0.3820000076293945,0.04784980043768883,Raúl Jiménez,h,4105,FromCorner,2019,RightFoot,11688,Wolverhampton Wanderers,Chelsea,2,5,2019-09-14 14:00:00,João Moutinho,Cross
321497,51,MissedShots,0.9030000305175782,0.4470000076293945,0.03300980105996132,Raúl Jiménez,a,4105,OpenPlay,2019,Head,11697,Crystal Palace,Wolverhampton Wanderers,1,1,2019-09-22 13:00:00,Adama Traoré,Aerial
321502,62,SavedShot,0.879000015258789,0.549000015258789,0.07711789757013321,Raúl Jiménez,a,4105,OpenPlay,2019,RightFoot,11697,Crystal Palace,Wolverhampton Wanderers,1,1,2019-09-22 13:00:00,Jonny,Cross
322699,1,MissedShots,0.8830000305175781,0.285,0.04402279853820801,Raúl Jiménez,h,4105,OpenPlay,2019,RightFoot,11705,Wolverhampton Wanderers,Watford,2,0,2019-09-28 14:00:00,Willy Boly,Chipped
322700,8,MissedShots,0.97,0.6029999923706054,0.1438249945640564,Raúl Jiménez,h,4105,OpenPlay,2019,RightFoot,11705,Wolverhampton Wanderers,Watford,2,0,2019-09-28 14:00:00,Pedro Neto,Pass
324655,18,BlockedShot,0.8690000152587891,0.44099998474121094,0.1133280023932457,Raúl Jiménez,a,4105,OpenPlay,2019,RightFoot,11716,Manchester City,Wolverhampton Wanderers,0,2,2019-10-06 14:00:00,,TakeOn
324662,62,MissedShots,0.9319999694824219,0.6090000152587891,0.014857100322842598,Raúl Jiménez,a,4105,FromCorner,2019,Head,11716,Manchester City,Wolverhampton Wanderers,0,2,2019-10-06 14:00:00,João Moutinho,Aerial
325678,60,Goal,0.885,0.5,0.7611690163612366,Raúl Jiménez,h,4105,Penalty,2019,RightFoot,11732,Wolverhampton Wanderers,Southampton,1,1,2019-10-19 15:00:00,,Standard
327871,85,MissedShots,0.8830000305175781,0.7190000152587891,0.026856400072574615,Raúl Jiménez,a,4105,FromCorner,2019,RightFoot,11738,Newcastle United,Wolverhampton Wanderers,1,1,2019-10-27 14:00:00,Romain Saiss,BallTouch
327875,95,SavedShot,0.7659999847412109,0.3509999847412109,0.020896200090646744,Raúl Jiménez,a,4105,OpenPlay,2019,RightFoot,11738,Newcastle United,Wolverhampton Wanderers,1,1,2019-10-27 14:00:00,Matt Doherty,Pass
329134,3,BlockedShot,0.759000015258789,0.4759999847412109,0.02716119959950447,Raúl Jiménez,a,4105,OpenPlay,2019,RightFoot,11743,Arsenal,Wolverhampton Wanderers,1,1,2019-11-02 15:00:00,Rúben Neves,Pass
329136,8,BlockedShot,0.87,0.27600000381469725,0.038271501660346985,Raúl Jiménez,a,4105,OpenPlay,2019,RightFoot,11743,Arsenal,Wolverhampton Wanderers,1,1,2019-11-02 15:00:00,,BallRecovery
329149,43,SavedShot,0.9080000305175782,0.44,0.033491700887680054,Raúl Jiménez,a,4105,OpenPlay,2019,Head,11743,Arsenal,Wolverhampton Wanderers,1,1,2019-11-02 15:00:00,,Aerial
329150,46,BlockedShot,0.7480000305175781,0.46099998474121096,0.022778799757361412,Raúl Jiménez,a,4105,OpenPlay,2019,RightFoot,11743,Arsenal,Wolverhampton Wanderers,1,1,2019-11-02 15:00:00,Jonny,Pass
329153,49,SavedShot,0.899000015258789,0.580999984741211,0.013798600062727928,Raúl Jiménez,a,4105,FromCorner,2019,Head,11743,Arsenal,Wolverhampton Wanderers,1,1,2019-11-02 15:00:00,João Moutinho,Aerial
329157,57,BlockedShot,0.799000015258789,0.580999984741211,0.040784500539302826,Raúl Jiménez,a,4105,OpenPlay,2019,RightFoot,11743,Arsenal,Wolverhampton Wanderers,1,1,2019-11-02 15:00:00,Jonny,Pass
329160,70,SavedShot,0.865,0.7630000305175781,0.07858079671859741,Raúl Jiménez,a,4105,OpenPlay,2019,LeftFoot,11743,Arsenal,Wolverhampton Wanderers,1,1,2019-11-02 15:00:00,Diogo Jota,Chipped
329161,75,Goal,0.914000015258789,0.5220000076293946,0.03908839821815491,Raúl Jiménez,a,4105,OpenPlay,2019,Head,11743,Arsenal,Wolverhampton Wanderers,1,1,2019-11-02 15:00:00,João Moutinho,Aerial
331416,18,MissedShots,0.8969999694824219,0.5279999923706055,0.10083600133657455,Raúl Jiménez,h,4105,OpenPlay,2019,LeftFoot,11760,Wolverhampton Wanderers,Aston Villa,2,1,2019-11-10 14:00:00,,None
331419,27,MissedShots,0.865999984741211,0.6029999923706054,0.07364589720964432,Raúl Jiménez,h,4105,OpenPlay,2019,LeftFoot,11760,Wolverhampton Wanderers,Aston Villa,2,1,2019-11-10 14:00:00,Rúben Neves,BallRecovery
331428,50,MissedShots,0.8540000152587891,0.3940000152587891,0.1268250048160553,Raúl Jiménez,h,4105,OpenPlay,2019,LeftFoot,11760,Wolverhampton Wanderers,Aston Villa,2,1,2019-11-10 14:00:00,Rúben Neves,Chipped
331435,67,MissedShots,0.9030000305175782,0.41900001525878905,0.1234470009803772,Raúl Jiménez,h,4105,OpenPlay,2019,RightFoot,11760,Wolverhampton Wanderers,Aston Villa,2,1,2019-11-10 14:00:00,,Rebound
331441,83,Goal,0.85,0.504000015258789,0.13235299289226532,Raúl Jiménez,h,4105,OpenPlay,2019,RightFoot,11760,Wolverhampton Wanderers,Aston Villa,2,1,2019-11-10 14:00:00,Adama Traoré,Pass
332146,11,BlockedShot,0.8469999694824218,0.575999984741211,0.04715240001678467,Raúl Jiménez,a,4105,OpenPlay,2019,LeftFoot,11765,Bournemouth,Wolverhampton Wanderers,1,2,2019-11-23 15:00:00,Diogo Jota,Cross
332149,30,Goal,0.9259999847412109,0.4520000076293945,0.5425599813461304,Raúl Jiménez,a,4105,SetPiece,2019,LeftFoot,11765,Bournemouth,Wolverhampton Wanderers,1,2,2019-11-23 15:00:00,Adama Traoré,Pass
332159,61,MissedShots,0.919000015258789,0.45099998474121095,0.0321430005133152,Raúl Jiménez,a,4105,FromCorner,2019,Head,11765,Bournemouth,Wolverhampton Wanderers,1,2,2019-11-23 15:00:00,João Moutinho,Aerial
332161,71,SavedShot,0.925,0.48200000762939454,0.07576440274715424,Raúl Jiménez,a,4105,OpenPlay,2019,Head,11765,Bournemouth,Wolverhampton Wanderers,1,2,2019-11-23 15:00:00,Diogo Jota,Aerial
332167,85,SavedShot,0.8159999847412109,0.35400001525878905,0.09947170317173004,Raúl Jiménez,a,4105,OpenPlay,2019,RightFoot,11765,Bournemouth,Wolverhampton Wanderers,1,2,2019-11-23 15:00:00,Rúben Neves,BallRecovery
332168,90,MissedShots,0.575999984741211,0.23100000381469726,0.008410469628870487,Raúl Jiménez,a,4105,OpenPlay,2019,RightFoot,11765,Bournemouth,Wolverhampton Wanderers,1,2,2019-11-23 15:00:00,,BallRecovery
334176,12,SavedShot,0.914000015258789,0.475,0.3719559907913208,Raúl Jiménez,h,4105,OpenPlay,2019,Head,11780,Wolverhampton Wanderers,Sheffield United,1,1,2019-12-01 14:00:00,,Aerial
334177,13,BlockedShot,0.9009999847412109,0.5170000076293946,0.032737601548433304,Raúl Jiménez,h,4105,FromCorner,2019,Head,11780,Wolverhampton Wanderers,Sheffield United,1,1,2019-12-01 14:00:00,João Moutinho,Rebound
334180,33,BlockedShot,0.9480000305175781,0.4759999847412109,0.07866089791059494,Raúl Jiménez,h,4105,FromCorner,2019,Head,11780,Wolverhampton Wanderers,Sheffield United,1,1,2019-12-01 14:00:00,João Moutinho,Aerial
334194,90,BlockedShot,0.8530000305175781,0.66,0.04786190018057823,Raúl Jiménez,h,4105,SetPiece,2019,RightFoot,11780,Wolverhampton Wanderers,Sheffield United,1,1,2019-12-01 14:00:00,Jonny,BallTouch
335031,11,MissedShots,0.9,0.265,0.058866098523139954,Raúl Jiménez,h,4105,OpenPlay,2019,RightFoot,11787,Wolverhampton Wanderers,West Ham,2,0,2019-12-04 19:30:00,Adama Traoré,Pass
335032,21,SavedShot,0.9259999847412109,0.580999984741211,0.1352590024471283,Raúl Jiménez,h,4105,OpenPlay,2019,RightFoot,11787,Wolverhampton Wanderers,West Ham,2,0,2019-12-04 19:30:00,Diogo Jota,Pass
335044,63,MissedShots,0.925,0.669000015258789,0.13151699304580688,Raúl Jiménez,h,4105,OpenPlay,2019,LeftFoot,11787,Wolverhampton Wanderers,West Ham,2,0,2019-12-04 19:30:00,João Moutinho,Throughball
335045,72,SavedShot,0.874000015258789,0.645,0.11190299689769745,Raúl Jiménez,h,4105,OpenPlay,2019,RightFoot,11787,Wolverhampton Wanderers,West Ham,2,0,2019-12-04 19:30:00,Adama Traoré,Pass
337489,20,MissedShots,0.885,0.37099998474121093,0.016087200492620468,Raúl Jiménez,h,4105,OpenPlay,2019,Head,11812,Wolverhampton Wanderers,Tottenham,1,2,2019-12-15 14:00:00,João Moutinho,Cross
337491,25,MissedShots,0.88,0.6229999923706054,0.07703150063753128,Raúl Jiménez,h,4105,OpenPlay,2019,RightFoot,11812,Wolverhampton Wanderers,Tottenham,1,2,2019-12-15 14:00:00,Diogo Jota,Pass
337495,33,BlockedShot,0.7930000305175782,0.5,0.03990510106086731,Raúl Jiménez,h,4105,OpenPlay,2019,LeftFoot,11812,Wolverhampton Wanderers,Tottenham,1,2,2019-12-15 14:00:00,João Moutinho,Pass
337499,48,SavedShot,0.825,0.335,0.03325650095939636,Raúl Jiménez,h,4105,OpenPlay,2019,RightFoot,11812,Wolverhampton Wanderers,Tottenham,1,2,2019-12-15 14:00:00,,TakeOn
337505,78,BlockedShot,0.7759999847412109,0.500999984741211,0.031985800713300705,Raúl Jiménez,h,4105,OpenPlay,2019,RightFoot,11812,Wolverhampton Wanderers,Tottenham,1,2,2019-12-15 14:00:00,Adama Traoré,TakeOn
338646,25,SavedShot,0.84,0.34599998474121096,0.04820840060710907,Raúl Jiménez,a,4105,OpenPlay,2019,LeftFoot,11819,Norwich,Wolverhampton Wanderers,1,2,2019-12-21 15:00:00,Adama Traoré,Pass
338655,59,BlockedShot,0.8859999847412109,0.3160000038146973,0.050459299236536026,Raúl Jiménez,a,4105,OpenPlay,2019,RightFoot,11819,Norwich,Wolverhampton Wanderers,1,2,2019-12-21 15:00:00,Adama Traoré,Pass
338659,68,MissedShots,0.8519999694824218,0.37099998474121093,0.06146550178527832,Raúl Jiménez,a,4105,OpenPlay,2019,RightFoot,11819,Norwich,Wolverhampton Wanderers,1,2,2019-12-21 15:00:00,,BallRecovery
338664,80,Goal,0.8880000305175781,0.534000015258789,0.37068700790405273,Raúl Jiménez,a,4105,OpenPlay,2019,RightFoot,11819,Norwich,Wolverhampton Wanderers,1,2,2019-12-21 15:00:00,,Rebound
339692,19,BlockedShot,0.960999984741211,0.3970000076293945,0.016622399911284447,Raúl Jiménez,h,4105,FromCorner,2019,Head,11832,Wolverhampton Wanderers,Manchester City,3,2,2019-12-27 19:45:00,João Moutinho,Aerial
339699,43,SavedShot,0.779000015258789,0.6819999694824219,0.018512900918722153,Raúl Jiménez,h,4105,OpenPlay,2019,RightFoot,11832,Wolverhampton Wanderers,Manchester City,3,2,2019-12-27 19:45:00,João Moutinho,Chipped
339704,52,MissedShots,0.8230000305175781,0.49900001525878906,0.05757389962673187,Raúl Jiménez,h,4105,OpenPlay,2019,RightFoot,11832,Wolverhampton Wanderers,Manchester City,3,2,2019-12-27 19:45:00,Jonny,BallRecovery
339706,61,BlockedShot,0.8530000305175781,0.539000015258789,0.05849489942193031,Raúl Jiménez,h,4105,OpenPlay,2019,RightFoot,11832,Wolverhampton Wanderers,Manchester City,3,2,2019-12-27 19:45:00,Adama Traoré,Cross
339713,81,Goal,0.9569999694824218,0.49400001525878906,0.6489449739456177,Raúl Jiménez,h,4105,OpenPlay,2019,LeftFoot,11832,Wolverhampton Wanderers,Manchester City,3,2,2019-12-27 19:45:00,Adama Traoré,Pass
339941,82,BlockedShot,0.8830000305175781,0.6140000152587891,0.06673499941825867,Raúl Jiménez,a,4105,OpenPlay,2019,RightFoot,11836,Liverpool,Wolverhampton Wanderers,1,0,2019-12-29 16:30:00,Romain Saiss,Chipped
351456,15,MissedShots,0.855,0.500999984741211,0.08186490088701248,Raúl Jiménez,a,4105,OpenPlay,2019,RightFoot,11852,Watford,Wolverhampton Wanderers,2,1,2020-01-01 15:00:00,Leander Dendoncker,Chipped
351459,27,MissedShots,0.6919999694824219,0.46,0.012376800179481506,Raúl Jiménez,a,4105,OpenPlay,2019,RightFoot,11852,Watford,Wolverhampton Wanderers,2,1,2020-01-01 15:00:00,Pedro Neto,GoodSkill
351465,47,MissedShots,0.7390000152587891,0.49700000762939456,0.01062449999153614,Raúl Jiménez,a,4105,OpenPlay,2019,RightFoot,11852,Watford,Wolverhampton Wanderers,2,1,2020-01-01 15:00:00,,Aerial
351471,62,BlockedShot,0.8859999847412109,0.37400001525878906,0.058711498975753784,Raúl Jiménez,a,4105,FromCorner,2019,RightFoot,11852,Watford,Wolverhampton Wanderers,2,1,2020-01-01 15:00:00,Leander Dendoncker,None
351669,16,BlockedShot,0.805,0.3220000076293945,0.0489577017724514,Raúl Jiménez,h,4105,OpenPlay,2019,RightFoot,11853,Wolverhampton Wanderers,Newcastle United,1,1,2020-01-11 15:00:00,Adama Traoré,Pass
351671,33,SavedShot,0.965999984741211,0.539000015258789,0.5981379747390747,Raúl Jiménez,h,4105,OpenPlay,2019,Head,11853,Wolverhampton Wanderers,Newcastle United,1,1,2020-01-11 15:00:00,Adama Traoré,Cross
351676,46,BlockedShot,0.85,0.43099998474121093,0.061554599553346634,Raúl Jiménez,h,4105,OpenPlay,2019,RightFoot,11853,Wolverhampton Wanderers,Newcastle United,1,1,2020-01-11 15:00:00,,Rebound
351941,22,SavedShot,0.9530000305175781,0.45799999237060546,0.10373599827289581,Raúl Jiménez,a,4105,OpenPlay,2019,RightFoot,11870,Southampton,Wolverhampton Wanderers,2,3,2020-01-18 15:00:00,,None
351943,26,MissedShots,0.889000015258789,0.35900001525878905,0.02852270007133484,Raúl Jiménez,a,4105,SetPiece,2019,RightFoot,11870,Southampton,Wolverhampton Wanderers,2,3,2020-01-18 15:00:00,João Moutinho,Cross
351945,32,MissedShots,0.9469999694824218,0.47200000762939454,0.5550569891929626,Raúl Jiménez,a,4105,OpenPlay,2019,LeftFoot,11870,Southampton,Wolverhampton Wanderers,2,3,2020-01-18 15:00:00,Pedro Neto,Cross
351951,64,Goal,0.885,0.5,0.7611690163612366,Raúl Jiménez,a,4105,Penalty,2019,RightFoot,11870,Southampton,Wolverhampton Wanderers,2,3,2020-01-18 15:00:00,,Standard
351955,75,Goal,0.865999984741211,0.5259999847412109,0.3526209890842438,Raúl Jiménez,a,4105,OpenPlay,2019,RightFoot,11870,Southampton,Wolverhampton Wanderers,2,3,2020-01-18 15:00:00,Adama Traoré,Pass
352331,37,MissedShots,0.86,0.6120000076293945,0.054575201123952866,Raúl Jiménez,h,4105,OpenPlay,2019,RightFoot,11874,Wolverhampton Wanderers,Liverpool,1,2,2020-01-23 20:00:00,,None
352332,42,BlockedShot,0.8230000305175781,0.524000015258789,0.05158190056681633,Raúl Jiménez,h,4105,OpenPlay,2019,RightFoot,11874,Wolverhampton Wanderers,Liverpool,1,2,2020-01-23 20:00:00,Romain Saiss,BallTouch
352337,50,Goal,0.9059999847412109,0.46,0.3125329911708832,Raúl Jiménez,h,4105,OpenPlay,2019,Head,11874,Wolverhampton Wanderers,Liverpool,1,2,2020-01-23 20:00:00,Adama Traoré,Cross
352341,67,SavedShot,0.9640000152587891,0.355,0.31488001346588135,Raúl Jiménez,h,4105,OpenPlay,2019,RightFoot,11874,Wolverhampton Wanderers,Liverpool,1,2,2020-01-23 20:00:00,Adama Traoré,Throughball
352587,68,SavedShot,0.9359999847412109,0.3220000076293945,0.0994838997721672,Raúl Jiménez,a,4105,OpenPlay,2019,RightFoot,11888,Manchester United,Wolverhampton Wanderers,0,0,2020-02-01 17:30:00,Adama Traoré,Pass
352725,41,MissedShots,0.919000015258789,0.4570000076293945,0.29932400584220886,Raúl Jiménez,h,4105,OpenPlay,2019,Head,11902,Wolverhampton Wanderers,Leicester,0,0,2020-02-14 20:00:00,Jonny,Cross
352732,80,MissedShots,0.870999984741211,0.53,0.031658198684453964,Raúl Jiménez,h,4105,OpenPlay,2019,Head,11902,Wolverhampton Wanderers,Leicester,0,0,2020-02-14 20:00:00,Adama Traoré,Cross
352733,82,MissedShots,0.8719999694824219,0.46900001525878904,0.013251000083982944,Raúl Jiménez,h,4105,SetPiece,2019,Head,11902,Wolverhampton Wanderers,Leicester,0,0,2020-02-14 20:00:00,João Moutinho,Aerial
352735,89,MissedShots,0.9159999847412109,0.4640000152587891,0.2660819888114929,Raúl Jiménez,h,4105,FromCorner,2019,Head,11902,Wolverhampton Wanderers,Leicester,0,0,2020-02-14 20:00:00,João Moutinho,Cross
352739,94,BlockedShot,0.8719999694824219,0.445,0.09972009807825089,Raúl Jiménez,h,4105,OpenPlay,2019,RightFoot,11902,Wolverhampton Wanderers,Leicester,0,0,2020-02-14 20:00:00,Adama Traoré,Pass
353092,36,MissedShots,0.9519999694824218,0.44,0.11986900120973587,Raúl Jiménez,h,4105,FromCorner,2019,Head,11912,Wolverhampton Wanderers,Norwich,3,0,2020-02-23 14:00:00,João Moutinho,Cross
353097,48,MissedShots,0.8130000305175781,0.28700000762939454,0.03770510107278824,Raúl Jiménez,h,4105,OpenPlay,2019,LeftFoot,11912,Wolverhampton Wanderers,Norwich,3,0,2020-02-23 14:00:00,Diogo Jota,Pass
353099,49,Goal,0.9769999694824218,0.51,0.975928008556366,Raúl Jiménez,h,4105,OpenPlay,2019,RightFoot,11912,Wolverhampton Wanderers,Norwich,3,0,2020-02-23 14:00:00,,Rebound
353102,57,MissedShots,0.8930000305175781,0.4779999923706055,0.12650799751281738,Raúl Jiménez,h,4105,OpenPlay,2019,RightFoot,11912,Wolverhampton Wanderers,Norwich,3,0,2020-02-23 14:00:00,Matt Doherty,Rebound
353369,11,BlockedShot,0.7190000152587891,0.3820000076293945,0.017535900697112083,Raúl Jiménez,a,4105,OpenPlay,2019,RightFoot,11920,Tottenham,Wolverhampton Wanderers,2,3,2020-03-01 14:00:00,Rúben Neves,Pass
353371,11,BlockedShot,0.935,0.615999984741211,0.05173090100288391,Raúl Jiménez,a,4105,FromCorner,2019,RightFoot,11920,Tottenham,Wolverhampton Wanderers,2,3,2020-03-01 14:00:00,João Moutinho,Cross
353383,46,MissedShots,0.9230000305175782,0.555,0.04271459951996803,Raúl Jiménez,a,4105,FromCorner,2019,OtherBodyPart,11920,Tottenham,Wolverhampton Wanderers,2,3,2020-03-01 14:00:00,João Moutinho,Aerial
353390,72,Goal,0.9059999847412109,0.42700000762939455,0.3800329864025116,Raúl Jiménez,a,4105,OpenPlay,2019,LeftFoot,11920,Tottenham,Wolverhampton Wanderers,2,3,2020-03-01 14:00:00,Diogo Jota,Pass
353391,88,MissedShots,0.845999984741211,0.49700000762939456,0.155581995844841,Raúl Jiménez,a,4105,OpenPlay,2019,LeftFoot,11920,Tottenham,Wolverhampton Wanderers,2,3,2020-03-01 14:00:00,Pedro Neto,TakeOn
353477,7,MissedShots,0.825999984741211,0.37099998474121093,0.07956109941005707,Raúl Jiménez,h,4105,OpenPlay,2019,RightFoot,11931,Wolverhampton Wanderers,Brighton,0,0,2020-03-07 15:00:00,Rúben Neves,Pass
353480,28,MissedShots,0.7609999847412109,0.3529999923706055,0.014534500427544117,Raúl Jiménez,h,4105,OpenPlay,2019,RightFoot,11931,Wolverhampton Wanderers,Brighton,0,0,2020-03-07 15:00:00,Leander Dendoncker,HeadPass
353481,32,MissedShots,0.9030000305175782,0.31799999237060544,0.3184640109539032,Raúl Jiménez,h,4105,OpenPlay,2019,RightFoot,11931,Wolverhampton Wanderers,Brighton,0,0,2020-03-07 15:00:00,,None
353490,75,SavedShot,0.865999984741211,0.5479999923706055,0.07735840231180191,Raúl Jiménez,h,4105,OpenPlay,2019,RightFoot,11931,Wolverhampton Wanderers,Brighton,0,0,2020-03-07 15:00:00,Daniel Podence,Rebound
365569,12,SavedShot,0.92,0.4370000076293945,0.034799300134181976,Raúl Jiménez,a,4105,FromCorner,2019,Head,11934,West Ham,Wolverhampton Wanderers,0,2,2020-06-20 16:30:00,Jonny,Aerial
365573,32,BlockedShot,0.909000015258789,0.72,0.048648301512002945,Raúl Jiménez,a,4105,OpenPlay,2019,RightFoot,11934,West Ham,Wolverhampton Wanderers,0,2,2020-06-20 16:30:00,Diogo Jota,Pass
365575,35,BlockedShot,0.8119999694824219,0.5070000076293946,0.03915249928832054,Raúl Jiménez,a,4105,OpenPlay,2019,RightFoot,11934,West Ham,Wolverhampton Wanderers,0,2,2020-06-20 16:30:00,Matt Doherty,Chipped
365579,72,Goal,0.9730000305175781,0.5059999847412109,0.7120950222015381,Raúl Jiménez,a,4105,OpenPlay,2019,Head,11934,West Ham,Wolverhampton Wanderers,0,2,2020-06-20 16:30:00,Adama Traoré,Cross
366335,59,Goal,0.9540000152587891,0.54,0.15008699893951416,Raúl Jiménez,h,4105,OpenPlay,2019,Head,11947,Wolverhampton Wanderers,Bournemouth,1,0,2020-06-24 17:00:00,Adama Traoré,Cross
366783,18,SavedShot,0.9219999694824219,0.35700000762939454,0.011452999897301197,Raúl Jiménez,a,4105,SetPiece,2019,Head,11954,Aston Villa,Wolverhampton Wanderers,0,1,2020-06-27 11:30:00,João Moutinho,Aerial
366787,36,MissedShots,0.8209999847412109,0.33799999237060546,0.039406001567840576,Raúl Jiménez,a,4105,SetPiece,2019,RightFoot,11954,Aston Villa,Wolverhampton Wanderers,0,1,2020-06-27 11:30:00,Rúben Neves,Chipped
366788,39,MissedShots,0.875,0.2989999961853027,0.05110830068588257,Raúl Jiménez,a,4105,OpenPlay,2019,RightFoot,11954,Aston Villa,Wolverhampton Wanderers,0,1,2020-06-27 11:30:00,Leander Dendoncker,Pass
368715,51,MissedShots,0.9369999694824219,0.5509999847412109,0.10676199942827225,Raúl Jiménez,h,4105,OpenPlay,2019,Head,11972,Wolverhampton Wanderers,Arsenal,0,2,2020-07-04 16:30:00,Adama Traoré,Cross
370704,26,SavedShot,0.88,0.59,0.07015590369701385,Raúl Jiménez,h,4105,FromCorner,2019,RightFoot,11992,Wolverhampton Wanderers,Everton,3,0,2020-07-12 11:00:00,Willy Boly,HeadPass
370705,46,Goal,0.885,0.5,0.7611690163612366,Raúl Jiménez,h,4105,Penalty,2019,RightFoot,11992,Wolverhampton Wanderers,Everton,3,0,2020-07-12 11:00:00,,Standard
370711,64,BlockedShot,0.9580000305175781,0.645,0.10940399765968323,Raúl Jiménez,h,4105,OpenPlay,2019,RightFoot,11992,Wolverhampton Wanderers,Everton,3,0,2020-07-12 11:00:00,,Rebound
371438,9,SavedShot,0.9540000152587891,0.5220000076293946,0.11282899975776672,Raúl Jiménez,a,4105,OpenPlay,2019,Head,11994,Burnley,Wolverhampton Wanderers,1,1,2020-07-15 17:00:00,Adama Traoré,Aerial
371448,52,MissedShots,0.874000015258789,0.3340000152587891,0.09210880100727081,Raúl Jiménez,a,4105,OpenPlay,2019,RightFoot,11994,Burnley,Wolverhampton Wanderers,1,1,2020-07-15 17:00:00,,None
371454,75,Goal,0.8469999694824218,0.5329999923706055,0.0640576034784317,Raúl Jiménez,a,4105,OpenPlay,2019,RightFoot,11994,Burnley,Wolverhampton Wanderers,1,1,2020-07-15 17:00:00,,Rebound
372931,12,SavedShot,0.9469999694824218,0.3139999961853027,0.0541766993701458,Raúl Jiménez,h,4105,OpenPlay,2019,RightFoot,12012,Wolverhampton Wanderers,Crystal Palace,2,0,2020-07-20 19:15:00,,None
372937,47,BlockedShot,0.73,0.6309999847412109,0.020368799567222595,Raúl Jiménez,h,4105,OpenPlay,2019,LeftFoot,12012,Wolverhampton Wanderers,Crystal Palace,2,0,2020-07-20 19:15:00,Rúben Neves,Pass
372940,67,MissedShots,0.8819999694824219,0.41,0.10847499966621399,Raúl Jiménez,h,4105,OpenPlay,2019,RightFoot,12012,Wolverhampton Wanderers,Crystal Palace,2,0,2020-07-20 19:15:00,Adama Traoré,Pass
373676,13,BlockedShot,0.6859999847412109,0.534000015258789,0.013450699858367443,Raúl Jiménez,a,4105,OpenPlay,2019,LeftFoot,12021,Chelsea,Wolverhampton Wanderers,2,0,2020-07-26 15:00:00,Matt Doherty,Pass
377103,2,Goal,0.87,0.42400001525878905,0.3069469928741455,Raúl Jiménez,a,4105,OpenPlay,2020,RightFoot,14094,Sheffield United,Wolverhampton Wanderers,0,2,2020-09-14 17:00:00,Daniel Podence,Cross
377104,5,SavedShot,0.8480000305175781,0.605999984741211,0.053645599633455276,Raúl Jiménez,a,4105,OpenPlay,2020,RightFoot,14094,Sheffield United,Wolverhampton Wanderers,0,2,2020-09-14 17:00:00,Leander Dendoncker,Cross
377106,23,MissedShots,0.7819999694824219,0.33799999237060546,0.03592190146446228,Raúl Jiménez,a,4105,OpenPlay,2020,LeftFoot,14094,Sheffield United,Wolverhampton Wanderers,0,2,2020-09-14 17:00:00,João Moutinho,Pass
377113,69,MissedShots,0.9130000305175782,0.49,0.5962269902229309,Raúl Jiménez,a,4105,OpenPlay,2020,LeftFoot,14094,Sheffield United,Wolverhampton Wanderers,0,2,2020-09-14 17:00:00,,None
377118,83,ShotOnPost,0.9469999694824218,0.415,0.02945229969918728,Raúl Jiménez,a,4105,FromCorner,2020,Head,14094,Sheffield United,Wolverhampton Wanderers,0,2,2020-09-14 17:00:00,João Moutinho,Aerial
378533,40,MissedShots,0.8919999694824219,0.40900001525878904,0.03680429980158806,Raúl Jiménez,h,4105,FromCorner,2020,Head,14105,Wolverhampton Wanderers,Manchester City,1,3,2020-09-21 19:15:00,Adama Traoré,Cross
378540,59,MissedShots,0.8859999847412109,0.47299999237060547,0.07151679694652557,Raúl Jiménez,h,4105,OpenPlay,2020,LeftFoot,14105,Wolverhampton Wanderers,Manchester City,1,3,2020-09-21 19:15:00,Adama Traoré,Cross
378545,77,Goal,0.8959999847412109,0.4570000076293945,0.24897900223731995,Raúl Jiménez,h,4105,FromCorner,2020,Head,14105,Wolverhampton Wanderers,Manchester City,1,3,2020-09-21 19:15:00,Daniel Podence,Cross
379785,22,BlockedShot,0.879000015258789,0.5309999847412109,0.07459820061922073,Raúl Jiménez,a,4105,OpenPlay,2020,LeftFoot,14113,West Ham,Wolverhampton Wanderers,4,0,2020-09-27 18:00:00,Pedro Neto,Cross
379790,36,SavedShot,0.9,0.555,0.048244401812553406,Raúl Jiménez,a,4105,FromCorner,2020,Head,14113,West Ham,Wolverhampton Wanderers,4,0,2020-09-27 18:00:00,Pedro Neto,Cross
379802,65,OwnGoal,0.04099999904632568,0.40200000762939453,0,Raúl Jiménez,a,4105,FromCorner,2020,OtherBodyPart,14113,West Ham,Wolverhampton Wanderers,4,0,2020-09-27 18:00:00,,None
381217,31,MissedShots,0.8819999694824219,0.5459999847412109,0.030401000753045082,Raúl Jiménez,h,4105,OpenPlay,2020,Head,14474,Wolverhampton Wanderers,Fulham,1,0,2020-10-04 13:00:00,Leander Dendoncker,Aerial
381220,54,SavedShot,0.8690000152587891,0.575999984741211,0.06656630337238312,Raúl Jiménez,h,4105,OpenPlay,2020,RightFoot,14474,Wolverhampton Wanderers,Fulham,1,0,2020-10-04 13:00:00,Max Kilman,BallRecovery
381227,68,BlockedShot,0.8230000305175781,0.5609999847412109,0.06846480071544647,Raúl Jiménez,h,4105,OpenPlay,2020,RightFoot,14474,Wolverhampton Wanderers,Fulham,1,0,2020-10-04 13:00:00,Max Kilman,TakeOn
382933,34,MissedShots,0.9619999694824218,0.3970000076293945,0.059832800179719925,Raúl Jiménez,a,4105,FromCorner,2020,RightFoot,14478,Leeds,Wolverhampton Wanderers,0,1,2020-10-19 19:00:00,João Moutinho,Cross
382940,69,Goal,0.7859999847412109,0.46099998474121096,0.02450069971382618,Raúl Jiménez,a,4105,OpenPlay,2020,RightFoot,14478,Leeds,Wolverhampton Wanderers,0,1,2020-10-19 19:00:00,Max Kilman,TakeOn
384000,10,MissedShots,0.785,0.4159999847412109,0.031108500435948372,Raúl Jiménez,h,4105,OpenPlay,2020,RightFoot,14494,Wolverhampton Wanderers,Newcastle United,1,1,2020-10-25 16:30:00,Nélson Semedo,Pass
384001,12,MissedShots,0.9059999847412109,0.4209999847412109,0.12049499899148941,Raúl Jiménez,h,4105,OpenPlay,2020,LeftFoot,14494,Wolverhampton Wanderers,Newcastle United,1,1,2020-10-25 16:30:00,Pedro Neto,Pass
384004,45,MissedShots,0.7369999694824219,0.63,0.018128899857401848,Raúl Jiménez,h,4105,OpenPlay,2020,RightFoot,14494,Wolverhampton Wanderers,Newcastle United,1,1,2020-10-25 16:30:00,Daniel Podence,Pass
384015,76,SavedShot,0.8190000152587891,0.5609999847412109,0.04195509850978851,Raúl Jiménez,h,4105,OpenPlay,2020,RightFoot,14494,Wolverhampton Wanderers,Newcastle United,1,1,2020-10-25 16:30:00,,Rebound
384014,76,BlockedShot,0.8280000305175781,0.585,0.06378179788589478,Raúl Jiménez,h,4105,OpenPlay,2020,RightFoot,14494,Wolverhampton Wanderers,Newcastle United,1,1,2020-10-25 16:30:00,Pedro Neto,Pass
384017,79,Goal,0.7769999694824219,0.45099998474121095,0.0222632996737957,Raúl Jiménez,h,4105,SetPiece,2020,RightFoot,14494,Wolverhampton Wanderers,Newcastle United,1,1,2020-10-25 16:30:00,,None
384372,69,SavedShot,0.789000015258789,0.5070000076293946,0.0769416019320488,Raúl Jiménez,h,4105,OpenPlay,2020,RightFoot,14504,Wolverhampton Wanderers,Crystal Palace,2,0,2020-10-30 20:00:00,Rúben Neves,TakeOn
388393,52,MissedShots,0.9009999847412109,0.5579999923706055,0.06356880068778992,Raúl Jiménez,h,4105,OpenPlay,2020,Head,14524,Wolverhampton Wanderers,Southampton,1,1,2020-11-23 20:00:00,Rayan Ait Nouri,Cross
388396,66,SavedShot,0.86,0.3,0.038888100534677505,Raúl Jiménez,h,4105,OpenPlay,2020,RightFoot,14524,Wolverhampton Wanderers,Southampton,1,1,2020-11-23 20:00:00,Rúben Neves,Chipped
388398,72,BlockedShot,0.895,0.35900001525878905,0.07642360031604767,Raúl Jiménez,h,4105,OpenPlay,2020,RightFoot,14524,Wolverhampton Wanderers,Southampton,1,1,2020-11-23 20:00:00,Adama Traoré,Pass
388400,74,ShotOnPost,0.84,0.3770000076293945,0.055253900587558746,Raúl Jiménez,h,4105,OpenPlay,2020,RightFoot,14524,Wolverhampton Wanderers,Southampton,1,1,2020-11-23 20:00:00,João Moutinho,Pass
425873,52,MissedShots,0.875999984741211,0.49900001525878906,0.022892899811267853,Raúl Jiménez,a,4105,OpenPlay,2021,Head,16381,Leicester,Wolverhampton Wanderers,1,0,2021-08-14 14:00:00,Fernando Marçal,Aerial
425876,64,MissedShots,0.9180000305175782,0.555,0.08631429821252823,Raúl Jiménez,a,4105,OpenPlay,2021,Head,16381,Leicester,Wolverhampton Wanderers,1,0,2021-08-14 14:00:00,Ki-Jana Hoever,Cross
425884,88,MissedShots,0.874000015258789,0.3609999847412109,0.048960600048303604,Raúl Jiménez,a,4105,FromCorner,2021,RightFoot,16381,Leicester,Wolverhampton Wanderers,1,0,2021-08-14 14:00:00,,None
427543,26,MissedShots,0.8419999694824218,0.61,0.04611609876155853,Raúl Jiménez,h,4105,OpenPlay,2021,RightFoot,16393,Wolverhampton Wanderers,Tottenham,0,1,2021-08-22 13:00:00,João Moutinho,Pass
427544,30,BlockedShot,0.8640000152587891,0.39799999237060546,0.055830299854278564,Raúl Jiménez,h,4105,FromCorner,2021,RightFoot,16393,Wolverhampton Wanderers,Tottenham,0,1,2021-08-22 13:00:00,Romain Saiss,None
427552,61,BlockedShot,0.8680000305175781,0.345,0.05810270085930824,Raúl Jiménez,h,4105,OpenPlay,2021,RightFoot,16393,Wolverhampton Wanderers,Tottenham,0,1,2021-08-22 13:00:00,Trincão,Pass
427554,61,BlockedShot,0.924000015258789,0.43400001525878906,0.12709400057792664,Raúl Jiménez,h,4105,OpenPlay,2021,RightFoot,16393,Wolverhampton Wanderers,Tottenham,0,1,2021-08-22 13:00:00,Nélson Semedo,Pass
427568,87,BlockedShot,0.865,0.5729999923706055,0.06445969641208649,Raúl Jiménez,h,4105,OpenPlay,2021,RightFoot,16393,Wolverhampton Wanderers,Tottenham,0,1,2021-08-22 13:00:00,Adama Traoré,Cross
429305,2,SavedShot,0.885,0.29100000381469726,0.06860099732875824,Raúl Jiménez,h,4105,OpenPlay,2021,RightFoot,16405,Wolverhampton Wanderers,Manchester United,0,1,2021-08-29 15:30:00,Adama Traoré,Pass
429312,11,BlockedShot,0.8730000305175781,0.6270000076293946,0.08237720280885696,Raúl Jiménez,h,4105,OpenPlay,2021,RightFoot,16405,Wolverhampton Wanderers,Manchester United,0,1,2021-08-29 15:30:00,Adama Traoré,Pass
429315,38,BlockedShot,0.7780000305175782,0.44799999237060545,0.03009689971804619,Raúl Jiménez,h,4105,OpenPlay,2021,RightFoot,16405,Wolverhampton Wanderers,Manchester United,0,1,2021-08-29 15:30:00,,None
429320,60,MissedShots,0.945,0.5629999923706055,0.08053690195083618,Raúl Jiménez,h,4105,OpenPlay,2021,OtherBodyPart,16405,Wolverhampton Wanderers,Manchester United,0,1,2021-08-29 15:30:00,Adama Traoré,Aerial
429857,68,MissedShots,0.9219999694824219,0.44,0.24862299859523773,Raúl Jiménez,a,4105,SetPiece,2021,Head,16412,Watford,Wolverhampton Wanderers,0,2,2021-09-11 14:00:00,João Moutinho,Cross
431122,86,MissedShots,0.9,0.5209999847412109,0.05526269972324371,Raúl Jiménez,h,4105,OpenPlay,2021,Head,16417,Wolverhampton Wanderers,Brentford,0,2,2021-09-18 11:30:00,Adama Traoré,Aerial
434098,60,Goal,0.904000015258789,0.5059999847412109,0.332845002412796,Raúl Jiménez,a,4105,OpenPlay,2021,RightFoot,16433,Southampton,Wolverhampton Wanderers,0,1,2021-09-26 13:00:00,José Sá,TakeOn
434105,94,SavedShot,0.9619999694824218,0.6020000076293945,0.3858189880847931,Raúl Jiménez,a,4105,OpenPlay,2021,RightFoot,16433,Southampton,Wolverhampton Wanderers,0,1,2021-09-26 13:00:00,,None
434940,86,MissedShots,0.7669999694824219,0.580999984741211,0.0446120984852314,Raúl Jiménez,h,4105,OpenPlay,2021,RightFoot,16445,Wolverhampton Wanderers,Newcastle United,2,1,2021-10-02 14:00:00,Leander Dendoncker,HeadPass
437808,9,BlockedShot,0.8690000152587891,0.4490000152587891,0.1017569974064827,Raúl Jiménez,a,4105,OpenPlay,2021,LeftFoot,16462,Leeds,Wolverhampton Wanderers,1,1,2021-10-23 14:00:00,Nélson Semedo,Pass
437820,54,SavedShot,0.8180000305175781,0.7240000152587891,0.023869400843977928,Raúl Jiménez,a,4105,OpenPlay,2021,RightFoot,16462,Leeds,Wolverhampton Wanderers,1,1,2021-10-23 14:00:00,,TakeOn
440651,26,BlockedShot,0.9119999694824219,0.6769999694824219,0.046561699360609055,Raúl Jiménez,h,4105,OpenPlay,2021,LeftFoot,16475,Wolverhampton Wanderers,Everton,2,1,2021-11-01 20:00:00,Trincão,HeadPass
440653,31,Goal,0.8630000305175781,0.44099998474121094,0.37892699241638184,Raúl Jiménez,h,4105,OpenPlay,2021,RightFoot,16475,Wolverhampton Wanderers,Everton,2,1,2021-11-01 20:00:00,,BallRecovery
440660,59,ShotOnPost,0.8980000305175782,0.4640000152587891,0.349698007106781,Raúl Jiménez,h,4105,OpenPlay,2021,Head,16475,Wolverhampton Wanderers,Everton,2,1,2021-11-01 20:00:00,Nélson Semedo,Chipped
441112,38,SavedShot,0.9169999694824219,0.47900001525878905,0.08264700323343277,Raúl Jiménez,a,4105,SetPiece,2021,Head,16480,Crystal Palace,Wolverhampton Wanderers,2,0,2021-11-06 15:00:00,João Moutinho,Chipped
442621,32,MissedShots,0.9019999694824219,0.40700000762939453,0.32146701216697693,Raúl Jiménez,h,4105,OpenPlay,2021,RightFoot,16495,Wolverhampton Wanderers,West Ham,1,0,2021-11-20 15:00:00,Rúben Neves,Throughball
442631,57,Goal,0.8169999694824219,0.4929999923706055,0.061167798936367035,Raúl Jiménez,h,4105,OpenPlay,2021,RightFoot,16495,Wolverhampton Wanderers,West Ham,1,0,2021-11-20 15:00:00,Daniel Podence,Pass
444076,9,MissedShots,0.9080000305175782,0.5659999847412109,0.10019099712371826,Raúl Jiménez,a,4105,OpenPlay,2021,LeftFoot,16505,Norwich,Wolverhampton Wanderers,0,0,2021-11-27 15:00:00,Rayan Ait Nouri,Cross
444090,85,MissedShots,0.870999984741211,0.5329999923706055,0.08134649693965912,Raúl Jiménez,a,4105,OpenPlay,2021,RightFoot,16505,Norwich,Wolverhampton Wanderers,0,0,2021-11-27 15:00:00,João Moutinho,None
445383,15,MissedShots,0.705,0.6359999847412109,0.015162499621510506,Raúl Jiménez,h,4105,OpenPlay,2021,RightFoot,16511,Wolverhampton Wanderers,Burnley,0,0,2021-12-01 19:30:00,Hee-Chan Hwang,Pass
445393,66,BlockedShot,0.7669999694824219,0.4809999847412109,0.028735699132084846,Raúl Jiménez,h,4105,OpenPlay,2021,RightFoot,16511,Wolverhampton Wanderers,Burnley,0,0,2021-12-01 19:30:00,João Moutinho,Pass
445395,68,MissedShots,0.9009999847412109,0.5670000076293945,0.04368419945240021,Raúl Jiménez,h,4105,OpenPlay,2021,Head,16511,Wolverhampton Wanderers,Burnley,0,0,2021-12-01 19:30:00,,Aerial
447435,23,MissedShots,0.8619999694824219,0.5320000076293945,0.010703899897634983,Raúl Jiménez,a,4105,SetPiece,2021,Head,16534,Manchester City,Wolverhampton Wanderers,1,0,2021-12-11 12:30:00,Rayan Ait Nouri,Aerial
451336,26,MissedShots,0.775,0.4909999847412109,0.0330565981566906,Raúl Jiménez,a,4105,OpenPlay,2021,LeftFoot,16583,Manchester United,Wolverhampton Wanderers,0,1,2022-01-03 17:30:00,Nélson Semedo,BallRecovery
451339,40,BlockedShot,0.9730000305175781,0.649000015258789,0.0841962993144989,Raúl Jiménez,a,4105,OpenPlay,2021,LeftFoot,16583,Manchester United,Wolverhampton Wanderers,0,1,2022-01-03 17:30:00,Daniel Podence,Pass
453274,32,BlockedShot,0.8859999847412109,0.48,0.12465599924325943,Raúl Jiménez,h,4105,OpenPlay,2021,LeftFoot,16595,Wolverhampton Wanderers,Southampton,3,1,2022-01-15 15:00:00,Daniel Podence,Pass
453275,36,Goal,0.885,0.5,0.7611690163612366,Raúl Jiménez,h,4105,Penalty,2021,RightFoot,16595,Wolverhampton Wanderers,Southampton,3,1,2022-01-15 15:00:00,,Standard
456691,21,SavedShot,0.5559999847412109,0.9,0.01792920008301735,Raúl Jiménez,h,4105,DirectFreekick,2021,RightFoot,16611,Wolverhampton Wanderers,Arsenal,0,1,2022-02-10 19:45:00,,Standard
456694,36,SavedShot,0.9019999694824219,0.4779999923706055,0.03852260112762451,Raúl Jiménez,h,4105,OpenPlay,2021,Head,16611,Wolverhampton Wanderers,Arsenal,0,1,2022-02-10 19:45:00,Nélson Semedo,Aerial
456713,92,MissedShots,0.870999984741211,0.56,0.06968700140714645,Raúl Jiménez,h,4105,OpenPlay,2021,RightFoot,16611,Wolverhampton Wanderers,Arsenal,0,1,2022-02-10 19:45:00,Chiquinho,Cross
457508,5,Goal,0.874000015258789,0.5459999847412109,0.08988229930400848,Raúl Jiménez,a,4105,SetPiece,2021,RightFoot,16624,Tottenham,Wolverhampton Wanderers,0,2,2022-02-13 14:00:00,,Rebound
457513,21,SavedShot,0.8130000305175781,0.4929999923706055,0.03750859946012497,Raúl Jiménez,a,4105,FromCorner,2021,RightFoot,16624,Tottenham,Wolverhampton Wanderers,0,2,2022-02-13 14:00:00,,None
457522,52,SavedShot,0.965,0.41200000762939454,0.47805100679397583,Raúl Jiménez,a,4105,OpenPlay,2021,RightFoot,16624,Tottenham,Wolverhampton Wanderers,0,2,2022-02-13 14:00:00,Luke Cundle,Pass
458856,36,MissedShots,0.8830000305175781,0.41,0.05846619978547096,Raúl Jiménez,h,4105,FromCorner,2021,LeftFoot,16635,Wolverhampton Wanderers,Leicester,2,1,2022-02-20 16:30:00,Romain Saiss,BallTouch
459238,12,MissedShots,0.8390000152587891,0.4540000152587891,0.2981800138950348,Raúl Jiménez,a,4105,OpenPlay,2021,RightFoot,16566,Arsenal,Wolverhampton Wanderers,2,1,2022-02-24 19:45:00,Daniel Podence,Pass
459248,45,MissedShots,0.8959999847412109,0.47299999237060547,0.09253200143575668,Raúl Jiménez,a,4105,OpenPlay,2021,Head,16566,Arsenal,Wolverhampton Wanderers,2,1,2022-02-24 19:45:00,Daniel Podence,Cross
460247,84,BlockedShot,0.740999984741211,0.605,0.018666399642825127,Raúl Jiménez,a,4105,OpenPlay,2021,RightFoot,16645,West Ham,Wolverhampton Wanderers,1,0,2022-02-27 14:00:00,Pedro Neto,Pass
462140,12,Goal,0.9309999847412109,0.585,0.4380910098552704,Raúl Jiménez,h,4105,OpenPlay,2021,LeftFoot,16565,Wolverhampton Wanderers,Watford,4,0,2022-03-10 19:30:00,Hee-Chan Hwang,Pass
462978,40,MissedShots,0.894000015258789,0.539000015258789,0.1032089963555336,Raúl Jiménez,a,4105,OpenPlay,2021,RightFoot,16661,Everton,Wolverhampton Wanderers,0,1,2022-03-13 14:00:00,Daniel Podence,Chipped
462980,52,MissedShots,0.8980000305175782,0.47099998474121096,0.07812940329313278,Raúl Jiménez,a,4105,SetPiece,2021,RightFoot,16661,Everton,Wolverhampton Wanderers,0,1,2022-03-13 14:00:00,João Moutinho,Cross
462983,60,BlockedShot,0.8480000305175781,0.285,0.044787198305130005,Raúl Jiménez,a,4105,OpenPlay,2021,RightFoot,16661,Everton,Wolverhampton Wanderers,0,1,2022-03-13 14:00:00,Jonny,Pass
462984,62,BlockedShot,0.7280000305175781,0.5170000076293946,0.02352689951658249,Raúl Jiménez,a,4105,OpenPlay,2021,RightFoot,16661,Everton,Wolverhampton Wanderers,0,1,2022-03-13 14:00:00,Fernando Marçal,Pass
463733,13,MissedShots,0.89,0.5659999847412109,0.07608699798583984,Raúl Jiménez,h,4105,OpenPlay,2021,RightFoot,16675,Wolverhampton Wanderers,Leeds,2,3,2022-03-18 20:00:00,Jonny,Cross
463738,47,MissedShots,0.86,0.6359999847412109,0.3369530141353607,Raúl Jiménez,h,4105,OpenPlay,2021,RightFoot,16675,Wolverhampton Wanderers,Leeds,2,3,2022-03-18 20:00:00,Daniel Podence,None
470491,7,SavedShot,0.879000015258789,0.5120000076293946,0.09996859729290009,Raúl Jiménez,a,4105,OpenPlay,2021,LeftFoot,16712,Burnley,Wolverhampton Wanderers,1,0,2022-04-24 13:00:00,Jonny,BallRecovery
474773,28,MissedShots,0.89,0.5270000076293946,0.1108430027961731,Raúl Jiménez,a,4105,SetPiece,2021,LeftFoot,16731,Chelsea,Wolverhampton Wanderers,2,2,2022-05-07 14:00:00,Rúben Neves,Rebound
474796,85,MissedShots,0.8119999694824219,0.49599998474121093,0.04550059884786606,Raúl Jiménez,a,4105,OpenPlay,2021,RightFoot,16731,Chelsea,Wolverhampton Wanderers,2,2,2022-05-07 14:00:00,,None
475288,68,SavedShot,0.7040000152587891,0.5840000152587891,0.010907799936830997,Raúl Jiménez,h,4105,OpenPlay,2021,RightFoot,16696,Wolverhampton Wanderers,Manchester City,1,5,2022-05-11 19:15:00,,TakeOn
476285,35,MissedShots,0.7280000305175781,0.53,0.01641250029206276,Raúl Jiménez,h,4105,OpenPlay,2021,RightFoot,16736,Wolverhampton Wanderers,Norwich,1,1,2022-05-15 13:00:00,Conor Coady,BallRecovery
484216,31,SavedShot,0.8519999694824218,0.41900001525878905,0.04161309823393822,Raúl Jiménez,h,4105,OpenPlay,2022,LeftFoot,18240,Wolverhampton Wanderers,Newcastle United,1,1,2022-08-28 13:00:00,Nélson Semedo,Cross
484217,32,BlockedShot,0.905,0.5729999923706055,0.1277499943971634,Raúl Jiménez,h,4105,OpenPlay,2022,RightFoot,18240,Wolverhampton Wanderers,Newcastle United,1,1,2022-08-28 13:00:00,Pedro Neto,Pass
485173,17,SavedShot,0.8780000305175781,0.590999984741211,0.018528899177908897,Raúl Jiménez,a,4105,OpenPlay,2022,Head,18248,Bournemouth,Wolverhampton Wanderers,0,0,2022-08-31 18:30:00,Nélson Semedo,Cross
485175,34,MissedShots,0.9519999694824218,0.4540000152587891,0.07193169742822647,Raúl Jiménez,a,4105,FromCorner,2022,Head,18248,Bournemouth,Wolverhampton Wanderers,0,0,2022-08-31 18:30:00,Pedro Neto,Aerial
485186,77,MissedShots,0.8669999694824219,0.495,0.43391600251197815,Raúl Jiménez,a,4105,OpenPlay,2022,RightFoot,18248,Bournemouth,Wolverhampton Wanderers,0,0,2022-08-31 18:30:00,Daniel Podence,Pass
485189,86,MissedShots,0.9319999694824219,0.5479999923706055,0.0661574974656105,Raúl Jiménez,a,4105,OpenPlay,2022,Head,18248,Bournemouth,Wolverhampton Wanderers,0,0,2022-08-31 18:30:00,Daniel Podence,Aerial
485192,94,SavedShot,0.8619999694824219,0.33799999237060546,0.06148749962449074,Raúl Jiménez,a,4105,OpenPlay,2022,LeftFoot,18248,Bournemouth,Wolverhampton Wanderers,0,0,2022-08-31 18:30:00,João Moutinho,Pass
501653,91,BlockedShot,0.9069999694824219,0.514000015258789,0.03884259983897209,Raúl Jiménez,h,4105,OpenPlay,2022,Head,18381,Wolverhampton Wanderers,Manchester United,0,1,2022-12-31 12:30:00,Jonny,Aerial
501654,93,SavedShot,0.9390000152587891,0.54,0.12102799862623215,Raúl Jiménez,h,4105,FromCorner,2022,Head,18381,Wolverhampton Wanderers,Manchester United,0,1,2022-12-31 12:30:00,Rayan Ait Nouri,Cross
507116,62,MissedShots,0.74,0.2510000038146973,0.01964299939572811,Raúl Jiménez,h,4105,OpenPlay,2022,RightFoot,18421,Wolverhampton Wanderers,Liverpool,3,0,2023-02-04 15:00:00,Matheus Nunes,Pass
507122,77,MissedShots,0.695,0.46299999237060546,0.022356700152158737,Raúl Jiménez,h,4105,OpenPlay,2022,RightFoot,18421,Wolverhampton Wanderers,Liverpool,3,0,2023-02-04 15:00:00,Max Kilman,Pass
507124,87,SavedShot,0.875999984741211,0.6229999923706054,0.5262140035629272,Raúl Jiménez,h,4105,OpenPlay,2022,RightFoot,18421,Wolverhampton Wanderers,Liverpool,3,0,2023-02-04 15:00:00,Adama Traoré,Throughball
510648,51,MissedShots,0.9030000305175782,0.5420000076293945,0.23621399700641632,Raúl Jiménez,a,4105,OpenPlay,2022,Head,18445,Fulham,Wolverhampton Wanderers,1,1,2023-02-24 20:00:00,Pablo Sarabia,Cross
511726,3,MissedShots,0.9180000305175782,0.5840000152587891,0.07885140180587769,Raúl Jiménez,a,4105,FromCorner,2022,RightFoot,18264,Liverpool,Wolverhampton Wanderers,2,0,2023-03-01 20:00:00,Matheus Nunes,BallTouch
511729,12,BlockedShot,0.855999984741211,0.6580000305175782,0.0522645004093647,Raúl Jiménez,a,4105,OpenPlay,2022,LeftFoot,18264,Liverpool,Wolverhampton Wanderers,2,0,2023-03-01 20:00:00,Rúben Neves,Pass
512137,54,SavedShot,0.919000015258789,0.485,0.12441399693489075,Raúl Jiménez,h,4105,OpenPlay,2022,Head,18461,Wolverhampton Wanderers,Tottenham,1,0,2023-03-04 15:00:00,Adama Traoré,Cross
512148,81,SavedShot,0.805,0.35400001525878905,0.029713500291109085,Raúl Jiménez,h,4105,OpenPlay,2022,RightFoot,18461,Wolverhampton Wanderers,Tottenham,1,0,2023-03-04 15:00:00,João Moutinho,TakeOn
514218,29,SavedShot,0.7519999694824219,0.5129999923706055,0.02033269964158535,Raúl Jiménez,a,4105,OpenPlay,2022,RightFoot,18469,Newcastle United,Wolverhampton Wanderers,2,1,2023-03-12 16:30:00,Daniel Podence,Pass
515054,69,SavedShot,0.95,0.46700000762939453,0.6098160147666931,Raúl Jiménez,h,4105,OpenPlay,2022,RightFoot,18481,Wolverhampton Wanderers,Leeds,2,4,2023-03-18 15:00:00,Adama Traoré,Pass
515060,93,SavedShot,0.9569999694824218,0.674000015258789,0.010261200368404388,Raúl Jiménez,h,4105,OpenPlay,2022,Head,18481,Wolverhampton Wanderers,Leeds,2,4,2023-03-18 15:00:00,Adama Traoré,Aerial
532092,56,ShotOnPost,0.8880000305175781,0.4540000152587891,0.08995097130537033,Raúl Jiménez,a,4105,OpenPlay,2023,RightFoot,22279,Everton,Fulham,0,1,2023-08-12 14:00:00,Harry Wilson,Cross
533183,49,BlockedShot,0.789000015258789,0.5609999847412109,0.03205651044845581,Raúl Jiménez,h,4105,OpenPlay,2023,RightFoot,22287,Fulham,Brentford,0,3,2023-08-19 14:00:00,Harrison Reed,BallTouch
533189,68,BlockedShot,0.8569999694824219,0.6480000305175782,0.04780588299036026,Raúl Jiménez,h,4105,FromCorner,2023,RightFoot,22287,Fulham,Brentford,0,3,2023-08-19 14:00:00,Harry Wilson,Pass
534704,21,MissedShots,0.8690000152587891,0.5529999923706055,0.09922729432582855,Raúl Jiménez,a,4105,OpenPlay,2023,RightFoot,22297,Arsenal,Fulham,2,2,2023-08-26 14:00:00,,None
534705,22,BlockedShot,0.9019999694824219,0.6419999694824219,0.12214888632297516,Raúl Jiménez,a,4105,OpenPlay,2023,LeftFoot,22297,Arsenal,Fulham,2,2,2023-08-26 14:00:00,Bobby Reid,Pass
536290,31,BlockedShot,0.9069999694824219,0.3920000076293945,0.0485595241189003,Raúl Jiménez,a,4105,FromCorner,2023,RightFoot,21927,Manchester City,Fulham,5,1,2023-09-02 14:00:00,Andreas Pereira,Cross
536299,73,SavedShot,0.924000015258789,0.3970000076293945,0.08566980808973312,Raúl Jiménez,a,4105,OpenPlay,2023,RightFoot,21927,Manchester City,Fulham,5,1,2023-09-02 14:00:00,,BallTouch
537667,17,MissedShots,0.8490000152587891,0.505,0.09279400110244751,Raúl Jiménez,h,4105,OpenPlay,2023,RightFoot,21939,Fulham,Luton,1,0,2023-09-16 14:00:00,Willian,Pass
539080,34,SavedShot,0.8930000305175781,0.35700000762939454,0.06892883777618408,Raúl Jiménez,a,4105,OpenPlay,2023,RightFoot,21948,Crystal Palace,Fulham,0,0,2023-09-23 14:00:00,Andreas Pereira,Chipped
539084,58,MissedShots,0.8959999847412109,0.47,0.042600713670253754,Raúl Jiménez,a,4105,OpenPlay,2023,Head,21948,Crystal Palace,Fulham,0,0,2023-09-23 14:00:00,Antonee Robinson,Aerial
542137,40,MissedShots,0.9019999694824219,0.455,0.019255857914686203,Raúl Jiménez,h,4105,FromCorner,2023,Head,21964,Fulham,Chelsea,0,2,2023-10-02 19:00:00,Andreas Pereira,Aerial
545051,83,SavedShot,0.895,0.41400001525878904,0.31251615285873413,Raúl Jiménez,a,4105,OpenPlay,2023,RightFoot,21984,Tottenham,Fulham,2,0,2023-10-23 19:00:00,Harry Wilson,Throughball
548884,45,SavedShot,0.7909999847412109,0.665,0.02641521394252777,Raúl Jiménez,a,4105,OpenPlay,2023,RightFoot,22007,Aston Villa,Fulham,3,1,2023-11-12 14:00:00,Andreas Pereira,Pass
548888,47,SavedShot,0.8419999694824218,0.35900001525878905,0.04539386183023453,Raúl Jiménez,a,4105,OpenPlay,2023,RightFoot,22007,Aston Villa,Fulham,3,1,2023-11-12 14:00:00,,BallTouch
548895,69,Goal,0.92,0.46900001525878904,0.42698991298675537,Raúl Jiménez,a,4105,OpenPlay,2023,RightFoot,22007,Aston Villa,Fulham,3,1,2023-11-12 14:00:00,Antonee Robinson,Pass
550734,0,MissedShots,0.9259999847412109,0.45,0.11342499405145645,Raúl Jiménez,h,4105,OpenPlay,2023,RightFoot,22018,Fulham,Wolverhampton Wanderers,3,2,2023-11-27 20:00:00,Andreas Pereira,Cross
551732,47,BlockedShot,0.92,0.5940000152587891,0.04238411784172058,Raúl Jiménez,a,4105,FromCorner,2023,Head,22030,Liverpool,Fulham,4,3,2023-12-03 14:00:00,Andreas Pereira,Cross
552216,8,BlockedShot,0.889000015258789,0.3129999923706055,0.06330019980669022,Raúl Jiménez,h,4105,OpenPlay,2023,RightFoot,22038,Fulham,Nottingham Forest,5,0,2023-12-06 19:30:00,Andreas Pereira,Pass
552219,20,SavedShot,0.9269999694824219,0.7090000152587891,0.05504200980067253,Raúl Jiménez,h,4105,OpenPlay,2023,RightFoot,22038,Fulham,Nottingham Forest,5,0,2023-12-06 19:30:00,Tom Cairney,Pass
552223,33,Goal,0.9069999694824219,0.44099998474121094,0.4515107274055481,Raúl Jiménez,h,4105,OpenPlay,2023,RightFoot,22038,Fulham,Nottingham Forest,5,0,2023-12-06 19:30:00,Andreas Pereira,Throughball
552224,39,BlockedShot,0.9230000305175782,0.4420000076293945,0.08597944676876068,Raúl Jiménez,h,4105,FromCorner,2023,LeftFoot,22038,Fulham,Nottingham Forest,5,0,2023-12-06 19:30:00,Andreas Pereira,Cross
552227,53,Goal,0.93,0.46599998474121096,0.9161244034767151,Raúl Jiménez,h,4105,OpenPlay,2023,RightFoot,22038,Fulham,Nottingham Forest,5,0,2023-12-06 19:30:00,,TakeOn
552226,53,MissedShots,0.8690000152587891,0.69,0.06680530309677124,Raúl Jiménez,h,4105,OpenPlay,2023,RightFoot,22038,Fulham,Nottingham Forest,5,0,2023-12-06 19:30:00,Willian,Pass
553421,21,Goal,0.9319999694824219,0.44299999237060544,0.1268635392189026,Raúl Jiménez,h,4105,OpenPlay,2023,Head,22049,Fulham,West Ham,5,0,2023-12-10 14:00:00,João Palhinha,Cross
554303,5,SavedShot,0.79,0.39,0.036673884838819504,Raúl Jiménez,a,4105,OpenPlay,2023,RightFoot,22062,Newcastle United,Fulham,3,0,2023-12-16 15:00:00,Timothy Castagne,HeadPass
557150,13,SavedShot,0.8369999694824218,0.5179999923706055,0.07289072871208191,Raúl Jiménez,h,4105,OpenPlay,2023,RightFoot,22087,Fulham,Arsenal,2,1,2023-12-31 14:00:00,Antonee Robinson,Pass
557154,21,MissedShots,0.9019999694824219,0.4129999923706055,0.05379589647054672,Raúl Jiménez,h,4105,FromCorner,2023,RightFoot,22087,Fulham,Arsenal,2,1,2023-12-31 14:00:00,Willian,Cross
557155,28,Goal,0.9330000305175781,0.42700000762939455,0.3578510284423828,Raúl Jiménez,h,4105,OpenPlay,2023,RightFoot,22087,Fulham,Arsenal,2,1,2023-12-31 14:00:00,Tom Cairney,Cross
557168,70,BlockedShot,0.7880000305175782,0.5509999847412109,0.06350866705179214,Raúl Jiménez,h,4105,OpenPlay,2023,RightFoot,22087,Fulham,Arsenal,2,1,2023-12-31 14:00:00,Alex Iwobi,TakeOn
557171,83,BlockedShot,0.950999984741211,0.6809999847412109,0.07106159627437592,Raúl Jiménez,h,4105,OpenPlay,2023,RightFoot,22087,Fulham,Arsenal,2,1,2023-12-31 14:00:00,Antonee Robinson,BallRecovery
557904,54,MissedShots,0.899000015258789,0.4909999847412109,0.07010222971439362,Raúl Jiménez,a,4105,OpenPlay,2023,Head,22097,Chelsea,Fulham,1,0,2024-01-13 12:30:00,Antonee Robinson,Cross
557907,72,SavedShot,0.8680000305175781,0.435,0.08803412318229675,Raúl Jiménez,a,4105,OpenPlay,2023,LeftFoot,22097,Chelsea,Fulham,1,0,2024-01-13 12:30:00,Andreas Pereira,Pass
557908,73,SavedShot,0.905,0.720999984741211,0.03310919925570488,Raúl Jiménez,a,4105,OpenPlay,2023,RightFoot,22097,Chelsea,Fulham,1,0,2024-01-13 12:30:00,Willian,Chipped
557911,81,MissedShots,0.465,0.5579999923706055,0.00956763606518507,Raúl Jiménez,a,4105,OpenPlay,2023,RightFoot,22097,Chelsea,Fulham,1,0,2024-01-13 12:30:00,João Palhinha,BallRecovery
560542,0,MissedShots,0.7930000305175782,0.3970000076293945,0.03604741394519806,Raúl Jiménez,h,4105,OpenPlay,2023,RightFoot,22106,Fulham,Everton,0,0,2024-01-30 19:45:00,Willian,BallTouch
560561,40,MissedShots,0.960999984741211,0.5540000152587891,0.6087160110473633,Raúl Jiménez,h,4105,OpenPlay,2023,RightFoot,22106,Fulham,Everton,0,0,2024-01-30 19:45:00,,Rebound
572434,95,BlockedShot,0.9130000305175782,0.6519999694824219,0.02518690936267376,Raúl Jiménez,h,4105,FromCorner,2023,RightFoot,22209,Fulham,Newcastle United,0,1,2024-04-06 14:00:00,,Aerial
578417,72,MissedShots,0.8969999694824219,0.5840000152587891,0.5409829616546631,Raúl Jiménez,a,4105,OpenPlay,2023,LeftFoot,22246,Brentford,Fulham,0,0,2024-05-04 14:00:00,,None
581986,32,MissedShots,0.9690000152587891,0.40400001525878904,0.2526808977127075,Raúl Jiménez,a,4105,OpenPlay,2023,Head,22272,Luton,Fulham,2,4,2024-05-19 15:00:00,Adama Traoré,Cross
581993,47,Goal,0.8530000305175781,0.40099998474121096,0.0760214701294899,Raúl Jiménez,a,4105,OpenPlay,2023,RightFoot,22272,Luton,Fulham,2,4,2024-05-19 15:00:00,Harry Wilson,Pass
581994,48,Goal,0.8819999694824219,0.4129999923706055,0.1120944693684578,Raúl Jiménez,a,4105,SetPiece,2023,Head,22272,Luton,Fulham,2,4,2024-05-19 15:00:00,Harrison Reed,Cross
589230,85,SavedShot,0.909000015258789,0.7130000305175781,0.062255099415779114,Raúl Jiménez,a,4105,OpenPlay,2024,LeftFoot,26625,Ipswich,Fulham,1,1,2024-08-31 14:00:00,Sander Berge,Pass
590824,6,SavedShot,0.970999984741211,0.6509999847412109,0.08158840239048004,Raúl Jiménez,h,4105,OpenPlay,2024,RightFoot,26634,Fulham,West Ham,1,1,2024-09-14 14:00:00,Antonee Robinson,Pass
590832,23,Goal,0.9540000152587891,0.5540000152587891,0.5958940982818604,Raúl Jiménez,h,4105,OpenPlay,2024,LeftFoot,26634,Fulham,West Ham,1,1,2024-09-14 14:00:00,Emile Smith-Rowe,Pass
592434,4,Goal,0.8780000305175781,0.5,0.07961276173591614,Raúl Jiménez,h,4105,OpenPlay,2024,RightFoot,26646,Fulham,Newcastle United,3,1,2024-09-21 14:00:00,Adama Traoré,Cross
592436,13,SavedShot,0.9109999847412109,0.35,0.2890464961528778,Raúl Jiménez,h,4105,OpenPlay,2024,RightFoot,26646,Fulham,Newcastle United,3,1,2024-09-21 14:00:00,Alex Iwobi,Throughball
592442,27,MissedShots,0.9030000305175782,0.5279999923706055,0.4102216958999634,Raúl Jiménez,h,4105,OpenPlay,2024,RightFoot,26646,Fulham,Newcastle United,3,1,2024-09-21 14:00:00,Sasa Lukic,Cross
592454,52,SavedShot,0.855,0.555,0.04230372980237007,Raúl Jiménez,h,4105,FromCorner,2024,RightFoot,26646,Fulham,Newcastle United,3,1,2024-09-21 14:00:00,Andreas Pereira,Cross
594054,26,SavedShot,0.9109999847412109,0.685,0.1156199723482132,Raúl Jiménez,a,4105,OpenPlay,2024,LeftFoot,26653,Nottingham Forest,Fulham,0,1,2024-09-28 14:00:00,Alex Iwobi,Throughball
594061,50,Goal,0.885,0.5,0.7611688375473022,Raúl Jiménez,a,4105,Penalty,2024,RightFoot,26653,Nottingham Forest,Fulham,0,1,2024-09-28 14:00:00,,Standard
594069,72,MissedShots,0.8869999694824219,0.34599998474121096,0.08993783593177795,Raúl Jiménez,a,4105,OpenPlay,2024,RightFoot,26653,Nottingham Forest,Fulham,0,1,2024-09-28 14:00:00,Alex Iwobi,Pass
595458,12,MissedShots,0.8980000305175782,0.49700000762939456,0.02047610655426979,Raúl Jiménez,a,4105,FromCorner,2024,Head,26664,Manchester City,Fulham,3,2,2024-10-05 14:00:00,Andreas Pereira,Aerial
595472,36,MissedShots,0.8380000305175781,0.44,0.07389960438013077,Raúl Jiménez,a,4105,OpenPlay,2024,RightFoot,26664,Manchester City,Fulham,3,2,2024-10-05 14:00:00,Alex Iwobi,Pass
595473,36,BlockedShot,0.879000015258789,0.4909999847412109,0.11126439273357391,Raúl Jiménez,a,4105,OpenPlay,2024,RightFoot,26664,Manchester City,Fulham,3,2,2024-10-05 14:00:00,Andreas Pereira,Pass
595476,53,BlockedShot,0.8230000305175781,0.49400001525878906,0.0981578528881073,Raúl Jiménez,a,4105,OpenPlay,2024,RightFoot,26664,Manchester City,Fulham,3,2,2024-10-05 14:00:00,Adama Traoré,Pass
595480,75,BlockedShot,0.8980000305175782,0.4929999923706055,0.11363224685192108,Raúl Jiménez,a,4105,OpenPlay,2024,RightFoot,26664,Manchester City,Fulham,3,2,2024-10-05 14:00:00,Antonee Robinson,Pass
597046,4,Goal,0.8419999694824218,0.44299999237060544,0.04459531605243683,Raúl Jiménez,h,4105,OpenPlay,2024,LeftFoot,26673,Fulham,Aston Villa,1,3,2024-10-19 14:00:00,Bernd Leno,Pass
597048,10,MissedShots,0.965,0.5120000076293946,0.532126784324646,Raúl Jiménez,h,4105,FromCorner,2024,Head,26673,Fulham,Aston Villa,1,3,2024-10-19 14:00:00,Andreas Pereira,Cross
597054,48,MissedShots,0.9630000305175781,0.549000015258789,0.5176738500595093,Raúl Jiménez,h,4105,OpenPlay,2024,Head,26673,Fulham,Aston Villa,1,3,2024-10-19 14:00:00,Adama Traoré,HeadPass
597068,98,SavedShot,0.9540000152587891,0.4520000076293945,0.5963118076324463,Raúl Jiménez,h,4105,OpenPlay,2024,Head,26673,Fulham,Aston Villa,1,3,2024-10-19 14:00:00,Tom Cairney,Aerial
598605,6,BlockedShot,0.7340000152587891,0.5659999847412109,0.017027821391820908,Raúl Jiménez,a,4105,OpenPlay,2024,RightFoot,26687,Everton,Fulham,1,1,2024-10-26 16:30:00,Andreas Pereira,BallTouch
598606,6,SavedShot,0.8819999694824219,0.5209999847412109,0.09161393344402313,Raúl Jiménez,a,4105,OpenPlay,2024,RightFoot,26687,Everton,Fulham,1,1,2024-10-26 16:30:00,Kenny Tete,Cross
598613,36,BlockedShot,0.9230000305175782,0.34099998474121096,0.10835476964712143,Raúl Jiménez,a,4105,OpenPlay,2024,RightFoot,26687,Everton,Fulham,1,1,2024-10-26 16:30:00,Adama Traoré,Pass
598622,77,MissedShots,0.805,0.4829999923706055,0.04790228605270386,Raúl Jiménez,a,4105,OpenPlay,2024,RightFoot,26687,Everton,Fulham,1,1,2024-10-26 16:30:00,,Rebound
601006,1,SavedShot,0.8080000305175781,0.48900001525878906,0.0548623725771904,Raúl Jiménez,h,4105,OpenPlay,2024,RightFoot,26693,Fulham,Brentford,2,1,2024-11-04 20:00:00,Emile Smith-Rowe,Pass
601013,27,BlockedShot,0.9080000305175782,0.37,0.04453927278518677,Raúl Jiménez,h,4105,FromCorner,2024,RightFoot,26693,Fulham,Brentford,2,1,2024-11-04 20:00:00,Andreas Pereira,Cross
601431,5,MissedShots,0.8290000152587891,0.37599998474121094,0.08183978497982025,Raúl Jiménez,a,4105,OpenPlay,2024,RightFoot,26706,Crystal Palace,Fulham,0,2,2024-11-09 15:00:00,Alex Iwobi,Pass
601451,58,MissedShots,0.9230000305175782,0.415,0.24932339787483215,Raúl Jiménez,a,4105,FromCorner,2024,RightFoot,26706,Crystal Palace,Fulham,0,2,2024-11-09 15:00:00,Andreas Pereira,Cross
602864,3,MissedShots,0.9269999694824219,0.4929999923706055,0.05561168119311333,Raúl Jiménez,h,4105,FromCorner,2024,Head,26717,Fulham,Wolverhampton Wanderers,1,4,2024-11-23 15:00:00,Andreas Pereira,Aerial
602867,16,ShotOnPost,0.9490000152587891,0.43099998474121093,0.39185410737991333,Raúl Jiménez,h,4105,OpenPlay,2024,RightFoot,26717,Fulham,Wolverhampton Wanderers,1,4,2024-11-23 15:00:00,Antonee Robinson,Cross
604627,11,MissedShots,0.905,0.42400001525878905,0.016070706769824028,Raúl Jiménez,a,4105,FromCorner,2024,Head,26729,Tottenham,Fulham,1,1,2024-12-01 13:30:00,Sasa Lukic,Aerial
604632,35,SavedShot,0.9009999847412109,0.519000015258789,0.32512158155441284,Raúl Jiménez,a,4105,OpenPlay,2024,RightFoot,26729,Tottenham,Fulham,1,1,2024-12-01 13:30:00,Kenny Tete,Cross
604637,43,BlockedShot,0.8569999694824219,0.45099998474121095,0.06986229866743088,Raúl Jiménez,a,4105,OpenPlay,2024,RightFoot,26729,Tottenham,Fulham,1,1,2024-12-01 13:30:00,,Rebound
604642,52,SavedShot,0.9069999694824219,0.5,0.09461554139852524,Raúl Jiménez,a,4105,OpenPlay,2024,Head,26729,Tottenham,Fulham,1,1,2024-12-01 13:30:00,Emile Smith-Rowe,Cross
606253,10,Goal,0.8590000152587891,0.33799999237060546,0.0449378602206707,Raúl Jiménez,h,4105,OpenPlay,2024,RightFoot,26749,Fulham,Arsenal,1,1,2024-12-08 14:00:00,Kenny Tete,Pass
608644,72,BlockedShot,0.8869999694824219,0.385,0.06525883823633194,Raúl Jiménez,h,4105,OpenPlay,2024,RightFoot,26763,Fulham,Southampton,0,0,2024-12-22 14:00:00,Antonee Robinson,Cross
609084,14,SavedShot,0.8469999694824218,0.6819999694824219,0.06215991452336311,Raúl Jiménez,a,4105,OpenPlay,2024,RightFoot,26775,Chelsea,Fulham,1,2,2024-12-26 15:00:00,,TakeOn
609087,19,MissedShots,0.9119999694824219,0.27899999618530275,0.04749548062682152,Raúl Jiménez,a,4105,OpenPlay,2024,RightFoot,26775,Chelsea,Fulham,1,2,2024-12-26 15:00:00,Alex Iwobi,Pass
609093,39,MissedShots,0.889000015258789,0.37799999237060544,0.013849749229848385,Raúl Jiménez,a,4105,FromCorner,2024,Head,26775,Chelsea,Fulham,1,2,2024-12-26 15:00:00,Andreas Pereira,Cross
609099,67,MissedShots,0.855999984741211,0.500999984741211,0.06368964165449142,Raúl Jiménez,a,4105,OpenPlay,2024,RightFoot,26775,Chelsea,Fulham,1,2,2024-12-26 15:00:00,Harry Wilson,BallTouch
609514,39,Goal,0.9059999847412109,0.4229999923706055,0.23345795273780823,Raúl Jiménez,h,4105,FromCorner,2024,Head,26786,Fulham,Bournemouth,2,2,2024-12-29 15:00:00,Andreas Pereira,Cross
609523,66,SavedShot,0.9359999847412109,0.4640000152587891,0.08259797096252441,Raúl Jiménez,h,4105,OpenPlay,2024,Head,26786,Fulham,Bournemouth,2,2,2024-12-29 15:00:00,Alex Iwobi,Aerial
609524,66,BlockedShot,0.9540000152587891,0.43,0.060683876276016235,Raúl Jiménez,h,4105,OpenPlay,2024,Head,26786,Fulham,Bournemouth,2,2,2024-12-29 15:00:00,,Rebound
610193,19,SavedShot,0.9159999847412109,0.46599998474121096,0.3555952310562134,Raúl Jiménez,h,4105,SetPiece,2024,Head,26796,Fulham,Ipswich,2,2,2025-01-05 14:00:00,Tom Cairney,Aerial
610194,20,BlockedShot,0.845,0.4470000076293945,0.08939436078071594,Raúl Jiménez,h,4105,OpenPlay,2024,RightFoot,26796,Fulham,Ipswich,2,2,2025-01-05 14:00:00,Harry Wilson,Pass
610199,41,BlockedShot,0.779000015258789,0.5270000076293946,0.031801287084817886,Raúl Jiménez,h,4105,OpenPlay,2024,RightFoot,26796,Fulham,Ipswich,2,2,2025-01-05 14:00:00,,None
610206,68,Goal,0.885,0.5,0.7611688375473022,Raúl Jiménez,h,4105,Penalty,2024,RightFoot,26796,Fulham,Ipswich,2,2,2025-01-05 14:00:00,,Standard
610208,78,MissedShots,0.8980000305175782,0.5359999847412109,0.08265586942434311,Raúl Jiménez,h,4105,SetPiece,2024,Head,26796,Fulham,Ipswich,2,2,2025-01-05 14:00:00,Harry Wilson,Cross
610212,90,Goal,0.885,0.5,0.7611688375473022,Raúl Jiménez,h,4105,Penalty,2024,RightFoot,26796,Fulham,Ipswich,2,2,2025-01-05 14:00:00,,Standard
611518,18,MissedShots,0.74,0.6780000305175782,0.019078057259321213,Raúl Jiménez,a,4105,OpenPlay,2024,RightFoot,26808,West Ham,Fulham,3,2,2025-01-14 19:30:00,Antonee Robinson,Pass
611522,35,ShotOnPost,0.9580000305175781,0.45799999237060546,0.6331969499588013,Raúl Jiménez,a,4105,OpenPlay,2024,Head,26808,West Ham,Fulham,3,2,2025-01-14 19:30:00,Alex Iwobi,Aerial
611532,79,SavedShot,0.895,0.6559999847412109,0.10812555253505707,Raúl Jiménez,a,4105,OpenPlay,2024,RightFoot,26808,West Ham,Fulham,3,2,2025-01-14 19:30:00,Alex Iwobi,Pass
611534,90,MissedShots,0.91,0.46900001525878904,0.08117152750492096,Raúl Jiménez,a,4105,OpenPlay,2024,Head,26808,West Ham,Fulham,3,2,2025-01-14 19:30:00,Adama Traoré,Cross
612292,52,BlockedShot,0.8640000152587891,0.54,0.017733437940478325,Raúl Jiménez,a,4105,FromCorner,2024,Head,26817,Leicester,Fulham,0,2,2025-01-18 15:00:00,Harry Wilson,Cross
612297,69,MissedShots,0.8859999847412109,0.3129999923706055,0.06581419706344604,Raúl Jiménez,a,4105,OpenPlay,2024,RightFoot,26817,Leicester,Fulham,0,2,2025-01-18 15:00:00,Adama Traoré,Pass
614101,36,MissedShots,0.7909999847412109,0.7190000152587891,0.04203840345144272,Raúl Jiménez,h,4105,OpenPlay,2024,RightFoot,26826,Fulham,Manchester United,0,1,2025-01-26 19:00:00,Alex Iwobi,Pass
614102,37,MissedShots,0.960999984741211,0.6769999694824219,0.031030459329485893,Raúl Jiménez,h,4105,OpenPlay,2024,LeftFoot,26826,Fulham,Manchester United,0,1,2025-01-26 19:00:00,Antonee Robinson,Cross
614945,29,MissedShots,0.9019999694824219,0.735999984741211,0.2743481993675232,Raúl Jiménez,a,4105,OpenPlay,2024,RightFoot,26839,Newcastle United,Fulham,1,2,2025-02-01 15:00:00,Bernd Leno,Chipped
614951,39,BlockedShot,0.860999984741211,0.6769999694824219,0.035658545792102814,Raúl Jiménez,a,4105,OpenPlay,2024,RightFoot,26839,Newcastle United,Fulham,1,2,2025-02-01 15:00:00,Sasa Lukic,Chipped
614956,55,BlockedShot,0.85,0.49900001525878906,0.09529943764209747,Raúl Jiménez,a,4105,OpenPlay,2024,RightFoot,26839,Newcastle United,Fulham,1,2,2025-02-01 15:00:00,Joachim Andersen,TakeOn
614957,58,BlockedShot,0.885,0.34700000762939454,0.01088586077094078,Raúl Jiménez,a,4105,FromCorner,2024,Head,26839,Newcastle United,Fulham,1,2,2025-02-01 15:00:00,Sasa Lukic,Cross
614958,59,MissedShots,0.8919999694824219,0.4209999847412109,0.036413755267858505,Raúl Jiménez,a,4105,FromCorner,2024,Head,26839,Newcastle United,Fulham,1,2,2025-02-01 15:00:00,,None
614959,60,Goal,0.8980000305175782,0.544000015258789,0.1311805546283722,Raúl Jiménez,a,4105,OpenPlay,2024,RightFoot,26839,Newcastle United,Fulham,1,2,2025-02-01 15:00:00,Antonee Robinson,Chipped
617166,11,MissedShots,0.9059999847412109,0.529000015258789,0.0876195877790451,Raúl Jiménez,h,4105,OpenPlay,2024,Head,26845,Fulham,Nottingham Forest,2,1,2025-02-15 15:00:00,Adama Traoré,Cross
617168,24,SavedShot,0.9490000152587891,0.55,0.10397446900606155,Raúl Jiménez,h,4105,OpenPlay,2024,Head,26845,Fulham,Nottingham Forest,2,1,2025-02-15 15:00:00,Adama Traoré,Aerial
617169,29,SavedShot,0.8130000305175781,0.5309999847412109,0.06834059953689575,Raúl Jiménez,h,4105,OpenPlay,2024,RightFoot,26845,Fulham,Nottingham Forest,2,1,2025-02-15 15:00:00,Sasa Lukic,BallTouch
617173,34,BlockedShot,0.8519999694824218,0.48700000762939455,0.08536507934331894,Raúl Jiménez,h,4105,OpenPlay,2024,RightFoot,26845,Fulham,Nottingham Forest,2,1,2025-02-15 15:00:00,,Rebound
617177,44,SavedShot,0.735999984741211,0.6840000152587891,0.013593952171504498,Raúl Jiménez,h,4105,OpenPlay,2024,RightFoot,26845,Fulham,Nottingham Forest,2,1,2025-02-15 15:00:00,Sander Berge,Pass
617181,55,MissedShots,0.875,0.37099998474121093,0.04383818432688713,Raúl Jiménez,h,4105,OpenPlay,2024,RightFoot,26845,Fulham,Nottingham Forest,2,1,2025-02-15 15:00:00,Sasa Lukic,Cross
617186,61,MissedShots,0.9069999694824219,0.3609999847412109,0.01375541277229786,Raúl Jiménez,h,4105,FromCorner,2024,Head,26845,Fulham,Nottingham Forest,2,1,2025-02-15 15:00:00,Sasa Lukic,Aerial
618460,48,BlockedShot,0.895,0.37200000762939456,0.013719535432755947,Raúl Jiménez,h,4105,FromCorner,2024,Head,26856,Fulham,Crystal Palace,0,2,2025-02-22 15:00:00,Sasa Lukic,Cross
618467,73,MissedShots,0.7759999847412109,0.549000015258789,0.011981953866779804,Raúl Jiménez,h,4105,OpenPlay,2024,RightFoot,26856,Fulham,Crystal Palace,0,2,2025-02-22 15:00:00,Alex Iwobi,Chipped
619461,82,SavedShot,0.9169999694824219,0.6619999694824219,0.25030577182769775,Raúl Jiménez,a,4105,OpenPlay,2024,RightFoot,26867,Wolverhampton Wanderers,Fulham,1,2,2025-02-25 19:30:00,Antonee Robinson,Pass
619463,87,MissedShots,0.9119999694824219,0.4490000152587891,0.024271173402667046,Raúl Jiménez,a,4105,FromCorner,2024,Head,26867,Wolverhampton Wanderers,Fulham,1,2,2025-02-25 19:30:00,Andreas Pereira,Aerial
619464,91,MissedShots,0.8919999694824219,0.5479999923706055,0.11486755311489105,Raúl Jiménez,a,4105,OpenPlay,2024,LeftFoot,26867,Wolverhampton Wanderers,Fulham,1,2,2025-02-25 19:30:00,,None
621274,34,Goal,0.945,0.580999984741211,0.4806064963340759,Raúl Jiménez,a,4105,OpenPlay,2024,LeftFoot,26873,Brighton,Fulham,2,1,2025-03-08 15:00:00,Alex Iwobi,Cross
621277,52,MissedShots,0.8930000305175781,0.27399999618530274,0.02734760008752346,Raúl Jiménez,a,4105,OpenPlay,2024,RightFoot,26873,Brighton,Fulham,2,1,2025-03-08 15:00:00,Issa Diop,Pass
623235,43,BlockedShot,0.8209999847412109,0.43599998474121093,0.04182836785912514,Raúl Jiménez,h,4105,OpenPlay,2024,RightFoot,26886,Fulham,Tottenham,2,0,2025-03-16 13:30:00,Timothy Castagne,HeadPass
625033,27,BlockedShot,0.8530000305175781,0.7,0.03790416941046715,Raúl Jiménez,a,4105,OpenPlay,2024,RightFoot,26892,Arsenal,Fulham,2,1,2025-04-01 19:45:00,Antonee Robinson,Pass
625038,51,SavedShot,0.9059999847412109,0.6959999847412109,0.04443593695759773,Raúl Jiménez,a,4105,OpenPlay,2024,LeftFoot,26892,Arsenal,Fulham,2,1,2025-04-01 19:45:00,,None
630298,17,BlockedShot,0.8809999847412109,0.5209999847412109,0.023621857166290283,Raúl Jiménez,a,4105,OpenPlay,2024,Head,26940,Southampton,Fulham,1,2,2025-04-26 14:00:00,Willian,Aerial
630300,20,MissedShots,0.93,0.42400001525878905,0.025618666782975197,Raúl Jiménez,a,4105,FromCorner,2024,Head,26940,Southampton,Fulham,1,2,2025-04-26 14:00:00,Andreas Pereira,Aerial
630306,42,MissedShots,0.894000015258789,0.600999984741211,0.07247097790241241,Raúl Jiménez,a,4105,FromCorner,2024,RightFoot,26940,Southampton,Fulham,1,2,2025-04-26 14:00:00,,None
630307,44,MissedShots,0.89,0.5479999923706055,0.07946692407131195,Raúl Jiménez,a,4105,OpenPlay,2024,RightFoot,26940,Southampton,Fulham,1,2,2025-04-26 14:00:00,Kenny Tete,Cross
630311,53,MissedShots,0.9269999694824219,0.4279999923706055,0.07113789021968842,Raúl Jiménez,a,4105,FromCorner,2024,Head,26940,Southampton,Fulham,1,2,2025-04-26 14:00:00,Willian,Cross
630315,55,MissedShots,0.9480000305175781,0.4640000152587891,0.08415049314498901,Raúl Jiménez,a,4105,FromCorner,2024,Head,26940,Southampton,Fulham,1,2,2025-04-26 14:00:00,,Aerial
630326,87,SavedShot,0.9319999694824219,0.5220000076293946,0.4212254583835602,Raúl Jiménez,a,4105,OpenPlay,2024,Head,26940,Southampton,Fulham,1,2,2025-04-26 14:00:00,Adama Traoré,Cross
631202,43,MissedShots,0.7240000152587891,0.745999984741211,0.012511405162513256,Raúl Jiménez,a,4105,OpenPlay,2024,RightFoot,26946,Aston Villa,Fulham,1,0,2025-05-03 11:30:00,Alex Iwobi,Pass
632734,16,Goal,0.9519999694824218,0.505,0.568388044834137,Raúl Jiménez,h,4105,OpenPlay,2024,Head,26953,Fulham,Everton,1,3,2025-05-10 14:00:00,Emile Smith-Rowe,Aerial
632753,76,MissedShots,0.895,0.6179999923706054,0.0291998703032732,Raúl Jiménez,h,4105,OpenPlay,2024,Head,26953,Fulham,Everton,1,3,2025-05-10 14:00:00,Adama Traoré,Aerial
635040,6,BlockedShot,0.875999984741211,0.5720000076293945,0.07462374120950699,Raúl Jiménez,a,4105,OpenPlay,2024,RightFoot,26964,Brentford,Fulham,2,3,2025-05-18 14:00:00,Adama Traoré,Cross
635042,7,BlockedShot,0.92,0.4590000152587891,0.13120517134666443,Raúl Jiménez,a,4105,FromCorner,2024,RightFoot,26964,Brentford,Fulham,2,3,2025-05-18 14:00:00,,Rebound
635046,15,Goal,0.9119999694824219,0.545,0.5150745511054993,Raúl Jiménez,a,4105,OpenPlay,2024,Head,26964,Brentford,Fulham,2,3,2025-05-18 14:00:00,,Aerial
635051,39,SavedShot,0.8859999847412109,0.5479999923706055,0.03578967973589897,Raúl Jiménez,a,4105,OpenPlay,2024,Head,26964,Brentford,Fulham,2,3,2025-05-18 14:00:00,Adama Traoré,Aerial
635055,47,BlockedShot,0.7569999694824219,0.4640000152587891,0.06963634490966797,Raúl Jiménez,a,4105,DirectFreekick,2024,RightFoot,26964,Brentford,Fulham,2,3,2025-05-18 14:00:00,,Standard
636434,65,MissedShots,0.7319999694824219,0.754000015258789,0.026114987209439278,Raúl Jiménez,h,4105,OpenPlay,2024,LeftFoot,26981,Fulham,Manchester City,0,2,2025-05-25 15:00:00,Joachim Andersen,Pass
636441,95,MissedShots,0.9059999847412109,0.5409999847412109,0.07908918708562851,Raúl Jiménez,h,4105,OpenPlay,2024,RightFoot,26981,Fulham,Manchester City,0,2,2025-05-25 15:00:00,Ryan Sessegnon,Cross
638423,1,MissedShots,0.93,0.644000015258789,0.09471102803945541,Raúl Jiménez,a,4105,OpenPlay,2025,LeftFoot,28780,Brighton,Fulham,1,1,2025-08-16 14:00:00,Alex Iwobi,Pass
638431,47,MissedShots,0.975999984741211,0.575,0.15028366446495056,Raúl Jiménez,a,4105,OpenPlay,2025,RightFoot,28780,Brighton,Fulham,1,1,2025-08-16 14:00:00,,Rebound
640094,86,MissedShots,0.884000015258789,0.5109999847412109,0.054294388741254807,Raúl Jiménez,a,4105,OpenPlay,2025,Head,28798,Chelsea,Fulham,2,0,2025-08-30 11:30:00,Adama Traoré,Cross
640098,94,MissedShots,0.73,0.43900001525878907,0.04984423890709877,Raúl Jiménez,a,4105,DirectFreekick,2025,RightFoot,28798,Chelsea,Fulham,2,0,2025-08-30 11:30:00,,Standard
645282,2,Goal,0.9480000305175781,0.5829999923706055,0.0814206451177597,Raúl Jiménez,a,4105,FromCorner,2025,Head,28831,Aston Villa,Fulham,3,1,2025-09-28 13:00:00,Sasa Lukic,Cross
647845,10,BlockedShot,0.89,0.34,0.09752590954303741,Raúl Jiménez,h,4105,OpenPlay,2025,RightFoot,28851,Fulham,Arsenal,0,1,2025-10-18 16:30:00,Harry Wilson,Pass
648951,1,BlockedShot,0.7519999694824219,0.700999984741211,0.0145478006452322,Raúl Jiménez,a,4105,OpenPlay,2025,LeftFoot,28866,Newcastle United,Fulham,2,1,2025-10-25 14:00:00,,BallTouch
648955,12,BlockedShot,0.8809999847412109,0.5590000152587891,0.19742150604724884,Raúl Jiménez,a,4105,OpenPlay,2025,LeftFoot,28866,Newcastle United,Fulham,2,1,2025-10-25 14:00:00,Ryan Sessegnon,TakeOn
648961,32,MissedShots,0.894000015258789,0.4379999923706055,0.036745112389326096,Raúl Jiménez,a,4105,FromCorner,2025,Head,28866,Newcastle United,Fulham,2,1,2025-10-25 14:00:00,Sasa Lukic,Cross
648962,32,BlockedShot,0.899000015258789,0.3559999847412109,0.06927651911973953,Raúl Jiménez,a,4105,OpenPlay,2025,RightFoot,28866,Newcastle United,Fulham,2,1,2025-10-25 14:00:00,Sasa Lukic,Pass
648967,55,SavedShot,0.95,0.435,0.5307072997093201,Raúl Jiménez,a,4105,OpenPlay,2025,RightFoot,28866,Newcastle United,Fulham,2,1,2025-10-25 14:00:00,,None
648970,64,SavedShot,0.89,0.5179999923706055,0.12977324426174164,Raúl Jiménez,a,4105,OpenPlay,2025,RightFoot,28866,Newcastle United,Fulham,2,1,2025-10-25 14:00:00,Kevin,Pass
652263,33,SavedShot,0.8530000305175781,0.46099998474121096,0.0975036770105362,Raúl Jiménez,a,4105,OpenPlay,2025,RightFoot,28882,Everton,Fulham,2,0,2025-11-08 15:00:00,Alex Iwobi,Pass
652264,38,BlockedShot,0.8159999847412109,0.4640000152587891,0.16098062694072723,Raúl Jiménez,a,4105,DirectFreekick,2025,RightFoot,28882,Everton,Fulham,2,0,2025-11-08 15:00:00,,Standard
653656,16,BlockedShot,0.8880000305175781,0.5409999847412109,0.08821122348308563,Raúl Jiménez,h,4105,FromCorner,2025,RightFoot,28892,Fulham,Sunderland,1,0,2025-11-22 15:00:00,,None
653665,39,MissedShots,0.87,0.534000015258789,0.030924687162041664,Raúl Jiménez,h,4105,OpenPlay,2025,Head,28892,Fulham,Sunderland,1,0,2025-11-22 15:00:00,Kevin,Cross
653673,71,BlockedShot,0.785,0.6,0.08935922384262085,Raúl Jiménez,h,4105,OpenPlay,2025,RightFoot,28892,Fulham,Sunderland,1,0,2025-11-22 15:00:00,,TakeOn
653675,77,MissedShots,0.9769999694824218,0.4179999923706055,0.46820393204689026,Raúl Jiménez,h,4105,OpenPlay,2025,Head,28892,Fulham,Sunderland,1,0,2025-11-22 15:00:00,,Aerial
653680,83,Goal,0.9530000305175781,0.505,0.5963034629821777,Raúl Jiménez,h,4105,OpenPlay,2025,RightFoot,28892,Fulham,Sunderland,1,0,2025-11-22 15:00:00,Samuel Chukwueze,Cross
653681,85,BlockedShot,0.8580000305175781,0.535,0.09813860803842545,Raúl Jiménez,h,4105,OpenPlay,2025,RightFoot,28892,Fulham,Sunderland,1,0,2025-11-22 15:00:00,Samuel Chukwueze,Pass
656104,51,BlockedShot,0.86,0.4759999847412109,0.0954035148024559,Raúl Jiménez,h,4105,OpenPlay,2025,RightFoot,28912,Fulham,Manchester City,4,5,2025-12-02 19:30:00,Harry Wilson,Pass
657578,21,MissedShots,0.8219999694824218,0.7080000305175781,0.026031270623207092,Raúl Jiménez,h,4105,OpenPlay,2025,LeftFoot,28922,Fulham,Crystal Palace,1,2,2025-12-07 16:30:00,,None
657596,93,MissedShots,0.9669999694824218,0.41200000762939454,0.0856577679514885,Raúl Jiménez,h,4105,SetPiece,2025,RightFoot,28922,Fulham,Crystal Palace,1,2,2025-12-07 16:30:00,,None
659945,22,BlockedShot,0.7519999694824219,0.46599998474121096,0.025291429832577705,Raúl Jiménez,h,4105,OpenPlay,2025,RightFoot,28942,Fulham,Nottingham Forest,1,0,2025-12-22 20:00:00,Sasa Lukic,Pass
659949,37,BlockedShot,0.8530000305175781,0.5279999923706055,0.06726016849279404,Raúl Jiménez,h,4105,FromCorner,2025,RightFoot,28942,Fulham,Nottingham Forest,1,0,2025-12-22 20:00:00,Kevin,HeadPass
659952,41,MissedShots,0.9419999694824219,0.5870000076293945,0.0929754450917244,Raúl Jiménez,h,4105,OpenPlay,2025,Head,28942,Fulham,Nottingham Forest,1,0,2025-12-22 20:00:00,Antonee Robinson,Cross
659953,49,Goal,0.885,0.5,0.7611688375473022,Raúl Jiménez,h,4105,Penalty,2025,RightFoot,28942,Fulham,Nottingham Forest,1,0,2025-12-22 20:00:00,,Standard
659961,83,MissedShots,0.9419999694824219,0.4640000152587891,0.492117315530777,Raúl Jiménez,h,4105,OpenPlay,2025,Head,28942,Fulham,Nottingham Forest,1,0,2025-12-22 20:00:00,Kenny Tete,Cross
660247,5,MissedShots,0.8419999694824218,0.620999984741211,0.06440689414739609,Raúl Jiménez,a,4105,OpenPlay,2025,RightFoot,28957,West Ham,Fulham,0,1,2025-12-27 15:00:00,Antonee Robinson,Pass
660250,16,MissedShots,0.9280000305175782,0.5620000076293945,0.05250522866845131,Raúl Jiménez,a,4105,SetPiece,2025,Head,28957,West Ham,Fulham,0,1,2025-12-27 15:00:00,Harry Wilson,Aerial
660257,46,MissedShots,0.7019999694824218,0.6220000076293946,0.011475712060928345,Raúl Jiménez,a,4105,OpenPlay,2025,RightFoot,28957,West Ham,Fulham,0,1,2025-12-27 15:00:00,Emile Smith-Rowe,Pass
660272,84,Goal,0.9459999847412109,0.524000015258789,0.48932161927223206,Raúl Jiménez,a,4105,OpenPlay,2025,Head,28957,West Ham,Fulham,0,1,2025-12-27 15:00:00,Harry Wilson,Chipped
660706,23,MissedShots,0.8669999694824219,0.4570000076293945,0.07994222640991211,Raúl Jiménez,a,4105,OpenPlay,2025,LeftFoot,28962,Crystal Palace,Fulham,1,1,2026-01-01 17:30:00,,Rebound
660721,57,MissedShots,0.970999984741211,0.41400001525878904,0.09136245399713516,Raúl Jiménez,a,4105,OpenPlay,2025,Head,28962,Crystal Palace,Fulham,1,1,2026-01-01 17:30:00,Emile Smith-Rowe,Cross
660720,57,ShotOnPost,0.9,0.5020000076293946,0.08053244650363922,Raúl Jiménez,a,4105,OpenPlay,2025,Head,28962,Crystal Palace,Fulham,1,1,2026-01-01 17:30:00,Antonee Robinson,Cross
660726,79,BlockedShot,0.8180000305175781,0.6129999923706054,0.033968884497880936,Raúl Jiménez,a,4105,OpenPlay,2025,RightFoot,28962,Crystal Palace,Fulham,1,1,2026-01-01 17:30:00,Antonee Robinson,Cross
661449,45,MissedShots,0.899000015258789,0.615,0.0841255709528923,Raúl Jiménez,h,4105,OpenPlay,2025,RightFoot,28975,Fulham,Liverpool,2,2,2026-01-04 15:00:00,Timothy Castagne,Chipped
661455,69,BlockedShot,0.9119999694824219,0.4829999923706055,0.05615496262907982,Raúl Jiménez,h,4105,OpenPlay,2025,Head,28975,Fulham,Liverpool,2,2,2026-01-04 15:00:00,Timothy Castagne,Aerial
661457,72,MissedShots,0.88,0.720999984741211,0.026250848546624184,Raúl Jiménez,h,4105,FromCorner,2025,RightFoot,28975,Fulham,Liverpool,2,2,2026-01-04 15:00:00,,None
662074,26,BlockedShot,0.8909999847412109,0.36400001525878906,0.06308004260063171,Raúl Jiménez,h,4105,SetPiece,2025,RightFoot,28984,Fulham,Chelsea,2,1,2026-01-07 19:30:00,,Rebound
662083,54,Goal,0.8730000305175781,0.4879999923706055,0.045064691454172134,Raúl Jiménez,h,4105,OpenPlay,2025,Head,28984,Fulham,Chelsea,2,1,2026-01-07 19:30:00,Sander Berge,Cross
662093,78,BlockedShot,0.9519999694824218,0.47400001525878904,0.12083312124013901,Raúl Jiménez,h,4105,OpenPlay,2025,Head,28984,Fulham,Chelsea,2,1,2026-01-07 19:30:00,Ryan Sessegnon,Aerial
663607,7,MissedShots,0.9440000152587891,0.585999984741211,0.02689516544342041,Raúl Jiménez,a,4105,FromCorner,2025,Head,28991,Leeds,Fulham,1,0,2026-01-17 15:00:00,Harry Wilson,Aerial
663620,68,MissedShots,0.9580000305175781,0.32,0.05353418365120888,Raúl Jiménez,a,4105,OpenPlay,2025,RightFoot,28991,Leeds,Fulham,1,0,2026-01-17 15:00:00,Harry Wilson,Chipped
664820,23,SavedShot,0.955999984741211,0.40400001525878904,0.44931116700172424,Raúl Jiménez,h,4105,OpenPlay,2025,RightFoot,29004,Fulham,Brighton,2,1,2026-01-24 15:00:00,Harry Wilson,TakeOn
664821,25,BlockedShot,0.9180000305175782,0.5209999847412109,0.11579343676567078,Raúl Jiménez,h,4105,OpenPlay,2025,RightFoot,29004,Fulham,Brighton,2,1,2026-01-24 15:00:00,Kevin,HeadPass
664837,75,MissedShots,0.8180000305175781,0.535,0.06375604122877121,Raúl Jiménez,h,4105,OpenPlay,2025,RightFoot,29004,Fulham,Brighton,2,1,2026-01-24 15:00:00,Samuel Chukwueze,Pass
666434,40,MissedShots,0.9359999847412109,0.3970000076293945,0.05713795870542526,Raúl Jiménez,a,4105,FromCorner,2025,RightFoot,29012,Manchester United,Fulham,3,2,2026-02-01 14:00:00,Alex Iwobi,Cross
666443,64,BlockedShot,0.7759999847412109,0.62,0.0732179656624794,Raúl Jiménez,a,4105,DirectFreekick,2025,RightFoot,29012,Manchester United,Fulham,3,2,2026-02-01 14:00:00,,Standard
666448,80,SavedShot,0.9330000305175781,0.524000015258789,0.1022876650094986,Raúl Jiménez,a,4105,OpenPlay,2025,RightFoot,29012,Manchester United,Fulham,3,2,2026-02-01 14:00:00,,BallTouch
666450,84,Goal,0.885,0.5,0.7611688375473022,Raúl Jiménez,a,4105,Penalty,2025,RightFoot,29012,Manchester United,Fulham,3,2,2026-02-01 14:00:00,,Standard
667301,17,SavedShot,0.92,0.45599998474121095,0.49387139081954956,Raúl Jiménez,h,4105,OpenPlay,2025,RightFoot,29022,Fulham,Everton,1,2,2026-02-07 15:00:00,Ryan Sessegnon,Pass
667309,30,MissedShots,0.9009999847412109,0.495,0.4377719461917877,Raúl Jiménez,h,4105,OpenPlay,2025,RightFoot,29022,Fulham,Everton,1,2,2026-02-07 15:00:00,Emile Smith-Rowe,Pass
668298,41,MissedShots,0.9169999694824219,0.3870000076293945,0.3126857578754425,Raúl Jiménez,a,4105,OpenPlay,2025,RightFoot,29033,Manchester City,Fulham,3,0,2026-02-11 19:30:00,Harry Wilson,Throughball
668300,44,SavedShot,0.909000015258789,0.580999984741211,0.057854413986206055,Raúl Jiménez,a,4105,OpenPlay,2025,Head,29033,Manchester City,Fulham,3,0,2026-02-11 19:30:00,Kenny Tete,Cross
668304,52,MissedShots,0.9180000305175782,0.43599998474121093,0.056498900055885315,Raúl Jiménez,a,4105,OpenPlay,2025,Head,29033,Manchester City,Fulham,3,0,2026-02-11 19:30:00,Samuel Chukwueze,Aerial
670176,53,Goal,0.9459999847412109,0.49900001525878906,0.45790934562683105,Raúl Jiménez,a,4105,FromCorner,2025,Head,29045,Sunderland,Fulham,1,3,2026-02-22 14:00:00,Alex Iwobi,Cross
670177,60,Goal,0.885,0.5,0.7611688375473022,Raúl Jiménez,a,4105,Penalty,2025,RightFoot,29045,Sunderland,Fulham,1,3,2026-02-22 14:00:00,,Standard
671527,6,MissedShots,0.9269999694824219,0.5379999923706055,0.09147199243307114,Raúl Jiménez,h,4105,OpenPlay,2025,Head,29052,Fulham,Tottenham,2,1,2026-03-01 14:00:00,Kenny Tete,Chipped
671545,54,BlockedShot,0.9080000305175782,0.5720000076293945,0.14064611494541168,Raúl Jiménez,h,4105,OpenPlay,2025,LeftFoot,29052,Fulham,Tottenham,2,1,2026-03-01 14:00:00,Oscar Bobb,Pass
672235,46,BlockedShot,0.8119999694824219,0.5029999923706054,0.1561717689037323,Raúl Jiménez,h,4105,DirectFreekick,2025,RightFoot,29062,Fulham,West Ham,0,1,2026-03-04 19:30:00,,Standard
675311,90,MissedShots,0.94,0.395,0.038333628326654434,Raúl Jiménez,h,4105,OpenPlay,2025,Head,29082,Fulham,Burnley,3,1,2026-03-21 15:00:00,Harrison Reed,Chipped
675313,94,Goal,0.885,0.5,0.7611688375473022,Raúl Jiménez,h,4105,Penalty,2025,RightFoot,29082,Fulham,Burnley,3,1,2026-03-21 15:00:00,,Standard
677985,83,MissedShots,0.8830000305175781,0.3990000152587891,0.04495994746685028,Raúl Jiménez,a,4105,OpenPlay,2025,RightFoot,29097,Liverpool,Fulham,2,0,2026-04-11 16:30:00,Timothy Castagne,Cross
677986,85,BlockedShot,0.815,0.3189999961853027,0.014694093726575375,Raúl Jiménez,a,4105,OpenPlay,2025,LeftFoot,29097,Liverpool,Fulham,2,0,2026-04-11 16:30:00,Samuel Chukwueze,HeadPass
677988,85,MissedShots,0.845999984741211,0.34,0.043565280735492706,Raúl Jiménez,a,4105,OpenPlay,2025,LeftFoot,29097,Liverpool,Fulham,2,0,2026-04-11 16:30:00,Samuel Chukwueze,BallTouch
680735,6,SavedShot,0.9030000305175782,0.5359999847412109,0.10404784977436066,Raúl Jiménez,h,4105,OpenPlay,2025,Head,29112,Fulham,Aston Villa,1,0,2026-04-25 11:30:00,Samuel Chukwueze,Cross
682462,46,MissedShots,0.6819999694824219,0.33299999237060546,0.009797995910048485,Raúl Jiménez,a,4105,OpenPlay,2025,RightFoot,29119,Arsenal,Fulham,3,0,2026-05-02 16:30:00,Harrison Reed,Pass
682464,49,MissedShots,0.9340000152587891,0.5679999923706055,0.047421056777238846,Raúl Jiménez,a,4105,FromCorner,2025,Head,29119,Arsenal,Fulham,3,0,2026-05-02 16:30:00,,None
682468,70,BlockedShot,0.775,0.634000015258789,0.0691276490688324,Raúl Jiménez,a,4105,DirectFreekick,2025,RightFoot,29119,Arsenal,Fulham,3,0,2026-05-02 16:30:00,,Standard
